timestamp,temperature,rainfall,humidity,wind_direction,wind_speed
2024-01-01 00:00:00,25.6,0.0,91.3,344.0,2.8
2024-01-01 01:00:00,25.9,0.0,91.0,34.0,2.7
2024-01-01 02:00:00,25.7,0.0,92.6,3.0,2.8
2024-01-01 03:00:00,25.6,0.0,93.3,13.0,1.9
2024-01-01 04:00:00,25.5,0.0,94.4,354.0,2.6
2024-01-01 05:00:00,25.5,0.0,94.5,354.0,2.3
2024-01-01 06:00:00,25.4,0.0,94.8,356.0,3.2
2024-01-01 07:00:00,25.5,0.0,92.3,6.0,1.8
2024-01-01 08:00:00,25.6,0.0,88.7,341.0,2.9
2024-01-01 09:00:00,26.4,0.0,86.8,353.0,3.5
2024-01-01 10:00:00,26.7,0.0,86.5,26.0,3.1
2024-01-01 11:00:00,26.5,0.0,88.2,7.0,3.4
2024-01-01 12:00:00,27.1,0.0,85.3,358.0,3.9
2024-01-01 13:00:00,27.8,0.0,79.8,19.0,3.0
2024-01-01 14:00:00,26.0,0.0,89.1,97.0,5.1
2024-01-01 15:00:00,24.5,0.6,94.6,70.0,3.2
2024-01-01 16:00:00,25.0,0.0,93.8,81.0,2.2
2024-01-01 17:00:00,24.8,0.2,93.6,72.0,4.4
2024-01-01 18:00:00,24.8,0.2,94.0,352.0,1.8
2024-01-01 19:00:00,24.9,0.2,93.6,63.0,3.0
2024-01-01 20:00:00,24.9,0.0,93.9,351.0,3.5
2024-01-01 21:00:00,24.9,0.0,94.2,11.0,4.2
2024-01-01 22:00:00,24.9,0.0,95.3,359.0,2.3
2024-01-01 23:00:00,25.1,0.0,94.3,52.0,2.0
2024-01-02 00:00:00,24.9,0.0,94.8,70.0,2.0
2024-01-02 01:00:00,24.7,0.0,93.1,350.0,2.2
2024-01-02 02:00:00,24.7,0.0,92.5,88.0,1.5
2024-01-02 03:00:00,24.7,0.0,93.3,72.0,2.0
2024-01-02 04:00:00,24.7,0.0,92.9,42.0,0.6
2024-01-02 05:00:00,24.5,0.0,94.3,264.0,0.6
2024-01-02 06:00:00,24.7,0.0,93.0,130.0,0.8
2024-01-02 07:00:00,24.7,0.0,94.0,340.0,1.0
2024-01-02 08:00:00,25.9,0.0,88.8,5.0,2.0
2024-01-02 09:00:00,26.2,0.0,88.8,9.0,3.4
2024-01-02 10:00:00,27.9,0.0,77.5,323.0,2.9
2024-01-02 11:00:00,29.1,0.0,72.3,346.0,2.5
2024-01-02 12:00:00,29.0,0.0,71.8,343.0,3.0
2024-01-02 13:00:00,30.2,0.0,63.6,346.0,4.7
2024-01-02 14:00:00,31.3,0.0,59.8,345.0,3.4
2024-01-02 15:00:00,31.0,0.0,63.5,40.0,3.1
2024-01-02 16:00:00,30.5,0.0,64.4,332.0,2.8
2024-01-02 17:00:00,28.5,0.0,74.8,47.0,2.3
2024-01-02 18:00:00,28.7,0.0,73.8,354.0,3.9
2024-01-02 19:00:00,28.3,0.0,73.4,5.0,5.5
2024-01-02 20:00:00,27.6,0.0,75.3,9.0,4.1
2024-01-02 21:00:00,27.1,0.0,76.3,336.0,4.0
2024-01-02 22:00:00,26.9,0.0,79.6,350.0,5.7
2024-01-02 23:00:00,26.6,0.0,83.8,348.0,4.3
2024-01-03 00:00:00,26.5,0.0,86.1,17.0,3.7
2024-01-03 01:00:00,26.1,0.0,84.6,12.0,2.7
2024-01-03 02:00:00,25.9,0.0,85.8,1.0,3.5
2024-01-03 03:00:00,25.9,0.0,84.9,359.0,3.0
2024-01-03 04:00:00,25.8,0.0,87.5,357.0,3.6
2024-01-03 05:00:00,25.8,0.0,87.5,358.0,2.6
2024-01-03 06:00:00,25.9,0.0,87.5,10.0,3.3
2024-01-03 07:00:00,25.6,0.0,89.8,3.0,2.7
2024-01-03 08:00:00,25.8,0.0,89.6,31.0,1.6
2024-01-03 09:00:00,26.6,0.0,85.3,42.0,2.0
2024-01-03 10:00:00,27.2,0.0,83.5,350.0,2.4
2024-01-03 11:00:00,27.6,0.0,80.1,357.0,4.3
2024-01-03 12:00:00,28.2,0.0,77.0,14.0,2.4
2024-01-03 13:00:00,28.9,0.0,74.3,357.0,4.0
2024-01-03 14:00:00,30.1,0.0,67.0,3.0,4.8
2024-01-03 15:00:00,30.9,0.0,61.5,347.0,6.0
2024-01-03 16:00:00,30.3,0.0,64.0,346.0,4.5
2024-01-03 17:00:00,27.7,0.0,80.2,355.0,2.7
2024-01-03 18:00:00,28.0,0.0,75.2,11.0,2.8
2024-01-03 19:00:00,27.8,0.0,77.3,356.0,3.9
2024-01-03 20:00:00,27.7,0.0,79.8,6.0,3.1
2024-01-03 21:00:00,27.3,0.0,80.9,358.0,4.0
2024-01-03 22:00:00,27.1,0.0,81.5,2.0,2.6
2024-01-03 23:00:00,26.8,0.0,82.5,12.0,3.9
2024-01-04 00:00:00,26.6,0.0,82.3,344.0,3.1
2024-01-04 01:00:00,26.2,0.0,84.5,351.0,2.6
2024-01-04 02:00:00,25.9,0.0,88.3,14.0,2.5
2024-01-04 03:00:00,25.4,0.0,92.8,330.0,2.1
2024-01-04 04:00:00,24.9,0.6,94.9,7.0,3.8
2024-01-04 05:00:00,24.4,0.2,97.1,354.0,4.9
2024-01-04 06:00:00,23.9,0.4,97.2,349.0,5.2
2024-01-04 07:00:00,23.3,0.4,96.8,7.0,3.3
2024-01-04 08:00:00,23.5,0.2,97.3,351.0,3.0
2024-01-04 09:00:00,23.5,0.4,97.6,7.0,3.7
2024-01-04 10:00:00,23.8,1.4,97.9,356.0,5.1
2024-01-04 11:00:00,23.5,0.4,98.1,324.0,3.4
2024-01-04 12:00:00,23.3,0.0,98.3,300.0,4.8
2024-01-04 13:00:00,24.1,0.0,98.2,328.0,2.9
2024-01-04 14:00:00,24.5,0.2,95.7,358.0,4.4
2024-01-04 15:00:00,24.7,0.2,94.1,356.0,2.6
2024-01-04 16:00:00,25.4,0.0,93.6,8.0,3.5
2024-01-04 17:00:00,25.3,0.0,91.3,4.0,3.7
2024-01-04 18:00:00,24.8,0.0,94.7,75.0,2.7
2024-01-04 19:00:00,24.6,0.0,95.1,5.0,2.9
2024-01-04 20:00:00,24.6,0.0,95.7,11.0,6.0
2024-01-04 21:00:00,24.6,0.0,96.4,321.0,2.9
2024-01-04 22:00:00,24.5,0.0,94.9,349.0,4.4
2024-01-04 23:00:00,24.4,0.0,95.1,355.0,2.7
2024-01-05 00:00:00,24.3,0.0,95.0,3.0,4.8
2024-01-05 01:00:00,24.2,0.0,94.7,358.0,4.5
2024-01-05 02:00:00,24.2,0.0,94.4,4.0,4.6
2024-01-05 03:00:00,24.2,0.0,94.3,3.0,4.4
2024-01-05 04:00:00,24.4,0.0,92.8,349.0,3.0
2024-01-05 05:00:00,24.3,0.0,93.9,358.0,2.6
2024-01-05 06:00:00,24.3,0.0,93.4,1.0,4.1
2024-01-05 07:00:00,24.6,0.0,92.3,18.0,3.9
2024-01-05 08:00:00,25.0,0.0,90.7,15.0,3.3
2024-01-05 09:00:00,26.1,0.0,86.5,348.0,3.3
2024-01-05 10:00:00,26.3,0.0,86.4,329.0,3.0
2024-01-05 11:00:00,26.2,0.0,87.7,345.0,3.3
2024-01-05 12:00:00,26.3,0.4,85.4,2.0,5.9
2024-01-05 13:00:00,27.7,0.0,79.9,342.0,3.5
2024-01-05 14:00:00,25.9,0.0,96.2,339.0,3.6
2024-01-05 15:00:00,27.7,0.0,83.6,337.0,2.2
2024-01-05 16:00:00,28.4,0.0,74.8,53.0,6.0
2024-01-05 17:00:00,28.3,0.0,75.0,67.0,4.8
2024-01-05 18:00:00,28.0,0.0,78.2,22.0,5.3
2024-01-05 19:00:00,26.6,0.0,90.6,27.0,3.6
2024-01-05 20:00:00,26.4,0.0,88.9,14.0,4.5
2024-01-05 21:00:00,26.3,0.0,89.3,30.0,3.1
2024-01-05 22:00:00,26.3,0.0,89.0,26.0,3.7
2024-01-05 23:00:00,26.2,0.0,89.9,18.0,2.1
2024-01-06 00:00:00,26.3,0.0,90.1,13.0,2.6
2024-01-06 01:00:00,26.0,0.0,91.5,353.0,2.2
2024-01-06 02:00:00,25.3,1.2,94.8,345.0,4.3
2024-01-06 03:00:00,25.2,0.0,95.4,357.0,3.1
2024-01-06 04:00:00,25.1,0.0,94.8,358.0,2.3
2024-01-06 05:00:00,25.4,0.0,92.4,49.0,3.1
2024-01-06 06:00:00,25.3,0.0,89.4,24.0,2.9
2024-01-06 07:00:00,25.2,0.0,91.0,4.0,2.9
2024-01-06 08:00:00,25.7,0.0,90.0,4.0,2.5
2024-01-06 09:00:00,27.0,0.0,85.5,1.0,2.9
2024-01-06 10:00:00,28.0,0.0,78.0,356.0,3.8
2024-01-06 11:00:00,29.6,0.0,67.9,339.0,3.6
2024-01-06 12:00:00,27.6,0.0,76.5,344.0,5.1
2024-01-06 13:00:00,29.4,0.0,72.3,345.0,2.4
2024-01-06 14:00:00,27.9,0.0,76.4,16.0,3.5
2024-01-06 15:00:00,27.7,0.0,83.8,219.0,2.4
2024-01-06 16:00:00,28.2,0.0,79.5,210.0,2.0
2024-01-06 17:00:00,29.5,0.0,66.2,92.0,4.2
2024-01-06 18:00:00,28.9,0.0,70.4,44.0,4.3
2024-01-06 19:00:00,27.7,0.0,79.7,280.0,2.1
2024-01-06 20:00:00,27.1,0.0,82.8,355.0,2.5
2024-01-06 21:00:00,26.8,0.0,83.9,15.0,2.7
2024-01-06 22:00:00,26.8,0.0,84.6,3.0,3.7
2024-01-06 23:00:00,26.6,0.0,85.5,1.0,2.1
2024-01-07 00:00:00,26.4,0.0,86.8,313.0,1.5
2024-01-07 01:00:00,26.2,0.0,89.4,304.0,3.0
2024-01-07 02:00:00,25.9,0.0,91.5,311.0,3.3
2024-01-07 03:00:00,25.3,0.0,95.2,310.0,6.6
2024-01-07 04:00:00,24.4,0.2,95.1,6.0,2.4
2024-01-07 05:00:00,24.4,0.2,96.9,356.0,2.5
2024-01-07 06:00:00,24.2,0.0,97.5,303.0,2.2
2024-01-07 07:00:00,24.4,0.0,97.6,280.0,2.1
2024-01-07 08:00:00,24.4,1.2,97.6,325.0,1.1
2024-01-07 09:00:00,23.9,0.2,98.2,283.0,6.3
2024-01-07 10:00:00,23.0,1.0,98.3,302.0,6.1
2024-01-07 11:00:00,23.0,1.0,98.5,323.0,2.4
2024-01-07 12:00:00,23.3,0.2,98.9,13.0,3.7
2024-01-07 13:00:00,23.7,0.0,99.2,330.0,2.7
2024-01-07 14:00:00,24.0,0.2,99.2,353.0,2.7
2024-01-07 15:00:00,24.0,0.2,99.3,324.0,3.0
2024-01-07 16:00:00,23.6,0.0,99.3,2.0,3.2
2024-01-07 17:00:00,23.6,0.0,98.9,5.0,2.3
2024-01-07 18:00:00,23.4,0.2,97.5,10.0,3.6
2024-01-07 19:00:00,23.4,0.0,96.2,348.0,2.2
2024-01-07 20:00:00,23.5,0.0,95.8,356.0,2.4
2024-01-07 21:00:00,23.5,0.0,93.4,8.0,2.5
2024-01-07 22:00:00,23.3,0.0,95.1,8.0,1.2
2024-01-07 23:00:00,23.3,0.0,93.9,12.0,3.5
2024-01-08 00:00:00,23.3,0.0,93.6,313.0,2.3
2024-01-08 01:00:00,23.3,0.0,95.3,297.0,3.0
2024-01-08 02:00:00,23.4,0.0,90.8,310.0,6.0
2024-01-08 03:00:00,23.6,0.0,89.5,311.0,4.1
2024-01-08 04:00:00,23.2,0.0,90.6,23.0,1.8
2024-01-08 05:00:00,23.7,0.0,87.9,6.0,1.1
2024-01-08 06:00:00,23.9,0.0,84.8,348.0,2.1
2024-01-08 07:00:00,24.2,0.0,83.0,15.0,1.8
2024-01-08 08:00:00,24.9,0.0,85.2,4.0,1.7
2024-01-08 09:00:00,27.3,0.0,77.6,52.0,1.3
2024-01-08 10:00:00,26.4,0.0,84.7,24.0,2.7
2024-01-08 11:00:00,27.9,0.0,78.6,37.0,3.0
2024-01-08 12:00:00,28.4,0.0,73.7,52.0,4.8
2024-01-08 13:00:00,29.1,0.0,70.3,41.0,5.3
2024-01-08 14:00:00,29.7,0.0,73.9,129.0,4.9
2024-01-08 15:00:00,28.8,0.0,75.4,99.0,5.5
2024-01-08 16:00:00,28.7,0.0,75.4,98.0,5.0
2024-01-08 17:00:00,27.9,0.0,79.3,43.0,3.4
2024-01-08 18:00:00,28.1,0.0,73.7,55.0,6.3
2024-01-08 19:00:00,27.7,0.0,77.6,62.0,4.1
2024-01-08 20:00:00,27.0,0.0,83.6,329.0,3.1
2024-01-08 21:00:00,26.5,0.0,81.8,3.0,3.6
2024-01-08 22:00:00,26.1,0.0,84.5,9.0,2.5
2024-01-08 23:00:00,26.0,0.0,85.3,11.0,2.1
2024-01-09 00:00:00,26.1,0.0,86.5,35.0,1.2
2024-01-09 01:00:00,25.7,0.0,88.6,10.0,1.7
2024-01-09 02:00:00,25.3,0.0,90.5,359.0,2.2
2024-01-09 03:00:00,25.6,0.0,87.6,21.0,1.5
2024-01-09 04:00:00,25.6,0.0,89.4,17.0,2.8
2024-01-09 05:00:00,24.8,0.0,89.7,3.0,3.2
2024-01-09 06:00:00,24.6,0.0,92.1,345.0,1.7
2024-01-09 07:00:00,24.4,0.0,96.5,7.0,3.6
2024-01-09 08:00:00,24.6,0.0,93.1,5.0,3.6
2024-01-09 09:00:00,24.4,0.2,92.4,353.0,3.6
2024-01-09 10:00:00,24.3,0.2,93.6,353.0,2.2
2024-01-09 11:00:00,26.6,0.0,85.5,53.0,1.3
2024-01-09 12:00:00,27.6,0.0,77.4,336.0,3.8
2024-01-09 13:00:00,28.9,0.0,71.3,318.0,3.0
2024-01-09 14:00:00,29.9,0.0,63.2,9.0,4.1
2024-01-09 15:00:00,29.0,0.0,70.7,337.0,1.9
2024-01-09 16:00:00,28.9,0.0,70.1,22.0,2.8
2024-01-09 17:00:00,29.1,0.0,70.0,5.0,4.7
2024-01-09 18:00:00,28.4,0.0,72.3,69.0,4.6
2024-01-09 19:00:00,28.0,0.0,74.5,57.0,3.0
2024-01-09 20:00:00,27.5,0.0,77.5,65.0,2.6
2024-01-09 21:00:00,27.2,0.0,81.4,7.0,3.7
2024-01-09 22:00:00,26.7,0.0,83.4,5.0,3.9
2024-01-09 23:00:00,26.0,0.0,88.0,322.0,2.3
2024-01-10 00:00:00,25.9,0.0,89.1,1.0,3.7
2024-01-10 01:00:00,25.8,0.0,89.1,356.0,3.7
2024-01-10 02:00:00,25.6,0.0,89.7,10.0,3.0
2024-01-10 03:00:00,25.2,0.0,91.7,13.0,4.5
2024-01-10 04:00:00,25.3,0.0,90.2,11.0,4.3
2024-01-10 05:00:00,24.6,0.0,93.3,2.0,2.9
2024-01-10 06:00:00,24.4,0.6,96.1,32.0,2.2
2024-01-10 07:00:00,24.2,0.6,96.7,356.0,3.2
2024-01-10 08:00:00,24.2,2.8,97.4,358.0,4.2
2024-01-10 09:00:00,23.8,0.0,98.6,304.0,4.2
2024-01-10 10:00:00,26.8,0.0,84.9,349.0,4.4
2024-01-10 11:00:00,27.2,0.0,79.6,343.0,5.4
2024-01-10 12:00:00,27.9,0.0,76.7,33.0,3.7
2024-01-10 13:00:00,26.4,0.0,83.9,3.0,5.9
2024-01-10 14:00:00,28.3,0.0,76.3,3.0,3.4
2024-01-10 15:00:00,26.0,0.0,91.8,339.0,4.7
2024-01-10 16:00:00,25.3,0.2,96.9,334.0,3.9
2024-01-10 17:00:00,26.0,0.0,95.3,332.0,1.6
2024-01-10 18:00:00,24.4,3.8,96.3,12.0,6.9
2024-01-10 19:00:00,24.9,0.0,96.7,340.0,3.0
2024-01-10 20:00:00,25.8,0.0,92.2,31.0,3.3
2024-01-10 21:00:00,25.8,0.0,91.8,29.0,1.6
2024-01-10 22:00:00,25.7,0.0,93.1,17.0,2.7
2024-01-10 23:00:00,25.7,0.0,92.2,1.0,2.1
2024-01-11 00:00:00,25.8,0.0,90.5,352.0,2.3
2024-01-11 01:00:00,25.8,0.0,90.4,9.0,2.4
2024-01-11 02:00:00,25.8,0.0,91.9,337.0,2.3
2024-01-11 03:00:00,25.2,2.0,94.6,359.0,2.5
2024-01-11 04:00:00,25.0,0.0,95.9,6.0,3.6
2024-01-11 05:00:00,25.0,0.0,95.7,14.0,2.4
2024-01-11 06:00:00,25.3,0.0,93.8,19.0,2.7
2024-01-11 07:00:00,25.1,0.0,95.0,8.0,3.0
2024-01-11 08:00:00,25.2,0.0,95.2,27.0,1.7
2024-01-11 09:00:00,26.2,0.0,90.6,14.0,2.5
2024-01-11 10:00:00,26.9,0.0,87.4,8.0,4.1
2024-01-11 11:00:00,27.4,0.0,84.3,356.0,2.4
2024-01-11 12:00:00,28.1,0.0,80.2,25.0,2.8
2024-01-11 13:00:00,28.6,0.0,76.5,16.0,3.2
2024-01-11 14:00:00,28.6,0.0,72.4,34.0,5.0
2024-01-11 15:00:00,28.7,0.0,73.0,4.0,3.1
2024-01-11 16:00:00,29.1,0.0,71.3,28.0,2.6
2024-01-11 17:00:00,28.6,0.0,73.9,353.0,3.7
2024-01-11 18:00:00,28.3,0.0,74.8,25.0,3.8
2024-01-11 19:00:00,27.8,0.0,78.5,2.0,3.8
2024-01-11 20:00:00,27.3,0.0,80.5,22.0,4.8
2024-01-11 21:00:00,27.1,0.0,82.7,351.0,3.8
2024-01-11 22:00:00,26.9,0.0,84.6,13.0,3.1
2024-01-11 23:00:00,26.7,0.0,84.5,1.0,3.1
2024-01-12 00:00:00,26.5,0.0,85.3,350.0,2.3
2024-01-12 01:00:00,26.3,0.0,87.2,358.0,3.3
2024-01-12 02:00:00,26.1,0.0,87.6,333.0,2.1
2024-01-12 03:00:00,26.0,0.0,88.2,10.0,3.8
2024-01-12 04:00:00,25.6,0.0,89.9,337.0,2.7
2024-01-12 05:00:00,25.2,0.0,91.7,336.0,2.6
2024-01-12 06:00:00,24.7,0.0,94.0,345.0,2.1
2024-01-12 07:00:00,24.6,0.0,95.1,27.0,2.4
2024-01-12 08:00:00,24.9,0.0,92.9,359.0,4.1
2024-01-12 09:00:00,25.6,0.0,88.5,18.0,4.0
2024-01-12 10:00:00,25.7,0.0,86.4,10.0,5.8
2024-01-12 11:00:00,26.5,0.0,80.4,15.0,5.3
2024-01-12 12:00:00,25.4,0.6,90.2,348.0,3.5
2024-01-12 13:00:00,24.5,0.4,95.3,7.0,3.2
2024-01-12 14:00:00,24.6,0.0,95.9,357.0,3.1
2024-01-12 15:00:00,24.1,0.0,92.7,356.0,6.1
2024-01-12 16:00:00,25.4,0.0,86.8,16.0,3.8
2024-01-12 17:00:00,24.1,0.0,90.1,337.0,3.5
2024-01-12 18:00:00,23.1,0.2,93.4,3.0,4.4
2024-01-12 19:00:00,23.3,0.0,92.6,14.0,3.2
2024-01-12 20:00:00,23.8,0.0,88.5,9.0,2.9
2024-01-12 21:00:00,24.4,0.0,84.1,6.0,4.0
2024-01-12 22:00:00,24.5,0.0,84.5,10.0,2.8
2024-01-12 23:00:00,24.5,0.0,86.5,21.0,1.1
2024-01-13 00:00:00,24.5,0.0,87.6,1.0,2.0
2024-01-13 01:00:00,24.6,0.0,89.6,8.0,1.7
2024-01-13 02:00:00,24.3,0.0,90.6,349.0,1.3
2024-01-13 03:00:00,24.5,0.0,89.5,311.0,3.0
2024-01-13 04:00:00,24.5,0.0,91.1,307.0,2.6
2024-01-13 05:00:00,24.3,0.0,91.7,307.0,3.4
2024-01-13 06:00:00,24.4,0.0,91.8,305.0,2.3
2024-01-13 07:00:00,24.4,0.0,92.2,308.0,3.3
2024-01-13 08:00:00,24.7,0.0,91.7,312.0,2.6
2024-01-13 09:00:00,25.9,0.0,85.9,314.0,2.9
2024-01-13 10:00:00,26.9,0.0,79.3,313.0,5.7
2024-01-13 11:00:00,28.8,0.0,70.8,353.0,3.7
2024-01-13 12:00:00,30.3,0.0,62.6,359.0,2.2
2024-01-13 13:00:00,29.7,0.0,63.8,353.0,3.1
2024-01-13 14:00:00,30.6,0.0,61.9,293.0,2.8
2024-01-13 15:00:00,29.1,0.0,67.4,7.0,5.2
2024-01-13 16:00:00,28.4,0.0,71.3,14.0,3.6
2024-01-13 17:00:00,28.3,0.0,71.0,19.0,5.0
2024-01-13 18:00:00,27.8,0.0,76.2,25.0,1.4
2024-01-13 19:00:00,27.6,0.0,75.8,348.0,3.5
2024-01-13 20:00:00,27.1,0.0,77.0,353.0,3.2
2024-01-13 21:00:00,26.8,0.0,79.6,356.0,2.9
2024-01-13 22:00:00,26.7,0.0,80.2,358.0,2.7
2024-01-13 23:00:00,26.5,0.0,81.3,5.0,2.9
2024-01-14 00:00:00,26.3,0.0,82.8,10.0,2.6
2024-01-14 01:00:00,26.3,0.0,82.5,348.0,3.9
2024-01-14 02:00:00,26.1,0.0,84.0,1.0,2.8
2024-01-14 03:00:00,25.8,0.0,85.8,9.0,3.0
2024-01-14 04:00:00,25.7,0.0,86.6,352.0,4.2
2024-01-14 05:00:00,25.7,0.0,86.8,17.0,1.8
2024-01-14 06:00:00,25.7,0.0,85.7,356.0,3.6
2024-01-14 07:00:00,25.5,0.0,86.1,8.0,2.4
2024-01-14 08:00:00,25.6,0.0,86.3,338.0,2.1
2024-01-14 09:00:00,25.8,0.0,86.0,1.0,2.8
2024-01-14 10:00:00,27.0,0.0,80.9,24.0,3.6
2024-01-14 11:00:00,27.9,0.0,74.3,354.0,5.9
2024-01-14 12:00:00,28.7,0.0,67.9,2.0,5.8
2024-01-14 13:00:00,29.1,0.0,66.8,338.0,5.3
2024-01-14 14:00:00,28.8,0.0,67.9,348.0,3.5
2024-01-14 15:00:00,29.1,0.0,65.0,330.0,4.4
2024-01-14 16:00:00,29.5,0.0,63.7,349.0,4.8
2024-01-14 17:00:00,29.5,0.0,64.3,340.0,4.1
2024-01-14 18:00:00,29.8,0.0,64.2,23.0,3.1
2024-01-14 19:00:00,28.4,0.0,70.6,355.0,5.0
2024-01-14 20:00:00,27.6,0.0,73.5,352.0,5.1
2024-01-14 21:00:00,27.2,0.0,75.9,6.0,4.5
2024-01-14 22:00:00,26.9,0.0,77.8,1.0,4.0
2024-01-14 23:00:00,26.7,0.0,79.3,18.0,4.8
2024-01-15 00:00:00,26.4,0.0,82.1,355.0,4.7
2024-01-15 01:00:00,26.4,0.0,83.0,354.0,3.3
2024-01-15 02:00:00,26.3,0.0,83.7,356.0,3.5
2024-01-15 03:00:00,26.0,0.0,85.7,17.0,2.3
2024-01-15 04:00:00,26.1,0.0,84.9,353.0,2.7
2024-01-15 05:00:00,26.0,0.0,86.0,356.0,3.4
2024-01-15 06:00:00,26.0,0.0,86.3,10.0,4.3
2024-01-15 07:00:00,25.9,0.0,87.0,351.0,3.3
2024-01-15 08:00:00,26.1,0.0,86.9,310.0,1.5
2024-01-15 09:00:00,26.0,0.0,87.8,347.0,1.8
2024-01-15 10:00:00,28.7,0.0,74.7,355.0,2.3
2024-01-15 11:00:00,29.2,0.0,70.5,3.0,4.4
2024-01-15 12:00:00,31.0,0.0,62.4,327.0,3.7
2024-01-15 13:00:00,30.3,0.0,65.4,356.0,4.3
2024-01-15 14:00:00,25.9,0.6,90.3,345.0,5.9
2024-01-15 15:00:00,28.6,0.0,74.6,22.0,4.7
2024-01-15 16:00:00,29.1,0.0,71.3,20.0,3.3
2024-01-15 17:00:00,29.2,0.0,69.3,8.0,2.0
2024-01-15 18:00:00,28.8,0.0,68.9,27.0,5.2
2024-01-15 19:00:00,27.9,0.2,74.0,8.0,4.4
2024-01-15 20:00:00,27.6,0.0,76.6,19.0,5.5
2024-01-15 21:00:00,27.2,0.0,79.8,3.0,3.3
2024-01-15 22:00:00,27.0,0.0,82.7,24.0,1.8
2024-01-15 23:00:00,26.3,0.0,83.4,32.0,4.1
2024-01-16 00:00:00,25.9,0.0,88.0,3.0,5.0
2024-01-16 01:00:00,26.1,0.0,88.7,2.0,2.3
2024-01-16 02:00:00,26.0,0.0,90.1,359.0,2.8
2024-01-16 03:00:00,25.9,0.0,90.0,352.0,3.6
2024-01-16 04:00:00,25.9,0.0,88.9,19.0,3.8
2024-01-16 05:00:00,25.7,0.0,90.0,310.0,2.4
2024-01-16 06:00:00,25.6,0.0,90.6,4.0,1.9
2024-01-16 07:00:00,25.5,0.0,91.2,7.0,4.6
2024-01-16 08:00:00,25.6,0.0,91.1,311.0,5.5
2024-01-16 09:00:00,24.3,0.2,91.5,354.0,5.8
2024-01-16 10:00:00,24.3,0.0,89.7,33.0,3.6
2024-01-16 11:00:00,23.9,0.6,91.8,87.0,4.9
2024-01-16 12:00:00,25.7,0.0,88.6,34.0,2.2
2024-01-16 13:00:00,27.1,0.0,81.3,359.0,2.7
2024-01-16 14:00:00,28.5,0.0,74.7,21.0,2.0
2024-01-16 15:00:00,28.6,0.0,73.8,348.0,2.9
2024-01-16 16:00:00,29.1,0.0,71.4,343.0,3.5
2024-01-16 17:00:00,29.1,0.0,69.4,31.0,2.7
2024-01-16 18:00:00,27.6,0.0,77.3,18.0,4.5
2024-01-16 19:00:00,27.0,0.0,78.7,344.0,5.1
2024-01-16 20:00:00,26.8,0.0,79.6,345.0,4.0
2024-01-16 21:00:00,26.4,0.0,82.6,24.0,4.2
2024-01-16 22:00:00,26.2,0.0,84.6,27.0,2.9
2024-01-16 23:00:00,26.0,0.0,87.4,357.0,3.7
2024-01-17 00:00:00,25.8,0.0,91.0,6.0,2.6
2024-01-17 01:00:00,26.0,0.0,88.7,350.0,5.0
2024-01-17 02:00:00,26.0,0.0,88.9,2.0,3.4
2024-01-17 03:00:00,25.4,0.0,90.3,10.0,5.7
2024-01-17 04:00:00,24.6,0.0,91.9,28.0,5.0
2024-01-17 05:00:00,24.8,0.2,91.0,21.0,2.8
2024-01-17 06:00:00,25.3,0.0,89.9,19.0,3.8
2024-01-17 07:00:00,25.2,0.0,90.6,34.0,3.3
2024-01-17 08:00:00,25.7,0.0,89.4,34.0,3.0
2024-01-17 09:00:00,27.2,0.0,79.7,356.0,3.8
2024-01-17 10:00:00,28.2,0.0,75.3,51.0,6.2
2024-01-17 11:00:00,27.0,0.0,82.8,7.0,6.0
2024-01-17 12:00:00,26.2,0.0,90.0,333.0,3.4
2024-01-17 13:00:00,26.6,0.0,86.2,58.0,2.2
2024-01-17 14:00:00,29.2,0.0,71.2,60.0,2.9
2024-01-17 15:00:00,29.6,0.0,65.7,10.0,5.5
2024-01-17 16:00:00,29.2,0.0,69.8,6.0,5.9
2024-01-17 17:00:00,28.3,0.0,74.6,42.0,4.7
2024-01-17 18:00:00,28.3,0.0,70.9,49.0,4.9
2024-01-17 19:00:00,27.7,0.0,74.2,20.0,6.6
2024-01-17 20:00:00,27.1,0.0,78.9,358.0,3.8
2024-01-17 21:00:00,26.8,0.0,81.7,5.0,4.0
2024-01-17 22:00:00,26.3,0.0,86.5,341.0,3.4
2024-01-17 23:00:00,26.0,0.0,87.6,15.0,2.4
2024-01-18 00:00:00,25.9,0.0,87.2,4.0,2.9
2024-01-18 01:00:00,26.0,0.0,85.8,7.0,2.9
2024-01-18 02:00:00,26.1,0.0,85.2,356.0,2.9
2024-01-18 03:00:00,25.8,0.0,87.3,12.0,2.3
2024-01-18 04:00:00,25.5,0.0,88.3,335.0,2.3
2024-01-18 05:00:00,25.3,0.0,90.0,337.0,2.4
2024-01-18 06:00:00,25.2,0.0,90.2,9.0,2.7
2024-01-18 07:00:00,25.3,0.0,88.4,352.0,3.1
2024-01-18 08:00:00,25.2,0.0,89.9,357.0,4.4
2024-01-18 09:00:00,25.9,0.0,87.3,355.0,4.4
2024-01-18 10:00:00,27.1,0.0,81.3,354.0,4.4
2024-01-18 11:00:00,27.7,0.0,77.6,354.0,6.7
2024-01-18 12:00:00,28.7,0.0,72.1,13.0,4.4
2024-01-18 13:00:00,29.6,0.0,68.5,343.0,4.3
2024-01-18 14:00:00,28.5,0.0,72.7,344.0,5.2
2024-01-18 15:00:00,26.4,0.0,92.1,23.0,1.1
2024-01-18 16:00:00,27.0,0.0,80.5,349.0,5.2
2024-01-18 17:00:00,27.8,0.0,76.9,4.0,4.2
2024-01-18 18:00:00,28.2,0.0,74.8,5.0,3.3
2024-01-18 19:00:00,25.4,0.8,90.5,14.0,4.8
2024-01-18 20:00:00,25.5,0.0,90.7,1.0,3.3
2024-01-18 21:00:00,25.9,0.0,89.0,358.0,3.3
2024-01-18 22:00:00,26.2,0.0,87.3,355.0,3.5
2024-01-18 23:00:00,26.0,0.0,87.5,6.0,3.3
2024-01-19 00:00:00,26.0,0.0,87.5,3.0,3.4
2024-01-19 01:00:00,25.9,0.0,87.7,358.0,3.1
2024-01-19 02:00:00,25.7,0.0,88.2,352.0,3.0
2024-01-19 03:00:00,25.5,0.0,89.5,312.0,5.0
2024-01-19 04:00:00,25.4,0.0,89.9,314.0,3.4
2024-01-19 05:00:00,25.2,0.0,91.3,310.0,3.0
2024-01-19 06:00:00,25.2,0.0,91.2,349.0,1.8
2024-01-19 07:00:00,25.1,0.0,91.1,20.0,3.6
2024-01-19 08:00:00,25.4,0.0,89.6,348.0,1.5
2024-01-19 09:00:00,25.5,0.0,89.0,308.0,4.3
2024-01-19 10:00:00,25.9,0.0,88.1,318.0,3.2
2024-01-19 11:00:00,26.9,0.0,81.0,333.0,4.4
2024-01-19 12:00:00,28.7,0.0,71.9,357.0,3.0
2024-01-19 13:00:00,29.0,0.0,66.3,349.0,6.7
2024-01-19 14:00:00,29.2,0.0,67.9,330.0,3.9
2024-01-19 15:00:00,29.4,0.0,68.0,321.0,2.5
2024-01-19 16:00:00,25.1,0.2,85.6,38.0,4.3
2024-01-19 17:00:00,23.9,0.6,96.0,82.0,3.1
2024-01-19 18:00:00,24.1,0.0,97.2,112.0,4.1
2024-01-19 19:00:00,24.5,0.0,95.9,94.0,2.8
2024-01-19 20:00:00,24.8,0.0,95.4,60.0,1.0
2024-01-19 21:00:00,25.2,0.0,91.7,3.0,1.4
2024-01-19 22:00:00,25.3,0.0,90.0,12.0,2.8
2024-01-19 23:00:00,25.6,0.0,90.3,2.0,2.9
2024-01-20 00:00:00,25.4,0.0,90.9,324.0,1.7
2024-01-20 01:00:00,25.4,0.0,90.5,276.0,2.1
2024-01-20 02:00:00,25.4,0.0,91.4,248.0,2.8
2024-01-20 03:00:00,25.3,0.0,91.4,290.0,2.8
2024-01-20 04:00:00,24.9,0.2,94.1,58.0,0.6
2024-01-20 05:00:00,24.1,0.4,94.7,12.0,3.9
2024-01-20 06:00:00,23.5,0.0,91.7,355.0,2.1
2024-01-20 07:00:00,23.8,0.2,90.8,2.0,2.2
2024-01-20 08:00:00,23.2,0.2,95.7,9.0,5.4
2024-01-20 09:00:00,23.4,0.2,96.5,342.0,3.5
2024-01-20 10:00:00,23.4,0.0,96.3,313.0,3.0
2024-01-20 11:00:00,24.1,0.0,93.4,344.0,2.9
2024-01-20 12:00:00,24.8,0.0,90.4,358.0,3.5
2024-01-20 13:00:00,25.3,0.0,88.5,5.0,3.9
2024-01-20 14:00:00,24.9,0.0,87.6,334.0,4.3
2024-01-20 15:00:00,24.3,0.0,93.0,337.0,4.0
2024-01-20 16:00:00,24.4,0.0,93.9,339.0,3.3
2024-01-20 17:00:00,24.1,0.2,93.7,354.0,3.6
2024-01-20 18:00:00,23.9,0.0,93.3,347.0,3.6
2024-01-20 19:00:00,23.9,0.0,93.9,28.0,4.2
2024-01-20 20:00:00,23.8,0.0,95.2,358.0,2.6
2024-01-20 21:00:00,23.6,0.0,93.5,355.0,5.6
2024-01-20 22:00:00,23.6,0.0,88.6,9.0,5.7
2024-01-20 23:00:00,23.9,0.0,80.3,356.0,5.6
2024-01-21 00:00:00,23.5,0.0,82.7,315.0,1.5
2024-01-21 01:00:00,23.7,0.0,83.0,325.0,2.1
2024-01-21 02:00:00,23.7,0.0,82.4,354.0,3.4
2024-01-21 03:00:00,23.8,0.0,82.8,4.0,2.1
2024-01-21 04:00:00,23.7,0.0,85.7,345.0,3.4
2024-01-21 05:00:00,23.4,0.0,89.0,24.0,3.4
2024-01-21 06:00:00,23.8,0.0,85.1,343.0,3.1
2024-01-21 07:00:00,23.8,0.0,84.7,7.0,3.5
2024-01-21 08:00:00,24.3,0.0,84.4,19.0,3.4
2024-01-21 09:00:00,26.1,0.0,76.5,352.0,2.9
2024-01-21 10:00:00,27.9,0.0,71.1,354.0,3.1
2024-01-21 11:00:00,28.6,0.0,66.0,9.0,4.6
2024-01-21 12:00:00,28.9,0.0,64.4,357.0,5.0
2024-01-21 13:00:00,30.6,0.0,56.5,338.0,3.3
2024-01-21 14:00:00,30.6,0.0,56.5,320.0,3.7
2024-01-21 15:00:00,29.4,0.0,66.7,203.0,5.9
2024-01-21 16:00:00,29.9,0.0,64.5,203.0,6.0
2024-01-21 17:00:00,29.6,0.0,65.8,204.0,4.2
2024-01-21 18:00:00,29.0,0.0,64.5,110.0,4.4
2024-01-21 19:00:00,26.5,0.0,87.1,50.0,1.7
2024-01-21 20:00:00,26.2,0.0,85.9,93.0,5.4
2024-01-21 21:00:00,26.5,0.0,86.5,47.0,2.1
2024-01-21 22:00:00,26.3,0.0,84.9,5.0,3.1
2024-01-21 23:00:00,25.9,0.0,84.7,345.0,2.9
2024-01-22 00:00:00,25.8,0.0,85.3,10.0,2.0
2024-01-22 01:00:00,25.6,0.0,85.6,359.0,2.7
2024-01-22 02:00:00,25.4,0.0,87.3,5.0,1.9
2024-01-22 03:00:00,25.0,0.0,89.7,11.0,3.5
2024-01-22 04:00:00,24.8,0.0,90.7,22.0,2.9
2024-01-22 05:00:00,24.9,0.0,90.1,358.0,2.6
2024-01-22 06:00:00,24.7,0.0,91.0,24.0,2.5
2024-01-22 07:00:00,24.7,0.0,90.6,51.0,2.2
2024-01-22 08:00:00,25.8,0.0,84.4,357.0,1.4
2024-01-22 09:00:00,26.9,0.0,80.4,336.0,2.7
2024-01-22 10:00:00,29.1,0.0,69.3,21.0,2.7
2024-01-22 11:00:00,30.2,0.0,62.5,339.0,2.7
2024-01-22 12:00:00,32.0,0.0,54.8,342.0,2.0
2024-01-22 13:00:00,29.0,0.0,70.7,165.0,4.4
2024-01-22 14:00:00,30.1,0.0,66.4,207.0,4.0
2024-01-22 15:00:00,29.6,0.0,67.8,190.0,5.7
2024-01-22 16:00:00,30.7,0.0,64.1,183.0,5.8
2024-01-22 17:00:00,30.8,0.0,59.2,201.0,4.6
2024-01-22 18:00:00,29.5,0.0,66.4,108.0,5.4
2024-01-22 19:00:00,28.9,0.0,66.7,93.0,6.5
2024-01-22 20:00:00,27.4,0.0,77.7,42.0,5.7
2024-01-22 21:00:00,27.4,0.0,79.1,20.0,1.7
2024-01-22 22:00:00,27.2,0.0,79.1,24.0,3.9
2024-01-22 23:00:00,26.9,0.0,83.8,348.0,3.1
2024-01-23 00:00:00,26.6,0.0,83.0,15.0,2.2
2024-01-23 01:00:00,26.3,0.0,84.8,356.0,3.7
2024-01-23 02:00:00,26.1,0.0,86.5,357.0,1.8
2024-01-23 03:00:00,26.0,0.0,86.8,6.0,1.8
2024-01-23 04:00:00,25.8,0.0,87.3,359.0,1.4
2024-01-23 05:00:00,25.6,0.0,88.2,350.0,1.6
2024-01-23 06:00:00,25.4,0.0,90.1,353.0,1.8
2024-01-23 07:00:00,25.4,0.0,90.4,353.0,1.6
2024-01-23 08:00:00,26.3,0.0,85.9,40.0,1.2
2024-01-23 09:00:00,27.4,0.0,79.3,355.0,3.4
2024-01-23 10:00:00,29.4,0.0,69.5,1.0,2.0
2024-01-23 11:00:00,29.4,0.0,67.2,2.0,3.5
2024-01-23 12:00:00,31.1,0.0,60.3,305.0,2.6
2024-01-23 13:00:00,31.5,0.0,58.2,318.0,3.5
2024-01-23 14:00:00,31.5,0.0,55.6,309.0,4.0
2024-01-23 15:00:00,29.4,0.0,73.6,128.0,6.7
2024-01-23 16:00:00,26.3,0.0,76.8,346.0,5.7
2024-01-23 17:00:00,25.8,0.0,79.8,11.0,3.8
2024-01-23 18:00:00,26.3,0.0,77.4,320.0,2.0
2024-01-23 19:00:00,26.1,0.0,78.6,8.0,2.4
2024-01-23 20:00:00,26.2,0.0,80.8,43.0,1.4
2024-01-23 21:00:00,25.8,0.0,84.8,23.0,1.9
2024-01-23 22:00:00,26.1,0.0,84.7,15.0,2.4
2024-01-23 23:00:00,26.2,0.0,85.1,345.0,2.7
2024-01-24 00:00:00,26.0,0.0,86.8,4.0,3.1
2024-01-24 01:00:00,25.9,0.0,88.2,11.0,2.5
2024-01-24 02:00:00,25.8,0.0,89.0,16.0,2.2
2024-01-24 03:00:00,25.7,0.0,90.3,5.0,2.4
2024-01-24 04:00:00,25.6,0.0,90.4,26.0,2.1
2024-01-24 05:00:00,25.7,0.0,90.3,22.0,1.6
2024-01-24 06:00:00,25.3,0.0,92.3,358.0,2.5
2024-01-24 07:00:00,25.6,0.0,90.8,92.0,3.4
2024-01-24 08:00:00,26.0,0.0,90.2,57.0,3.3
2024-01-24 09:00:00,26.4,0.0,88.3,68.0,3.3
2024-01-24 10:00:00,27.3,0.0,83.3,54.0,5.6
2024-01-24 11:00:00,28.1,0.0,77.8,359.0,3.2
2024-01-24 12:00:00,28.3,0.0,77.0,63.0,4.5
2024-01-24 13:00:00,28.7,0.0,73.9,72.0,5.6
2024-01-24 14:00:00,27.6,0.0,89.5,50.0,3.5
2024-01-24 15:00:00,29.0,0.0,74.3,71.0,4.3
2024-01-24 16:00:00,27.9,0.0,79.4,33.0,3.3
2024-01-24 17:00:00,25.1,0.2,93.4,333.0,1.6
2024-01-24 18:00:00,25.2,1.0,92.8,85.0,3.7
2024-01-24 19:00:00,25.1,0.2,94.5,334.0,2.9
2024-01-24 20:00:00,24.4,5.4,97.0,342.0,4.7
2024-01-24 21:00:00,24.1,2.2,98.6,294.0,2.6
2024-01-24 22:00:00,24.2,0.8,99.2,62.0,4.5
2024-01-24 23:00:00,24.4,0.2,99.2,10.0,2.6
2024-01-25 00:00:00,24.2,0.0,99.3,48.0,1.6
2024-01-25 01:00:00,24.1,0.0,99.3,23.0,2.3
2024-01-25 02:00:00,24.2,0.0,98.9,9.0,3.6
2024-01-25 03:00:00,24.4,0.0,96.4,1.0,3.8
2024-01-25 04:00:00,24.7,0.0,95.5,8.0,4.4
2024-01-25 05:00:00,24.8,0.0,95.1,12.0,2.7
2024-01-25 06:00:00,24.9,0.0,94.6,15.0,2.1
2024-01-25 07:00:00,25.3,0.0,93.8,6.0,2.4
2024-01-25 08:00:00,25.9,0.0,91.7,38.0,3.5
2024-01-25 09:00:00,26.5,0.0,89.0,42.0,2.8
2024-01-25 10:00:00,27.4,0.0,82.9,10.0,4.2
2024-01-25 11:00:00,29.3,0.0,71.3,7.0,4.1
2024-01-25 12:00:00,29.3,0.0,68.1,41.0,5.9
2024-01-25 13:00:00,25.5,1.6,94.7,30.0,3.9
2024-01-25 14:00:00,24.7,0.0,97.4,355.0,3.9
2024-01-25 15:00:00,25.1,0.0,94.5,72.0,4.8
2024-01-25 16:00:00,24.8,0.2,94.7,11.0,1.6
2024-01-25 17:00:00,24.7,0.0,92.8,10.0,2.0
2024-01-25 18:00:00,25.3,0.0,91.3,7.0,3.1
2024-01-25 19:00:00,24.9,0.0,90.9,350.0,3.2
2024-01-25 20:00:00,24.9,0.2,90.7,22.0,3.1
2024-01-25 21:00:00,24.8,0.0,89.5,62.0,5.0
2024-01-25 22:00:00,24.9,0.0,89.1,39.0,2.6
2024-01-25 23:00:00,25.1,0.0,90.3,55.0,4.7
2024-01-26 00:00:00,25.2,0.0,92.7,69.0,5.1
2024-01-26 01:00:00,25.4,0.0,91.2,51.0,4.8
2024-01-26 02:00:00,25.3,0.0,91.7,49.0,3.5
2024-01-26 03:00:00,25.2,0.0,92.4,23.0,1.8
2024-01-26 04:00:00,25.5,0.0,92.9,39.0,3.7
2024-01-26 05:00:00,25.9,0.0,91.6,8.0,3.3
2024-01-26 06:00:00,25.9,0.0,91.3,32.0,4.1
2024-01-26 07:00:00,26.0,0.0,91.1,37.0,2.7
2024-01-26 08:00:00,25.9,0.0,91.1,42.0,4.0
2024-01-26 09:00:00,26.4,0.0,87.4,54.0,6.0
2024-01-26 10:00:00,27.7,0.0,82.3,56.0,3.0
2024-01-26 11:00:00,28.7,0.0,74.5,52.0,4.8
2024-01-26 12:00:00,30.2,0.0,65.5,50.0,4.2
2024-01-26 13:00:00,29.6,0.0,68.3,57.0,5.4
2024-01-26 14:00:00,29.9,0.0,65.3,17.0,4.5
2024-01-26 15:00:00,30.6,0.0,62.7,34.0,4.5
2024-01-26 16:00:00,29.6,0.0,66.2,40.0,5.7
2024-01-26 17:00:00,29.3,0.0,67.0,49.0,6.0
2024-01-26 18:00:00,29.2,0.0,65.8,25.0,7.4
2024-01-26 19:00:00,28.3,0.0,72.0,46.0,5.2
2024-01-26 20:00:00,27.6,0.0,76.3,20.0,5.7
2024-01-26 21:00:00,27.2,0.0,79.9,12.0,5.4
2024-01-26 22:00:00,26.9,0.0,81.8,4.0,6.4
2024-01-26 23:00:00,26.8,0.0,82.6,14.0,5.1
2024-01-27 00:00:00,26.6,0.0,83.0,10.0,4.8
2024-01-27 01:00:00,26.5,0.0,83.6,21.0,5.7
2024-01-27 02:00:00,26.5,0.0,83.8,14.0,5.0
2024-01-27 03:00:00,26.4,0.0,84.7,352.0,4.6
2024-01-27 04:00:00,26.4,0.0,84.7,16.0,4.2
2024-01-27 05:00:00,26.3,0.0,85.4,23.0,4.7
2024-01-27 06:00:00,26.3,0.0,84.9,352.0,5.1
2024-01-27 07:00:00,26.2,0.0,85.2,27.0,4.1
2024-01-27 08:00:00,26.5,0.0,83.7,8.0,2.8
2024-01-27 09:00:00,27.0,0.0,80.5,341.0,4.1
2024-01-27 10:00:00,28.1,0.0,72.7,14.0,4.2
2024-01-27 11:00:00,30.0,0.0,65.1,52.0,5.6
2024-01-27 12:00:00,29.8,0.0,63.4,21.0,7.3
2024-01-27 13:00:00,30.4,0.0,63.0,48.0,4.8
2024-01-27 14:00:00,30.3,0.0,61.7,17.0,5.1
2024-01-27 15:00:00,30.5,0.0,59.6,353.0,7.3
2024-01-27 16:00:00,29.8,0.0,64.5,9.0,6.6
2024-01-27 17:00:00,29.8,0.0,64.3,4.0,6.4
2024-01-27 18:00:00,29.0,0.0,67.1,54.0,6.7
2024-01-27 19:00:00,28.4,0.0,69.7,31.0,6.1
2024-01-27 20:00:00,27.7,0.0,74.8,35.0,3.6
2024-01-27 21:00:00,27.2,0.0,78.1,337.0,5.2
2024-01-27 22:00:00,27.0,0.0,80.2,1.0,3.9
2024-01-27 23:00:00,26.9,0.0,80.4,8.0,5.8
2024-01-28 00:00:00,26.7,0.0,82.2,359.0,4.7
2024-01-28 01:00:00,26.5,0.0,82.8,353.0,3.0
2024-01-28 02:00:00,26.4,0.0,83.5,15.0,4.4
2024-01-28 03:00:00,26.1,0.0,85.4,4.0,4.3
2024-01-28 04:00:00,26.0,0.0,85.4,21.0,3.2
2024-01-28 05:00:00,25.7,0.0,86.4,343.0,3.7
2024-01-28 06:00:00,25.7,0.0,86.6,340.0,4.4
2024-01-28 07:00:00,25.6,0.0,86.1,22.0,2.6
2024-01-28 08:00:00,26.0,0.0,84.6,13.0,3.9
2024-01-28 09:00:00,27.4,0.0,77.7,321.0,2.7
2024-01-28 10:00:00,28.0,0.0,73.9,356.0,5.4
2024-01-28 11:00:00,28.1,0.0,74.6,347.0,5.6
2024-01-28 12:00:00,28.4,0.0,73.0,37.0,5.0
2024-01-28 13:00:00,28.1,0.0,79.9,65.0,4.9
2024-01-28 14:00:00,29.6,0.2,63.1,55.0,6.8
2024-01-28 15:00:00,29.6,0.0,61.2,54.0,7.3
2024-01-28 16:00:00,29.6,0.0,64.1,59.0,7.4
2024-01-28 17:00:00,29.5,0.0,66.3,35.0,4.2
2024-01-28 18:00:00,28.6,0.0,69.6,14.0,5.8
2024-01-28 19:00:00,28.1,0.0,73.0,20.0,4.5
2024-01-28 20:00:00,27.3,0.0,76.8,27.0,6.6
2024-01-28 21:00:00,27.1,0.0,78.7,26.0,3.9
2024-01-28 22:00:00,26.8,0.0,80.3,19.0,5.5
2024-01-28 23:00:00,26.7,0.0,80.6,8.0,5.5
2024-01-29 00:00:00,26.5,0.0,82.0,13.0,4.7
2024-01-29 01:00:00,26.3,0.0,82.5,16.0,4.1
2024-01-29 02:00:00,26.1,0.0,83.5,5.0,3.4
2024-01-29 03:00:00,26.0,0.0,83.8,351.0,4.7
2024-01-29 04:00:00,25.8,0.0,84.8,356.0,4.9
2024-01-29 05:00:00,25.6,0.0,86.4,342.0,4.9
2024-01-29 06:00:00,25.7,0.0,85.6,2.0,4.4
2024-01-29 07:00:00,25.6,0.0,86.1,2.0,4.0
2024-01-29 08:00:00,26.1,0.0,84.6,21.0,3.2
2024-01-29 09:00:00,26.9,0.0,79.9,349.0,3.4
2024-01-29 10:00:00,28.9,0.0,70.7,347.0,3.2
2024-01-29 11:00:00,28.0,0.0,74.3,346.0,4.5
2024-01-29 12:00:00,29.1,0.0,65.9,38.0,5.5
2024-01-29 13:00:00,29.2,0.0,64.1,50.0,6.3
2024-01-29 14:00:00,29.4,0.0,60.9,17.0,6.0
2024-01-29 15:00:00,30.0,0.0,58.8,30.0,4.5
2024-01-29 16:00:00,29.9,0.0,60.4,60.0,4.3
2024-01-29 17:00:00,29.7,0.0,60.2,37.0,5.6
2024-01-29 18:00:00,29.1,0.0,63.9,350.0,7.8
2024-01-29 19:00:00,28.3,0.0,67.1,2.0,4.1
2024-01-29 20:00:00,27.6,0.0,73.2,22.0,3.7
2024-01-29 21:00:00,27.0,0.0,76.9,358.0,5.1
2024-01-29 22:00:00,26.8,0.0,79.3,5.0,5.4
2024-01-29 23:00:00,26.7,0.0,79.4,345.0,2.8
2024-01-30 00:00:00,26.5,0.0,80.9,6.0,4.1
2024-01-30 01:00:00,26.1,0.0,83.9,340.0,3.8
2024-01-30 02:00:00,25.9,0.0,82.9,357.0,4.7
2024-01-30 03:00:00,25.9,0.0,82.0,331.0,2.8
2024-01-30 04:00:00,25.7,0.0,82.1,1.0,3.6
2024-01-30 05:00:00,25.6,0.0,83.1,5.0,3.5
2024-01-30 06:00:00,25.5,0.0,82.9,352.0,3.4
2024-01-30 07:00:00,25.6,0.0,83.4,18.0,3.7
2024-01-30 08:00:00,25.6,0.0,83.9,1.0,4.5
2024-01-30 09:00:00,26.4,0.0,81.1,343.0,4.4
2024-01-30 10:00:00,27.1,0.0,75.9,1.0,4.7
2024-01-30 11:00:00,28.4,0.0,68.4,347.0,5.1
2024-01-30 12:00:00,28.9,0.0,66.1,27.0,5.5
2024-01-30 13:00:00,27.1,0.0,78.5,35.0,2.3
2024-01-30 14:00:00,29.4,0.0,63.1,18.0,2.6
2024-01-30 15:00:00,30.2,0.0,59.9,4.0,4.6
2024-01-30 16:00:00,29.6,0.0,61.2,2.0,4.3
2024-01-30 17:00:00,29.7,0.0,61.6,18.0,3.8
2024-01-30 18:00:00,28.9,0.0,65.1,16.0,5.5
2024-01-30 19:00:00,28.1,0.0,68.2,15.0,5.1
2024-01-30 20:00:00,27.5,0.0,68.9,358.0,5.5
2024-01-30 21:00:00,27.0,0.0,74.6,20.0,2.8
2024-01-30 22:00:00,26.7,0.0,77.5,32.0,3.7
2024-01-30 23:00:00,26.5,0.0,79.9,1.0,5.1
2024-01-31 00:00:00,26.4,0.0,80.2,15.0,4.6
2024-01-31 01:00:00,26.2,0.0,82.3,358.0,5.1
2024-01-31 02:00:00,25.9,0.0,83.5,345.0,3.1
2024-01-31 03:00:00,25.8,0.0,83.5,7.0,4.3
2024-01-31 04:00:00,25.5,0.0,84.5,14.0,2.9
2024-01-31 05:00:00,25.4,0.0,84.0,350.0,4.5
2024-01-31 06:00:00,25.4,0.0,83.9,11.0,3.6
2024-01-31 07:00:00,25.4,0.0,81.9,1.0,4.5
2024-01-31 08:00:00,25.4,0.0,83.7,337.0,2.7
2024-01-31 09:00:00,26.9,0.0,77.5,337.0,2.4
2024-01-31 10:00:00,27.4,0.0,73.1,2.0,3.7
2024-01-31 11:00:00,28.0,0.0,69.7,347.0,4.6
2024-01-31 12:00:00,29.1,0.0,66.8,331.0,3.8
2024-01-31 13:00:00,30.6,0.0,61.0,317.0,2.9
2024-01-31 14:00:00,31.0,0.0,56.0,25.0,4.0
2024-01-31 15:00:00,31.9,0.0,54.4,52.0,1.8
2024-01-31 16:00:00,27.1,0.8,77.5,307.0,5.3
2024-01-31 17:00:00,29.1,0.0,68.2,20.0,4.2
2024-01-31 18:00:00,28.8,0.0,66.9,17.0,3.1
2024-01-31 19:00:00,27.9,0.0,68.1,352.0,6.1
2024-01-31 20:00:00,27.6,0.0,71.3,3.0,4.5
2024-01-31 21:00:00,27.0,0.0,77.1,42.0,2.6
2024-01-31 22:00:00,26.7,0.0,79.4,14.0,4.8
2024-01-31 23:00:00,26.4,0.0,81.3,356.0,3.9
2024-02-01 00:00:00,26.3,0.0,80.1,11.0,5.0
2024-02-01 01:00:00,26.2,0.0,81.7,10.0,3.8
2024-02-01 02:00:00,26.0,0.0,83.0,16.0,4.3
2024-02-01 03:00:00,25.9,0.0,84.0,12.0,3.0
2024-02-01 04:00:00,25.9,0.0,84.4,27.0,3.8
2024-02-01 05:00:00,25.8,0.0,85.4,353.0,3.4
2024-02-01 06:00:00,26.0,0.0,82.8,30.0,3.5
2024-02-01 07:00:00,26.0,0.0,83.9,35.0,3.4
2024-02-01 08:00:00,26.1,0.0,84.1,55.0,3.2
2024-02-01 09:00:00,26.6,0.0,79.3,358.0,3.7
2024-02-01 10:00:00,27.2,0.0,76.2,15.0,3.0
2024-02-01 11:00:00,27.8,0.0,73.2,43.0,4.4
2024-02-01 12:00:00,29.4,0.0,65.3,337.0,5.5
2024-02-01 13:00:00,31.2,0.0,58.8,36.0,3.2
2024-02-01 14:00:00,30.8,0.0,58.5,9.0,3.0
2024-02-01 15:00:00,30.6,0.0,59.9,40.0,4.6
2024-02-01 16:00:00,30.3,0.0,58.4,64.0,5.6
2024-02-01 17:00:00,29.2,0.0,63.9,56.0,7.3
2024-02-01 18:00:00,29.0,0.0,64.2,53.0,4.2
2024-02-01 19:00:00,28.4,0.0,65.5,357.0,4.7
2024-02-01 20:00:00,27.7,0.0,72.3,348.0,4.4
2024-02-01 21:00:00,27.2,0.0,76.4,354.0,5.6
2024-02-01 22:00:00,27.0,0.0,76.9,343.0,3.1
2024-02-01 23:00:00,26.9,0.0,77.9,345.0,3.1
2024-02-02 00:00:00,26.7,0.0,80.4,356.0,3.1
2024-02-02 01:00:00,26.4,0.0,82.8,353.0,3.4
2024-02-02 02:00:00,26.3,0.0,83.5,16.0,1.6
2024-02-02 03:00:00,26.2,0.0,84.4,44.0,2.1
2024-02-02 04:00:00,26.1,0.0,84.8,339.0,2.9
2024-02-02 05:00:00,26.2,0.0,85.2,5.0,2.7
2024-02-02 06:00:00,26.2,0.0,85.3,35.0,3.6
2024-02-02 07:00:00,26.1,0.0,85.7,24.0,3.0
2024-02-02 08:00:00,26.9,0.0,80.9,52.0,2.7
2024-02-02 09:00:00,27.5,0.0,78.0,24.0,4.3
2024-02-02 10:00:00,27.9,0.0,74.5,354.0,5.4
2024-02-02 11:00:00,29.6,0.0,64.5,2.0,5.3
2024-02-02 12:00:00,28.9,0.0,68.4,350.0,5.7
2024-02-02 13:00:00,30.6,0.0,59.8,343.0,5.0
2024-02-02 14:00:00,30.7,0.0,64.0,329.0,3.2
2024-02-02 15:00:00,30.2,0.0,63.4,30.0,4.4
2024-02-02 16:00:00,29.8,0.0,62.8,5.0,5.1
2024-02-02 17:00:00,26.7,0.0,83.4,250.0,3.0
2024-02-02 18:00:00,25.2,2.8,93.9,128.0,4.0
2024-02-02 19:00:00,26.7,0.0,86.0,32.0,1.7
2024-02-02 20:00:00,27.2,0.0,80.9,61.0,2.3
2024-02-02 21:00:00,27.0,0.0,82.0,37.0,2.3
2024-02-02 22:00:00,26.8,0.0,83.1,39.0,2.7
2024-02-02 23:00:00,26.7,0.0,83.5,44.0,3.5
2024-02-03 00:00:00,26.6,0.0,83.9,22.0,4.6
2024-02-03 01:00:00,26.4,0.0,84.9,4.0,4.2
2024-02-03 02:00:00,26.2,0.0,85.4,25.0,4.7
2024-02-03 03:00:00,26.3,0.0,84.5,12.0,4.7
2024-02-03 04:00:00,26.2,0.0,84.7,350.0,5.0
2024-02-03 05:00:00,26.0,0.0,85.9,23.0,4.7
2024-02-03 06:00:00,25.9,0.0,85.4,355.0,3.4
2024-02-03 07:00:00,25.8,0.0,85.8,12.0,4.1
2024-02-03 08:00:00,26.2,0.0,84.1,350.0,4.3
2024-02-03 09:00:00,27.5,0.0,77.9,7.0,3.2
2024-02-03 10:00:00,28.1,0.0,74.8,349.0,4.4
2024-02-03 11:00:00,29.9,0.0,66.3,12.0,4.5
2024-02-03 12:00:00,30.7,0.0,60.6,15.0,4.5
2024-02-03 13:00:00,31.8,0.0,55.3,330.0,3.0
2024-02-03 14:00:00,33.0,0.0,49.0,4.0,4.0
2024-02-03 15:00:00,32.3,0.0,51.9,334.0,3.7
2024-02-03 16:00:00,29.7,0.0,71.9,259.0,5.6
2024-02-03 17:00:00,27.8,0.0,84.1,177.0,4.2
2024-02-03 18:00:00,27.6,0.0,80.3,119.0,3.6
2024-02-03 19:00:00,24.5,0.0,88.4,302.0,2.0
2024-02-03 20:00:00,26.7,0.0,78.2,51.0,2.5
2024-02-03 21:00:00,27.0,0.0,81.5,84.0,1.6
2024-02-03 22:00:00,27.1,0.0,78.5,22.0,4.0
2024-02-03 23:00:00,26.7,0.0,81.1,47.0,2.0
2024-02-04 00:00:00,26.4,0.0,82.1,359.0,3.5
2024-02-04 01:00:00,26.3,0.0,82.1,357.0,3.6
2024-02-04 02:00:00,26.0,0.0,84.3,19.0,3.0
2024-02-04 03:00:00,25.5,0.0,85.5,5.0,4.1
2024-02-04 04:00:00,25.5,0.0,85.9,15.0,4.1
2024-02-04 05:00:00,25.2,0.0,86.9,294.0,2.3
2024-02-04 06:00:00,25.5,0.0,83.6,3.0,2.7
2024-02-04 07:00:00,25.3,0.0,84.4,349.0,2.8
2024-02-04 08:00:00,25.5,0.0,83.4,20.0,1.0
2024-02-04 09:00:00,27.2,0.0,72.5,349.0,2.9
2024-02-04 10:00:00,28.0,0.0,66.4,343.0,4.6
2024-02-04 11:00:00,29.6,0.0,58.9,346.0,3.6
2024-02-04 12:00:00,29.9,0.0,57.7,349.0,4.6
2024-02-04 13:00:00,31.4,0.0,53.1,3.0,3.0
2024-02-04 14:00:00,32.4,0.0,47.6,331.0,3.3
2024-02-04 15:00:00,32.8,0.0,47.6,342.0,2.7
2024-02-04 16:00:00,30.9,0.0,57.1,254.0,2.4
2024-02-04 17:00:00,30.8,0.0,59.2,201.0,8.0
2024-02-04 18:00:00,30.7,0.0,62.1,197.0,2.3
2024-02-04 19:00:00,29.6,0.0,64.3,313.0,2.8
2024-02-04 20:00:00,29.1,0.0,59.8,356.0,3.9
2024-02-04 21:00:00,27.9,0.0,70.0,9.0,5.0
2024-02-04 22:00:00,27.6,0.0,69.2,350.0,5.1
2024-02-04 23:00:00,27.2,0.0,74.9,10.0,2.8
2024-02-05 00:00:00,26.8,0.0,78.0,10.0,4.4
2024-02-05 01:00:00,26.6,0.0,78.9,25.0,2.4
2024-02-05 02:00:00,26.4,0.0,80.6,4.0,2.8
2024-02-05 03:00:00,26.0,0.0,82.8,352.0,3.7
2024-02-05 04:00:00,25.7,0.0,83.8,2.0,3.2
2024-02-05 05:00:00,25.7,0.0,82.9,4.0,2.4
2024-02-05 06:00:00,25.4,0.0,84.4,10.0,2.3
2024-02-05 07:00:00,25.5,0.0,82.8,353.0,3.3
2024-02-05 08:00:00,25.9,0.0,80.2,306.0,3.0
2024-02-05 09:00:00,27.4,0.0,75.3,15.0,3.5
2024-02-05 10:00:00,28.4,0.0,69.0,346.0,6.2
2024-02-05 11:00:00,29.5,0.0,65.0,3.0,5.5
2024-02-05 12:00:00,30.2,0.0,60.4,345.0,5.8
2024-02-05 13:00:00,31.7,0.0,56.3,353.0,3.8
2024-02-05 14:00:00,32.7,0.0,50.4,28.0,2.7
2024-02-05 15:00:00,33.7,0.0,47.6,315.0,2.2
2024-02-05 16:00:00,32.7,0.0,50.0,26.0,3.3
2024-02-05 17:00:00,31.2,0.0,57.8,56.0,4.9
2024-02-05 18:00:00,30.0,0.0,61.2,18.0,6.1
2024-02-05 19:00:00,29.0,0.0,66.8,359.0,5.4
2024-02-05 20:00:00,28.5,0.0,69.6,6.0,3.4
2024-02-05 21:00:00,27.8,0.0,71.2,341.0,2.8
2024-02-05 22:00:00,27.7,0.0,66.2,350.0,2.5
2024-02-05 23:00:00,27.2,0.0,75.4,337.0,3.5
2024-02-06 00:00:00,26.8,0.0,79.3,350.0,2.5
2024-02-06 01:00:00,26.6,0.0,80.1,27.0,2.2
2024-02-06 02:00:00,26.4,0.0,81.8,12.0,1.9
2024-02-06 03:00:00,26.2,0.0,82.4,14.0,2.4
2024-02-06 04:00:00,25.9,0.0,81.5,2.0,1.9
2024-02-06 05:00:00,25.7,0.0,80.9,327.0,1.1
2024-02-06 06:00:00,25.6,0.0,82.2,4.0,2.3
2024-02-06 07:00:00,25.8,0.0,81.8,21.0,2.3
2024-02-06 08:00:00,26.0,0.0,80.9,18.0,3.4
2024-02-06 09:00:00,27.4,0.0,73.8,8.0,4.5
2024-02-06 10:00:00,28.9,0.0,67.0,22.0,4.4
2024-02-06 11:00:00,29.7,0.0,62.6,355.0,4.1
2024-02-06 12:00:00,31.7,0.0,56.2,353.0,3.2
2024-02-06 13:00:00,31.4,0.0,56.4,339.0,5.1
2024-02-06 14:00:00,31.5,0.0,56.3,354.0,4.3
2024-02-06 15:00:00,31.9,0.0,54.9,330.0,4.7
2024-02-06 16:00:00,29.7,0.0,68.1,222.0,4.7
2024-02-06 17:00:00,29.3,0.0,69.7,196.0,7.5
2024-02-06 18:00:00,28.4,0.0,75.7,66.0,1.7
2024-02-06 19:00:00,28.3,0.0,75.5,29.0,1.7
2024-02-06 20:00:00,27.6,0.0,79.5,40.0,2.2
2024-02-06 21:00:00,27.4,0.0,81.4,23.0,3.6
2024-02-06 22:00:00,27.4,0.0,78.4,42.0,2.1
2024-02-06 23:00:00,27.2,0.0,79.7,19.0,3.9
2024-02-07 00:00:00,27.2,0.0,80.1,356.0,4.2
2024-02-07 01:00:00,26.8,0.0,84.0,5.0,4.0
2024-02-07 02:00:00,26.5,0.0,85.2,322.0,2.8
2024-02-07 03:00:00,26.4,0.0,84.1,12.0,2.8
2024-02-07 04:00:00,26.2,0.0,84.6,12.0,4.5
2024-02-07 05:00:00,26.1,0.0,84.3,3.0,4.1
2024-02-07 06:00:00,26.0,0.0,83.5,7.0,2.9
2024-02-07 07:00:00,25.9,0.0,85.3,359.0,2.5
2024-02-07 08:00:00,26.2,0.0,84.8,358.0,3.8
2024-02-07 09:00:00,27.2,0.0,79.6,12.0,1.9
2024-02-07 10:00:00,28.0,0.0,74.6,3.0,3.7
2024-02-07 11:00:00,28.7,0.0,71.4,4.0,3.7
2024-02-07 12:00:00,29.5,0.0,66.5,12.0,4.1
2024-02-07 13:00:00,31.2,0.0,59.8,35.0,3.0
2024-02-07 14:00:00,31.5,0.0,58.7,1.0,4.2
2024-02-07 15:00:00,31.0,0.0,60.1,30.0,4.6
2024-02-07 16:00:00,31.4,0.0,58.0,38.0,4.1
2024-02-07 17:00:00,30.2,0.0,62.9,55.0,5.3
2024-02-07 18:00:00,29.7,0.0,65.2,359.0,2.7
2024-02-07 19:00:00,28.8,0.0,71.3,34.0,2.4
2024-02-07 20:00:00,28.3,0.0,74.3,37.0,2.3
2024-02-07 21:00:00,27.6,0.0,76.9,13.0,4.6
2024-02-07 22:00:00,27.5,0.0,77.8,28.0,2.2
2024-02-07 23:00:00,27.1,0.0,80.1,30.0,3.2
2024-02-08 00:00:00,27.1,0.0,80.0,348.0,2.5
2024-02-08 01:00:00,26.9,0.0,81.4,11.0,1.9
2024-02-08 02:00:00,26.7,0.0,82.5,31.0,2.9
2024-02-08 03:00:00,26.5,0.0,83.7,30.0,1.8
2024-02-08 04:00:00,26.3,0.0,85.1,9.0,2.3
2024-02-08 05:00:00,26.1,0.0,88.0,352.0,1.5
2024-02-08 06:00:00,26.1,0.0,87.3,4.0,2.5
2024-02-08 07:00:00,26.2,0.0,85.5,355.0,2.6
2024-02-08 08:00:00,26.4,0.0,83.2,2.0,2.6
2024-02-08 09:00:00,27.5,0.0,78.8,302.0,2.0
2024-02-08 10:00:00,29.0,0.0,71.5,9.0,3.3
2024-02-08 11:00:00,29.5,0.0,69.0,287.0,2.6
2024-02-08 12:00:00,31.1,0.0,60.3,350.0,3.1
2024-02-08 13:00:00,32.2,0.0,55.9,296.0,2.0
2024-02-08 14:00:00,32.3,0.0,54.3,344.0,2.7
2024-02-08 15:00:00,29.9,0.0,70.7,148.0,7.0
2024-02-08 16:00:00,29.1,0.0,73.8,135.0,6.4
2024-02-08 17:00:00,27.9,0.0,79.8,65.0,3.9
2024-02-08 18:00:00,26.9,0.0,86.8,340.0,3.4
2024-02-08 19:00:00,27.6,0.0,80.0,79.0,1.5
2024-02-08 20:00:00,27.6,0.0,79.9,50.0,3.5
2024-02-08 21:00:00,27.4,0.0,80.6,38.0,2.2
2024-02-08 22:00:00,27.3,0.0,80.3,47.0,2.2
2024-02-08 23:00:00,27.2,0.0,80.3,63.0,2.0
2024-02-09 00:00:00,27.1,0.0,81.4,50.0,2.5
2024-02-09 01:00:00,26.9,0.0,83.3,5.0,3.2
2024-02-09 02:00:00,26.7,0.0,84.0,35.0,2.7
2024-02-09 03:00:00,26.6,0.0,85.3,11.0,3.5
2024-02-09 04:00:00,26.5,0.0,85.7,351.0,4.4
2024-02-09 05:00:00,26.4,0.0,86.7,340.0,3.0
2024-02-09 06:00:00,26.3,0.0,87.5,13.0,3.9
2024-02-09 07:00:00,26.2,0.0,86.6,6.0,2.4
2024-02-09 08:00:00,26.5,0.0,85.3,28.0,3.4
2024-02-09 09:00:00,27.4,0.0,81.2,353.0,4.3
2024-02-09 10:00:00,28.1,0.0,73.7,352.0,4.6
2024-02-09 11:00:00,29.5,0.0,67.6,335.0,3.9
2024-02-09 12:00:00,30.8,0.0,61.1,350.0,4.2
2024-02-09 13:00:00,31.8,0.0,53.5,358.0,2.1
2024-02-09 14:00:00,31.7,0.0,56.5,301.0,2.6
2024-02-09 15:00:00,29.9,0.0,65.0,355.0,4.4
2024-02-09 16:00:00,29.2,0.0,68.9,203.0,2.3
2024-02-09 17:00:00,25.4,0.8,91.9,216.0,5.6
2024-02-09 18:00:00,24.8,1.6,96.6,353.0,2.9
2024-02-09 19:00:00,26.0,0.0,94.3,77.0,3.6
2024-02-09 20:00:00,26.8,0.0,82.9,59.0,3.4
2024-02-09 21:00:00,26.8,0.0,78.2,12.0,4.7
2024-02-09 22:00:00,26.4,0.0,78.2,6.0,3.4
2024-02-09 23:00:00,26.2,0.0,79.6,11.0,5.1
2024-02-10 00:00:00,25.9,0.0,80.7,11.0,2.7
2024-02-10 01:00:00,25.5,0.0,82.1,2.0,3.6
2024-02-10 02:00:00,25.4,0.0,82.6,355.0,4.1
2024-02-10 03:00:00,25.3,0.0,82.2,339.0,4.6
2024-02-10 04:00:00,24.7,0.0,84.7,21.0,3.5
2024-02-10 05:00:00,24.8,0.0,82.8,358.0,4.8
2024-02-10 06:00:00,24.8,0.0,82.3,357.0,4.5
2024-02-10 07:00:00,24.6,0.0,83.7,28.0,2.9
2024-02-10 08:00:00,24.8,0.0,83.3,2.0,4.5
2024-02-10 09:00:00,26.7,0.0,76.2,20.0,3.5
2024-02-10 10:00:00,27.2,0.0,73.2,344.0,4.6
2024-02-10 11:00:00,28.2,0.0,67.5,358.0,5.6
2024-02-10 12:00:00,29.2,0.0,62.1,354.0,6.7
2024-02-10 13:00:00,31.8,0.0,54.8,17.0,3.1
2024-02-10 14:00:00,30.6,0.0,57.5,340.0,5.0
2024-02-10 15:00:00,30.8,0.0,53.3,22.0,5.8
2024-02-10 16:00:00,30.9,0.0,53.4,25.0,5.8
2024-02-10 17:00:00,30.1,0.0,57.7,41.0,4.7
2024-02-10 18:00:00,30.1,0.0,58.1,50.0,3.5
2024-02-10 19:00:00,28.9,0.0,65.6,359.0,4.3
2024-02-10 20:00:00,28.0,0.0,71.0,356.0,2.8
2024-02-10 21:00:00,27.3,0.0,75.4,346.0,4.2
2024-02-10 22:00:00,26.6,0.0,81.7,77.0,5.4
2024-02-10 23:00:00,24.3,3.6,96.2,4.0,4.8
2024-02-11 00:00:00,24.6,0.2,97.8,45.0,1.2
2024-02-11 01:00:00,24.8,0.0,97.8,21.0,2.4
2024-02-11 02:00:00,25.9,0.0,87.9,19.0,2.7
2024-02-11 03:00:00,25.6,0.0,87.0,349.0,3.1
2024-02-11 04:00:00,25.6,0.0,85.9,357.0,2.6
2024-02-11 05:00:00,25.5,0.0,84.8,16.0,2.0
2024-02-11 06:00:00,25.6,0.0,83.7,14.0,2.6
2024-02-11 07:00:00,25.5,0.0,83.8,359.0,3.3
2024-02-11 08:00:00,26.3,0.0,81.0,5.0,4.3
2024-02-11 09:00:00,27.3,0.0,77.3,356.0,3.5
2024-02-11 10:00:00,27.5,0.0,75.0,3.0,5.4
2024-02-11 11:00:00,28.3,0.0,72.5,345.0,4.7
2024-02-11 12:00:00,29.5,0.0,64.7,54.0,3.7
2024-02-11 13:00:00,30.2,0.0,60.1,52.0,4.6
2024-02-11 14:00:00,29.8,0.0,62.1,7.0,6.1
2024-02-11 15:00:00,31.8,0.0,53.3,355.0,5.3
2024-02-11 16:00:00,32.2,0.0,52.0,29.0,3.2
2024-02-11 17:00:00,30.3,0.0,56.8,1.0,6.9
2024-02-11 18:00:00,29.6,0.0,64.0,347.0,5.4
2024-02-11 19:00:00,27.8,0.0,69.5,12.0,4.9
2024-02-11 20:00:00,27.4,0.0,73.6,359.0,5.9
2024-02-11 21:00:00,27.2,0.0,75.9,344.0,4.3
2024-02-11 22:00:00,26.6,0.0,80.3,69.0,4.5
2024-02-11 23:00:00,24.8,0.4,93.8,78.0,4.9
2024-02-12 00:00:00,25.7,0.0,89.4,2.0,3.8
2024-02-12 01:00:00,26.0,0.0,85.2,355.0,4.5
2024-02-12 02:00:00,26.1,0.0,83.0,348.0,4.3
2024-02-12 03:00:00,26.2,0.0,81.5,347.0,3.5
2024-02-12 04:00:00,26.1,0.0,82.1,2.0,3.3
2024-02-12 05:00:00,26.2,0.0,81.3,12.0,3.4
2024-02-12 06:00:00,26.2,0.0,80.7,11.0,3.9
2024-02-12 07:00:00,25.8,0.0,83.2,11.0,4.2
2024-02-12 08:00:00,26.2,0.0,81.6,10.0,3.9
2024-02-12 09:00:00,25.7,0.0,81.7,343.0,6.0
2024-02-12 10:00:00,26.0,0.0,83.7,72.0,2.5
2024-02-12 11:00:00,26.6,0.0,82.4,358.0,4.3
2024-02-12 12:00:00,27.1,0.0,80.6,345.0,4.5
2024-02-12 13:00:00,28.4,0.0,70.1,23.0,4.4
2024-02-12 14:00:00,27.9,0.0,71.2,14.0,3.6
2024-02-12 15:00:00,25.0,0.0,88.8,3.0,4.5
2024-02-12 16:00:00,25.0,0.2,92.4,16.0,5.3
2024-02-12 17:00:00,26.4,0.0,83.2,358.0,3.8
2024-02-12 18:00:00,27.4,0.0,75.7,358.0,7.1
2024-02-12 19:00:00,26.9,0.0,77.7,357.0,5.0
2024-02-12 20:00:00,26.4,0.0,79.4,1.0,5.5
2024-02-12 21:00:00,26.1,0.0,82.3,7.0,3.8
2024-02-12 22:00:00,26.1,0.0,83.1,359.0,6.1
2024-02-12 23:00:00,26.1,0.0,83.5,353.0,4.6
2024-02-13 00:00:00,26.2,0.0,82.4,358.0,3.9
2024-02-13 01:00:00,25.8,0.0,85.3,353.0,3.1
2024-02-13 02:00:00,25.7,0.0,84.8,2.0,4.2
2024-02-13 03:00:00,25.5,0.0,86.9,349.0,4.2
2024-02-13 04:00:00,25.5,0.0,86.7,8.0,2.7
2024-02-13 05:00:00,25.5,0.0,85.4,6.0,3.3
2024-02-13 06:00:00,25.6,0.0,84.5,354.0,4.5
2024-02-13 07:00:00,25.6,0.0,84.7,351.0,4.0
2024-02-13 08:00:00,24.8,0.6,90.9,19.0,5.1
2024-02-13 09:00:00,25.1,0.0,88.7,347.0,4.7
2024-02-13 10:00:00,26.3,0.0,84.1,359.0,4.4
2024-02-13 11:00:00,27.2,0.0,79.8,342.0,6.0
2024-02-13 12:00:00,28.1,0.0,82.0,23.0,2.4
2024-02-13 13:00:00,24.8,5.2,90.3,24.0,7.6
2024-02-13 14:00:00,25.3,0.0,92.9,357.0,3.5
2024-02-13 15:00:00,26.6,0.0,86.5,27.0,6.3
2024-02-13 16:00:00,27.2,0.0,83.0,28.0,5.1
2024-02-13 17:00:00,27.9,0.0,76.0,29.0,3.9
2024-02-13 18:00:00,27.6,0.0,78.4,10.0,5.9
2024-02-13 19:00:00,27.4,0.0,78.6,4.0,4.6
2024-02-13 20:00:00,27.2,0.0,79.4,9.0,6.6
2024-02-13 21:00:00,26.9,0.0,80.7,31.0,4.0
2024-02-13 22:00:00,26.8,0.0,81.8,6.0,4.4
2024-02-13 23:00:00,26.7,0.0,83.4,352.0,3.5
2024-02-14 00:00:00,26.5,0.0,85.3,16.0,4.5
2024-02-14 01:00:00,26.4,0.0,85.8,20.0,4.0
2024-02-14 02:00:00,26.4,0.0,85.9,7.0,2.9
2024-02-14 03:00:00,26.1,0.0,89.2,59.0,1.5
2024-02-14 04:00:00,26.0,0.0,90.1,14.0,3.2
2024-02-14 05:00:00,25.6,0.0,87.2,44.0,3.7
2024-02-14 06:00:00,25.9,0.0,88.1,45.0,4.2
2024-02-14 07:00:00,26.0,0.0,88.8,46.0,3.4
2024-02-14 08:00:00,26.6,0.0,86.4,65.0,1.6
2024-02-14 09:00:00,27.1,0.0,83.7,346.0,3.1
2024-02-14 10:00:00,27.6,0.0,80.0,12.0,4.6
2024-02-14 11:00:00,28.9,0.0,72.6,70.0,6.1
2024-02-14 12:00:00,29.0,0.0,74.3,354.0,6.2
2024-02-14 13:00:00,29.6,0.0,66.1,48.0,7.6
2024-02-14 14:00:00,29.8,0.0,62.9,38.0,8.39999
2024-02-14 15:00:00,29.1,0.0,67.8,55.0,8.0
2024-02-14 16:00:00,28.9,0.0,67.4,56.0,8.7
2024-02-14 17:00:00,27.7,0.0,72.7,54.0,5.3
2024-02-14 18:00:00,28.3,0.0,75.1,10.0,5.5
2024-02-14 19:00:00,28.1,0.0,75.0,43.0,2.9
2024-02-14 20:00:00,27.7,0.0,77.6,35.0,3.0
2024-02-14 21:00:00,27.4,0.0,79.4,16.0,5.1
2024-02-14 22:00:00,27.3,0.0,80.6,18.0,5.5
2024-02-14 23:00:00,27.0,0.0,82.5,5.0,4.4
2024-02-15 00:00:00,26.8,0.0,83.5,356.0,4.1
2024-02-15 01:00:00,26.7,0.0,83.7,337.0,3.7
2024-02-15 02:00:00,25.6,0.0,87.9,7.0,4.4
2024-02-15 03:00:00,25.5,0.0,90.3,8.0,3.5
2024-02-15 04:00:00,25.7,0.0,89.7,12.0,2.4
2024-02-15 05:00:00,25.9,0.0,87.5,350.0,3.1
2024-02-15 06:00:00,25.9,0.0,87.4,17.0,3.1
2024-02-15 07:00:00,25.7,0.0,88.4,3.0,3.1
2024-02-15 08:00:00,25.9,0.0,87.2,335.0,3.2
2024-02-15 09:00:00,26.8,0.0,82.7,352.0,5.1
2024-02-15 10:00:00,26.4,0.0,83.9,355.0,6.3
2024-02-15 11:00:00,26.3,0.0,85.5,331.0,4.1
2024-02-15 12:00:00,25.1,0.2,95.7,21.0,2.9
2024-02-15 13:00:00,26.5,0.0,89.6,359.0,2.4
2024-02-15 14:00:00,28.3,0.0,73.7,352.0,4.5
2024-02-15 15:00:00,28.2,0.0,72.0,10.0,5.2
2024-02-15 16:00:00,28.7,0.0,68.0,7.0,5.9
2024-02-15 17:00:00,27.6,0.0,71.0,6.0,7.3
2024-02-15 18:00:00,26.0,0.0,87.1,14.0,5.2
2024-02-15 19:00:00,27.0,0.0,80.6,358.0,6.1
2024-02-15 20:00:00,26.7,0.0,82.0,2.0,4.9
2024-02-15 21:00:00,26.6,0.0,83.3,342.0,5.1
2024-02-15 22:00:00,26.6,0.0,83.4,4.0,3.9
2024-02-15 23:00:00,26.6,0.0,83.8,8.0,3.7
2024-02-16 00:00:00,26.6,0.0,83.2,1.0,4.7
2024-02-16 01:00:00,26.5,0.0,83.1,9.0,3.8
2024-02-16 02:00:00,26.4,0.0,84.5,6.0,4.9
2024-02-16 03:00:00,26.2,0.0,86.7,10.0,2.6
2024-02-16 04:00:00,26.2,0.0,86.4,348.0,2.2
2024-02-16 05:00:00,26.2,0.0,85.4,5.0,1.7
2024-02-16 06:00:00,26.3,0.0,84.7,16.0,4.4
2024-02-16 07:00:00,26.2,0.0,85.0,356.0,2.3
2024-02-16 08:00:00,26.3,0.0,85.6,356.0,3.3
2024-02-16 09:00:00,27.4,0.0,81.1,343.0,5.3
2024-02-16 10:00:00,27.6,0.0,79.1,4.0,5.9
2024-02-16 11:00:00,29.2,0.0,70.3,348.0,4.0
2024-02-16 12:00:00,29.5,0.0,70.4,347.0,2.9
2024-02-16 13:00:00,30.5,0.0,64.2,32.0,3.7
2024-02-16 14:00:00,30.1,0.0,63.1,55.0,4.4
2024-02-16 15:00:00,30.3,0.0,63.2,19.0,5.8
2024-02-16 16:00:00,29.8,0.0,64.4,41.0,5.6
2024-02-16 17:00:00,29.2,0.0,63.1,23.0,8.60001
2024-02-16 18:00:00,29.1,0.0,65.0,38.0,5.2
2024-02-16 19:00:00,28.6,0.0,68.6,352.0,3.9
2024-02-16 20:00:00,26.6,0.0,79.1,7.0,4.7
2024-02-16 21:00:00,26.5,0.0,77.8,14.0,4.0
2024-02-16 22:00:00,26.4,0.0,79.9,358.0,3.5
2024-02-16 23:00:00,26.3,0.0,81.2,5.0,2.8
2024-02-17 00:00:00,26.3,0.0,82.1,55.0,2.7
2024-02-17 01:00:00,26.3,0.0,82.2,10.0,2.1
2024-02-17 02:00:00,26.3,0.0,81.1,23.0,3.7
2024-02-17 03:00:00,26.3,0.0,81.8,1.0,2.8
2024-02-17 04:00:00,26.4,0.0,79.8,28.0,3.2
2024-02-17 05:00:00,26.3,0.0,78.9,32.0,3.2
2024-02-17 06:00:00,26.0,0.0,81.5,342.0,2.7
2024-02-17 07:00:00,26.0,0.0,81.2,14.0,3.4
2024-02-17 08:00:00,26.2,0.0,81.2,9.0,2.8
2024-02-17 09:00:00,26.9,0.0,78.6,359.0,4.6
2024-02-17 10:00:00,27.5,0.0,74.2,352.0,3.9
2024-02-17 11:00:00,29.4,0.0,64.6,17.0,4.5
2024-02-17 12:00:00,29.9,0.0,62.9,14.0,4.3
2024-02-17 13:00:00,30.5,0.0,60.6,349.0,3.7
2024-02-17 14:00:00,28.6,0.0,66.3,67.0,6.7
2024-02-17 15:00:00,29.1,0.0,66.3,47.0,5.7
2024-02-17 16:00:00,29.7,0.0,59.7,354.0,5.1
2024-02-17 17:00:00,29.2,0.0,63.7,63.0,5.0
2024-02-17 18:00:00,27.9,0.0,71.5,44.0,4.5
2024-02-17 19:00:00,27.9,0.0,68.8,46.0,4.3
2024-02-17 20:00:00,27.3,0.0,76.7,23.0,4.0
2024-02-17 21:00:00,27.1,0.0,76.9,357.0,4.7
2024-02-17 22:00:00,27.0,0.0,77.0,38.0,4.5
2024-02-17 23:00:00,26.8,0.0,78.9,15.0,3.1
2024-02-18 00:00:00,26.6,0.0,79.4,17.0,4.1
2024-02-18 01:00:00,26.5,0.0,79.7,9.0,2.7
2024-02-18 02:00:00,26.4,0.0,80.1,44.0,2.1
2024-02-18 03:00:00,26.3,0.0,81.4,23.0,2.2
2024-02-18 04:00:00,26.2,0.0,80.9,336.0,2.7
2024-02-18 05:00:00,26.1,0.0,82.1,31.0,3.0
2024-02-18 06:00:00,26.0,0.0,82.6,62.0,2.8
2024-02-18 07:00:00,25.9,0.0,84.3,26.0,2.4
2024-02-18 08:00:00,26.2,0.0,83.1,25.0,2.4
2024-02-18 09:00:00,27.1,0.0,79.7,343.0,2.3
2024-02-18 10:00:00,28.1,0.0,72.4,354.0,3.3
2024-02-18 11:00:00,29.3,0.0,63.6,28.0,4.6
2024-02-18 12:00:00,30.6,0.0,59.7,157.0,2.7
2024-02-18 13:00:00,31.0,0.0,58.1,44.0,2.2
2024-02-18 14:00:00,32.2,0.0,53.7,32.0,2.4
2024-02-18 15:00:00,30.7,0.0,60.0,350.0,3.1
2024-02-18 16:00:00,31.0,0.0,58.6,12.0,3.9
2024-02-18 17:00:00,31.0,0.0,56.9,62.0,5.8
2024-02-18 18:00:00,29.7,0.0,61.0,28.0,3.6
2024-02-18 19:00:00,28.8,0.0,65.2,28.0,3.7
2024-02-18 20:00:00,28.1,0.0,69.4,52.0,3.2
2024-02-18 21:00:00,27.7,0.0,72.6,44.0,3.1
2024-02-18 22:00:00,27.4,0.0,76.8,92.0,2.2
2024-02-18 23:00:00,27.0,0.0,80.4,8.0,5.6
2024-02-19 00:00:00,26.9,0.0,81.4,14.0,4.4
2024-02-19 01:00:00,26.8,0.0,82.1,60.0,3.7
2024-02-19 02:00:00,26.7,0.0,83.2,7.0,3.4
2024-02-19 03:00:00,26.4,0.0,84.4,29.0,4.6
2024-02-19 04:00:00,26.3,0.0,85.2,326.0,3.0
2024-02-19 05:00:00,26.1,0.0,86.5,5.0,4.5
2024-02-19 06:00:00,26.1,0.0,86.3,6.0,4.3
2024-02-19 07:00:00,26.1,0.0,85.7,4.0,3.7
2024-02-19 08:00:00,26.6,0.0,84.3,347.0,3.4
2024-02-19 09:00:00,27.5,0.0,78.8,6.0,3.2
2024-02-19 10:00:00,28.8,0.0,70.3,24.0,4.9
2024-02-19 11:00:00,30.3,0.0,63.4,24.0,3.5
2024-02-19 12:00:00,31.6,0.0,56.8,63.0,5.2
2024-02-19 13:00:00,30.6,0.0,61.9,38.0,4.1
2024-02-19 14:00:00,31.5,0.0,58.4,21.0,4.1
2024-02-19 15:00:00,31.5,0.0,55.7,42.0,4.0
2024-02-19 16:00:00,30.6,0.0,61.4,36.0,5.4
2024-02-19 17:00:00,30.1,0.0,64.9,55.0,5.9
2024-02-19 18:00:00,29.6,0.0,66.3,62.0,7.6
2024-02-19 19:00:00,28.9,0.0,70.3,53.0,6.1
2024-02-19 20:00:00,28.2,0.0,74.3,55.0,5.1
2024-02-19 21:00:00,27.8,0.0,76.4,55.0,3.9
2024-02-19 22:00:00,27.5,0.0,80.5,73.0,3.7
2024-02-19 23:00:00,27.4,0.0,82.2,75.0,3.6
2024-02-20 00:00:00,27.3,0.0,80.8,8.0,2.7
2024-02-20 01:00:00,27.1,0.0,83.1,3.0,2.6
2024-02-20 02:00:00,26.8,0.0,85.1,7.0,4.5
2024-02-20 03:00:00,26.6,0.0,86.6,8.0,3.6
2024-02-20 04:00:00,26.6,0.0,83.4,7.0,4.2
2024-02-20 05:00:00,26.5,0.0,83.9,25.0,2.2
2024-02-20 06:00:00,26.4,0.0,85.3,354.0,3.4
2024-02-20 07:00:00,26.3,0.0,86.0,347.0,4.4
2024-02-20 08:00:00,26.7,0.0,82.8,353.0,3.0
2024-02-20 09:00:00,27.8,0.0,76.0,345.0,3.2
2024-02-20 10:00:00,29.6,0.0,68.4,323.0,2.6
2024-02-20 11:00:00,29.5,0.0,68.1,341.0,2.7
2024-02-20 12:00:00,31.0,0.0,60.8,1.0,4.1
2024-02-20 13:00:00,32.3,0.0,54.6,327.0,2.3
2024-02-20 14:00:00,33.6,0.0,51.7,97.0,2.8
2024-02-20 15:00:00,32.3,0.0,56.0,75.0,3.6
2024-02-20 16:00:00,29.7,0.0,71.0,214.0,5.1
2024-02-20 17:00:00,29.8,0.0,73.7,164.0,6.0
2024-02-20 18:00:00,29.6,0.0,68.9,59.0,3.7
2024-02-20 19:00:00,29.0,0.0,70.2,87.0,4.7
2024-02-20 20:00:00,28.2,0.0,74.7,74.0,5.2
2024-02-20 21:00:00,27.7,0.0,76.6,59.0,6.2
2024-02-20 22:00:00,27.6,0.0,77.2,66.0,3.7
2024-02-20 23:00:00,27.5,0.0,77.7,2.0,4.5
2024-02-21 00:00:00,27.4,0.0,79.1,19.0,3.0
2024-02-21 01:00:00,27.2,0.0,80.1,39.0,3.4
2024-02-21 02:00:00,26.9,0.0,82.5,344.0,2.6
2024-02-21 03:00:00,26.6,0.0,85.4,345.0,3.8
2024-02-21 04:00:00,26.4,0.0,85.3,3.0,1.8
2024-02-21 05:00:00,26.4,0.0,85.5,4.0,3.4
2024-02-21 06:00:00,26.2,0.0,86.0,29.0,3.7
2024-02-21 07:00:00,26.1,0.0,87.0,25.0,2.6
2024-02-21 08:00:00,26.3,0.0,86.1,13.0,3.5
2024-02-21 09:00:00,27.3,0.0,80.5,347.0,3.2
2024-02-21 10:00:00,28.5,0.0,73.4,334.0,2.7
2024-02-21 11:00:00,29.4,0.0,70.3,356.0,1.7
2024-02-21 12:00:00,31.1,0.0,61.9,37.0,2.4
2024-02-21 13:00:00,32.7,0.0,57.2,333.0,1.6
2024-02-21 14:00:00,33.0,0.0,53.7,11.0,2.3
2024-02-21 15:00:00,30.0,0.0,70.5,116.0,6.9
2024-02-21 16:00:00,30.0,0.0,70.7,111.0,8.89999
2024-02-21 17:00:00,28.8,0.0,75.9,86.0,5.5
2024-02-21 18:00:00,28.0,0.0,81.0,16.0,2.0
2024-02-21 19:00:00,28.1,0.0,78.0,34.0,5.0
2024-02-21 20:00:00,27.8,0.0,77.8,51.0,3.1
2024-02-21 21:00:00,27.4,0.0,78.3,350.0,3.5
2024-02-21 22:00:00,27.3,0.0,78.6,7.0,4.3
2024-02-21 23:00:00,27.3,0.0,79.1,49.0,2.8
2024-02-22 00:00:00,27.0,0.0,81.5,63.0,3.2
2024-02-22 01:00:00,26.9,0.0,81.3,58.0,2.3
2024-02-22 02:00:00,26.7,0.0,81.3,11.0,3.6
2024-02-22 03:00:00,26.5,0.0,82.0,66.0,3.7
2024-02-22 04:00:00,26.4,0.0,82.7,66.0,2.2
2024-02-22 05:00:00,26.3,0.0,83.3,17.0,3.6
2024-02-22 06:00:00,26.3,0.0,83.0,35.0,2.0
2024-02-22 07:00:00,26.3,0.0,82.5,45.0,2.4
2024-02-22 08:00:00,26.7,0.0,81.3,88.0,1.7
2024-02-22 09:00:00,27.7,0.0,76.3,52.0,2.7
2024-02-22 10:00:00,30.1,0.0,66.7,358.0,1.8
2024-02-22 11:00:00,30.8,0.0,61.4,351.0,2.2
2024-02-22 12:00:00,31.6,0.0,59.2,258.0,1.7
2024-02-22 13:00:00,30.0,0.0,67.4,124.0,3.7
2024-02-22 14:00:00,30.6,0.0,66.2,116.0,3.4
2024-02-22 15:00:00,31.4,0.0,62.6,90.0,5.8
2024-02-22 16:00:00,30.1,0.0,66.4,97.0,7.1
2024-02-22 17:00:00,27.4,2.4,83.9,73.0,6.6
2024-02-22 18:00:00,24.2,2.0,95.3,274.0,7.8
2024-02-22 19:00:00,27.0,0.0,84.1,11.0,1.8
2024-02-22 20:00:00,27.2,0.0,80.7,48.0,2.4
2024-02-22 21:00:00,27.1,0.0,80.2,61.0,2.0
2024-02-22 22:00:00,27.1,0.0,78.2,31.0,4.3
2024-02-22 23:00:00,27.0,0.0,78.8,5.0,3.3
2024-02-23 00:00:00,26.9,0.0,79.2,34.0,3.2
2024-02-23 01:00:00,26.8,0.0,80.1,50.0,2.6
2024-02-23 02:00:00,26.6,0.0,81.3,15.0,2.3
2024-02-23 03:00:00,26.4,0.0,82.7,9.0,2.4
2024-02-23 04:00:00,26.2,0.0,84.0,353.0,2.8
2024-02-23 05:00:00,26.2,0.0,84.6,19.0,3.1
2024-02-23 06:00:00,26.2,0.0,84.5,28.0,2.2
2024-02-23 07:00:00,26.5,0.0,82.8,28.0,3.1
2024-02-23 08:00:00,26.6,0.0,82.9,348.0,2.9
2024-02-23 09:00:00,27.1,0.0,80.3,183.0,4.8
2024-02-23 10:00:00,28.4,0.0,72.8,18.0,3.8
2024-02-23 11:00:00,30.2,0.0,65.9,48.0,3.4
2024-02-23 12:00:00,31.2,0.0,61.2,10.0,3.1
2024-02-23 13:00:00,30.9,0.0,63.5,15.0,3.2
2024-02-23 14:00:00,30.3,0.0,65.7,1.0,3.2
2024-02-23 15:00:00,30.0,0.0,65.8,47.0,5.1
2024-02-23 16:00:00,29.7,0.0,67.4,249.0,3.7
2024-02-23 17:00:00,29.3,0.0,69.2,64.0,5.4
2024-02-23 18:00:00,28.9,0.0,70.2,59.0,5.0
2024-02-23 19:00:00,28.4,0.0,71.4,33.0,3.3
2024-02-23 20:00:00,27.8,0.0,73.5,36.0,3.3
2024-02-23 21:00:00,27.5,0.0,74.1,32.0,4.1
2024-02-23 22:00:00,27.3,0.0,74.6,37.0,5.2
2024-02-23 23:00:00,27.1,0.0,77.0,5.0,5.1
2024-02-24 00:00:00,27.0,0.0,77.8,53.0,3.2
2024-02-24 01:00:00,26.9,0.0,78.1,13.0,3.8
2024-02-24 02:00:00,26.7,0.0,79.3,68.0,1.5
2024-02-24 03:00:00,26.7,0.0,78.8,354.0,3.1
2024-02-24 04:00:00,26.5,0.0,79.6,10.0,3.7
2024-02-24 05:00:00,26.3,0.0,80.4,3.0,3.2
2024-02-24 06:00:00,26.2,0.0,81.8,358.0,2.8
2024-02-24 07:00:00,26.1,0.0,81.4,1.0,3.4
2024-02-24 08:00:00,26.4,0.0,80.5,352.0,3.1
2024-02-24 09:00:00,27.8,0.0,73.1,19.0,4.3
2024-02-24 10:00:00,28.2,0.0,69.0,4.0,5.1
2024-02-24 11:00:00,29.1,0.0,67.6,354.0,4.8
2024-02-24 12:00:00,30.2,0.0,60.8,33.0,3.5
2024-02-24 13:00:00,29.7,0.0,61.7,66.0,4.5
2024-02-24 14:00:00,30.1,0.0,60.1,49.0,3.7
2024-02-24 15:00:00,30.4,0.0,57.8,2.0,3.1
2024-02-24 16:00:00,29.8,0.0,59.7,44.0,3.2
2024-02-24 17:00:00,29.9,0.0,59.1,70.0,4.3
2024-02-24 18:00:00,29.4,0.0,59.6,37.0,4.9
2024-02-24 19:00:00,28.6,0.0,64.1,24.0,4.0
2024-02-24 20:00:00,27.9,0.0,68.7,354.0,3.9
2024-02-24 21:00:00,27.4,0.0,72.4,13.0,5.5
2024-02-24 22:00:00,27.1,0.0,75.4,20.0,5.3
2024-02-24 23:00:00,27.0,0.0,76.6,5.0,5.6
2024-02-25 00:00:00,26.8,0.0,77.5,14.0,5.3
2024-02-25 01:00:00,26.7,0.0,78.4,359.0,4.6
2024-02-25 02:00:00,26.5,0.0,79.6,14.0,3.9
2024-02-25 03:00:00,26.4,0.0,80.2,14.0,4.7
2024-02-25 04:00:00,26.2,0.0,81.4,21.0,4.5
2024-02-25 05:00:00,26.2,0.0,81.5,20.0,4.5
2024-02-25 06:00:00,26.0,0.0,82.1,7.0,3.3
2024-02-25 07:00:00,25.9,0.0,83.0,1.0,3.7
2024-02-25 08:00:00,26.5,0.0,80.8,4.0,3.3
2024-02-25 09:00:00,27.7,0.0,74.8,7.0,3.4
2024-02-25 10:00:00,29.2,0.0,68.5,348.0,2.5
2024-02-25 11:00:00,29.9,0.0,62.6,344.0,3.5
2024-02-25 12:00:00,30.6,0.0,56.5,31.0,3.5
2024-02-25 13:00:00,31.2,0.0,53.0,18.0,4.6
2024-02-25 14:00:00,31.4,0.0,51.9,1.0,4.4
2024-02-25 15:00:00,31.8,0.0,52.9,43.0,4.9
2024-02-25 16:00:00,31.2,0.0,53.0,359.0,6.1
2024-02-25 17:00:00,31.1,0.0,55.0,70.0,5.5
2024-02-25 18:00:00,30.6,0.0,57.7,64.0,5.1
2024-02-25 19:00:00,29.3,0.0,66.3,58.0,5.3
2024-02-25 20:00:00,28.3,0.0,69.6,63.0,4.5
2024-02-25 21:00:00,28.0,0.0,73.4,31.0,2.6
2024-02-25 22:00:00,27.8,0.0,74.6,28.0,5.0
2024-02-25 23:00:00,27.6,0.0,77.1,39.0,3.6
2024-02-26 00:00:00,27.3,0.0,79.2,8.0,6.1
2024-02-26 01:00:00,27.2,0.0,80.3,17.0,5.2
2024-02-26 02:00:00,27.0,0.0,81.4,359.0,4.6
2024-02-26 03:00:00,26.7,0.0,82.9,19.0,4.2
2024-02-26 04:00:00,26.6,0.0,84.7,35.0,4.0
2024-02-26 05:00:00,26.6,0.0,83.3,25.0,3.3
2024-02-26 06:00:00,26.5,0.0,82.2,26.0,4.3
2024-02-26 07:00:00,26.6,0.0,82.2,33.0,3.5
2024-02-26 08:00:00,26.9,0.0,81.9,36.0,2.9
2024-02-26 09:00:00,27.9,0.0,76.1,32.0,4.9
2024-02-26 10:00:00,28.9,0.0,70.5,45.0,3.7
2024-02-26 11:00:00,29.2,0.0,67.0,53.0,6.1
2024-02-26 12:00:00,29.9,0.0,63.8,46.0,7.4
2024-02-26 13:00:00,30.2,0.0,62.7,64.0,7.1
2024-02-26 14:00:00,30.3,0.0,60.6,357.0,6.3
2024-02-26 15:00:00,31.4,0.0,57.5,81.0,6.6
2024-02-26 16:00:00,30.7,0.0,58.2,54.0,5.8
2024-02-26 17:00:00,30.1,0.0,62.5,44.0,6.3
2024-02-26 18:00:00,29.9,0.0,62.8,33.0,5.5
2024-02-26 19:00:00,29.0,0.0,66.7,32.0,4.7
2024-02-26 20:00:00,28.3,0.0,72.1,20.0,4.9
2024-02-26 21:00:00,27.8,0.0,75.1,31.0,4.0
2024-02-26 22:00:00,27.6,0.0,76.9,6.0,6.7
2024-02-26 23:00:00,27.5,0.0,77.4,20.0,4.7
2024-02-27 00:00:00,27.4,0.0,77.9,2.0,3.8
2024-02-27 01:00:00,27.2,0.0,79.4,20.0,2.9
2024-02-27 02:00:00,27.2,0.0,79.8,11.0,3.0
2024-02-27 03:00:00,27.0,0.0,80.5,33.0,4.5
2024-02-27 04:00:00,26.9,0.0,81.2,329.0,2.8
2024-02-27 05:00:00,26.9,0.0,80.4,1.0,2.9
2024-02-27 06:00:00,27.0,0.0,79.5,25.0,3.3
2024-02-27 07:00:00,27.0,0.0,80.0,4.0,5.3
2024-02-27 08:00:00,27.0,0.0,80.0,20.0,3.7
2024-02-27 09:00:00,27.4,0.0,78.7,349.0,3.5
2024-02-27 10:00:00,27.6,0.0,76.9,355.0,4.8
2024-02-27 11:00:00,27.8,0.0,75.7,6.0,3.9
2024-02-27 12:00:00,28.5,0.0,72.4,1.0,3.1
2024-02-27 13:00:00,28.4,0.0,72.5,76.0,4.6
2024-02-27 14:00:00,27.9,0.0,68.1,50.0,3.5
2024-02-27 15:00:00,28.6,0.0,70.7,37.0,4.6
2024-02-27 16:00:00,28.9,0.0,68.4,3.0,4.7
2024-02-27 17:00:00,28.9,0.0,67.6,10.0,6.0
2024-02-27 18:00:00,28.9,0.0,66.2,343.0,4.4
2024-02-27 19:00:00,28.5,0.0,70.7,356.0,3.9
2024-02-27 20:00:00,28.0,0.0,73.2,16.0,3.2
2024-02-27 21:00:00,27.4,0.0,77.1,10.0,7.3
2024-02-27 22:00:00,27.2,0.0,75.0,17.0,4.5
2024-02-27 23:00:00,27.0,0.0,80.0,11.0,5.4
2024-02-28 00:00:00,27.0,0.0,81.2,16.0,4.3
2024-02-28 01:00:00,27.1,0.0,80.5,20.0,3.4
2024-02-28 02:00:00,27.0,0.0,80.0,10.0,4.9
2024-02-28 03:00:00,27.0,0.0,80.4,10.0,6.3
2024-02-28 04:00:00,26.8,0.0,80.7,338.0,3.3
2024-02-28 05:00:00,26.7,0.0,80.2,351.0,4.5
2024-02-28 06:00:00,26.6,0.0,79.8,5.0,3.9
2024-02-28 07:00:00,26.6,0.0,79.3,25.0,3.6
2024-02-28 08:00:00,27.0,0.0,76.5,32.0,3.5
2024-02-28 09:00:00,27.7,0.0,71.3,30.0,4.9
2024-02-28 10:00:00,28.7,0.0,65.3,46.0,7.5
2024-02-28 11:00:00,29.8,0.0,59.3,9.0,4.9
2024-02-28 12:00:00,29.6,0.0,63.3,4.0,5.3
2024-02-28 13:00:00,30.1,0.0,60.8,9.0,5.0
2024-02-28 14:00:00,30.2,0.0,58.5,26.0,5.7
2024-02-28 15:00:00,30.7,0.0,54.2,4.0,6.4
2024-02-28 16:00:00,31.3,0.0,49.2,42.0,4.0
2024-02-28 17:00:00,30.8,0.0,51.2,1.0,4.6
2024-02-28 18:00:00,29.6,0.0,56.1,13.0,7.5
2024-02-28 19:00:00,28.9,0.0,58.5,356.0,5.9
2024-02-28 20:00:00,28.3,0.0,62.2,18.0,3.6
2024-02-28 21:00:00,27.7,0.0,69.7,357.0,4.8
2024-02-28 22:00:00,27.5,0.0,73.1,9.0,4.7
2024-02-28 23:00:00,27.1,0.0,76.4,2.0,3.6
2024-02-29 00:00:00,26.9,0.0,77.0,358.0,4.4
2024-02-29 01:00:00,26.8,0.0,77.3,356.0,5.2
2024-02-29 02:00:00,26.5,0.0,78.8,16.0,3.9
2024-02-29 03:00:00,26.3,0.0,79.8,1.0,2.9
2024-02-29 04:00:00,26.2,0.0,81.2,7.0,3.6
2024-02-29 05:00:00,26.0,0.0,81.6,356.0,4.3
2024-02-29 06:00:00,25.9,0.0,82.1,340.0,4.6
2024-02-29 07:00:00,26.1,0.0,81.1,358.0,3.5
2024-02-29 08:00:00,26.7,0.0,79.1,355.0,2.9
2024-02-29 09:00:00,27.8,0.0,74.9,352.0,4.3
2024-02-29 10:00:00,29.0,0.0,66.5,1.0,3.7
2024-02-29 11:00:00,29.7,0.0,60.4,335.0,4.8
2024-02-29 12:00:00,30.6,0.0,57.4,9.0,5.3
2024-02-29 13:00:00,31.3,0.0,50.9,6.0,5.5
2024-02-29 14:00:00,32.1,0.0,49.4,349.0,4.8
2024-02-29 15:00:00,31.3,0.0,50.8,20.0,4.9
2024-02-29 16:00:00,32.4,0.0,46.2,37.0,3.9
2024-02-29 17:00:00,31.9,0.0,49.1,43.0,5.7
2024-02-29 18:00:00,31.6,0.0,54.0,358.0,3.7
2024-02-29 19:00:00,30.2,0.0,59.8,56.0,4.8
2024-02-29 20:00:00,29.3,0.0,65.5,3.0,4.3
2024-02-29 21:00:00,28.6,0.0,70.6,350.0,5.0
2024-02-29 22:00:00,28.0,0.0,74.6,14.0,3.0
2024-02-29 23:00:00,27.6,0.0,77.3,357.0,4.7
2024-03-01 00:00:00,27.4,0.0,79.3,6.0,4.0
2024-03-01 01:00:00,27.1,0.0,80.1,3.0,3.7
2024-03-01 02:00:00,27.5,0.0,73.0,17.0,4.2
2024-03-01 03:00:00,27.1,0.0,80.1,358.0,3.6
2024-03-01 04:00:00,27.0,0.0,82.1,12.0,4.5
2024-03-01 05:00:00,27.0,0.0,82.7,4.0,2.5
2024-03-01 06:00:00,26.9,0.0,84.0,7.0,2.4
2024-03-01 07:00:00,26.9,0.0,83.7,7.0,2.5
2024-03-01 08:00:00,27.1,0.0,83.2,6.0,4.0
2024-03-01 09:00:00,27.6,0.0,81.3,7.0,3.8
2024-03-01 10:00:00,29.9,0.0,67.9,23.0,3.2
2024-03-01 11:00:00,29.7,0.0,68.3,9.0,4.3
2024-03-01 12:00:00,30.9,0.0,62.6,359.0,3.9
2024-03-01 13:00:00,30.8,0.0,63.7,6.0,4.8
2024-03-01 14:00:00,31.1,0.0,61.5,30.0,4.9
2024-03-01 15:00:00,29.8,0.0,70.4,44.0,3.9
2024-03-01 16:00:00,29.2,0.0,74.9,58.0,4.4
2024-03-01 17:00:00,29.0,0.0,72.8,70.0,5.4
2024-03-01 18:00:00,28.8,0.0,70.9,25.0,4.2
2024-03-01 19:00:00,28.5,0.0,71.9,6.0,5.6
2024-03-01 20:00:00,28.2,0.0,75.6,7.0,3.1
2024-03-01 21:00:00,27.9,0.0,76.5,358.0,3.2
2024-03-01 22:00:00,27.7,0.0,79.7,2.0,3.7
2024-03-01 23:00:00,27.6,0.0,80.9,7.0,2.1
2024-03-02 00:00:00,27.2,0.0,83.1,4.0,3.3
2024-03-02 01:00:00,27.0,0.0,83.9,2.0,3.5
2024-03-02 02:00:00,26.9,0.0,84.1,329.0,2.1
2024-03-02 03:00:00,26.7,0.0,85.3,353.0,3.7
2024-03-02 04:00:00,26.6,0.0,85.9,22.0,2.5
2024-03-02 05:00:00,26.5,0.0,86.4,3.0,3.9
2024-03-02 06:00:00,26.5,0.0,85.6,14.0,2.4
2024-03-02 07:00:00,26.4,0.0,85.7,358.0,3.2
2024-03-02 08:00:00,26.7,0.0,84.8,34.0,2.5
2024-03-02 09:00:00,27.6,0.0,80.8,343.0,3.5
2024-03-02 10:00:00,28.6,0.0,74.5,353.0,4.9
2024-03-02 11:00:00,30.4,0.0,67.4,321.0,2.2
2024-03-02 12:00:00,30.9,0.0,62.6,37.0,4.2
2024-03-02 13:00:00,30.5,0.0,65.4,335.0,4.7
2024-03-02 14:00:00,25.7,0.2,90.4,5.0,4.7
2024-03-02 15:00:00,27.6,0.0,81.5,23.0,2.1
2024-03-02 16:00:00,27.0,0.2,87.6,348.0,3.1
2024-03-02 17:00:00,27.7,0.0,80.9,355.0,3.3
2024-03-02 18:00:00,27.5,0.0,81.2,8.0,4.2
2024-03-02 19:00:00,27.8,0.0,74.3,12.0,3.8
2024-03-02 20:00:00,27.2,0.0,78.2,347.0,4.0
2024-03-02 21:00:00,26.7,0.0,80.5,43.0,1.9
2024-03-02 22:00:00,26.4,0.0,83.5,356.0,3.8
2024-03-02 23:00:00,26.4,0.0,85.8,7.0,2.1
2024-03-03 00:00:00,26.3,0.0,85.8,12.0,2.7
2024-03-03 01:00:00,26.6,0.0,85.5,9.0,3.5
2024-03-03 02:00:00,26.5,0.0,85.7,4.0,3.5
2024-03-03 03:00:00,26.6,0.0,84.5,11.0,3.7
2024-03-03 04:00:00,26.6,0.0,84.6,59.0,3.7
2024-03-03 05:00:00,24.4,0.8,94.2,66.0,3.8
2024-03-03 06:00:00,25.2,0.0,93.4,4.0,2.5
2024-03-03 07:00:00,24.6,0.0,92.2,18.0,5.0
2024-03-03 08:00:00,24.9,0.0,92.2,13.0,1.7
2024-03-03 09:00:00,25.6,0.0,91.2,6.0,2.6
2024-03-03 10:00:00,25.2,0.0,94.4,358.0,4.7
2024-03-03 11:00:00,25.6,0.0,90.2,11.0,3.1
2024-03-03 12:00:00,26.9,0.0,84.1,5.0,5.1
2024-03-03 13:00:00,28.0,0.0,78.1,43.0,2.8
2024-03-03 14:00:00,28.8,0.0,75.4,3.0,2.4
2024-03-03 15:00:00,27.9,0.0,81.8,19.0,4.2
2024-03-03 16:00:00,28.5,0.0,80.4,33.0,2.9
2024-03-03 17:00:00,27.6,0.0,84.1,54.0,1.9
2024-03-03 18:00:00,26.1,0.0,91.3,310.0,2.8
2024-03-03 19:00:00,27.2,0.0,85.7,72.0,2.1
2024-03-03 20:00:00,27.3,0.0,83.9,21.0,3.6
2024-03-03 21:00:00,27.1,0.0,85.2,9.0,2.8
2024-03-03 22:00:00,27.0,0.0,86.1,350.0,1.8
2024-03-03 23:00:00,27.0,0.0,84.7,348.0,4.2
2024-03-04 00:00:00,27.1,0.0,83.3,36.0,2.8
2024-03-04 01:00:00,27.0,0.0,84.2,21.0,3.2
2024-03-04 02:00:00,26.8,0.0,85.5,77.0,2.5
2024-03-04 03:00:00,26.6,0.0,86.0,34.0,1.7
2024-03-04 04:00:00,26.3,0.0,87.7,349.0,2.8
2024-03-04 05:00:00,26.2,0.0,87.6,15.0,2.9
2024-03-04 06:00:00,26.0,0.0,88.9,3.0,3.1
2024-03-04 07:00:00,26.1,0.0,88.5,2.0,3.0
2024-03-04 08:00:00,26.3,0.0,87.5,353.0,1.8
2024-03-04 09:00:00,28.5,0.0,78.6,344.0,1.9
2024-03-04 10:00:00,28.6,0.0,76.8,354.0,2.5
2024-03-04 11:00:00,28.7,0.0,73.7,34.0,4.0
2024-03-04 12:00:00,30.2,0.0,66.9,40.0,2.7
2024-03-04 13:00:00,29.7,0.0,66.3,48.0,4.6
2024-03-04 14:00:00,28.9,0.0,75.6,18.0,2.3
2024-03-04 15:00:00,30.5,0.0,67.4,50.0,3.6
2024-03-04 16:00:00,29.1,0.0,74.3,29.0,4.4
2024-03-04 17:00:00,29.2,0.0,71.6,53.0,4.0
2024-03-04 18:00:00,26.4,0.0,90.1,236.0,3.9
2024-03-04 19:00:00,26.3,0.0,88.9,214.0,2.1
2024-03-04 20:00:00,26.0,0.0,91.8,231.0,1.8
2024-03-04 21:00:00,25.6,0.0,93.4,259.0,3.8
2024-03-04 22:00:00,25.8,0.0,93.7,217.0,1.8
2024-03-04 23:00:00,25.4,2.8,93.7,151.0,5.7
2024-03-05 00:00:00,24.3,0.2,98.0,241.0,1.7
2024-03-05 01:00:00,24.2,0.2,98.5,65.0,2.1
2024-03-05 02:00:00,24.3,0.0,98.5,94.0,1.1
2024-03-05 03:00:00,24.6,0.0,95.5,45.0,1.2
2024-03-05 04:00:00,24.9,0.0,93.6,340.0,2.1
2024-03-05 05:00:00,25.2,0.0,89.5,46.0,0.9
2024-03-05 06:00:00,25.5,0.0,89.6,27.0,1.3
2024-03-05 07:00:00,25.3,0.0,91.8,342.0,1.2
2024-03-05 08:00:00,25.8,0.0,91.7,126.0,0.7
2024-03-05 09:00:00,26.5,0.0,89.4,359.0,2.0
2024-03-05 10:00:00,29.1,0.0,79.4,85.0,1.2
2024-03-05 11:00:00,30.3,0.0,69.4,75.0,2.9
2024-03-05 12:00:00,29.7,0.0,69.4,31.0,2.4
2024-03-05 13:00:00,29.8,0.0,70.9,133.0,3.3
2024-03-05 14:00:00,27.6,0.0,79.6,318.0,4.4
2024-03-05 15:00:00,25.1,0.2,93.1,341.0,3.0
2024-03-05 16:00:00,25.3,0.0,89.2,13.0,3.0
2024-03-05 17:00:00,25.9,0.0,89.3,61.0,1.2
2024-03-05 18:00:00,25.9,0.0,92.6,333.0,1.7
2024-03-05 19:00:00,25.8,0.0,92.6,343.0,2.2
2024-03-05 20:00:00,25.3,0.0,93.8,345.0,2.0
2024-03-05 21:00:00,25.2,0.0,93.9,19.0,2.0
2024-03-05 22:00:00,25.1,0.0,94.1,19.0,2.1
2024-03-05 23:00:00,25.0,0.0,94.7,324.0,2.8
2024-03-06 00:00:00,25.4,0.0,90.6,53.0,1.3
2024-03-06 01:00:00,25.6,0.0,88.5,60.0,1.4
2024-03-06 02:00:00,25.6,0.0,87.6,135.0,2.0
2024-03-06 03:00:00,25.3,0.0,91.9,317.0,2.5
2024-03-06 04:00:00,25.2,0.0,91.6,326.0,1.6
2024-03-06 05:00:00,25.2,0.0,93.0,279.0,1.5
2024-03-06 06:00:00,25.0,0.0,94.2,310.0,4.4
2024-03-06 07:00:00,25.1,0.0,91.0,311.0,4.3
2024-03-06 08:00:00,26.0,0.0,84.3,298.0,1.8
2024-03-06 09:00:00,27.0,0.0,81.6,5.0,1.9
2024-03-06 10:00:00,29.0,0.0,73.4,353.0,2.3
2024-03-06 11:00:00,29.6,0.0,70.7,357.0,2.7
2024-03-06 12:00:00,31.5,0.0,61.1,292.0,2.3
2024-03-06 13:00:00,33.0,0.0,57.0,192.0,2.2
2024-03-06 14:00:00,31.8,0.0,64.9,209.0,4.9
2024-03-06 15:00:00,29.6,0.0,71.7,196.0,6.7
2024-03-06 16:00:00,29.4,0.0,71.9,134.0,3.5
2024-03-06 17:00:00,25.8,0.0,89.1,312.0,5.8
2024-03-06 18:00:00,26.7,0.0,83.0,305.0,1.5
2024-03-06 19:00:00,27.7,0.0,78.1,109.0,2.0
2024-03-06 20:00:00,27.8,0.0,75.4,13.0,1.5
2024-03-06 21:00:00,27.0,0.0,82.1,51.0,1.0
2024-03-06 22:00:00,27.3,0.0,83.4,70.0,2.7
2024-03-06 23:00:00,27.3,0.0,85.2,77.0,4.3
2024-03-07 00:00:00,27.3,0.0,85.8,45.0,2.0
2024-03-07 01:00:00,26.9,0.0,87.2,79.0,0.7
2024-03-07 02:00:00,26.8,0.0,87.2,69.0,1.0
2024-03-07 03:00:00,26.8,0.0,88.1,4.0,0.6
2024-03-07 04:00:00,26.5,0.0,89.4,55.0,0.5
2024-03-07 05:00:00,26.2,0.0,91.6,355.0,1.5
2024-03-07 06:00:00,26.4,0.0,91.2,353.0,1.4
2024-03-07 07:00:00,25.9,0.0,93.7,11.0,2.1
2024-03-07 08:00:00,26.7,0.0,92.1,344.0,1.4
2024-03-07 09:00:00,28.8,0.0,78.6,303.0,1.6
2024-03-07 10:00:00,30.4,0.0,70.6,73.0,2.4
2024-03-07 11:00:00,31.2,0.0,64.5,11.0,2.2
2024-03-07 12:00:00,30.9,0.0,68.3,319.0,1.9
2024-03-07 13:00:00,33.3,0.0,55.3,326.0,1.1
2024-03-07 14:00:00,29.6,0.0,76.8,110.0,7.6
2024-03-07 15:00:00,24.4,1.0,96.1,6.0,4.9
2024-03-07 16:00:00,28.2,0.0,82.5,173.0,0.9
2024-03-07 17:00:00,26.9,2.8,91.2,340.0,5.6
2024-03-07 18:00:00,25.8,0.2,97.2,78.0,2.4
2024-03-07 19:00:00,26.4,0.0,92.1,51.0,2.5
2024-03-07 20:00:00,26.5,0.2,91.7,85.0,3.0
2024-03-07 21:00:00,26.6,0.0,91.9,132.0,0.7
2024-03-07 22:00:00,26.9,0.0,90.6,66.0,2.9
2024-03-07 23:00:00,27.2,0.0,88.6,33.0,1.7
2024-03-08 00:00:00,27.2,0.0,88.1,3.0,1.8
2024-03-08 01:00:00,26.9,0.0,90.5,28.0,1.3
2024-03-08 02:00:00,26.8,0.0,90.0,356.0,1.3
2024-03-08 03:00:00,26.5,0.0,90.5,3.0,2.8
2024-03-08 04:00:00,26.3,0.0,91.7,15.0,2.2
2024-03-08 05:00:00,26.2,0.0,91.5,9.0,3.1
2024-03-08 06:00:00,26.1,0.0,92.0,332.0,2.0
2024-03-08 07:00:00,26.1,0.0,93.1,311.0,5.5
2024-03-08 08:00:00,25.9,0.0,94.7,276.0,2.9
2024-03-08 09:00:00,26.2,0.0,92.7,285.0,2.5
2024-03-08 10:00:00,27.5,0.0,84.5,294.0,2.3
2024-03-08 11:00:00,27.7,0.0,81.4,306.0,4.4
2024-03-08 12:00:00,29.0,0.0,72.1,297.0,3.3
2024-03-08 13:00:00,29.0,0.0,73.7,315.0,3.1
2024-03-08 14:00:00,30.0,0.0,66.8,312.0,2.3
2024-03-08 15:00:00,28.9,0.0,77.9,278.0,2.6
2024-03-08 16:00:00,28.0,0.2,80.3,304.0,2.5
2024-03-08 17:00:00,25.8,0.0,94.1,117.0,1.4
2024-03-08 18:00:00,26.3,0.2,92.0,302.0,1.0
2024-03-08 19:00:00,26.4,0.0,90.0,94.0,1.3
2024-03-08 20:00:00,26.5,0.0,88.3,65.0,2.1
2024-03-08 21:00:00,26.4,0.0,88.2,89.0,1.7
2024-03-08 22:00:00,26.1,0.0,87.7,44.0,1.3
2024-03-08 23:00:00,26.0,0.0,87.9,359.0,1.8
2024-03-09 00:00:00,26.2,0.0,85.0,351.0,1.6
2024-03-09 01:00:00,26.3,0.0,84.0,24.0,1.8
2024-03-09 02:00:00,26.3,0.0,83.8,43.0,2.5
2024-03-09 03:00:00,26.4,0.0,83.0,52.0,2.2
2024-03-09 04:00:00,26.3,0.0,83.4,12.0,2.6
2024-03-09 05:00:00,26.2,0.0,84.2,18.0,2.4
2024-03-09 06:00:00,26.2,0.0,84.4,7.0,3.4
2024-03-09 07:00:00,26.1,0.0,85.4,43.0,2.4
2024-03-09 08:00:00,26.3,0.0,84.7,21.0,2.9
2024-03-09 09:00:00,26.9,0.0,80.2,24.0,2.8
2024-03-09 10:00:00,28.2,0.0,71.5,32.0,4.2
2024-03-09 11:00:00,29.0,0.0,66.7,53.0,3.9
2024-03-09 12:00:00,30.4,0.0,54.5,18.0,5.6
2024-03-09 13:00:00,32.1,0.0,52.4,60.0,2.8
2024-03-09 14:00:00,30.7,0.0,56.4,46.0,4.6
2024-03-09 15:00:00,30.2,0.0,57.1,51.0,4.7
2024-03-09 16:00:00,30.8,0.0,55.4,75.0,5.5
2024-03-09 17:00:00,31.0,0.0,56.1,62.0,3.7
2024-03-09 18:00:00,30.1,0.0,59.2,70.0,5.0
2024-03-09 19:00:00,29.3,0.0,62.4,52.0,4.3
2024-03-09 20:00:00,29.0,0.0,65.0,54.0,3.9
2024-03-09 21:00:00,28.6,0.0,70.4,95.0,4.7
2024-03-09 22:00:00,28.3,0.0,71.3,87.0,2.3
2024-03-09 23:00:00,28.0,0.0,73.6,82.0,3.1
2024-03-10 00:00:00,27.5,0.0,78.2,59.0,3.7
2024-03-10 01:00:00,27.3,0.0,80.1,48.0,3.3
2024-03-10 02:00:00,27.2,0.0,80.5,2.0,3.4
2024-03-10 03:00:00,26.6,0.0,85.2,2.0,2.6
2024-03-10 04:00:00,26.5,0.0,86.6,12.0,3.0
2024-03-10 05:00:00,26.3,0.0,86.9,38.0,2.4
2024-03-10 06:00:00,26.0,0.0,87.9,310.0,3.4
2024-03-10 07:00:00,25.6,0.0,90.7,313.0,4.0
2024-03-10 08:00:00,25.7,0.0,90.4,304.0,4.0
2024-03-10 09:00:00,26.3,0.0,87.2,345.0,2.8
2024-03-10 10:00:00,27.4,0.0,79.6,329.0,2.2
2024-03-10 11:00:00,28.7,0.0,72.9,352.0,2.8
2024-03-10 12:00:00,28.1,0.0,77.6,9.0,3.1
2024-03-10 13:00:00,28.6,0.0,76.3,14.0,3.5
2024-03-10 14:00:00,26.6,0.6,90.3,346.0,4.8
2024-03-10 15:00:00,27.3,0.0,85.6,41.0,4.6
2024-03-10 16:00:00,26.7,0.0,87.9,256.0,4.3
2024-03-10 17:00:00,27.1,0.0,85.6,315.0,2.7
2024-03-10 18:00:00,28.3,0.0,75.7,7.0,2.1
2024-03-10 19:00:00,28.3,0.0,71.9,357.0,2.3
2024-03-10 20:00:00,27.8,0.0,74.3,21.0,4.4
2024-03-10 21:00:00,27.5,0.0,77.2,3.0,3.6
2024-03-10 22:00:00,27.2,0.0,77.8,357.0,3.7
2024-03-10 23:00:00,27.1,0.0,78.5,344.0,3.3
2024-03-11 00:00:00,27.0,0.0,79.7,39.0,3.1
2024-03-11 01:00:00,26.7,0.0,81.4,355.0,3.9
2024-03-11 02:00:00,26.7,0.0,80.0,27.0,4.1
2024-03-11 03:00:00,26.5,0.0,79.6,346.0,3.0
2024-03-11 04:00:00,26.2,0.0,80.9,343.0,3.3
2024-03-11 05:00:00,26.1,0.0,79.8,351.0,4.2
2024-03-11 06:00:00,26.1,0.0,78.8,351.0,4.7
2024-03-11 07:00:00,25.8,0.0,79.7,358.0,3.0
2024-03-11 08:00:00,25.8,0.0,79.9,12.0,4.5
2024-03-11 09:00:00,26.1,0.0,78.0,14.0,3.4
2024-03-11 10:00:00,27.0,0.0,74.3,352.0,4.8
2024-03-11 11:00:00,29.2,0.0,66.6,10.0,2.9
2024-03-11 12:00:00,30.3,0.0,57.8,359.0,5.3
2024-03-11 13:00:00,30.9,0.0,55.3,347.0,4.7
2024-03-11 14:00:00,31.9,0.0,52.3,350.0,5.3
2024-03-11 15:00:00,32.6,0.0,48.9,358.0,3.9
2024-03-11 16:00:00,32.0,0.0,45.5,343.0,3.4
2024-03-11 17:00:00,31.5,0.0,49.2,11.0,3.4
2024-03-11 18:00:00,30.3,0.0,55.2,357.0,3.7
2024-03-11 19:00:00,30.1,0.0,58.1,15.0,2.3
2024-03-11 20:00:00,29.6,0.0,58.4,340.0,2.7
2024-03-11 21:00:00,29.0,0.0,65.6,9.0,3.5
2024-03-11 22:00:00,28.5,0.0,69.7,19.0,2.5
2024-03-11 23:00:00,27.9,0.0,74.1,13.0,3.7
2024-03-12 00:00:00,27.7,0.0,76.5,11.0,3.0
2024-03-12 01:00:00,27.4,0.0,76.8,7.0,2.5
2024-03-12 02:00:00,27.3,0.0,77.7,4.0,2.1
2024-03-12 03:00:00,27.0,0.0,79.0,358.0,3.7
2024-03-12 04:00:00,27.0,0.0,79.8,12.0,2.8
2024-03-12 05:00:00,26.7,0.0,80.5,9.0,3.9
2024-03-12 06:00:00,26.9,0.0,79.1,354.0,4.3
2024-03-12 07:00:00,27.0,0.0,76.2,354.0,3.6
2024-03-12 08:00:00,27.0,0.0,76.2,349.0,3.6
2024-03-12 09:00:00,27.7,0.0,72.8,17.0,2.3
2024-03-12 10:00:00,29.4,0.0,64.3,334.0,5.5
2024-03-12 11:00:00,29.2,0.0,66.1,335.0,4.9
2024-03-12 12:00:00,30.5,0.0,60.0,6.0,4.3
2024-03-12 13:00:00,32.2,0.0,49.7,325.0,3.3
2024-03-12 14:00:00,32.6,0.0,45.0,356.0,3.5
2024-03-12 15:00:00,32.6,0.0,49.2,13.0,4.0
2024-03-12 16:00:00,33.2,0.0,47.8,357.0,3.6
2024-03-12 17:00:00,30.4,0.0,60.1,359.0,5.9
2024-03-12 18:00:00,31.3,0.0,55.5,339.0,4.2
2024-03-12 19:00:00,30.0,0.0,59.0,45.0,2.7
2024-03-12 20:00:00,28.8,0.0,61.8,349.0,3.4
2024-03-12 21:00:00,27.9,0.0,71.1,352.0,7.1
2024-03-12 22:00:00,27.6,0.0,72.9,8.0,5.0
2024-03-12 23:00:00,27.3,0.0,76.0,15.0,3.5
2024-03-13 00:00:00,27.2,0.0,77.4,23.0,3.2
2024-03-13 01:00:00,26.9,0.0,77.6,3.0,4.4
2024-03-13 02:00:00,26.6,0.0,77.4,7.0,3.6
2024-03-13 03:00:00,26.4,0.0,77.7,355.0,4.6
2024-03-13 04:00:00,26.3,0.0,77.4,358.0,5.0
2024-03-13 05:00:00,26.1,0.0,76.8,355.0,3.7
2024-03-13 06:00:00,26.0,0.0,76.4,348.0,3.8
2024-03-13 07:00:00,26.0,0.0,77.3,349.0,4.4
2024-03-13 08:00:00,26.1,0.0,78.0,348.0,3.0
2024-03-13 09:00:00,27.5,0.0,72.0,348.0,3.0
2024-03-13 10:00:00,28.8,0.0,64.3,11.0,5.4
2024-03-13 11:00:00,29.6,0.0,60.6,6.0,5.8
2024-03-13 12:00:00,30.5,0.0,54.0,352.0,6.8
2024-03-13 13:00:00,31.5,0.0,50.3,354.0,5.3
2024-03-13 14:00:00,31.8,0.0,47.7,342.0,4.9
2024-03-13 15:00:00,33.4,0.0,41.0,347.0,4.0
2024-03-13 16:00:00,33.7,0.0,40.7,348.0,3.9
2024-03-13 17:00:00,32.5,0.0,41.1,345.0,5.2
2024-03-13 18:00:00,31.9,0.0,44.9,355.0,3.6
2024-03-13 19:00:00,30.4,0.0,52.6,8.0,4.7
2024-03-13 20:00:00,29.2,0.0,61.4,4.0,5.3
2024-03-13 21:00:00,28.6,0.0,64.6,12.0,4.1
2024-03-13 22:00:00,28.0,0.0,68.2,358.0,4.1
2024-03-13 23:00:00,27.6,0.0,73.4,344.0,3.8
2024-03-14 00:00:00,27.3,0.0,76.1,358.0,3.6
2024-03-14 01:00:00,26.9,0.0,79.0,340.0,4.6
2024-03-14 02:00:00,26.7,0.0,80.4,5.0,3.3
2024-03-14 03:00:00,26.4,0.0,81.3,36.0,2.6
2024-03-14 04:00:00,26.1,0.0,82.5,1.0,4.0
2024-03-14 05:00:00,26.1,0.0,82.6,7.0,3.6
2024-03-14 06:00:00,25.9,0.0,83.6,11.0,2.5
2024-03-14 07:00:00,26.0,0.0,83.0,356.0,2.8
2024-03-14 08:00:00,26.4,0.0,80.2,358.0,5.2
2024-03-14 09:00:00,27.6,0.0,75.3,353.0,4.2
2024-03-14 10:00:00,27.7,0.0,74.3,343.0,5.1
2024-03-14 11:00:00,29.6,0.0,66.6,12.0,4.3
2024-03-14 12:00:00,31.0,0.0,57.1,359.0,5.2
2024-03-14 13:00:00,32.3,0.0,50.5,4.0,3.1
2024-03-14 14:00:00,32.5,0.0,45.6,57.0,3.3
2024-03-14 15:00:00,33.2,0.0,45.3,342.0,5.3
2024-03-14 16:00:00,31.3,0.0,57.0,62.0,4.2
2024-03-14 17:00:00,31.8,0.0,55.7,68.0,3.7
2024-03-14 18:00:00,30.6,0.0,62.1,64.0,4.4
2024-03-14 19:00:00,29.4,0.0,68.5,13.0,5.2
2024-03-14 20:00:00,28.3,0.0,72.3,28.0,5.4
2024-03-14 21:00:00,27.9,0.0,73.7,342.0,3.2
2024-03-14 22:00:00,27.6,0.0,76.2,35.0,2.2
2024-03-14 23:00:00,27.4,0.0,76.2,33.0,3.6
2024-03-15 00:00:00,27.3,0.0,75.3,6.0,5.1
2024-03-15 01:00:00,27.1,0.0,74.6,6.0,2.9
2024-03-15 02:00:00,26.8,0.0,77.3,2.0,2.6
2024-03-15 03:00:00,26.4,0.0,79.1,4.0,2.6
2024-03-15 04:00:00,26.4,0.0,79.3,351.0,3.0
2024-03-15 05:00:00,26.0,0.0,80.8,359.0,2.4
2024-03-15 06:00:00,26.2,0.0,80.4,1.0,1.8
2024-03-15 07:00:00,26.0,0.0,80.7,344.0,2.1
2024-03-15 08:00:00,26.7,0.0,77.6,1.0,2.5
2024-03-15 09:00:00,28.7,0.0,69.5,20.0,1.8
2024-03-15 10:00:00,29.8,0.0,62.6,28.0,2.3
2024-03-15 11:00:00,29.3,0.0,63.6,333.0,4.1
2024-03-15 12:00:00,30.2,0.0,56.8,343.0,3.5
2024-03-15 13:00:00,30.9,0.0,54.1,348.0,4.9
2024-03-15 14:00:00,32.8,0.0,49.7,310.0,2.7
2024-03-15 15:00:00,32.0,0.0,52.8,320.0,3.6
2024-03-15 16:00:00,29.9,0.0,62.7,71.0,4.9
2024-03-15 17:00:00,30.2,0.0,62.3,45.0,3.0
2024-03-15 18:00:00,29.0,0.0,67.0,61.0,4.9
2024-03-15 19:00:00,28.7,0.0,67.9,25.0,4.2
2024-03-15 20:00:00,28.0,0.0,69.1,47.0,3.8
2024-03-15 21:00:00,28.0,0.0,63.3,21.0,5.1
2024-03-15 22:00:00,27.9,0.0,63.5,44.0,3.5
2024-03-15 23:00:00,27.6,0.0,68.6,9.0,3.6
2024-03-16 00:00:00,27.3,0.0,72.1,16.5,4.0
2024-03-16 01:00:00,27.1,0.0,74.3,24.0,2.8
2024-03-16 02:00:00,26.8,0.0,76.6,9.0,3.2
2024-03-16 03:00:00,26.7,0.0,78.0,80.0,1.8
2024-03-16 04:00:00,26.5,0.0,79.9,16.0,3.0
2024-03-16 05:00:00,26.2,0.0,81.9,15.0,2.0
2024-03-16 06:00:00,26.2,0.0,81.8,12.0,2.6
2024-03-16 07:00:00,26.2,0.0,81.5,358.0,2.7
2024-03-16 08:00:00,26.9,0.0,78.2,349.0,2.9
2024-03-16 09:00:00,27.9,0.0,73.6,344.0,3.7
2024-03-16 10:00:00,28.6,0.0,68.7,26.0,3.8
2024-03-16 11:00:00,29.8,0.0,60.9,60.0,3.6
2024-03-16 12:00:00,31.6,0.0,55.7,354.0,2.7
2024-03-16 13:00:00,32.8,0.0,48.4,356.0,2.9
2024-03-16 14:00:00,33.1,0.0,46.9,334.0,3.2
2024-03-16 15:00:00,31.9,0.0,53.1,44.0,4.3
2024-03-16 16:00:00,31.6,0.0,55.3,54.0,6.2
2024-03-16 17:00:00,30.5,0.0,60.2,54.0,7.1
2024-03-16 18:00:00,30.2,0.0,60.9,77.0,5.4
2024-03-16 19:00:00,29.3,0.0,60.9,36.0,5.3
2024-03-16 20:00:00,28.8,0.0,65.6,48.0,3.9
2024-03-16 21:00:00,28.2,0.0,71.1,10.0,3.3
2024-03-16 22:00:00,27.9,0.0,73.1,356.0,3.7
2024-03-16 23:00:00,27.7,0.0,74.6,37.0,4.6
2024-03-17 00:00:00,27.5,0.0,76.5,5.0,4.9
2024-03-17 01:00:00,27.3,0.0,77.3,14.0,4.6
2024-03-17 02:00:00,27.1,0.0,78.0,3.0,4.3
2024-03-17 03:00:00,26.9,0.0,78.8,356.0,2.6
2024-03-17 04:00:00,26.7,0.0,80.2,337.0,2.9
2024-03-17 05:00:00,26.5,0.0,80.8,336.0,3.2
2024-03-17 06:00:00,26.4,0.0,81.1,5.0,2.7
2024-03-17 07:00:00,26.5,0.0,80.4,353.0,2.8
2024-03-17 08:00:00,27.2,0.0,77.5,18.0,3.0
2024-03-17 09:00:00,27.7,0.0,74.6,334.0,4.7
2024-03-17 10:00:00,28.6,0.0,68.3,351.0,5.9
2024-03-17 11:00:00,29.9,0.0,60.6,349.0,6.5
2024-03-17 12:00:00,32.3,0.0,55.2,335.0,4.1
2024-03-17 13:00:00,32.3,0.0,52.3,9.0,5.5
2024-03-17 14:00:00,33.7,0.0,46.1,356.0,4.0
2024-03-17 15:00:00,33.0,0.0,50.9,357.0,2.7
2024-03-17 16:00:00,33.2,0.0,49.8,326.0,5.0
2024-03-17 17:00:00,31.3,0.0,57.4,339.0,5.9
2024-03-17 18:00:00,30.6,0.0,61.0,26.0,4.8
2024-03-17 19:00:00,27.6,0.0,82.6,215.0,1.5
2024-03-17 20:00:00,28.8,0.0,69.6,4.0,4.5
2024-03-17 21:00:00,28.5,0.0,70.9,23.0,3.7
2024-03-17 22:00:00,28.1,0.0,74.6,350.0,5.1
2024-03-17 23:00:00,27.6,0.0,78.1,4.0,4.6
2024-03-18 00:00:00,27.3,0.0,78.8,13.0,4.6
2024-03-18 01:00:00,27.2,0.0,76.7,8.0,5.1
2024-03-18 02:00:00,27.0,0.0,77.3,357.0,4.5
2024-03-18 03:00:00,26.6,0.0,79.0,12.0,3.5
2024-03-18 04:00:00,26.5,0.0,78.7,354.0,4.8
2024-03-18 05:00:00,26.4,0.0,78.6,356.0,5.2
2024-03-18 06:00:00,26.1,0.0,80.6,341.0,3.1
2024-03-18 07:00:00,26.1,0.0,80.2,14.0,2.8
2024-03-18 08:00:00,27.2,0.0,75.3,3.0,2.3
2024-03-18 09:00:00,28.5,0.0,68.8,352.0,3.1
2024-03-18 10:00:00,29.0,0.0,64.8,7.0,3.8
2024-03-18 11:00:00,30.3,0.0,57.6,6.0,5.0
2024-03-18 12:00:00,31.7,0.0,54.1,30.0,3.5
2024-03-18 13:00:00,32.5,0.0,49.7,56.0,2.5
2024-03-18 14:00:00,32.6,0.0,45.3,356.0,4.7
2024-03-18 15:00:00,32.4,0.0,48.8,17.0,5.3
2024-03-18 16:00:00,32.2,0.0,48.2,39.0,5.4
2024-03-18 17:00:00,33.0,0.0,48.9,43.0,3.4
2024-03-18 18:00:00,32.2,0.0,53.1,101.0,2.5
2024-03-18 19:00:00,30.4,0.0,61.4,44.0,3.8
2024-03-18 20:00:00,29.3,0.0,70.2,53.0,4.6
2024-03-18 21:00:00,28.7,0.0,71.6,7.0,3.5
2024-03-18 22:00:00,28.3,0.0,74.8,11.0,4.4
2024-03-18 23:00:00,28.0,0.0,75.8,14.0,6.0
2024-03-19 00:00:00,27.8,0.0,77.4,4.0,4.9
2024-03-19 01:00:00,27.7,0.0,78.9,4.0,4.6
2024-03-19 02:00:00,27.6,0.0,80.5,16.0,4.6
2024-03-19 03:00:00,27.4,0.0,80.6,12.0,4.5
2024-03-19 04:00:00,27.4,0.0,80.7,17.0,4.3
2024-03-19 05:00:00,27.2,0.0,81.0,337.0,4.7
2024-03-19 06:00:00,27.2,0.0,81.3,20.0,4.2
2024-03-19 07:00:00,27.1,0.0,80.8,20.0,3.8
2024-03-19 08:00:00,27.4,0.0,78.8,17.0,3.0
2024-03-19 09:00:00,29.1,0.0,70.2,56.0,2.4
2024-03-19 10:00:00,29.7,0.0,66.2,349.0,5.3
2024-03-19 11:00:00,29.7,0.0,66.9,358.0,4.8
2024-03-19 12:00:00,31.4,0.0,56.8,7.0,3.0
2024-03-19 13:00:00,32.2,0.0,52.2,39.0,3.6
2024-03-19 14:00:00,32.1,0.0,57.1,24.0,2.4
2024-03-19 15:00:00,30.6,0.0,62.4,33.0,4.5
2024-03-19 16:00:00,29.4,0.0,69.1,79.0,5.7
2024-03-19 17:00:00,25.7,0.2,96.2,83.0,7.4
2024-03-19 18:00:00,28.1,0.0,78.4,39.0,4.0
2024-03-19 19:00:00,28.3,0.0,74.5,40.0,3.4
2024-03-19 20:00:00,27.8,0.0,76.8,75.0,3.1
2024-03-19 21:00:00,27.7,0.0,77.1,70.0,3.7
2024-03-19 22:00:00,27.6,0.0,78.2,55.0,3.8
2024-03-19 23:00:00,27.5,0.0,79.1,48.0,3.8
2024-03-20 00:00:00,27.3,0.0,81.0,67.0,2.9
2024-03-20 01:00:00,27.2,0.0,80.5,54.0,3.1
2024-03-20 02:00:00,27.1,0.0,79.6,46.0,2.9
2024-03-20 03:00:00,27.0,0.0,79.3,20.0,3.6
2024-03-20 04:00:00,26.9,0.0,79.2,40.0,4.1
2024-03-20 05:00:00,26.8,0.0,79.4,50.0,3.0
2024-03-20 06:00:00,26.7,0.0,79.6,59.0,2.5
2024-03-20 07:00:00,26.8,0.0,79.7,31.0,3.2
2024-03-20 08:00:00,27.4,0.0,77.1,41.0,4.1
2024-03-20 09:00:00,28.1,0.0,73.4,22.0,5.2
2024-03-20 10:00:00,29.1,0.0,66.0,36.0,6.0
2024-03-20 11:00:00,29.7,0.0,64.3,47.0,6.6
2024-03-20 12:00:00,30.4,0.0,58.3,48.0,5.9
2024-03-20 13:00:00,30.2,0.0,64.1,349.0,3.7
2024-03-20 14:00:00,28.4,0.0,75.3,78.0,5.9
2024-03-20 15:00:00,30.0,0.0,66.4,40.0,4.1
2024-03-20 16:00:00,29.9,0.0,66.3,16.0,4.1
2024-03-20 17:00:00,30.0,0.0,65.1,29.0,4.2
2024-03-20 18:00:00,29.9,0.0,61.5,23.0,6.0
2024-03-20 19:00:00,28.9,0.0,65.2,46.0,5.1
2024-03-20 20:00:00,28.4,0.0,70.9,29.0,2.6
2024-03-20 21:00:00,28.0,0.0,75.0,16.0,5.6
2024-03-20 22:00:00,27.7,0.0,76.5,6.0,3.9
2024-03-20 23:00:00,27.7,0.0,78.1,19.0,3.3
2024-03-21 00:00:00,27.5,0.0,79.0,20.0,4.1
2024-03-21 01:00:00,27.3,0.0,79.9,10.0,5.4
2024-03-21 02:00:00,27.2,0.0,79.2,15.0,3.7
2024-03-21 03:00:00,27.2,0.0,78.6,62.0,4.0
2024-03-21 04:00:00,27.1,0.0,78.2,39.0,3.5
2024-03-21 05:00:00,27.0,0.0,78.3,22.0,3.2
2024-03-21 06:00:00,26.9,0.0,80.0,16.0,2.9
2024-03-21 07:00:00,26.9,0.0,81.0,4.0,2.0
2024-03-21 08:00:00,27.2,0.0,79.4,358.0,3.2
2024-03-21 09:00:00,27.5,0.0,74.4,28.0,3.3
2024-03-21 10:00:00,27.9,0.0,73.9,22.0,3.7
2024-03-21 11:00:00,29.0,0.0,70.3,61.0,4.1
2024-03-21 12:00:00,30.3,0.0,61.5,21.0,5.8
2024-03-21 13:00:00,30.3,0.0,63.2,45.0,5.7
2024-03-21 14:00:00,30.7,0.0,60.6,353.0,5.6
2024-03-21 15:00:00,30.6,0.0,62.4,54.0,5.1
2024-03-21 16:00:00,28.7,0.2,74.8,65.0,6.0
2024-03-21 17:00:00,28.6,0.0,74.4,56.0,2.5
2024-03-21 18:00:00,29.5,0.0,62.5,39.0,2.7
2024-03-21 19:00:00,29.2,0.0,63.1,36.0,2.5
2024-03-21 20:00:00,28.3,0.0,70.3,39.0,4.4
2024-03-21 21:00:00,27.9,0.0,73.6,30.0,3.8
2024-03-21 22:00:00,27.8,0.0,75.0,45.0,3.6
2024-03-21 23:00:00,27.6,0.0,76.1,12.0,4.8
2024-03-22 00:00:00,27.5,0.0,76.1,13.0,3.9
2024-03-22 01:00:00,27.4,0.0,76.8,1.0,4.8
2024-03-22 02:00:00,27.2,0.0,77.8,23.0,3.4
2024-03-22 03:00:00,27.1,0.0,78.9,8.0,4.3
2024-03-22 04:00:00,26.9,0.0,79.8,42.0,3.5
2024-03-22 05:00:00,26.7,0.0,81.4,21.0,3.3
2024-03-22 06:00:00,26.6,0.0,81.0,16.0,3.1
2024-03-22 07:00:00,26.5,0.0,80.5,2.0,3.2
2024-03-22 08:00:00,27.2,0.0,76.3,6.0,2.7
2024-03-22 09:00:00,28.4,0.0,67.8,7.0,2.8
2024-03-22 10:00:00,28.4,0.0,67.5,54.0,5.1
2024-03-22 11:00:00,30.1,0.0,57.7,76.0,5.7
2024-03-22 12:00:00,30.6,0.0,57.2,20.0,3.4
2024-03-22 13:00:00,31.8,0.0,53.2,12.0,3.1
2024-03-22 14:00:00,31.1,0.0,55.2,56.0,2.9
2024-03-22 15:00:00,31.5,0.0,53.0,68.0,5.5
2024-03-22 16:00:00,31.1,0.0,55.7,74.0,6.3
2024-03-22 17:00:00,30.4,0.0,57.4,77.0,5.5
2024-03-22 18:00:00,29.8,0.0,60.6,59.0,5.8
2024-03-22 19:00:00,29.1,0.0,63.2,64.0,3.6
2024-03-22 20:00:00,28.4,0.0,65.1,33.0,3.5
2024-03-22 21:00:00,27.9,0.0,69.4,71.0,5.4
2024-03-22 22:00:00,27.7,0.0,70.0,65.0,5.6
2024-03-22 23:00:00,27.6,0.0,75.2,78.0,4.8
2024-03-23 00:00:00,27.5,0.0,74.1,76.0,6.4
2024-03-23 01:00:00,27.3,0.0,74.2,68.0,5.1
2024-03-23 02:00:00,27.1,0.0,75.7,55.0,3.3
2024-03-23 03:00:00,26.9,0.0,77.7,50.0,3.8
2024-03-23 04:00:00,26.8,0.0,78.3,56.0,4.9
2024-03-23 05:00:00,26.7,0.0,78.4,58.0,3.7
2024-03-23 06:00:00,26.6,0.0,79.7,56.0,4.0
2024-03-23 07:00:00,26.6,0.0,78.5,48.0,2.9
2024-03-23 08:00:00,27.6,0.0,74.2,63.0,1.5
2024-03-23 09:00:00,29.2,0.0,67.7,80.0,2.0
2024-03-23 10:00:00,30.3,0.0,59.7,88.0,3.4
2024-03-23 11:00:00,30.6,0.0,55.4,13.0,3.4
2024-03-23 12:00:00,31.4,0.0,55.9,7.0,5.8
2024-03-23 13:00:00,32.8,0.0,52.6,68.0,3.2
2024-03-23 14:00:00,32.5,0.0,54.9,84.0,5.0
2024-03-23 15:00:00,30.8,0.0,64.4,118.0,7.0
2024-03-23 16:00:00,31.3,0.0,62.0,115.0,10.4
2024-03-23 17:00:00,32.3,0.0,50.8,53.0,3.5
2024-03-23 18:00:00,31.7,0.0,53.9,80.0,4.5
2024-03-23 19:00:00,30.2,0.0,57.5,59.0,5.3
2024-03-23 20:00:00,29.1,0.0,66.0,68.0,5.8
2024-03-23 21:00:00,28.3,0.0,70.1,63.0,4.7
2024-03-23 22:00:00,28.0,0.0,73.0,71.0,3.9
2024-03-23 23:00:00,27.8,0.0,75.1,64.0,4.9
2024-03-24 00:00:00,27.6,0.0,77.1,69.0,5.9
2024-03-24 01:00:00,27.4,0.0,76.3,71.0,4.5
2024-03-24 02:00:00,27.2,0.0,77.4,49.0,5.4
2024-03-24 03:00:00,27.0,0.0,78.7,57.0,4.7
2024-03-24 04:00:00,27.0,0.0,78.1,55.0,3.3
2024-03-24 05:00:00,26.9,0.0,77.6,56.0,3.8
2024-03-24 06:00:00,26.8,0.0,78.9,64.0,3.6
2024-03-24 07:00:00,26.8,0.0,78.5,47.0,3.6
2024-03-24 08:00:00,27.6,0.0,74.6,56.0,3.2
2024-03-24 09:00:00,29.0,0.0,68.1,58.0,2.9
2024-03-24 10:00:00,29.7,0.0,65.6,11.0,3.0
2024-03-24 11:00:00,31.6,0.0,57.5,348.0,2.2
2024-03-24 12:00:00,31.4,0.0,56.9,67.0,4.5
2024-03-24 13:00:00,32.4,0.0,54.7,79.0,4.5
2024-03-24 14:00:00,30.2,0.0,68.2,127.0,8.39999
2024-03-24 15:00:00,30.9,0.0,65.6,124.0,8.39999
2024-03-24 16:00:00,31.8,0.0,62.9,101.0,7.9
2024-03-24 17:00:00,30.5,0.0,66.7,104.0,11.4
2024-03-24 18:00:00,30.8,0.0,67.5,110.0,6.5
2024-03-24 19:00:00,30.0,0.0,66.4,70.0,4.4
2024-03-24 20:00:00,28.7,0.0,73.4,60.0,4.5
2024-03-24 21:00:00,28.3,0.0,75.1,42.0,4.7
2024-03-24 22:00:00,28.1,0.0,76.0,59.0,5.4
2024-03-24 23:00:00,27.8,0.0,77.6,53.0,5.7
2024-03-25 00:00:00,27.6,0.0,77.7,55.0,6.9
2024-03-25 01:00:00,27.6,0.0,77.9,45.0,3.8
2024-03-25 02:00:00,27.4,0.0,78.9,50.0,3.9
2024-03-25 03:00:00,27.3,0.0,78.5,57.0,3.2
2024-03-25 04:00:00,27.0,0.0,81.3,59.0,4.5
2024-03-25 05:00:00,26.9,0.0,82.1,51.0,3.3
2024-03-25 06:00:00,27.0,0.0,81.3,61.0,2.6
2024-03-25 07:00:00,26.9,0.0,80.6,46.0,2.9
2024-03-25 08:00:00,27.7,0.0,77.6,350.0,3.4
2024-03-25 09:00:00,29.1,0.0,70.2,280.0,1.9
2024-03-25 10:00:00,29.5,0.0,66.0,32.0,4.9
2024-03-25 11:00:00,30.2,0.0,63.4,9.0,4.3
2024-03-25 12:00:00,31.4,0.0,58.8,340.0,3.8
2024-03-25 13:00:00,31.5,0.0,56.8,61.0,4.4
2024-03-25 14:00:00,32.0,0.0,52.7,66.0,5.1
2024-03-25 15:00:00,32.1,0.0,58.7,96.0,6.8
2024-03-25 16:00:00,32.3,0.0,52.4,56.0,6.3
2024-03-25 17:00:00,32.4,0.0,50.1,56.0,4.9
2024-03-25 18:00:00,31.8,0.0,53.8,59.0,5.1
2024-03-25 19:00:00,30.1,0.0,58.8,43.0,6.6
2024-03-25 20:00:00,29.1,0.0,68.2,77.0,6.1
2024-03-25 21:00:00,28.7,0.0,68.8,82.0,3.9
2024-03-25 22:00:00,28.4,0.0,72.7,69.0,3.5
2024-03-25 23:00:00,28.1,0.0,76.3,46.0,3.6
2024-03-26 00:00:00,28.0,0.0,77.5,53.0,4.0
2024-03-26 01:00:00,27.9,0.0,77.8,59.0,2.3
2024-03-26 02:00:00,27.9,0.0,79.2,57.0,2.7
2024-03-26 03:00:00,27.6,0.0,79.8,44.0,2.4
2024-03-26 04:00:00,27.5,0.0,78.6,356.0,3.2
2024-03-26 05:00:00,27.5,0.0,79.7,1.0,4.3
2024-03-26 06:00:00,27.5,0.0,79.9,64.0,2.5
2024-03-26 07:00:00,27.4,0.0,80.1,71.0,1.7
2024-03-26 08:00:00,28.0,0.0,78.0,56.0,2.9
2024-03-26 09:00:00,29.3,0.0,72.8,88.0,2.9
2024-03-26 10:00:00,30.2,0.0,64.5,74.0,4.0
2024-03-26 11:00:00,30.9,0.0,61.0,42.0,5.6
2024-03-26 12:00:00,32.0,0.0,53.3,49.0,4.2
2024-03-26 13:00:00,33.0,0.0,51.6,45.0,3.2
2024-03-26 14:00:00,32.3,0.0,50.8,71.0,6.2
2024-03-26 15:00:00,32.6,0.0,52.9,9.0,5.9
2024-03-26 16:00:00,31.6,0.0,58.2,61.0,6.4
2024-03-26 17:00:00,31.3,0.0,57.7,54.0,6.1
2024-03-26 18:00:00,31.1,0.0,60.2,69.0,6.6
2024-03-26 19:00:00,30.0,0.0,65.4,52.0,4.3
2024-03-26 20:00:00,29.2,0.0,67.0,29.0,3.1
2024-03-26 21:00:00,28.7,0.0,69.6,65.0,2.0
2024-03-26 22:00:00,28.4,0.0,71.8,61.0,4.6
2024-03-26 23:00:00,28.2,0.0,75.5,52.0,3.5
2024-03-27 00:00:00,27.8,0.0,77.2,69.0,3.0
2024-03-27 01:00:00,27.8,0.0,77.0,57.0,2.9
2024-03-27 02:00:00,27.5,0.0,79.2,346.0,3.1
2024-03-27 03:00:00,27.4,0.0,79.7,17.0,3.6
2024-03-27 04:00:00,27.3,0.0,80.7,21.0,2.9
2024-03-27 05:00:00,27.3,0.0,81.7,6.0,3.2
2024-03-27 06:00:00,27.1,0.0,82.3,12.0,1.5
2024-03-27 07:00:00,26.9,0.0,84.8,3.0,2.1
2024-03-27 08:00:00,27.4,0.0,80.6,8.0,2.7
2024-03-27 09:00:00,28.4,0.0,74.8,344.0,3.3
2024-03-27 10:00:00,30.1,0.0,65.8,320.0,3.0
2024-03-27 11:00:00,30.1,0.0,62.6,359.0,4.5
2024-03-27 12:00:00,32.7,0.0,52.1,73.0,4.7
2024-03-27 13:00:00,32.4,0.0,52.2,59.0,4.4
2024-03-27 14:00:00,32.9,0.0,48.6,72.0,5.2
2024-03-27 15:00:00,32.3,0.0,49.6,35.0,5.2
2024-03-27 16:00:00,32.3,0.0,51.5,74.0,5.8
2024-03-27 17:00:00,31.9,0.0,53.0,75.0,4.3
2024-03-27 18:00:00,31.0,0.0,56.7,55.0,5.8
2024-03-27 19:00:00,30.4,0.0,58.8,23.0,4.8
2024-03-27 20:00:00,29.5,0.0,65.6,69.0,3.8
2024-03-27 21:00:00,28.8,0.0,71.3,49.0,6.2
2024-03-27 22:00:00,28.6,0.0,75.7,57.0,5.8
2024-03-27 23:00:00,28.5,0.0,76.5,68.0,4.6
2024-03-28 00:00:00,28.6,0.0,74.0,61.0,2.6
2024-03-28 01:00:00,28.4,0.0,75.9,355.0,2.3
2024-03-28 02:00:00,28.3,0.0,75.6,11.0,3.4
2024-03-28 03:00:00,27.9,0.0,80.0,357.0,3.0
2024-03-28 04:00:00,27.7,0.0,81.8,11.0,2.9
2024-03-28 05:00:00,27.6,0.0,82.3,3.0,2.3
2024-03-28 06:00:00,27.6,0.0,81.5,355.0,3.1
2024-03-28 07:00:00,27.5,0.0,80.9,13.0,2.3
2024-03-28 08:00:00,28.0,0.0,79.4,357.0,2.7
2024-03-28 09:00:00,30.0,0.0,69.5,316.0,1.6
2024-03-28 10:00:00,31.5,0.0,60.8,49.0,2.4
2024-03-28 11:00:00,30.7,0.0,60.5,29.0,5.3
2024-03-28 12:00:00,30.8,0.0,68.7,108.0,7.6
2024-03-28 13:00:00,27.6,0.2,82.4,127.0,6.9
2024-03-28 14:00:00,28.5,0.0,79.5,127.0,7.5
2024-03-28 15:00:00,30.1,0.0,70.2,94.0,9.5
2024-03-28 16:00:00,30.1,0.0,70.0,105.0,11.8
2024-03-28 17:00:00,29.7,0.0,69.2,105.0,10.1
2024-03-28 18:00:00,30.0,0.0,65.7,106.0,9.7
2024-03-28 19:00:00,30.0,0.0,61.0,90.0,5.4
2024-03-28 20:00:00,29.6,0.0,61.5,74.0,5.4
2024-03-28 21:00:00,28.9,0.0,70.3,76.0,4.1
2024-03-28 22:00:00,28.6,0.0,73.2,86.0,6.4
2024-03-28 23:00:00,28.4,0.0,77.2,88.0,6.2
2024-03-29 00:00:00,28.3,0.0,77.4,94.0,5.4
2024-03-29 01:00:00,28.2,0.0,77.7,106.0,5.9
2024-03-29 02:00:00,28.1,0.0,75.7,101.0,5.1
2024-03-29 03:00:00,28.0,0.0,75.6,94.0,5.0
2024-03-29 04:00:00,27.9,0.0,77.1,95.0,6.4
2024-03-29 05:00:00,27.8,0.0,81.4,100.0,7.2
2024-03-29 06:00:00,27.9,0.0,80.3,88.0,6.3
2024-03-29 07:00:00,27.9,0.0,79.2,95.0,4.9
2024-03-29 08:00:00,28.0,0.0,81.8,82.0,3.7
2024-03-29 09:00:00,26.9,0.0,75.4,84.0,5.5
2024-03-29 10:00:00,29.1,0.0,77.9,99.0,5.8
2024-03-29 11:00:00,29.8,0.0,73.2,99.0,9.7
2024-03-29 12:00:00,31.0,0.0,67.3,107.0,6.9
2024-03-29 13:00:00,31.1,0.0,59.2,97.0,9.39999
2024-03-29 14:00:00,31.8,0.0,54.8,104.0,10.7
2024-03-29 15:00:00,32.1,0.0,53.0,111.0,8.7
2024-03-29 16:00:00,32.0,0.0,52.2,109.0,10.2
2024-03-29 17:00:00,32.3,0.0,49.7,100.0,8.60001
2024-03-29 18:00:00,32.1,0.0,51.2,80.0,6.4
2024-03-29 19:00:00,31.1,0.0,53.9,84.0,6.6
2024-03-29 20:00:00,29.8,0.0,65.0,93.0,7.3
2024-03-29 21:00:00,29.1,0.0,71.6,87.0,6.3
2024-03-29 22:00:00,28.9,0.0,70.0,93.0,8.3
2024-03-29 23:00:00,28.7,0.0,71.4,80.0,4.8
2024-03-30 00:00:00,28.7,0.0,72.5,80.0,4.1
2024-03-30 01:00:00,28.5,0.0,73.4,83.0,6.5
2024-03-30 02:00:00,28.4,0.0,75.2,93.0,5.6
2024-03-30 03:00:00,28.4,0.0,77.5,106.0,4.3
2024-03-30 04:00:00,28.1,0.0,82.5,101.0,6.9
2024-03-30 05:00:00,28.1,0.0,79.2,96.0,6.4
2024-03-30 06:00:00,28.0,0.0,78.8,88.0,4.5
2024-03-30 07:00:00,28.0,0.0,79.0,92.0,3.6
2024-03-30 08:00:00,28.1,0.0,80.7,110.0,4.9
2024-03-30 09:00:00,29.3,0.0,73.9,100.0,4.1
2024-03-30 10:00:00,30.3,0.0,67.7,43.0,2.1
2024-03-30 11:00:00,30.0,0.0,71.3,127.0,5.8
2024-03-30 12:00:00,31.3,0.0,60.2,117.0,6.8
2024-03-30 13:00:00,31.8,0.0,56.0,104.0,11.3
2024-03-30 14:00:00,33.0,0.0,49.3,116.0,7.8
2024-03-30 15:00:00,32.0,0.0,55.5,108.0,12.0
2024-03-30 16:00:00,30.6,0.0,65.0,89.0,10.5
2024-03-30 17:00:00,30.9,0.0,62.7,100.0,12.1
2024-03-30 18:00:00,30.4,0.0,65.1,94.0,4.9
2024-03-30 19:00:00,30.2,0.0,64.4,107.0,7.7
2024-03-30 20:00:00,29.7,0.0,66.1,74.0,5.7
2024-03-30 21:00:00,29.2,0.0,71.4,64.0,4.4
2024-03-30 22:00:00,28.9,0.0,74.3,66.0,4.5
2024-03-30 23:00:00,28.7,0.0,75.7,53.0,3.1
2024-03-31 00:00:00,28.7,0.0,74.3,79.0,2.4
2024-03-31 01:00:00,28.4,0.0,76.2,334.0,1.7
2024-03-31 02:00:00,28.1,0.0,78.2,344.0,1.7
2024-03-31 03:00:00,28.0,0.0,78.3,304.0,1.5
2024-03-31 04:00:00,27.9,0.0,79.0,353.0,1.6
2024-03-31 05:00:00,27.8,0.0,79.4,359.0,1.9
2024-03-31 06:00:00,27.6,0.0,80.4,310.0,1.5
2024-03-31 07:00:00,27.4,0.0,81.0,9.0,2.1
2024-03-31 08:00:00,27.8,0.0,78.5,7.0,1.3
2024-03-31 09:00:00,30.3,0.0,69.4,311.0,1.6
2024-03-31 10:00:00,32.4,0.0,60.0,301.0,1.2
2024-03-31 11:00:00,31.3,0.0,61.5,304.0,1.4
2024-03-31 12:00:00,30.4,0.0,67.0,210.0,6.0
2024-03-31 13:00:00,32.0,0.0,64.0,217.0,2.9
2024-03-31 14:00:00,31.5,0.0,60.0,284.0,3.3
2024-03-31 15:00:00,28.1,0.4,80.5,21.0,1.0
2024-03-31 16:00:00,31.4,0.0,62.3,303.0,1.8
2024-03-31 17:00:00,30.9,0.0,65.9,119.0,5.0
2024-03-31 18:00:00,29.8,0.0,72.1,123.0,5.6
2024-03-31 19:00:00,28.2,0.0,74.8,303.0,6.3
2024-03-31 20:00:00,27.4,0.0,77.9,317.0,4.1
2024-03-31 21:00:00,27.9,0.0,78.1,355.0,1.5
2024-03-31 22:00:00,28.2,0.0,76.9,29.0,0.6
2024-03-31 23:00:00,28.3,0.0,76.9,7.0,1.5
2024-04-01 00:00:00,28.1,0.0,79.5,359.0,1.5
2024-04-01 01:00:00,28.1,0.0,78.1,17.0,2.1
2024-04-01 02:00:00,28.1,0.0,75.3,43.0,1.9
2024-04-01 03:00:00,28.0,0.0,76.0,4.0,1.8
2024-04-01 04:00:00,27.7,0.0,77.6,57.0,1.2
2024-04-01 05:00:00,27.6,0.0,77.8,65.0,2.8
2024-04-01 06:00:00,27.4,0.0,79.4,54.0,1.4
2024-04-01 07:00:00,27.4,0.0,80.6,102.0,0.9
2024-04-01 08:00:00,27.9,0.0,78.8,35.0,1.6
2024-04-01 09:00:00,28.6,0.0,76.2,11.0,1.6
2024-04-01 10:00:00,30.8,0.0,66.1,15.0,1.7
2024-04-01 11:00:00,31.4,0.0,61.7,176.0,1.3
2024-04-01 12:00:00,30.5,0.0,64.8,35.0,2.9
2024-04-01 13:00:00,30.9,0.0,63.8,54.0,3.7
2024-04-01 14:00:00,31.9,0.0,59.5,68.0,2.6
2024-04-01 15:00:00,32.1,0.0,61.7,248.0,1.8
2024-04-01 16:00:00,24.0,6.4,95.3,139.0,12.1
2024-04-01 17:00:00,28.0,0.0,73.9,144.0,1.8
2024-04-01 18:00:00,28.8,0.0,76.1,123.0,3.0
2024-04-01 19:00:00,29.0,0.0,79.0,107.0,6.6
2024-04-01 20:00:00,28.9,0.0,77.3,83.0,6.4
2024-04-01 21:00:00,28.7,0.0,76.4,81.0,3.4
2024-04-01 22:00:00,28.5,0.0,78.7,74.0,5.4
2024-04-01 23:00:00,28.4,0.0,79.1,99.0,5.5
2024-04-02 00:00:00,28.5,0.0,78.6,82.0,5.6
2024-04-02 01:00:00,28.3,0.0,80.5,93.0,6.4
2024-04-02 02:00:00,28.2,0.0,80.6,85.0,5.5
2024-04-02 03:00:00,28.0,0.0,80.4,91.0,3.2
2024-04-02 04:00:00,27.9,0.0,79.5,82.0,5.2
2024-04-02 05:00:00,27.8,0.0,80.9,88.0,4.6
2024-04-02 06:00:00,27.7,0.0,81.1,103.0,2.3
2024-04-02 07:00:00,27.7,0.0,81.7,88.0,3.0
2024-04-02 08:00:00,28.4,0.0,81.1,105.0,3.3
2024-04-02 09:00:00,30.7,0.0,70.1,95.0,1.7
2024-04-02 10:00:00,30.1,0.0,71.3,87.0,3.7
2024-04-02 11:00:00,31.0,0.0,61.1,145.0,3.8
2024-04-02 12:00:00,31.6,0.0,52.8,108.0,3.6
2024-04-02 13:00:00,32.0,0.0,54.2,174.0,5.9
2024-04-02 14:00:00,33.1,0.0,53.0,203.0,4.3
2024-04-02 15:00:00,32.8,0.0,53.3,193.0,5.6
2024-04-02 16:00:00,32.9,0.0,49.4,191.0,3.8
2024-04-02 17:00:00,33.3,0.0,53.3,198.0,4.0
2024-04-02 18:00:00,30.9,0.0,68.8,118.0,7.3
2024-04-02 19:00:00,30.0,0.0,69.5,102.0,9.3
2024-04-02 20:00:00,30.1,0.0,70.0,96.0,6.2
2024-04-02 21:00:00,29.8,0.0,71.5,95.0,6.2
2024-04-02 22:00:00,29.6,0.0,73.5,95.0,6.0
2024-04-02 23:00:00,29.4,0.0,75.6,102.0,7.5
2024-04-03 00:00:00,29.2,0.0,76.3,109.0,6.4
2024-04-03 01:00:00,29.0,0.0,78.3,97.0,5.8
2024-04-03 02:00:00,28.8,0.0,79.2,118.0,5.4
2024-04-03 03:00:00,28.6,0.0,79.6,98.0,4.7
2024-04-03 04:00:00,28.6,0.0,78.3,100.0,6.7
2024-04-03 05:00:00,28.5,0.0,78.5,88.0,5.3
2024-04-03 06:00:00,28.4,0.0,78.9,83.0,4.7
2024-04-03 07:00:00,28.4,0.0,80.2,91.0,4.3
2024-04-03 08:00:00,29.0,0.0,75.9,84.0,4.5
2024-04-03 09:00:00,29.6,0.0,72.8,98.0,6.2
2024-04-03 10:00:00,30.0,0.0,72.2,123.0,3.2
2024-04-03 11:00:00,30.4,0.0,71.0,73.0,4.6
2024-04-03 12:00:00,31.0,0.0,69.9,120.0,3.7
2024-04-03 13:00:00,29.2,0.0,65.2,339.0,4.1
2024-04-03 14:00:00,32.9,0.0,58.5,170.0,1.2
2024-04-03 15:00:00,32.9,0.0,58.4,10.0,3.1
2024-04-03 16:00:00,25.5,2.0,88.1,261.0,7.4
2024-04-03 17:00:00,28.9,0.0,76.6,212.0,1.8
2024-04-03 18:00:00,29.1,0.0,73.9,271.0,2.0
2024-04-03 19:00:00,29.3,0.0,71.8,48.0,1.5
2024-04-03 20:00:00,29.3,0.0,69.7,351.0,1.8
2024-04-03 21:00:00,29.1,0.0,72.4,86.0,3.2
2024-04-03 22:00:00,28.9,0.0,75.3,74.0,2.5
2024-04-03 23:00:00,28.8,0.0,75.8,65.0,2.8
2024-04-04 00:00:00,28.6,0.0,76.6,24.0,1.3
2024-04-04 01:00:00,28.2,0.0,78.0,74.0,0.9
2024-04-04 02:00:00,27.9,0.0,82.2,342.0,1.7
2024-04-04 03:00:00,27.5,0.0,84.3,344.0,1.4
2024-04-04 04:00:00,27.4,0.0,83.6,322.0,2.0
2024-04-04 05:00:00,27.0,0.0,87.0,353.0,2.3
2024-04-04 06:00:00,27.1,0.0,85.9,356.0,1.7
2024-04-04 07:00:00,26.9,0.0,86.8,344.0,1.9
2024-04-04 08:00:00,27.6,0.0,82.4,102.0,1.3
2024-04-04 09:00:00,28.0,0.0,81.8,10.0,1.8
2024-04-04 10:00:00,30.4,0.0,69.1,356.0,2.2
2024-04-04 11:00:00,33.4,0.0,56.7,45.0,1.3
2024-04-04 12:00:00,31.5,0.0,60.1,306.0,4.3
2024-04-04 13:00:00,31.3,0.0,64.6,206.0,3.8
2024-04-04 14:00:00,31.4,0.0,65.4,195.0,3.7
2024-04-04 15:00:00,30.3,0.0,70.6,184.0,4.7
2024-04-04 16:00:00,25.0,2.0,97.1,88.0,12.3
2024-04-04 17:00:00,25.3,0.0,98.2,85.0,3.3
2024-04-04 18:00:00,28.2,0.0,81.5,105.0,2.2
2024-04-04 19:00:00,27.7,0.0,80.6,341.0,2.0
2024-04-04 20:00:00,27.9,0.0,79.8,357.0,2.3
2024-04-04 21:00:00,27.4,0.0,76.7,14.0,1.5
2024-04-04 22:00:00,27.6,0.0,76.7,67.0,1.6
2024-04-04 23:00:00,27.8,0.0,75.4,14.0,1.6
2024-04-05 00:00:00,27.7,0.0,76.3,86.0,1.8
2024-04-05 01:00:00,26.9,0.0,79.3,342.0,2.1
2024-04-05 02:00:00,26.6,0.0,80.7,330.0,1.6
2024-04-05 03:00:00,27.2,0.0,74.6,356.0,2.6
2024-04-05 04:00:00,27.2,0.0,78.7,17.0,1.5
2024-04-05 05:00:00,27.2,0.0,81.4,3.0,1.7
2024-04-05 06:00:00,27.1,0.0,81.8,3.0,1.6
2024-04-05 07:00:00,26.8,0.0,84.4,26.0,0.7
2024-04-05 08:00:00,28.0,0.0,80.4,37.0,1.1
2024-04-05 09:00:00,29.3,0.0,75.6,317.0,1.1
2024-04-05 10:00:00,29.9,0.0,73.4,19.0,1.4
2024-04-05 11:00:00,30.7,0.0,66.6,5.0,3.2
2024-04-05 12:00:00,31.5,0.0,63.7,346.0,1.5
2024-04-05 13:00:00,32.5,0.0,59.2,340.0,2.8
2024-04-05 14:00:00,33.2,0.0,54.6,8.0,3.0
2024-04-05 15:00:00,31.4,0.0,68.8,128.0,2.7
2024-04-05 16:00:00,31.6,0.0,64.8,184.0,3.7
2024-04-05 17:00:00,32.0,0.0,66.1,110.0,4.2
2024-04-05 18:00:00,30.6,0.0,71.2,120.0,5.8
2024-04-05 19:00:00,30.5,0.0,57.9,65.0,5.0
2024-04-05 20:00:00,29.4,0.0,65.1,53.0,5.6
2024-04-05 21:00:00,28.7,0.0,71.1,46.0,4.6
2024-04-05 22:00:00,28.5,0.0,73.1,42.0,4.6
2024-04-05 23:00:00,28.5,0.0,73.6,75.0,4.9
2024-04-06 00:00:00,28.3,0.0,74.6,55.0,3.8
2024-04-06 01:00:00,28.1,0.0,76.1,64.0,2.5
2024-04-06 02:00:00,27.9,0.0,76.9,64.0,2.5
2024-04-06 03:00:00,27.8,0.0,77.3,82.0,2.6
2024-04-06 04:00:00,27.5,0.0,78.3,69.0,2.5
2024-04-06 05:00:00,27.4,0.0,79.4,54.0,3.3
2024-04-06 06:00:00,27.3,0.0,80.8,81.0,2.8
2024-04-06 07:00:00,27.3,0.0,81.1,53.0,1.6
2024-04-06 08:00:00,27.7,0.0,78.8,58.0,2.0
2024-04-06 09:00:00,28.9,0.0,73.1,58.0,3.9
2024-04-06 10:00:00,30.4,0.0,66.6,57.0,2.7
2024-04-06 11:00:00,30.4,0.0,63.2,31.0,3.9
2024-04-06 12:00:00,33.2,0.0,53.6,88.0,2.5
2024-04-06 13:00:00,32.2,0.0,54.6,5.0,2.6
2024-04-06 14:00:00,32.1,0.0,61.0,103.0,5.0
2024-04-06 15:00:00,31.4,0.0,66.1,114.0,5.1
2024-04-06 16:00:00,32.3,0.0,57.7,23.0,4.0
2024-04-06 17:00:00,30.4,0.0,70.4,121.0,8.3
2024-04-06 18:00:00,30.7,0.0,69.0,104.0,7.2
2024-04-06 19:00:00,30.3,0.0,65.9,82.0,5.2
2024-04-06 20:00:00,29.4,0.0,70.8,58.0,6.2
2024-04-06 21:00:00,29.0,0.0,73.7,65.0,4.1
2024-04-06 22:00:00,28.8,0.0,76.4,63.0,4.9
2024-04-06 23:00:00,28.7,0.0,76.7,28.0,5.1
2024-04-07 00:00:00,28.6,0.0,76.7,67.0,4.1
2024-04-07 01:00:00,28.6,0.0,74.5,75.0,3.4
2024-04-07 02:00:00,28.5,0.0,74.0,67.0,4.1
2024-04-07 03:00:00,28.3,0.0,75.2,65.0,3.6
2024-04-07 04:00:00,28.1,0.0,77.4,57.0,4.3
2024-04-07 05:00:00,28.0,0.0,77.0,56.0,3.5
2024-04-07 06:00:00,28.0,0.0,77.4,54.0,2.5
2024-04-07 07:00:00,28.0,0.0,75.8,71.0,2.7
2024-04-07 08:00:00,28.7,0.0,74.3,17.0,2.3
2024-04-07 09:00:00,29.3,0.0,70.3,10.0,5.1
2024-04-07 10:00:00,29.7,0.0,67.3,52.0,5.2
2024-04-07 11:00:00,31.1,0.0,61.5,66.0,4.0
2024-04-07 12:00:00,32.7,0.0,55.8,78.0,2.9
2024-04-07 13:00:00,31.5,0.0,63.3,94.0,8.8
2024-04-07 14:00:00,31.4,0.0,64.6,97.0,4.1
2024-04-07 15:00:00,31.8,0.0,57.7,358.0,3.8
2024-04-07 16:00:00,31.5,0.0,61.1,9.0,3.6
2024-04-07 17:00:00,31.9,0.0,61.9,38.0,1.8
2024-04-07 18:00:00,31.1,0.0,61.2,64.0,4.2
2024-04-07 19:00:00,30.5,0.0,63.8,77.0,4.7
2024-04-07 20:00:00,29.7,0.0,67.8,51.0,5.4
2024-04-07 21:00:00,29.3,0.0,70.1,32.0,4.4
2024-04-07 22:00:00,29.1,0.0,70.3,52.0,4.2
2024-04-07 23:00:00,29.1,0.0,71.7,36.0,2.6
2024-04-08 00:00:00,28.9,0.0,73.6,61.0,5.2
2024-04-08 01:00:00,28.9,0.0,74.8,73.0,2.6
2024-04-08 02:00:00,28.9,0.0,75.1,79.0,3.1
2024-04-08 03:00:00,28.9,0.0,73.8,110.0,2.8
2024-04-08 04:00:00,28.8,0.0,74.5,101.0,5.5
2024-04-08 05:00:00,28.8,0.0,73.6,67.0,2.4
2024-04-08 06:00:00,28.8,0.0,73.9,64.0,1.8
2024-04-08 07:00:00,28.5,0.0,78.6,95.0,4.1
2024-04-08 08:00:00,29.6,0.0,73.5,77.0,2.8
2024-04-08 09:00:00,30.9,0.0,69.1,293.0,1.0
2024-04-08 10:00:00,31.7,0.0,63.7,319.0,2.7
2024-04-08 11:00:00,30.9,0.0,65.3,317.0,3.8
2024-04-08 12:00:00,35.4,0.0,49.9,302.0,1.3
2024-04-08 13:00:00,29.7,0.0,72.6,197.0,3.8
2024-04-08 14:00:00,30.1,0.0,73.1,204.0,5.6
2024-04-08 15:00:00,24.2,2.6,93.2,1.0,9.3
2024-04-08 16:00:00,24.1,0.0,97.7,268.0,2.2
2024-04-08 17:00:00,27.2,0.0,81.5,91.0,1.4
2024-04-08 18:00:00,28.4,0.0,73.9,307.0,2.5
2024-04-08 19:00:00,28.1,0.0,75.9,314.0,2.0
2024-04-08 20:00:00,28.3,0.0,72.4,81.0,0.5
2024-04-08 21:00:00,28.0,0.0,78.0,348.0,1.8
2024-04-08 22:00:00,28.1,0.0,76.5,94.0,0.8
2024-04-08 23:00:00,28.1,0.0,76.9,344.0,0.9
2024-04-09 00:00:00,28.4,0.0,76.9,60.0,1.6
2024-04-09 01:00:00,28.0,0.0,79.1,25.0,0.8
2024-04-09 02:00:00,27.6,0.0,80.4,293.0,1.5
2024-04-09 03:00:00,27.4,0.0,82.6,340.0,2.4
2024-04-09 04:00:00,27.3,0.0,83.9,303.0,1.9
2024-04-09 05:00:00,27.1,0.0,85.2,309.0,2.9
2024-04-09 06:00:00,26.5,0.0,89.5,20.0,1.1
2024-04-09 07:00:00,26.7,0.0,87.5,19.0,2.9
2024-04-09 08:00:00,28.1,0.0,80.0,9.0,2.7
2024-04-09 09:00:00,29.2,0.0,77.2,334.0,1.9
2024-04-09 10:00:00,31.0,0.0,68.0,10.0,2.6
2024-04-09 11:00:00,33.2,0.0,54.8,94.0,1.5
2024-04-09 12:00:00,32.8,0.0,55.2,60.0,2.0
2024-04-09 13:00:00,32.9,0.0,55.1,60.0,2.6
2024-04-09 14:00:00,31.7,0.0,65.4,111.0,6.0
2024-04-09 15:00:00,32.8,0.0,53.7,70.0,3.4
2024-04-09 16:00:00,33.2,0.0,48.5,58.0,5.1
2024-04-09 17:00:00,33.2,0.0,48.5,31.0,4.9
2024-04-09 18:00:00,32.3,0.0,56.7,53.0,2.8
2024-04-09 19:00:00,30.9,0.0,64.0,65.0,3.4
2024-04-09 20:00:00,30.1,0.0,67.6,26.0,3.8
2024-04-09 21:00:00,29.7,0.0,72.1,348.0,3.4
2024-04-09 22:00:00,29.5,0.0,73.6,40.0,3.1
2024-04-09 23:00:00,29.3,0.0,73.6,54.0,2.1
2024-04-10 00:00:00,29.2,0.0,74.4,80.0,1.8
2024-04-10 01:00:00,29.1,0.0,75.5,69.0,2.8
2024-04-10 02:00:00,28.8,0.0,76.4,21.0,2.7
2024-04-10 03:00:00,28.5,0.0,77.6,74.0,1.5
2024-04-10 04:00:00,28.2,0.0,80.7,11.0,1.8
2024-04-10 05:00:00,27.8,0.0,83.2,12.0,2.6
2024-04-10 06:00:00,27.9,0.0,82.9,19.0,1.1
2024-04-10 07:00:00,27.4,0.0,86.3,290.0,2.0
2024-04-10 08:00:00,27.4,0.0,85.9,310.0,3.5
2024-04-10 09:00:00,27.4,0.0,84.3,311.0,3.4
2024-04-10 10:00:00,28.3,0.0,77.9,291.0,1.7
2024-04-10 11:00:00,28.1,0.0,79.0,109.0,1.5
2024-04-10 12:00:00,29.4,0.0,72.9,53.0,2.3
2024-04-10 13:00:00,29.9,0.0,69.1,30.0,3.5
2024-04-10 14:00:00,31.0,0.0,62.7,34.0,2.7
2024-04-10 15:00:00,32.1,0.0,59.2,86.0,2.3
2024-04-10 16:00:00,31.0,0.0,61.4,63.0,5.1
2024-04-10 17:00:00,27.6,0.2,83.2,72.0,6.5
2024-04-10 18:00:00,27.1,0.0,90.3,264.0,1.3
2024-04-10 19:00:00,27.9,0.0,80.6,354.0,4.2
2024-04-10 20:00:00,28.0,0.0,78.1,355.0,3.2
2024-04-10 21:00:00,27.7,0.0,80.0,23.0,2.4
2024-04-10 22:00:00,27.6,0.0,80.5,21.0,2.3
2024-04-10 23:00:00,27.5,0.0,80.9,346.0,2.4
2024-04-11 00:00:00,27.5,0.0,80.9,350.0,2.2
2024-04-11 01:00:00,27.2,0.0,81.8,324.0,1.8
2024-04-11 02:00:00,26.9,0.0,83.2,279.0,1.3
2024-04-11 03:00:00,27.0,0.0,82.7,28.0,1.0
2024-04-11 04:00:00,27.3,0.0,83.1,98.0,4.0
2024-04-11 05:00:00,25.9,0.2,90.1,68.0,3.4
2024-04-11 06:00:00,25.5,0.4,90.9,77.0,3.9
2024-04-11 07:00:00,25.8,0.0,91.4,80.0,4.8
2024-04-11 08:00:00,26.2,0.0,90.4,92.0,5.7
2024-04-11 09:00:00,26.8,0.0,88.1,78.0,3.9
2024-04-11 10:00:00,27.8,0.0,84.1,78.0,3.2
2024-04-11 11:00:00,29.0,0.0,77.0,79.0,7.1
2024-04-11 12:00:00,25.6,3.0,88.8,54.0,5.4
2024-04-11 13:00:00,29.3,0.0,77.7,45.0,4.0
2024-04-11 14:00:00,30.3,0.0,65.7,58.0,5.7
2024-04-11 15:00:00,30.2,0.0,65.9,35.0,4.5
2024-04-11 16:00:00,31.7,0.0,59.4,359.0,3.8
2024-04-11 17:00:00,31.0,0.0,62.0,29.0,5.0
2024-04-11 18:00:00,30.3,0.0,62.5,84.0,3.2
2024-04-11 19:00:00,29.4,0.0,69.5,57.0,4.5
2024-04-11 20:00:00,29.0,0.0,72.4,33.0,3.0
2024-04-11 21:00:00,28.7,0.0,75.1,5.0,3.1
2024-04-11 22:00:00,28.4,0.0,77.8,15.0,2.9
2024-04-11 23:00:00,28.0,0.0,79.8,19.0,3.7
2024-04-12 00:00:00,27.9,0.0,79.8,20.0,3.5
2024-04-12 01:00:00,27.8,0.0,78.9,23.0,2.6
2024-04-12 02:00:00,27.8,0.0,78.6,7.0,2.2
2024-04-12 03:00:00,27.3,0.0,82.4,13.0,1.9
2024-04-12 04:00:00,26.5,0.0,87.7,6.0,2.4
2024-04-12 05:00:00,25.8,0.0,91.1,358.0,1.8
2024-04-12 06:00:00,26.1,0.0,88.5,46.0,2.8
2024-04-12 07:00:00,25.2,0.2,89.2,4.0,2.6
2024-04-12 08:00:00,25.4,0.2,90.8,339.0,1.8
2024-04-12 09:00:00,25.2,0.4,92.3,87.0,5.5
2024-04-12 10:00:00,23.6,1.4,97.0,29.0,4.3
2024-04-12 11:00:00,24.0,0.6,97.9,3.0,3.1
2024-04-12 12:00:00,24.3,0.2,98.1,25.0,2.5
2024-04-12 13:00:00,24.2,0.2,97.8,346.0,3.6
2024-04-12 14:00:00,24.4,0.2,97.3,20.0,2.2
2024-04-12 15:00:00,24.7,0.0,94.7,17.0,2.2
2024-04-12 16:00:00,25.7,0.0,87.3,357.0,3.6
2024-04-12 17:00:00,26.5,0.0,82.6,22.0,3.1
2024-04-12 18:00:00,26.3,0.0,81.2,4.0,4.0
2024-04-12 19:00:00,26.5,0.0,78.9,358.0,3.6
2024-04-12 20:00:00,26.2,0.0,81.4,12.0,4.8
2024-04-12 21:00:00,26.0,0.0,86.0,356.0,3.4
2024-04-12 22:00:00,26.0,0.0,85.3,17.0,2.1
2024-04-12 23:00:00,26.1,0.0,84.1,13.0,1.2
2024-04-13 00:00:00,26.0,0.0,85.4,358.0,1.9
2024-04-13 01:00:00,26.2,0.0,84.9,12.0,1.8
2024-04-13 02:00:00,25.9,0.0,87.8,338.0,2.0
2024-04-13 03:00:00,25.6,0.0,89.6,18.0,2.2
2024-04-13 04:00:00,25.8,0.0,88.8,333.0,1.4
2024-04-13 05:00:00,26.0,0.0,87.7,13.0,2.2
2024-04-13 06:00:00,26.2,0.0,85.2,18.0,2.2
2024-04-13 07:00:00,26.5,0.0,83.8,62.0,2.5
2024-04-13 08:00:00,27.4,0.0,79.1,62.0,2.2
2024-04-13 09:00:00,28.5,0.0,74.6,62.0,4.5
2024-04-13 10:00:00,29.1,0.0,72.1,54.0,5.0
2024-04-13 11:00:00,30.5,0.0,64.7,64.0,4.0
2024-04-13 12:00:00,31.1,0.0,61.1,56.0,5.6
2024-04-13 13:00:00,31.8,0.0,59.6,48.0,5.2
2024-04-13 14:00:00,30.7,0.0,68.9,117.0,6.7
2024-04-13 15:00:00,31.4,0.0,59.6,44.0,4.9
2024-04-13 16:00:00,31.4,0.0,60.3,47.0,4.5
2024-04-13 17:00:00,31.1,0.0,60.5,76.0,4.5
2024-04-13 18:00:00,30.0,0.0,67.1,57.0,5.7
2024-04-13 19:00:00,29.5,0.0,71.0,56.0,5.8
2024-04-13 20:00:00,29.1,0.0,75.0,52.0,4.0
2024-04-13 21:00:00,28.1,0.0,78.0,263.0,1.8
2024-04-13 22:00:00,28.0,0.0,78.9,325.0,2.3
2024-04-13 23:00:00,28.1,0.0,79.3,348.0,1.4
2024-04-14 00:00:00,28.4,0.0,78.6,48.0,2.3
2024-04-14 01:00:00,28.0,0.0,80.6,49.0,3.9
2024-04-14 02:00:00,27.8,0.0,81.4,38.0,3.8
2024-04-14 03:00:00,27.7,0.0,82.7,66.0,2.5
2024-04-14 04:00:00,27.7,0.0,83.3,19.0,1.8
2024-04-14 05:00:00,27.5,0.0,84.9,358.0,1.0
2024-04-14 06:00:00,27.5,0.0,85.4,68.0,1.6
2024-04-14 07:00:00,27.4,0.0,83.2,83.0,2.7
2024-04-14 08:00:00,27.5,0.0,81.4,76.0,3.5
2024-04-14 09:00:00,28.9,0.0,79.2,82.0,2.7
2024-04-14 10:00:00,28.6,0.0,79.4,67.0,1.4
2024-04-14 11:00:00,29.5,0.0,75.4,50.0,2.4
2024-04-14 12:00:00,30.5,0.0,70.7,113.0,3.1
2024-04-14 13:00:00,29.7,0.0,74.6,108.0,8.5
2024-04-14 14:00:00,29.3,0.0,74.5,56.0,5.5
2024-04-14 15:00:00,28.6,0.0,71.2,61.0,3.7
2024-04-14 16:00:00,29.9,0.0,65.0,11.0,1.8
2024-04-14 17:00:00,28.8,0.0,74.7,42.0,4.7
2024-04-14 18:00:00,29.2,0.0,75.6,58.0,1.9
2024-04-14 19:00:00,28.6,0.0,75.6,41.0,3.8
2024-04-14 20:00:00,28.6,0.0,76.3,54.0,2.8
2024-04-14 21:00:00,28.3,0.0,78.2,15.0,1.9
2024-04-14 22:00:00,28.2,0.0,79.0,63.0,2.7
2024-04-14 23:00:00,28.0,0.0,81.3,55.0,2.9
2024-04-15 00:00:00,27.8,0.0,83.3,72.0,2.6
2024-04-15 01:00:00,27.7,0.0,84.3,77.0,3.3
2024-04-15 02:00:00,27.6,0.0,84.6,64.0,1.4
2024-04-15 03:00:00,27.6,0.0,84.8,27.0,1.2
2024-04-15 04:00:00,27.6,0.0,85.1,91.0,2.3
2024-04-15 05:00:00,27.7,0.0,85.1,93.0,3.9
2024-04-15 06:00:00,27.2,0.0,83.8,104.0,2.7
2024-04-15 07:00:00,27.2,0.0,85.6,98.0,2.2
2024-04-15 08:00:00,27.8,0.0,78.9,81.0,2.2
2024-04-15 09:00:00,28.3,0.0,74.8,76.0,3.4
2024-04-15 10:00:00,28.8,0.0,74.1,89.0,1.6
2024-04-15 11:00:00,28.1,0.0,80.0,31.0,3.2
2024-04-15 12:00:00,30.4,0.0,68.5,323.0,2.4
2024-04-15 13:00:00,29.5,0.0,71.0,25.0,3.0
2024-04-15 14:00:00,30.9,0.0,61.6,26.0,4.8
2024-04-15 15:00:00,32.2,0.0,57.4,23.0,4.0
2024-04-15 16:00:00,30.2,0.0,70.3,109.0,9.60001
2024-04-15 17:00:00,30.3,0.0,69.3,104.0,11.4
2024-04-15 18:00:00,30.3,0.0,66.6,89.0,6.3
2024-04-15 19:00:00,29.5,0.0,74.7,104.0,7.0
2024-04-15 20:00:00,28.7,0.0,74.5,79.0,5.6
2024-04-15 21:00:00,28.7,0.0,78.0,61.0,4.2
2024-04-15 22:00:00,28.5,0.0,80.5,55.0,3.5
2024-04-15 23:00:00,28.5,0.0,79.4,79.0,4.6
2024-04-16 00:00:00,28.3,0.0,81.8,78.0,5.0
2024-04-16 01:00:00,28.3,0.0,80.9,78.0,3.3
2024-04-16 02:00:00,28.2,0.0,80.5,78.0,3.9
2024-04-16 03:00:00,28.2,0.0,79.5,78.0,4.4
2024-04-16 04:00:00,28.0,0.0,81.1,79.0,2.7
2024-04-16 05:00:00,27.9,0.0,83.4,68.0,3.9
2024-04-16 06:00:00,27.9,0.0,84.4,62.0,3.4
2024-04-16 07:00:00,27.4,0.0,83.7,126.0,5.1
2024-04-16 08:00:00,26.9,0.0,83.7,91.0,6.0
2024-04-16 09:00:00,26.5,0.0,84.7,87.0,4.0
2024-04-16 10:00:00,27.3,0.0,85.7,86.0,3.9
2024-04-16 11:00:00,27.3,0.0,84.6,82.0,2.9
2024-04-16 12:00:00,28.1,0.0,78.6,60.0,1.5
2024-04-16 13:00:00,27.7,0.0,80.1,349.0,3.0
2024-04-16 14:00:00,27.3,0.0,83.4,348.0,2.4
2024-04-16 15:00:00,27.2,0.0,83.2,29.0,1.3
2024-04-16 16:00:00,26.5,0.0,85.7,89.0,3.6
2024-04-16 17:00:00,26.6,0.0,85.6,93.0,1.7
2024-04-16 18:00:00,27.2,0.0,83.9,63.0,1.6
2024-04-16 19:00:00,27.0,0.0,85.9,78.0,2.6
2024-04-16 20:00:00,27.2,0.0,85.2,113.0,3.9
2024-04-16 21:00:00,26.9,0.0,84.8,101.0,0.6
2024-04-16 22:00:00,27.2,0.0,84.6,85.0,1.4
2024-04-16 23:00:00,27.1,0.0,86.5,70.0,1.7
2024-04-17 00:00:00,26.9,0.0,86.9,21.0,1.5
2024-04-17 01:00:00,26.9,0.0,82.3,58.0,1.6
2024-04-17 02:00:00,26.8,0.0,79.9,64.0,1.9
2024-04-17 03:00:00,26.8,0.0,82.2,149.0,1.8
2024-04-17 04:00:00,26.4,0.0,83.2,38.0,0.4
2024-04-17 05:00:00,26.3,0.0,84.7,5.0,0.5
2024-04-17 06:00:00,26.8,0.0,82.7,115.0,1.1
2024-04-17 07:00:00,26.5,0.0,85.5,342.0,1.5
2024-04-17 08:00:00,27.9,0.0,82.2,200.0,1.1
2024-04-17 09:00:00,28.5,0.0,79.0,273.0,2.8
2024-04-17 10:00:00,27.0,0.0,80.6,277.0,2.7
2024-04-17 11:00:00,25.4,0.0,91.1,261.0,7.0
2024-04-17 12:00:00,26.6,0.0,83.3,258.0,4.0
2024-04-17 13:00:00,28.8,0.0,73.9,290.0,4.6
2024-04-17 14:00:00,30.2,0.0,62.1,203.0,5.5
2024-04-17 15:00:00,30.7,0.0,62.9,212.0,3.4
2024-04-17 16:00:00,32.4,0.0,55.9,258.0,2.4
2024-04-17 17:00:00,31.9,0.0,56.8,227.0,2.4
2024-04-17 18:00:00,31.0,0.0,57.4,208.0,3.8
2024-04-17 19:00:00,28.9,0.0,75.4,104.0,6.3
2024-04-17 20:00:00,28.5,0.0,78.8,104.0,6.9
2024-04-17 21:00:00,28.5,0.0,76.8,94.0,3.4
2024-04-17 22:00:00,28.4,0.0,77.2,306.0,1.6
2024-04-17 23:00:00,27.6,0.0,85.8,291.0,2.3
2024-04-18 00:00:00,27.4,0.0,87.8,297.0,2.0
2024-04-18 01:00:00,27.1,0.0,88.2,299.0,2.5
2024-04-18 02:00:00,26.8,0.0,88.8,159.0,0.9
2024-04-18 03:00:00,26.8,0.0,88.1,327.0,1.5
2024-04-18 04:00:00,26.9,0.0,86.5,337.0,0.8
2024-04-18 05:00:00,27.0,0.0,85.2,7.0,1.5
2024-04-18 06:00:00,26.9,0.0,87.0,346.0,1.8
2024-04-18 07:00:00,26.8,0.0,87.5,342.0,0.9
2024-04-18 08:00:00,27.8,0.0,82.4,9.0,0.9
2024-04-18 09:00:00,28.6,0.0,80.8,304.0,2.6
2024-04-18 10:00:00,26.9,0.0,79.8,198.0,2.0
2024-04-18 11:00:00,28.0,0.0,73.8,123.0,1.5
2024-04-18 12:00:00,30.0,0.0,69.1,164.0,2.4
2024-04-18 13:00:00,31.5,0.0,64.7,162.0,1.5
2024-04-18 14:00:00,31.0,0.0,65.6,100.0,5.2
2024-04-18 15:00:00,30.9,0.0,63.7,148.0,4.7
2024-04-18 16:00:00,31.4,0.0,57.7,171.0,4.2
2024-04-18 17:00:00,32.5,0.0,54.5,160.0,2.6
2024-04-18 18:00:00,31.3,0.0,55.8,114.0,6.3
2024-04-18 19:00:00,30.4,0.0,64.2,103.0,6.3
2024-04-18 20:00:00,29.8,0.0,65.8,96.0,5.0
2024-04-18 21:00:00,29.6,0.0,73.5,99.0,5.0
2024-04-18 22:00:00,29.3,0.0,75.2,126.0,4.7
2024-04-18 23:00:00,29.2,0.0,77.3,163.0,3.4
2024-04-19 00:00:00,28.9,0.0,76.4,117.0,3.2
2024-04-19 01:00:00,28.9,0.0,72.4,107.0,3.0
2024-04-19 02:00:00,28.1,0.0,79.6,299.0,0.8
2024-04-19 03:00:00,27.7,0.0,84.8,303.0,1.1
2024-04-19 04:00:00,27.5,0.0,85.7,33.0,0.7
2024-04-19 05:00:00,27.5,0.0,85.0,307.0,1.1
2024-04-19 06:00:00,25.2,0.6,95.1,201.0,2.3
2024-04-19 07:00:00,26.0,0.0,94.7,170.0,2.1
2024-04-19 08:00:00,28.1,0.0,83.4,102.0,0.6
2024-04-19 09:00:00,28.7,0.0,78.8,201.0,2.4
2024-04-19 10:00:00,30.7,0.0,71.3,297.0,1.3
2024-04-19 11:00:00,29.7,0.0,73.4,106.0,3.8
2024-04-19 12:00:00,31.1,0.0,66.8,128.0,2.8
2024-04-19 13:00:00,30.9,0.0,67.5,193.0,2.6
2024-04-19 14:00:00,31.9,0.0,61.8,202.0,4.7
2024-04-19 15:00:00,31.3,0.0,61.9,233.0,2.3
2024-04-19 16:00:00,29.4,0.0,74.2,335.0,1.8
2024-04-19 17:00:00,30.0,0.0,70.9,112.0,5.1
2024-04-19 18:00:00,30.1,0.0,70.3,85.0,3.8
2024-04-19 19:00:00,29.5,0.0,76.9,100.0,6.0
2024-04-19 20:00:00,29.1,0.0,76.7,103.0,5.9
2024-04-19 21:00:00,29.1,0.0,77.4,101.0,5.2
2024-04-19 22:00:00,29.0,0.0,78.4,80.0,4.0
2024-04-19 23:00:00,28.9,0.0,79.7,87.0,3.7
2024-04-20 00:00:00,29.0,0.0,76.2,115.0,5.0
2024-04-20 01:00:00,28.7,0.0,77.9,98.0,3.5
2024-04-20 02:00:00,28.5,0.0,79.3,104.0,4.3
2024-04-20 03:00:00,28.4,0.0,80.2,94.0,3.9
2024-04-20 04:00:00,28.3,0.0,78.9,102.0,2.4
2024-04-20 05:00:00,28.3,0.0,78.7,104.0,2.5
2024-04-20 06:00:00,28.4,0.0,76.7,81.0,3.6
2024-04-20 07:00:00,28.4,0.0,77.5,86.0,2.6
2024-04-20 08:00:00,28.7,0.0,77.1,71.0,1.0
2024-04-20 09:00:00,30.4,0.0,71.2,46.0,1.0
2024-04-20 10:00:00,27.8,0.0,81.9,257.0,5.6
2024-04-20 11:00:00,28.1,0.0,76.7,226.0,1.9
2024-04-20 12:00:00,28.3,0.0,78.4,228.0,2.3
2024-04-20 13:00:00,29.4,0.0,70.9,218.0,6.1
2024-04-20 14:00:00,30.6,0.0,67.7,187.0,3.0
2024-04-20 15:00:00,30.1,0.0,69.4,202.0,7.3
2024-04-20 16:00:00,30.8,0.0,67.1,206.0,2.3
2024-04-20 17:00:00,24.8,4.0,96.6,299.0,2.1
2024-04-20 18:00:00,25.0,0.2,97.8,132.0,4.1
2024-04-20 19:00:00,25.7,0.0,92.3,13.0,1.1
2024-04-20 20:00:00,27.0,0.0,86.7,205.0,2.7
2024-04-20 21:00:00,26.8,0.0,89.7,63.0,0.6
2024-04-20 22:00:00,27.5,0.0,88.8,183.0,3.4
2024-04-20 23:00:00,27.6,0.0,88.7,200.0,2.7
2024-04-21 00:00:00,27.6,0.0,88.5,216.0,3.2
2024-04-21 01:00:00,27.5,0.0,84.1,258.0,1.3
2024-04-21 02:00:00,27.4,0.0,87.2,212.0,1.8
2024-04-21 03:00:00,27.3,0.0,89.4,209.0,5.0
2024-04-21 04:00:00,27.0,0.0,87.8,214.0,2.5
2024-04-21 05:00:00,26.9,0.0,88.6,201.0,1.8
2024-04-21 06:00:00,26.8,0.0,89.6,185.0,1.1
2024-04-21 07:00:00,27.1,0.0,88.8,214.0,1.7
2024-04-21 08:00:00,27.3,0.0,90.2,253.0,0.5
2024-04-21 09:00:00,29.6,0.0,78.6,301.0,1.1
2024-04-21 10:00:00,29.8,0.0,75.8,278.0,2.1
2024-04-21 11:00:00,30.4,0.0,71.2,298.0,2.2
2024-04-21 12:00:00,31.8,0.0,65.0,71.0,1.1
2024-04-21 13:00:00,31.1,0.0,69.2,192.0,3.9
2024-04-21 14:00:00,31.6,0.0,66.3,180.0,3.8
2024-04-21 15:00:00,31.1,0.0,66.8,191.0,3.6
2024-04-21 16:00:00,30.7,0.0,67.4,209.0,6.9
2024-04-21 17:00:00,31.1,0.0,66.5,187.0,1.9
2024-04-21 18:00:00,27.2,0.4,85.8,32.0,2.5
2024-04-21 19:00:00,27.7,0.0,85.1,77.0,1.1
2024-04-21 20:00:00,28.3,0.0,82.2,82.0,2.9
2024-04-21 21:00:00,28.3,0.0,82.2,89.0,1.3
2024-04-21 22:00:00,28.7,0.0,80.0,68.0,2.8
2024-04-21 23:00:00,28.6,0.0,80.9,71.0,2.1
2024-04-22 00:00:00,28.5,0.0,82.7,88.0,1.6
2024-04-22 01:00:00,28.3,0.0,84.5,46.0,1.0
2024-04-22 02:00:00,28.1,0.0,85.7,67.0,2.0
2024-04-22 03:00:00,28.0,0.0,85.6,113.0,2.0
2024-04-22 04:00:00,27.7,0.0,88.4,15.0,0.7
2024-04-22 05:00:00,27.6,0.0,87.9,85.0,1.7
2024-04-22 06:00:00,27.7,0.0,88.6,89.0,3.9
2024-04-22 07:00:00,27.9,0.0,87.3,154.0,1.2
2024-04-22 08:00:00,29.1,0.0,82.1,304.0,0.6
2024-04-22 09:00:00,31.4,0.0,73.0,104.0,0.9
2024-04-22 10:00:00,30.7,0.0,72.3,93.0,2.0
2024-04-22 11:00:00,27.5,2.6,87.5,51.0,3.6
2024-04-22 12:00:00,28.8,0.0,79.0,220.0,2.0
2024-04-22 13:00:00,30.5,0.0,74.3,211.0,5.8
2024-04-22 14:00:00,30.0,0.0,75.7,172.0,4.5
2024-04-22 15:00:00,31.4,0.0,67.8,165.0,4.8
2024-04-22 16:00:00,30.2,0.0,73.4,118.0,3.9
2024-04-22 17:00:00,29.7,0.0,75.3,113.0,4.9
2024-04-22 18:00:00,29.6,0.0,72.5,102.0,5.4
2024-04-22 19:00:00,29.6,0.0,74.2,101.0,1.5
2024-04-22 20:00:00,29.3,0.0,76.1,104.0,5.4
2024-04-22 21:00:00,29.3,0.0,77.7,115.0,3.7
2024-04-22 22:00:00,29.2,0.0,78.3,108.0,4.1
2024-04-22 23:00:00,29.0,0.0,80.4,104.0,2.6
2024-04-23 00:00:00,28.8,0.0,81.5,125.0,3.0
2024-04-23 01:00:00,28.7,0.0,81.2,93.0,3.1
2024-04-23 02:00:00,28.4,0.0,81.9,60.0,0.9
2024-04-23 03:00:00,28.3,0.0,82.7,97.0,1.9
2024-04-23 04:00:00,28.3,0.0,81.6,104.0,3.8
2024-04-23 05:00:00,28.3,0.0,81.3,87.0,2.3
2024-04-23 06:00:00,27.7,0.6,87.5,357.0,2.0
2024-04-23 07:00:00,27.7,0.0,89.3,89.0,1.1
2024-04-23 08:00:00,28.6,0.0,85.3,125.0,2.1
2024-04-23 09:00:00,30.9,0.0,74.3,104.0,1.4
2024-04-23 10:00:00,31.5,0.0,70.3,97.0,3.7
2024-04-23 11:00:00,31.6,0.0,61.3,147.0,2.8
2024-04-23 12:00:00,33.4,0.0,57.7,150.0,1.4
2024-04-23 13:00:00,32.5,0.0,59.5,157.0,2.8
2024-04-23 14:00:00,30.0,0.0,65.9,313.0,3.6
2024-04-23 15:00:00,31.1,0.0,67.1,169.0,3.6
2024-04-23 16:00:00,30.1,0.0,70.8,113.0,6.6
2024-04-23 17:00:00,30.8,0.0,65.1,114.0,5.1
2024-04-23 18:00:00,30.5,0.0,68.2,119.0,5.2
2024-04-23 19:00:00,29.8,0.0,72.2,120.0,5.1
2024-04-23 20:00:00,29.9,0.0,71.5,117.0,4.3
2024-04-23 21:00:00,29.8,0.0,68.9,87.0,3.0
2024-04-23 22:00:00,29.6,0.0,74.2,101.0,4.9
2024-04-23 23:00:00,29.4,0.0,75.5,105.0,6.9
2024-04-24 00:00:00,29.4,0.0,72.8,93.0,3.6
2024-04-24 01:00:00,28.4,0.0,79.6,346.0,1.6
2024-04-24 02:00:00,28.9,0.0,80.8,137.0,3.2
2024-04-24 03:00:00,28.7,0.0,81.3,99.0,3.5
2024-04-24 04:00:00,28.6,0.0,77.4,111.0,1.8
2024-04-24 05:00:00,28.6,0.0,76.3,86.0,2.9
2024-04-24 06:00:00,28.4,0.0,80.3,103.0,3.4
2024-04-24 07:00:00,28.3,0.0,80.4,98.0,1.8
2024-04-24 08:00:00,29.0,0.0,78.4,98.0,5.1
2024-04-24 09:00:00,29.1,0.0,80.0,120.0,4.3
2024-04-24 10:00:00,29.6,0.0,73.5,125.0,7.1
2024-04-24 11:00:00,31.3,0.0,65.7,135.0,3.6
2024-04-24 12:00:00,29.5,0.0,70.8,151.0,4.0
2024-04-24 13:00:00,32.0,0.0,59.2,169.0,3.5
2024-04-24 14:00:00,31.0,0.0,65.2,148.0,4.4
2024-04-24 15:00:00,31.3,0.0,57.0,121.0,4.8
2024-04-24 16:00:00,32.0,0.0,57.5,125.0,5.4
2024-04-24 17:00:00,31.9,0.0,60.7,204.0,4.1
2024-04-24 18:00:00,31.0,0.0,66.1,214.0,2.3
2024-04-24 19:00:00,29.9,0.0,71.2,206.0,3.4
2024-04-24 20:00:00,29.6,0.0,72.6,205.0,2.2
2024-04-24 21:00:00,29.4,0.0,74.6,204.0,2.3
2024-04-24 22:00:00,29.3,0.0,77.2,207.0,3.7
2024-04-24 23:00:00,29.1,0.0,75.6,206.0,4.1
2024-04-25 00:00:00,29.1,0.0,76.1,121.0,3.1
2024-04-25 01:00:00,28.8,0.0,79.2,107.0,3.3
2024-04-25 02:00:00,28.7,0.0,81.5,103.0,4.8
2024-04-25 03:00:00,28.6,0.0,78.2,101.0,5.2
2024-04-25 04:00:00,28.4,0.0,79.9,108.0,5.4
2024-04-25 05:00:00,28.2,0.0,82.0,115.0,4.6
2024-04-25 06:00:00,28.2,0.0,83.3,103.0,5.7
2024-04-25 07:00:00,28.3,0.0,83.1,121.0,3.6
2024-04-25 08:00:00,29.0,0.0,79.2,102.0,4.9
2024-04-25 09:00:00,29.1,0.0,78.2,96.0,6.4
2024-04-25 10:00:00,30.1,0.0,72.4,109.0,4.2
2024-04-25 11:00:00,29.9,0.0,71.5,132.0,5.1
2024-04-25 12:00:00,29.0,0.0,73.3,281.0,2.2
2024-04-25 13:00:00,32.1,0.0,60.9,349.0,1.6
2024-04-25 14:00:00,33.5,0.0,47.1,110.0,4.4
2024-04-25 15:00:00,33.2,0.0,45.0,110.0,5.4
2024-04-25 16:00:00,31.9,0.0,58.6,107.0,12.6
2024-04-25 17:00:00,31.8,0.0,59.5,101.0,8.89999
2024-04-25 18:00:00,31.2,0.0,58.6,106.0,4.5
2024-04-25 19:00:00,30.4,0.0,61.4,98.0,4.6
2024-04-25 20:00:00,30.4,0.0,59.6,107.0,5.1
2024-04-25 21:00:00,30.2,0.0,61.9,356.0,0.5
2024-04-25 22:00:00,28.8,0.0,77.1,315.0,1.6
2024-04-25 23:00:00,28.8,0.0,77.4,292.0,1.3
2024-04-26 00:00:00,28.7,0.0,77.9,308.0,1.2
2024-04-26 01:00:00,29.0,0.0,74.4,46.0,0.7
2024-04-26 02:00:00,28.6,0.0,77.6,359.0,0.4
2024-04-26 03:00:00,28.4,0.0,79.2,353.0,0.5
2024-04-26 04:00:00,28.3,0.0,80.2,356.0,1.3
2024-04-26 05:00:00,28.3,0.0,79.6,53.0,1.1
2024-04-26 06:00:00,27.8,0.0,84.5,11.0,1.5
2024-04-26 07:00:00,28.1,0.0,82.8,26.0,1.1
2024-04-26 08:00:00,29.7,0.0,75.5,77.0,0.8
2024-04-26 09:00:00,30.1,0.0,74.7,103.0,2.4
2024-04-26 10:00:00,30.6,0.0,66.3,97.0,5.0
2024-04-26 11:00:00,33.1,0.0,55.4,120.0,3.4
2024-04-26 12:00:00,32.1,0.0,51.2,119.0,3.7
2024-04-26 13:00:00,35.1,0.0,47.5,105.0,1.4
2024-04-26 14:00:00,32.7,0.0,55.2,113.0,4.9
2024-04-26 15:00:00,33.3,0.0,49.0,168.0,3.2
2024-04-26 16:00:00,31.2,0.0,60.6,137.0,6.5
2024-04-26 17:00:00,30.7,0.0,62.4,138.0,5.4
2024-04-26 18:00:00,29.1,0.0,71.4,237.0,1.4
2024-04-26 19:00:00,29.8,0.0,70.3,53.0,2.1
2024-04-26 20:00:00,29.8,0.0,73.0,59.0,4.4
2024-04-26 21:00:00,29.4,0.0,76.5,71.0,2.6
2024-04-26 22:00:00,29.3,0.0,78.8,79.0,2.5
2024-04-26 23:00:00,29.5,0.0,74.0,85.0,4.4
2024-04-27 00:00:00,29.4,0.0,74.2,90.0,2.9
2024-04-27 01:00:00,29.1,0.0,74.8,87.0,1.4
2024-04-27 02:00:00,28.5,0.0,81.5,314.0,3.0
2024-04-27 03:00:00,28.3,0.0,81.7,313.0,1.3
2024-04-27 04:00:00,28.5,0.0,80.4,69.0,1.8
2024-04-27 05:00:00,28.7,0.0,79.1,103.0,5.7
2024-04-27 06:00:00,28.6,0.0,80.0,109.0,3.5
2024-04-27 07:00:00,28.1,0.0,83.1,21.0,0.6
2024-04-27 08:00:00,28.7,0.0,80.0,113.0,2.9
2024-04-27 09:00:00,29.7,0.0,71.7,122.0,1.9
2024-04-27 10:00:00,30.3,0.0,69.0,107.0,5.0
2024-04-27 11:00:00,31.3,0.0,62.2,140.0,4.4
2024-04-27 12:00:00,32.9,0.0,51.4,121.0,3.3
2024-04-27 13:00:00,31.8,0.0,51.3,128.0,4.3
2024-04-27 14:00:00,33.5,0.0,45.3,120.0,4.2
2024-04-27 15:00:00,33.7,0.0,46.0,117.0,6.1
2024-04-27 16:00:00,33.4,0.0,49.4,109.0,5.3
2024-04-27 17:00:00,32.9,0.0,49.0,100.0,8.60001
2024-04-27 18:00:00,32.3,0.0,56.3,105.0,10.4
2024-04-27 19:00:00,30.2,0.0,69.8,27.0,2.8
2024-04-27 20:00:00,30.3,0.0,67.9,281.0,1.3
2024-04-27 21:00:00,29.4,0.0,80.0,337.0,1.5
2024-04-27 22:00:00,29.7,0.0,78.2,113.0,7.1
2024-04-27 23:00:00,29.6,0.0,77.5,107.0,4.8
2024-04-28 00:00:00,29.6,0.0,77.6,112.0,4.1
2024-04-28 01:00:00,29.4,0.0,76.1,111.0,4.6
2024-04-28 02:00:00,29.2,0.0,76.3,104.0,1.5
2024-04-28 03:00:00,29.1,0.0,76.1,113.0,4.0
2024-04-28 04:00:00,28.9,0.0,75.6,120.0,3.6
2024-04-28 05:00:00,28.9,0.0,75.5,127.0,2.2
2024-04-28 06:00:00,28.8,0.0,75.8,136.0,3.6
2024-04-28 07:00:00,28.8,0.0,76.2,125.0,2.9
2024-04-28 08:00:00,30.0,0.0,72.2,210.0,2.1
2024-04-28 09:00:00,30.5,0.0,66.8,217.0,4.4
2024-04-28 10:00:00,29.9,0.0,75.1,209.0,5.0
2024-04-28 11:00:00,29.0,0.0,81.8,205.0,10.3
2024-04-28 12:00:00,31.5,0.0,57.7,195.0,3.5
2024-04-28 13:00:00,31.7,0.0,60.2,209.0,5.4
2024-04-28 14:00:00,31.3,0.0,65.7,186.0,6.2
2024-04-28 15:00:00,29.2,0.0,72.2,204.0,6.3
2024-04-28 16:00:00,27.0,0.4,94.1,117.0,10.9
2024-04-28 17:00:00,28.4,0.0,86.2,151.0,7.5
2024-04-28 18:00:00,29.0,0.0,79.9,144.0,6.8
2024-04-28 19:00:00,28.5,0.0,81.0,141.0,4.4
2024-04-28 20:00:00,28.6,0.0,80.7,141.0,3.6
2024-04-28 21:00:00,28.5,0.0,81.3,254.0,1.2
2024-04-28 22:00:00,28.6,0.0,80.8,117.0,4.0
2024-04-28 23:00:00,28.7,0.0,78.2,128.0,3.8
2024-04-29 00:00:00,28.5,0.0,77.7,104.0,4.9
2024-04-29 01:00:00,28.5,0.0,77.6,98.0,4.8
2024-04-29 02:00:00,28.4,0.0,77.5,121.0,2.3
2024-04-29 03:00:00,28.3,0.0,76.3,107.0,2.0
2024-04-29 04:00:00,28.1,0.0,77.0,92.0,1.7
2024-04-29 05:00:00,27.6,0.0,81.4,297.0,1.0
2024-04-29 06:00:00,28.0,0.0,78.2,98.0,1.8
2024-04-29 07:00:00,28.0,0.0,79.3,94.0,1.6
2024-04-29 08:00:00,30.2,0.0,72.6,111.0,0.9
2024-04-29 09:00:00,30.0,0.0,67.2,118.0,2.1
2024-04-29 10:00:00,30.6,0.0,67.9,112.0,5.5
2024-04-29 11:00:00,30.6,0.0,69.4,113.0,6.8
2024-04-29 12:00:00,31.4,0.0,59.6,96.0,7.0
2024-04-29 13:00:00,31.8,0.0,53.4,126.0,6.2
2024-04-29 14:00:00,32.6,0.0,48.6,123.0,4.9
2024-04-29 15:00:00,32.7,0.0,53.8,118.0,8.8
2024-04-29 16:00:00,32.2,0.0,56.9,104.0,8.10001
2024-04-29 17:00:00,32.6,0.0,51.6,103.0,9.39999
2024-04-29 18:00:00,31.6,0.0,59.9,105.0,12.2
2024-04-29 19:00:00,30.9,0.0,67.2,103.0,9.39999
2024-04-29 20:00:00,30.8,0.0,61.6,87.0,4.2
2024-04-29 21:00:00,30.1,0.0,67.8,102.0,8.0
2024-04-29 22:00:00,29.9,0.0,69.7,88.0,4.2
2024-04-29 23:00:00,29.7,0.0,74.0,85.0,2.8
2024-04-30 00:00:00,29.4,0.0,77.1,98.0,4.4
2024-04-30 01:00:00,29.3,0.0,78.6,98.0,5.1
2024-04-30 02:00:00,29.1,0.0,78.9,115.0,3.8
2024-04-30 03:00:00,28.9,0.0,80.3,117.0,3.8
2024-04-30 04:00:00,28.8,0.0,78.0,104.0,4.5
2024-04-30 05:00:00,28.7,0.0,78.1,95.0,5.0
2024-04-30 06:00:00,28.7,0.0,79.4,127.0,2.7
2024-04-30 07:00:00,28.6,0.0,80.9,119.0,3.0
2024-04-30 08:00:00,29.1,0.0,80.4,115.0,3.3
2024-04-30 09:00:00,29.6,0.0,76.7,128.0,5.0
2024-04-30 10:00:00,31.6,0.0,68.4,132.0,2.2
2024-04-30 11:00:00,30.6,0.0,66.6,129.0,4.6
2024-04-30 12:00:00,33.1,0.0,59.4,125.0,3.7
2024-04-30 13:00:00,32.1,0.0,61.3,131.0,5.4
2024-04-30 14:00:00,32.5,0.0,60.6,156.0,2.3
2024-04-30 15:00:00,31.7,0.0,61.3,183.0,5.3
2024-04-30 16:00:00,31.8,0.0,62.8,119.0,5.8
2024-04-30 17:00:00,31.8,0.0,62.9,169.0,5.7
2024-04-30 18:00:00,30.6,0.0,69.2,131.0,6.0
2024-04-30 19:00:00,31.0,0.0,67.1,103.0,3.3
2024-04-30 20:00:00,30.3,0.0,73.7,106.0,8.2
2024-04-30 21:00:00,29.9,0.0,77.5,109.0,7.8
2024-04-30 22:00:00,29.6,0.0,79.7,119.0,5.3
2024-04-30 23:00:00,29.8,0.0,74.4,104.0,5.3
2024-05-01 00:00:00,29.7,0.0,76.6,106.0,4.5
2024-05-01 01:00:00,29.2,0.0,81.5,104.0,6.9
2024-05-01 02:00:00,29.0,0.0,82.2,102.0,6.8
2024-05-01 03:00:00,28.9,0.0,79.7,109.0,5.5
2024-05-01 04:00:00,28.9,0.0,78.4,100.0,4.8
2024-05-01 05:00:00,28.8,0.0,80.7,104.0,5.1
2024-05-01 06:00:00,28.7,0.0,78.8,109.0,5.2
2024-05-01 07:00:00,28.7,0.0,79.1,97.0,5.7
2024-05-01 08:00:00,29.0,0.0,79.0,104.0,5.3
2024-05-01 09:00:00,31.1,0.0,68.3,123.0,2.4
2024-05-01 10:00:00,30.9,0.0,66.4,92.0,4.2
2024-05-01 11:00:00,31.3,0.0,64.2,104.0,4.9
2024-05-01 12:00:00,31.5,0.0,57.2,117.0,4.5
2024-05-01 13:00:00,31.9,0.0,57.5,127.0,4.9
2024-05-01 14:00:00,31.8,0.0,62.5,201.0,5.7
2024-05-01 15:00:00,31.2,0.0,62.9,185.0,6.0
2024-05-01 16:00:00,31.3,0.0,64.8,211.0,2.7
2024-05-01 17:00:00,30.9,0.0,68.5,213.0,2.2
2024-05-01 18:00:00,28.5,0.0,80.7,359.0,2.2
2024-05-01 19:00:00,27.4,0.0,89.6,279.0,1.3
2024-05-01 20:00:00,28.2,0.0,87.5,324.0,1.2
2024-05-01 21:00:00,28.9,0.0,79.1,241.0,2.4
2024-05-01 22:00:00,29.5,0.0,77.8,165.0,3.2
2024-05-01 23:00:00,27.0,0.0,93.8,287.0,3.4
2024-05-02 00:00:00,26.9,0.4,92.0,274.0,1.2
2024-05-02 01:00:00,27.7,0.0,87.0,193.0,2.6
2024-05-02 02:00:00,27.7,0.0,86.6,216.0,2.7
2024-05-02 03:00:00,27.8,0.0,83.7,194.0,2.9
2024-05-02 04:00:00,27.8,0.0,84.2,168.0,1.6
2024-05-02 05:00:00,27.8,0.0,83.4,214.0,3.0
2024-05-02 06:00:00,27.8,0.0,84.3,106.0,2.0
2024-05-02 07:00:00,27.6,0.0,84.7,99.0,1.0
2024-05-02 08:00:00,28.9,0.0,79.0,105.0,3.0
2024-05-02 09:00:00,29.3,0.0,77.4,110.0,3.9
2024-05-02 10:00:00,29.6,0.0,74.7,118.0,5.3
2024-05-02 11:00:00,31.5,0.0,66.1,150.0,3.5
2024-05-02 12:00:00,32.3,0.0,65.6,168.0,4.1
2024-05-02 13:00:00,31.7,0.0,64.7,200.0,3.5
2024-05-02 14:00:00,30.2,0.0,66.7,187.0,5.9
2024-05-02 15:00:00,28.2,0.2,85.7,166.0,4.4
2024-05-02 16:00:00,27.6,0.0,84.4,328.0,2.9
2024-05-02 17:00:00,27.727777777777774,0.0,83.76666666666667,315.8333333333333,2.944444444444444
2024-05-02 18:00:00,27.85555555555556,0.0,83.13333333333334,303.6666666666667,2.988888888888889
2024-05-02 19:00:00,27.98333333333333,0.0,82.5,291.5,3.033333333333333
2024-05-02 20:00:00,,,,,
2024-05-02 21:00:00,,,,,
2024-05-02 22:00:00,,,,,
2024-05-02 23:00:00,,,,,
2024-05-03 00:00:00,,,,,
2024-05-03 01:00:00,,,,,
2024-05-03 02:00:00,,,,,
2024-05-03 03:00:00,,,,,
2024-05-03 04:00:00,,,,,
2024-05-03 05:00:00,,,,,
2024-05-03 06:00:00,,,,,
2024-05-03 07:00:00,29.516666666666666,0.0,74.9,145.5,3.566666666666667
2024-05-03 08:00:00,29.64444444444444,0.0,74.26666666666667,133.33333333333331,3.611111111111111
2024-05-03 09:00:00,29.772222222222226,0.0,73.63333333333333,121.16666666666666,3.655555555555556
2024-05-03 10:00:00,29.9,0.0,73.0,109.0,3.7
2024-05-03 11:00:00,31.4,0.0,69.1,86.0,3.8
2024-05-03 12:00:00,30.2,0.0,73.3,209.0,6.7
2024-05-03 13:00:00,32.0,0.0,62.8,170.0,1.6
2024-05-03 14:00:00,30.9,0.0,66.4,143.0,3.7
2024-05-03 15:00:00,30.0,0.0,74.5,124.0,5.1
2024-05-03 16:00:00,29.9,0.0,70.1,118.0,3.8
2024-05-03 17:00:00,28.6,0.0,82.1,293.0,2.4
2024-05-03 18:00:00,29.6,0.0,75.7,122.0,4.3
2024-05-03 19:00:00,29.6,0.0,74.9,109.0,4.8
2024-05-03 20:00:00,29.6,0.0,74.1,129.0,3.9
2024-05-03 21:00:00,29.5,0.0,73.9,137.0,4.9
2024-05-03 22:00:00,29.2,0.0,80.0,113.0,5.9
2024-05-03 23:00:00,29.2,0.0,79.6,117.0,4.1
2024-05-04 00:00:00,29.1,0.0,81.6,92.0,5.1
2024-05-04 01:00:00,28.8,0.0,83.3,133.0,4.1
2024-05-04 02:00:00,28.9,0.0,78.8,131.0,3.8
2024-05-04 03:00:00,28.5,0.0,83.1,95.0,2.8
2024-05-04 04:00:00,28.5,0.0,83.9,113.0,4.4
2024-05-04 05:00:00,27.7,0.0,85.8,305.0,1.8
2024-05-04 06:00:00,28.1,0.0,85.2,269.0,1.1
2024-05-04 07:00:00,27.1,0.0,87.4,170.0,1.4
2024-05-04 08:00:00,25.3,0.2,93.7,161.0,2.9
2024-05-04 09:00:00,24.3,0.2,94.9,220.0,5.7
2024-05-04 10:00:00,24.7,0.2,92.8,262.0,3.5
2024-05-04 11:00:00,24.7,2.4,95.5,261.0,4.8
2024-05-04 12:00:00,24.2,0.2,97.4,296.0,6.5
2024-05-04 13:00:00,23.6,0.0,96.7,301.0,8.5
2024-05-04 14:00:00,24.1,0.0,92.4,317.0,3.7
2024-05-04 15:00:00,25.1,0.0,83.7,266.0,2.9
2024-05-04 16:00:00,25.9,0.0,80.9,264.0,2.4
2024-05-04 17:00:00,26.5,0.0,79.2,235.0,1.9
2024-05-04 18:00:00,26.7,0.0,79.5,242.0,1.6
2024-05-04 19:00:00,26.1,0.0,84.8,312.0,2.1
2024-05-04 20:00:00,25.6,0.0,88.0,314.0,1.1
2024-05-04 21:00:00,25.7,0.0,87.3,296.0,0.9
2024-05-04 22:00:00,26.4,0.0,83.3,262.0,1.6
2024-05-04 23:00:00,27.1,0.0,79.4,217.0,2.4
2024-05-05 00:00:00,26.6,0.0,83.8,299.0,1.8
2024-05-05 01:00:00,26.8,0.0,83.7,220.0,2.4
2024-05-05 02:00:00,26.3,0.0,87.2,283.0,1.7
2024-05-05 03:00:00,26.0,0.0,88.0,309.0,1.6
2024-05-05 04:00:00,26.1,0.0,88.1,289.0,1.7
2024-05-05 05:00:00,26.7,0.0,87.1,210.0,3.0
2024-05-05 06:00:00,27.1,0.0,82.7,200.0,3.0
2024-05-05 07:00:00,27.0,0.0,81.9,271.0,1.0
2024-05-05 08:00:00,28.1,0.0,77.7,190.0,1.1
2024-05-05 09:00:00,29.5,0.0,71.9,198.0,3.3
2024-05-05 10:00:00,29.4,0.0,74.8,209.0,4.6
2024-05-05 11:00:00,30.3,0.0,69.3,177.0,5.6
2024-05-05 12:00:00,31.0,0.0,66.6,210.0,4.5
2024-05-05 13:00:00,30.8,0.0,67.6,233.0,4.4
2024-05-05 14:00:00,32.2,0.0,57.8,260.0,3.7
2024-05-05 15:00:00,31.8,0.0,55.7,250.0,4.6
2024-05-05 16:00:00,32.4,0.0,51.9,206.0,3.9
2024-05-05 17:00:00,31.5,0.0,53.3,198.0,4.5
2024-05-05 18:00:00,31.4,0.0,53.2,206.0,4.9
2024-05-05 19:00:00,30.9,0.0,61.5,117.0,4.3
2024-05-05 20:00:00,29.9,0.0,70.4,135.0,3.7
2024-05-05 21:00:00,29.8,0.0,70.6,136.0,4.2
2024-05-05 22:00:00,29.6,0.0,74.0,124.0,3.0
2024-05-05 23:00:00,29.3,0.0,77.5,129.0,4.3
2024-05-06 00:00:00,29.1,0.0,81.1,115.0,2.6
2024-05-06 01:00:00,29.0,0.0,81.9,125.0,2.8
2024-05-06 02:00:00,28.8,0.0,81.0,98.0,3.3
2024-05-06 03:00:00,28.7,0.0,82.8,110.0,4.6
2024-05-06 04:00:00,28.6,0.0,83.9,114.0,4.9
2024-05-06 05:00:00,28.4,0.0,83.1,121.0,3.9
2024-05-06 06:00:00,28.3,0.0,85.8,127.0,3.3
2024-05-06 07:00:00,28.1,0.0,87.1,102.0,4.3
2024-05-06 08:00:00,28.7,0.0,83.6,115.0,4.2
2024-05-06 09:00:00,29.7,0.0,74.6,88.0,3.8
2024-05-06 10:00:00,30.5,0.0,71.3,109.0,6.9
2024-05-06 11:00:00,30.8,0.0,65.6,97.0,5.2
2024-05-06 12:00:00,31.2,0.0,60.9,116.0,4.3
2024-05-06 13:00:00,31.8,0.0,55.7,130.0,4.5
2024-05-06 14:00:00,33.1,0.0,54.3,130.0,6.4
2024-05-06 15:00:00,30.4,0.0,66.8,128.0,6.2
2024-05-06 16:00:00,30.8,0.0,66.3,98.0,6.3
2024-05-06 17:00:00,30.8,0.0,63.0,102.0,7.5
2024-05-06 18:00:00,30.6,0.0,64.9,93.0,3.2
2024-05-06 19:00:00,30.0,0.0,74.1,87.0,7.1
2024-05-06 20:00:00,29.8,0.0,72.2,107.0,7.1
2024-05-06 21:00:00,29.7,0.0,69.8,109.0,5.2
2024-05-06 22:00:00,29.4,0.0,75.4,101.0,3.1
2024-05-06 23:00:00,29.3,0.0,77.3,122.0,3.5
2024-05-07 00:00:00,29.0,0.0,79.5,106.0,6.5
2024-05-07 01:00:00,29.1,0.0,74.5,107.0,6.9
2024-05-07 02:00:00,29.0,0.0,74.0,99.0,3.9
2024-05-07 03:00:00,28.9,0.0,78.2,141.0,3.4
2024-05-07 04:00:00,28.9,0.0,78.0,121.0,2.6
2024-05-07 05:00:00,28.9,0.0,76.7,106.0,5.1
2024-05-07 06:00:00,28.8,0.0,77.4,114.0,3.2
2024-05-07 07:00:00,28.7,0.0,79.9,110.0,3.4
2024-05-07 08:00:00,28.5,0.0,77.7,304.0,1.2
2024-05-07 09:00:00,27.8,0.0,80.4,6.0,1.7
2024-05-07 10:00:00,32.5,0.0,63.9,284.0,1.5
2024-05-07 11:00:00,27.7,0.0,77.0,6.0,3.9
2024-05-07 12:00:00,28.4,0.6,76.0,302.0,1.5
2024-05-07 13:00:00,28.3,0.0,79.9,143.0,2.9
2024-05-07 14:00:00,26.9,0.0,88.6,134.0,3.7
2024-05-07 15:00:00,27.4,0.0,83.2,105.0,2.7
2024-05-07 16:00:00,28.1,0.0,79.1,87.0,2.1
2024-05-07 17:00:00,29.2,0.0,74.0,152.0,1.1
2024-05-07 18:00:00,28.3,0.0,82.5,307.0,1.9
2024-05-07 19:00:00,27.8,0.0,85.0,300.0,2.2
2024-05-07 20:00:00,28.0,0.0,81.4,123.0,0.6
2024-05-07 21:00:00,27.6,0.0,84.4,327.0,1.7
2024-05-07 22:00:00,27.8,0.0,81.3,92.0,0.7
2024-05-07 23:00:00,28.1,0.0,79.1,66.0,1.1
2024-05-08 00:00:00,28.0,0.0,81.1,260.0,0.6
2024-05-08 01:00:00,28.1,0.0,80.2,132.0,1.2
2024-05-08 02:00:00,27.6,0.0,83.0,305.0,1.0
2024-05-08 03:00:00,27.2,0.0,86.1,302.0,2.4
2024-05-08 04:00:00,27.1,0.0,86.0,281.0,2.1
2024-05-08 05:00:00,25.9,0.0,87.7,274.0,3.2
2024-05-08 06:00:00,24.5,1.4,96.8,264.0,4.2
2024-05-08 07:00:00,24.7,0.0,97.7,228.0,2.8
2024-05-08 08:00:00,24.9,0.0,97.1,314.0,3.3
2024-05-08 09:00:00,25.8,0.2,89.1,300.0,1.4
2024-05-08 10:00:00,27.0,0.0,82.6,139.0,1.9
2024-05-08 11:00:00,29.1,0.0,73.4,212.0,0.8
2024-05-08 12:00:00,28.7,0.0,74.8,119.0,2.5
2024-05-08 13:00:00,30.2,0.0,70.2,221.0,1.5
2024-05-08 14:00:00,29.8,0.0,68.4,300.0,2.3
2024-05-08 15:00:00,29.6,0.0,73.0,122.0,3.9
2024-05-08 16:00:00,28.8,0.0,74.4,124.0,5.3
2024-05-08 17:00:00,28.7,0.0,77.4,128.0,5.6
2024-05-08 18:00:00,28.7,0.0,76.5,118.0,5.3
2024-05-08 19:00:00,28.3,0.0,79.3,104.0,8.0
2024-05-08 20:00:00,28.1,0.0,79.1,109.0,5.8
2024-05-08 21:00:00,28.1,0.0,79.0,97.0,4.9
2024-05-08 22:00:00,28.0,0.0,81.1,129.0,4.2
2024-05-08 23:00:00,27.7,0.0,82.8,132.0,4.6
2024-05-09 00:00:00,27.6,0.0,82.9,113.0,4.5
2024-05-09 01:00:00,27.7,0.0,81.0,196.0,2.5
2024-05-09 02:00:00,27.6,0.0,81.2,150.0,2.9
2024-05-09 03:00:00,27.6,0.0,81.3,140.0,2.7
2024-05-09 04:00:00,27.7,0.0,80.1,109.0,4.1
2024-05-09 05:00:00,27.8,0.0,80.3,143.0,2.2
2024-05-09 06:00:00,27.7,0.0,80.0,106.0,3.0
2024-05-09 07:00:00,27.7,0.0,79.7,131.0,2.0
2024-05-09 08:00:00,28.4,0.0,76.2,109.0,2.2
2024-05-09 09:00:00,28.7,0.0,73.3,134.0,2.6
2024-05-09 10:00:00,29.0,0.0,71.1,125.0,3.9
2024-05-09 11:00:00,30.7,0.0,62.6,122.0,3.7
2024-05-09 12:00:00,31.2,0.0,57.3,146.0,2.9
2024-05-09 13:00:00,31.5,0.0,52.7,125.0,5.3
2024-05-09 14:00:00,32.6,0.0,49.2,133.0,4.6
2024-05-09 15:00:00,33.0,0.0,47.5,103.0,8.0
2024-05-09 16:00:00,32.2,0.0,54.1,111.0,8.0
2024-05-09 17:00:00,31.0,0.0,70.1,107.0,11.2
2024-05-09 18:00:00,30.7,0.0,67.7,110.0,4.6
2024-05-09 19:00:00,29.8,0.0,71.1,109.0,8.89999
2024-05-09 20:00:00,29.9,0.0,69.7,105.0,6.8
2024-05-09 21:00:00,29.7,0.0,72.8,96.0,6.8
2024-05-09 22:00:00,29.3,0.0,73.4,99.0,8.10001
2024-05-09 23:00:00,29.4,0.0,70.8,99.0,6.4
2024-05-10 00:00:00,29.1,0.0,75.8,101.0,8.89999
2024-05-10 01:00:00,28.9,0.0,76.3,97.0,8.0
2024-05-10 02:00:00,28.9,0.0,75.0,105.0,7.6
2024-05-10 03:00:00,28.8,0.0,74.8,115.0,5.9
2024-05-10 04:00:00,28.7,0.0,76.9,109.0,5.0
2024-05-10 05:00:00,28.5,0.0,79.5,111.0,4.0
2024-05-10 06:00:00,28.4,0.0,79.4,116.0,4.2
2024-05-10 07:00:00,28.4,0.0,79.6,105.0,3.4
2024-05-10 08:00:00,28.9,0.0,78.7,127.0,3.5
2024-05-10 09:00:00,30.2,0.0,73.8,121.0,4.1
2024-05-10 10:00:00,30.3,0.0,71.1,105.0,5.3
2024-05-10 11:00:00,31.4,0.0,60.2,118.0,4.4
2024-05-10 12:00:00,26.0,0.0,87.0,204.0,4.5
2024-05-10 13:00:00,28.4,0.0,75.9,109.0,2.9
2024-05-10 14:00:00,29.8,0.0,69.0,121.0,2.9
2024-05-10 15:00:00,29.1,0.0,73.9,136.0,4.3
2024-05-10 16:00:00,29.7,0.0,69.7,214.0,2.6
2024-05-10 17:00:00,30.8,0.0,62.1,224.0,2.6
2024-05-10 18:00:00,29.8,0.0,71.7,115.0,5.2
2024-05-10 19:00:00,28.8,0.0,73.9,127.0,2.7
2024-05-10 20:00:00,28.7,0.0,78.7,112.0,3.5
2024-05-10 21:00:00,28.8,0.0,77.4,92.0,4.0
2024-05-10 22:00:00,29.0,0.0,77.3,102.0,4.5
2024-05-10 23:00:00,28.9,0.0,77.7,117.0,3.5
2024-05-11 00:00:00,28.9,0.0,77.2,133.0,2.5
2024-05-11 01:00:00,28.8,0.0,75.7,106.0,1.3
2024-05-11 02:00:00,28.8,0.0,75.2,121.0,2.5
2024-05-11 03:00:00,28.6,0.0,78.4,127.0,2.6
2024-05-11 04:00:00,28.4,0.0,79.4,107.0,3.4
2024-05-11 05:00:00,28.4,0.0,80.5,92.0,2.0
2024-05-11 06:00:00,28.1,0.0,82.5,119.0,1.2
2024-05-11 07:00:00,28.3,0.0,80.8,107.0,4.4
2024-05-11 08:00:00,29.0,0.0,78.8,113.0,3.3
2024-05-11 09:00:00,29.8,0.0,72.2,114.0,4.7
2024-05-11 10:00:00,29.9,0.0,69.9,103.0,7.1
2024-05-11 11:00:00,30.5,0.0,63.4,152.0,3.6
2024-05-11 12:00:00,31.9,0.0,54.9,131.0,5.0
2024-05-11 13:00:00,32.2,0.0,57.5,140.0,4.4
2024-05-11 14:00:00,30.8,0.0,69.9,117.0,5.7
2024-05-11 15:00:00,30.8,0.0,62.2,95.0,5.3
2024-05-11 16:00:00,29.0,0.0,78.2,103.0,10.9
2024-05-11 17:00:00,29.7,0.0,72.6,100.0,6.8
2024-05-11 18:00:00,29.7,0.0,70.1,97.0,8.3
2024-05-11 19:00:00,30.0,0.0,66.1,101.0,7.7
2024-05-11 20:00:00,29.4,0.0,73.8,96.0,6.3
2024-05-11 21:00:00,29.1,0.0,78.1,100.0,9.2
2024-05-11 22:00:00,29.0,0.0,80.2,101.0,8.3
2024-05-11 23:00:00,28.6,0.0,81.6,90.0,5.1
2024-05-12 00:00:00,28.7,0.0,77.7,105.0,6.0
2024-05-12 01:00:00,28.4,0.0,82.5,104.0,2.6
2024-05-12 02:00:00,28.1,0.0,82.9,114.0,5.2
2024-05-12 03:00:00,28.2,0.0,81.3,106.0,4.3
2024-05-12 04:00:00,28.1,0.0,83.3,116.0,2.6
2024-05-12 05:00:00,28.0,0.0,83.7,123.0,2.0
2024-05-12 06:00:00,27.7,0.0,85.0,69.0,0.4
2024-05-12 07:00:00,27.8,0.0,85.6,177.0,0.6
2024-05-12 08:00:00,28.9,0.0,76.4,251.0,1.0
2024-05-12 09:00:00,29.8,0.0,71.7,231.0,1.5
2024-05-12 10:00:00,29.4,0.0,76.2,311.0,2.9
2024-05-12 11:00:00,31.1,0.0,64.8,178.0,3.3
2024-05-12 12:00:00,29.5,0.0,75.1,184.0,7.1
2024-05-12 13:00:00,30.4,0.0,67.8,186.0,4.1
2024-05-12 14:00:00,30.1,0.0,69.0,207.0,4.9
2024-05-12 15:00:00,28.9,0.0,75.9,22.0,3.0
2024-05-12 16:00:00,31.2,0.0,63.5,133.0,2.8
2024-05-12 17:00:00,29.3,0.0,72.8,115.0,5.9
2024-05-12 18:00:00,29.1,0.0,74.1,103.0,5.4
2024-05-12 19:00:00,28.5,0.0,78.1,146.0,3.2
2024-05-12 20:00:00,28.7,0.0,76.7,132.0,2.9
2024-05-12 21:00:00,28.7,0.0,78.5,132.0,3.0
2024-05-12 22:00:00,28.7,0.0,77.0,111.0,3.4
2024-05-12 23:00:00,28.5,0.0,81.6,86.0,5.2
2024-05-13 00:00:00,28.5,0.0,81.6,105.0,4.6
2024-05-13 01:00:00,28.5,0.0,80.3,151.0,2.1
2024-05-13 02:00:00,28.3,0.0,82.3,124.0,3.6
2024-05-13 03:00:00,28.3,0.0,81.6,130.0,2.2
2024-05-13 04:00:00,28.1,0.0,83.0,173.0,1.7
2024-05-13 05:00:00,28.2,0.0,79.1,110.0,2.5
2024-05-13 06:00:00,28.1,0.0,80.6,156.0,1.2
2024-05-13 07:00:00,27.3,0.0,86.7,293.0,1.8
2024-05-13 08:00:00,27.5,0.0,81.2,313.0,1.7
2024-05-13 09:00:00,30.1,0.0,71.9,354.0,1.5
2024-05-13 10:00:00,31.6,0.0,66.4,211.0,0.8
2024-05-13 11:00:00,29.1,0.0,75.5,124.0,4.9
2024-05-13 12:00:00,29.1,0.0,76.5,243.0,1.6
2024-05-13 13:00:00,30.6,0.0,68.7,300.0,2.0
2024-05-13 14:00:00,32.4,0.0,62.8,82.0,2.9
2024-05-13 15:00:00,31.2,0.0,67.1,211.0,4.6
2024-05-13 16:00:00,25.2,5.0,90.4,95.0,12.0
2024-05-13 17:00:00,25.9,0.0,95.6,246.0,1.7
2024-05-13 18:00:00,27.4,0.0,85.4,73.0,1.4
2024-05-13 19:00:00,27.9,0.0,83.4,9.0,0.6
2024-05-13 20:00:00,26.1,0.0,82.8,353.0,3.2
2024-05-13 21:00:00,26.6,0.0,79.7,331.0,2.0
2024-05-13 22:00:00,26.5,0.0,80.0,276.0,2.3
2024-05-13 23:00:00,26.8,0.0,77.9,320.0,3.0
2024-05-14 00:00:00,26.0,0.0,84.4,310.0,5.1
2024-05-14 01:00:00,25.8,0.0,87.7,357.0,1.0
2024-05-14 02:00:00,25.7,0.0,87.8,310.0,3.3
2024-05-14 03:00:00,26.0,0.0,85.6,303.0,2.0
2024-05-14 04:00:00,26.1,0.0,84.4,11.0,0.9
2024-05-14 05:00:00,26.5,0.0,82.8,305.0,1.4
2024-05-14 06:00:00,26.5,0.0,83.3,312.0,2.6
2024-05-14 07:00:00,26.2,0.0,87.2,329.0,1.5
2024-05-14 08:00:00,26.9,0.0,79.8,303.0,3.9
2024-05-14 09:00:00,29.1,0.0,69.9,355.0,1.7
2024-05-14 10:00:00,30.2,0.0,63.7,1.0,1.9
2024-05-14 11:00:00,31.2,0.0,61.6,329.0,2.5
2024-05-14 12:00:00,32.1,0.0,52.8,294.0,3.0
2024-05-14 13:00:00,32.8,0.0,52.2,317.0,4.6
2024-05-14 14:00:00,31.7,0.0,62.5,190.0,5.7
2024-05-14 15:00:00,31.3,0.0,65.3,202.0,5.8
2024-05-14 16:00:00,31.4,0.0,62.5,208.0,4.6
2024-05-14 17:00:00,31.6,0.0,59.4,108.0,1.8
2024-05-14 18:00:00,24.2,8.8,93.3,7.0,4.3
2024-05-14 19:00:00,25.3,0.0,97.0,134.0,2.2
2024-05-14 20:00:00,27.2,0.0,82.9,159.0,1.6
2024-05-14 21:00:00,27.0,0.0,86.3,63.0,1.6
2024-05-14 22:00:00,27.5,0.0,82.8,94.0,3.4
2024-05-14 23:00:00,27.8,0.0,84.6,113.0,4.7
2024-05-15 00:00:00,27.7,0.0,85.4,50.0,0.7
2024-05-15 01:00:00,27.7,0.0,86.6,199.0,2.3
2024-05-15 02:00:00,27.9,0.0,85.8,147.0,2.2
2024-05-15 03:00:00,28.0,0.0,86.6,153.0,2.0
2024-05-15 04:00:00,27.9,0.0,87.3,154.0,3.0
2024-05-15 05:00:00,28.0,0.0,85.2,160.0,3.7
2024-05-15 06:00:00,28.1,0.0,84.1,157.0,2.5
2024-05-15 07:00:00,28.1,0.0,83.4,139.0,1.9
2024-05-15 08:00:00,28.3,0.0,82.1,265.0,1.8
2024-05-15 09:00:00,28.9,0.0,81.9,234.0,1.5
2024-05-15 10:00:00,30.0,0.0,72.7,205.0,3.5
2024-05-15 11:00:00,30.0,0.0,72.7,214.0,4.2
2024-05-15 12:00:00,29.9,0.0,72.9,218.0,5.8
2024-05-15 13:00:00,32.5,0.0,59.7,222.0,1.6
2024-05-15 14:00:00,31.4,0.0,69.1,190.0,5.4
2024-05-15 15:00:00,29.5,0.0,74.9,193.0,5.4
2024-05-15 16:00:00,28.6,0.0,79.2,184.0,3.5
2024-05-15 17:00:00,29.3,0.0,73.0,113.0,1.5
2024-05-15 18:00:00,29.5,0.0,71.9,136.0,1.4
2024-05-15 19:00:00,29.3,0.0,73.0,85.0,2.0
2024-05-15 20:00:00,29.0,0.0,78.3,118.0,3.9
2024-05-15 21:00:00,28.9,0.0,80.2,126.0,4.1
2024-05-15 22:00:00,28.8,0.0,80.3,158.0,2.5
2024-05-15 23:00:00,28.9,0.0,78.1,120.0,2.4
2024-05-16 00:00:00,28.8,0.0,81.5,110.0,3.6
2024-05-16 01:00:00,28.6,0.0,83.9,135.0,3.7
2024-05-16 02:00:00,28.7,0.0,76.2,129.0,3.7
2024-05-16 03:00:00,28.6,0.0,78.6,116.0,2.9
2024-05-16 04:00:00,28.3,0.0,80.9,111.0,2.4
2024-05-16 05:00:00,28.5,0.0,80.9,135.0,1.9
2024-05-16 06:00:00,27.2,0.0,86.1,303.0,3.2
2024-05-16 07:00:00,27.2,0.0,84.6,263.0,1.9
2024-05-16 08:00:00,28.2,0.0,81.4,185.0,2.5
2024-05-16 09:00:00,29.0,0.0,78.5,191.0,3.5
2024-05-16 10:00:00,29.6,0.0,71.0,162.0,5.7
2024-05-16 11:00:00,30.4,0.0,69.0,198.0,4.2
2024-05-16 12:00:00,26.5,0.4,83.0,176.0,5.1
2024-05-16 13:00:00,26.4,0.0,89.7,212.0,6.7
2024-05-16 14:00:00,26.3,0.0,85.4,207.0,8.89999
2024-05-16 15:00:00,24.6,0.4,92.3,150.0,6.8
2024-05-16 16:00:00,25.5,0.0,91.6,168.0,1.0
2024-05-16 17:00:00,26.7,0.0,87.9,225.0,2.3
2024-05-16 18:00:00,27.0,0.0,88.9,182.0,1.9
2024-05-16 19:00:00,27.3,0.0,87.0,124.0,1.6
2024-05-16 20:00:00,26.8,0.0,90.8,337.0,1.9
2024-05-16 21:00:00,26.7,0.0,91.3,115.0,0.8
2024-05-16 22:00:00,27.6,0.0,85.6,134.0,2.9
2024-05-16 23:00:00,27.8,0.0,83.4,122.0,3.1
2024-05-17 00:00:00,27.4,0.0,86.3,224.0,1.2
2024-05-17 01:00:00,26.7,0.0,90.3,314.0,2.7
2024-05-17 02:00:00,26.1,0.0,94.4,308.0,2.9
2024-05-17 03:00:00,25.8,0.0,95.2,315.0,3.1
2024-05-17 04:00:00,25.6,0.0,94.3,312.0,4.8
2024-05-17 05:00:00,25.8,0.0,93.8,310.0,2.4
2024-05-17 06:00:00,25.7,0.0,93.9,313.0,2.7
2024-05-17 07:00:00,26.1,0.0,91.2,304.0,2.1
2024-05-17 08:00:00,27.9,0.0,82.7,304.0,0.8
2024-05-17 09:00:00,28.7,0.0,80.0,198.0,2.4
2024-05-17 10:00:00,29.8,0.0,70.5,180.0,2.3
2024-05-17 11:00:00,29.9,0.0,72.0,200.0,5.1
2024-05-17 12:00:00,31.0,0.0,68.1,160.0,2.5
2024-05-17 13:00:00,31.1,0.0,66.9,190.0,2.9
2024-05-17 14:00:00,31.5,0.0,64.6,212.0,4.2
2024-05-17 15:00:00,30.5,0.0,67.7,209.0,4.7
2024-05-17 16:00:00,32.1,0.0,62.1,208.0,3.5
2024-05-17 17:00:00,31.3,0.0,63.3,150.0,3.7
2024-05-17 18:00:00,30.5,0.0,68.1,132.0,4.9
2024-05-17 19:00:00,30.0,0.0,71.0,122.0,4.0
2024-05-17 20:00:00,29.6,0.0,74.3,138.0,5.1
2024-05-17 21:00:00,29.4,0.0,74.5,141.0,4.3
2024-05-17 22:00:00,29.2,0.0,76.9,161.0,2.8
2024-05-17 23:00:00,29.2,0.0,78.4,129.0,3.4
2024-05-18 00:00:00,29.0,0.0,78.9,103.0,4.7
2024-05-18 01:00:00,28.8,0.0,78.8,100.0,5.3
2024-05-18 02:00:00,28.7,0.0,80.5,106.0,3.8
2024-05-18 03:00:00,28.4,0.0,81.6,130.0,1.6
2024-05-18 04:00:00,28.2,0.0,82.3,102.0,2.5
2024-05-18 05:00:00,28.2,0.0,82.9,128.0,1.8
2024-05-18 06:00:00,28.2,0.0,82.5,111.0,1.6
2024-05-18 07:00:00,28.3,0.0,82.8,106.0,3.1
2024-05-18 08:00:00,28.9,0.0,80.1,111.0,4.1
2024-05-18 09:00:00,29.7,0.0,74.8,109.0,5.9
2024-05-18 10:00:00,30.6,0.0,69.5,116.0,3.9
2024-05-18 11:00:00,30.8,0.0,64.9,124.0,6.0
2024-05-18 12:00:00,31.0,0.0,66.3,107.0,6.5
2024-05-18 13:00:00,32.3,0.0,60.5,202.0,2.5
2024-05-18 14:00:00,31.5,0.0,59.8,160.0,8.0
2024-05-18 15:00:00,28.8,0.0,73.6,99.0,12.7
2024-05-18 16:00:00,28.9,0.0,72.7,162.0,2.1
2024-05-18 17:00:00,28.1,0.0,80.1,108.0,2.7
2024-05-18 18:00:00,28.2,0.0,81.9,143.0,0.8
2024-05-18 19:00:00,28.6,0.0,78.0,117.0,4.0
2024-05-18 20:00:00,28.4,0.0,79.7,168.0,5.9
2024-05-18 21:00:00,28.0,0.0,79.1,141.0,3.1
2024-05-18 22:00:00,27.7,0.0,82.5,134.0,4.9
2024-05-18 23:00:00,27.8,0.0,83.3,136.0,4.0
2024-05-19 00:00:00,27.8,0.0,84.7,134.0,4.9
2024-05-19 01:00:00,28.1,0.0,77.0,149.0,3.9
2024-05-19 02:00:00,28.1,0.0,80.4,144.0,4.0
2024-05-19 03:00:00,28.1,0.0,79.7,155.0,4.9
2024-05-19 04:00:00,28.0,0.0,83.9,155.0,5.2
2024-05-19 05:00:00,28.1,0.0,81.2,153.0,4.9
2024-05-19 06:00:00,28.2,0.0,79.1,156.0,3.9
2024-05-19 07:00:00,28.3,0.0,78.9,158.0,3.2
2024-05-19 08:00:00,29.0,0.0,76.5,137.0,2.1
2024-05-19 09:00:00,29.7,0.0,74.2,191.0,2.5
2024-05-19 10:00:00,29.6,0.0,72.9,156.0,5.8
2024-05-19 11:00:00,31.7,0.0,66.4,202.0,2.6
2024-05-19 12:00:00,32.0,0.0,64.8,164.0,4.3
2024-05-19 13:00:00,30.6,0.0,72.7,203.0,3.7
2024-05-19 14:00:00,30.5,0.0,72.9,134.0,6.8
2024-05-19 15:00:00,30.3,0.0,68.1,124.0,7.4
2024-05-19 16:00:00,29.3,0.0,76.1,135.0,6.2
2024-05-19 17:00:00,28.8,0.0,75.3,118.0,9.5
2024-05-19 18:00:00,28.1,0.0,77.5,139.0,8.0
2024-05-19 19:00:00,28.2,0.0,79.8,142.0,5.2
2024-05-19 20:00:00,28.2,0.0,81.5,127.0,5.5
2024-05-19 21:00:00,28.3,0.0,81.0,143.0,4.6
2024-05-19 22:00:00,28.4,0.0,82.0,155.0,5.6
2024-05-19 23:00:00,28.3,0.0,82.6,131.0,4.7
2024-05-20 00:00:00,28.2,0.0,81.7,127.0,4.5
2024-05-20 01:00:00,28.1,0.0,83.8,126.0,3.5
2024-05-20 02:00:00,28.3,0.0,83.0,137.0,5.0
2024-05-20 03:00:00,28.1,0.0,84.9,122.0,3.6
2024-05-20 04:00:00,28.2,0.0,84.4,147.0,3.7
2024-05-20 05:00:00,28.2,0.0,82.6,140.0,3.9
2024-05-20 06:00:00,28.0,0.0,79.7,151.0,3.3
2024-05-20 07:00:00,27.3,0.0,84.6,94.0,6.6
2024-05-20 08:00:00,27.4,0.0,83.4,164.0,2.4
2024-05-20 09:00:00,27.0,0.0,85.5,196.0,4.9
2024-05-20 10:00:00,27.0,0.0,82.2,148.0,5.0
2024-05-20 11:00:00,26.9,0.0,84.7,102.0,1.9
2024-05-20 12:00:00,26.4,0.0,88.8,119.0,4.3
2024-05-20 13:00:00,27.3,0.0,86.3,173.0,1.6
2024-05-20 14:00:00,27.8,0.0,78.2,132.0,3.9
2024-05-20 15:00:00,28.8,0.0,74.8,120.0,4.8
2024-05-20 16:00:00,29.2,0.0,69.8,129.0,5.4
2024-05-20 17:00:00,29.4,0.0,71.4,97.0,3.1
2024-05-20 18:00:00,28.1,0.0,77.6,134.0,5.0
2024-05-20 19:00:00,28.1,0.0,75.7,122.0,5.8
2024-05-20 20:00:00,28.2,0.0,75.2,125.0,4.1
2024-05-20 21:00:00,28.2,0.0,76.0,112.0,4.4
2024-05-20 22:00:00,28.3,0.0,75.9,143.0,3.7
2024-05-20 23:00:00,28.3,0.0,77.1,123.0,3.1
2024-05-21 00:00:00,28.2,0.0,81.8,132.0,2.5
2024-05-21 01:00:00,28.2,0.0,82.3,145.0,3.2
2024-05-21 02:00:00,28.3,0.0,78.9,139.0,3.9
2024-05-21 03:00:00,28.3,0.0,80.5,144.0,2.9
2024-05-21 04:00:00,28.3,0.0,81.3,157.0,4.7
2024-05-21 05:00:00,28.2,0.0,82.6,153.0,3.6
2024-05-21 06:00:00,28.2,0.0,83.0,120.0,5.2
2024-05-21 07:00:00,28.1,0.0,82.9,121.0,2.8
2024-05-21 08:00:00,27.8,0.0,83.8,146.0,3.5
2024-05-21 09:00:00,28.8,0.0,76.7,156.0,4.7
2024-05-21 10:00:00,29.1,0.0,76.4,202.0,4.0
2024-05-21 11:00:00,30.8,0.0,68.6,179.0,2.6
2024-05-21 12:00:00,29.9,0.0,70.6,197.0,6.7
2024-05-21 13:00:00,29.9,0.0,70.5,153.0,6.6
2024-05-21 14:00:00,30.2,0.0,71.2,141.0,6.5
2024-05-21 15:00:00,30.9,0.0,68.1,149.0,5.0
2024-05-21 16:00:00,30.0,0.0,72.7,114.0,4.1
2024-05-21 17:00:00,30.3,0.0,69.5,134.0,2.6
2024-05-21 18:00:00,27.9,0.0,78.0,108.0,8.89999
2024-05-21 19:00:00,28.5,0.0,72.9,117.0,4.6
2024-05-21 20:00:00,28.8,0.0,71.8,90.0,2.8
2024-05-21 21:00:00,28.6,0.0,77.1,126.0,3.7
2024-05-21 22:00:00,28.8,0.0,78.3,115.0,3.6
2024-05-21 23:00:00,28.9,0.0,78.6,119.0,3.8
2024-05-22 00:00:00,28.8,0.0,78.7,127.0,2.3
2024-05-22 01:00:00,28.7,0.0,80.6,117.0,3.2
2024-05-22 02:00:00,28.6,0.0,81.9,109.0,2.6
2024-05-22 03:00:00,28.4,0.0,83.9,95.0,1.7
2024-05-22 04:00:00,28.3,0.0,84.7,106.0,2.6
2024-05-22 05:00:00,28.4,0.0,84.2,140.0,2.9
2024-05-22 06:00:00,28.3,0.0,85.1,113.0,3.8
2024-05-22 07:00:00,28.3,0.0,83.6,115.0,3.4
2024-05-22 08:00:00,28.6,0.0,81.6,137.0,2.0
2024-05-22 09:00:00,29.4,0.0,77.0,149.0,1.0
2024-05-22 10:00:00,29.3,0.0,77.2,141.0,4.4
2024-05-22 11:00:00,29.9,0.0,73.4,114.0,2.1
2024-05-22 12:00:00,26.9,0.0,84.7,273.0,4.4
2024-05-22 13:00:00,26.8,0.0,87.3,315.0,4.3
2024-05-22 14:00:00,28.0,0.0,78.0,297.0,4.2
2024-05-22 15:00:00,30.0,0.0,69.4,288.0,2.4
2024-05-22 16:00:00,28.9,0.2,76.3,163.0,2.1
2024-05-22 17:00:00,28.3,0.0,83.4,141.0,1.0
2024-05-22 18:00:00,27.6,0.0,88.6,17.0,1.2
2024-05-22 19:00:00,27.2,0.0,90.6,133.0,3.1
2024-05-22 20:00:00,27.6,0.0,86.4,117.0,5.1
2024-05-22 21:00:00,27.3,0.0,84.8,121.0,4.7
2024-05-22 22:00:00,27.0,0.0,87.3,116.0,5.0
2024-05-22 23:00:00,27.2,0.0,87.0,144.0,2.8
2024-05-23 00:00:00,27.1,0.0,87.2,154.0,3.5
2024-05-23 01:00:00,27.0,0.0,86.9,116.0,0.9
2024-05-23 02:00:00,27.1,0.0,87.0,119.0,0.9
2024-05-23 03:00:00,27.1,0.0,86.9,48.0,0.6
2024-05-23 04:00:00,27.0,0.0,88.6,297.0,0.7
2024-05-23 05:00:00,27.3,0.0,87.6,144.0,1.7
2024-05-23 06:00:00,27.5,0.0,86.0,163.0,2.2
2024-05-23 07:00:00,27.6,0.0,83.2,205.0,5.2
2024-05-23 08:00:00,28.5,0.0,80.7,187.0,2.3
2024-05-23 09:00:00,29.0,0.0,79.6,195.0,1.7
2024-05-23 10:00:00,30.6,0.0,70.4,285.0,1.7
2024-05-23 11:00:00,30.1,0.0,69.8,211.0,2.6
2024-05-23 12:00:00,29.9,0.0,70.3,199.0,3.9
2024-05-23 13:00:00,31.2,0.0,66.4,220.0,2.7
2024-05-23 14:00:00,32.0,0.0,61.2,201.0,3.5
2024-05-23 15:00:00,32.1,0.0,57.6,188.0,3.2
2024-05-23 16:00:00,32.1,0.0,52.4,185.0,3.9
2024-05-23 17:00:00,30.0,0.0,75.2,117.0,5.5
2024-05-23 18:00:00,30.0,0.0,73.6,119.0,5.2
2024-05-23 19:00:00,25.7,0.2,96.5,65.0,3.1
2024-05-23 20:00:00,26.6,0.0,92.2,99.0,6.2
2024-05-23 21:00:00,26.7,0.0,88.3,73.0,3.2
2024-05-23 22:00:00,26.8,0.0,89.4,33.0,1.2
2024-05-23 23:00:00,26.6,0.0,91.7,299.0,0.6
2024-05-24 00:00:00,26.5,0.0,92.7,104.0,0.6
2024-05-24 01:00:00,26.6,0.0,88.7,359.0,3.3
2024-05-24 02:00:00,26.6,0.0,92.8,310.0,1.3
2024-05-24 03:00:00,26.3,0.0,94.2,303.0,2.8
2024-05-24 04:00:00,26.0,0.0,91.0,314.0,2.9
2024-05-24 05:00:00,25.8,0.0,90.9,319.0,3.2
2024-05-24 06:00:00,25.6,0.0,88.4,1.0,3.6
2024-05-24 07:00:00,26.3,0.0,84.7,43.0,3.3
2024-05-24 08:00:00,26.0,0.0,86.7,4.0,3.0
2024-05-24 09:00:00,25.7,0.2,84.9,357.0,2.8
2024-05-24 10:00:00,26.2,0.0,85.9,131.0,0.9
2024-05-24 11:00:00,27.3,0.0,81.1,105.0,3.4
2024-05-24 12:00:00,30.3,0.0,71.0,184.0,0.9
2024-05-24 13:00:00,30.2,0.0,68.9,176.0,1.4
2024-05-24 14:00:00,29.9,0.0,70.8,188.0,1.7
2024-05-24 15:00:00,30.3,0.0,69.4,245.0,1.8
2024-05-24 16:00:00,30.1,0.0,69.9,113.0,2.3
2024-05-24 17:00:00,29.6,0.0,72.3,202.0,2.5
2024-05-24 18:00:00,29.0,0.0,75.1,201.0,1.9
2024-05-24 19:00:00,28.9,0.0,76.1,311.0,0.9
2024-05-24 20:00:00,28.7,0.0,77.1,8.0,0.7
2024-05-24 21:00:00,28.6,0.0,78.5,263.0,1.1
2024-05-24 22:00:00,28.8,0.0,77.6,119.0,2.5
2024-05-24 23:00:00,28.4,0.0,80.1,91.0,0.7
2024-05-25 00:00:00,28.3,0.0,83.2,110.0,1.2
2024-05-25 01:00:00,28.0,0.0,82.6,118.0,2.4
2024-05-25 02:00:00,27.9,0.0,84.3,141.0,1.0
2024-05-25 03:00:00,27.9,0.0,84.9,175.0,2.1
2024-05-25 04:00:00,27.6,0.0,85.7,230.0,1.1
2024-05-25 05:00:00,27.7,0.0,84.9,129.0,1.0
2024-05-25 06:00:00,27.7,0.0,85.3,170.0,1.3
2024-05-25 07:00:00,27.7,0.0,85.1,155.0,2.2
2024-05-25 08:00:00,28.6,0.0,81.3,213.0,1.4
2024-05-25 09:00:00,28.7,0.0,80.4,231.0,1.4
2024-05-25 10:00:00,29.1,0.0,78.7,299.0,1.6
2024-05-25 11:00:00,30.1,0.0,72.9,121.0,0.7
2024-05-25 12:00:00,30.4,0.0,74.4,210.0,1.2
2024-05-25 13:00:00,29.7,0.0,73.8,135.0,3.0
2024-05-25 14:00:00,30.1,0.0,68.3,112.0,8.2
2024-05-25 15:00:00,27.3,0.0,83.1,169.0,1.1
2024-05-25 16:00:00,27.3,0.0,83.7,334.0,5.0
2024-05-25 17:00:00,26.1,0.0,85.6,78.0,5.1
2024-05-25 18:00:00,26.3,0.2,92.5,129.0,5.2
2024-05-25 19:00:00,26.3,0.2,91.0,105.0,4.2
2024-05-25 20:00:00,26.2,0.2,91.0,109.0,8.7
2024-05-25 21:00:00,26.2,0.0,89.2,100.0,7.6
2024-05-25 22:00:00,26.5,0.0,88.2,103.0,3.9
2024-05-25 23:00:00,26.8,0.0,87.0,144.0,2.1
2024-05-26 00:00:00,26.8,0.0,86.3,117.0,1.6
2024-05-26 01:00:00,27.0,0.0,85.0,155.0,2.6
2024-05-26 02:00:00,27.0,0.0,87.8,175.0,2.6
2024-05-26 03:00:00,27.2,0.0,87.8,156.0,2.2
2024-05-26 04:00:00,27.2,0.0,88.2,132.0,1.8
2024-05-26 05:00:00,27.4,0.0,88.9,146.0,2.5
2024-05-26 06:00:00,27.5,0.0,87.5,142.0,2.7
2024-05-26 07:00:00,27.6,0.0,87.1,108.0,1.8
2024-05-26 08:00:00,27.9,0.0,85.6,116.0,1.7
2024-05-26 09:00:00,28.5,0.0,84.5,170.0,1.0
2024-05-26 10:00:00,29.2,0.0,78.7,137.0,2.1
2024-05-26 11:00:00,30.0,0.0,77.0,112.0,2.4
2024-05-26 12:00:00,30.3,0.0,73.0,199.0,2.7
2024-05-26 13:00:00,31.1,0.0,69.5,183.0,2.3
2024-05-26 14:00:00,31.8,0.0,57.5,106.0,8.0
2024-05-26 15:00:00,29.5,0.0,79.1,138.0,5.6
2024-05-26 16:00:00,30.3,0.0,71.6,103.0,7.0
2024-05-26 17:00:00,30.1,0.0,73.2,145.0,4.7
2024-05-26 18:00:00,29.8,0.0,73.8,129.0,5.6
2024-05-26 19:00:00,30.0,0.0,69.6,130.0,5.1
2024-05-26 20:00:00,29.5,0.0,80.3,124.0,3.2
2024-05-26 21:00:00,29.3,0.0,79.9,127.0,5.6
2024-05-26 22:00:00,29.3,0.0,76.1,136.0,4.7
2024-05-26 23:00:00,29.1,0.0,80.4,133.0,3.3
2024-05-27 00:00:00,29.0,0.0,82.9,132.0,4.7
2024-05-27 01:00:00,28.8,0.0,84.0,137.0,4.4
2024-05-27 02:00:00,28.7,0.0,83.2,129.0,4.1
2024-05-27 03:00:00,28.7,0.0,81.9,151.0,3.8
2024-05-27 04:00:00,28.6,0.0,82.1,153.0,3.1
2024-05-27 05:00:00,28.7,0.0,81.5,146.0,3.6
2024-05-27 06:00:00,28.6,0.0,81.3,133.0,3.2
2024-05-27 07:00:00,28.6,0.0,82.4,123.0,5.0
2024-05-27 08:00:00,28.9,0.0,80.3,121.0,4.4
2024-05-27 09:00:00,29.8,0.0,78.6,138.0,1.9
2024-05-27 10:00:00,31.0,0.0,70.5,118.0,4.1
2024-05-27 11:00:00,30.8,0.0,65.5,110.0,6.1
2024-05-27 12:00:00,30.8,0.0,70.2,166.0,7.4
2024-05-27 13:00:00,31.2,0.0,63.3,145.0,4.7
2024-05-27 14:00:00,31.6,0.0,66.0,170.0,6.0
2024-05-27 15:00:00,30.4,0.0,64.0,143.0,5.1
2024-05-27 16:00:00,30.8,0.0,68.2,119.0,5.3
2024-05-27 17:00:00,30.5,0.0,66.7,126.0,3.0
2024-05-27 18:00:00,30.3,0.0,67.7,129.0,6.4
2024-05-27 19:00:00,30.1,0.0,72.4,155.0,6.2
2024-05-27 20:00:00,29.7,0.0,77.3,143.0,3.8
2024-05-27 21:00:00,29.7,0.0,75.9,129.0,2.6
2024-05-27 22:00:00,29.5,0.0,78.2,113.0,2.9
2024-05-27 23:00:00,29.4,0.0,78.1,122.0,5.4
2024-05-28 00:00:00,29.4,0.0,76.3,135.0,3.2
2024-05-28 01:00:00,29.4,0.0,76.6,154.0,4.3
2024-05-28 02:00:00,29.1,0.0,79.3,111.0,1.4
2024-05-28 03:00:00,29.0,0.0,80.8,149.0,1.8
2024-05-28 04:00:00,29.0,0.0,80.0,153.0,2.9
2024-05-28 05:00:00,28.9,0.0,79.0,124.0,2.6
2024-05-28 06:00:00,28.9,0.0,80.5,165.0,3.0
2024-05-28 07:00:00,28.8,0.0,83.3,125.0,4.4
2024-05-28 08:00:00,29.1,0.0,80.1,138.0,5.0
2024-05-28 09:00:00,29.7,0.0,76.9,117.0,3.3
2024-05-28 10:00:00,29.8,0.0,74.6,122.0,6.5
2024-05-28 11:00:00,30.3,0.0,74.1,112.0,4.7
2024-05-28 12:00:00,30.4,0.0,74.2,164.0,3.6
2024-05-28 13:00:00,31.5,0.0,69.8,177.0,4.1
2024-05-28 14:00:00,31.6,0.0,70.0,213.0,7.3
2024-05-28 15:00:00,31.9,0.0,69.7,201.0,5.4
2024-05-28 16:00:00,28.2,0.0,79.5,129.0,3.8
2024-05-28 17:00:00,29.7,0.0,77.2,103.0,2.9
2024-05-28 18:00:00,30.4,0.0,70.5,184.0,2.3
2024-05-28 19:00:00,29.5,0.0,77.6,200.0,0.8
2024-05-28 20:00:00,29.5,0.0,76.4,322.0,2.5
2024-05-28 21:00:00,29.3,0.0,77.4,89.0,2.8
2024-05-28 22:00:00,29.1,0.0,78.0,70.0,1.8
2024-05-28 23:00:00,28.6,0.0,78.4,64.0,2.6
2024-05-29 00:00:00,28.6,0.0,78.3,103.0,5.0
2024-05-29 01:00:00,28.6,0.0,81.4,97.0,5.8
2024-05-29 02:00:00,28.5,0.0,83.3,106.0,4.9
2024-05-29 03:00:00,28.5,0.0,86.5,95.0,5.4
2024-05-29 04:00:00,28.6,0.0,85.9,112.0,5.9
2024-05-29 05:00:00,28.6,0.0,86.2,86.0,1.4
2024-05-29 06:00:00,28.6,0.0,85.9,141.0,2.3
2024-05-29 07:00:00,28.7,0.0,85.4,169.0,2.7
2024-05-29 08:00:00,29.0,0.0,83.0,160.0,1.8
2024-05-29 09:00:00,29.4,0.0,77.3,152.0,5.5
2024-05-29 10:00:00,30.5,0.0,73.5,126.0,4.9
2024-05-29 11:00:00,31.3,0.0,67.6,124.0,4.1
2024-05-29 12:00:00,31.5,0.0,64.3,112.0,6.8
2024-05-29 13:00:00,31.6,0.0,60.0,162.0,9.2
2024-05-29 14:00:00,33.9,0.0,52.5,224.0,3.1
2024-05-29 15:00:00,33.0,0.0,53.5,135.0,5.1
2024-05-29 16:00:00,33.2,0.0,54.7,179.0,5.5
2024-05-29 17:00:00,30.7,0.0,72.3,104.0,11.6
2024-05-29 18:00:00,30.6,0.0,70.8,121.0,6.8
2024-05-29 19:00:00,30.3,0.0,69.8,112.0,4.6
2024-05-29 20:00:00,30.0,0.0,72.0,129.0,4.9
2024-05-29 21:00:00,29.6,0.0,78.2,127.0,4.9
2024-05-29 22:00:00,29.6,0.0,79.6,118.0,4.3
2024-05-29 23:00:00,29.5,0.0,81.4,150.0,3.5
2024-05-30 00:00:00,29.5,0.0,81.4,109.0,2.8
2024-05-30 01:00:00,29.3,0.0,82.5,116.0,3.4
2024-05-30 02:00:00,29.1,0.0,82.7,126.0,2.9
2024-05-30 03:00:00,29.0,0.0,83.2,125.0,4.4
2024-05-30 04:00:00,28.9,0.0,83.6,126.0,3.1
2024-05-30 05:00:00,28.8,0.0,81.1,112.0,1.8
2024-05-30 06:00:00,28.8,0.0,84.1,136.0,3.0
2024-05-30 07:00:00,28.8,0.0,83.4,144.0,3.9
2024-05-30 08:00:00,29.1,0.0,81.3,129.0,3.8
2024-05-30 09:00:00,29.8,0.0,74.5,161.0,4.3
2024-05-30 10:00:00,30.9,0.0,71.2,179.0,3.9
2024-05-30 11:00:00,26.1,3.0,96.0,212.0,14.9
2024-05-30 12:00:00,26.6,0.0,89.0,203.0,8.89999
2024-05-30 13:00:00,29.3,0.0,75.6,200.0,4.9
2024-05-30 14:00:00,29.2,0.0,73.2,125.0,6.7
2024-05-30 15:00:00,29.7,0.0,69.4,200.0,7.5
2024-05-30 16:00:00,29.5,0.0,65.3,209.0,12.8
2024-05-30 17:00:00,30.4,0.0,65.1,233.0,3.1
2024-05-30 18:00:00,29.6,0.0,68.2,197.0,4.5
2024-05-30 19:00:00,29.0,0.0,73.5,208.0,7.4
2024-05-30 20:00:00,29.1,0.0,74.5,150.0,4.6
2024-05-30 21:00:00,29.0,0.0,75.7,113.0,5.3
2024-05-30 22:00:00,28.7,0.0,77.5,123.0,5.7
2024-05-30 23:00:00,28.6,0.0,77.9,116.0,5.6
2024-05-31 00:00:00,28.5,0.0,78.0,90.0,2.5
2024-05-31 01:00:00,28.5,0.0,75.6,107.0,1.7
2024-05-31 02:00:00,28.6,0.0,73.1,111.0,2.8
2024-05-31 03:00:00,28.3,0.0,76.9,169.0,1.5
2024-05-31 04:00:00,28.1,0.0,78.1,121.0,1.1
2024-05-31 05:00:00,28.2,0.0,79.7,116.0,3.0
2024-05-31 06:00:00,28.1,0.0,81.2,156.0,3.8
2024-05-31 07:00:00,28.1,0.0,82.6,134.0,4.2
2024-05-31 08:00:00,28.4,0.0,81.9,116.0,5.1
2024-05-31 09:00:00,28.9,0.0,81.2,130.0,3.2
2024-05-31 10:00:00,29.3,0.0,79.9,119.0,4.8
2024-05-31 11:00:00,29.7,0.0,75.3,130.0,4.6
2024-05-31 12:00:00,30.2,0.0,71.3,159.0,3.4
2024-05-31 13:00:00,30.1,0.0,72.3,103.0,5.1
2024-05-31 14:00:00,31.8,0.0,61.2,124.0,4.2
2024-05-31 15:00:00,30.3,0.0,65.3,113.0,6.5
2024-05-31 16:00:00,30.3,0.0,64.1,159.0,6.4
2024-05-31 17:00:00,30.4,0.0,67.7,115.0,7.2
2024-05-31 18:00:00,30.4,0.0,70.0,110.0,8.60001
2024-05-31 19:00:00,29.8,0.0,72.4,113.0,8.2
2024-05-31 20:00:00,29.0,0.0,72.4,146.0,3.2
2024-05-31 21:00:00,29.7,0.0,68.8,119.0,2.3
2024-05-31 22:00:00,29.4,0.0,73.4,134.0,3.6
2024-05-31 23:00:00,29.3,0.0,75.2,143.0,2.9
2024-06-01 00:00:00,29.2,0.0,77.6,150.0,2.6
2024-06-01 01:00:00,29.0,0.0,79.1,191.0,3.2
2024-06-01 02:00:00,28.9,0.0,81.3,177.0,3.3
2024-06-01 03:00:00,28.8,0.0,81.4,205.0,1.6
2024-06-01 04:00:00,28.8,0.0,80.8,229.0,2.2
2024-06-01 05:00:00,27.2,0.0,73.5,273.0,2.4
2024-06-01 06:00:00,26.1,0.0,80.6,2.0,3.4
2024-06-01 07:00:00,25.9,0.0,82.2,237.0,1.6
2024-06-01 08:00:00,25.0,0.0,93.2,171.0,1.3
2024-06-01 09:00:00,25.1,0.2,89.7,194.0,5.5
2024-06-01 10:00:00,25.8,0.0,87.2,134.0,2.9
2024-06-01 11:00:00,25.4,0.4,90.4,137.0,6.0
2024-06-01 12:00:00,25.5,0.2,89.7,108.0,2.8
2024-06-01 13:00:00,26.0,0.0,82.4,144.0,4.7
2024-06-01 14:00:00,26.0,0.0,83.4,167.0,4.9
2024-06-01 15:00:00,26.5,0.0,84.8,203.0,4.5
2024-06-01 16:00:00,27.0,0.0,81.7,165.0,4.7
2024-06-01 17:00:00,27.3,0.0,83.4,187.0,3.2
2024-06-01 18:00:00,27.3,0.0,82.8,196.0,4.4
2024-06-01 19:00:00,27.4,0.0,81.6,198.0,3.1
2024-06-01 20:00:00,27.3,0.0,82.4,209.0,3.5
2024-06-01 21:00:00,27.2,0.0,80.1,193.0,3.5
2024-06-01 22:00:00,27.2,0.0,80.8,181.0,1.8
2024-06-01 23:00:00,27.2,0.0,80.5,209.0,3.6
2024-06-02 00:00:00,27.3,0.0,81.0,209.0,2.7
2024-06-02 01:00:00,27.2,0.0,81.2,222.0,1.6
2024-06-02 02:00:00,27.0,0.0,80.7,216.0,0.9
2024-06-02 03:00:00,26.7,0.0,83.3,297.0,1.2
2024-06-02 04:00:00,26.4,0.0,87.0,305.0,1.3
2024-06-02 05:00:00,26.6,0.0,85.9,48.0,0.5
2024-06-02 06:00:00,26.4,0.0,87.5,316.0,1.8
2024-06-02 07:00:00,26.6,0.0,86.6,326.0,1.5
2024-06-02 08:00:00,27.0,0.0,83.9,21.0,0.3
2024-06-02 09:00:00,27.2,0.0,83.0,313.0,2.0
2024-06-02 10:00:00,29.5,0.0,75.2,248.0,1.3
2024-06-02 11:00:00,29.3,0.0,73.6,206.0,3.7
2024-06-02 12:00:00,29.5,0.0,71.7,202.0,3.8
2024-06-02 13:00:00,29.6,0.0,73.1,216.0,4.3
2024-06-02 14:00:00,28.7,0.0,76.8,206.0,3.6
2024-06-02 15:00:00,28.2,0.0,74.8,120.0,4.3
2024-06-02 16:00:00,27.3,0.0,82.1,134.0,3.1
2024-06-02 17:00:00,25.7,0.2,92.7,296.0,1.2
2024-06-02 18:00:00,25.2,0.2,93.3,111.0,7.1
2024-06-02 19:00:00,25.8,0.0,91.1,105.0,6.6
2024-06-02 20:00:00,25.9,0.0,88.5,137.0,2.7
2024-06-02 21:00:00,26.1,0.0,90.2,212.0,1.8
2024-06-02 22:00:00,26.3,0.0,89.1,125.0,2.5
2024-06-02 23:00:00,26.3,0.0,88.1,124.0,1.9
2024-06-03 00:00:00,26.4,0.0,86.5,96.0,2.9
2024-06-03 01:00:00,26.4,0.0,87.3,69.0,1.2
2024-06-03 02:00:00,26.3,0.0,88.7,33.0,1.2
2024-06-03 03:00:00,25.7,0.0,94.0,322.0,1.7
2024-06-03 04:00:00,25.5,0.0,95.6,307.0,1.4
2024-06-03 05:00:00,25.6,0.0,94.7,316.0,1.4
2024-06-03 06:00:00,25.9,0.0,91.9,221.0,1.5
2024-06-03 07:00:00,26.4,0.0,87.7,158.0,1.2
2024-06-03 08:00:00,27.0,0.0,84.9,116.0,1.6
2024-06-03 09:00:00,28.4,0.0,78.3,208.0,1.6
2024-06-03 10:00:00,29.4,0.0,72.1,322.0,1.4
2024-06-03 11:00:00,28.8,0.0,76.2,138.0,2.9
2024-06-03 12:00:00,29.1,0.0,71.1,119.0,3.9
2024-06-03 13:00:00,31.3,0.0,59.5,207.0,3.4
2024-06-03 14:00:00,31.8,0.0,53.8,99.0,4.0
2024-06-03 15:00:00,32.0,0.0,53.9,119.0,3.1
2024-06-03 16:00:00,30.4,0.0,62.0,125.0,3.8
2024-06-03 17:00:00,30.4,0.0,65.0,109.0,6.3
2024-06-03 18:00:00,26.8,0.0,76.9,325.0,4.5
2024-06-03 19:00:00,27.0,0.0,69.8,326.0,1.2
2024-06-03 20:00:00,27.8,0.0,64.1,65.0,1.0
2024-06-03 21:00:00,26.8,0.0,78.2,332.0,2.9
2024-06-03 22:00:00,26.7,0.0,81.5,350.0,1.6
2024-06-03 23:00:00,26.8,0.0,81.5,359.0,2.6
2024-06-04 00:00:00,27.4,0.0,80.7,8.0,2.5
2024-06-04 01:00:00,27.3,0.0,80.4,66.0,0.4
2024-06-04 02:00:00,27.3,0.0,82.1,318.0,2.1
2024-06-04 03:00:00,26.9,0.0,83.9,61.0,0.9
2024-06-04 04:00:00,27.0,0.0,85.3,356.0,1.2
2024-06-04 05:00:00,27.1,0.0,84.0,51.0,1.3
2024-06-04 06:00:00,27.1,0.0,83.7,90.0,1.0
2024-06-04 07:00:00,27.3,0.0,83.8,101.0,2.6
2024-06-04 08:00:00,27.8,0.0,82.3,96.0,2.7
2024-06-04 09:00:00,28.6,0.0,80.9,108.0,2.7
2024-06-04 10:00:00,28.9,0.0,79.1,116.0,6.6
2024-06-04 11:00:00,29.2,0.0,77.0,110.0,5.5
2024-06-04 12:00:00,30.4,0.0,70.0,116.0,4.3
2024-06-04 13:00:00,31.5,0.0,61.8,141.0,3.7
2024-06-04 14:00:00,31.0,0.0,64.0,157.0,6.3
2024-06-04 15:00:00,31.3,0.0,61.6,161.0,4.7
2024-06-04 16:00:00,31.1,0.0,63.7,142.0,5.8
2024-06-04 17:00:00,30.6,0.0,70.0,139.0,5.9
2024-06-04 18:00:00,29.7,0.0,73.4,136.0,5.7
2024-06-04 19:00:00,29.9,0.0,68.6,111.0,3.7
2024-06-04 20:00:00,28.0,0.0,76.4,294.0,2.5
2024-06-04 21:00:00,28.1,0.0,76.6,313.0,1.5
2024-06-04 22:00:00,28.4,0.0,76.2,310.0,1.0
2024-06-04 23:00:00,28.9,0.0,71.9,141.0,2.2
2024-06-05 00:00:00,28.7,0.0,76.1,132.0,3.7
2024-06-05 01:00:00,28.5,0.0,79.5,137.0,4.0
2024-06-05 02:00:00,28.4,0.0,80.3,134.0,4.0
2024-06-05 03:00:00,28.3,0.0,79.7,155.0,3.4
2024-06-05 04:00:00,28.2,0.0,79.6,143.0,3.4
2024-06-05 05:00:00,28.1,0.0,80.2,126.0,3.3
2024-06-05 06:00:00,28.1,0.0,81.5,147.0,3.1
2024-06-05 07:00:00,28.1,0.0,82.6,153.0,2.7
2024-06-05 08:00:00,27.5,0.0,73.3,218.0,1.9
2024-06-05 09:00:00,28.6,0.0,75.6,183.0,2.2
2024-06-05 10:00:00,29.3,0.0,74.1,183.0,4.5
2024-06-05 11:00:00,30.2,0.0,70.0,213.0,7.1
2024-06-05 12:00:00,30.4,0.0,68.2,175.0,4.9
2024-06-05 13:00:00,31.4,0.0,67.6,168.0,4.2
2024-06-05 14:00:00,32.0,0.0,64.6,205.0,4.2
2024-06-05 15:00:00,31.2,0.0,62.1,117.0,7.4
2024-06-05 16:00:00,31.6,0.0,62.9,170.0,5.4
2024-06-05 17:00:00,31.9,0.0,62.1,208.0,4.1
2024-06-05 18:00:00,30.8,0.0,66.7,121.0,5.9
2024-06-05 19:00:00,30.6,0.0,69.4,122.0,4.7
2024-06-05 20:00:00,30.1,0.0,72.8,137.0,4.5
2024-06-05 21:00:00,29.5,0.0,75.8,127.0,5.3
2024-06-05 22:00:00,29.5,0.0,71.7,137.0,4.6
2024-06-05 23:00:00,29.3,0.0,77.1,119.0,6.0
2024-06-06 00:00:00,29.2,0.0,77.8,125.0,6.8
2024-06-06 01:00:00,29.1,0.0,79.2,113.0,5.4
2024-06-06 02:00:00,29.0,0.0,78.9,108.0,6.1
2024-06-06 03:00:00,28.9,0.0,78.8,110.0,5.3
2024-06-06 04:00:00,28.7,0.0,79.4,109.0,5.7
2024-06-06 05:00:00,28.5,0.0,80.6,107.0,6.2
2024-06-06 06:00:00,28.5,0.0,81.5,125.0,3.5
2024-06-06 07:00:00,28.3,0.0,82.9,103.0,4.0
2024-06-06 08:00:00,28.6,0.0,82.0,95.0,5.0
2024-06-06 09:00:00,29.6,0.0,77.5,94.0,3.5
2024-06-06 10:00:00,30.1,0.0,71.0,103.0,7.2
2024-06-06 11:00:00,31.1,0.0,67.6,87.0,5.1
2024-06-06 12:00:00,33.2,0.0,52.9,96.0,4.7
2024-06-06 13:00:00,31.4,0.0,64.8,148.0,6.0
2024-06-06 14:00:00,31.6,0.0,57.2,170.0,2.5
2024-06-06 15:00:00,26.5,0.0,82.9,336.0,5.3
2024-06-06 16:00:00,25.3,1.8,94.7,356.0,4.0
2024-06-06 17:00:00,24.9,0.0,96.6,43.0,1.7
2024-06-06 18:00:00,25.7,0.0,94.1,317.0,1.4
2024-06-06 19:00:00,26.9,0.0,85.9,66.0,0.6
2024-06-06 20:00:00,26.5,0.0,89.3,304.0,1.2
2024-06-06 21:00:00,27.2,0.0,78.8,305.0,2.5
2024-06-06 22:00:00,27.0,0.0,80.6,53.0,1.0
2024-06-06 23:00:00,27.3,0.0,77.2,303.0,1.8
2024-06-07 00:00:00,26.7,0.0,84.5,311.0,3.5
2024-06-07 01:00:00,26.9,0.0,78.7,315.0,2.0
2024-06-07 02:00:00,26.7,0.0,82.3,309.0,3.3
2024-06-07 03:00:00,26.8,0.0,78.7,297.0,1.4
2024-06-07 04:00:00,26.8,0.0,78.4,311.0,2.6
2024-06-07 05:00:00,26.6,0.0,78.1,318.0,1.4
2024-06-07 06:00:00,26.4,0.0,84.6,268.0,0.6
2024-06-07 07:00:00,26.4,0.0,82.3,35.0,0.8
2024-06-07 08:00:00,27.2,0.0,75.0,296.0,2.1
2024-06-07 09:00:00,28.5,0.0,76.1,253.0,0.6
2024-06-07 10:00:00,28.8,0.0,77.8,302.0,2.2
2024-06-07 11:00:00,31.0,0.0,69.9,253.0,1.0
2024-06-07 12:00:00,30.6,0.0,64.3,101.0,3.8
2024-06-07 13:00:00,28.8,0.0,72.5,216.0,4.4
2024-06-07 14:00:00,27.4,0.0,80.5,353.0,1.2
2024-06-07 15:00:00,29.2,0.0,76.2,130.0,0.6
2024-06-07 16:00:00,29.1,0.0,78.4,248.0,1.2
2024-06-07 17:00:00,29.4,0.0,73.0,214.0,2.4
2024-06-07 18:00:00,29.2,0.0,75.2,213.0,2.1
2024-06-07 19:00:00,28.7,0.0,80.7,203.0,4.6
2024-06-07 20:00:00,28.9,0.0,76.5,138.0,4.8
2024-06-07 21:00:00,28.7,0.0,75.3,125.0,4.5
2024-06-07 22:00:00,28.5,0.0,75.5,142.0,4.8
2024-06-07 23:00:00,28.5,0.0,76.0,135.0,3.7
2024-06-08 00:00:00,28.3,0.0,79.1,130.0,2.9
2024-06-08 01:00:00,28.2,0.0,81.4,117.0,3.5
2024-06-08 02:00:00,28.2,0.0,81.1,124.0,3.7
2024-06-08 03:00:00,28.3,0.0,79.2,121.0,3.8
2024-06-08 04:00:00,28.1,0.0,80.6,126.0,3.1
2024-06-08 05:00:00,28.0,0.0,81.8,150.0,1.7
2024-06-08 06:00:00,28.0,0.0,82.4,140.0,2.1
2024-06-08 07:00:00,28.0,0.0,82.0,149.0,2.7
2024-06-08 08:00:00,28.3,0.0,80.3,154.0,3.1
2024-06-08 09:00:00,28.8,0.0,79.8,160.0,2.1
2024-06-08 10:00:00,29.3,0.0,73.8,174.0,2.5
2024-06-08 11:00:00,26.8,0.6,89.1,219.0,6.8
2024-06-08 12:00:00,29.1,0.0,76.8,236.0,2.9
2024-06-08 13:00:00,29.6,0.0,74.7,243.0,3.3
2024-06-08 14:00:00,31.1,0.0,59.0,240.0,4.8
2024-06-08 15:00:00,30.6,0.0,63.0,280.0,2.2
2024-06-08 16:00:00,30.7,0.0,64.5,228.0,1.7
2024-06-08 17:00:00,30.4,0.0,67.7,332.0,0.9
2024-06-08 18:00:00,29.4,0.0,73.3,18.0,2.0
2024-06-08 19:00:00,29.0,0.0,77.8,30.0,1.2
2024-06-08 20:00:00,28.7,0.0,76.7,55.0,0.6
2024-06-08 21:00:00,28.6,0.0,78.0,51.0,2.5
2024-06-08 22:00:00,28.2,0.0,81.4,105.0,7.4
2024-06-08 23:00:00,28.0,0.0,83.6,109.0,6.0
2024-06-09 00:00:00,28.0,0.0,76.7,97.0,5.3
2024-06-09 01:00:00,27.8,0.0,81.0,106.0,4.5
2024-06-09 02:00:00,27.9,0.0,81.8,111.0,4.6
2024-06-09 03:00:00,27.8,0.0,80.6,163.0,3.0
2024-06-09 04:00:00,27.7,0.0,82.3,156.0,3.4
2024-06-09 05:00:00,27.7,0.0,83.6,144.0,1.8
2024-06-09 06:00:00,27.7,0.0,85.0,113.0,4.7
2024-06-09 07:00:00,27.8,0.0,83.9,118.0,3.1
2024-06-09 08:00:00,28.4,0.0,80.1,122.0,3.4
2024-06-09 09:00:00,28.5,0.0,79.5,131.0,6.2
2024-06-09 10:00:00,28.8,0.0,82.2,178.0,1.9
2024-06-09 11:00:00,30.1,0.0,71.8,202.0,3.3
2024-06-09 12:00:00,29.9,0.0,73.4,214.0,3.7
2024-06-09 13:00:00,28.0,0.0,84.4,244.0,2.7
2024-06-09 14:00:00,28.7,0.0,74.8,245.0,1.9
2024-06-09 15:00:00,31.4,0.0,57.5,237.0,1.8
2024-06-09 16:00:00,31.6,0.0,61.3,202.0,2.9
2024-06-09 17:00:00,30.2,0.0,62.6,193.0,4.5
2024-06-09 18:00:00,30.4,0.0,66.1,210.0,3.1
2024-06-09 19:00:00,29.6,0.0,72.5,187.0,3.2
2024-06-09 20:00:00,29.4,0.0,71.1,176.0,2.1
2024-06-09 21:00:00,29.1,0.0,75.3,114.0,4.1
2024-06-09 22:00:00,28.8,0.0,76.6,127.0,3.3
2024-06-09 23:00:00,28.6,0.0,79.3,143.0,3.5
2024-06-10 00:00:00,28.6,0.0,78.6,122.0,2.3
2024-06-10 01:00:00,28.5,0.0,78.1,149.0,3.0
2024-06-10 02:00:00,28.4,0.0,76.6,145.0,2.7
2024-06-10 03:00:00,28.4,0.0,78.7,159.0,3.3
2024-06-10 04:00:00,28.1,0.0,81.7,169.0,3.5
2024-06-10 05:00:00,27.8,0.0,84.2,203.0,1.6
2024-06-10 06:00:00,27.9,0.0,85.0,136.0,2.2
2024-06-10 07:00:00,28.1,0.0,83.9,161.0,3.8
2024-06-10 08:00:00,28.5,0.0,82.4,155.0,2.5
2024-06-10 09:00:00,29.4,0.0,77.2,177.0,1.8
2024-06-10 10:00:00,28.3,0.2,82.6,172.0,1.5
2024-06-10 11:00:00,29.0,0.0,79.6,243.0,0.9
2024-06-10 12:00:00,28.1,0.0,82.2,311.0,4.5
2024-06-10 13:00:00,30.5,0.0,68.4,210.0,3.5
2024-06-10 14:00:00,30.0,0.0,69.2,215.0,4.9
2024-06-10 15:00:00,29.4,0.0,72.5,175.0,4.9
2024-06-10 16:00:00,30.8,0.0,66.8,205.0,3.7
2024-06-10 17:00:00,30.2,0.0,68.5,158.0,1.7
2024-06-10 18:00:00,30.1,0.0,67.8,114.0,5.2
2024-06-10 19:00:00,29.5,0.0,74.2,114.0,4.9
2024-06-10 20:00:00,29.2,0.0,75.6,108.0,2.9
2024-06-10 21:00:00,29.0,0.0,79.2,105.0,2.4
2024-06-10 22:00:00,29.1,0.0,77.0,127.0,4.2
2024-06-10 23:00:00,28.8,0.0,79.2,128.0,4.2
2024-06-11 00:00:00,28.7,0.0,79.5,124.0,3.3
2024-06-11 01:00:00,28.7,0.0,80.6,121.0,3.9
2024-06-11 02:00:00,28.5,0.0,83.1,103.0,4.3
2024-06-11 03:00:00,28.4,0.0,81.3,87.0,2.0
2024-06-11 04:00:00,27.4,0.0,88.0,22.0,1.0
2024-06-11 05:00:00,27.4,0.0,88.3,87.0,1.7
2024-06-11 06:00:00,27.5,0.0,87.9,91.0,2.5
2024-06-11 07:00:00,27.8,0.0,86.4,77.0,1.8
2024-06-11 08:00:00,27.7,0.0,87.0,355.0,1.3
2024-06-11 09:00:00,28.9,0.0,81.5,145.0,1.9
2024-06-11 10:00:00,30.1,0.0,71.1,106.0,5.5
2024-06-11 11:00:00,30.8,0.0,62.7,103.0,4.7
2024-06-11 12:00:00,32.5,0.0,50.4,109.0,5.0
2024-06-11 13:00:00,32.7,0.0,51.4,101.0,5.3
2024-06-11 14:00:00,32.7,0.0,54.8,108.0,4.1
2024-06-11 15:00:00,33.9,0.0,53.7,133.0,6.1
2024-06-11 16:00:00,31.2,0.0,61.3,153.0,5.7
2024-06-11 17:00:00,27.5,0.0,71.3,332.0,6.3
2024-06-11 18:00:00,27.6,0.0,70.3,357.0,3.8
2024-06-11 19:00:00,27.9,0.0,73.9,30.0,1.3
2024-06-11 20:00:00,27.8,0.0,75.4,227.0,0.7
2024-06-11 21:00:00,28.5,0.0,72.3,63.0,2.3
2024-06-11 22:00:00,28.8,0.0,68.7,60.0,1.6
2024-06-11 23:00:00,29.1,0.0,67.4,84.0,2.8
2024-06-12 00:00:00,28.8,0.0,70.1,154.0,0.6
2024-06-12 01:00:00,28.8,0.0,69.4,82.0,1.4
2024-06-12 02:00:00,28.5,0.0,72.8,13.0,0.7
2024-06-12 03:00:00,27.8,0.0,77.7,160.0,0.5
2024-06-12 04:00:00,28.1,0.0,76.8,100.0,2.7
2024-06-12 05:00:00,28.1,0.0,80.7,114.0,1.6
2024-06-12 06:00:00,28.0,0.0,82.2,118.0,1.5
2024-06-12 07:00:00,28.1,0.0,82.7,104.0,2.4
2024-06-12 08:00:00,28.3,0.0,82.5,122.0,1.4
2024-06-12 09:00:00,29.2,0.0,77.2,111.0,4.6
2024-06-12 10:00:00,29.6,0.0,73.1,119.0,4.6
2024-06-12 11:00:00,25.4,0.0,77.9,305.0,9.60001
2024-06-12 12:00:00,26.0,0.6,79.5,317.0,3.8
2024-06-12 13:00:00,29.5,0.0,67.7,222.0,1.0
2024-06-12 14:00:00,28.3,0.0,81.1,132.0,5.3
2024-06-12 15:00:00,29.9,0.0,73.3,211.0,3.2
2024-06-12 16:00:00,29.9,0.0,69.4,175.0,3.2
2024-06-12 17:00:00,30.2,0.0,64.3,209.0,4.3
2024-06-12 18:00:00,30.8,0.0,59.3,175.0,2.0
2024-06-12 19:00:00,29.8,0.0,61.9,118.0,3.8
2024-06-12 20:00:00,29.4,0.0,67.4,122.0,3.1
2024-06-12 21:00:00,29.2,0.0,72.5,186.0,1.4
2024-06-12 22:00:00,28.7,0.0,75.9,238.0,0.8
2024-06-12 23:00:00,28.9,0.0,75.4,111.0,3.7
2024-06-13 00:00:00,27.5,0.0,79.7,8.0,2.8
2024-06-13 01:00:00,27.9,0.0,78.7,97.0,1.6
2024-06-13 02:00:00,27.5,0.0,79.2,319.0,1.7
2024-06-13 03:00:00,27.1,0.0,79.7,302.0,1.8
2024-06-13 04:00:00,27.2,0.0,80.3,306.0,1.1
2024-06-13 05:00:00,27.4,0.0,80.2,97.0,1.0
2024-06-13 06:00:00,27.6,0.0,82.0,185.0,1.5
2024-06-13 07:00:00,27.8,0.0,82.5,144.0,2.1
2024-06-13 08:00:00,28.0,0.0,80.9,66.0,1.1
2024-06-13 09:00:00,29.4,0.0,75.6,169.0,0.9
2024-06-13 10:00:00,30.0,0.0,69.8,156.0,1.8
2024-06-13 11:00:00,30.6,0.0,65.3,84.0,3.1
2024-06-13 12:00:00,30.8,0.0,64.6,108.0,4.5
2024-06-13 13:00:00,32.0,0.0,55.8,200.0,1.9
2024-06-13 14:00:00,31.2,0.0,56.6,146.0,3.9
2024-06-13 15:00:00,33.1,0.0,49.8,189.0,1.8
2024-06-13 16:00:00,32.0,0.0,52.0,207.0,3.6
2024-06-13 17:00:00,31.2,0.0,56.1,211.0,5.2
2024-06-13 18:00:00,30.9,0.0,66.8,204.0,1.6
2024-06-13 19:00:00,30.1,0.0,69.4,123.0,3.2
2024-06-13 20:00:00,29.8,0.0,72.3,139.0,2.9
2024-06-13 21:00:00,29.7,0.0,71.6,121.0,3.4
2024-06-13 22:00:00,29.6,0.0,70.2,128.0,3.5
2024-06-13 23:00:00,28.0,0.0,81.8,314.0,3.4
2024-06-14 00:00:00,28.9,0.0,75.4,96.0,3.0
2024-06-14 01:00:00,28.9,0.0,75.6,128.0,2.9
2024-06-14 02:00:00,28.8,0.0,75.1,121.0,4.5
2024-06-14 03:00:00,28.7,0.0,74.9,125.0,3.8
2024-06-14 04:00:00,28.6,0.0,76.6,112.0,3.7
2024-06-14 05:00:00,28.4,0.0,78.2,103.0,5.4
2024-06-14 06:00:00,28.3,0.0,80.6,100.0,5.5
2024-06-14 07:00:00,28.3,0.0,79.4,86.0,2.4
2024-06-14 08:00:00,28.5,0.0,77.9,115.0,1.9
2024-06-14 09:00:00,29.5,0.0,73.2,100.0,2.9
2024-06-14 10:00:00,29.7,0.0,72.8,120.0,3.8
2024-06-14 11:00:00,30.5,0.0,67.6,211.0,3.9
2024-06-14 12:00:00,31.9,0.0,59.1,208.0,3.3
2024-06-14 13:00:00,31.0,0.0,64.9,216.0,4.7
2024-06-14 14:00:00,30.5,0.0,66.9,188.0,3.6
2024-06-14 15:00:00,27.6,0.0,80.0,302.0,3.8
2024-06-14 16:00:00,27.2,0.0,80.0,258.0,2.1
2024-06-14 17:00:00,28.0,0.0,74.9,286.0,1.0
2024-06-14 18:00:00,28.3,0.0,80.4,25.0,1.3
2024-06-14 19:00:00,28.1,0.0,80.6,99.0,1.0
2024-06-14 20:00:00,27.8,0.0,81.5,94.0,2.9
2024-06-14 21:00:00,27.6,0.0,78.9,66.0,1.9
2024-06-14 22:00:00,27.5,0.0,81.0,4.0,1.3
2024-06-14 23:00:00,27.9,0.0,79.7,131.0,2.3
2024-06-15 00:00:00,27.7,0.0,82.6,140.0,1.5
2024-06-15 01:00:00,27.7,0.0,83.9,155.0,0.7
2024-06-15 02:00:00,27.7,0.0,84.9,73.0,1.5
2024-06-15 03:00:00,27.5,0.0,84.7,203.0,1.0
2024-06-15 04:00:00,27.1,0.0,85.7,5.0,0.7
2024-06-15 05:00:00,27.8,0.0,83.2,154.0,1.8
2024-06-15 06:00:00,27.6,0.0,83.4,110.0,2.8
2024-06-15 07:00:00,28.0,0.0,82.6,154.0,3.0
2024-06-15 08:00:00,27.9,0.0,81.7,336.0,2.3
2024-06-15 09:00:00,25.5,0.0,88.1,240.0,3.1
2024-06-15 10:00:00,27.2,0.0,87.9,238.0,0.6
2024-06-15 11:00:00,28.9,0.0,83.1,109.0,1.7
2024-06-15 12:00:00,30.3,0.0,75.6,194.0,2.0
2024-06-15 13:00:00,30.5,0.0,68.9,266.0,4.1
2024-06-15 14:00:00,31.0,0.0,68.5,269.0,2.6
2024-06-15 15:00:00,30.5,0.0,69.9,251.0,2.3
2024-06-15 16:00:00,30.4,0.0,67.2,249.0,3.0
2024-06-15 17:00:00,30.2,0.0,68.7,228.0,2.5
2024-06-15 18:00:00,29.7,0.0,71.7,263.0,1.8
2024-06-15 19:00:00,29.3,0.0,72.5,271.0,1.8
2024-06-15 20:00:00,28.9,0.0,73.1,299.0,2.7
2024-06-15 21:00:00,28.7,0.0,73.7,276.0,2.2
2024-06-15 22:00:00,28.7,0.0,71.2,217.0,1.2
2024-06-15 23:00:00,29.0,0.0,67.9,310.0,1.8
2024-06-16 00:00:00,28.8,0.0,73.7,160.0,1.4
2024-06-16 01:00:00,28.7,0.0,78.0,128.0,1.5
2024-06-16 02:00:00,27.6,0.0,81.7,159.0,5.3
2024-06-16 03:00:00,25.8,0.0,86.4,111.0,6.1
2024-06-16 04:00:00,23.6,0.4,96.9,127.0,5.3
2024-06-16 05:00:00,23.5,0.0,91.2,82.0,2.5
2024-06-16 06:00:00,24.7,0.0,83.0,352.0,2.0
2024-06-16 07:00:00,24.9,0.0,88.0,43.0,1.7
2024-06-16 08:00:00,25.1,0.0,88.8,76.0,2.6
2024-06-16 09:00:00,26.2,0.0,82.1,96.0,1.8
2024-06-16 10:00:00,27.0,0.0,78.0,127.0,2.2
2024-06-16 11:00:00,27.9,0.0,77.1,119.0,4.6
2024-06-16 12:00:00,29.9,0.0,69.2,190.0,2.0
2024-06-16 13:00:00,30.1,0.0,68.2,205.0,3.3
2024-06-16 14:00:00,30.6,0.0,67.2,181.0,3.3
2024-06-16 15:00:00,30.8,0.0,66.6,194.0,3.6
2024-06-16 16:00:00,30.3,0.0,71.3,210.0,4.8
2024-06-16 17:00:00,30.1,0.0,70.1,200.0,6.3
2024-06-16 18:00:00,30.1,0.0,69.6,195.0,3.8
2024-06-16 19:00:00,29.5,0.0,71.8,198.0,3.3
2024-06-16 20:00:00,29.3,0.0,71.9,201.0,3.7
2024-06-16 21:00:00,29.1,0.0,74.1,188.0,2.6
2024-06-16 22:00:00,29.0,0.0,75.7,186.0,2.2
2024-06-16 23:00:00,28.9,0.0,73.9,205.0,3.1
2024-06-17 00:00:00,28.7,0.0,74.8,226.0,1.7
2024-06-17 01:00:00,28.7,0.0,74.9,184.0,2.6
2024-06-17 02:00:00,28.4,0.0,76.6,191.0,2.2
2024-06-17 03:00:00,28.0,0.0,81.2,230.0,1.4
2024-06-17 04:00:00,28.1,0.0,80.2,211.0,2.5
2024-06-17 05:00:00,26.3,0.0,82.6,300.0,5.6
2024-06-17 06:00:00,25.8,0.0,82.0,261.0,3.0
2024-06-17 07:00:00,26.7,0.0,79.5,237.0,2.6
2024-06-17 08:00:00,27.1,0.0,79.4,262.0,3.0
2024-06-17 09:00:00,27.0,0.0,80.0,297.0,5.0
2024-06-17 10:00:00,28.9,0.0,73.5,298.0,3.0
2024-06-17 11:00:00,29.5,0.0,71.9,282.0,3.2
2024-06-17 12:00:00,30.2,0.0,67.5,277.0,3.3
2024-06-17 13:00:00,31.0,0.0,63.6,247.0,4.7
2024-06-17 14:00:00,30.8,0.0,64.9,282.0,3.7
2024-06-17 15:00:00,30.8,0.0,62.8,285.0,5.5
2024-06-17 16:00:00,31.7,0.0,57.2,258.0,4.4
2024-06-17 17:00:00,27.7,0.0,73.0,226.0,4.6
2024-06-17 18:00:00,27.6,0.0,72.7,271.0,5.0
2024-06-17 19:00:00,27.2,0.0,74.4,297.0,2.2
2024-06-17 20:00:00,27.4,0.0,75.1,215.0,2.5
2024-06-17 21:00:00,27.7,0.0,73.5,271.0,1.6
2024-06-17 22:00:00,28.2,0.0,71.3,166.0,3.2
2024-06-17 23:00:00,28.2,0.0,72.2,205.0,3.7
2024-06-18 00:00:00,28.1,0.0,74.2,254.0,2.7
2024-06-18 01:00:00,27.4,0.0,77.7,313.0,2.3
2024-06-18 02:00:00,26.5,0.0,83.8,241.0,0.7
2024-06-18 03:00:00,26.7,0.0,82.4,290.0,1.3
2024-06-18 04:00:00,27.4,0.0,78.1,259.0,1.6
2024-06-18 05:00:00,27.4,0.0,79.0,236.0,1.6
2024-06-18 06:00:00,27.5,0.0,80.0,244.0,1.2
2024-06-18 07:00:00,27.6,0.0,79.9,204.0,1.7
2024-06-18 08:00:00,27.7,0.0,79.6,204.0,1.6
2024-06-18 09:00:00,28.8,0.0,76.7,182.0,2.5
2024-06-18 10:00:00,29.4,0.0,73.6,209.0,6.5
2024-06-18 11:00:00,30.0,0.0,69.6,168.0,5.1
2024-06-18 12:00:00,30.3,0.0,67.9,208.0,8.3
2024-06-18 13:00:00,30.8,0.0,63.9,193.0,6.7
2024-06-18 14:00:00,28.2,0.0,74.0,97.0,8.10001
2024-06-18 15:00:00,28.9,0.0,73.8,125.0,2.0
2024-06-18 16:00:00,29.6,0.0,69.6,170.0,5.3
2024-06-18 17:00:00,29.4,0.0,71.8,150.0,7.3
2024-06-18 18:00:00,29.2,0.0,71.6,214.0,4.6
2024-06-18 19:00:00,29.4,0.0,69.7,127.0,1.7
2024-06-18 20:00:00,29.0,0.0,73.4,129.0,3.1
2024-06-18 21:00:00,29.0,0.0,73.7,216.0,4.1
2024-06-18 22:00:00,28.9,0.0,74.6,193.0,2.5
2024-06-18 23:00:00,27.9,0.0,79.7,336.0,1.6
2024-06-19 00:00:00,27.2,0.0,82.9,336.0,1.5
2024-06-19 01:00:00,27.1,0.0,83.3,355.0,1.9
2024-06-19 02:00:00,27.1,0.0,81.8,292.0,1.8
2024-06-19 03:00:00,27.6,0.0,76.9,207.0,5.2
2024-06-19 04:00:00,27.0,0.0,75.3,214.0,3.7
2024-06-19 05:00:00,27.6,0.0,79.8,208.0,4.2
2024-06-19 06:00:00,28.1,0.0,79.4,208.0,5.3
2024-06-19 07:00:00,27.1,0.0,82.8,162.0,3.5
2024-06-19 08:00:00,27.2,0.0,86.1,154.0,4.2
2024-06-19 09:00:00,27.5,0.0,83.1,218.0,4.7
2024-06-19 10:00:00,28.6,0.0,79.2,191.0,4.8
2024-06-19 11:00:00,29.0,0.0,76.4,189.0,3.5
2024-06-19 12:00:00,29.1,0.0,73.1,194.0,3.8
2024-06-19 13:00:00,29.0,0.0,76.5,204.0,4.9
2024-06-19 14:00:00,28.9,0.0,76.9,214.0,5.0
2024-06-19 15:00:00,29.0,0.0,73.4,171.0,6.4
2024-06-19 16:00:00,29.0,0.0,74.0,203.0,7.1
2024-06-19 17:00:00,29.2,0.0,74.5,216.0,5.0
2024-06-19 18:00:00,29.4,0.0,71.6,212.0,4.4
2024-06-19 19:00:00,29.0,0.0,74.2,213.0,3.0
2024-06-19 20:00:00,28.9,0.0,74.0,181.0,3.9
2024-06-19 21:00:00,28.8,0.0,74.0,129.0,2.7
2024-06-19 22:00:00,28.7,0.0,73.1,184.0,2.7
2024-06-19 23:00:00,28.6,0.0,73.5,176.0,2.6
2024-06-20 00:00:00,28.4,0.0,75.6,187.0,1.4
2024-06-20 01:00:00,28.3,0.0,75.7,7.0,1.4
2024-06-20 02:00:00,28.0,0.0,76.1,355.0,0.9
2024-06-20 03:00:00,27.9,0.0,75.9,101.0,0.7
2024-06-20 04:00:00,27.4,0.0,82.8,352.0,1.4
2024-06-20 05:00:00,26.9,0.0,85.5,310.0,3.8
2024-06-20 06:00:00,26.7,0.0,88.3,305.0,2.0
2024-06-20 07:00:00,27.1,0.0,80.5,252.0,2.1
2024-06-20 08:00:00,27.5,0.0,80.9,303.0,1.6
2024-06-20 09:00:00,28.3,0.0,78.7,306.0,3.4
2024-06-20 10:00:00,28.3,0.0,78.9,311.0,4.4
2024-06-20 11:00:00,30.1,0.0,69.3,251.0,1.7
2024-06-20 12:00:00,30.6,0.0,63.2,210.0,5.1
2024-06-20 13:00:00,30.1,0.0,68.3,189.0,5.8
2024-06-20 14:00:00,30.4,0.0,69.4,195.0,3.4
2024-06-20 15:00:00,32.2,0.0,60.1,243.0,3.7
2024-06-20 16:00:00,31.0,0.0,63.1,200.0,4.5
2024-06-20 17:00:00,31.2,0.0,58.3,196.0,4.1
2024-06-20 18:00:00,29.9,0.0,66.0,188.0,4.3
2024-06-20 19:00:00,29.9,0.0,68.0,163.0,4.5
2024-06-20 20:00:00,28.8,0.0,72.6,155.0,5.4
2024-06-20 21:00:00,28.6,0.0,69.0,159.0,4.8
2024-06-20 22:00:00,28.5,0.0,79.2,191.0,4.1
2024-06-20 23:00:00,28.4,0.0,77.4,212.0,5.1
2024-06-21 00:00:00,27.0,0.0,81.1,286.0,1.3
2024-06-21 01:00:00,27.5,0.0,81.4,206.0,2.0
2024-06-21 02:00:00,26.7,0.0,86.1,314.0,3.7
2024-06-21 03:00:00,26.5,0.0,87.4,297.0,2.2
2024-06-21 04:00:00,27.6,0.0,84.3,209.0,6.0
2024-06-21 05:00:00,23.9,0.2,93.7,258.0,9.3
2024-06-21 06:00:00,22.5,2.4,95.8,277.0,8.2
2024-06-21 07:00:00,22.7,0.4,97.9,250.0,2.8
2024-06-21 08:00:00,23.8,0.2,92.9,252.0,4.2
2024-06-21 09:00:00,24.9,0.0,91.4,227.0,3.2
2024-06-21 10:00:00,26.1,0.0,87.1,263.0,3.1
2024-06-21 11:00:00,27.4,0.0,77.4,260.0,3.6
2024-06-21 12:00:00,28.5,0.0,71.8,233.0,3.0
2024-06-21 13:00:00,28.5,0.0,66.5,205.0,7.5
2024-06-21 14:00:00,28.5,0.0,68.5,207.0,6.3
2024-06-21 15:00:00,29.0,0.0,66.5,215.0,4.0
2024-06-21 16:00:00,28.9,0.0,64.9,203.0,5.9
2024-06-21 17:00:00,28.8,0.0,67.5,207.0,6.8
2024-06-21 18:00:00,28.2,0.0,73.2,211.0,5.0
2024-06-21 19:00:00,28.0,0.0,74.7,196.0,4.5
2024-06-21 20:00:00,27.9,0.0,77.4,189.0,3.1
2024-06-21 21:00:00,27.9,0.0,80.8,218.0,3.0
2024-06-21 22:00:00,28.1,0.0,80.7,157.0,5.1
2024-06-21 23:00:00,28.0,0.0,80.5,168.0,5.7
2024-06-22 00:00:00,27.5,0.0,83.7,158.0,3.5
2024-06-22 01:00:00,27.5,0.0,82.0,179.0,2.2
2024-06-22 02:00:00,27.5,0.0,82.2,166.0,2.9
2024-06-22 03:00:00,27.7,0.0,80.5,190.0,4.3
2024-06-22 04:00:00,23.1,0.6,98.2,276.0,4.6
2024-06-22 05:00:00,23.5,0.6,98.8,269.0,5.2
2024-06-22 06:00:00,23.5,0.4,98.7,257.0,5.2
2024-06-22 07:00:00,23.9,0.0,93.3,253.0,3.2
2024-06-22 08:00:00,24.7,0.0,86.1,263.0,3.5
2024-06-22 09:00:00,24.7,0.2,87.4,239.0,3.6
2024-06-22 10:00:00,24.3,0.0,88.6,205.0,8.3
2024-06-22 11:00:00,24.4,0.0,88.2,215.0,9.8
2024-06-22 12:00:00,24.7,0.0,88.0,206.0,7.8
2024-06-22 13:00:00,26.2,0.0,79.8,212.0,4.2
2024-06-22 14:00:00,26.9,0.0,72.6,287.0,2.7
2024-06-22 15:00:00,26.9,0.2,73.7,309.0,3.7
2024-06-22 16:00:00,27.6,0.0,66.6,135.0,4.6
2024-06-22 17:00:00,26.5,0.0,78.3,148.0,4.9
2024-06-22 18:00:00,26.5,0.0,77.6,157.0,6.3
2024-06-22 19:00:00,26.7,0.0,75.2,191.0,3.3
2024-06-22 20:00:00,27.1,0.0,70.6,144.0,5.0
2024-06-22 21:00:00,27.0,0.0,73.6,212.0,3.2
2024-06-22 22:00:00,27.3,0.0,74.5,182.0,2.5
2024-06-22 23:00:00,27.4,0.0,76.9,197.0,3.8
2024-06-23 00:00:00,27.3,0.0,80.2,199.0,5.4
2024-06-23 01:00:00,27.0,0.0,84.2,187.0,3.2
2024-06-23 02:00:00,26.8,0.0,87.0,207.0,4.1
2024-06-23 03:00:00,26.4,0.0,90.1,218.0,2.5
2024-06-23 04:00:00,26.3,0.0,90.9,220.0,2.5
2024-06-23 05:00:00,26.3,0.0,90.8,267.0,2.4
2024-06-23 06:00:00,26.2,0.0,90.6,255.0,3.6
2024-06-23 07:00:00,26.3,0.0,90.8,219.0,1.6
2024-06-23 08:00:00,26.9,0.0,87.3,220.0,1.8
2024-06-23 09:00:00,27.3,0.0,86.1,210.0,4.1
2024-06-23 10:00:00,28.0,0.0,83.3,198.0,5.3
2024-06-23 11:00:00,28.1,0.0,81.2,156.0,6.0
2024-06-23 12:00:00,28.3,0.0,79.1,153.0,6.5
2024-06-23 13:00:00,29.0,0.0,76.9,114.0,3.7
2024-06-23 14:00:00,29.1,0.0,68.0,149.0,5.7
2024-06-23 15:00:00,29.8,0.0,66.4,150.0,3.5
2024-06-23 16:00:00,30.3,0.0,62.2,124.0,5.8
2024-06-23 17:00:00,30.6,0.0,59.4,128.0,5.1
2024-06-23 18:00:00,30.0,0.0,61.9,121.0,5.2
2024-06-23 19:00:00,29.6,0.0,64.5,163.0,5.8
2024-06-23 20:00:00,28.9,0.0,72.0,170.0,6.0
2024-06-23 21:00:00,29.0,0.0,68.7,166.0,2.7
2024-06-23 22:00:00,28.9,0.0,65.8,147.0,4.8
2024-06-23 23:00:00,28.8,0.0,66.7,160.0,3.5
2024-06-24 00:00:00,28.5,0.0,71.2,158.0,4.4
2024-06-24 01:00:00,28.3,0.0,74.2,150.0,3.7
2024-06-24 02:00:00,28.1,0.0,75.8,142.0,4.3
2024-06-24 03:00:00,28.1,0.0,76.5,137.0,3.3
2024-06-24 04:00:00,28.0,0.0,78.9,149.0,4.8
2024-06-24 05:00:00,28.1,0.0,77.6,160.0,4.8
2024-06-24 06:00:00,28.0,0.0,79.0,152.0,4.3
2024-06-24 07:00:00,28.0,0.0,79.4,157.0,4.9
2024-06-24 08:00:00,28.3,0.0,78.3,156.0,3.6
2024-06-24 09:00:00,28.7,0.0,76.0,170.0,6.3
2024-06-24 10:00:00,29.7,0.0,70.4,167.0,5.7
2024-06-24 11:00:00,29.9,0.0,68.9,202.0,5.3
2024-06-24 12:00:00,31.2,0.0,66.3,203.0,3.0
2024-06-24 13:00:00,30.5,0.0,67.3,193.0,5.1
2024-06-24 14:00:00,30.9,0.0,66.7,205.0,3.4
2024-06-24 15:00:00,30.5,0.0,68.8,223.0,5.6
2024-06-24 16:00:00,29.7,0.0,68.9,103.0,10.1
2024-06-24 17:00:00,30.3,0.0,67.9,180.0,4.5
2024-06-24 18:00:00,30.1,0.0,67.5,116.0,3.1
2024-06-24 19:00:00,29.4,0.0,61.6,102.0,5.8
2024-06-24 20:00:00,29.5,0.0,68.3,109.0,5.4
2024-06-24 21:00:00,29.1,0.0,74.9,111.0,5.1
2024-06-24 22:00:00,28.8,0.0,78.8,107.0,5.6
2024-06-24 23:00:00,28.7,0.0,78.5,132.0,4.4
2024-06-25 00:00:00,28.7,0.0,78.8,126.0,4.9
2024-06-25 01:00:00,28.6,0.0,79.5,135.0,4.4
2024-06-25 02:00:00,28.5,0.0,79.9,131.0,3.3
2024-06-25 03:00:00,28.4,0.0,79.6,105.0,5.0
2024-06-25 04:00:00,28.3,0.0,79.9,123.0,2.4
2024-06-25 05:00:00,28.1,0.0,81.6,117.0,2.1
2024-06-25 06:00:00,28.0,0.0,84.6,134.0,3.6
2024-06-25 07:00:00,27.9,0.0,85.5,141.0,3.4
2024-06-25 08:00:00,28.4,0.0,83.2,125.0,3.0
2024-06-25 09:00:00,29.0,0.0,79.5,119.0,3.4
2024-06-25 10:00:00,29.6,0.0,68.3,113.0,5.2
2024-06-25 11:00:00,30.9,0.0,64.8,123.0,3.8
2024-06-25 12:00:00,30.0,0.0,71.5,113.0,7.2
2024-06-25 13:00:00,30.3,0.0,69.4,124.0,5.1
2024-06-25 14:00:00,31.3,0.0,63.5,126.0,6.7
2024-06-25 15:00:00,31.1,0.0,67.3,121.0,5.5
2024-06-25 16:00:00,31.2,0.0,69.1,121.0,7.0
2024-06-25 17:00:00,29.0,0.0,74.9,129.0,6.0
2024-06-25 18:00:00,28.1,0.0,81.7,83.0,4.3
2024-06-25 19:00:00,29.0,0.0,72.6,119.0,4.7
2024-06-25 20:00:00,29.3,0.0,69.9,105.0,5.9
2024-06-25 21:00:00,29.1,0.0,74.9,102.0,6.6
2024-06-25 22:00:00,29.0,0.0,75.5,113.0,6.3
2024-06-25 23:00:00,28.9,0.0,75.7,96.0,5.9
2024-06-26 00:00:00,28.6,0.0,78.1,105.0,8.7
2024-06-26 01:00:00,28.5,0.0,77.4,104.0,4.7
2024-06-26 02:00:00,28.4,0.0,76.3,113.0,5.6
2024-06-26 03:00:00,28.3,0.0,77.1,109.0,6.2
2024-06-26 04:00:00,28.2,0.0,78.1,117.0,5.6
2024-06-26 05:00:00,28.1,0.0,77.9,108.0,7.3
2024-06-26 06:00:00,28.0,0.0,78.8,108.0,6.1
2024-06-26 07:00:00,28.0,0.0,78.2,100.0,6.1
2024-06-26 08:00:00,28.3,0.0,78.1,96.0,4.0
2024-06-26 09:00:00,28.7,0.0,75.3,97.0,10.1
2024-06-26 10:00:00,30.1,0.0,67.2,90.0,4.8
2024-06-26 11:00:00,30.1,0.0,59.4,112.0,9.8
2024-06-26 12:00:00,31.0,0.0,59.7,105.0,6.5
2024-06-26 13:00:00,32.5,0.0,48.6,91.0,5.0
2024-06-26 14:00:00,32.1,0.0,48.1,91.0,5.2
2024-06-26 15:00:00,31.4,0.0,59.1,112.0,8.8
2024-06-26 16:00:00,31.7,0.0,62.4,108.0,7.6
2024-06-26 17:00:00,30.5,0.0,66.5,100.0,8.0
2024-06-26 18:00:00,29.6,0.0,72.3,96.0,7.2
2024-06-26 19:00:00,26.4,2.2,81.6,173.0,8.5
2024-06-26 20:00:00,27.1,0.0,84.1,158.0,3.0
2024-06-26 21:00:00,28.3,0.0,79.9,90.0,4.6
2024-06-26 22:00:00,28.4,0.0,80.3,113.0,4.4
2024-06-26 23:00:00,28.2,0.0,81.6,73.0,1.5
2024-06-27 00:00:00,27.5,0.0,83.6,24.0,1.7
2024-06-27 01:00:00,27.3,0.0,83.8,301.0,1.1
2024-06-27 02:00:00,27.3,0.0,83.9,331.0,0.6
2024-06-27 03:00:00,26.5,0.0,88.7,313.0,2.8
2024-06-27 04:00:00,27.3,0.0,82.8,121.0,5.2
2024-06-27 05:00:00,27.0,0.0,75.3,110.0,2.0
2024-06-27 06:00:00,26.3,0.0,89.8,308.0,4.6
2024-06-27 07:00:00,26.3,0.0,89.6,354.0,1.1
2024-06-27 08:00:00,26.8,0.0,85.1,88.0,0.9
2024-06-27 09:00:00,27.8,0.0,82.1,59.0,2.5
2024-06-27 10:00:00,28.4,0.0,78.9,83.0,4.4
2024-06-27 11:00:00,28.6,0.0,78.5,92.0,7.0
2024-06-27 12:00:00,29.2,0.0,70.3,107.0,7.2
2024-06-27 13:00:00,29.4,0.0,70.0,106.0,7.7
2024-06-27 14:00:00,28.7,0.0,78.6,100.0,10.3
2024-06-27 15:00:00,30.6,0.0,66.0,106.0,5.6
2024-06-27 16:00:00,29.8,0.0,68.5,112.0,8.3
2024-06-27 17:00:00,29.5,0.0,71.0,97.0,7.4
2024-06-27 18:00:00,29.2,0.0,70.6,106.0,6.9
2024-06-27 19:00:00,28.8,0.0,74.2,113.0,5.9
2024-06-27 20:00:00,28.7,0.0,71.2,104.0,4.7
2024-06-27 21:00:00,28.6,0.0,72.7,110.0,4.1
2024-06-27 22:00:00,28.5,0.0,75.4,93.0,3.8
2024-06-27 23:00:00,28.3,0.0,75.4,77.0,2.3
2024-06-28 00:00:00,28.3,0.0,70.5,61.0,1.9
2024-06-28 01:00:00,28.3,0.0,69.0,83.0,3.3
2024-06-28 02:00:00,28.1,0.0,71.5,18.0,1.1
2024-06-28 03:00:00,27.7,0.0,75.9,355.0,1.3
2024-06-28 04:00:00,27.7,0.0,73.7,25.0,0.5
2024-06-28 05:00:00,27.8,0.0,73.0,69.0,1.7
2024-06-28 06:00:00,27.8,0.0,70.3,100.0,1.8
2024-06-28 07:00:00,27.7,0.0,70.9,80.0,1.4
2024-06-28 08:00:00,28.1,0.0,74.1,115.0,1.4
2024-06-28 09:00:00,28.9,0.0,74.1,106.0,2.4
2024-06-28 10:00:00,30.0,0.0,68.1,88.0,4.0
2024-06-28 11:00:00,29.2,0.0,77.5,124.0,5.1
2024-06-28 12:00:00,29.3,0.0,75.5,120.0,6.6
2024-06-28 13:00:00,27.9,0.4,78.3,106.0,8.2
2024-06-28 14:00:00,27.1,0.2,72.6,286.0,4.6
2024-06-28 15:00:00,29.6,0.0,72.0,115.0,7.8
2024-06-28 16:00:00,27.9,0.0,75.2,4.0,1.5
2024-06-28 17:00:00,29.3,0.0,64.3,146.0,3.0
2024-06-28 18:00:00,29.7,0.0,67.6,76.0,2.6
2024-06-28 19:00:00,29.0,0.0,73.1,72.0,3.3
2024-06-28 20:00:00,28.7,0.0,74.0,91.0,3.2
2024-06-28 21:00:00,28.7,0.0,74.5,61.0,1.4
2024-06-28 22:00:00,28.6,0.0,75.0,101.0,2.7
2024-06-28 23:00:00,28.0,0.0,79.4,226.0,1.2
2024-06-29 00:00:00,27.3,0.0,80.7,308.0,4.3
2024-06-29 01:00:00,27.0,0.0,83.6,306.0,1.3
2024-06-29 02:00:00,27.2,0.0,83.1,305.0,1.5
2024-06-29 03:00:00,27.5,0.0,81.5,113.0,0.8
2024-06-29 04:00:00,27.1,0.0,84.3,76.0,0.6
2024-06-29 05:00:00,26.8,0.0,85.8,301.0,1.6
2024-06-29 06:00:00,26.6,0.0,86.8,304.0,0.7
2024-06-29 07:00:00,27.5,0.0,82.7,151.0,2.1
2024-06-29 08:00:00,27.7,0.0,82.1,256.0,0.7
2024-06-29 09:00:00,26.0,0.2,88.5,205.0,4.9
2024-06-29 10:00:00,26.5,0.0,78.4,205.0,3.5
2024-06-29 11:00:00,24.7,5.8,93.1,160.0,5.2
2024-06-29 12:00:00,27.6,0.0,83.7,209.0,6.3
2024-06-29 13:00:00,29.1,0.0,70.2,180.0,4.3
2024-06-29 14:00:00,30.1,0.0,67.9,210.0,3.4
2024-06-29 15:00:00,30.3,0.0,65.9,207.0,4.6
2024-06-29 16:00:00,30.1,0.0,69.0,194.0,3.2
2024-06-29 17:00:00,29.9,0.0,66.9,116.0,5.6
2024-06-29 18:00:00,29.5,0.0,72.2,103.0,3.4
2024-06-29 19:00:00,29.0,0.0,72.3,101.0,3.4
2024-06-29 20:00:00,29.0,0.0,68.5,117.0,4.9
2024-06-29 21:00:00,28.7,0.0,70.5,104.0,3.4
2024-06-29 22:00:00,28.7,0.0,70.3,112.0,5.3
2024-06-29 23:00:00,28.5,0.0,73.4,124.0,4.5
2024-06-30 00:00:00,28.3,0.0,75.5,102.0,3.3
2024-06-30 01:00:00,28.3,0.0,76.2,93.0,4.1
2024-06-30 02:00:00,28.2,0.0,75.9,90.0,4.4
2024-06-30 03:00:00,28.2,0.0,77.4,118.0,3.0
2024-06-30 04:00:00,28.0,0.0,80.9,102.0,4.5
2024-06-30 05:00:00,27.8,0.0,82.9,103.0,3.5
2024-06-30 06:00:00,27.8,0.0,81.9,118.0,2.2
2024-06-30 07:00:00,27.4,0.0,75.5,127.0,6.6
2024-06-30 08:00:00,26.6,0.0,84.8,213.0,3.8
2024-06-30 09:00:00,24.8,0.4,91.5,269.0,5.1
2024-06-30 10:00:00,24.0,3.0,90.6,247.0,5.8
2024-06-30 11:00:00,23.7,0.2,97.7,259.0,4.6
2024-06-30 12:00:00,23.5,0.4,97.7,261.0,4.1
2024-06-30 13:00:00,24.1,0.0,94.0,224.0,2.3
2024-06-30 14:00:00,25.1,0.0,87.5,207.0,3.4
2024-06-30 15:00:00,25.7,0.0,83.5,268.0,1.8
2024-06-30 16:00:00,26.6,0.0,79.9,300.0,1.4
2024-06-30 17:00:00,26.1,0.0,85.4,310.0,2.9
2024-06-30 18:00:00,25.8,0.0,88.5,348.0,2.0
2024-06-30 19:00:00,25.7,0.0,87.9,311.0,1.7
2024-06-30 20:00:00,25.8,0.0,88.8,211.0,2.1
2024-06-30 21:00:00,26.0,0.0,88.0,208.0,0.9
2024-06-30 22:00:00,25.8,0.0,88.7,321.0,2.6
2024-06-30 23:00:00,25.5,0.0,91.2,327.0,1.9
2024-07-01 00:00:00,25.4,0.0,91.9,3.0,1.0
2024-07-01 01:00:00,25.4,0.0,90.9,328.0,1.6
2024-07-01 02:00:00,25.3,0.0,91.2,352.0,1.4
2024-07-01 03:00:00,25.4,0.0,91.0,13.0,1.7
2024-07-01 04:00:00,25.5,0.0,90.0,2.0,1.5
2024-07-01 05:00:00,25.4,0.0,92.6,358.0,2.0
2024-07-01 06:00:00,25.0,0.0,92.5,41.0,1.3
2024-07-01 07:00:00,25.4,0.0,89.6,9.0,0.9
2024-07-01 08:00:00,25.9,0.0,87.2,355.0,2.1
2024-07-01 09:00:00,27.4,0.0,82.1,73.0,0.7
2024-07-01 10:00:00,28.2,0.0,77.6,5.0,1.7
2024-07-01 11:00:00,30.2,0.0,69.9,291.0,1.3
2024-07-01 12:00:00,31.3,0.0,65.1,65.0,1.0
2024-07-01 13:00:00,30.2,0.0,66.2,123.0,2.2
2024-07-01 14:00:00,27.3,0.0,72.7,343.0,4.2
2024-07-01 15:00:00,31.3,0.0,59.5,131.0,1.5
2024-07-01 16:00:00,29.5,0.0,67.5,112.0,3.7
2024-07-01 17:00:00,27.4,1.0,78.0,321.0,3.5
2024-07-01 18:00:00,24.9,1.0,92.5,84.0,2.9
2024-07-01 19:00:00,25.9,0.0,82.1,162.0,1.6
2024-07-01 20:00:00,27.1,0.0,74.4,178.0,1.5
2024-07-01 21:00:00,27.5,0.0,76.5,136.0,2.8
2024-07-01 22:00:00,27.6,0.0,79.5,153.0,3.0
2024-07-01 23:00:00,27.5,0.0,80.9,114.0,3.6
2024-07-02 00:00:00,27.5,0.0,80.8,114.0,3.4
2024-07-02 01:00:00,27.6,0.0,82.1,146.0,2.4
2024-07-02 02:00:00,27.6,0.0,80.4,163.0,3.9
2024-07-02 03:00:00,27.6,0.0,79.9,169.0,3.5
2024-07-02 04:00:00,27.5,0.0,81.6,146.0,2.0
2024-07-02 05:00:00,27.3,0.0,82.8,118.0,2.4
2024-07-02 06:00:00,27.5,0.0,83.5,125.0,1.7
2024-07-02 07:00:00,27.4,0.0,84.5,107.0,2.6
2024-07-02 08:00:00,27.1,0.0,87.6,71.0,0.8
2024-07-02 09:00:00,27.1,0.0,89.8,96.0,1.9
2024-07-02 10:00:00,27.4,0.0,90.0,116.0,2.1
2024-07-02 11:00:00,28.5,0.0,85.6,178.0,1.0
2024-07-02 12:00:00,28.9,0.0,77.0,135.0,2.6
2024-07-02 13:00:00,28.8,0.0,80.0,211.0,4.1
2024-07-02 14:00:00,30.5,0.0,66.5,216.0,4.6
2024-07-02 15:00:00,30.4,0.0,64.9,193.0,5.8
2024-07-02 16:00:00,30.8,0.0,61.9,215.0,5.0
2024-07-02 17:00:00,30.4,0.0,59.8,221.0,3.5
2024-07-02 18:00:00,30.6,0.0,62.8,197.0,1.9
2024-07-02 19:00:00,29.9,0.0,66.8,200.0,2.3
2024-07-02 20:00:00,29.2,0.0,77.1,192.0,2.7
2024-07-02 21:00:00,28.8,0.0,74.9,123.0,5.2
2024-07-02 22:00:00,28.7,0.0,74.9,137.0,4.6
2024-07-02 23:00:00,28.4,0.0,80.1,135.0,3.5
2024-07-03 00:00:00,28.3,0.0,80.5,143.0,3.7
2024-07-03 01:00:00,28.1,0.0,82.6,115.0,3.7
2024-07-03 02:00:00,28.0,0.0,83.0,142.0,3.2
2024-07-03 03:00:00,28.1,0.0,81.9,145.0,3.1
2024-07-03 04:00:00,28.0,0.0,81.0,155.0,5.0
2024-07-03 05:00:00,28.0,0.0,81.1,152.0,4.6
2024-07-03 06:00:00,27.9,0.0,84.7,162.0,4.8
2024-07-03 07:00:00,27.9,0.0,83.9,158.0,3.6
2024-07-03 08:00:00,28.1,0.0,83.4,161.0,3.9
2024-07-03 09:00:00,28.7,0.0,77.0,169.0,4.3
2024-07-03 10:00:00,29.4,0.0,72.1,182.0,4.5
2024-07-03 11:00:00,30.3,0.0,68.8,147.0,3.4
2024-07-03 12:00:00,30.3,0.0,67.9,143.0,7.7
2024-07-03 13:00:00,30.6,0.0,65.5,223.0,3.6
2024-07-03 14:00:00,31.3,0.0,56.2,245.0,2.8
2024-07-03 15:00:00,29.5,0.0,64.0,196.0,3.1
2024-07-03 16:00:00,28.2,0.0,77.4,30.0,2.3
2024-07-03 17:00:00,31.3,0.0,63.5,98.0,1.4
2024-07-03 18:00:00,29.8,0.0,65.8,192.0,3.3
2024-07-03 19:00:00,29.4,0.0,74.4,123.0,3.3
2024-07-03 20:00:00,29.1,0.0,77.2,122.0,6.1
2024-07-03 21:00:00,28.6,0.0,81.9,123.0,5.4
2024-07-03 22:00:00,28.3,0.0,78.6,120.0,5.8
2024-07-03 23:00:00,28.1,0.0,79.4,128.0,6.6
2024-07-04 00:00:00,28.1,0.0,76.7,119.0,7.5
2024-07-04 01:00:00,28.0,0.0,79.0,118.0,6.3
2024-07-04 02:00:00,27.7,0.0,84.5,119.0,8.10001
2024-07-04 03:00:00,27.6,0.0,74.3,131.0,5.1
2024-07-04 04:00:00,27.6,0.0,74.1,172.0,3.9
2024-07-04 05:00:00,27.7,0.0,71.1,174.0,4.9
2024-07-04 06:00:00,27.6,0.0,77.0,159.0,8.8
2024-07-04 07:00:00,27.4,0.0,72.7,158.0,6.4
2024-07-04 08:00:00,27.6,0.0,71.6,154.0,4.8
2024-07-04 09:00:00,28.1,0.0,70.6,164.0,8.5
2024-07-04 10:00:00,28.4,0.0,72.0,146.0,5.5
2024-07-04 11:00:00,29.4,0.0,67.1,152.0,6.8
2024-07-04 12:00:00,30.6,0.0,61.1,217.0,3.0
2024-07-04 13:00:00,32.7,0.0,54.7,206.0,1.3
2024-07-04 14:00:00,31.7,0.0,56.4,207.0,5.3
2024-07-04 15:00:00,31.0,0.0,59.0,196.0,6.7
2024-07-04 16:00:00,31.5,0.0,58.4,240.0,2.9
2024-07-04 17:00:00,30.9,0.0,55.2,193.0,4.9
2024-07-04 18:00:00,30.2,0.0,60.8,211.0,5.5
2024-07-04 19:00:00,29.6,0.0,64.7,203.0,2.7
2024-07-04 20:00:00,29.4,0.0,67.4,206.0,4.1
2024-07-04 21:00:00,29.3,0.0,68.9,203.0,2.8
2024-07-04 22:00:00,29.1,0.0,70.5,148.0,2.9
2024-07-04 23:00:00,28.9,0.0,73.3,202.0,2.9
2024-07-05 00:00:00,28.8,0.0,74.8,106.0,5.6
2024-07-05 01:00:00,28.5,0.0,76.9,134.0,3.7
2024-07-05 02:00:00,27.8,0.0,81.3,100.0,2.6
2024-07-05 03:00:00,27.9,0.0,80.2,73.0,0.5
2024-07-05 04:00:00,27.9,0.0,77.9,115.0,0.8
2024-07-05 05:00:00,27.8,0.0,80.0,98.0,3.7
2024-07-05 06:00:00,27.5,0.0,81.0,92.0,0.9
2024-07-05 07:00:00,27.6,0.0,82.7,110.0,1.4
2024-07-05 08:00:00,28.0,0.0,82.8,94.0,0.6
2024-07-05 09:00:00,29.1,0.0,75.1,117.0,4.2
2024-07-05 10:00:00,24.6,0.0,84.2,297.0,7.0
2024-07-05 11:00:00,26.4,0.0,69.6,250.0,2.4
2024-07-05 12:00:00,29.1,0.0,65.9,204.0,2.5
2024-07-05 13:00:00,30.2,0.0,59.2,198.0,4.8
2024-07-05 14:00:00,33.2,0.0,48.8,265.0,1.3
2024-07-05 15:00:00,32.2,0.0,53.2,259.0,3.4
2024-07-05 16:00:00,31.9,0.0,54.7,213.0,3.7
2024-07-05 17:00:00,31.2,0.0,55.3,210.0,3.1
2024-07-05 18:00:00,30.3,0.0,55.4,188.0,1.9
2024-07-05 19:00:00,30.1,0.0,58.2,198.0,1.9
2024-07-05 20:00:00,30.0,0.0,57.6,121.0,2.3
2024-07-05 21:00:00,29.4,0.0,64.6,55.0,0.6
2024-07-05 22:00:00,28.4,0.0,73.2,329.0,2.9
2024-07-05 23:00:00,28.1,0.0,77.7,9.0,2.7
2024-07-06 00:00:00,27.9,0.0,77.3,352.0,2.6
2024-07-06 01:00:00,27.8,0.0,79.3,2.0,2.3
2024-07-06 02:00:00,27.3,0.0,82.8,315.0,3.0
2024-07-06 03:00:00,26.8,0.0,83.9,322.0,2.1
2024-07-06 04:00:00,26.6,0.0,83.9,23.0,2.1
2024-07-06 05:00:00,26.6,0.0,82.5,346.0,3.1
2024-07-06 06:00:00,26.6,0.0,82.2,4.0,2.3
2024-07-06 07:00:00,26.3,0.0,84.2,322.0,2.3
2024-07-06 08:00:00,26.7,0.0,80.7,263.0,1.5
2024-07-06 09:00:00,27.5,0.0,75.0,303.0,4.9
2024-07-06 10:00:00,29.2,0.0,67.4,270.0,1.7
2024-07-06 11:00:00,28.8,0.0,70.8,307.0,2.4
2024-07-06 12:00:00,29.7,0.0,67.4,279.0,3.1
2024-07-06 13:00:00,29.9,0.0,67.5,247.0,3.9
2024-07-06 14:00:00,30.4,0.0,65.2,211.0,4.1
2024-07-06 15:00:00,29.5,0.0,66.7,213.0,5.0
2024-07-06 16:00:00,30.2,0.0,66.4,151.0,2.3
2024-07-06 17:00:00,29.4,0.0,71.8,209.0,4.8
2024-07-06 18:00:00,29.1,0.0,73.0,208.0,6.0
2024-07-06 19:00:00,28.9,0.0,73.9,195.0,2.5
2024-07-06 20:00:00,28.7,0.0,76.2,155.0,2.1
2024-07-06 21:00:00,28.5,0.0,78.2,144.0,2.3
2024-07-06 22:00:00,28.1,0.0,79.0,129.0,4.7
2024-07-06 23:00:00,27.5,0.0,83.9,128.0,4.4
2024-07-07 00:00:00,27.5,0.0,83.6,135.0,4.1
2024-07-07 01:00:00,27.6,0.0,82.3,143.0,3.6
2024-07-07 02:00:00,27.4,0.0,83.5,216.0,1.7
2024-07-07 03:00:00,27.5,0.0,82.3,159.0,2.7
2024-07-07 04:00:00,27.5,0.0,81.1,178.0,2.8
2024-07-07 05:00:00,27.4,0.0,82.1,120.0,1.4
2024-07-07 06:00:00,27.4,0.0,82.5,218.0,1.1
2024-07-07 07:00:00,27.5,0.0,81.4,210.0,3.0
2024-07-07 08:00:00,25.6,0.0,80.8,176.0,2.7
2024-07-07 09:00:00,25.8,0.0,85.7,257.0,2.8
2024-07-07 10:00:00,26.3,0.0,86.0,315.0,1.7
2024-07-07 11:00:00,27.3,0.0,82.9,316.0,0.9
2024-07-07 12:00:00,28.4,0.0,78.3,275.0,3.0
2024-07-07 13:00:00,30.5,0.0,64.5,205.0,1.7
2024-07-07 14:00:00,30.4,0.0,65.3,204.0,3.4
2024-07-07 15:00:00,29.3,0.0,67.9,226.0,5.0
2024-07-07 16:00:00,29.4,0.0,67.1,192.0,4.0
2024-07-07 17:00:00,29.9,0.0,64.3,179.0,2.3
2024-07-07 18:00:00,28.8,0.0,67.4,120.0,5.9
2024-07-07 19:00:00,28.2,0.0,77.6,113.0,5.7
2024-07-07 20:00:00,27.8,0.0,78.1,120.0,6.3
2024-07-07 21:00:00,27.6,0.0,79.3,112.0,4.1
2024-07-07 22:00:00,27.7,0.0,80.8,97.0,2.9
2024-07-07 23:00:00,27.8,0.0,79.1,100.0,6.1
2024-07-08 00:00:00,27.8,0.0,79.3,122.0,3.3
2024-07-08 01:00:00,27.8,0.0,78.2,117.0,3.5
2024-07-08 02:00:00,27.4,0.0,81.3,197.0,1.3
2024-07-08 03:00:00,27.5,0.0,78.5,184.0,2.0
2024-07-08 04:00:00,27.4,0.0,81.4,148.0,2.8
2024-07-08 05:00:00,27.3,0.0,83.0,115.0,1.9
2024-07-08 06:00:00,27.3,0.0,82.5,115.0,1.8
2024-07-08 07:00:00,27.2,0.0,84.9,152.0,1.8
2024-07-08 08:00:00,26.9,0.0,85.5,42.0,1.0
2024-07-08 09:00:00,26.3,0.0,81.8,302.0,6.2
2024-07-08 10:00:00,25.7,0.0,84.7,281.0,3.2
2024-07-08 11:00:00,27.0,0.0,78.2,289.0,3.4
2024-07-08 12:00:00,28.6,0.0,66.3,259.0,4.5
2024-07-08 13:00:00,26.7,0.0,78.5,269.0,3.4
2024-07-08 14:00:00,26.2,0.0,86.9,270.0,3.8
2024-07-08 15:00:00,26.4,0.0,82.9,257.0,4.9
2024-07-08 16:00:00,25.3,0.4,90.9,259.0,3.3
2024-07-08 17:00:00,25.2,0.0,89.5,258.0,3.7
2024-07-08 18:00:00,26.0,0.0,83.1,204.0,2.7
2024-07-08 19:00:00,26.2,0.0,81.6,169.0,3.8
2024-07-08 20:00:00,26.1,0.0,80.8,231.0,2.4
2024-07-08 21:00:00,26.2,0.0,80.6,237.0,2.0
2024-07-08 22:00:00,26.0,0.0,82.2,298.0,1.5
2024-07-08 23:00:00,26.4,0.0,80.8,204.0,1.0
2024-07-09 00:00:00,26.4,0.0,81.4,103.0,2.6
2024-07-09 01:00:00,26.3,0.0,81.6,286.0,0.8
2024-07-09 02:00:00,26.5,0.0,80.9,90.0,2.1
2024-07-09 03:00:00,26.8,0.0,81.1,123.0,2.6
2024-07-09 04:00:00,27.0,0.0,80.1,137.0,3.4
2024-07-09 05:00:00,27.0,0.0,77.8,102.0,4.7
2024-07-09 06:00:00,27.2,0.0,71.9,90.0,3.7
2024-07-09 07:00:00,27.1,0.0,74.7,166.0,1.7
2024-07-09 08:00:00,27.4,0.0,75.2,154.0,2.6
2024-07-09 09:00:00,27.8,0.0,75.8,159.0,4.6
2024-07-09 10:00:00,28.4,0.0,75.1,150.0,5.8
2024-07-09 11:00:00,28.6,0.0,75.6,121.0,5.4
2024-07-09 12:00:00,29.1,0.0,75.8,110.0,5.9
2024-07-09 13:00:00,27.8,0.0,80.6,188.0,6.9
2024-07-09 14:00:00,26.2,0.0,87.3,123.0,9.7
2024-07-09 15:00:00,27.3,0.0,78.7,162.0,6.1
2024-07-09 16:00:00,27.9,0.0,72.2,169.0,5.6
2024-07-09 17:00:00,28.2,0.0,76.1,115.0,5.7
2024-07-09 18:00:00,28.4,0.0,72.6,113.0,6.1
2024-07-09 19:00:00,28.2,0.0,70.5,115.0,6.2
2024-07-09 20:00:00,27.6,0.0,75.3,121.0,5.1
2024-07-09 21:00:00,27.4,0.0,76.1,144.0,4.7
2024-07-09 22:00:00,27.5,0.0,72.9,151.0,4.5
2024-07-09 23:00:00,27.2,0.0,75.3,121.0,1.5
2024-07-10 00:00:00,27.3,0.0,74.9,105.0,2.3
2024-07-10 01:00:00,27.2,0.0,76.2,135.0,2.2
2024-07-10 02:00:00,26.9,0.0,77.7,106.0,1.0
2024-07-10 03:00:00,27.1,0.0,78.9,154.0,2.6
2024-07-10 04:00:00,27.2,0.0,79.7,173.0,2.5
2024-07-10 05:00:00,27.1,0.0,81.9,230.0,2.1
2024-07-10 06:00:00,26.7,0.0,86.3,219.0,2.5
2024-07-10 07:00:00,26.8,0.0,86.5,207.0,3.4
2024-07-10 08:00:00,27.0,0.0,86.2,169.0,1.3
2024-07-10 09:00:00,27.8,0.0,80.0,205.0,2.6
2024-07-10 10:00:00,29.1,0.0,71.4,185.0,4.4
2024-07-10 11:00:00,25.9,0.0,81.6,145.0,6.0
2024-07-10 12:00:00,28.5,0.0,74.6,232.0,3.6
2024-07-10 13:00:00,29.9,0.0,68.6,213.0,3.8
2024-07-10 14:00:00,30.4,0.0,68.9,206.0,2.2
2024-07-10 15:00:00,29.7,0.0,65.9,211.0,6.2
2024-07-10 16:00:00,29.7,0.0,67.2,222.0,6.4
2024-07-10 17:00:00,30.0,0.0,66.5,262.0,4.5
2024-07-10 18:00:00,30.2,0.0,66.5,235.0,3.0
2024-07-10 19:00:00,28.8,0.0,70.3,253.0,3.4
2024-07-10 20:00:00,28.7,0.0,70.6,231.0,1.5
2024-07-10 21:00:00,27.8,0.0,80.0,309.0,2.7
2024-07-10 22:00:00,28.2,0.0,76.3,197.0,3.5
2024-07-10 23:00:00,28.2,0.0,76.8,205.0,3.4
2024-07-11 00:00:00,28.1,0.0,79.8,226.0,2.4
2024-07-11 01:00:00,28.1,0.0,80.1,193.0,4.1
2024-07-11 02:00:00,27.9,0.0,77.6,209.0,1.3
2024-07-11 03:00:00,27.9,0.0,74.4,209.0,3.9
2024-07-11 04:00:00,27.6,0.0,77.4,203.0,4.4
2024-07-11 05:00:00,27.6,0.0,78.5,200.0,3.8
2024-07-11 06:00:00,27.5,0.0,79.7,204.0,5.0
2024-07-11 07:00:00,27.1,0.0,83.6,212.0,3.6
2024-07-11 08:00:00,27.3,0.0,83.5,204.0,2.4
2024-07-11 09:00:00,28.2,0.0,77.8,196.0,3.9
2024-07-11 10:00:00,28.6,0.0,75.0,194.0,5.8
2024-07-11 11:00:00,28.5,0.0,75.8,207.0,8.7
2024-07-11 12:00:00,29.4,0.0,72.0,211.0,5.3
2024-07-11 13:00:00,29.5,0.0,68.8,208.0,8.3
2024-07-11 14:00:00,29.4,0.0,70.7,212.0,10.3
2024-07-11 15:00:00,30.6,0.0,57.5,188.0,6.9
2024-07-11 16:00:00,29.9,0.0,57.1,162.0,10.8
2024-07-11 17:00:00,30.0,0.0,55.6,170.0,4.8
2024-07-11 18:00:00,29.4,0.0,60.9,202.0,7.3
2024-07-11 19:00:00,29.1,0.0,65.4,173.0,4.1
2024-07-11 20:00:00,29.1,0.0,58.6,154.0,5.4
2024-07-11 21:00:00,28.5,0.0,71.3,150.0,6.3
2024-07-11 22:00:00,28.2,0.0,75.7,154.0,6.9
2024-07-11 23:00:00,28.3,0.0,76.5,152.0,5.5
2024-07-12 00:00:00,28.4,0.0,75.5,158.0,6.8
2024-07-12 01:00:00,28.3,0.0,74.7,136.0,5.2
2024-07-12 02:00:00,28.2,0.0,74.6,143.0,6.5
2024-07-12 03:00:00,27.9,0.0,79.2,130.0,4.9
2024-07-12 04:00:00,27.7,0.0,80.0,134.0,5.0
2024-07-12 05:00:00,27.5,0.0,81.3,130.0,3.7
2024-07-12 06:00:00,27.8,0.0,75.6,151.0,3.9
2024-07-12 07:00:00,27.7,0.0,75.7,130.0,4.1
2024-07-12 08:00:00,27.9,0.0,77.7,125.0,5.3
2024-07-12 09:00:00,28.4,0.0,77.1,112.0,3.5
2024-07-12 10:00:00,28.9,0.0,71.5,108.0,5.0
2024-07-12 11:00:00,29.4,0.0,70.1,109.0,6.6
2024-07-12 12:00:00,29.9,0.0,67.8,94.0,4.9
2024-07-12 13:00:00,30.3,0.0,64.4,208.0,8.5
2024-07-12 14:00:00,29.3,0.0,70.6,223.0,4.9
2024-07-12 15:00:00,27.4,0.0,75.8,344.0,3.9
2024-07-12 16:00:00,25.4,0.2,83.3,152.0,4.5
2024-07-12 17:00:00,25.6,0.0,84.6,322.0,2.1
2024-07-12 18:00:00,25.6,0.0,86.2,14.0,2.0
2024-07-12 19:00:00,25.3,0.0,91.5,6.0,1.4
2024-07-12 20:00:00,25.7,0.0,90.4,93.0,5.7
2024-07-12 21:00:00,25.5,0.0,87.1,97.0,7.3
2024-07-12 22:00:00,25.8,0.0,89.1,95.0,5.4
2024-07-12 23:00:00,26.0,0.0,88.0,97.0,5.0
2024-07-13 00:00:00,26.2,0.0,86.4,110.0,5.7
2024-07-13 01:00:00,26.2,0.0,81.1,124.0,2.2
2024-07-13 02:00:00,26.5,0.0,78.7,114.0,2.6
2024-07-13 03:00:00,26.5,0.0,79.6,111.0,3.1
2024-07-13 04:00:00,26.8,0.0,78.7,105.0,3.8
2024-07-13 05:00:00,26.9,0.0,80.0,118.0,4.1
2024-07-13 06:00:00,26.9,0.0,82.7,119.0,4.3
2024-07-13 07:00:00,26.9,0.0,83.5,119.0,3.7
2024-07-13 08:00:00,27.3,0.0,82.7,143.0,2.9
2024-07-13 09:00:00,28.2,0.0,76.3,143.0,5.1
2024-07-13 10:00:00,29.0,0.0,72.0,121.0,5.3
2024-07-13 11:00:00,29.4,0.0,71.6,121.0,8.0
2024-07-13 12:00:00,29.8,0.0,67.5,145.0,7.0
2024-07-13 13:00:00,30.4,0.0,61.7,142.0,5.6
2024-07-13 14:00:00,30.7,0.0,61.0,160.0,8.89999
2024-07-13 15:00:00,30.0,0.0,64.7,192.0,5.7
2024-07-13 16:00:00,30.5,0.0,61.8,183.0,6.4
2024-07-13 17:00:00,29.9,0.0,65.0,153.0,6.9
2024-07-13 18:00:00,30.1,0.0,66.2,129.0,5.0
2024-07-13 19:00:00,29.5,0.0,67.8,149.0,6.5
2024-07-13 20:00:00,29.1,0.0,72.6,119.0,8.0
2024-07-13 21:00:00,28.9,0.0,72.9,125.0,4.7
2024-07-13 22:00:00,28.8,0.0,71.0,122.0,5.1
2024-07-13 23:00:00,28.6,0.0,73.0,134.0,4.1
2024-07-14 00:00:00,28.4,0.0,74.4,128.0,4.8
2024-07-14 01:00:00,28.2,0.0,75.4,120.0,4.1
2024-07-14 02:00:00,28.1,0.0,75.6,156.0,4.5
2024-07-14 03:00:00,27.9,0.0,79.0,124.0,4.6
2024-07-14 04:00:00,27.8,0.0,78.8,134.0,4.5
2024-07-14 05:00:00,27.9,0.0,78.1,150.0,4.8
2024-07-14 06:00:00,27.7,0.0,79.9,112.0,7.0
2024-07-14 07:00:00,27.7,0.0,82.9,123.0,6.4
2024-07-14 08:00:00,27.4,0.0,75.0,160.0,9.7
2024-07-14 09:00:00,27.5,0.0,78.9,149.0,7.0
2024-07-14 10:00:00,28.3,0.0,74.5,119.0,7.2
2024-07-14 11:00:00,29.3,0.0,70.2,111.0,6.6
2024-07-14 12:00:00,30.0,0.0,63.7,138.0,5.9
2024-07-14 13:00:00,31.1,0.0,54.0,175.0,4.0
2024-07-14 14:00:00,30.1,0.0,57.2,204.0,5.3
2024-07-14 15:00:00,30.0,0.0,57.1,188.0,4.6
2024-07-14 16:00:00,29.6,0.0,61.6,181.0,4.9
2024-07-14 17:00:00,28.9,0.0,70.1,209.0,6.6
2024-07-14 18:00:00,29.0,0.0,66.6,191.0,3.3
2024-07-14 19:00:00,28.9,0.0,62.3,175.0,5.0
2024-07-14 20:00:00,28.7,0.0,66.4,161.0,5.9
2024-07-14 21:00:00,28.7,0.0,68.5,156.0,2.4
2024-07-14 22:00:00,28.2,0.0,74.2,130.0,4.5
2024-07-14 23:00:00,28.1,0.0,76.2,118.0,3.9
2024-07-15 00:00:00,28.1,0.0,75.5,101.0,3.2
2024-07-15 01:00:00,28.1,0.0,74.7,124.0,2.9
2024-07-15 02:00:00,28.0,0.0,72.9,136.0,4.2
2024-07-15 03:00:00,27.9,0.0,71.1,129.0,4.4
2024-07-15 04:00:00,27.8,0.0,73.3,139.0,3.7
2024-07-15 05:00:00,27.7,0.0,73.9,143.0,5.0
2024-07-15 06:00:00,27.7,0.0,74.7,153.0,4.3
2024-07-15 07:00:00,27.7,0.0,76.0,157.0,5.2
2024-07-15 08:00:00,27.9,0.0,75.2,150.0,3.7
2024-07-15 09:00:00,28.8,0.0,72.6,152.0,2.7
2024-07-15 10:00:00,29.3,0.0,69.7,171.0,2.9
2024-07-15 11:00:00,30.4,0.0,64.8,151.0,4.4
2024-07-15 12:00:00,30.4,0.0,63.3,175.0,3.0
2024-07-15 13:00:00,30.4,0.0,64.1,162.0,5.1
2024-07-15 14:00:00,30.4,0.0,62.4,166.0,6.6
2024-07-15 15:00:00,30.0,0.0,59.4,164.0,8.89999
2024-07-15 16:00:00,30.5,0.0,55.8,165.0,7.3
2024-07-15 17:00:00,30.2,0.0,56.3,181.0,7.2
2024-07-15 18:00:00,29.9,0.0,60.5,156.0,7.0
2024-07-15 19:00:00,29.5,0.0,62.2,162.0,6.9
2024-07-15 20:00:00,28.6,0.0,74.4,172.0,7.7
2024-07-15 21:00:00,28.7,0.0,73.0,154.0,5.0
2024-07-15 22:00:00,28.7,0.0,72.2,157.0,4.5
2024-07-15 23:00:00,28.6,0.0,72.6,142.0,4.5
2024-07-16 00:00:00,28.4,0.0,73.2,133.0,4.2
2024-07-16 01:00:00,28.0,0.0,76.3,136.0,3.8
2024-07-16 02:00:00,27.9,0.0,75.8,136.0,5.2
2024-07-16 03:00:00,27.6,0.0,79.1,131.0,4.7
2024-07-16 04:00:00,27.6,0.0,78.4,130.0,5.7
2024-07-16 05:00:00,27.6,0.0,78.3,133.0,4.1
2024-07-16 06:00:00,27.7,0.0,78.8,135.0,3.2
2024-07-16 07:00:00,27.7,0.0,78.8,157.0,4.2
2024-07-16 08:00:00,28.0,0.0,76.0,148.0,5.2
2024-07-16 09:00:00,28.6,0.0,74.8,161.0,5.3
2024-07-16 10:00:00,29.0,0.0,72.3,192.0,4.0
2024-07-16 11:00:00,29.1,0.0,72.4,194.0,5.4
2024-07-16 12:00:00,28.8,0.0,70.7,170.0,7.1
2024-07-16 13:00:00,30.4,0.0,62.1,162.0,8.0
2024-07-16 14:00:00,30.5,0.0,59.2,188.0,6.6
2024-07-16 15:00:00,29.7,0.0,64.5,169.0,7.6
2024-07-16 16:00:00,30.3,0.0,58.1,172.0,5.6
2024-07-16 17:00:00,30.3,0.0,61.0,179.0,5.2
2024-07-16 18:00:00,29.2,0.0,68.6,166.0,6.1
2024-07-16 19:00:00,28.9,0.0,71.1,162.0,4.1
2024-07-16 20:00:00,28.8,0.0,70.1,171.0,4.3
2024-07-16 21:00:00,28.5,0.0,74.9,166.0,5.8
2024-07-16 22:00:00,28.3,0.0,77.4,172.0,3.9
2024-07-16 23:00:00,28.5,0.0,73.7,158.0,5.4
2024-07-17 00:00:00,28.3,0.0,75.5,134.0,5.3
2024-07-17 01:00:00,28.1,0.0,74.8,129.0,4.6
2024-07-17 02:00:00,28.0,0.0,76.5,128.0,4.2
2024-07-17 03:00:00,27.9,0.0,73.5,143.0,3.8
2024-07-17 04:00:00,27.6,0.0,78.4,158.0,5.7
2024-07-17 05:00:00,27.7,0.0,77.6,147.0,6.1
2024-07-17 06:00:00,27.6,0.0,78.9,149.0,4.6
2024-07-17 07:00:00,27.6,0.0,79.1,137.0,3.9
2024-07-17 08:00:00,27.9,0.0,79.1,150.0,5.7
2024-07-17 09:00:00,28.4,0.0,77.2,118.0,5.0
2024-07-17 10:00:00,29.4,0.0,71.3,109.0,4.6
2024-07-17 11:00:00,29.5,0.0,69.8,137.0,4.8
2024-07-17 12:00:00,29.6,0.0,69.7,163.0,6.5
2024-07-17 13:00:00,29.6,0.0,70.4,201.0,6.3
2024-07-17 14:00:00,29.4,0.0,72.4,196.0,5.5
2024-07-17 15:00:00,29.3,0.0,74.1,158.0,5.1
2024-07-17 16:00:00,29.9,0.0,67.9,162.0,9.3
2024-07-17 17:00:00,30.7,0.0,65.0,199.0,4.1
2024-07-17 18:00:00,30.1,0.0,65.1,178.0,5.1
2024-07-17 19:00:00,29.5,0.0,65.2,189.0,4.0
2024-07-17 20:00:00,29.1,0.0,67.2,155.0,2.4
2024-07-17 21:00:00,28.8,0.0,70.9,161.0,5.5
2024-07-17 22:00:00,28.7,0.0,72.5,158.0,5.1
2024-07-17 23:00:00,28.5,0.0,76.0,154.0,4.6
2024-07-18 00:00:00,28.3,0.0,78.8,139.0,3.2
2024-07-18 01:00:00,28.3,0.0,78.6,152.0,4.0
2024-07-18 02:00:00,28.0,0.0,79.6,140.0,4.6
2024-07-18 03:00:00,27.9,0.0,80.9,151.0,3.3
2024-07-18 04:00:00,27.8,0.0,79.7,116.0,4.4
2024-07-18 05:00:00,27.8,0.0,77.4,159.0,4.3
2024-07-18 06:00:00,27.6,0.0,82.4,135.0,3.7
2024-07-18 07:00:00,27.5,0.0,85.1,148.0,3.4
2024-07-18 08:00:00,27.9,0.0,82.6,146.0,3.4
2024-07-18 09:00:00,29.3,0.0,77.2,147.0,3.3
2024-07-18 10:00:00,28.6,0.0,72.5,180.0,4.7
2024-07-18 11:00:00,29.5,0.0,69.0,176.0,5.8
2024-07-18 12:00:00,29.8,0.0,70.7,203.0,5.3
2024-07-18 13:00:00,29.9,0.0,68.0,175.0,7.4
2024-07-18 14:00:00,30.3,0.0,66.3,164.0,8.89999
2024-07-18 15:00:00,31.5,0.0,61.5,209.0,5.4
2024-07-18 16:00:00,30.7,0.0,61.3,159.0,9.60001
2024-07-18 17:00:00,30.7,0.0,60.4,168.0,6.1
2024-07-18 18:00:00,30.5,0.0,63.2,163.0,5.7
2024-07-18 19:00:00,30.1,0.0,61.9,140.0,5.7
2024-07-18 20:00:00,29.4,0.0,67.9,139.0,5.6
2024-07-18 21:00:00,29.1,0.0,73.0,125.0,6.0
2024-07-18 22:00:00,28.9,0.0,73.4,125.0,6.9
2024-07-18 23:00:00,28.7,0.0,74.1,130.0,6.6
2024-07-19 00:00:00,28.4,0.0,78.6,136.0,5.8
2024-07-19 01:00:00,28.2,0.0,80.5,126.0,6.2
2024-07-19 02:00:00,28.0,0.0,81.3,147.0,5.5
2024-07-19 03:00:00,28.0,0.0,81.4,128.0,5.0
2024-07-19 04:00:00,27.8,0.0,81.9,124.0,5.7
2024-07-19 05:00:00,28.0,0.0,80.5,130.0,4.3
2024-07-19 06:00:00,27.8,0.0,81.7,120.0,4.8
2024-07-19 07:00:00,27.8,0.0,81.5,142.0,6.1
2024-07-19 08:00:00,28.2,0.0,75.6,138.0,4.9
2024-07-19 09:00:00,28.4,0.0,74.5,106.0,9.7
2024-07-19 10:00:00,28.8,0.0,73.0,143.0,5.1
2024-07-19 11:00:00,29.7,0.0,67.6,114.0,7.8
2024-07-19 12:00:00,29.6,0.0,67.1,151.0,10.2
2024-07-19 13:00:00,30.3,0.0,63.3,169.0,4.6
2024-07-19 14:00:00,30.6,0.0,58.8,176.0,4.3
2024-07-19 15:00:00,30.8,0.0,59.4,134.0,10.1
2024-07-19 16:00:00,31.5,0.0,57.1,149.0,5.8
2024-07-19 17:00:00,30.4,0.0,60.9,154.0,4.7
2024-07-19 18:00:00,30.2,0.0,64.4,146.0,6.3
2024-07-19 19:00:00,29.7,0.0,68.5,143.0,5.9
2024-07-19 20:00:00,29.3,0.0,71.4,150.0,4.7
2024-07-19 21:00:00,29.0,0.0,73.1,123.0,6.4
2024-07-19 22:00:00,28.8,0.0,73.2,140.0,5.0
2024-07-19 23:00:00,28.7,0.0,71.4,115.0,6.8
2024-07-20 00:00:00,28.6,0.0,72.1,122.0,5.2
2024-07-20 01:00:00,28.3,0.0,73.6,125.0,5.3
2024-07-20 02:00:00,28.1,0.0,76.1,136.0,4.6
2024-07-20 03:00:00,27.9,0.0,77.5,142.0,4.4
2024-07-20 04:00:00,27.8,0.0,78.5,134.0,4.8
2024-07-20 05:00:00,27.9,0.0,79.2,155.0,6.1
2024-07-20 06:00:00,27.9,0.0,78.8,153.0,4.4
2024-07-20 07:00:00,27.9,0.0,79.2,131.0,5.0
2024-07-20 08:00:00,28.0,0.0,80.2,121.0,5.4
2024-07-20 09:00:00,28.5,0.0,77.8,145.0,4.1
2024-07-20 10:00:00,29.7,0.0,72.8,114.0,4.0
2024-07-20 11:00:00,29.7,0.0,71.5,166.0,6.9
2024-07-20 12:00:00,29.8,0.0,68.9,157.0,10.7
2024-07-20 13:00:00,30.9,0.0,62.0,173.0,5.7
2024-07-20 14:00:00,31.2,0.0,57.8,175.0,5.5
2024-07-20 15:00:00,30.9,0.0,62.1,203.0,5.4
2024-07-20 16:00:00,30.3,0.0,65.0,182.0,7.7
2024-07-20 17:00:00,31.6,0.0,54.7,156.0,5.5
2024-07-20 18:00:00,30.7,0.0,57.1,188.0,4.7
2024-07-20 19:00:00,30.0,0.0,64.7,143.0,4.9
2024-07-20 20:00:00,29.4,0.0,68.2,134.0,6.4
2024-07-20 21:00:00,29.2,0.0,70.8,134.0,5.1
2024-07-20 22:00:00,29.2,0.0,72.1,122.0,4.0
2024-07-20 23:00:00,28.9,0.0,73.8,129.0,5.3
2024-07-21 00:00:00,28.7,0.0,75.3,134.0,6.0
2024-07-21 01:00:00,28.5,0.0,76.2,122.0,3.9
2024-07-21 02:00:00,28.2,0.0,80.0,124.0,5.1
2024-07-21 03:00:00,28.1,0.0,79.4,143.0,5.5
2024-07-21 04:00:00,28.0,0.0,80.6,131.0,4.9
2024-07-21 05:00:00,27.9,0.0,81.8,130.0,5.3
2024-07-21 06:00:00,28.0,0.0,80.1,142.0,4.9
2024-07-21 07:00:00,28.0,0.0,80.2,134.0,5.1
2024-07-21 08:00:00,28.1,0.0,80.5,117.0,4.3
2024-07-21 09:00:00,28.3,0.0,79.8,121.0,7.0
2024-07-21 10:00:00,28.9,0.0,77.2,125.0,6.7
2024-07-21 11:00:00,29.3,0.0,73.2,142.0,5.7
2024-07-21 12:00:00,30.2,0.0,65.3,193.0,5.5
2024-07-21 13:00:00,30.9,0.0,56.3,163.0,7.6
2024-07-21 14:00:00,30.9,0.0,58.7,207.0,7.0
2024-07-21 15:00:00,30.7,0.0,59.7,158.0,12.3
2024-07-21 16:00:00,30.3,0.0,57.9,189.0,7.3
2024-07-21 17:00:00,30.0,0.0,65.1,170.0,7.3
2024-07-21 18:00:00,30.0,0.0,66.0,159.0,4.6
2024-07-21 19:00:00,29.6,0.0,66.4,142.0,4.8
2024-07-21 20:00:00,29.5,0.0,66.8,164.0,5.3
2024-07-21 21:00:00,29.2,0.0,69.6,132.0,5.9
2024-07-21 22:00:00,28.9,0.0,74.5,126.0,5.5
2024-07-21 23:00:00,28.7,0.0,75.7,130.0,5.9
2024-07-22 00:00:00,28.6,0.0,77.1,123.0,4.4
2024-07-22 01:00:00,28.4,0.0,79.9,133.0,4.3
2024-07-22 02:00:00,28.2,0.0,80.0,150.0,4.2
2024-07-22 03:00:00,28.1,0.0,80.3,122.0,5.8
2024-07-22 04:00:00,28.0,0.0,82.2,133.0,4.8
2024-07-22 05:00:00,28.0,0.0,83.5,136.0,3.9
2024-07-22 06:00:00,28.0,0.0,82.2,145.0,3.8
2024-07-22 07:00:00,28.0,0.0,82.5,140.0,6.1
2024-07-22 08:00:00,28.3,0.0,80.2,133.0,6.8
2024-07-22 09:00:00,28.6,0.0,79.9,148.0,5.4
2024-07-22 10:00:00,29.0,0.0,76.9,155.0,9.3
2024-07-22 11:00:00,29.9,0.0,71.3,143.0,6.5
2024-07-22 12:00:00,30.1,0.0,71.3,148.0,5.8
2024-07-22 13:00:00,30.6,0.0,66.9,150.0,7.6
2024-07-22 14:00:00,32.0,0.0,60.3,161.0,5.9
2024-07-22 15:00:00,32.9,0.0,56.8,160.0,5.4
2024-07-22 16:00:00,31.0,0.0,61.4,158.0,4.6
2024-07-22 17:00:00,31.1,0.0,61.3,160.0,5.4
2024-07-22 18:00:00,30.8,0.0,60.8,157.0,6.4
2024-07-22 19:00:00,30.2,0.0,67.0,140.0,5.1
2024-07-22 20:00:00,29.6,0.0,72.1,126.0,6.1
2024-07-22 21:00:00,29.2,0.0,76.5,118.0,7.5
2024-07-22 22:00:00,28.8,0.0,77.9,135.0,5.9
2024-07-22 23:00:00,28.7,0.0,77.8,127.0,4.8
2024-07-23 00:00:00,28.5,0.0,78.6,125.0,6.2
2024-07-23 01:00:00,28.3,0.0,80.8,127.0,6.6
2024-07-23 02:00:00,28.1,0.0,81.4,135.0,4.9
2024-07-23 03:00:00,28.1,0.0,81.0,143.0,4.6
2024-07-23 04:00:00,28.1,0.0,80.1,123.0,5.2
2024-07-23 05:00:00,28.1,0.0,80.8,117.0,4.1
2024-07-23 06:00:00,28.0,0.0,82.4,131.0,4.7
2024-07-23 07:00:00,27.9,0.0,83.9,126.0,4.6
2024-07-23 08:00:00,28.2,0.0,83.6,138.0,4.7
2024-07-23 09:00:00,28.6,0.0,80.4,122.0,6.6
2024-07-23 10:00:00,29.3,0.0,74.3,154.0,8.0
2024-07-23 11:00:00,29.7,0.0,71.8,155.0,8.7
2024-07-23 12:00:00,30.4,0.0,68.6,162.0,7.0
2024-07-23 13:00:00,30.2,0.0,68.6,157.0,7.4
2024-07-23 14:00:00,31.5,0.0,65.6,189.0,5.0
2024-07-23 15:00:00,31.6,0.0,62.2,200.0,6.7
2024-07-23 16:00:00,31.1,0.0,64.3,178.0,5.0
2024-07-23 17:00:00,31.3,0.0,64.1,166.0,4.0
2024-07-23 18:00:00,31.1,0.0,64.2,161.0,5.0
2024-07-23 19:00:00,30.1,0.0,71.1,109.0,5.2
2024-07-23 20:00:00,29.3,0.0,72.7,137.0,6.8
2024-07-23 21:00:00,29.2,0.0,74.5,131.0,5.3
2024-07-23 22:00:00,28.7,0.0,78.4,130.0,6.7
2024-07-23 23:00:00,28.6,0.0,77.1,129.0,6.2
2024-07-24 00:00:00,28.4,0.0,78.3,129.0,6.2
2024-07-24 01:00:00,28.2,0.0,75.8,130.0,6.0
2024-07-24 02:00:00,28.1,0.0,77.9,137.0,4.1
2024-07-24 03:00:00,28.1,0.0,79.0,133.0,5.0
2024-07-24 04:00:00,27.9,0.0,78.1,141.0,3.5
2024-07-24 05:00:00,27.8,0.0,81.8,124.0,4.6
2024-07-24 06:00:00,27.8,0.0,82.6,128.0,5.4
2024-07-24 07:00:00,27.8,0.0,83.7,137.0,4.9
2024-07-24 08:00:00,27.9,0.0,82.9,120.0,5.0
2024-07-24 09:00:00,28.6,0.0,78.3,117.0,6.0
2024-07-24 10:00:00,30.3,0.0,69.2,166.0,2.8
2024-07-24 11:00:00,30.7,0.0,67.0,220.0,3.9
2024-07-24 12:00:00,31.4,0.0,66.2,176.0,4.1
2024-07-24 13:00:00,30.6,0.0,67.1,201.0,10.9
2024-07-24 14:00:00,30.8,0.0,65.1,185.0,6.1
2024-07-24 15:00:00,31.8,0.0,62.8,177.0,4.0
2024-07-24 16:00:00,30.7,0.0,66.1,179.0,5.7
2024-07-24 17:00:00,31.0,0.0,64.7,168.0,7.7
2024-07-24 18:00:00,30.4,0.0,65.7,159.0,6.3
2024-07-24 19:00:00,29.8,0.0,65.1,157.0,6.9
2024-07-24 20:00:00,29.3,0.0,67.6,145.0,4.9
2024-07-24 21:00:00,29.2,0.0,67.8,149.0,3.9
2024-07-24 22:00:00,28.8,0.0,71.5,121.0,5.3
2024-07-24 23:00:00,28.7,0.0,71.4,105.0,6.3
2024-07-25 00:00:00,28.6,0.0,69.9,103.0,6.3
2024-07-25 01:00:00,28.5,0.0,71.9,106.0,7.9
2024-07-25 02:00:00,28.2,0.0,74.9,111.0,6.8
2024-07-25 03:00:00,28.1,0.0,75.1,126.0,5.4
2024-07-25 04:00:00,27.9,0.0,75.9,109.0,5.6
2024-07-25 05:00:00,27.8,0.0,78.4,115.0,6.7
2024-07-25 06:00:00,27.7,0.0,79.7,115.0,5.0
2024-07-25 07:00:00,27.7,0.0,80.5,133.0,4.2
2024-07-25 08:00:00,27.8,0.0,80.7,126.0,5.6
2024-07-25 09:00:00,28.6,0.0,76.6,125.0,7.5
2024-07-25 10:00:00,29.0,0.0,73.6,131.0,6.0
2024-07-25 11:00:00,29.5,0.0,70.0,139.0,6.7
2024-07-25 12:00:00,30.3,0.0,63.2,118.0,8.60001
2024-07-25 13:00:00,30.3,0.0,65.0,158.0,4.7
2024-07-25 14:00:00,31.3,0.0,57.2,171.0,6.2
2024-07-25 15:00:00,30.4,0.0,59.8,173.0,6.4
2024-07-25 16:00:00,31.0,0.0,54.9,178.0,6.0
2024-07-25 17:00:00,30.4,0.0,57.6,163.0,9.3
2024-07-25 18:00:00,30.7,0.0,56.1,189.0,5.4
2024-07-25 19:00:00,30.1,0.0,60.6,130.0,3.4
2024-07-25 20:00:00,29.4,0.0,64.3,133.0,5.4
2024-07-25 21:00:00,29.1,0.0,67.7,127.0,6.4
2024-07-25 22:00:00,28.8,0.0,71.7,115.0,7.1
2024-07-25 23:00:00,28.6,0.0,72.6,125.0,6.3
2024-07-26 00:00:00,28.5,0.0,73.2,125.0,5.3
2024-07-26 01:00:00,28.4,0.0,73.6,124.0,5.0
2024-07-26 02:00:00,28.2,0.0,74.6,104.0,6.9
2024-07-26 03:00:00,28.0,0.0,78.0,121.0,5.5
2024-07-26 04:00:00,27.8,0.0,79.5,141.0,6.5
2024-07-26 05:00:00,27.8,0.0,77.0,141.0,6.0
2024-07-26 06:00:00,27.7,0.0,77.2,130.0,5.6
2024-07-26 07:00:00,27.7,0.0,77.3,156.0,5.0
2024-07-26 08:00:00,27.8,0.0,78.6,129.0,5.8
2024-07-26 09:00:00,28.4,0.0,75.7,136.0,5.9
2024-07-26 10:00:00,29.2,0.0,71.4,118.0,8.7
2024-07-26 11:00:00,29.6,0.0,68.7,132.0,6.3
2024-07-26 12:00:00,30.3,0.0,63.0,161.0,7.0
2024-07-26 13:00:00,31.5,0.0,59.5,169.0,6.6
2024-07-26 14:00:00,29.8,0.0,63.8,156.0,11.2
2024-07-26 15:00:00,30.4,0.0,62.2,159.0,7.7
2024-07-26 16:00:00,30.8,0.0,57.3,177.0,8.3
2024-07-26 17:00:00,30.5,0.0,57.1,165.0,8.7
2024-07-26 18:00:00,30.8,0.0,58.8,148.0,4.8
2024-07-26 19:00:00,30.3,0.0,59.0,144.0,5.7
2024-07-26 20:00:00,29.7,0.0,61.7,128.0,6.8
2024-07-26 21:00:00,29.1,0.0,75.0,106.0,7.6
2024-07-26 22:00:00,28.8,0.0,74.4,120.0,6.7
2024-07-26 23:00:00,28.7,0.0,73.2,124.0,6.8
2024-07-27 00:00:00,28.3,0.0,77.5,128.0,6.0
2024-07-27 01:00:00,28.0,0.0,80.2,125.0,5.9
2024-07-27 02:00:00,27.8,0.0,81.7,127.0,5.6
2024-07-27 03:00:00,27.8,0.0,79.6,132.0,5.0
2024-07-27 04:00:00,27.9,0.0,76.5,134.0,5.3
2024-07-27 05:00:00,27.8,0.0,77.5,132.0,5.6
2024-07-27 06:00:00,27.7,0.0,79.2,134.0,5.5
2024-07-27 07:00:00,27.7,0.0,80.8,129.0,4.5
2024-07-27 08:00:00,28.0,0.0,80.1,133.0,5.9
2024-07-27 09:00:00,28.5,0.0,75.3,148.0,7.0
2024-07-27 10:00:00,29.1,0.0,70.9,128.0,8.5
2024-07-27 11:00:00,30.4,0.0,61.9,164.0,5.6
2024-07-27 12:00:00,30.5,0.0,58.7,166.0,6.6
2024-07-27 13:00:00,31.5,0.0,55.1,134.0,7.1
2024-07-27 14:00:00,31.5,0.0,52.4,155.0,8.8
2024-07-27 15:00:00,32.1,0.0,49.0,175.0,6.9
2024-07-27 16:00:00,31.3,0.0,48.2,182.0,7.1
2024-07-27 17:00:00,31.3,0.0,51.4,163.0,5.9
2024-07-27 18:00:00,30.8,0.0,58.4,156.0,5.6
2024-07-27 19:00:00,30.3,0.0,60.6,146.0,5.3
2024-07-27 20:00:00,29.6,0.0,67.5,127.0,5.5
2024-07-27 21:00:00,29.0,0.0,74.6,122.0,6.3
2024-07-27 22:00:00,28.8,0.0,76.1,130.0,6.1
2024-07-27 23:00:00,28.7,0.0,73.4,106.0,7.9
2024-07-28 00:00:00,28.4,0.0,75.7,136.0,6.1
2024-07-28 01:00:00,28.3,0.0,76.5,126.0,5.5
2024-07-28 02:00:00,28.2,0.0,78.3,118.0,6.6
2024-07-28 03:00:00,28.1,0.0,77.5,115.0,6.0
2024-07-28 04:00:00,28.1,0.0,75.4,110.0,6.0
2024-07-28 05:00:00,28.0,0.0,76.8,123.0,5.8
2024-07-28 06:00:00,27.9,0.0,78.9,138.0,4.9
2024-07-28 07:00:00,27.9,0.0,80.2,138.0,5.8
2024-07-28 08:00:00,28.1,0.0,79.2,131.0,5.9
2024-07-28 09:00:00,28.8,0.0,73.2,127.0,7.8
2024-07-28 10:00:00,29.1,0.0,69.7,154.0,9.60001
2024-07-28 11:00:00,30.8,0.0,63.4,109.0,6.7
2024-07-28 12:00:00,30.4,0.0,62.7,147.0,8.60001
2024-07-28 13:00:00,30.7,0.0,60.3,155.0,8.89999
2024-07-28 14:00:00,31.0,0.0,54.9,149.0,8.2
2024-07-28 15:00:00,31.3,0.0,55.9,146.0,8.2
2024-07-28 16:00:00,31.1,0.0,54.4,163.0,7.1
2024-07-28 17:00:00,31.1,0.0,53.0,164.0,9.5
2024-07-28 18:00:00,31.0,0.0,54.9,130.0,4.5
2024-07-28 19:00:00,30.2,0.0,62.0,128.0,6.7
2024-07-28 20:00:00,29.3,0.0,73.3,114.0,7.5
2024-07-28 21:00:00,28.9,0.0,72.4,121.0,8.8
2024-07-28 22:00:00,28.8,0.0,72.6,112.0,8.60001
2024-07-28 23:00:00,28.7,0.0,73.3,106.0,8.5
2024-07-29 00:00:00,28.5,0.0,72.5,114.0,11.1
2024-07-29 01:00:00,28.4,0.0,74.2,105.0,9.3
2024-07-29 02:00:00,28.2,0.0,74.4,104.0,10.7
2024-07-29 03:00:00,28.1,0.0,76.1,102.0,7.3
2024-07-29 04:00:00,28.1,0.0,77.8,121.0,6.6
2024-07-29 05:00:00,27.9,0.0,80.2,142.0,5.2
2024-07-29 06:00:00,27.8,0.0,80.8,137.0,6.8
2024-07-29 07:00:00,27.9,0.0,81.0,124.0,5.8
2024-07-29 08:00:00,28.2,0.0,78.0,135.0,5.6
2024-07-29 09:00:00,28.9,0.0,73.0,129.0,7.1
2024-07-29 10:00:00,29.1,0.0,70.0,121.0,7.6
2024-07-29 11:00:00,30.0,0.0,68.0,154.0,4.9
2024-07-29 12:00:00,31.4,0.0,57.8,112.0,8.5
2024-07-29 13:00:00,30.1,0.0,62.6,158.0,11.6
2024-07-29 14:00:00,31.2,0.0,60.2,116.0,6.7
2024-07-29 15:00:00,30.6,0.0,60.3,158.0,10.7
2024-07-29 16:00:00,32.3,0.0,55.4,116.0,4.8
2024-07-29 17:00:00,30.7,0.0,64.0,116.0,10.2
2024-07-29 18:00:00,30.8,0.0,65.5,127.0,7.2
2024-07-29 19:00:00,29.8,0.0,68.3,120.0,8.0
2024-07-29 20:00:00,29.5,0.0,67.7,122.0,6.8
2024-07-29 21:00:00,29.0,0.0,74.0,108.0,5.7
2024-07-29 22:00:00,28.8,0.0,73.1,101.0,5.3
2024-07-29 23:00:00,28.8,0.0,71.2,112.0,5.9
2024-07-30 00:00:00,28.6,0.0,70.0,110.0,7.4
2024-07-30 01:00:00,28.3,0.0,74.8,108.0,6.2
2024-07-30 02:00:00,28.0,0.0,78.1,106.0,5.7
2024-07-30 03:00:00,27.8,0.0,79.3,105.0,6.4
2024-07-30 04:00:00,27.8,0.0,79.6,129.0,4.6
2024-07-30 05:00:00,27.7,0.0,80.4,162.0,4.3
2024-07-30 06:00:00,27.7,0.0,81.0,131.0,4.4
2024-07-30 07:00:00,27.7,0.0,79.5,133.0,4.6
2024-07-30 08:00:00,27.9,0.0,79.1,126.0,6.5
2024-07-30 09:00:00,28.6,0.0,75.9,120.0,6.9
2024-07-30 10:00:00,28.9,0.0,73.7,128.0,8.10001
2024-07-30 11:00:00,29.6,0.0,69.5,133.0,7.1
2024-07-30 12:00:00,30.4,0.0,64.6,126.0,6.4
2024-07-30 13:00:00,30.7,0.0,61.1,128.0,7.0
2024-07-30 14:00:00,31.8,0.0,57.0,142.0,7.4
2024-07-30 15:00:00,31.3,0.0,56.0,133.0,7.5
2024-07-30 16:00:00,31.6,0.0,57.8,114.0,6.3
2024-07-30 17:00:00,30.6,0.0,64.8,124.0,7.5
2024-07-30 18:00:00,30.4,0.0,66.7,132.0,8.39999
2024-07-30 19:00:00,29.5,0.0,73.8,124.0,8.3
2024-07-30 20:00:00,29.1,0.0,75.2,103.0,11.2
2024-07-30 21:00:00,28.9,0.0,74.5,113.0,7.8
2024-07-30 22:00:00,28.8,0.0,74.3,90.0,8.3
2024-07-30 23:00:00,28.6,0.0,74.8,88.0,8.0
2024-07-31 00:00:00,28.3,0.0,76.6,106.0,8.8
2024-07-31 01:00:00,28.3,0.0,77.9,107.0,6.6
2024-07-31 02:00:00,28.3,0.0,74.0,103.0,7.8
2024-07-31 03:00:00,28.1,0.0,77.1,102.0,10.5
2024-07-31 04:00:00,28.0,0.0,78.9,106.0,7.8
2024-07-31 05:00:00,27.9,0.0,79.1,100.0,7.9
2024-07-31 06:00:00,27.9,0.0,80.4,106.0,8.2
2024-07-31 07:00:00,27.9,0.0,80.1,110.0,7.9
2024-07-31 08:00:00,28.1,0.0,80.1,102.0,6.8
2024-07-31 09:00:00,28.7,0.0,77.7,111.0,8.39999
2024-07-31 10:00:00,28.9,0.0,75.2,115.0,7.0
2024-07-31 11:00:00,28.3,0.0,84.1,79.0,4.0
2024-07-31 12:00:00,29.9,0.0,73.0,111.0,3.6
2024-07-31 13:00:00,31.2,0.0,62.6,128.0,4.6
2024-07-31 14:00:00,30.1,0.0,63.6,121.0,8.5
2024-07-31 15:00:00,30.1,0.0,59.3,181.0,5.8
2024-07-31 16:00:00,31.9,0.0,58.3,137.0,5.3
2024-07-31 17:00:00,26.7,0.0,82.2,334.0,6.5
2024-07-31 18:00:00,24.9,0.0,94.7,251.0,3.3
2024-07-31 19:00:00,25.4,0.0,90.8,133.0,1.3
2024-07-31 20:00:00,26.3,0.0,80.6,215.0,6.3
2024-07-31 21:00:00,25.6,0.0,85.8,214.0,5.9
2024-07-31 22:00:00,25.8,0.0,82.7,208.0,3.5
2024-07-31 23:00:00,25.9,0.0,82.6,243.0,1.1
2024-08-01 00:00:00,26.0,0.0,82.3,274.0,1.9
2024-08-01 01:00:00,26.2,0.0,81.9,134.0,0.6
2024-08-01 02:00:00,26.6,0.0,80.1,98.0,1.8
2024-08-01 03:00:00,26.7,0.0,80.9,111.0,1.6
2024-08-01 04:00:00,26.1,0.0,83.4,315.0,2.2
2024-08-01 05:00:00,26.1,0.0,84.1,345.0,0.8
2024-08-01 06:00:00,25.8,0.0,86.5,319.0,0.9
2024-08-01 07:00:00,25.7,0.0,87.8,310.0,2.4
2024-08-01 08:00:00,26.9,0.0,84.3,260.0,0.6
2024-08-01 09:00:00,28.0,0.0,78.7,301.0,2.4
2024-08-01 10:00:00,28.6,0.0,74.8,123.0,6.8
2024-08-01 11:00:00,29.5,0.0,69.9,137.0,5.7
2024-08-01 12:00:00,31.2,0.0,62.8,130.0,4.6
2024-08-01 13:00:00,30.0,0.0,67.0,156.0,6.3
2024-08-01 14:00:00,28.5,0.0,68.0,134.0,8.0
2024-08-01 15:00:00,30.3,0.0,67.9,164.0,5.5
2024-08-01 16:00:00,30.3,0.0,62.7,147.0,8.89999
2024-08-01 17:00:00,29.0,0.0,69.3,161.0,9.0
2024-08-01 18:00:00,29.7,0.0,66.5,153.0,6.1
2024-08-01 19:00:00,29.1,0.0,67.8,129.0,6.5
2024-08-01 20:00:00,28.8,0.0,66.5,125.0,6.1
2024-08-01 21:00:00,28.7,0.0,66.1,130.0,3.9
2024-08-01 22:00:00,28.6,0.0,67.9,123.0,2.5
2024-08-01 23:00:00,28.4,0.0,72.9,132.0,4.0
2024-08-02 00:00:00,28.2,0.0,74.8,110.0,3.6
2024-08-02 01:00:00,28.1,0.0,75.2,126.0,4.0
2024-08-02 02:00:00,27.9,0.0,77.7,104.0,4.1
2024-08-02 03:00:00,27.8,0.0,80.5,103.0,3.7
2024-08-02 04:00:00,27.7,0.0,82.3,104.0,5.9
2024-08-02 05:00:00,27.6,0.0,83.4,106.0,5.1
2024-08-02 06:00:00,27.6,0.0,84.5,130.0,3.2
2024-08-02 07:00:00,27.4,0.0,85.4,106.0,5.3
2024-08-02 08:00:00,27.6,0.0,83.6,121.0,3.3
2024-08-02 09:00:00,28.2,0.0,80.1,108.0,4.0
2024-08-02 10:00:00,28.8,0.0,76.5,128.0,5.3
2024-08-02 11:00:00,29.0,0.0,72.6,113.0,7.0
2024-08-02 12:00:00,29.6,0.0,68.8,120.0,4.9
2024-08-02 13:00:00,30.6,0.0,66.3,116.0,6.0
2024-08-02 14:00:00,31.0,0.0,60.4,152.0,5.8
2024-08-02 15:00:00,29.7,0.0,64.9,117.0,10.6
2024-08-02 16:00:00,29.6,0.0,66.7,122.0,7.4
2024-08-02 17:00:00,29.3,0.0,71.0,114.0,5.6
2024-08-02 18:00:00,28.9,0.0,69.3,125.0,4.9
2024-08-02 19:00:00,28.6,0.0,68.9,109.0,4.9
2024-08-02 20:00:00,28.4,0.0,74.3,107.0,6.0
2024-08-02 21:00:00,28.0,0.0,74.4,109.0,8.39999
2024-08-02 22:00:00,28.1,0.0,77.4,98.0,8.3
2024-08-02 23:00:00,28.2,0.0,76.6,105.0,6.2
2024-08-03 00:00:00,28.0,0.0,77.3,111.0,6.0
2024-08-03 01:00:00,27.9,0.0,78.5,112.0,5.9
2024-08-03 02:00:00,27.7,0.0,81.3,118.0,5.1
2024-08-03 03:00:00,27.6,0.0,83.1,131.0,4.7
2024-08-03 04:00:00,27.6,0.0,82.8,123.0,4.6
2024-08-03 05:00:00,27.5,0.0,83.4,116.0,4.3
2024-08-03 06:00:00,27.7,0.0,82.5,126.0,4.1
2024-08-03 07:00:00,27.6,0.0,83.3,128.0,4.5
2024-08-03 08:00:00,28.0,0.0,78.9,130.0,5.0
2024-08-03 09:00:00,28.5,0.0,76.8,138.0,5.5
2024-08-03 10:00:00,28.7,0.0,74.8,119.0,7.7
2024-08-03 11:00:00,30.5,0.0,67.5,144.0,4.6
2024-08-03 12:00:00,30.0,0.0,63.4,163.0,4.6
2024-08-03 13:00:00,32.1,0.0,54.7,127.0,5.6
2024-08-03 14:00:00,31.3,0.0,55.1,219.0,7.0
2024-08-03 15:00:00,31.2,0.0,60.7,114.0,7.6
2024-08-03 16:00:00,31.3,0.0,58.9,123.0,12.0
2024-08-03 17:00:00,30.1,0.0,66.2,112.0,6.6
2024-08-03 18:00:00,29.9,0.0,65.0,142.0,5.6
2024-08-03 19:00:00,29.8,0.0,65.9,136.0,3.0
2024-08-03 20:00:00,29.3,0.0,72.1,123.0,5.4
2024-08-03 21:00:00,28.9,0.0,73.8,124.0,5.2
2024-08-03 22:00:00,28.8,0.0,73.9,127.0,5.2
2024-08-03 23:00:00,28.6,0.0,77.9,120.0,5.1
2024-08-04 00:00:00,28.5,0.0,79.0,122.0,4.7
2024-08-04 01:00:00,28.4,0.0,79.9,141.0,4.3
2024-08-04 02:00:00,28.3,0.0,79.9,123.0,4.5
2024-08-04 03:00:00,28.2,0.0,80.6,107.0,6.1
2024-08-04 04:00:00,27.9,0.0,81.2,126.0,5.9
2024-08-04 05:00:00,27.8,0.0,81.5,143.0,5.1
2024-08-04 06:00:00,27.8,0.0,78.1,162.0,4.7
2024-08-04 07:00:00,27.8,0.0,79.0,142.0,5.1
2024-08-04 08:00:00,27.3,0.0,84.9,152.0,3.8
2024-08-04 09:00:00,28.9,0.0,77.3,150.0,2.6
2024-08-04 10:00:00,26.5,2.2,81.7,167.0,4.0
2024-08-04 11:00:00,25.6,0.0,91.0,228.0,6.8
2024-08-04 12:00:00,26.9,0.0,87.8,249.0,4.0
2024-08-04 13:00:00,28.5,0.0,76.8,219.0,6.0
2024-08-04 14:00:00,26.8,0.0,79.5,213.0,1.3
2024-08-04 15:00:00,25.4,0.0,88.6,307.0,7.1
2024-08-04 16:00:00,24.9,0.4,91.7,50.0,1.3
2024-08-04 17:00:00,25.1,0.0,91.9,319.0,1.2
2024-08-04 18:00:00,25.1,0.0,91.2,309.0,2.5
2024-08-04 19:00:00,25.5,0.0,88.6,311.0,3.0
2024-08-04 20:00:00,25.3,0.0,89.6,320.0,1.8
2024-08-04 21:00:00,25.7,0.0,88.4,13.0,0.9
2024-08-04 22:00:00,26.0,0.0,87.5,355.0,1.1
2024-08-04 23:00:00,25.8,0.0,89.2,2.0,2.5
2024-08-05 00:00:00,25.6,0.0,89.4,359.0,1.5
2024-08-05 01:00:00,25.6,0.0,90.0,350.0,2.3
2024-08-05 02:00:00,25.6,0.0,88.0,344.0,2.4
2024-08-05 03:00:00,26.0,0.0,87.3,45.0,1.1
2024-08-05 04:00:00,25.8,0.0,89.1,312.0,2.5
2024-08-05 05:00:00,25.5,0.0,89.5,315.0,2.8
2024-08-05 06:00:00,25.6,0.0,88.2,333.0,1.6
2024-08-05 07:00:00,25.5,0.0,89.3,333.0,1.2
2024-08-05 08:00:00,26.0,0.0,87.1,352.0,1.4
2024-08-05 09:00:00,27.5,0.0,84.2,272.0,0.8
2024-08-05 10:00:00,28.0,0.0,78.4,111.0,6.8
2024-08-05 11:00:00,29.5,0.0,69.6,136.0,5.7
2024-08-05 12:00:00,29.9,0.0,63.9,112.0,5.9
2024-08-05 13:00:00,30.8,0.0,60.1,126.0,2.8
2024-08-05 14:00:00,30.4,0.0,59.3,167.0,6.5
2024-08-05 15:00:00,30.7,0.0,66.3,211.0,3.2
2024-08-05 16:00:00,30.5,0.0,62.5,155.0,3.7
2024-08-05 17:00:00,29.3,0.0,69.0,130.0,4.9
2024-08-05 18:00:00,27.6,0.0,63.1,157.0,8.7
2024-08-05 19:00:00,28.6,0.0,64.6,112.0,4.4
2024-08-05 20:00:00,28.5,0.0,69.7,129.0,5.9
2024-08-05 21:00:00,28.2,0.0,71.4,122.0,5.9
2024-08-05 22:00:00,28.0,0.0,73.2,126.0,7.0
2024-08-05 23:00:00,28.0,0.0,73.9,130.0,5.7
2024-08-06 00:00:00,27.9,0.0,74.8,134.0,4.5
2024-08-06 01:00:00,27.7,0.0,74.9,113.0,5.1
2024-08-06 02:00:00,27.6,0.0,75.9,116.0,4.1
2024-08-06 03:00:00,27.5,0.0,77.4,148.0,3.3
2024-08-06 04:00:00,27.5,0.0,78.2,159.0,3.3
2024-08-06 05:00:00,27.3,0.0,79.4,129.0,4.0
2024-08-06 06:00:00,27.1,0.0,80.3,101.0,2.5
2024-08-06 07:00:00,27.2,0.0,79.6,111.0,5.9
2024-08-06 08:00:00,27.8,0.0,77.6,124.0,4.6
2024-08-06 09:00:00,28.2,0.0,73.7,127.0,7.0
2024-08-06 10:00:00,29.1,0.0,68.2,124.0,6.8
2024-08-06 11:00:00,29.7,0.0,63.7,114.0,8.2
2024-08-06 12:00:00,30.8,0.0,56.7,153.0,7.7
2024-08-06 13:00:00,31.3,0.0,50.9,165.0,6.6
2024-08-06 14:00:00,32.2,0.0,49.6,168.0,4.5
2024-08-06 15:00:00,31.6,0.0,50.6,174.0,4.9
2024-08-06 16:00:00,31.2,0.0,51.6,122.0,6.8
2024-08-06 17:00:00,31.5,0.0,49.8,116.0,6.3
2024-08-06 18:00:00,30.4,0.0,60.3,131.0,6.1
2024-08-06 19:00:00,29.7,0.0,65.5,132.0,4.9
2024-08-06 20:00:00,29.3,0.0,67.7,125.0,5.3
2024-08-06 21:00:00,28.8,0.0,68.7,134.0,5.3
2024-08-06 22:00:00,28.6,0.0,68.7,107.0,5.7
2024-08-06 23:00:00,28.5,0.0,68.5,112.0,8.2
2024-08-07 00:00:00,28.3,0.0,70.7,106.0,5.9
2024-08-07 01:00:00,28.1,0.0,71.6,109.0,6.0
2024-08-07 02:00:00,28.0,0.0,72.7,110.0,4.4
2024-08-07 03:00:00,27.7,0.0,73.4,127.0,3.4
2024-08-07 04:00:00,27.6,0.0,74.3,103.0,3.9
2024-08-07 05:00:00,27.6,0.0,75.5,110.0,4.6
2024-08-07 06:00:00,27.5,0.0,77.6,106.0,3.4
2024-08-07 07:00:00,27.5,0.0,80.3,115.0,4.1
2024-08-07 08:00:00,27.5,0.0,79.9,113.0,5.6
2024-08-07 09:00:00,28.3,0.0,76.4,128.0,5.9
2024-08-07 10:00:00,29.0,0.0,72.1,150.0,5.0
2024-08-07 11:00:00,29.9,0.0,65.3,120.0,8.10001
2024-08-07 12:00:00,29.8,0.0,64.6,129.0,6.9
2024-08-07 13:00:00,30.4,0.0,62.0,159.0,7.0
2024-08-07 14:00:00,31.4,0.0,58.6,178.0,3.1
2024-08-07 15:00:00,30.7,0.0,58.6,172.0,2.9
2024-08-07 16:00:00,29.7,0.0,57.4,117.0,7.4
2024-08-07 17:00:00,29.6,0.0,62.3,127.0,5.9
2024-08-07 18:00:00,29.6,0.0,65.2,137.0,5.0
2024-08-07 19:00:00,28.2,0.0,59.0,161.0,4.8
2024-08-07 20:00:00,28.3,0.0,71.7,134.0,6.6
2024-08-07 21:00:00,28.2,0.0,72.0,146.0,6.0
2024-08-07 22:00:00,28.2,0.0,70.6,127.0,4.2
2024-08-07 23:00:00,28.3,0.0,68.9,121.0,3.7
2024-08-08 00:00:00,28.3,0.0,71.1,133.0,4.8
2024-08-08 01:00:00,28.1,0.0,74.3,127.0,2.7
2024-08-08 02:00:00,28.0,0.0,77.0,117.0,5.0
2024-08-08 03:00:00,27.9,0.0,78.4,119.0,3.8
2024-08-08 04:00:00,27.8,0.0,79.6,137.0,5.0
2024-08-08 05:00:00,27.9,0.0,80.9,110.0,2.7
2024-08-08 06:00:00,26.9,0.2,86.5,133.0,3.4
2024-08-08 07:00:00,26.8,0.0,88.4,144.0,3.5
2024-08-08 08:00:00,27.9,0.0,74.3,198.0,2.7
2024-08-08 09:00:00,28.6,0.0,76.1,139.0,4.7
2024-08-08 10:00:00,28.8,0.0,73.9,113.0,8.60001
2024-08-08 11:00:00,28.9,0.0,73.8,120.0,7.9
2024-08-08 12:00:00,30.1,0.0,67.8,117.0,7.7
2024-08-08 13:00:00,29.4,0.0,67.1,126.0,8.89999
2024-08-08 14:00:00,30.2,0.0,58.7,130.0,5.5
2024-08-08 15:00:00,30.7,0.0,65.0,108.0,9.0
2024-08-08 16:00:00,31.0,0.0,61.1,100.0,4.5
2024-08-08 17:00:00,30.8,0.0,61.3,147.0,6.4
2024-08-08 18:00:00,30.9,0.0,54.9,145.0,4.7
2024-08-08 19:00:00,30.4,0.0,58.6,127.0,6.0
2024-08-08 20:00:00,29.3,0.0,70.5,116.0,8.5
2024-08-08 21:00:00,28.8,0.0,73.8,127.0,6.2
2024-08-08 22:00:00,28.5,0.0,76.8,131.0,6.0
2024-08-08 23:00:00,28.49776119402985,0.0,76.80671641791045,130.88059701492537,6.017910373134328
2024-08-09 00:00:00,28.4955223880597,0.0,76.81343283582089,130.76119402985074,6.035820746268657
2024-08-09 01:00:00,28.493283582089557,0.0,76.82014925373134,130.6417910447761,6.053731119402985
2024-08-09 02:00:00,,,,,
2024-08-09 03:00:00,,,,,
2024-08-09 04:00:00,,,,,
2024-08-09 05:00:00,,,,,
2024-08-09 06:00:00,,,,,
2024-08-09 07:00:00,,,,,
2024-08-09 08:00:00,,,,,
2024-08-09 09:00:00,,,,,
2024-08-09 10:00:00,,,,,
2024-08-09 11:00:00,,,,,
2024-08-09 12:00:00,,,,,
2024-08-09 13:00:00,,,,,
2024-08-09 14:00:00,,,,,
2024-08-09 15:00:00,,,,,
2024-08-09 16:00:00,,,,,
2024-08-09 17:00:00,,,,,
2024-08-09 18:00:00,,,,,
2024-08-09 19:00:00,,,,,
2024-08-09 20:00:00,,,,,
2024-08-09 21:00:00,,,,,
2024-08-09 22:00:00,,,,,
2024-08-09 23:00:00,,,,,
2024-08-10 00:00:00,,,,,
2024-08-10 01:00:00,,,,,
2024-08-10 02:00:00,,,,,
2024-08-10 03:00:00,,,,,
2024-08-10 04:00:00,,,,,
2024-08-10 05:00:00,,,,,
2024-08-10 06:00:00,,,,,
2024-08-10 07:00:00,,,,,
2024-08-10 08:00:00,,,,,
2024-08-10 09:00:00,,,,,
2024-08-10 10:00:00,,,,,
2024-08-10 11:00:00,,,,,
2024-08-10 12:00:00,,,,,
2024-08-10 13:00:00,,,,,
2024-08-10 14:00:00,,,,,
2024-08-10 15:00:00,,,,,
2024-08-10 16:00:00,,,,,
2024-08-10 17:00:00,,,,,
2024-08-10 18:00:00,,,,,
2024-08-10 19:00:00,,,,,
2024-08-10 20:00:00,,,,,
2024-08-10 21:00:00,,,,,
2024-08-10 22:00:00,,,,,
2024-08-10 23:00:00,,,,,
2024-08-11 00:00:00,,,,,
2024-08-11 01:00:00,,,,,
2024-08-11 02:00:00,,,,,
2024-08-11 03:00:00,,,,,
2024-08-11 04:00:00,,,,,
2024-08-11 05:00:00,,,,,
2024-08-11 06:00:00,,,,,
2024-08-11 07:00:00,,,,,
2024-08-11 08:00:00,,,,,
2024-08-11 09:00:00,,,,,
2024-08-11 10:00:00,,,,,
2024-08-11 11:00:00,,,,,
2024-08-11 12:00:00,,,,,
2024-08-11 13:00:00,,,,,
2024-08-11 14:00:00,,,,,
2024-08-11 15:00:00,,,,,
2024-08-11 16:00:00,,,,,
2024-08-11 17:00:00,,,,,
2024-08-11 18:00:00,,,,,
2024-08-11 19:00:00,,,,,
2024-08-11 20:00:00,,,,,
2024-08-11 21:00:00,,,,,
2024-08-11 22:00:00,,,,,
2024-08-11 23:00:00,,,,,
2024-08-12 00:00:00,,,,,
2024-08-12 01:00:00,,,,,
2024-08-12 02:00:00,,,,,
2024-08-12 03:00:00,,,,,
2024-08-12 04:00:00,,,,,
2024-08-12 05:00:00,,,,,
2024-08-12 06:00:00,,,,,
2024-08-12 07:00:00,,,,,
2024-08-12 08:00:00,,,,,
2024-08-12 09:00:00,,,,,
2024-08-12 10:00:00,,,,,
2024-08-12 11:00:00,,,,,
2024-08-12 12:00:00,,,,,
2024-08-12 13:00:00,,,,,
2024-08-12 14:00:00,,,,,
2024-08-12 15:00:00,,,,,
2024-08-12 16:00:00,,,,,
2024-08-12 17:00:00,,,,,
2024-08-12 18:00:00,,,,,
2024-08-12 19:00:00,,,,,
2024-08-12 20:00:00,,,,,
2024-08-12 21:00:00,,,,,
2024-08-12 22:00:00,,,,,
2024-08-12 23:00:00,,,,,
2024-08-13 00:00:00,,,,,
2024-08-13 01:00:00,,,,,
2024-08-13 02:00:00,,,,,
2024-08-13 03:00:00,,,,,
2024-08-13 04:00:00,,,,,
2024-08-13 05:00:00,,,,,
2024-08-13 06:00:00,,,,,
2024-08-13 07:00:00,,,,,
2024-08-13 08:00:00,,,,,
2024-08-13 09:00:00,,,,,
2024-08-13 10:00:00,,,,,
2024-08-13 11:00:00,,,,,
2024-08-13 12:00:00,,,,,
2024-08-13 13:00:00,,,,,
2024-08-13 14:00:00,,,,,
2024-08-13 15:00:00,,,,,
2024-08-13 16:00:00,,,,,
2024-08-13 17:00:00,,,,,
2024-08-13 18:00:00,,,,,
2024-08-13 19:00:00,,,,,
2024-08-13 20:00:00,,,,,
2024-08-13 21:00:00,,,,,
2024-08-13 22:00:00,,,,,
2024-08-13 23:00:00,,,,,
2024-08-14 00:00:00,,,,,
2024-08-14 01:00:00,,,,,
2024-08-14 02:00:00,,,,,
2024-08-14 03:00:00,,,,,
2024-08-14 04:00:00,,,,,
2024-08-14 05:00:00,,,,,
2024-08-14 06:00:00,,,,,
2024-08-14 07:00:00,,,,,
2024-08-14 08:00:00,,,,,
2024-08-14 09:00:00,28.20671641791045,0.0,77.67985074626866,115.35820895522389,8.346258880597016
2024-08-14 10:00:00,28.2044776119403,0.0,77.68656716417911,115.23880597014926,8.364169253731344
2024-08-14 11:00:00,28.202238805970147,0.0,77.69328358208955,115.11940298507464,8.382079626865671
2024-08-14 12:00:00,28.2,0.0,77.7,115.0,8.39999
2024-08-14 13:00:00,27.4,0.0,82.0,136.0,5.5
2024-08-14 14:00:00,29.0,0.0,69.9,109.0,4.9
2024-08-14 15:00:00,29.3,0.0,73.4,112.0,1.7
2024-08-14 16:00:00,25.1,0.0,95.5,356.0,4.1
2024-08-14 17:00:00,25.4,0.0,95.9,247.0,3.7
2024-08-14 18:00:00,25.6,0.0,95.3,313.0,1.2
2024-08-14 19:00:00,25.8,0.0,93.3,265.0,2.2
2024-08-14 20:00:00,26.0,0.0,92.0,210.0,1.2
2024-08-14 21:00:00,26.0,0.0,92.2,185.0,1.7
2024-08-14 22:00:00,26.1,0.0,86.8,300.0,1.6
2024-08-14 23:00:00,26.1,0.0,86.0,331.0,1.2
2024-08-15 00:00:00,26.6,0.0,85.3,108.0,2.1
2024-08-15 01:00:00,26.8,0.0,84.6,111.0,2.9
2024-08-15 02:00:00,26.8,0.0,84.4,110.0,3.0
2024-08-15 03:00:00,26.6,0.0,84.1,108.0,2.1
2024-08-15 04:00:00,26.6,0.0,85.4,105.0,4.3
2024-08-15 05:00:00,26.8,0.0,82.0,111.0,3.6
2024-08-15 06:00:00,26.7,0.0,83.9,117.0,2.9
2024-08-15 07:00:00,26.7,0.0,84.8,125.0,3.5
2024-08-15 08:00:00,27.8,0.0,80.6,119.0,1.5
2024-08-15 09:00:00,28.2,0.0,78.2,114.0,5.8
2024-08-15 10:00:00,28.6,0.0,75.5,107.0,7.8
2024-08-15 11:00:00,28.9,0.0,73.3,139.0,5.4
2024-08-15 12:00:00,30.7,0.0,66.8,96.0,6.0
2024-08-15 13:00:00,30.3,0.0,62.5,130.0,6.3
2024-08-15 14:00:00,28.8,0.0,72.9,130.0,10.3
2024-08-15 15:00:00,28.3,0.0,68.3,111.0,6.6
2024-08-15 16:00:00,29.2,0.0,71.5,113.0,4.7
2024-08-15 17:00:00,29.0,0.0,69.3,133.0,6.6
2024-08-15 18:00:00,29.4,0.0,70.2,147.0,7.6
2024-08-15 19:00:00,28.4,0.0,76.7,134.0,8.10001
2024-08-15 20:00:00,28.1,0.0,82.6,99.0,2.4
2024-08-15 21:00:00,27.5,0.0,82.9,105.0,5.1
2024-08-15 22:00:00,27.5,0.0,82.4,120.0,5.2
2024-08-15 23:00:00,27.5,0.0,82.0,126.0,3.7
2024-08-16 00:00:00,27.6,0.0,83.2,117.0,3.9
2024-08-16 01:00:00,27.4,0.0,85.6,100.0,6.3
2024-08-16 02:00:00,27.5,0.0,83.6,94.0,4.9
2024-08-16 03:00:00,27.7,0.0,77.8,106.0,7.2
2024-08-16 04:00:00,27.7,0.0,79.1,107.0,6.8
2024-08-16 05:00:00,27.4,0.0,81.5,114.0,2.4
2024-08-16 06:00:00,27.5,0.0,82.7,100.0,2.6
2024-08-16 07:00:00,27.6,0.0,83.0,93.0,5.5
2024-08-16 08:00:00,27.9,0.0,80.9,93.0,3.4
2024-08-16 09:00:00,28.4,0.0,78.7,103.0,6.8
2024-08-16 10:00:00,29.3,0.0,71.0,121.0,6.4
2024-08-16 11:00:00,29.0,0.0,73.8,130.0,7.8
2024-08-16 12:00:00,27.3,0.0,84.0,121.0,3.7
2024-08-16 13:00:00,28.7,0.0,72.4,155.0,7.5
2024-08-16 14:00:00,29.3,0.0,65.4,166.0,5.2
2024-08-16 15:00:00,29.1,0.0,72.7,111.0,9.3
2024-08-16 16:00:00,30.5,0.0,63.5,123.0,6.2
2024-08-16 17:00:00,29.2,0.0,67.1,127.0,7.6
2024-08-16 18:00:00,27.3,0.0,73.1,105.0,12.8
2024-08-16 19:00:00,28.4,0.0,75.6,124.0,6.7
2024-08-16 20:00:00,28.5,0.0,74.5,130.0,8.2
2024-08-16 21:00:00,28.0,0.0,80.3,110.0,9.2
2024-08-16 22:00:00,27.9,0.0,81.1,106.0,8.89999
2024-08-16 23:00:00,27.6,0.0,81.9,107.0,6.2
2024-08-17 00:00:00,27.5,0.0,82.6,101.0,10.3
2024-08-17 01:00:00,27.5,0.0,83.0,105.0,8.8
2024-08-17 02:00:00,27.4,0.0,83.4,113.0,6.2
2024-08-17 03:00:00,27.4,0.0,82.7,110.0,6.9
2024-08-17 04:00:00,27.5,0.0,81.7,93.0,3.5
2024-08-17 05:00:00,27.4,0.0,82.7,105.0,5.4
2024-08-17 06:00:00,27.5,0.0,83.7,104.0,7.5
2024-08-17 07:00:00,27.5,0.0,82.1,111.0,7.3
2024-08-17 08:00:00,27.7,0.0,80.8,108.0,6.8
2024-08-17 09:00:00,28.1,0.0,79.2,108.0,5.8
2024-08-17 10:00:00,28.5,0.0,77.7,115.0,6.0
2024-08-17 11:00:00,30.3,0.0,70.6,133.0,4.7
2024-08-17 12:00:00,30.9,0.0,67.5,94.0,5.6
2024-08-17 13:00:00,29.4,0.0,73.1,108.0,8.10001
2024-08-17 14:00:00,29.4,0.0,68.5,154.0,5.0
2024-08-17 15:00:00,27.2,0.0,82.1,158.0,5.8
2024-08-17 16:00:00,28.9,0.0,69.7,122.0,5.1
2024-08-17 17:00:00,28.7,0.0,76.9,114.0,7.6
2024-08-17 18:00:00,28.3,0.0,76.9,96.0,8.89999
2024-08-17 19:00:00,28.2,0.0,75.7,105.0,5.5
2024-08-17 20:00:00,28.4,0.0,74.2,107.0,7.5
2024-08-17 21:00:00,28.0,0.0,79.6,102.0,7.9
2024-08-17 22:00:00,28.0,0.0,81.3,114.0,5.3
2024-08-17 23:00:00,27.8,0.0,81.4,102.0,6.7
2024-08-18 00:00:00,27.7,0.0,81.7,106.0,6.7
2024-08-18 01:00:00,27.6,0.0,81.5,106.0,7.4
2024-08-18 02:00:00,27.5,0.0,82.6,106.0,7.0
2024-08-18 03:00:00,27.4,0.0,81.6,115.0,5.6
2024-08-18 04:00:00,27.5,0.0,81.9,104.0,6.7
2024-08-18 05:00:00,27.4,0.0,81.7,99.0,4.3
2024-08-18 06:00:00,27.3,0.0,83.4,100.0,6.5
2024-08-18 07:00:00,27.3,0.0,81.6,104.0,6.7
2024-08-18 08:00:00,27.8,0.0,79.7,105.0,3.7
2024-08-18 09:00:00,28.6,0.0,76.3,93.0,4.5
2024-08-18 10:00:00,29.0,0.0,73.7,96.0,7.7
2024-08-18 11:00:00,29.6,0.0,71.2,113.0,6.7
2024-08-18 12:00:00,30.1,0.0,69.6,141.0,5.8
2024-08-18 13:00:00,30.3,0.0,61.0,157.0,4.6
2024-08-18 14:00:00,30.6,0.0,60.5,151.0,7.2
2024-08-18 15:00:00,30.8,0.0,57.5,158.0,4.2
2024-08-18 16:00:00,29.7,0.0,65.5,123.0,6.6
2024-08-18 17:00:00,27.8,0.0,80.5,124.0,8.89999
2024-08-18 18:00:00,28.6,0.0,69.5,166.0,3.7
2024-08-18 19:00:00,28.6,0.0,70.8,114.0,6.8
2024-08-18 20:00:00,28.1,0.0,76.0,147.0,4.0
2024-08-18 21:00:00,27.9,0.0,80.1,135.0,4.2
2024-08-18 22:00:00,27.9,0.0,79.7,128.0,5.5
2024-08-18 23:00:00,27.8,0.0,80.8,116.0,5.1
2024-08-19 00:00:00,27.9,0.0,79.6,108.0,5.8
2024-08-19 01:00:00,27.8,0.0,77.8,124.0,5.1
2024-08-19 02:00:00,27.6,0.0,80.6,121.0,4.3
2024-08-19 03:00:00,27.5,0.0,79.7,123.0,3.1
2024-08-19 04:00:00,27.5,0.0,81.4,138.0,4.3
2024-08-19 05:00:00,27.4,0.0,83.2,123.0,4.0
2024-08-19 06:00:00,27.4,0.0,83.7,121.0,3.8
2024-08-19 07:00:00,27.5,0.0,83.4,121.0,3.5
2024-08-19 08:00:00,27.7,0.0,82.8,88.0,4.7
2024-08-19 09:00:00,28.9,0.0,75.0,147.0,2.2
2024-08-19 10:00:00,29.5,0.0,69.8,106.0,4.4
2024-08-19 11:00:00,29.6,0.0,67.3,115.0,6.2
2024-08-19 12:00:00,31.4,0.0,61.6,106.0,4.5
2024-08-19 13:00:00,31.3,0.0,63.3,127.0,5.5
2024-08-19 14:00:00,30.0,0.0,70.6,109.0,7.6
2024-08-19 15:00:00,30.9,0.0,57.7,137.0,7.2
2024-08-19 16:00:00,30.4,0.0,58.2,104.0,7.6
2024-08-19 17:00:00,29.9,0.0,62.4,126.0,3.9
2024-08-19 18:00:00,30.3,0.0,64.5,124.0,4.4
2024-08-19 19:00:00,29.5,0.0,68.9,99.0,7.1
2024-08-19 20:00:00,29.3,0.0,71.0,112.0,4.4
2024-08-19 21:00:00,28.5,0.0,78.7,100.0,4.5
2024-08-19 22:00:00,28.6,0.0,77.1,156.0,4.1
2024-08-19 23:00:00,28.3,0.0,78.5,151.0,4.1
2024-08-20 00:00:00,28.2,0.0,79.9,134.0,4.4
2024-08-20 01:00:00,28.0,0.0,80.7,115.0,5.5
2024-08-20 02:00:00,27.9,0.0,81.1,110.0,5.9
2024-08-20 03:00:00,27.6,0.0,83.4,110.0,4.8
2024-08-20 04:00:00,27.5,0.0,82.9,107.0,4.5
2024-08-20 05:00:00,27.4,0.0,83.4,102.0,3.7
2024-08-20 06:00:00,27.4,0.0,81.9,109.0,1.6
2024-08-20 07:00:00,27.4,0.0,82.8,95.0,3.2
2024-08-20 08:00:00,27.7,0.0,80.9,104.0,5.1
2024-08-20 09:00:00,28.9,0.0,72.9,82.0,4.2
2024-08-20 10:00:00,29.1,0.0,73.3,99.0,7.1
2024-08-20 11:00:00,30.3,0.0,67.2,92.0,4.6
2024-08-20 12:00:00,29.8,0.0,68.9,102.0,6.3
2024-08-20 13:00:00,27.9,0.0,77.1,129.0,8.7
2024-08-20 14:00:00,29.6,0.0,62.8,180.0,4.6
2024-08-20 15:00:00,31.8,0.0,50.5,245.0,1.7
2024-08-20 16:00:00,26.9,0.0,80.0,354.0,4.1
2024-08-20 17:00:00,25.1,0.0,95.2,144.0,2.4
2024-08-20 18:00:00,25.3,0.0,88.7,209.0,6.0
2024-08-20 19:00:00,25.4,0.0,90.4,181.0,1.6
2024-08-20 20:00:00,25.7,0.0,85.1,74.0,2.3
2024-08-20 21:00:00,25.6,0.0,88.3,352.0,1.6
2024-08-20 22:00:00,25.6,0.0,88.1,334.0,1.4
2024-08-20 23:00:00,25.8,0.0,88.9,283.0,0.9
2024-08-21 00:00:00,26.0,0.0,87.7,247.0,2.0
2024-08-21 01:00:00,25.5,0.0,86.1,318.0,2.8
2024-08-21 02:00:00,25.2,0.0,88.2,331.0,1.1
2024-08-21 03:00:00,25.2,0.0,86.1,309.0,4.2
2024-08-21 04:00:00,25.1,0.0,87.1,307.0,2.8
2024-08-21 05:00:00,25.1,0.0,87.0,311.0,1.5
2024-08-21 06:00:00,25.5,0.0,84.6,357.0,1.9
2024-08-21 07:00:00,25.7,0.0,85.7,353.0,1.4
2024-08-21 08:00:00,26.4,0.0,81.1,123.0,0.8
2024-08-21 09:00:00,28.0,0.0,75.6,83.0,0.7
2024-08-21 10:00:00,28.9,0.0,67.6,120.0,1.9
2024-08-21 11:00:00,29.2,0.0,63.5,126.0,3.9
2024-08-21 12:00:00,29.1,0.0,64.5,136.0,3.8
2024-08-21 13:00:00,30.3,0.0,64.9,104.0,4.3
2024-08-21 14:00:00,28.9,0.0,69.1,141.0,6.6
2024-08-21 15:00:00,29.8,0.0,66.8,180.0,6.9
2024-08-21 16:00:00,29.7,0.0,66.8,181.0,5.6
2024-08-21 17:00:00,28.0,0.0,71.1,161.0,9.10001
2024-08-21 18:00:00,28.3,0.0,71.5,157.0,8.60001
2024-08-21 19:00:00,28.5,0.0,68.2,124.0,4.0
2024-08-21 20:00:00,27.8,0.0,74.0,129.0,3.9
2024-08-21 21:00:00,27.7,0.0,74.0,108.0,3.9
2024-08-21 22:00:00,27.9,0.0,71.0,106.0,2.1
2024-08-21 23:00:00,27.8,0.0,73.7,303.0,0.9
2024-08-22 00:00:00,27.7,0.0,73.5,279.0,1.2
2024-08-22 01:00:00,27.2,0.0,74.1,43.0,0.4
2024-08-22 02:00:00,27.35,0.0,73.0,80.0,1.4500000000000002
2024-08-22 03:00:00,27.5,0.0,71.9,117.0,2.5
2024-08-22 04:00:00,27.4,0.0,73.7,108.0,3.0
2024-08-22 05:00:00,27.4,0.0,71.7,136.0,2.9
2024-08-22 06:00:00,27.3,0.0,71.6,145.0,1.7
2024-08-22 07:00:00,27.3,0.0,73.7,129.0,1.9
2024-08-22 08:00:00,27.4,0.0,73.4,121.0,3.8
2024-08-22 09:00:00,29.9,0.0,64.2,124.0,1.8
2024-08-22 10:00:00,29.9,0.0,63.1,154.0,3.4
2024-08-22 11:00:00,30.2,0.0,56.6,115.0,2.5
2024-08-22 12:00:00,30.5,0.0,49.1,153.0,2.6
2024-08-22 13:00:00,30.8,0.0,54.7,127.0,4.4
2024-08-22 14:00:00,32.4,0.0,52.5,180.0,3.6
2024-08-22 15:00:00,31.3,0.0,55.7,175.0,6.5
2024-08-22 16:00:00,30.4,0.0,62.8,118.0,7.1
2024-08-22 17:00:00,29.5,0.0,67.3,133.0,6.6
2024-08-22 18:00:00,29.4,0.0,68.4,117.0,8.10001
2024-08-22 19:00:00,29.0,0.0,69.4,120.0,6.0
2024-08-22 20:00:00,28.7,0.0,73.4,135.0,4.9
2024-08-22 21:00:00,28.6,0.0,72.2,128.0,4.9
2024-08-22 22:00:00,28.3,0.0,76.1,117.0,3.2
2024-08-22 23:00:00,28.4,0.0,76.0,119.0,3.5
2024-08-23 00:00:00,28.2,0.0,78.1,110.0,5.3
2024-08-23 01:00:00,27.8,0.0,82.1,101.0,7.8
2024-08-23 02:00:00,27.9,0.0,79.9,102.0,4.9
2024-08-23 03:00:00,27.8,0.0,79.5,104.0,5.2
2024-08-23 04:00:00,27.6,0.0,81.9,104.0,6.4
2024-08-23 05:00:00,27.6,0.0,81.2,105.0,5.8
2024-08-23 06:00:00,27.6,0.0,81.3,111.0,6.4
2024-08-23 07:00:00,27.5,0.0,80.7,103.0,6.8
2024-08-23 08:00:00,28.2,0.0,77.8,106.0,4.8
2024-08-23 09:00:00,28.4,0.0,77.7,116.0,6.4
2024-08-23 10:00:00,30.2,0.0,67.0,118.0,3.2
2024-08-23 11:00:00,29.9,0.0,66.8,137.0,3.9
2024-08-23 12:00:00,31.2,0.0,59.9,121.0,4.6
2024-08-23 13:00:00,30.6,0.0,60.7,128.0,3.6
2024-08-23 14:00:00,29.7,0.0,67.0,140.0,8.7
2024-08-23 15:00:00,29.9,0.0,62.9,168.0,6.9
2024-08-23 16:00:00,30.5,0.0,64.5,242.0,3.6
2024-08-23 17:00:00,27.6,0.0,71.0,341.0,3.0
2024-08-23 18:00:00,27.6,0.0,75.0,357.0,2.9
2024-08-23 19:00:00,27.7,0.0,73.9,313.0,2.6
2024-08-23 20:00:00,27.2,0.0,77.2,315.0,2.0
2024-08-23 21:00:00,27.0,0.0,79.9,169.0,4.8
2024-08-23 22:00:00,26.9,0.0,72.5,261.0,0.7
2024-08-23 23:00:00,27.2,0.0,72.6,349.0,1.0
2024-08-24 00:00:00,27.1,0.0,74.5,304.0,1.8
2024-08-24 01:00:00,26.9,0.0,79.4,307.0,3.6
2024-08-24 02:00:00,26.6,0.0,82.0,305.0,2.3
2024-08-24 03:00:00,25.7,0.0,88.8,304.0,6.5
2024-08-24 04:00:00,25.3,0.0,89.4,309.0,6.7
2024-08-24 05:00:00,24.9,0.0,90.8,311.0,4.8
2024-08-24 06:00:00,24.6,0.0,92.3,305.0,5.1
2024-08-24 07:00:00,24.6,0.0,91.1,307.0,4.6
2024-08-24 08:00:00,24.8,0.0,89.4,269.0,1.2
2024-08-24 09:00:00,25.3,0.0,86.3,297.0,2.1
2024-08-24 10:00:00,25.6,0.0,88.4,212.0,2.0
2024-08-24 11:00:00,25.8,0.0,85.3,178.0,5.9
2024-08-24 12:00:00,26.4,0.0,79.4,204.0,9.0
2024-08-24 13:00:00,27.0,0.0,77.1,188.0,4.5
2024-08-24 14:00:00,26.9,0.0,74.2,157.0,5.7
2024-08-24 15:00:00,27.4,0.0,60.9,212.0,11.1
2024-08-24 16:00:00,27.4,0.0,62.3,232.0,4.8
2024-08-24 17:00:00,28.3,0.0,55.5,214.0,2.6
2024-08-24 18:00:00,28.3,0.0,54.2,210.0,4.7
2024-08-24 19:00:00,27.4,0.0,63.9,193.0,4.6
2024-08-24 20:00:00,27.1,0.0,68.6,176.0,3.1
2024-08-24 21:00:00,27.1,0.0,69.3,142.0,1.4
2024-08-24 22:00:00,27.0,0.0,70.5,208.0,1.2
2024-08-24 23:00:00,27.0,0.0,71.1,136.0,1.6
2024-08-25 00:00:00,26.8,0.0,72.9,344.0,1.0
2024-08-25 01:00:00,26.7,0.0,74.6,239.0,1.1
2024-08-25 02:00:00,26.8,0.0,73.1,208.0,1.2
2024-08-25 03:00:00,26.6,0.0,75.0,255.0,1.2999999999999998
2024-08-25 04:00:00,26.4,0.0,76.9,302.0,1.4
2024-08-25 05:00:00,26.4,0.0,76.1,309.0,1.4
2024-08-25 06:00:00,26.0,0.0,79.3,317.0,2.0
2024-08-25 07:00:00,26.2,0.0,77.2,310.0,3.7
2024-08-25 08:00:00,26.6,0.0,76.5,133.0,1.3
2024-08-25 09:00:00,27.4,0.0,75.1,215.0,1.4
2024-08-25 10:00:00,28.4,0.0,70.8,219.0,2.2
2024-08-25 11:00:00,28.8,0.0,69.4,166.0,4.9
2024-08-25 12:00:00,25.1,0.0,83.4,151.0,12.9
2024-08-25 13:00:00,26.0,0.0,80.7,158.0,5.4
2024-08-25 14:00:00,26.5,0.0,79.8,184.0,4.3
2024-08-25 15:00:00,28.4,0.0,73.8,187.0,4.1
2024-08-25 16:00:00,28.2,0.0,74.4,201.0,3.8
2024-08-25 17:00:00,27.9,0.0,75.1,195.0,5.5
2024-08-25 18:00:00,27.6,0.0,77.0,195.0,4.1
2024-08-25 19:00:00,27.5,0.0,78.0,185.0,2.2
2024-08-25 20:00:00,27.5,0.0,77.7,166.0,3.0
2024-08-25 21:00:00,27.4,0.0,77.3,129.0,1.5
2024-08-25 22:00:00,27.5,0.0,76.1,158.0,2.9
2024-08-25 23:00:00,27.6,0.0,76.6,149.0,2.9
2024-08-26 00:00:00,27.5,0.0,77.4,126.0,3.4
2024-08-26 01:00:00,27.3,0.0,78.1,130.0,0.9
2024-08-26 02:00:00,26.9,0.0,80.7,212.0,1.7
2024-08-26 03:00:00,26.9,0.0,80.8,244.0,1.1
2024-08-26 04:00:00,27.1,0.0,80.6,197.0,2.0
2024-08-26 05:00:00,27.0,0.0,80.3,355.0,0.7
2024-08-26 06:00:00,27.2,0.0,78.3,161.0,2.2
2024-08-26 07:00:00,27.1,0.0,78.0,204.0,1.2
2024-08-26 08:00:00,27.5,0.0,75.6,192.0,1.8
2024-08-26 09:00:00,28.2,0.0,71.4,173.0,1.8
2024-08-26 10:00:00,28.7,0.0,70.3,230.0,3.6
2024-08-26 11:00:00,28.7,0.0,68.9,151.0,5.0
2024-08-26 12:00:00,29.8,0.0,66.0,130.0,4.5
2024-08-26 13:00:00,29.8,0.0,60.1,173.0,4.3
2024-08-26 14:00:00,29.9,0.0,62.0,205.0,6.8
2024-08-26 15:00:00,30.1,0.0,64.2,176.0,5.9
2024-08-26 16:00:00,30.8,0.0,59.1,203.0,3.6
2024-08-26 17:00:00,30.9,0.0,54.5,179.0,3.3
2024-08-26 18:00:00,30.2,0.0,58.9,203.0,6.2
2024-08-26 19:00:00,29.8,0.0,54.2,200.0,5.6
2024-08-26 20:00:00,29.1,0.0,64.5,171.0,3.5
2024-08-26 21:00:00,28.6,0.0,72.6,120.0,3.8
2024-08-26 22:00:00,28.3,0.0,74.6,128.0,5.0
2024-08-26 23:00:00,28.3,0.0,76.1,120.0,5.4
2024-08-27 00:00:00,28.2,0.0,77.8,110.0,6.6
2024-08-27 01:00:00,28.0,0.0,78.9,123.0,1.3
2024-08-27 02:00:00,27.8,0.0,79.7,225.0,1.3
2024-08-27 03:00:00,27.6,0.0,80.2,235.0,1.1
2024-08-27 04:00:00,27.4,0.0,82.4,313.0,1.2
2024-08-27 05:00:00,27.6,0.0,80.3,118.0,2.8
2024-08-27 06:00:00,27.8,0.0,76.5,145.0,3.9
2024-08-27 07:00:00,27.7,0.0,77.4,160.0,3.5
2024-08-27 08:00:00,27.8,0.0,78.2,236.0,0.8
2024-08-27 09:00:00,28.2,0.0,77.6,200.0,4.6
2024-08-27 10:00:00,27.1,1.6,80.8,223.0,5.5
2024-08-27 11:00:00,24.2,0.0,98.6,214.0,5.4
2024-08-27 12:00:00,26.0,0.0,86.2,235.0,2.9
2024-08-27 13:00:00,28.0,0.0,79.5,250.0,3.3
2024-08-27 14:00:00,27.5,0.0,83.0,285.0,3.6
2024-08-27 15:00:00,29.9,0.0,70.0,241.0,3.1
2024-08-27 16:00:00,28.9,0.0,70.2,220.0,4.3
2024-08-27 17:00:00,29.7,0.0,66.0,208.0,3.9
2024-08-27 18:00:00,29.5,0.0,67.6,211.0,5.5
2024-08-27 19:00:00,28.7,0.0,72.8,267.0,2.2
2024-08-27 20:00:00,28.4,0.0,74.2,229.0,2.8
2024-08-27 21:00:00,28.3,0.0,76.0,201.0,2.8
2024-08-27 22:00:00,28.2,0.0,77.2,275.0,1.7
2024-08-27 23:00:00,28.2,0.0,78.7,196.0,2.2
2024-08-28 00:00:00,28.1,0.0,79.4,208.0,0.8
2024-08-28 01:00:00,27.4,0.0,83.0,299.0,2.5
2024-08-28 02:00:00,27.0,0.0,86.4,295.0,3.5
2024-08-28 03:00:00,25.1,0.0,86.6,199.0,3.2
2024-08-28 04:00:00,24.1,0.0,94.2,306.0,6.6
2024-08-28 05:00:00,24.4,0.0,93.8,304.0,6.6
2024-08-28 06:00:00,23.7,0.0,85.5,281.0,6.8
2024-08-28 07:00:00,23.7,0.0,86.3,301.0,6.4
2024-08-28 08:00:00,23.8,0.0,85.7,309.0,6.0
2024-08-28 09:00:00,24.8,0.0,81.5,307.0,5.2
2024-08-28 10:00:00,27.5,0.0,71.9,238.0,1.4
2024-08-28 11:00:00,29.0,0.0,64.1,282.0,2.0
2024-08-28 12:00:00,29.9,0.0,55.7,221.0,4.7
2024-08-28 13:00:00,31.0,0.0,52.5,243.0,2.8
2024-08-28 14:00:00,32.8,0.0,43.7,203.0,1.8
2024-08-28 15:00:00,29.5,0.0,60.1,202.0,5.0
2024-08-28 16:00:00,29.8,0.0,59.2,209.0,3.9
2024-08-28 17:00:00,30.1,0.0,60.5,271.0,1.7
2024-08-28 18:00:00,30.2,0.0,59.0,202.0,2.5
2024-08-28 19:00:00,29.1,0.0,64.8,158.0,4.6
2024-08-28 20:00:00,28.7,0.0,70.5,168.0,3.1
2024-08-28 21:00:00,28.6,0.0,65.1,137.0,5.5
2024-08-28 22:00:00,28.4,0.0,66.6,148.0,4.3
2024-08-28 23:00:00,28.1,0.0,70.4,120.0,5.7
2024-08-29 00:00:00,28.1,0.0,68.2,117.0,3.1
2024-08-29 01:00:00,27.8,0.0,71.3,114.0,3.7
2024-08-29 02:00:00,27.6,0.0,69.5,113.0,1.5
2024-08-29 03:00:00,27.5,0.0,71.3,155.0,2.0
2024-08-29 04:00:00,27.1,0.0,73.9,2.0,0.7
2024-08-29 05:00:00,26.3,0.0,78.9,310.0,2.1
2024-08-29 06:00:00,26.0,0.0,82.4,3.0,2.7
2024-08-29 07:00:00,26.1,0.0,81.7,359.0,2.3
2024-08-29 08:00:00,26.3,0.0,81.0,347.0,1.4
2024-08-29 09:00:00,28.9,0.0,69.3,121.0,0.9
2024-08-29 10:00:00,28.9,0.0,69.0,180.0,4.7
2024-08-29 11:00:00,29.3,0.0,68.8,210.0,4.2
2024-08-29 12:00:00,29.4,0.0,67.0,165.0,8.10001
2024-08-29 13:00:00,29.6,0.0,69.1,176.0,5.3
2024-08-29 14:00:00,29.6,0.0,64.8,189.0,7.2
2024-08-29 15:00:00,29.6,0.0,61.5,171.0,8.39999
2024-08-29 16:00:00,29.8,0.0,59.3,162.0,4.8
2024-08-29 17:00:00,29.5,0.0,63.1,192.0,5.2
2024-08-29 18:00:00,29.3,0.0,66.4,142.0,3.3
2024-08-29 19:00:00,29.2,0.0,61.0,197.0,2.2
2024-08-29 20:00:00,29.0,0.0,60.3,141.0,3.5
2024-08-29 21:00:00,28.8,0.0,61.0,125.0,5.8
2024-08-29 22:00:00,28.4,0.0,64.5,130.0,5.0
2024-08-29 23:00:00,28.3,0.0,66.3,116.0,4.6
2024-08-30 00:00:00,28.2,0.0,66.8,114.0,3.4
2024-08-30 01:00:00,28.0,0.0,69.6,103.0,5.0
2024-08-30 02:00:00,27.9,0.0,70.1,104.0,3.9
2024-08-30 03:00:00,27.6,0.0,74.4,119.0,4.5
2024-08-30 04:00:00,27.5,0.0,78.2,112.0,7.2
2024-08-30 05:00:00,27.4,0.0,79.5,129.0,4.8
2024-08-30 06:00:00,27.5,0.0,79.5,127.0,3.3
2024-08-30 07:00:00,27.4,0.0,80.3,125.0,3.6
2024-08-30 08:00:00,27.6,0.0,78.7,122.0,3.3
2024-08-30 09:00:00,27.8,0.0,78.3,122.0,4.1
2024-08-30 10:00:00,28.6,0.0,71.9,163.0,8.10001
2024-08-30 11:00:00,29.3,0.0,68.5,150.0,6.8
2024-08-30 12:00:00,30.0,0.0,65.3,153.0,6.6
2024-08-30 13:00:00,29.6,0.0,61.3,164.0,8.60001
2024-08-30 14:00:00,30.7,0.0,56.8,167.0,6.8
2024-08-30 15:00:00,31.7,0.0,52.6,169.0,5.9
2024-08-30 16:00:00,31.0,0.0,56.4,193.0,6.1
2024-08-30 17:00:00,31.0,0.0,55.8,196.0,2.5
2024-08-30 18:00:00,30.1,0.0,63.1,117.0,6.4
2024-08-30 19:00:00,29.5,0.0,70.4,119.0,6.9
2024-08-30 20:00:00,28.9,0.0,73.3,137.0,4.3
2024-08-30 21:00:00,28.6,0.0,73.4,122.0,5.8
2024-08-30 22:00:00,28.4,0.0,75.3,132.0,6.6
2024-08-30 23:00:00,28.4,0.0,73.5,119.0,7.3
2024-08-31 00:00:00,28.4,0.0,71.5,123.0,5.2
2024-08-31 01:00:00,28.0,0.0,76.3,128.0,4.9
2024-08-31 02:00:00,27.8,0.0,77.9,129.0,3.3
2024-08-31 03:00:00,27.6,0.0,79.1,120.0,4.9
2024-08-31 04:00:00,27.6,0.0,79.6,140.0,4.7
2024-08-31 05:00:00,27.5,0.0,80.7,137.0,6.0
2024-08-31 06:00:00,27.4,0.0,81.2,135.0,5.1
2024-08-31 07:00:00,27.4,0.0,81.5,123.0,5.3
2024-08-31 08:00:00,27.9,0.0,78.8,126.0,5.4
2024-08-31 09:00:00,29.4,0.0,71.7,150.0,4.6
2024-08-31 10:00:00,30.6,0.0,66.6,151.0,3.4
2024-08-31 11:00:00,31.7,0.0,60.9,203.0,2.3
2024-08-31 12:00:00,31.2,0.0,61.6,205.0,4.1
2024-08-31 13:00:00,31.4,0.0,59.6,204.0,5.7
2024-08-31 14:00:00,31.4,0.0,59.3,219.0,6.6
2024-08-31 15:00:00,31.5,0.0,55.1,171.0,7.1
2024-08-31 16:00:00,31.4,0.0,52.6,146.0,6.4
2024-08-31 17:00:00,30.2,0.0,58.5,142.0,4.2
2024-08-31 18:00:00,29.5,0.0,66.8,128.0,5.0
2024-08-31 19:00:00,29.3,0.0,71.9,106.0,6.8
2024-08-31 20:00:00,28.7,0.0,75.9,106.0,9.39999
2024-08-31 21:00:00,28.7,0.0,74.2,80.0,4.0
2024-08-31 22:00:00,28.6,0.0,75.9,111.0,2.1
2024-08-31 23:00:00,28.5,0.0,75.8,108.0,3.3
2024-09-01 00:00:00,28.1,0.0,80.0,112.0,5.0
2024-09-01 01:00:00,28.0,0.0,81.9,121.0,4.1
2024-09-01 02:00:00,27.8,0.0,82.9,91.0,5.0
2024-09-01 03:00:00,27.7,0.0,83.2,83.0,3.6
2024-09-01 04:00:00,27.6,0.0,84.0,106.0,4.7
2024-09-01 05:00:00,27.5,0.0,83.9,106.0,8.2
2024-09-01 06:00:00,27.5,0.0,82.6,129.0,5.0
2024-09-01 07:00:00,27.4,0.0,82.7,115.0,4.6
2024-09-01 08:00:00,27.6,0.0,80.4,118.0,5.1
2024-09-01 09:00:00,28.2,0.0,79.5,118.0,6.2
2024-09-01 10:00:00,29.0,0.0,73.5,139.0,5.8
2024-09-01 11:00:00,30.6,0.0,64.1,191.0,3.0
2024-09-01 12:00:00,30.3,0.0,63.0,162.0,6.2
2024-09-01 13:00:00,31.2,0.0,61.6,159.0,4.3
2024-09-01 14:00:00,31.3,0.0,60.4,163.0,3.2
2024-09-01 15:00:00,31.4,0.0,60.3,164.0,7.0
2024-09-01 16:00:00,31.6,0.0,59.3,197.0,6.0
2024-09-01 17:00:00,32.5,0.0,53.4,216.0,4.0
2024-09-01 18:00:00,30.9,0.0,60.7,213.0,6.2
2024-09-01 19:00:00,30.1,0.0,62.1,130.0,6.7
2024-09-01 20:00:00,29.8,0.0,64.1,148.0,4.3
2024-09-01 21:00:00,29.6,0.0,70.8,113.0,4.2
2024-09-01 22:00:00,29.0,0.0,79.3,100.0,5.5
2024-09-01 23:00:00,28.8,0.0,79.7,104.0,8.5
2024-09-02 00:00:00,28.6,0.0,81.4,101.0,5.3
2024-09-02 01:00:00,28.5,0.0,82.6,118.0,2.5
2024-09-02 02:00:00,28.4,0.0,82.8,124.0,3.9
2024-09-02 03:00:00,28.1,0.0,82.5,112.0,6.5
2024-09-02 04:00:00,28.0,0.0,81.2,112.0,5.3
2024-09-02 05:00:00,27.9,0.0,82.2,119.0,6.1
2024-09-02 06:00:00,27.8,0.0,78.9,137.0,6.0
2024-09-02 07:00:00,27.7,0.0,81.4,128.0,6.6
2024-09-02 08:00:00,28.0,0.0,81.2,127.0,6.1
2024-09-02 09:00:00,28.4,0.0,79.1,140.0,6.6
2024-09-02 10:00:00,29.1,0.0,72.3,125.0,8.5
2024-09-02 11:00:00,30.8,0.0,65.5,109.0,7.3
2024-09-02 12:00:00,31.0,0.0,62.6,133.0,5.6
2024-09-02 13:00:00,32.0,0.0,58.8,155.0,3.4
2024-09-02 14:00:00,32.0,0.0,56.7,172.0,8.89999
2024-09-02 15:00:00,31.4,0.0,58.8,168.0,7.8
2024-09-02 16:00:00,32.5,0.0,55.1,185.0,4.8
2024-09-02 17:00:00,30.9,0.0,60.3,167.0,5.8
2024-09-02 18:00:00,31.0,0.0,61.4,167.0,3.9
2024-09-02 19:00:00,30.4,0.0,65.5,149.0,4.9
2024-09-02 20:00:00,29.7,0.0,69.3,129.0,5.6
2024-09-02 21:00:00,29.3,0.0,73.3,134.0,4.8
2024-09-02 22:00:00,28.9,0.0,80.5,114.0,7.2
2024-09-02 23:00:00,28.8,0.0,79.7,109.0,8.60001
2024-09-03 00:00:00,28.7,0.0,78.2,114.0,5.9
2024-09-03 01:00:00,28.8,0.0,71.3,129.0,3.7
2024-09-03 02:00:00,28.6,0.0,72.4,110.0,7.4
2024-09-03 03:00:00,28.2,0.0,76.0,100.0,5.7
2024-09-03 04:00:00,28.1,0.0,76.6,112.0,8.7
2024-09-03 05:00:00,28.0,0.0,79.3,105.0,9.2
2024-09-03 06:00:00,27.9,0.0,81.2,115.0,7.1
2024-09-03 07:00:00,28.0,0.0,81.1,110.0,9.60001
2024-09-03 08:00:00,28.3,0.0,81.0,139.0,4.6
2024-09-03 09:00:00,28.8,0.0,79.1,139.0,6.8
2024-09-03 10:00:00,29.3,0.0,77.0,147.0,5.8
2024-09-03 11:00:00,30.0,0.0,73.2,111.0,6.0
2024-09-03 12:00:00,26.2,2.2,87.1,261.0,8.3
2024-09-03 13:00:00,25.2,0.4,96.1,263.0,3.8
2024-09-03 14:00:00,28.5,0.0,83.5,260.0,3.0
2024-09-03 15:00:00,29.9,0.0,72.6,290.0,3.2
2024-09-03 16:00:00,30.3,0.0,68.8,209.0,4.2
2024-09-03 17:00:00,30.8,0.0,64.6,177.0,2.4
2024-09-03 18:00:00,29.9,0.0,69.8,216.0,4.5
2024-09-03 19:00:00,29.7,0.0,71.1,145.0,1.0
2024-09-03 20:00:00,29.4,0.0,71.5,92.0,4.2
2024-09-03 21:00:00,29.1,0.0,74.2,110.0,5.4
2024-09-03 22:00:00,28.8,0.0,76.5,103.0,5.1
2024-09-03 23:00:00,28.8,0.0,72.6,98.0,4.9
2024-09-04 00:00:00,28.5,0.0,77.4,87.0,5.1
2024-09-04 01:00:00,28.4,0.0,76.8,103.0,4.7
2024-09-04 02:00:00,27.9,0.0,82.7,80.0,3.1
2024-09-04 03:00:00,27.7,0.0,81.2,104.0,6.3
2024-09-04 04:00:00,27.6,0.0,83.4,98.0,6.3
2024-09-04 05:00:00,27.6,0.0,82.5,92.0,3.3
2024-09-04 06:00:00,27.7,0.0,82.3,105.0,4.1
2024-09-04 07:00:00,27.7,0.0,82.4,91.0,6.1
2024-09-04 08:00:00,27.9,0.0,82.0,106.0,4.9
2024-09-04 09:00:00,28.7,0.0,78.5,108.0,5.9
2024-09-04 10:00:00,24.4,0.6,92.7,212.0,8.39999
2024-09-04 11:00:00,24.1,1.0,92.9,227.0,7.9
2024-09-04 12:00:00,23.6,0.2,96.0,207.0,9.10001
2024-09-04 13:00:00,25.0,0.0,88.1,209.0,10.0
2024-09-04 14:00:00,26.2,0.0,83.1,200.0,9.89999
2024-09-04 15:00:00,26.5,0.0,77.5,195.0,4.9
2024-09-04 16:00:00,27.6,0.0,68.5,210.0,2.9
2024-09-04 17:00:00,28.7,0.0,65.7,239.0,1.8
2024-09-04 18:00:00,29.0,0.0,62.9,253.0,2.0
2024-09-04 19:00:00,27.9,0.0,66.8,260.0,1.3
2024-09-04 20:00:00,27.5,0.0,70.3,253.0,1.5
2024-09-04 21:00:00,27.1,0.0,74.3,264.0,1.5
2024-09-04 22:00:00,27.1,0.0,76.1,221.0,1.4
2024-09-04 23:00:00,27.2,0.0,77.0,257.0,2.9
2024-09-05 00:00:00,27.0,0.0,79.2,205.0,2.0
2024-09-05 01:00:00,26.6,0.0,81.1,269.0,0.9
2024-09-05 02:00:00,26.8,0.0,80.8,152.0,1.3
2024-09-05 03:00:00,26.3,0.0,83.4,304.0,3.1
2024-09-05 04:00:00,26.7,0.0,81.9,242.0,2.3
2024-09-05 05:00:00,26.5,0.0,83.4,354.0,0.9
2024-09-05 06:00:00,26.2,0.0,85.3,309.0,2.1
2024-09-05 07:00:00,26.2,0.0,88.3,310.0,4.2
2024-09-05 08:00:00,27.1,0.0,85.8,275.0,1.0
2024-09-05 09:00:00,28.7,0.0,75.7,178.0,2.7
2024-09-05 10:00:00,29.9,0.0,67.5,229.0,3.5
2024-09-05 11:00:00,30.5,0.0,63.7,187.0,2.7
2024-09-05 12:00:00,29.8,0.0,65.6,164.0,5.8
2024-09-05 13:00:00,30.7,0.0,61.2,146.0,4.8
2024-09-05 14:00:00,30.7,0.0,63.1,154.0,5.0
2024-09-05 15:00:00,30.6,0.0,62.9,183.0,6.6
2024-09-05 16:00:00,31.4,0.0,59.9,193.0,3.5
2024-09-05 17:00:00,30.8,0.0,62.6,199.0,5.3
2024-09-05 18:00:00,30.3,0.0,64.6,173.0,4.3
2024-09-05 19:00:00,29.2,0.0,71.5,147.0,4.4
2024-09-05 20:00:00,28.8,0.0,70.1,164.0,5.2
2024-09-05 21:00:00,28.5,0.0,72.5,157.0,3.7
2024-09-05 22:00:00,28.4,0.0,74.4,137.0,6.1
2024-09-05 23:00:00,28.3,0.0,76.6,138.0,4.2
2024-09-06 00:00:00,28.3,0.0,76.5,146.0,3.6
2024-09-06 01:00:00,28.0,0.0,77.5,131.0,3.2
2024-09-06 02:00:00,27.9,0.0,79.4,133.0,4.2
2024-09-06 03:00:00,27.7,0.0,81.3,117.0,3.6
2024-09-06 04:00:00,27.6,0.0,81.5,126.0,3.4
2024-09-06 05:00:00,27.5,0.0,83.1,134.0,3.9
2024-09-06 06:00:00,27.6,0.0,82.0,151.0,4.9
2024-09-06 07:00:00,27.5,0.0,82.6,122.0,5.9
2024-09-06 08:00:00,27.9,0.0,79.3,129.0,5.9
2024-09-06 09:00:00,28.3,0.0,77.4,123.0,8.8
2024-09-06 10:00:00,29.2,0.0,74.1,138.0,5.2
2024-09-06 11:00:00,29.4,0.0,71.8,130.0,5.9
2024-09-06 12:00:00,29.6,0.0,66.1,163.0,7.1
2024-09-06 13:00:00,30.6,0.0,64.1,155.0,3.7
2024-09-06 14:00:00,31.2,0.0,61.3,207.0,3.6
2024-09-06 15:00:00,31.8,0.0,58.2,206.0,5.5
2024-09-06 16:00:00,31.9,0.0,59.2,169.0,6.0
2024-09-06 17:00:00,30.8,0.0,62.4,159.0,5.0
2024-09-06 18:00:00,30.9,0.0,63.2,110.0,5.4
2024-09-06 19:00:00,29.4,0.0,72.0,130.0,6.6
2024-09-06 20:00:00,29.1,0.0,72.2,126.0,5.3
2024-09-06 21:00:00,28.8,0.0,74.5,104.0,7.9
2024-09-06 22:00:00,28.7,0.0,77.3,112.0,8.10001
2024-09-06 23:00:00,28.6,0.0,79.1,104.0,7.2
2024-09-07 00:00:00,28.6,0.0,77.3,135.0,4.6
2024-09-07 01:00:00,28.3,0.0,79.2,144.0,4.6
2024-09-07 02:00:00,28.1,0.0,80.7,130.0,4.3
2024-09-07 03:00:00,27.9,0.0,81.7,130.0,4.4
2024-09-07 04:00:00,27.9,0.0,82.0,123.0,5.5
2024-09-07 05:00:00,27.9,0.0,82.7,136.0,3.7
2024-09-07 06:00:00,27.8,0.0,83.1,135.0,4.8
2024-09-07 07:00:00,27.9,0.0,83.7,131.0,4.4
2024-09-07 08:00:00,28.2,0.0,81.9,122.0,6.5
2024-09-07 09:00:00,28.9,0.0,78.1,116.0,6.5
2024-09-07 10:00:00,29.1,0.0,74.7,127.0,8.89999
2024-09-07 11:00:00,30.2,0.0,68.1,129.0,7.0
2024-09-07 12:00:00,28.4,0.0,75.6,153.0,4.5
2024-09-07 13:00:00,29.2,0.0,68.2,159.0,6.2
2024-09-07 14:00:00,30.5,0.0,67.9,127.0,7.2
2024-09-07 15:00:00,30.6,0.0,64.2,144.0,7.8
2024-09-07 16:00:00,31.2,0.0,59.7,124.0,7.6
2024-09-07 17:00:00,31.0,0.0,63.1,152.0,7.9
2024-09-07 18:00:00,30.0,0.0,65.1,135.0,6.9
2024-09-07 19:00:00,29.5,0.0,69.9,124.0,9.0
2024-09-07 20:00:00,29.3,0.0,65.8,132.0,7.1
2024-09-07 21:00:00,28.9,0.0,71.5,120.0,7.6
2024-09-07 22:00:00,28.7,0.0,74.5,134.0,4.7
2024-09-07 23:00:00,28.7,0.0,75.9,141.0,5.1
2024-09-08 00:00:00,28.6,0.0,77.4,126.0,4.5
2024-09-08 01:00:00,28.5,0.0,78.4,112.0,7.0
2024-09-08 02:00:00,28.4,0.0,78.7,111.0,5.3
2024-09-08 03:00:00,28.3,0.0,78.5,142.0,5.0
2024-09-08 04:00:00,28.1,0.0,78.8,130.0,5.4
2024-09-08 05:00:00,27.9,0.0,79.7,126.0,5.3
2024-09-08 06:00:00,28.0,0.0,80.1,128.0,5.1
2024-09-08 07:00:00,28.0,0.0,79.4,145.0,3.2
2024-09-08 08:00:00,28.7,0.0,76.4,124.0,2.8
2024-09-08 09:00:00,29.1,0.0,74.1,111.0,5.0
2024-09-08 10:00:00,29.7,0.0,68.1,124.0,3.7
2024-09-08 11:00:00,30.1,0.0,65.6,128.0,4.1
2024-09-08 12:00:00,31.7,0.0,60.8,172.0,2.2
2024-09-08 13:00:00,30.4,0.0,64.8,113.0,4.7
2024-09-08 14:00:00,26.3,0.0,79.5,124.0,1.7
2024-09-08 15:00:00,27.4,0.0,77.9,354.0,1.6
2024-09-08 16:00:00,27.5,0.0,68.5,356.0,2.3
2024-09-08 17:00:00,29.0,0.0,66.1,332.0,1.7
2024-09-08 18:00:00,28.0,0.0,77.3,307.0,2.0
2024-09-08 19:00:00,27.5,0.0,80.7,226.0,2.4
2024-09-08 20:00:00,27.0,0.0,82.0,193.0,3.6
2024-09-08 21:00:00,27.3,0.0,79.8,164.0,2.3
2024-09-08 22:00:00,27.1,0.0,80.4,173.0,3.3
2024-09-08 23:00:00,27.0,0.0,78.7,142.0,2.6
2024-09-09 00:00:00,27.1,0.0,80.0,114.0,2.0
2024-09-09 01:00:00,27.1,0.0,78.7,99.0,0.5
2024-09-09 02:00:00,27.0,0.0,79.3,228.0,1.9
2024-09-09 03:00:00,27.2,0.0,80.2,109.0,3.2
2024-09-09 04:00:00,27.2,0.0,82.0,111.0,3.3
2024-09-09 05:00:00,27.2,0.0,83.6,138.0,3.5
2024-09-09 06:00:00,27.3,0.0,84.6,139.0,2.9
2024-09-09 07:00:00,27.2,0.0,84.2,106.0,2.0
2024-09-09 08:00:00,26.8,0.0,85.6,329.0,1.4
2024-09-09 09:00:00,27.4,0.0,83.2,308.0,3.7
2024-09-09 10:00:00,28.6,0.0,67.5,279.0,3.2
2024-09-09 11:00:00,32.8,0.0,54.5,209.0,1.2
2024-09-09 12:00:00,30.9,0.0,59.5,226.0,3.5
2024-09-09 13:00:00,30.4,0.0,58.6,205.0,7.9
2024-09-09 14:00:00,30.0,0.0,62.0,192.0,5.1
2024-09-09 15:00:00,27.9,0.0,74.8,192.0,4.5
2024-09-09 16:00:00,27.9,0.0,76.9,193.0,4.2
2024-09-09 17:00:00,27.3,0.0,79.5,119.0,5.0
2024-09-09 18:00:00,26.8,0.0,81.9,153.0,4.1
2024-09-09 19:00:00,27.0,0.0,78.8,147.0,2.4
2024-09-09 20:00:00,26.9,0.0,82.7,99.0,6.8
2024-09-09 21:00:00,27.0,0.0,84.9,146.0,5.6
2024-09-09 22:00:00,26.7,0.0,85.7,146.0,4.7
2024-09-09 23:00:00,26.6,0.0,86.4,145.0,4.5
2024-09-10 00:00:00,26.5,0.0,85.3,113.0,4.0
2024-09-10 01:00:00,26.7,0.0,83.3,163.0,2.3
2024-09-10 02:00:00,26.6,0.0,82.9,178.0,4.2
2024-09-10 03:00:00,26.7,0.0,83.2,175.0,3.5
2024-09-10 04:00:00,23.4,7.4,91.1,304.0,11.8
2024-09-10 05:00:00,23.4,0.0,97.8,282.0,2.6
2024-09-10 06:00:00,23.8,0.0,98.0,310.0,2.1
2024-09-10 07:00:00,24.1,0.2,95.1,222.0,1.4
2024-09-10 08:00:00,25.1,0.0,89.3,204.0,3.7
2024-09-10 09:00:00,26.2,0.0,88.3,146.0,3.7
2024-09-10 10:00:00,27.0,0.0,81.7,206.0,6.1
2024-09-10 11:00:00,27.7,0.0,76.4,213.0,3.9
2024-09-10 12:00:00,27.7,0.0,78.9,202.0,6.3
2024-09-10 13:00:00,29.5,0.0,71.5,166.0,3.5
2024-09-10 14:00:00,29.5,0.0,67.4,156.0,2.2
2024-09-10 15:00:00,28.9,0.0,65.9,205.0,4.8
2024-09-10 16:00:00,30.3,0.0,61.2,241.0,2.8
2024-09-10 17:00:00,30.1,0.0,64.1,197.0,3.1
2024-09-10 18:00:00,29.6,0.0,65.6,275.0,4.3
2024-09-10 19:00:00,29.4,0.0,65.0,223.0,2.3
2024-09-10 20:00:00,28.8,0.0,70.1,215.0,2.8
2024-09-10 21:00:00,28.7,0.0,69.6,262.0,2.3
2024-09-10 22:00:00,28.4,0.0,75.6,260.0,3.1
2024-09-10 23:00:00,28.2,0.0,76.9,311.0,2.4
2024-09-11 00:00:00,27.7,0.0,79.9,303.0,2.6
2024-09-11 01:00:00,27.4,0.0,79.2,290.0,1.6
2024-09-11 02:00:00,27.6,0.0,78.4,231.0,0.5
2024-09-11 03:00:00,27.3,0.0,79.8,314.0,0.6
2024-09-11 04:00:00,27.3,0.0,79.1,45.0,0.7
2024-09-11 05:00:00,27.7,0.0,80.9,171.0,2.0
2024-09-11 06:00:00,27.8,0.0,79.7,212.0,2.9
2024-09-11 07:00:00,27.9,0.0,80.0,163.0,2.0
2024-09-11 08:00:00,27.6,0.0,81.2,267.0,0.5
2024-09-11 09:00:00,29.4,0.0,75.2,190.0,1.7
2024-09-11 10:00:00,31.6,0.0,64.9,203.0,1.8
2024-09-11 11:00:00,31.0,0.0,62.2,191.0,4.3
2024-09-11 12:00:00,31.8,0.0,57.3,218.0,3.7
2024-09-11 13:00:00,32.1,0.0,54.3,215.0,4.2
2024-09-11 14:00:00,31.7,0.0,54.7,188.0,6.1
2024-09-11 15:00:00,31.0,0.0,60.8,215.0,9.5
2024-09-11 16:00:00,29.0,0.0,72.0,160.0,10.2
2024-09-11 17:00:00,28.3,0.0,71.4,12.0,2.6
2024-09-11 18:00:00,27.1,0.0,74.8,2.0,3.0
2024-09-11 19:00:00,28.3,0.0,68.6,89.0,1.8
2024-09-11 20:00:00,28.2,0.0,75.1,148.0,4.0
2024-09-11 21:00:00,28.5,0.0,72.6,115.0,4.7
2024-09-11 22:00:00,28.0,0.0,80.9,129.0,4.7
2024-09-11 23:00:00,28.1,0.0,82.2,142.0,2.0
2024-09-12 00:00:00,28.0,0.0,81.8,125.0,4.4
2024-09-12 01:00:00,28.0,0.0,83.0,161.0,2.6
2024-09-12 02:00:00,27.9,0.0,83.8,194.0,3.6
2024-09-12 03:00:00,25.6,0.0,80.2,201.0,3.5
2024-09-12 04:00:00,25.7,0.0,90.7,210.0,5.8
2024-09-12 05:00:00,26.1,0.0,89.3,263.0,2.8
2024-09-12 06:00:00,26.3,0.0,89.1,263.0,1.3
2024-09-12 07:00:00,26.5,0.0,87.9,207.0,4.7
2024-09-12 08:00:00,26.8,0.0,86.0,201.0,2.0
2024-09-12 09:00:00,27.4,0.0,77.1,212.0,6.6
2024-09-12 10:00:00,28.8,0.0,71.4,225.0,3.4
2024-09-12 11:00:00,27.5,0.0,75.8,204.0,8.5
2024-09-12 12:00:00,27.4,0.0,76.6,213.0,9.89999
2024-09-12 13:00:00,28.6,0.0,70.3,207.0,4.4
2024-09-12 14:00:00,29.0,0.0,68.4,218.0,8.60001
2024-09-12 15:00:00,29.1,0.0,66.7,210.0,9.3
2024-09-12 16:00:00,29.5,0.0,61.3,193.0,5.9
2024-09-12 17:00:00,29.7,0.0,58.8,218.0,6.9
2024-09-12 18:00:00,29.3,0.0,60.0,213.0,3.8
2024-09-12 19:00:00,28.7,0.0,69.8,211.0,4.5
2024-09-12 20:00:00,28.7,0.0,72.0,167.0,2.5
2024-09-12 21:00:00,28.1,0.0,74.9,170.0,5.4
2024-09-12 22:00:00,27.9,0.0,75.6,192.0,3.2
2024-09-12 23:00:00,28.0,0.0,76.5,207.0,7.7
2024-09-13 00:00:00,28.1,0.0,73.7,188.0,4.2
2024-09-13 01:00:00,27.6,0.0,79.6,212.0,4.1
2024-09-13 02:00:00,27.4,0.0,81.3,210.0,5.2
2024-09-13 03:00:00,27.6,0.0,77.1,211.0,4.6
2024-09-13 04:00:00,27.4,0.0,76.3,257.0,3.8
2024-09-13 05:00:00,27.3,0.0,78.7,229.0,1.4
2024-09-13 06:00:00,27.3,0.0,81.4,254.0,1.8
2024-09-13 07:00:00,27.0,0.0,83.5,226.0,2.3
2024-09-13 08:00:00,27.6,0.0,79.1,209.0,4.5
2024-09-13 09:00:00,29.1,0.0,71.3,213.0,2.4
2024-09-13 10:00:00,29.2,0.0,70.8,217.0,4.7
2024-09-13 11:00:00,29.5,0.0,68.4,203.0,4.6
2024-09-13 12:00:00,30.2,0.0,64.5,208.0,4.2
2024-09-13 13:00:00,30.8,0.0,60.1,194.0,3.4
2024-09-13 14:00:00,31.2,0.0,57.1,198.0,4.6
2024-09-13 15:00:00,30.3,0.0,62.3,220.0,8.10001
2024-09-13 16:00:00,30.4,0.0,61.9,212.0,9.2
2024-09-13 17:00:00,30.4,0.0,63.3,201.0,7.7
2024-09-13 18:00:00,30.7,0.0,58.9,184.0,3.6
2024-09-13 19:00:00,29.2,0.0,64.1,159.0,5.0
2024-09-13 20:00:00,29.1,0.0,69.4,166.0,1.7
2024-09-13 21:00:00,28.7,0.0,73.0,110.0,2.8
2024-09-13 22:00:00,28.8,0.0,72.1,111.0,4.8
2024-09-13 23:00:00,28.8,0.0,72.4,113.0,4.6
2024-09-14 00:00:00,28.7,0.0,71.8,129.0,3.3
2024-09-14 01:00:00,28.4,0.0,75.4,109.0,2.8
2024-09-14 02:00:00,28.4,0.0,73.0,153.0,3.6
2024-09-14 03:00:00,28.3,0.0,75.6,156.0,3.8
2024-09-14 04:00:00,23.2,2.4,97.5,305.0,10.6
2024-09-14 05:00:00,23.8,0.8,99.0,150.0,2.6
2024-09-14 06:00:00,23.7,0.0,99.2,198.0,2.8
2024-09-14 07:00:00,24.9,0.0,93.3,162.0,2.5
2024-09-14 08:00:00,24.8,0.2,92.0,158.0,5.5
2024-09-14 09:00:00,24.7,0.0,92.7,198.0,4.8
2024-09-14 10:00:00,26.2,0.0,81.2,214.0,4.4
2024-09-14 11:00:00,26.5,0.0,82.4,155.0,7.1
2024-09-14 12:00:00,28.4,0.0,75.2,158.0,3.1
2024-09-14 13:00:00,28.1,0.0,72.8,132.0,5.6
2024-09-14 14:00:00,28.0,0.0,68.2,137.0,7.1
2024-09-14 15:00:00,29.2,0.0,60.6,114.0,5.6
2024-09-14 16:00:00,29.8,0.0,61.3,179.0,4.9
2024-09-14 17:00:00,29.4,0.0,61.5,138.0,5.2
2024-09-14 18:00:00,30.0,0.0,56.8,184.0,3.4
2024-09-14 19:00:00,29.3,0.0,53.8,153.0,5.0
2024-09-14 20:00:00,28.9,0.0,60.3,154.0,4.1
2024-09-14 21:00:00,28.7,0.0,60.3,129.0,4.6
2024-09-14 22:00:00,28.3,0.0,69.5,100.0,4.0
2024-09-14 23:00:00,28.3,0.0,68.6,101.0,6.2
2024-09-15 00:00:00,28.2,0.0,71.6,103.0,7.4
2024-09-15 01:00:00,28.0,0.0,74.2,111.0,7.9
2024-09-15 02:00:00,27.8,0.0,78.1,116.0,3.9
2024-09-15 03:00:00,27.0,0.0,80.7,16.0,1.6
2024-09-15 04:00:00,26.5,0.0,79.6,315.0,1.4
2024-09-15 05:00:00,26.7,0.0,77.3,219.0,0.9
2024-09-15 06:00:00,27.3,0.0,77.5,113.0,2.1
2024-09-15 07:00:00,27.6,0.0,76.2,149.0,2.6
2024-09-15 08:00:00,28.1,0.0,75.4,150.0,2.1
2024-09-15 09:00:00,29.0,0.0,71.7,154.0,2.9
2024-09-15 10:00:00,27.8,0.0,73.0,164.0,6.3
2024-09-15 11:00:00,26.4,0.6,87.8,152.0,4.6
2024-09-15 12:00:00,26.2,0.6,84.0,196.0,6.6
2024-09-15 13:00:00,26.0,0.0,86.3,214.0,4.8
2024-09-15 14:00:00,28.1,0.0,76.9,200.0,1.0
2024-09-15 15:00:00,27.7,0.0,75.6,137.0,5.5
2024-09-15 16:00:00,28.2,0.0,76.2,115.0,6.3
2024-09-15 17:00:00,29.7,0.0,66.0,122.0,2.5
2024-09-15 18:00:00,28.8,0.0,63.9,228.0,2.8
2024-09-15 19:00:00,27.9,0.0,71.5,149.0,1.6
2024-09-15 20:00:00,27.5,0.0,76.1,143.0,2.0
2024-09-15 21:00:00,27.4,0.0,78.3,218.0,1.9
2024-09-15 22:00:00,27.4,0.0,78.6,73.0,1.9
2024-09-15 23:00:00,27.3,0.0,81.1,119.0,3.4
2024-09-16 00:00:00,27.3,0.0,81.4,137.0,2.5
2024-09-16 01:00:00,27.2,0.0,79.7,125.0,2.3
2024-09-16 02:00:00,27.0,0.0,79.9,126.0,1.8
2024-09-16 03:00:00,26.8,0.0,81.3,179.0,1.7
2024-09-16 04:00:00,27.0,0.0,77.6,204.0,3.7
2024-09-16 05:00:00,26.9,0.0,77.4,206.0,6.3
2024-09-16 06:00:00,27.1,0.0,75.8,207.0,4.1
2024-09-16 07:00:00,27.2,0.0,76.6,186.0,3.6
2024-09-16 08:00:00,27.5,0.0,76.6,192.0,3.3
2024-09-16 09:00:00,28.1,0.0,76.3,202.0,3.8
2024-09-16 10:00:00,29.1,0.0,73.3,198.0,3.5
2024-09-16 11:00:00,29.4,0.0,71.3,204.0,7.0
2024-09-16 12:00:00,29.7,0.0,66.6,205.0,6.3
2024-09-16 13:00:00,30.2,0.0,58.0,206.0,9.10001
2024-09-16 14:00:00,30.7,0.0,60.8,228.0,5.1
2024-09-16 15:00:00,30.3,0.0,60.4,198.0,6.2
2024-09-16 16:00:00,30.8,0.0,58.4,196.0,5.5
2024-09-16 17:00:00,30.4,0.0,63.1,208.0,6.8
2024-09-16 18:00:00,30.0,0.0,66.3,188.0,3.7
2024-09-16 19:00:00,29.1,0.0,74.4,117.0,4.8
2024-09-16 20:00:00,28.5,0.0,75.2,171.0,5.6
2024-09-16 21:00:00,28.2,0.0,76.0,150.0,5.9
2024-09-16 22:00:00,28.2,0.0,76.7,162.0,4.7
2024-09-16 23:00:00,27.9,0.0,76.0,151.0,7.0
2024-09-17 00:00:00,28.0,0.0,74.3,158.0,4.7
2024-09-17 01:00:00,27.8,0.0,77.0,187.0,2.7
2024-09-17 02:00:00,27.7,0.0,79.5,165.0,4.8
2024-09-17 03:00:00,27.8,0.0,78.2,200.0,4.8
2024-09-17 04:00:00,27.9,0.0,75.6,203.0,5.8
2024-09-17 05:00:00,27.8,0.0,75.9,210.0,4.7
2024-09-17 06:00:00,27.9,0.0,75.5,207.0,3.3
2024-09-17 07:00:00,27.4,0.0,76.5,214.0,5.9
2024-09-17 08:00:00,27.8,0.0,75.5,211.0,4.7
2024-09-17 09:00:00,29.1,0.0,69.7,223.0,5.0
2024-09-17 10:00:00,30.3,0.0,63.8,209.0,2.9
2024-09-17 11:00:00,29.7,0.0,62.4,210.0,10.1
2024-09-17 12:00:00,30.6,0.0,56.3,210.0,7.1
2024-09-17 13:00:00,30.8,0.0,58.1,203.0,3.8
2024-09-17 14:00:00,32.1,0.0,52.7,239.0,3.3
2024-09-17 15:00:00,32.0,0.0,53.5,243.0,5.0
2024-09-17 16:00:00,32.0,0.0,53.3,261.0,4.6
2024-09-17 17:00:00,31.1,0.0,58.4,256.0,5.0
2024-09-17 18:00:00,30.7,0.0,62.3,218.0,3.6
2024-09-17 19:00:00,30.3,0.0,64.2,245.0,3.4
2024-09-17 20:00:00,24.2,0.0,97.6,255.0,3.6
2024-09-17 21:00:00,25.6,0.0,88.3,289.0,5.3
2024-09-17 22:00:00,26.1,0.0,88.1,290.0,3.8
2024-09-17 23:00:00,26.1,0.0,88.6,309.0,6.3
2024-09-18 00:00:00,26.6,0.0,85.9,300.0,4.3
2024-09-18 01:00:00,26.2,0.0,86.0,309.0,5.4
2024-09-18 02:00:00,26.2,0.0,86.1,279.0,2.7
2024-09-18 03:00:00,26.9,0.0,75.8,258.0,3.7
2024-09-18 04:00:00,27.5,0.0,65.9,259.0,3.6
2024-09-18 05:00:00,27.5,0.0,64.1,257.0,4.3
2024-09-18 06:00:00,27.0,0.0,69.6,252.0,3.9
2024-09-18 07:00:00,26.8,0.0,73.2,250.0,3.0
2024-09-18 08:00:00,27.4,0.0,70.8,240.0,2.6
2024-09-18 09:00:00,28.1,0.0,67.6,236.0,4.8
2024-09-18 10:00:00,28.5,0.0,68.5,229.0,4.3
2024-09-18 11:00:00,29.4,0.0,59.5,202.0,4.8
2024-09-18 12:00:00,29.0,0.0,60.6,206.0,9.60001
2024-09-18 13:00:00,30.0,0.0,55.7,215.0,9.39999
2024-09-18 14:00:00,30.9,0.0,51.1,214.0,7.2
2024-09-18 15:00:00,30.9,0.0,54.4,215.0,5.0
2024-09-18 16:00:00,31.9,0.0,52.4,195.0,3.6
2024-09-18 17:00:00,30.3,0.0,55.7,197.0,6.8
2024-09-18 18:00:00,30.9,0.0,54.6,191.0,3.0
2024-09-18 19:00:00,29.3,0.0,65.4,165.0,5.5
2024-09-18 20:00:00,29.0,0.0,65.6,146.0,4.6
2024-09-18 21:00:00,29.0,0.0,63.3,129.0,3.3
2024-09-18 22:00:00,28.8,0.0,63.2,152.0,4.6
2024-09-18 23:00:00,28.7,0.0,66.8,162.0,4.3
2024-09-19 00:00:00,28.5,0.0,68.6,137.0,4.4
2024-09-19 01:00:00,28.6,0.0,69.3,179.0,2.0
2024-09-19 02:00:00,28.6,0.0,68.2,153.0,2.4
2024-09-19 03:00:00,28.3,0.0,72.1,187.0,3.6
2024-09-19 04:00:00,28.1,0.0,74.8,188.0,1.8
2024-09-19 05:00:00,28.0,0.0,77.3,235.0,1.6
2024-09-19 06:00:00,28.2,0.0,77.9,212.0,4.0
2024-09-19 07:00:00,27.8,0.0,79.1,252.0,1.8
2024-09-19 08:00:00,28.8,0.0,70.2,210.0,3.1
2024-09-19 09:00:00,29.9,0.0,59.6,243.0,3.6
2024-09-19 10:00:00,31.1,0.0,54.9,260.0,3.5
2024-09-19 11:00:00,30.0,0.0,60.1,200.0,6.7
2024-09-19 12:00:00,30.6,0.0,54.9,213.0,5.9
2024-09-19 13:00:00,30.2,0.0,65.4,193.0,5.7
2024-09-19 14:00:00,30.4,0.0,64.2,209.0,7.7
2024-09-19 15:00:00,30.8,0.0,61.4,211.0,6.5
2024-09-19 16:00:00,30.3,0.0,60.9,197.0,4.6
2024-09-19 17:00:00,30.0,0.0,63.9,170.0,3.8
2024-09-19 18:00:00,29.6,0.0,65.7,148.0,3.2
2024-09-19 19:00:00,28.9,0.0,67.0,154.0,6.3
2024-09-19 20:00:00,28.9,0.0,68.6,124.0,4.7
2024-09-19 21:00:00,28.8,0.0,69.9,131.0,4.0
2024-09-19 22:00:00,28.6,0.0,74.9,134.0,4.1
2024-09-19 23:00:00,28.4,0.0,75.7,137.0,5.2
2024-09-20 00:00:00,28.2,0.0,76.0,116.0,6.0
2024-09-20 01:00:00,28.2,0.0,76.3,116.0,3.1
2024-09-20 02:00:00,28.0,0.0,77.7,107.0,4.8
2024-09-20 03:00:00,27.9,0.0,78.6,150.0,3.3
2024-09-20 04:00:00,27.9,0.0,78.3,143.0,3.8
2024-09-20 05:00:00,27.6,0.0,81.0,138.0,3.9
2024-09-20 06:00:00,27.6,0.0,82.9,136.0,5.0
2024-09-20 07:00:00,27.6,0.0,83.2,145.0,4.0
2024-09-20 08:00:00,28.0,0.0,80.8,138.0,6.0
2024-09-20 09:00:00,28.9,0.0,75.4,154.0,3.3
2024-09-20 10:00:00,29.3,0.0,73.5,146.0,6.4
2024-09-20 11:00:00,30.0,0.0,68.9,157.0,4.1
2024-09-20 12:00:00,31.5,0.0,62.0,203.0,6.9
2024-09-20 13:00:00,30.2,0.0,65.2,198.0,7.5
2024-09-20 14:00:00,29.9,0.0,68.2,184.0,6.3
2024-09-20 15:00:00,30.6,0.0,59.0,196.0,8.39999
2024-09-20 16:00:00,30.5,0.0,61.3,185.0,5.2
2024-09-20 17:00:00,30.6,0.0,58.9,200.0,3.7
2024-09-20 18:00:00,29.9,0.0,65.9,183.0,5.6
2024-09-20 19:00:00,29.9,0.0,62.8,148.0,3.8
2024-09-20 20:00:00,29.3,0.0,66.1,128.0,4.6
2024-09-20 21:00:00,29.1,0.0,72.0,115.0,4.3
2024-09-20 22:00:00,28.8,0.0,75.2,120.0,6.0
2024-09-20 23:00:00,28.7,0.0,77.2,114.0,5.2
2024-09-21 00:00:00,23.2,1.2,97.5,276.0,7.0
2024-09-21 01:00:00,24.1,0.0,88.0,290.0,7.0
2024-09-21 02:00:00,24.5,0.2,85.6,241.0,2.2
2024-09-21 03:00:00,24.5,0.0,87.8,189.0,2.9
2024-09-21 04:00:00,24.8,0.0,89.7,199.0,1.9
2024-09-21 05:00:00,25.0,0.0,90.9,207.0,2.5
2024-09-21 06:00:00,25.2,0.0,91.0,312.0,1.5
2024-09-21 07:00:00,25.4,0.0,91.3,86.0,3.2
2024-09-21 08:00:00,26.1,0.0,88.4,121.0,3.3
2024-09-21 09:00:00,26.6,0.0,86.6,105.0,2.7
2024-09-21 10:00:00,28.6,0.0,72.9,210.0,3.0
2024-09-21 11:00:00,29.4,0.0,68.6,198.0,3.5
2024-09-21 12:00:00,29.3,0.0,70.6,154.0,3.0
2024-09-21 13:00:00,29.7,0.0,68.0,190.0,2.7
2024-09-21 14:00:00,29.7,0.0,68.3,207.0,3.2
2024-09-21 15:00:00,30.5,0.0,64.2,207.0,1.9
2024-09-21 16:00:00,29.2,0.0,71.3,118.0,4.8
2024-09-21 17:00:00,29.6,0.0,72.7,92.0,3.7
2024-09-21 18:00:00,29.3,0.0,74.5,103.0,2.0
2024-09-21 19:00:00,29.0,0.0,74.0,109.0,1.1
2024-09-21 20:00:00,28.6,0.0,76.9,127.0,2.7
2024-09-21 21:00:00,28.5,0.0,77.0,126.0,1.5
2024-09-21 22:00:00,28.3,0.0,80.9,115.0,4.6
2024-09-21 23:00:00,28.0,0.0,81.4,124.0,4.5
2024-09-22 00:00:00,28.2,0.0,75.5,130.0,3.0
2024-09-22 01:00:00,28.1,0.0,73.3,91.0,1.7
2024-09-22 02:00:00,28.1,0.0,71.8,82.0,1.4
2024-09-22 03:00:00,28.1,0.0,74.0,96.0,3.5
2024-09-22 04:00:00,28.0,0.0,76.2,101.0,3.0
2024-09-22 05:00:00,27.8,0.0,78.2,96.0,1.4
2024-09-22 06:00:00,27.8,0.0,76.8,101.0,1.6
2024-09-22 07:00:00,28.0,0.0,71.9,108.0,3.2
2024-09-22 08:00:00,29.7,0.0,64.4,110.0,1.4
2024-09-22 09:00:00,29.6,0.0,61.8,137.0,2.9
2024-09-22 10:00:00,30.7,0.0,47.7,120.0,5.4
2024-09-22 11:00:00,31.0,0.0,51.8,97.0,5.6
2024-09-22 12:00:00,31.8,0.0,49.7,122.0,4.9
2024-09-22 13:00:00,32.6,0.0,50.1,169.0,2.9
2024-09-22 14:00:00,32.7,0.0,47.5,207.0,4.1
2024-09-22 15:00:00,32.5,0.0,48.1,179.0,5.0
2024-09-22 16:00:00,33.2,0.0,47.7,177.0,4.4
2024-09-22 17:00:00,31.8,0.0,59.7,125.0,6.7
2024-09-22 18:00:00,30.7,0.0,64.2,116.0,4.4
2024-09-22 19:00:00,30.2,0.0,68.0,118.0,5.2
2024-09-22 20:00:00,29.9,0.0,72.4,105.0,3.3
2024-09-22 21:00:00,29.3,0.0,76.1,103.0,7.4
2024-09-22 22:00:00,28.9,0.0,75.0,100.0,7.6
2024-09-22 23:00:00,28.9,0.0,73.6,97.0,8.2
2024-09-23 00:00:00,28.6,0.0,79.3,91.0,9.2
2024-09-23 01:00:00,28.6,0.0,80.0,104.0,6.0
2024-09-23 02:00:00,28.5,0.0,79.5,87.0,7.5
2024-09-23 03:00:00,28.5,0.0,81.8,101.0,5.3
2024-09-23 04:00:00,28.5,0.0,80.8,92.0,7.1
2024-09-23 05:00:00,28.4,0.0,80.2,87.0,4.0
2024-09-23 06:00:00,28.4,0.0,81.9,85.0,2.5
2024-09-23 07:00:00,28.5,0.0,80.0,82.0,4.1
2024-09-23 08:00:00,28.8,0.0,75.8,90.0,4.4
2024-09-23 09:00:00,30.7,0.0,67.4,85.0,3.0
2024-09-23 10:00:00,30.5,0.0,66.9,102.0,8.89999
2024-09-23 11:00:00,30.7,0.0,64.6,88.0,8.7
2024-09-23 12:00:00,32.3,0.0,53.5,98.0,6.5
2024-09-23 13:00:00,32.0,0.0,51.0,91.0,5.3
2024-09-23 14:00:00,32.1,0.0,58.8,110.0,8.0
2024-09-23 15:00:00,30.4,0.0,69.6,114.0,11.3
2024-09-23 16:00:00,29.9,0.0,68.5,93.0,8.8
2024-09-23 17:00:00,28.6,0.0,75.3,357.0,1.6
2024-09-23 18:00:00,28.9,0.0,76.7,39.0,1.6
2024-09-23 19:00:00,27.7,0.0,75.9,61.0,3.2
2024-09-23 20:00:00,28.1,0.0,66.0,95.0,5.7
2024-09-23 21:00:00,28.3,0.0,67.9,20.0,2.3
2024-09-23 22:00:00,28.2,0.0,71.7,90.0,3.2
2024-09-23 23:00:00,28.5,0.0,78.4,112.0,4.2
2024-09-24 00:00:00,27.7,0.0,78.3,344.0,1.9
2024-09-24 01:00:00,27.4,0.0,79.9,3.0,1.4
2024-09-24 02:00:00,26.3,0.0,85.3,320.0,1.8
2024-09-24 03:00:00,26.6,0.0,85.0,359.0,0.9
2024-09-24 04:00:00,26.3,0.0,86.3,328.0,1.4
2024-09-24 05:00:00,26.5,0.0,86.7,298.0,1.0
2024-09-24 06:00:00,26.4,0.0,87.8,332.0,1.9
2024-09-24 07:00:00,26.2,0.0,88.7,300.0,2.1
2024-09-24 08:00:00,27.7,0.0,82.5,5.0,2.1
2024-09-24 09:00:00,29.0,0.0,78.0,315.0,2.4
2024-09-24 10:00:00,30.0,0.0,70.0,336.0,1.5
2024-09-24 11:00:00,28.5,0.0,72.6,208.0,5.8
2024-09-24 12:00:00,30.2,0.0,62.4,160.0,4.2
2024-09-24 13:00:00,29.1,0.0,66.0,179.0,3.7
2024-09-24 14:00:00,27.7,0.0,77.0,107.0,5.6
2024-09-24 15:00:00,26.2,0.0,83.3,308.0,6.6
2024-09-24 16:00:00,27.4,0.0,78.3,311.0,2.6
2024-09-24 17:00:00,27.5,0.0,77.5,355.0,2.8
2024-09-24 18:00:00,27.6,0.0,67.9,10.0,3.3
2024-09-24 19:00:00,27.4,0.0,71.5,306.0,2.6
2024-09-24 20:00:00,27.4,0.0,69.6,24.0,1.0
2024-09-24 21:00:00,26.9,0.0,77.1,37.0,1.5
2024-09-24 22:00:00,26.9,0.0,77.8,20.0,2.0
2024-09-24 23:00:00,27.0,0.0,78.2,352.0,2.1
2024-09-25 00:00:00,26.7,0.0,80.7,40.0,1.5
2024-09-25 01:00:00,26.7,0.0,79.1,314.0,1.8
2024-09-25 02:00:00,27.3,0.0,73.7,174.0,1.4
2024-09-25 03:00:00,26.8,0.0,75.5,30.0,1.4
2024-09-25 04:00:00,27.0,0.0,75.0,333.0,1.5
2024-09-25 05:00:00,26.4,0.0,81.0,18.0,1.9
2024-09-25 06:00:00,26.3,0.0,82.9,338.0,1.2
2024-09-25 07:00:00,26.4,0.0,80.0,337.0,1.0
2024-09-25 08:00:00,28.7,0.0,69.6,128.0,1.5
2024-09-25 09:00:00,29.5,0.0,67.8,90.0,2.5
2024-09-25 10:00:00,29.9,0.0,64.9,163.0,2.9
2024-09-25 11:00:00,31.2,0.0,56.2,147.0,2.9
2024-09-25 12:00:00,25.0,0.0,92.1,340.0,3.9
2024-09-25 13:00:00,25.8,0.0,85.1,181.0,4.1
2024-09-25 14:00:00,26.4,0.0,81.6,161.0,6.0
2024-09-25 15:00:00,26.6,0.0,84.5,86.0,0.7
2024-09-25 16:00:00,26.2,0.0,87.9,350.0,3.0
2024-09-25 17:00:00,26.2,0.0,85.6,12.0,2.7
2024-09-25 18:00:00,28.0,0.0,79.6,229.0,1.3
2024-09-25 19:00:00,26.9,0.0,80.0,119.0,2.0
2024-09-25 20:00:00,25.9,0.0,84.7,7.0,2.6
2024-09-25 21:00:00,26.4,0.0,80.9,75.0,1.7
2024-09-25 22:00:00,26.2,0.0,84.9,16.0,1.7
2024-09-25 23:00:00,26.4,0.0,82.2,50.0,3.3
2024-09-26 00:00:00,26.1,0.0,86.1,62.0,5.5
2024-09-26 01:00:00,26.3,0.0,85.5,59.0,4.0
2024-09-26 02:00:00,26.2,0.0,85.4,6.0,2.8
2024-09-26 03:00:00,25.7,0.0,88.5,1.0,3.6
2024-09-26 04:00:00,25.8,0.0,88.6,28.0,2.5
2024-09-26 05:00:00,25.9,0.0,88.4,27.0,2.0
2024-09-26 06:00:00,25.8,0.0,88.2,6.0,1.7
2024-09-26 07:00:00,25.7,0.0,89.0,311.0,1.9
2024-09-26 08:00:00,26.0,0.0,87.8,262.0,3.1
2024-09-26 09:00:00,23.4,0.2,88.7,258.0,6.9
2024-09-26 10:00:00,23.6,0.0,90.4,262.0,4.0
2024-09-26 11:00:00,24.3,0.2,89.8,253.0,3.7
2024-09-26 12:00:00,24.9,0.0,85.3,261.0,5.8
2024-09-26 13:00:00,25.9,0.0,74.8,272.0,5.3
2024-09-26 14:00:00,27.3,0.0,70.7,259.0,4.0
2024-09-26 15:00:00,27.4,0.0,73.2,269.0,5.1
2024-09-26 16:00:00,27.4,0.0,71.3,268.0,4.0
2024-09-26 17:00:00,27.4,0.0,73.2,297.0,3.6
2024-09-26 18:00:00,27.6,0.0,72.3,306.0,4.6
2024-09-26 19:00:00,27.2,0.0,74.3,300.0,1.6
2024-09-26 20:00:00,27.3,0.0,71.5,324.0,0.9
2024-09-26 21:00:00,27.1,0.0,75.0,210.0,2.5
2024-09-26 22:00:00,26.9,0.0,76.9,219.0,1.2
2024-09-26 23:00:00,26.5,0.0,76.8,347.0,3.0
2024-09-27 00:00:00,26.2,0.0,79.8,324.0,1.8
2024-09-27 01:00:00,25.8,0.0,82.8,1.0,2.2
2024-09-27 02:00:00,25.7,0.0,86.0,306.0,2.5
2024-09-27 03:00:00,26.2,0.0,83.25555555555556,295.44444444444446,2.7666666666666666
2024-09-27 04:00:00,26.7,0.0,80.5111111111111,284.8888888888889,3.033333333333333
2024-09-27 05:00:00,27.2,0.0,77.76666666666667,274.3333333333333,3.3
2024-09-27 06:00:00,,,,,
2024-09-27 07:00:00,,,,,
2024-09-27 08:00:00,28.7,0.0,69.53333333333333,242.66666666666663,4.1
2024-09-27 09:00:00,29.2,0.0,66.78888888888889,232.11111111111111,4.366666666666667
2024-09-27 10:00:00,29.7,0.0,64.04444444444444,221.55555555555557,4.633333333333334
2024-09-27 11:00:00,30.2,0.0,61.3,211.0,4.9
2024-09-27 12:00:00,30.9,0.0,59.3,221.0,2.7
2024-09-27 13:00:00,32.4,0.0,52.8,172.0,2.9
2024-09-27 14:00:00,31.2,0.0,56.4,103.0,5.6
2024-09-27 15:00:00,31.6,0.0,55.0,135.0,3.9
2024-09-27 16:00:00,32.0,0.0,55.2,128.0,3.4
2024-09-27 17:00:00,30.7,0.0,60.1,128.0,3.7
2024-09-27 18:00:00,30.1,0.0,64.6,111.0,4.9
2024-09-27 19:00:00,29.2,0.0,70.9,101.0,5.1
2024-09-27 20:00:00,28.9,0.0,75.6,95.0,5.9
2024-09-27 21:00:00,28.5,0.0,77.4,106.0,5.7
2024-09-27 22:00:00,28.4,0.0,79.2,107.0,8.3
2024-09-27 23:00:00,28.3,0.0,78.3,102.0,5.6
2024-09-28 00:00:00,28.3,0.0,78.5,108.0,6.6
2024-09-28 01:00:00,28.1,0.0,76.4,109.0,6.2
2024-09-28 02:00:00,27.9,0.0,78.8,99.0,7.0
2024-09-28 03:00:00,27.7,0.0,81.1,93.0,4.2
2024-09-28 04:00:00,27.7,0.0,78.4,81.0,4.3
2024-09-28 05:00:00,27.5,0.0,81.5,99.0,1.4
2024-09-28 06:00:00,27.3,0.0,82.6,85.0,2.9
2024-09-28 07:00:00,27.2,0.0,84.3,94.0,2.4
2024-09-28 08:00:00,29.0,0.0,77.0,98.0,1.0
2024-09-28 09:00:00,28.7,0.0,76.8,89.0,3.3
2024-09-28 10:00:00,30.0,0.0,64.8,107.0,6.0
2024-09-28 11:00:00,30.9,0.0,58.9,104.0,7.3
2024-09-28 12:00:00,30.8,0.0,60.6,95.0,8.7
2024-09-28 13:00:00,31.7,0.0,53.4,91.0,7.9
2024-09-28 14:00:00,31.8,0.0,54.1,111.0,8.60001
2024-09-28 15:00:00,30.0,0.0,64.1,156.0,6.9
2024-09-28 16:00:00,29.3,0.0,67.9,142.0,6.3
2024-09-28 17:00:00,27.1,0.0,78.2,138.0,7.5
2024-09-28 18:00:00,27.9,0.0,72.8,98.0,8.7
2024-09-28 19:00:00,27.9,0.0,74.1,135.0,3.6
2024-09-28 20:00:00,28.1,0.0,72.7,130.0,4.3
2024-09-28 21:00:00,28.0,0.0,80.0,133.0,3.1
2024-09-28 22:00:00,27.9,0.0,80.0,140.0,4.3
2024-09-28 23:00:00,27.9,0.0,79.1,135.0,3.0
2024-09-29 00:00:00,27.8,0.0,80.1,139.0,4.7
2024-09-29 01:00:00,27.7,0.0,81.6,125.0,4.6
2024-09-29 02:00:00,27.6,0.0,82.1,117.0,2.7
2024-09-29 03:00:00,27.6,0.0,81.0,124.0,2.7
2024-09-29 04:00:00,27.4,0.0,82.3,149.0,3.3
2024-09-29 05:00:00,27.4,0.0,83.2,121.0,3.1
2024-09-29 06:00:00,27.3,0.0,84.7,109.0,3.8
2024-09-29 07:00:00,27.2,0.0,84.6,137.0,1.7
2024-09-29 08:00:00,28.7,0.0,74.8,92.0,2.1
2024-09-29 09:00:00,30.0,0.0,66.4,126.0,2.7
2024-09-29 10:00:00,29.4,0.0,67.7,123.0,3.3
2024-09-29 11:00:00,30.7,0.0,61.2,100.0,3.3
2024-09-29 12:00:00,30.8,0.0,60.3,137.0,4.4
2024-09-29 13:00:00,30.3,0.0,60.7,114.0,6.8
2024-09-29 14:00:00,30.1,0.0,62.4,151.0,5.8
2024-09-29 15:00:00,30.5,0.0,61.3,111.0,4.9
2024-09-29 16:00:00,27.8,0.0,81.6,314.0,3.6
2024-09-29 17:00:00,27.6,0.0,83.4,357.0,2.0
2024-09-29 18:00:00,28.3,0.0,82.8,122.0,1.1
2024-09-29 19:00:00,28.7,0.0,74.6,125.0,3.1
2024-09-29 20:00:00,28.7,0.0,72.9,122.0,3.2
2024-09-29 21:00:00,28.5,0.0,73.5,131.0,4.2
2024-09-29 22:00:00,28.2,0.0,79.5,121.0,3.7
2024-09-29 23:00:00,27.9,0.0,82.0,155.0,3.5
2024-09-30 00:00:00,28.0,0.0,78.2,145.0,4.9
2024-09-30 01:00:00,27.8,0.0,79.0,151.0,3.0
2024-09-30 02:00:00,27.7,0.0,81.3,130.0,1.5
2024-09-30 03:00:00,27.7,0.0,82.2,128.0,2.0
2024-09-30 04:00:00,27.6,0.0,83.4,114.0,4.4
2024-09-30 05:00:00,27.6,0.0,83.4,123.0,0.7
2024-09-30 06:00:00,25.3,0.8,95.3,251.0,3.8
2024-09-30 07:00:00,25.0,0.2,96.5,205.0,4.1
2024-09-30 08:00:00,25.9,0.0,89.5,350.0,0.9
2024-09-30 09:00:00,26.9,0.0,85.9,307.0,2.2
2024-09-30 10:00:00,29.2,0.0,75.6,238.0,2.0
2024-09-30 11:00:00,28.8,0.0,73.3,200.0,3.6
2024-09-30 12:00:00,29.8,0.0,71.4,20.0,2.0
2024-09-30 13:00:00,29.5,0.0,71.2,251.0,2.3
2024-09-30 14:00:00,31.7,0.0,59.6,283.0,2.4
2024-09-30 15:00:00,30.2,0.0,68.0,209.0,8.60001
2024-09-30 16:00:00,28.6,0.0,77.7,214.0,9.89999
2024-09-30 17:00:00,27.1,0.0,75.9,257.0,3.3
2024-09-30 18:00:00,25.1,2.6,92.5,349.0,4.1
2024-09-30 19:00:00,27.1,0.0,79.3,112.0,3.9
2024-09-30 20:00:00,27.3,0.0,80.5,118.0,1.9
2024-09-30 21:00:00,27.6,0.0,79.3,173.0,2.2
2024-09-30 22:00:00,27.8,0.0,79.8,122.0,3.2
2024-09-30 23:00:00,27.7,0.0,81.3,193.0,2.3
2024-10-01 00:00:00,27.5,0.0,81.4,155.0,1.0
2024-10-01 01:00:00,27.6,0.0,78.3,117.0,5.1
2024-10-01 02:00:00,27.6,0.0,78.9,139.0,2.9
2024-10-01 03:00:00,27.5,0.0,81.3,144.0,2.8
2024-10-01 04:00:00,27.4,0.0,82.3,172.0,3.6
2024-10-01 05:00:00,27.2,0.0,83.5,140.0,1.9
2024-10-01 06:00:00,27.2,0.0,84.3,250.0,0.7
2024-10-01 07:00:00,27.4,0.0,83.8,98.0,1.3
2024-10-01 08:00:00,29.4,0.0,74.6,219.0,0.7
2024-10-01 09:00:00,26.4,0.0,77.8,247.0,3.2
2024-10-01 10:00:00,27.8,0.0,72.6,273.0,4.6
2024-10-01 11:00:00,29.4,0.0,65.9,281.0,3.3
2024-10-01 12:00:00,28.2,0.0,73.5,201.0,7.1
2024-10-01 13:00:00,26.0,0.0,88.8,234.0,2.2
2024-10-01 14:00:00,25.5,0.0,88.5,224.0,3.3
2024-10-01 15:00:00,28.5,0.0,74.6,173.0,1.7
2024-10-01 16:00:00,28.4,0.0,66.7,209.0,4.5
2024-10-01 17:00:00,28.9,0.0,67.0,201.0,1.8
2024-10-01 18:00:00,28.4,0.0,65.8,195.0,2.3
2024-10-01 19:00:00,28.2,0.0,68.1,199.0,1.9
2024-10-01 20:00:00,27.8,0.0,70.8,234.0,1.7
2024-10-01 21:00:00,27.7,0.0,72.3,200.0,1.3
2024-10-01 22:00:00,27.6,0.0,74.6,208.0,1.6
2024-10-01 23:00:00,27.8,0.0,74.9,161.0,2.3
2024-10-02 00:00:00,27.7,0.0,77.5,194.0,2.2
2024-10-02 01:00:00,27.4,0.0,80.6,313.0,1.0
2024-10-02 02:00:00,27.4,0.0,84.7,213.0,2.3
2024-10-02 03:00:00,27.2,0.0,83.2,212.0,2.4
2024-10-02 04:00:00,27.3,0.0,82.5,162.0,1.9
2024-10-02 05:00:00,27.2,0.0,82.8,207.0,2.3
2024-10-02 06:00:00,27.2,0.0,82.7,178.0,1.7
2024-10-02 07:00:00,27.0,0.0,84.2,280.0,1.0
2024-10-02 08:00:00,28.0,0.0,81.9,344.0,1.6
2024-10-02 09:00:00,29.4,0.0,73.0,234.0,1.6
2024-10-02 10:00:00,29.5,0.0,67.2,108.0,2.5
2024-10-02 11:00:00,30.0,0.0,67.7,102.0,4.7
2024-10-02 12:00:00,29.7,0.0,69.1,107.0,5.1
2024-10-02 13:00:00,30.6,0.0,66.3,130.0,4.5
2024-10-02 14:00:00,30.8,0.0,65.7,211.0,3.3
2024-10-02 15:00:00,29.0,0.0,72.5,117.0,5.7
2024-10-02 16:00:00,29.5,0.0,65.9,115.0,4.6
2024-10-02 17:00:00,29.4,0.0,71.9,101.0,6.6
2024-10-02 18:00:00,29.2,0.0,73.3,125.0,3.8
2024-10-02 19:00:00,28.7,0.0,73.4,100.0,9.89999
2024-10-02 20:00:00,28.6,0.0,72.9,101.0,7.0
2024-10-02 21:00:00,28.4,0.0,74.7,109.0,6.3
2024-10-02 22:00:00,28.3,0.0,76.3,93.0,4.2
2024-10-02 23:00:00,28.3,0.0,75.2,83.0,2.7
2024-10-03 00:00:00,28.3,0.0,74.3,87.0,3.1
2024-10-03 01:00:00,28.0,0.0,76.8,197.0,1.5
2024-10-03 02:00:00,28.0,0.0,78.3,123.0,2.4
2024-10-03 03:00:00,27.9,0.0,79.7,126.0,3.2
2024-10-03 04:00:00,27.7,0.0,81.3,125.0,3.0
2024-10-03 05:00:00,27.6,0.0,83.3,113.0,4.0
2024-10-03 06:00:00,27.4,0.0,84.5,107.0,3.9
2024-10-03 07:00:00,27.4,0.0,85.8,113.0,2.7
2024-10-03 08:00:00,28.0,0.0,81.7,99.0,6.3
2024-10-03 09:00:00,28.5,0.0,76.1,101.0,5.0
2024-10-03 10:00:00,31.0,0.0,59.9,104.0,3.8
2024-10-03 11:00:00,29.9,0.0,65.5,102.0,5.2
2024-10-03 12:00:00,27.9,0.0,76.7,55.0,4.5
2024-10-03 13:00:00,30.2,0.0,66.6,105.0,1.6
2024-10-03 14:00:00,28.2,0.0,71.7,227.0,3.4
2024-10-03 15:00:00,30.4,0.0,60.9,221.0,1.6
2024-10-03 16:00:00,30.9,0.0,60.6,218.0,2.0
2024-10-03 17:00:00,31.0,0.0,59.0,119.0,2.9
2024-10-03 18:00:00,29.8,0.0,64.3,101.0,4.1
2024-10-03 19:00:00,29.0,0.0,67.6,126.0,3.3
2024-10-03 20:00:00,29.0,0.0,67.6,45.0,2.6
2024-10-03 21:00:00,28.0,0.0,77.5,295.0,2.2
2024-10-03 22:00:00,27.8,0.0,76.3,312.0,2.0
2024-10-03 23:00:00,27.6,0.0,77.5,273.0,1.0
2024-10-04 00:00:00,27.3,0.0,80.6,334.0,1.6
2024-10-04 01:00:00,27.2,0.0,81.1,267.0,1.2
2024-10-04 02:00:00,27.0,0.0,82.0,323.0,0.6
2024-10-04 03:00:00,26.8,0.0,84.7,340.0,1.7
2024-10-04 04:00:00,26.5,0.0,86.8,333.0,1.2
2024-10-04 05:00:00,26.1,0.0,90.0,335.0,1.4
2024-10-04 06:00:00,26.2,0.0,89.0,298.0,0.9
2024-10-04 07:00:00,26.3,0.0,89.8,313.0,3.0
2024-10-04 08:00:00,26.7,0.0,85.9,10.0,1.8
2024-10-04 09:00:00,27.4,0.0,79.1,327.0,1.3
2024-10-04 10:00:00,26.9,0.0,81.2,95.0,6.1
2024-10-04 11:00:00,27.3,0.0,85.8,176.0,3.3
2024-10-04 12:00:00,26.9,0.0,87.2,215.0,5.1
2024-10-04 13:00:00,26.5,0.0,86.6,209.0,1.9
2024-10-04 14:00:00,28.6,0.0,80.0,281.0,1.1
2024-10-04 15:00:00,29.7,0.0,69.5,250.0,1.8
2024-10-04 16:00:00,30.0,0.0,64.8,257.0,3.4
2024-10-04 17:00:00,29.9,0.0,63.8,243.0,2.0
2024-10-04 18:00:00,28.6,0.0,71.2,51.0,1.4
2024-10-04 19:00:00,26.5,0.0,82.7,336.0,3.3
2024-10-04 20:00:00,26.7,0.0,84.4,202.0,3.0
2024-10-04 21:00:00,26.9,0.0,82.9,156.0,2.0
2024-10-04 22:00:00,26.5,0.0,82.4,96.0,1.7
2024-10-04 23:00:00,26.4,0.0,79.4,48.0,1.5
2024-10-05 00:00:00,26.0,0.0,83.8,40.0,0.8
2024-10-05 01:00:00,26.3,0.0,83.1,312.0,1.8
2024-10-05 02:00:00,26.0,0.0,84.4,285.0,1.0
2024-10-05 03:00:00,26.5,0.0,85.0,163.0,1.8
2024-10-05 04:00:00,25.9,0.0,89.0,308.0,1.2
2024-10-05 05:00:00,25.7,0.0,88.5,310.0,2.5
2024-10-05 06:00:00,25.8,0.0,87.0,309.0,1.9
2024-10-05 07:00:00,25.3,0.0,90.4,262.0,3.2
2024-10-05 08:00:00,25.0,0.0,85.7,291.0,3.4
2024-10-05 09:00:00,26.2,0.0,80.0,284.0,2.0
2024-10-05 10:00:00,27.3,0.0,75.5,298.0,2.2
2024-10-05 11:00:00,29.8,0.0,65.8,268.0,2.9
2024-10-05 12:00:00,29.5,0.0,66.6,266.0,3.5
2024-10-05 13:00:00,30.3,0.0,60.1,228.0,2.4
2024-10-05 14:00:00,30.9,0.0,61.1,219.0,4.3
2024-10-05 15:00:00,30.7,0.0,60.6,201.0,3.6
2024-10-05 16:00:00,28.9,0.0,72.7,162.0,2.5
2024-10-05 17:00:00,28.8,0.0,68.6,209.0,1.9
2024-10-05 18:00:00,28.8,0.0,69.3,178.0,1.8
2024-10-05 19:00:00,28.1,0.0,71.2,169.0,3.7
2024-10-05 20:00:00,27.9,0.0,77.7,204.0,1.5
2024-10-05 21:00:00,27.9,0.0,77.5,238.0,1.1
2024-10-05 22:00:00,27.9,0.0,78.6,199.0,1.8
2024-10-05 23:00:00,27.7,0.0,80.1,223.0,0.4
2024-10-06 00:00:00,27.9,0.0,78.2,153.0,2.5
2024-10-06 01:00:00,27.8,0.0,80.9,175.0,2.6
2024-10-06 02:00:00,27.5,0.0,80.8,116.0,2.2
2024-10-06 03:00:00,27.4,0.0,81.3,318.0,1.3
2024-10-06 04:00:00,26.2,0.0,82.9,304.0,6.7
2024-10-06 05:00:00,23.2,1.8,98.1,295.0,3.2
2024-10-06 06:00:00,23.5,0.2,99.3,271.0,4.1
2024-10-06 07:00:00,24.4,0.0,99.3,245.0,4.4
2024-10-06 08:00:00,23.6,0.0,99.3,205.0,5.6
2024-10-06 09:00:00,24.2,0.0,99.3,247.0,3.0
2024-10-06 10:00:00,25.9,0.0,85.6,269.0,3.6
2024-10-06 11:00:00,26.4,0.0,80.6,245.0,3.1
2024-10-06 12:00:00,28.1,0.0,74.9,247.0,3.1
2024-10-06 13:00:00,28.1,0.0,72.8,280.0,2.7
2024-10-06 14:00:00,29.7,0.0,65.5,245.0,1.5
2024-10-06 15:00:00,30.3,0.0,58.0,190.0,2.9
2024-10-06 16:00:00,29.6,0.0,59.5,212.0,5.0
2024-10-06 17:00:00,29.5,0.0,61.7,159.0,2.4
2024-10-06 18:00:00,28.5,0.0,67.6,120.0,3.0
2024-10-06 19:00:00,28.0,0.0,71.3,133.0,3.9
2024-10-06 20:00:00,27.9,0.0,74.4,206.0,4.0
2024-10-06 21:00:00,27.7,0.0,73.7,194.0,2.6
2024-10-06 22:00:00,27.5,0.0,75.5,223.0,1.2
2024-10-06 23:00:00,27.5,0.0,78.3,217.0,1.4
2024-10-07 00:00:00,27.5,0.0,77.8,124.0,2.4
2024-10-07 01:00:00,27.5,0.0,74.6,108.0,2.2
2024-10-07 02:00:00,27.3,0.0,75.0,101.0,1.8
2024-10-07 03:00:00,27.2,0.0,77.8,110.0,2.9
2024-10-07 04:00:00,27.0,0.0,78.7,115.0,1.7
2024-10-07 05:00:00,26.3,0.0,86.4,331.0,2.0
2024-10-07 06:00:00,25.9,0.0,89.7,357.0,2.6
2024-10-07 07:00:00,25.8,0.0,90.0,318.0,1.4
2024-10-07 08:00:00,26.3,0.0,86.4,356.0,2.2
2024-10-07 09:00:00,28.1,0.0,79.9,312.0,1.7
2024-10-07 10:00:00,29.8,0.0,68.2,246.0,1.8
2024-10-07 11:00:00,30.9,0.0,56.5,152.0,3.0
2024-10-07 12:00:00,30.9,0.0,56.8,222.0,2.6
2024-10-07 13:00:00,30.6,0.0,60.6,165.0,5.3
2024-10-07 14:00:00,29.2,0.0,68.5,211.0,10.5
2024-10-07 15:00:00,29.3,0.0,66.6,205.0,5.7
2024-10-07 16:00:00,28.9,0.0,68.9,161.0,4.7
2024-10-07 17:00:00,28.1,0.0,75.2,168.0,5.8
2024-10-07 18:00:00,27.8,0.0,74.4,156.0,10.0
2024-10-07 19:00:00,27.9,0.0,76.1,137.0,5.7
2024-10-07 20:00:00,27.8,0.0,77.9,163.0,7.0
2024-10-07 21:00:00,27.9,0.0,74.5,121.0,3.4
2024-10-07 22:00:00,27.9,0.0,73.3,131.0,6.1
2024-10-07 23:00:00,27.8,0.0,75.0,128.0,4.4
2024-10-08 00:00:00,27.7,0.0,76.6,131.0,3.8
2024-10-08 01:00:00,27.5,0.0,78.7,132.0,3.5
2024-10-08 02:00:00,27.4,0.0,79.0,149.0,3.3
2024-10-08 03:00:00,27.3,0.0,79.8,114.0,3.8
2024-10-08 04:00:00,27.2,0.0,83.0,136.0,3.2
2024-10-08 05:00:00,27.2,0.0,84.7,137.0,3.1
2024-10-08 06:00:00,27.0,0.0,85.7,128.0,3.3
2024-10-08 07:00:00,27.1,0.0,84.8,113.0,3.7
2024-10-08 08:00:00,27.6,0.0,82.7,105.0,4.1
2024-10-08 09:00:00,28.7,0.0,78.9,120.0,3.3
2024-10-08 10:00:00,29.2,0.0,71.0,124.0,7.4
2024-10-08 11:00:00,26.3,0.0,71.3,189.0,5.1
2024-10-08 12:00:00,29.1,0.0,69.9,194.0,3.3
2024-10-08 13:00:00,26.8,0.0,69.5,197.0,5.4
2024-10-08 14:00:00,27.6,0.0,79.6,126.0,4.5
2024-10-08 15:00:00,28.4,0.0,72.0,134.0,5.2
2024-10-08 16:00:00,27.9,0.0,76.0,97.0,8.0
2024-10-08 17:00:00,28.6,0.0,74.8,98.0,4.7
2024-10-08 18:00:00,28.1,0.0,77.3,96.0,6.1
2024-10-08 19:00:00,27.9,0.0,75.6,103.0,8.7
2024-10-08 20:00:00,28.1,0.0,73.4,126.0,5.0
2024-10-08 21:00:00,27.8,0.0,77.6,109.0,4.8
2024-10-08 22:00:00,27.8,0.0,77.4,107.0,3.2
2024-10-08 23:00:00,27.7,0.0,78.4,113.0,2.7
2024-10-09 00:00:00,27.5,0.0,80.5,129.0,2.7
2024-10-09 01:00:00,27.5,0.0,80.2,125.0,3.6
2024-10-09 02:00:00,27.4,0.0,80.7,115.0,4.9
2024-10-09 03:00:00,27.3,0.0,81.2,127.0,3.1
2024-10-09 04:00:00,27.3,0.0,80.1,122.0,2.8
2024-10-09 05:00:00,27.3,0.0,81.4,110.0,2.8
2024-10-09 06:00:00,27.1,0.0,82.8,157.0,1.8
2024-10-09 07:00:00,27.2,0.0,81.8,102.0,2.1
2024-10-09 08:00:00,28.6,0.0,75.1,191.0,1.1
2024-10-09 09:00:00,28.9,0.0,71.1,102.0,7.5
2024-10-09 10:00:00,29.5,0.0,69.9,127.0,5.5
2024-10-09 11:00:00,29.6,0.0,69.0,122.0,5.2
2024-10-09 12:00:00,28.0,0.0,71.2,170.0,3.6
2024-10-09 13:00:00,29.5,0.0,61.8,197.0,4.7
2024-10-09 14:00:00,28.7,0.0,71.9,206.0,7.2
2024-10-09 15:00:00,28.2,0.0,74.2,152.0,3.8
2024-10-09 16:00:00,27.4,0.0,78.0,196.0,5.4
2024-10-09 17:00:00,28.0,0.0,73.7,199.0,3.6
2024-10-09 18:00:00,28.1,0.0,79.0,192.0,2.8
2024-10-09 19:00:00,27.9,0.0,77.2,111.0,5.4
2024-10-09 20:00:00,27.0,0.0,83.6,113.0,5.0
2024-10-09 21:00:00,27.1,0.0,80.5,106.0,6.3
2024-10-09 22:00:00,27.5,0.0,78.7,121.0,3.7
2024-10-09 23:00:00,27.5,0.0,77.3,141.0,2.7
2024-10-10 00:00:00,27.4,0.0,78.5,115.0,2.6
2024-10-10 01:00:00,27.2,0.0,81.0,161.0,2.8
2024-10-10 02:00:00,27.2,0.0,80.3,115.0,2.7
2024-10-10 03:00:00,27.1,0.0,82.0,151.0,2.7
2024-10-10 04:00:00,26.8,0.0,82.8,77.0,0.7
2024-10-10 05:00:00,26.8,0.0,83.6,60.0,1.3
2024-10-10 06:00:00,27.0,0.0,82.9,90.0,2.1
2024-10-10 07:00:00,27.1,0.0,83.5,104.0,2.7
2024-10-10 08:00:00,27.0,0.0,84.9,308.0,2.3
2024-10-10 09:00:00,28.7,0.0,72.4,128.0,2.6
2024-10-10 10:00:00,29.9,0.0,68.6,115.0,5.9
2024-10-10 11:00:00,28.6,0.0,69.1,120.0,8.5
2024-10-10 12:00:00,30.4,0.0,61.7,112.0,6.0
2024-10-10 13:00:00,29.5,0.0,70.4,159.0,4.3
2024-10-10 14:00:00,30.2,0.0,61.5,139.0,5.5
2024-10-10 15:00:00,28.9,0.0,70.2,105.0,6.0
2024-10-10 16:00:00,29.7,0.0,64.3,111.0,5.0
2024-10-10 17:00:00,28.6,0.0,73.3,104.0,4.6
2024-10-10 18:00:00,28.5,0.0,72.8,128.0,4.4
2024-10-10 19:00:00,28.6,0.0,72.1,124.0,4.8
2024-10-10 20:00:00,28.5,0.0,74.9,122.0,3.4
2024-10-10 21:00:00,28.5,0.0,74.7,117.0,4.0
2024-10-10 22:00:00,28.4,0.0,77.3,115.0,4.6
2024-10-10 23:00:00,28.3,0.0,79.7,112.0,4.0
2024-10-11 00:00:00,28.1,0.0,81.5,103.0,4.2
2024-10-11 01:00:00,27.9,0.0,82.2,114.0,3.6
2024-10-11 02:00:00,27.9,0.0,80.8,116.0,3.1
2024-10-11 03:00:00,27.3,0.0,84.4,67.0,0.9
2024-10-11 04:00:00,26.7,0.0,89.0,357.0,1.1
2024-10-11 05:00:00,26.5,0.0,91.1,332.0,1.6
2024-10-11 06:00:00,26.3,0.0,89.2,348.0,2.7
2024-10-11 07:00:00,26.7,0.0,87.1,98.0,1.0
2024-10-11 08:00:00,28.7,0.0,79.0,299.0,0.9
2024-10-11 09:00:00,28.6,0.0,78.8,312.0,1.7
2024-10-11 10:00:00,29.1,0.0,70.6,215.0,7.7
2024-10-11 11:00:00,27.4,0.0,85.0,292.0,5.7
2024-10-11 12:00:00,29.6,0.0,76.2,275.0,2.6
2024-10-11 13:00:00,30.1,0.0,70.5,302.0,2.8
2024-10-11 14:00:00,31.7,0.0,59.4,216.0,1.9
2024-10-11 15:00:00,29.9,0.0,67.6,282.0,1.5
2024-10-11 16:00:00,26.6,0.0,92.2,22.0,1.7
2024-10-11 17:00:00,27.6,0.0,84.4,26.0,1.5
2024-10-11 18:00:00,28.2,0.0,78.8,17.0,1.5
2024-10-11 19:00:00,28.2,0.0,78.0,33.0,1.5
2024-10-11 20:00:00,28.3,0.0,76.8,56.0,2.1
2024-10-11 21:00:00,28.2,0.0,78.1,85.0,2.2
2024-10-11 22:00:00,28.4,0.0,78.7,108.0,3.9
2024-10-11 23:00:00,27.8,0.0,83.1,105.0,1.1
2024-10-12 00:00:00,27.7,0.0,83.1,49.0,1.8
2024-10-12 01:00:00,28.0,0.0,80.7,140.0,3.5
2024-10-12 02:00:00,27.9,0.0,80.9,121.0,2.8
2024-10-12 03:00:00,27.6,0.0,81.5,178.0,0.8
2024-10-12 04:00:00,27.4,0.0,85.0,90.0,0.8
2024-10-12 05:00:00,26.2,0.0,90.7,329.0,3.0
2024-10-12 06:00:00,26.4,0.0,91.0,340.0,1.8
2024-10-12 07:00:00,26.3,0.0,91.8,333.0,1.8
2024-10-12 08:00:00,28.1,0.0,84.0,356.0,1.2
2024-10-12 09:00:00,27.2,0.0,89.2,4.0,1.7
2024-10-12 10:00:00,29.3,0.0,76.8,308.0,2.6
2024-10-12 11:00:00,28.6,0.0,78.3,275.0,1.5
2024-10-12 12:00:00,25.0,1.6,93.0,191.0,1.3
2024-10-12 13:00:00,26.2,0.0,89.8,204.0,4.1
2024-10-12 14:00:00,26.1,0.2,88.4,201.0,3.9
2024-10-12 15:00:00,26.5,0.0,86.5,300.0,0.8
2024-10-12 16:00:00,27.1,0.0,85.7,306.0,1.8
2024-10-12 17:00:00,27.0,0.0,87.3,284.0,1.3
2024-10-12 18:00:00,26.6,0.0,89.8,314.0,1.8
2024-10-12 19:00:00,26.6,0.0,89.7,319.0,1.8
2024-10-12 20:00:00,26.5,0.0,89.5,257.0,1.6
2024-10-12 21:00:00,26.0,0.0,92.7,313.0,2.1
2024-10-12 22:00:00,26.1,0.0,92.4,125.0,0.7
2024-10-12 23:00:00,25.9,0.0,91.9,310.0,2.2
2024-10-13 00:00:00,25.9,0.0,92.4,314.0,2.1
2024-10-13 01:00:00,25.7,0.0,93.7,308.0,2.1
2024-10-13 02:00:00,25.5,0.0,94.2,328.0,1.4
2024-10-13 03:00:00,25.5,0.0,93.9,315.0,3.3
2024-10-13 04:00:00,25.6,0.0,91.4,312.0,2.3
2024-10-13 05:00:00,25.4,0.0,92.5,285.0,1.5
2024-10-13 06:00:00,25.5,0.0,93.3,262.0,1.3
2024-10-13 07:00:00,25.3,0.0,94.7,306.0,2.3
2024-10-13 08:00:00,25.8,0.0,89.4,292.0,4.3
2024-10-13 09:00:00,26.9,0.0,83.2,301.0,6.1
2024-10-13 10:00:00,28.8,0.0,75.0,285.0,3.8
2024-10-13 11:00:00,29.1,0.0,75.3,272.0,3.2
2024-10-13 12:00:00,30.1,0.0,70.2,243.0,3.2
2024-10-13 13:00:00,30.7,0.0,64.9,254.0,4.7
2024-10-13 14:00:00,28.1,0.0,78.1,290.0,5.9
2024-10-13 15:00:00,29.0,0.0,76.1,308.0,5.5
2024-10-13 16:00:00,31.6,0.0,61.1,267.0,2.2
2024-10-13 17:00:00,30.9,0.0,59.2,234.0,4.3
2024-10-13 18:00:00,30.7,0.0,60.4,216.0,3.4
2024-10-13 19:00:00,29.7,0.0,64.3,206.0,3.4
2024-10-13 20:00:00,29.2,0.0,68.4,249.0,1.6
2024-10-13 21:00:00,29.3,0.0,68.2,231.0,1.6
2024-10-13 22:00:00,29.0,0.0,69.2,269.0,1.9
2024-10-13 23:00:00,28.5,0.0,72.6,261.0,1.3
2024-10-14 00:00:00,28.3,0.0,74.5,327.0,0.7
2024-10-14 01:00:00,27.2,0.0,78.1,286.0,3.9
2024-10-14 02:00:00,25.3,0.2,89.7,157.0,5.1
2024-10-14 03:00:00,25.4,0.0,91.2,287.0,3.5
2024-10-14 04:00:00,24.8,0.4,92.6,4.0,1.4
2024-10-14 05:00:00,25.0,0.0,91.3,275.0,0.6
2024-10-14 06:00:00,25.9,0.0,91.5,245.0,1.6
2024-10-14 07:00:00,26.1,0.0,91.1,294.0,1.9
2024-10-14 08:00:00,26.4,0.0,89.9,257.0,1.5
2024-10-14 09:00:00,23.8,1.8,98.5,304.0,8.60001
2024-10-14 10:00:00,24.1,1.0,99.3,285.0,1.5
2024-10-14 11:00:00,24.6,0.2,99.3,213.0,1.8
2024-10-14 12:00:00,24.2,0.2,99.3,165.0,4.1
2024-10-14 13:00:00,23.2,0.2,99.3,271.0,5.1
2024-10-14 14:00:00,23.5,0.2,93.1,264.0,4.4
2024-10-14 15:00:00,24.8,0.0,86.6,278.0,3.4
2024-10-14 16:00:00,25.5,0.0,81.5,315.0,3.1
2024-10-14 17:00:00,26.9,0.0,76.0,45.0,0.7
2024-10-14 18:00:00,27.0,0.0,74.8,95.0,0.5
2024-10-14 19:00:00,26.3,0.0,77.2,44.0,0.7
2024-10-14 20:00:00,26.1,0.0,78.8,328.0,0.9
2024-10-14 21:00:00,26.4,0.0,80.6,154.0,1.7
2024-10-14 22:00:00,26.3,0.0,81.6,320.0,2.1
2024-10-14 23:00:00,26.1,0.0,80.4,326.0,2.0
2024-10-15 00:00:00,26.0,0.0,80.2,304.0,1.6
2024-10-15 01:00:00,26.3,0.0,72.8,42.0,0.8
2024-10-15 02:00:00,26.5,0.0,78.5,150.0,0.7
2024-10-15 03:00:00,26.7,0.0,75.8,158.0,1.7
2024-10-15 04:00:00,26.3,0.0,82.4,90.0,2.1
2024-10-15 05:00:00,26.3,0.0,84.8,83.0,1.8
2024-10-15 06:00:00,26.2,0.0,85.8,114.0,1.6
2024-10-15 07:00:00,26.8,0.0,82.7,134.0,2.9
2024-10-15 08:00:00,27.4,0.0,80.1,169.0,3.9
2024-10-15 09:00:00,25.2,0.2,91.0,207.0,8.39999
2024-10-15 10:00:00,25.8,0.0,89.8,258.0,5.2
2024-10-15 11:00:00,26.8,0.0,84.1,258.0,3.1
2024-10-15 12:00:00,27.1,0.0,82.9,253.0,4.7
2024-10-15 13:00:00,28.5,0.0,70.3,248.0,4.9
2024-10-15 14:00:00,31.2,0.0,57.7,256.0,2.7
2024-10-15 15:00:00,31.2,0.0,56.0,259.0,4.2
2024-10-15 16:00:00,30.8,0.0,52.9,280.0,3.1
2024-10-15 17:00:00,30.6,0.0,58.0,204.0,2.9
2024-10-15 18:00:00,30.0,0.0,56.1,244.0,3.3
2024-10-15 19:00:00,28.9,0.0,60.9,251.0,2.5
2024-10-15 20:00:00,27.9,0.0,73.1,304.0,3.8
2024-10-15 21:00:00,27.8,0.0,71.5,309.0,2.3
2024-10-15 22:00:00,27.4,0.0,74.4,296.0,4.0
2024-10-15 23:00:00,27.2,0.0,76.3,307.0,3.4
2024-10-16 00:00:00,26.9,0.0,77.6,307.0,4.0
2024-10-16 01:00:00,27.0,0.0,77.6,304.0,2.9
2024-10-16 02:00:00,26.9,0.0,78.6,309.0,2.8
2024-10-16 03:00:00,26.7,0.0,77.2,307.0,4.6
2024-10-16 04:00:00,26.6,0.0,79.6,306.0,4.8
2024-10-16 05:00:00,26.5,0.0,80.6,300.0,2.9
2024-10-16 06:00:00,26.4,0.0,83.0,289.0,2.9
2024-10-16 07:00:00,26.7,0.0,84.2,269.0,3.0
2024-10-16 08:00:00,27.3,0.0,83.0,273.0,1.5
2024-10-16 09:00:00,27.9,0.0,82.0,313.0,1.8
2024-10-16 10:00:00,29.6,0.0,74.8,253.0,2.5
2024-10-16 11:00:00,26.2,0.0,82.4,138.0,9.39999
2024-10-16 12:00:00,28.2,0.0,78.0,107.0,1.3
2024-10-16 13:00:00,28.8,0.0,76.4,228.0,1.1
2024-10-16 14:00:00,26.9,0.0,72.1,184.0,4.6
2024-10-16 15:00:00,27.0,0.0,77.6,238.0,2.6
2024-10-16 16:00:00,30.6,0.0,65.3,169.0,1.2
2024-10-16 17:00:00,30.2,0.0,65.7,145.0,2.6
2024-10-16 18:00:00,30.8,0.0,60.8,220.0,1.3
2024-10-16 19:00:00,29.1,0.0,67.5,221.0,2.6
2024-10-16 20:00:00,28.5,0.0,75.3,218.0,1.6
2024-10-16 21:00:00,28.6,0.0,72.5,126.0,2.8
2024-10-16 22:00:00,28.6,0.0,72.1,132.0,3.7
2024-10-16 23:00:00,28.3,0.0,75.2,120.0,3.4
2024-10-17 00:00:00,28.0,0.0,75.2,109.0,1.8
2024-10-17 01:00:00,27.8,0.0,72.6,105.0,1.5
2024-10-17 02:00:00,27.7,0.0,73.4,92.0,2.3
2024-10-17 03:00:00,27.8,0.0,72.8,152.0,2.5
2024-10-17 04:00:00,27.8,0.0,72.7,127.0,2.1
2024-10-17 05:00:00,27.5,0.0,76.4,202.0,1.6
2024-10-17 06:00:00,27.4,0.0,78.3,94.0,2.0
2024-10-17 07:00:00,27.4,0.0,81.4,95.0,3.6
2024-10-17 08:00:00,27.8,0.0,82.1,121.0,2.5
2024-10-17 09:00:00,28.3,0.0,76.7,154.0,3.0
2024-10-17 10:00:00,28.9,0.0,71.0,142.0,3.8
2024-10-17 11:00:00,24.4,0.0,86.4,133.0,6.0
2024-10-17 12:00:00,26.3,0.0,77.4,299.0,3.4
2024-10-17 13:00:00,27.2,0.0,75.2,331.0,0.8
2024-10-17 14:00:00,27.3,0.0,78.0,209.0,3.2
2024-10-17 15:00:00,27.6,0.0,81.0,198.0,4.6
2024-10-17 16:00:00,28.7,0.0,75.9,154.0,0.7
2024-10-17 17:00:00,28.5,0.0,72.4,152.0,2.4
2024-10-17 18:00:00,28.4,0.0,74.3,117.0,3.8
2024-10-17 19:00:00,28.0,0.0,78.4,98.0,2.8
2024-10-17 20:00:00,27.5,0.0,82.6,37.0,1.0
2024-10-17 21:00:00,27.2,0.0,86.9,343.0,1.5
2024-10-17 22:00:00,26.6,0.0,90.4,11.0,1.0
2024-10-17 23:00:00,26.3,0.0,91.8,1.0,1.6
2024-10-18 00:00:00,26.1,0.0,92.0,311.0,1.7
2024-10-18 01:00:00,25.8,0.0,90.4,358.0,2.7
2024-10-18 02:00:00,25.9,0.0,88.9,343.0,3.4
2024-10-18 03:00:00,25.6,0.0,91.2,340.0,2.1
2024-10-18 04:00:00,25.3,0.0,91.2,28.0,0.9
2024-10-18 05:00:00,25.7,0.0,89.2,208.0,1.3
2024-10-18 06:00:00,26.0,0.0,89.9,277.0,1.9
2024-10-18 07:00:00,25.5,0.0,91.4,301.0,1.6
2024-10-18 08:00:00,28.5,0.0,79.0,277.0,0.6
2024-10-18 09:00:00,28.7,0.0,78.1,313.0,1.8
2024-10-18 10:00:00,29.7,0.0,74.1,239.0,2.1
2024-10-18 11:00:00,29.2,0.0,72.8,257.0,3.8
2024-10-18 12:00:00,31.8,0.0,57.7,222.0,2.9
2024-10-18 13:00:00,29.2,0.0,72.8,198.0,6.3
2024-10-18 14:00:00,29.0,0.0,73.9,306.0,1.0
2024-10-18 15:00:00,29.1,0.0,72.7,303.0,1.0
2024-10-18 16:00:00,29.6,0.0,69.3,207.0,1.7
2024-10-18 17:00:00,29.8,0.0,64.8,199.0,1.6
2024-10-18 18:00:00,29.2,0.0,67.1,179.0,2.0
2024-10-18 19:00:00,28.8,0.0,66.0,157.0,0.8
2024-10-18 20:00:00,28.3,0.0,70.6,333.0,0.6
2024-10-18 21:00:00,28.2,0.0,73.9,53.0,0.8
2024-10-18 22:00:00,28.2,0.0,75.4,100.0,1.6
2024-10-18 23:00:00,27.7,0.0,80.5,37.0,1.5
2024-10-19 00:00:00,27.1,0.0,86.3,334.0,1.2
2024-10-19 01:00:00,27.2,0.0,83.9,90.0,1.8
2024-10-19 02:00:00,27.2,0.0,84.3,94.0,1.8
2024-10-19 03:00:00,27.0,0.0,82.6,103.0,0.7
2024-10-19 04:00:00,27.2,0.0,83.8,103.0,5.3
2024-10-19 05:00:00,27.1,0.0,87.0,100.0,4.0
2024-10-19 06:00:00,27.0,0.0,88.3,103.0,2.0
2024-10-19 07:00:00,27.1,0.0,86.7,112.0,2.4
2024-10-19 08:00:00,29.9,0.0,74.9,291.0,0.4
2024-10-19 09:00:00,29.6,0.0,72.7,85.0,3.9
2024-10-19 10:00:00,30.6,0.0,67.5,130.0,2.5
2024-10-19 11:00:00,30.2,0.0,62.3,116.0,5.7
2024-10-19 12:00:00,30.3,0.0,63.3,6.0,4.2
2024-10-19 13:00:00,30.0,0.0,63.1,84.0,3.8
2024-10-19 14:00:00,29.3,0.0,66.3,142.0,2.5
2024-10-19 15:00:00,32.1,0.0,57.3,232.0,1.8
2024-10-19 16:00:00,29.9,0.0,65.4,107.0,4.4
2024-10-19 17:00:00,29.5,0.0,65.4,118.0,5.8
2024-10-19 18:00:00,28.3,0.0,74.8,112.0,6.6
2024-10-19 19:00:00,28.4,0.0,73.8,103.0,4.8
2024-10-19 20:00:00,27.9,0.0,75.8,90.0,4.8
2024-10-19 21:00:00,27.7,0.0,75.4,79.0,4.5
2024-10-19 22:00:00,27.6,0.0,76.9,85.0,5.6
2024-10-19 23:00:00,27.4,0.0,78.1,77.0,4.3
2024-10-20 00:00:00,27.2,0.0,78.0,73.0,2.6
2024-10-20 01:00:00,27.1,0.0,79.6,78.0,1.9
2024-10-20 02:00:00,25.9,0.0,88.5,356.0,3.3
2024-10-20 03:00:00,26.1,0.0,83.9,85.0,1.7
2024-10-20 04:00:00,22.1,0.6,92.8,303.0,14.7
2024-10-20 05:00:00,22.8,0.6,95.5,255.0,4.0
2024-10-20 06:00:00,23.3,0.2,89.1,187.0,3.1
2024-10-20 07:00:00,24.0,0.0,80.2,243.0,2.1
2024-10-20 08:00:00,24.2,0.0,81.0,215.0,2.0
2024-10-20 09:00:00,24.6,0.0,82.8,55.0,0.6
2024-10-20 10:00:00,24.4,0.0,90.0,7.0,2.9
2024-10-20 11:00:00,26.1,0.0,76.5,303.0,1.3
2024-10-20 12:00:00,26.9,0.0,78.9,303.0,2.3
2024-10-20 13:00:00,29.6,0.0,64.6,279.0,2.2
2024-10-20 14:00:00,29.8,0.0,60.8,305.0,2.4
2024-10-20 15:00:00,30.8,0.0,51.9,204.0,2.5
2024-10-20 16:00:00,31.1,0.0,52.8,255.0,1.3
2024-10-20 17:00:00,30.9,0.0,54.4,295.0,0.9
2024-10-20 18:00:00,30.2,0.0,56.8,357.0,0.9
2024-10-20 19:00:00,29.5,0.0,59.0,355.0,0.8
2024-10-20 20:00:00,29.1,0.0,60.6,345.0,1.1
2024-10-20 21:00:00,28.7,0.0,62.2,19.0,1.3
2024-10-20 22:00:00,28.5,0.0,65.3,100.0,1.2
2024-10-20 23:00:00,28.3,0.0,70.9,89.0,3.5
2024-10-21 00:00:00,28.1,0.0,69.9,90.0,3.4
2024-10-21 01:00:00,27.9,0.0,70.4,95.0,2.0
2024-10-21 02:00:00,27.6,0.0,80.8,84.0,3.4
2024-10-21 03:00:00,27.4,0.0,83.4,76.0,2.2
2024-10-21 04:00:00,27.3,0.0,85.7,89.0,2.1
2024-10-21 05:00:00,27.3,0.0,85.2,97.0,3.0
2024-10-21 06:00:00,27.3,0.0,84.8,81.0,2.5
2024-10-21 07:00:00,27.4,0.0,84.5,94.0,2.0
2024-10-21 08:00:00,27.9,0.0,82.0,66.0,1.3
2024-10-21 09:00:00,29.3,0.0,75.6,93.0,1.6
2024-10-21 10:00:00,30.1,0.0,65.9,100.0,1.7
2024-10-21 11:00:00,30.0,0.0,70.5,73.0,2.6
2024-10-21 12:00:00,29.5,0.0,75.6,117.0,2.3
2024-10-21 13:00:00,30.6,0.0,66.8,123.0,2.9
2024-10-21 14:00:00,32.5,0.0,58.7,144.0,3.2
2024-10-21 15:00:00,33.4,0.0,49.7,211.0,4.2
2024-10-21 16:00:00,33.3,0.0,41.8,274.0,5.9
2024-10-21 17:00:00,33.7,0.0,40.9,290.0,3.2
2024-10-21 18:00:00,32.7,0.0,42.8,288.0,3.3
2024-10-21 19:00:00,31.5,0.0,46.7,295.0,3.0
2024-10-21 20:00:00,30.9,0.0,49.5,311.0,2.5
2024-10-21 21:00:00,30.5,0.0,52.1,315.0,1.6
2024-10-21 22:00:00,29.5,0.0,70.7,103.0,5.8
2024-10-21 23:00:00,28.8,0.0,79.5,89.0,5.1
2024-10-22 00:00:00,28.5,0.0,80.9,98.0,4.8
2024-10-22 01:00:00,28.4,0.0,81.9,95.0,5.3
2024-10-22 02:00:00,28.2,0.0,81.5,93.0,2.6
2024-10-22 03:00:00,28.1,0.0,82.6,90.0,3.9
2024-10-22 04:00:00,28.0,0.0,84.5,92.0,2.4
2024-10-22 05:00:00,27.9,0.0,83.6,93.0,2.9
2024-10-22 06:00:00,27.8,0.0,84.0,94.0,2.4
2024-10-22 07:00:00,27.8,0.0,85.0,97.0,2.4
2024-10-22 08:00:00,29.0,0.0,79.6,85.0,1.6
2024-10-22 09:00:00,30.8,0.0,70.2,92.0,1.5
2024-10-22 10:00:00,30.8,0.0,67.8,349.0,1.5
2024-10-22 11:00:00,31.9,0.0,65.0,114.0,3.1
2024-10-22 12:00:00,30.3,0.0,68.2,106.0,4.9
2024-10-22 13:00:00,30.9,0.0,63.0,180.0,4.6
2024-10-22 14:00:00,33.9,0.0,50.1,191.0,1.5
2024-10-22 15:00:00,32.3,0.0,55.2,217.0,5.7
2024-10-22 16:00:00,32.8,0.0,54.8,217.0,4.6
2024-10-22 17:00:00,32.6,0.0,50.5,237.0,3.6
2024-10-22 18:00:00,31.4,0.0,54.9,211.0,4.4
2024-10-22 19:00:00,30.8,0.0,58.5,167.0,1.1
2024-10-22 20:00:00,29.6,0.0,72.2,82.0,3.7
2024-10-22 21:00:00,29.4,0.0,74.9,93.0,7.2
2024-10-22 22:00:00,28.9,0.0,79.7,110.0,5.1
2024-10-22 23:00:00,28.8,0.0,76.7,93.0,4.5
2024-10-23 00:00:00,28.6,0.0,79.3,98.0,5.4
2024-10-23 01:00:00,28.3,0.0,83.0,99.0,3.9
2024-10-23 02:00:00,28.2,0.0,84.5,114.0,4.7
2024-10-23 03:00:00,28.0,0.0,84.2,101.0,5.8
2024-10-23 04:00:00,28.0,0.0,84.1,90.0,6.6
2024-10-23 05:00:00,28.0,0.0,84.9,128.0,2.9
2024-10-23 06:00:00,27.9,0.0,83.7,127.0,3.4
2024-10-23 07:00:00,28.0,0.0,81.5,142.0,2.1
2024-10-23 08:00:00,28.8,0.0,77.4,90.0,2.2
2024-10-23 09:00:00,27.1,0.0,68.8,220.0,1.9
2024-10-23 10:00:00,29.6,0.0,61.9,268.0,3.1
2024-10-23 11:00:00,31.1,0.0,60.8,178.0,4.0
2024-10-23 12:00:00,33.0,0.0,52.4,258.0,2.7
2024-10-23 13:00:00,31.7,0.0,56.7,212.0,5.3
2024-10-23 14:00:00,32.8,0.0,54.8,203.0,4.2
2024-10-23 15:00:00,32.1,0.0,58.2,216.0,5.0
2024-10-23 16:00:00,32.4,0.0,57.3,239.0,2.8
2024-10-23 17:00:00,31.6,0.0,59.0,279.0,2.9
2024-10-23 18:00:00,30.6,0.0,65.8,214.0,2.6
2024-10-23 19:00:00,30.3,0.0,68.2,212.0,1.9
2024-10-23 20:00:00,29.7,0.0,69.3,207.0,3.2
2024-10-23 21:00:00,29.7,0.0,70.8,232.0,1.1
2024-10-23 22:00:00,28.9,0.0,79.2,208.0,3.3
2024-10-23 23:00:00,28.8,0.0,79.1,11.0,1.0
2024-10-24 00:00:00,28.5,0.0,79.3,301.0,1.7
2024-10-24 01:00:00,28.2,0.0,82.1,29.0,0.9
2024-10-24 02:00:00,28.0,0.0,82.2,88.0,1.6
2024-10-24 03:00:00,27.7,0.0,83.2,21.0,1.6
2024-10-24 04:00:00,27.5,0.0,80.8,355.0,1.9
2024-10-24 05:00:00,27.4,0.0,80.5,52.0,1.0
2024-10-24 06:00:00,27.5,0.0,79.7,359.0,1.3
2024-10-24 07:00:00,27.3,0.0,80.8,128.0,0.4
2024-10-24 08:00:00,28.2,0.0,76.2,357.0,2.5
2024-10-24 09:00:00,30.3,0.0,67.2,82.0,2.5
2024-10-24 10:00:00,31.0,0.0,63.6,314.0,1.4
2024-10-24 11:00:00,30.6,0.0,68.1,124.0,2.7
2024-10-24 12:00:00,30.8,0.0,66.3,142.0,2.7
2024-10-24 13:00:00,30.3,0.0,66.6,110.0,4.4
2024-10-24 14:00:00,31.9,0.0,59.5,179.0,5.1
2024-10-24 15:00:00,32.1,0.0,56.9,196.0,6.0
2024-10-24 16:00:00,31.0,0.0,59.1,210.0,7.2
2024-10-24 17:00:00,30.4,0.0,60.9,186.0,5.4
2024-10-24 18:00:00,30.5,0.0,60.5,238.0,1.2
2024-10-24 19:00:00,29.2,0.0,67.5,17.0,2.3
2024-10-24 20:00:00,28.2,0.0,73.6,18.0,1.5
2024-10-24 21:00:00,27.9,0.0,75.1,331.0,0.6
2024-10-24 22:00:00,27.7,0.0,75.6,27.0,1.3
2024-10-24 23:00:00,28.2,0.0,72.8,45.0,0.9
2024-10-25 00:00:00,28.3,0.0,72.5,101.0,2.3
2024-10-25 01:00:00,28.4,0.0,72.5,105.0,1.5
2024-10-25 02:00:00,28.2,0.0,73.7,125.0,0.8
2024-10-25 03:00:00,28.1,0.0,73.8,122.0,1.5
2024-10-25 04:00:00,27.7,0.0,77.5,34.0,0.5
2024-10-25 05:00:00,28.0,0.0,75.6,34.0,1.1
2024-10-25 06:00:00,27.7,0.0,78.4,65.0,0.6
2024-10-25 07:00:00,26.9,0.0,75.8,206.0,3.7
2024-10-25 08:00:00,27.4,0.0,74.1,211.0,1.6
2024-10-25 09:00:00,28.1,0.0,76.9,244.0,2.1
2024-10-25 10:00:00,31.5,0.0,62.1,252.0,1.9
2024-10-25 11:00:00,30.4,0.0,68.2,198.0,4.5
2024-10-25 12:00:00,32.1,0.0,61.7,210.0,3.1
2024-10-25 13:00:00,31.4,0.0,65.2,212.0,4.7
2024-10-25 14:00:00,30.3,0.0,65.0,247.0,4.4
2024-10-25 15:00:00,30.7,0.0,64.3,277.0,4.5
2024-10-25 16:00:00,30.4,0.0,66.3,269.0,3.3
2024-10-25 17:00:00,29.6,0.0,66.3,298.0,6.4
2024-10-25 18:00:00,29.8,0.0,63.7,299.0,6.3
2024-10-25 19:00:00,29.2,0.0,72.0,310.0,5.9
2024-10-25 20:00:00,28.9,0.0,76.5,298.0,4.8
2024-10-25 21:00:00,28.7,0.0,76.6,297.0,5.4
2024-10-25 22:00:00,28.5,0.0,76.5,305.0,3.6
2024-10-25 23:00:00,28.3,0.0,78.1,302.0,2.5
2024-10-26 00:00:00,28.1,0.0,78.7,307.0,5.8
2024-10-26 01:00:00,27.9,0.0,78.1,302.0,5.4
2024-10-26 02:00:00,27.7,0.0,74.2,307.0,6.3
2024-10-26 03:00:00,27.6,0.0,71.3,297.0,6.4
2024-10-26 04:00:00,27.3,0.0,74.9,278.0,4.3
2024-10-26 05:00:00,27.2,0.0,77.3,299.0,3.9
2024-10-26 06:00:00,27.2,0.0,78.7,281.0,2.1
2024-10-26 07:00:00,27.2,0.0,80.2,302.0,3.4
2024-10-26 08:00:00,28.7,0.0,74.8,279.0,1.2
2024-10-26 09:00:00,30.0,0.0,71.1,275.0,2.1
2024-10-26 10:00:00,30.1,0.0,65.5,248.0,4.8
2024-10-26 11:00:00,31.1,0.0,61.4,251.0,4.4
2024-10-26 12:00:00,31.5,0.0,58.8,229.0,4.9
2024-10-26 13:00:00,31.4,0.0,54.4,271.0,5.8
2024-10-26 14:00:00,31.7,0.0,52.9,289.0,5.4
2024-10-26 15:00:00,31.8,0.0,52.1,229.0,5.8
2024-10-26 16:00:00,31.3,0.0,51.9,223.0,4.5
2024-10-26 17:00:00,31.7,0.0,49.6,264.0,3.2
2024-10-26 18:00:00,31.0,0.0,57.8,261.0,2.7
2024-10-26 19:00:00,30.6,0.0,60.5,265.0,3.2
2024-10-26 20:00:00,30.3,0.0,62.0,285.0,2.9
2024-10-26 21:00:00,29.8,0.0,66.3,339.0,0.7
2024-10-26 22:00:00,29.7,0.0,72.6,129.0,1.4
2024-10-26 23:00:00,29.2,0.0,76.8,202.0,2.5
2024-10-27 00:00:00,29.0,0.0,79.7,227.0,1.3
2024-10-27 01:00:00,29.0,0.0,73.1,280.0,1.0
2024-10-27 02:00:00,28.6,0.0,78.5,271.0,2.0
2024-10-27 03:00:00,27.9,0.0,80.4,308.0,5.3
2024-10-27 04:00:00,27.5,0.0,79.0,273.0,1.3
2024-10-27 05:00:00,27.5,0.0,76.2,310.0,3.8
2024-10-27 06:00:00,27.3,0.0,80.4,306.0,2.3
2024-10-27 07:00:00,27.5,0.0,81.1,255.0,2.9
2024-10-27 08:00:00,27.9,0.0,80.5,310.0,4.3
2024-10-27 09:00:00,29.0,0.0,76.7,309.0,5.0
2024-10-27 10:00:00,31.0,0.0,63.5,304.0,2.9
2024-10-27 11:00:00,31.7,0.0,59.8,273.0,3.9
2024-10-27 12:00:00,31.6,0.0,55.6,274.0,6.4
2024-10-27 13:00:00,33.1,0.0,50.6,262.0,3.6
2024-10-27 14:00:00,32.7,0.0,50.2,270.0,3.8
2024-10-27 15:00:00,32.6,0.0,49.2,251.0,5.3
2024-10-27 16:00:00,32.0,0.0,55.7,260.0,6.2
2024-10-27 17:00:00,33.0,0.0,53.2,239.0,2.3
2024-10-27 18:00:00,31.8,0.0,56.1,260.0,2.9
2024-10-27 19:00:00,31.2,0.0,57.2,238.0,3.0
2024-10-27 20:00:00,30.9,0.0,59.6,240.0,1.7
2024-10-27 21:00:00,30.6,0.0,63.2,212.0,1.8
2024-10-27 22:00:00,29.8,0.0,70.7,209.0,5.4
2024-10-27 23:00:00,29.8,0.0,68.1,274.0,1.7
2024-10-28 00:00:00,28.9,0.0,80.9,179.0,3.7
2024-10-28 01:00:00,28.8,0.0,81.5,220.0,1.7
2024-10-28 02:00:00,28.6,0.0,83.0,253.0,1.2
2024-10-28 03:00:00,28.8,0.0,80.0,222.0,2.4
2024-10-28 04:00:00,28.6,0.0,81.8,245.0,1.4
2024-10-28 05:00:00,28.8,0.0,79.9,286.0,1.5
2024-10-28 06:00:00,28.6,0.0,81.4,259.0,1.3
2024-10-28 07:00:00,28.8,0.0,81.9,240.0,2.0
2024-10-28 08:00:00,28.5,0.0,76.3,289.0,3.3
2024-10-28 09:00:00,29.4,0.0,75.8,266.0,2.9
2024-10-28 10:00:00,29.0,0.0,76.5,309.0,3.7
2024-10-28 11:00:00,30.7,0.0,60.0,225.0,2.0
2024-10-28 12:00:00,31.5,0.0,53.3,210.0,3.6
2024-10-28 13:00:00,32.0,0.0,57.5,227.0,2.7
2024-10-28 14:00:00,32.2,0.0,54.8,266.0,3.6
2024-10-28 15:00:00,32.4,0.0,48.5,227.0,5.5
2024-10-28 16:00:00,32.3,0.0,51.1,273.0,3.0
2024-10-28 17:00:00,31.1,0.0,57.4,208.0,4.9
2024-10-28 18:00:00,31.0,0.0,58.9,204.0,2.2
2024-10-28 19:00:00,30.0,0.0,65.5,205.0,3.7
2024-10-28 20:00:00,29.7,0.0,71.1,216.0,2.1
2024-10-28 21:00:00,29.3,0.0,75.0,172.0,0.9
2024-10-28 22:00:00,29.3,0.0,74.5,117.0,3.8
2024-10-28 23:00:00,29.2,0.0,75.3,93.0,2.6
2024-10-29 00:00:00,29.1,0.0,73.0,104.0,2.7
2024-10-29 01:00:00,29.0,0.0,73.6,153.0,4.4
2024-10-29 02:00:00,28.8,0.0,75.3,173.0,1.7
2024-10-29 03:00:00,28.8,0.0,76.2,147.0,2.8
2024-10-29 04:00:00,28.5,0.0,79.8,116.0,3.3
2024-10-29 05:00:00,28.3,0.0,82.3,151.0,3.5
2024-10-29 06:00:00,28.2,0.0,79.2,153.0,3.0
2024-10-29 07:00:00,28.2,0.0,80.0,133.0,1.5
2024-10-29 08:00:00,29.7,0.0,75.1,232.0,1.7
2024-10-29 09:00:00,30.4,0.0,71.1,194.0,4.0
2024-10-29 10:00:00,30.5,0.0,72.5,200.0,4.4
2024-10-29 11:00:00,31.1,0.0,64.3,236.0,5.4
2024-10-29 12:00:00,31.5,0.0,62.4,259.0,4.7
2024-10-29 13:00:00,32.3,0.0,54.6,230.0,3.6
2024-10-29 14:00:00,31.9,0.0,60.2,209.0,5.8
2024-10-29 15:00:00,32.6,0.0,58.1,210.0,3.5
2024-10-29 16:00:00,32.1,0.0,59.6,208.0,6.1
2024-10-29 17:00:00,31.7,0.0,60.7,198.0,3.3
2024-10-29 18:00:00,30.8,0.0,65.4,288.0,2.4
2024-10-29 19:00:00,30.8,0.0,66.7,201.0,3.4
2024-10-29 20:00:00,30.2,0.0,68.5,59.0,0.8
2024-10-29 21:00:00,29.7,0.0,71.4,9.0,1.1
2024-10-29 22:00:00,29.0,0.0,76.0,319.0,2.1
2024-10-29 23:00:00,28.7,0.0,79.4,308.0,4.0
2024-10-30 00:00:00,28.5,0.0,78.8,300.0,2.6
2024-10-30 01:00:00,28.3,0.0,80.8,300.0,2.1
2024-10-30 02:00:00,28.2,0.0,79.9,311.0,3.5
2024-10-30 03:00:00,28.0,0.0,81.6,277.0,2.4
2024-10-30 04:00:00,27.7,0.0,80.4,281.0,2.9
2024-10-30 05:00:00,27.6,0.0,82.4,291.0,3.9
2024-10-30 06:00:00,27.8,0.0,82.6,297.0,4.4
2024-10-30 07:00:00,27.3,0.0,86.4,293.0,4.0
2024-10-30 08:00:00,28.2,0.0,81.7,274.0,2.7
2024-10-30 09:00:00,30.4,0.0,72.8,266.0,1.7
2024-10-30 10:00:00,31.3,0.0,64.5,236.0,1.8
2024-10-30 11:00:00,32.0,0.0,61.8,218.0,2.5
2024-10-30 12:00:00,32.1,0.0,60.4,220.0,4.6
2024-10-30 13:00:00,32.7,0.0,55.2,260.0,3.3
2024-10-30 14:00:00,33.2,0.0,52.5,187.0,2.9
2024-10-30 15:00:00,31.1,0.0,59.1,215.0,3.8
2024-10-30 16:00:00,31.2,0.0,59.7,262.0,2.6
2024-10-30 17:00:00,32.2,0.0,56.7,194.0,1.5
2024-10-30 18:00:00,31.4,0.0,59.5,237.0,3.7
2024-10-30 19:00:00,30.7,0.0,62.3,173.0,1.0
2024-10-30 20:00:00,30.3,0.0,63.8,256.0,3.0
2024-10-30 21:00:00,29.8,0.0,67.7,308.0,3.1
2024-10-30 22:00:00,29.2,0.0,70.4,299.0,2.9
2024-10-30 23:00:00,29.2,0.0,69.8,300.0,2.6
2024-10-31 00:00:00,28.8,0.0,72.1,358.0,1.1
2024-10-31 01:00:00,28.8,0.0,70.7,76.0,0.9
2024-10-31 02:00:00,28.6,0.0,70.8,307.0,1.7
2024-10-31 03:00:00,28.3,0.0,77.0,354.0,2.7
2024-10-31 04:00:00,28.3,0.0,76.4,5.0,2.4
2024-10-31 05:00:00,28.0,0.0,77.8,12.0,1.2
2024-10-31 06:00:00,27.9,0.0,76.0,311.0,2.4
2024-10-31 07:00:00,28.0,0.0,73.3,229.0,1.8
2024-10-31 08:00:00,28.4,0.0,69.7,267.0,3.2
2024-10-31 09:00:00,30.0,0.0,58.2,277.0,1.5
2024-10-31 10:00:00,31.5,0.0,56.8,221.0,2.8
2024-10-31 11:00:00,24.5,1.4,90.4,301.0,5.1
2024-10-31 12:00:00,28.7,0.0,76.5,264.0,1.7
2024-10-31 13:00:00,30.4,0.0,67.9,279.0,4.0
2024-10-31 14:00:00,31.1,0.0,63.1,232.0,3.6
2024-10-31 15:00:00,29.7,0.0,66.7,207.0,5.6
2024-10-31 16:00:00,31.5,0.0,64.1,250.0,2.0
2024-10-31 17:00:00,31.5,0.0,55.3,301.0,3.6
2024-10-31 18:00:00,30.9,0.0,57.6,309.0,2.8
2024-10-31 19:00:00,30.2,0.0,57.4,301.0,3.0
2024-10-31 20:00:00,29.5,0.0,63.3,275.0,2.1
2024-10-31 21:00:00,29.5,0.0,62.4,314.0,3.7
2024-10-31 22:00:00,29.0,0.0,68.9,312.0,2.8
2024-10-31 23:00:00,28.6,0.0,72.6,307.0,4.7
2024-11-01 00:00:00,28.6,0.0,74.3,313.0,2.5
2024-11-01 01:00:00,28.5,0.0,76.7,311.0,3.2
2024-11-01 02:00:00,27.9,0.0,71.6,145.0,0.8
2024-11-01 03:00:00,27.9,0.0,80.0,299.0,2.7
2024-11-01 04:00:00,27.9,0.0,69.1,258.0,3.6
2024-11-01 05:00:00,26.3,0.0,75.4,301.0,6.3
2024-11-01 06:00:00,26.2,0.0,80.0,311.0,4.1
2024-11-01 07:00:00,26.1,0.0,84.1,306.0,3.0
2024-11-01 08:00:00,26.8,0.0,82.1,307.0,4.3
2024-11-01 09:00:00,28.2,0.0,72.8,308.0,9.5
2024-11-01 10:00:00,29.4,0.0,68.5,287.0,6.7
2024-11-01 11:00:00,31.1,0.0,62.1,280.0,4.3
2024-11-01 12:00:00,31.5,0.0,58.7,298.0,5.9
2024-11-01 13:00:00,32.2,0.0,58.5,274.0,3.5
2024-11-01 14:00:00,30.5,0.0,66.5,280.0,5.8
2024-11-01 15:00:00,28.6,0.0,78.6,303.0,3.2
2024-11-01 16:00:00,28.6,0.0,71.4,287.0,2.1
2024-11-01 17:00:00,28.2,0.0,77.9,353.0,1.2
2024-11-01 18:00:00,28.5,0.0,74.8,335.0,1.1
2024-11-01 19:00:00,28.1,0.0,78.5,358.0,2.0
2024-11-01 20:00:00,28.2,0.0,77.9,8.0,1.0
2024-11-01 21:00:00,28.0,0.0,81.1,86.0,1.2
2024-11-01 22:00:00,27.6,0.0,82.3,50.0,1.0
2024-11-01 23:00:00,27.5,0.0,84.2,79.0,0.8
2024-11-02 00:00:00,27.5,0.0,83.0,25.0,0.6
2024-11-02 01:00:00,27.8,0.0,79.8,108.0,1.9
2024-11-02 02:00:00,27.6,0.0,82.3,314.0,1.1
2024-11-02 03:00:00,27.3,0.0,83.2,36.0,1.7
2024-11-02 04:00:00,27.5,0.0,80.3,345.0,1.5
2024-11-02 05:00:00,27.4,0.0,79.9,20.0,1.3
2024-11-02 06:00:00,27.6,0.0,79.6,15.0,2.8
2024-11-02 07:00:00,27.4,0.0,81.0,21.0,1.2
2024-11-02 08:00:00,28.0,0.0,80.7,351.0,2.6
2024-11-02 09:00:00,28.7,0.0,79.7,345.0,2.1
2024-11-02 10:00:00,29.0,0.0,71.7,304.0,7.5
2024-11-02 11:00:00,29.2,0.0,68.4,293.0,9.8
2024-11-02 12:00:00,28.3,0.0,74.1,262.0,4.5
2024-11-02 13:00:00,26.6,0.0,85.0,255.0,3.8
2024-11-02 14:00:00,25.9,0.0,79.8,290.0,5.0
2024-11-02 15:00:00,25.8,0.0,84.2,306.0,2.3
2024-11-02 16:00:00,26.2,0.0,86.9,298.0,3.4
2024-11-02 17:00:00,26.8,0.0,84.7,289.0,3.9
2024-11-02 18:00:00,27.0,0.0,84.1,292.0,3.6
2024-11-02 19:00:00,27.0,0.0,80.9,295.0,4.1
2024-11-02 20:00:00,26.9,0.0,81.6,295.0,2.4
2024-11-02 21:00:00,26.8,0.0,83.2,309.0,3.0
2024-11-02 22:00:00,27.1,0.0,82.9,302.0,1.6
2024-11-02 23:00:00,27.2,0.0,83.2,114.0,0.5
2024-11-03 00:00:00,27.6,0.0,80.7,324.0,1.8
2024-11-03 01:00:00,27.2,0.0,82.8,276.0,1.6
2024-11-03 02:00:00,27.0,0.0,84.0,294.0,2.1
2024-11-03 03:00:00,27.0,0.0,83.7,310.0,3.3
2024-11-03 04:00:00,26.9,0.0,83.0,300.0,3.2
2024-11-03 05:00:00,27.0,0.0,81.1,311.0,2.5
2024-11-03 06:00:00,26.9,0.0,81.7,306.0,5.1
2024-11-03 07:00:00,26.9,0.0,83.1,293.0,2.4
2024-11-03 08:00:00,28.3,0.0,77.8,256.0,1.7
2024-11-03 09:00:00,29.3,0.0,73.9,263.0,2.3
2024-11-03 10:00:00,30.0,0.0,65.0,304.0,4.6
2024-11-03 11:00:00,30.8,0.0,59.3,302.0,5.9
2024-11-03 12:00:00,29.5,0.0,70.6,230.0,5.8
2024-11-03 13:00:00,26.8,0.0,82.6,207.0,8.0
2024-11-03 14:00:00,28.5,0.0,76.9,209.0,5.1
2024-11-03 15:00:00,27.9,0.0,77.6,71.0,3.7
2024-11-03 16:00:00,29.7,0.0,70.4,107.0,1.2
2024-11-03 17:00:00,28.7,0.0,75.1,351.0,2.9
2024-11-03 18:00:00,27.8,0.0,76.0,14.0,1.6
2024-11-03 19:00:00,27.4,0.0,77.6,13.0,1.3
2024-11-03 20:00:00,27.0,0.0,78.3,19.0,1.6
2024-11-03 21:00:00,27.3,0.0,77.3,57.0,1.1
2024-11-03 22:00:00,27.0,0.0,80.5,80.0,0.6
2024-11-03 23:00:00,27.2,0.0,79.6,165.0,0.6
2024-11-04 00:00:00,27.3,0.0,79.5,338.0,0.8
2024-11-04 01:00:00,27.4,0.0,78.0,90.0,1.7
2024-11-04 02:00:00,27.3,0.0,78.2,111.0,1.3
2024-11-04 03:00:00,27.1,0.0,80.0,31.0,1.5
2024-11-04 04:00:00,26.6,0.0,83.5,44.0,0.8
2024-11-04 05:00:00,26.7,0.0,82.9,33.0,0.5
2024-11-04 06:00:00,26.5,0.0,83.9,132.0,1.0
2024-11-04 07:00:00,26.9,0.0,84.3,184.0,2.4
2024-11-04 08:00:00,23.6,1.8,94.8,212.0,4.3
2024-11-04 09:00:00,23.7,0.6,95.4,250.0,1.6
2024-11-04 10:00:00,24.5,0.2,94.6,285.0,1.4
2024-11-04 11:00:00,24.7,0.0,94.5,279.0,1.7
2024-11-04 12:00:00,26.0,0.0,89.2,202.0,1.8
2024-11-04 13:00:00,27.5,0.0,82.7,227.0,1.5
2024-11-04 14:00:00,28.6,0.0,75.6,256.0,2.7
2024-11-04 15:00:00,29.7,0.0,70.9,252.0,1.5
2024-11-04 16:00:00,28.6,0.0,72.1,259.0,2.9
2024-11-04 17:00:00,28.4,0.0,72.8,209.0,3.7
2024-11-04 18:00:00,27.9,0.0,73.3,221.0,2.3
2024-11-04 19:00:00,27.5,0.0,75.1,204.0,4.4
2024-11-04 20:00:00,27.4,0.0,74.4,199.0,2.4
2024-11-04 21:00:00,27.4,0.0,77.2,201.0,2.6
2024-11-04 22:00:00,27.0,0.0,78.7,291.0,0.7
2024-11-04 23:00:00,27.2,0.0,78.2,81.0,1.0
2024-11-05 00:00:00,27.2,0.0,77.4,124.0,1.6
2024-11-05 01:00:00,27.0,0.0,79.1,9.0,1.6
2024-11-05 02:00:00,26.6,0.0,80.8,8.0,0.6
2024-11-05 03:00:00,26.4,0.0,81.7,101.0,0.8
2024-11-05 04:00:00,26.5,0.0,82.3,176.0,0.9
2024-11-05 05:00:00,26.0,0.0,85.1,356.0,0.6
2024-11-05 06:00:00,26.1,0.0,85.9,57.0,1.2
2024-11-05 07:00:00,26.3,0.0,85.1,348.0,1.7
2024-11-05 08:00:00,28.1,0.0,74.7,331.0,1.0
2024-11-05 09:00:00,29.6,0.0,66.1,194.0,3.0
2024-11-05 10:00:00,30.0,0.0,64.5,201.0,5.0
2024-11-05 11:00:00,30.2,0.0,64.1,209.0,5.3
2024-11-05 12:00:00,31.1,0.0,61.6,203.0,5.7
2024-11-05 13:00:00,30.8,0.0,64.4,178.0,4.9
2024-11-05 14:00:00,29.3,0.0,68.9,191.0,3.3
2024-11-05 15:00:00,29.3,0.0,72.5,148.0,2.5
2024-11-05 16:00:00,29.3,0.0,71.0,205.0,2.8
2024-11-05 17:00:00,28.9,0.0,73.3,212.0,5.7
2024-11-05 18:00:00,28.8,0.0,72.2,217.0,4.0
2024-11-05 19:00:00,28.8,0.0,72.2,217.0,4.0
2024-11-05 20:00:00,28.8,0.0,72.2,217.0,4.0
2024-11-05 21:00:00,28.8,0.0,72.2,217.0,4.0
2024-11-05 22:00:00,28.8,0.0,72.2,217.0,4.0
2024-11-05 23:00:00,28.8,0.0,72.2,217.0,4.0
2024-11-06 00:00:00,28.8,0.0,72.2,217.0,4.0
2024-11-06 01:00:00,28.8,0.0,72.2,217.0,4.0
2024-11-06 02:00:00,28.8,0.0,72.2,217.0,4.0
2024-11-06 03:00:00,28.8,0.0,72.2,217.0,4.0
2024-11-06 04:00:00,28.8,0.0,72.2,217.0,4.0
2024-11-06 05:00:00,28.8,0.0,72.2,217.0,4.0
2024-11-06 06:00:00,28.8,0.0,72.2,217.0,4.0
2024-11-06 07:00:00,28.8,0.0,72.2,217.0,4.0
2024-11-06 08:00:00,27.73333333333333,0.0,76.76666666666667,232.0,4.033333333333333
2024-11-06 09:00:00,26.666666666666668,0.0,81.33333333333334,247.0,4.066666666666666
2024-11-06 10:00:00,25.6,0.0,85.9,262.0,4.1
2024-11-06 11:00:00,26.5,0.0,79.7,292.0,2.7
2024-11-06 12:00:00,27.4,0.0,75.8,293.0,2.7
2024-11-06 13:00:00,28.0,0.0,71.5,309.0,4.9
2024-11-06 14:00:00,29.0,0.0,68.1,293.0,3.5
2024-11-06 15:00:00,29.6,0.0,66.2,298.0,3.3
2024-11-06 16:00:00,31.9,0.0,58.3,271.0,2.0
2024-11-06 17:00:00,29.2,0.0,70.6,230.0,3.9
2024-11-06 18:00:00,29.9,0.0,67.7,209.0,3.6
2024-11-06 19:00:00,29.9,0.0,67.7,269.0,2.5
2024-11-06 20:00:00,29.9,0.0,67.7,312.0,2.9
2024-11-06 21:00:00,29.9,0.0,67.7,353.0,2.1
2024-11-06 22:00:00,29.9,0.0,67.7,16.0,3.1
2024-11-06 23:00:00,29.9,0.0,67.7,19.0,1.4
2024-11-07 00:00:00,29.9,0.0,67.7,353.0,1.5
2024-11-07 01:00:00,29.9,0.0,67.7,6.0,2.5
2024-11-07 02:00:00,29.9,0.0,67.7,6.0,1.5
2024-11-07 03:00:00,29.9,0.0,67.7,349.0,1.8
2024-11-07 04:00:00,29.9,0.0,67.7,359.0,2.7
2024-11-07 05:00:00,29.9,0.0,67.7,317.0,2.5
2024-11-07 06:00:00,29.9,0.0,67.7,358.0,1.6
2024-11-07 07:00:00,26.1,0.0,81.8,54.0,0.8
2024-11-07 08:00:00,26.3,0.0,80.6,216.0,0.8
2024-11-07 09:00:00,26.3,0.0,80.6,314.0,2.0
2024-11-07 10:00:00,26.3,0.0,80.6,331.0,1.5
2024-11-07 11:00:00,26.3,0.0,80.6,237.0,4.6
2024-11-07 12:00:00,26.3,0.0,80.6,215.0,5.2
2024-11-07 13:00:00,26.3,0.0,80.6,234.0,3.8
2024-11-07 14:00:00,26.3,0.0,80.6,239.0,3.5
2024-11-07 15:00:00,28.6,0.0,74.6,210.0,7.6
2024-11-07 16:00:00,28.8,0.0,73.5,222.0,4.2
2024-11-07 17:00:00,28.3,0.0,76.4,162.0,2.8
2024-11-07 18:00:00,27.9,0.0,79.7,358.0,1.5
2024-11-07 19:00:00,27.8,0.0,77.9,103.0,0.9
2024-11-07 20:00:00,27.3,0.0,79.2,331.0,1.5
2024-11-07 21:00:00,27.1,0.0,80.5,347.0,1.1
2024-11-07 22:00:00,27.3,0.0,80.4,308.0,2.0
2024-11-07 23:00:00,27.1,0.0,83.5,327.0,1.2
2024-11-08 00:00:00,27.3,0.0,80.2,52.0,0.6
2024-11-08 01:00:00,26.7,0.0,87.9,9.0,2.5
2024-11-08 02:00:00,26.6,0.0,89.8,36.0,0.8
2024-11-08 03:00:00,26.4,0.0,90.7,3.0,0.5
2024-11-08 04:00:00,26.7,0.0,89.0,75.0,0.7
2024-11-08 05:00:00,26.4,0.0,90.5,318.0,2.2
2024-11-08 06:00:00,26.1,0.0,92.1,312.0,2.5
2024-11-08 07:00:00,26.2,0.0,91.8,38.0,0.9
2024-11-08 08:00:00,23.8,0.2,94.0,262.0,5.1
2024-11-08 09:00:00,24.7,0.0,95.2,208.0,1.8
2024-11-08 10:00:00,26.5,0.0,86.6,285.0,2.4
2024-11-08 11:00:00,29.3,0.0,64.7,260.0,2.6
2024-11-08 12:00:00,28.7,0.0,66.7,285.0,4.8
2024-11-08 13:00:00,30.8,0.0,64.1,224.0,3.8
2024-11-08 14:00:00,30.4,0.0,62.1,251.0,3.6
2024-11-08 15:00:00,31.4,0.0,58.0,214.0,5.3
2024-11-08 16:00:00,31.2,0.0,56.1,222.0,4.4
2024-11-08 17:00:00,30.9,0.0,55.4,238.0,3.4
2024-11-08 18:00:00,30.9,0.0,53.8,304.0,1.8
2024-11-08 19:00:00,29.6,0.0,60.0,280.0,2.2
2024-11-08 20:00:00,29.1,0.0,59.0,311.0,2.3
2024-11-08 21:00:00,28.7,0.0,61.2,308.0,2.0
2024-11-08 22:00:00,28.4,0.0,64.7,315.0,2.0
2024-11-08 23:00:00,27.7,0.0,71.1,282.0,1.7
2024-11-09 00:00:00,27.7,0.0,69.8,307.0,1.7
2024-11-09 01:00:00,27.6,0.0,72.9,296.0,2.8
2024-11-09 02:00:00,27.3,0.0,77.7,310.0,2.9
2024-11-09 03:00:00,26.9,0.0,79.7,313.0,1.4
2024-11-09 04:00:00,26.7,0.0,81.6,305.0,2.1
2024-11-09 05:00:00,26.4,0.0,83.8,345.0,0.8
2024-11-09 06:00:00,26.6,0.0,81.2,303.0,1.2
2024-11-09 07:00:00,26.7,0.0,81.1,355.0,2.2
2024-11-09 08:00:00,28.9,0.0,71.6,357.0,1.0
2024-11-09 09:00:00,28.6,0.0,76.4,319.0,1.8
2024-11-09 10:00:00,31.9,0.0,62.3,311.0,1.5
2024-11-09 11:00:00,29.7,0.4,73.0,262.0,1.2
2024-11-09 12:00:00,24.2,1.8,93.7,112.0,3.8
2024-11-09 13:00:00,29.9,0.0,76.4,51.0,1.2
2024-11-09 14:00:00,28.7,0.0,77.0,143.0,5.8
2024-11-09 15:00:00,27.2,0.0,81.6,321.0,2.6
2024-11-09 16:00:00,27.5,0.0,82.6,94.0,2.9
2024-11-09 17:00:00,27.6,0.0,83.9,119.0,2.3
2024-11-09 18:00:00,28.0,0.0,81.7,92.0,2.9
2024-11-09 19:00:00,27.5,0.0,82.3,129.0,3.6
2024-11-09 20:00:00,27.4,0.0,80.7,93.0,1.8
2024-11-09 21:00:00,27.7,0.0,78.6,84.0,1.2
2024-11-09 22:00:00,27.3,0.0,83.2,323.0,0.9
2024-11-09 23:00:00,27.2,0.0,84.9,297.0,0.7
2024-11-10 00:00:00,26.8,0.0,88.2,314.0,1.0
2024-11-10 01:00:00,26.8,0.0,88.6,319.0,1.0
2024-11-10 02:00:00,27.1,0.0,86.6,138.0,1.3
2024-11-10 03:00:00,26.7,0.0,88.9,254.0,0.9
2024-11-10 04:00:00,27.0,0.0,86.8,211.0,2.0
2024-11-10 05:00:00,26.7,0.2,90.2,305.0,3.5
2024-11-10 06:00:00,25.9,0.0,91.6,309.0,7.2
2024-11-10 07:00:00,24.3,0.0,98.1,305.0,8.2
2024-11-10 08:00:00,24.0,5.0,98.8,242.0,6.0
2024-11-10 09:00:00,24.1,0.0,99.3,3.0,2.5
2024-11-10 10:00:00,25.7,0.0,92.2,294.0,3.8
2024-11-10 11:00:00,27.3,0.0,77.0,284.0,6.1
2024-11-10 12:00:00,28.7,0.0,72.8,293.0,4.7
2024-11-10 13:00:00,30.9,0.0,63.9,273.0,1.6
2024-11-10 14:00:00,30.9,0.0,60.6,280.0,2.1
2024-11-10 15:00:00,31.6,0.0,57.7,216.0,3.7
2024-11-10 16:00:00,31.3,0.0,61.0,227.0,2.7
2024-11-10 17:00:00,29.6,0.0,70.2,210.0,5.2
2024-11-10 18:00:00,30.4,0.0,68.2,247.0,2.1
2024-11-10 19:00:00,25.8,0.0,78.5,352.0,3.3
2024-11-10 20:00:00,25.2,0.0,85.6,1.0,4.2
2024-11-10 21:00:00,26.5,0.0,79.8,353.0,2.7
2024-11-10 22:00:00,26.3,0.0,84.3,354.0,2.6
2024-11-10 23:00:00,26.2,0.0,85.5,346.0,1.8
2024-11-11 00:00:00,26.0,0.0,85.2,3.0,1.6
2024-11-11 01:00:00,26.3,0.0,83.4,310.0,2.5
2024-11-11 02:00:00,26.2,0.0,83.0,16.0,1.6
2024-11-11 03:00:00,26.5,0.0,80.5,122.0,1.5
2024-11-11 04:00:00,26.6,0.0,81.1,46.0,0.5
2024-11-11 05:00:00,26.5,0.0,82.8,344.0,1.2
2024-11-11 06:00:00,26.3,0.0,83.1,10.0,0.6
2024-11-11 07:00:00,26.6,0.0,81.1,59.0,1.1
2024-11-11 08:00:00,29.3,0.0,72.6,52.0,0.9
2024-11-11 09:00:00,30.2,0.0,68.4,91.0,1.3
2024-11-11 10:00:00,29.5,0.0,69.7,194.0,3.0
2024-11-11 11:00:00,30.4,0.0,64.5,209.0,3.0
2024-11-11 12:00:00,31.0,0.0,61.3,182.0,4.4
2024-11-11 13:00:00,33.0,0.0,51.9,240.0,3.0
2024-11-11 14:00:00,32.5,0.0,54.9,227.0,3.8
2024-11-11 15:00:00,28.2,0.6,76.5,43.0,1.9
2024-11-11 16:00:00,27.8,0.0,82.5,17.0,1.7
2024-11-11 17:00:00,27.7,0.0,80.4,61.0,3.5
2024-11-11 18:00:00,27.1,0.0,79.9,74.0,1.5
2024-11-11 19:00:00,27.2,0.0,80.9,86.0,2.3
2024-11-11 20:00:00,27.2,0.0,81.1,25.0,1.5
2024-11-11 21:00:00,27.3,0.0,78.4,42.0,1.7
2024-11-11 22:00:00,27.4,0.0,77.6,61.0,1.5
2024-11-11 23:00:00,26.9,0.0,81.6,46.0,2.0
2024-11-12 00:00:00,26.9,0.0,80.1,23.0,1.6
2024-11-12 01:00:00,26.7,0.0,81.7,56.0,1.8
2024-11-12 02:00:00,26.8,0.0,80.8,84.0,2.0
2024-11-12 03:00:00,26.7,0.0,82.3,44.0,1.7
2024-11-12 04:00:00,26.6,0.0,81.8,9.0,2.2
2024-11-12 05:00:00,26.0,0.0,85.8,358.0,3.0
2024-11-12 06:00:00,25.8,0.0,86.2,350.0,3.0
2024-11-12 07:00:00,25.9,0.0,86.0,320.0,2.5
2024-11-12 08:00:00,26.8,0.0,83.7,312.0,2.6
2024-11-12 09:00:00,27.8,0.0,78.4,290.0,4.3
2024-11-12 10:00:00,26.4,0.0,88.6,251.0,3.7
2024-11-12 11:00:00,27.4,0.0,81.7,276.0,4.2
2024-11-12 12:00:00,29.1,0.0,68.8,287.0,3.5
2024-11-12 13:00:00,30.6,0.0,63.8,282.0,3.7
2024-11-12 14:00:00,31.6,0.0,58.9,321.0,2.4
2024-11-12 15:00:00,30.1,0.0,69.9,199.0,5.4
2024-11-12 16:00:00,30.0,0.0,68.7,227.0,3.5
2024-11-12 17:00:00,27.9,0.0,77.5,323.0,3.0
2024-11-12 18:00:00,30.0,0.0,69.7,258.0,0.5
2024-11-12 19:00:00,28.6,0.0,75.4,297.0,1.1
2024-11-12 20:00:00,28.3,0.0,77.1,337.0,1.2
2024-11-12 21:00:00,28.1,0.0,78.6,12.0,1.0
2024-11-12 22:00:00,27.5,0.0,84.7,28.0,1.2
2024-11-12 23:00:00,27.4,0.0,83.2,110.0,1.2
2024-11-13 00:00:00,27.3,0.0,83.7,42.0,0.8
2024-11-13 01:00:00,26.9,0.0,84.3,329.0,1.7
2024-11-13 02:00:00,26.5,0.0,84.6,38.0,0.9
2024-11-13 03:00:00,26.2,0.0,89.5,358.0,2.0
2024-11-13 04:00:00,26.1,0.0,90.1,23.0,1.2
2024-11-13 05:00:00,25.9,0.0,90.5,350.0,2.8
2024-11-13 06:00:00,26.1,0.0,87.1,43.0,0.7
2024-11-13 07:00:00,26.1,0.0,89.4,340.0,2.2
2024-11-13 08:00:00,27.4,0.0,78.8,26.0,0.9
2024-11-13 09:00:00,28.8,0.0,68.5,330.0,1.7
2024-11-13 10:00:00,31.3,0.0,62.9,334.0,1.5
2024-11-13 11:00:00,29.1,0.0,71.4,241.0,2.7
2024-11-13 12:00:00,29.5,0.0,69.9,259.0,3.2
2024-11-13 13:00:00,28.1,0.0,78.4,313.0,6.9
2024-11-13 14:00:00,24.1,1.6,98.0,40.0,2.1
2024-11-13 15:00:00,24.7,0.0,98.7,4.0,1.3
2024-11-13 16:00:00,26.3,0.0,86.7,10.0,1.4
2024-11-13 17:00:00,27.0,0.0,89.0,21.0,0.4
2024-11-13 18:00:00,26.5,0.0,89.9,326.0,3.0
2024-11-13 19:00:00,26.0,0.0,87.4,48.0,1.7
2024-11-13 20:00:00,26.1,0.0,82.8,313.0,2.7
2024-11-13 21:00:00,25.9,0.0,84.4,5.0,2.7
2024-11-13 22:00:00,25.8,0.0,86.2,17.0,1.5
2024-11-13 23:00:00,25.9,0.0,86.3,313.0,2.8
2024-11-14 00:00:00,25.8,0.0,85.4,270.0,2.9
2024-11-14 01:00:00,25.7,0.0,84.7,304.0,2.3
2024-11-14 02:00:00,25.8,0.0,82.2,311.0,3.0
2024-11-14 03:00:00,25.7,0.0,83.9,302.0,2.0
2024-11-14 04:00:00,26.0,0.0,84.5,315.0,3.0
2024-11-14 05:00:00,25.6,0.0,86.3,336.0,2.2
2024-11-14 06:00:00,25.2,0.0,88.1,12.0,1.8
2024-11-14 07:00:00,25.3,0.0,87.5,335.0,1.7
2024-11-14 08:00:00,26.8,0.0,82.4,3.0,2.1
2024-11-14 09:00:00,28.7,0.0,75.3,358.0,1.2
2024-11-14 10:00:00,29.0,0.0,72.4,345.0,2.2
2024-11-14 11:00:00,30.1,0.0,67.5,338.0,1.6
2024-11-14 12:00:00,30.8,0.0,61.3,7.0,1.0
2024-11-14 13:00:00,31.3,0.0,65.0,170.0,3.4
2024-11-14 14:00:00,24.1,2.6,96.1,342.0,5.9
2024-11-14 15:00:00,26.5,0.0,85.7,332.0,3.2
2024-11-14 16:00:00,28.5,0.0,77.7,1.0,1.3
2024-11-14 17:00:00,28.4,0.0,75.2,275.0,2.2
2024-11-14 18:00:00,28.0,0.0,80.1,270.0,1.9
2024-11-14 19:00:00,27.5,0.0,78.5,257.0,2.4
2024-11-14 20:00:00,26.9,0.0,84.5,317.0,1.5
2024-11-14 21:00:00,26.9,0.0,85.3,264.0,1.5
2024-11-14 22:00:00,26.8,0.0,87.1,317.0,2.2
2024-11-14 23:00:00,26.8,0.0,85.9,296.0,2.0
2024-11-15 00:00:00,26.6,0.0,84.6,359.0,1.9
2024-11-15 01:00:00,26.6,0.0,85.4,33.0,1.0
2024-11-15 02:00:00,26.5,0.0,86.7,333.0,1.2
2024-11-15 03:00:00,26.2,0.0,87.8,73.0,0.6
2024-11-15 04:00:00,26.1,0.0,88.4,331.0,1.0
2024-11-15 05:00:00,25.8,0.0,89.1,278.0,0.7
2024-11-15 06:00:00,26.1,0.0,88.2,303.0,1.5
2024-11-15 07:00:00,26.1,0.0,87.5,322.0,1.7
2024-11-15 08:00:00,27.4,0.0,80.9,299.0,2.1
2024-11-15 09:00:00,29.1,0.0,72.5,306.0,2.3
2024-11-15 10:00:00,30.1,0.0,63.5,328.0,2.6
2024-11-15 11:00:00,29.8,0.0,62.7,302.0,2.2
2024-11-15 12:00:00,32.2,0.0,55.8,300.0,1.0
2024-11-15 13:00:00,32.1,0.0,56.9,321.0,1.6
2024-11-15 14:00:00,30.2,0.0,65.3,210.0,4.6
2024-11-15 15:00:00,30.4,0.0,67.5,203.0,6.7
2024-11-15 16:00:00,29.4,0.0,72.5,288.0,2.1
2024-11-15 17:00:00,29.2,0.0,72.6,349.0,1.4
2024-11-15 18:00:00,27.2,0.0,81.2,3.0,3.0
2024-11-15 19:00:00,27.0,0.0,83.0,16.0,1.6
2024-11-15 20:00:00,27.2,0.0,79.7,48.0,0.8
2024-11-15 21:00:00,26.5,0.0,85.2,341.0,1.4
2024-11-15 22:00:00,26.8,0.0,81.1,341.0,1.3
2024-11-15 23:00:00,26.5,0.0,84.0,342.0,1.9
2024-11-16 00:00:00,26.6,0.0,85.2,343.0,2.2
2024-11-16 01:00:00,26.0,0.0,87.0,359.0,1.5
2024-11-16 02:00:00,26.2,0.0,83.5,8.0,2.3
2024-11-16 03:00:00,26.1,0.0,85.2,4.0,2.9
2024-11-16 04:00:00,25.4,0.0,89.7,14.0,2.5
2024-11-16 05:00:00,25.6,0.0,87.1,309.0,1.9
2024-11-16 06:00:00,25.8,0.0,83.2,329.0,1.4
2024-11-16 07:00:00,26.1,0.0,82.1,19.0,1.6
2024-11-16 08:00:00,27.3,0.0,76.7,4.0,2.6
2024-11-16 09:00:00,28.9,0.0,72.5,357.0,1.5
2024-11-16 10:00:00,30.2,0.0,63.3,353.0,2.1
2024-11-16 11:00:00,30.9,0.0,60.2,318.0,2.1
2024-11-16 12:00:00,32.0,0.0,54.1,266.0,2.1
2024-11-16 13:00:00,28.8,0.0,71.8,201.0,5.7
2024-11-16 14:00:00,29.5,0.0,72.4,171.0,4.1
2024-11-16 15:00:00,25.4,1.0,94.8,333.0,2.8
2024-11-16 16:00:00,23.8,1.0,98.9,288.0,2.6
2024-11-16 17:00:00,23.7,0.2,99.3,301.0,1.4
2024-11-16 18:00:00,25.4,0.0,91.1,7.0,0.9
2024-11-16 19:00:00,25.3,0.0,88.6,335.0,0.9
2024-11-16 20:00:00,25.6,0.0,91.5,24.0,0.5
2024-11-16 21:00:00,25.4,0.0,88.6,26.0,1.0
2024-11-16 22:00:00,25.6,0.0,90.0,310.0,3.0
2024-11-16 23:00:00,25.7,0.0,88.2,343.0,1.6
2024-11-17 00:00:00,25.9,0.0,83.2,331.0,1.8
2024-11-17 01:00:00,25.9,0.0,83.7,324.0,1.9
2024-11-17 02:00:00,25.5,0.0,88.7,314.0,2.4
2024-11-17 03:00:00,25.6,0.0,87.7,327.0,2.7
2024-11-17 04:00:00,25.3,0.0,89.0,311.0,6.3
2024-11-17 05:00:00,25.0,0.0,92.0,304.0,2.6
2024-11-17 06:00:00,24.9,0.0,92.6,329.0,1.6
2024-11-17 07:00:00,25.1,0.0,91.9,355.0,3.1
2024-11-17 08:00:00,25.6,0.0,90.0,324.0,2.6
2024-11-17 09:00:00,27.4,0.0,81.2,312.0,2.7
2024-11-17 10:00:00,28.6,0.0,75.4,309.0,3.2
2024-11-17 11:00:00,29.3,0.0,71.5,338.0,3.1
2024-11-17 12:00:00,30.0,0.0,66.4,306.0,2.4
2024-11-17 13:00:00,29.8,0.0,70.2,237.0,3.4
2024-11-17 14:00:00,24.5,2.6,98.9,78.0,3.1
2024-11-17 15:00:00,23.8,0.2,99.3,303.0,4.2
2024-11-17 16:00:00,24.7,0.0,98.7,311.0,2.9
2024-11-17 17:00:00,25.7,0.0,93.9,313.0,2.7
2024-11-17 18:00:00,25.9,0.0,92.6,359.0,3.1
2024-11-17 19:00:00,25.6,0.0,86.7,349.0,2.9
2024-11-17 20:00:00,25.5,0.0,88.0,332.0,2.0
2024-11-17 21:00:00,25.5,0.0,86.0,9.0,2.4
2024-11-17 22:00:00,25.8,0.0,87.1,6.0,2.6
2024-11-17 23:00:00,25.6,0.0,89.6,7.0,2.8
2024-11-18 00:00:00,25.7,0.0,89.4,12.0,2.3
2024-11-18 01:00:00,25.5,0.0,90.0,26.0,3.0
2024-11-18 02:00:00,25.2,0.0,93.1,330.0,2.2
2024-11-18 03:00:00,25.1,0.0,93.5,307.0,3.0
2024-11-18 04:00:00,24.9,0.0,94.5,316.0,1.2
2024-11-18 05:00:00,25.0,0.0,94.3,310.0,2.6
2024-11-18 06:00:00,25.0,0.0,93.2,328.0,2.2
2024-11-18 07:00:00,25.0,0.0,93.0,330.0,2.4
2024-11-18 08:00:00,26.3,0.0,87.3,6.0,4.5
2024-11-18 09:00:00,26.9,0.0,83.7,353.0,3.0
2024-11-18 10:00:00,27.1,0.0,82.7,7.0,3.3
2024-11-18 11:00:00,29.0,0.0,73.5,308.0,2.3
2024-11-18 12:00:00,29.3,0.0,70.9,337.0,2.4
2024-11-18 13:00:00,29.2,0.0,71.1,57.0,1.8
2024-11-18 14:00:00,27.2,0.0,80.5,329.0,2.3
2024-11-18 15:00:00,25.7,0.2,90.5,31.0,3.2
2024-11-18 16:00:00,27.0,0.0,83.0,7.0,3.5
2024-11-18 17:00:00,26.3,0.0,86.4,42.0,2.3
2024-11-18 18:00:00,26.5,0.0,84.9,68.0,2.2
2024-11-18 19:00:00,26.2,0.0,85.4,50.0,2.3
2024-11-18 20:00:00,25.7,0.0,89.5,344.0,3.3
2024-11-18 21:00:00,25.6,0.0,88.6,359.0,4.3
2024-11-18 22:00:00,25.5,0.0,91.2,38.0,1.5
2024-11-18 23:00:00,25.5,0.0,90.9,356.0,2.7
2024-11-19 00:00:00,25.3,0.0,92.9,330.0,1.9
2024-11-19 01:00:00,25.1,0.0,94.1,344.0,1.6
2024-11-19 02:00:00,25.2,0.0,93.5,19.0,2.3
2024-11-19 03:00:00,25.0,0.0,94.2,314.0,3.2
2024-11-19 04:00:00,24.7,0.0,94.9,314.0,2.4
2024-11-19 05:00:00,24.8,0.0,94.5,294.0,2.0
2024-11-19 06:00:00,24.9,0.2,94.3,346.0,1.0
2024-11-19 07:00:00,24.8,0.0,96.4,354.0,0.8
2024-11-19 08:00:00,24.9,0.0,97.6,13.0,1.9
2024-11-19 09:00:00,25.4,0.0,95.3,20.0,1.5
2024-11-19 10:00:00,26.8,0.0,86.9,48.0,1.4
2024-11-19 11:00:00,27.0,0.0,82.6,59.0,2.3
2024-11-19 12:00:00,27.0,0.0,84.8,48.0,2.3
2024-11-19 13:00:00,28.8,0.0,77.9,341.0,1.7
2024-11-19 14:00:00,28.1,0.0,81.1,55.0,1.6
2024-11-19 15:00:00,30.2,0.0,69.9,289.0,1.3
2024-11-19 16:00:00,27.9,0.0,80.3,86.0,2.4
2024-11-19 17:00:00,26.5,0.0,87.3,335.0,2.6
2024-11-19 18:00:00,26.3,0.0,87.3,60.0,1.2
2024-11-19 19:00:00,25.7,0.0,90.2,68.0,1.3
2024-11-19 20:00:00,26.3,0.0,84.7,6.0,1.5
2024-11-19 21:00:00,26.1,0.0,88.6,11.0,2.0
2024-11-19 22:00:00,26.1,0.0,90.6,352.0,2.6
2024-11-19 23:00:00,26.0,0.0,90.2,356.0,2.4
2024-11-20 00:00:00,25.9,0.0,90.1,12.0,1.8
2024-11-20 01:00:00,25.7,0.0,91.2,26.0,1.8
2024-11-20 02:00:00,25.5,0.0,91.8,338.0,1.9
2024-11-20 03:00:00,25.2,0.0,95.0,307.0,3.6
2024-11-20 04:00:00,25.0,0.0,94.9,307.0,3.2
2024-11-20 05:00:00,24.8,0.0,96.4,310.0,5.3
2024-11-20 06:00:00,24.8,0.0,95.1,4.0,2.4
2024-11-20 07:00:00,24.8,0.0,94.3,311.0,2.3
2024-11-20 08:00:00,24.8,0.0,95.0,337.0,2.2
2024-11-20 09:00:00,25.1,0.0,94.5,338.0,2.0
2024-11-20 10:00:00,25.9,0.0,91.0,12.0,2.4
2024-11-20 11:00:00,26.9,0.0,86.4,2.0,2.6
2024-11-20 12:00:00,27.5,0.0,82.6,25.0,1.8
2024-11-20 13:00:00,27.7,0.0,81.9,13.0,3.3
2024-11-20 14:00:00,28.0,0.0,77.0,345.0,4.0
2024-11-20 15:00:00,27.7,0.0,77.0,344.0,4.9
2024-11-20 16:00:00,29.3,0.0,70.0,349.0,3.6
2024-11-20 17:00:00,27.7,0.0,77.0,359.0,4.3
2024-11-20 18:00:00,27.2,0.0,78.5,349.0,4.0
2024-11-20 19:00:00,26.6,0.0,83.2,345.0,4.5
2024-11-20 20:00:00,26.3,0.0,85.2,358.0,4.1
2024-11-20 21:00:00,26.1,0.0,86.3,350.0,2.7
2024-11-20 22:00:00,25.8,0.0,88.8,27.0,2.4
2024-11-20 23:00:00,25.7,0.0,90.1,23.0,2.7
2024-11-21 00:00:00,25.7,0.0,90.6,9.0,2.0
2024-11-21 01:00:00,25.8,0.0,88.9,10.0,1.9
2024-11-21 02:00:00,25.7,0.0,89.3,4.0,1.0
2024-11-21 03:00:00,25.7,0.0,89.9,303.0,1.4
2024-11-21 04:00:00,25.1,0.0,93.0,357.0,2.3
2024-11-21 05:00:00,25.2,0.0,92.1,340.0,1.7
2024-11-21 06:00:00,25.2,0.0,92.3,312.0,2.5
2024-11-21 07:00:00,25.0,0.0,93.6,27.0,1.4
2024-11-21 08:00:00,25.6,0.0,90.0,314.0,2.2
2024-11-21 09:00:00,27.3,0.0,82.7,318.0,1.6
2024-11-21 10:00:00,28.6,0.0,73.5,345.0,3.0
2024-11-21 11:00:00,29.5,0.0,65.5,348.0,1.9
2024-11-21 12:00:00,31.5,0.0,56.9,251.0,1.1
2024-11-21 13:00:00,30.4,0.4,67.8,4.0,0.9
2024-11-21 14:00:00,27.7,1.0,80.9,149.0,5.6
2024-11-21 15:00:00,28.6,0.0,76.8,125.0,4.0
2024-11-21 16:00:00,28.1,0.0,81.0,127.0,4.9
2024-11-21 17:00:00,28.3,0.0,78.0,101.0,6.6
2024-11-21 18:00:00,25.4,0.0,88.4,321.0,3.5
2024-11-21 19:00:00,24.9,0.0,93.9,302.0,3.9
2024-11-21 20:00:00,25.4,0.0,87.4,309.0,3.6
2024-11-21 21:00:00,25.5,0.0,86.3,328.0,0.9
2024-11-21 22:00:00,25.8,0.0,85.7,333.0,1.8
2024-11-21 23:00:00,25.8,0.0,86.9,327.0,1.3
2024-11-22 00:00:00,26.2,0.0,83.8,336.0,2.1
2024-11-22 01:00:00,25.9,0.0,84.9,87.0,0.8
2024-11-22 02:00:00,25.7,0.0,87.7,309.0,3.4
2024-11-22 03:00:00,25.6,0.0,89.1,310.0,3.3
2024-11-22 04:00:00,25.4,0.0,90.7,312.0,2.6
2024-11-22 05:00:00,25.3,0.0,91.9,310.0,4.0
2024-11-22 06:00:00,25.2,0.0,92.1,311.0,4.8
2024-11-22 07:00:00,25.2,0.0,92.2,334.0,1.6
2024-11-22 08:00:00,25.8,0.0,90.2,306.0,2.5
2024-11-22 09:00:00,28.5,0.0,78.8,327.0,2.0
2024-11-22 10:00:00,29.0,0.0,76.2,353.0,2.7
2024-11-22 11:00:00,29.6,0.0,72.0,331.0,3.6
2024-11-22 12:00:00,29.8,0.0,67.8,321.0,3.1
2024-11-22 13:00:00,31.3,0.0,60.9,287.0,1.8
2024-11-22 14:00:00,32.4,0.0,55.2,185.0,1.3
2024-11-22 15:00:00,24.8,2.8,98.7,334.0,5.2
2024-11-22 16:00:00,23.8,0.6,99.3,33.0,1.6
2024-11-22 17:00:00,24.0,0.0,99.3,48.0,1.3
2024-11-22 18:00:00,24.7,0.0,99.3,112.0,4.6
2024-11-22 19:00:00,25.1,0.0,96.5,350.0,1.8
2024-11-22 20:00:00,24.8,0.2,94.9,13.0,2.4
2024-11-22 21:00:00,24.7,0.0,97.6,2.0,2.6
2024-11-22 22:00:00,24.9,0.0,97.5,340.0,4.3
2024-11-22 23:00:00,24.1,0.2,95.8,10.0,3.5
2024-11-23 00:00:00,24.4,0.0,97.3,341.0,3.2
2024-11-23 01:00:00,24.2,0.0,98.7,338.0,3.5
2024-11-23 02:00:00,24.2,0.0,98.2,1.0,4.2
2024-11-23 03:00:00,24.3,0.0,94.1,357.0,3.4
2024-11-23 04:00:00,24.3,0.0,93.8,128.0,1.4
2024-11-23 05:00:00,24.1,0.0,95.4,247.0,0.6
2024-11-23 06:00:00,24.3,0.0,93.9,102.0,1.0
2024-11-23 07:00:00,24.7,0.0,92.2,115.0,1.2
2024-11-23 08:00:00,26.3,0.0,85.8,77.0,1.2
2024-11-23 09:00:00,27.0,0.0,83.9,355.0,2.6
2024-11-23 10:00:00,29.2,0.0,74.1,4.0,1.9
2024-11-23 11:00:00,29.6,0.0,71.7,21.0,2.0
2024-11-23 12:00:00,30.3,0.0,65.8,329.0,2.2
2024-11-23 13:00:00,31.0,0.0,58.1,328.0,3.0
2024-11-23 14:00:00,30.2,0.0,68.6,83.0,4.2
2024-11-23 15:00:00,30.5,0.0,66.4,35.0,2.3
2024-11-23 16:00:00,30.7,0.0,57.8,76.0,2.4
2024-11-23 17:00:00,28.5,0.0,74.6,337.0,1.3
2024-11-23 18:00:00,27.0,0.0,78.1,307.0,2.8
2024-11-23 19:00:00,25.4,0.8,92.4,24.0,3.7
2024-11-23 20:00:00,25.8,0.0,92.7,352.0,3.0
2024-11-23 21:00:00,26.1,0.0,92.3,6.0,2.9
2024-11-23 22:00:00,26.4,0.0,90.0,359.0,2.7
2024-11-23 23:00:00,26.5,0.0,89.2,16.0,1.4
2024-11-24 00:00:00,26.2,0.0,91.8,3.0,2.2
2024-11-24 01:00:00,25.9,0.0,92.3,21.0,1.8
2024-11-24 02:00:00,25.9,0.0,92.5,348.0,1.8
2024-11-24 03:00:00,25.8,0.0,92.7,320.0,2.6
2024-11-24 04:00:00,25.5,0.0,93.7,356.0,2.6
2024-11-24 05:00:00,25.5,0.0,94.0,356.0,2.2
2024-11-24 06:00:00,25.6,0.0,94.2,334.0,2.1
2024-11-24 07:00:00,25.6,0.0,94.1,314.0,3.0
2024-11-24 08:00:00,25.8,0.0,94.2,318.0,1.3
2024-11-24 09:00:00,27.0,0.0,88.6,357.0,1.4
2024-11-24 10:00:00,27.6,0.0,83.5,73.0,3.0
2024-11-24 11:00:00,28.4,0.0,75.8,38.0,4.0
2024-11-24 12:00:00,29.2,0.0,70.6,41.0,4.2
2024-11-24 13:00:00,30.7,0.0,66.1,73.0,2.2
2024-11-24 14:00:00,29.3,0.0,76.7,118.0,4.9
2024-11-24 15:00:00,28.5,0.0,80.1,109.0,10.6
2024-11-24 16:00:00,25.3,0.2,98.9,1.0,2.6
2024-11-24 17:00:00,25.3,0.0,99.3,271.0,3.6
2024-11-24 18:00:00,26.0,0.0,97.9,298.0,2.5
2024-11-24 19:00:00,26.8,0.0,92.1,28.0,1.6
2024-11-24 20:00:00,26.7,0.0,93.0,16.0,0.8
2024-11-24 21:00:00,26.6,0.0,93.1,323.0,1.9
2024-11-24 22:00:00,26.3,0.0,95.0,359.0,3.4
2024-11-24 23:00:00,26.7,0.0,91.4,39.0,1.3
2024-11-25 00:00:00,26.6,0.0,92.0,330.0,1.4
2024-11-25 01:00:00,26.3,0.0,93.3,9.0,1.7
2024-11-25 02:00:00,26.5,0.0,92.1,344.0,2.2
2024-11-25 03:00:00,26.6,0.0,91.2,47.0,1.5
2024-11-25 04:00:00,26.5,0.0,91.8,92.0,1.0
2024-11-25 05:00:00,26.4,0.0,91.5,100.0,1.2
2024-11-25 06:00:00,26.3,0.0,94.6,322.0,1.3
2024-11-25 07:00:00,26.2,0.0,94.8,322.0,1.2
2024-11-25 08:00:00,26.6,0.0,92.9,351.0,0.5
2024-11-25 09:00:00,27.4,0.0,87.5,318.0,1.1
2024-11-25 10:00:00,27.9,0.0,87.8,324.0,1.7
2024-11-25 11:00:00,27.2,0.4,87.1,359.0,2.2
2024-11-25 12:00:00,26.5,0.0,88.8,222.0,3.2
2024-11-25 13:00:00,29.5,0.0,79.6,226.0,1.0
2024-11-25 14:00:00,30.7,0.0,66.8,153.0,1.5
2024-11-25 15:00:00,28.2,0.0,74.3,35.0,2.2
2024-11-25 16:00:00,27.2,0.0,79.2,8.0,3.2
2024-11-25 17:00:00,28.7,0.0,72.6,56.0,2.4
2024-11-25 18:00:00,28.7,0.0,72.9,315.0,2.1
2024-11-25 19:00:00,27.4,0.0,82.2,16.0,2.8
2024-11-25 20:00:00,27.3,0.0,86.1,10.0,2.5
2024-11-25 21:00:00,27.3,0.0,87.2,9.0,2.5
2024-11-25 22:00:00,27.2,0.0,86.2,63.0,2.4
2024-11-25 23:00:00,27.0,0.0,87.8,82.0,1.4
2024-11-26 00:00:00,26.7,0.0,89.3,6.0,1.6
2024-11-26 01:00:00,26.4,0.0,91.4,13.0,1.5
2024-11-26 02:00:00,26.2,0.0,92.6,14.0,1.6
2024-11-26 03:00:00,25.7,0.0,95.7,310.0,4.4
2024-11-26 04:00:00,25.4,0.0,96.1,24.0,1.7
2024-11-26 05:00:00,25.4,0.0,96.7,7.0,1.2
2024-11-26 06:00:00,25.7,0.0,94.6,350.0,2.1
2024-11-26 07:00:00,25.6,0.0,94.5,304.0,2.3
2024-11-26 08:00:00,26.4,0.0,91.1,10.0,2.3
2024-11-26 09:00:00,29.7,0.0,75.1,293.0,0.9
2024-11-26 10:00:00,28.1,0.0,80.3,334.0,2.1
2024-11-26 11:00:00,30.0,0.0,70.4,314.0,1.9
2024-11-26 12:00:00,29.5,0.0,73.2,337.0,1.0
2024-11-26 13:00:00,28.1,0.8,79.9,117.0,1.8
2024-11-26 14:00:00,25.3,0.0,97.0,346.0,4.4
2024-11-26 15:00:00,25.4,0.0,92.0,3.0,3.5
2024-11-26 16:00:00,24.7,0.2,92.7,8.0,3.9
2024-11-26 17:00:00,24.4,0.2,94.9,357.0,2.6
2024-11-26 18:00:00,24.3,0.2,95.1,11.0,4.0
2024-11-26 19:00:00,24.1,0.0,96.7,359.0,3.1
2024-11-26 20:00:00,24.8,0.0,89.7,326.0,2.3
2024-11-26 21:00:00,24.5,0.0,93.7,30.0,2.5
2024-11-26 22:00:00,25.7,0.0,84.6,345.0,3.5
2024-11-26 23:00:00,25.9,0.0,84.8,8.0,1.8
2024-11-27 00:00:00,25.6,0.0,87.6,1.0,2.2
2024-11-27 01:00:00,25.3,0.0,88.8,21.0,0.8
2024-11-27 02:00:00,25.4,0.0,88.7,5.0,1.5
2024-11-27 03:00:00,25.1,0.0,91.9,330.0,2.3
2024-11-27 04:00:00,25.1,0.0,91.8,16.0,1.6
2024-11-27 05:00:00,25.0,0.0,92.5,358.0,2.5
2024-11-27 06:00:00,24.9,0.0,93.2,309.0,4.2
2024-11-27 07:00:00,25.1,0.0,92.6,308.0,4.5
2024-11-27 08:00:00,25.1,0.0,93.0,310.0,5.9
2024-11-27 09:00:00,25.6,0.0,91.6,292.0,3.5
2024-11-27 10:00:00,25.8,0.0,89.3,285.0,4.0
2024-11-27 11:00:00,26.6,0.0,84.8,303.0,4.3
2024-11-27 12:00:00,27.4,0.0,80.5,293.0,4.4
2024-11-27 13:00:00,28.0,0.0,78.7,259.0,3.6
2024-11-27 14:00:00,27.6,0.0,82.9,260.0,2.8
2024-11-27 15:00:00,26.5,0.0,89.3,267.0,4.2
2024-11-27 16:00:00,25.8,0.0,92.5,11.0,3.7
2024-11-27 17:00:00,24.9,0.2,96.6,11.0,2.7
2024-11-27 18:00:00,24.7,0.0,97.9,321.0,1.5
2024-11-27 19:00:00,24.7,0.0,98.9,45.0,1.5
2024-11-27 20:00:00,24.8,0.0,98.7,7.0,2.8
2024-11-27 21:00:00,25.0,0.0,97.4,323.0,1.8
2024-11-27 22:00:00,25.1,0.0,96.0,345.0,1.5
2024-11-27 23:00:00,25.1,0.0,96.3,358.0,1.7
2024-11-28 00:00:00,24.9,0.0,96.5,46.0,1.2
2024-11-28 01:00:00,24.7,0.0,95.0,67.0,0.9
2024-11-28 02:00:00,24.5,0.0,91.7,36.0,2.0
2024-11-28 03:00:00,24.0,0.2,94.2,57.0,0.9
2024-11-28 04:00:00,24.1,0.0,93.6,268.0,0.8
2024-11-28 05:00:00,24.4,0.0,94.9,87.0,1.1
2024-11-28 06:00:00,24.5,0.0,95.6,87.0,1.4
2024-11-28 07:00:00,24.7,0.0,95.3,121.0,1.3
2024-11-28 08:00:00,25.2,0.0,90.2,82.0,1.9
2024-11-28 09:00:00,25.7,0.0,88.9,49.0,2.0
2024-11-28 10:00:00,27.0,0.0,82.5,55.0,2.3
2024-11-28 11:00:00,27.5,0.0,78.7,61.0,1.5
2024-11-28 12:00:00,27.8,0.0,78.6,2.0,1.3
2024-11-28 13:00:00,28.8,0.0,75.3,334.0,1.6
2024-11-28 14:00:00,27.1,0.6,84.8,250.0,2.9
2024-11-28 15:00:00,27.2,0.0,85.3,224.0,2.5
2024-11-28 16:00:00,26.1,0.0,93.4,256.0,3.3
2024-11-28 17:00:00,25.7,0.0,96.7,7.0,2.1
2024-11-28 18:00:00,25.8,0.0,97.3,352.0,1.7
2024-11-28 19:00:00,25.8,0.0,95.9,355.0,1.2
2024-11-28 20:00:00,26.0,0.0,93.8,71.0,1.3
2024-11-28 21:00:00,25.8,0.0,90.7,69.0,1.7
2024-11-28 22:00:00,25.9,0.0,89.4,351.0,1.0
2024-11-28 23:00:00,25.8,0.0,93.7,353.0,1.6
2024-11-29 00:00:00,25.8,0.0,95.8,344.0,1.9
2024-11-29 01:00:00,25.6,0.0,98.1,341.0,1.4
2024-11-29 02:00:00,25.5,0.0,98.7,340.0,0.7
2024-11-29 03:00:00,25.2,0.0,99.2,330.0,1.4
2024-11-29 04:00:00,25.0,0.0,99.2,24.0,2.4
2024-11-29 05:00:00,24.9,0.0,98.6,348.0,2.9
2024-11-29 06:00:00,25.2,0.0,94.0,58.0,1.2
2024-11-29 07:00:00,23.3,0.2,99.3,305.0,1.5
2024-11-29 08:00:00,23.8,0.2,99.3,18.0,0.8
2024-11-29 09:00:00,24.1,0.2,99.3,197.0,3.1
2024-11-29 10:00:00,23.7,0.2,99.3,262.0,4.6
2024-11-29 11:00:00,23.9,0.0,99.3,308.0,4.4
2024-11-29 12:00:00,24.2,0.0,99.3,301.0,3.6
2024-11-29 13:00:00,24.8,0.0,99.2,295.0,3.4
2024-11-29 14:00:00,24.9,0.0,95.2,307.0,4.1
2024-11-29 15:00:00,25.9,0.0,88.7,358.0,2.0
2024-11-29 16:00:00,26.0,0.0,85.3,319.0,1.9
2024-11-29 17:00:00,26.0,0.0,85.8,311.0,3.4
2024-11-29 18:00:00,25.8,0.0,86.2,344.0,2.3
2024-11-29 19:00:00,25.4,0.0,88.6,312.0,5.6
2024-11-29 20:00:00,25.3,0.0,88.3,313.0,4.7
2024-11-29 21:00:00,24.9,0.0,92.5,294.0,3.3
2024-11-29 22:00:00,24.9,0.0,92.0,313.0,3.0
2024-11-29 23:00:00,24.8,0.0,92.7,322.0,3.4
2024-11-30 00:00:00,24.5,0.0,92.1,328.0,3.3
2024-11-30 01:00:00,25.0,0.0,86.1,310.0,6.3
2024-11-30 02:00:00,24.7,0.0,87.1,311.0,5.4
2024-11-30 03:00:00,24.7,0.0,85.5,349.0,3.0
2024-11-30 04:00:00,24.7,0.0,86.0,334.0,2.9
2024-11-30 05:00:00,24.7,0.0,85.4,352.0,3.5
2024-11-30 06:00:00,24.6,0.0,86.3,310.0,2.2
2024-11-30 07:00:00,25.0,0.0,84.7,159.0,4.3
2024-11-30 08:00:00,25.8,0.0,80.5,111.0,2.5
2024-11-30 09:00:00,27.0,0.0,74.3,354.0,1.2
2024-11-30 10:00:00,28.0,0.0,70.9,282.0,1.6
2024-11-30 11:00:00,29.7,0.0,63.2,331.0,1.5
2024-11-30 12:00:00,29.9,0.0,65.7,120.0,3.2
2024-11-30 13:00:00,29.2,0.0,68.0,107.0,2.0
2024-11-30 14:00:00,31.1,0.0,60.8,309.0,2.5
2024-11-30 15:00:00,31.4,0.0,58.7,93.0,1.8
2024-11-30 16:00:00,33.0,0.0,53.8,213.0,2.6
2024-11-30 17:00:00,31.4,0.0,57.1,268.0,4.8
2024-11-30 18:00:00,31.1,0.0,59.0,221.0,2.8
2024-11-30 19:00:00,29.9,0.0,63.2,281.0,2.3
2024-11-30 20:00:00,28.9,0.0,71.8,50.0,2.7
2024-11-30 21:00:00,27.7,0.0,84.8,27.0,2.4
2024-11-30 22:00:00,27.3,0.0,81.9,355.0,3.0
2024-11-30 23:00:00,27.0,0.0,81.9,354.0,3.0
2024-12-01 00:00:00,26.7,0.0,83.3,353.0,2.0
2024-12-01 01:00:00,26.7,0.0,82.4,8.0,2.1
2024-12-01 02:00:00,26.6,0.0,82.8,4.0,3.4
2024-12-01 03:00:00,26.0,0.0,88.4,314.0,3.0
2024-12-01 04:00:00,26.2,0.0,85.2,311.0,5.0
2024-12-01 05:00:00,26.0,0.0,88.0,290.0,1.9
2024-12-01 06:00:00,25.7,0.0,81.3,303.0,5.0
2024-12-01 07:00:00,25.6,0.0,84.0,296.0,3.4
2024-12-01 08:00:00,25.6,0.0,87.3,311.0,5.7
2024-12-01 09:00:00,27.0,0.0,82.7,309.0,3.2
2024-12-01 10:00:00,28.8,0.0,74.5,310.0,2.8
2024-12-01 11:00:00,28.9,0.0,71.2,297.0,5.4
2024-12-01 12:00:00,29.7,0.0,64.4,292.0,7.2
2024-12-01 13:00:00,30.2,0.0,60.6,302.0,6.0
2024-12-01 14:00:00,31.7,0.0,56.7,276.0,3.9
2024-12-01 15:00:00,31.7,0.0,58.5,269.0,4.5
2024-12-01 16:00:00,31.2,0.0,59.0,285.0,4.9
2024-12-01 17:00:00,31.2,0.0,57.9,271.0,6.2
2024-12-01 18:00:00,29.8,0.0,68.2,304.0,4.2
2024-12-01 19:00:00,28.7,0.0,72.7,317.0,3.7
2024-12-01 20:00:00,28.5,0.0,72.5,309.0,5.7
2024-12-01 21:00:00,27.6,0.0,78.8,10.0,3.4
2024-12-01 22:00:00,26.9,0.0,82.6,5.0,3.4
2024-12-01 23:00:00,26.7,0.0,83.1,11.0,2.2
2024-12-02 00:00:00,26.7,0.0,80.5,347.0,2.5
2024-12-02 01:00:00,26.4,0.0,81.9,2.0,3.6
2024-12-02 02:00:00,26.3,0.0,82.2,3.0,3.1
2024-12-02 03:00:00,26.0,0.0,83.6,15.0,2.4
2024-12-02 04:00:00,25.9,0.0,82.3,3.0,4.0
2024-12-02 05:00:00,26.0,0.0,81.1,352.0,2.1
2024-12-02 06:00:00,25.9,0.0,81.2,349.0,1.4
2024-12-02 07:00:00,25.8,0.0,82.2,335.0,1.9
2024-12-02 08:00:00,25.8,0.0,82.7,310.0,1.8
2024-12-02 09:00:00,27.0,0.0,78.2,316.0,2.3
2024-12-02 10:00:00,27.3,0.0,78.1,319.0,4.3
2024-12-02 11:00:00,27.9,0.0,76.0,318.0,2.7
2024-12-02 12:00:00,29.0,0.0,73.0,336.0,2.3
2024-12-02 13:00:00,29.6,0.0,68.1,311.0,2.7
2024-12-02 14:00:00,30.7,0.0,62.4,284.0,2.1
2024-12-02 15:00:00,30.0,0.0,67.5,214.0,4.1
2024-12-02 16:00:00,29.2,0.0,73.3,212.0,5.5
2024-12-02 17:00:00,28.8,0.0,72.8,210.0,7.6
2024-12-02 18:00:00,27.5,0.0,76.7,26.0,3.6
2024-12-02 19:00:00,26.0,0.0,88.3,8.0,3.3
2024-12-02 20:00:00,26.0,0.0,88.5,351.0,2.1
2024-12-02 21:00:00,26.2,0.0,89.4,1.0,2.8
2024-12-02 22:00:00,26.3,0.0,87.0,309.0,2.9
2024-12-02 23:00:00,26.1,0.0,86.6,314.0,2.7
2024-12-03 00:00:00,25.8,0.0,89.6,314.0,3.9
2024-12-03 01:00:00,25.6,0.0,88.9,338.0,2.2
2024-12-03 02:00:00,25.6,0.0,89.7,5.0,3.6
2024-12-03 03:00:00,25.6,0.0,88.1,21.0,3.2
2024-12-03 04:00:00,25.7,0.0,86.8,8.0,3.2
2024-12-03 05:00:00,25.6,0.0,87.1,6.0,3.7
2024-12-03 06:00:00,25.6,0.0,87.6,327.0,1.5
2024-12-03 07:00:00,25.7,0.0,86.3,304.0,2.1
2024-12-03 08:00:00,26.2,0.0,82.0,314.0,2.7
2024-12-03 09:00:00,27.1,0.0,76.7,334.0,1.5
2024-12-03 10:00:00,27.5,0.0,77.5,8.0,3.3
2024-12-03 11:00:00,28.5,0.0,74.9,335.0,1.6
2024-12-03 12:00:00,29.7,0.0,70.3,339.0,3.2
2024-12-03 13:00:00,31.0,0.0,60.9,340.0,4.3
2024-12-03 14:00:00,31.1,0.0,59.7,356.0,3.0
2024-12-03 15:00:00,31.2,0.0,58.8,342.0,3.5
2024-12-03 16:00:00,31.2,0.0,59.0,317.0,1.5
2024-12-03 17:00:00,29.3,0.0,73.4,208.0,4.3
2024-12-03 18:00:00,26.2,0.0,89.2,315.0,1.7
2024-12-03 19:00:00,24.8,1.0,98.1,347.0,3.1
2024-12-03 20:00:00,25.5,0.0,99.0,294.0,1.0
2024-12-03 21:00:00,25.6,0.2,99.3,70.0,1.0
2024-12-03 22:00:00,25.5,0.0,99.3,275.0,0.6
2024-12-03 23:00:00,25.5,0.0,96.3,257.0,2.5
2024-12-04 00:00:00,25.7,0.0,96.1,205.0,1.0
2024-12-04 01:00:00,26.1,0.0,93.1,202.0,3.5
2024-12-04 02:00:00,25.9,0.0,95.2,309.0,1.2
2024-12-04 03:00:00,26.0,0.0,92.2,314.0,3.5
2024-12-04 04:00:00,25.6,0.0,95.4,323.0,1.7
2024-12-04 05:00:00,25.4,0.0,97.4,355.0,1.2
2024-12-04 06:00:00,25.5,0.0,94.0,309.0,2.4
2024-12-04 07:00:00,25.8,0.0,90.5,281.0,1.1
2024-12-04 08:00:00,26.7,0.0,83.1,258.0,1.9
2024-12-04 09:00:00,26.7,0.0,86.8,292.0,2.7
2024-12-04 10:00:00,28.1,0.0,77.5,304.0,4.5
2024-12-04 11:00:00,28.4,0.0,74.4,305.0,4.9
2024-12-04 12:00:00,27.9,0.0,76.4,302.0,2.9
2024-12-04 13:00:00,28.9,0.0,72.3,299.0,3.6
2024-12-04 14:00:00,29.6,0.0,64.6,303.0,4.6
2024-12-04 15:00:00,30.2,0.0,56.3,298.0,4.4
2024-12-04 16:00:00,29.5,0.0,56.5,291.0,6.8
2024-12-04 17:00:00,29.6,0.0,62.3,251.0,2.0
2024-12-04 18:00:00,28.7,0.0,66.2,299.0,5.7
2024-12-04 19:00:00,28.3,0.0,66.3,300.0,5.9
2024-12-04 20:00:00,28.0,0.0,68.3,293.0,4.9
2024-12-04 21:00:00,27.8,0.0,71.1,309.0,4.5
2024-12-04 22:00:00,27.5,0.0,73.2,310.0,5.0
2024-12-04 23:00:00,26.9,0.0,76.9,311.0,4.9
2024-12-05 00:00:00,26.5,0.0,78.0,308.0,5.2
2024-12-05 01:00:00,26.5,0.0,77.6,310.0,6.7
2024-12-05 02:00:00,26.5,0.0,79.8,304.0,5.0
2024-12-05 03:00:00,26.2,0.0,82.7,305.0,5.4
2024-12-05 04:00:00,26.1,0.0,82.4,307.0,4.8
2024-12-05 05:00:00,25.9,0.0,82.7,309.0,4.5
2024-12-05 06:00:00,25.8,0.0,84.0,344.0,1.4
2024-12-05 07:00:00,25.9,0.0,81.5,311.0,4.0
2024-12-05 08:00:00,26.5,0.0,78.7,308.0,5.8
2024-12-05 09:00:00,27.5,0.0,73.3,309.0,5.9
2024-12-05 10:00:00,27.9,0.0,73.3,291.0,4.7
2024-12-05 11:00:00,28.5,0.0,70.5,305.0,6.1
2024-12-05 12:00:00,29.1,0.0,63.3,290.0,9.0
2024-12-05 13:00:00,29.6,0.0,58.7,285.0,8.0
2024-12-05 14:00:00,30.1,0.0,57.1,285.0,8.0
2024-12-05 15:00:00,30.2,0.0,54.7,294.0,10.9
2024-12-05 16:00:00,30.6,0.0,49.3,305.0,12.1
2024-12-05 17:00:00,30.7,0.0,51.4,288.0,8.5
2024-12-05 18:00:00,30.7,0.0,52.6,306.0,8.2
2024-12-05 19:00:00,29.8,0.0,55.8,290.0,4.2
2024-12-05 20:00:00,29.3,0.0,59.3,300.0,3.2
2024-12-05 21:00:00,29.2,0.0,60.7,293.0,3.5
2024-12-05 22:00:00,29.0,0.0,57.8,309.0,6.0
2024-12-05 23:00:00,28.4,0.0,61.2,299.0,2.4
2024-12-06 00:00:00,28.0,0.0,69.4,337.0,1.3
2024-12-06 01:00:00,27.4,0.0,78.0,30.0,2.8
2024-12-06 02:00:00,27.2,0.0,79.6,7.0,3.1
2024-12-06 03:00:00,27.2,0.0,79.8,7.0,3.5
2024-12-06 04:00:00,26.9,0.0,82.4,358.0,2.4
2024-12-06 05:00:00,26.6,0.0,85.8,355.0,2.6
2024-12-06 06:00:00,26.4,0.0,85.8,1.0,3.7
2024-12-06 07:00:00,26.2,0.0,86.7,6.0,2.5
2024-12-06 08:00:00,28.4,0.0,76.1,345.0,1.6
2024-12-06 09:00:00,29.4,0.0,70.9,357.0,2.3
2024-12-06 10:00:00,30.3,0.0,62.0,298.0,3.1
2024-12-06 11:00:00,30.8,0.0,54.3,313.0,4.7
2024-12-06 12:00:00,31.9,0.0,51.4,289.0,4.0
2024-12-06 13:00:00,32.1,0.0,51.1,1.0,3.8
2024-12-06 14:00:00,33.4,0.0,42.8,278.0,4.4
2024-12-06 15:00:00,32.6,0.0,48.8,307.0,4.6
2024-12-06 16:00:00,33.0,0.0,43.8,277.0,5.0
2024-12-06 17:00:00,32.2,0.0,46.1,264.0,3.7
2024-12-06 18:00:00,31.0,0.0,52.1,284.0,4.3
2024-12-06 19:00:00,30.3,0.0,53.5,284.0,3.9
2024-12-06 20:00:00,29.7,0.0,59.4,310.0,4.9
2024-12-06 21:00:00,29.3,0.0,62.4,353.0,2.6
2024-12-06 22:00:00,29.3,0.0,64.7,356.0,2.0
2024-12-06 23:00:00,28.4,0.0,78.8,61.0,2.8
2024-12-07 00:00:00,28.0,0.0,80.6,14.0,2.1
2024-12-07 01:00:00,27.5,0.0,81.4,333.0,2.4
2024-12-07 02:00:00,27.1,0.0,83.3,8.0,3.4
2024-12-07 03:00:00,26.9,0.0,82.3,12.0,3.9
2024-12-07 04:00:00,26.7,0.0,83.2,11.0,3.7
2024-12-07 05:00:00,26.6,0.0,83.4,16.0,4.1
2024-12-07 06:00:00,26.5,0.0,84.4,6.0,3.5
2024-12-07 07:00:00,26.4,0.0,83.6,17.0,3.1
2024-12-07 08:00:00,27.7,0.0,78.1,1.0,3.0
2024-12-07 09:00:00,28.5,0.0,73.4,355.0,3.3
2024-12-07 10:00:00,30.4,0.0,61.5,315.0,3.6
2024-12-07 11:00:00,31.0,0.0,56.7,290.0,4.8
2024-12-07 12:00:00,31.3,0.0,52.1,283.0,7.6
2024-12-07 13:00:00,32.1,0.0,52.3,302.0,6.0
2024-12-07 14:00:00,32.7,0.0,48.1,291.0,7.3
2024-12-07 15:00:00,32.6,0.0,43.3,291.0,10.9
2024-12-07 16:00:00,33.0,0.0,40.9,278.0,8.3
2024-12-07 17:00:00,33.0,0.0,42.2,292.0,7.7
2024-12-07 18:00:00,31.7,0.0,48.8,291.0,7.4
2024-12-07 19:00:00,30.9,0.0,52.9,289.0,4.4
2024-12-07 20:00:00,30.2,0.0,58.1,295.0,4.1
2024-12-07 21:00:00,29.7,0.0,63.5,343.0,2.1
2024-12-07 22:00:00,29.0,0.0,76.6,48.0,1.3
2024-12-07 23:00:00,28.4,0.0,76.3,7.0,3.8
2024-12-08 00:00:00,28.2,0.0,76.8,17.0,2.8
2024-12-08 01:00:00,27.8,0.0,78.8,7.0,4.1
2024-12-08 02:00:00,27.8,0.0,78.3,19.0,2.7
2024-12-08 03:00:00,26.9,0.0,77.1,3.0,3.7
2024-12-08 04:00:00,26.9,0.0,76.1,346.0,3.3
2024-12-08 05:00:00,26.6,0.0,79.5,3.0,3.8
2024-12-08 06:00:00,26.7,0.0,81.1,1.0,3.0
2024-12-08 07:00:00,26.3,0.0,82.1,17.0,3.8
2024-12-08 08:00:00,27.4,0.0,74.3,2.0,4.1
2024-12-08 09:00:00,28.1,0.0,72.7,11.0,4.6
2024-12-08 10:00:00,29.8,0.0,66.4,356.0,4.3
2024-12-08 11:00:00,30.6,0.0,62.8,352.0,3.1
2024-12-08 12:00:00,31.5,0.0,59.6,10.0,3.3
2024-12-08 13:00:00,32.2,0.0,54.9,359.0,6.8
2024-12-08 14:00:00,32.0,0.0,57.0,350.0,3.8
2024-12-08 15:00:00,30.4,0.0,65.4,354.0,6.8
2024-12-08 16:00:00,30.0,0.0,66.4,19.0,1.7
2024-12-08 17:00:00,27.2,0.0,78.0,342.0,3.4
2024-12-08 18:00:00,27.6,0.0,75.3,355.0,3.2
2024-12-08 19:00:00,28.1,0.0,73.9,344.0,2.4
2024-12-08 20:00:00,27.9,0.0,77.7,344.0,3.3
2024-12-08 21:00:00,27.6,0.0,79.5,313.0,3.1
2024-12-08 22:00:00,27.5,0.0,81.8,338.0,1.8
2024-12-08 23:00:00,27.4,0.0,82.1,355.0,3.2
2024-12-09 00:00:00,27.3,0.0,81.8,334.0,3.6
2024-12-09 01:00:00,25.7,0.0,78.0,306.0,14.6
2024-12-09 02:00:00,25.0,0.0,77.4,297.0,6.2
2024-12-09 03:00:00,24.9,0.0,79.6,15.0,4.8
2024-12-09 04:00:00,24.5,0.0,87.4,1.0,4.1
2024-12-09 05:00:00,24.4,0.0,90.7,11.0,4.0
2024-12-09 06:00:00,24.7,0.0,86.9,338.0,3.6
2024-12-09 07:00:00,24.6,0.0,87.4,317.0,3.9
2024-12-09 08:00:00,25.0,0.0,86.3,329.0,4.4
2024-12-09 09:00:00,25.0,0.0,87.2,317.0,6.3
2024-12-09 10:00:00,24.6,0.0,85.5,312.0,7.2
2024-12-09 11:00:00,24.6,0.0,91.7,309.0,8.39999
2024-12-09 12:00:00,25.8,0.0,85.8,308.0,7.7
2024-12-09 13:00:00,27.6,0.0,75.2,325.0,5.1
2024-12-09 14:00:00,28.3,0.0,70.4,298.0,7.7
2024-12-09 15:00:00,28.5,0.0,68.9,305.0,8.7
2024-12-09 16:00:00,28.4,0.0,68.6,311.0,9.10001
2024-12-09 17:00:00,27.5,0.0,72.5,322.0,6.2
2024-12-09 18:00:00,27.4,0.0,72.7,328.0,2.7
2024-12-09 19:00:00,26.9,0.0,72.9,310.0,8.39999
2024-12-09 20:00:00,26.3,0.0,76.8,310.0,6.0
2024-12-09 21:00:00,25.9,0.0,79.5,311.0,5.8
2024-12-09 22:00:00,25.5,0.0,80.8,309.0,6.1
2024-12-09 23:00:00,25.2,0.0,80.8,315.0,4.8
2024-12-10 00:00:00,25.0,0.0,82.7,313.0,3.3
2024-12-10 01:00:00,24.8,0.0,83.5,300.0,5.5
2024-12-10 02:00:00,24.7,0.0,83.7,309.0,7.2
2024-12-10 03:00:00,24.6,0.0,83.4,314.0,5.3
2024-12-10 04:00:00,24.7,0.0,82.4,308.0,7.1
2024-12-10 05:00:00,24.9,0.0,79.8,309.0,9.3
2024-12-10 06:00:00,24.8,0.0,80.3,311.0,6.9
2024-12-10 07:00:00,24.9,0.0,78.7,309.0,7.0
2024-12-10 08:00:00,25.0,0.0,78.9,324.0,3.6
2024-12-10 09:00:00,25.7,0.0,73.8,308.0,6.2
2024-12-10 10:00:00,26.0,0.0,74.2,308.0,5.1
2024-12-10 11:00:00,27.1,0.0,69.7,324.0,5.2
2024-12-10 12:00:00,26.6,0.0,71.1,308.0,9.5
2024-12-10 13:00:00,27.0,0.0,69.8,311.0,12.4
2024-12-10 14:00:00,28.3,0.0,67.6,311.0,7.8
2024-12-10 15:00:00,28.5,0.0,65.9,314.0,6.8
2024-12-10 16:00:00,28.5,0.0,67.2,301.0,9.39999
2024-12-10 17:00:00,28.8,0.0,65.0,311.0,9.3
2024-12-10 18:00:00,28.9,0.0,64.4,340.0,4.6
2024-12-10 19:00:00,28.1,0.0,67.3,316.0,4.8
2024-12-10 20:00:00,27.6,0.0,68.2,336.0,3.1
2024-12-10 21:00:00,27.0,0.0,74.1,311.0,3.7
2024-12-10 22:00:00,26.8,0.0,75.3,305.0,5.6
2024-12-10 23:00:00,26.4,0.0,78.3,319.0,2.8
2024-12-11 00:00:00,26.6,0.0,76.2,308.0,4.3
2024-12-11 01:00:00,26.4,0.0,76.5,311.0,5.8
2024-12-11 02:00:00,25.9,0.0,77.5,14.0,3.0
2024-12-11 03:00:00,25.9,0.0,76.5,6.0,4.1
2024-12-11 04:00:00,25.5,0.0,79.0,330.0,2.9
2024-12-11 05:00:00,25.3,0.0,80.0,330.0,2.5
2024-12-11 06:00:00,25.1,0.0,81.2,351.0,2.8
2024-12-11 07:00:00,25.1,0.0,80.9,310.0,4.7
2024-12-11 08:00:00,26.0,0.0,76.7,305.0,2.6
2024-12-11 09:00:00,27.5,0.0,69.2,311.0,4.8
2024-12-11 10:00:00,29.4,0.0,59.8,318.0,3.0
2024-12-11 11:00:00,29.3,0.0,60.6,308.0,4.4
2024-12-11 12:00:00,31.0,0.0,53.9,296.0,6.2
2024-12-11 13:00:00,31.6,0.0,51.9,294.0,5.4
2024-12-11 14:00:00,32.1,0.0,52.0,345.0,3.0
2024-12-11 15:00:00,31.5,0.0,55.4,285.0,5.6
2024-12-11 16:00:00,30.0,0.0,59.3,286.0,6.6
2024-12-11 17:00:00,30.3,0.0,59.8,267.0,3.7
2024-12-11 18:00:00,30.0,0.0,65.1,288.0,4.7
2024-12-11 19:00:00,29.4,0.0,69.5,324.0,3.2
2024-12-11 20:00:00,27.3,0.0,79.3,86.0,2.3
2024-12-11 21:00:00,27.5,0.0,79.3,281.0,2.3
2024-12-11 22:00:00,27.8,0.0,71.0,304.0,5.6
2024-12-11 23:00:00,27.9,0.0,75.5,277.0,4.4
2024-12-12 00:00:00,27.8,0.0,79.4,292.0,5.7
2024-12-12 01:00:00,27.6,0.0,81.1,303.0,5.9
2024-12-12 02:00:00,27.3,0.0,83.2,303.0,5.9
2024-12-12 03:00:00,26.8,0.0,79.4,292.0,7.1
2024-12-12 04:00:00,25.8,0.0,83.2,266.0,4.3
2024-12-12 05:00:00,26.1,0.0,85.2,276.0,4.9
2024-12-12 06:00:00,26.1,0.2,86.6,302.0,5.3
2024-12-12 07:00:00,25.9,0.0,89.5,312.0,4.0
2024-12-12 08:00:00,26.2,0.0,86.3,311.0,6.0
2024-12-12 09:00:00,26.9,0.0,83.0,304.0,4.0
2024-12-12 10:00:00,27.3,0.0,79.9,313.0,5.2
2024-12-12 11:00:00,28.6,0.0,74.7,294.0,3.2
2024-12-12 12:00:00,28.9,0.0,69.2,298.0,6.0
2024-12-12 13:00:00,29.3,0.0,66.7,286.0,5.4
2024-12-12 14:00:00,29.0,0.0,67.6,282.0,5.5
2024-12-12 15:00:00,28.5,0.0,79.3,273.0,2.4
2024-12-12 16:00:00,28.6,0.0,74.9,300.0,6.0
2024-12-12 17:00:00,28.4,0.0,77.0,282.0,3.8
2024-12-12 18:00:00,28.4,0.0,77.7,281.0,4.0
2024-12-12 19:00:00,28.1,0.0,79.9,30.0,2.1
2024-12-12 20:00:00,27.9,0.0,77.8,185.0,0.7
2024-12-12 21:00:00,27.5,0.0,80.3,352.0,1.1
2024-12-12 22:00:00,27.6,0.0,81.0,308.0,2.6
2024-12-12 23:00:00,27.7,0.0,82.5,285.0,4.0
2024-12-13 00:00:00,27.3,0.0,85.4,308.0,5.1
2024-12-13 01:00:00,27.2,0.0,84.2,308.0,4.1
2024-12-13 02:00:00,27.2,0.0,84.1,263.0,1.5
2024-12-13 03:00:00,24.5,1.2,93.6,263.0,6.6
2024-12-13 04:00:00,24.1,0.2,97.4,304.0,3.5
2024-12-13 05:00:00,23.8,0.2,95.3,294.0,5.9
2024-12-13 06:00:00,24.2,0.0,96.3,266.0,3.0
2024-12-13 07:00:00,25.3,0.0,92.5,269.0,2.8
2024-12-13 08:00:00,25.9,0.0,88.2,257.0,3.7
2024-12-13 09:00:00,26.5,0.0,84.2,248.0,3.8
2024-12-13 10:00:00,27.0,0.0,80.6,237.0,3.2
2024-12-13 11:00:00,27.3,0.0,77.5,271.0,2.7
2024-12-13 12:00:00,27.6,0.0,76.9,304.0,2.4
2024-12-13 13:00:00,28.0,0.0,77.4,325.0,1.6
2024-12-13 14:00:00,27.9,0.0,71.9,301.0,4.9
2024-12-13 15:00:00,27.8,0.0,73.8,309.0,3.9
2024-12-13 16:00:00,27.6,0.0,75.5,309.0,4.0
2024-12-13 17:00:00,27.9,0.0,74.7,289.0,2.3
2024-12-13 18:00:00,27.8,0.0,74.8,286.0,2.8
2024-12-13 19:00:00,27.6,0.0,77.5,284.0,1.7
2024-12-13 20:00:00,27.6,0.0,77.5,296.0,1.9
2024-12-13 21:00:00,27.5,0.0,79.7,292.0,2.7
2024-12-13 22:00:00,27.3,0.0,81.9,304.0,2.8
2024-12-13 23:00:00,27.2,0.0,83.3,311.0,4.0
2024-12-14 00:00:00,27.2,0.0,83.5,312.0,3.4
2024-12-14 01:00:00,26.8,0.0,85.9,311.0,4.6
2024-12-14 02:00:00,26.5,0.0,87.9,308.0,2.2
2024-12-14 03:00:00,26.1,0.0,91.3,332.0,1.0
2024-12-14 04:00:00,26.4,0.0,83.1,271.0,3.2
2024-12-14 05:00:00,26.4,0.0,80.4,295.0,3.7
2024-12-14 06:00:00,26.0,0.0,82.3,308.0,4.6
2024-12-14 07:00:00,25.8,0.0,80.8,310.0,4.9
2024-12-14 08:00:00,25.8,0.0,81.5,310.0,4.5
2024-12-14 09:00:00,27.4,0.0,79.6,313.0,2.8
2024-12-14 10:00:00,28.3,0.0,74.8,302.0,5.9
2024-12-14 11:00:00,29.3,0.0,68.8,299.0,3.7
2024-12-14 12:00:00,31.1,0.0,63.5,279.0,1.7
2024-12-14 13:00:00,31.9,0.0,61.0,261.0,3.3
2024-12-14 14:00:00,31.1,0.0,57.8,298.0,6.4
2024-12-14 15:00:00,31.3,0.0,55.2,299.0,6.9
2024-12-14 16:00:00,32.3,0.0,53.8,298.0,5.4
2024-12-14 17:00:00,32.3,0.0,55.4,265.0,3.6
2024-12-14 18:00:00,31.1,0.0,57.2,267.0,3.6
2024-12-14 19:00:00,30.7,0.0,54.2,317.0,2.9
2024-12-14 20:00:00,28.7,0.0,73.3,331.0,2.0
2024-12-14 21:00:00,28.0,0.0,78.6,14.0,2.3
2024-12-14 22:00:00,27.7,0.0,79.3,355.0,2.5
2024-12-14 23:00:00,27.8,0.0,77.0,2.0,1.8
2024-12-15 00:00:00,27.9,0.0,76.6,54.0,1.3
2024-12-15 01:00:00,27.8,0.0,77.1,26.0,2.2
2024-12-15 02:00:00,27.3,0.0,82.3,37.0,1.2
2024-12-15 03:00:00,27.2,0.0,84.1,31.0,3.1
2024-12-15 04:00:00,27.1,0.0,84.8,19.0,2.5
2024-12-15 05:00:00,27.0,0.0,84.4,13.0,2.8
2024-12-15 06:00:00,26.7,0.0,86.6,20.0,1.7
2024-12-15 07:00:00,26.6,0.0,87.2,13.0,1.6
2024-12-15 08:00:00,27.3,0.0,82.8,350.0,2.2
2024-12-15 09:00:00,27.9,0.0,79.1,343.0,3.2
2024-12-15 10:00:00,30.9,0.0,67.8,332.0,1.6
2024-12-15 11:00:00,31.5,0.0,61.3,314.0,1.8
2024-12-15 12:00:00,30.4,0.0,62.2,307.0,3.4
2024-12-15 13:00:00,31.9,0.0,53.8,273.0,2.8
2024-12-15 14:00:00,30.7,0.0,67.0,173.0,2.9
2024-12-15 15:00:00,30.4,0.0,69.5,145.0,4.3
2024-12-15 16:00:00,29.2,0.0,77.3,130.0,4.2
2024-12-15 17:00:00,30.0,0.0,69.5,112.0,5.3
2024-12-15 18:00:00,29.8,0.0,70.6,112.0,4.7
2024-12-15 19:00:00,28.4,0.0,74.8,82.0,4.4
2024-12-15 20:00:00,28.1,0.0,74.8,90.0,2.2
2024-12-15 21:00:00,27.7,0.0,79.4,63.0,1.4
2024-12-15 22:00:00,27.8,0.0,79.5,75.0,1.1
2024-12-15 23:00:00,27.7,0.0,82.7,83.0,1.7
2024-12-16 00:00:00,27.6,0.0,83.0,11.0,3.3
2024-12-16 01:00:00,27.5,0.0,83.9,40.0,1.5
2024-12-16 02:00:00,27.3,0.0,85.8,26.0,2.0
2024-12-16 03:00:00,27.1,0.0,87.1,11.0,2.9
2024-12-16 04:00:00,27.0,0.0,87.4,5.0,3.1
2024-12-16 05:00:00,26.9,0.0,88.2,16.0,2.5
2024-12-16 06:00:00,26.6,0.0,89.2,358.0,2.6
2024-12-16 07:00:00,26.5,0.0,89.4,20.0,1.7
2024-12-16 08:00:00,27.4,0.0,84.8,328.0,0.6
2024-12-16 09:00:00,28.4,0.0,78.5,3.0,3.1
2024-12-16 10:00:00,31.9,0.0,61.3,315.0,1.6
2024-12-16 11:00:00,32.9,0.0,57.9,279.0,2.3
2024-12-16 12:00:00,31.2,0.0,60.6,326.0,3.2
2024-12-16 13:00:00,31.7,0.0,59.2,281.0,2.0
2024-12-16 14:00:00,30.5,0.0,69.7,135.0,2.8
2024-12-16 15:00:00,28.9,0.0,74.2,114.0,1.9
2024-12-16 16:00:00,25.4,0.0,93.3,7.0,2.0
2024-12-16 17:00:00,26.2,0.0,89.8,8.0,2.5
2024-12-16 18:00:00,26.1,0.0,89.1,3.0,2.6
2024-12-16 19:00:00,25.9,0.0,87.4,354.0,3.8
2024-12-16 20:00:00,26.3,0.0,87.0,351.0,4.7
2024-12-16 21:00:00,26.3,0.0,88.4,7.0,3.6
2024-12-16 22:00:00,26.2,0.0,88.6,356.0,2.3
2024-12-16 23:00:00,26.2,0.0,88.0,14.0,2.4
2024-12-17 00:00:00,26.1,0.0,87.4,2.0,3.4
2024-12-17 01:00:00,26.1,0.0,88.2,6.0,3.2
2024-12-17 02:00:00,26.1,0.0,88.4,347.0,2.2
2024-12-17 03:00:00,25.8,0.0,89.6,1.0,3.8
2024-12-17 04:00:00,25.8,0.0,90.2,357.0,3.4
2024-12-17 05:00:00,25.7,0.0,91.1,315.0,2.8
2024-12-17 06:00:00,25.7,0.0,90.4,21.0,2.5
2024-12-17 07:00:00,25.8,0.0,90.0,354.0,1.8
2024-12-17 08:00:00,26.2,0.0,88.3,2.0,2.6
2024-12-17 09:00:00,26.6,0.0,86.2,359.0,2.7
2024-12-17 10:00:00,28.7,0.0,75.5,340.0,4.6
2024-12-17 11:00:00,29.8,0.0,68.3,341.0,3.9
2024-12-17 12:00:00,30.7,0.0,65.9,1.0,3.6
2024-12-17 13:00:00,31.2,0.0,63.1,333.0,3.7
2024-12-17 14:00:00,31.7,0.0,59.6,356.0,3.4
2024-12-17 15:00:00,29.7,0.0,69.4,11.0,4.0
2024-12-17 16:00:00,28.7,0.0,69.6,352.0,4.0
2024-12-17 17:00:00,28.7,0.0,72.4,328.0,3.5
2024-12-17 18:00:00,28.6,0.0,71.3,6.0,2.5
2024-12-17 19:00:00,28.0,0.0,75.8,356.0,5.2
2024-12-17 20:00:00,27.0,0.0,81.5,339.0,3.5
2024-12-17 21:00:00,26.7,0.0,79.8,23.0,4.1
2024-12-17 22:00:00,26.0,0.0,84.3,8.0,4.1
2024-12-17 23:00:00,25.7,0.0,86.9,23.0,3.8
2024-12-18 00:00:00,25.7,0.0,87.5,18.0,3.4
2024-12-18 01:00:00,25.7,0.0,87.0,346.0,3.2
2024-12-18 02:00:00,25.5,0.0,88.6,336.0,2.2
2024-12-18 03:00:00,25.4,0.0,89.1,317.0,4.8
2024-12-18 04:00:00,25.3,0.0,89.4,313.0,4.4
2024-12-18 05:00:00,25.2,0.0,89.4,325.0,2.8
2024-12-18 06:00:00,25.1,0.0,90.4,31.0,3.3
2024-12-18 07:00:00,25.2,0.0,88.2,4.0,3.4
2024-12-18 08:00:00,25.3,0.0,87.0,334.0,3.5
2024-12-18 09:00:00,26.3,0.0,83.0,5.0,3.1
2024-12-18 10:00:00,26.7,0.0,81.0,8.0,5.3
2024-12-18 11:00:00,26.9,0.0,80.9,21.0,3.5
2024-12-18 12:00:00,26.2,0.0,86.5,10.0,3.5
2024-12-18 13:00:00,26.3,0.0,86.2,341.0,3.8
2024-12-18 14:00:00,26.6,0.0,84.7,323.0,3.1
2024-12-18 15:00:00,26.7,0.0,79.9,9.0,5.8
2024-12-18 16:00:00,26.7,0.0,81.4,336.0,4.4
2024-12-18 17:00:00,25.1,0.0,91.5,5.0,5.0
2024-12-18 18:00:00,25.4,0.0,91.0,2.0,3.7
2024-12-18 19:00:00,25.5,0.0,87.6,354.0,5.0
2024-12-18 20:00:00,25.6,0.0,84.8,3.0,4.3
2024-12-18 21:00:00,25.4,0.0,83.3,6.0,5.0
2024-12-18 22:00:00,25.4,0.0,84.6,350.0,5.2
2024-12-18 23:00:00,25.4,0.0,85.4,5.0,4.9
2024-12-19 00:00:00,25.3,0.0,87.0,18.0,3.9
2024-12-19 01:00:00,25.3,0.0,86.5,358.0,3.7
2024-12-19 02:00:00,25.0,0.0,87.8,313.0,3.9
2024-12-19 03:00:00,24.9,0.0,87.9,315.0,2.9
2024-12-19 04:00:00,25.0,0.0,87.0,309.0,4.3
2024-12-19 05:00:00,25.2,0.0,86.4,295.0,3.3
2024-12-19 06:00:00,25.2,0.0,85.6,297.0,3.3
2024-12-19 07:00:00,25.0,0.0,87.7,305.0,4.2
2024-12-19 08:00:00,25.6,0.0,84.4,161.5,4.0
2024-12-19 09:00:00,26.4,0.0,80.1,18.0,4.7
2024-12-19 10:00:00,27.0,0.0,77.9,10.0,6.3
2024-12-19 11:00:00,28.3,0.0,69.5,338.0,5.0
2024-12-19 12:00:00,27.6,0.0,73.8,357.0,7.4
2024-12-19 13:00:00,27.7,0.0,74.1,3.0,4.3
2024-12-19 14:00:00,27.5,0.0,75.1,6.0,4.8
2024-12-19 15:00:00,28.2,0.0,70.1,339.0,5.2
2024-12-19 16:00:00,28.6,0.0,66.8,37.0,3.0
2024-12-19 17:00:00,28.5,0.0,66.4,336.0,6.1
2024-12-19 18:00:00,28.0,0.0,69.5,353.0,3.8
2024-12-19 19:00:00,27.5,0.0,73.4,356.0,5.0
2024-12-19 20:00:00,27.1,0.0,76.8,3.0,4.8
2024-12-19 21:00:00,26.9,0.0,77.9,8.0,3.5
2024-12-19 22:00:00,27.0,0.0,76.4,9.0,4.2
2024-12-19 23:00:00,26.5,0.0,79.3,358.0,5.0
2024-12-20 00:00:00,26.4,0.0,79.1,2.0,5.0
2024-12-20 01:00:00,26.4,0.0,79.4,18.0,3.6
2024-12-20 02:00:00,26.1,0.0,83.0,11.0,5.0
2024-12-20 03:00:00,25.4,0.0,87.0,12.0,3.3
2024-12-20 04:00:00,25.2,0.0,85.1,352.0,5.4
2024-12-20 05:00:00,25.0,0.0,85.7,353.5,4.1
2024-12-20 06:00:00,24.8,0.0,87.8,355.0,4.9
2024-12-20 07:00:00,25.0,0.0,87.3,345.0,6.3
2024-12-20 08:00:00,25.4,0.0,85.8,20.0,4.8
2024-12-20 09:00:00,25.8,0.0,83.3,8.0,7.0
2024-12-20 10:00:00,26.6,0.0,78.2,15.0,5.4
2024-12-20 11:00:00,27.1,0.0,77.4,17.0,3.3
2024-12-20 12:00:00,27.7,0.0,72.3,12.0,4.3
2024-12-20 13:00:00,28.8,0.0,67.3,346.0,3.4
2024-12-20 14:00:00,29.5,0.0,64.6,9.0,4.4
2024-12-20 15:00:00,28.8,0.0,66.0,4.0,5.0
2024-12-20 16:00:00,28.9,0.0,63.5,6.0,7.1
2024-12-20 17:00:00,28.9,0.0,65.5,1.0,5.0
2024-12-20 18:00:00,27.7,0.0,76.6,351.0,4.6
2024-12-20 19:00:00,26.2,0.2,84.7,46.0,2.8
2024-12-20 20:00:00,26.8,0.0,82.5,6.0,3.7
2024-12-20 21:00:00,26.3,0.0,82.9,355.0,5.1
2024-12-20 22:00:00,26.2,0.0,80.1,10.0,2.7
2024-12-20 23:00:00,25.9,0.0,79.6,11.0,3.4
2024-12-21 00:00:00,26.0,0.0,79.8,11.0,2.9
2024-12-21 01:00:00,25.8,0.0,83.0,359.0,3.1
2024-12-21 02:00:00,26.0,0.0,84.3,18.0,3.4
2024-12-21 03:00:00,25.9,0.0,85.7,357.0,3.2
2024-12-21 04:00:00,25.8,0.0,86.0,351.0,2.7
2024-12-21 05:00:00,25.7,0.0,86.7,5.0,2.7
2024-12-21 06:00:00,25.5,0.0,87.3,14.0,2.1
2024-12-21 07:00:00,25.5,0.0,87.1,13.0,2.2
2024-12-21 08:00:00,26.1,0.0,84.6,11.0,2.5
2024-12-21 09:00:00,27.7,0.0,77.5,2.0,2.2
2024-12-21 10:00:00,29.3,0.0,66.9,350.0,3.3
2024-12-21 11:00:00,29.1,0.0,66.3,344.0,5.8
2024-12-21 12:00:00,30.5,0.0,61.8,325.0,4.4
2024-12-21 13:00:00,30.4,0.0,62.1,27.0,3.1
2024-12-21 14:00:00,28.8,0.0,68.8,331.0,5.6
2024-12-21 15:00:00,27.7,0.0,74.8,29.0,5.2
2024-12-21 16:00:00,27.6,0.4,78.9,358.0,3.1
2024-12-21 17:00:00,27.2,0.0,80.8,5.0,1.6
2024-12-21 18:00:00,27.2,0.0,77.0,13.0,6.4
2024-12-21 19:00:00,26.9,0.0,74.4,352.0,6.2
2024-12-21 20:00:00,26.5,0.0,78.5,1.0,4.2
2024-12-21 21:00:00,26.4,0.0,80.1,3.0,4.4
2024-12-21 22:00:00,26.4,0.0,79.2,355.0,5.3
2024-12-21 23:00:00,26.4,0.0,80.1,3.0,3.4
2024-12-22 00:00:00,26.3,0.0,81.5,18.0,4.1
2024-12-22 01:00:00,26.2,0.0,82.7,29.0,3.1
2024-12-22 02:00:00,26.1,0.0,83.6,18.0,2.5
2024-12-22 03:00:00,26.1,0.0,84.4,359.0,3.9
2024-12-22 04:00:00,26.0,0.0,84.5,355.0,3.8
2024-12-22 05:00:00,25.9,0.0,85.8,14.0,2.9
2024-12-22 06:00:00,25.9,0.0,85.2,359.0,3.9
2024-12-22 07:00:00,25.8,0.0,85.6,353.0,3.5
2024-12-22 08:00:00,26.0,0.0,83.8,3.0,3.0
2024-12-22 09:00:00,26.5,0.0,77.0,1.0,5.0
2024-12-22 10:00:00,27.2,0.0,70.8,9.0,5.4
2024-12-22 11:00:00,28.2,0.0,65.4,348.0,6.2
2024-12-22 12:00:00,29.7,0.0,60.7,17.0,6.0
2024-12-22 13:00:00,30.3,0.0,57.8,356.0,5.6
2024-12-22 14:00:00,30.5,0.0,56.1,354.0,4.8
2024-12-22 15:00:00,30.6,0.0,56.1,2.0,2.0
2024-12-22 16:00:00,31.0,0.0,54.9,28.0,3.9
2024-12-22 17:00:00,29.1,0.0,64.8,56.0,3.1
2024-12-22 18:00:00,28.2,0.0,69.7,29.0,3.3
2024-12-22 19:00:00,27.5,0.0,69.4,48.0,4.2
2024-12-22 20:00:00,27.1,0.0,71.6,40.0,5.6
2024-12-22 21:00:00,26.8,0.0,72.5,24.0,3.1
2024-12-22 22:00:00,26.7,0.0,74.4,9.0,3.3
2024-12-22 23:00:00,26.6,0.0,74.9,18.0,5.1
2024-12-23 00:00:00,26.5,0.0,75.0,29.0,2.6
2024-12-23 01:00:00,26.4,0.0,76.3,57.0,3.6
2024-12-23 02:00:00,26.3,0.0,76.8,47.0,4.0
2024-12-23 03:00:00,26.2,0.0,77.7,35.0,3.8
2024-12-23 04:00:00,26.0,0.0,78.2,44.0,4.1
2024-12-23 05:00:00,25.9,0.0,79.7,23.0,4.1
2024-12-23 06:00:00,26.0,0.0,78.6,33.0,3.2
2024-12-23 07:00:00,26.0,0.0,79.5,54.0,2.5
2024-12-23 08:00:00,26.3,0.0,78.3,11.0,2.7
2024-12-23 09:00:00,27.5,0.0,74.0,35.0,3.7
2024-12-23 10:00:00,28.3,0.0,71.1,27.0,4.0
2024-12-23 11:00:00,28.6,0.0,69.9,354.0,5.8
2024-12-23 12:00:00,30.8,0.0,61.8,9.0,3.2
2024-12-23 13:00:00,30.8,0.0,59.7,40.0,4.2
2024-12-23 14:00:00,28.1,0.0,80.3,87.0,3.0
2024-12-23 15:00:00,25.5,5.6,89.6,57.0,3.1
2024-12-23 16:00:00,25.8,0.0,93.1,99.0,5.2
2024-12-23 17:00:00,26.4,0.0,84.6,48.0,4.0
2024-12-23 18:00:00,25.1,0.4,96.8,334.0,1.3
2024-12-23 19:00:00,24.8,0.0,99.0,50.0,1.2
2024-12-23 20:00:00,25.1,0.0,97.3,7.0,2.4
2024-12-23 21:00:00,24.3,0.4,98.8,353.0,2.4
2024-12-23 22:00:00,23.8,0.4,99.3,310.0,3.3
2024-12-23 23:00:00,23.9,0.2,99.3,311.0,1.5
2024-12-24 00:00:00,24.1,0.0,99.3,10.0,2.0
2024-12-24 01:00:00,24.1,0.0,99.3,2.0,2.2
2024-12-24 02:00:00,24.0,0.0,98.0,9.0,2.5
2024-12-24 03:00:00,24.4,0.0,95.2,27.0,1.4
2024-12-24 04:00:00,24.3,0.0,94.6,13.0,1.4
2024-12-24 05:00:00,24.4,0.0,95.1,43.0,1.5
2024-12-24 06:00:00,24.5,0.0,94.7,34.0,2.1
2024-12-24 07:00:00,24.5,0.0,94.7,44.0,2.2
2024-12-24 08:00:00,24.8,0.0,93.9,78.0,1.1
2024-12-24 09:00:00,25.6,0.0,89.0,340.0,3.0
2024-12-24 10:00:00,26.2,0.0,85.3,356.0,4.6
2024-12-24 11:00:00,28.1,0.0,74.0,327.0,2.9
2024-12-24 12:00:00,29.2,0.0,68.3,6.0,2.4
2024-12-24 13:00:00,29.9,0.0,66.9,286.0,2.4
2024-12-24 14:00:00,31.6,0.0,58.7,316.0,1.1
2024-12-24 15:00:00,27.1,0.0,75.7,357.0,6.4
2024-12-24 16:00:00,27.2,0.0,79.3,56.0,2.3
2024-12-24 17:00:00,27.3,0.0,76.3,57.0,4.1
2024-12-24 18:00:00,25.9,0.0,88.0,64.0,2.7
2024-12-24 19:00:00,25.9,0.0,84.1,71.0,4.3
2024-12-24 20:00:00,26.1,0.0,82.3,61.0,3.5
2024-12-24 21:00:00,26.2,0.0,79.2,46.0,3.5
2024-12-24 22:00:00,25.9,0.0,82.0,22.0,2.3
2024-12-24 23:00:00,25.6,0.0,84.9,355.0,4.8
2024-12-25 00:00:00,25.4,0.0,83.7,4.0,2.7
2024-12-25 01:00:00,25.6,0.0,79.3,9.0,3.9
2024-12-25 02:00:00,25.5,0.0,80.2,36.0,2.0
2024-12-25 03:00:00,25.3,0.0,82.9,8.0,2.5
2024-12-25 04:00:00,25.5,0.0,78.0,9.0,3.8
2024-12-25 05:00:00,25.6,0.0,76.1,354.0,3.7
2024-12-25 06:00:00,25.6,0.0,77.0,7.0,3.1
2024-12-25 07:00:00,25.7,0.0,76.9,359.0,3.0
2024-12-25 08:00:00,26.4,0.0,72.6,5.0,3.7
2024-12-25 09:00:00,27.4,0.0,72.0,344.0,3.3
2024-12-25 10:00:00,28.4,0.0,63.7,359.0,3.9
2024-12-25 11:00:00,29.5,0.0,57.5,346.0,4.5
2024-12-25 12:00:00,30.8,0.0,54.4,353.0,4.8
2024-12-25 13:00:00,30.0,0.0,50.9,18.0,2.9
2024-12-25 14:00:00,30.5,0.0,52.6,348.0,3.8
2024-12-25 15:00:00,29.5,0.0,57.1,26.0,2.4
2024-12-25 16:00:00,28.7,0.0,61.8,51.0,1.8
2024-12-25 17:00:00,28.6,0.0,63.3,29.0,2.0
2024-12-25 18:00:00,27.9,0.0,61.1,37.0,3.7
2024-12-25 19:00:00,27.4,0.0,65.8,346.0,5.0
2024-12-25 20:00:00,26.4,0.0,70.0,357.0,4.0
2024-12-25 21:00:00,26.4,0.0,67.2,344.0,4.0
2024-12-25 22:00:00,26.2,0.0,66.9,4.0,3.1
2024-12-25 23:00:00,25.8,0.0,72.7,32.0,3.0
2024-12-26 00:00:00,25.5,0.0,74.1,10.0,4.7
2024-12-26 01:00:00,25.4,0.0,74.9,353.0,3.4
2024-12-26 02:00:00,25.2,0.0,75.9,320.0,2.7
2024-12-26 03:00:00,25.3,0.0,73.0,4.0,2.2
2024-12-26 04:00:00,25.7,0.0,69.8,77.0,1.0
2024-12-26 05:00:00,25.9,0.0,68.0,45.0,1.2
2024-12-26 06:00:00,25.8,0.0,70.0,351.0,1.8
2024-12-26 07:00:00,25.7,0.0,74.5,4.0,2.6
2024-12-26 08:00:00,25.6,0.0,79.4,2.0,3.5
2024-12-26 09:00:00,26.6,0.0,75.8,1.0,2.7
2024-12-26 10:00:00,27.9,0.0,69.1,354.0,3.1
2024-12-26 11:00:00,29.0,0.0,64.6,43.0,2.5
2024-12-26 12:00:00,29.0,0.0,62.8,349.0,3.6
2024-12-26 13:00:00,28.9,0.0,67.0,13.0,2.8
2024-12-26 14:00:00,29.7,0.0,62.9,358.0,3.6
2024-12-26 15:00:00,29.9,0.0,61.7,351.0,4.4
2024-12-26 16:00:00,29.0,0.0,66.0,353.0,2.2
2024-12-26 17:00:00,28.5,0.0,68.8,69.0,2.1
2024-12-26 18:00:00,28.3,0.0,72.4,74.0,2.3
2024-12-26 19:00:00,28.3,0.0,64.8,61.0,2.2
2024-12-26 20:00:00,27.7,0.0,69.4,20.0,3.2
2024-12-26 21:00:00,27.4,0.0,71.7,29.0,2.3
2024-12-26 22:00:00,27.1,0.0,73.8,22.0,2.3
2024-12-26 23:00:00,26.8,0.0,79.4,54.0,1.4
2024-12-27 00:00:00,26.5,0.0,83.0,51.0,3.7
2024-12-27 01:00:00,26.3,0.0,84.7,26.0,1.9
2024-12-27 02:00:00,26.3,0.0,85.2,32.0,2.3
2024-12-27 03:00:00,26.3,0.0,84.6,56.0,1.3
2024-12-27 04:00:00,26.1,0.0,86.3,356.0,1.8
2024-12-27 05:00:00,26.0,0.0,86.3,27.0,1.4
2024-12-27 06:00:00,26.0,0.0,86.1,29.0,1.8
2024-12-27 07:00:00,26.0,0.0,85.0,41.0,1.7
2024-12-27 08:00:00,26.3,0.0,83.1,32.0,1.8
2024-12-27 09:00:00,26.9,0.0,79.3,50.0,2.0
2024-12-27 10:00:00,27.6,0.0,73.7,353.0,3.0
2024-12-27 11:00:00,29.0,0.0,66.4,47.0,3.2
2024-12-27 12:00:00,30.3,0.0,60.8,356.0,2.9
2024-12-27 13:00:00,31.7,0.0,52.5,331.0,2.3
2024-12-27 14:00:00,31.5,0.0,50.4,13.0,2.9
2024-12-27 15:00:00,31.1,0.0,54.5,74.0,4.6
2024-12-27 16:00:00,29.0,0.0,67.9,74.0,6.1
2024-12-27 17:00:00,28.9,0.0,65.6,71.0,2.9
2024-12-27 18:00:00,29.4,0.0,62.5,55.0,2.5
2024-12-27 19:00:00,28.4,0.0,65.9,18.0,3.8
2024-12-27 20:00:00,27.8,0.0,67.8,22.0,3.7
2024-12-27 21:00:00,27.3,0.0,71.5,48.0,3.2
2024-12-27 22:00:00,26.9,0.0,75.8,351.0,3.7
2024-12-27 23:00:00,26.7,0.0,76.6,38.0,3.5
2024-12-28 00:00:00,26.5,0.0,78.6,2.0,2.4
2024-12-28 01:00:00,26.3,0.0,79.5,36.0,2.7
2024-12-28 02:00:00,26.3,0.0,80.0,22.0,3.4
2024-12-28 03:00:00,25.9,0.0,83.5,356.0,3.7
2024-12-28 04:00:00,25.8,0.0,85.0,7.0,3.1
2024-12-28 05:00:00,25.9,0.0,82.3,9.0,2.8
2024-12-28 06:00:00,25.8,0.0,83.7,18.0,2.7
2024-12-28 07:00:00,25.9,0.0,83.0,39.0,2.9
2024-12-28 08:00:00,26.4,0.0,81.7,349.0,2.5
2024-12-28 09:00:00,27.7,0.0,76.8,356.0,2.0
2024-12-28 10:00:00,29.3,0.0,69.2,349.0,2.5
2024-12-28 11:00:00,28.9,0.0,67.3,14.0,5.6
2024-12-28 12:00:00,30.6,0.0,60.8,1.0,3.7
2024-12-28 13:00:00,30.9,0.0,61.0,60.0,3.5
2024-12-28 14:00:00,31.1,0.0,57.1,46.0,4.7
2024-12-28 15:00:00,30.5,0.0,59.6,5.0,5.2
2024-12-28 16:00:00,30.4,0.0,59.2,74.0,6.6
2024-12-28 17:00:00,29.6,0.0,63.6,65.0,4.6
2024-12-28 18:00:00,29.3,0.0,66.3,64.0,4.0
2024-12-28 19:00:00,28.6,0.0,69.5,51.0,3.1
2024-12-28 20:00:00,28.0,0.0,73.5,9.0,4.9
2024-12-28 21:00:00,27.7,0.0,73.3,58.0,2.6
2024-12-28 22:00:00,27.5,0.0,77.5,24.0,4.0
2024-12-28 23:00:00,27.2,0.0,80.0,27.0,5.7
2024-12-29 00:00:00,27.0,0.0,81.0,2.0,4.5
2024-12-29 01:00:00,26.7,0.0,83.3,21.0,3.9
2024-12-29 02:00:00,26.5,0.0,85.3,9.0,3.6
2024-12-29 03:00:00,26.5,0.0,85.7,30.0,3.1
2024-12-29 04:00:00,26.5,0.0,84.5,5.0,3.3
2024-12-29 05:00:00,26.3,0.0,86.3,23.0,3.0
2024-12-29 06:00:00,26.1,0.0,85.7,12.0,4.0
2024-12-29 07:00:00,25.9,0.0,87.8,351.0,3.9
2024-12-29 08:00:00,26.4,0.0,86.3,341.0,2.6
2024-12-29 09:00:00,27.7,0.0,78.2,6.0,4.0
2024-12-29 10:00:00,29.8,0.0,68.1,342.0,2.3
2024-12-29 11:00:00,30.4,0.0,65.0,2.0,4.6
2024-12-29 12:00:00,30.3,0.0,64.9,15.0,5.0
2024-12-29 13:00:00,30.9,0.0,60.1,9.0,5.5
2024-12-29 14:00:00,30.5,0.0,61.8,34.0,3.5
2024-12-29 15:00:00,27.1,0.0,84.6,211.0,8.8
2024-12-29 16:00:00,25.3,4.2,98.6,220.0,4.4
2024-12-29 17:00:00,23.8,11.0,99.3,302.0,11.5
2024-12-29 18:00:00,23.9,0.0,99.3,217.0,1.8
2024-12-29 19:00:00,24.9,0.0,99.3,56.0,2.2
2024-12-29 20:00:00,25.6,0.0,90.9,29.0,1.3
2024-12-29 21:00:00,26.5,0.0,87.3,28.0,3.1
2024-12-29 22:00:00,26.6,0.0,86.8,31.0,2.8
2024-12-29 23:00:00,26.5,0.0,87.3,52.0,2.0
2024-12-30 00:00:00,26.4,0.0,84.4,22.0,2.2
2024-12-30 01:00:00,26.0,0.0,88.7,11.0,2.1
2024-12-30 02:00:00,25.2,0.0,94.0,334.0,2.9
2024-12-30 03:00:00,24.6,0.2,96.1,318.0,4.3
2024-12-30 04:00:00,23.2,0.4,96.9,354.0,5.4
2024-12-30 05:00:00,23.6,0.0,95.0,9.0,2.4
2024-12-30 06:00:00,24.3,0.0,92.4,11.0,3.4
2024-12-30 07:00:00,24.1,0.0,93.8,358.0,3.1
2024-12-30 08:00:00,24.3,0.0,94.0,10.0,1.7
2024-12-30 09:00:00,24.5,0.0,94.5,311.0,2.1
2024-12-30 10:00:00,26.5,0.0,83.6,52.0,2.4
2024-12-30 11:00:00,25.8,0.0,87.0,52.0,2.6
2024-12-30 12:00:00,26.9,0.0,82.8,36.0,3.8
2024-12-30 13:00:00,28.2,0.0,75.6,331.0,2.1
2024-12-30 14:00:00,28.3,0.0,73.9,347.0,5.8
2024-12-30 15:00:00,29.0,0.0,70.1,335.0,4.7
2024-12-30 16:00:00,30.1,0.0,65.3,355.0,3.6
2024-12-30 17:00:00,27.9,0.0,72.6,18.0,4.2
2024-12-30 18:00:00,27.8,0.0,71.4,10.0,2.1
2024-12-30 19:00:00,25.7,0.0,86.4,23.0,2.1
2024-12-30 20:00:00,25.6,0.0,85.2,1.0,6.6
2024-12-30 21:00:00,25.4,0.0,86.8,358.0,4.3
2024-12-30 22:00:00,25.3,0.0,87.2,2.0,4.5
2024-12-30 23:00:00,25.4,0.0,86.7,6.0,3.7
2024-12-31 00:00:00,25.4,0.0,86.6,3.0,3.7
2024-12-31 01:00:00,25.2,0.0,87.3,12.0,3.7
2024-12-31 02:00:00,25.2,0.0,88.7,5.0,3.6
2024-12-31 03:00:00,25.0,0.0,89.7,14.0,3.1
2024-12-31 04:00:00,24.9,0.0,89.8,356.0,4.0
2024-12-31 05:00:00,24.9,0.0,89.8,40.0,1.6
2024-12-31 06:00:00,25.0,0.0,89.2,14.0,2.7
2024-12-31 07:00:00,25.0,0.0,89.8,345.0,2.9
2024-12-31 08:00:00,25.5,0.0,87.6,24.0,2.8
2024-12-31 09:00:00,27.3,0.0,78.6,359.0,2.5
2024-12-31 10:00:00,27.6,0.0,76.9,341.0,4.7
2024-12-31 11:00:00,29.6,0.0,66.9,359.0,5.2
2024-12-31 12:00:00,29.8,0.0,66.1,355.0,3.3
2024-12-31 13:00:00,31.3,0.0,58.8,5.0,4.1
2024-12-31 14:00:00,29.2,0.0,67.5,344.0,4.3
2024-12-31 15:00:00,30.0,0.0,67.1,52.0,1.7
2024-12-31 16:00:00,26.1,0.4,86.0,260.0,3.0
2024-12-31 17:00:00,24.3,0.2,95.3,39.0,2.1
2024-12-31 18:00:00,25.9,0.0,88.3,78.0,2.5
2024-12-31 19:00:00,25.2,0.0,94.7,321.0,2.5
2024-12-31 20:00:00,26.1,0.0,86.9,22.0,2.2
2024-12-31 21:00:00,26.4,0.0,82.1,22.0,3.5
2024-12-31 22:00:00,26.4,0.0,82.3,19.0,3.7
2024-12-31 23:00:00,26.1,0.0,84.0,1.0,4.2
2025-01-01 00:00:00,25.9,0.0,86.1,5.0,2.8
2025-01-01 01:00:00,25.8,0.0,87.1,11.0,3.0
2025-01-01 02:00:00,25.6,0.0,88.4,356.0,3.0
2025-01-01 03:00:00,25.4,0.0,88.8,15.0,2.7
2025-01-01 04:00:00,25.4,0.0,89.5,14.0,2.7
2025-01-01 05:00:00,25.2,0.0,89.4,17.0,2.6
2025-01-01 06:00:00,25.0,0.0,89.9,359.0,2.6
2025-01-01 07:00:00,25.1,0.0,89.2,15.0,2.9
2025-01-01 08:00:00,25.6,0.0,87.7,11.0,1.7
2025-01-01 09:00:00,26.8,0.0,81.5,8.0,3.0
2025-01-01 10:00:00,28.0,0.0,72.6,3.0,3.8
2025-01-01 11:00:00,29.7,0.0,63.8,350.0,2.8
2025-01-01 12:00:00,30.8,0.0,61.2,323.0,3.2
2025-01-01 13:00:00,31.4,0.0,57.2,337.0,2.3
2025-01-01 14:00:00,30.5,0.0,61.8,341.0,2.9
2025-01-01 15:00:00,25.7,0.4,90.0,196.0,4.6
2025-01-01 16:00:00,27.3,0.0,80.6,172.0,2.8
2025-01-01 17:00:00,28.2,0.0,75.2,338.0,2.7
2025-01-01 18:00:00,27.5,0.0,72.2,19.0,3.0
2025-01-01 19:00:00,27.7,0.0,67.8,45.0,2.4
2025-01-01 20:00:00,27.4,0.0,73.1,58.0,3.6
2025-01-01 21:00:00,27.1,0.0,79.3,68.0,2.8
2025-01-01 22:00:00,27.0,0.0,76.9,7.0,3.7
2025-01-01 23:00:00,26.7,0.0,82.1,345.0,3.3
2025-01-02 00:00:00,26.5,0.0,83.5,22.0,2.8
2025-01-02 01:00:00,26.3,0.0,84.4,351.0,3.4
2025-01-02 02:00:00,26.1,0.0,85.6,4.0,2.0
2025-01-02 03:00:00,26.0,0.0,84.3,36.0,2.6
2025-01-02 04:00:00,25.7,0.0,86.7,355.0,2.6
2025-01-02 05:00:00,25.6,0.0,85.3,12.0,2.8
2025-01-02 06:00:00,25.6,0.0,85.0,351.0,3.5
2025-01-02 07:00:00,25.7,0.0,84.5,14.0,2.5
2025-01-02 08:00:00,26.2,0.0,82.7,339.0,3.1
2025-01-02 09:00:00,26.7,0.0,80.1,351.0,4.1
2025-01-02 10:00:00,29.0,0.0,70.2,3.0,2.8
2025-01-02 11:00:00,28.5,0.0,68.0,349.0,5.4
2025-01-02 12:00:00,29.6,0.0,62.6,7.0,5.4
2025-01-02 13:00:00,31.3,0.0,55.7,18.5,3.2
2025-01-02 14:00:00,30.8,0.0,59.3,30.0,2.7
2025-01-02 15:00:00,30.5,0.0,60.1,346.0,3.8
2025-01-02 16:00:00,29.9,0.0,63.6,23.0,5.0
2025-01-02 17:00:00,29.3,0.0,64.3,12.0,4.9
2025-01-02 18:00:00,28.4,0.0,69.7,10.0,2.2
2025-01-02 19:00:00,28.7,0.0,68.3,21.0,4.2
2025-01-02 20:00:00,27.7,0.0,75.5,4.0,3.2
2025-01-02 21:00:00,27.5,0.0,74.8,68.0,4.4
2025-01-02 22:00:00,27.3,0.0,77.9,57.0,1.6
2025-01-02 23:00:00,27.2,0.0,77.9,35.0,2.9
2025-01-03 00:00:00,26.8,0.0,78.1,25.0,3.3
2025-01-03 01:00:00,26.7,0.0,78.6,20.0,4.2
2025-01-03 02:00:00,26.5,0.0,80.0,31.0,3.7
2025-01-03 03:00:00,26.3,0.0,80.6,28.0,3.3
2025-01-03 04:00:00,26.1,0.0,81.7,39.0,2.4
2025-01-03 05:00:00,25.9,0.0,84.1,356.0,2.2
2025-01-03 06:00:00,26.0,0.0,83.1,16.0,3.5
2025-01-03 07:00:00,25.7,0.0,83.8,2.0,2.4
2025-01-03 08:00:00,26.5,0.0,80.7,22.0,2.0
2025-01-03 09:00:00,27.2,0.0,75.3,349.0,5.2
2025-01-03 10:00:00,28.5,0.0,70.0,352.0,4.7
2025-01-03 11:00:00,29.4,0.0,63.6,354.0,5.4
2025-01-03 12:00:00,30.7,0.0,57.4,347.0,5.8
2025-01-03 13:00:00,31.5,0.0,54.8,3.0,4.2
2025-01-03 14:00:00,31.7,0.0,55.3,356.0,2.0
2025-01-03 15:00:00,30.6,0.0,59.8,343.0,2.6
2025-01-03 16:00:00,30.1,0.0,62.5,36.0,4.8
2025-01-03 17:00:00,29.6,0.0,67.8,81.0,2.5
2025-01-03 18:00:00,27.7,0.0,77.9,357.0,5.0
2025-01-03 19:00:00,26.6,0.0,82.7,355.0,4.0
2025-01-03 20:00:00,27.0,0.0,75.5,43.0,1.9
2025-01-03 21:00:00,27.5,0.0,72.4,13.0,3.3
2025-01-03 22:00:00,27.3,0.0,75.6,351.0,4.6
2025-01-03 23:00:00,27.0,0.0,78.0,5.0,4.3
2025-01-04 00:00:00,26.7,0.0,80.6,9.0,3.1
2025-01-04 01:00:00,26.4,0.0,83.5,5.0,2.7
2025-01-04 02:00:00,26.5,0.0,83.2,1.0,2.8
2025-01-04 03:00:00,26.4,0.0,83.8,11.0,2.7
2025-01-04 04:00:00,26.2,0.0,85.8,15.0,2.1
2025-01-04 05:00:00,26.0,0.0,86.6,5.0,2.6
2025-01-04 06:00:00,25.9,0.0,87.2,355.0,1.7
2025-01-04 07:00:00,25.6,0.0,88.8,42.0,1.5
2025-01-04 08:00:00,25.9,0.0,85.6,13.0,4.4
2025-01-04 09:00:00,28.0,0.0,75.4,350.0,3.8
2025-01-04 10:00:00,28.0,0.0,74.6,15.0,5.9
2025-01-04 11:00:00,28.4,0.0,72.1,353.0,4.3
2025-01-04 12:00:00,29.2,0.0,66.5,357.0,5.1
2025-01-04 13:00:00,30.2,0.0,60.9,352.0,4.6
2025-01-04 14:00:00,30.3,0.0,61.6,24.0,4.3
2025-01-04 15:00:00,30.6,0.0,59.5,9.0,4.4
2025-01-04 16:00:00,30.0,0.0,61.9,5.0,4.4
2025-01-04 17:00:00,29.6,0.0,61.8,1.0,4.5
2025-01-04 18:00:00,28.8,0.0,67.7,351.0,8.7
2025-01-04 19:00:00,28.2,0.0,70.1,343.0,5.6
2025-01-04 20:00:00,27.8,0.0,73.3,356.0,5.1
2025-01-04 21:00:00,27.3,0.0,76.3,19.0,3.1
2025-01-04 22:00:00,27.0,0.0,78.3,12.0,3.2
2025-01-04 23:00:00,26.8,0.0,79.5,6.0,1.9
2025-01-05 00:00:00,26.6,0.0,80.6,352.0,3.9
2025-01-05 01:00:00,26.4,0.0,83.3,344.0,4.0
2025-01-05 02:00:00,26.3,0.0,83.7,2.0,5.2
2025-01-05 03:00:00,26.1,0.0,85.0,3.0,2.9
2025-01-05 04:00:00,26.0,0.0,85.5,359.0,4.3
2025-01-05 05:00:00,25.8,0.0,86.3,351.0,3.1
2025-01-05 06:00:00,25.7,0.0,86.8,359.0,4.1
2025-01-05 07:00:00,25.5,0.0,87.1,11.0,2.8
2025-01-05 08:00:00,26.3,0.0,83.4,345.0,2.2
2025-01-05 09:00:00,27.2,0.0,76.7,9.0,4.8
2025-01-05 10:00:00,27.4,0.0,78.2,10.0,3.9
2025-01-05 11:00:00,30.2,0.0,64.7,52.0,3.3
2025-01-05 12:00:00,30.1,0.0,63.1,335.0,5.1
2025-01-05 13:00:00,30.6,0.0,62.7,5.0,5.9
2025-01-05 14:00:00,31.2,0.0,57.1,11.0,3.5
2025-01-05 15:00:00,31.3,0.0,58.6,4.0,6.7
2025-01-05 16:00:00,31.0,0.0,61.1,341.0,6.1
2025-01-05 17:00:00,29.7,0.0,66.2,1.0,6.5
2025-01-05 18:00:00,27.6,0.0,77.7,23.0,5.1
2025-01-05 19:00:00,27.7,0.0,73.5,1.0,5.1
2025-01-05 20:00:00,27.3,0.0,74.9,345.0,4.2
2025-01-05 21:00:00,26.9,0.0,76.2,1.0,5.7
2025-01-05 22:00:00,26.8,0.0,78.2,350.0,3.2
2025-01-05 23:00:00,26.6,0.0,79.3,344.0,3.2
2025-01-06 00:00:00,26.4,0.0,80.0,13.0,4.7
2025-01-06 01:00:00,26.3,0.0,80.9,15.0,4.5
2025-01-06 02:00:00,26.4,0.0,79.1,15.0,5.2
2025-01-06 03:00:00,26.2,0.0,80.9,19.0,4.1
2025-01-06 04:00:00,26.0,0.0,82.8,7.0,5.5
2025-01-06 05:00:00,25.9,0.0,83.0,11.0,5.9
2025-01-06 06:00:00,26.1,0.0,82.0,7.0,4.8
2025-01-06 07:00:00,26.1,0.0,82.7,9.0,3.9
2025-01-06 08:00:00,26.3,0.0,83.0,7.0,4.0
2025-01-06 09:00:00,27.2,0.0,78.2,13.0,5.4
2025-01-06 10:00:00,28.2,0.0,73.9,354.0,3.6
2025-01-06 11:00:00,29.0,0.0,69.0,8.0,5.6
2025-01-06 12:00:00,29.6,0.0,65.6,358.0,5.0
2025-01-06 13:00:00,30.9,0.0,57.9,58.0,4.0
2025-01-06 14:00:00,30.3,0.0,61.9,69.0,6.5
2025-01-06 15:00:00,29.3,0.0,67.1,56.0,4.6
2025-01-06 16:00:00,29.5,0.0,64.1,53.0,6.3
2025-01-06 17:00:00,29.3,0.0,61.5,44.0,4.6
2025-01-06 18:00:00,28.5,0.0,67.3,50.0,5.4
2025-01-06 19:00:00,28.1,0.0,71.1,59.0,2.4
2025-01-06 20:00:00,27.3,0.0,75.4,359.0,4.8
2025-01-06 21:00:00,26.9,0.0,75.4,5.0,4.3
2025-01-06 22:00:00,26.8,0.0,74.8,358.0,4.2
2025-01-06 23:00:00,26.6,0.0,76.1,18.0,4.4
2025-01-07 00:00:00,26.4,0.0,77.1,2.0,4.4
2025-01-07 01:00:00,26.1,0.0,78.5,356.0,5.3
2025-01-07 02:00:00,26.0,0.0,79.6,356.0,4.1
2025-01-07 03:00:00,25.9,0.0,79.4,357.0,3.4
2025-01-07 04:00:00,25.5,0.0,82.5,13.0,3.6
2025-01-07 05:00:00,25.4,0.0,83.0,36.0,2.4
2025-01-07 06:00:00,25.3,0.0,82.7,6.0,2.9
2025-01-07 07:00:00,25.3,0.0,82.7,14.0,3.4
2025-01-07 08:00:00,26.1,0.0,78.8,10.0,3.1
2025-01-07 09:00:00,28.2,0.0,71.8,20.0,2.0
2025-01-07 10:00:00,28.6,0.0,66.7,341.0,2.9
2025-01-07 11:00:00,29.1,0.0,65.0,346.0,3.8
2025-01-07 12:00:00,29.5,0.0,62.8,318.0,3.1
2025-01-07 13:00:00,30.4,0.0,60.1,327.0,4.2
2025-01-07 14:00:00,29.3,0.0,65.4,293.0,7.1
2025-01-07 15:00:00,28.9,0.0,68.8,294.0,4.0
2025-01-07 16:00:00,30.2,0.0,64.5,311.0,5.2
2025-01-07 17:00:00,30.3,0.0,63.7,326.0,4.0
2025-01-07 18:00:00,29.8,0.0,59.2,4.0,4.4
2025-01-07 19:00:00,29.0,0.0,58.1,4.0,5.4
2025-01-07 20:00:00,28.5,0.0,55.9,7.0,7.3
2025-01-07 21:00:00,27.9,0.0,62.6,28.0,3.5
2025-01-07 22:00:00,27.3,0.0,66.7,1.0,5.4
2025-01-07 23:00:00,26.7,0.0,76.8,13.0,5.6
2025-01-08 00:00:00,26.6,0.0,78.2,359.0,4.3
2025-01-08 01:00:00,26.5,0.0,80.1,9.0,2.9
2025-01-08 02:00:00,26.4,0.0,79.4,15.0,2.6
2025-01-08 03:00:00,26.1,0.0,81.3,357.0,2.1
2025-01-08 04:00:00,25.9,0.0,82.2,357.0,2.8
2025-01-08 05:00:00,25.8,0.0,83.6,358.0,3.3
2025-01-08 06:00:00,25.7,0.0,83.0,18.0,2.3
2025-01-08 07:00:00,25.8,0.0,82.8,330.0,1.8
2025-01-08 08:00:00,26.0,0.0,81.3,8.0,2.7
2025-01-08 09:00:00,26.8,0.0,78.6,1.0,3.7
2025-01-08 10:00:00,28.1,0.0,70.6,356.0,6.0
2025-01-08 11:00:00,29.1,0.0,66.3,349.0,5.8
2025-01-08 12:00:00,29.2,0.0,64.8,1.0,6.1
2025-01-08 13:00:00,30.4,0.0,58.2,7.0,4.4
2025-01-08 14:00:00,30.9,0.0,54.5,8.0,5.0
2025-01-08 15:00:00,32.0,0.0,51.0,348.0,5.0
2025-01-08 16:00:00,32.2,0.0,51.7,4.0,5.4
2025-01-08 17:00:00,31.3,0.0,54.8,357.0,5.3
2025-01-08 18:00:00,30.3,0.0,60.9,32.0,4.0
2025-01-08 19:00:00,29.1,0.0,63.8,9.0,5.9
2025-01-08 20:00:00,28.3,0.0,67.5,23.0,4.3
2025-01-08 21:00:00,27.5,0.0,69.5,358.0,5.0
2025-01-08 22:00:00,27.1,0.0,70.3,358.0,4.9
2025-01-08 23:00:00,26.7,0.0,75.0,14.0,4.2
2025-01-09 00:00:00,26.4,0.0,78.1,354.0,5.4
2025-01-09 01:00:00,26.1,0.0,80.4,5.0,3.9
2025-01-09 02:00:00,26.0,0.0,80.3,359.0,5.9
2025-01-09 03:00:00,25.8,0.0,80.6,14.0,5.2
2025-01-09 04:00:00,25.5,0.0,82.1,3.0,4.7
2025-01-09 05:00:00,25.6,0.0,80.7,351.0,5.2
2025-01-09 06:00:00,25.5,0.0,81.0,356.0,4.7
2025-01-09 07:00:00,25.4,0.0,82.4,357.0,3.4
2025-01-09 08:00:00,26.1,0.0,80.2,7.0,3.5
2025-01-09 09:00:00,27.1,0.0,75.5,333.0,4.0
2025-01-09 10:00:00,28.2,0.0,67.4,354.0,4.7
2025-01-09 11:00:00,28.8,0.0,63.3,350.0,6.9
2025-01-09 12:00:00,29.8,0.0,56.6,358.0,6.0
2025-01-09 13:00:00,30.9,0.0,51.4,356.0,5.3
2025-01-09 14:00:00,31.0,0.0,49.6,359.0,5.3
2025-01-09 15:00:00,31.6,0.0,47.5,337.0,6.4
2025-01-09 16:00:00,31.5,0.0,48.6,8.0,5.4
2025-01-09 17:00:00,30.1,0.0,52.8,345.0,6.1
2025-01-09 18:00:00,29.2,0.0,57.3,356.0,5.9
2025-01-09 19:00:00,28.6,0.0,61.6,352.0,5.1
2025-01-09 20:00:00,28.0,0.0,65.4,343.0,4.3
2025-01-09 21:00:00,27.6,0.0,66.0,4.0,4.0
2025-01-09 22:00:00,27.4,0.0,65.7,340.0,3.9
2025-01-09 23:00:00,27.1,0.0,67.0,8.0,3.4
2025-01-10 00:00:00,26.9,0.0,69.2,14.0,4.9
2025-01-10 01:00:00,26.5,0.0,72.3,4.0,3.6
2025-01-10 02:00:00,26.2,0.0,73.5,13.0,4.5
2025-01-10 03:00:00,26.1,0.0,75.7,5.0,3.6
2025-01-10 04:00:00,25.8,0.0,78.7,3.0,5.2
2025-01-10 05:00:00,25.7,0.0,79.1,356.0,4.1
2025-01-10 06:00:00,25.6,0.0,80.5,318.0,3.4
2025-01-10 07:00:00,25.5,0.0,81.7,317.0,4.7
2025-01-10 08:00:00,25.6,0.0,82.0,332.0,3.3
2025-01-10 09:00:00,25.4,0.0,83.1,308.0,4.9
2025-01-10 10:00:00,24.8,0.0,88.2,349.0,2.9
2025-01-10 11:00:00,23.6,0.4,92.6,358.0,6.8
2025-01-10 12:00:00,23.0,0.6,97.4,332.0,3.0
2025-01-10 13:00:00,23.1,0.2,99.3,307.0,5.2
2025-01-10 14:00:00,22.7,0.2,99.3,309.0,8.0
2025-01-10 15:00:00,22.6,0.2,99.3,311.0,5.2
2025-01-10 16:00:00,22.7,0.2,99.3,314.0,3.9
2025-01-10 17:00:00,22.6,0.8,99.3,304.0,6.2
2025-01-10 18:00:00,22.3,2.2,99.3,290.0,6.6
2025-01-10 19:00:00,22.4,1.4,99.3,298.0,6.8
2025-01-10 20:00:00,22.4,1.0,99.3,305.0,6.9
2025-01-10 21:00:00,22.2,1.0,99.3,307.0,8.10001
2025-01-10 22:00:00,22.2,0.2,99.3,295.0,6.1
2025-01-10 23:00:00,22.2,0.8,99.3,305.0,7.8
2025-01-11 00:00:00,22.2,0.2,99.3,310.0,6.5
2025-01-11 01:00:00,22.1,1.0,99.3,309.0,6.7
2025-01-11 02:00:00,22.3,0.8,99.3,258.0,5.8
2025-01-11 03:00:00,22.1,0.2,99.3,297.0,4.6
2025-01-11 04:00:00,22.2,0.6,99.3,309.0,5.5
2025-01-11 05:00:00,22.3,0.4,99.3,309.0,5.2
2025-01-11 06:00:00,22.1,1.0,99.3,305.0,6.8
2025-01-11 07:00:00,22.1,0.2,99.3,307.0,6.1
2025-01-11 08:00:00,21.9,0.2,99.3,308.0,6.1
2025-01-11 09:00:00,21.7,0.2,99.3,311.0,9.7
2025-01-11 10:00:00,21.9,0.0,99.3,288.0,4.3
2025-01-11 11:00:00,22.4,0.0,99.3,300.0,4.0
2025-01-11 12:00:00,22.8,0.2,99.3,312.0,6.6
2025-01-11 13:00:00,23.1,0.0,99.3,310.0,3.5
2025-01-11 14:00:00,23.5,0.2,99.3,322.0,4.2
2025-01-11 15:00:00,23.3,1.0,99.3,319.0,4.7
2025-01-11 16:00:00,23.6,0.0,99.3,5.0,5.3
2025-01-11 17:00:00,23.8,0.0,99.3,1.0,4.4
2025-01-11 18:00:00,23.7,0.0,99.3,346.0,5.8
2025-01-11 19:00:00,24.1,0.0,99.3,354.0,3.4
2025-01-11 20:00:00,24.18,0.0,98.88,353.1333333333333,3.453333333333333
2025-01-11 21:00:00,24.26,0.0,98.46,352.26666666666665,3.506666666666667
2025-01-11 22:00:00,24.34,0.0,98.04,351.4,3.56
2025-01-11 23:00:00,,,,,
2025-01-12 00:00:00,,,,,
2025-01-12 01:00:00,,,,,
2025-01-12 02:00:00,,,,,
2025-01-12 03:00:00,,,,,
2025-01-12 04:00:00,,,,,
2025-01-12 05:00:00,,,,,
2025-01-12 06:00:00,,,,,
2025-01-12 07:00:00,25.06,0.0,94.26,343.6,4.04
2025-01-12 08:00:00,25.14,0.0,93.84,342.7333333333333,4.093333333333334
2025-01-12 09:00:00,25.22,0.0,93.42,341.8666666666667,4.1466666666666665
2025-01-12 10:00:00,25.3,0.0,93.0,341.0,4.2
2025-01-12 11:00:00,25.6,0.0,88.2,5.0,5.4
2025-01-12 12:00:00,24.4,0.2,95.7,6.0,4.7
2025-01-12 13:00:00,24.42115384615385,0.1980769230769231,95.5798076923077,5.958677685950414,4.697520661157025
2025-01-12 14:00:00,24.44230769230769,0.1961538461538461,95.4596153846154,5.917355371900826,4.69504132231405
2025-01-12 15:00:00,24.463461538461537,0.1942307692307692,95.33942307692308,5.87603305785124,4.692561983471075
2025-01-12 16:00:00,,,,,
2025-01-12 17:00:00,,,,,
2025-01-12 18:00:00,,,,,
2025-01-12 19:00:00,,,,,
2025-01-12 20:00:00,,,,,
2025-01-12 21:00:00,,,,,
2025-01-12 22:00:00,,,,,
2025-01-12 23:00:00,,,,,
2025-01-13 00:00:00,,,,,
2025-01-13 01:00:00,,,,,
2025-01-13 02:00:00,,,,,
2025-01-13 03:00:00,,,,,
2025-01-13 04:00:00,,,,,
2025-01-13 05:00:00,,,,,
2025-01-13 06:00:00,,,,,
2025-01-13 07:00:00,,,,,
2025-01-13 08:00:00,,,,,
2025-01-13 09:00:00,,,,,
2025-01-13 10:00:00,,,,,
2025-01-13 11:00:00,,,,,
2025-01-13 12:00:00,,,,,
2025-01-13 13:00:00,,,,,
2025-01-13 14:00:00,,,,,
2025-01-13 15:00:00,,,,,
2025-01-13 16:00:00,,,,,
2025-01-13 17:00:00,,,,,
2025-01-13 18:00:00,,,,,
2025-01-13 19:00:00,,,,,
2025-01-13 20:00:00,,,,,
2025-01-13 21:00:00,,,,,
2025-01-13 22:00:00,,,,,
2025-01-13 23:00:00,,,,,
2025-01-14 00:00:00,,,,,
2025-01-14 01:00:00,,,,,
2025-01-14 02:00:00,,,,,
2025-01-14 03:00:00,,,,,
2025-01-14 04:00:00,,,,,
2025-01-14 05:00:00,,,,,
2025-01-14 06:00:00,,,,,
2025-01-14 07:00:00,,,,,
2025-01-14 08:00:00,,,,,
2025-01-14 09:00:00,,,,,
2025-01-14 10:00:00,,,,,
2025-01-14 11:00:00,,,,,
2025-01-14 12:00:00,,,,,
2025-01-14 13:00:00,,,,,
2025-01-14 14:00:00,,,,,
2025-01-14 15:00:00,,,,,
2025-01-14 16:00:00,,,,,
2025-01-14 17:00:00,,,,,
2025-01-14 18:00:00,,,,,
2025-01-14 19:00:00,,,,,
2025-01-14 20:00:00,,,,,
2025-01-14 21:00:00,,,,,
2025-01-14 22:00:00,,,,,
2025-01-14 23:00:00,,,,,
2025-01-15 00:00:00,,,,,
2025-01-15 01:00:00,,,,,
2025-01-15 02:00:00,,,,,
2025-01-15 03:00:00,,,,,
2025-01-15 04:00:00,,,,,
2025-01-15 05:00:00,,,,,
2025-01-15 06:00:00,,,,,
2025-01-15 07:00:00,,,,,
2025-01-15 08:00:00,,,,,
2025-01-15 09:00:00,,,,,
2025-01-15 10:00:00,,,,,
2025-01-15 11:00:00,,,,,
2025-01-15 12:00:00,,,,,
2025-01-15 13:00:00,,,,,
2025-01-15 14:00:00,,,,,
2025-01-15 15:00:00,,,,,
2025-01-15 16:00:00,,,,,
2025-01-15 17:00:00,,,,,
2025-01-15 18:00:00,,,,,
2025-01-15 19:00:00,,,,,
2025-01-15 20:00:00,,,,,
2025-01-15 21:00:00,,,,,
2025-01-15 22:00:00,,,,,
2025-01-15 23:00:00,,,,,
2025-01-16 00:00:00,,,,,
2025-01-16 01:00:00,,,,,
2025-01-16 02:00:00,,,,,
2025-01-16 03:00:00,,,,,
2025-01-16 04:00:00,,,,,
2025-01-16 05:00:00,,,,,
2025-01-16 06:00:00,,,,,
2025-01-16 07:00:00,,,,,
2025-01-16 08:00:00,,,,,
2025-01-16 09:00:00,,,,,
2025-01-16 10:00:00,,,,,
2025-01-16 11:00:00,,,,,
2025-01-16 12:00:00,,,,,
2025-01-16 13:00:00,,,,,
2025-01-16 14:00:00,,,,,
2025-01-16 15:00:00,,,,,
2025-01-16 16:00:00,,,,,
2025-01-16 17:00:00,26.536538461538463,0.0057692307692307,83.56057692307692,,
2025-01-16 18:00:00,26.55769230769231,0.0038461538461538,83.44038461538462,,
2025-01-16 19:00:00,26.578846153846158,0.0019230769230769,83.32019230769231,,
2025-01-16 20:00:00,26.6,0.0,83.2,,
2025-01-16 21:00:00,26.3,0.0,82.5,,
2025-01-16 22:00:00,26.2,0.0,83.4,,
2025-01-16 23:00:00,26.2,0.0,84.3,,
2025-01-17 00:00:00,26.0,0.0,85.5,,
2025-01-17 01:00:00,25.8,0.0,86.1,,
2025-01-17 02:00:00,25.8,0.0,85.1,,
2025-01-17 03:00:00,25.6,0.0,86.0,,
2025-01-17 04:00:00,25.5,0.0,86.3,,
2025-01-17 05:00:00,25.3,0.0,86.6,,
2025-01-17 06:00:00,25.2,0.0,86.9,,
2025-01-17 07:00:00,25.1,0.0,88.5,,
2025-01-17 08:00:00,25.4,0.0,85.5,,
2025-01-17 09:00:00,26.2,0.0,83.3,,
2025-01-17 10:00:00,26.4,0.0,81.7,1.12396694214876,4.407438016528926
2025-01-17 11:00:00,26.7,0.0,80.9,1.0826446280991735,4.404958677685951
2025-01-17 12:00:00,28.3,0.0,69.5,1.0413223140495873,4.402479338842976
2025-01-17 13:00:00,27.4,0.0,82.7,1.0,4.4
2025-01-17 14:00:00,25.8,0.2,82.4,21.0,8.39999
2025-01-17 15:00:00,26.7,0.0,79.1,1.0,6.0
2025-01-17 16:00:00,27.1,0.0,78.1,6.0,5.2
2025-01-17 17:00:00,25.5,0.0,89.6,359.0,6.3
2025-01-17 18:00:00,26.2,0.0,85.0,5.0,5.8
2025-01-17 19:00:00,25.9,0.0,86.3,18.0,4.1
2025-01-17 20:00:00,25.5,0.0,88.7,7.0,3.6
2025-01-17 21:00:00,25.1,0.0,88.6,15.0,4.3
2025-01-17 22:00:00,25.2,0.0,89.5,4.0,4.0
2025-01-17 23:00:00,25.0,0.0,91.0,347.0,5.5
2025-01-18 00:00:00,24.9,0.0,91.7,2.0,6.0
2025-01-18 01:00:00,24.9,0.0,91.4,356.0,4.9
2025-01-18 02:00:00,24.9,0.0,91.0,355.0,5.6
2025-01-18 03:00:00,24.8,0.0,91.7,352.0,4.0
2025-01-18 04:00:00,24.8,0.0,90.8,344.0,5.5
2025-01-18 05:00:00,24.6,0.0,91.6,19.0,3.9
2025-01-18 06:00:00,24.7,0.0,90.5,2.0,5.2
2025-01-18 07:00:00,24.7,0.0,90.3,346.0,3.9
2025-01-18 08:00:00,24.7,0.0,93.0,359.0,3.0
2025-01-18 09:00:00,25.6,0.0,89.3,338.0,3.9
2025-01-18 10:00:00,26.3,0.0,85.8,344.0,3.7
2025-01-18 11:00:00,25.7,1.8,90.5,355.0,5.4
2025-01-18 12:00:00,25.2,0.4,91.1,1.0,8.39999
2025-01-18 13:00:00,26.4,0.6,86.2,31.0,4.3
2025-01-18 14:00:00,26.7,0.0,83.0,356.0,5.3
2025-01-18 15:00:00,28.3,0.0,75.7,13.0,3.0
2025-01-18 16:00:00,27.8,0.0,74.1,10.0,5.1
2025-01-18 17:00:00,26.9,0.0,78.0,15.0,4.3
2025-01-18 18:00:00,26.8,0.0,76.3,348.0,7.3
2025-01-18 19:00:00,26.4,0.0,79.0,7.0,3.6
2025-01-18 20:00:00,25.5,0.0,85.6,4.0,3.3
2025-01-18 21:00:00,25.6,0.0,86.2,2.0,4.2
2025-01-18 22:00:00,25.0,0.0,90.9,2.0,4.8
2025-01-18 23:00:00,24.8,0.0,92.6,15.0,4.2
2025-01-19 00:00:00,24.6,0.0,94.3,336.0,2.8
2025-01-19 01:00:00,24.6,0.0,94.1,16.0,3.3
2025-01-19 02:00:00,24.2,0.0,96.9,333.0,2.4
2025-01-19 03:00:00,24.2,0.2,97.8,354.0,2.6
2025-01-19 04:00:00,24.1,0.0,99.1,315.0,3.7
2025-01-19 05:00:00,24.1,0.4,99.0,337.0,2.6
2025-01-19 06:00:00,24.0,0.0,99.3,311.0,3.8
2025-01-19 07:00:00,23.9,0.0,99.3,312.0,2.3
2025-01-19 08:00:00,23.8,0.0,99.2,3.0,3.9
2025-01-19 09:00:00,24.0,0.0,99.3,5.0,2.9
2025-01-19 10:00:00,24.3,0.0,99.3,325.0,2.6
2025-01-19 11:00:00,24.6,0.0,98.0,311.0,4.1
2025-01-19 12:00:00,24.8,0.0,98.6,1.0,2.6
2025-01-19 13:00:00,24.8,0.8,95.6,358.0,3.1
2025-01-19 14:00:00,26.7,0.0,85.1,24.0,3.8
2025-01-19 15:00:00,24.7,0.0,93.5,2.0,4.9
2025-01-19 16:00:00,25.4,0.0,94.4,82.0,1.7
2025-01-19 17:00:00,26.1,0.0,86.5,6.0,4.5
2025-01-19 18:00:00,26.2,0.0,82.1,6.0,6.2
2025-01-19 19:00:00,26.0,0.0,84.2,10.0,5.7
2025-01-19 20:00:00,25.7,0.0,85.8,351.0,5.6
2025-01-19 21:00:00,25.6,0.0,85.5,359.0,4.5
2025-01-19 22:00:00,25.3,0.0,87.4,6.0,3.9
2025-01-19 23:00:00,25.1,0.0,87.5,7.0,4.4
2025-01-20 00:00:00,24.8,0.0,88.8,38.0,2.6
2025-01-20 01:00:00,24.8,0.0,88.4,30.0,3.1
2025-01-20 02:00:00,24.7,0.0,88.6,20.0,3.3
2025-01-20 03:00:00,24.4,0.0,90.2,7.0,3.3
2025-01-20 04:00:00,24.7,0.0,88.5,355.0,3.3
2025-01-20 05:00:00,24.6,0.0,88.9,1.0,3.4
2025-01-20 06:00:00,24.4,0.0,90.1,2.0,3.8
2025-01-20 07:00:00,24.5,0.0,89.3,355.0,2.6
2025-01-20 08:00:00,24.7,0.0,88.4,341.0,3.4
2025-01-20 09:00:00,25.8,0.0,84.7,359.0,2.7
2025-01-20 10:00:00,27.0,0.0,75.9,5.0,3.4
2025-01-20 11:00:00,27.3,0.0,73.0,340.0,5.9
2025-01-20 12:00:00,28.0,0.0,70.0,11.0,4.7
2025-01-20 13:00:00,28.6,0.0,66.3,353.0,6.8
2025-01-20 14:00:00,28.7,0.0,65.0,2.0,6.1
2025-01-20 15:00:00,28.2,0.0,68.2,1.0,7.0
2025-01-20 16:00:00,28.1,0.0,69.0,11.0,6.2
2025-01-20 17:00:00,27.7,0.0,71.4,16.0,4.8
2025-01-20 18:00:00,27.5,0.0,72.0,340.0,4.2
2025-01-20 19:00:00,27.4,0.0,71.6,357.0,4.7
2025-01-20 20:00:00,26.6,0.0,73.6,354.0,4.8
2025-01-20 21:00:00,26.1,0.0,77.7,24.0,1.6
2025-01-20 22:00:00,25.9,0.0,80.0,22.0,2.6
2025-01-20 23:00:00,25.8,0.0,79.4,358.0,5.3
2025-01-21 00:00:00,25.5,0.0,83.1,5.0,4.1
2025-01-21 01:00:00,25.4,0.0,84.4,352.0,4.1
2025-01-21 02:00:00,25.3,0.0,85.2,8.0,3.6
2025-01-21 03:00:00,25.1,0.0,86.4,10.0,3.3
2025-01-21 04:00:00,25.1,0.0,86.0,355.0,3.2
2025-01-21 05:00:00,25.1,0.0,84.5,23.0,2.0
2025-01-21 06:00:00,25.2,0.0,83.1,356.0,3.7
2025-01-21 07:00:00,25.1,0.0,83.0,16.0,3.9
2025-01-21 08:00:00,25.3,0.0,81.3,349.0,3.3
2025-01-21 09:00:00,25.5,0.0,81.8,348.0,5.4
2025-01-21 10:00:00,26.1,0.0,79.9,1.0,2.7
2025-01-21 11:00:00,26.6,0.0,74.7,355.0,3.9
2025-01-21 12:00:00,26.0,0.0,76.0,6.0,5.0
2025-01-21 13:00:00,25.3,0.0,80.8,359.0,5.0
2025-01-21 14:00:00,25.8,0.0,81.1,40.0,5.1
2025-01-21 15:00:00,25.8,0.0,80.3,6.0,5.5
2025-01-21 16:00:00,25.6,0.0,80.3,349.0,3.4
2025-01-21 17:00:00,25.8,0.0,78.4,351.0,4.7
2025-01-21 18:00:00,25.6,0.0,79.0,337.0,4.1
2025-01-21 19:00:00,24.7,0.0,86.9,23.0,3.6
2025-01-21 20:00:00,24.7,0.0,85.2,358.0,3.9
2025-01-21 21:00:00,25.0,0.0,79.9,6.0,2.8
2025-01-21 22:00:00,25.2,0.0,81.6,12.0,4.8
2025-01-21 23:00:00,25.3,0.0,82.4,12.0,4.2
2025-01-22 00:00:00,24.9,0.0,86.8,14.0,4.4
2025-01-22 01:00:00,24.8,0.0,88.1,3.0,4.0
2025-01-22 02:00:00,24.9,0.0,86.9,16.0,3.5
2025-01-22 03:00:00,24.9,0.0,86.6,11.0,4.8
2025-01-22 04:00:00,24.8,0.0,87.6,350.0,5.2
2025-01-22 05:00:00,24.8,0.0,87.9,336.0,3.2
2025-01-22 06:00:00,24.8,0.0,88.0,352.0,3.1
2025-01-22 07:00:00,24.8,0.0,88.0,10.0,3.2
2025-01-22 08:00:00,24.9,0.0,88.0,12.0,1.8
2025-01-22 09:00:00,25.5,0.0,85.4,342.0,2.8
2025-01-22 10:00:00,25.9,0.0,83.9,8.0,4.3
2025-01-22 11:00:00,26.3,0.0,79.3,350.0,5.7
2025-01-22 12:00:00,26.8,0.0,77.6,352.0,3.6
2025-01-22 13:00:00,27.4,0.0,73.7,339.0,3.3
2025-01-22 14:00:00,26.9,0.0,76.2,3.0,3.6
2025-01-22 15:00:00,26.4,0.0,80.9,55.0,3.2
2025-01-22 16:00:00,26.3,0.0,83.5,51.0,2.9
2025-01-22 17:00:00,26.7,0.0,73.6,356.0,4.8
2025-01-22 18:00:00,26.3,0.0,81.6,359.0,5.4
2025-01-22 19:00:00,26.2,0.0,80.9,23.0,3.4
2025-01-22 20:00:00,25.8,0.0,81.1,25.0,2.9
2025-01-22 21:00:00,25.6,0.0,82.7,32.0,2.5
2025-01-22 22:00:00,25.5,0.0,84.9,1.0,2.9
2025-01-22 23:00:00,25.3,0.0,85.4,14.0,1.7
2025-01-23 00:00:00,25.2,0.0,87.0,20.0,2.7
2025-01-23 01:00:00,24.9,0.0,88.3,1.0,2.9
2025-01-23 02:00:00,24.8,0.0,88.4,357.0,2.7
2025-01-23 03:00:00,25.0,0.0,88.3,25.0,3.4
2025-01-23 04:00:00,24.8,0.0,89.1,10.0,3.7
2025-01-23 05:00:00,24.7,0.0,88.4,359.0,3.5
2025-01-23 06:00:00,24.6,0.2,90.9,18.0,3.2
2025-01-23 07:00:00,24.7,0.0,91.0,351.0,4.1
2025-01-23 08:00:00,24.8,0.0,90.8,1.0,3.2
2025-01-23 09:00:00,25.3,0.0,88.4,11.0,2.9
2025-01-23 10:00:00,25.7,0.0,86.9,1.0,3.7
2025-01-23 11:00:00,26.3,0.0,83.8,323.0,3.9
2025-01-23 12:00:00,26.4,0.0,82.3,16.0,4.2
2025-01-23 13:00:00,26.2,0.0,83.9,347.0,5.0
2025-01-23 14:00:00,26.5,0.0,83.0,8.0,4.7
2025-01-23 15:00:00,27.5,0.0,77.8,347.0,2.0
2025-01-23 16:00:00,27.5,0.0,78.7,353.0,3.0
2025-01-23 17:00:00,27.0,0.0,80.2,12.0,4.1
2025-01-23 18:00:00,26.7,0.0,81.8,38.0,2.4
2025-01-23 19:00:00,26.3,0.0,79.4,351.0,4.7
2025-01-23 20:00:00,26.1,0.0,81.1,7.0,2.6
2025-01-23 21:00:00,26.0,0.0,83.2,13.0,2.6
2025-01-23 22:00:00,25.7,0.0,85.5,2.0,1.0
2025-01-23 23:00:00,25.5,0.0,87.3,3.0,2.8
2025-01-24 00:00:00,25.3,0.0,88.1,19.0,4.0
2025-01-24 01:00:00,25.3,0.0,87.9,3.0,2.3
2025-01-24 02:00:00,25.2,0.0,88.7,46.0,2.1
2025-01-24 03:00:00,25.1,0.0,88.7,2.0,3.4
2025-01-24 04:00:00,25.1,0.0,88.7,2.0,2.5
2025-01-24 05:00:00,24.9,0.0,89.8,5.0,3.4
2025-01-24 06:00:00,24.7,0.0,91.6,321.0,1.9
2025-01-24 07:00:00,24.7,0.0,91.8,334.0,2.0
2025-01-24 08:00:00,25.1,0.0,89.9,1.0,1.9
2025-01-24 09:00:00,25.5,0.0,88.1,46.0,1.9
2025-01-24 10:00:00,25.5,0.0,87.7,2.0,2.1
2025-01-24 11:00:00,25.0,0.2,92.4,56.0,3.6
2025-01-24 12:00:00,24.9,0.0,92.6,63.0,1.8
2025-01-24 13:00:00,25.0,0.0,92.7,33.0,2.0
2025-01-24 14:00:00,25.1,0.0,94.6,2.0,2.4
2025-01-24 15:00:00,25.4,0.0,94.7,327.0,2.3
2025-01-24 16:00:00,26.6,0.0,89.5,350.0,1.4
2025-01-24 17:00:00,26.2,0.0,89.9,89.0,1.5
2025-01-24 18:00:00,25.9,0.0,91.6,55.0,2.5
2025-01-24 19:00:00,26.0,0.0,84.6,5.0,4.4
2025-01-24 20:00:00,25.4,0.0,88.3,357.0,3.9
2025-01-24 21:00:00,25.1,0.0,90.3,12.0,2.2
2025-01-24 22:00:00,25.2,0.0,89.4,21.0,2.1
2025-01-24 23:00:00,25.2,0.0,89.9,8.0,1.6
2025-01-25 00:00:00,25.4,0.0,89.2,2.0,2.6
2025-01-25 01:00:00,25.3,0.0,90.5,2.0,3.1
2025-01-25 02:00:00,25.0,0.0,92.4,16.0,1.8
2025-01-25 03:00:00,24.8,0.0,93.3,10.0,1.9
2025-01-25 04:00:00,24.8,0.0,93.3,341.0,1.7
2025-01-25 05:00:00,24.5,0.0,94.7,18.0,2.2
2025-01-25 06:00:00,24.4,0.0,95.8,343.0,1.8
2025-01-25 07:00:00,24.5,0.0,95.5,319.0,2.2
2025-01-25 08:00:00,24.7,0.0,94.0,311.0,2.0
2025-01-25 09:00:00,25.3,0.0,90.0,3.0,2.3
2025-01-25 10:00:00,26.6,0.0,85.1,178.5,2.1
2025-01-25 11:00:00,27.9,0.0,75.2,354.0,3.3
2025-01-25 12:00:00,28.2,0.0,72.6,337.0,3.6
2025-01-25 13:00:00,31.1,0.0,62.3,329.0,1.5
2025-01-25 14:00:00,27.9,0.6,80.3,92.0,1.1
2025-01-25 15:00:00,26.6,0.0,83.9,90.0,1.5
2025-01-25 16:00:00,26.7,0.0,86.8,127.0,1.4
2025-01-25 17:00:00,28.6,0.0,77.3,131.0,0.6
2025-01-25 18:00:00,28.3,0.0,72.8,62.0,4.2
2025-01-25 19:00:00,27.9,0.0,73.3,34.0,1.9
2025-01-25 20:00:00,27.3,0.0,77.1,16.0,2.6
2025-01-25 21:00:00,26.6,0.0,81.8,60.0,3.0
2025-01-25 22:00:00,26.4,0.0,83.7,339.0,2.3
2025-01-25 23:00:00,25.8,0.0,88.6,10.0,2.2
2025-01-26 00:00:00,25.8,0.0,89.3,355.0,1.6
2025-01-26 01:00:00,25.6,0.0,90.6,299.0,1.3
2025-01-26 02:00:00,25.5,0.0,90.4,12.0,2.5
2025-01-26 03:00:00,25.6,0.0,87.2,6.0,1.9
2025-01-26 04:00:00,25.5,0.0,88.1,306.0,1.4
2025-01-26 05:00:00,25.2,0.0,89.7,1.0,1.9
2025-01-26 06:00:00,25.2,0.0,89.2,18.0,1.2
2025-01-26 07:00:00,25.4,0.0,87.6,21.0,0.8
2025-01-26 08:00:00,25.4,0.0,88.1,328.0,1.1
2025-01-26 09:00:00,26.6,0.0,83.3,260.0,0.9
2025-01-26 10:00:00,27.4,0.0,79.0,355.0,1.4
2025-01-26 11:00:00,27.3,0.0,78.3,324.0,1.8
2025-01-26 12:00:00,28.4,0.0,71.5,334.0,3.5
2025-01-26 13:00:00,29.5,0.0,67.2,7.0,2.5
2025-01-26 14:00:00,30.1,0.0,64.8,347.0,3.6
2025-01-26 15:00:00,29.1,0.0,70.0,13.0,4.2
2025-01-26 16:00:00,28.6,0.0,71.3,67.0,5.4
2025-01-26 17:00:00,28.6,0.0,70.7,57.0,4.9
2025-01-26 18:00:00,25.0,0.0,89.6,260.0,5.2
2025-01-26 19:00:00,25.7,0.0,88.6,22.0,1.4
2025-01-26 20:00:00,25.2,0.8,94.5,291.0,3.3
2025-01-26 21:00:00,25.0,0.6,99.3,338.0,1.1
2025-01-26 22:00:00,24.8,0.0,99.3,357.0,2.4
2025-01-26 23:00:00,25.6,0.0,93.7,352.0,3.2
2025-01-27 00:00:00,25.5,0.0,92.3,3.0,2.9
2025-01-27 01:00:00,25.5,0.0,92.8,352.0,3.2
2025-01-27 02:00:00,25.6,0.0,90.7,359.0,3.0
2025-01-27 03:00:00,25.3,0.0,92.9,7.0,2.1
2025-01-27 04:00:00,25.3,0.0,93.3,15.0,2.8
2025-01-27 05:00:00,25.1,0.0,92.6,29.0,3.5
2025-01-27 06:00:00,24.9,0.0,92.9,2.0,4.4
2025-01-27 07:00:00,24.6,0.0,93.8,26.0,1.8
2025-01-27 08:00:00,25.0,0.0,94.7,9.0,2.9
2025-01-27 09:00:00,25.9,0.0,91.3,16.0,3.4
2025-01-27 10:00:00,26.9,0.0,85.3,22.0,3.6
2025-01-27 11:00:00,28.9,0.0,73.2,335.0,2.4
2025-01-27 12:00:00,28.8,0.0,71.6,359.0,4.3
2025-01-27 13:00:00,26.6,0.0,83.4,48.0,4.9
2025-01-27 14:00:00,25.1,0.0,90.0,357.0,2.7
2025-01-27 15:00:00,24.6,0.2,95.9,35.0,3.1
2025-01-27 16:00:00,24.9,0.0,93.1,10.0,4.4
2025-01-27 17:00:00,24.2,0.0,92.9,340.0,2.5
2025-01-27 18:00:00,23.7,0.0,91.6,20.0,2.9
2025-01-27 19:00:00,23.9,0.0,89.8,54.0,1.4
2025-01-27 20:00:00,24.3,0.0,91.0,7.0,2.8
2025-01-27 21:00:00,24.3,0.0,92.7,3.0,2.2
2025-01-27 22:00:00,24.7,0.0,92.5,16.0,3.5
2025-01-27 23:00:00,24.9,0.0,91.1,34.0,3.6
2025-01-28 00:00:00,25.1,0.0,88.6,37.0,5.0
2025-01-28 01:00:00,25.0,0.0,88.8,17.0,4.5
2025-01-28 02:00:00,24.8,0.0,90.1,355.0,2.8
2025-01-28 03:00:00,24.8,0.0,89.3,24.0,3.8
2025-01-28 04:00:00,24.6,0.0,90.7,10.0,3.6
2025-01-28 05:00:00,24.8,0.0,89.6,25.0,3.4
2025-01-28 06:00:00,25.0,0.0,87.1,50.0,3.5
2025-01-28 07:00:00,25.2,0.0,85.7,12.0,3.8
2025-01-28 08:00:00,25.3,0.0,85.3,13.0,3.9
2025-01-28 09:00:00,25.6,0.0,81.2,36.0,4.0
2025-01-28 10:00:00,26.8,0.0,75.7,351.0,5.5
2025-01-28 11:00:00,27.1,0.0,74.4,352.0,4.5
2025-01-28 12:00:00,27.1,0.0,71.3,12.0,5.9
2025-01-28 13:00:00,27.9,0.0,68.4,14.0,4.8
2025-01-28 14:00:00,27.7,0.0,71.0,11.0,4.0
2025-01-28 15:00:00,28.4,0.0,60.6,29.0,4.8
2025-01-28 16:00:00,25.4,0.4,79.3,40.0,8.3
2025-01-28 17:00:00,26.8,0.0,69.7,24.0,5.6
2025-01-28 18:00:00,26.8,0.0,69.6,18.0,5.9
2025-01-28 19:00:00,25.7,0.0,76.5,2.0,5.5
2025-01-28 20:00:00,25.8,0.0,75.0,18.0,4.9
2025-01-28 21:00:00,25.6,0.0,77.9,359.0,4.5
2025-01-28 22:00:00,25.5,0.0,79.6,13.0,3.6
2025-01-28 23:00:00,25.3,0.0,81.0,350.0,4.2
2025-01-29 00:00:00,25.3,0.0,79.9,22.0,4.9
2025-01-29 01:00:00,25.1,0.0,81.9,352.0,3.7
2025-01-29 02:00:00,24.7,0.0,83.9,17.0,3.1
2025-01-29 03:00:00,24.6,0.0,82.6,10.0,4.2
2025-01-29 04:00:00,24.7,0.0,82.1,6.0,4.7
2025-01-29 05:00:00,24.7,0.0,81.0,23.0,4.0
2025-01-29 06:00:00,24.718709677419355,0.0,80.92,25.141935483870967,4.021935483870967
2025-01-29 07:00:00,24.73741935483871,0.0,80.84,27.283870967741937,4.043870967741936
2025-01-29 08:00:00,24.756129032258062,0.0,80.76,29.425806451612903,4.065806451612903
2025-01-29 09:00:00,,,,,
2025-01-29 10:00:00,,,,,
2025-01-29 11:00:00,,,,,
2025-01-29 12:00:00,,,,,
2025-01-29 13:00:00,,,,,
2025-01-29 14:00:00,,,,,
2025-01-29 15:00:00,,,,,
2025-01-29 16:00:00,,,,,
2025-01-29 17:00:00,,,,,
2025-01-29 18:00:00,,,,,
2025-01-29 19:00:00,,,,,
2025-01-29 20:00:00,,,,,
2025-01-29 21:00:00,,,,,
2025-01-29 22:00:00,,,,,
2025-01-29 23:00:00,,,,,
2025-01-30 00:00:00,,,,,
2025-01-30 01:00:00,,,,,
2025-01-30 02:00:00,,,,,
2025-01-30 03:00:00,,,,,
2025-01-30 04:00:00,,,,,
2025-01-30 05:00:00,,,,,
2025-01-30 06:00:00,,,,,
2025-01-30 07:00:00,,,,,
2025-01-30 08:00:00,,,,,
2025-01-30 09:00:00,,,,,
2025-01-30 10:00:00,,,,,
2025-01-30 11:00:00,,,,,
2025-01-30 12:00:00,,,,,
2025-01-30 13:00:00,,,,,
2025-01-30 14:00:00,,,,,
2025-01-30 15:00:00,,,,,
2025-01-30 16:00:00,,,,,
2025-01-30 17:00:00,,,,,
2025-01-30 18:00:00,,,,,
2025-01-30 19:00:00,,,,,
2025-01-30 20:00:00,,,,,
2025-01-30 21:00:00,,,,,
2025-01-30 22:00:00,,,,,
2025-01-30 23:00:00,,,,,
2025-01-31 00:00:00,,,,,
2025-01-31 01:00:00,,,,,
2025-01-31 02:00:00,,,,,
2025-01-31 03:00:00,,,,,
2025-01-31 04:00:00,,,,,
2025-01-31 05:00:00,,,,,
2025-01-31 06:00:00,,,,,
2025-01-31 07:00:00,,,,,
2025-01-31 08:00:00,,,,,
2025-01-31 09:00:00,,,,,
2025-01-31 10:00:00,,,,,
2025-01-31 11:00:00,,,,,
2025-01-31 12:00:00,,,,,
2025-01-31 13:00:00,,,,,
2025-01-31 14:00:00,,,,,
2025-01-31 15:00:00,,,,,
2025-01-31 16:00:00,,,,,
2025-01-31 17:00:00,,,,,
2025-01-31 18:00:00,,,,,
2025-01-31 19:00:00,,,,,
2025-01-31 20:00:00,,,,,
2025-01-31 21:00:00,,,,,
2025-01-31 22:00:00,,,,,
2025-01-31 23:00:00,,,,,
2025-02-01 00:00:00,,,,,
2025-02-01 01:00:00,,,,,
2025-02-01 02:00:00,,,,,
2025-02-01 03:00:00,,,,,
2025-02-01 04:00:00,,,,,
2025-02-01 05:00:00,,,,,
2025-02-01 06:00:00,,,,,
2025-02-01 07:00:00,,,,,
2025-02-01 08:00:00,,,,,
2025-02-01 09:00:00,,,,,
2025-02-01 10:00:00,,,,,
2025-02-01 11:00:00,,,,,
2025-02-01 12:00:00,,,,,
2025-02-01 13:00:00,,,,,
2025-02-01 14:00:00,,,,,
2025-02-01 15:00:00,,,,,
2025-02-01 16:00:00,,,,,
2025-02-01 17:00:00,,,,,
2025-02-01 18:00:00,,,,,
2025-02-01 19:00:00,,,,,
2025-02-01 20:00:00,,,,,
2025-02-01 21:00:00,,,,,
2025-02-01 22:00:00,,,,,
2025-02-01 23:00:00,,,,,
2025-02-02 00:00:00,,,,,
2025-02-02 01:00:00,,,,,
2025-02-02 02:00:00,,,,,
2025-02-02 03:00:00,,,,,
2025-02-02 04:00:00,,,,,
2025-02-02 05:00:00,,,,,
2025-02-02 06:00:00,,,,,
2025-02-02 07:00:00,,,,,
2025-02-02 08:00:00,,,,,
2025-02-02 09:00:00,,,,,
2025-02-02 10:00:00,,,,,
2025-02-02 11:00:00,,,,,
2025-02-02 12:00:00,,,,,
2025-02-02 13:00:00,,,,,
2025-02-02 14:00:00,,,,,
2025-02-02 15:00:00,,,,,
2025-02-02 16:00:00,,,,,
2025-02-02 17:00:00,,,,,
2025-02-02 18:00:00,,,,,
2025-02-02 19:00:00,,,,,
2025-02-02 20:00:00,,,,,
2025-02-02 21:00:00,,,,,
2025-02-02 22:00:00,,,,,
2025-02-02 23:00:00,,,,,
2025-02-03 00:00:00,,,,,
2025-02-03 01:00:00,,,,,
2025-02-03 02:00:00,,,,,
2025-02-03 03:00:00,,,,,
2025-02-03 04:00:00,,,,,
2025-02-03 05:00:00,,,,,
2025-02-03 06:00:00,,,,,
2025-02-03 07:00:00,,,,,
2025-02-03 08:00:00,,,,,
2025-02-03 09:00:00,,,,,
2025-02-03 10:00:00,,,,,
2025-02-03 11:00:00,,,,,
2025-02-03 12:00:00,,,,,
2025-02-03 13:00:00,,,,,
2025-02-03 14:00:00,,,,,
2025-02-03 15:00:00,,,,,
2025-02-03 16:00:00,,,,,
2025-02-03 17:00:00,,,,,
2025-02-03 18:00:00,,,,,
2025-02-03 19:00:00,,,,,
2025-02-03 20:00:00,,,,,
2025-02-03 21:00:00,,,,,
2025-02-03 22:00:00,,,,,
2025-02-03 23:00:00,,,,,
2025-02-04 00:00:00,,,,,
2025-02-04 01:00:00,,,,,
2025-02-04 02:00:00,,,,,
2025-02-04 03:00:00,,,,,
2025-02-04 04:00:00,,,,,
2025-02-04 05:00:00,,,,,
2025-02-04 06:00:00,,,,,
2025-02-04 07:00:00,,,,,
2025-02-04 08:00:00,,,,,
2025-02-04 09:00:00,,,,,
2025-02-04 10:00:00,,,,,
2025-02-04 11:00:00,,,,,
2025-02-04 12:00:00,,,,,
2025-02-04 13:00:00,27.543870967741935,0.0,68.83999999999999,348.5741935483871,7.3341935483870975
2025-02-04 14:00:00,27.56258064516129,0.0,68.75999999999999,350.7161290322581,7.356129032258066
2025-02-04 15:00:00,27.58129032258065,0.0,68.67999999999999,352.85806451612905,7.378064516129033
2025-02-04 16:00:00,27.6,0.0,68.6,355.0,7.4
2025-02-04 17:00:00,27.3,0.0,78.6,353.0,2.6
2025-02-04 18:00:00,28.5,0.0,69.4,358.0,3.5
2025-02-04 19:00:00,27.2,0.0,74.9,17.0,3.3
2025-02-04 20:00:00,26.0,0.0,80.6,16.0,6.5
2025-02-04 21:00:00,25.8,0.0,81.0,32.0,4.3
2025-02-04 22:00:00,25.8,0.0,83.3,11.0,2.8
2025-02-04 23:00:00,25.8,0.0,84.7,359.0,3.2
2025-02-05 00:00:00,25.7,0.0,84.6,22.0,3.6
2025-02-05 01:00:00,24.9,0.0,86.4,8.0,3.8
2025-02-05 02:00:00,24.9,0.0,88.0,358.0,2.2
2025-02-05 03:00:00,24.6,0.0,89.9,9.0,5.5
2025-02-05 04:00:00,24.1,0.0,91.1,351.0,5.5
2025-02-05 05:00:00,23.5,0.2,95.3,15.0,3.9
2025-02-05 06:00:00,23.3,0.0,96.9,351.0,2.5
2025-02-05 07:00:00,23.4,0.0,97.0,4.0,4.8
2025-02-05 08:00:00,23.5,0.0,95.7,14.0,3.6
2025-02-05 09:00:00,23.7,0.0,96.3,14.0,3.1
2025-02-05 10:00:00,23.5,0.2,95.7,348.0,6.7
2025-02-05 11:00:00,23.6,0.0,95.0,4.0,5.0
2025-02-05 12:00:00,24.2,0.0,92.6,358.0,5.8
2025-02-05 13:00:00,25.0,0.0,86.8,6.0,5.1
2025-02-05 14:00:00,25.2,0.0,85.4,13.0,5.1
2025-02-05 15:00:00,25.9,0.0,80.0,18.0,4.7
2025-02-05 16:00:00,25.8,0.0,79.6,357.0,4.8
2025-02-05 17:00:00,26.0,0.0,79.0,358.0,6.5
2025-02-05 18:00:00,26.4,0.0,75.9,355.0,4.4
2025-02-05 19:00:00,25.9,0.0,75.1,359.0,2.9
2025-02-05 20:00:00,25.4,0.0,80.5,1.0,4.9
2025-02-05 21:00:00,25.2,0.0,81.9,350.0,5.1
2025-02-05 22:00:00,25.0,0.0,82.1,346.0,5.8
2025-02-05 23:00:00,24.9,0.0,81.9,6.0,5.5
2025-02-06 00:00:00,24.9,0.0,78.6,356.0,4.0
2025-02-06 01:00:00,24.6,0.0,79.5,17.0,2.5
2025-02-06 02:00:00,24.5,0.0,80.6,1.0,3.0
2025-02-06 03:00:00,24.2,0.0,82.4,332.0,1.0
2025-02-06 04:00:00,24.2,0.0,81.6,4.0,2.9
2025-02-06 05:00:00,24.3,0.0,81.2,354.0,1.9
2025-02-06 06:00:00,24.3,0.0,81.5,35.0,1.8
2025-02-06 07:00:00,24.3,0.0,81.9,14.0,3.1
2025-02-06 08:00:00,24.7,0.0,81.9,354.0,4.9
2025-02-06 09:00:00,25.5,0.0,78.2,7.0,3.5
2025-02-06 10:00:00,27.0,0.0,71.7,351.0,3.5
2025-02-06 11:00:00,26.9,0.0,70.3,6.0,6.3
2025-02-06 12:00:00,28.6,0.0,61.9,352.0,5.7
2025-02-06 13:00:00,29.0,0.0,57.3,346.0,6.9
2025-02-06 14:00:00,29.8,0.0,53.7,346.0,5.0
2025-02-06 15:00:00,30.0,0.0,51.7,4.0,5.1
2025-02-06 16:00:00,30.2,0.0,53.4,349.0,4.9
2025-02-06 17:00:00,29.3,0.0,56.8,343.0,5.4
2025-02-06 18:00:00,28.1,0.0,63.6,67.0,3.9
2025-02-06 19:00:00,27.5,0.0,66.1,23.0,4.5
2025-02-06 20:00:00,26.6,0.0,69.8,39.0,2.9
2025-02-06 21:00:00,26.2,0.0,71.8,9.0,3.9
2025-02-06 22:00:00,25.8,0.0,72.1,357.0,5.0
2025-02-06 23:00:00,25.5,0.0,74.7,14.0,4.7
2025-02-07 00:00:00,25.3,0.0,77.9,7.0,4.3
2025-02-07 01:00:00,25.0,0.0,80.9,5.0,3.2
2025-02-07 02:00:00,24.8,0.0,82.9,15.0,3.1
2025-02-07 03:00:00,24.7,0.0,83.0,8.0,3.2
2025-02-07 04:00:00,24.7,0.0,84.0,23.0,4.3
2025-02-07 05:00:00,24.5,0.0,85.9,20.0,2.1
2025-02-07 06:00:00,24.3,0.0,86.9,12.0,2.6
2025-02-07 07:00:00,24.5,0.0,84.7,356.0,3.7
2025-02-07 08:00:00,24.9,0.0,83.9,6.0,3.9
2025-02-07 09:00:00,26.5,0.0,76.9,329.0,3.7
2025-02-07 10:00:00,27.2,0.0,72.8,5.0,4.9
2025-02-07 11:00:00,27.9,0.0,69.2,350.0,4.7
2025-02-07 12:00:00,28.7,0.0,64.5,5.0,4.2
2025-02-07 13:00:00,29.9,0.0,57.2,182.0,5.2
2025-02-07 14:00:00,30.8,0.0,53.8,359.0,4.0
2025-02-07 15:00:00,30.5,0.0,54.4,342.0,4.9
2025-02-07 16:00:00,31.0,0.0,55.4,341.0,4.1
2025-02-07 17:00:00,30.7,0.0,57.3,353.0,3.6
2025-02-07 18:00:00,29.1,0.0,63.8,37.0,3.4
2025-02-07 19:00:00,28.0,0.0,67.3,27.0,5.8
2025-02-07 20:00:00,27.5,0.0,70.1,1.0,3.2
2025-02-07 21:00:00,26.5,0.0,73.2,7.0,5.2
2025-02-07 22:00:00,26.0,0.0,77.0,16.0,4.4
2025-02-07 23:00:00,25.7,0.0,80.1,2.0,4.4
2025-02-08 00:00:00,25.5,0.0,81.0,8.0,3.0
2025-02-08 01:00:00,25.5,0.0,82.3,2.0,4.0
2025-02-08 02:00:00,25.3,0.0,83.3,7.0,4.8
2025-02-08 03:00:00,25.1,0.0,84.4,15.0,5.9
2025-02-08 04:00:00,25.0,0.0,85.2,14.0,3.4
2025-02-08 05:00:00,24.8,0.0,85.7,7.0,3.9
2025-02-08 06:00:00,24.7,0.0,85.8,4.0,5.0
2025-02-08 07:00:00,24.6,0.0,86.2,15.0,4.6
2025-02-08 08:00:00,25.0,0.0,84.1,11.0,4.1
2025-02-08 09:00:00,26.3,0.0,77.7,2.0,4.9
2025-02-08 10:00:00,27.3,0.0,72.7,7.0,5.5
2025-02-08 11:00:00,28.2,0.0,67.3,1.0,5.2
2025-02-08 12:00:00,30.8,0.0,53.6,49.0,3.4
2025-02-08 13:00:00,30.0,0.0,55.3,1.0,4.3
2025-02-08 14:00:00,29.8,0.0,55.0,14.0,5.9
2025-02-08 15:00:00,30.4,0.0,50.9,3.0,5.2
2025-02-08 16:00:00,30.3,0.0,55.9,11.0,4.3
2025-02-08 17:00:00,29.6,0.0,59.2,20.0,5.1
2025-02-08 18:00:00,28.0,0.0,66.5,21.0,5.9
2025-02-08 19:00:00,27.4,0.0,69.8,344.0,4.8
2025-02-08 20:00:00,26.5,0.0,72.5,357.0,6.0
2025-02-08 21:00:00,26.1,0.0,73.8,24.0,3.2
2025-02-08 22:00:00,25.9,0.0,75.0,7.0,4.8
2025-02-08 23:00:00,25.7,0.0,77.4,4.0,4.1
2025-02-09 00:00:00,25.6,0.0,79.0,3.0,4.5
2025-02-09 01:00:00,25.4,0.0,80.9,9.0,4.5
2025-02-09 02:00:00,25.3,0.0,81.5,357.0,4.7
2025-02-09 03:00:00,25.2,0.0,82.7,359.0,3.3
2025-02-09 04:00:00,25.0,0.0,85.1,355.0,4.2
2025-02-09 05:00:00,24.8,0.0,86.3,23.0,2.8
2025-02-09 06:00:00,24.8,0.0,86.1,1.0,4.5
2025-02-09 07:00:00,24.8,0.0,85.8,22.0,3.7
2025-02-09 08:00:00,24.9,0.0,85.3,25.0,3.4
2025-02-09 09:00:00,25.9,0.0,80.2,340.0,3.4
2025-02-09 10:00:00,26.3,0.0,78.4,359.0,4.9
2025-02-09 11:00:00,28.1,0.0,66.6,10.0,5.0
2025-02-09 12:00:00,28.4,0.0,66.5,19.0,4.1
2025-02-09 13:00:00,28.7,0.0,64.5,354.0,6.1
2025-02-09 14:00:00,30.0,0.0,56.5,33.0,5.0
2025-02-09 15:00:00,29.2,0.0,58.5,355.0,7.9
2025-02-09 16:00:00,28.4,0.0,65.3,10.0,6.8
2025-02-09 17:00:00,26.0,0.0,82.1,30.0,4.4
2025-02-09 18:00:00,25.6,0.0,80.9,30.0,5.8
2025-02-09 19:00:00,25.5,0.0,82.0,357.0,5.4
2025-02-09 20:00:00,25.8,0.0,79.6,25.0,3.5
2025-02-09 21:00:00,25.7,0.0,76.8,25.0,6.0
2025-02-09 22:00:00,25.7,0.0,75.3,16.0,6.0
2025-02-09 23:00:00,25.6,0.0,75.3,10.0,5.3
2025-02-10 00:00:00,25.4,0.0,76.0,18.0,5.5
2025-02-10 01:00:00,25.3,0.0,76.4,12.0,6.2
2025-02-10 02:00:00,25.1,0.0,78.0,17.0,3.6
2025-02-10 03:00:00,24.9,0.0,79.3,6.0,4.7
2025-02-10 04:00:00,24.6,0.0,80.9,341.0,4.2
2025-02-10 05:00:00,24.4,0.0,81.4,1.0,4.2
2025-02-10 06:00:00,24.4,0.0,81.2,354.0,4.6
2025-02-10 07:00:00,24.4,0.0,81.7,349.0,4.0
2025-02-10 08:00:00,24.8,0.0,80.1,355.0,3.2
2025-02-10 09:00:00,25.9,0.0,75.4,11.0,5.0
2025-02-10 10:00:00,26.1,0.0,74.5,1.0,7.2
2025-02-10 11:00:00,27.3,0.0,68.5,12.0,5.3
2025-02-10 12:00:00,29.2,0.0,60.1,344.0,5.3
2025-02-10 13:00:00,29.6,0.0,56.8,6.0,4.4
2025-02-10 14:00:00,29.8,0.0,56.1,349.0,5.3
2025-02-10 15:00:00,29.7,0.0,56.9,355.0,5.3
2025-02-10 16:00:00,30.1,0.0,56.7,17.0,4.2
2025-02-10 17:00:00,28.6,0.0,63.6,43.0,4.8
2025-02-10 18:00:00,27.6,0.0,63.4,333.0,7.4
2025-02-10 19:00:00,27.2,0.0,61.6,359.0,5.5
2025-02-10 20:00:00,26.4,0.0,70.7,2.0,7.2
2025-02-10 21:00:00,25.9,0.0,73.9,1.0,6.5
2025-02-10 22:00:00,25.7,0.0,75.2,17.0,4.2
2025-02-10 23:00:00,25.6,0.0,75.9,6.0,4.8
2025-02-11 00:00:00,25.4,0.0,76.7,13.0,3.8
2025-02-11 01:00:00,25.3,0.0,77.4,4.0,3.4
2025-02-11 02:00:00,25.3,0.0,78.3,359.0,4.4
2025-02-11 03:00:00,25.1,0.0,78.7,8.0,5.7
2025-02-11 04:00:00,25.1,0.0,78.8,18.0,4.4
2025-02-11 05:00:00,25.2,0.0,76.6,4.0,5.2
2025-02-11 06:00:00,24.9,0.0,78.1,342.0,5.4
2025-02-11 07:00:00,24.6,0.0,80.0,19.0,4.5
2025-02-11 08:00:00,24.8,0.0,80.1,4.0,4.1
2025-02-11 09:00:00,25.9,0.0,74.7,355.0,4.9
2025-02-11 10:00:00,27.0,0.0,68.7,341.0,4.5
2025-02-11 11:00:00,28.1,0.0,64.7,345.0,5.3
2025-02-11 12:00:00,29.0,0.0,62.2,32.0,4.5
2025-02-11 13:00:00,29.5,0.0,57.5,356.0,6.2
2025-02-11 14:00:00,30.0,0.0,56.3,339.0,4.4
2025-02-11 15:00:00,30.3,0.0,55.8,44.0,3.5
2025-02-11 16:00:00,29.9,0.0,58.7,70.0,5.2
2025-02-11 17:00:00,28.9,0.0,63.5,16.0,3.5
2025-02-11 18:00:00,28.2,0.0,65.7,27.0,3.5
2025-02-11 19:00:00,27.6,0.0,66.9,45.0,4.7
2025-02-11 20:00:00,27.0,0.0,70.0,34.0,3.1
2025-02-11 21:00:00,26.8,0.0,67.7,45.0,3.0
2025-02-11 22:00:00,26.5,0.0,70.3,58.0,4.5
2025-02-11 23:00:00,26.1,0.0,74.6,12.0,3.4
2025-02-12 00:00:00,25.9,0.0,77.4,75.0,2.9
2025-02-12 01:00:00,25.6,0.0,79.0,45.0,3.6
2025-02-12 02:00:00,25.4,0.0,79.9,62.0,3.4
2025-02-12 03:00:00,25.2,0.0,81.0,15.0,3.8
2025-02-12 04:00:00,25.1,0.0,82.9,17.0,4.1
2025-02-12 05:00:00,25.0,0.0,82.2,9.0,3.4
2025-02-12 06:00:00,24.9,0.0,82.9,29.0,2.3
2025-02-12 07:00:00,24.8,0.0,83.5,15.0,3.3
2025-02-12 08:00:00,25.0,0.0,83.9,13.0,2.6
2025-02-12 09:00:00,25.9,0.0,80.2,30.0,3.1
2025-02-12 10:00:00,26.9,0.0,72.6,344.0,4.2
2025-02-12 11:00:00,29.8,0.0,60.0,18.0,2.5
2025-02-12 12:00:00,29.5,0.0,59.5,58.0,4.9
2025-02-12 13:00:00,30.5,0.0,57.0,72.0,2.9
2025-02-12 14:00:00,30.4,0.0,56.8,72.0,3.3
2025-02-12 15:00:00,29.1,0.0,67.6,118.0,7.5
2025-02-12 16:00:00,29.6,0.0,65.2,108.0,7.6
2025-02-12 17:00:00,29.4,0.0,66.7,110.0,6.3
2025-02-12 18:00:00,29.0,0.0,59.7,53.0,5.5
2025-02-12 19:00:00,28.1,0.0,62.7,46.0,6.0
2025-02-12 20:00:00,27.0,0.0,69.9,49.0,6.2
2025-02-12 21:00:00,26.5,0.0,73.3,62.0,5.3
2025-02-12 22:00:00,26.2,0.0,78.1,67.0,5.0
2025-02-12 23:00:00,25.9,0.0,80.9,81.0,3.9
2025-02-13 00:00:00,25.8,0.0,81.3,65.0,3.8
2025-02-13 01:00:00,25.6,0.0,82.5,62.0,3.6
2025-02-13 02:00:00,25.4,0.0,83.5,62.0,3.0
2025-02-13 03:00:00,25.3,0.0,84.5,48.0,3.0
2025-02-13 04:00:00,25.3,0.0,84.3,51.0,3.3
2025-02-13 05:00:00,25.3,0.0,85.3,32.0,2.7
2025-02-13 06:00:00,25.2,0.0,85.4,62.0,2.3
2025-02-13 07:00:00,25.2,0.0,85.3,66.0,3.2
2025-02-13 08:00:00,25.6,0.0,84.4,8.0,2.3
2025-02-13 09:00:00,26.9,0.0,77.6,6.0,2.0
2025-02-13 10:00:00,29.0,0.0,68.1,240.0,2.0
2025-02-13 11:00:00,28.2,0.0,70.8,1.0,3.6
2025-02-13 12:00:00,28.7,0.0,67.6,69.0,3.7
2025-02-13 13:00:00,30.7,0.0,58.5,74.0,3.7
2025-02-13 14:00:00,30.4,0.0,62.5,101.0,5.7
2025-02-13 15:00:00,30.7,0.0,60.0,114.0,5.1
2025-02-13 16:00:00,30.5,0.0,64.4,106.0,9.0
2025-02-13 17:00:00,30.3,0.0,66.1,111.0,8.0
2025-02-13 18:00:00,29.0,0.0,65.4,53.0,5.1
2025-02-13 19:00:00,28.1,0.0,71.2,46.0,4.3
2025-02-13 20:00:00,27.3,0.0,72.0,70.0,4.7
2025-02-13 21:00:00,26.5,0.0,78.4,74.0,4.7
2025-02-13 22:00:00,26.5,0.0,79.9,40.0,2.9
2025-02-13 23:00:00,26.1,0.0,80.8,58.0,3.9
2025-02-14 00:00:00,26.0,0.0,83.7,49.0,5.9
2025-02-14 01:00:00,25.9,0.0,81.8,39.0,4.2
2025-02-14 02:00:00,25.8,0.0,82.8,21.0,4.4
2025-02-14 03:00:00,25.7,0.0,81.9,35.0,2.3
2025-02-14 04:00:00,25.5,0.0,83.9,27.0,3.9
2025-02-14 05:00:00,25.5,0.0,83.8,26.0,3.1
2025-02-14 06:00:00,25.3,0.0,84.8,54.0,4.2
2025-02-14 07:00:00,25.4,0.0,85.9,55.0,2.3
2025-02-14 08:00:00,25.9,0.0,83.1,9.0,3.7
2025-02-14 09:00:00,26.7,0.0,78.3,11.0,4.8
2025-02-14 10:00:00,28.0,0.0,71.8,343.0,4.3
2025-02-14 11:00:00,30.4,0.0,62.0,349.0,2.8
2025-02-14 12:00:00,30.8,0.0,56.8,20.0,2.9
2025-02-14 13:00:00,31.0,0.0,56.2,9.0,3.3
2025-02-14 14:00:00,30.8,0.0,57.3,73.0,5.1
2025-02-14 15:00:00,31.3,0.0,56.6,48.0,5.0
2025-02-14 16:00:00,29.8,0.0,62.2,113.0,8.3
2025-02-14 17:00:00,29.5,0.0,58.7,37.0,3.9
2025-02-14 18:00:00,28.5,0.0,70.5,74.0,2.4
2025-02-14 19:00:00,27.7,0.0,74.4,343.0,4.3
2025-02-14 20:00:00,27.5,0.0,72.7,60.0,1.6
2025-02-14 21:00:00,26.7,0.0,80.4,63.0,3.7
2025-02-14 22:00:00,26.7,0.0,80.1,22.0,3.3
2025-02-14 23:00:00,26.4,0.0,79.4,34.0,4.1
2025-02-15 00:00:00,26.3,0.0,80.1,54.0,2.8
2025-02-15 01:00:00,26.1,0.0,80.5,21.0,2.8
2025-02-15 02:00:00,26.0,0.0,81.9,16.0,2.2
2025-02-15 03:00:00,25.9,0.0,82.8,38.0,4.3
2025-02-15 04:00:00,25.8,0.0,83.3,354.0,2.3
2025-02-15 05:00:00,25.6,0.0,84.2,354.0,2.1
2025-02-15 06:00:00,25.6,0.0,86.2,25.0,2.7
2025-02-15 07:00:00,25.5,0.0,86.1,52.0,1.4
2025-02-15 08:00:00,25.7,0.0,84.8,358.0,3.7
2025-02-15 09:00:00,26.9,0.0,78.5,4.0,2.3
2025-02-15 10:00:00,28.5,0.0,69.3,345.0,4.0
2025-02-15 11:00:00,30.1,0.0,61.7,354.0,2.8
2025-02-15 12:00:00,29.7,0.0,62.9,347.0,5.0
2025-02-15 13:00:00,30.4,0.0,60.4,355.0,4.1
2025-02-15 14:00:00,32.6,0.0,52.9,339.0,2.7
2025-02-15 15:00:00,29.7,0.0,65.3,58.0,3.2
2025-02-15 16:00:00,26.4,0.0,89.7,200.0,2.4
2025-02-15 17:00:00,25.1,0.4,99.0,104.0,8.5
2025-02-15 18:00:00,25.5,0.0,99.0,81.0,3.0
2025-02-15 19:00:00,26.4,0.0,90.9,42.0,3.3
2025-02-15 20:00:00,26.3,0.0,91.0,62.0,1.4
2025-02-15 21:00:00,26.3,0.0,86.6,24.0,2.6
2025-02-15 22:00:00,26.2,0.0,87.6,20.0,2.8
2025-02-15 23:00:00,26.1,0.0,87.6,19.0,1.7
2025-02-16 00:00:00,25.9,0.0,88.6,16.0,3.0
2025-02-16 01:00:00,25.8,0.0,88.4,9.0,2.9
2025-02-16 02:00:00,25.6,0.0,87.5,18.0,3.1
2025-02-16 03:00:00,25.4,0.0,89.3,4.0,3.2
2025-02-16 04:00:00,25.3,0.0,90.0,12.0,3.8
2025-02-16 05:00:00,25.2,0.0,90.3,11.0,2.7
2025-02-16 06:00:00,24.8,0.0,92.2,10.0,3.6
2025-02-16 07:00:00,24.7,0.0,91.7,28.0,2.2
2025-02-16 08:00:00,25.0,0.0,88.3,7.0,2.9
2025-02-16 09:00:00,26.4,0.0,78.5,353.0,4.8
2025-02-16 10:00:00,28.4,0.0,70.6,8.0,3.0
2025-02-16 11:00:00,28.6,0.0,69.2,327.0,3.8
2025-02-16 12:00:00,30.1,0.0,56.2,308.0,2.9
2025-02-16 13:00:00,31.4,0.0,54.1,276.0,2.8
2025-02-16 14:00:00,30.4,0.0,60.0,119.0,6.3
2025-02-16 15:00:00,28.6,0.0,67.7,117.0,8.60001
2025-02-16 16:00:00,29.6,0.0,65.3,111.0,10.6
2025-02-16 17:00:00,28.8,0.0,67.9,112.0,10.0
2025-02-16 18:00:00,28.2,0.0,73.7,112.0,5.5
2025-02-16 19:00:00,27.9,0.0,70.3,69.0,4.9
2025-02-16 20:00:00,27.4,0.0,71.8,24.0,2.4
2025-02-16 21:00:00,27.2,0.0,73.5,351.0,2.5
2025-02-16 22:00:00,27.1,0.0,74.0,13.0,2.6
2025-02-16 23:00:00,27.0,0.0,74.4,6.0,1.8
2025-02-17 00:00:00,26.6,0.0,77.7,21.0,1.5
2025-02-17 01:00:00,26.5,0.0,77.6,78.0,0.7
2025-02-17 02:00:00,26.4,0.0,78.4,10.0,2.1
2025-02-17 03:00:00,26.3,0.0,81.4,21.0,2.2
2025-02-17 04:00:00,26.1,0.0,82.9,3.0,2.0
2025-02-17 05:00:00,25.8,0.0,84.5,317.0,2.3
2025-02-17 06:00:00,25.5,0.0,86.8,299.0,1.2
2025-02-17 07:00:00,25.7,0.0,84.4,2.0,2.5
2025-02-17 08:00:00,26.3,0.0,81.4,347.0,2.1
2025-02-17 09:00:00,27.1,0.0,78.5,2.0,2.7
2025-02-17 10:00:00,27.8,0.0,72.6,315.0,4.5
2025-02-17 11:00:00,28.2,0.0,70.0,314.0,6.3
2025-02-17 12:00:00,30.3,0.0,61.8,339.0,3.7
2025-02-17 13:00:00,31.8,0.0,55.8,312.0,4.0
2025-02-17 14:00:00,31.7,0.0,54.6,336.0,2.7
2025-02-17 15:00:00,29.5,0.0,66.5,212.0,10.2
2025-02-17 16:00:00,25.4,1.0,96.2,79.0,3.2
2025-02-17 17:00:00,25.0,0.0,96.6,119.0,1.6
2025-02-17 18:00:00,26.9,0.0,85.8,101.0,1.2
2025-02-17 19:00:00,26.8,0.0,88.6,100.0,2.9
2025-02-17 20:00:00,24.8,0.0,88.0,12.0,4.8
2025-02-17 21:00:00,24.8,0.0,87.0,32.0,1.8
2025-02-17 22:00:00,25.5,0.0,89.2,16.0,1.4
2025-02-17 23:00:00,25.6,0.0,89.6,8.0,2.2
2025-02-18 00:00:00,25.3,0.0,89.5,358.0,3.3
2025-02-18 01:00:00,25.4,0.0,88.8,12.0,3.2
2025-02-18 02:00:00,25.2,0.0,89.6,7.0,4.1
2025-02-18 03:00:00,25.0,0.0,90.6,345.0,2.8
2025-02-18 04:00:00,25.2,0.0,89.5,13.0,3.7
2025-02-18 05:00:00,25.0,0.0,91.4,6.0,3.9
2025-02-18 06:00:00,25.0,0.0,90.9,16.0,4.3
2025-02-18 07:00:00,24.9,0.0,91.1,359.0,2.6
2025-02-18 08:00:00,25.0,0.0,90.6,16.0,3.9
2025-02-18 09:00:00,25.5,0.0,90.1,4.0,2.6
2025-02-18 10:00:00,26.2,0.0,86.2,20.0,3.5
2025-02-18 11:00:00,27.0,0.0,82.6,355.0,4.8
2025-02-18 12:00:00,27.3,0.0,80.3,341.0,3.9
2025-02-18 13:00:00,28.2,0.0,74.0,18.0,4.8
2025-02-18 14:00:00,28.0,0.0,76.4,7.0,3.7
2025-02-18 15:00:00,28.6,0.0,71.8,336.0,3.2
2025-02-18 16:00:00,27.9,0.0,74.2,28.0,4.0
2025-02-18 17:00:00,28.3,0.0,69.8,346.0,4.3
2025-02-18 18:00:00,27.7,0.0,73.0,4.0,5.5
2025-02-18 19:00:00,27.3,0.0,76.9,1.0,3.7
2025-02-18 20:00:00,26.4,0.0,79.5,179.5,4.2
2025-02-18 21:00:00,26.1,0.0,83.5,358.0,2.7
2025-02-18 22:00:00,25.9,0.0,84.5,13.0,3.5
2025-02-18 23:00:00,25.9,0.0,86.4,29.0,3.5
2025-02-19 00:00:00,25.7,0.0,87.5,32.0,3.6
2025-02-19 01:00:00,25.7,0.0,87.2,18.0,3.9
2025-02-19 02:00:00,25.7,0.0,87.1,8.0,3.9
2025-02-19 03:00:00,25.4,0.0,89.3,5.0,4.6
2025-02-19 04:00:00,25.3,0.0,89.2,3.0,4.5
2025-02-19 05:00:00,25.2,0.0,89.9,355.0,4.1
2025-02-19 06:00:00,25.0,0.0,91.1,10.0,3.0
2025-02-19 07:00:00,25.2,0.0,89.3,36.0,2.5
2025-02-19 08:00:00,25.4,0.0,88.2,355.0,2.7
2025-02-19 09:00:00,26.0,0.0,85.9,19.0,1.7
2025-02-19 10:00:00,26.8,0.0,80.6,35.0,3.0
2025-02-19 11:00:00,27.6,0.0,75.2,57.0,4.5
2025-02-19 12:00:00,28.9,0.0,65.2,65.0,5.0
2025-02-19 13:00:00,30.0,0.0,60.1,15.0,3.5
2025-02-19 14:00:00,29.1,0.0,61.6,12.0,4.2
2025-02-19 15:00:00,29.3,0.0,60.2,59.0,4.7
2025-02-19 16:00:00,28.7,0.0,62.0,46.0,5.9
2025-02-19 17:00:00,28.8,0.0,61.7,37.0,5.0
2025-02-19 18:00:00,28.6,0.0,63.2,24.0,4.8
2025-02-19 19:00:00,28.0,0.0,65.4,354.0,4.2
2025-02-19 20:00:00,27.3,0.0,72.0,20.0,3.4
2025-02-19 21:00:00,26.8,0.0,77.1,4.0,4.0
2025-02-19 22:00:00,26.4,0.0,81.2,2.0,4.5
2025-02-19 23:00:00,26.3,0.0,82.7,1.0,4.4
2025-02-20 00:00:00,26.1,0.0,85.5,13.0,5.1
2025-02-20 01:00:00,25.9,0.0,86.4,9.0,4.1
2025-02-20 02:00:00,25.7,0.0,88.2,345.0,3.0
2025-02-20 03:00:00,25.7,0.0,88.4,3.0,4.6
2025-02-20 04:00:00,25.6,0.0,89.5,16.0,2.1
2025-02-20 05:00:00,25.6,0.0,89.2,20.0,3.7
2025-02-20 06:00:00,25.7,0.0,87.8,28.0,2.7
2025-02-20 07:00:00,25.6,0.0,89.1,11.0,2.9
2025-02-20 08:00:00,25.5,0.0,90.5,16.0,2.1
2025-02-20 09:00:00,26.9,0.0,81.9,12.0,3.2
2025-02-20 10:00:00,28.5,0.0,70.1,32.0,2.6
2025-02-20 11:00:00,28.8,0.0,67.7,346.0,4.6
2025-02-20 12:00:00,28.6,0.0,68.9,19.0,3.5
2025-02-20 13:00:00,30.2,0.0,59.3,82.0,6.0
2025-02-20 14:00:00,29.9,0.0,59.0,42.0,4.9
2025-02-20 15:00:00,29.7,0.0,62.0,36.0,4.4
2025-02-20 16:00:00,30.2,0.0,56.6,1.0,6.4
2025-02-20 17:00:00,30.0,0.0,59.0,61.0,4.6
2025-02-20 18:00:00,29.4,0.0,61.2,22.0,4.9
2025-02-20 19:00:00,28.4,0.0,66.3,48.0,4.7
2025-02-20 20:00:00,27.5,0.0,73.3,50.0,4.0
2025-02-20 21:00:00,27.0,0.0,76.7,27.0,3.2
2025-02-20 22:00:00,26.7,0.0,78.7,1.0,6.3
2025-02-20 23:00:00,26.5,0.0,80.5,13.0,5.2
2025-02-21 00:00:00,26.3,0.0,82.1,14.0,4.4
2025-02-21 01:00:00,26.0,0.0,84.6,15.0,3.7
2025-02-21 02:00:00,25.8,0.0,86.2,4.0,3.2
2025-02-21 03:00:00,25.5,0.0,87.5,1.0,2.4
2025-02-21 04:00:00,25.3,0.0,88.0,343.0,2.9
2025-02-21 05:00:00,25.3,0.0,88.4,11.0,2.3
2025-02-21 06:00:00,25.3,0.0,87.8,5.0,3.2
2025-02-21 07:00:00,25.3,0.0,87.3,21.0,2.7
2025-02-21 08:00:00,26.0,0.0,85.1,2.0,2.0
2025-02-21 09:00:00,26.7,0.0,80.5,335.0,2.9
2025-02-21 10:00:00,28.4,0.0,73.0,334.0,2.9
2025-02-21 11:00:00,28.8,0.0,69.1,333.0,3.6
2025-02-21 12:00:00,29.3,0.0,64.3,357.0,4.6
2025-02-21 13:00:00,30.6,0.0,58.7,37.0,3.8
2025-02-21 14:00:00,30.4,0.0,59.8,309.0,3.3
2025-02-21 15:00:00,30.1,0.0,60.3,1.0,5.1
2025-02-21 16:00:00,29.950000000000003,0.0,61.85,175.0,4.75
2025-02-21 17:00:00,29.8,0.0,63.4,349.0,4.4
2025-02-21 18:00:00,29.7,0.0,63.2,330.0,3.4
2025-02-21 19:00:00,28.5,0.0,67.7,14.0,5.2
2025-02-21 20:00:00,27.8,0.0,69.8,14.0,4.5
2025-02-21 21:00:00,27.3,0.0,73.7,5.0,4.5
2025-02-21 22:00:00,26.8,0.0,80.0,351.0,5.0
2025-02-21 23:00:00,26.5,0.0,83.4,28.0,3.0
2025-02-22 00:00:00,26.4,0.0,83.0,358.0,4.4
2025-02-22 01:00:00,26.1,0.0,85.7,16.0,4.6
2025-02-22 02:00:00,26.1,0.0,85.6,1.0,3.0
2025-02-22 03:00:00,25.9,0.0,87.3,5.0,2.3
2025-02-22 04:00:00,25.7,0.0,87.5,23.0,2.5
2025-02-22 05:00:00,25.5,0.0,89.2,18.0,3.8
2025-02-22 06:00:00,25.5,0.0,89.4,16.0,2.7
2025-02-22 07:00:00,25.5,0.0,88.9,8.0,4.6
2025-02-22 08:00:00,25.7,0.0,88.0,7.0,4.3
2025-02-22 09:00:00,27.3,0.0,79.6,355.0,3.6
2025-02-22 10:00:00,28.0,0.0,71.9,325.0,3.5
2025-02-22 11:00:00,29.4,0.0,66.0,1.0,3.2
2025-02-22 12:00:00,30.3,0.0,60.3,8.0,2.9
2025-02-22 13:00:00,30.4,0.0,61.0,56.0,3.7
2025-02-22 14:00:00,31.6,0.0,59.9,75.0,2.6
2025-02-22 15:00:00,29.3,0.0,66.5,86.0,7.9
2025-02-22 16:00:00,29.5,0.0,66.3,74.0,5.2
2025-02-22 17:00:00,25.6,0.2,95.0,74.0,2.2
2025-02-22 18:00:00,26.1,0.6,89.5,4.0,2.0
2025-02-22 19:00:00,27.1,0.0,78.6,339.0,3.5
2025-02-22 20:00:00,26.8,0.0,79.4,20.0,3.4
2025-02-22 21:00:00,26.6,0.0,80.5,7.0,3.6
2025-02-22 22:00:00,26.4,0.0,83.2,38.0,3.0
2025-02-22 23:00:00,26.3,0.0,84.5,8.0,3.6
2025-02-23 00:00:00,26.1,0.0,87.0,353.0,3.3
2025-02-23 01:00:00,26.0,0.0,88.3,8.0,3.4
2025-02-23 02:00:00,25.9,0.0,88.0,9.0,3.7
2025-02-23 03:00:00,25.9,0.0,88.1,8.0,2.8
2025-02-23 04:00:00,25.8,0.0,88.9,9.0,3.6
2025-02-23 05:00:00,25.7,0.0,90.0,3.0,4.2
2025-02-23 06:00:00,25.6,0.0,90.4,344.0,3.3
2025-02-23 07:00:00,25.6,0.0,90.3,2.0,2.6
2025-02-23 08:00:00,25.7,0.0,88.4,357.0,2.0
2025-02-23 09:00:00,26.0,0.0,87.9,292.0,2.0
2025-02-23 10:00:00,28.4,0.0,75.4,345.0,2.9
2025-02-23 11:00:00,28.9,0.0,69.7,300.0,3.1
2025-02-23 12:00:00,30.1,0.0,63.0,355.0,2.9
2025-02-23 13:00:00,28.4,0.0,70.5,42.0,4.7
2025-02-23 14:00:00,27.2,0.0,86.2,232.0,1.5
2025-02-23 15:00:00,24.4,7.8,95.0,309.0,10.4
2025-02-23 16:00:00,24.6,0.0,99.2,230.0,2.2
2025-02-23 17:00:00,24.9,0.0,89.4,343.0,3.5
2025-02-23 18:00:00,25.1,0.0,91.7,55.0,1.3
2025-02-23 19:00:00,25.5,0.0,93.0,14.0,2.0
2025-02-23 20:00:00,25.7,0.0,90.3,51.0,1.7
2025-02-23 21:00:00,25.9,0.0,90.5,26.0,1.7
2025-02-23 22:00:00,26.0,0.0,91.0,59.0,3.2
2025-02-23 23:00:00,26.1,0.0,90.6,49.0,2.4
2025-02-24 00:00:00,26.1,0.0,91.5,38.0,1.9
2025-02-24 01:00:00,25.9,0.0,92.4,42.0,1.5
2025-02-24 02:00:00,25.7,0.0,93.9,16.0,2.6
2025-02-24 03:00:00,25.5,0.0,94.1,12.0,3.4
2025-02-24 04:00:00,25.4,0.0,95.1,18.0,1.9
2025-02-24 05:00:00,25.2,0.0,95.5,2.0,2.3
2025-02-24 06:00:00,25.1,0.0,95.4,45.0,1.7
2025-02-24 07:00:00,25.3,0.0,94.1,67.0,1.9
2025-02-24 08:00:00,26.0,0.0,90.4,63.0,3.5
2025-02-24 09:00:00,27.4,0.0,83.4,39.0,3.2
2025-02-24 10:00:00,27.8,0.0,79.5,9.0,4.1
2025-02-24 11:00:00,29.1,0.0,69.9,25.0,4.0
2025-02-24 12:00:00,29.7,0.0,62.2,54.0,5.9
2025-02-24 13:00:00,29.4,0.0,66.6,36.0,5.8
2025-02-24 14:00:00,30.0,0.0,62.2,66.0,4.5
2025-02-24 15:00:00,30.8,0.0,55.1,76.0,6.4
2025-02-24 16:00:00,31.4,0.0,53.5,84.0,4.6
2025-02-24 17:00:00,30.9,0.0,56.0,81.0,4.9
2025-02-24 18:00:00,29.1,0.0,64.6,41.0,6.5
2025-02-24 19:00:00,27.5,0.0,75.1,43.0,7.0
2025-02-24 20:00:00,27.2,0.0,76.1,24.0,3.8
2025-02-24 21:00:00,26.9,0.0,79.0,60.0,2.5
2025-02-24 22:00:00,26.7,0.0,81.6,11.0,4.3
2025-02-24 23:00:00,26.7,0.0,83.0,11.0,4.2
2025-02-25 00:00:00,26.4,0.0,86.1,25.0,2.5
2025-02-25 01:00:00,26.3,0.0,87.3,8.0,3.1
2025-02-25 02:00:00,24.9,0.0,86.5,7.0,4.7
2025-02-25 03:00:00,24.8,0.0,88.8,8.0,3.2
2025-02-25 04:00:00,24.8,0.0,90.4,28.0,1.5
2025-02-25 05:00:00,25.1,0.0,89.8,34.0,1.7
2025-02-25 06:00:00,25.5,0.0,88.6,32.0,2.1
2025-02-25 07:00:00,25.7,0.0,86.7,50.0,2.5
2025-02-25 08:00:00,26.4,0.0,83.7,49.0,3.5
2025-02-25 09:00:00,27.4,0.0,79.8,56.0,2.9
2025-02-25 10:00:00,27.3,0.0,77.6,74.0,4.7
2025-02-25 11:00:00,28.1,0.0,74.4,35.0,3.8
2025-02-25 12:00:00,29.7,0.0,67.5,29.0,5.2
2025-02-25 13:00:00,28.7,0.0,71.3,35.0,6.3
2025-02-25 14:00:00,29.4,0.0,65.3,74.0,6.6
2025-02-25 15:00:00,29.4,0.0,63.6,66.0,7.6
2025-02-25 16:00:00,29.4,0.0,63.8,75.0,8.3
2025-02-25 17:00:00,28.7,0.0,65.8,47.0,7.4
2025-02-25 18:00:00,28.0,0.0,70.9,54.0,7.2
2025-02-25 19:00:00,27.3,0.0,74.3,51.0,5.2
2025-02-25 20:00:00,27.0,0.0,77.2,59.0,5.3
2025-02-25 21:00:00,26.9,0.0,77.7,49.0,5.5
2025-02-25 22:00:00,26.8,0.0,80.5,39.0,3.6
2025-02-25 23:00:00,26.8,0.0,81.8,43.0,2.7
2025-02-26 00:00:00,26.7,0.0,83.0,2.0,5.1
2025-02-26 01:00:00,26.5,0.0,85.2,37.0,2.3
2025-02-26 02:00:00,26.4,0.0,86.6,39.0,2.3
2025-02-26 03:00:00,26.1,0.0,88.8,52.0,5.1
2025-02-26 04:00:00,26.0,0.0,88.1,27.0,3.0
2025-02-26 05:00:00,26.1,0.0,87.5,19.0,3.8
2025-02-26 06:00:00,26.1,0.0,86.9,25.0,3.7
2025-02-26 07:00:00,26.0,0.0,87.6,39.0,3.2
2025-02-26 08:00:00,26.3,0.0,85.4,344.0,1.9
2025-02-26 09:00:00,26.7,0.0,83.0,38.0,4.3
2025-02-26 10:00:00,27.7,0.0,77.3,20.0,4.5
2025-02-26 11:00:00,27.9,0.0,76.7,55.0,7.0
2025-02-26 12:00:00,28.4,0.0,73.2,29.0,7.0
2025-02-26 13:00:00,28.9,0.0,71.2,48.0,5.9
2025-02-26 14:00:00,28.7,0.0,71.8,55.0,8.60001
2025-02-26 15:00:00,29.0,0.0,68.0,69.0,8.8
2025-02-26 16:00:00,27.9,0.0,75.8,54.0,7.5
2025-02-26 17:00:00,28.2,0.0,73.5,59.0,6.7
2025-02-26 18:00:00,28.1,0.0,73.2,47.0,8.8
2025-02-26 19:00:00,27.8,0.0,75.3,57.0,4.6
2025-02-26 20:00:00,27.0,0.0,81.2,66.0,4.0
2025-02-26 21:00:00,26.5,0.0,83.9,46.0,4.2
2025-02-26 22:00:00,26.4,0.0,84.6,37.0,4.7
2025-02-26 23:00:00,26.3,0.0,85.6,20.0,5.5
2025-02-27 00:00:00,26.3,0.0,85.1,10.0,4.4
2025-02-27 01:00:00,26.3,0.0,84.6,8.0,4.0
2025-02-27 02:00:00,26.2,0.0,84.8,19.0,4.2
2025-02-27 03:00:00,26.1,0.0,86.2,2.0,5.7
2025-02-27 04:00:00,26.0,0.0,87.3,345.0,3.5
2025-02-27 05:00:00,25.8,0.0,88.2,10.0,3.0
2025-02-27 06:00:00,25.6,0.0,89.6,346.0,4.4
2025-02-27 07:00:00,25.7,0.0,88.8,1.0,4.7
2025-02-27 08:00:00,25.9,0.0,87.2,357.0,5.2
2025-02-27 09:00:00,26.8,0.0,79.5,34.0,4.8
2025-02-27 10:00:00,27.4,0.0,78.2,44.0,3.7
2025-02-27 11:00:00,28.7,0.0,71.1,9.0,3.3
2025-02-27 12:00:00,29.8,0.0,62.2,61.0,5.3
2025-02-27 13:00:00,30.3,0.0,60.6,60.0,6.7
2025-02-27 14:00:00,29.6,0.0,63.6,15.0,4.6
2025-02-27 15:00:00,30.3,0.0,60.2,60.0,5.4
2025-02-27 16:00:00,30.1,0.0,61.5,60.0,6.2
2025-02-27 17:00:00,29.3,0.0,63.0,60.0,7.6
2025-02-27 18:00:00,29.0,0.0,64.0,62.0,5.1
2025-02-27 19:00:00,28.2,0.0,67.5,65.0,6.1
2025-02-27 20:00:00,27.5,0.0,72.7,65.0,3.2
2025-02-27 21:00:00,27.1,0.0,77.7,14.0,4.1
2025-02-27 22:00:00,27.1,0.0,78.9,30.0,2.9
2025-02-27 23:00:00,26.8,0.0,82.1,18.0,3.7
2025-02-28 00:00:00,26.8,0.0,83.0,10.0,3.3
2025-02-28 01:00:00,26.7,0.0,83.4,19.0,2.0
2025-02-28 02:00:00,26.6,0.0,84.5,4.0,3.0
2025-02-28 03:00:00,26.4,0.0,85.6,10.0,2.9
2025-02-28 04:00:00,26.2,0.0,86.6,3.0,2.8
2025-02-28 05:00:00,26.0,0.0,87.4,17.0,3.2
2025-02-28 06:00:00,26.0,0.0,87.4,359.0,3.1
2025-02-28 07:00:00,26.1,0.0,87.1,16.0,3.2
2025-02-28 08:00:00,26.3,0.0,85.7,56.0,3.1
2025-02-28 09:00:00,26.8,0.0,84.0,52.0,4.0
2025-02-28 10:00:00,27.6,0.0,79.0,47.0,5.5
2025-02-28 11:00:00,28.4,0.0,73.8,60.0,5.5
2025-02-28 12:00:00,29.4,0.0,69.9,57.0,4.5
2025-02-28 13:00:00,30.6,0.0,61.7,59.0,5.4
2025-02-28 14:00:00,30.7,0.0,60.6,68.0,6.7
2025-02-28 15:00:00,30.2,0.0,61.2,48.0,7.7
2025-02-28 16:00:00,30.4,0.0,59.6,67.0,6.7
2025-02-28 17:00:00,29.2,0.0,66.7,63.0,7.2
2025-02-28 18:00:00,29.0,0.0,68.4,64.0,5.1
2025-02-28 19:00:00,28.0,0.0,73.5,55.0,6.1
2025-02-28 20:00:00,27.7,0.0,76.8,92.0,1.9
2025-02-28 21:00:00,27.4,0.0,77.7,36.0,3.1
2025-02-28 22:00:00,27.1,0.0,80.9,43.0,2.5
2025-02-28 23:00:00,27.0,0.0,81.4,11.0,3.9
2025-03-01 00:00:00,26.9,0.0,82.8,57.0,5.1
2025-03-01 01:00:00,26.8,0.0,83.7,26.0,2.8
2025-03-01 02:00:00,26.6,0.0,84.7,28.0,3.3
2025-03-01 03:00:00,26.5,0.0,84.5,18.0,4.3
2025-03-01 04:00:00,26.5,0.0,84.9,32.0,3.0
2025-03-01 05:00:00,26.2,0.0,86.2,9.0,2.8
2025-03-01 06:00:00,26.1,0.0,86.6,38.0,3.4
2025-03-01 07:00:00,26.0,0.0,87.4,352.0,4.5
2025-03-01 08:00:00,26.1,0.0,87.6,357.0,3.6
2025-03-01 09:00:00,26.6,0.0,85.0,344.0,4.1
2025-03-01 10:00:00,27.8,0.0,77.7,349.0,3.7
2025-03-01 11:00:00,30.3,0.0,63.1,33.0,3.0
2025-03-01 12:00:00,29.4,0.0,65.2,58.0,3.5
2025-03-01 13:00:00,29.6,0.0,66.4,62.0,2.8
2025-03-01 14:00:00,29.4,0.0,68.8,36.0,4.4
2025-03-01 15:00:00,30.6,0.0,62.4,41.0,4.4
2025-03-01 16:00:00,30.3,0.0,62.2,63.0,6.9
2025-03-01 17:00:00,29.3,0.0,64.4,60.0,5.6
2025-03-01 18:00:00,29.4,0.0,64.4,21.0,5.1
2025-03-01 19:00:00,28.5,0.0,66.5,5.0,3.9
2025-03-01 20:00:00,27.4,0.0,75.0,10.0,5.3
2025-03-01 21:00:00,26.9,0.0,79.7,341.0,3.7
2025-03-01 22:00:00,26.7,0.0,81.2,355.0,5.5
2025-03-01 23:00:00,26.5,0.0,82.4,32.0,4.1
2025-03-02 00:00:00,26.4,0.0,83.4,2.0,3.4
2025-03-02 01:00:00,26.4,0.0,83.1,53.0,4.2
2025-03-02 02:00:00,26.0,0.0,84.9,24.0,1.9
2025-03-02 03:00:00,25.9,0.0,85.2,48.0,3.6
2025-03-02 04:00:00,25.7,0.0,86.1,34.0,3.3
2025-03-02 05:00:00,25.6,0.0,86.3,17.0,2.7
2025-03-02 06:00:00,25.6,0.0,86.8,33.0,3.0
2025-03-02 07:00:00,25.4,0.0,88.6,1.0,5.3
2025-03-02 08:00:00,26.0,0.0,84.0,10.0,4.4
2025-03-02 09:00:00,27.4,0.0,77.7,347.0,4.0
2025-03-02 10:00:00,27.6,0.0,72.4,355.0,5.8
2025-03-02 11:00:00,29.3,0.0,66.4,356.0,3.4
2025-03-02 12:00:00,29.9,0.0,62.4,52.0,2.9
2025-03-02 13:00:00,31.6,0.0,55.8,31.0,3.0
2025-03-02 14:00:00,30.6,0.0,55.5,56.0,4.3
2025-03-02 15:00:00,30.6,0.0,58.1,51.0,5.8
2025-03-02 16:00:00,30.6,0.0,58.2,11.0,5.4
2025-03-02 17:00:00,30.2,0.0,59.7,350.0,5.0
2025-03-02 18:00:00,29.2,0.0,63.0,22.0,3.7
2025-03-02 19:00:00,28.0,0.0,68.1,21.0,4.7
2025-03-02 20:00:00,27.2,0.0,73.4,348.0,3.8
2025-03-02 21:00:00,26.7,0.0,73.5,337.0,5.5
2025-03-02 22:00:00,26.5,0.0,79.0,28.0,2.7
2025-03-02 23:00:00,26.4,0.0,80.8,10.0,4.3
2025-03-03 00:00:00,26.3,0.0,81.2,63.0,1.8
2025-03-03 01:00:00,26.2,0.0,82.6,52.0,2.5
2025-03-03 02:00:00,26.0,0.0,83.5,37.0,1.5
2025-03-03 03:00:00,25.8,0.0,84.3,28.0,4.0
2025-03-03 04:00:00,25.6,0.0,87.1,34.0,2.3
2025-03-03 05:00:00,25.5,0.0,86.4,18.0,4.3
2025-03-03 06:00:00,25.5,0.0,86.2,15.0,4.1
2025-03-03 07:00:00,25.2,0.0,87.2,1.0,3.7
2025-03-03 08:00:00,26.0,0.0,83.0,5.0,3.7
2025-03-03 09:00:00,27.0,0.0,77.1,3.0,3.9
2025-03-03 10:00:00,28.1,0.0,69.9,335.0,3.7
2025-03-03 11:00:00,29.6,0.0,62.0,10.0,3.0
2025-03-03 12:00:00,31.1,0.0,54.1,313.0,1.9
2025-03-03 13:00:00,30.3,0.0,60.0,190.0,3.8
2025-03-03 14:00:00,29.8,0.0,63.6,218.0,3.4
2025-03-03 15:00:00,30.3,0.0,62.0,198.0,3.9
2025-03-03 16:00:00,30.1,0.0,60.5,111.0,6.2
2025-03-03 17:00:00,29.8,0.0,64.4,121.0,5.9
2025-03-03 18:00:00,29.6,0.0,64.5,119.0,4.4
2025-03-03 19:00:00,28.9,0.0,65.7,72.0,4.5
2025-03-03 20:00:00,27.8,0.0,70.5,76.0,4.0
2025-03-03 21:00:00,27.0,0.0,77.1,78.0,3.2
2025-03-03 22:00:00,26.7,0.0,78.2,18.0,5.0
2025-03-03 23:00:00,26.5,0.0,79.2,9.0,3.8
2025-03-04 00:00:00,26.4,0.0,80.6,8.0,4.0
2025-03-04 01:00:00,26.3,0.0,81.1,6.0,2.9
2025-03-04 02:00:00,26.0,0.0,82.5,313.0,1.5
2025-03-04 03:00:00,26.0,0.0,83.0,3.0,3.1
2025-03-04 04:00:00,25.7,0.0,85.8,1.0,3.7
2025-03-04 05:00:00,25.6,0.0,86.2,7.0,3.1
2025-03-04 06:00:00,25.6,0.0,85.7,37.0,3.5
2025-03-04 07:00:00,25.7,0.0,85.9,359.0,3.1
2025-03-04 08:00:00,26.5,0.0,81.3,13.0,2.2
2025-03-04 09:00:00,28.3,0.0,71.3,336.0,2.4
2025-03-04 10:00:00,28.0,0.0,71.5,60.0,5.7
2025-03-04 11:00:00,29.0,0.0,70.3,8.0,2.2
2025-03-04 12:00:00,31.0,0.0,61.9,35.0,2.7
2025-03-04 13:00:00,31.6,0.0,56.0,2.0,2.6
2025-03-04 14:00:00,33.7,0.0,48.0,345.0,2.3
2025-03-04 15:00:00,30.5,0.0,63.7,138.0,4.9
2025-03-04 16:00:00,30.3,0.0,69.0,113.0,5.3
2025-03-04 17:00:00,30.5,0.0,64.9,89.0,4.4
2025-03-04 18:00:00,27.2,0.0,71.4,287.0,2.6
2025-03-04 19:00:00,24.3,0.0,86.7,303.0,2.8
2025-03-04 20:00:00,25.7,0.0,79.2,8.0,1.0
2025-03-04 21:00:00,26.9,0.0,75.5,70.0,2.6
2025-03-04 22:00:00,27.0,0.0,81.2,70.0,4.1
2025-03-04 23:00:00,26.9,0.0,83.1,53.0,3.2
2025-03-05 00:00:00,26.9,0.0,83.8,59.0,3.1
2025-03-05 01:00:00,26.9,0.0,83.8,37.0,2.2
2025-03-05 02:00:00,26.6,0.0,84.9,27.0,1.4
2025-03-05 03:00:00,26.5,0.0,85.6,72.0,0.8
2025-03-05 04:00:00,26.1,0.0,89.1,314.0,1.6
2025-03-05 05:00:00,26.1,0.0,88.9,18.0,1.6
2025-03-05 06:00:00,25.8,0.0,90.6,21.0,3.1
2025-03-05 07:00:00,25.7,0.0,91.5,358.0,2.7
2025-03-05 08:00:00,26.2,0.0,88.4,19.0,2.3
2025-03-05 09:00:00,27.1,0.0,83.6,1.0,1.4
2025-03-05 10:00:00,27.4,0.0,81.8,288.0,3.2
2025-03-05 11:00:00,29.0,0.0,74.8,311.0,1.1
2025-03-05 12:00:00,28.7,0.0,74.7,107.0,2.1
2025-03-05 13:00:00,28.1,0.0,79.6,146.0,3.7
2025-03-05 14:00:00,27.9,0.0,81.5,196.0,2.9
2025-03-05 15:00:00,29.5,0.0,72.6,142.0,1.4
2025-03-05 16:00:00,27.5,0.0,81.7,128.0,6.8
2025-03-05 17:00:00,26.2,0.0,86.5,17.0,3.7
2025-03-05 18:00:00,26.6,0.0,86.8,24.0,2.6
2025-03-05 19:00:00,26.0,0.0,87.9,13.0,2.3
2025-03-05 20:00:00,25.7,0.0,90.7,66.0,3.0
2025-03-05 21:00:00,25.7,0.0,91.9,60.0,3.3
2025-03-05 22:00:00,26.1,0.0,86.9,77.0,4.7
2025-03-05 23:00:00,26.3,0.0,86.4,94.0,6.6
2025-03-06 00:00:00,26.4,0.0,86.5,46.0,1.5
2025-03-06 01:00:00,26.5,0.0,87.5,71.0,3.1
2025-03-06 02:00:00,26.5,0.0,88.5,77.0,2.9
2025-03-06 03:00:00,26.3,0.0,88.7,21.0,1.7
2025-03-06 04:00:00,25.8,0.0,91.8,7.0,2.7
2025-03-06 05:00:00,26.0,0.0,91.7,17.0,2.1
2025-03-06 06:00:00,26.1,0.0,91.3,359.0,1.5
2025-03-06 07:00:00,25.0,0.0,91.2,244.0,5.0
2025-03-06 08:00:00,24.9,0.0,88.4,244.0,4.4
2025-03-06 09:00:00,24.7,0.0,89.4,256.0,3.5
2025-03-06 10:00:00,24.9,0.0,91.2,295.0,3.2
2025-03-06 11:00:00,25.8,0.0,84.7,267.0,2.6
2025-03-06 12:00:00,26.2,0.0,84.5,261.0,2.5
2025-03-06 13:00:00,26.1,0.0,84.7,270.0,2.6
2025-03-06 14:00:00,25.8,0.0,88.8,303.0,3.8
2025-03-06 15:00:00,27.1,0.0,77.0,306.0,6.5
2025-03-06 16:00:00,27.6,0.0,72.0,234.0,2.6
2025-03-06 17:00:00,27.0,0.0,76.1,215.0,3.6
2025-03-06 18:00:00,26.6,0.0,79.2,280.0,2.4
2025-03-06 19:00:00,26.3,0.0,79.9,288.0,3.7
2025-03-06 20:00:00,26.3,0.0,79.0,257.0,2.1
2025-03-06 21:00:00,26.3,0.0,80.7,273.0,3.1
2025-03-06 22:00:00,26.4,0.0,81.6,264.0,2.1
2025-03-06 23:00:00,26.3,0.0,83.7,283.0,1.8
2025-03-07 00:00:00,26.0,0.0,85.4,307.0,1.5
2025-03-07 01:00:00,26.0,0.0,86.5,302.0,1.7
2025-03-07 02:00:00,26.0,0.0,86.5,286.0,1.5
2025-03-07 03:00:00,25.9,0.0,87.7,312.0,2.4
2025-03-07 04:00:00,25.6,0.0,88.6,338.0,1.2
2025-03-07 05:00:00,25.4,0.0,90.2,305.0,2.1
2025-03-07 06:00:00,25.4,0.0,90.5,209.0,1.4
2025-03-07 07:00:00,25.6,0.0,89.3,318.0,1.3
2025-03-07 08:00:00,25.7,0.0,90.0,5.0,2.2
2025-03-07 09:00:00,28.4,0.0,76.5,80.0,1.3
2025-03-07 10:00:00,29.6,0.0,69.9,61.0,1.8
2025-03-07 11:00:00,31.0,0.0,58.8,50.0,2.0
2025-03-07 12:00:00,30.1,0.0,68.4,123.0,4.8
2025-03-07 13:00:00,30.2,0.0,59.6,177.0,5.3
2025-03-07 14:00:00,31.3,0.0,52.4,213.0,4.7
2025-03-07 15:00:00,31.8,0.0,50.3,217.0,6.7
2025-03-07 16:00:00,30.2,0.0,54.1,207.0,5.8
2025-03-07 17:00:00,29.1,0.0,68.8,101.0,7.7
2025-03-07 18:00:00,29.5,0.0,65.6,92.0,2.8
2025-03-07 19:00:00,27.9,0.0,76.1,67.0,4.6
2025-03-07 20:00:00,27.4,0.0,83.1,51.0,5.3
2025-03-07 21:00:00,27.3,0.0,84.1,51.0,2.9
2025-03-07 22:00:00,27.3,0.0,84.0,54.0,3.0
2025-03-07 23:00:00,27.2,0.0,84.9,71.0,3.5
2025-03-08 00:00:00,27.1,0.0,85.5,57.0,3.6
2025-03-08 01:00:00,27.0,0.0,87.2,45.0,4.9
2025-03-08 02:00:00,26.8,0.0,88.5,64.0,2.8
2025-03-08 03:00:00,26.7,0.0,88.1,59.0,4.4
2025-03-08 04:00:00,26.6,0.0,88.7,51.0,2.9
2025-03-08 05:00:00,26.6,0.0,89.5,36.0,2.0
2025-03-08 06:00:00,26.5,0.0,89.4,65.0,3.9
2025-03-08 07:00:00,26.5,0.0,89.9,37.0,1.8
2025-03-08 08:00:00,26.8,0.0,87.9,38.0,2.7
2025-03-08 09:00:00,28.0,0.0,81.7,357.0,3.5
2025-03-08 10:00:00,29.0,0.0,73.9,4.0,5.3
2025-03-08 11:00:00,29.5,0.0,71.3,335.0,3.0
2025-03-08 12:00:00,31.5,0.0,59.8,358.0,3.8
2025-03-08 13:00:00,31.7,0.0,60.0,16.0,3.9
2025-03-08 14:00:00,31.0,0.0,61.7,12.0,3.3
2025-03-08 15:00:00,24.7,0.0,97.1,35.0,3.5
2025-03-08 16:00:00,26.1,0.0,95.1,10.0,2.2
2025-03-08 17:00:00,26.9,0.0,90.7,349.0,2.4
2025-03-08 18:00:00,25.9,0.0,89.7,4.0,6.2
2025-03-08 19:00:00,26.0,0.0,89.7,57.0,4.6
2025-03-08 20:00:00,26.4,0.0,87.1,51.0,4.2
2025-03-08 21:00:00,26.6,0.0,89.1,10.0,4.4
2025-03-08 22:00:00,26.5,0.0,88.6,1.0,5.7
2025-03-08 23:00:00,26.4,0.0,90.6,30.0,4.1
2025-03-09 00:00:00,26.5,0.0,89.8,30.0,3.6
2025-03-09 01:00:00,26.5,0.0,89.3,18.0,3.8
2025-03-09 02:00:00,26.6,0.0,88.8,33.0,3.8
2025-03-09 03:00:00,26.5,0.0,89.4,22.0,4.0
2025-03-09 04:00:00,26.4,0.0,89.8,49.0,4.4
2025-03-09 05:00:00,26.4,0.0,91.0,2.0,3.8
2025-03-09 06:00:00,26.3,0.0,91.7,15.0,3.9
2025-03-09 07:00:00,26.2,0.0,92.2,14.0,1.9
2025-03-09 08:00:00,26.4,0.0,91.3,21.0,2.9
2025-03-09 09:00:00,26.5,0.0,88.7,11.0,2.9
2025-03-09 10:00:00,26.8,0.0,88.3,7.0,1.6
2025-03-09 11:00:00,26.8,0.0,89.0,246.0,3.3
2025-03-09 12:00:00,24.9,0.0,97.4,2.0,3.1
2025-03-09 13:00:00,24.6,0.0,96.4,11.0,4.2
2025-03-09 14:00:00,24.1,0.2,93.2,9.0,4.0
2025-03-09 15:00:00,24.3,0.0,90.3,12.0,1.7
2025-03-09 16:00:00,24.8,0.0,92.3,31.0,1.5
2025-03-09 17:00:00,25.7,0.0,88.2,109.0,1.5
2025-03-09 18:00:00,26.2,0.0,85.0,36.0,1.1
2025-03-09 19:00:00,26.2,0.0,86.2,60.0,1.6
2025-03-09 20:00:00,26.2,0.0,89.6,65.0,1.8
2025-03-09 21:00:00,26.1,0.0,91.3,50.0,0.7
2025-03-09 22:00:00,26.0,0.0,93.5,15.0,0.7
2025-03-09 23:00:00,25.9,0.0,93.6,352.0,1.1
2025-03-10 00:00:00,25.8,0.0,94.0,17.0,2.4
2025-03-10 01:00:00,25.8,0.0,94.4,4.0,3.9
2025-03-10 02:00:00,25.6,0.0,94.8,2.0,2.5
2025-03-10 03:00:00,25.8,0.0,92.5,4.0,3.8
2025-03-10 04:00:00,25.9,0.0,92.4,28.0,3.4
2025-03-10 05:00:00,25.6,0.0,94.1,6.0,2.1
2025-03-10 06:00:00,25.7,0.0,93.5,3.0,2.3
2025-03-10 07:00:00,25.7,0.0,93.4,11.0,2.9
2025-03-10 08:00:00,26.0,0.0,92.3,19.0,3.0
2025-03-10 09:00:00,26.7,0.0,89.3,8.0,4.3
2025-03-10 10:00:00,27.8,0.0,80.5,339.0,4.2
2025-03-10 11:00:00,28.5,0.0,79.5,17.0,2.7
2025-03-10 12:00:00,31.0,0.0,67.1,31.0,2.7
2025-03-10 13:00:00,31.2,0.0,64.6,41.0,3.2
2025-03-10 14:00:00,30.6,0.0,64.2,48.0,5.6
2025-03-10 15:00:00,27.7,0.2,81.3,55.0,6.9
2025-03-10 16:00:00,29.0,0.0,77.0,21.0,2.9
2025-03-10 17:00:00,29.4,0.0,69.3,34.0,5.3
2025-03-10 18:00:00,29.3,0.0,68.3,44.0,3.0
2025-03-10 19:00:00,28.3,0.0,74.5,57.0,4.9
2025-03-10 20:00:00,27.7,0.0,80.1,26.0,5.1
2025-03-10 21:00:00,27.4,0.0,83.8,16.0,4.1
2025-03-10 22:00:00,27.0,0.0,84.7,9.0,3.7
2025-03-10 23:00:00,26.9,0.0,86.7,38.0,2.2
2025-03-11 00:00:00,26.9,0.0,87.9,62.0,2.5
2025-03-11 01:00:00,26.4,0.0,90.7,21.0,3.0
2025-03-11 02:00:00,26.1,0.2,90.0,6.0,4.9
2025-03-11 03:00:00,25.4,0.0,99.3,11.0,2.3
2025-03-11 04:00:00,25.6,0.0,99.2,3.0,2.9
2025-03-11 05:00:00,25.6,0.0,98.0,357.0,3.0
2025-03-11 06:00:00,25.6,0.0,97.1,352.0,1.8
2025-03-11 07:00:00,25.7,0.0,96.4,29.0,3.5
2025-03-11 08:00:00,26.0,0.0,94.0,40.0,3.3
2025-03-11 09:00:00,27.6,0.0,86.7,53.0,4.4
2025-03-11 10:00:00,28.5,0.0,78.1,349.0,3.1
2025-03-11 11:00:00,29.6,0.0,72.9,302.0,3.1
2025-03-11 12:00:00,29.2,0.0,72.9,332.0,2.8
2025-03-11 13:00:00,30.4,0.0,65.2,339.0,3.3
2025-03-11 14:00:00,30.8,0.0,59.5,25.0,2.9
2025-03-11 15:00:00,31.9,0.0,51.6,335.0,2.7
2025-03-11 16:00:00,31.4,0.0,55.4,350.0,2.9
2025-03-11 17:00:00,30.7,0.0,60.6,50.0,5.1
2025-03-11 18:00:00,30.2,0.0,66.1,18.0,3.5
2025-03-11 19:00:00,28.8,0.0,66.7,45.0,3.8
2025-03-11 20:00:00,28.0,0.0,72.0,32.0,3.3
2025-03-11 21:00:00,27.5,0.0,80.3,2.0,4.0
2025-03-11 22:00:00,27.3,0.0,81.3,26.0,4.8
2025-03-11 23:00:00,27.1,0.0,81.9,5.0,3.6
2025-03-12 00:00:00,27.1,0.0,82.9,17.0,4.4
2025-03-12 01:00:00,27.0,0.0,83.4,22.0,4.4
2025-03-12 02:00:00,26.9,0.0,84.8,27.0,3.6
2025-03-12 03:00:00,26.7,0.0,85.4,28.0,3.3
2025-03-12 04:00:00,26.4,0.0,88.3,17.0,2.5
2025-03-12 05:00:00,26.2,0.0,89.4,7.0,3.1
2025-03-12 06:00:00,26.3,0.0,87.5,6.0,2.1
2025-03-12 07:00:00,26.2,0.0,87.9,320.0,2.1
2025-03-12 08:00:00,26.1,0.0,89.4,311.0,3.9
2025-03-12 09:00:00,27.2,0.0,83.5,323.0,2.9
2025-03-12 10:00:00,29.5,0.0,72.0,339.0,2.4
2025-03-12 11:00:00,30.5,0.0,60.8,8.0,3.0
2025-03-12 12:00:00,29.8,0.0,64.5,318.0,2.6
2025-03-12 13:00:00,29.6,0.0,71.9,91.0,0.9
2025-03-12 14:00:00,28.6,0.0,67.3,358.0,6.7
2025-03-12 15:00:00,29.0,0.0,63.9,338.0,3.6
2025-03-12 16:00:00,28.2,0.0,70.8,9.0,4.8
2025-03-12 17:00:00,27.3,0.0,79.7,11.0,3.9
2025-03-12 18:00:00,27.6,0.0,78.4,326.0,3.9
2025-03-12 19:00:00,27.0,0.0,80.1,344.0,5.0
2025-03-12 20:00:00,27.0,0.0,83.7,54.0,3.1
2025-03-12 21:00:00,26.9,0.0,86.5,69.0,4.0
2025-03-12 22:00:00,26.8,0.0,88.8,45.0,3.0
2025-03-12 23:00:00,26.8,0.0,88.4,21.0,2.6
2025-03-13 00:00:00,26.8,0.0,88.5,18.0,2.7
2025-03-13 01:00:00,26.5,0.0,90.7,15.0,1.6
2025-03-13 02:00:00,26.3,0.0,91.9,316.0,1.9
2025-03-13 03:00:00,26.1,0.0,92.4,21.0,2.3
2025-03-13 04:00:00,26.0,0.0,92.0,14.0,1.1
2025-03-13 05:00:00,26.1,0.0,90.8,47.0,0.8
2025-03-13 06:00:00,26.2,0.0,90.1,23.0,1.3
2025-03-13 07:00:00,26.3,0.0,90.4,11.0,1.2
2025-03-13 08:00:00,26.4,0.0,90.3,357.0,3.0
2025-03-13 09:00:00,26.0,0.2,91.3,54.0,4.4
2025-03-13 10:00:00,27.0,0.0,87.4,52.0,2.3
2025-03-13 11:00:00,27.8,0.0,78.1,43.0,1.7
2025-03-13 12:00:00,29.7,0.0,65.0,79.0,4.4
2025-03-13 13:00:00,29.8,0.0,63.5,88.0,5.5
2025-03-13 14:00:00,28.1,0.0,72.9,103.0,4.5
2025-03-13 15:00:00,28.0,0.0,80.7,111.0,4.1
2025-03-13 16:00:00,29.1,0.0,75.2,98.0,5.0
2025-03-13 17:00:00,29.8,0.0,70.5,72.0,3.8
2025-03-13 18:00:00,28.5,0.0,82.6,123.0,4.0
2025-03-13 19:00:00,28.9,0.0,72.4,52.0,6.1
2025-03-13 20:00:00,28.1,0.0,78.6,53.0,5.5
2025-03-13 21:00:00,27.5,0.0,84.6,55.0,4.4
2025-03-13 22:00:00,27.2,0.0,85.1,47.0,5.6
2025-03-13 23:00:00,27.1,0.0,84.4,59.0,3.3
2025-03-14 00:00:00,27.0,0.0,84.6,45.0,1.7
2025-03-14 01:00:00,26.9,0.0,84.4,24.0,2.2
2025-03-14 02:00:00,26.7,0.0,83.5,23.0,3.5
2025-03-14 03:00:00,26.5,0.0,86.2,27.0,3.1
2025-03-14 04:00:00,26.5,0.0,84.8,14.0,3.6
2025-03-14 05:00:00,26.3,0.0,85.7,20.0,4.1
2025-03-14 06:00:00,26.3,0.0,86.1,30.0,3.5
2025-03-14 07:00:00,26.1,0.0,88.0,6.0,3.2
2025-03-14 08:00:00,27.3,0.0,80.9,26.0,2.1
2025-03-14 09:00:00,28.2,0.0,79.2,334.0,2.8
2025-03-14 10:00:00,28.8,0.0,74.1,346.0,3.6
2025-03-14 11:00:00,30.3,0.0,63.7,1.0,2.5
2025-03-14 12:00:00,29.8,0.0,64.2,336.0,3.6
2025-03-14 13:00:00,30.5,0.0,59.6,54.0,3.2
2025-03-14 14:00:00,31.0,0.0,56.0,60.0,4.8
2025-03-14 15:00:00,30.7,0.0,59.0,46.0,6.8
2025-03-14 16:00:00,30.1,0.0,62.9,44.0,6.8
2025-03-14 17:00:00,30.4,0.0,59.4,66.0,5.1
2025-03-14 18:00:00,29.5,0.0,64.9,50.0,3.5
2025-03-14 19:00:00,27.0,0.0,83.7,267.0,2.2
2025-03-14 20:00:00,27.2,0.0,82.2,2.0,4.1
2025-03-14 21:00:00,26.4,0.0,86.4,357.0,4.1
2025-03-14 22:00:00,27.6,0.0,79.3,12.0,4.0
2025-03-14 23:00:00,27.5,0.0,80.2,6.0,4.3
2025-03-15 00:00:00,27.2,0.0,82.9,22.0,2.3
2025-03-15 01:00:00,27.0,0.0,84.9,7.0,3.0
2025-03-15 02:00:00,26.9,0.0,84.5,356.0,3.1
2025-03-15 03:00:00,26.7,0.0,85.5,5.0,1.6
2025-03-15 04:00:00,26.3,0.0,89.8,22.0,1.6
2025-03-15 05:00:00,25.9,0.0,93.7,92.0,1.2
2025-03-15 06:00:00,26.1,0.0,92.6,66.0,1.6
2025-03-15 07:00:00,26.2,0.0,92.9,82.0,1.3
2025-03-15 08:00:00,26.75,0.0,90.35,73.5,2.1
2025-03-15 09:00:00,27.3,0.0,87.8,65.0,2.9
2025-03-15 10:00:00,27.9,0.0,82.1,26.0,3.9
2025-03-15 11:00:00,29.7,0.0,71.7,61.0,4.1
2025-03-15 12:00:00,29.7,0.0,71.4,49.0,5.3
2025-03-15 13:00:00,30.6,0.0,66.5,56.0,3.9
2025-03-15 14:00:00,30.0,0.0,70.7,100.0,7.4
2025-03-15 15:00:00,29.5,0.0,71.7,113.0,9.3
2025-03-15 16:00:00,30.2,0.0,65.8,91.0,10.8
2025-03-15 17:00:00,30.1,0.0,65.7,63.0,4.7
2025-03-15 18:00:00,28.6,0.0,69.1,344.0,4.8
2025-03-15 19:00:00,27.9,0.0,71.7,304.0,2.4
2025-03-15 20:00:00,28.2,0.0,76.5,36.0,2.2
2025-03-15 21:00:00,27.8,0.0,81.9,77.0,3.2
2025-03-15 22:00:00,27.8,0.0,82.6,3.0,1.9
2025-03-15 23:00:00,27.6,0.0,83.2,46.0,1.9
2025-03-16 00:00:00,27.5,0.0,83.6,9.0,1.8
2025-03-16 01:00:00,27.1,0.0,85.7,81.0,1.7
2025-03-16 02:00:00,26.9,0.0,87.4,61.0,3.2
2025-03-16 03:00:00,27.0,0.0,86.9,13.0,2.0
2025-03-16 04:00:00,26.9,0.0,87.4,70.0,2.0
2025-03-16 05:00:00,26.9,0.0,86.5,18.0,2.4
2025-03-16 06:00:00,26.8,0.0,85.5,356.0,1.4
2025-03-16 07:00:00,26.8,0.0,86.1,29.0,1.6
2025-03-16 08:00:00,26.8,0.0,86.7,22.0,2.0
2025-03-16 09:00:00,27.7,0.0,82.3,28.0,2.1
2025-03-16 10:00:00,28.1,0.0,80.7,351.0,3.2
2025-03-16 11:00:00,29.6,0.0,71.9,23.0,2.0
2025-03-16 12:00:00,29.6,0.0,70.7,329.0,2.8
2025-03-16 13:00:00,31.7,0.0,60.4,349.0,2.8
2025-03-16 14:00:00,31.7,0.0,57.6,334.0,2.8
2025-03-16 15:00:00,30.0,0.0,69.1,64.0,2.7
2025-03-16 16:00:00,30.1,0.0,65.6,7.0,3.6
2025-03-16 17:00:00,29.6,0.0,66.3,359.0,4.5
2025-03-16 18:00:00,28.8,0.0,68.4,349.0,3.3
2025-03-16 19:00:00,28.2,0.0,73.6,2.0,4.4
2025-03-16 20:00:00,27.9,0.0,79.8,73.0,3.6
2025-03-16 21:00:00,27.6,0.0,82.7,31.0,3.5
2025-03-16 22:00:00,27.3,0.0,83.4,356.0,4.9
2025-03-16 23:00:00,27.1,0.0,83.3,41.0,3.6
2025-03-17 00:00:00,26.9,0.0,84.2,31.0,3.2
2025-03-17 01:00:00,26.8,0.0,84.8,15.0,4.0
2025-03-17 02:00:00,26.7,0.0,84.9,9.0,4.8
2025-03-17 03:00:00,26.5,0.0,86.6,8.0,3.3
2025-03-17 04:00:00,26.4,0.0,86.8,353.0,4.0
2025-03-17 05:00:00,26.4,0.0,86.2,1.0,5.3
2025-03-17 06:00:00,26.0,0.0,87.9,3.0,5.0
2025-03-17 07:00:00,26.0,0.0,86.9,351.0,4.5
2025-03-17 08:00:00,26.5,0.0,84.1,3.0,4.5
2025-03-17 09:00:00,28.2,0.0,75.6,343.0,3.3
2025-03-17 10:00:00,28.6,0.0,70.3,12.0,5.9
2025-03-17 11:00:00,29.8,0.0,63.4,344.0,3.9
2025-03-17 12:00:00,29.9,0.0,59.9,2.0,3.6
2025-03-17 13:00:00,31.3,0.0,54.3,295.0,3.1
2025-03-17 14:00:00,27.8,0.0,78.0,96.0,8.0
2025-03-17 15:00:00,29.4,0.0,68.5,185.0,4.6
2025-03-17 16:00:00,29.8,0.0,63.7,142.0,3.4
2025-03-17 17:00:00,29.4,0.0,64.2,157.0,3.0
2025-03-17 18:00:00,28.2,0.0,71.6,356.0,4.0
2025-03-17 19:00:00,27.3,0.0,72.5,343.0,2.8
2025-03-17 20:00:00,27.5,0.0,74.4,11.0,3.8
2025-03-17 21:00:00,27.5,0.0,77.5,15.0,3.9
2025-03-17 22:00:00,27.2,0.0,80.4,347.0,4.0
2025-03-17 23:00:00,27.0,0.0,81.6,5.0,3.6
2025-03-18 00:00:00,27.0,0.0,81.3,344.0,3.6
2025-03-18 01:00:00,26.9,0.0,82.2,7.0,3.6
2025-03-18 02:00:00,26.5,0.0,83.6,28.0,2.9
2025-03-18 03:00:00,26.4,0.0,83.3,1.0,3.5
2025-03-18 04:00:00,26.1,0.0,83.8,19.0,3.5
2025-03-18 05:00:00,26.3,0.0,80.5,183.5,3.0
2025-03-18 06:00:00,26.2,0.0,80.5,348.0,4.4
2025-03-18 07:00:00,26.3,0.0,80.0,5.0,3.2
2025-03-18 08:00:00,26.6,0.0,78.9,3.0,3.2
2025-03-18 09:00:00,28.1,0.0,74.1,13.0,2.7
2025-03-18 10:00:00,28.7,0.0,68.6,11.0,5.3
2025-03-18 11:00:00,29.5,0.0,64.1,16.0,5.3
2025-03-18 12:00:00,30.1,0.0,60.6,2.0,5.3
2025-03-18 13:00:00,29.1,0.0,68.4,34.0,5.0
2025-03-18 14:00:00,30.8,0.0,55.1,356.0,7.7
2025-03-18 15:00:00,32.0,0.0,51.5,11.0,3.0
2025-03-18 16:00:00,31.4,0.0,48.9,15.0,7.1
2025-03-18 17:00:00,30.8,0.0,52.7,1.0,8.0
2025-03-18 18:00:00,30.3,0.0,54.8,347.0,6.1
2025-03-18 19:00:00,29.3,0.0,61.8,1.0,6.2
2025-03-18 20:00:00,28.1,0.0,69.3,356.0,6.5
2025-03-18 21:00:00,27.6,0.0,72.1,349.0,5.7
2025-03-18 22:00:00,27.4,0.0,73.7,1.0,4.2
2025-03-18 23:00:00,27.2,0.0,75.0,19.0,3.3
2025-03-19 00:00:00,27.1,0.0,75.6,353.0,5.2
2025-03-19 01:00:00,26.9,0.0,77.7,351.0,5.7
2025-03-19 02:00:00,26.7,0.0,79.5,6.0,5.0
2025-03-19 03:00:00,26.6,0.0,79.0,2.0,4.7
2025-03-19 04:00:00,26.6,0.0,78.7,8.0,4.7
2025-03-19 05:00:00,26.5,0.0,78.8,6.0,3.9
2025-03-19 06:00:00,26.3,0.0,80.8,3.0,5.4
2025-03-19 07:00:00,26.3,0.0,81.4,25.0,3.2
2025-03-19 08:00:00,26.1,0.0,82.1,345.0,3.6
2025-03-19 09:00:00,25.5,0.0,86.0,12.0,4.3
2025-03-19 10:00:00,24.9,0.4,93.2,3.0,3.1
2025-03-19 11:00:00,24.7,0.2,98.7,9.0,3.6
2025-03-19 12:00:00,23.6,0.6,99.3,344.0,5.1
2025-03-19 13:00:00,23.8,0.2,99.3,359.0,3.8
2025-03-19 14:00:00,23.9,1.6,99.3,92.0,0.8
2025-03-19 15:00:00,23.5,0.8,99.3,296.0,2.4
2025-03-19 16:00:00,23.6,0.0,99.3,311.0,5.3
2025-03-19 17:00:00,23.3,1.0,99.3,301.0,4.2
2025-03-19 18:00:00,23.2,0.0,99.3,15.0,4.7
2025-03-19 19:00:00,23.4,0.8,99.3,336.0,3.0
2025-03-19 20:00:00,23.4,0.2,99.3,271.0,3.4
2025-03-19 21:00:00,22.8,0.2,99.3,271.0,2.3
2025-03-19 22:00:00,22.9,0.0,99.3,294.0,4.3
2025-03-19 23:00:00,23.1,0.0,99.3,279.0,4.5
2025-03-20 00:00:00,23.4,0.2,99.3,261.0,4.9
2025-03-20 01:00:00,23.8,0.2,99.3,260.0,3.4
2025-03-20 02:00:00,23.5,0.4,99.3,275.0,4.2
2025-03-20 03:00:00,23.5,2.4,99.3,291.0,4.2
2025-03-20 04:00:00,23.2,1.2,99.3,352.0,3.3
2025-03-20 05:00:00,23.2,0.2,99.3,284.0,3.2
2025-03-20 06:00:00,23.3,0.2,99.3,264.0,3.1
2025-03-20 07:00:00,22.3,0.4,99.3,264.0,4.5
2025-03-20 08:00:00,22.6,1.0,99.3,11.0,2.9
2025-03-20 09:00:00,22.4,2.4,99.3,304.0,5.8
2025-03-20 10:00:00,22.4,1.0,99.3,307.0,8.8
2025-03-20 11:00:00,22.2,1.0,99.3,314.0,7.2
2025-03-20 12:00:00,22.1,0.2,99.3,293.0,5.2
2025-03-20 13:00:00,22.5,0.2,99.3,310.0,5.8
2025-03-20 14:00:00,22.4,1.0,99.3,286.0,4.4
2025-03-20 15:00:00,22.6,0.6,99.3,301.0,5.0
2025-03-20 16:00:00,22.6,0.2,99.3,4.0,3.4
2025-03-20 17:00:00,22.9,0.2,99.3,344.0,3.8
2025-03-20 18:00:00,22.8,0.0,99.3,2.0,4.9
2025-03-20 19:00:00,23.0,0.0,99.3,2.0,3.5
2025-03-20 20:00:00,23.4,0.0,99.3,2.0,5.4
2025-03-20 21:00:00,23.4,0.0,99.3,359.0,4.2
2025-03-20 22:00:00,23.6,0.0,97.1,27.0,3.8
2025-03-20 23:00:00,23.7,0.0,92.7,3.0,4.3
2025-03-21 00:00:00,24.1,0.0,89.2,355.0,4.5
2025-03-21 01:00:00,24.4,0.0,89.0,2.0,4.2
2025-03-21 02:00:00,24.0,0.0,92.4,9.5,3.1
2025-03-21 03:00:00,24.2,0.0,92.8,17.0,4.0
2025-03-21 04:00:00,23.9,0.0,95.0,354.0,2.9
2025-03-21 05:00:00,23.8,0.0,96.5,353.0,2.5
2025-03-21 06:00:00,24.383333333333333,0.0,93.91666666666669,353.8333333333333,2.7
2025-03-21 07:00:00,24.96666666666667,0.0,91.33333333333331,354.6666666666667,2.9
2025-03-21 08:00:00,25.55,0.0,88.75,355.5,3.1
2025-03-21 09:00:00,26.133333333333333,0.0,86.16666666666667,356.3333333333333,3.3
2025-03-21 10:00:00,26.71666666666667,0.0,83.58333333333333,357.1666666666667,3.5
2025-03-21 11:00:00,27.3,0.0,81.0,358.0,3.7
2025-03-21 12:00:00,27.0,0.0,84.0,337.0,4.3
2025-03-21 13:00:00,28.4,0.0,74.4,14.0,4.6
2025-03-21 14:00:00,28.5,0.0,73.7,340.0,4.4
2025-03-21 15:00:00,28.3,0.0,74.2,21.0,6.7
2025-03-21 16:00:00,27.0,0.0,85.6,43.0,4.3
2025-03-21 17:00:00,27.7,0.0,79.3,20.0,4.8
2025-03-21 18:00:00,27.7,0.0,76.1,32.0,5.1
2025-03-21 19:00:00,27.0,0.0,78.9,339.0,7.5
2025-03-21 20:00:00,26.4,0.0,84.4,351.0,4.2
2025-03-21 21:00:00,26.4,0.0,84.3,9.0,2.7
2025-03-21 22:00:00,26.1,0.0,86.5,342.0,2.9
2025-03-21 23:00:00,25.8,0.0,90.4,7.0,2.4
2025-03-22 00:00:00,25.9,0.0,89.7,6.0,3.9
2025-03-22 01:00:00,25.9,0.0,91.2,31.0,1.6
2025-03-22 02:00:00,25.6,0.0,93.3,353.0,6.5
2025-03-22 03:00:00,25.3,0.0,95.4,14.0,2.7
2025-03-22 04:00:00,25.4,0.0,95.4,359.0,2.3
2025-03-22 05:00:00,24.6,0.0,98.0,3.0,4.4
2025-03-22 06:00:00,24.9,0.0,96.6,12.0,2.6
2025-03-22 07:00:00,24.9,0.0,98.4,354.0,3.2
2025-03-22 08:00:00,25.0,0.0,98.6,29.0,3.1
2025-03-22 09:00:00,26.3,0.0,91.6,1.0,1.8
2025-03-22 10:00:00,26.1,0.0,94.3,9.0,2.3
2025-03-22 11:00:00,27.6,0.0,81.9,53.0,4.8
2025-03-22 12:00:00,28.8,0.0,72.3,65.0,4.9
2025-03-22 13:00:00,29.5,0.0,68.2,51.0,4.8
2025-03-22 14:00:00,30.1,0.0,65.6,65.0,5.9
2025-03-22 15:00:00,30.3,0.0,65.1,22.0,3.6
2025-03-22 16:00:00,29.2,0.0,68.4,72.0,4.1
2025-03-22 17:00:00,28.5,0.0,72.9,15.0,3.8
2025-03-22 18:00:00,28.9,0.0,69.1,18.0,4.3
2025-03-22 19:00:00,28.2,0.0,74.6,52.0,3.1
2025-03-22 20:00:00,27.4,0.0,80.6,356.0,6.4
2025-03-22 21:00:00,26.6,0.0,87.2,17.0,3.5
2025-03-22 22:00:00,26.9,0.0,85.6,19.0,3.4
2025-03-22 23:00:00,26.1,0.0,85.7,359.0,5.5
2025-03-23 00:00:00,24.8,0.8,98.5,82.0,3.6
2025-03-23 01:00:00,24.4,0.2,99.3,8.0,4.6
2025-03-23 02:00:00,23.8,0.0,99.3,45.0,2.8
2025-03-23 03:00:00,23.4,0.2,97.2,1.0,4.2
2025-03-23 04:00:00,23.3,0.2,99.3,22.0,4.2
2025-03-23 05:00:00,23.3,0.0,97.2,51.0,4.6
2025-03-23 06:00:00,22.9,0.2,98.1,82.0,5.2
2025-03-23 07:00:00,22.9,0.0,98.9,75.0,5.3
2025-03-23 08:00:00,23.0,0.0,96.0,48.0,5.2
2025-03-23 09:00:00,23.3,0.0,96.6,264.0,1.8
2025-03-23 10:00:00,24.8,0.0,89.8,341.0,1.8
2025-03-23 11:00:00,26.3,0.0,85.0,276.0,2.0
2025-03-23 12:00:00,28.0,0.0,78.0,330.0,1.8
2025-03-23 13:00:00,28.5,0.0,73.4,61.0,4.0
2025-03-23 14:00:00,28.8,0.0,71.1,42.0,5.8
2025-03-23 15:00:00,30.0,0.0,67.3,60.0,4.1
2025-03-23 16:00:00,29.9,0.0,63.1,57.0,3.8
2025-03-23 17:00:00,29.1,0.0,69.7,48.0,6.6
2025-03-23 18:00:00,28.2,0.0,75.3,42.0,5.5
2025-03-23 19:00:00,27.6,0.0,80.7,57.0,4.8
2025-03-23 20:00:00,27.3,0.0,82.1,18.0,3.1
2025-03-23 21:00:00,27.1,0.0,84.4,6.0,4.6
2025-03-23 22:00:00,26.9,0.0,86.0,348.0,4.1
2025-03-23 23:00:00,26.5,0.0,87.6,331.0,3.9
2025-03-24 00:00:00,24.9,2.0,99.3,267.0,2.1
2025-03-24 01:00:00,23.6,0.2,99.3,43.0,3.4
2025-03-24 02:00:00,24.3,0.0,99.3,32.0,2.8
2025-03-24 03:00:00,24.5,0.0,99.3,47.0,5.2
2025-03-24 04:00:00,24.0,0.0,98.5,72.0,4.5
2025-03-24 05:00:00,23.8,0.0,95.6,5.0,2.3
2025-03-24 06:00:00,23.9,0.0,99.2,73.0,4.3
2025-03-24 07:00:00,24.8,0.0,99.3,37.0,4.5
2025-03-24 08:00:00,25.4,0.0,98.3,8.0,3.0
2025-03-24 09:00:00,26.0,0.0,95.7,12.0,2.6
2025-03-24 10:00:00,27.0,0.0,89.5,345.0,3.6
2025-03-24 11:00:00,27.6,0.0,84.1,11.0,3.4
2025-03-24 12:00:00,28.8,0.0,73.5,349.0,4.3
2025-03-24 13:00:00,31.1,0.0,67.6,294.0,1.7
2025-03-24 14:00:00,27.5,0.0,87.7,238.0,1.6
2025-03-24 15:00:00,24.5,0.0,99.3,86.0,1.4
2025-03-24 16:00:00,26.3,0.0,91.7,87.0,1.3
2025-03-24 17:00:00,27.5,0.0,87.7,103.0,2.9
2025-03-24 18:00:00,28.8,0.0,78.2,57.0,2.7
2025-03-24 19:00:00,28.1,0.0,78.0,71.0,2.6
2025-03-24 20:00:00,27.4,0.0,81.7,49.0,3.4
2025-03-24 21:00:00,26.9,0.0,83.1,56.0,4.3
2025-03-24 22:00:00,26.6,0.0,87.1,68.0,3.5
2025-03-24 23:00:00,26.4,0.0,87.6,54.0,2.1
2025-03-25 00:00:00,26.3,0.0,89.0,59.0,3.8
2025-03-25 01:00:00,26.1,0.0,89.7,14.0,3.5
2025-03-25 02:00:00,26.0,0.0,89.7,28.0,2.7
2025-03-25 03:00:00,25.9,0.0,90.8,27.0,3.4
2025-03-25 04:00:00,25.8,0.0,91.0,5.0,3.4
2025-03-25 05:00:00,25.6,0.0,91.6,44.0,3.0
2025-03-25 06:00:00,25.6,0.0,91.0,29.0,3.2
2025-03-25 07:00:00,25.5,0.0,91.5,50.0,3.3
2025-03-25 08:00:00,25.8,0.0,88.5,17.0,3.5
2025-03-25 09:00:00,26.7,0.0,84.5,352.0,2.1
2025-03-25 10:00:00,26.9,0.0,81.9,27.0,3.8
2025-03-25 11:00:00,28.0,0.0,75.0,357.0,4.9
2025-03-25 12:00:00,28.9,0.0,69.5,4.0,2.5
2025-03-25 13:00:00,29.6,0.0,64.5,355.0,2.6
2025-03-25 14:00:00,31.4,0.0,58.3,14.0,1.8
2025-03-25 15:00:00,30.6,0.0,66.0,200.0,4.1
2025-03-25 16:00:00,29.2,0.0,68.2,129.0,4.9
2025-03-25 17:00:00,29.0,0.0,70.7,115.0,5.0
2025-03-25 18:00:00,28.7,0.0,75.0,139.0,4.8
2025-03-25 19:00:00,27.0,0.0,86.1,65.0,3.7
2025-03-25 20:00:00,26.7,0.0,86.1,88.0,1.1
2025-03-25 21:00:00,26.6,0.0,86.4,48.0,1.8
2025-03-25 22:00:00,26.6,0.0,85.9,50.0,2.3
2025-03-25 23:00:00,26.5,0.0,86.2,20.0,3.9
2025-03-26 00:00:00,26.3,0.0,87.4,12.0,2.4
2025-03-26 01:00:00,26.2,0.0,86.9,30.0,2.8
2025-03-26 02:00:00,26.1,0.0,89.0,35.0,2.6
2025-03-26 03:00:00,25.9,0.0,90.3,33.0,3.4
2025-03-26 04:00:00,25.6,0.0,91.0,39.0,1.8
2025-03-26 05:00:00,25.6,0.0,91.2,24.0,2.9
2025-03-26 06:00:00,25.6,0.0,90.9,17.0,2.0
2025-03-26 07:00:00,25.6,0.0,90.1,11.0,2.6
2025-03-26 08:00:00,26.5,0.0,84.8,63.0,1.6
2025-03-26 09:00:00,27.0,0.0,80.1,3.0,4.3
2025-03-26 10:00:00,28.5,0.0,73.8,32.0,4.6
2025-03-26 11:00:00,29.5,0.0,68.3,8.0,4.8
2025-03-26 12:00:00,30.9,0.0,61.2,310.0,2.7
2025-03-26 13:00:00,31.0,0.0,60.1,302.0,1.6
2025-03-26 14:00:00,31.0,0.0,60.1,305.0,1.9
2025-03-26 15:00:00,30.5,0.0,66.5,192.0,2.7
2025-03-26 16:00:00,31.4,0.0,62.8,213.0,4.9
2025-03-26 17:00:00,30.9,0.0,63.0,209.0,3.5
2025-03-26 18:00:00,29.4,0.0,72.9,117.0,6.3
2025-03-26 19:00:00,27.9,0.0,78.5,83.0,4.4
2025-03-26 20:00:00,26.8,0.0,83.1,54.0,4.9
2025-03-26 21:00:00,26.9,0.0,83.5,48.0,4.7
2025-03-26 22:00:00,26.7,0.0,84.6,50.0,5.8
2025-03-26 23:00:00,26.7,0.0,84.4,74.0,4.5
2025-03-27 00:00:00,26.6,0.0,85.3,61.0,4.1
2025-03-27 01:00:00,26.3,0.0,87.1,52.0,4.8
2025-03-27 02:00:00,26.2,0.0,88.3,61.0,3.2
2025-03-27 03:00:00,26.1,0.0,88.3,59.0,2.1
2025-03-27 04:00:00,25.9,0.0,88.9,31.0,1.7
2025-03-27 05:00:00,26.0,0.0,88.7,53.0,2.3
2025-03-27 06:00:00,26.2,0.0,87.9,13.0,3.0
2025-03-27 07:00:00,26.1,0.0,87.9,17.0,3.1
2025-03-27 08:00:00,26.5,0.0,85.5,357.0,3.2
2025-03-27 09:00:00,27.8,0.0,77.5,358.0,3.6
2025-03-27 10:00:00,28.9,0.0,72.6,356.0,3.3
2025-03-27 11:00:00,30.9,0.0,63.5,337.0,1.8
2025-03-27 12:00:00,30.6,0.0,65.5,84.0,2.1
2025-03-27 13:00:00,29.9,0.0,71.3,108.0,5.8
2025-03-27 14:00:00,27.3,0.0,88.9,95.0,7.1
2025-03-27 15:00:00,28.2,0.0,79.5,78.0,3.0
2025-03-27 16:00:00,30.1,0.0,69.3,70.0,2.2
2025-03-27 17:00:00,28.5,0.0,81.6,51.0,2.1
2025-03-27 18:00:00,29.2,0.0,75.2,52.0,3.6
2025-03-27 19:00:00,29.1,0.0,77.7,67.0,1.6
2025-03-27 20:00:00,27.6,0.0,86.1,22.0,3.3
2025-03-27 21:00:00,27.1,0.0,88.4,22.0,1.5
2025-03-27 22:00:00,27.0,0.0,88.1,28.0,2.2
2025-03-27 23:00:00,26.6,0.0,90.7,35.0,1.4
2025-03-28 00:00:00,26.6,0.0,88.8,357.0,1.3
2025-03-28 01:00:00,26.7,0.0,90.3,298.0,0.9
2025-03-28 02:00:00,26.6,0.0,88.6,282.0,2.2
2025-03-28 03:00:00,26.6,0.0,88.1,14.0,1.0
2025-03-28 04:00:00,26.6,0.0,85.9,290.0,1.9
2025-03-28 05:00:00,26.3,0.0,88.4,315.0,1.7
2025-03-28 06:00:00,25.8,0.0,91.8,313.0,6.0
2025-03-28 07:00:00,25.1,0.0,88.1,317.0,3.6
2025-03-28 08:00:00,26.1,0.0,81.0,303.0,5.9
2025-03-28 09:00:00,27.2,0.0,80.2,298.0,3.5
2025-03-28 10:00:00,29.3,0.0,70.1,265.0,3.8
2025-03-28 11:00:00,29.2,0.0,71.8,261.0,3.6
2025-03-28 12:00:00,29.7,0.0,69.7,298.0,5.1
2025-03-28 13:00:00,30.1,0.0,65.9,289.0,7.6
2025-03-28 14:00:00,30.7,0.0,62.3,279.0,7.0
2025-03-28 15:00:00,27.0,0.0,77.6,321.0,5.7
2025-03-28 16:00:00,29.0,0.0,73.2,308.0,4.7
2025-03-28 17:00:00,29.7,0.0,70.9,305.0,6.8
2025-03-28 18:00:00,29.4,0.0,66.5,276.0,5.6
2025-03-28 19:00:00,28.8,0.0,72.2,312.0,3.9
2025-03-28 20:00:00,28.3,0.0,73.5,317.0,3.1
2025-03-28 21:00:00,28.0,0.0,75.0,309.0,6.1
2025-03-28 22:00:00,28.0,0.0,74.3,303.0,4.6
2025-03-28 23:00:00,27.8,0.0,75.6,309.0,5.6
2025-03-29 00:00:00,27.4,0.0,78.4,311.0,3.0
2025-03-29 01:00:00,27.0,0.0,85.9,349.0,2.0
2025-03-29 02:00:00,26.8,0.0,86.5,24.0,1.0
2025-03-29 03:00:00,26.8,0.0,86.6,256.0,1.7
2025-03-29 04:00:00,26.2,0.0,92.2,8.0,3.1
2025-03-29 05:00:00,26.1,0.0,94.4,321.0,1.8
2025-03-29 06:00:00,26.3,0.0,91.5,58.0,0.5
2025-03-29 07:00:00,26.5,0.0,89.9,2.0,1.0
2025-03-29 08:00:00,26.8,0.0,88.0,306.0,1.5
2025-03-29 09:00:00,28.8,0.0,76.2,346.0,1.0
2025-03-29 10:00:00,31.6,0.0,63.1,208.0,1.4
2025-03-29 11:00:00,30.6,0.0,61.8,235.0,2.5
2025-03-29 12:00:00,30.5,0.0,69.7,110.0,3.6
2025-03-29 13:00:00,29.0,0.0,76.6,125.0,4.2
2025-03-29 14:00:00,29.4,0.0,72.2,113.0,5.3
2025-03-29 15:00:00,29.5,0.0,69.5,103.0,5.8
2025-03-29 16:00:00,30.1,0.0,70.2,114.0,7.1
2025-03-29 17:00:00,29.1,0.0,74.2,121.0,6.7
2025-03-29 18:00:00,24.6,1.2,83.7,84.0,1.7
2025-03-29 19:00:00,25.3,0.2,80.6,313.0,1.6
2025-03-29 20:00:00,25.6,0.0,89.4,3.0,3.2
2025-03-29 21:00:00,26.0,0.0,88.4,56.0,0.8
2025-03-29 22:00:00,26.3,0.0,88.9,9.0,1.3
2025-03-29 23:00:00,26.6,0.0,83.7,63.0,2.3
2025-03-30 00:00:00,26.9,0.0,86.0,54.0,3.0
2025-03-30 01:00:00,26.6,0.0,87.9,54.0,3.0
2025-03-30 02:00:00,26.5,0.0,90.3,62.0,2.8
2025-03-30 03:00:00,26.5,0.0,91.3,31.0,1.8
2025-03-30 04:00:00,26.5,0.0,91.4,37.0,2.8
2025-03-30 05:00:00,26.3,0.0,91.7,38.0,2.5
2025-03-30 06:00:00,26.3,0.0,91.9,44.0,2.1
2025-03-30 07:00:00,26.2,0.0,91.8,31.0,1.9
2025-03-30 08:00:00,27.1,0.0,88.2,9.0,1.6
2025-03-30 09:00:00,28.1,0.0,80.8,55.0,2.6
2025-03-30 10:00:00,29.9,0.0,71.5,64.0,2.2
2025-03-30 11:00:00,30.1,0.0,68.6,50.0,3.2
2025-03-30 12:00:00,31.5,0.0,62.2,52.0,3.1
2025-03-30 13:00:00,32.7,0.0,57.6,241.0,0.8
2025-03-30 14:00:00,29.6,0.0,74.5,122.0,5.4
2025-03-30 15:00:00,29.3,0.0,84.4,108.0,7.4
2025-03-30 16:00:00,27.1,0.0,82.9,324.0,3.0
2025-03-30 17:00:00,27.7,0.0,81.2,62.0,4.2
2025-03-30 18:00:00,27.3,0.0,84.0,10.0,3.0
2025-03-30 19:00:00,26.3,0.0,80.1,5.0,2.0
2025-03-30 20:00:00,26.2,0.0,80.8,21.0,1.4
2025-03-30 21:00:00,25.8,0.0,84.6,357.0,2.4
2025-03-30 22:00:00,25.5,0.0,80.3,18.0,4.1
2025-03-30 23:00:00,25.7,0.0,80.4,3.0,3.1
2025-03-31 00:00:00,25.7,0.0,82.3,354.0,3.0
2025-03-31 01:00:00,25.7,0.0,85.7,4.0,2.2
2025-03-31 02:00:00,26.0,0.0,88.4,7.0,2.8
2025-03-31 03:00:00,26.0,0.0,90.8,17.0,2.4
2025-03-31 04:00:00,25.7,0.0,91.1,4.0,1.6
2025-03-31 05:00:00,25.5,0.0,92.1,16.0,2.1
2025-03-31 06:00:00,25.6,0.0,92.1,358.0,3.7
2025-03-31 07:00:00,25.9,0.0,90.9,10.0,1.7
2025-03-31 08:00:00,24.6,0.0,89.9,237.0,4.9
2025-03-31 09:00:00,25.4,0.0,89.8,92.0,2.7
2025-03-31 10:00:00,27.1,0.0,81.6,83.0,2.3
2025-03-31 11:00:00,29.0,0.0,74.1,86.0,1.0
2025-03-31 12:00:00,29.2,0.0,75.2,245.0,3.1
2025-03-31 13:00:00,28.7,0.0,74.3,205.0,4.6
2025-03-31 14:00:00,29.1,0.0,74.1,205.0,4.3
2025-03-31 15:00:00,28.3,0.0,77.4,218.0,1.5
2025-03-31 16:00:00,29.0,0.0,74.8,298.0,1.4
2025-03-31 17:00:00,27.9,0.0,76.1,11.0,2.4
2025-03-31 18:00:00,28.0,0.0,76.7,312.0,2.0
2025-03-31 19:00:00,26.7,0.0,82.4,41.0,2.3
2025-03-31 20:00:00,26.7,0.0,79.5,23.0,1.7
2025-03-31 21:00:00,26.3,0.0,81.8,10.0,2.5
2025-03-31 22:00:00,26.2,0.0,81.9,351.0,2.7
2025-03-31 23:00:00,26.1,0.0,82.5,353.0,3.1
2025-04-01 00:00:00,26.1,0.0,84.0,9.0,3.4
2025-04-01 01:00:00,26.1,0.0,84.9,14.0,2.1
2025-04-01 02:00:00,26.2,0.0,84.8,31.0,2.5
2025-04-01 03:00:00,26.0,0.0,86.7,5.0,2.9
2025-04-01 04:00:00,25.7,0.0,88.5,11.0,4.1
2025-04-01 05:00:00,25.7,0.0,87.8,12.0,3.4
2025-04-01 06:00:00,25.4,0.0,89.1,3.0,3.6
2025-04-01 07:00:00,25.3,0.0,89.0,7.0,3.8
2025-04-01 08:00:00,25.7,0.0,87.8,16.0,2.7
2025-04-01 09:00:00,26.2,0.0,86.4,303.0,4.1
2025-04-01 10:00:00,27.9,0.0,74.2,327.0,4.0
2025-04-01 11:00:00,28.6,0.0,72.4,314.0,3.4
2025-04-01 12:00:00,29.9,0.0,62.8,308.0,5.5
2025-04-01 13:00:00,30.8,0.0,59.6,304.0,4.5
2025-04-01 14:00:00,30.2,0.0,65.0,211.0,4.7
2025-04-01 15:00:00,30.5,0.0,64.0,210.0,9.8
2025-04-01 16:00:00,31.4,0.0,57.5,214.0,3.8
2025-04-01 17:00:00,30.4,0.0,59.1,200.0,3.7
2025-04-01 18:00:00,30.0,0.0,60.1,200.0,2.5
2025-04-01 19:00:00,29.4,0.0,67.0,188.0,4.3
2025-04-01 20:00:00,29.2,0.0,67.0,121.0,2.3
2025-04-01 21:00:00,28.3,0.0,75.9,85.0,3.3
2025-04-01 22:00:00,28.1,0.0,77.6,62.0,3.7
2025-04-01 23:00:00,28.0,0.0,80.1,56.0,3.4
2025-04-02 00:00:00,27.9,0.0,81.8,4.0,2.6
2025-04-02 01:00:00,27.7,0.0,82.1,50.0,2.2
2025-04-02 02:00:00,27.5,0.0,84.5,26.0,3.4
2025-04-02 03:00:00,27.2,0.0,84.3,5.0,3.5
2025-04-02 04:00:00,27.0,0.0,86.9,29.0,4.0
2025-04-02 05:00:00,26.7,0.0,85.8,357.0,4.0
2025-04-02 06:00:00,26.5,0.0,87.3,358.0,3.1
2025-04-02 07:00:00,25.1,0.0,77.2,308.0,12.1
2025-04-02 08:00:00,23.3,0.0,92.2,307.0,7.5
2025-04-02 09:00:00,23.7,0.0,90.6,311.0,7.1
2025-04-02 10:00:00,24.8,0.0,81.0,299.0,4.5
2025-04-02 11:00:00,26.8,0.0,72.9,271.0,1.9
2025-04-02 12:00:00,28.5,0.0,65.5,293.0,3.4
2025-04-02 13:00:00,30.6,0.0,56.3,281.0,2.7
2025-04-02 14:00:00,30.7,0.0,59.1,258.0,4.4
2025-04-02 15:00:00,30.1,0.0,63.2,209.0,5.7
2025-04-02 16:00:00,31.0,0.0,60.7,222.0,5.1
2025-04-02 17:00:00,30.9,0.0,57.6,230.0,3.3
2025-04-02 18:00:00,29.9,0.0,60.7,188.0,3.6
2025-04-02 19:00:00,28.7,0.0,74.6,64.0,1.5
2025-04-02 20:00:00,28.8,0.0,73.3,105.0,3.3
2025-04-02 21:00:00,28.0,0.0,78.4,68.0,2.6
2025-04-02 22:00:00,27.8,0.0,75.8,7.0,2.3
2025-04-02 23:00:00,26.8,0.0,81.3,8.0,3.0
2025-04-03 00:00:00,27.2,0.0,81.4,62.0,1.5
2025-04-03 01:00:00,27.1,0.0,83.5,12.0,2.6
2025-04-03 02:00:00,26.8,0.0,85.6,358.0,3.6
2025-04-03 03:00:00,25.8,0.0,80.7,30.0,4.1
2025-04-03 04:00:00,25.1,0.0,77.9,14.0,2.2
2025-04-03 05:00:00,25.7,0.0,73.4,83.0,1.1
2025-04-03 06:00:00,25.1,0.0,82.8,17.0,1.8
2025-04-03 07:00:00,25.1,0.0,85.4,23.0,2.2
2025-04-03 08:00:00,25.0,0.0,88.0,12.5,2.4
2025-04-03 09:00:00,27.5,0.0,72.6,2.0,2.4
2025-04-03 10:00:00,28.4,0.0,63.7,45.0,4.4
2025-04-03 11:00:00,29.9,0.0,57.3,34.0,4.2
2025-04-03 12:00:00,30.3,0.0,54.3,74.0,5.6
2025-04-03 13:00:00,32.1,0.0,52.0,349.0,3.3
2025-04-03 14:00:00,30.3,0.0,64.3,93.0,4.9
2025-04-03 15:00:00,29.8,0.0,64.0,110.0,7.3
2025-04-03 16:00:00,29.4,0.0,69.2,120.0,5.6
2025-04-03 17:00:00,28.5,0.0,74.0,213.0,3.9
2025-04-03 18:00:00,27.7,0.0,75.2,91.0,5.3
2025-04-03 19:00:00,28.3,0.0,70.6,43.0,6.4
2025-04-03 20:00:00,24.9,1.0,94.0,2.0,4.5
2025-04-03 21:00:00,26.4,0.0,87.8,32.0,2.4
2025-04-03 22:00:00,27.0,0.0,85.5,38.0,2.0
2025-04-03 23:00:00,26.8,0.0,86.8,15.0,2.1
2025-04-04 00:00:00,26.9,0.0,84.4,13.0,2.2
2025-04-04 01:00:00,26.8,0.0,85.8,20.0,1.8
2025-04-04 02:00:00,26.8,0.0,86.4,22.0,1.8
2025-04-04 03:00:00,26.2,0.0,90.6,319.0,1.9
2025-04-04 04:00:00,25.9,0.0,91.7,31.0,2.0
2025-04-04 05:00:00,25.9,0.0,90.0,18.0,1.5
2025-04-04 06:00:00,26.1,0.0,88.6,25.0,1.6
2025-04-04 07:00:00,25.8,0.0,90.7,348.0,1.3
2025-04-04 08:00:00,26.7,0.0,87.2,346.0,1.6
2025-04-04 09:00:00,28.7,0.0,77.2,262.0,1.0
2025-04-04 10:00:00,28.2,0.0,76.6,28.0,2.5
2025-04-04 11:00:00,28.7,0.0,72.2,29.0,1.2
2025-04-04 12:00:00,25.9,1.8,88.6,124.0,5.8
2025-04-04 13:00:00,27.2,0.0,88.2,92.0,3.4
2025-04-04 14:00:00,28.1,0.0,80.5,327.0,2.8
2025-04-04 15:00:00,26.6,0.0,84.8,1.0,4.7
2025-04-04 16:00:00,25.9,0.0,82.4,58.0,3.1
2025-04-04 17:00:00,26.2,0.0,85.9,16.0,2.5
2025-04-04 18:00:00,26.4,0.0,87.9,30.0,2.0
2025-04-04 19:00:00,26.4,0.0,87.8,21.0,1.7
2025-04-04 20:00:00,26.4,0.0,87.9,30.0,2.4
2025-04-04 21:00:00,26.5,0.0,85.8,6.0,3.5
2025-04-04 22:00:00,26.6,0.0,85.2,26.0,2.6
2025-04-04 23:00:00,26.4,0.0,87.1,2.0,1.9
2025-04-05 00:00:00,26.3,0.0,88.6,346.0,2.4
2025-04-05 01:00:00,26.2,0.0,88.1,7.0,3.2
2025-04-05 02:00:00,26.0,0.0,88.8,88.0,1.3
2025-04-05 03:00:00,25.7,0.0,90.1,7.0,2.8
2025-04-05 04:00:00,25.5,0.0,92.8,312.0,4.5
2025-04-05 05:00:00,25.4,0.0,92.7,308.0,4.1
2025-04-05 06:00:00,24.9,0.0,96.7,17.0,4.1
2025-04-05 07:00:00,24.8,0.0,95.1,3.0,4.3
2025-04-05 08:00:00,24.8,0.0,95.1,275.0,2.7
2025-04-05 09:00:00,25.2,0.0,85.6,243.0,1.5
2025-04-05 10:00:00,27.7,0.0,74.3,89.0,2.4
2025-04-05 11:00:00,29.0,0.0,67.8,355.0,3.3
2025-04-05 12:00:00,29.6,0.0,62.7,7.0,3.9
2025-04-05 13:00:00,31.1,0.0,58.2,19.0,3.4
2025-04-05 14:00:00,32.0,0.0,51.9,4.0,2.8
2025-04-05 15:00:00,31.7,0.0,55.4,340.0,3.8
2025-04-05 16:00:00,30.6,0.0,65.5,267.0,2.8
2025-04-05 17:00:00,29.5,0.0,70.6,211.0,5.5
2025-04-05 18:00:00,29.1,0.0,71.6,195.0,4.6
2025-04-05 19:00:00,25.0,4.0,99.2,358.0,6.4
2025-04-05 20:00:00,25.5,0.0,99.3,204.0,2.6
2025-04-05 21:00:00,25.7,0.0,96.1,86.0,2.2
2025-04-05 22:00:00,26.2,0.0,92.7,26.0,1.2
2025-04-05 23:00:00,26.7,0.0,88.8,97.0,1.5
2025-04-06 00:00:00,26.7,0.0,89.8,30.0,2.1
2025-04-06 01:00:00,26.5,0.0,91.8,351.0,2.4
2025-04-06 02:00:00,26.6,0.0,90.6,6.0,2.3
2025-04-06 03:00:00,26.5,0.0,91.2,43.0,1.2
2025-04-06 04:00:00,26.3,0.0,92.6,1.0,1.8
2025-04-06 05:00:00,26.3,0.0,92.5,10.0,1.6
2025-04-06 06:00:00,26.0,0.0,93.7,21.0,1.2
2025-04-06 07:00:00,26.2,0.0,91.9,20.0,2.0
2025-04-06 08:00:00,26.6,0.0,89.2,347.0,1.6
2025-04-06 09:00:00,29.2,0.0,76.2,359.0,1.3
2025-04-06 10:00:00,29.1,0.0,71.7,4.0,4.2
2025-04-06 11:00:00,30.3,0.0,65.2,333.0,2.5
2025-04-06 12:00:00,30.0,0.0,67.6,65.0,5.2
2025-04-06 13:00:00,30.6,0.0,63.2,47.0,3.7
2025-04-06 14:00:00,31.0,0.0,60.2,42.0,6.1
2025-04-06 15:00:00,30.0,0.0,70.1,103.0,7.5
2025-04-06 16:00:00,30.5,0.0,62.6,62.0,6.8
2025-04-06 17:00:00,30.5,0.0,60.8,72.0,6.0
2025-04-06 18:00:00,30.2,0.0,62.3,67.0,3.5
2025-04-06 19:00:00,29.0,0.0,69.4,58.0,6.2
2025-04-06 20:00:00,28.6,0.0,71.0,61.0,2.8
2025-04-06 21:00:00,28.1,0.0,75.8,60.0,4.0
2025-04-06 22:00:00,28.0,0.0,76.1,61.0,2.7
2025-04-06 23:00:00,27.5,0.0,80.2,5.0,3.1
2025-04-07 00:00:00,26.7,0.0,78.1,1.0,3.8
2025-04-07 01:00:00,26.2,0.0,83.9,20.0,3.0
2025-04-07 02:00:00,26.0,0.0,84.8,39.0,1.3
2025-04-07 03:00:00,25.7,0.0,87.2,15.0,2.8
2025-04-07 04:00:00,25.5,0.0,88.5,354.0,1.9
2025-04-07 05:00:00,25.6,0.0,88.0,48.0,1.2
2025-04-07 06:00:00,25.5,0.0,88.8,344.0,2.2
2025-04-07 07:00:00,25.7,0.0,89.4,352.0,1.7
2025-04-07 08:00:00,25.8,0.0,88.4,1.0,1.6
2025-04-07 09:00:00,25.8,0.0,89.0,353.0,2.6
2025-04-07 10:00:00,25.9,0.0,89.6,11.0,2.4
2025-04-07 11:00:00,26.5,0.0,88.0,321.0,0.8
2025-04-07 12:00:00,24.4,0.0,91.8,70.0,4.7
2025-04-07 13:00:00,24.6,0.0,94.6,21.0,1.9
2025-04-07 14:00:00,25.9,0.0,89.3,347.0,2.2
2025-04-07 15:00:00,27.1,0.0,82.8,34.0,2.5
2025-04-07 16:00:00,29.0,0.0,71.1,12.0,2.6
2025-04-07 17:00:00,28.9,0.0,68.7,42.0,2.9
2025-04-07 18:00:00,28.4,0.0,71.7,54.0,3.3
2025-04-07 19:00:00,27.7,0.0,73.7,58.0,3.4
2025-04-07 20:00:00,27.5,0.0,76.6,50.0,1.8
2025-04-07 21:00:00,27.2,0.0,78.1,36.0,2.8
2025-04-07 22:00:00,26.8,0.0,80.6,62.0,2.5
2025-04-07 23:00:00,26.6,0.0,84.5,31.0,1.7
2025-04-08 00:00:00,26.4,0.0,87.5,23.0,1.9
2025-04-08 01:00:00,26.1,0.0,89.4,3.0,2.0
2025-04-08 02:00:00,25.9,0.0,90.5,2.0,2.7
2025-04-08 03:00:00,25.7,0.0,92.1,15.0,2.3
2025-04-08 04:00:00,25.6,0.0,93.2,347.0,2.0
2025-04-08 05:00:00,25.4,0.0,94.6,314.0,3.6
2025-04-08 06:00:00,25.5,0.0,93.5,299.0,2.1
2025-04-08 07:00:00,25.5,0.0,94.2,103.0,0.8
2025-04-08 08:00:00,26.1,0.0,90.4,82.0,2.4
2025-04-08 09:00:00,26.1,0.0,91.9,71.0,1.9
2025-04-08 10:00:00,26.3,0.0,90.0,49.0,3.0
2025-04-08 11:00:00,27.1,0.0,87.0,83.0,2.5
2025-04-08 12:00:00,27.1,0.0,85.3,59.0,2.8
2025-04-08 13:00:00,27.5,0.0,83.7,63.0,3.5
2025-04-08 14:00:00,28.2,0.0,74.8,61.0,4.1
2025-04-08 15:00:00,29.0,0.0,72.4,66.0,2.0
2025-04-08 16:00:00,28.7,0.0,72.5,1.0,2.4
2025-04-08 17:00:00,28.2,0.0,75.3,74.0,3.5
2025-04-08 18:00:00,28.3,0.0,75.9,25.0,1.3
2025-04-08 19:00:00,27.6,0.0,79.4,58.0,3.4
2025-04-08 20:00:00,27.2,0.0,81.6,67.0,4.0
2025-04-08 21:00:00,26.9,0.0,82.7,54.0,2.9
2025-04-08 22:00:00,26.7,0.0,83.1,13.0,1.3
2025-04-08 23:00:00,26.8,0.0,83.4,28.0,1.5
2025-04-09 00:00:00,26.4,0.0,86.2,30.0,1.9
2025-04-09 01:00:00,26.5,0.0,87.1,21.0,2.4
2025-04-09 02:00:00,26.5,0.0,87.7,13.0,2.6
2025-04-09 03:00:00,26.3,0.0,87.2,11.0,2.1
2025-04-09 04:00:00,26.2,0.0,88.1,2.0,2.0
2025-04-09 05:00:00,26.3,0.0,88.7,18.0,2.9
2025-04-09 06:00:00,26.1,0.0,90.1,14.0,2.2
2025-04-09 07:00:00,26.1,0.0,91.5,17.0,2.7
2025-04-09 08:00:00,26.9,0.0,87.0,357.0,2.9
2025-04-09 09:00:00,28.0,0.0,79.1,348.0,4.1
2025-04-09 10:00:00,29.0,0.0,74.1,354.0,2.4
2025-04-09 11:00:00,30.3,0.0,65.0,348.0,2.6
2025-04-09 12:00:00,31.9,0.0,56.3,71.0,3.8
2025-04-09 13:00:00,30.7,0.0,63.4,93.0,2.3
2025-04-09 14:00:00,25.6,0.2,95.2,359.0,3.0
2025-04-09 15:00:00,25.3,0.0,95.0,202.0,1.0
2025-04-09 16:00:00,27.5,0.0,83.9,68.0,1.9
2025-04-09 17:00:00,28.6,0.0,79.5,68.0,2.8
2025-04-09 18:00:00,28.2,0.0,79.7,96.0,4.9
2025-04-09 19:00:00,27.4,0.4,87.5,75.0,3.3
2025-04-09 20:00:00,25.9,0.0,93.2,63.0,2.4
2025-04-09 21:00:00,25.6,0.0,93.7,250.0,0.9
2025-04-09 22:00:00,25.3,0.0,91.3,333.0,1.8
2025-04-09 23:00:00,26.2,0.0,91.3,356.0,1.1
2025-04-10 00:00:00,25.9,0.0,91.6,307.0,1.6
2025-04-10 01:00:00,26.2,0.0,91.0,294.0,2.0
2025-04-10 02:00:00,26.1,0.0,91.4,280.0,2.0
2025-04-10 03:00:00,26.0,0.0,91.5,256.0,2.7
2025-04-10 04:00:00,26.0,0.0,92.1,306.0,2.0
2025-04-10 05:00:00,25.5,0.0,95.9,308.0,2.2
2025-04-10 06:00:00,25.5,0.0,95.0,289.0,2.1
2025-04-10 07:00:00,25.9,0.0,94.0,254.0,2.2
2025-04-10 08:00:00,27.1,0.0,87.0,236.0,1.4
2025-04-10 09:00:00,28.5,0.0,78.2,297.0,1.6
2025-04-10 10:00:00,28.6,0.0,72.9,202.0,3.6
2025-04-10 11:00:00,30.3,0.0,62.9,258.0,3.3
2025-04-10 12:00:00,30.7,0.0,60.6,269.0,2.8
2025-04-10 13:00:00,30.4,0.0,59.9,202.0,4.2
2025-04-10 14:00:00,31.5,0.0,54.2,233.0,3.2
2025-04-10 15:00:00,32.6,0.0,51.6,204.0,3.4
2025-04-10 16:00:00,31.7,0.0,56.5,201.0,4.6
2025-04-10 17:00:00,31.4,0.0,57.5,178.0,4.8
2025-04-10 18:00:00,30.4,0.0,68.1,200.0,1.5
2025-04-10 19:00:00,29.3,0.0,70.7,87.0,4.3
2025-04-10 20:00:00,27.2,0.0,79.3,18.0,3.7
2025-04-10 21:00:00,27.4,0.0,81.3,77.0,2.3
2025-04-10 22:00:00,27.7,0.0,80.5,105.0,2.4
2025-04-10 23:00:00,27.7,0.0,79.8,93.0,3.0
2025-04-11 00:00:00,27.6,0.0,78.1,81.0,3.1
2025-04-11 01:00:00,27.6,0.0,79.2,102.0,5.1
2025-04-11 02:00:00,27.5,0.0,82.3,98.0,4.7
2025-04-11 03:00:00,27.3,0.0,85.1,92.0,5.1
2025-04-11 04:00:00,27.2,0.0,86.5,52.0,0.7
2025-04-11 05:00:00,27.2,0.0,86.9,92.0,1.8
2025-04-11 06:00:00,26.4,0.0,91.4,326.0,2.5
2025-04-11 07:00:00,25.4,0.2,92.6,256.0,4.7
2025-04-11 08:00:00,25.2,0.0,94.6,221.0,4.9
2025-04-11 09:00:00,25.8,0.0,88.5,237.0,3.1
2025-04-11 10:00:00,25.1,0.0,94.7,245.0,2.4
2025-04-11 11:00:00,26.2,0.0,88.5,257.0,2.8
2025-04-11 12:00:00,27.6,0.0,80.5,265.0,3.1
2025-04-11 13:00:00,28.1,0.0,74.5,294.0,7.1
2025-04-11 14:00:00,28.4,0.0,72.6,302.0,8.5
2025-04-11 15:00:00,28.9,0.0,69.1,291.0,8.60001
2025-04-11 16:00:00,29.4,0.0,66.6,299.0,7.3
2025-04-11 17:00:00,29.6,0.0,66.0,293.0,4.8
2025-04-11 18:00:00,29.1,0.0,67.3,285.0,6.1
2025-04-11 19:00:00,28.2,0.0,69.1,287.0,4.8
2025-04-11 20:00:00,27.5,0.0,76.3,281.0,4.9
2025-04-11 21:00:00,27.4,0.0,76.6,285.0,5.7
2025-04-11 22:00:00,27.3,0.0,78.6,301.0,4.2
2025-04-11 23:00:00,27.3,0.0,80.4,270.0,3.1
2025-04-12 00:00:00,27.7,0.0,81.1,264.0,3.2
2025-04-12 01:00:00,27.5,0.0,82.0,292.0,2.9
2025-04-12 02:00:00,27.4,0.0,81.1,290.0,3.3
2025-04-12 03:00:00,27.2,0.0,82.1,288.0,3.0
2025-04-12 04:00:00,27.1,0.0,81.8,275.0,3.6
2025-04-12 05:00:00,27.0,0.0,82.7,271.0,3.4
2025-04-12 06:00:00,27.0,0.0,82.9,284.0,4.0
2025-04-12 07:00:00,27.0,0.0,82.1,279.0,3.1
2025-04-12 08:00:00,27.8,0.0,78.7,294.0,3.1
2025-04-12 09:00:00,28.6,0.0,74.8,301.0,4.2
2025-04-12 10:00:00,29.2,0.0,67.2,295.0,7.3
2025-04-12 11:00:00,30.7,0.0,61.8,265.0,3.6
2025-04-12 12:00:00,31.0,0.0,58.0,273.0,4.7
2025-04-12 13:00:00,31.9,0.0,52.6,306.0,6.4
2025-04-12 14:00:00,32.6,0.0,48.5,319.0,5.2
2025-04-12 15:00:00,31.7,0.0,58.1,261.0,5.6
2025-04-12 16:00:00,33.3,0.0,53.7,287.0,3.2
2025-04-12 17:00:00,29.8,0.0,69.7,32.0,5.5
2025-04-12 18:00:00,27.8,0.4,83.9,63.0,4.0
2025-04-12 19:00:00,25.8,0.0,75.3,242.0,4.0
2025-04-12 20:00:00,26.7,0.0,79.1,310.0,2.4
2025-04-12 21:00:00,27.6,0.0,79.6,82.0,0.9
2025-04-12 22:00:00,27.1,0.0,85.6,310.0,1.6
2025-04-12 23:00:00,27.2,0.0,87.6,331.0,1.4
2025-04-13 00:00:00,25.4,0.0,93.6,260.0,4.6
2025-04-13 01:00:00,25.1,0.0,95.7,255.0,4.4
2025-04-13 02:00:00,25.2,0.2,97.6,157.0,2.0
2025-04-13 03:00:00,25.1,0.0,98.0,259.0,1.5
2025-04-13 04:00:00,25.4,0.0,93.3,308.0,3.3
2025-04-13 05:00:00,25.6,0.0,91.1,286.0,2.6
2025-04-13 06:00:00,25.6,0.0,90.0,149.0,0.5
2025-04-13 07:00:00,25.8,0.0,89.0,4.0,1.0
2025-04-13 08:00:00,26.3,0.0,88.4,287.0,1.5
2025-04-13 09:00:00,27.4,0.0,79.5,302.0,2.9
2025-04-13 10:00:00,30.4,0.0,65.2,308.0,1.5
2025-04-13 11:00:00,31.0,0.0,60.5,218.0,1.8
2025-04-13 12:00:00,28.9,0.0,75.7,195.0,5.4
2025-04-13 13:00:00,26.2,1.0,97.6,200.0,9.10001
2025-04-13 14:00:00,25.2,2.4,99.3,303.0,7.8
2025-04-13 15:00:00,23.6,1.0,99.3,280.0,3.4
2025-04-13 16:00:00,24.2,0.0,99.3,255.0,3.5
2025-04-13 17:00:00,25.0,0.0,99.3,300.0,1.4
2025-04-13 18:00:00,25.7,0.0,95.4,311.0,6.1
2025-04-13 19:00:00,25.6,0.0,95.4,310.0,2.5
2025-04-13 20:00:00,25.7,0.0,93.7,259.0,0.9
2025-04-13 21:00:00,26.0,0.0,93.0,15.0,0.9
2025-04-13 22:00:00,26.0,0.0,94.5,311.0,2.1
2025-04-13 23:00:00,25.9,0.0,96.4,295.0,1.4
2025-04-14 00:00:00,25.9,0.0,93.9,337.0,1.1
2025-04-14 01:00:00,26.1,0.0,90.8,218.0,0.7
2025-04-14 02:00:00,26.0,0.0,92.3,300.0,0.7
2025-04-14 03:00:00,26.0,0.0,90.1,308.0,1.6
2025-04-14 04:00:00,25.8,0.0,93.4,95.0,0.6
2025-04-14 05:00:00,25.6,0.0,96.7,319.0,2.4
2025-04-14 06:00:00,25.5,0.0,98.4,313.0,2.7
2025-04-14 07:00:00,25.3,0.0,99.2,306.0,2.6
2025-04-14 08:00:00,25.9,0.0,98.7,325.0,1.1
2025-04-14 09:00:00,26.7,0.0,93.1,308.0,1.6
2025-04-14 10:00:00,29.2,0.0,72.6,304.0,2.5
2025-04-14 11:00:00,29.9,0.0,68.1,336.0,3.5
2025-04-14 12:00:00,31.7,0.0,58.7,331.0,2.9
2025-04-14 13:00:00,31.6,0.0,56.1,301.0,4.5
2025-04-14 14:00:00,32.7,0.0,53.0,313.0,3.0
2025-04-14 15:00:00,31.4,0.0,64.5,104.0,3.6
2025-04-14 16:00:00,31.2,0.0,66.5,195.0,1.8
2025-04-14 17:00:00,30.4,0.0,66.1,58.0,3.0
2025-04-14 18:00:00,29.8,0.0,69.7,59.0,5.9
2025-04-14 19:00:00,28.6,0.0,72.4,48.0,5.3
2025-04-14 20:00:00,28.2,0.0,76.9,78.0,3.2
2025-04-14 21:00:00,27.9,0.0,80.2,52.0,3.9
2025-04-14 22:00:00,27.9,0.0,74.4,35.0,3.1
2025-04-14 23:00:00,27.7,0.0,80.4,5.0,4.6
2025-04-15 00:00:00,27.5,0.0,83.1,30.0,2.4
2025-04-15 01:00:00,27.3,0.0,86.2,41.0,3.6
2025-04-15 02:00:00,27.2,0.0,86.7,47.0,2.9
2025-04-15 03:00:00,27.1,0.0,86.4,50.0,2.8
2025-04-15 04:00:00,27.1,0.0,85.5,58.0,1.9
2025-04-15 05:00:00,27.0,0.0,84.4,83.0,2.7
2025-04-15 06:00:00,27.0,0.0,84.5,51.0,1.0
2025-04-15 07:00:00,26.9,0.0,86.2,328.0,1.3
2025-04-15 08:00:00,27.0,0.0,85.7,314.0,1.9
2025-04-15 09:00:00,27.7,0.0,82.0,350.0,1.7
2025-04-15 10:00:00,29.3,0.0,73.9,335.0,1.5
2025-04-15 11:00:00,29.7,0.0,71.3,339.0,3.1
2025-04-15 12:00:00,30.2,0.0,67.7,86.0,2.3
2025-04-15 13:00:00,31.4,0.0,63.3,108.0,4.4
2025-04-15 14:00:00,30.1,0.0,68.4,114.0,4.1
2025-04-15 15:00:00,29.0,0.0,75.2,121.0,6.4
2025-04-15 16:00:00,28.5,0.0,75.2,252.0,4.2
2025-04-15 17:00:00,27.6,0.0,77.9,63.0,5.7
2025-04-15 18:00:00,28.2,0.0,77.1,94.0,1.7
2025-04-15 19:00:00,25.5,0.0,90.9,9.0,4.5
2025-04-15 20:00:00,24.0,1.4,99.3,59.0,4.5
2025-04-15 21:00:00,24.7,0.0,99.3,9.0,1.0
2025-04-15 22:00:00,25.3,0.0,99.3,4.0,2.1
2025-04-15 23:00:00,26.0,0.0,92.6,326.0,1.5
2025-04-16 00:00:00,26.4,0.0,91.7,17.0,1.5
2025-04-16 01:00:00,26.4,0.0,93.6,21.0,0.9
2025-04-16 02:00:00,26.1,0.0,94.7,350.0,1.7
2025-04-16 03:00:00,26.2,0.0,95.5,208.0,1.9
2025-04-16 04:00:00,26.3,0.0,94.8,32.0,0.7
2025-04-16 05:00:00,26.4,0.0,97.1,156.0,1.8
2025-04-16 06:00:00,26.3,0.0,97.5,265.0,1.7
2025-04-16 07:00:00,25.8,0.0,99.3,313.0,5.4
2025-04-16 08:00:00,25.7,0.0,99.3,48.0,2.2
2025-04-16 09:00:00,27.9,0.0,88.1,292.0,1.8
2025-04-16 10:00:00,29.3,0.0,73.7,308.0,3.2
2025-04-16 11:00:00,29.4,0.0,71.7,304.0,2.9
2025-04-16 12:00:00,30.2,0.0,71.0,234.0,1.1
2025-04-16 13:00:00,30.1,0.0,69.1,37.0,2.2
2025-04-16 14:00:00,30.9,0.0,67.2,151.0,1.4
2025-04-16 15:00:00,30.8,0.0,68.5,188.0,4.3
2025-04-16 16:00:00,31.8,0.0,64.6,236.0,4.2
2025-04-16 17:00:00,31.3,0.0,60.8,227.0,3.1
2025-04-16 18:00:00,29.4,0.0,74.4,65.0,2.1
2025-04-16 19:00:00,28.3,0.0,76.8,73.0,3.4
2025-04-16 20:00:00,28.4,0.0,75.9,19.0,2.5
2025-04-16 21:00:00,27.0,0.0,80.8,27.0,2.1
2025-04-16 22:00:00,26.8,0.0,81.1,351.0,4.1
2025-04-16 23:00:00,26.8,0.0,80.9,11.0,4.0
2025-04-17 00:00:00,26.6,0.0,80.0,7.0,3.4
2025-04-17 01:00:00,25.9,0.0,84.0,333.0,3.1
2025-04-17 02:00:00,25.9,0.0,84.1,312.0,3.7
2025-04-17 03:00:00,25.0,0.0,86.9,289.0,10.0
2025-04-17 04:00:00,23.0,0.2,99.3,268.0,6.1
2025-04-17 05:00:00,23.7,0.0,95.7,310.0,6.4
2025-04-17 06:00:00,23.3,0.0,99.3,13.0,4.5
2025-04-17 07:00:00,23.5,0.0,99.3,358.0,3.4
2025-04-17 08:00:00,24.0,0.0,94.3,42.0,1.3
2025-04-17 09:00:00,25.0,0.0,84.8,68.0,0.6
2025-04-17 10:00:00,26.4,0.0,77.0,6.0,1.4
2025-04-17 11:00:00,28.0,0.0,65.1,346.0,1.5
2025-04-17 12:00:00,28.4,0.0,63.4,301.0,6.2
2025-04-17 13:00:00,28.9,0.0,64.5,308.0,7.2
2025-04-17 14:00:00,29.8,0.0,64.1,301.0,6.2
2025-04-17 15:00:00,30.8,0.0,58.6,290.0,5.1
2025-04-17 16:00:00,31.3,0.0,54.3,280.0,5.1
2025-04-17 17:00:00,31.7,0.0,54.9,285.0,6.3
2025-04-17 18:00:00,31.2,0.0,54.7,288.0,6.2
2025-04-17 19:00:00,30.6,0.0,57.4,296.0,5.0
2025-04-17 20:00:00,29.9,0.0,57.2,305.0,4.4
2025-04-17 21:00:00,28.4,0.0,74.9,52.0,1.8
2025-04-17 22:00:00,27.9,0.0,77.3,44.0,1.0
2025-04-17 23:00:00,27.7,0.0,74.8,86.0,2.5
2025-04-18 00:00:00,27.5,0.0,75.7,56.0,1.8
2025-04-18 01:00:00,27.3,0.0,77.5,11.0,0.7
2025-04-18 02:00:00,27.2,0.0,78.9,352.0,2.0
2025-04-18 03:00:00,27.1,0.0,80.3,19.0,1.4
2025-04-18 04:00:00,26.7,0.0,85.2,22.0,1.3
2025-04-18 05:00:00,26.5,0.0,86.7,13.0,1.5
2025-04-18 06:00:00,26.3,0.0,89.8,10.0,1.7
2025-04-18 07:00:00,26.3,0.0,90.5,3.0,1.9
2025-04-18 08:00:00,27.6,0.0,84.6,5.0,1.3
2025-04-18 09:00:00,30.3,0.0,69.4,352.0,1.4
2025-04-18 10:00:00,30.2,0.0,70.5,8.0,2.2
2025-04-18 11:00:00,31.2,0.0,66.1,274.0,1.8
2025-04-18 12:00:00,31.6,0.0,59.6,279.0,1.9
2025-04-18 13:00:00,30.2,0.0,70.2,201.0,5.0
2025-04-18 14:00:00,30.8,0.0,67.2,192.0,4.4
2025-04-18 15:00:00,32.6,0.0,60.0,174.0,2.5
2025-04-18 16:00:00,32.3,0.0,60.6,209.0,3.2
2025-04-18 17:00:00,29.6,0.0,74.1,168.0,4.9
2025-04-18 18:00:00,28.7,0.0,76.9,111.0,5.3
2025-04-18 19:00:00,26.8,0.0,94.3,43.0,2.4
2025-04-18 20:00:00,25.9,0.0,96.1,346.0,2.4
2025-04-18 21:00:00,26.8,0.0,90.8,358.0,2.1
2025-04-18 22:00:00,27.3,0.0,89.1,357.0,2.0
2025-04-18 23:00:00,27.5,0.0,88.8,44.0,1.7
2025-04-19 00:00:00,27.7,0.0,88.8,69.0,2.9
2025-04-19 01:00:00,27.6,0.0,89.6,24.0,2.3
2025-04-19 02:00:00,27.5,0.0,89.9,59.0,1.9
2025-04-19 03:00:00,27.3,0.0,90.6,71.0,1.3
2025-04-19 04:00:00,27.1,0.0,92.7,17.0,1.3
2025-04-19 05:00:00,27.1,0.0,92.7,19.0,1.7
2025-04-19 06:00:00,27.1,0.0,93.0,31.0,2.0
2025-04-19 07:00:00,27.1,0.0,93.3,22.0,2.1
2025-04-19 08:00:00,27.3,0.0,92.8,26.0,2.5
2025-04-19 09:00:00,28.7,0.0,84.7,336.0,2.4
2025-04-19 10:00:00,29.6,0.0,76.4,351.0,3.7
2025-04-19 11:00:00,31.7,0.0,65.2,322.0,2.7
2025-04-19 12:00:00,32.2,0.0,63.7,34.0,3.2
2025-04-19 13:00:00,31.4,0.0,63.3,17.0,3.8
2025-04-19 14:00:00,25.3,0.6,85.2,43.0,4.0
2025-04-19 15:00:00,26.9,0.0,82.4,240.0,3.1
2025-04-19 16:00:00,29.3,0.0,73.4,26.0,2.6
2025-04-19 17:00:00,29.1,0.0,74.2,296.0,1.8
2025-04-19 18:00:00,28.2,0.0,80.9,112.0,3.8
2025-04-19 19:00:00,24.6,0.2,99.3,76.0,1.8
2025-04-19 20:00:00,25.7,0.0,95.8,16.0,1.0
2025-04-19 21:00:00,26.6,0.0,80.2,306.0,2.8
2025-04-19 22:00:00,26.4,0.0,87.8,294.0,2.4
2025-04-19 23:00:00,26.2,0.0,91.0,294.0,3.3
2025-04-20 00:00:00,26.1,0.0,93.7,300.0,1.8
2025-04-20 01:00:00,25.8,0.0,97.2,297.0,2.0
2025-04-20 02:00:00,25.8,0.0,97.8,311.0,3.1
2025-04-20 03:00:00,25.6,0.0,97.3,264.0,1.2
2025-04-20 04:00:00,26.1,0.0,90.3,4.0,1.0
2025-04-20 05:00:00,26.2,0.0,87.9,307.0,2.1
2025-04-20 06:00:00,25.9,0.0,90.3,310.0,2.0
2025-04-20 07:00:00,25.9,0.0,92.2,318.0,2.0
2025-04-20 08:00:00,28.4,0.0,76.3,305.0,1.0
2025-04-20 09:00:00,28.1,0.0,81.5,300.0,3.6
2025-04-20 10:00:00,28.3,0.0,74.2,295.0,4.9
2025-04-20 11:00:00,30.5,0.0,64.7,293.0,2.5
2025-04-20 12:00:00,31.0,0.0,59.5,286.0,3.6
2025-04-20 13:00:00,32.8,0.0,52.4,341.0,3.0
2025-04-20 14:00:00,31.1,0.0,63.7,240.0,3.7
2025-04-20 15:00:00,31.4,0.0,62.2,258.0,3.1
2025-04-20 16:00:00,30.7,0.0,66.6,204.0,5.0
2025-04-20 17:00:00,23.6,10.2,99.3,1.0,8.9
2025-04-20 18:00:00,23.4,0.4,99.3,250.0,4.4
2025-04-20 19:00:00,25.0,0.0,94.0,310.0,2.3
2025-04-20 20:00:00,26.0,0.0,78.9,12.0,2.9
2025-04-20 21:00:00,26.5,0.0,79.8,310.0,2.3
2025-04-20 22:00:00,26.3,0.0,84.0,29.0,0.5
2025-04-20 23:00:00,26.0,0.0,89.2,27.0,1.2
2025-04-21 00:00:00,26.3,0.0,82.8,2.0,2.8
2025-04-21 01:00:00,26.7,0.0,78.0,347.0,2.8
2025-04-21 02:00:00,26.1,0.0,78.7,319.0,1.6
2025-04-21 03:00:00,26.1,0.0,82.1,351.0,2.5
2025-04-21 04:00:00,26.3,0.0,80.8,333.0,1.9
2025-04-21 05:00:00,26.9,0.0,77.6,34.0,1.3
2025-04-21 06:00:00,26.3,0.0,80.9,328.0,1.3
2025-04-21 07:00:00,25.9,0.0,82.5,121.0,0.5
2025-04-21 08:00:00,27.5,0.0,76.9,323.0,0.3
2025-04-21 09:00:00,29.4,0.0,72.7,12.0,1.5
2025-04-21 10:00:00,30.2,0.0,68.8,4.0,2.4
2025-04-21 11:00:00,31.8,0.0,59.8,333.0,1.9
2025-04-21 12:00:00,31.1,0.0,62.2,348.0,1.8
2025-04-21 13:00:00,31.2,0.0,63.5,121.0,4.2
2025-04-21 14:00:00,27.4,1.4,79.4,343.0,4.7
2025-04-21 15:00:00,29.5,0.0,75.7,172.0,4.4
2025-04-21 16:00:00,23.2,3.4,96.6,347.0,6.5
2025-04-21 17:00:00,23.4,0.2,99.3,37.0,3.4
2025-04-21 18:00:00,25.1,0.2,88.9,151.0,6.0
2025-04-21 19:00:00,26.2,0.0,79.8,102.0,1.4
2025-04-21 20:00:00,25.9,0.0,86.9,131.0,0.4
2025-04-21 21:00:00,26.0,0.0,87.4,88.0,1.9
2025-04-21 22:00:00,26.0,0.0,91.2,99.0,1.5
2025-04-21 23:00:00,26.1,0.0,89.4,89.0,1.5
2025-04-22 00:00:00,25.7,0.0,90.1,5.0,2.8
2025-04-22 01:00:00,25.1,0.0,98.2,29.0,2.9
2025-04-22 02:00:00,25.5,0.0,93.5,357.0,2.7
2025-04-22 03:00:00,25.4,0.0,95.2,272.0,1.8
2025-04-22 04:00:00,25.5,0.0,93.5,248.0,1.3
2025-04-22 05:00:00,25.5,0.0,94.8,231.0,1.5
2025-04-22 06:00:00,25.6,0.0,94.4,109.0,0.4
2025-04-22 07:00:00,25.4,0.0,90.5,9.0,1.0
2025-04-22 08:00:00,26.3,0.0,87.4,71.0,1.6
2025-04-22 09:00:00,27.2,0.0,86.7,89.0,1.0
2025-04-22 10:00:00,28.9,0.0,76.4,125.0,1.4
2025-04-22 11:00:00,28.8,0.0,74.1,96.0,5.3
2025-04-22 12:00:00,29.5,0.0,68.0,102.0,7.5
2025-04-22 13:00:00,30.4,0.0,60.9,95.0,4.9
2025-04-22 14:00:00,31.8,0.0,56.0,105.0,5.1
2025-04-22 15:00:00,32.4,0.0,51.8,118.0,4.1
2025-04-22 16:00:00,31.0,0.0,56.8,107.0,6.7
2025-04-22 17:00:00,30.0,0.0,64.1,115.0,7.3
2025-04-22 18:00:00,29.0,0.0,74.8,99.0,4.3
2025-04-22 19:00:00,28.8,0.0,74.8,101.0,5.8
2025-04-22 20:00:00,28.4,0.0,81.3,103.0,6.9
2025-04-22 21:00:00,28.5,0.0,78.3,115.0,3.6
2025-04-22 22:00:00,28.7,0.0,75.3,106.0,3.8
2025-04-22 23:00:00,28.5,0.0,74.7,111.0,3.2
2025-04-23 00:00:00,28.3,0.0,72.4,104.0,4.9
2025-04-23 01:00:00,28.1,0.0,78.0,105.0,2.6
2025-04-23 02:00:00,28.0,0.0,80.0,93.0,2.5
2025-04-23 03:00:00,27.4,0.0,85.7,65.0,0.9
2025-04-23 04:00:00,27.2,0.0,86.5,334.0,1.8
2025-04-23 05:00:00,27.3,0.0,87.3,125.0,2.0
2025-04-23 06:00:00,27.0,0.0,88.1,167.0,1.7
2025-04-23 07:00:00,26.2,0.0,84.4,244.0,3.6
2025-04-23 08:00:00,26.3,0.0,87.3,352.0,2.0
2025-04-23 09:00:00,26.4,0.0,86.8,308.0,2.2
2025-04-23 10:00:00,28.1,0.0,76.8,183.0,3.8
2025-04-23 11:00:00,26.4,0.4,88.5,174.0,5.3
2025-04-23 12:00:00,25.4,0.0,88.1,214.0,3.6
2025-04-23 13:00:00,27.0,0.0,84.4,210.0,2.1
2025-04-23 14:00:00,27.1,0.0,86.7,215.0,3.6
2025-04-23 15:00:00,27.8,0.0,81.7,216.0,3.7
2025-04-23 16:00:00,28.1,0.0,76.5,195.0,3.2
2025-04-23 17:00:00,28.6,0.0,72.2,212.0,1.9
2025-04-23 18:00:00,28.0,0.0,77.8,196.0,3.7
2025-04-23 19:00:00,27.6,0.0,78.2,181.0,1.0
2025-04-23 20:00:00,27.4,0.0,78.5,133.0,2.2
2025-04-23 21:00:00,27.3,0.0,78.6,115.0,2.6
2025-04-23 22:00:00,27.4,0.0,81.3,97.0,5.1
2025-04-23 23:00:00,27.2,0.0,84.9,88.0,2.8
2025-04-24 00:00:00,27.0,0.0,85.8,96.0,2.4
2025-04-24 01:00:00,27.1,0.0,83.7,51.0,0.7
2025-04-24 02:00:00,26.1,0.0,92.6,324.0,2.0
2025-04-24 03:00:00,26.1,0.0,94.2,345.0,1.7
2025-04-24 04:00:00,26.2,0.0,92.0,326.0,1.5
2025-04-24 05:00:00,25.8,0.0,91.6,27.0,1.5
2025-04-24 06:00:00,25.9,0.0,92.1,295.0,1.2
2025-04-24 07:00:00,25.9,0.0,91.0,15.0,1.5
2025-04-24 08:00:00,26.4,0.0,89.1,339.0,1.6
2025-04-24 09:00:00,29.0,0.0,78.1,355.0,1.5
2025-04-24 10:00:00,29.2,0.0,70.4,312.0,2.8
2025-04-24 11:00:00,30.2,0.0,67.9,267.0,1.7
2025-04-24 12:00:00,29.5,0.0,72.9,194.0,3.2
2025-04-24 13:00:00,30.4,0.0,65.7,204.0,3.4
2025-04-24 14:00:00,31.5,0.0,58.9,216.0,3.2
2025-04-24 15:00:00,32.1,0.0,54.7,235.0,3.8
2025-04-24 16:00:00,31.5,0.0,55.7,228.0,2.6
2025-04-24 17:00:00,30.3,0.0,60.5,224.0,2.6
2025-04-24 18:00:00,29.9,0.0,65.3,224.0,1.7
2025-04-24 19:00:00,29.1,0.0,69.5,202.0,1.5
2025-04-24 20:00:00,29.1,0.0,69.7,318.0,1.4
2025-04-24 21:00:00,28.6,0.0,73.9,47.0,3.2
2025-04-24 22:00:00,27.9,0.0,77.9,75.0,2.0
2025-04-24 23:00:00,27.5,0.0,79.3,92.0,2.4
2025-04-25 00:00:00,27.3,0.0,80.7,68.0,1.8
2025-04-25 01:00:00,27.5,0.0,79.7,86.0,2.9
2025-04-25 02:00:00,27.4,0.0,80.7,80.0,3.8
2025-04-25 03:00:00,27.2,0.0,84.2,78.0,2.7
2025-04-25 04:00:00,27.1,0.0,85.1,74.0,2.6
2025-04-25 05:00:00,27.0,0.0,85.5,80.0,1.7
2025-04-25 06:00:00,27.0,0.0,85.5,70.0,1.2
2025-04-25 07:00:00,26.8,0.0,86.4,72.0,0.8
2025-04-25 08:00:00,28.4,0.0,79.3,84.0,2.7
2025-04-25 09:00:00,28.4,0.0,79.1,77.0,5.7
2025-04-25 10:00:00,30.3,0.0,71.9,90.0,4.4
2025-04-25 11:00:00,30.1,0.0,70.4,101.0,4.7
2025-04-25 12:00:00,30.1,0.0,70.4,104.0,6.4
2025-04-25 13:00:00,27.6,0.2,77.0,268.0,4.2
2025-04-25 14:00:00,30.4,0.0,66.8,140.0,2.4
2025-04-25 15:00:00,32.6,0.0,52.4,354.0,1.3
2025-04-25 16:00:00,31.4,0.0,59.3,119.0,5.7
2025-04-25 17:00:00,30.6,0.0,65.7,111.0,5.3
2025-04-25 18:00:00,29.2,0.0,75.6,6.0,1.9
2025-04-25 19:00:00,28.2,0.0,71.2,83.0,4.3
2025-04-25 20:00:00,28.4,0.0,75.4,103.0,3.3
2025-04-25 21:00:00,28.1,0.0,80.1,34.0,2.4
2025-04-25 22:00:00,28.2,0.0,80.5,67.0,3.3
2025-04-25 23:00:00,28.3,0.0,80.3,91.0,4.5
2025-04-26 00:00:00,28.3,0.0,79.9,88.0,6.0
2025-04-26 01:00:00,28.3,0.0,79.2,86.0,7.2
2025-04-26 02:00:00,27.9,0.2,82.9,66.0,1.5
2025-04-26 03:00:00,27.5,0.0,80.6,147.0,4.1
2025-04-26 04:00:00,27.3,0.0,84.4,69.0,1.8
2025-04-26 05:00:00,27.4,0.0,86.4,74.0,2.7
2025-04-26 06:00:00,27.3,0.0,86.6,66.0,2.7
2025-04-26 07:00:00,26.6,0.0,90.5,358.0,2.6
2025-04-26 08:00:00,27.9,0.0,81.8,39.0,1.6
2025-04-26 09:00:00,29.1,0.0,74.3,24.0,2.3
2025-04-26 10:00:00,29.7,0.0,71.8,97.0,8.3
2025-04-26 11:00:00,30.3,0.0,71.3,105.0,9.6
2025-04-26 12:00:00,30.6,0.0,66.6,96.0,6.4
2025-04-26 13:00:00,29.1,0.0,74.9,155.0,10.3
2025-04-26 14:00:00,28.7,0.0,76.2,149.0,7.3
2025-04-26 15:00:00,30.4,0.0,66.9,160.0,2.1
2025-04-26 16:00:00,29.3,0.0,73.2,357.0,0.7
2025-04-26 17:00:00,26.6,0.0,86.2,9.0,4.3
2025-04-26 18:00:00,26.5,0.0,85.6,320.0,2.2
2025-04-26 19:00:00,26.5,0.0,84.5,28.0,1.6
2025-04-26 20:00:00,26.9,0.0,84.0,323.0,1.6
2025-04-26 21:00:00,26.9,0.0,85.1,322.0,1.4
2025-04-26 22:00:00,27.4,0.0,83.4,104.0,0.6
2025-04-26 23:00:00,26.8,0.0,86.9,342.0,2.6
