timestamp,temperature,rainfall,humidity,wind_direction,wind_speed
2024-01-01 00:00:00,25.3,0.0,92.9,2.0,4.1
2024-01-01 01:00:00,25.6,0.0,92.4,12.0,4.3
2024-01-01 02:00:00,25.6,0.0,92.4,14.0,4.4
2024-01-01 03:00:00,25.5,0.0,93.7,12.0,2.4
2024-01-01 04:00:00,25.4,0.0,94.1,21.0,3.7
2024-01-01 05:00:00,25.3,0.0,94.5,52.0,1.7
2024-01-01 06:00:00,25.1,0.0,94.7,194.0,0.7
2024-01-01 07:00:00,25.3,0.0,94.1,5.0,2.4
2024-01-01 08:00:00,25.5,0.0,92.9,7.0,2.3
2024-01-01 09:00:00,26.0,0.0,89.1,2.0,4.0
2024-01-01 10:00:00,26.0,0.0,92.0,358.0,4.0
2024-01-01 11:00:00,26.4,0.0,91.5,278.0,1.6
2024-01-01 12:00:00,27.6,0.0,83.9,6.0,2.6
2024-01-01 13:00:00,26.8,0.0,85.3,125.0,2.4
2024-01-01 14:00:00,26.5,0.0,86.2,59.0,3.4
2024-01-01 15:00:00,25.8,0.0,89.9,121.0,7.0
2024-01-01 16:00:00,25.8,0.0,88.6,43.0,2.2
2024-01-01 17:00:00,25.2,0.0,90.8,59.0,6.3
2024-01-01 18:00:00,25.4,0.0,88.8,30.0,1.5
2024-01-01 19:00:00,25.0,0.0,93.1,60.0,3.9
2024-01-01 20:00:00,25.1,0.0,92.2,46.0,7.5
2024-01-01 21:00:00,24.8,0.0,95.1,58.0,5.3
2024-01-01 22:00:00,24.9,0.0,95.3,60.0,4.4
2024-01-01 23:00:00,25.1,0.0,96.2,26.0,5.8
2024-01-02 00:00:00,25.0,0.0,92.3,37.0,6.3
2024-01-02 01:00:00,24.7,0.0,93.5,29.0,3.4
2024-01-02 02:00:00,24.8,0.0,91.1,52.0,4.7
2024-01-02 03:00:00,24.6,0.0,93.8,36.0,2.4
2024-01-02 04:00:00,24.7,0.0,93.8,86.0,2.1
2024-01-02 05:00:00,24.7,0.0,94.4,271.0,1.4
2024-01-02 06:00:00,24.7,0.0,94.7,203.0,0.7
2024-01-02 07:00:00,24.9,0.0,95.4,356.0,2.2
2024-01-02 08:00:00,25.5,0.0,92.3,22.0,3.5
2024-01-02 09:00:00,26.0,0.0,87.9,10.0,7.2
2024-01-02 10:00:00,27.1,0.0,82.7,13.0,4.8
2024-01-02 11:00:00,29.4,0.0,72.8,47.0,2.9
2024-01-02 12:00:00,28.6,0.0,75.8,6.0,4.7
2024-01-02 13:00:00,29.9,0.0,69.8,357.0,6.7
2024-01-02 14:00:00,31.8,0.0,60.2,350.0,4.1
2024-01-02 15:00:00,26.6,0.0,84.4,2.0,9.89999
2024-01-02 16:00:00,30.1,0.0,68.7,343.0,3.9
2024-01-02 17:00:00,29.7,0.0,68.5,15.0,9.8
2024-01-02 18:00:00,28.9,0.0,74.5,19.0,7.2
2024-01-02 19:00:00,28.3,0.0,74.2,15.0,11.7
2024-01-02 20:00:00,27.6,0.0,76.3,14.0,7.4
2024-01-02 21:00:00,27.1,0.0,80.2,28.0,6.9
2024-01-02 22:00:00,26.6,0.0,82.2,22.0,3.7
2024-01-02 23:00:00,26.5,0.0,82.8,23.0,4.7
2024-01-03 00:00:00,26.4,0.2,86.0,51.0,3.6
2024-01-03 01:00:00,25.9,0.0,88.9,58.0,4.5
2024-01-03 02:00:00,25.7,0.0,87.5,52.0,4.8
2024-01-03 03:00:00,25.3,0.0,90.8,4.0,4.7
2024-01-03 04:00:00,25.8,0.0,88.9,11.0,4.0
2024-01-03 05:00:00,26.0,0.0,88.1,13.0,7.0
2024-01-03 06:00:00,26.2,0.0,87.8,23.0,7.2
2024-01-03 07:00:00,25.6,0.0,90.2,9.0,6.2
2024-01-03 08:00:00,25.9,0.0,89.3,7.0,3.3
2024-01-03 09:00:00,26.7,0.0,85.8,4.0,5.7
2024-01-03 10:00:00,27.3,0.0,83.3,358.0,4.0
2024-01-03 11:00:00,27.9,0.0,80.0,3.0,6.2
2024-01-03 12:00:00,28.6,0.0,76.1,,6.9
2024-01-03 13:00:00,28.7,0.0,72.9,1.0,7.7
2024-01-03 14:00:00,29.7,0.0,66.8,5.0,8.0
2024-01-03 15:00:00,30.1,0.0,66.0,348.0,7.8
2024-01-03 16:00:00,30.8,0.0,65.4,18.0,7.2
2024-01-03 17:00:00,28.1,0.0,84.6,76.0,3.2
2024-01-03 18:00:00,27.9,0.0,81.4,34.0,6.6
2024-01-03 19:00:00,27.8,0.0,81.9,25.0,6.4
2024-01-03 20:00:00,27.8,0.0,81.5,21.0,7.0
2024-01-03 21:00:00,27.3,0.0,83.9,15.0,6.3
2024-01-03 22:00:00,27.2,0.0,82.8,2.0,4.2
2024-01-03 23:00:00,27.0,0.0,81.9,2.0,5.1
2024-01-04 00:00:00,26.5,0.0,83.9,1.0,5.5
2024-01-04 01:00:00,26.4,0.0,85.4,352.0,3.2
2024-01-04 02:00:00,25.9,0.0,90.6,14.0,5.0
2024-01-04 03:00:00,25.3,0.0,94.1,349.0,2.7
2024-01-04 04:00:00,24.8,0.6,96.2,353.0,4.1
2024-01-04 05:00:00,24.6,0.6,97.4,8.0,6.4
2024-01-04 06:00:00,23.9,0.2,94.5,23.0,8.39999
2024-01-04 07:00:00,23.6,0.2,96.1,20.0,4.8
2024-01-04 08:00:00,24.0,0.0,95.3,358.0,5.5
2024-01-04 09:00:00,23.7,0.4,97.2,9.0,4.6
2024-01-04 10:00:00,24.0,1.0,97.5,26.0,7.0
2024-01-04 11:00:00,23.5,4.0,97.3,357.0,6.2
2024-01-04 12:00:00,23.9,0.2,96.9,2.0,2.2
2024-01-04 13:00:00,25.4,0.0,90.6,5.0,5.2
2024-01-04 14:00:00,25.3,0.0,91.0,10.0,3.9
2024-01-04 15:00:00,25.3,0.4,93.0,2.0,5.1
2024-01-04 16:00:00,25.6,0.0,89.1,14.0,5.0
2024-01-04 17:00:00,25.7,0.0,90.2,10.0,6.9
2024-01-04 18:00:00,25.2,0.0,93.9,58.0,2.9
2024-01-04 19:00:00,25.1,0.0,93.9,10.0,6.7
2024-01-04 20:00:00,24.9,0.4,96.5,356.0,5.0
2024-01-04 21:00:00,25.0,0.0,92.9,341.0,6.2
2024-01-04 22:00:00,24.8,0.0,91.6,351.0,6.6
2024-01-04 23:00:00,24.6,0.0,93.0,357.0,5.6
2024-01-05 00:00:00,24.6,0.0,93.5,,6.1
2024-01-05 01:00:00,24.5,0.0,93.9,346.0,4.4
2024-01-05 02:00:00,24.5,0.0,93.3,8.0,6.5
2024-01-05 03:00:00,24.3,0.0,93.9,11.0,6.6
2024-01-05 04:00:00,24.6,0.0,92.3,15.0,5.8
2024-01-05 05:00:00,24.4,0.0,92.9,24.0,6.9
2024-01-05 06:00:00,24.2,0.0,93.8,45.0,5.5
2024-01-05 07:00:00,24.4,0.0,93.0,41.0,7.0
2024-01-05 08:00:00,24.7,0.0,91.6,47.0,7.7
2024-01-05 09:00:00,25.1,0.0,91.3,8.0,7.6
2024-01-05 10:00:00,26.1,0.0,85.7,358.0,5.7
2024-01-05 11:00:00,27.0,0.0,79.1,7.0,7.7
2024-01-05 12:00:00,26.3,0.0,88.4,359.0,6.6
2024-01-05 13:00:00,27.5,0.0,82.6,3.0,5.1
2024-01-05 14:00:00,26.1,0.2,89.4,58.0,7.2
2024-01-05 15:00:00,27.5,0.0,84.6,39.0,6.7
2024-01-05 16:00:00,28.3,0.0,76.9,38.0,10.5
2024-01-05 17:00:00,27.5,0.0,81.9,51.0,11.5
2024-01-05 18:00:00,27.9,0.0,81.1,51.0,11.8
2024-01-05 19:00:00,27.0,0.0,87.4,54.0,9.8
2024-01-05 20:00:00,26.6,0.0,89.3,52.0,11.0
2024-01-05 21:00:00,26.4,0.0,89.8,57.0,6.9
2024-01-05 22:00:00,26.3,0.0,90.6,50.0,4.5
2024-01-05 23:00:00,26.1,0.0,91.7,16.0,3.1
2024-01-06 00:00:00,26.2,0.0,91.0,44.0,3.3
2024-01-06 01:00:00,25.9,0.0,92.7,9.0,4.0
2024-01-06 02:00:00,25.8,0.0,92.1,356.0,5.6
2024-01-06 03:00:00,25.6,0.0,92.1,13.0,6.3
2024-01-06 04:00:00,25.7,0.0,90.0,43.0,6.5
2024-01-06 05:00:00,25.5,0.0,90.9,56.0,6.8
2024-01-06 06:00:00,25.4,0.0,92.1,36.0,3.7
2024-01-06 07:00:00,25.4,0.0,90.8,34.0,3.7
2024-01-06 08:00:00,26.3,0.0,87.2,11.0,1.8
2024-01-06 09:00:00,27.0,0.0,84.3,348.0,3.0
2024-01-06 10:00:00,27.7,0.0,81.1,4.0,4.5
2024-01-06 11:00:00,29.4,0.0,72.2,13.0,4.5
2024-01-06 12:00:00,24.9,0.6,93.1,6.0,9.39999
2024-01-06 13:00:00,28.1,0.0,77.9,354.0,5.9
2024-01-06 14:00:00,29.7,0.0,67.8,7.0,9.2
2024-01-06 15:00:00,29.9,0.0,65.2,60.0,6.5
2024-01-06 16:00:00,30.9,0.0,60.4,66.0,6.3
2024-01-06 17:00:00,29.9,0.0,64.7,74.0,7.3
2024-01-06 18:00:00,28.9,0.0,73.1,52.0,6.9
2024-01-06 19:00:00,28.1,0.0,76.1,11.0,6.4
2024-01-06 20:00:00,27.6,0.0,79.7,11.0,6.8
2024-01-06 21:00:00,27.3,0.0,82.2,6.0,4.8
2024-01-06 22:00:00,27.1,0.0,83.1,339.0,1.9
2024-01-06 23:00:00,27.0,0.0,83.5,347.0,2.8
2024-01-07 00:00:00,26.7,0.0,85.1,350.0,3.1
2024-01-07 01:00:00,26.4,0.0,90.2,296.0,3.9
2024-01-07 02:00:00,25.9,0.0,87.2,350.0,3.5
2024-01-07 03:00:00,25.0,0.0,91.7,12.0,8.89999
2024-01-07 04:00:00,24.4,0.2,96.3,314.0,1.9
2024-01-07 05:00:00,24.4,0.2,96.1,359.0,0.8
2024-01-07 06:00:00,24.6,0.0,94.3,338.0,2.9
2024-01-07 07:00:00,24.4,0.0,94.6,339.0,3.9
2024-01-07 08:00:00,24.2,0.6,96.5,320.0,2.8
2024-01-07 09:00:00,23.9,0.6,98.4,272.0,6.3
2024-01-07 10:00:00,22.9,1.2,99.2,258.0,8.60001
2024-01-07 11:00:00,23.3,0.6,99.3,300.0,3.4
2024-01-07 12:00:00,23.4,0.2,99.3,343.0,3.5
2024-01-07 13:00:00,24.3,0.0,99.3,340.0,3.3
2024-01-07 14:00:00,24.9,0.0,90.2,345.0,4.6
2024-01-07 15:00:00,23.9,0.2,96.7,5.0,6.0
2024-01-07 16:00:00,23.7,0.0,95.6,16.0,4.1
2024-01-07 17:00:00,23.7,0.0,95.3,11.0,7.5
2024-01-07 18:00:00,23.6,0.2,97.9,43.0,2.0
2024-01-07 19:00:00,23.5,0.0,96.1,23.0,4.5
2024-01-07 20:00:00,23.5,0.0,96.6,44.0,2.6
2024-01-07 21:00:00,23.2,0.0,97.2,17.0,2.1
2024-01-07 22:00:00,23.3,0.0,95.2,42.0,2.4
2024-01-07 23:00:00,23.2,0.0,96.2,356.0,2.3
2024-01-08 00:00:00,23.4,0.0,95.2,260.0,1.5
2024-01-08 01:00:00,23.4,0.0,92.1,287.0,3.9
2024-01-08 02:00:00,23.5,0.0,91.2,296.0,3.6
2024-01-08 03:00:00,23.5,0.0,90.5,272.0,3.1
2024-01-08 04:00:00,23.2,0.0,91.8,27.0,2.6
2024-01-08 05:00:00,23.1,0.0,93.2,20.0,3.1
2024-01-08 06:00:00,23.3,0.0,91.7,295.0,0.7
2024-01-08 07:00:00,23.9,0.0,85.3,6.0,1.5
2024-01-08 08:00:00,24.1,0.0,87.0,7.0,1.1
2024-01-08 09:00:00,25.6,0.0,83.6,23.0,2.0
2024-01-08 10:00:00,26.1,0.0,85.1,9.0,3.9
2024-01-08 11:00:00,27.6,0.2,81.3,48.0,8.7
2024-01-08 12:00:00,28.9,0.0,72.7,94.0,7.5
2024-01-08 13:00:00,30.4,0.0,65.4,93.0,6.4
2024-01-08 14:00:00,27.6,0.0,84.1,25.0,9.39999
2024-01-08 15:00:00,27.1,0.0,84.5,43.0,10.4
2024-01-08 16:00:00,26.9,0.0,84.0,39.0,8.3
2024-01-08 17:00:00,27.7,0.0,81.2,57.0,7.6
2024-01-08 18:00:00,27.8,0.0,80.9,43.0,10.6
2024-01-08 19:00:00,27.1,0.0,84.3,26.0,6.3
2024-01-08 20:00:00,26.7,0.0,83.6,57.0,8.3
2024-01-08 21:00:00,26.1,0.0,86.5,49.0,4.9
2024-01-08 22:00:00,25.8,0.0,87.2,45.0,6.5
2024-01-08 23:00:00,25.8,0.0,87.2,33.0,4.2
2024-01-09 00:00:00,25.5,0.0,90.6,5.0,2.9
2024-01-09 01:00:00,25.6,0.0,89.1,9.0,5.2
2024-01-09 02:00:00,25.3,0.0,94.1,16.0,4.0
2024-01-09 03:00:00,25.3,0.0,91.8,78.0,2.5
2024-01-09 04:00:00,24.6,0.8,98.2,76.0,5.9
2024-01-09 05:00:00,24.3,0.0,96.9,298.0,2.4
2024-01-09 06:00:00,24.5,0.8,98.0,2.0,5.6
2024-01-09 07:00:00,23.7,3.6,98.1,3.0,7.7
2024-01-09 08:00:00,23.6,0.2,99.3,26.0,5.6
2024-01-09 09:00:00,23.5,0.2,99.3,19.0,3.9
2024-01-09 10:00:00,24.0,0.0,99.3,33.0,1.3
2024-01-09 11:00:00,24.7,0.0,96.3,342.0,4.2
2024-01-09 12:00:00,26.7,0.0,83.0,7.0,9.60001
2024-01-09 13:00:00,26.8,0.0,82.8,1.0,6.1
2024-01-09 14:00:00,28.7,0.0,74.3,2.0,7.1
2024-01-09 15:00:00,28.3,0.0,75.0,33.0,6.8
2024-01-09 16:00:00,29.1,0.0,72.2,52.0,5.7
2024-01-09 17:00:00,28.9,0.0,71.3,55.0,8.5
2024-01-09 18:00:00,28.2,0.0,76.0,73.0,7.7
2024-01-09 19:00:00,27.7,0.0,79.0,39.0,8.60001
2024-01-09 20:00:00,27.1,0.0,84.3,50.0,6.5
2024-01-09 21:00:00,26.5,0.0,87.6,30.0,5.4
2024-01-09 22:00:00,26.1,0.0,88.7,13.0,5.4
2024-01-09 23:00:00,25.8,0.0,90.2,23.0,4.6
2024-01-10 00:00:00,25.8,0.0,91.2,10.0,6.2
2024-01-10 01:00:00,25.8,0.0,89.8,1.0,4.5
2024-01-10 02:00:00,25.5,0.0,91.0,351.0,2.8
2024-01-10 03:00:00,25.4,0.0,90.8,3.0,4.7
2024-01-10 04:00:00,25.0,0.0,92.6,11.0,6.9
2024-01-10 05:00:00,24.6,0.2,94.2,1.0,4.8
2024-01-10 06:00:00,24.7,0.2,95.9,48.0,3.6
2024-01-10 07:00:00,24.3,1.6,98.8,359.0,4.0
2024-01-10 08:00:00,23.9,5.0,99.3,71.0,6.7
2024-01-10 09:00:00,24.5,0.0,99.3,359.0,5.1
2024-01-10 10:00:00,26.1,0.0,87.9,10.0,5.2
2024-01-10 11:00:00,27.3,0.0,82.0,9.0,7.6
2024-01-10 12:00:00,28.8,0.0,74.6,15.0,8.60001
2024-01-10 13:00:00,26.8,0.0,85.1,18.0,8.89999
2024-01-10 14:00:00,28.2,0.0,77.8,3.0,7.6
2024-01-10 15:00:00,24.8,0.0,98.5,1.0,8.39999
2024-01-10 16:00:00,27.2,0.0,83.8,358.0,7.4
2024-01-10 17:00:00,27.0,0.0,83.7,16.0,10.7
2024-01-10 18:00:00,24.3,0.2,98.3,42.0,14.5
2024-01-10 19:00:00,25.6,0.0,96.3,36.0,4.3
2024-01-10 20:00:00,26.0,0.0,91.1,61.0,4.8
2024-01-10 21:00:00,26.2,0.0,89.1,51.0,6.1
2024-01-10 22:00:00,25.9,0.0,90.3,13.0,4.9
2024-01-10 23:00:00,25.6,0.0,92.8,30.0,1.1
2024-01-11 00:00:00,25.8,0.0,90.7,307.0,3.2
2024-01-11 01:00:00,25.5,0.0,92.5,77.0,1.0
2024-01-11 02:00:00,25.4,0.0,92.4,1.0,2.2
2024-01-11 03:00:00,25.4,0.0,93.1,326.0,2.9
2024-01-11 04:00:00,25.1,0.0,95.0,285.0,0.7
2024-01-11 05:00:00,25.1,0.0,94.8,349.0,2.6
2024-01-11 06:00:00,25.2,0.0,95.0,337.0,3.4
2024-01-11 07:00:00,25.1,0.0,95.1,346.0,1.3
2024-01-11 08:00:00,25.5,0.0,92.5,359.0,3.2
2024-01-11 09:00:00,26.1,0.0,90.2,344.0,1.7
2024-01-11 10:00:00,26.8,0.0,87.1,2.0,6.6
2024-01-11 11:00:00,27.8,0.0,83.2,9.0,6.7
2024-01-11 12:00:00,28.7,0.0,76.6,56.0,9.10001
2024-01-11 13:00:00,29.5,0.0,73.9,50.0,6.1
2024-01-11 14:00:00,29.2,0.0,72.0,48.0,14.7
2024-01-11 15:00:00,29.3,0.0,73.1,54.0,6.5
2024-01-11 16:00:00,29.0,0.0,72.8,45.0,12.0
2024-01-11 17:00:00,29.0,0.0,74.4,34.0,7.7
2024-01-11 18:00:00,28.4,0.0,78.3,56.0,8.8
2024-01-11 19:00:00,27.9,0.0,79.9,45.0,8.2
2024-01-11 20:00:00,27.4,0.0,82.2,47.0,8.5
2024-01-11 21:00:00,27.1,0.0,85.0,19.0,7.0
2024-01-11 22:00:00,27.0,0.0,86.2,13.0,7.5
2024-01-11 23:00:00,26.6,0.0,87.6,10.0,6.7
2024-01-12 00:00:00,26.6,0.0,87.2,46.0,4.4
2024-01-12 01:00:00,26.3,0.0,88.9,24.0,4.2
2024-01-12 02:00:00,26.3,0.0,87.1,13.0,4.4
2024-01-12 03:00:00,25.9,0.0,88.9,350.0,3.7
2024-01-12 04:00:00,25.5,0.0,90.4,346.0,5.6
2024-01-12 05:00:00,25.4,0.0,89.8,1.0,6.6
2024-01-12 06:00:00,24.9,0.0,93.3,329.0,2.0
2024-01-12 07:00:00,24.8,0.0,91.6,1.0,3.7
2024-01-12 08:00:00,25.1,0.0,91.0,2.0,4.6
2024-01-12 09:00:00,24.9,0.0,92.7,5.0,8.10001
2024-01-12 10:00:00,24.9,0.0,94.1,,9.3
2024-01-12 11:00:00,25.0,0.0,92.9,344.0,5.4
2024-01-12 12:00:00,25.7,0.0,84.8,359.0,8.2
2024-01-12 13:00:00,24.6,0.0,93.7,346.0,4.8
2024-01-12 14:00:00,25.0,0.2,91.1,11.0,6.6
2024-01-12 15:00:00,24.6,0.0,92.9,14.0,6.7
2024-01-12 16:00:00,25.2,0.0,88.5,42.0,7.1
2024-01-12 17:00:00,23.6,0.4,93.9,22.0,9.2
2024-01-12 18:00:00,23.4,0.2,93.4,49.0,8.3
2024-01-12 19:00:00,23.6,0.0,91.8,355.0,2.7
2024-01-12 20:00:00,24.1,0.0,87.5,19.0,4.2
2024-01-12 21:00:00,24.7,0.0,83.9,17.0,6.1
2024-01-12 22:00:00,24.5,0.0,86.6,52.0,2.1
2024-01-12 23:00:00,24.6,0.0,86.5,81.0,1.3
2024-01-13 00:00:00,24.4,0.0,88.9,219.0,1.1
2024-01-13 01:00:00,24.3,0.0,91.2,7.0,0.8
2024-01-13 02:00:00,24.2,0.0,92.1,250.0,0.7
2024-01-13 03:00:00,24.2,0.0,93.1,230.0,2.8
2024-01-13 04:00:00,24.3,0.0,92.5,265.0,2.3
2024-01-13 05:00:00,24.3,0.0,92.8,286.0,3.1
2024-01-13 06:00:00,24.5,0.0,92.9,272.0,3.7
2024-01-13 07:00:00,24.8,0.0,90.5,308.0,2.7
2024-01-13 08:00:00,25.0,0.0,89.9,322.0,2.8
2024-01-13 09:00:00,25.9,0.0,84.7,301.0,3.6
2024-01-13 10:00:00,27.9,0.0,75.9,336.0,4.3
2024-01-13 11:00:00,28.5,0.0,70.6,340.0,5.6
2024-01-13 12:00:00,29.3,0.0,66.8,355.0,6.5
2024-01-13 13:00:00,29.7,0.0,65.6,18.0,6.4
2024-01-13 14:00:00,30.0,0.0,64.1,34.0,6.0
2024-01-13 15:00:00,29.8,0.0,65.5,22.0,7.8
2024-01-13 16:00:00,29.3,0.0,66.9,23.0,9.3
2024-01-13 17:00:00,28.4,0.0,70.6,7.0,8.2
2024-01-13 18:00:00,28.2,0.0,71.3,30.0,8.89999
2024-01-13 19:00:00,27.6,0.0,76.4,24.0,6.2
2024-01-13 20:00:00,27.2,0.0,79.3,13.0,5.1
2024-01-13 21:00:00,27.0,0.0,81.0,14.0,6.5
2024-01-13 22:00:00,26.8,0.0,81.7,14.0,6.6
2024-01-13 23:00:00,26.5,0.0,83.6,11.0,7.4
2024-01-14 00:00:00,26.5,0.0,83.3,13.0,6.8
2024-01-14 01:00:00,26.4,0.0,84.0,13.0,6.6
2024-01-14 02:00:00,26.2,0.0,83.5,14.0,8.0
2024-01-14 03:00:00,25.9,0.0,86.2,4.0,5.5
2024-01-14 04:00:00,25.9,0.0,86.2,16.0,7.1
2024-01-14 05:00:00,25.9,0.0,86.5,9.0,6.8
2024-01-14 06:00:00,25.9,0.0,85.2,16.0,5.5
2024-01-14 07:00:00,25.7,0.0,85.6,112.0,0.9
2024-01-14 08:00:00,25.9,0.0,85.5,301.0,3.0
2024-01-14 09:00:00,26.2,0.0,85.6,314.0,3.2
2024-01-14 10:00:00,27.0,0.0,80.1,356.0,4.5
2024-01-14 11:00:00,27.7,0.0,76.0,2.0,7.0
2024-01-14 12:00:00,28.5,0.0,70.4,4.0,7.9
2024-01-14 13:00:00,29.2,0.0,68.5,9.0,5.5
2024-01-14 14:00:00,28.4,0.0,70.8,19.0,10.0
2024-01-14 15:00:00,29.6,0.0,66.3,17.0,8.5
2024-01-14 16:00:00,30.0,0.0,61.4,11.0,9.89999
2024-01-14 17:00:00,30.1,0.0,63.3,24.0,8.10001
2024-01-14 18:00:00,29.1,0.0,68.0,15.0,9.3
2024-01-14 19:00:00,28.4,0.0,73.2,20.0,8.39999
2024-01-14 20:00:00,27.5,0.0,77.6,20.0,8.5
2024-01-14 21:00:00,27.2,0.0,77.9,3.0,6.5
2024-01-14 22:00:00,26.7,0.0,80.4,5.0,7.1
2024-01-14 23:00:00,26.4,0.0,82.4,6.0,5.6
2024-01-15 00:00:00,26.4,0.0,83.7,9.0,5.8
2024-01-15 01:00:00,26.3,0.0,84.4,359.0,4.3
2024-01-15 02:00:00,26.2,0.0,85.7,8.0,7.1
2024-01-15 03:00:00,26.0,0.0,86.4,345.0,4.3
2024-01-15 04:00:00,26.1,0.0,86.2,1.0,5.5
2024-01-15 05:00:00,26.2,0.0,85.3,351.0,4.1
2024-01-15 06:00:00,26.2,0.0,85.1,354.0,5.0
2024-01-15 07:00:00,25.9,0.0,86.2,349.0,3.7
2024-01-15 08:00:00,26.0,0.0,85.6,335.0,3.9
2024-01-15 09:00:00,26.6,0.0,83.6,355.0,4.6
2024-01-15 10:00:00,28.3,0.0,76.1,22.0,8.2
2024-01-15 11:00:00,29.6,0.0,68.8,22.0,10.3
2024-01-15 12:00:00,29.8,0.0,67.8,27.0,10.7
2024-01-15 13:00:00,30.4,0.0,66.3,3.0,8.5
2024-01-15 14:00:00,30.2,0.0,67.0,10.0,11.4
2024-01-15 15:00:00,29.9,0.0,72.2,73.0,8.10001
2024-01-15 16:00:00,29.7,0.0,69.9,23.0,8.8
2024-01-15 17:00:00,29.5,0.0,69.9,14.0,8.5
2024-01-15 18:00:00,29.0,0.0,70.4,49.0,9.0
2024-01-15 19:00:00,28.5,0.0,73.4,31.0,6.6
2024-01-15 20:00:00,27.8,0.0,77.8,49.0,7.4
2024-01-15 21:00:00,27.5,0.0,80.7,30.0,6.9
2024-01-15 22:00:00,26.3,0.0,88.8,19.0,8.0
2024-01-15 23:00:00,26.2,0.0,88.9,68.0,5.8
2024-01-16 00:00:00,26.1,0.0,90.9,31.0,2.4
2024-01-16 01:00:00,26.2,0.0,89.8,4.0,6.0
2024-01-16 02:00:00,26.4,0.0,88.1,2.0,4.6
2024-01-16 03:00:00,26.1,0.0,88.6,345.0,4.8
2024-01-16 04:00:00,25.9,0.0,90.1,346.0,3.4
2024-01-16 05:00:00,25.9,0.0,89.8,338.0,4.0
2024-01-16 06:00:00,25.8,0.0,90.5,333.0,2.3
2024-01-16 07:00:00,25.7,0.0,90.3,351.0,4.2
2024-01-16 08:00:00,25.9,0.0,88.3,308.0,4.2
2024-01-16 09:00:00,24.0,0.2,93.0,14.0,9.10001
2024-01-16 10:00:00,24.2,0.0,94.1,98.0,3.9
2024-01-16 11:00:00,25.6,0.0,89.0,96.0,1.3
2024-01-16 12:00:00,26.6,0.0,81.9,24.0,3.5
2024-01-16 13:00:00,27.4,0.0,81.1,17.0,6.2
2024-01-16 14:00:00,28.6,0.0,74.5,46.0,6.6
2024-01-16 15:00:00,28.9,0.0,72.1,21.0,11.8
2024-01-16 16:00:00,29.2,0.0,69.7,41.0,10.2
2024-01-16 17:00:00,29.1,0.0,72.6,29.0,8.5
2024-01-16 18:00:00,27.8,0.0,77.6,17.0,9.3
2024-01-16 19:00:00,27.4,0.0,77.7,30.0,6.9
2024-01-16 20:00:00,26.9,0.0,81.3,26.0,6.8
2024-01-16 21:00:00,26.7,0.0,82.7,8.0,7.0
2024-01-16 22:00:00,26.6,0.0,83.6,13.0,6.9
2024-01-16 23:00:00,26.1,0.0,88.4,10.0,8.8
2024-01-17 00:00:00,25.9,0.2,89.3,359.0,5.6
2024-01-17 01:00:00,25.6,0.0,91.8,8.0,8.60001
2024-01-17 02:00:00,26.0,0.0,90.2,44.0,6.1
2024-01-17 03:00:00,25.8,0.0,91.3,63.0,6.2
2024-01-17 04:00:00,25.0,0.0,92.5,57.0,6.9
2024-01-17 05:00:00,25.1,0.0,89.2,54.0,7.6
2024-01-17 06:00:00,25.3,0.0,92.0,34.0,4.3
2024-01-17 07:00:00,25.5,0.0,90.4,53.0,8.89999
2024-01-17 08:00:00,26.0,0.0,88.9,53.0,7.5
2024-01-17 09:00:00,27.0,0.0,84.0,53.0,9.7
2024-01-17 10:00:00,27.9,0.0,79.4,46.0,9.2
2024-01-17 11:00:00,25.6,2.2,92.2,51.0,12.1
2024-01-17 12:00:00,27.5,0.0,82.0,70.0,6.8
2024-01-17 13:00:00,27.9,0.0,80.4,40.0,7.6
2024-01-17 14:00:00,30.1,0.0,64.6,47.0,13.0
2024-01-17 15:00:00,30.3,0.0,65.4,46.0,7.9
2024-01-17 16:00:00,28.5,0.0,74.8,37.0,13.9
2024-01-17 17:00:00,29.1,0.0,70.0,56.0,9.60001
2024-01-17 18:00:00,28.7,0.0,69.2,47.0,10.5
2024-01-17 19:00:00,27.9,0.0,75.7,40.0,10.0
2024-01-17 20:00:00,27.2,0.0,80.5,18.0,8.7
2024-01-17 21:00:00,27.0,0.0,82.8,13.0,6.9
2024-01-17 22:00:00,26.5,0.0,86.1,9.0,6.7
2024-01-17 23:00:00,26.4,0.0,83.7,,5.8
2024-01-18 00:00:00,26.3,0.0,83.3,3.0,5.0
2024-01-18 01:00:00,26.3,0.0,84.6,359.0,5.2
2024-01-18 02:00:00,26.0,0.0,84.9,332.0,3.7
2024-01-18 03:00:00,25.8,0.0,86.8,351.0,3.5
2024-01-18 04:00:00,25.7,0.0,88.2,326.0,1.8
2024-01-18 05:00:00,25.5,0.0,88.8,346.0,5.2
2024-01-18 06:00:00,25.4,0.0,88.2,339.0,4.4
2024-01-18 07:00:00,25.2,0.0,89.5,342.0,3.9
2024-01-18 08:00:00,25.4,0.0,88.2,346.0,3.4
2024-01-18 09:00:00,26.2,0.0,86.0,359.0,4.3
2024-01-18 10:00:00,27.3,0.0,81.4,8.0,7.3
2024-01-18 11:00:00,27.8,0.0,77.6,14.0,8.0
2024-01-18 12:00:00,28.6,0.0,73.0,10.0,10.4
2024-01-18 13:00:00,26.2,0.2,87.7,4.0,7.3
2024-01-18 14:00:00,28.5,0.0,75.7,13.0,8.8
2024-01-18 15:00:00,28.2,0.0,78.5,32.0,8.3
2024-01-18 16:00:00,26.7,0.0,84.4,50.0,3.5
2024-01-18 17:00:00,27.7,0.0,81.5,47.0,3.4
2024-01-18 18:00:00,27.8,0.0,80.4,8.0,6.0
2024-01-18 19:00:00,25.4,0.0,90.0,21.0,8.89999
2024-01-18 20:00:00,25.4,0.0,89.0,1.0,5.9
2024-01-18 21:00:00,26.0,0.0,88.9,15.0,6.0
2024-01-18 22:00:00,26.0,0.0,88.1,15.0,6.1
2024-01-18 23:00:00,26.1,0.0,87.4,11.0,4.3
2024-01-19 00:00:00,25.8,0.0,88.1,6.0,6.8
2024-01-19 01:00:00,25.7,0.0,89.5,349.0,4.8
2024-01-19 02:00:00,25.7,0.0,88.6,350.0,4.0
2024-01-19 03:00:00,25.5,0.0,89.1,296.0,3.5
2024-01-19 04:00:00,25.6,0.0,89.9,302.0,4.6
2024-01-19 05:00:00,25.7,0.0,88.6,351.0,5.4
2024-01-19 06:00:00,25.5,0.0,89.1,348.0,5.3
2024-01-19 07:00:00,25.4,0.0,89.2,353.0,4.3
2024-01-19 08:00:00,25.9,0.0,85.8,337.0,4.3
2024-01-19 09:00:00,26.1,0.0,86.2,300.0,4.5
2024-01-19 10:00:00,26.3,0.0,83.5,343.0,5.8
2024-01-19 11:00:00,27.9,0.0,75.3,,8.3
2024-01-19 12:00:00,28.9,0.0,69.0,1.0,9.10001
2024-01-19 13:00:00,29.3,0.0,68.3,2.0,7.0
2024-01-19 14:00:00,29.8,0.0,66.8,4.0,7.7
2024-01-19 15:00:00,28.8,0.0,72.6,352.0,3.6
2024-01-19 16:00:00,27.2,0.0,80.8,259.0,1.4
2024-01-19 17:00:00,24.7,0.0,95.6,87.0,6.4
2024-01-19 18:00:00,25.6,0.0,88.6,20.0,4.4
2024-01-19 19:00:00,25.2,0.0,92.8,153.0,1.7
2024-01-19 20:00:00,25.5,0.0,87.5,9.0,6.5
2024-01-19 21:00:00,25.9,0.0,85.2,8.0,5.3
2024-01-19 22:00:00,26.0,0.0,85.7,5.0,3.7
2024-01-19 23:00:00,26.0,0.0,87.2,347.0,3.8
2024-01-20 00:00:00,26.0,0.0,87.7,12.0,2.4
2024-01-20 01:00:00,26.0,0.0,86.9,317.0,2.8
2024-01-20 02:00:00,25.7,0.0,90.8,245.0,1.7
2024-01-20 03:00:00,25.7,0.0,90.4,347.0,1.6
2024-01-20 04:00:00,25.2,0.0,92.6,8.0,5.1
2024-01-20 05:00:00,24.2,0.2,95.3,58.0,5.9
2024-01-20 06:00:00,24.1,0.0,91.4,43.0,2.0
2024-01-20 07:00:00,23.6,0.2,93.2,10.0,6.7
2024-01-20 08:00:00,23.7,0.0,94.6,358.0,3.9
2024-01-20 09:00:00,23.7,0.2,94.0,346.0,5.2
2024-01-20 10:00:00,24.1,0.0,90.0,347.0,4.6
2024-01-20 11:00:00,24.8,0.0,88.8,340.0,5.6
2024-01-20 12:00:00,25.7,0.0,83.4,4.0,7.5
2024-01-20 13:00:00,25.7,0.0,81.1,359.0,8.60001
2024-01-20 14:00:00,24.9,0.0,87.8,1.0,6.9
2024-01-20 15:00:00,24.7,0.2,90.7,359.0,7.3
2024-01-20 16:00:00,24.5,0.2,90.0,3.0,8.7
2024-01-20 17:00:00,24.2,0.0,91.4,359.0,5.5
2024-01-20 18:00:00,24.2,0.0,92.7,6.0,3.7
2024-01-20 19:00:00,24.0,0.0,93.8,11.0,5.4
2024-01-20 20:00:00,23.7,0.0,94.9,4.0,4.6
2024-01-20 21:00:00,23.4,0.0,93.5,4.0,6.8
2024-01-20 22:00:00,23.5,0.0,87.7,1.0,6.9
2024-01-20 23:00:00,23.6,0.0,84.0,11.0,7.8
2024-01-21 00:00:00,23.8,0.0,81.2,353.0,4.2
2024-01-21 01:00:00,23.9,0.0,80.2,329.0,2.2
2024-01-21 02:00:00,23.6,0.0,84.1,3.0,3.8
2024-01-21 03:00:00,23.8,0.0,86.6,19.0,5.5
2024-01-21 04:00:00,23.7,0.0,87.6,9.0,4.6
2024-01-21 05:00:00,23.6,0.0,89.0,354.0,3.1
2024-01-21 06:00:00,23.6,0.0,88.9,4.0,4.4
2024-01-21 07:00:00,23.7,0.0,88.5,14.0,2.8
2024-01-21 08:00:00,24.5,0.0,85.4,20.0,4.2
2024-01-21 09:00:00,25.8,0.0,78.7,3.0,4.4
2024-01-21 10:00:00,27.4,0.0,71.5,359.0,5.6
2024-01-21 11:00:00,28.8,0.0,68.0,11.0,6.1
2024-01-21 12:00:00,29.8,0.0,63.9,359.0,5.4
2024-01-21 13:00:00,30.6,0.0,59.0,349.0,5.4
2024-01-21 14:00:00,31.2,0.0,53.5,1.0,5.5
2024-01-21 15:00:00,32.1,0.0,49.6,6.0,6.3
2024-01-21 16:00:00,32.2,0.0,49.5,350.0,4.6
2024-01-21 17:00:00,31.2,0.0,60.2,34.0,4.9
2024-01-21 18:00:00,29.4,0.0,69.3,59.0,6.2
2024-01-21 19:00:00,28.8,0.0,69.2,34.0,8.10001
2024-01-21 20:00:00,28.1,0.0,75.2,80.0,5.9
2024-01-21 21:00:00,27.4,0.0,78.3,41.0,4.9
2024-01-21 22:00:00,26.9,0.0,79.2,8.0,5.6
2024-01-21 23:00:00,26.7,0.0,80.0,9.0,4.8
2024-01-22 00:00:00,26.3,0.0,82.9,28.0,6.2
2024-01-22 01:00:00,26.0,0.0,84.9,6.0,6.2
2024-01-22 02:00:00,25.8,0.0,86.4,16.0,7.3
2024-01-22 03:00:00,25.5,0.0,87.4,12.0,6.2
2024-01-22 04:00:00,25.2,0.0,88.5,348.0,2.8
2024-01-22 05:00:00,25.0,0.0,89.3,344.0,3.9
2024-01-22 06:00:00,24.9,0.0,89.6,334.0,3.9
2024-01-22 07:00:00,25.0,0.0,88.9,21.0,2.5
2024-01-22 08:00:00,25.3,0.0,87.5,8.0,5.0
2024-01-22 09:00:00,26.5,0.0,81.8,359.0,5.0
2024-01-22 10:00:00,27.9,0.0,74.9,351.0,4.1
2024-01-22 11:00:00,29.5,0.0,66.2,12.0,3.3
2024-01-22 12:00:00,31.8,0.0,57.0,321.0,2.1
2024-01-22 13:00:00,33.0,0.0,52.0,307.0,1.8
2024-01-22 14:00:00,31.4,0.0,54.6,291.0,5.2
2024-01-22 15:00:00,34.2,0.0,47.8,267.0,2.5
2024-01-22 16:00:00,31.9,0.0,59.6,190.0,4.0
2024-01-22 17:00:00,30.5,0.0,66.0,129.0,7.6
2024-01-22 18:00:00,30.7,0.0,65.0,172.0,5.0
2024-01-22 19:00:00,27.3,0.0,80.6,83.0,8.5
2024-01-22 20:00:00,27.5,0.0,81.3,75.0,5.3
2024-01-22 21:00:00,27.3,0.0,82.4,54.0,5.7
2024-01-22 22:00:00,26.9,0.0,85.9,49.0,4.5
2024-01-22 23:00:00,26.2,0.0,89.0,11.0,6.3
2024-01-23 00:00:00,26.4,0.0,88.3,15.0,6.9
2024-01-23 01:00:00,26.1,0.0,89.8,20.0,3.8
2024-01-23 02:00:00,25.9,0.0,90.2,18.0,3.6
2024-01-23 03:00:00,25.9,0.0,88.9,9.0,6.6
2024-01-23 04:00:00,25.6,0.0,90.3,6.0,4.2
2024-01-23 05:00:00,25.5,0.0,90.1,16.0,3.4
2024-01-23 06:00:00,25.5,0.0,90.5,9.0,2.8
2024-01-23 07:00:00,25.4,0.0,89.8,13.0,4.3
2024-01-23 08:00:00,25.6,0.0,89.5,6.0,2.4
2024-01-23 09:00:00,26.2,0.0,86.9,4.0,3.9
2024-01-23 10:00:00,28.0,0.0,75.7,2.0,6.1
2024-01-23 11:00:00,29.3,0.0,69.1,5.0,5.8
2024-01-23 12:00:00,30.7,0.0,63.3,24.0,5.7
2024-01-23 13:00:00,31.8,0.0,58.5,19.0,5.6
2024-01-23 14:00:00,32.4,0.0,54.9,6.0,4.8
2024-01-23 15:00:00,31.8,0.0,59.5,6.0,4.3
2024-01-23 16:00:00,25.2,0.4,88.1,39.0,2.4
2024-01-23 17:00:00,24.7,0.2,91.9,140.0,3.1
2024-01-23 18:00:00,25.1,0.0,89.7,125.0,3.5
2024-01-23 19:00:00,24.5,0.0,93.3,20.0,3.3
2024-01-23 20:00:00,24.3,0.0,94.2,12.0,3.6
2024-01-23 21:00:00,24.7,0.0,93.1,43.0,2.3
2024-01-23 22:00:00,24.8,0.0,92.0,351.0,3.8
2024-01-23 23:00:00,25.2,0.0,89.2,56.0,1.8
2024-01-24 00:00:00,25.1,0.0,91.0,23.0,2.2
2024-01-24 01:00:00,25.2,0.0,90.6,9.0,2.1
2024-01-24 02:00:00,25.4,0.0,90.3,122.0,0.8
2024-01-24 03:00:00,25.1,0.0,93.5,34.0,1.9
2024-01-24 04:00:00,24.9,0.0,94.8,10.0,3.6
2024-01-24 05:00:00,24.8,0.0,94.6,26.0,2.4
2024-01-24 06:00:00,24.9,0.0,94.6,25.0,2.0
2024-01-24 07:00:00,25.2,0.0,92.6,126.0,0.4
2024-01-24 08:00:00,25.9,0.0,90.7,89.0,3.8
2024-01-24 09:00:00,26.0,0.0,91.4,63.0,5.7
2024-01-24 10:00:00,27.5,0.0,84.2,63.0,7.2
2024-01-24 11:00:00,28.4,0.0,79.5,53.0,7.1
2024-01-24 12:00:00,28.3,0.0,81.1,93.0,5.3
2024-01-24 13:00:00,27.3,0.0,84.1,69.0,5.6
2024-01-24 14:00:00,29.6,0.0,73.5,83.0,8.0
2024-01-24 15:00:00,29.0,0.0,76.0,59.0,8.2
2024-01-24 16:00:00,25.3,1.4,92.7,312.0,4.9
2024-01-24 17:00:00,25.2,0.0,98.2,18.0,3.6
2024-01-24 18:00:00,25.2,0.0,93.4,336.0,4.8
2024-01-24 19:00:00,24.4,4.4,95.9,98.0,11.4
2024-01-24 20:00:00,24.5,1.4,98.4,325.0,1.9
2024-01-24 21:00:00,24.6,0.2,98.6,3.0,6.7
2024-01-24 22:00:00,24.4,0.0,93.6,6.0,2.6
2024-01-24 23:00:00,24.4,0.2,94.3,50.0,9.2
2024-01-25 00:00:00,24.6,0.0,95.1,72.0,4.6
2024-01-25 01:00:00,24.2,0.0,96.4,11.0,4.7
2024-01-25 02:00:00,24.4,0.0,96.4,10.0,7.8
2024-01-25 03:00:00,24.5,0.0,94.2,12.0,7.2
2024-01-25 04:00:00,24.7,0.0,93.4,46.0,6.1
2024-01-25 05:00:00,24.4,0.0,95.0,5.0,2.9
2024-01-25 06:00:00,24.8,0.0,94.4,56.0,2.1
2024-01-25 07:00:00,25.4,0.0,92.6,49.0,2.8
2024-01-25 08:00:00,25.4,0.0,94.2,10.0,3.8
2024-01-25 09:00:00,26.9,0.0,86.9,38.0,4.4
2024-01-25 10:00:00,27.6,0.0,82.4,46.0,10.0
2024-01-25 11:00:00,29.0,0.0,76.5,1.0,7.1
2024-01-25 12:00:00,27.0,1.4,88.6,10.0,4.4
2024-01-25 13:00:00,26.3,0.0,91.4,60.0,6.1
2024-01-25 14:00:00,26.6,0.0,83.0,86.0,4.0
2024-01-25 15:00:00,25.6,0.0,91.1,80.0,7.5
2024-01-25 16:00:00,25.2,0.0,91.9,77.0,4.9
2024-01-25 17:00:00,25.5,0.0,91.4,46.0,6.6
2024-01-25 18:00:00,25.2,0.0,91.8,50.0,6.7
2024-01-25 19:00:00,24.8,0.0,92.2,68.0,5.9
2024-01-25 20:00:00,24.6,0.0,94.9,56.0,5.5
2024-01-25 21:00:00,24.7,0.0,96.0,72.0,5.2
2024-01-25 22:00:00,24.8,0.0,92.8,61.0,4.5
2024-01-25 23:00:00,25.1,0.0,92.9,52.0,4.3
2024-01-26 00:00:00,25.4,0.0,92.8,106.0,4.1
2024-01-26 01:00:00,25.1,0.0,93.3,82.0,6.8
2024-01-26 02:00:00,25.1,0.0,94.7,58.0,4.4
2024-01-26 03:00:00,25.5,0.0,93.1,68.0,4.8
2024-01-26 04:00:00,25.8,0.0,93.4,49.0,6.0
2024-01-26 05:00:00,25.6,0.0,94.9,37.0,4.3
2024-01-26 06:00:00,26.0,0.0,90.9,51.0,8.3
2024-01-26 07:00:00,25.9,0.0,91.1,50.0,8.5
2024-01-26 08:00:00,26.1,0.0,90.6,52.0,7.8
2024-01-26 09:00:00,26.6,0.0,88.3,56.0,6.6
2024-01-26 10:00:00,27.3,0.0,84.0,47.0,11.2
2024-01-26 11:00:00,28.2,0.0,76.5,44.0,15.6
2024-01-26 12:00:00,29.2,0.0,72.2,43.0,11.6
2024-01-26 13:00:00,29.1,0.0,71.8,40.0,13.5
2024-01-26 14:00:00,30.1,0.0,67.3,46.0,13.5
2024-01-26 15:00:00,29.9,0.0,65.9,44.0,14.1
2024-01-26 16:00:00,30.0,0.0,65.7,45.0,14.2
2024-01-26 17:00:00,29.7,0.0,67.3,49.0,10.9
2024-01-26 18:00:00,29.2,0.0,67.6,46.0,13.0
2024-01-26 19:00:00,28.4,0.0,73.5,49.0,11.6
2024-01-26 20:00:00,27.5,0.0,78.4,53.0,9.2
2024-01-26 21:00:00,26.9,0.0,83.4,18.0,8.39999
2024-01-26 22:00:00,26.6,0.0,85.7,19.0,9.60001
2024-01-26 23:00:00,26.6,0.0,86.7,40.0,7.3
2024-01-27 00:00:00,26.3,0.0,87.1,49.0,8.7
2024-01-27 01:00:00,26.2,0.0,88.0,37.0,5.1
2024-01-27 02:00:00,26.1,0.0,88.5,43.0,4.2
2024-01-27 03:00:00,26.1,0.0,88.0,43.0,6.1
2024-01-27 04:00:00,26.0,0.0,88.5,16.0,7.1
2024-01-27 05:00:00,26.0,0.0,88.6,44.0,6.3
2024-01-27 06:00:00,25.9,0.0,88.6,42.0,5.6
2024-01-27 07:00:00,25.9,0.0,88.1,43.0,5.1
2024-01-27 08:00:00,26.2,0.0,86.1,51.0,8.89999
2024-01-27 09:00:00,27.5,0.0,80.9,41.0,6.4
2024-01-27 10:00:00,28.2,0.0,75.7,46.0,11.9
2024-01-27 11:00:00,28.7,0.0,73.3,46.0,14.2
2024-01-27 12:00:00,28.2,0.0,75.3,29.0,13.3
2024-01-27 13:00:00,28.9,0.0,69.6,42.0,14.7
2024-01-27 14:00:00,30.2,0.0,62.7,46.0,14.1
2024-01-27 15:00:00,30.1,0.0,62.6,44.0,14.1
2024-01-27 16:00:00,30.1,0.0,63.9,56.0,11.1
2024-01-27 17:00:00,29.1,0.0,69.0,42.0,16.0
2024-01-27 18:00:00,28.9,0.0,68.5,47.0,15.7
2024-01-27 19:00:00,28.3,0.0,72.0,50.0,11.3
2024-01-27 20:00:00,27.5,0.0,76.9,56.0,8.39999
2024-01-27 21:00:00,27.1,0.0,81.6,30.0,4.8
2024-01-27 22:00:00,26.8,0.0,83.5,16.0,8.10001
2024-01-27 23:00:00,26.7,0.0,83.4,51.0,6.4
2024-01-28 00:00:00,26.4,0.0,87.0,19.0,5.5
2024-01-28 01:00:00,26.3,0.0,86.4,21.0,6.1
2024-01-28 02:00:00,26.2,0.0,86.9,12.0,7.9
2024-01-28 03:00:00,25.9,0.0,89.3,26.0,4.8
2024-01-28 04:00:00,25.7,0.0,87.5,19.0,8.8
2024-01-28 05:00:00,25.4,0.0,88.4,8.0,4.8
2024-01-28 06:00:00,25.4,0.0,87.4,357.0,4.8
2024-01-28 07:00:00,25.4,0.0,87.4,16.0,4.4
2024-01-28 08:00:00,25.9,0.0,85.9,16.0,4.4
2024-01-28 09:00:00,26.9,0.0,80.4,52.0,8.3
2024-01-28 10:00:00,27.8,0.0,76.2,50.0,9.2
2024-01-28 11:00:00,28.9,0.0,70.0,58.0,9.0
2024-01-28 12:00:00,29.5,0.0,69.7,57.0,7.9
2024-01-28 13:00:00,30.1,0.0,65.4,49.0,10.0
2024-01-28 14:00:00,30.1,0.0,62.8,48.0,12.9
2024-01-28 15:00:00,30.2,0.0,64.0,51.0,11.4
2024-01-28 16:00:00,29.4,0.0,68.1,49.0,11.5
2024-01-28 17:00:00,29.8,0.0,66.1,44.0,12.3
2024-01-28 18:00:00,28.7,0.0,70.7,48.0,11.5
2024-01-28 19:00:00,27.9,0.0,74.9,47.0,12.0
2024-01-28 20:00:00,27.2,0.0,81.1,34.0,6.5
2024-01-28 21:00:00,27.0,0.0,82.0,40.0,6.1
2024-01-28 22:00:00,26.9,0.0,82.4,37.0,7.0
2024-01-28 23:00:00,26.5,0.0,83.9,27.0,7.0
2024-01-29 00:00:00,26.1,0.0,85.7,16.0,7.5
2024-01-29 01:00:00,25.9,0.0,86.3,10.0,7.7
2024-01-29 02:00:00,25.6,0.0,87.5,5.0,7.7
2024-01-29 03:00:00,25.7,0.0,85.9,11.0,6.0
2024-01-29 04:00:00,25.7,0.0,86.6,11.0,5.5
2024-01-29 05:00:00,25.5,0.0,88.3,32.0,6.4
2024-01-29 06:00:00,25.5,0.0,88.4,23.0,6.0
2024-01-29 07:00:00,25.5,0.0,88.8,21.0,4.0
2024-01-29 08:00:00,25.6,0.0,88.0,14.0,6.9
2024-01-29 09:00:00,26.8,0.0,82.8,9.0,8.2
2024-01-29 10:00:00,27.8,0.0,76.8,61.0,10.1
2024-01-29 11:00:00,28.8,0.0,71.6,38.0,10.0
2024-01-29 12:00:00,29.7,0.0,66.9,41.0,12.7
2024-01-29 13:00:00,29.7,0.0,63.2,48.0,12.3
2024-01-29 14:00:00,30.1,0.0,61.3,43.0,14.3
2024-01-29 15:00:00,30.3,0.0,58.6,43.0,14.0
2024-01-29 16:00:00,29.8,0.0,61.2,47.0,13.5
2024-01-29 17:00:00,29.6,0.0,64.7,51.0,11.4
2024-01-29 18:00:00,29.2,0.0,67.4,26.0,10.2
2024-01-29 19:00:00,28.3,0.0,68.7,40.0,11.7
2024-01-29 20:00:00,27.6,0.0,73.1,43.0,12.4
2024-01-29 21:00:00,26.9,0.0,78.2,40.0,5.4
2024-01-29 22:00:00,26.7,0.0,82.3,27.0,5.8
2024-01-29 23:00:00,26.5,0.0,82.6,20.0,7.1
2024-01-30 00:00:00,26.3,0.0,83.9,28.0,7.8
2024-01-30 01:00:00,26.0,0.0,84.3,14.0,8.3
2024-01-30 02:00:00,26.0,0.0,82.7,20.0,6.1
2024-01-30 03:00:00,25.7,0.0,84.2,10.0,5.8
2024-01-30 04:00:00,25.6,0.0,84.1,39.0,4.5
2024-01-30 05:00:00,25.3,0.0,86.0,33.0,3.6
2024-01-30 06:00:00,25.2,0.0,86.9,21.0,5.4
2024-01-30 07:00:00,25.2,0.0,86.5,13.0,5.1
2024-01-30 08:00:00,25.3,0.0,86.4,5.0,6.1
2024-01-30 09:00:00,26.4,0.0,81.4,13.0,8.0
2024-01-30 10:00:00,28.2,0.0,73.7,29.0,6.2
2024-01-30 11:00:00,27.7,0.0,74.3,12.0,5.0
2024-01-30 12:00:00,26.7,0.0,79.7,46.0,9.2
2024-01-30 13:00:00,28.8,0.0,70.5,67.0,4.4
2024-01-30 14:00:00,29.8,0.0,62.2,30.0,9.39999
2024-01-30 15:00:00,29.5,0.0,64.1,11.0,7.8
2024-01-30 16:00:00,29.3,0.0,65.6,49.0,11.2
2024-01-30 17:00:00,29.2,0.0,63.6,46.0,10.5
2024-01-30 18:00:00,28.9,0.0,67.8,40.0,10.4
2024-01-30 19:00:00,28.1,0.0,68.3,49.0,10.0
2024-01-30 20:00:00,27.4,0.0,72.4,55.0,7.4
2024-01-30 21:00:00,26.9,0.0,77.8,55.0,4.6
2024-01-30 22:00:00,26.6,0.0,80.8,48.0,6.5
2024-01-30 23:00:00,26.4,0.0,82.1,45.0,6.2
2024-01-31 00:00:00,26.0,0.0,83.2,53.0,6.5
2024-01-31 01:00:00,25.8,0.0,86.3,24.0,4.7
2024-01-31 02:00:00,25.6,0.0,87.0,17.0,6.1
2024-01-31 03:00:00,25.6,0.0,86.5,36.0,4.5
2024-01-31 04:00:00,25.3,0.0,86.9,14.0,6.4
2024-01-31 05:00:00,25.2,0.0,87.0,12.0,5.5
2024-01-31 06:00:00,25.2,0.0,86.1,27.0,4.2
2024-01-31 07:00:00,25.0,0.0,86.6,6.0,6.4
2024-01-31 08:00:00,25.3,0.0,84.1,9.0,6.4
2024-01-31 09:00:00,26.4,0.0,80.2,353.0,5.1
2024-01-31 10:00:00,27.1,0.0,78.2,5.0,6.4
2024-01-31 11:00:00,28.0,0.0,71.0,17.0,9.5
2024-01-31 12:00:00,29.2,0.0,68.0,13.0,7.0
2024-01-31 13:00:00,29.5,0.0,67.1,4.0,8.8
2024-01-31 14:00:00,30.8,0.0,60.3,41.0,6.1
2024-01-31 15:00:00,30.1,0.0,63.2,31.0,7.5
2024-01-31 16:00:00,30.3,0.0,61.8,34.0,5.8
2024-01-31 17:00:00,29.8,0.0,63.8,50.0,8.2
2024-01-31 18:00:00,28.9,0.0,67.1,52.0,10.8
2024-01-31 19:00:00,28.1,0.0,71.9,31.0,8.39999
2024-01-31 20:00:00,27.4,0.0,76.7,42.0,7.5
2024-01-31 21:00:00,26.9,0.0,79.7,59.0,6.6
2024-01-31 22:00:00,26.3,0.0,82.4,46.0,6.8
2024-01-31 23:00:00,26.3,0.0,83.8,47.0,6.3
2024-02-01 00:00:00,26.0,0.0,85.5,56.0,7.2
2024-02-01 01:00:00,26.0,0.0,85.3,56.0,8.10001
2024-02-01 02:00:00,25.9,0.0,86.5,60.0,6.2
2024-02-01 03:00:00,25.8,0.0,87.3,54.0,8.60001
2024-02-01 04:00:00,25.8,0.0,87.7,59.0,7.6
2024-02-01 05:00:00,25.7,0.0,88.7,56.0,6.7
2024-02-01 06:00:00,25.8,0.0,88.2,53.0,6.7
2024-02-01 07:00:00,25.8,0.0,87.4,55.0,8.60001
2024-02-01 08:00:00,25.9,0.0,87.4,55.0,5.4
2024-02-01 09:00:00,26.3,0.0,85.1,55.0,9.2
2024-02-01 10:00:00,27.0,0.0,79.6,54.0,6.6
2024-02-01 11:00:00,28.5,0.0,71.0,40.0,9.2
2024-02-01 12:00:00,30.5,0.0,63.6,57.0,7.1
2024-02-01 13:00:00,31.3,0.0,59.9,52.0,5.3
2024-02-01 14:00:00,30.8,0.0,59.4,36.0,8.3
2024-02-01 15:00:00,30.8,0.0,60.1,62.0,6.4
2024-02-01 16:00:00,30.2,0.0,64.2,65.0,8.10001
2024-02-01 17:00:00,29.6,0.0,66.7,72.0,9.89999
2024-02-01 18:00:00,29.0,0.0,66.4,35.0,10.7
2024-02-01 19:00:00,28.2,0.0,71.1,24.0,8.39999
2024-02-01 20:00:00,27.5,0.0,74.9,16.0,10.1
2024-02-01 21:00:00,27.1,0.0,78.4,16.0,7.2
2024-02-01 22:00:00,26.9,0.0,78.9,13.0,6.6
2024-02-01 23:00:00,26.6,0.0,81.2,9.0,5.8
2024-02-02 00:00:00,26.6,0.0,81.6,51.0,4.2
2024-02-02 01:00:00,26.3,0.0,83.3,8.0,5.7
2024-02-02 02:00:00,26.2,0.0,84.5,8.0,6.1
2024-02-02 03:00:00,26.1,0.0,85.6,13.0,6.5
2024-02-02 04:00:00,25.9,0.0,87.4,342.0,1.8
2024-02-02 05:00:00,26.2,0.0,86.3,49.0,3.8
2024-02-02 06:00:00,25.9,0.0,87.5,50.0,5.4
2024-02-02 07:00:00,26.0,0.0,87.4,48.0,4.2
2024-02-02 08:00:00,26.5,0.0,85.9,56.0,5.9
2024-02-02 09:00:00,27.0,0.0,83.6,20.0,7.3
2024-02-02 10:00:00,28.2,0.0,75.3,24.0,8.89999
2024-02-02 11:00:00,29.6,0.0,67.8,49.0,8.2
2024-02-02 12:00:00,29.3,0.0,67.8,24.0,9.5
2024-02-02 13:00:00,30.3,0.0,63.6,14.0,8.39999
2024-02-02 14:00:00,28.6,0.4,76.2,43.0,9.60001
2024-02-02 15:00:00,29.7,0.0,69.2,51.0,12.3
2024-02-02 16:00:00,30.2,0.0,64.6,51.0,8.7
2024-02-02 17:00:00,28.3,0.0,75.9,186.0,4.0
2024-02-02 18:00:00,27.8,0.0,80.5,206.0,2.7
2024-02-02 19:00:00,27.3,0.0,83.4,280.0,1.4
2024-02-02 20:00:00,28.0,0.0,76.4,68.0,6.6
2024-02-02 21:00:00,27.3,0.0,80.9,61.0,6.7
2024-02-02 22:00:00,26.9,0.0,82.9,67.0,6.7
2024-02-02 23:00:00,26.7,0.0,86.0,44.0,7.9
2024-02-03 00:00:00,26.3,0.0,88.2,29.0,3.5
2024-02-03 01:00:00,26.2,0.0,87.8,46.0,5.3
2024-02-03 02:00:00,26.1,0.0,86.9,54.0,9.7
2024-02-03 03:00:00,26.2,0.0,86.4,59.0,8.60001
2024-02-03 04:00:00,26.0,0.0,86.4,57.0,6.8
2024-02-03 05:00:00,26.0,0.0,86.0,43.0,5.7
2024-02-03 06:00:00,25.6,0.0,88.9,24.0,6.6
2024-02-03 07:00:00,25.7,0.0,87.4,52.0,6.3
2024-02-03 08:00:00,25.9,0.0,86.3,53.0,7.9
2024-02-03 09:00:00,27.3,0.0,80.1,47.0,6.8
2024-02-03 10:00:00,28.1,0.0,74.1,16.0,9.2
2024-02-03 11:00:00,29.6,0.0,68.0,17.0,10.3
2024-02-03 12:00:00,31.0,0.0,62.0,28.0,7.8
2024-02-03 13:00:00,31.7,0.0,56.4,41.0,6.1
2024-02-03 14:00:00,32.3,0.0,52.9,39.0,5.5
2024-02-03 15:00:00,31.5,0.0,57.4,10.0,7.8
2024-02-03 16:00:00,31.2,0.0,60.0,51.0,9.39999
2024-02-03 17:00:00,30.8,0.0,61.2,75.0,5.8
2024-02-03 18:00:00,27.0,0.0,83.1,217.0,4.0
2024-02-03 19:00:00,27.0,0.0,78.7,196.0,3.0
2024-02-03 20:00:00,28.2,0.0,74.0,40.0,5.6
2024-02-03 21:00:00,27.5,0.0,78.6,30.0,4.3
2024-02-03 22:00:00,27.1,0.0,80.9,43.0,4.3
2024-02-03 23:00:00,26.7,0.0,81.8,21.0,2.6
2024-02-04 00:00:00,26.6,0.0,81.1,19.0,5.4
2024-02-04 01:00:00,26.4,0.0,82.5,8.0,5.6
2024-02-04 02:00:00,26.2,0.0,83.0,355.0,2.7
2024-02-04 03:00:00,26.0,0.0,83.9,348.0,4.4
2024-02-04 04:00:00,25.7,0.0,85.1,8.0,4.8
2024-02-04 05:00:00,25.7,0.0,84.3,14.0,4.5
2024-02-04 06:00:00,25.6,0.0,84.0,330.0,2.8
2024-02-04 07:00:00,25.6,0.0,84.1,314.0,3.0
2024-02-04 08:00:00,25.5,0.0,84.3,348.0,2.4
2024-02-04 09:00:00,26.1,0.0,82.4,18.0,3.7
2024-02-04 10:00:00,27.8,0.0,72.2,26.0,9.0
2024-02-04 11:00:00,29.2,0.0,64.6,9.0,7.6
2024-02-04 12:00:00,30.5,0.0,54.4,16.0,7.1
2024-02-04 13:00:00,31.0,0.0,52.7,23.0,9.39999
2024-02-04 14:00:00,32.7,0.0,47.2,351.0,3.6
2024-02-04 15:00:00,32.1,0.0,50.0,341.0,6.4
2024-02-04 16:00:00,32.4,0.0,50.8,356.0,4.9
2024-02-04 17:00:00,31.9,0.0,52.8,13.0,5.0
2024-02-04 18:00:00,30.8,0.0,61.3,335.0,2.8
2024-02-04 19:00:00,29.7,0.0,59.9,46.0,3.7
2024-02-04 20:00:00,28.9,0.0,64.8,21.0,5.5
2024-02-04 21:00:00,27.7,0.0,74.3,48.0,7.2
2024-02-04 22:00:00,27.0,0.0,76.9,57.0,9.10001
2024-02-04 23:00:00,26.9,0.0,78.8,46.0,5.0
2024-02-05 00:00:00,26.6,0.0,80.3,57.0,6.2
2024-02-05 01:00:00,26.5,0.0,81.4,45.0,5.5
2024-02-05 02:00:00,25.8,0.0,84.8,13.0,5.0
2024-02-05 03:00:00,26.0,0.0,82.3,12.0,5.4
2024-02-05 04:00:00,25.7,0.0,83.6,327.0,2.5
2024-02-05 05:00:00,25.4,0.0,86.2,28.0,3.2
2024-02-05 06:00:00,25.5,0.0,85.2,6.0,4.0
2024-02-05 07:00:00,25.4,0.0,86.3,17.0,5.9
2024-02-05 08:00:00,25.6,0.0,85.6,25.0,6.2
2024-02-05 09:00:00,26.8,0.0,79.4,13.0,9.3
2024-02-05 10:00:00,28.3,0.0,71.2,18.0,9.3
2024-02-05 11:00:00,29.2,0.0,67.7,15.0,10.1
2024-02-05 12:00:00,30.1,0.0,61.9,17.0,9.39999
2024-02-05 13:00:00,31.3,0.0,56.2,11.0,8.2
2024-02-05 14:00:00,32.0,0.0,52.6,20.0,6.7
2024-02-05 15:00:00,32.2,0.0,52.8,13.0,5.0
2024-02-05 16:00:00,32.2,0.0,53.1,27.0,7.8
2024-02-05 17:00:00,30.7,0.0,61.6,50.0,7.6
2024-02-05 18:00:00,30.1,0.0,64.6,35.0,11.3
2024-02-05 19:00:00,29.0,0.0,67.5,41.0,6.7
2024-02-05 20:00:00,28.3,0.0,71.6,45.0,6.3
2024-02-05 21:00:00,27.5,0.0,72.3,42.0,6.5
2024-02-05 22:00:00,27.2,0.0,75.2,50.0,4.5
2024-02-05 23:00:00,27.0,0.0,77.1,42.0,5.3
2024-02-06 00:00:00,26.7,0.0,79.1,28.0,2.8
2024-02-06 01:00:00,26.6,0.0,78.2,38.0,2.5
2024-02-06 02:00:00,26.3,0.0,80.3,338.0,2.1
2024-02-06 03:00:00,26.0,0.0,81.6,346.0,3.8
2024-02-06 04:00:00,25.6,0.0,83.8,344.0,2.1
2024-02-06 05:00:00,25.7,0.0,84.2,342.0,3.3
2024-02-06 06:00:00,25.6,0.0,84.7,358.0,4.5
2024-02-06 07:00:00,25.3,0.0,86.2,354.0,3.7
2024-02-06 08:00:00,25.7,0.0,83.5,6.0,5.1
2024-02-06 09:00:00,27.0,0.0,78.0,6.0,4.7
2024-02-06 10:00:00,28.2,0.0,72.5,8.0,6.5
2024-02-06 11:00:00,29.3,0.0,68.5,2.0,8.2
2024-02-06 12:00:00,31.2,0.0,56.6,15.0,6.9
2024-02-06 13:00:00,31.7,0.0,55.7,22.0,8.3
2024-02-06 14:00:00,32.8,0.0,51.9,11.0,6.4
2024-02-06 15:00:00,32.3,0.0,55.0,31.0,5.7
2024-02-06 16:00:00,31.9,0.0,56.5,34.0,3.2
2024-02-06 17:00:00,30.4,0.0,65.0,52.0,2.2
2024-02-06 18:00:00,27.7,0.0,82.2,136.0,4.1
2024-02-06 19:00:00,27.8,0.0,81.6,57.0,2.6
2024-02-06 20:00:00,27.7,0.0,82.8,28.0,2.2
2024-02-06 21:00:00,27.6,0.0,79.6,49.0,7.3
2024-02-06 22:00:00,27.2,0.0,80.9,57.0,5.8
2024-02-06 23:00:00,27.2,0.0,81.5,64.0,6.8
2024-02-07 00:00:00,26.9,0.0,83.6,49.0,7.4
2024-02-07 01:00:00,26.5,0.0,86.0,19.0,8.39999
2024-02-07 02:00:00,26.4,0.0,86.6,39.0,4.5
2024-02-07 03:00:00,26.1,0.0,87.4,28.0,2.1
2024-02-07 04:00:00,26.0,0.0,88.0,17.0,3.9
2024-02-07 05:00:00,25.9,0.0,88.0,10.0,5.6
2024-02-07 06:00:00,25.8,0.0,86.7,30.0,3.3
2024-02-07 07:00:00,25.8,0.0,87.0,18.0,1.8
2024-02-07 08:00:00,26.0,0.0,86.8,26.0,5.0
2024-02-07 09:00:00,26.5,0.0,84.5,5.0,6.3
2024-02-07 10:00:00,27.6,0.0,77.5,15.0,8.10001
2024-02-07 11:00:00,28.6,0.0,73.4,10.0,6.7
2024-02-07 12:00:00,30.0,0.0,67.1,15.0,5.4
2024-02-07 13:00:00,31.0,0.0,61.6,30.0,5.7
2024-02-07 14:00:00,31.0,0.0,62.0,46.0,8.89999
2024-02-07 15:00:00,31.2,0.0,61.4,56.0,9.3
2024-02-07 16:00:00,31.6,0.0,62.5,23.0,10.3
2024-02-07 17:00:00,30.3,0.0,64.9,24.0,10.2
2024-02-07 18:00:00,29.6,0.0,68.5,50.0,6.6
2024-02-07 19:00:00,28.8,0.0,72.3,64.0,7.5
2024-02-07 20:00:00,28.0,0.0,78.8,72.0,7.0
2024-02-07 21:00:00,27.5,0.0,81.2,56.0,6.0
2024-02-07 22:00:00,27.3,0.0,82.3,71.0,4.9
2024-02-07 23:00:00,27.1,0.0,82.8,55.0,4.5
2024-02-08 00:00:00,26.9,0.0,83.9,49.0,4.3
2024-02-08 01:00:00,26.7,0.0,85.3,38.0,4.4
2024-02-08 02:00:00,26.5,0.0,86.3,49.0,5.2
2024-02-08 03:00:00,26.4,0.0,87.0,57.0,5.0
2024-02-08 04:00:00,26.1,0.0,89.0,357.0,3.9
2024-02-08 05:00:00,25.9,0.0,88.9,59.0,5.3
2024-02-08 06:00:00,25.9,0.0,89.1,2.0,3.8
2024-02-08 07:00:00,25.8,0.0,89.2,9.0,6.3
2024-02-08 08:00:00,26.0,0.0,88.8,16.0,2.9
2024-02-08 09:00:00,27.2,0.0,80.3,1.0,6.2
2024-02-08 10:00:00,28.6,0.0,73.0,36.0,5.3
2024-02-08 11:00:00,29.9,0.0,67.9,15.0,5.9
2024-02-08 12:00:00,30.1,0.0,65.6,6.0,5.9
2024-02-08 13:00:00,31.3,0.0,58.5,16.0,5.5
2024-02-08 14:00:00,32.6,0.0,53.6,23.0,5.5
2024-02-08 15:00:00,32.5,0.0,56.5,352.0,4.5
2024-02-08 16:00:00,30.8,0.0,64.9,40.0,7.0
2024-02-08 17:00:00,27.4,0.0,79.5,224.0,8.60001
2024-02-08 18:00:00,25.6,0.0,97.1,120.0,2.3
2024-02-08 19:00:00,27.1,0.0,83.3,104.0,4.4
2024-02-08 20:00:00,27.6,0.0,83.4,54.0,7.3
2024-02-08 21:00:00,27.3,0.0,83.4,54.0,7.5
2024-02-08 22:00:00,27.3,0.0,83.0,57.0,6.4
2024-02-08 23:00:00,27.2,0.0,82.7,52.0,7.9
2024-02-09 00:00:00,26.8,0.0,85.2,58.0,7.6
2024-02-09 01:00:00,26.6,0.0,87.2,29.0,4.3
2024-02-09 02:00:00,26.6,0.0,86.6,53.0,7.1
2024-02-09 03:00:00,26.5,0.0,87.2,53.0,4.8
2024-02-09 04:00:00,26.4,0.0,87.9,51.0,7.5
2024-02-09 05:00:00,26.1,0.0,90.1,34.0,6.3
2024-02-09 06:00:00,26.1,0.0,89.0,39.0,4.5
2024-02-09 07:00:00,25.9,0.0,89.5,22.0,3.5
2024-02-09 08:00:00,26.4,0.0,87.9,40.0,2.3
2024-02-09 09:00:00,26.8,0.0,84.5,6.0,7.7
2024-02-09 10:00:00,28.5,0.0,74.0,14.0,8.7
2024-02-09 11:00:00,29.2,0.0,69.9,13.0,6.8
2024-02-09 12:00:00,30.6,0.0,59.1,55.0,5.2
2024-02-09 13:00:00,30.5,0.0,61.7,10.0,3.8
2024-02-09 14:00:00,29.4,0.0,68.5,50.0,5.0
2024-02-09 15:00:00,29.5,0.0,71.3,12.0,3.6
2024-02-09 16:00:00,26.4,2.6,87.9,112.0,7.0
2024-02-09 17:00:00,25.9,1.2,92.7,204.0,4.0
2024-02-09 18:00:00,25.8,0.0,95.9,175.0,3.7
2024-02-09 19:00:00,27.4,0.0,83.5,108.0,5.3
2024-02-09 20:00:00,27.5,0.0,77.8,53.0,8.3
2024-02-09 21:00:00,26.8,0.0,79.0,39.0,7.9
2024-02-09 22:00:00,26.2,0.0,80.6,22.0,6.7
2024-02-09 23:00:00,25.9,0.0,80.6,20.0,8.0
2024-02-10 00:00:00,25.7,0.0,80.1,11.0,5.9
2024-02-10 01:00:00,25.5,0.0,82.9,16.0,6.6
2024-02-10 02:00:00,25.2,0.0,82.8,8.0,7.3
2024-02-10 03:00:00,25.1,0.0,84.7,12.0,6.5
2024-02-10 04:00:00,24.9,0.0,83.8,14.0,6.1
2024-02-10 05:00:00,24.4,0.0,85.7,345.0,3.8
2024-02-10 06:00:00,24.6,0.0,84.0,11.0,7.1
2024-02-10 07:00:00,24.4,0.0,85.1,357.0,4.0
2024-02-10 08:00:00,24.6,0.0,84.2,352.0,3.4
2024-02-10 09:00:00,26.3,0.0,78.5,348.0,3.4
2024-02-10 10:00:00,27.6,0.0,73.2,11.0,6.8
2024-02-10 11:00:00,28.1,0.0,68.6,46.0,12.2
2024-02-10 12:00:00,29.4,0.0,64.3,23.0,10.1
2024-02-10 13:00:00,30.3,0.0,58.9,45.0,10.9
2024-02-10 14:00:00,30.5,0.0,58.9,44.0,11.3
2024-02-10 15:00:00,31.4,0.0,53.2,62.0,8.60001
2024-02-10 16:00:00,30.5,0.0,58.1,37.0,12.0
2024-02-10 17:00:00,30.8,0.0,56.7,47.0,7.9
2024-02-10 18:00:00,29.8,0.0,60.3,50.0,10.9
2024-02-10 19:00:00,28.9,0.0,67.5,46.0,8.39999
2024-02-10 20:00:00,27.6,0.0,74.6,49.0,9.3
2024-02-10 21:00:00,27.2,0.0,79.5,66.0,5.5
2024-02-10 22:00:00,26.1,0.0,86.9,51.0,6.9
2024-02-10 23:00:00,24.9,0.0,89.7,15.0,7.9
2024-02-11 00:00:00,25.5,0.0,88.7,9.0,4.6
2024-02-11 01:00:00,25.9,0.0,86.9,11.0,7.2
2024-02-11 02:00:00,26.0,0.0,85.6,18.0,7.3
2024-02-11 03:00:00,25.8,0.0,85.5,20.0,5.3
2024-02-11 04:00:00,25.7,0.0,84.6,8.0,6.8
2024-02-11 05:00:00,25.7,0.0,84.9,28.0,4.8
2024-02-11 06:00:00,25.7,0.0,83.9,41.0,5.7
2024-02-11 07:00:00,25.6,0.0,85.2,24.0,5.7
2024-02-11 08:00:00,25.9,0.0,83.6,20.0,3.3
2024-02-11 09:00:00,26.8,0.0,78.4,16.0,5.4
2024-02-11 10:00:00,27.3,0.0,78.1,14.0,6.6
2024-02-11 11:00:00,28.6,0.0,71.6,21.0,10.2
2024-02-11 12:00:00,30.4,0.0,60.4,55.0,9.10001
2024-02-11 13:00:00,29.2,0.0,67.0,14.0,13.4
2024-02-11 14:00:00,30.3,0.0,61.4,45.0,13.1
2024-02-11 15:00:00,30.9,0.0,58.1,52.0,11.2
2024-02-11 16:00:00,30.7,0.0,58.8,28.0,12.6
2024-02-11 17:00:00,29.9,0.0,61.8,45.0,12.6
2024-02-11 18:00:00,28.6,0.0,70.9,27.0,13.1
2024-02-11 19:00:00,27.9,0.0,70.4,20.0,12.3
2024-02-11 20:00:00,27.6,0.0,74.6,21.0,8.60001
2024-02-11 21:00:00,27.0,0.0,76.5,20.0,9.7
2024-02-11 22:00:00,26.9,0.0,78.4,25.0,6.6
2024-02-11 23:00:00,26.9,0.0,79.3,16.0,6.3
2024-02-12 00:00:00,26.9,0.0,79.6,13.0,7.7
2024-02-12 01:00:00,26.4,0.0,81.7,357.0,6.2
2024-02-12 02:00:00,25.9,0.0,83.3,343.0,3.6
2024-02-12 03:00:00,26.1,0.0,82.2,1.0,4.9
2024-02-12 04:00:00,26.5,0.0,80.6,29.0,4.1
2024-02-12 05:00:00,26.4,0.0,79.9,28.0,6.8
2024-02-12 06:00:00,26.3,0.0,80.8,12.0,5.9
2024-02-12 07:00:00,26.3,0.0,80.7,341.0,4.3
2024-02-12 08:00:00,26.3,0.0,81.0,346.0,3.5
2024-02-12 09:00:00,25.2,0.0,89.3,14.0,7.2
2024-02-12 10:00:00,25.8,0.0,84.7,8.0,5.4
2024-02-12 11:00:00,27.0,0.0,79.8,4.0,6.7
2024-02-12 12:00:00,28.3,0.0,74.4,13.0,10.2
2024-02-12 13:00:00,29.3,0.0,67.6,34.0,11.7
2024-02-12 14:00:00,29.0,0.0,67.3,52.0,10.9
2024-02-12 15:00:00,24.5,0.0,92.3,48.0,9.2
2024-02-12 16:00:00,25.1,0.0,91.6,20.0,9.5
2024-02-12 17:00:00,27.0,0.0,82.3,20.0,5.5
2024-02-12 18:00:00,27.1,0.0,78.0,21.0,12.6
2024-02-12 19:00:00,27.0,0.0,76.8,20.0,11.9
2024-02-12 20:00:00,26.4,0.0,80.8,21.0,9.0
2024-02-12 21:00:00,26.1,0.0,83.0,15.0,7.2
2024-02-12 22:00:00,26.1,0.0,83.6,11.0,7.6
2024-02-12 23:00:00,26.3,0.0,83.0,10.0,7.6
2024-02-13 00:00:00,26.1,0.0,84.9,6.0,6.3
2024-02-13 01:00:00,25.9,0.0,85.4,9.0,5.6
2024-02-13 02:00:00,25.1,0.0,91.4,62.0,5.7
2024-02-13 03:00:00,25.2,0.0,90.3,5.0,6.0
2024-02-13 04:00:00,25.5,0.0,87.8,18.0,6.8
2024-02-13 05:00:00,25.6,0.0,86.7,27.0,5.5
2024-02-13 06:00:00,25.6,0.0,85.8,11.0,5.8
2024-02-13 07:00:00,25.7,0.0,83.4,5.0,5.5
2024-02-13 08:00:00,24.4,0.4,92.2,50.0,10.8
2024-02-13 09:00:00,24.8,0.0,91.7,9.0,8.2
2024-02-13 10:00:00,26.1,0.0,85.2,8.0,7.0
2024-02-13 11:00:00,27.7,0.0,78.0,9.0,8.5
2024-02-13 12:00:00,28.8,0.0,73.3,18.0,8.8
2024-02-13 13:00:00,27.3,0.0,82.1,8.0,10.3
2024-02-13 14:00:00,25.8,0.0,93.9,29.0,4.7
2024-02-13 15:00:00,25.5,0.4,92.3,45.0,14.7
2024-02-13 16:00:00,27.4,0.0,81.8,47.0,9.8
2024-02-13 17:00:00,28.3,0.0,74.5,45.0,13.7
2024-02-13 18:00:00,27.8,0.0,76.9,45.0,13.6
2024-02-13 19:00:00,27.6,0.0,79.0,48.0,12.0
2024-02-13 20:00:00,27.2,0.0,81.7,51.0,10.6
2024-02-13 21:00:00,26.9,0.0,83.3,47.0,9.8
2024-02-13 22:00:00,26.8,0.0,83.9,50.0,8.2
2024-02-13 23:00:00,26.6,0.0,86.1,51.0,4.8
2024-02-14 00:00:00,26.4,0.0,86.9,21.0,6.4
2024-02-14 01:00:00,26.4,0.0,88.1,40.0,5.5
2024-02-14 02:00:00,26.3,0.0,88.2,51.0,5.6
2024-02-14 03:00:00,26.1,0.0,89.4,52.0,5.0
2024-02-14 04:00:00,24.4,0.0,92.4,80.0,11.0
2024-02-14 05:00:00,25.2,0.0,89.6,67.0,5.4
2024-02-14 06:00:00,25.6,0.0,90.4,63.0,5.8
2024-02-14 07:00:00,25.7,0.0,90.7,63.0,4.8
2024-02-14 08:00:00,26.2,0.0,89.9,44.0,4.4
2024-02-14 09:00:00,26.9,0.0,86.1,54.0,6.6
2024-02-14 10:00:00,27.1,0.0,86.7,59.0,4.8
2024-02-14 11:00:00,25.7,0.4,93.0,68.0,6.4
2024-02-14 12:00:00,26.6,0.2,89.5,9.0,6.9
2024-02-14 13:00:00,29.3,0.0,71.0,38.0,12.1
2024-02-14 14:00:00,29.7,0.0,69.7,60.0,10.0
2024-02-14 15:00:00,29.3,0.0,73.2,42.0,11.4
2024-02-14 16:00:00,28.8,0.0,74.5,67.0,11.2
2024-02-14 17:00:00,29.2,0.0,69.1,72.0,8.3
2024-02-14 18:00:00,28.3,0.0,74.9,46.0,11.6
2024-02-14 19:00:00,27.4,0.0,80.5,17.0,7.6
2024-02-14 20:00:00,27.1,0.0,84.1,18.0,4.8
2024-02-14 21:00:00,27.2,0.0,83.4,55.0,7.0
2024-02-14 22:00:00,26.7,0.0,87.1,18.0,4.6
2024-02-14 23:00:00,26.8,0.0,,13.0,6.9
2024-02-15 00:00:00,26.8,0.0,,14.0,6.7
2024-02-15 01:00:00,26.7,0.0,,10.0,8.3
2024-02-15 02:00:00,25.7,0.0,,15.0,6.4
2024-02-15 03:00:00,26.1,0.0,,358.0,4.3
2024-02-15 04:00:00,26.2,0.0,,354.0,3.7
2024-02-15 05:00:00,26.1,0.0,,8.0,5.9
2024-02-15 06:00:00,26.1,0.0,,353.0,5.2
2024-02-15 07:00:00,25.8,0.0,,3.0,5.8
2024-02-15 08:00:00,25.8,0.0,,12.0,6.2
2024-02-15 09:00:00,26.0,0.0,,16.0,5.8
2024-02-15 10:00:00,26.5,0.0,,18.0,9.60001
2024-02-15 11:00:00,27.1,0.0,,13.0,8.7
2024-02-15 12:00:00,26.0,0.0,,13.0,5.8
2024-02-15 13:00:00,27.2,0.0,,11.0,4.2
2024-02-15 14:00:00,28.4,0.0,,46.0,10.3
2024-02-15 15:00:00,28.3,0.0,,49.0,9.3
2024-02-15 16:00:00,27.8,0.0,,47.0,13.4
2024-02-15 17:00:00,27.7,0.0,,45.0,13.3
2024-02-15 18:00:00,27.6,0.0,,42.0,9.60001
2024-02-15 19:00:00,27.4,0.0,,21.0,7.7
2024-02-15 20:00:00,27.0,0.0,,19.0,10.8
2024-02-15 21:00:00,26.9,0.0,,18.0,9.7
2024-02-15 22:00:00,26.7,0.0,,17.0,6.6
2024-02-15 23:00:00,26.6,0.0,,50.0,6.1
2024-02-16 00:00:00,26.6,0.0,,47.0,7.8
2024-02-16 01:00:00,26.2,0.0,,19.0,5.2
2024-02-16 02:00:00,26.3,0.0,,28.0,4.5
2024-02-16 03:00:00,26.3,0.0,,20.0,3.8
2024-02-16 04:00:00,26.2,0.0,87.4,13.0,6.9
2024-02-16 05:00:00,26.2,0.0,,53.0,5.0
2024-02-16 06:00:00,26.2,0.0,,50.0,5.5
2024-02-16 07:00:00,25.9,0.0,,28.0,3.8
2024-02-16 08:00:00,26.0,0.0,,16.0,4.4
2024-02-16 09:00:00,27.3,0.0,,49.0,8.7
2024-02-16 10:00:00,27.6,0.0,,59.0,9.5
2024-02-16 11:00:00,29.2,0.0,,22.0,8.2
2024-02-16 12:00:00,29.2,0.0,,46.0,9.39999
2024-02-16 13:00:00,29.7,0.0,,47.0,9.10001
2024-02-16 14:00:00,29.5,0.0,,43.0,10.2
2024-02-16 15:00:00,29.6,0.0,,46.0,15.5
2024-02-16 16:00:00,29.5,0.0,,47.0,12.3
2024-02-16 17:00:00,29.1,0.0,,48.0,17.1
2024-02-16 18:00:00,29.1,0.0,,45.0,8.39999
2024-02-16 19:00:00,28.0,0.0,72.6,40.0,14.7
2024-02-16 20:00:00,26.4,0.0,,49.0,9.39999
2024-02-16 21:00:00,26.3,0.0,,34.0,7.3
2024-02-16 22:00:00,26.3,0.0,,41.0,8.8
2024-02-16 23:00:00,26.2,0.0,,29.0,4.9
2024-02-17 00:00:00,26.0,0.0,,12.0,6.5
2024-02-17 01:00:00,26.1,0.0,,45.0,2.7
2024-02-17 02:00:00,25.9,0.0,,20.0,2.9
2024-02-17 03:00:00,25.9,0.0,,26.0,3.1
2024-02-17 04:00:00,26.0,0.0,,58.0,4.5
2024-02-17 05:00:00,26.0,0.0,,58.0,5.3
2024-02-17 06:00:00,25.4,0.0,,16.0,4.1
2024-02-17 07:00:00,25.4,0.0,,10.0,5.4
2024-02-17 08:00:00,25.6,0.0,,11.0,3.8
2024-02-17 09:00:00,26.2,0.0,,349.0,4.7
2024-02-17 10:00:00,28.4,0.0,,58.0,5.3
2024-02-17 11:00:00,28.6,0.0,,44.0,10.8
2024-02-17 12:00:00,30.2,0.0,,41.0,10.5
2024-02-17 13:00:00,29.5,0.0,,63.0,9.39999
2024-02-17 14:00:00,28.0,0.0,,16.0,9.5
2024-02-17 15:00:00,28.1,0.0,,43.0,13.1
2024-02-17 16:00:00,29.6,0.0,,53.0,10.6
2024-02-17 17:00:00,28.7,0.0,,42.0,9.0
2024-02-17 18:00:00,28.3,0.0,,34.0,7.9
2024-02-17 19:00:00,27.9,0.0,,34.0,6.0
2024-02-17 20:00:00,27.3,0.0,,48.0,8.39999
2024-02-17 21:00:00,26.9,0.0,,51.0,8.7
2024-02-17 22:00:00,26.7,0.0,,54.0,7.9
2024-02-17 23:00:00,26.5,0.0,,50.0,8.5
2024-02-18 00:00:00,26.3,0.0,,46.0,7.6
2024-02-18 01:00:00,26.2,0.0,,48.0,6.2
2024-02-18 02:00:00,26.0,0.0,,48.0,7.2
2024-02-18 03:00:00,25.9,0.0,,56.0,8.0
2024-02-18 04:00:00,25.9,0.0,,51.0,6.4
2024-02-18 05:00:00,25.7,0.0,,45.0,5.7
2024-02-18 06:00:00,25.6,0.0,,52.0,4.2
2024-02-18 07:00:00,25.5,0.0,,36.0,3.2
2024-02-18 08:00:00,25.7,0.0,,17.0,3.2
2024-02-18 09:00:00,27.0,0.0,,8.0,4.7
2024-02-18 10:00:00,29.0,0.0,,36.0,4.6
2024-02-18 11:00:00,28.7,0.0,,44.0,9.8
2024-02-18 12:00:00,30.7,0.0,,57.0,7.3
2024-02-18 13:00:00,31.4,0.0,,24.0,7.6
2024-02-18 14:00:00,30.7,0.0,,62.0,8.89999
2024-02-18 15:00:00,31.1,0.0,,45.0,9.2
2024-02-18 16:00:00,30.7,0.0,,44.0,9.0
2024-02-18 17:00:00,30.3,0.0,,65.0,6.9
2024-02-18 18:00:00,29.5,0.0,,41.0,10.1
2024-02-18 19:00:00,28.6,0.0,,56.0,7.5
2024-02-18 20:00:00,28.0,0.0,,54.0,5.9
2024-02-18 21:00:00,27.3,0.0,,55.0,8.8
2024-02-18 22:00:00,27.0,0.0,,47.0,7.6
2024-02-18 23:00:00,26.9,0.0,,51.0,7.4
2024-02-19 00:00:00,26.7,0.0,,59.0,6.1
2024-02-19 01:00:00,26.5,0.0,,57.0,6.9
2024-02-19 02:00:00,26.3,0.0,,52.0,7.2
2024-02-19 03:00:00,26.1,0.0,,36.0,3.7
2024-02-19 04:00:00,25.8,0.0,,43.0,3.6
2024-02-19 05:00:00,25.9,0.0,,59.0,5.8
2024-02-19 06:00:00,25.9,0.0,,46.0,4.3
2024-02-19 07:00:00,25.8,0.0,,36.0,4.3
2024-02-19 08:00:00,26.3,0.0,,34.0,4.2
2024-02-19 09:00:00,27.6,0.0,,48.0,6.9
2024-02-19 10:00:00,28.8,0.0,,62.0,6.5
2024-02-19 11:00:00,29.1,0.0,,55.0,7.4
2024-02-19 12:00:00,29.9,0.0,,44.0,11.1
2024-02-19 13:00:00,31.0,0.0,,49.0,7.6
2024-02-19 14:00:00,31.4,0.0,,65.0,8.89999
2024-02-19 15:00:00,31.1,0.0,,51.0,8.8
2024-02-19 16:00:00,31.4,0.0,,70.0,8.60001
2024-02-19 17:00:00,30.3,0.0,,55.0,9.39999
2024-02-19 18:00:00,29.9,0.0,,58.0,10.3
2024-02-19 19:00:00,29.1,0.0,,47.0,9.60001
2024-02-19 20:00:00,28.3,0.0,,71.0,6.4
2024-02-19 21:00:00,27.7,0.0,,44.0,7.8
2024-02-19 22:00:00,27.3,0.0,,42.0,7.7
2024-02-19 23:00:00,27.2,0.0,,56.0,4.6
2024-02-20 00:00:00,27.0,0.0,,55.0,4.1
2024-02-20 01:00:00,26.6,0.0,,20.0,4.8
2024-02-20 02:00:00,26.8,0.0,,47.0,6.0
2024-02-20 03:00:00,26.5,0.0,,31.0,3.2
2024-02-20 04:00:00,26.4,0.0,,47.0,6.9
2024-02-20 05:00:00,26.2,0.0,,52.0,7.2
2024-02-20 06:00:00,26.2,0.0,88.5,57.0,6.5
2024-02-20 07:00:00,25.9,0.0,,20.0,5.4
2024-02-20 08:00:00,26.4,0.0,,18.0,7.0
2024-02-20 09:00:00,27.7,0.0,,20.0,5.7
2024-02-20 10:00:00,28.1,0.0,,17.0,6.7
2024-02-20 11:00:00,29.1,0.0,71.9,3.0,7.7
2024-02-20 12:00:00,30.3,0.0,65.4,59.0,8.3
2024-02-20 13:00:00,32.0,0.0,,49.0,7.1
2024-02-20 14:00:00,32.5,0.0,57.7,59.0,5.9
2024-02-20 15:00:00,31.9,0.0,,342.0,3.9
2024-02-20 16:00:00,31.3,0.0,,204.0,3.3
2024-02-20 17:00:00,30.7,0.0,,209.0,3.5
2024-02-20 18:00:00,26.0,0.2,95.4,197.0,2.1
2024-02-20 19:00:00,28.5,0.0,99.1,62.0,7.0
2024-02-21 09:00:00,28.2,0.0,79.9,29.0,2.5
2024-02-21 10:00:00,28.8,0.0,74.3,1.0,4.6
2024-02-21 11:00:00,29.6,0.0,69.2,4.0,3.3
2024-02-21 12:00:00,30.5,0.0,65.6,328.0,3.3
2024-02-21 13:00:00,32.1,0.0,,342.0,1.8
2024-02-21 14:00:00,32.6,0.0,,343.0,3.8
2024-02-21 15:00:00,33.4,0.0,77.3,302.0,3.7
2024-02-21 16:00:00,32.1,0.0,61.9,208.0,3.9
2024-02-21 17:00:00,24.1,1.4,,256.0,8.89999
2024-02-21 18:00:00,25.2,0.0,,162.0,1.6
2024-02-21 19:00:00,27.7,0.0,,67.0,4.2
2024-02-21 20:00:00,27.6,0.0,,58.0,6.8
2024-02-21 21:00:00,27.3,0.0,,68.0,7.1
2024-02-21 22:00:00,27.1,0.0,,50.0,7.8
2024-02-21 23:00:00,27.0,0.0,,56.0,6.6
2024-02-22 00:00:00,26.9,0.0,,49.0,5.7
2024-02-22 01:00:00,26.6,0.0,,58.0,6.9
2024-02-22 02:00:00,26.5,0.0,,48.0,6.0
2024-02-22 03:00:00,26.2,0.0,,49.0,6.2
2024-02-22 04:00:00,26.0,0.0,,34.0,4.6
2024-02-22 05:00:00,26.0,0.0,,54.0,4.7
2024-02-22 06:00:00,26.1,0.0,,53.0,6.2
2024-02-22 07:00:00,26.1,0.0,,74.0,5.4
2024-02-22 08:00:00,26.6,0.0,,95.0,4.4
2024-02-22 09:00:00,27.7,0.0,,76.0,5.6
2024-02-22 10:00:00,29.6,0.0,,32.0,4.0
2024-02-22 11:00:00,30.7,0.0,,27.0,3.2
2024-02-22 12:00:00,31.6,0.0,,246.0,4.2
2024-02-22 13:00:00,32.8,0.0,,277.0,2.3
2024-02-22 14:00:00,33.2,0.0,,306.0,3.0
2024-02-22 15:00:00,32.4,0.0,,205.0,3.5
2024-02-22 16:00:00,28.4,0.0,,66.0,6.4
2024-02-22 17:00:00,29.4,0.0,,54.0,4.8
2024-02-22 18:00:00,29.0,0.0,,73.0,2.0
2024-02-22 19:00:00,28.4,0.0,,79.0,8.60001
2024-02-22 20:00:00,27.8,0.0,,56.0,5.9
2024-02-22 21:00:00,27.4,0.0,,48.0,7.6
2024-02-22 22:00:00,27.1,0.0,,52.0,7.7
2024-02-22 23:00:00,26.9,0.0,,57.0,8.0
2024-02-23 00:00:00,26.9,0.0,,49.0,7.9
2024-02-23 01:00:00,26.7,0.0,,52.0,6.6
2024-02-23 02:00:00,26.5,0.0,,52.0,4.5
2024-02-23 03:00:00,26.3,0.0,,51.0,4.1
2024-02-23 04:00:00,26.0,0.0,,41.0,3.1
2024-02-23 05:00:00,25.8,0.0,,25.0,3.0
2024-02-23 06:00:00,26.0,0.0,,54.0,6.7
2024-02-23 07:00:00,26.1,0.0,,20.0,4.6
2024-02-23 08:00:00,26.3,0.0,,49.0,3.5
2024-02-23 09:00:00,27.2,0.0,,53.0,6.1
2024-02-23 10:00:00,28.5,0.0,,40.0,8.8
2024-02-23 11:00:00,29.5,0.0,,56.0,7.3
2024-02-23 12:00:00,31.2,0.0,,45.0,7.3
2024-02-23 13:00:00,30.2,0.0,,12.0,8.5
2024-02-23 14:00:00,30.8,0.0,,45.0,9.2
2024-02-23 15:00:00,31.1,0.0,,53.0,5.2
2024-02-23 16:00:00,31.0,0.0,,54.0,9.2
2024-02-23 17:00:00,30.0,0.0,,73.0,9.0
2024-02-23 18:00:00,29.0,0.0,,60.0,8.3
2024-02-23 19:00:00,28.3,0.0,,53.0,9.2
2024-02-23 20:00:00,27.8,0.0,,53.0,8.5
2024-02-23 21:00:00,27.4,0.0,,43.0,8.89999
2024-02-23 22:00:00,27.1,0.0,,51.0,7.8
2024-02-23 23:00:00,27.0,0.0,,51.0,7.5
2024-02-24 00:00:00,26.8,0.0,,45.0,10.3
2024-02-24 01:00:00,26.6,0.0,,23.0,2.1
2024-02-24 02:00:00,26.6,0.0,,45.0,5.1
2024-02-24 03:00:00,26.5,0.0,,43.0,6.2
2024-02-24 04:00:00,26.3,0.0,,48.0,4.3
2024-02-24 05:00:00,26.1,0.0,,33.0,5.0
2024-02-24 06:00:00,26.1,0.0,,21.0,4.5
2024-02-24 07:00:00,26.0,0.0,,32.0,3.2
2024-02-24 08:00:00,26.4,0.0,,55.0,2.4
2024-02-24 09:00:00,26.7,0.0,,54.0,8.39999
2024-02-24 10:00:00,27.9,0.0,,16.0,11.3
2024-02-24 11:00:00,29.5,0.0,,14.0,9.0
2024-02-24 12:00:00,30.2,0.0,,43.0,8.39999
2024-02-24 13:00:00,30.1,0.0,,21.0,4.6
2024-02-24 14:00:00,29.8,0.0,,59.0,4.8
2024-02-24 15:00:00,30.5,0.0,,44.0,6.6
2024-02-24 16:00:00,30.2,0.0,,58.0,8.39999
2024-02-24 17:00:00,30.2,0.0,,47.0,9.5
2024-02-24 18:00:00,29.1,0.0,,56.0,9.8
2024-02-24 19:00:00,28.5,0.0,,48.0,9.5
2024-02-24 20:00:00,27.8,0.0,,58.0,8.0
2024-02-24 21:00:00,27.3,0.0,,45.0,5.1
2024-02-24 22:00:00,27.0,0.0,,45.0,8.10001
2024-02-24 23:00:00,26.7,0.0,,51.0,8.5
2024-02-25 00:00:00,26.5,0.0,,50.0,5.8
2024-02-25 01:00:00,26.4,0.0,,50.0,7.0
2024-02-25 02:00:00,26.2,0.0,,46.0,6.3
2024-02-25 03:00:00,25.9,0.0,,53.0,6.9
2024-02-25 04:00:00,25.9,0.0,,49.0,4.5
2024-02-25 05:00:00,25.7,0.0,,43.0,7.8
2024-02-25 06:00:00,25.7,0.0,,49.0,4.3
2024-02-25 07:00:00,25.6,0.0,,44.0,5.9
2024-02-25 08:00:00,26.1,0.0,,43.0,3.1
2024-02-25 09:00:00,27.5,0.0,,22.0,6.5
2024-02-25 10:00:00,28.5,0.0,,46.0,9.39999
2024-02-25 11:00:00,29.4,0.0,,44.0,8.8
2024-02-25 12:00:00,30.6,0.0,,46.0,7.6
2024-02-25 13:00:00,32.0,0.0,,41.0,7.6
2024-02-25 14:00:00,32.3,0.0,,24.0,8.2
2024-02-25 15:00:00,32.1,0.0,,53.0,10.9
2024-02-25 16:00:00,31.8,0.0,,52.0,9.89999
2024-02-25 17:00:00,31.2,0.0,,54.0,11.2
2024-02-25 18:00:00,30.3,0.0,,72.0,11.4
2024-02-25 19:00:00,29.3,0.0,,43.0,10.0
2024-02-25 20:00:00,28.3,0.0,,53.0,7.7
2024-02-25 21:00:00,27.7,0.0,,55.0,9.3
2024-02-25 22:00:00,27.5,0.0,,51.0,9.39999
2024-02-25 23:00:00,27.3,0.0,,54.0,8.10001
2024-02-26 00:00:00,27.2,0.0,,48.0,9.0
2024-02-26 01:00:00,26.9,0.0,,46.0,8.60001
2024-02-26 02:00:00,26.7,0.0,,45.0,4.3
2024-02-26 03:00:00,26.3,0.0,,27.0,4.6
2024-02-26 04:00:00,26.3,0.0,,49.0,7.1
2024-02-26 05:00:00,26.1,0.0,,52.0,5.3
2024-02-26 06:00:00,26.1,0.0,,47.0,8.7
2024-02-26 07:00:00,26.1,0.0,,58.0,6.5
2024-02-26 08:00:00,26.5,0.0,,56.0,8.3
2024-02-26 09:00:00,27.7,0.0,,53.0,9.0
2024-02-26 10:00:00,28.6,0.0,,50.0,10.9
2024-02-26 11:00:00,29.1,0.0,,45.0,12.8
2024-02-26 12:00:00,30.6,0.0,,43.0,10.9
2024-02-26 13:00:00,30.8,0.0,,51.0,11.1
2024-02-26 14:00:00,31.0,0.0,,43.0,12.7
2024-02-26 15:00:00,32.0,0.0,,26.0,8.60001
2024-02-26 16:00:00,30.6,0.0,,45.0,13.3
2024-02-26 17:00:00,30.2,0.0,,63.0,9.8
2024-02-26 18:00:00,29.8,0.0,,53.0,8.39999
2024-02-26 19:00:00,29.0,0.0,,43.0,10.8
2024-02-26 20:00:00,28.0,0.0,,51.0,10.2
2024-02-26 21:00:00,27.7,0.0,,52.0,9.39999
2024-02-26 22:00:00,27.4,0.0,,56.0,7.1
2024-02-26 23:00:00,27.2,0.0,,48.0,6.0
2024-02-27 00:00:00,27.2,0.0,,44.0,6.9
2024-02-27 01:00:00,26.7,0.0,,16.0,4.6
2024-02-27 02:00:00,26.6,0.0,,16.0,4.3
2024-02-27 03:00:00,26.6,0.0,,12.0,6.8
2024-02-27 04:00:00,26.7,0.0,,43.0,6.7
2024-02-27 05:00:00,26.6,0.0,,44.0,7.5
2024-02-27 06:00:00,26.7,0.0,,52.0,7.2
2024-02-27 07:00:00,26.5,0.0,,12.0,5.2
2024-02-27 08:00:00,26.6,0.0,,17.0,5.8
2024-02-27 09:00:00,27.1,0.0,,11.0,7.8
2024-02-27 10:00:00,28.0,0.0,,15.0,8.8
2024-02-27 11:00:00,28.3,0.0,,38.0,6.9
2024-02-27 12:00:00,28.7,0.0,,33.0,6.8
2024-02-27 13:00:00,28.8,0.0,,60.0,5.9
2024-02-27 14:00:00,29.8,0.0,,18.0,6.3
2024-02-27 15:00:00,30.1,0.0,,36.0,8.60001
2024-02-27 16:00:00,28.8,0.0,,48.0,7.9
2024-02-27 17:00:00,29.2,0.0,,1.0,9.5
2024-02-27 18:00:00,28.8,0.0,,22.0,9.7
2024-02-27 19:00:00,28.4,0.0,,36.0,8.5
2024-02-27 20:00:00,27.8,0.0,,34.0,7.6
2024-02-27 21:00:00,27.3,0.0,,42.0,7.4
2024-02-27 22:00:00,27.0,0.0,,36.0,8.0
2024-02-27 23:00:00,26.8,0.0,,47.0,6.8
2024-02-28 00:00:00,26.6,0.0,,36.0,5.3
2024-02-28 01:00:00,26.5,0.0,,58.0,7.5
2024-02-28 02:00:00,26.6,0.0,,46.0,6.6
2024-02-28 03:00:00,26.2,0.0,,18.0,5.5
2024-02-28 04:00:00,26.4,0.0,,32.0,7.0
2024-02-28 05:00:00,26.2,0.0,,15.0,6.9
2024-02-28 06:00:00,26.5,0.0,,39.0,7.3
2024-02-28 07:00:00,26.2,0.0,,49.0,8.0
2024-02-28 08:00:00,26.7,0.0,,50.0,8.5
2024-02-28 09:00:00,27.5,0.0,,52.0,10.7
2024-02-28 10:00:00,28.4,0.0,,44.0,10.8
2024-02-28 11:00:00,29.7,0.0,,44.0,13.1
2024-02-28 12:00:00,29.2,0.0,,50.0,11.8
2024-02-28 13:00:00,29.6,0.0,,44.0,11.9
2024-02-28 14:00:00,30.2,0.0,,45.0,12.3
2024-02-28 15:00:00,31.2,0.0,,19.0,12.2
2024-02-28 16:00:00,30.9,0.0,,40.0,11.0
2024-02-28 17:00:00,30.8,0.0,,41.0,10.0
2024-02-28 18:00:00,29.9,0.0,,42.0,10.7
2024-02-28 19:00:00,29.0,0.0,,45.0,10.9
2024-02-28 20:00:00,28.3,0.0,,51.0,7.1
2024-02-28 21:00:00,27.5,0.0,,55.0,7.2
2024-02-28 22:00:00,27.3,0.0,,43.0,6.1
2024-02-28 23:00:00,26.9,0.0,,15.0,7.4
2024-02-29 00:00:00,26.7,0.0,,14.0,5.4
2024-02-29 01:00:00,26.5,0.0,,20.0,5.9
2024-02-29 02:00:00,26.2,0.0,,19.0,6.4
2024-02-29 03:00:00,26.1,0.0,,25.0,7.1
2024-02-29 04:00:00,26.0,0.0,,24.0,7.2
2024-02-29 05:00:00,25.7,0.0,,20.0,5.2
2024-02-29 06:00:00,25.9,0.0,,28.0,3.8
2024-02-29 07:00:00,25.7,0.0,,21.0,4.6
2024-02-29 08:00:00,26.2,0.0,,13.0,3.9
2024-02-29 09:00:00,27.1,0.0,,10.0,6.8
2024-02-29 10:00:00,28.7,0.0,,15.0,11.7
2024-02-29 11:00:00,30.1,0.0,,46.0,11.6
2024-02-29 12:00:00,30.9,0.0,,18.0,9.7
2024-02-29 13:00:00,31.8,0.0,,48.0,7.7
2024-02-29 14:00:00,31.6,0.0,,26.0,8.60001
2024-02-29 15:00:00,32.6,0.0,,69.0,8.3
2024-02-29 16:00:00,32.5,0.0,,47.0,9.0
2024-02-29 17:00:00,32.4,0.0,,38.0,10.2
2024-02-29 18:00:00,31.1,0.0,,39.0,10.4
2024-02-29 19:00:00,30.2,0.0,,39.0,9.2
2024-02-29 20:00:00,29.0,0.0,,51.0,9.2
2024-02-29 21:00:00,28.2,0.0,,47.0,7.9
2024-02-29 22:00:00,27.9,0.0,,21.0,7.8
2024-02-29 23:00:00,27.7,0.0,,22.0,7.7
2024-03-01 00:00:00,27.0,0.0,,21.0,6.2
2024-03-01 01:00:00,27.0,0.0,,45.0,6.9
2024-03-01 02:00:00,26.9,0.0,,55.0,5.7
2024-03-01 03:00:00,26.9,0.0,,51.0,4.6
2024-03-01 04:00:00,26.8,0.0,,31.0,3.1
2024-03-01 05:00:00,26.8,0.0,,24.0,4.2
2024-03-01 06:00:00,26.8,0.0,,11.0,6.5
2024-03-01 07:00:00,26.8,0.0,,6.0,5.3
2024-03-01 08:00:00,26.9,0.0,,9.0,5.7
2024-03-01 09:00:00,28.1,0.0,,20.0,4.5
2024-03-01 10:00:00,29.4,0.0,,25.0,6.1
2024-03-01 11:00:00,29.8,0.0,,30.0,8.5
2024-03-01 12:00:00,31.0,0.0,,16.0,7.4
2024-03-01 13:00:00,31.0,0.0,,67.0,7.0
2024-03-01 14:00:00,30.3,0.0,,53.0,8.2
2024-03-01 15:00:00,30.8,0.0,,61.0,5.4
2024-03-01 16:00:00,30.2,0.0,,42.0,16.2
2024-03-01 17:00:00,29.7,0.0,,51.0,9.5
2024-03-01 18:00:00,28.9,0.0,,40.0,9.5
2024-03-01 19:00:00,28.8,0.0,,26.0,6.9
2024-03-01 20:00:00,28.2,0.0,,18.0,9.7
2024-03-01 21:00:00,28.0,0.0,,22.0,6.1
2024-03-01 22:00:00,27.9,0.0,,38.0,6.5
2024-03-01 23:00:00,27.5,0.0,,11.0,8.7
2024-03-02 00:00:00,27.3,0.0,,12.0,6.2
2024-03-02 01:00:00,27.3,0.0,,19.0,4.6
2024-03-02 02:00:00,27.0,0.0,,3.0,5.4
2024-03-02 03:00:00,26.8,0.0,,11.0,6.9
2024-03-02 04:00:00,26.5,0.0,,13.0,6.3
2024-03-02 05:00:00,26.6,0.0,,8.0,6.3
2024-03-02 06:00:00,26.6,0.0,,9.0,6.4
2024-03-02 07:00:00,26.7,0.0,,7.0,5.1
2024-03-02 08:00:00,26.7,0.0,,352.0,4.0
2024-03-02 09:00:00,27.6,0.0,,8.0,5.3
2024-03-02 10:00:00,28.6,0.0,,10.0,6.5
2024-03-02 11:00:00,29.9,0.0,,18.0,5.8
2024-03-02 12:00:00,29.9,0.0,,350.0,5.4
2024-03-02 13:00:00,31.6,0.0,,7.0,6.2
2024-03-02 14:00:00,27.7,0.0,,16.0,13.7
2024-03-02 15:00:00,30.4,0.0,,39.0,4.7
2024-03-02 16:00:00,27.9,0.0,,354.0,5.8
2024-03-02 17:00:00,28.0,0.2,,348.0,5.3
2024-03-02 18:00:00,28.6,0.0,,22.0,6.7
2024-03-02 19:00:00,28.1,0.0,,20.0,7.1
2024-03-02 20:00:00,27.5,0.0,,12.0,6.1
2024-03-02 21:00:00,27.0,0.0,,28.0,7.8
2024-03-02 22:00:00,26.4,0.0,,24.0,6.3
2024-03-02 23:00:00,26.5,0.0,,34.0,4.5
2024-03-03 00:00:00,26.6,0.0,,41.0,5.5
2024-03-03 01:00:00,26.5,0.0,,38.0,5.2
2024-03-03 02:00:00,26.4,0.0,,52.0,7.1
2024-03-03 03:00:00,26.5,0.0,,49.0,6.8
2024-03-03 04:00:00,26.5,0.0,,65.0,7.6
2024-03-03 05:00:00,25.8,0.4,,107.0,8.0
2024-03-03 06:00:00,25.3,0.8,,48.0,9.10001
2024-03-03 07:00:00,24.4,1.2,,62.0,8.0
2024-03-03 08:00:00,25.4,0.0,,51.0,5.2
2024-03-03 09:00:00,25.0,0.4,,35.0,9.3
2024-03-03 10:00:00,24.7,0.0,,41.0,10.2
2024-03-03 11:00:00,25.0,0.0,,47.0,5.3
2024-03-03 12:00:00,25.9,0.0,,46.0,11.3
2024-03-03 13:00:00,26.4,0.0,,31.0,4.4
2024-03-03 14:00:00,27.5,0.0,,11.0,7.9
2024-03-03 15:00:00,27.9,0.0,,50.0,10.4
2024-03-03 16:00:00,28.3,0.0,,346.0,5.3
2024-03-03 17:00:00,25.9,0.0,,331.0,5.8
2024-03-03 18:00:00,27.0,0.0,,356.0,5.0
2024-03-03 19:00:00,27.2,0.0,,56.0,3.8
2024-03-03 20:00:00,27.0,0.0,,52.0,6.5
2024-03-03 21:00:00,27.0,0.0,,54.0,7.6
2024-03-03 22:00:00,26.8,0.0,,38.0,5.0
2024-03-03 23:00:00,26.5,0.0,,14.0,2.5
2024-03-04 00:00:00,26.7,0.0,,32.0,4.3
2024-03-04 01:00:00,26.6,0.0,,17.0,3.7
2024-03-04 02:00:00,26.4,0.0,,46.0,3.7
2024-03-04 03:00:00,26.3,0.0,,20.0,5.9
2024-03-04 04:00:00,26.0,0.0,,15.0,4.9
2024-03-04 05:00:00,26.1,0.0,,26.0,4.9
2024-03-04 06:00:00,26.1,0.0,,1.0,6.0
2024-03-04 07:00:00,25.9,0.0,,27.0,3.2
2024-03-04 08:00:00,26.0,0.0,,10.0,4.3
2024-03-04 09:00:00,26.9,0.0,,1.0,3.3
2024-03-04 10:00:00,28.3,0.0,,7.0,8.39999
2024-03-04 11:00:00,29.0,0.0,,52.0,5.8
2024-03-04 12:00:00,29.3,0.0,,35.0,10.9
2024-03-04 13:00:00,30.0,0.0,,52.0,6.6
2024-03-04 14:00:00,29.9,0.0,,36.0,6.3
2024-03-04 15:00:00,28.1,0.2,,24.0,5.5
2024-03-04 16:00:00,30.5,0.0,,41.0,9.3
2024-03-04 17:00:00,29.8,0.0,,56.0,7.0
2024-03-04 18:00:00,26.5,3.4,,235.0,3.3
2024-03-04 19:00:00,26.2,0.0,,244.0,2.3
2024-03-04 20:00:00,26.2,0.0,,284.0,5.5
2024-03-04 21:00:00,25.8,0.0,,289.0,2.2
2024-03-04 22:00:00,25.8,0.0,,227.0,4.2
2024-03-04 23:00:00,26.3,0.0,,204.0,1.9
2024-03-05 00:00:00,25.8,0.0,,195.0,5.1
2024-03-05 01:00:00,24.9,1.0,,77.0,2.7
2024-03-05 02:00:00,25.2,0.0,,69.0,2.6
2024-03-05 03:00:00,25.5,0.0,,51.0,2.7
2024-03-05 04:00:00,25.6,0.0,,29.0,2.3
2024-03-05 05:00:00,25.7,0.0,,59.0,4.1
2024-03-05 06:00:00,25.7,0.0,,1.0,1.7
2024-03-05 07:00:00,25.7,0.0,,9.0,3.2
2024-03-05 08:00:00,25.9,0.0,,8.0,2.3
2024-03-05 09:00:00,27.6,0.0,,50.0,2.3
2024-03-05 10:00:00,27.5,0.0,,2.0,3.5
2024-03-05 11:00:00,30.0,0.0,,9.0,3.3
2024-03-05 12:00:00,31.3,0.0,,21.0,3.3
2024-03-05 13:00:00,30.2,0.0,,110.0,3.8
2024-03-05 14:00:00,27.6,0.0,,16.0,5.0
2024-03-05 15:00:00,27.2,0.0,,32.0,7.6
2024-03-05 16:00:00,25.0,0.0,,79.0,4.3
2024-03-05 17:00:00,25.4,0.0,,65.0,2.6
2024-03-05 18:00:00,25.3,0.0,,17.0,3.0
2024-03-05 19:00:00,24.9,0.0,,4.0,4.8
2024-03-05 20:00:00,25.0,0.0,,339.0,3.2
2024-03-05 21:00:00,25.0,0.0,,58.0,4.3
2024-03-05 22:00:00,25.0,0.0,,70.0,1.0
2024-03-05 23:00:00,25.1,0.0,,321.0,2.1
2024-03-06 00:00:00,25.2,0.0,,104.0,1.2
2024-03-06 01:00:00,25.7,0.0,,86.0,1.5
2024-03-06 02:00:00,25.5,0.0,,317.0,1.2
2024-03-06 03:00:00,25.5,0.0,,309.0,2.1
2024-03-06 04:00:00,25.3,0.0,,259.0,1.8
2024-03-06 05:00:00,25.2,0.0,,304.0,2.4
2024-03-06 06:00:00,25.6,0.0,,289.0,3.6
2024-03-06 07:00:00,25.4,0.0,,292.0,3.4
2024-03-06 08:00:00,25.4,0.0,,348.0,1.3
2024-03-06 09:00:00,25.9,0.0,,12.0,3.6
2024-03-06 10:00:00,27.9,0.0,,15.0,5.7
2024-03-06 11:00:00,29.9,0.0,,7.0,5.4
2024-03-06 12:00:00,31.0,0.0,,337.0,5.1
2024-03-06 13:00:00,32.5,0.0,,211.0,1.1
2024-03-06 14:00:00,33.3,0.0,,213.0,2.2
2024-03-06 15:00:00,29.3,0.6,,149.0,4.9
2024-03-06 16:00:00,24.0,6.8,,292.0,6.8
2024-03-06 17:00:00,24.0,0.0,,239.0,5.7
2024-03-06 18:00:00,25.2,0.0,,264.0,1.1
2024-03-06 19:00:00,26.4,0.0,,55.0,0.7
2024-03-06 20:00:00,25.9,0.0,,24.0,3.0
2024-03-06 21:00:00,26.0,0.0,,14.0,2.4
2024-03-06 22:00:00,26.0,0.0,,117.0,1.5
2024-03-06 23:00:00,26.8,0.0,,88.0,3.6
2024-03-07 00:00:00,26.3,0.0,,354.0,1.1
2024-03-07 01:00:00,26.1,0.0,,258.0,1.9
2024-03-07 02:00:00,26.4,0.0,,96.0,1.0
2024-03-07 03:00:00,25.7,0.0,,290.0,1.9
2024-03-07 04:00:00,25.4,0.0,,254.0,0.8
2024-03-07 05:00:00,25.5,0.0,,24.0,4.1
2024-03-07 06:00:00,25.6,0.0,,329.0,2.1
2024-03-07 07:00:00,25.6,0.0,,355.0,1.4
2024-03-07 08:00:00,25.9,0.0,,9.0,2.7
2024-03-07 09:00:00,27.7,0.0,,337.0,2.3
2024-03-07 10:00:00,30.0,0.0,,87.0,2.6
2024-03-07 11:00:00,29.2,0.0,,358.0,5.9
2024-03-07 12:00:00,31.6,0.0,,14.0,4.2
2024-03-07 13:00:00,32.5,0.0,,353.0,4.0
2024-03-07 14:00:00,32.8,0.0,,1.0,2.8
2024-03-07 15:00:00,28.0,0.0,,93.0,9.0
2024-03-07 16:00:00,28.3,0.0,,14.0,6.1
2024-03-07 17:00:00,28.9,0.0,,11.0,4.2
2024-03-07 18:00:00,28.2,0.0,,200.0,2.0
2024-03-07 19:00:00,27.4,0.0,,183.0,2.3
2024-03-07 20:00:00,26.9,0.0,,163.0,2.1
2024-03-07 21:00:00,27.4,0.0,,345.0,1.1
2024-03-07 22:00:00,27.8,0.0,,73.0,4.6
2024-03-07 23:00:00,27.7,0.0,,74.0,3.7
2024-03-08 00:00:00,27.6,0.0,,21.0,3.0
2024-03-08 01:00:00,27.4,0.0,,28.0,3.6
2024-03-08 02:00:00,27.0,0.0,,11.0,4.7
2024-03-08 03:00:00,26.8,0.0,,2.0,5.0
2024-03-08 04:00:00,26.6,0.0,,349.0,3.9
2024-03-08 05:00:00,26.5,0.0,,2.0,4.7
2024-03-08 06:00:00,26.3,0.0,,14.0,1.0
2024-03-08 07:00:00,26.4,0.0,,298.0,3.8
2024-03-08 08:00:00,26.6,0.0,,295.0,3.6
2024-03-08 09:00:00,27.0,0.0,,291.0,3.3
2024-03-08 10:00:00,27.7,0.0,,278.0,2.8
2024-03-08 11:00:00,27.8,0.0,,260.0,6.5
2024-03-08 12:00:00,29.1,0.0,,306.0,3.9
2024-03-08 13:00:00,29.5,0.0,,306.0,4.9
2024-03-08 14:00:00,29.3,0.0,,296.0,7.5
2024-03-08 15:00:00,29.3,0.0,,260.0,6.5
2024-03-08 16:00:00,26.0,0.2,,73.0,6.4
2024-03-08 17:00:00,26.9,0.0,,316.0,1.1
2024-03-08 18:00:00,27.0,0.0,,75.0,1.5
2024-03-08 19:00:00,27.1,0.0,,87.0,4.9
2024-03-08 20:00:00,26.8,0.0,,58.0,5.2
2024-03-08 21:00:00,25.9,0.0,,6.0,4.5
2024-03-08 22:00:00,26.0,0.0,,45.0,2.9
2024-03-08 23:00:00,26.0,0.0,,13.0,2.6
2024-03-09 00:00:00,26.1,0.0,,10.0,3.9
2024-03-09 01:00:00,26.3,0.0,,20.0,4.4
2024-03-09 02:00:00,26.5,0.0,,54.0,5.0
2024-03-09 03:00:00,26.3,0.0,,53.0,6.2
2024-03-09 04:00:00,25.9,0.0,,13.0,4.2
2024-03-09 05:00:00,25.8,0.0,,26.0,4.1
2024-03-09 06:00:00,25.8,0.0,,19.0,2.3
2024-03-09 07:00:00,25.9,0.0,,20.0,4.1
2024-03-09 08:00:00,26.3,0.0,,49.0,4.9
2024-03-09 09:00:00,27.0,0.0,,41.0,5.9
2024-03-09 10:00:00,28.3,0.0,,59.0,5.6
2024-03-09 11:00:00,29.1,0.0,,53.0,7.3
2024-03-09 12:00:00,30.8,0.0,,52.0,6.4
2024-03-09 13:00:00,31.6,0.0,,53.0,7.4
2024-03-09 14:00:00,31.1,0.0,,49.0,6.1
2024-03-09 15:00:00,31.1,0.0,,47.0,7.9
2024-03-09 16:00:00,30.9,0.0,,64.0,6.9
2024-03-09 17:00:00,31.1,0.0,,64.0,7.0
2024-03-09 18:00:00,30.4,0.0,,68.0,7.3
2024-03-09 19:00:00,29.9,0.0,,73.0,3.5
2024-03-09 20:00:00,29.0,0.0,,72.0,6.3
2024-03-09 21:00:00,28.7,0.0,,92.0,4.3
2024-03-09 22:00:00,28.3,0.0,,99.0,3.9
2024-03-09 23:00:00,27.8,0.0,,64.0,5.4
2024-03-10 00:00:00,27.3,0.0,,50.0,7.0
2024-03-10 01:00:00,27.2,0.0,,49.0,6.9
2024-03-10 02:00:00,26.6,0.0,,13.0,4.4
2024-03-10 03:00:00,26.6,0.0,,18.0,4.9
2024-03-10 04:00:00,26.2,0.0,,331.0,3.9
2024-03-10 05:00:00,26.2,0.0,,303.0,3.0
2024-03-10 06:00:00,25.8,0.0,,319.0,3.1
2024-03-10 07:00:00,25.6,0.0,,296.0,3.7
2024-03-10 08:00:00,25.7,0.0,,290.0,4.6
2024-03-10 09:00:00,26.3,0.0,,,5.3
2024-03-10 10:00:00,27.1,0.0,,356.0,6.8
2024-03-10 11:00:00,28.4,0.0,,1.0,5.0
2024-03-10 12:00:00,28.3,0.0,,353.0,3.9
2024-03-10 13:00:00,29.4,0.0,,8.0,8.89999
2024-03-10 14:00:00,29.4,0.0,,53.0,6.1
2024-03-10 15:00:00,30.1,0.0,,359.0,8.0
2024-03-10 16:00:00,29.4,0.0,,321.0,3.3
2024-03-10 17:00:00,29.7,0.0,,17.0,8.39999
2024-03-10 18:00:00,29.1,0.0,,37.0,9.10001
2024-03-10 19:00:00,29.0,0.0,,23.0,9.60001
2024-03-10 20:00:00,28.3,0.0,,22.0,8.39999
2024-03-10 21:00:00,27.7,0.0,,13.0,8.7
2024-03-10 22:00:00,27.4,0.0,,18.0,7.8
2024-03-10 23:00:00,27.2,0.0,,15.0,7.1
2024-03-11 00:00:00,26.9,0.0,,9.0,6.7
2024-03-11 01:00:00,26.8,0.0,,25.0,4.5
2024-03-11 02:00:00,26.4,0.0,,15.0,7.8
2024-03-11 03:00:00,26.3,0.0,,14.0,7.3
2024-03-11 04:00:00,26.2,0.0,,17.0,6.4
2024-03-11 05:00:00,26.0,0.0,,15.0,6.4
2024-03-11 06:00:00,25.8,0.0,,12.0,7.7
2024-03-11 07:00:00,25.9,0.0,,11.0,5.8
2024-03-11 08:00:00,25.7,0.0,,10.0,6.8
2024-03-11 09:00:00,26.3,0.0,,354.0,3.9
2024-03-11 10:00:00,27.3,0.0,,352.0,3.6
2024-03-11 11:00:00,28.7,0.0,,5.0,5.4
2024-03-11 12:00:00,30.1,0.0,,8.0,8.89999
2024-03-11 13:00:00,30.5,0.0,,12.0,8.89999
2024-03-11 14:00:00,31.1,0.0,,26.0,7.2
2024-03-11 15:00:00,30.8,0.0,,51.0,8.39999
2024-03-11 16:00:00,31.7,0.0,,21.0,10.6
2024-03-11 17:00:00,30.6,0.0,,16.0,10.6
2024-03-11 18:00:00,30.3,0.0,,1.0,5.8
2024-03-11 19:00:00,30.0,0.0,,31.0,7.7
2024-03-11 20:00:00,29.2,0.0,,11.0,5.2
2024-03-11 21:00:00,28.4,0.0,,9.0,5.6
2024-03-11 22:00:00,28.2,0.0,,5.0,5.8
2024-03-11 23:00:00,27.9,0.0,,21.0,5.1
2024-03-12 00:00:00,27.6,0.0,,12.0,7.5
2024-03-12 01:00:00,27.3,0.0,,10.0,6.2
2024-03-12 02:00:00,27.3,0.0,,21.0,6.0
2024-03-12 03:00:00,27.0,0.0,,12.0,8.2
2024-03-12 04:00:00,27.1,0.0,,12.0,6.7
2024-03-12 05:00:00,26.8,0.0,,351.0,4.6
2024-03-12 06:00:00,26.6,0.0,,3.0,5.9
2024-03-12 07:00:00,26.6,0.0,,354.0,3.8
2024-03-12 08:00:00,26.8,0.0,,7.0,5.6
2024-03-12 09:00:00,27.6,0.0,,5.0,5.8
2024-03-12 10:00:00,29.2,0.0,,14.0,9.7
2024-03-12 11:00:00,29.4,0.0,,10.0,10.3
2024-03-12 12:00:00,30.7,0.0,,5.0,8.39999
2024-03-12 13:00:00,32.3,0.0,,342.0,7.7
2024-03-12 14:00:00,32.9,0.0,,358.0,7.3
2024-03-12 15:00:00,33.2,0.0,,358.0,7.9
2024-03-12 16:00:00,31.7,0.0,,8.0,6.9
2024-03-12 17:00:00,30.4,0.0,,25.0,12.6
2024-03-12 18:00:00,30.9,0.0,,22.0,7.7
2024-03-12 19:00:00,29.7,0.0,,34.0,6.3
2024-03-12 20:00:00,28.4,0.0,,31.0,7.0
2024-03-12 21:00:00,27.8,0.0,,25.0,10.0
2024-03-12 22:00:00,27.3,0.0,,14.0,7.5
2024-03-12 23:00:00,27.4,0.0,,24.0,5.5
2024-03-13 00:00:00,27.2,0.0,,9.0,7.5
2024-03-13 01:00:00,26.9,0.0,,10.0,7.3
2024-03-13 02:00:00,26.3,0.0,,10.0,6.5
2024-03-13 03:00:00,26.2,0.0,,22.0,6.1
2024-03-13 04:00:00,25.9,0.0,,10.0,6.9
2024-03-13 05:00:00,26.0,0.0,,11.0,4.7
2024-03-13 06:00:00,25.7,0.0,,14.0,6.8
2024-03-13 07:00:00,25.8,0.0,,19.0,7.0
2024-03-13 08:00:00,25.9,0.0,,15.0,4.8
2024-03-13 09:00:00,27.3,0.0,,2.0,6.2
2024-03-13 10:00:00,28.8,0.0,,20.0,11.1
2024-03-13 11:00:00,29.7,0.0,,26.0,12.1
2024-03-13 12:00:00,31.2,0.0,,21.0,9.39999
2024-03-13 13:00:00,31.6,0.0,,11.0,10.2
2024-03-13 14:00:00,32.4,0.0,,8.0,8.2
2024-03-13 15:00:00,32.6,0.0,,40.0,7.4
2024-03-13 16:00:00,32.9,0.0,,356.0,6.8
2024-03-13 17:00:00,31.6,0.0,,53.0,12.4
2024-03-13 18:00:00,31.4,0.0,,60.0,8.0
2024-03-13 19:00:00,30.2,0.0,,47.0,10.8
2024-03-13 20:00:00,28.7,0.0,,50.0,7.7
2024-03-13 21:00:00,28.0,0.0,,53.0,7.4
2024-03-13 22:00:00,27.5,0.0,,44.0,5.4
2024-03-13 23:00:00,27.3,0.0,,24.0,5.8
2024-03-14 00:00:00,27.0,0.0,,16.0,6.5
2024-03-14 01:00:00,26.8,0.0,,8.0,5.5
2024-03-14 02:00:00,26.5,0.0,,14.0,7.3
2024-03-14 03:00:00,26.3,0.0,,18.0,8.2
2024-03-14 04:00:00,26.2,0.0,,16.0,6.9
2024-03-14 05:00:00,26.1,0.0,,12.0,6.1
2024-03-14 06:00:00,26.0,0.0,,350.0,5.3
2024-03-14 07:00:00,26.0,0.0,,15.0,7.1
2024-03-14 08:00:00,26.0,0.0,,9.0,7.4
2024-03-14 09:00:00,26.8,0.0,,2.0,5.9
2024-03-14 10:00:00,28.4,0.0,,9.0,7.0
2024-03-14 11:00:00,29.4,0.0,,10.0,9.3
2024-03-14 12:00:00,31.0,0.0,,5.0,6.9
2024-03-14 13:00:00,32.0,0.0,,10.0,7.5
2024-03-14 14:00:00,32.7,0.0,,24.0,4.3
2024-03-14 15:00:00,32.2,0.0,,44.0,9.2
2024-03-14 16:00:00,32.5,0.0,,52.0,9.2
2024-03-14 17:00:00,31.7,0.0,,52.0,10.7
2024-03-14 18:00:00,31.1,0.0,,43.0,9.3
2024-03-14 19:00:00,29.5,0.0,,48.0,9.3
2024-03-14 20:00:00,28.3,0.0,,23.0,6.8
2024-03-14 21:00:00,27.6,0.0,,21.0,8.39999
2024-03-14 22:00:00,27.4,0.0,,28.0,6.7
2024-03-14 23:00:00,27.2,0.0,,66.0,4.9
2024-03-15 00:00:00,27.1,0.0,,65.0,4.1
2024-03-15 01:00:00,26.8,0.0,,52.0,4.9
2024-03-15 02:00:00,26.3,0.0,,9.0,7.2
2024-03-15 03:00:00,26.2,0.0,,352.0,3.9
2024-03-15 04:00:00,26.1,0.0,,347.0,3.0
2024-03-15 05:00:00,25.9,0.0,,1.0,2.6
2024-03-15 06:00:00,25.8,0.0,,17.0,3.4
2024-03-15 07:00:00,25.7,0.0,,37.0,4.5
2024-03-15 08:00:00,26.3,0.0,,18.0,3.1
2024-03-15 09:00:00,27.9,0.0,,10.0,4.7
2024-03-15 10:00:00,29.0,0.0,,10.0,5.9
2024-03-15 11:00:00,29.4,0.0,,12.0,7.7
2024-03-15 12:00:00,30.7,0.0,,17.0,6.7
2024-03-15 13:00:00,30.9,0.0,,6.0,6.9
2024-03-15 14:00:00,31.1,0.0,,1.0,6.2
2024-03-15 15:00:00,31.7,0.0,,23.0,6.0
2024-03-15 16:00:00,30.1,0.0,,81.0,7.9
2024-03-15 17:00:00,30.1,0.0,,46.0,7.6
2024-03-15 18:00:00,29.2,0.0,,45.0,7.6
2024-03-15 19:00:00,28.3,0.0,,54.0,10.4
2024-03-15 20:00:00,27.8,0.0,,56.0,8.39999
2024-03-15 21:00:00,27.7,0.0,,57.0,4.4
2024-03-15 22:00:00,27.4,0.0,,40.0,5.0
2024-03-15 23:00:00,27.0,0.0,,24.0,4.0
2024-03-16 00:00:00,27.0,0.0,,57.0,4.9
2024-03-16 01:00:00,26.8,0.0,,47.0,6.7
2024-03-16 02:00:00,26.4,0.0,,37.0,5.3
2024-03-16 03:00:00,26.3,0.0,,49.0,7.3
2024-03-16 04:00:00,26.2,0.0,,45.0,7.6
2024-03-16 05:00:00,25.6,0.0,,27.0,3.2
2024-03-16 06:00:00,25.8,0.0,,58.0,2.7
2024-03-16 07:00:00,25.7,0.0,,22.0,3.0
2024-03-16 08:00:00,27.2,0.0,,11.0,1.3
2024-03-16 09:00:00,27.6,0.0,,8.0,6.9
2024-03-16 10:00:00,28.9,0.0,,14.0,7.0
2024-03-16 11:00:00,30.8,0.0,,23.0,6.2
2024-03-16 12:00:00,31.2,0.0,,20.0,4.4
2024-03-16 13:00:00,32.2,0.0,,4.0,4.4
2024-03-16 14:00:00,32.1,0.0,,69.0,5.3
2024-03-16 15:00:00,32.3,0.0,,44.0,6.5
2024-03-16 16:00:00,31.9,0.0,,60.0,8.3
2024-03-16 17:00:00,31.0,0.0,,58.0,12.6
2024-03-16 18:00:00,30.1,0.0,,46.0,11.5
2024-03-16 19:00:00,29.4,0.0,,50.0,6.7
2024-03-16 20:00:00,28.6,0.0,,70.0,7.9
2024-03-16 21:00:00,28.1,0.0,,49.0,4.9
2024-03-16 22:00:00,27.7,0.0,,51.0,6.4
2024-03-16 23:00:00,27.4,0.0,,50.0,6.6
2024-03-17 00:00:00,27.3,0.0,,49.0,8.60001
2024-03-17 01:00:00,26.7,0.0,,14.0,7.7
2024-03-17 02:00:00,26.6,0.0,,27.0,6.9
2024-03-17 03:00:00,26.6,0.0,,15.0,4.4
2024-03-17 04:00:00,26.7,0.0,,25.0,6.8
2024-03-17 05:00:00,26.4,0.0,,4.0,5.6
2024-03-17 06:00:00,26.1,0.0,,31.0,2.3
2024-03-17 07:00:00,26.1,0.0,,37.0,2.9
2024-03-17 08:00:00,26.6,0.0,,10.0,3.6
2024-03-17 09:00:00,27.8,0.0,,352.0,4.3
2024-03-17 10:00:00,29.4,0.0,,24.0,7.2
2024-03-17 11:00:00,30.1,0.0,,18.0,8.60001
2024-03-17 12:00:00,31.2,0.0,,355.0,10.0
2024-03-17 13:00:00,31.6,0.0,,36.0,8.89999
2024-03-17 14:00:00,33.0,0.0,,23.0,8.8
2024-03-17 15:00:00,32.8,0.0,,56.0,7.8
2024-03-17 16:00:00,32.4,0.0,,18.0,10.1
2024-03-17 17:00:00,32.5,0.0,,26.0,9.3
2024-03-17 18:00:00,30.8,0.0,,40.0,13.7
2024-03-17 19:00:00,30.2,0.0,,39.0,10.0
2024-03-17 20:00:00,29.1,0.0,,42.0,6.6
2024-03-17 21:00:00,28.5,0.0,,43.0,8.3
2024-03-17 22:00:00,28.0,0.0,,27.0,7.7
2024-03-17 23:00:00,27.7,0.0,,25.0,5.8
2024-03-18 00:00:00,27.5,0.0,,13.0,6.4
2024-03-18 01:00:00,27.2,0.0,,28.0,6.8
2024-03-18 02:00:00,27.0,0.0,,29.0,6.5
2024-03-18 03:00:00,26.6,0.0,,25.0,7.1
2024-03-18 04:00:00,26.3,0.0,,11.0,6.9
2024-03-18 05:00:00,26.2,0.0,,12.0,7.8
2024-03-18 06:00:00,26.0,0.0,,3.0,6.4
2024-03-18 07:00:00,26.1,0.0,,356.0,3.9
2024-03-18 08:00:00,26.8,0.0,,8.0,4.4
2024-03-18 09:00:00,27.9,0.0,,7.0,7.7
2024-03-18 10:00:00,29.3,0.0,,11.0,7.2
2024-03-18 11:00:00,31.0,0.0,,26.0,5.8
2024-03-18 12:00:00,31.1,0.0,,3.0,8.3
2024-03-18 13:00:00,32.1,0.0,,58.0,7.5
2024-03-18 14:00:00,32.7,0.0,,40.0,5.7
2024-03-18 15:00:00,32.6,0.0,,60.0,7.6
2024-03-18 16:00:00,33.3,0.0,,49.0,8.10001
2024-03-18 17:00:00,33.0,0.0,,55.0,8.89999
2024-03-18 18:00:00,31.7,0.0,,57.0,8.39999
2024-03-18 19:00:00,30.6,0.0,,47.0,9.2
2024-03-18 20:00:00,29.2,0.0,,49.0,9.0
2024-03-18 21:00:00,28.3,0.0,,50.0,9.5
2024-03-18 22:00:00,28.0,0.0,,56.0,5.6
2024-03-18 23:00:00,27.8,0.0,,54.0,6.4
2024-03-19 00:00:00,27.3,0.0,,23.0,5.6
2024-03-19 01:00:00,27.2,0.0,,39.0,4.8
2024-03-19 02:00:00,27.2,0.0,,50.0,6.2
2024-03-19 03:00:00,27.0,0.0,,49.0,8.5
2024-03-19 04:00:00,27.0,0.0,,50.0,9.8
2024-03-19 05:00:00,26.8,0.0,,45.0,5.2
2024-03-19 06:00:00,26.8,0.0,,51.0,5.4
2024-03-19 07:00:00,26.7,0.0,,55.0,4.9
2024-03-19 08:00:00,27.0,0.0,,58.0,5.5
2024-03-19 09:00:00,28.0,0.0,,42.0,9.10001
2024-03-19 10:00:00,29.4,0.0,,25.0,9.5
2024-03-19 11:00:00,31.0,0.0,,49.0,10.8
2024-03-19 12:00:00,31.3,0.0,,23.0,6.5
2024-03-19 13:00:00,31.2,0.0,,62.0,6.6
2024-03-19 14:00:00,29.7,0.0,,16.0,10.2
2024-03-19 15:00:00,27.9,0.2,,349.0,3.0
2024-03-19 16:00:00,27.6,0.0,,65.0,7.5
2024-03-19 17:00:00,28.2,0.0,,20.0,6.1
2024-03-19 18:00:00,27.9,0.0,,12.0,4.1
2024-03-19 19:00:00,28.4,0.0,,55.0,8.39999
2024-03-19 20:00:00,27.9,0.0,,53.0,8.3
2024-03-19 21:00:00,27.6,0.0,,55.0,9.10001
2024-03-19 22:00:00,27.4,0.0,,55.0,6.4
2024-03-19 23:00:00,27.3,0.0,,59.0,6.3
2024-03-20 00:00:00,27.2,0.0,,61.0,5.1
2024-03-20 01:00:00,26.9,0.0,,55.0,5.1
2024-03-20 02:00:00,26.8,0.0,,54.0,7.6
2024-03-20 03:00:00,26.5,0.0,,35.0,4.9
2024-03-20 04:00:00,26.4,0.0,,51.0,6.2
2024-03-20 05:00:00,26.5,0.0,,50.0,8.10001
2024-03-20 06:00:00,26.3,0.0,,57.0,6.4
2024-03-20 07:00:00,26.5,0.0,,56.0,6.0
2024-03-20 08:00:00,26.9,0.0,,58.0,6.5
2024-03-20 09:00:00,27.6,0.0,,51.0,9.8
2024-03-20 10:00:00,29.1,0.0,,63.0,7.3
2024-03-20 11:00:00,30.2,0.0,,51.0,8.5
2024-03-20 12:00:00,31.3,0.0,,23.0,9.8
2024-03-20 13:00:00,30.9,0.0,,49.0,7.4
2024-03-20 14:00:00,30.1,0.0,,52.0,13.0
2024-03-20 15:00:00,30.1,0.0,,49.0,11.4
2024-03-20 16:00:00,30.2,0.0,,52.0,9.5
2024-03-20 17:00:00,30.0,0.0,,58.0,10.9
2024-03-20 18:00:00,29.9,0.0,,44.0,9.10001
2024-03-20 19:00:00,29.0,0.0,,21.0,11.8
2024-03-20 20:00:00,28.4,0.0,,41.0,10.5
2024-03-20 21:00:00,27.5,0.0,,17.0,9.0
2024-03-20 22:00:00,27.3,0.0,,43.0,6.2
2024-03-20 23:00:00,27.1,0.0,,52.0,6.9
2024-03-21 00:00:00,26.9,0.0,,37.0,5.2
2024-03-21 01:00:00,27.0,0.0,,40.0,4.7
2024-03-21 02:00:00,27.0,0.0,,48.0,7.9
2024-03-21 03:00:00,26.9,0.0,,56.0,6.0
2024-03-21 04:00:00,26.9,0.0,,58.0,5.9
2024-03-21 05:00:00,26.8,0.0,,53.0,6.6
2024-03-21 06:00:00,26.7,0.0,,46.0,6.8
2024-03-21 07:00:00,26.7,0.0,,32.0,4.2
2024-03-21 08:00:00,26.7,0.0,,46.0,9.3
2024-03-21 09:00:00,27.2,0.0,,54.0,6.8
2024-03-21 10:00:00,28.2,0.0,,42.0,7.9
2024-03-21 11:00:00,29.8,0.0,,63.0,8.39999
2024-03-21 12:00:00,30.5,0.0,,52.0,7.9
2024-03-21 13:00:00,30.2,0.0,,63.0,6.3
2024-03-21 14:00:00,30.6,0.0,,29.0,7.2
2024-03-21 15:00:00,30.9,0.0,,46.0,8.89999
2024-03-21 16:00:00,30.1,0.0,,41.0,8.60001
2024-03-21 17:00:00,30.4,0.0,,40.0,8.60001
2024-03-21 18:00:00,29.8,0.0,,42.0,7.0
2024-03-21 19:00:00,29.1,0.0,,30.0,7.2
2024-03-21 20:00:00,28.3,0.0,,62.0,7.8
2024-03-21 21:00:00,28.0,0.0,,64.0,6.6
2024-03-21 22:00:00,27.7,0.0,,60.0,7.7
2024-03-21 23:00:00,27.5,0.0,,51.0,5.9
2024-03-22 00:00:00,27.3,0.0,,53.0,8.3
2024-03-22 01:00:00,27.1,0.0,,54.0,7.0
2024-03-22 02:00:00,27.0,0.0,,59.0,5.4
2024-03-22 03:00:00,26.6,0.0,,22.0,5.2
2024-03-22 04:00:00,26.6,0.0,,43.0,5.0
2024-03-22 05:00:00,26.5,0.0,,55.0,4.8
2024-03-22 06:00:00,26.2,0.0,,40.0,5.2
2024-03-22 07:00:00,26.2,0.0,,47.0,4.8
2024-03-22 08:00:00,26.8,0.0,,51.0,6.2
2024-03-22 09:00:00,27.8,0.0,,48.0,7.3
2024-03-22 10:00:00,28.6,0.0,,52.0,10.0
2024-03-22 11:00:00,29.8,0.0,,46.0,9.0
2024-03-22 12:00:00,30.8,0.0,,25.0,7.3
2024-03-22 13:00:00,31.4,0.0,,50.0,7.1
2024-03-22 14:00:00,31.8,0.0,,39.0,6.3
2024-03-22 15:00:00,32.3,0.0,,74.0,6.5
2024-03-22 16:00:00,30.9,0.0,,67.0,8.60001
2024-03-22 17:00:00,30.4,0.0,,71.0,9.39999
2024-03-22 18:00:00,29.7,0.0,,58.0,8.2
2024-03-22 19:00:00,29.1,0.0,,71.0,9.10001
2024-03-22 20:00:00,28.3,0.0,,56.0,8.3
2024-03-22 21:00:00,28.1,0.0,,67.0,8.10001
2024-03-22 22:00:00,28.0,0.0,,62.0,5.8
2024-03-22 23:00:00,27.8,0.0,,81.0,5.9
2024-03-23 00:00:00,27.6,0.0,,78.0,8.10001
2024-03-23 01:00:00,27.3,0.0,,61.0,5.9
2024-03-23 02:00:00,27.1,0.0,,69.0,6.8
2024-03-23 03:00:00,26.9,0.0,,73.0,5.1
2024-03-23 04:00:00,26.8,0.0,,54.0,5.4
2024-03-23 05:00:00,26.5,0.0,,53.0,5.5
2024-03-23 06:00:00,26.4,0.0,,53.0,5.7
2024-03-23 07:00:00,26.4,0.0,,54.0,5.5
2024-03-23 08:00:00,26.9,0.0,,50.0,6.3
2024-03-23 09:00:00,28.5,0.0,,57.0,5.7
2024-03-23 10:00:00,28.9,0.0,,49.0,7.8
2024-03-23 11:00:00,30.0,0.0,,45.0,8.0
2024-03-23 12:00:00,31.2,0.0,,53.0,7.0
2024-03-23 13:00:00,33.0,0.0,,359.0,4.6
2024-03-23 14:00:00,32.4,0.0,,48.0,6.4
2024-03-23 15:00:00,32.3,0.0,,73.0,8.0
2024-03-23 16:00:00,32.7,0.0,,48.0,5.5
2024-03-23 17:00:00,32.3,0.0,,30.0,7.1
2024-03-23 18:00:00,31.5,0.0,,43.0,6.5
2024-03-23 19:00:00,30.3,0.0,,57.0,7.9
2024-03-23 20:00:00,29.1,0.0,,77.0,8.60001
2024-03-23 21:00:00,28.3,0.0,,75.0,6.3
2024-03-23 22:00:00,27.9,0.0,,77.0,6.3
2024-03-23 23:00:00,27.8,0.0,,76.0,6.2
2024-03-24 00:00:00,27.5,0.0,,72.0,5.4
2024-03-24 01:00:00,27.4,0.0,,76.0,6.4
2024-03-24 02:00:00,27.1,0.0,,56.0,4.9
2024-03-24 03:00:00,26.9,0.0,,61.0,6.2
2024-03-24 04:00:00,26.7,0.0,,52.0,7.2
2024-03-24 05:00:00,26.6,0.0,,59.0,5.8
2024-03-24 06:00:00,26.5,0.0,,68.0,4.4
2024-03-24 07:00:00,26.5,0.0,,66.0,5.2
2024-03-24 08:00:00,27.0,0.0,,55.0,4.0
2024-03-24 09:00:00,28.5,0.0,,55.0,5.6
2024-03-24 10:00:00,29.6,0.0,,41.0,5.8
2024-03-24 11:00:00,30.5,0.0,,55.0,6.1
2024-03-24 12:00:00,32.5,0.0,,52.0,5.9
2024-03-24 13:00:00,32.7,0.0,,46.0,7.1
2024-03-24 14:00:00,32.9,0.0,,75.0,4.0
2024-03-24 15:00:00,32.8,0.0,,60.0,6.5
2024-03-24 16:00:00,32.6,0.0,,80.0,7.4
2024-03-24 17:00:00,32.2,0.0,,91.0,6.9
2024-03-24 18:00:00,31.1,0.0,,51.0,8.8
2024-03-24 19:00:00,29.9,0.0,,58.0,7.4
2024-03-24 20:00:00,29.0,0.0,,72.0,9.2
2024-03-24 21:00:00,28.5,0.0,,71.0,6.5
2024-03-24 22:00:00,28.2,0.0,,69.0,5.7
2024-03-24 23:00:00,27.9,0.0,,67.0,6.0
2024-03-25 00:00:00,27.7,0.0,,65.0,5.6
2024-03-25 01:00:00,27.5,0.0,,64.0,6.0
2024-03-25 02:00:00,27.2,0.0,,65.0,4.5
2024-03-25 03:00:00,26.9,0.0,,56.0,7.3
2024-03-25 04:00:00,26.8,0.0,,56.0,6.0
2024-03-25 05:00:00,26.6,0.0,,57.0,7.2
2024-03-25 06:00:00,26.5,0.0,,56.0,5.8
2024-03-25 07:00:00,26.5,0.0,,53.0,4.1
2024-03-25 08:00:00,27.3,0.0,,36.0,4.6
2024-03-25 09:00:00,28.6,0.0,,55.0,7.5
2024-03-25 10:00:00,29.4,0.0,,50.0,7.1
2024-03-25 11:00:00,29.9,0.0,,48.0,9.3
2024-03-25 12:00:00,30.7,0.0,,50.0,6.4
2024-03-25 13:00:00,32.3,0.0,,48.0,4.7
2024-03-25 14:00:00,32.3,0.0,,66.0,7.4
2024-03-25 15:00:00,33.4,0.0,48.4,79.0,7.5
2024-03-25 16:00:00,33.1,0.0,48.4,86.0,8.0
2024-03-25 17:00:00,33.1,0.0,50.2,62.0,6.5
2024-03-25 18:00:00,31.9,0.0,55.3,67.0,8.89999
2024-03-25 19:00:00,30.4,0.0,61.5,64.0,8.10001
2024-03-25 20:00:00,29.2,0.0,70.8,61.0,6.6
2024-03-25 21:00:00,28.6,0.0,73.5,66.0,8.0
2024-03-25 22:00:00,28.4,0.0,76.6,74.0,7.5
2024-03-25 23:00:00,28.3,0.0,77.7,72.0,5.8
2024-03-26 00:00:00,28.1,0.0,80.5,65.0,4.9
2024-03-26 01:00:00,27.9,0.0,82.9,59.0,5.8
2024-03-26 02:00:00,27.7,0.0,84.9,55.0,6.9
2024-03-26 03:00:00,27.4,0.0,86.4,50.0,7.0
2024-03-26 04:00:00,27.0,0.0,88.3,357.0,2.9
2024-03-26 05:00:00,27.0,0.0,88.2,30.0,3.9
2024-03-26 06:00:00,27.0,0.0,86.3,49.0,5.2
2024-03-26 07:00:00,27.0,0.0,88.1,38.0,3.4
2024-03-26 08:00:00,27.8,0.0,85.1,52.0,4.7
2024-03-26 09:00:00,29.1,0.0,79.8,54.0,5.1
2024-03-26 10:00:00,29.5,0.0,73.7,39.0,9.7
2024-03-26 11:00:00,30.7,0.0,64.2,53.0,8.89999
2024-03-26 12:00:00,31.7,0.0,58.9,40.0,10.7
2024-03-26 13:00:00,32.1,0.0,56.7,46.0,10.4
2024-03-26 14:00:00,33.4,0.0,50.9,70.0,9.0
2024-03-26 15:00:00,32.9,0.0,52.6,73.0,11.0
2024-03-26 16:00:00,32.0,0.0,57.8,69.0,10.5
2024-03-26 17:00:00,31.5,0.0,61.4,71.0,11.6
2024-03-26 18:00:00,31.0,0.0,64.0,49.0,10.7
2024-03-26 19:00:00,29.8,0.0,70.2,50.0,11.4
2024-03-26 20:00:00,29.2,0.0,72.5,52.0,8.10001
2024-03-26 21:00:00,28.7,0.0,74.3,61.0,6.9
2024-03-26 22:00:00,28.4,0.0,74.8,57.0,7.8
2024-03-26 23:00:00,28.0,0.0,79.6,52.0,9.10001
2024-03-27 00:00:00,27.8,0.0,80.9,48.0,5.8
2024-03-27 01:00:00,27.7,0.0,82.6,47.0,7.0
2024-03-27 02:00:00,27.2,0.0,84.8,48.0,5.4
2024-03-27 03:00:00,27.1,0.0,86.5,47.0,3.6
2024-03-27 04:00:00,26.9,0.0,87.7,47.0,4.7
2024-03-27 05:00:00,26.7,0.0,89.4,8.0,3.8
2024-03-27 06:00:00,26.8,0.0,89.8,12.0,3.5
2024-03-27 07:00:00,26.7,0.0,89.4,4.0,4.1
2024-03-27 08:00:00,27.2,0.0,86.5,7.0,2.1
2024-03-27 09:00:00,28.4,0.0,80.3,7.0,7.8
2024-03-27 10:00:00,29.8,0.0,73.0,16.0,9.2
2024-03-27 11:00:00,31.2,0.0,63.1,52.0,6.5
2024-03-27 12:00:00,31.7,0.0,59.5,23.0,7.3
2024-03-27 13:00:00,32.9,0.0,51.1,60.0,7.0
2024-03-27 14:00:00,32.1,0.0,54.4,45.0,9.7
2024-03-27 15:00:00,32.8,0.0,50.1,64.0,11.6
2024-03-27 16:00:00,33.5,0.0,49.4,63.0,9.2
2024-03-27 17:00:00,32.4,0.0,55.7,71.0,8.0
2024-03-27 18:00:00,31.1,0.0,61.7,60.0,10.4
2024-03-27 19:00:00,30.7,0.0,64.0,56.0,7.4
2024-03-27 20:00:00,29.5,0.0,69.5,71.0,9.5
2024-03-27 21:00:00,29.0,0.0,76.9,63.0,8.60001
2024-03-27 22:00:00,28.8,0.0,78.2,55.0,6.5
2024-03-27 23:00:00,28.7,0.0,79.4,50.0,5.0
2024-03-28 00:00:00,28.5,0.0,80.4,50.0,5.1
2024-03-28 01:00:00,28.3,0.0,82.8,10.0,3.5
2024-03-28 02:00:00,28.2,0.0,83.1,43.0,3.3
2024-03-28 03:00:00,28.0,0.0,84.7,22.0,2.7
2024-03-28 04:00:00,27.8,0.0,84.9,353.0,4.9
2024-03-28 05:00:00,27.6,0.0,86.1,28.0,3.7
2024-03-28 06:00:00,27.6,0.0,84.9,56.0,4.6
2024-03-28 07:00:00,27.4,0.0,86.2,56.0,3.8
2024-03-28 08:00:00,27.9,0.0,85.5,13.0,3.7
2024-03-28 09:00:00,28.7,0.0,79.5,65.0,7.7
2024-03-28 10:00:00,30.1,0.0,68.9,65.0,7.5
2024-03-28 11:00:00,31.6,0.0,64.2,75.0,5.9
2024-03-28 12:00:00,31.9,0.0,60.6,83.0,7.6
2024-03-28 13:00:00,32.2,0.0,56.9,73.0,7.3
2024-03-28 14:00:00,32.8,0.0,54.7,70.0,9.0
2024-03-28 15:00:00,32.4,0.0,56.1,107.0,7.9
2024-03-28 16:00:00,31.8,0.0,60.7,111.0,9.60001
2024-03-28 17:00:00,31.3,0.0,62.1,89.0,10.0
2024-03-28 18:00:00,30.9,0.0,62.3,69.0,6.8
2024-03-28 19:00:00,30.4,0.0,62.7,78.0,6.9
2024-03-28 20:00:00,29.7,0.0,65.9,82.0,8.0
2024-03-28 21:00:00,28.9,0.0,75.6,81.0,7.7
2024-03-28 22:00:00,28.8,0.0,77.3,110.0,4.4
2024-03-28 23:00:00,28.8,0.0,77.4,102.0,5.7
2024-03-29 00:00:00,28.8,0.0,77.6,108.0,6.2
2024-03-29 01:00:00,28.3,0.0,82.5,38.0,2.7
2024-03-29 02:00:00,28.3,0.0,83.0,54.0,2.2
2024-03-29 03:00:00,28.3,0.0,83.5,96.0,5.1
2024-03-29 04:00:00,28.2,0.0,84.3,96.0,6.3
2024-03-29 05:00:00,28.1,0.0,83.8,93.0,5.2
2024-03-29 06:00:00,28.0,0.0,84.7,69.0,3.7
2024-03-29 07:00:00,28.0,0.0,85.3,89.0,5.3
2024-03-29 08:00:00,28.4,0.0,84.0,104.0,6.7
2024-03-29 09:00:00,29.0,0.0,79.6,112.0,7.1
2024-03-29 10:00:00,30.6,0.0,66.8,133.0,7.4
2024-03-29 11:00:00,31.5,0.0,59.8,73.0,7.8
2024-03-29 12:00:00,31.7,0.0,60.5,131.0,7.6
2024-03-29 13:00:00,31.3,0.0,66.0,125.0,6.3
2024-03-29 14:00:00,32.7,0.0,52.6,113.0,10.0
2024-03-29 15:00:00,33.3,0.0,47.8,115.0,8.89999
2024-03-29 16:00:00,33.4,0.0,46.5,107.0,6.9
2024-03-29 17:00:00,33.9,0.0,43.7,119.0,7.3
2024-03-29 18:00:00,32.3,0.0,52.7,80.0,11.2
2024-03-29 19:00:00,31.1,0.0,59.9,71.0,7.4
2024-03-29 20:00:00,30.0,0.0,64.8,66.0,8.39999
2024-03-29 21:00:00,29.2,0.0,75.7,78.0,7.0
2024-03-29 22:00:00,29.2,0.0,75.7,91.0,7.4
2024-03-29 23:00:00,29.1,0.0,75.8,106.0,6.4
2024-03-30 00:00:00,28.7,0.0,79.1,65.0,4.5
2024-03-30 01:00:00,28.7,0.0,79.2,100.0,5.7
2024-03-30 02:00:00,28.6,0.0,78.9,132.0,4.6
2024-03-30 03:00:00,28.7,0.0,76.7,101.0,4.1
2024-03-30 04:00:00,28.6,0.0,78.8,102.0,4.8
2024-03-30 05:00:00,28.4,0.0,82.4,80.0,4.2
2024-03-30 06:00:00,27.9,0.0,86.4,49.0,5.3
2024-03-30 07:00:00,27.7,0.0,87.6,49.0,3.2
2024-03-30 08:00:00,28.1,0.0,87.0,10.0,3.3
2024-03-30 09:00:00,29.1,0.0,79.1,48.0,3.1
2024-03-30 10:00:00,29.6,0.0,74.2,93.0,4.9
2024-03-30 11:00:00,30.9,0.0,66.4,93.0,7.7
2024-03-30 12:00:00,32.4,0.0,58.7,81.0,5.8
2024-03-30 13:00:00,32.2,0.0,58.1,105.0,8.8
2024-03-30 14:00:00,31.9,0.0,58.8,74.0,8.2
2024-03-30 15:00:00,33.3,0.0,53.9,79.0,6.4
2024-03-30 16:00:00,29.6,0.0,65.7,95.0,10.9
2024-03-30 17:00:00,30.9,0.0,64.8,98.0,6.8
2024-03-30 18:00:00,31.0,0.0,60.3,109.0,6.8
2024-03-30 19:00:00,30.6,0.0,63.3,66.0,5.4
2024-03-30 20:00:00,29.6,0.0,71.9,65.0,7.5
2024-03-30 21:00:00,29.1,0.0,77.8,64.0,5.1
2024-03-30 22:00:00,28.8,0.0,80.4,67.0,5.3
2024-03-30 23:00:00,28.8,0.0,79.7,62.0,4.1
2024-03-31 00:00:00,28.6,0.0,80.0,53.0,4.3
2024-03-31 01:00:00,28.3,0.0,82.6,357.0,1.4
2024-03-31 02:00:00,28.2,0.0,82.2,349.0,1.6
2024-03-31 03:00:00,28.2,0.0,83.4,292.0,1.6
2024-03-31 04:00:00,27.7,0.0,85.3,344.0,2.2
2024-03-31 05:00:00,27.4,0.0,87.7,355.0,2.7
2024-03-31 06:00:00,27.4,0.0,86.6,342.0,2.9
2024-03-31 07:00:00,27.5,0.0,87.1,322.0,1.6
2024-03-31 08:00:00,27.7,0.0,85.7,299.0,4.6
2024-03-31 09:00:00,29.2,0.0,77.0,336.0,2.4
2024-03-31 10:00:00,30.5,0.0,66.5,265.0,2.1
2024-03-31 11:00:00,31.1,0.0,63.5,333.0,3.6
2024-03-31 12:00:00,32.3,0.0,59.1,309.0,3.7
2024-03-31 13:00:00,32.4,0.0,58.0,282.0,3.0
2024-03-31 14:00:00,32.4,0.0,60.5,206.0,3.7
2024-03-31 15:00:00,27.0,0.2,96.8,9.0,5.9
2024-03-31 16:00:00,28.2,0.0,82.4,252.0,4.4
2024-03-31 17:00:00,32.0,0.0,62.0,147.0,2.6
2024-03-31 18:00:00,31.1,0.0,68.9,308.0,5.4
2024-03-31 19:00:00,25.2,4.4,98.6,223.0,12.7
2024-03-31 20:00:00,26.0,0.0,94.8,82.0,2.1
2024-03-31 21:00:00,27.5,0.0,92.1,338.0,1.3
2024-03-31 22:00:00,27.4,0.0,91.9,309.0,2.6
2024-03-31 23:00:00,28.1,0.0,89.2,92.0,1.0
2024-04-01 00:00:00,27.3,0.0,93.3,17.0,4.1
2024-04-01 01:00:00,27.2,0.0,90.1,13.0,2.6
2024-04-01 02:00:00,27.6,0.0,85.7,59.0,4.3
2024-04-01 03:00:00,27.1,0.0,89.9,13.0,2.9
2024-04-01 04:00:00,27.1,0.0,87.9,70.0,3.6
2024-04-01 05:00:00,27.0,0.0,89.6,5.0,3.3
2024-04-01 06:00:00,27.1,0.0,89.6,63.0,2.4
2024-04-01 07:00:00,26.7,0.0,92.8,356.0,2.7
2024-04-01 08:00:00,27.0,0.0,93.0,11.0,2.7
2024-04-01 09:00:00,28.2,0.0,86.8,348.0,2.0
2024-04-01 10:00:00,30.1,0.0,77.5,29.0,2.7
2024-04-01 11:00:00,30.2,0.0,72.0,6.0,5.1
2024-04-01 12:00:00,31.1,0.0,64.9,76.0,3.0
2024-04-01 13:00:00,31.7,0.0,62.9,120.0,1.2
2024-04-01 14:00:00,31.6,0.0,63.5,349.0,1.9
2024-04-01 15:00:00,31.2,0.0,64.0,293.0,3.3
2024-04-01 16:00:00,30.7,0.0,68.9,72.0,3.1
2024-04-01 17:00:00,29.4,0.0,81.0,169.0,4.1
2024-04-01 18:00:00,29.9,0.0,75.3,133.0,5.3
2024-04-01 19:00:00,30.0,0.0,74.9,121.0,3.7
2024-04-01 20:00:00,29.7,0.0,78.4,79.0,3.8
2024-04-01 21:00:00,29.0,0.0,80.1,85.0,7.9
2024-04-01 22:00:00,29.0,0.0,81.0,72.0,3.8
2024-04-01 23:00:00,28.9,0.0,81.9,105.0,4.0
2024-04-02 00:00:00,28.7,0.0,83.8,110.0,6.7
2024-04-02 01:00:00,28.6,0.0,84.3,122.0,6.1
2024-04-02 02:00:00,28.5,0.0,85.8,100.0,5.9
2024-04-02 03:00:00,28.3,0.0,85.8,103.0,5.2
2024-04-02 04:00:00,28.1,0.0,87.6,68.0,3.9
2024-04-02 05:00:00,27.9,0.0,88.0,72.0,4.7
2024-04-02 06:00:00,27.9,0.0,87.4,93.0,1.4
2024-04-02 07:00:00,28.0,0.0,86.9,123.0,2.2
2024-04-02 08:00:00,28.7,0.0,85.1,46.0,2.8
2024-04-02 09:00:00,30.5,0.0,74.9,90.0,2.1
2024-04-02 10:00:00,31.1,0.0,68.1,147.0,3.3
2024-04-02 11:00:00,32.6,0.0,60.0,93.0,3.9
2024-04-02 12:00:00,32.2,0.0,61.4,352.0,4.2
2024-04-02 13:00:00,32.0,0.0,61.7,181.0,4.6
2024-04-02 14:00:00,34.7,0.0,47.7,208.0,1.7
2024-04-02 15:00:00,33.4,0.0,52.4,316.0,4.3
2024-04-02 16:00:00,32.9,0.0,54.1,310.0,5.8
2024-04-02 17:00:00,33.6,0.0,48.8,283.0,3.6
2024-04-02 18:00:00,32.3,0.0,59.7,22.0,4.1
2024-04-02 19:00:00,31.4,0.0,66.5,134.0,7.1
2024-04-02 20:00:00,30.8,0.0,69.6,115.0,6.6
2024-04-02 21:00:00,30.2,0.0,71.5,87.0,8.60001
2024-04-02 22:00:00,29.6,0.0,75.3,67.0,6.5
2024-04-02 23:00:00,29.5,0.0,77.6,109.0,3.1
2024-04-03 00:00:00,29.5,0.0,77.2,107.0,5.8
2024-04-03 01:00:00,29.4,0.0,77.9,95.0,5.9
2024-04-03 02:00:00,29.1,0.0,81.0,106.0,4.2
2024-04-03 03:00:00,29.0,0.0,81.1,90.0,5.7
2024-04-03 04:00:00,28.5,0.0,85.4,58.0,3.9
2024-04-03 05:00:00,28.5,0.0,86.5,73.0,5.1
2024-04-03 06:00:00,28.5,0.0,86.3,93.0,3.4
2024-04-03 07:00:00,28.6,0.0,85.1,84.0,4.5
2024-04-03 08:00:00,29.0,0.0,83.7,69.0,3.6
2024-04-03 09:00:00,29.5,0.0,78.2,75.0,6.0
2024-04-03 10:00:00,30.4,0.0,74.4,107.0,3.7
2024-04-03 11:00:00,31.1,0.0,67.0,96.0,3.9
2024-04-03 12:00:00,33.7,0.0,57.5,54.0,3.3
2024-04-03 13:00:00,31.4,0.0,64.8,200.0,4.4
2024-04-03 14:00:00,31.6,0.0,65.5,175.0,3.2
2024-04-03 15:00:00,26.5,0.0,85.0,12.0,8.5
2024-04-03 16:00:00,27.9,0.0,80.8,1.0,6.0
2024-04-03 17:00:00,28.6,0.0,78.7,345.0,3.9
2024-04-03 18:00:00,29.4,0.0,72.7,359.0,3.5
2024-04-03 19:00:00,29.1,0.0,75.7,359.0,3.9
2024-04-03 20:00:00,29.1,0.0,78.6,306.0,1.8
2024-04-03 21:00:00,28.6,0.0,81.6,18.0,2.7
2024-04-03 22:00:00,28.2,0.0,84.1,352.0,2.6
2024-04-03 23:00:00,28.0,0.0,86.1,353.0,2.8
2024-04-04 00:00:00,27.9,0.0,86.0,20.0,2.2
2024-04-04 01:00:00,28.0,0.0,84.1,2.0,1.7
2024-04-04 02:00:00,27.4,0.0,90.1,340.0,2.0
2024-04-04 03:00:00,27.0,0.0,89.8,351.0,3.3
2024-04-04 04:00:00,26.8,0.0,90.1,2.0,3.3
2024-04-04 05:00:00,26.7,0.0,91.3,12.0,3.3
2024-04-04 06:00:00,26.5,0.0,94.2,6.0,2.6
2024-04-04 07:00:00,26.4,0.0,93.1,359.0,2.7
2024-04-04 08:00:00,26.8,0.0,90.1,347.0,1.3
2024-04-04 09:00:00,27.9,0.0,88.5,14.0,3.0
2024-04-04 10:00:00,29.3,0.0,83.0,17.0,3.0
2024-04-04 11:00:00,31.1,0.0,71.0,310.0,2.7
2024-04-04 12:00:00,31.9,0.0,60.4,315.0,4.9
2024-04-04 13:00:00,33.5,0.0,54.5,273.0,4.1
2024-04-04 14:00:00,32.9,0.0,54.7,267.0,6.5
2024-04-04 15:00:00,32.7,0.0,59.6,236.0,5.0
2024-04-04 16:00:00,26.1,1.6,98.8,117.0,11.2
2024-04-04 17:00:00,26.1,0.0,99.4,178.0,2.9
2024-04-04 18:00:00,28.3,0.0,84.4,82.0,4.6
2024-04-04 19:00:00,28.4,0.0,83.6,81.0,4.0
2024-04-04 20:00:00,26.9,0.0,89.5,19.0,6.0
2024-04-04 21:00:00,27.0,0.0,88.3,161.0,3.0
2024-04-04 22:00:00,27.0,0.0,89.8,25.0,2.4
2024-04-04 23:00:00,26.8,0.0,87.3,7.0,2.3
2024-04-05 00:00:00,26.7,0.0,86.0,18.0,2.3
2024-04-05 01:00:00,26.6,0.0,86.5,344.0,2.1
2024-04-05 02:00:00,26.7,0.0,81.4,341.0,2.1
2024-04-05 03:00:00,26.8,0.0,78.9,47.0,2.1
2024-04-05 04:00:00,26.8,0.0,83.7,17.0,1.9
2024-04-05 05:00:00,27.1,0.0,81.6,320.0,2.1
2024-04-05 06:00:00,26.8,0.0,87.4,13.0,3.5
2024-04-05 07:00:00,27.0,0.0,88.3,286.0,1.1
2024-04-05 08:00:00,27.5,0.0,88.6,19.0,2.0
2024-04-05 09:00:00,28.7,0.0,84.7,331.0,2.2
2024-04-05 10:00:00,29.0,0.0,83.0,2.0,5.3
2024-04-05 11:00:00,30.5,0.0,73.3,2.0,4.0
2024-04-05 12:00:00,31.4,0.0,66.4,5.0,5.9
2024-04-05 13:00:00,33.0,0.0,59.9,349.0,3.9
2024-04-05 14:00:00,33.0,0.0,59.2,353.0,4.9
2024-04-05 15:00:00,33.3,0.0,56.2,344.0,5.3
2024-04-05 16:00:00,34.6,0.0,45.6,1.0,5.4
2024-04-05 17:00:00,34.4,0.0,46.5,16.0,3.3
2024-04-05 18:00:00,32.1,0.0,57.7,64.0,6.6
2024-04-05 19:00:00,30.7,0.0,62.3,73.0,6.8
2024-04-05 20:00:00,29.7,0.0,68.7,77.0,5.0
2024-04-05 21:00:00,28.9,0.0,75.3,71.0,6.4
2024-04-05 22:00:00,28.6,0.0,78.2,73.0,6.7
2024-04-05 23:00:00,28.5,0.0,79.4,78.0,4.7
2024-04-06 00:00:00,28.3,0.0,78.9,62.0,6.4
2024-04-06 01:00:00,28.1,0.0,80.3,68.0,4.5
2024-04-06 02:00:00,27.9,0.0,81.4,41.0,4.3
2024-04-06 03:00:00,27.4,0.0,86.0,36.0,2.5
2024-04-06 04:00:00,27.5,0.0,83.9,60.0,4.7
2024-04-06 05:00:00,27.3,0.0,86.1,58.0,4.5
2024-04-06 06:00:00,27.5,0.0,84.4,76.0,4.2
2024-04-06 07:00:00,27.4,0.0,85.7,66.0,2.8
2024-04-06 08:00:00,27.3,0.0,89.0,47.0,3.6
2024-04-06 09:00:00,28.8,0.0,81.8,81.0,6.0
2024-04-06 10:00:00,29.4,0.0,75.4,52.0,8.89999
2024-04-06 11:00:00,30.6,0.0,65.7,79.0,7.4
2024-04-06 12:00:00,32.1,0.0,60.8,34.0,4.9
2024-04-06 13:00:00,32.8,0.0,55.3,357.0,5.7
2024-04-06 14:00:00,33.9,0.0,52.1,6.0,6.0
2024-04-06 15:00:00,33.3,0.0,56.7,41.0,6.7
2024-04-06 16:00:00,32.9,0.0,57.1,38.0,7.5
2024-04-06 17:00:00,33.1,0.0,57.7,55.0,6.5
2024-04-06 18:00:00,32.4,0.0,60.7,52.0,5.6
2024-04-06 19:00:00,30.7,0.0,68.7,53.0,8.10001
2024-04-06 20:00:00,29.7,0.0,72.6,75.0,7.4
2024-04-06 21:00:00,29.2,0.0,77.7,72.0,10.0
2024-04-06 22:00:00,29.0,0.0,79.7,59.0,6.2
2024-04-06 23:00:00,28.9,0.0,80.7,63.0,6.3
2024-04-07 00:00:00,28.7,0.0,81.5,79.0,8.0
2024-04-07 01:00:00,28.8,0.0,80.9,72.0,6.4
2024-04-07 02:00:00,28.6,0.0,82.0,76.0,6.1
2024-04-07 03:00:00,28.4,0.0,82.6,69.0,6.2
2024-04-07 04:00:00,28.1,0.0,84.8,52.0,5.9
2024-04-07 05:00:00,27.9,0.0,85.8,51.0,6.1
2024-04-07 06:00:00,27.8,0.0,85.6,49.0,5.6
2024-04-07 07:00:00,27.2,0.0,91.8,23.0,2.6
2024-04-07 08:00:00,28.1,0.0,86.6,35.0,5.1
2024-04-07 09:00:00,29.2,0.0,78.2,35.0,6.0
2024-04-07 10:00:00,30.4,0.0,73.3,40.0,5.2
2024-04-07 11:00:00,31.2,0.0,68.1,73.0,7.2
2024-04-07 12:00:00,32.4,0.0,61.3,70.0,6.0
2024-04-07 13:00:00,33.5,0.0,55.9,52.0,4.2
2024-04-07 14:00:00,32.8,0.0,61.2,19.0,7.3
2024-04-07 15:00:00,29.5,0.0,81.1,154.0,5.4
2024-04-07 16:00:00,27.2,0.0,92.7,206.0,4.7
2024-04-07 17:00:00,28.3,0.2,87.9,246.0,3.8
2024-04-07 18:00:00,28.3,0.0,87.7,256.0,3.0
2024-04-07 19:00:00,30.1,0.0,72.1,76.0,6.5
2024-04-07 20:00:00,29.6,0.0,73.9,62.0,5.9
2024-04-07 21:00:00,29.3,0.0,76.7,81.0,7.5
2024-04-07 22:00:00,29.0,0.0,78.5,68.0,5.0
2024-04-07 23:00:00,29.0,0.0,80.3,64.0,5.9
2024-04-08 00:00:00,28.9,0.0,79.9,68.0,6.1
2024-04-08 01:00:00,28.9,0.0,80.0,70.0,5.4
2024-04-08 02:00:00,28.8,0.0,81.7,95.0,2.3
2024-04-08 03:00:00,28.6,0.0,83.9,184.0,1.6
2024-04-08 04:00:00,28.8,0.0,83.3,124.0,3.1
2024-04-08 05:00:00,28.8,0.0,84.6,112.0,3.1
2024-04-08 06:00:00,28.9,0.0,84.7,71.0,3.4
2024-04-08 07:00:00,28.9,0.0,84.5,96.0,3.5
2024-04-08 08:00:00,29.2,0.0,85.0,91.0,2.5
2024-04-08 09:00:00,29.3,0.0,84.2,334.0,4.1
2024-04-08 10:00:00,30.1,0.0,76.6,323.0,4.4
2024-04-08 11:00:00,31.4,0.0,66.1,340.0,4.5
2024-04-08 12:00:00,31.7,0.0,64.0,302.0,5.6
2024-04-08 13:00:00,32.5,0.0,64.5,266.0,4.6
2024-04-08 14:00:00,28.9,0.8,70.9,316.0,8.10001
2024-04-08 15:00:00,24.6,1.8,99.4,75.0,2.6
2024-04-08 16:00:00,25.4,0.2,99.4,130.0,1.0
2024-04-08 17:00:00,28.6,0.0,83.4,86.0,1.5
2024-04-08 18:00:00,29.2,0.0,80.0,311.0,2.0
2024-04-08 19:00:00,28.7,0.0,79.6,305.0,1.0
2024-04-08 20:00:00,27.7,0.0,88.6,232.0,3.2
2024-04-08 21:00:00,28.1,0.0,86.3,40.0,2.6
2024-04-08 22:00:00,27.9,0.0,84.6,281.0,1.4
2024-04-08 23:00:00,27.9,0.0,89.1,291.0,2.2
2024-04-09 00:00:00,28.0,0.0,85.4,298.0,2.3
2024-04-09 01:00:00,27.6,0.0,93.8,264.0,1.5
2024-04-09 02:00:00,27.2,0.0,95.6,285.0,2.6
2024-04-09 03:00:00,27.2,0.0,94.0,300.0,3.4
2024-04-09 04:00:00,27.1,0.0,95.4,259.0,2.3
2024-04-09 05:00:00,27.0,0.0,95.8,293.0,2.8
2024-04-09 06:00:00,26.8,0.0,96.8,8.0,1.5
2024-04-09 07:00:00,26.4,0.0,99.3,26.0,3.6
2024-04-09 08:00:00,27.3,0.0,94.1,3.0,2.1
2024-04-09 09:00:00,28.7,0.0,84.1,327.0,3.2
2024-04-09 10:00:00,30.5,0.0,75.8,19.0,3.2
2024-04-09 11:00:00,32.6,0.0,62.4,97.0,3.6
2024-04-09 12:00:00,32.5,0.0,56.2,46.0,3.8
2024-04-09 13:00:00,33.2,0.0,55.9,67.0,5.2
2024-04-09 14:00:00,33.3,0.0,57.1,81.0,7.3
2024-04-09 15:00:00,33.8,0.0,53.5,39.0,10.4
2024-04-09 16:00:00,34.1,0.0,51.9,78.0,7.6
2024-04-09 17:00:00,33.2,0.0,55.8,56.0,6.7
2024-04-09 18:00:00,32.1,0.0,60.2,73.0,7.0
2024-04-09 19:00:00,30.8,0.0,69.0,53.0,9.60001
2024-04-09 20:00:00,30.0,0.0,74.8,62.0,6.6
2024-04-09 21:00:00,29.6,0.0,78.0,51.0,6.1
2024-04-09 22:00:00,29.4,0.0,79.4,62.0,6.5
2024-04-09 23:00:00,29.2,0.0,82.1,52.0,7.2
2024-04-10 00:00:00,29.3,0.0,82.5,63.0,3.3
2024-04-10 01:00:00,28.9,0.0,83.7,61.0,4.9
2024-04-10 02:00:00,28.7,0.0,80.8,26.0,2.3
2024-04-10 03:00:00,28.3,0.0,85.8,5.0,3.8
2024-04-10 04:00:00,28.2,0.0,87.2,7.0,1.8
2024-04-10 05:00:00,28.0,0.0,88.9,355.0,2.7
2024-04-10 06:00:00,27.9,0.0,90.7,19.0,2.8
2024-04-10 07:00:00,27.6,0.0,92.7,352.0,4.1
2024-04-10 08:00:00,27.2,0.0,92.5,356.0,3.7
2024-04-10 09:00:00,27.6,0.0,85.0,336.0,2.6
2024-04-10 10:00:00,28.1,0.0,83.4,286.0,3.8
2024-04-10 11:00:00,28.8,0.0,82.1,290.0,1.1
2024-04-10 12:00:00,28.5,0.0,88.3,56.0,5.0
2024-04-10 13:00:00,30.0,0.0,79.9,12.0,3.9
2024-04-10 14:00:00,31.2,0.0,69.5,104.0,3.7
2024-04-10 15:00:00,31.6,0.0,66.5,101.0,6.2
2024-04-10 16:00:00,28.0,0.0,85.5,357.0,8.60001
2024-04-10 17:00:00,27.7,0.0,98.5,16.0,4.3
2024-04-10 18:00:00,28.4,0.0,87.2,14.0,10.0
2024-04-10 19:00:00,28.3,0.0,82.9,18.0,6.2
2024-04-10 20:00:00,28.1,0.0,83.8,6.0,6.3
2024-04-10 21:00:00,27.9,0.0,86.9,332.0,2.4
2024-04-10 22:00:00,27.4,0.0,96.1,290.0,3.7
2024-04-10 23:00:00,27.5,0.0,90.0,7.0,2.4
2024-04-11 00:00:00,27.4,0.0,90.2,320.0,3.2
2024-04-11 01:00:00,27.4,0.0,90.0,324.0,2.7
2024-04-11 02:00:00,27.0,0.0,94.8,265.0,2.8
2024-04-11 03:00:00,26.7,0.0,98.7,75.0,0.8
2024-04-11 04:00:00,27.0,0.0,94.9,62.0,2.1
2024-04-11 05:00:00,26.4,0.2,99.3,118.0,3.4
2024-04-11 06:00:00,26.1,0.2,99.3,86.0,6.8
2024-04-11 07:00:00,26.1,0.0,99.3,97.0,4.7
2024-04-11 08:00:00,26.4,0.0,99.4,87.0,5.3
2024-04-11 09:00:00,26.9,0.0,98.6,107.0,2.5
2024-04-11 10:00:00,27.6,0.0,95.1,97.0,2.7
2024-04-11 11:00:00,27.0,0.2,99.3,103.0,4.7
2024-04-11 12:00:00,28.8,0.0,89.3,299.0,0.8
2024-04-11 13:00:00,28.8,0.0,86.0,90.0,7.6
2024-04-11 14:00:00,31.1,0.0,68.6,58.0,9.5
2024-04-11 15:00:00,30.9,0.0,63.8,65.0,10.4
2024-04-11 16:00:00,30.9,0.0,63.4,55.0,9.89999
2024-04-11 17:00:00,31.0,0.0,61.0,43.0,13.4
2024-04-11 18:00:00,30.3,0.0,68.0,79.0,10.0
2024-04-11 19:00:00,29.7,0.0,72.9,68.0,7.0
2024-04-11 20:00:00,29.1,0.0,78.0,45.0,6.3
2024-04-11 21:00:00,,0.0,,,
2024-04-11 22:00:00,28.6,0.0,82.8,23.0,4.5
2024-04-11 23:00:00,28.5,0.0,82.2,1.0,4.8
2024-04-12 00:00:00,28.2,0.0,82.3,359.0,4.3
2024-04-12 01:00:00,28.1,0.0,83.1,359.0,3.9
2024-04-12 02:00:00,27.8,0.0,84.1,351.0,3.9
2024-04-12 03:00:00,27.7,0.0,86.3,4.0,3.9
2024-04-12 04:00:00,26.2,0.0,99.3,340.0,3.8
2024-04-12 05:00:00,26.5,0.0,97.3,16.0,5.4
2024-04-12 06:00:00,26.3,0.0,95.2,49.0,4.8
2024-04-12 07:00:00,26.0,0.2,99.2,14.0,3.0
2024-04-12 08:00:00,26.1,0.0,99.3,359.0,2.5
2024-04-12 09:00:00,26.0,0.2,99.3,74.0,4.4
2024-04-12 10:00:00,25.0,0.4,99.4,91.0,5.5
2024-04-12 11:00:00,24.6,0.2,99.4,71.0,3.8
2024-04-12 12:00:00,24.9,0.2,99.4,88.0,4.4
2024-04-12 13:00:00,24.7,0.0,99.4,9.0,7.5
2024-04-12 14:00:00,24.8,0.0,99.4,87.0,4.1
2024-04-12 15:00:00,24.9,0.0,99.4,8.0,6.1
2024-04-12 16:00:00,25.6,0.0,99.0,15.0,9.0
2024-04-12 17:00:00,26.3,0.0,93.2,8.0,5.6
2024-04-12 18:00:00,26.8,0.0,85.1,6.0,4.8
2024-04-12 19:00:00,26.6,0.0,87.6,37.0,4.3
2024-04-12 20:00:00,26.1,0.0,92.4,53.0,7.8
2024-04-12 21:00:00,26.0,0.0,96.2,51.0,5.5
2024-04-12 22:00:00,25.8,0.0,98.8,332.0,1.2
2024-04-12 23:00:00,26.0,0.0,96.1,49.0,1.6
2024-04-13 00:00:00,26.4,0.0,92.7,82.0,1.2
2024-04-13 01:00:00,26.0,0.0,95.6,3.0,3.2
2024-04-13 02:00:00,25.9,0.0,98.1,11.0,3.2
2024-04-13 03:00:00,25.7,0.0,99.3,18.0,3.1
2024-04-13 04:00:00,25.7,0.0,98.7,1.0,3.0
2024-04-13 05:00:00,25.9,0.0,97.6,54.0,2.2
2024-04-13 06:00:00,26.2,0.0,94.0,42.0,3.3
2024-04-13 07:00:00,26.4,0.0,93.0,57.0,5.4
2024-04-13 08:00:00,27.3,0.0,89.8,64.0,3.6
2024-04-13 09:00:00,28.9,0.0,81.3,57.0,5.3
2024-04-13 10:00:00,29.5,0.0,79.8,52.0,6.5
2024-04-13 11:00:00,30.7,0.0,68.2,53.0,8.2
2024-04-13 12:00:00,30.7,0.0,69.6,57.0,7.8
2024-04-13 13:00:00,32.1,0.0,61.0,52.0,7.0
2024-04-13 14:00:00,32.2,0.0,64.2,25.0,6.6
2024-04-13 15:00:00,32.5,0.0,59.8,32.0,7.4
2024-04-13 16:00:00,32.4,0.0,56.7,52.0,9.89999
2024-04-13 17:00:00,32.2,0.0,57.6,42.0,9.5
2024-04-13 18:00:00,30.7,0.0,66.6,73.0,9.8
2024-04-13 19:00:00,30.1,0.0,70.0,50.0,5.9
2024-04-13 20:00:00,29.5,0.0,74.3,46.0,6.0
2024-04-13 21:00:00,28.1,0.0,86.1,264.0,2.7
2024-04-13 22:00:00,28.1,0.0,88.4,349.0,2.6
2024-04-13 23:00:00,27.9,0.0,86.7,329.0,1.4
2024-04-14 00:00:00,28.0,0.0,86.3,15.0,4.7
2024-04-14 01:00:00,27.8,0.0,86.6,51.0,4.7
2024-04-14 02:00:00,27.6,0.0,87.8,43.0,3.5
2024-04-14 03:00:00,27.5,0.0,91.1,33.0,2.4
2024-04-14 04:00:00,27.3,0.0,91.2,8.0,3.9
2024-04-14 05:00:00,27.4,0.0,89.0,16.0,0.7
2024-04-14 06:00:00,27.3,0.0,89.5,54.0,2.5
2024-04-14 07:00:00,27.2,0.0,89.5,65.0,3.9
2024-04-14 08:00:00,27.6,0.0,88.1,62.0,3.3
2024-04-14 09:00:00,27.8,0.0,90.7,63.0,3.6
2024-04-14 10:00:00,28.8,0.0,83.6,88.0,2.4
2024-04-14 11:00:00,29.7,0.0,77.9,72.0,6.2
2024-04-14 12:00:00,31.1,0.0,70.6,115.0,3.3
2024-04-14 13:00:00,29.4,0.0,81.2,79.0,5.2
2024-04-14 14:00:00,28.2,0.0,81.1,59.0,8.60001
2024-04-14 15:00:00,28.4,0.0,79.0,54.0,4.6
2024-04-14 16:00:00,28.3,0.0,79.2,57.0,6.5
2024-04-14 17:00:00,28.7,0.0,84.8,47.0,6.1
2024-04-14 18:00:00,28.6,0.0,81.4,41.0,4.8
2024-04-14 19:00:00,28.6,0.0,83.3,31.0,3.5
2024-04-14 20:00:00,28.3,0.0,82.8,47.0,4.2
2024-04-14 21:00:00,27.8,0.0,87.9,55.0,4.5
2024-04-14 22:00:00,27.6,0.0,89.8,57.0,4.3
2024-04-14 23:00:00,27.6,0.0,89.3,45.0,3.4
2024-04-15 00:00:00,27.5,0.0,89.7,53.0,3.0
2024-04-15 01:00:00,27.6,0.0,90.2,60.0,4.1
2024-04-15 02:00:00,27.7,0.0,90.1,53.0,3.5
2024-04-15 03:00:00,27.4,0.0,93.0,352.0,0.8
2024-04-15 04:00:00,27.3,0.0,94.0,2.0,2.0
2024-04-15 05:00:00,27.3,0.0,94.3,47.0,3.9
2024-04-15 06:00:00,26.9,0.0,97.9,3.0,2.4
2024-04-15 07:00:00,26.8,0.0,98.8,50.0,1.6
2024-04-15 08:00:00,27.6,0.0,94.4,99.0,3.3
2024-04-15 09:00:00,27.9,0.0,87.0,97.0,5.4
2024-04-15 10:00:00,28.5,0.0,86.4,101.0,2.7
2024-04-15 11:00:00,27.6,0.0,92.2,65.0,5.7
2024-04-15 12:00:00,28.8,0.0,81.2,53.0,2.5
2024-04-15 13:00:00,29.8,0.0,75.5,101.0,5.0
2024-04-15 14:00:00,30.6,0.0,70.7,114.0,6.1
2024-04-15 15:00:00,30.6,0.0,73.3,81.0,6.8
2024-04-15 16:00:00,30.9,0.0,68.9,94.0,6.4
2024-04-15 17:00:00,31.1,0.0,67.2,109.0,10.6
2024-04-15 18:00:00,30.7,0.0,69.3,88.0,5.7
2024-04-15 19:00:00,30.0,0.0,74.4,65.0,4.8
2024-04-15 20:00:00,29.4,0.0,78.5,80.0,7.4
2024-04-15 21:00:00,28.9,0.0,82.4,60.0,6.5
2024-04-15 22:00:00,28.8,0.0,83.6,72.0,4.5
2024-04-15 23:00:00,28.6,0.0,85.0,67.0,4.7
2024-04-16 00:00:00,28.6,0.0,84.7,68.0,5.1
2024-04-16 01:00:00,28.5,0.0,85.5,107.0,4.3
2024-04-16 02:00:00,28.4,0.0,89.6,102.0,5.2
2024-04-16 03:00:00,28.3,0.0,88.5,91.0,5.1
2024-04-16 04:00:00,28.0,0.0,90.7,64.0,5.1
2024-04-16 05:00:00,27.8,0.0,91.7,55.0,3.2
2024-04-16 06:00:00,27.4,0.0,96.0,1.0,3.2
2024-04-16 07:00:00,27.6,0.0,94.4,34.0,3.5
2024-04-16 08:00:00,28.4,0.0,88.8,76.0,3.9
2024-04-16 09:00:00,28.4,0.0,89.8,98.0,5.7
2024-04-16 10:00:00,28.9,0.0,84.7,76.0,4.0
2024-04-16 11:00:00,29.3,0.0,82.3,109.0,3.6
2024-04-16 12:00:00,27.7,0.0,88.9,133.0,5.8
2024-04-16 13:00:00,26.7,0.0,93.8,59.0,7.0
2024-04-16 14:00:00,27.3,0.0,90.0,48.0,5.0
2024-04-16 15:00:00,27.4,0.0,88.8,49.0,5.0
2024-04-16 16:00:00,27.2,0.0,89.9,93.0,3.9
2024-04-16 17:00:00,27.3,0.0,92.7,104.0,2.5
2024-04-16 18:00:00,27.6,0.0,88.6,81.0,3.7
2024-04-16 19:00:00,27.6,0.0,90.4,132.0,4.5
2024-04-16 20:00:00,27.4,0.0,92.1,134.0,2.7
2024-04-16 21:00:00,27.5,0.0,91.1,100.0,2.2
2024-04-16 22:00:00,27.7,0.0,90.6,19.0,2.5
2024-04-16 23:00:00,27.0,0.0,97.1,66.0,4.8
2024-04-17 00:00:00,27.0,0.0,92.3,76.0,3.6
2024-04-17 01:00:00,26.7,0.0,93.4,86.0,1.5
2024-04-17 02:00:00,26.8,0.0,90.5,66.0,2.8
2024-04-17 03:00:00,26.7,0.0,90.5,177.0,1.4
2024-04-17 04:00:00,26.8,0.0,91.1,26.0,2.0
2024-04-17 05:00:00,26.4,0.0,92.9,287.0,1.1
2024-04-17 06:00:00,26.6,0.0,93.2,252.0,1.8
2024-04-17 07:00:00,27.0,0.0,91.8,229.0,1.3
2024-04-17 08:00:00,26.9,0.0,94.8,318.0,3.4
2024-04-17 09:00:00,28.2,0.0,82.6,279.0,4.2
2024-04-17 10:00:00,29.4,0.0,76.9,239.0,5.0
2024-04-17 11:00:00,27.6,0.0,83.9,222.0,7.6
2024-04-17 12:00:00,27.4,0.0,82.5,256.0,7.4
2024-04-17 13:00:00,28.6,0.0,75.3,282.0,6.6
2024-04-17 14:00:00,30.5,0.0,65.2,255.0,4.8
2024-04-17 15:00:00,31.3,0.0,62.5,289.0,5.5
2024-04-17 16:00:00,31.5,0.0,58.8,262.0,4.0
2024-04-17 17:00:00,30.8,0.0,70.3,62.0,3.3
2024-04-17 18:00:00,28.8,0.0,84.0,58.0,6.4
2024-04-17 19:00:00,29.0,0.0,82.2,111.0,2.7
2024-04-17 20:00:00,28.3,0.0,87.0,6.0,3.7
2024-04-17 21:00:00,28.1,0.0,89.3,38.0,5.1
2024-04-17 22:00:00,27.7,0.0,92.5,333.0,3.6
2024-04-17 23:00:00,27.7,0.0,91.3,304.0,2.8
2024-04-18 00:00:00,27.5,0.0,91.5,323.0,0.6
2024-04-18 01:00:00,27.1,0.0,90.8,358.0,3.0
2024-04-18 02:00:00,27.0,0.0,91.3,17.0,2.6
2024-04-18 03:00:00,26.5,0.0,91.6,7.0,3.1
2024-04-18 04:00:00,26.8,0.0,90.7,55.0,1.3
2024-04-18 05:00:00,26.6,0.0,92.9,18.0,2.8
2024-04-18 06:00:00,26.5,0.0,95.0,359.0,2.6
2024-04-18 07:00:00,26.3,0.0,93.5,12.0,4.3
2024-04-18 08:00:00,27.2,0.0,91.1,12.0,2.4
2024-04-18 09:00:00,28.7,0.0,81.9,318.0,1.9
2024-04-18 10:00:00,29.4,0.0,79.7,335.0,3.6
2024-04-18 11:00:00,30.3,0.0,71.7,192.0,4.3
2024-04-18 12:00:00,32.1,0.0,62.0,178.0,3.1
2024-04-18 13:00:00,31.1,0.0,66.0,143.0,7.0
2024-04-18 14:00:00,32.0,0.0,62.9,172.0,4.7
2024-04-18 15:00:00,33.0,0.0,57.6,181.0,3.2
2024-04-18 16:00:00,31.0,0.0,70.3,358.0,7.6
2024-04-18 17:00:00,31.4,0.0,66.1,114.0,2.9
2024-04-18 18:00:00,31.6,0.0,61.5,102.0,4.1
2024-04-18 19:00:00,31.4,0.0,59.2,86.0,4.0
2024-04-18 20:00:00,29.4,0.0,80.6,74.0,6.9
2024-04-18 21:00:00,29.1,0.0,80.2,72.0,4.9
2024-04-18 22:00:00,29.0,0.0,80.8,83.0,3.3
2024-04-18 23:00:00,28.8,0.0,81.3,54.0,3.4
2024-04-19 00:00:00,28.5,0.0,83.5,14.0,2.0
2024-04-19 01:00:00,28.3,0.0,85.5,2.0,2.5
2024-04-19 02:00:00,27.8,0.0,90.1,8.0,3.5
2024-04-19 03:00:00,27.6,0.0,91.0,344.0,1.8
2024-04-19 04:00:00,27.7,0.0,90.8,304.0,1.6
2024-04-19 05:00:00,27.3,0.0,92.1,12.0,2.0
2024-04-19 06:00:00,27.0,0.0,95.4,7.0,2.8
2024-04-19 07:00:00,27.3,0.0,93.5,240.0,0.9
2024-04-19 08:00:00,27.8,0.0,86.4,193.0,1.6
2024-04-19 09:00:00,30.0,0.0,71.7,128.0,1.3
2024-04-19 10:00:00,30.6,0.0,72.5,15.0,1.6
2024-04-19 11:00:00,33.3,0.0,61.1,291.0,1.0
2024-04-19 12:00:00,31.4,0.0,65.9,295.0,2.3
2024-04-19 13:00:00,32.2,0.0,65.4,203.0,2.9
2024-04-19 14:00:00,30.3,0.0,76.6,49.0,4.4
2024-04-19 15:00:00,25.8,1.0,99.4,198.0,3.7
2024-04-19 16:00:00,27.7,0.0,94.5,162.0,2.9
2024-04-19 17:00:00,29.1,0.0,87.2,120.0,2.3
2024-04-19 18:00:00,29.4,0.0,86.8,102.0,4.0
2024-04-19 19:00:00,29.6,0.0,82.2,92.0,3.7
2024-04-19 20:00:00,29.2,0.0,86.8,89.0,5.0
2024-04-19 21:00:00,29.1,0.0,84.2,93.0,4.6
2024-04-19 22:00:00,28.7,0.0,89.0,64.0,2.7
2024-04-19 23:00:00,28.4,0.0,92.5,30.0,3.7
2024-04-20 00:00:00,28.4,0.0,95.3,70.0,2.1
2024-04-20 01:00:00,28.7,0.0,89.2,104.0,3.0
2024-04-20 02:00:00,27.9,0.0,96.0,5.0,1.6
2024-04-20 03:00:00,27.7,0.0,97.2,11.0,2.4
2024-04-20 04:00:00,27.5,0.0,98.7,17.0,2.0
2024-04-20 05:00:00,27.9,0.0,95.5,60.0,3.3
2024-04-20 06:00:00,27.3,0.0,99.3,31.0,3.0
2024-04-20 07:00:00,27.2,0.0,99.3,12.0,1.7
2024-04-20 08:00:00,28.0,0.0,95.5,331.0,2.6
2024-04-20 09:00:00,29.8,0.0,81.4,10.0,1.7
2024-04-20 10:00:00,28.6,0.0,88.9,278.0,7.0
2024-04-20 11:00:00,29.5,0.0,83.0,296.0,7.4
2024-04-20 12:00:00,29.7,0.0,72.7,223.0,5.3
2024-04-20 13:00:00,30.5,0.0,73.1,240.0,5.3
2024-04-20 14:00:00,31.6,0.0,67.8,254.0,3.7
2024-04-20 15:00:00,30.5,0.0,70.9,244.0,6.7
2024-04-20 16:00:00,29.8,0.0,77.5,344.0,4.3
2024-04-20 17:00:00,25.3,0.6,99.4,49.0,3.1
2024-04-20 18:00:00,25.3,0.0,99.4,51.0,5.0
2024-04-20 19:00:00,26.0,0.0,99.3,181.0,1.8
2024-04-20 20:00:00,26.0,0.0,99.3,198.0,1.2
2024-04-20 21:00:00,26.5,0.0,94.8,328.0,1.4
2024-04-20 22:00:00,26.9,0.0,96.7,280.0,1.5
2024-04-20 23:00:00,27.1,0.0,98.5,210.0,1.9
2024-04-21 00:00:00,27.1,0.0,97.8,206.0,1.4
2024-04-21 01:00:00,27.1,0.0,97.7,275.0,3.8
2024-04-21 02:00:00,26.6,0.0,99.3,243.0,0.9
2024-04-21 03:00:00,26.7,0.0,98.6,297.0,1.9
2024-04-21 04:00:00,26.6,0.0,99.3,286.0,2.2
2024-04-21 05:00:00,26.5,0.0,99.4,292.0,2.7
2024-04-21 06:00:00,26.4,0.0,99.4,303.0,2.6
2024-04-21 07:00:00,26.6,0.0,99.4,287.0,2.0
2024-04-21 08:00:00,27.3,0.0,99.3,318.0,1.4
2024-04-21 09:00:00,28.1,0.0,92.9,302.0,1.9
2024-04-21 10:00:00,29.7,0.0,75.7,305.0,3.4
2024-04-21 11:00:00,30.9,0.0,71.4,327.0,3.8
2024-04-21 12:00:00,31.5,0.0,66.3,274.0,3.9
2024-04-21 13:00:00,33.5,0.0,58.1,234.0,2.4
2024-04-21 14:00:00,33.5,0.0,57.7,320.0,3.5
2024-04-21 15:00:00,34.7,0.0,53.6,318.0,2.2
2024-04-21 16:00:00,32.5,0.0,66.7,199.0,5.3
2024-04-21 17:00:00,26.7,0.2,94.1,54.0,11.8
2024-04-21 18:00:00,26.3,0.0,99.4,144.0,3.9
2024-04-21 19:00:00,26.7,0.0,98.6,89.0,1.9
2024-04-21 20:00:00,27.2,0.0,99.4,312.0,1.2
2024-04-21 21:00:00,27.9,0.0,97.6,89.0,1.4
2024-04-21 22:00:00,27.5,0.0,97.6,35.0,2.8
2024-04-21 23:00:00,27.4,0.0,98.1,10.0,2.3
2024-04-22 00:00:00,27.5,0.0,96.4,359.0,2.5
2024-04-22 01:00:00,27.4,0.0,97.1,3.0,2.4
2024-04-22 02:00:00,27.2,0.0,98.4,59.0,2.3
2024-04-22 03:00:00,27.2,0.0,97.6,22.0,1.9
2024-04-22 04:00:00,27.1,0.0,98.1,42.0,2.2
2024-04-22 05:00:00,27.2,0.0,97.8,68.0,2.3
2024-04-22 06:00:00,27.2,0.0,99.1,71.0,3.3
2024-04-22 07:00:00,26.5,0.0,99.4,327.0,3.2
2024-04-22 08:00:00,27.6,0.0,98.3,16.0,1.7
2024-04-22 09:00:00,29.2,0.0,88.1,2.0,2.0
2024-04-22 10:00:00,30.1,0.0,82.5,4.0,3.1
2024-04-22 11:00:00,30.6,0.0,72.9,329.0,3.5
2024-04-22 12:00:00,31.7,0.0,67.0,347.0,3.8
2024-04-22 13:00:00,33.4,0.0,60.5,207.0,2.9
2024-04-22 14:00:00,33.0,0.0,64.3,207.0,2.9
2024-04-22 15:00:00,31.8,0.0,70.7,185.0,3.8
2024-04-22 16:00:00,27.3,0.6,99.1,114.0,3.1
2024-04-22 17:00:00,28.0,0.0,90.8,278.0,1.4
2024-04-22 18:00:00,28.9,0.0,85.0,185.0,0.8
2024-04-22 19:00:00,28.8,0.0,88.4,317.0,0.9
2024-04-22 20:00:00,29.0,0.0,89.2,166.0,1.3
2024-04-22 21:00:00,28.1,0.0,93.1,253.0,3.1
2024-04-22 22:00:00,28.4,0.0,94.1,194.0,1.3
2024-04-22 23:00:00,28.2,0.0,94.8,288.0,1.9
2024-04-23 00:00:00,28.5,0.0,95.2,90.0,2.4
2024-04-23 01:00:00,28.2,0.0,98.0,354.0,2.8
2024-04-23 02:00:00,27.8,0.0,98.3,5.0,3.1
2024-04-23 03:00:00,27.7,0.0,99.3,55.0,2.4
2024-04-23 04:00:00,27.7,0.0,98.7,48.0,3.7
2024-04-23 05:00:00,27.2,0.0,99.4,37.0,2.3
2024-04-23 06:00:00,26.9,0.0,99.4,4.0,1.5
2024-04-23 07:00:00,27.0,0.0,99.4,36.0,1.5
2024-04-23 08:00:00,27.9,0.0,99.3,40.0,2.2
2024-04-23 09:00:00,29.8,0.0,87.0,76.0,2.0
2024-04-23 10:00:00,31.7,0.0,75.0,59.0,1.8
2024-04-23 11:00:00,30.6,0.0,80.6,200.0,2.0
2024-04-23 12:00:00,32.5,0.0,63.3,147.0,2.1
2024-04-23 13:00:00,32.4,0.0,64.0,342.0,2.8
2024-04-23 14:00:00,32.8,0.0,59.0,342.0,5.4
2024-04-23 15:00:00,29.9,0.0,78.1,198.0,4.6
2024-04-23 16:00:00,33.2,0.0,60.3,182.0,2.9
2024-04-23 17:00:00,27.3,6.4,94.7,232.0,4.2
2024-04-23 18:00:00,30.1,0.0,82.5,202.0,3.2
2024-04-23 19:00:00,30.3,0.0,77.8,191.0,3.9
2024-04-23 20:00:00,29.9,0.0,77.0,190.0,2.7
2024-04-23 21:00:00,30.0,0.0,74.0,129.0,3.9
2024-04-23 22:00:00,29.7,0.0,80.9,69.0,3.7
2024-04-23 23:00:00,29.5,0.0,81.9,91.0,4.8
2024-04-24 00:00:00,28.2,0.0,88.6,16.0,3.1
2024-04-24 01:00:00,28.5,0.0,89.7,54.0,2.8
2024-04-24 02:00:00,28.4,0.0,90.5,15.0,2.0
2024-04-24 03:00:00,27.9,0.0,96.2,304.0,2.1
2024-04-24 04:00:00,27.8,0.0,94.9,328.0,1.3
2024-04-24 05:00:00,27.5,0.0,95.3,61.0,2.5
2024-04-24 06:00:00,27.2,0.0,99.0,21.0,2.5
2024-04-24 07:00:00,27.1,0.0,99.3,5.0,2.6
2024-04-24 08:00:00,29.1,0.0,88.7,77.0,0.4
2024-04-24 09:00:00,29.3,0.0,89.1,303.0,2.1
2024-04-24 10:00:00,31.2,0.0,74.7,154.0,2.1
2024-04-24 11:00:00,31.1,0.0,70.8,178.0,6.4
2024-04-24 12:00:00,31.9,0.0,66.2,202.0,5.0
2024-04-24 13:00:00,29.6,0.0,84.4,328.0,4.6
2024-04-24 14:00:00,31.2,0.0,74.1,336.0,3.1
2024-04-24 15:00:00,32.5,0.0,62.8,122.0,3.9
2024-04-24 16:00:00,32.5,0.0,58.8,111.0,5.5
2024-04-24 17:00:00,33.3,0.0,54.5,184.0,3.1
2024-04-24 18:00:00,32.1,0.0,60.4,137.0,3.3
2024-04-24 19:00:00,30.9,0.0,67.8,206.0,2.4
2024-04-24 20:00:00,29.6,0.0,80.7,280.0,3.7
2024-04-24 21:00:00,29.4,0.0,78.9,249.0,1.6
2024-04-24 22:00:00,29.6,0.0,79.7,213.0,1.6
2024-04-24 23:00:00,29.4,0.0,80.7,193.0,2.4
2024-04-25 00:00:00,29.3,0.0,81.7,170.0,2.9
2024-04-25 01:00:00,29.2,0.0,80.0,192.0,1.6
2024-04-25 02:00:00,29.2,0.0,81.8,136.0,1.6
2024-04-25 03:00:00,28.6,0.0,92.8,357.0,1.7
2024-04-25 04:00:00,28.8,0.0,87.8,116.0,3.3
2024-04-25 05:00:00,28.6,0.0,87.6,126.0,4.7
2024-04-25 06:00:00,28.5,0.0,90.1,91.0,4.6
2024-04-25 07:00:00,28.3,0.0,93.8,78.0,2.1
2024-04-25 08:00:00,29.1,0.0,89.1,103.0,2.6
2024-04-25 09:00:00,29.8,0.0,83.0,115.0,3.6
2024-04-25 10:00:00,31.1,0.0,74.3,81.0,4.2
2024-04-25 11:00:00,32.2,0.0,64.9,108.0,3.5
2024-04-25 12:00:00,32.3,0.0,60.0,118.0,6.0
2024-04-25 13:00:00,32.4,0.0,63.6,164.0,5.1
2024-04-25 14:00:00,33.6,0.0,56.3,175.0,4.7
2024-04-25 15:00:00,34.5,0.0,49.8,184.0,4.4
2024-04-25 16:00:00,33.6,0.0,53.9,122.0,9.3
2024-04-25 17:00:00,32.5,0.0,55.8,94.0,9.39999
2024-04-25 18:00:00,31.6,0.0,60.3,132.0,5.4
2024-04-25 19:00:00,31.2,0.0,60.4,191.0,3.5
2024-04-25 20:00:00,29.2,0.0,81.7,315.0,2.9
2024-04-25 21:00:00,28.2,0.0,91.5,342.0,3.3
2024-04-25 22:00:00,28.9,0.0,84.1,46.0,2.0
2024-04-25 23:00:00,28.4,0.0,87.9,22.0,3.0
2024-04-26 00:00:00,28.5,0.0,87.6,351.0,2.2
2024-04-26 01:00:00,28.2,0.0,90.4,7.0,3.8
2024-04-26 02:00:00,27.5,0.0,94.2,2.0,1.0
2024-04-26 03:00:00,27.6,0.0,92.9,13.0,4.0
2024-04-26 04:00:00,27.7,0.0,92.2,41.0,2.8
2024-04-26 05:00:00,27.5,0.0,93.8,21.0,3.6
2024-04-26 06:00:00,27.4,0.0,94.7,347.0,2.4
2024-04-26 07:00:00,27.4,0.0,94.9,356.0,2.7
2024-04-26 08:00:00,28.2,0.0,92.3,357.0,1.8
2024-04-26 09:00:00,31.2,0.0,71.4,128.0,1.6
2024-04-26 10:00:00,31.7,0.0,66.2,199.0,2.6
2024-04-26 11:00:00,32.2,0.0,64.2,17.0,2.8
2024-04-26 12:00:00,32.1,0.0,63.7,130.0,3.1
2024-04-26 13:00:00,33.4,0.0,56.1,5.0,2.8
2024-04-26 14:00:00,34.0,0.0,55.5,30.0,1.8
2024-04-26 15:00:00,33.7,0.0,52.5,104.0,3.7
2024-04-26 16:00:00,31.8,0.0,67.8,242.0,8.89999
2024-04-26 17:00:00,25.8,2.4,99.4,301.0,11.9
2024-04-26 18:00:00,26.8,0.0,96.8,228.0,3.4
2024-04-26 19:00:00,27.9,0.0,87.2,332.0,4.2
2024-04-26 20:00:00,28.0,0.0,89.8,29.0,1.9
2024-04-26 21:00:00,29.0,0.0,84.4,82.0,3.1
2024-04-26 22:00:00,29.0,0.0,86.8,44.0,3.3
2024-04-26 23:00:00,29.1,0.0,85.4,72.0,2.9
2024-04-27 00:00:00,28.9,0.0,87.5,55.0,3.6
2024-04-27 01:00:00,28.4,0.0,91.5,336.0,2.3
2024-04-27 02:00:00,28.0,0.0,95.6,273.0,2.7
2024-04-27 03:00:00,27.7,0.0,97.0,292.0,1.1
2024-04-27 04:00:00,27.6,0.0,97.5,17.0,3.6
2024-04-27 05:00:00,27.8,0.0,97.1,51.0,3.5
2024-04-27 06:00:00,27.4,0.0,98.9,1.0,2.7
2024-04-27 07:00:00,27.1,0.0,99.4,5.0,3.1
2024-04-27 08:00:00,28.0,0.0,98.5,359.0,1.6
2024-04-27 09:00:00,28.9,0.0,91.8,330.0,2.8
2024-04-27 10:00:00,30.1,0.0,84.1,345.0,2.0
2024-04-27 11:00:00,32.2,0.0,64.7,34.0,3.8
2024-04-27 12:00:00,33.2,0.0,60.1,80.0,2.8
2024-04-27 13:00:00,32.7,0.0,56.2,322.0,2.7
2024-04-27 14:00:00,34.6,0.0,51.2,338.0,1.2
2024-04-27 15:00:00,30.2,0.0,74.8,42.0,4.2
2024-04-27 16:00:00,34.0,0.0,58.1,347.0,2.3
2024-04-27 17:00:00,32.7,0.0,63.6,139.0,2.1
2024-04-27 18:00:00,28.5,0.2,84.2,276.0,8.39999
2024-04-27 19:00:00,28.4,0.0,88.8,254.0,1.8
2024-04-27 20:00:00,28.2,0.0,92.1,246.0,2.4
2024-04-27 21:00:00,28.5,0.0,89.5,194.0,1.3
2024-04-27 22:00:00,28.8,0.0,87.8,168.0,1.9
2024-04-27 23:00:00,29.5,0.0,83.8,79.0,3.1
2024-04-28 00:00:00,28.6,0.0,91.9,295.0,2.0
2024-04-28 01:00:00,28.4,0.0,93.8,316.0,1.4
2024-04-28 02:00:00,28.1,0.0,97.1,270.0,3.1
2024-04-28 03:00:00,28.0,0.0,96.4,313.0,1.3
2024-04-28 04:00:00,28.0,0.0,98.6,192.0,0.6
2024-04-28 05:00:00,28.2,0.0,95.2,220.0,2.0
2024-04-28 06:00:00,28.4,0.0,90.7,175.0,2.1
2024-04-28 07:00:00,28.0,0.0,94.1,276.0,1.3
2024-04-28 08:00:00,29.3,0.0,85.3,232.0,0.9
2024-04-28 09:00:00,30.4,0.0,75.0,177.0,3.2
2024-04-28 10:00:00,31.0,0.0,73.2,186.0,4.3
2024-04-28 11:00:00,32.0,0.0,68.4,201.0,2.8
2024-04-28 12:00:00,30.1,0.6,84.3,186.0,4.5
2024-04-28 13:00:00,32.5,0.0,66.0,193.0,3.4
2024-04-28 14:00:00,33.3,0.0,57.7,203.0,4.0
2024-04-28 15:00:00,30.9,0.0,71.0,188.0,7.9
2024-04-28 16:00:00,29.3,0.0,76.2,175.0,8.8
2024-04-28 17:00:00,29.3,0.0,84.8,187.0,4.4
2024-04-28 18:00:00,30.0,0.0,84.2,185.0,2.3
2024-04-28 19:00:00,29.2,0.0,84.6,197.0,3.3
2024-04-28 20:00:00,29.0,0.0,83.1,152.0,3.1
2024-04-28 21:00:00,28.9,0.0,84.4,221.0,2.6
2024-04-28 22:00:00,28.9,0.0,85.7,185.0,2.4
2024-04-28 23:00:00,29.0,0.0,85.2,158.0,5.0
2024-04-29 00:00:00,29.0,0.0,84.5,137.0,2.6
2024-04-29 01:00:00,29.0,0.0,80.2,119.0,3.7
2024-04-29 02:00:00,28.7,0.0,83.0,179.0,1.6
2024-04-29 03:00:00,27.8,0.0,92.2,6.0,3.1
2024-04-29 04:00:00,27.5,0.0,95.1,4.0,3.0
2024-04-29 05:00:00,27.5,0.0,95.5,331.0,2.4
2024-04-29 06:00:00,27.3,0.0,98.2,26.0,1.7
2024-04-29 07:00:00,26.9,0.0,99.4,24.0,3.5
2024-04-29 08:00:00,27.6,0.0,97.1,5.0,2.9
2024-04-29 09:00:00,30.3,0.0,76.4,151.0,2.5
2024-04-29 10:00:00,30.8,0.0,70.7,92.0,5.4
2024-04-29 11:00:00,32.0,0.0,64.3,111.0,4.3
2024-04-29 12:00:00,33.1,0.0,55.5,102.0,4.5
2024-04-29 13:00:00,33.3,0.0,59.5,167.0,3.9
2024-04-29 14:00:00,32.9,0.0,58.4,92.0,5.1
2024-04-29 15:00:00,33.4,0.0,58.2,70.0,5.9
2024-04-29 16:00:00,33.4,0.0,56.5,98.0,8.60001
2024-04-29 17:00:00,33.2,0.0,57.8,118.0,9.89999
2024-04-29 18:00:00,32.5,0.0,57.9,81.0,10.1
2024-04-29 19:00:00,31.6,0.0,62.7,79.0,6.7
2024-04-29 20:00:00,30.4,0.0,72.0,53.0,5.5
2024-04-29 21:00:00,30.0,0.0,74.8,74.0,4.6
2024-04-29 22:00:00,29.8,0.0,77.8,66.0,3.5
2024-04-29 23:00:00,29.8,0.0,76.0,115.0,4.6
2024-04-30 00:00:00,29.7,0.0,77.0,145.0,2.5
2024-04-30 01:00:00,29.7,0.0,77.9,112.0,3.7
2024-04-30 02:00:00,29.5,0.0,80.6,143.0,2.3
2024-04-30 03:00:00,29.1,0.0,83.8,194.0,1.6
2024-04-30 04:00:00,28.9,0.0,85.3,180.0,1.2
2024-04-30 05:00:00,28.3,0.0,91.5,22.0,1.9
2024-04-30 06:00:00,28.2,0.0,93.7,338.0,1.0
2024-04-30 07:00:00,28.1,0.0,95.4,41.0,1.9
2024-04-30 08:00:00,29.2,0.0,90.7,77.0,1.3
2024-04-30 09:00:00,30.9,0.0,78.3,156.0,2.8
2024-04-30 10:00:00,31.4,0.0,70.0,172.0,4.7
2024-04-30 11:00:00,33.9,0.0,58.1,164.0,1.8
2024-04-30 12:00:00,33.6,0.0,57.4,211.0,2.4
2024-04-30 13:00:00,32.9,0.0,57.7,158.0,5.2
2024-04-30 14:00:00,34.0,0.0,54.1,197.0,3.4
2024-04-30 15:00:00,33.9,0.0,56.2,202.0,4.7
2024-04-30 16:00:00,33.6,0.0,57.4,191.0,3.8
2024-04-30 17:00:00,33.0,0.0,60.1,194.0,4.5
2024-04-30 18:00:00,29.4,0.0,83.6,26.0,6.6
2024-04-30 19:00:00,27.5,0.0,91.4,336.0,3.4
2024-04-30 20:00:00,29.1,0.0,90.1,89.0,4.7
2024-04-30 21:00:00,29.5,0.0,86.8,80.0,3.4
2024-04-30 22:00:00,29.4,0.0,87.8,76.0,5.2
2024-04-30 23:00:00,29.7,0.0,87.4,126.0,3.5
2025-03-01 00:00:00,26.5,0.0,95.9,50.0,7.0
2025-03-01 01:00:00,26.5,0.0,96.9,57.0,6.1
2025-03-01 02:00:00,26.4,0.0,97.0,54.0,7.2
2025-03-01 03:00:00,26.3,0.0,97.4,54.0,7.7
2025-03-01 04:00:00,26.2,0.0,97.7,51.0,8.8
2025-03-01 05:00:00,26.0,0.0,99.3,27.0,3.6
2025-03-01 06:00:00,25.8,0.0,99.4,49.0,5.5
2025-03-01 07:00:00,25.8,0.0,99.3,53.0,7.0
2025-03-01 08:00:00,26.1,0.0,99.3,40.0,3.8
2025-03-01 09:00:00,27.0,0.0,92.4,43.0,5.9
2025-03-01 10:00:00,28.3,0.0,84.8,51.0,5.4
2025-03-01 11:00:00,29.5,0.0,72.2,61.0,7.4
2025-03-01 12:00:00,29.8,0.0,70.3,52.0,8.3
2025-03-01 13:00:00,30.2,0.0,66.5,37.0,7.7
2025-03-01 14:00:00,30.5,0.0,67.5,30.0,9.39999
2025-03-01 15:00:00,31.1,0.0,63.6,43.0,9.89999
2025-03-01 16:00:00,31.0,0.0,64.1,41.0,9.5
2025-03-01 17:00:00,30.1,0.0,65.7,56.0,10.4
2025-03-01 18:00:00,29.9,0.0,68.6,34.0,10.8
2025-03-01 19:00:00,28.6,0.0,74.9,48.0,10.9
2025-03-01 20:00:00,27.6,0.0,82.8,56.0,9.89999
2025-03-01 21:00:00,27.0,0.0,88.5,44.0,9.7
2025-03-01 22:00:00,26.7,0.0,91.4,42.0,5.1
2025-03-01 23:00:00,26.4,0.0,92.4,12.0,5.9
2025-03-02 00:00:00,26.3,0.0,91.3,59.0,5.4
2025-03-02 01:00:00,26.1,0.0,94.4,55.0,6.6
2025-03-02 02:00:00,25.9,0.0,96.4,51.0,5.6
2025-03-02 03:00:00,25.7,0.0,98.4,52.0,6.7
2025-03-02 04:00:00,25.5,0.0,98.7,53.0,8.60001
2025-03-02 05:00:00,25.5,0.0,98.1,52.0,5.9
2025-03-02 06:00:00,25.3,0.0,99.2,50.0,8.3
2025-03-02 07:00:00,25.3,0.0,99.3,44.0,6.9
2025-03-02 08:00:00,25.5,0.0,98.5,49.0,11.0
2025-03-02 09:00:00,26.5,0.0,91.4,51.0,11.2
2025-03-02 10:00:00,27.4,0.0,86.9,20.0,7.8
2025-03-02 11:00:00,28.9,0.0,74.2,10.0,8.8
2025-03-02 12:00:00,30.2,0.0,65.6,44.0,8.3
2025-03-02 13:00:00,30.9,0.0,64.9,52.0,7.9
2025-03-02 14:00:00,31.3,0.0,62.4,61.0,8.2
2025-03-02 15:00:00,31.0,0.0,65.3,35.0,10.6
2025-03-02 16:00:00,30.2,0.0,70.3,36.0,12.2
2025-03-02 17:00:00,30.3,0.0,66.1,43.0,11.2
2025-03-02 18:00:00,28.8,0.0,71.7,43.0,10.5
2025-03-02 19:00:00,28.2,0.0,74.2,46.0,7.7
2025-03-02 20:00:00,27.0,0.0,83.6,29.0,5.1
2025-03-02 21:00:00,26.6,0.0,84.9,40.0,6.2
2025-03-02 22:00:00,26.5,0.0,86.0,53.0,5.1
2025-03-02 23:00:00,26.2,0.0,89.7,60.0,5.6
2025-03-03 00:00:00,26.1,0.0,92.3,58.0,6.2
2025-03-03 01:00:00,25.9,0.0,94.2,58.0,8.7
2025-03-03 02:00:00,25.8,0.0,95.4,59.0,6.5
2025-03-03 03:00:00,25.7,0.0,95.7,51.0,7.4
2025-03-03 04:00:00,25.3,0.0,99.3,33.0,5.1
2025-03-03 05:00:00,25.1,0.0,99.3,59.0,5.2
2025-03-03 06:00:00,25.0,0.0,99.3,47.0,3.5
2025-03-03 07:00:00,25.0,0.0,99.3,65.0,3.4
2025-03-03 08:00:00,25.5,0.0,96.6,31.0,2.6
2025-03-03 09:00:00,26.8,0.0,87.9,58.0,5.2
2025-03-03 10:00:00,27.4,0.0,85.0,8.0,4.7
2025-03-03 11:00:00,29.4,0.0,71.5,340.0,3.6
2025-03-03 12:00:00,30.5,0.0,62.7,359.0,4.6
2025-03-03 13:00:00,31.8,0.0,56.0,46.0,3.0
2025-03-03 14:00:00,32.3,0.0,54.6,277.0,1.2
2025-03-03 15:00:00,33.5,0.0,48.8,321.0,2.3
2025-03-03 16:00:00,30.8,0.0,64.2,218.0,3.3
2025-03-03 17:00:00,29.3,0.0,73.8,134.0,6.7
2025-03-03 18:00:00,29.7,0.0,68.9,76.0,5.0
2025-03-03 19:00:00,28.9,0.0,72.8,76.0,6.3
2025-03-03 20:00:00,27.7,0.0,77.6,69.0,8.60001
2025-03-03 21:00:00,27.0,0.0,84.7,53.0,4.7
2025-03-03 22:00:00,26.6,0.0,88.0,59.0,9.10001
2025-03-03 23:00:00,26.4,0.0,88.9,55.0,6.7
2025-03-04 00:00:00,26.2,0.0,90.6,56.0,9.2
2025-03-04 01:00:00,26.1,0.0,91.2,56.0,8.39999
2025-03-04 02:00:00,26.0,0.0,92.6,54.0,4.8
2025-03-04 03:00:00,25.8,0.0,93.4,55.0,5.6
2025-03-04 04:00:00,25.5,0.0,96.7,24.0,3.7
2025-03-04 05:00:00,25.3,0.0,96.5,8.0,5.0
2025-03-04 06:00:00,25.4,0.0,95.6,62.0,5.1
2025-03-04 07:00:00,25.4,0.0,95.8,59.0,4.8
2025-03-04 08:00:00,25.2,0.0,98.7,27.0,3.4
2025-03-04 09:00:00,27.4,0.0,85.8,31.0,2.8
2025-03-04 10:00:00,27.8,0.0,83.9,51.0,6.8
2025-03-04 11:00:00,29.1,0.0,77.1,62.0,5.5
2025-03-04 12:00:00,30.0,0.0,71.3,37.0,4.6
2025-03-04 13:00:00,31.2,0.0,63.4,17.0,5.3
2025-03-04 14:00:00,32.8,0.0,57.8,9.0,5.5
2025-03-04 15:00:00,33.2,0.0,57.3,13.0,5.8
2025-03-04 16:00:00,32.0,0.0,63.2,92.0,8.39999
2025-03-04 17:00:00,31.3,0.0,66.8,76.0,5.6
2025-03-04 18:00:00,22.4,3.0,99.5,244.0,6.8
2025-03-04 19:00:00,23.4,0.0,99.5,320.0,4.3
2025-03-04 20:00:00,24.9,0.0,99.4,68.0,2.3
2025-03-04 21:00:00,25.8,0.0,94.6,106.0,2.9
2025-03-04 22:00:00,26.7,0.0,90.9,81.0,5.1
2025-03-04 23:00:00,26.7,0.0,93.8,75.0,3.2
2025-03-05 00:00:00,26.7,0.0,94.8,72.0,3.8
2025-03-05 01:00:00,26.6,0.0,95.1,77.0,2.4
2025-03-05 02:00:00,26.4,0.0,96.1,55.0,5.0
2025-03-05 03:00:00,26.3,0.0,96.6,55.0,2.8
2025-03-05 04:00:00,26.0,0.0,98.6,6.0,3.2
2025-03-05 05:00:00,26.1,0.0,99.0,40.0,3.4
2025-03-05 06:00:00,26.0,0.0,99.3,11.0,3.2
2025-03-05 07:00:00,25.5,0.0,99.4,354.0,4.5
2025-03-05 08:00:00,25.7,0.0,99.4,14.0,3.5
2025-03-05 09:00:00,26.4,0.0,95.5,349.0,3.4
2025-03-05 10:00:00,28.2,0.0,83.8,323.0,2.8
2025-03-05 11:00:00,28.7,0.0,81.2,226.0,2.9
2025-03-05 12:00:00,29.5,0.0,75.6,340.0,1.9
2025-03-05 13:00:00,29.9,0.0,73.6,142.0,1.8
2025-03-05 14:00:00,29.7,0.0,77.2,150.0,3.5
2025-03-05 15:00:00,29.2,0.0,78.8,208.0,2.1
2025-03-05 16:00:00,25.4,0.0,99.4,300.0,6.4
2025-03-05 17:00:00,25.4,0.0,99.4,40.0,2.6
2025-03-05 18:00:00,25.0,0.0,99.4,32.0,3.1
2025-03-05 19:00:00,25.2,0.2,99.4,66.0,3.9
2025-03-05 20:00:00,25.5,0.0,99.4,70.0,2.5
2025-03-05 21:00:00,25.8,0.0,99.4,65.0,4.8
2025-03-05 22:00:00,26.0,0.0,99.4,113.0,4.5
2025-03-05 23:00:00,26.0,0.0,99.4,134.0,2.6
2025-03-06 00:00:00,26.0,0.0,99.4,46.0,3.7
2025-03-06 01:00:00,26.1,0.0,99.4,80.0,3.7
2025-03-06 02:00:00,26.3,0.0,99.3,76.0,3.9
2025-03-06 03:00:00,26.1,0.0,99.4,26.0,3.2
2025-03-06 04:00:00,25.6,0.0,99.4,5.0,3.1
2025-03-06 05:00:00,25.8,0.0,99.4,34.0,2.4
2025-03-06 06:00:00,25.8,0.0,99.4,4.0,1.2
2025-03-06 07:00:00,25.9,0.0,99.4,281.0,5.1
2025-03-06 08:00:00,23.9,2.8,99.4,239.0,9.7
2025-03-06 09:00:00,23.9,0.0,99.5,256.0,6.5
2025-03-06 10:00:00,24.7,0.0,99.4,261.0,6.7
2025-03-06 11:00:00,25.5,0.0,95.7,258.0,4.1
2025-03-06 12:00:00,25.4,0.0,98.8,269.0,5.8
2025-03-06 13:00:00,24.7,0.0,99.4,284.0,9.10001
2025-03-06 14:00:00,26.3,0.0,91.3,284.0,5.2
2025-03-06 15:00:00,26.4,0.0,85.0,293.0,8.5
2025-03-06 16:00:00,26.8,0.0,83.0,288.0,5.5
2025-03-06 17:00:00,27.2,0.0,81.0,251.0,7.2
2025-03-06 18:00:00,26.7,0.0,81.4,276.0,4.3
2025-03-06 19:00:00,26.5,0.0,84.1,246.0,4.2
2025-03-06 20:00:00,26.3,0.0,87.1,270.0,4.7
2025-03-06 21:00:00,26.0,0.0,92.2,276.0,3.8
2025-03-06 22:00:00,26.1,0.0,92.9,245.0,4.5
2025-03-06 23:00:00,26.0,0.0,94.1,288.0,4.2
2025-03-07 00:00:00,25.8,0.0,96.4,283.0,3.5
2025-03-07 01:00:00,25.7,0.0,97.8,274.0,3.6
2025-03-07 02:00:00,25.6,0.0,98.2,285.0,3.4
2025-03-07 03:00:00,25.6,0.0,98.9,285.0,1.3
2025-03-07 04:00:00,25.7,0.0,98.7,308.0,2.6
2025-03-07 05:00:00,25.2,0.0,99.4,350.0,2.8
2025-03-07 06:00:00,25.2,0.0,99.4,36.0,2.2
2025-03-07 07:00:00,25.1,0.0,99.4,11.0,2.3
2025-03-07 08:00:00,25.1,0.0,99.4,40.0,2.8
2025-03-07 09:00:00,27.0,0.0,93.9,73.0,2.9
2025-03-07 10:00:00,28.6,0.0,83.5,117.0,4.3
2025-03-07 11:00:00,29.6,0.0,72.0,343.0,3.6
2025-03-07 12:00:00,31.2,0.0,63.3,258.0,1.6
2025-03-07 13:00:00,33.0,0.0,56.5,29.0,1.8
2025-03-07 14:00:00,32.4,0.0,58.0,197.0,3.6
2025-03-07 15:00:00,32.0,0.0,59.1,207.0,3.2
2025-03-07 16:00:00,31.7,0.0,57.1,186.0,2.7
2025-03-07 17:00:00,29.2,0.0,75.8,89.0,8.3
2025-03-07 18:00:00,28.4,0.0,83.7,82.0,8.7
2025-03-07 19:00:00,27.5,0.0,87.6,77.0,6.6
2025-03-07 20:00:00,26.8,0.0,90.3,50.0,5.5
2025-03-07 21:00:00,27.0,0.0,91.4,71.0,4.2
2025-03-07 22:00:00,27.1,0.0,92.5,64.0,4.9
2025-03-07 23:00:00,26.9,0.0,94.1,52.0,6.7
2025-03-08 00:00:00,26.9,0.0,95.1,67.0,4.9
2025-03-08 01:00:00,26.8,0.0,96.5,68.0,5.7
2025-03-08 02:00:00,26.6,0.0,99.1,50.0,5.8
2025-03-08 03:00:00,26.3,0.0,99.4,56.0,4.9
2025-03-08 04:00:00,26.2,0.0,99.4,57.0,6.1
2025-03-08 05:00:00,26.3,0.0,99.4,56.0,5.5
2025-03-08 06:00:00,26.2,0.0,99.4,70.0,5.0
2025-03-08 07:00:00,26.4,0.0,99.4,54.0,4.6
2025-03-08 08:00:00,26.6,0.0,99.3,48.0,5.2
2025-03-08 09:00:00,27.6,0.0,94.7,44.0,7.2
2025-03-08 10:00:00,29.0,0.0,85.6,26.0,7.3
2025-03-08 11:00:00,30.4,0.0,76.0,35.0,5.4
2025-03-08 12:00:00,30.0,0.0,76.4,6.0,8.8
2025-03-08 13:00:00,30.6,0.0,67.0,14.0,9.60001
2025-03-08 14:00:00,29.4,0.0,74.2,3.0,10.1
2025-03-08 15:00:00,27.4,0.0,88.2,16.0,10.7
2025-03-08 16:00:00,26.2,0.2,99.4,31.0,2.9
2025-03-08 17:00:00,25.3,0.0,99.4,310.0,3.4
2025-03-08 18:00:00,25.5,0.0,99.4,21.0,8.60001
2025-03-08 19:00:00,26.3,0.0,99.4,65.0,4.9
2025-03-08 20:00:00,26.6,0.0,99.4,60.0,5.1
2025-03-08 21:00:00,26.5,0.0,99.3,54.0,5.1
2025-03-08 22:00:00,26.1,0.0,99.3,22.0,7.0
2025-03-08 23:00:00,26.1,0.0,99.4,45.0,6.9
2025-03-09 00:00:00,26.1,0.0,99.3,49.0,6.2
2025-03-09 01:00:00,26.2,0.0,99.3,51.0,8.39999
2025-03-09 02:00:00,26.5,0.0,99.3,69.0,5.6
2025-03-09 03:00:00,26.3,0.0,99.4,58.0,7.4
2025-03-09 04:00:00,26.2,0.0,99.4,61.0,6.7
2025-03-09 05:00:00,26.1,0.0,99.4,48.0,3.4
2025-03-09 06:00:00,26.1,0.0,99.4,54.0,6.0
2025-03-09 07:00:00,26.2,0.0,99.4,35.0,2.4
2025-03-09 08:00:00,26.1,0.0,99.4,332.0,1.5
2025-03-09 09:00:00,26.2,0.0,99.4,6.0,6.8
2025-03-09 10:00:00,26.8,0.0,99.1,355.0,2.2
2025-03-09 11:00:00,27.1,0.0,96.6,289.0,4.0
2025-03-09 12:00:00,24.2,0.6,99.5,1.0,6.2
2025-03-09 13:00:00,23.3,0.0,99.5,359.0,6.1
2025-03-09 14:00:00,23.5,0.2,99.3,26.0,2.9
2025-03-09 15:00:00,24.1,0.0,99.3,48.0,8.7
2025-03-09 16:00:00,24.8,0.0,99.4,58.0,2.9
2025-03-09 17:00:00,26.3,0.0,91.1,67.0,2.9
2025-03-09 18:00:00,26.5,0.0,92.5,6.0,2.1
2025-03-09 19:00:00,26.4,0.0,94.0,72.0,3.8
2025-03-09 20:00:00,26.3,0.0,97.8,11.0,2.1
2025-03-09 21:00:00,26.1,0.0,99.3,279.0,1.4
2025-03-09 22:00:00,25.7,0.0,99.4,243.0,1.9
2025-03-09 23:00:00,26.0,0.0,99.4,356.0,2.3
2025-03-10 00:00:00,26.0,0.0,99.4,9.0,6.4
2025-03-10 01:00:00,25.8,0.0,99.4,1.0,5.7
2025-03-10 02:00:00,25.9,0.0,99.3,13.0,6.6
2025-03-10 03:00:00,25.7,0.0,99.4,42.0,3.2
2025-03-10 04:00:00,25.6,0.0,99.4,49.0,2.7
2025-03-10 05:00:00,25.3,0.0,99.4,10.0,3.0
2025-03-10 06:00:00,25.5,0.0,99.4,20.0,3.3
2025-03-10 07:00:00,25.5,0.0,99.4,33.0,3.3
2025-03-10 08:00:00,25.8,0.0,99.4,51.0,2.3
2025-03-10 09:00:00,27.1,0.0,96.4,13.0,5.7
2025-03-10 10:00:00,27.9,0.0,92.4,46.0,6.2
2025-03-10 11:00:00,29.6,0.0,82.9,21.0,7.0
2025-03-10 12:00:00,28.7,0.0,88.1,11.0,8.39999
2025-03-10 13:00:00,31.2,0.0,71.2,39.0,7.1
2025-03-10 14:00:00,31.2,0.0,67.5,45.0,10.0
2025-03-10 15:00:00,26.3,0.0,99.4,64.0,5.3
2025-03-10 16:00:00,29.3,0.0,78.8,51.0,11.4
2025-03-10 17:00:00,29.7,0.0,75.6,63.0,9.39999
2025-03-10 18:00:00,29.7,0.0,76.2,44.0,9.0
2025-03-10 19:00:00,28.3,0.0,83.3,48.0,12.2
2025-03-10 20:00:00,27.7,0.0,88.7,52.0,7.6
2025-03-10 21:00:00,27.3,0.0,92.4,55.0,8.7
2025-03-10 22:00:00,27.1,0.0,94.9,61.0,4.4
2025-03-10 23:00:00,27.1,0.0,95.3,64.0,4.8
2025-03-11 00:00:00,27.0,0.0,96.4,65.0,6.0
2025-03-11 01:00:00,26.9,0.0,97.2,53.0,4.9
2025-03-11 02:00:00,26.6,0.0,99.3,13.0,7.4
2025-03-11 03:00:00,26.5,0.0,99.3,7.0,6.9
2025-03-11 04:00:00,26.4,0.0,99.3,2.0,5.3
2025-03-11 05:00:00,26.3,0.0,99.3,352.0,2.8
2025-03-11 06:00:00,26.1,0.0,99.4,74.0,1.6
2025-03-11 07:00:00,26.1,0.0,99.4,61.0,5.3
2025-03-11 08:00:00,26.2,0.0,99.4,50.0,6.7
2025-03-11 09:00:00,27.2,0.0,99.3,49.0,6.9
2025-03-11 10:00:00,27.8,0.0,93.6,53.0,9.0
2025-03-11 11:00:00,29.3,0.0,83.8,14.0,8.7
2025-03-11 12:00:00,29.5,0.0,79.7,7.0,8.3
2025-03-11 13:00:00,29.9,0.0,69.4,59.0,10.3
2025-03-11 14:00:00,30.6,0.0,67.8,36.0,7.1
2025-03-11 15:00:00,31.3,0.0,61.4,23.0,7.6
2025-03-11 16:00:00,31.7,0.0,57.0,42.0,6.3
2025-03-11 17:00:00,31.3,0.0,63.7,45.0,7.6
2025-03-11 18:00:00,31.1,0.0,65.0,66.0,9.10001
2025-03-11 19:00:00,29.0,0.0,76.3,52.0,9.2
2025-03-11 20:00:00,28.2,0.0,79.7,48.0,6.3
2025-03-11 21:00:00,27.7,0.0,87.9,40.0,6.4
2025-03-11 22:00:00,27.2,0.0,88.8,54.0,10.7
2025-03-11 23:00:00,27.1,0.0,90.9,57.0,8.39999
2025-03-12 00:00:00,27.1,0.0,91.9,49.0,8.0
2025-03-12 01:00:00,26.8,0.0,93.8,51.0,7.1
2025-03-12 02:00:00,26.6,0.0,95.7,18.0,5.7
2025-03-12 03:00:00,26.6,0.0,94.9,16.0,5.6
2025-03-12 04:00:00,26.6,0.0,94.9,350.0,4.3
2025-03-12 05:00:00,26.5,0.0,93.9,343.0,3.2
2025-03-12 06:00:00,26.5,0.0,94.4,342.0,2.8
2025-03-12 07:00:00,26.4,0.0,94.8,307.0,4.1
2025-03-12 08:00:00,26.7,0.0,92.7,301.0,3.3
2025-03-12 09:00:00,27.2,0.0,90.3,341.0,2.6
2025-03-12 10:00:00,29.4,0.0,77.9,327.0,2.1
2025-03-12 11:00:00,30.0,0.0,73.8,359.0,4.6
2025-03-12 12:00:00,29.4,0.0,73.4,17.0,5.2
2025-03-12 13:00:00,31.2,0.0,62.8,9.0,6.3
2025-03-12 14:00:00,27.4,0.0,75.8,5.0,7.0
2025-03-12 15:00:00,28.5,0.0,77.6,334.0,5.4
2025-03-12 16:00:00,26.6,0.0,93.3,68.0,10.4
2025-03-12 17:00:00,25.3,0.0,99.4,18.0,8.60001
2025-03-12 18:00:00,26.1,0.0,97.0,358.0,4.1
2025-03-12 19:00:00,26.1,0.0,97.5,13.0,6.1
2025-03-12 20:00:00,26.5,0.0,98.0,75.0,4.4
2025-03-12 21:00:00,26.9,0.0,98.9,85.0,5.5
2025-03-12 22:00:00,26.7,0.0,99.3,59.0,5.3
2025-03-12 23:00:00,26.8,0.0,99.3,41.0,5.6
2025-03-13 00:00:00,26.5,0.0,99.4,6.0,5.1
2025-03-13 01:00:00,26.4,0.0,99.4,279.0,1.2
2025-03-13 02:00:00,26.0,0.0,99.4,264.0,3.5
2025-03-13 03:00:00,26.0,0.0,99.4,292.0,5.1
2025-03-13 04:00:00,25.9,0.0,99.4,311.0,0.7
2025-03-13 05:00:00,25.9,0.0,99.4,333.0,1.1
2025-03-13 06:00:00,26.2,0.0,99.4,116.0,2.1
2025-03-13 07:00:00,25.9,0.0,99.4,345.0,2.3
2025-03-13 08:00:00,25.8,0.0,99.4,16.0,4.0
2025-03-13 09:00:00,26.5,0.0,98.4,45.0,4.4
2025-03-13 10:00:00,27.1,0.0,93.4,44.0,6.1
2025-03-13 11:00:00,26.9,0.0,89.2,86.0,4.1
2025-03-13 12:00:00,28.5,0.0,79.0,85.0,3.7
2025-03-13 13:00:00,30.3,0.0,64.9,42.0,5.5
2025-03-13 14:00:00,30.5,0.0,64.6,143.0,3.0
2025-03-13 15:00:00,30.3,0.0,66.4,123.0,5.9
2025-03-13 16:00:00,30.9,0.0,64.8,117.0,3.6
2025-03-13 17:00:00,30.3,0.0,70.5,64.0,5.4
2025-03-13 18:00:00,29.5,0.0,75.7,60.0,7.7
2025-03-13 19:00:00,29.1,0.0,75.4,48.0,10.1
2025-03-13 20:00:00,28.4,0.0,82.3,69.0,8.0
2025-03-13 21:00:00,27.5,0.0,90.9,71.0,9.2
2025-03-13 22:00:00,27.3,0.0,92.5,71.0,5.9
2025-03-13 23:00:00,27.2,0.0,93.2,72.0,5.4
2025-03-14 00:00:00,27.0,0.0,94.3,50.0,6.3
2025-03-14 01:00:00,26.8,0.0,94.5,66.0,4.3
2025-03-14 02:00:00,26.4,0.0,97.6,19.0,2.5
2025-03-14 03:00:00,26.4,0.0,95.8,49.0,6.8
2025-03-14 04:00:00,26.3,0.0,94.8,48.0,6.9
2025-03-14 05:00:00,26.1,0.0,95.8,52.0,7.5
2025-03-14 06:00:00,26.2,0.0,94.8,46.0,6.6
2025-03-14 07:00:00,25.9,0.0,98.5,12.0,3.4
2025-03-14 08:00:00,26.1,0.0,99.3,357.0,1.5
2025-03-14 09:00:00,27.3,0.0,92.5,1.0,6.8
2025-03-14 10:00:00,29.0,0.0,83.5,36.0,7.0
2025-03-14 11:00:00,29.3,0.0,77.4,10.0,9.3
2025-03-14 12:00:00,30.2,0.0,66.0,8.0,7.9
2025-03-14 13:00:00,31.0,0.0,63.7,55.0,9.5
2025-03-14 14:00:00,32.2,0.0,59.7,45.0,8.10001
2025-03-14 15:00:00,30.8,0.0,63.4,64.0,7.8
2025-03-14 16:00:00,30.4,0.0,63.7,80.0,10.3
2025-03-14 17:00:00,30.6,0.0,66.1,56.0,7.0
2025-03-14 18:00:00,27.0,0.0,87.8,283.0,9.5
2025-03-14 19:00:00,26.4,0.0,96.4,267.0,5.0
2025-03-14 20:00:00,26.8,0.0,92.0,318.0,2.6
2025-03-14 21:00:00,27.1,0.0,90.2,1.0,5.0
2025-03-14 22:00:00,27.6,0.0,87.5,44.0,5.3
2025-03-14 23:00:00,27.4,0.0,88.7,51.0,5.8
2025-03-15 00:00:00,27.1,0.0,91.0,357.0,5.1
2025-03-15 01:00:00,26.6,0.0,96.6,267.0,2.5
2025-03-15 02:00:00,26.2,0.0,99.3,263.0,2.6
2025-03-15 03:00:00,26.1,0.0,99.4,287.0,2.0
2025-03-15 04:00:00,26.3,0.0,99.3,325.0,1.7
2025-03-15 05:00:00,26.8,0.0,96.2,67.0,4.9
2025-03-15 06:00:00,26.7,0.0,96.8,86.0,3.8
2025-03-15 07:00:00,26.7,0.0,97.4,63.0,4.7
2025-03-15 08:00:00,26.5,0.0,98.2,4.0,3.2
2025-03-15 09:00:00,27.6,0.0,93.5,39.0,3.8
2025-03-15 10:00:00,28.0,0.0,91.9,51.0,6.9
2025-03-15 11:00:00,29.4,0.0,81.9,39.0,8.0
2025-03-15 12:00:00,31.1,0.0,75.7,37.0,5.6
2025-03-15 13:00:00,31.0,0.0,65.8,56.0,8.2
2025-03-15 14:00:00,31.1,0.0,65.9,58.0,6.2
2025-03-15 15:00:00,31.7,0.0,60.7,80.0,8.39999
2025-03-15 16:00:00,30.4,0.0,70.3,57.0,10.3
2025-03-15 17:00:00,30.1,0.0,71.4,49.0,6.3
2025-03-15 18:00:00,26.5,0.0,80.4,284.0,3.2
2025-03-15 19:00:00,27.4,0.0,78.0,7.0,1.8
2025-03-15 20:00:00,27.9,0.0,78.7,40.0,3.5
2025-03-15 21:00:00,28.0,0.0,87.3,52.0,4.5
2025-03-15 22:00:00,27.7,0.0,91.1,43.0,5.6
2025-03-15 23:00:00,27.4,0.0,93.5,51.0,4.2
2025-03-16 00:00:00,27.3,0.0,95.5,78.0,4.6
2025-03-16 01:00:00,27.2,0.0,96.1,63.0,4.7
2025-03-16 02:00:00,27.0,0.0,98.2,48.0,3.7
2025-03-16 03:00:00,26.8,0.0,99.3,53.0,4.3
2025-03-16 04:00:00,26.8,0.0,99.3,56.0,3.1
2025-03-16 05:00:00,26.7,0.0,98.6,56.0,5.0
2025-03-16 06:00:00,26.6,0.0,99.1,58.0,4.2
2025-03-16 07:00:00,26.6,0.0,98.7,85.0,2.8
2025-03-16 08:00:00,26.9,0.0,97.1,63.0,3.4
2025-03-16 09:00:00,27.4,0.0,93.9,47.0,3.3
2025-03-16 10:00:00,28.2,0.0,86.5,29.0,3.4
2025-03-16 11:00:00,29.0,0.0,82.6,2.0,6.1
2025-03-16 12:00:00,29.9,0.0,75.4,9.0,5.7
2025-03-16 13:00:00,30.7,0.0,70.9,356.0,4.3
2025-03-16 14:00:00,32.4,0.0,62.1,328.0,3.3
2025-03-16 15:00:00,29.7,0.0,72.3,74.0,6.8
2025-03-16 16:00:00,29.3,0.0,75.8,17.0,8.5
2025-03-16 17:00:00,29.4,0.0,75.2,358.0,7.4
2025-03-16 18:00:00,28.5,0.0,79.5,22.0,9.39999
2025-03-16 19:00:00,27.5,0.0,84.5,171.0,3.7
2025-03-16 20:00:00,27.9,0.0,87.3,49.0,7.7
2025-03-16 21:00:00,27.3,0.0,83.6,66.0,6.1
2025-03-16 22:00:00,26.8,0.0,86.5,31.0,3.6
2025-03-16 23:00:00,26.8,0.0,91.0,57.0,9.3
2025-03-17 00:00:00,26.6,0.0,93.9,58.0,8.8
2025-03-17 01:00:00,26.5,0.0,96.4,45.0,3.7
2025-03-17 02:00:00,26.4,0.0,96.8,50.0,8.0
2025-03-17 03:00:00,26.3,0.0,98.4,18.0,5.3
2025-03-17 04:00:00,26.4,0.0,96.9,20.0,5.9
2025-03-17 05:00:00,26.2,0.0,96.2,11.0,7.5
2025-03-17 06:00:00,25.9,0.0,98.3,8.0,6.8
2025-03-17 07:00:00,25.9,0.0,96.1,16.0,8.39999
2025-03-17 08:00:00,26.2,0.0,93.5,13.0,5.7
2025-03-17 09:00:00,27.6,0.0,85.0,15.0,6.2
2025-03-17 10:00:00,28.6,0.0,77.6,5.0,7.5
2025-03-17 11:00:00,29.3,0.0,69.8,13.0,6.3
2025-03-17 12:00:00,31.0,0.0,60.6,10.0,6.0
2025-03-17 13:00:00,31.9,0.0,51.4,25.0,6.7
2025-03-17 14:00:00,30.9,0.0,56.5,19.0,6.9
2025-03-17 15:00:00,32.5,0.0,50.5,25.0,7.4
2025-03-17 16:00:00,31.7,0.0,53.9,31.0,9.7
2025-03-17 17:00:00,31.1,0.0,58.7,46.0,10.0
2025-03-17 18:00:00,27.2,0.0,80.3,3.0,5.4
2025-03-17 19:00:00,27.3,0.0,80.9,343.0,3.7
2025-03-17 20:00:00,27.4,0.0,84.4,36.0,3.1
2025-03-17 21:00:00,27.3,0.0,90.7,17.0,8.5
2025-03-17 22:00:00,27.0,0.0,92.9,15.0,7.3
2025-03-17 23:00:00,26.9,0.0,91.5,17.0,8.0
2025-03-18 00:00:00,26.9,0.0,90.7,11.0,7.3
2025-03-18 01:00:00,27.0,0.0,89.9,1.0,4.7
2025-03-18 02:00:00,26.7,0.0,90.4,3.0,6.0
2025-03-18 03:00:00,26.3,0.0,91.6,3.0,4.4
2025-03-18 04:00:00,26.3,0.0,91.0,3.0,6.5
2025-03-18 05:00:00,26.4,0.0,89.0,9.0,7.2
2025-03-18 06:00:00,26.3,0.0,89.0,2.0,4.9
2025-03-18 07:00:00,26.1,0.0,89.2,1.0,5.0
2025-03-18 08:00:00,26.3,0.0,90.5,357.0,4.0
2025-03-18 09:00:00,27.7,0.0,82.9,359.0,4.1
2025-03-18 10:00:00,28.6,0.0,75.6,7.0,9.89999
2025-03-18 11:00:00,28.9,0.0,75.5,2.0,7.8
2025-03-18 12:00:00,30.0,0.0,69.4,350.0,6.4
2025-03-18 13:00:00,30.7,0.0,65.1,30.0,13.7
2025-03-18 14:00:00,31.0,0.0,61.1,18.0,10.0
2025-03-18 15:00:00,31.6,0.0,56.8,38.0,12.1
2025-03-18 16:00:00,31.7,0.0,53.2,26.0,13.1
2025-03-18 17:00:00,31.4,0.0,55.6,13.0,11.8
2025-03-18 18:00:00,30.4,0.0,60.6,55.0,10.0
2025-03-18 19:00:00,29.4,0.0,67.5,51.0,9.8
2025-03-18 20:00:00,28.2,0.0,77.0,24.0,8.10001
2025-03-18 21:00:00,27.8,0.0,78.4,13.0,7.4
2025-03-18 22:00:00,27.4,0.0,81.6,17.0,7.8
2025-03-18 23:00:00,27.3,0.0,83.1,9.0,7.9
2025-03-19 00:00:00,27.2,0.0,84.3,8.0,7.2
2025-03-19 01:00:00,27.0,0.0,85.4,12.0,7.6
2025-03-19 02:00:00,26.8,0.0,86.1,10.0,8.2
2025-03-19 03:00:00,26.5,0.0,87.4,1.0,7.2
2025-03-19 04:00:00,26.5,0.0,86.9,7.0,8.10001
2025-03-19 05:00:00,26.4,0.0,89.1,1.0,5.5
2025-03-19 06:00:00,26.1,0.0,91.3,5.0,6.9
2025-03-19 07:00:00,26.1,0.0,91.3,6.0,7.0
2025-03-19 08:00:00,26.3,0.0,89.8,3.0,5.9
2025-03-19 09:00:00,25.7,0.0,93.6,356.0,3.3
2025-03-19 10:00:00,25.8,0.2,97.2,345.0,3.9
2025-03-19 11:00:00,25.1,0.8,99.4,10.0,5.0
2025-03-19 12:00:00,24.4,0.4,99.5,22.0,5.4
2025-03-19 13:00:00,24.3,0.8,99.5,326.0,2.3
2025-03-19 14:00:00,24.3,1.6,99.5,347.0,2.5
2025-03-19 15:00:00,23.9,0.8,99.5,305.0,2.8
2025-03-19 16:00:00,23.8,0.2,99.5,287.0,3.1
2025-03-19 17:00:00,24.0,0.6,99.5,307.0,4.5
2025-03-19 18:00:00,23.5,0.4,99.5,3.0,7.6
2025-03-19 19:00:00,23.7,1.2,99.5,289.0,5.2
2025-03-19 20:00:00,22.8,0.2,99.5,250.0,5.4
2025-03-19 21:00:00,23.0,0.2,99.5,260.0,4.5
2025-03-19 22:00:00,23.2,0.0,99.5,271.0,5.4
2025-03-19 23:00:00,23.3,0.0,99.5,273.0,6.1
2025-03-20 00:00:00,23.6,0.0,99.5,262.0,6.5
2025-03-20 01:00:00,23.8,0.0,99.5,255.0,7.3
2025-03-20 02:00:00,23.6,0.8,99.5,267.0,5.8
2025-03-20 03:00:00,23.6,1.0,99.5,292.0,4.2
2025-03-20 04:00:00,23.5,0.4,99.5,258.0,2.4
2025-03-20 05:00:00,23.6,0.6,99.5,277.0,4.1
2025-03-20 06:00:00,23.4,1.0,99.5,246.0,8.3
2025-03-20 07:00:00,22.5,1.0,99.5,247.0,8.5
2025-03-20 08:00:00,22.7,0.4,99.5,271.0,5.5
2025-03-20 09:00:00,22.9,1.4,99.5,275.0,6.2
2025-03-20 10:00:00,22.5,1.2,99.5,301.0,7.2
2025-03-20 11:00:00,22.4,0.8,99.5,301.0,7.0
2025-03-20 12:00:00,22.7,0.4,99.5,280.0,5.9
2025-03-20 13:00:00,22.7,2.8,99.5,313.0,3.8
2025-03-20 14:00:00,22.8,0.0,99.5,258.0,4.0
2025-03-20 15:00:00,23.1,2.4,99.5,220.0,1.3
2025-03-20 16:00:00,23.2,3.0,99.6,18.0,5.1
2025-03-20 17:00:00,23.1,0.0,99.6,359.0,5.7
2025-03-20 18:00:00,23.2,0.0,99.5,1.0,6.7
2025-03-20 19:00:00,23.7,0.0,99.4,13.0,7.9
2025-03-20 20:00:00,23.7,0.0,99.4,15.0,6.3
2025-03-20 21:00:00,24.0,0.0,99.4,21.0,8.3
2025-03-20 22:00:00,24.0,0.0,99.3,19.0,7.6
2025-03-20 23:00:00,24.0,0.0,99.3,16.0,8.8
2025-03-21 00:00:00,24.6,0.0,95.2,11.0,9.8
2025-03-21 01:00:00,24.5,0.0,99.3,15.0,7.8
2025-03-21 02:00:00,24.7,0.0,99.3,30.0,8.3
2025-03-21 03:00:00,24.9,0.0,99.3,33.0,4.5
2025-03-21 04:00:00,24.1,0.0,99.4,356.0,2.0
2025-03-21 05:00:00,23.9,0.0,99.4,29.0,1.9
2025-03-21 06:00:00,23.9,0.0,99.4,4.0,5.4
2025-03-21 07:00:00,23.8,0.0,99.4,342.0,1.8
2025-03-21 08:00:00,24.0,0.0,99.4,314.0,2.7
2025-03-21 09:00:00,24.7,0.0,99.4,352.0,3.3
2025-03-21 10:00:00,26.1,0.0,97.8,359.0,4.7
2025-03-21 11:00:00,27.4,0.0,89.6,6.0,5.5
2025-03-21 12:00:00,27.1,0.0,97.5,11.0,8.60001
2025-03-21 13:00:00,27.9,0.0,88.5,13.0,9.10001
2025-03-21 14:00:00,28.2,0.0,83.9,47.0,12.8
2025-03-21 15:00:00,28.4,0.0,82.1,52.0,9.5
2025-03-21 16:00:00,27.9,0.0,91.5,22.0,7.7
2025-03-21 17:00:00,28.5,0.0,83.2,44.0,11.4
2025-03-21 18:00:00,28.0,0.0,84.1,49.0,10.0
2025-03-21 19:00:00,27.3,0.0,87.7,15.0,9.8
2025-03-21 20:00:00,26.9,0.0,90.5,12.0,9.2
2025-03-21 21:00:00,26.7,0.0,92.2,2.0,5.9
2025-03-21 22:00:00,26.6,0.0,94.3,3.0,4.3
2025-03-21 23:00:00,26.2,0.0,99.3,14.0,2.9
2025-03-22 00:00:00,25.9,0.0,99.4,52.0,5.3
2025-03-22 01:00:00,25.7,0.0,99.4,4.0,5.0
2025-03-22 02:00:00,25.5,0.2,99.4,66.0,6.6
2025-03-22 03:00:00,25.5,0.0,99.4,43.0,3.8
2025-03-22 04:00:00,25.4,0.0,99.4,4.0,3.0
2025-03-22 05:00:00,24.9,0.0,99.5,61.0,2.3
2025-03-22 06:00:00,25.0,0.0,99.5,358.0,5.0
2025-03-22 07:00:00,25.1,0.0,99.5,358.0,4.4
2025-03-22 08:00:00,25.1,0.0,99.5,359.0,2.4
2025-03-22 09:00:00,25.2,0.0,99.5,1.0,5.4
2025-03-22 10:00:00,26.1,0.0,99.4,12.0,5.3
2025-03-22 11:00:00,27.6,0.0,95.7,51.0,6.1
2025-03-22 12:00:00,28.3,0.0,86.9,73.0,7.5
2025-03-22 13:00:00,29.1,0.0,78.3,58.0,9.39999
2025-03-22 14:00:00,29.9,0.0,76.2,49.0,10.8
2025-03-22 15:00:00,30.1,0.0,72.6,44.0,13.9
2025-03-22 16:00:00,30.0,0.0,72.9,48.0,11.9
2025-03-22 17:00:00,29.4,0.0,73.2,55.0,8.60001
2025-03-22 18:00:00,28.8,0.0,78.7,45.0,13.3
2025-03-22 19:00:00,28.0,0.0,87.7,49.0,7.1
2025-03-22 20:00:00,27.7,0.0,91.0,24.0,8.3
2025-03-22 21:00:00,27.3,0.0,93.0,45.0,6.4
2025-03-22 22:00:00,27.0,0.0,95.5,54.0,8.8
2025-03-22 23:00:00,26.6,0.0,99.3,58.0,5.3
2025-03-23 00:00:00,25.2,0.0,99.4,11.0,8.7
2025-03-23 01:00:00,25.3,0.4,99.5,50.0,8.5
2025-03-23 02:00:00,24.3,0.2,99.4,63.0,7.2
2025-03-23 03:00:00,22.7,0.2,99.4,34.0,4.0
2025-03-23 04:00:00,23.4,0.0,99.4,52.0,9.89999
2025-03-23 05:00:00,23.4,0.0,99.4,78.0,7.3
2025-03-23 06:00:00,23.6,0.2,99.4,88.0,8.10001
2025-03-23 07:00:00,23.8,0.0,99.4,77.0,7.5
2025-03-23 08:00:00,23.4,0.0,99.4,61.0,6.2
2025-03-23 09:00:00,24.2,0.0,99.4,7.0,2.5
2025-03-23 10:00:00,25.1,0.0,99.4,275.0,4.5
2025-03-23 11:00:00,26.5,0.0,99.3,269.0,2.0
2025-03-23 12:00:00,28.9,0.0,85.0,56.0,5.1
2025-03-23 13:00:00,30.0,0.0,78.9,66.0,5.9
2025-03-23 14:00:00,29.9,0.0,75.5,64.0,7.0
2025-03-23 15:00:00,30.5,0.0,73.7,25.0,6.1
2025-03-23 16:00:00,30.5,0.0,73.9,61.0,5.8
2025-03-23 17:00:00,29.6,0.0,76.9,49.0,8.2
2025-03-23 18:00:00,28.8,0.0,82.9,48.0,8.3
2025-03-23 19:00:00,27.9,0.0,88.9,51.0,7.6
2025-03-23 20:00:00,27.4,0.0,93.8,58.0,7.6
2025-03-23 21:00:00,27.2,0.0,97.3,36.0,5.0
2025-03-23 22:00:00,27.1,0.0,98.6,22.0,5.9
2025-03-23 23:00:00,26.3,0.0,99.4,279.0,4.0
2025-03-24 00:00:00,25.8,0.0,99.4,16.0,6.1
2025-03-24 01:00:00,25.3,0.0,99.4,138.0,5.2
2025-03-24 02:00:00,25.1,0.0,99.4,41.0,6.4
2025-03-24 03:00:00,24.9,0.0,99.4,52.0,13.1
2025-03-24 04:00:00,24.5,0.0,99.4,52.0,7.7
2025-03-24 05:00:00,24.4,0.2,99.4,33.0,2.1
2025-03-24 06:00:00,24.7,0.0,99.4,108.0,4.4
2025-03-24 07:00:00,25.0,0.0,99.5,50.0,7.1
2025-03-24 08:00:00,25.2,0.0,99.5,4.0,3.9
2025-03-24 09:00:00,25.7,0.0,99.4,354.0,5.7
2025-03-24 10:00:00,26.9,0.0,99.4,6.0,7.3
2025-03-24 11:00:00,28.1,0.0,91.3,348.0,3.5
2025-03-24 12:00:00,28.2,0.0,90.4,67.0,3.0
2025-03-24 13:00:00,29.5,0.0,78.0,27.0,8.10001
2025-03-24 14:00:00,28.0,0.2,81.5,,11.5
2025-03-24 15:00:00,28.4,0.0,90.3,63.0,2.6
2025-03-24 16:00:00,28.5,0.0,86.6,13.0,7.8
2025-03-24 17:00:00,28.7,0.0,86.5,128.0,2.9
2025-03-24 18:00:00,29.1,0.0,81.6,67.0,5.4
2025-03-24 19:00:00,28.6,0.0,86.2,44.0,7.5
2025-03-24 20:00:00,27.7,0.0,91.6,52.0,7.0
2025-03-24 21:00:00,27.2,0.0,94.6,80.0,5.7
2025-03-24 22:00:00,26.8,0.0,97.8,67.0,5.6
2025-03-24 23:00:00,26.6,0.0,99.3,61.0,5.6
2025-03-25 00:00:00,26.4,0.0,99.4,60.0,6.2
2025-03-25 01:00:00,26.3,0.0,99.4,58.0,7.4
2025-03-25 02:00:00,26.2,0.0,99.4,52.0,7.8
2025-03-25 03:00:00,26.0,0.0,99.4,52.0,6.9
2025-03-25 04:00:00,25.6,0.0,99.4,12.0,4.3
2025-03-25 05:00:00,25.7,0.0,99.4,59.0,6.7
2025-03-25 06:00:00,25.7,0.0,99.4,59.0,6.1
2025-03-25 07:00:00,25.5,0.0,99.4,58.0,7.2
2025-03-25 08:00:00,25.8,0.0,99.4,52.0,6.8
2025-03-25 09:00:00,26.2,0.0,99.3,5.0,5.4
2025-03-25 10:00:00,26.9,0.0,94.6,6.0,7.1
2025-03-25 11:00:00,28.5,0.0,82.9,17.0,4.9
2025-03-25 12:00:00,29.5,0.0,74.6,1.0,6.3
2025-03-25 13:00:00,31.4,0.0,59.3,13.0,4.8
2025-03-25 14:00:00,32.3,0.0,57.9,339.0,2.1
2025-03-25 15:00:00,31.6,0.0,59.5,6.0,3.9
2025-03-25 16:00:00,32.2,0.0,57.7,280.0,1.6
2025-03-25 17:00:00,28.5,0.0,84.6,213.0,3.0
2025-03-25 18:00:00,27.9,0.0,96.5,107.0,2.1
2025-03-25 19:00:00,27.0,0.0,99.4,94.0,4.4
2025-03-25 20:00:00,26.3,0.0,99.4,61.0,4.6
2025-03-25 21:00:00,26.5,0.0,99.4,69.0,2.5
2025-03-25 22:00:00,26.5,0.0,99.3,65.0,5.8
2025-03-25 23:00:00,26.5,0.0,99.2,59.0,6.5
2025-03-26 00:00:00,26.2,0.0,99.4,55.0,5.1
2025-03-26 01:00:00,26.3,0.0,99.3,54.0,8.10001
2025-03-26 02:00:00,26.1,0.0,99.4,50.0,4.7
2025-03-26 03:00:00,25.9,0.0,99.4,55.0,6.6
2025-03-26 04:00:00,25.4,0.0,99.4,29.0,3.1
2025-03-26 05:00:00,25.3,0.0,99.4,27.0,3.4
2025-03-26 06:00:00,25.3,0.0,99.4,32.0,1.9
2025-03-26 07:00:00,25.7,0.0,99.4,63.0,4.3
2025-03-26 08:00:00,25.8,0.0,99.4,34.0,3.5
2025-03-26 09:00:00,26.7,0.0,97.7,353.0,2.9
2025-03-26 10:00:00,27.7,0.0,89.9,13.0,8.5
2025-03-26 11:00:00,28.8,0.0,83.0,4.0,5.7
2025-03-26 12:00:00,30.5,0.0,69.9,19.0,5.6
2025-03-26 13:00:00,31.5,0.0,64.9,333.0,1.6
2025-03-26 14:00:00,31.5,0.0,64.9,341.0,3.1
2025-03-26 15:00:00,32.0,0.0,59.8,256.0,2.7
2025-03-26 16:00:00,32.1,0.0,64.4,212.0,5.5
2025-03-26 17:00:00,31.1,0.0,68.6,305.0,3.2
2025-03-26 18:00:00,30.7,0.0,72.0,171.0,3.2
2025-03-26 19:00:00,27.4,0.0,94.1,72.0,6.7
2025-03-26 20:00:00,26.9,0.0,97.1,77.0,6.6
2025-03-26 21:00:00,27.1,0.0,97.1,95.0,4.4
2025-03-26 22:00:00,27.0,0.0,97.1,71.0,7.2
2025-03-26 23:00:00,26.9,0.0,96.9,80.0,5.0
2025-03-27 00:00:00,26.7,0.0,98.1,70.0,5.4
2025-03-27 01:00:00,26.5,0.0,99.2,82.0,5.6
2025-03-27 02:00:00,26.2,0.0,99.4,65.0,5.4
2025-03-27 03:00:00,26.2,0.0,99.4,67.0,5.5
2025-03-27 04:00:00,26.0,0.0,99.4,57.0,4.8
2025-03-27 05:00:00,26.2,0.0,99.4,87.0,5.5
2025-03-27 06:00:00,26.1,0.0,99.4,58.0,4.4
2025-03-27 07:00:00,25.8,0.0,99.4,26.0,3.5
2025-03-27 08:00:00,26.4,0.0,99.4,47.0,1.8
2025-03-27 09:00:00,27.7,0.0,92.4,43.0,5.3
2025-03-27 10:00:00,28.3,0.0,87.3,4.0,6.2
2025-03-27 11:00:00,30.9,0.0,74.1,24.0,3.3
2025-03-27 12:00:00,31.0,0.0,68.5,337.0,2.9
2025-03-27 13:00:00,28.1,0.0,96.7,9.0,3.8
2025-03-27 14:00:00,30.9,0.0,80.5,15.0,3.0
2025-03-27 15:00:00,31.3,0.0,71.4,176.0,4.3
2025-03-27 16:00:00,25.6,0.2,99.5,168.0,2.8
2025-03-27 17:00:00,28.1,0.0,99.4,107.0,4.0
2025-03-27 18:00:00,29.5,0.0,83.4,68.0,4.9
2025-03-27 19:00:00,28.6,0.0,91.2,38.0,6.9
2025-03-27 20:00:00,26.5,0.0,99.5,35.0,1.7
2025-03-27 21:00:00,26.9,0.0,99.4,345.0,1.1
2025-03-27 22:00:00,26.8,0.0,99.4,328.0,3.2
2025-03-27 23:00:00,26.9,0.0,99.4,290.0,1.9
2025-03-28 00:00:00,26.7,0.0,99.4,140.0,0.5
2025-03-28 01:00:00,26.7,0.0,99.4,1.0,4.0
2025-03-28 02:00:00,26.3,0.0,99.4,356.0,3.0
2025-03-28 03:00:00,26.5,0.0,99.4,280.0,2.2
2025-03-28 04:00:00,26.6,0.0,99.4,295.0,2.6
2025-03-28 05:00:00,26.0,0.0,99.4,359.0,3.7
2025-03-28 06:00:00,25.8,0.0,99.4,355.0,3.4
2025-03-28 07:00:00,25.3,0.0,99.4,277.0,3.3
2025-03-28 08:00:00,26.3,0.0,95.2,293.0,2.1
2025-03-28 09:00:00,27.1,0.0,85.5,272.0,4.5
2025-03-28 10:00:00,27.8,0.0,86.8,278.0,5.2
2025-03-28 11:00:00,28.4,0.0,84.6,275.0,6.2
2025-03-28 12:00:00,29.9,0.0,77.3,297.0,5.7
2025-03-28 13:00:00,31.0,0.0,71.9,268.0,8.60001
2025-03-28 14:00:00,30.4,0.0,71.5,273.0,11.4
2025-03-28 15:00:00,24.5,0.2,99.5,230.0,4.6
2025-03-28 16:00:00,28.7,0.0,86.9,308.0,1.8
2025-03-28 17:00:00,28.6,0.0,92.8,324.0,3.5
2025-03-28 18:00:00,29.2,0.0,77.2,311.0,5.7
2025-03-28 19:00:00,29.1,0.0,77.2,315.0,4.8
2025-03-28 20:00:00,27.1,0.0,99.4,10.0,4.4
2025-03-28 21:00:00,27.7,0.0,95.8,8.0,1.4
2025-03-28 22:00:00,28.0,0.0,91.5,319.0,4.0
2025-03-28 23:00:00,27.7,0.0,93.0,346.0,1.8
2025-03-29 00:00:00,27.2,0.0,99.3,51.0,5.1
2025-03-29 01:00:00,26.4,0.0,99.4,25.0,2.8
2025-03-29 02:00:00,26.4,0.0,99.4,130.0,1.1
2025-03-29 03:00:00,26.3,0.0,99.4,339.0,2.7
2025-03-29 04:00:00,26.1,0.0,99.4,24.0,2.2
2025-03-29 05:00:00,26.2,0.0,99.4,12.0,3.0
2025-03-29 06:00:00,26.3,0.0,99.4,76.0,1.6
2025-03-29 07:00:00,26.5,0.0,99.4,116.0,2.0
2025-03-29 08:00:00,26.5,0.0,99.3,30.0,2.3
2025-03-29 09:00:00,28.1,0.0,91.6,359.0,2.3
2025-03-29 10:00:00,28.3,0.0,88.4,355.0,4.3
2025-03-29 11:00:00,31.5,0.0,71.4,9.0,1.7
2025-03-29 12:00:00,32.0,0.0,63.1,335.0,2.5
2025-03-29 13:00:00,32.3,0.0,59.7,312.0,2.5
2025-03-29 14:00:00,31.7,0.0,63.3,11.0,4.4
2025-03-29 15:00:00,30.9,0.0,72.6,164.0,7.0
2025-03-29 16:00:00,31.2,0.0,69.7,171.0,4.9
2025-03-29 17:00:00,27.4,0.0,90.8,12.0,11.4
2025-03-29 18:00:00,26.5,0.0,99.4,118.0,3.0
2025-03-29 19:00:00,26.3,0.0,99.4,9.0,4.8
2025-03-29 20:00:00,26.3,0.0,97.9,20.0,5.8
2025-03-29 21:00:00,26.6,0.0,95.4,45.0,2.7
2025-03-29 22:00:00,26.4,0.0,95.5,71.0,2.3
2025-03-29 23:00:00,26.5,0.0,96.3,49.0,4.1
2025-03-30 00:00:00,26.7,0.0,98.6,61.0,4.1
2025-03-30 01:00:00,26.7,0.0,99.3,62.0,5.1
2025-03-30 02:00:00,26.3,0.0,99.4,23.0,2.7
2025-03-30 03:00:00,26.5,0.0,99.4,58.0,5.3
2025-03-30 04:00:00,26.3,0.0,99.4,44.0,4.6
2025-03-30 05:00:00,26.2,0.0,99.4,53.0,4.8
2025-03-30 06:00:00,26.2,0.0,99.4,65.0,3.7
2025-03-30 07:00:00,25.8,0.0,99.4,25.0,2.0
2025-03-30 08:00:00,26.3,0.0,99.4,348.0,1.3
2025-03-30 09:00:00,28.2,0.0,93.4,20.0,3.8
2025-03-30 10:00:00,29.0,0.0,88.3,47.0,5.9
2025-03-30 11:00:00,29.6,0.0,79.6,58.0,7.6
2025-03-30 12:00:00,30.8,0.0,67.9,83.0,4.5
2025-03-30 13:00:00,32.4,0.0,62.5,94.0,1.9
2025-03-30 14:00:00,33.5,0.0,56.0,16.0,4.9
2025-03-30 15:00:00,24.4,2.4,99.5,291.0,13.7
2025-03-30 16:00:00,25.0,0.0,99.5,59.0,3.5
2025-03-30 17:00:00,24.9,0.0,99.4,22.0,7.1
2025-03-30 18:00:00,24.7,0.0,99.4,46.0,3.2
2025-03-30 19:00:00,24.9,0.0,99.4,37.0,3.9
2025-03-30 20:00:00,24.6,0.0,99.4,12.0,5.4
2025-03-30 21:00:00,25.1,0.0,99.4,42.0,3.7
2025-03-30 22:00:00,24.6,0.0,99.4,14.0,4.5
2025-03-30 23:00:00,24.7,0.0,99.4,20.0,2.9
2025-03-31 00:00:00,25.3,0.0,99.4,15.0,3.7
2025-03-31 01:00:00,25.4,0.0,99.4,5.0,2.2
2025-03-31 02:00:00,25.3,0.0,99.4,355.0,2.0
2025-03-31 03:00:00,25.4,0.0,99.4,11.0,2.7
2025-03-31 04:00:00,25.4,0.0,99.4,13.0,4.8
2025-03-31 05:00:00,25.5,0.0,99.4,334.0,3.5
2025-03-31 06:00:00,25.6,0.0,99.4,358.0,3.8
2025-03-31 07:00:00,25.6,0.0,99.4,11.0,3.7
2025-03-31 08:00:00,26.1,0.0,99.4,233.0,7.1
2025-03-31 09:00:00,26.8,0.0,98.3,211.0,1.4
2025-03-31 10:00:00,28.2,0.0,86.2,42.0,7.5
2025-03-31 11:00:00,29.0,0.0,84.5,8.0,5.3
2025-03-31 12:00:00,31.1,0.0,76.8,315.0,2.0
2025-03-31 13:00:00,33.0,0.0,59.7,300.0,2.1
2025-03-31 14:00:00,26.4,0.2,99.4,28.0,2.2
2025-03-31 15:00:00,27.2,0.0,99.4,122.0,1.4
2025-03-31 16:00:00,26.1,0.0,94.5,10.0,5.2
2025-03-31 17:00:00,26.1,0.0,94.7,37.0,3.8
2025-03-31 18:00:00,25.9,0.0,99.4,56.0,2.9
2025-03-31 19:00:00,25.6,0.0,99.4,31.0,2.7
2025-03-31 20:00:00,25.5,0.0,99.4,349.0,1.9
2025-03-31 21:00:00,25.4,0.0,99.4,27.0,3.3
2025-03-31 22:00:00,25.2,0.0,99.4,19.0,3.2
2025-03-31 23:00:00,25.4,0.0,99.4,16.0,4.4
2025-04-01 00:00:00,25.4,0.0,99.4,6.0,4.7
2025-04-01 01:00:00,25.6,0.0,99.4,14.0,3.8
2025-04-01 02:00:00,25.6,0.0,99.4,48.0,3.0
2025-04-01 03:00:00,25.5,0.2,99.4,4.0,4.7
2025-04-01 04:00:00,25.4,0.0,99.4,345.0,3.2
2025-04-01 05:00:00,25.4,0.0,99.4,357.0,3.4
2025-04-01 06:00:00,25.4,0.0,99.4,358.0,3.5
2025-04-01 07:00:00,25.5,0.0,99.4,346.0,2.3
2025-04-01 08:00:00,25.4,0.0,99.4,337.0,3.2
2025-04-01 09:00:00,26.1,0.0,99.4,304.0,2.8
2025-04-01 10:00:00,27.8,0.0,88.6,273.0,2.9
2025-04-01 11:00:00,28.9,0.0,78.0,344.0,3.8
2025-04-01 12:00:00,30.5,0.0,67.8,336.0,5.8
2025-04-01 13:00:00,32.1,0.0,62.1,345.0,3.5
2025-04-01 14:00:00,31.9,0.0,62.1,306.0,6.2
2025-04-01 15:00:00,32.4,0.0,59.2,324.0,2.9
2025-04-01 16:00:00,31.3,0.0,65.6,253.0,6.5
2025-04-01 17:00:00,30.1,0.0,72.9,243.0,3.4
2025-04-01 18:00:00,30.7,0.0,69.6,235.0,1.2
2025-04-01 19:00:00,30.2,0.0,70.1,172.0,2.0
2025-04-01 20:00:00,28.9,0.0,80.1,100.0,6.4
2025-04-01 21:00:00,28.6,0.0,84.3,79.0,6.2
2025-04-01 22:00:00,28.4,0.0,87.5,67.0,5.2
2025-04-01 23:00:00,28.1,0.0,90.7,56.0,5.7
2025-04-02 00:00:00,27.9,0.0,94.3,53.0,3.3
2025-04-02 01:00:00,27.7,0.0,97.1,42.0,5.0
2025-04-02 02:00:00,27.5,0.0,97.9,57.0,6.2
2025-04-02 03:00:00,27.1,0.0,99.3,50.0,3.6
2025-04-02 04:00:00,26.8,0.0,99.4,60.0,5.7
2025-04-02 05:00:00,26.5,0.0,99.4,14.0,6.5
2025-04-02 06:00:00,26.3,0.0,99.4,19.0,3.3
2025-04-02 07:00:00,24.5,0.0,95.4,287.0,14.7
2025-04-02 08:00:00,23.4,0.0,99.4,312.0,7.5
2025-04-02 09:00:00,23.6,0.2,99.4,320.0,4.1
2025-04-02 10:00:00,24.6,0.0,99.3,308.0,3.4
2025-04-02 11:00:00,26.6,0.0,88.6,251.0,0.9
2025-04-02 12:00:00,30.2,0.0,68.7,278.0,1.3
2025-04-02 13:00:00,31.3,0.0,65.8,208.0,1.8
2025-04-02 14:00:00,31.4,0.0,62.9,330.0,3.4
2025-04-02 15:00:00,32.5,0.0,60.6,332.0,4.1
2025-04-02 16:00:00,31.6,0.0,65.5,291.0,3.9
2025-04-02 17:00:00,31.9,0.0,64.7,265.0,5.1
2025-04-02 18:00:00,28.1,0.0,82.7,118.0,10.5
2025-04-02 19:00:00,27.0,0.0,98.6,82.0,6.6
2025-04-02 20:00:00,27.3,0.0,95.5,91.0,5.8
2025-04-02 21:00:00,26.7,0.0,99.4,18.0,5.7
2025-04-02 22:00:00,25.1,0.6,99.5,50.0,8.3
2025-04-02 23:00:00,26.1,0.0,99.4,75.0,5.4
2025-04-03 00:00:00,26.5,0.0,99.3,77.0,5.2
2025-04-03 01:00:00,26.5,0.0,99.4,16.0,3.0
2025-04-03 02:00:00,25.5,0.0,99.4,344.0,10.6
2025-04-03 03:00:00,24.6,0.0,99.4,22.0,7.7
2025-04-03 04:00:00,24.7,0.0,93.6,71.0,3.5
2025-04-03 05:00:00,25.2,0.0,90.9,68.0,5.2
2025-04-03 06:00:00,24.7,0.0,99.4,66.0,3.6
2025-04-03 07:00:00,24.3,0.0,99.4,26.0,3.0
2025-04-03 08:00:00,25.0,0.0,99.3,29.0,2.3
2025-04-03 09:00:00,26.6,0.0,87.1,74.0,4.0
2025-04-03 10:00:00,28.1,0.0,79.0,71.0,3.8
2025-04-03 11:00:00,28.5,0.0,82.6,7.0,5.5
2025-04-03 12:00:00,29.6,0.0,72.9,16.0,5.2
2025-04-03 13:00:00,32.7,0.0,55.7,22.0,3.6
2025-04-03 14:00:00,32.5,0.0,54.3,354.0,4.7
2025-04-03 15:00:00,32.2,0.0,54.7,22.0,4.3
2025-04-03 16:00:00,32.0,0.0,56.6,59.0,4.5
2025-04-03 17:00:00,30.4,0.0,67.3,42.0,10.4
2025-04-03 18:00:00,29.8,0.0,62.3,66.0,8.2
2025-04-03 19:00:00,28.6,0.0,75.0,43.0,11.8
2025-04-03 20:00:00,28.1,0.0,82.1,63.0,6.3
2025-04-03 21:00:00,27.9,0.0,86.7,68.0,5.5
2025-04-03 22:00:00,27.7,0.0,89.9,42.0,5.7
2025-04-03 23:00:00,27.4,0.0,92.2,7.0,6.7
2025-04-04 00:00:00,27.4,0.0,92.2,11.0,5.5
2025-04-04 01:00:00,27.2,0.0,94.6,44.0,3.4
2025-04-04 02:00:00,27.0,0.0,95.7,35.0,2.8
2025-04-04 03:00:00,26.5,0.0,99.3,2.0,3.1
2025-04-04 04:00:00,26.5,0.0,98.5,356.0,4.3
2025-04-04 05:00:00,26.3,0.0,99.4,7.0,2.1
2025-04-04 06:00:00,26.4,0.0,99.4,5.0,2.8
2025-04-04 07:00:00,26.3,0.0,99.4,357.0,2.1
2025-04-04 08:00:00,27.0,0.0,99.1,337.0,0.9
2025-04-04 09:00:00,27.2,0.0,95.8,354.0,4.7
2025-04-04 10:00:00,28.5,0.0,87.5,38.0,5.8
2025-04-04 11:00:00,29.6,0.0,80.2,56.0,3.9
2025-04-04 12:00:00,30.0,0.0,73.9,358.0,5.1
2025-04-04 13:00:00,28.0,0.0,82.4,174.0,6.1
2025-04-04 14:00:00,24.5,0.4,99.6,128.0,1.7
2025-04-04 15:00:00,24.5,0.0,99.6,64.0,3.9
2025-04-04 16:00:00,25.2,0.0,99.4,70.0,3.3
2025-04-04 17:00:00,26.0,0.2,99.4,29.0,3.2
2025-04-04 18:00:00,26.0,0.0,99.4,85.0,5.8
2025-04-04 19:00:00,26.3,0.0,99.4,21.0,4.5
2025-04-04 20:00:00,26.5,0.0,99.4,59.0,3.0
2025-04-04 21:00:00,26.6,0.0,99.4,72.0,2.9
2025-04-04 22:00:00,26.6,0.0,98.7,52.0,4.3
2025-04-04 23:00:00,26.4,0.0,99.3,23.0,3.2
2025-04-05 00:00:00,26.1,0.0,99.4,13.0,3.2
2025-04-05 01:00:00,26.0,0.0,99.4,,1.7
2025-04-05 02:00:00,25.8,0.0,99.4,9.0,4.6
2025-04-05 03:00:00,25.5,0.0,99.4,345.0,4.2
2025-04-05 04:00:00,25.6,0.0,99.4,302.0,2.7
2025-04-05 05:00:00,25.5,0.0,99.4,311.0,3.4
2025-04-05 06:00:00,25.1,0.0,99.4,4.0,6.2
2025-04-05 07:00:00,24.8,0.0,99.4,4.0,7.4
2025-04-05 08:00:00,25.0,0.0,99.4,322.0,1.1
2025-04-05 09:00:00,25.5,0.0,99.3,230.0,2.2
2025-04-05 10:00:00,27.3,0.0,89.3,115.0,3.8
2025-04-05 11:00:00,29.2,0.0,74.3,66.0,5.8
2025-04-05 12:00:00,30.1,0.0,71.6,38.0,6.0
2025-04-05 13:00:00,30.7,0.0,66.9,10.0,4.6
2025-04-05 14:00:00,30.1,0.0,69.4,65.0,4.9
2025-04-05 15:00:00,30.8,0.0,64.7,15.0,7.7
2025-04-05 16:00:00,30.8,0.0,67.5,354.0,3.5
2025-04-05 17:00:00,32.1,0.0,57.7,4.0,3.1
2025-04-05 18:00:00,29.5,0.0,77.2,95.0,3.9
2025-04-05 19:00:00,27.6,0.0,88.6,227.0,2.1
2025-04-05 20:00:00,26.6,0.0,97.0,256.0,4.8
2025-04-05 21:00:00,26.7,0.0,99.0,145.0,2.9
2025-04-05 22:00:00,26.9,0.0,99.1,73.0,3.2
2025-04-05 23:00:00,27.0,0.0,99.3,79.0,2.6
2025-04-06 00:00:00,27.1,0.0,98.0,69.0,2.9
2025-04-06 01:00:00,26.9,0.0,98.7,9.0,4.0
2025-04-06 02:00:00,26.7,0.0,99.3,46.0,3.1
2025-04-06 03:00:00,26.6,0.0,99.4,64.0,2.2
2025-04-06 04:00:00,26.6,0.0,99.3,6.0,1.9
2025-04-06 05:00:00,26.5,0.0,99.3,11.0,2.1
2025-04-06 06:00:00,26.3,0.0,99.3,29.0,2.2
2025-04-06 07:00:00,26.2,0.0,99.3,39.0,2.5
2025-04-06 08:00:00,26.5,0.0,99.3,347.0,2.5
2025-04-06 09:00:00,27.2,0.0,94.2,351.0,3.8
2025-04-06 10:00:00,28.7,0.0,82.6,16.0,8.0
2025-04-06 11:00:00,29.8,0.0,73.7,11.0,9.39999
2025-04-06 12:00:00,30.2,0.0,69.2,33.0,8.5
2025-04-06 13:00:00,31.5,0.0,63.7,42.0,8.8
2025-04-06 14:00:00,31.4,0.0,63.9,63.0,7.3
2025-04-06 15:00:00,32.0,0.0,60.6,63.0,8.39999
2025-04-06 16:00:00,31.7,0.0,63.3,74.0,8.5
2025-04-06 17:00:00,31.2,0.0,62.1,65.0,9.2
2025-04-06 18:00:00,31.3,0.0,63.7,53.0,6.3
2025-04-06 19:00:00,29.6,0.0,71.8,49.0,7.8
2025-04-06 20:00:00,28.7,0.0,79.6,59.0,6.5
2025-04-06 21:00:00,28.3,0.0,80.2,56.0,7.6
2025-04-06 22:00:00,28.1,0.0,83.8,46.0,5.8
2025-04-06 23:00:00,25.8,0.0,98.1,10.0,7.8
2025-04-07 00:00:00,26.2,0.0,95.9,18.0,5.2
2025-04-07 01:00:00,25.6,0.0,99.3,53.0,6.9
2025-04-07 02:00:00,25.5,0.0,99.3,55.0,3.2
2025-04-07 03:00:00,25.4,0.0,99.3,16.0,2.4
2025-04-07 04:00:00,25.3,0.0,99.3,351.0,1.3
2025-04-07 05:00:00,25.5,0.0,99.3,3.0,2.1
2025-04-07 06:00:00,25.7,0.0,99.3,7.0,1.4
2025-04-07 07:00:00,25.5,0.0,99.3,345.0,3.1
2025-04-07 08:00:00,25.5,0.0,99.3,354.0,2.5
2025-04-07 09:00:00,25.4,0.0,99.4,348.0,1.9
2025-04-07 10:00:00,26.2,0.0,98.8,281.0,4.1
2025-04-07 11:00:00,26.7,0.0,96.8,297.0,1.8
2025-04-07 12:00:00,25.3,0.2,99.4,94.0,5.9
2025-04-07 13:00:00,25.2,0.4,99.4,57.0,3.2
2025-04-07 14:00:00,25.1,0.0,99.4,6.0,4.1
2025-04-07 15:00:00,26.6,0.0,98.3,357.0,4.0
2025-04-07 16:00:00,27.7,0.0,90.1,36.0,5.5
2025-04-07 17:00:00,28.5,0.0,84.8,39.0,6.2
2025-04-07 18:00:00,29.2,0.0,80.7,39.0,5.6
2025-04-07 19:00:00,27.9,0.0,84.2,43.0,8.60001
2025-04-07 20:00:00,27.4,0.0,88.5,67.0,5.2
2025-04-07 21:00:00,27.1,0.0,91.9,63.0,4.4
2025-04-07 22:00:00,26.7,0.0,95.7,51.0,7.0
2025-04-07 23:00:00,26.5,0.0,99.3,11.0,5.4
2025-04-08 00:00:00,26.2,0.0,99.3,3.0,3.6
2025-04-08 01:00:00,26.0,0.0,99.4,9.0,3.8
2025-04-08 02:00:00,25.8,0.0,99.4,357.0,2.7
2025-04-08 03:00:00,25.7,0.0,99.4,335.0,1.8
2025-04-08 04:00:00,25.6,0.0,99.4,341.0,2.1
2025-04-08 05:00:00,25.5,0.0,99.4,278.0,3.6
2025-04-08 06:00:00,25.6,0.0,99.4,285.0,3.6
2025-04-08 07:00:00,25.3,0.0,99.4,337.0,1.1
2025-04-08 08:00:00,25.8,0.0,99.4,146.0,1.1
2025-04-08 09:00:00,26.1,0.2,99.4,37.0,1.7
2025-04-08 10:00:00,26.4,0.0,99.4,67.0,1.9
2025-04-08 11:00:00,27.3,0.0,99.3,57.0,4.0
2025-04-08 12:00:00,27.5,0.0,97.3,75.0,5.8
2025-04-08 13:00:00,28.0,0.0,91.4,59.0,7.1
2025-04-08 14:00:00,28.5,0.0,84.1,41.0,6.2
2025-04-08 15:00:00,28.5,0.0,82.1,51.0,7.3
2025-04-08 16:00:00,29.3,0.0,78.7,24.0,4.7
2025-04-08 17:00:00,28.6,0.0,81.9,55.0,4.7
2025-04-08 18:00:00,28.2,0.0,86.1,55.0,6.7
2025-04-08 19:00:00,27.8,0.0,90.2,52.0,6.7
2025-04-08 20:00:00,27.3,0.0,95.1,57.0,5.8
2025-04-08 21:00:00,27.0,0.0,94.7,63.0,5.2
2025-04-08 22:00:00,27.0,0.0,93.9,70.0,4.1
2025-04-08 23:00:00,26.9,0.0,94.6,35.0,1.6
2025-04-09 00:00:00,26.6,0.0,98.8,27.0,2.0
2025-04-09 01:00:00,26.6,0.0,99.3,42.0,2.8
2025-04-09 02:00:00,26.4,0.0,99.3,34.0,2.6
2025-04-09 03:00:00,26.3,0.0,99.4,32.0,2.4
2025-04-09 04:00:00,26.2,0.0,99.4,27.0,2.3
2025-04-09 05:00:00,26.0,0.0,99.4,49.0,2.2
2025-04-09 06:00:00,26.1,0.0,99.4,63.0,3.9
2025-04-09 07:00:00,25.9,0.0,99.4,39.0,4.1
2025-04-09 08:00:00,26.2,0.0,99.4,2.0,3.0
2025-04-09 09:00:00,27.9,0.0,92.2,12.0,4.0
2025-04-09 10:00:00,29.6,0.0,78.2,15.0,3.3
2025-04-09 11:00:00,30.6,0.0,64.7,21.0,5.1
2025-04-09 12:00:00,32.4,0.0,59.2,358.0,3.1
2025-04-09 13:00:00,31.0,0.0,65.8,62.0,5.3
2025-04-09 14:00:00,29.3,0.0,73.8,47.0,7.6
2025-04-09 15:00:00,25.2,0.2,99.5,107.0,9.8
2025-04-09 16:00:00,27.0,0.0,99.4,90.0,4.7
2025-04-09 17:00:00,28.2,0.0,85.9,97.0,5.0
2025-04-09 18:00:00,27.9,0.0,91.3,8.0,4.2
2025-04-09 19:00:00,27.6,0.0,95.5,27.0,3.4
2025-04-09 20:00:00,26.3,0.0,96.5,74.0,8.10001
2025-04-09 21:00:00,25.8,0.0,99.4,80.0,0.8
2025-04-09 22:00:00,26.2,0.0,99.3,5.0,1.3
2025-04-09 23:00:00,26.4,0.0,99.3,279.0,0.6
2025-04-10 00:00:00,26.6,0.0,99.3,325.0,2.0
2025-04-10 01:00:00,26.5,0.0,99.4,294.0,3.7
2025-04-10 02:00:00,26.4,0.0,99.4,255.0,3.4
2025-04-10 03:00:00,25.9,0.0,99.4,261.0,4.2
2025-04-10 04:00:00,25.7,0.0,99.4,271.0,3.2
2025-04-10 05:00:00,25.5,0.0,99.4,238.0,2.0
2025-04-10 06:00:00,25.6,0.0,99.4,253.0,3.2
2025-04-10 07:00:00,26.0,0.0,99.3,263.0,2.9
2025-04-10 08:00:00,26.7,0.0,96.4,268.0,3.0
2025-04-10 09:00:00,27.9,0.0,88.5,251.0,2.1
2025-04-10 10:00:00,30.2,0.0,79.1,233.0,2.0
2025-04-10 11:00:00,29.5,0.0,80.1,265.0,4.4
2025-04-10 12:00:00,32.3,0.0,65.4,217.0,1.9
2025-04-10 13:00:00,31.0,0.0,67.1,226.0,3.0
2025-04-10 14:00:00,32.1,0.0,61.8,199.0,3.1
2025-04-10 15:00:00,33.1,0.0,54.8,213.0,3.3
2025-04-10 16:00:00,33.3,0.0,52.8,219.0,4.6
2025-04-10 17:00:00,30.1,0.0,73.8,1.0,3.3
2025-04-10 18:00:00,28.3,0.0,76.8,10.0,7.1
2025-04-10 19:00:00,26.9,0.0,91.6,15.0,6.8
2025-04-10 20:00:00,26.0,0.0,99.3,67.0,3.7
2025-04-10 21:00:00,26.1,0.0,99.3,11.0,1.5
2025-04-10 22:00:00,26.2,0.0,99.3,12.0,2.9
2025-04-10 23:00:00,26.3,0.0,98.8,26.0,4.1
2025-04-11 00:00:00,26.6,0.0,92.9,53.0,3.0
2025-04-11 01:00:00,27.2,0.0,89.0,68.0,3.1
2025-04-11 02:00:00,27.3,0.0,90.2,79.0,2.8
2025-04-11 03:00:00,27.0,0.0,96.3,78.0,3.6
2025-04-11 04:00:00,26.5,0.0,99.3,23.0,0.7
2025-04-11 05:00:00,26.2,0.0,99.4,337.0,2.7
2025-04-11 06:00:00,26.6,0.0,98.8,282.0,2.1
2025-04-11 07:00:00,26.1,0.0,97.4,272.0,7.3
2025-04-11 08:00:00,25.7,0.0,99.3,267.0,6.4
2025-04-11 09:00:00,25.9,0.0,99.4,240.0,6.6
2025-04-11 10:00:00,26.3,0.0,93.6,248.0,6.1
2025-04-11 11:00:00,27.2,0.0,87.3,239.0,5.9
2025-04-11 12:00:00,28.2,0.0,82.9,244.0,7.8
2025-04-11 13:00:00,28.9,0.0,78.8,293.0,11.5
2025-04-11 14:00:00,29.6,0.0,76.5,279.0,10.1
2025-04-11 15:00:00,29.7,0.0,74.1,265.0,8.89999
2025-04-11 16:00:00,29.9,0.0,71.6,252.0,9.0
2025-04-11 17:00:00,29.8,0.0,70.4,272.0,6.9
2025-04-11 18:00:00,29.4,0.0,69.8,256.0,8.7
2025-04-11 19:00:00,28.5,0.0,76.4,271.0,7.6
2025-04-11 20:00:00,27.9,0.0,86.7,261.0,5.1
2025-04-15 12:00:00,31.0,0.0,68.3,348.0,4.9
2025-04-15 13:00:00,32.1,0.0,61.1,7.0,6.7
2025-04-15 14:00:00,31.1,0.0,68.2,100.0,5.0
2025-04-15 15:00:00,32.8,0.0,57.7,51.0,4.9
2025-04-15 16:00:00,28.5,0.0,83.9,287.0,6.3
2025-04-15 17:00:00,26.2,0.0,99.4,117.0,7.7
2025-04-15 18:00:00,25.8,0.0,99.4,1.0,3.9
2025-04-15 19:00:00,25.3,0.6,99.4,81.0,7.7
2025-04-15 20:00:00,25.0,0.4,99.4,143.0,6.5
2025-04-15 21:00:00,25.5,0.0,99.4,341.0,1.8
2025-04-15 22:00:00,25.6,0.0,99.4,263.0,2.6
2025-04-15 23:00:00,25.9,0.0,99.4,290.0,1.9
2025-04-16 00:00:00,26.1,0.0,99.4,359.0,2.3
2025-04-16 01:00:00,25.9,0.0,99.4,2.0,1.8
2025-04-16 02:00:00,26.1,0.0,99.5,312.0,1.6
2025-04-16 03:00:00,26.4,0.0,99.4,220.0,3.3
2025-04-16 04:00:00,26.2,0.0,99.4,217.0,1.9
2025-04-16 05:00:00,26.3,0.0,99.4,59.0,2.6
2025-04-16 06:00:00,26.0,0.0,99.5,17.0,2.4
2025-04-16 07:00:00,25.6,0.0,99.5,357.0,3.7
2025-04-16 08:00:00,25.7,0.0,99.5,3.0,4.6
2025-04-16 09:00:00,27.4,0.0,99.4,358.0,1.0
2025-04-16 10:00:00,30.1,0.2,80.9,67.0,1.3
2025-04-16 11:00:00,30.0,0.0,70.3,255.0,3.0
2025-04-16 12:00:00,31.7,0.0,63.9,280.0,2.6
2025-04-16 13:00:00,31.8,0.0,63.9,316.0,4.2
2025-04-16 14:00:00,32.9,0.0,57.3,245.0,4.6
2025-04-16 15:00:00,34.0,0.0,56.3,310.0,4.7
2025-04-16 16:00:00,33.1,0.0,57.3,237.0,8.9
2025-04-16 17:00:00,31.8,0.0,57.3,275.0,4.7
2025-04-16 18:00:00,28.2,0.0,87.6,63.0,6.6
2025-04-16 19:00:00,28.4,0.0,85.6,86.0,3.4
2025-04-16 20:00:00,26.4,0.0,99.4,29.0,3.0
2025-04-16 21:00:00,26.3,0.0,99.4,14.0,6.3
2025-04-16 22:00:00,26.3,0.0,99.4,13.0,4.3
2025-04-16 23:00:00,26.5,0.0,98.2,54.0,3.2
2025-04-17 00:00:00,25.7,0.0,99.4,13.0,3.4
2025-04-17 01:00:00,26.0,0.0,99.3,2.0,3.5
2025-04-17 02:00:00,26.2,0.0,91.0,342.0,2.2
2025-04-17 03:00:00,25.3,0.0,99.3,294.0,6.9
2025-04-17 04:00:00,24.0,0.0,99.4,269.0,11.6
2025-04-17 05:00:00,23.9,0.2,99.4,309.0,4.7
2025-04-17 06:00:00,23.5,0.0,99.4,20.0,4.6
2025-04-17 07:00:00,23.4,0.0,99.4,12.0,3.8
2025-04-17 08:00:00,24.2,0.0,99.3,78.0,3.8
2025-04-17 09:00:00,25.2,0.0,93.0,89.0,2.4
2025-04-17 10:00:00,26.1,0.0,81.7,23.0,3.1
2025-04-17 11:00:00,27.6,0.0,76.4,309.0,2.1
2025-04-17 12:00:00,28.8,0.0,67.2,286.0,3.9
2025-04-17 13:00:00,30.9,0.0,63.1,248.0,3.8
2025-04-17 14:00:00,30.4,0.0,66.1,266.0,5.2
2025-04-17 15:00:00,31.3,0.0,62.2,262.0,6.8
2025-04-17 16:00:00,31.9,0.0,61.8,279.0,6.3
2025-04-17 17:00:00,32.3,0.0,61.9,289.0,5.8
2025-04-17 18:00:00,31.5,0.0,63.8,274.0,6.3
2025-04-17 19:00:00,30.9,0.0,66.2,262.0,3.5
2025-04-17 20:00:00,30.2,0.0,66.3,285.0,3.4
2025-04-17 21:00:00,28.2,0.0,83.1,69.0,5.0
2025-04-17 22:00:00,27.6,0.0,86.6,55.0,4.9
2025-04-17 23:00:00,27.6,0.0,88.2,70.0,4.5
2025-04-18 00:00:00,27.4,0.0,90.9,68.0,4.1
2025-04-18 01:00:00,27.2,0.0,92.6,55.0,2.5
2025-04-18 02:00:00,26.6,0.0,99.3,4.0,3.0
2025-04-18 03:00:00,26.4,0.0,99.4,7.0,3.4
2025-04-18 04:00:00,26.3,0.0,99.4,37.0,2.3
2025-04-18 05:00:00,26.2,0.0,99.4,20.0,3.9
2025-04-18 06:00:00,26.1,0.0,99.4,19.0,2.3
2025-04-18 07:00:00,26.2,0.0,99.4,35.0,2.0
2025-04-18 08:00:00,27.5,0.0,96.2,14.0,1.0
2025-04-18 09:00:00,28.0,0.0,93.0,9.0,3.6
2025-04-18 10:00:00,30.9,0.0,76.5,44.0,2.1
2025-04-18 11:00:00,32.5,0.0,64.9,3.0,2.5
2025-04-18 12:00:00,32.9,0.0,59.5,332.0,3.2
2025-04-18 13:00:00,32.2,0.0,62.9,272.0,3.4
2025-04-18 14:00:00,32.8,0.0,60.1,333.0,1.3
2025-04-18 15:00:00,35.0,0.0,54.3,226.0,1.4
2025-04-18 16:00:00,34.0,0.0,55.6,345.0,3.3
2025-04-18 17:00:00,31.6,0.0,68.6,135.0,7.3
2025-04-23 14:00:00,28.6,0.0,91.0,,
2025-04-23 15:00:00,29.5,0.0,81.5,,
2025-04-23 16:00:00,30.5,0.0,76.2,,
2025-04-23 17:00:00,30.5,0.0,73.1,,
2025-04-23 18:00:00,29.4,0.0,77.4,,
2025-04-23 19:00:00,28.5,0.0,86.4,,
2025-04-23 20:00:00,27.9,0.0,92.5,,
2025-04-23 21:00:00,27.8,0.0,92.2,,
2025-04-23 22:00:00,27.8,0.0,92.6,,
2025-04-23 23:00:00,27.8,0.0,91.4,,
2025-04-24 00:00:00,26.6,0.0,99.4,,
2025-04-24 01:00:00,26.4,0.0,99.4,,
2025-04-24 02:00:00,26.3,0.0,99.4,,
2025-04-24 03:00:00,26.4,0.0,99.4,,
2025-04-24 04:00:00,26.3,0.0,99.4,,
2025-04-24 05:00:00,26.2,0.0,99.4,,
2025-04-24 06:00:00,26.4,0.0,99.4,,
2025-04-24 07:00:00,26.1,0.0,99.4,,
2025-04-24 08:00:00,26.4,0.0,99.4,,
2025-04-24 09:00:00,26.7,0.0,99.4,,
2025-04-24 10:00:00,28.3,0.0,94.4,,
2025-04-24 11:00:00,29.6,0.0,83.9,,
2025-04-24 12:00:00,31.1,0.0,68.3,,
2025-04-24 13:00:00,30.7,0.0,67.4,,
2025-04-24 14:00:00,30.3,0.0,71.6,,
2025-04-24 16:00:00,31.1,0.0,67.4,,
2025-04-24 17:00:00,29.9,0.0,74.8,,
2025-04-24 18:00:00,29.5,0.0,72.8,,
2025-04-24 19:00:00,28.6,0.0,88.1,,
2025-04-24 20:00:00,27.3,0.0,98.5,,
2025-04-24 21:00:00,27.3,0.0,98.7,,
2025-04-24 22:00:00,26.9,0.0,99.4,,
2025-04-24 23:00:00,27.1,0.0,99.3,,
2025-04-25 00:00:00,27.3,0.0,98.7,,
2025-04-25 01:00:00,27.1,0.0,99.3,,
2025-04-25 02:00:00,26.9,0.0,99.4,,
2025-04-25 03:00:00,26.7,0.0,99.3,,
2025-04-25 04:00:00,26.2,0.0,99.4,,
2025-04-25 05:00:00,26.2,0.0,99.4,,
2025-04-25 06:00:00,26.3,0.0,99.4,,
2025-04-25 07:00:00,26.1,0.0,99.4,,
2025-04-25 08:00:00,27.5,0.0,99.0,,
2025-04-25 09:00:00,29.0,0.0,91.1,,
2025-04-25 10:00:00,29.4,0.0,87.5,,
2025-04-25 11:00:00,31.5,0.0,65.9,,
2025-04-25 14:00:00,31.4,0.0,69.1,,
2025-04-25 15:00:00,34.5,0.0,55.8,285.0,0.7
2025-04-25 16:00:00,33.0,0.0,59.8,348.0,4.8
2025-04-25 17:00:00,29.3,0.0,80.1,206.0,5.0
2025-04-25 18:00:00,26.7,0.0,99.4,,
2025-04-25 19:00:00,26.7,0.0,99.4,,
2025-04-25 20:00:00,27.3,0.0,96.8,,
2025-04-25 21:00:00,27.6,0.0,94.5,24.0,3.5
2025-04-25 22:00:00,27.3,0.0,99.4,336.0,1.8
2025-04-25 23:00:00,27.8,0.0,99.4,53.0,3.6
2025-04-26 00:00:00,27.9,0.0,99.4,,
2025-04-26 01:00:00,27.8,0.0,99.4,9.0,3.4
2025-04-26 02:00:00,26.7,0.0,99.4,,
2025-04-26 03:00:00,27.1,0.0,99.4,,
2025-04-26 04:00:00,26.1,0.0,99.4,2.0,4.3
2025-04-26 05:00:00,25.8,0.0,99.4,,
2025-04-26 06:00:00,26.1,0.0,99.4,26.0,3.2
2025-04-26 07:00:00,26.2,0.0,99.4,6.0,3.4
2025-04-26 08:00:00,27.2,0.0,99.4,329.0,1.5
2025-04-26 09:00:00,27.6,0.0,99.3,346.0,3.1
2025-04-26 10:00:00,29.3,0.0,91.7,124.0,4.2
2025-04-26 11:00:00,30.6,0.0,79.1,140.0,7.5
2025-04-26 12:00:00,30.8,0.0,79.1,147.0,5.8
2025-04-26 13:00:00,31.0,0.0,73.1,149.0,6.5
2025-04-26 14:00:00,27.3,1.4,99.4,231.0,4.9
2025-04-26 15:00:00,24.2,0.2,99.6,208.0,5.6
2025-04-26 16:00:00,25.0,0.0,99.6,25.0,7.4
2025-04-26 17:00:00,24.8,0.0,99.5,346.0,4.0
2025-04-26 18:00:00,25.2,0.0,99.5,291.0,1.3
2025-04-26 19:00:00,25.0,0.0,99.4,,
2025-04-26 20:00:00,25.2,0.0,99.5,,
2025-04-26 21:00:00,25.4,0.0,99.5,,
2025-04-26 22:00:00,26.0,0.0,99.4,,
2025-04-26 23:00:00,25.3,0.0,99.5,,
