timestamp,temperature,rainfall,humidity,wind_direction,wind_speed
2024-01-01 00:00:00,26.7,0.0,88.9,341.0,2.7
2024-01-01 01:00:00,26.6,0.0,89.8,357.0,3.5
2024-01-01 02:00:00,26.5,0.0,90.7,348.0,2.4
2024-01-01 03:00:00,26.3,0.0,92.1,342.0,1.8
2024-01-01 04:00:00,26.3,0.0,91.9,320.0,2.3
2024-01-01 05:00:00,26.3,0.0,91.9,349.0,2.1
2024-01-01 06:00:00,26.3,0.0,92.8,349.0,2.0
2024-01-01 07:00:00,26.4,0.0,88.5,341.0,4.2
2024-01-01 08:00:00,26.6,0.0,86.9,337.0,4.7
2024-01-01 09:00:00,27.3,0.0,84.6,341.0,5.4
2024-01-01 10:00:00,27.6,0.0,84.9,328.0,5.8
2024-01-01 11:00:00,28.0,0.0,84.4,344.0,5.5
2024-01-01 12:00:00,28.4,0.0,80.3,334.0,4.0
2024-01-01 13:00:00,26.3,1.2,89.7,15.0,5.1
2024-01-01 14:00:00,24.9,3.8,95.9,99.0,10.6
2024-01-01 15:00:00,24.8,0.0,97.1,342.0,2.0
2024-01-01 16:00:00,24.8,0.0,96.8,13.0,4.1
2024-01-01 17:00:00,25.0,0.2,96.3,47.0,2.9
2024-01-01 18:00:00,25.3,0.4,94.3,28.0,4.1
2024-01-01 19:00:00,25.3,0.4,94.8,335.0,3.3
2024-01-01 20:00:00,25.6,0.0,92.6,338.0,11.7
2024-01-01 21:00:00,25.5,0.0,90.7,333.0,9.8
2024-01-01 22:00:00,25.8,0.0,91.3,327.0,8.60001
2024-01-01 23:00:00,25.6,0.0,93.3,3.0,5.8
2024-01-02 00:00:00,,0.0,,,
2024-01-02 08:00:00,26.1,0.0,91.0,353.0,2.7
2024-01-02 09:00:00,26.9,0.0,86.8,339.0,5.6
2024-01-02 10:00:00,27.9,0.0,79.7,344.0,6.8
2024-01-02 11:00:00,28.7,0.0,73.5,342.0,6.6
2024-01-02 12:00:00,29.6,0.0,71.2,330.0,5.8
2024-01-02 13:00:00,30.0,0.0,70.4,2.0,8.0
2024-01-02 14:00:00,31.1,0.0,65.8,340.0,6.1
2024-01-02 15:00:00,30.0,0.0,70.5,345.0,6.6
2024-01-02 16:00:00,29.7,0.0,69.8,6.0,8.2
2024-01-02 17:00:00,29.6,0.0,74.2,1.0,11.0
2024-01-02 18:00:00,29.4,0.0,72.7,7.0,10.2
2024-01-02 19:00:00,28.6,0.0,73.2,358.0,8.60001
2024-01-02 20:00:00,28.1,0.0,76.4,358.0,4.0
2024-01-02 21:00:00,27.7,0.0,77.4,354.0,5.3
2024-01-02 22:00:00,27.5,0.0,81.2,348.0,6.1
2024-01-02 23:00:00,27.2,0.0,83.9,353.0,4.8
2024-01-03 00:00:00,27.2,0.0,84.8,357.0,6.6
2024-01-03 01:00:00,26.8,0.0,85.6,352.0,6.5
2024-01-03 02:00:00,26.7,0.0,86.7,334.0,2.6
2024-01-03 03:00:00,26.6,0.0,86.3,345.0,4.2
2024-01-03 04:00:00,26.5,0.0,86.5,343.0,2.5
2024-01-03 05:00:00,26.6,0.0,87.3,334.0,3.3
2024-01-03 06:00:00,26.2,0.0,87.2,355.0,4.6
2024-01-03 07:00:00,26.2,0.0,86.1,348.0,3.1
2024-01-03 08:00:00,26.7,0.0,85.9,337.0,3.0
2024-01-03 09:00:00,27.1,0.0,86.0,350.0,3.4
2024-01-03 10:00:00,27.5,0.0,84.2,328.0,3.9
2024-01-03 11:00:00,28.2,0.0,81.6,342.0,7.7
2024-01-03 12:00:00,28.6,0.0,79.0,339.0,6.0
2024-01-03 13:00:00,29.2,0.0,74.0,341.0,6.8
2024-01-03 14:00:00,29.7,0.0,70.8,341.0,5.2
2024-01-03 15:00:00,30.9,0.0,66.9,337.0,5.0
2024-01-03 16:00:00,27.8,0.0,76.8,343.0,10.4
2024-01-03 17:00:00,26.9,0.0,87.6,343.0,2.1
2024-01-03 18:00:00,27.6,0.0,78.5,332.0,3.0
2024-01-03 19:00:00,27.9,0.0,81.7,338.0,3.8
2024-01-03 20:00:00,27.9,0.0,82.6,334.0,3.8
2024-01-03 21:00:00,27.7,0.0,82.9,335.0,5.5
2024-01-03 22:00:00,27.5,0.0,84.0,338.0,3.1
2024-01-03 23:00:00,27.3,0.0,84.0,336.0,3.7
2024-01-04 00:00:00,27.4,0.0,83.5,332.0,3.8
2024-01-04 01:00:00,26.9,0.2,87.0,336.0,4.5
2024-01-04 02:00:00,26.2,0.0,89.7,352.0,3.5
2024-01-04 03:00:00,25.6,0.0,90.8,325.0,4.5
2024-01-04 04:00:00,25.4,0.4,94.0,338.0,3.5
2024-01-04 05:00:00,25.3,0.4,93.5,341.0,5.8
2024-01-04 06:00:00,24.9,0.6,93.0,343.0,5.5
2024-01-04 07:00:00,24.2,0.4,94.6,337.0,6.0
2024-01-04 08:00:00,24.5,0.4,93.3,321.0,3.1
2024-01-04 09:00:00,24.5,0.2,91.8,314.0,4.9
2024-01-04 10:00:00,24.4,2.0,95.9,335.0,5.2
2024-01-04 11:00:00,24.2,0.6,95.9,277.0,1.6
2024-01-04 12:00:00,24.5,0.0,95.7,259.0,3.2
2024-01-04 13:00:00,26.2,0.0,85.6,310.0,5.2
2024-01-04 14:00:00,26.3,0.0,88.8,312.0,2.7
2024-01-04 15:00:00,25.6,0.0,90.0,348.0,7.9
2024-01-04 16:00:00,26.3,0.0,87.0,13.0,8.0
2024-01-04 17:00:00,26.2,0.0,88.6,349.0,4.8
2024-01-04 18:00:00,24.2,0.0,92.7,4.0,3.7
2024-01-04 19:00:00,25.0,0.0,90.4,328.0,4.5
2024-01-04 20:00:00,25.3,0.0,91.6,327.0,5.2
2024-01-04 21:00:00,25.6,0.0,90.1,335.0,3.7
2024-01-04 22:00:00,25.6,0.0,90.5,334.0,5.5
2024-01-05 08:00:00,26.0,0.0,90.0,348.0,5.2
2024-01-05 09:00:00,26.6,0.0,87.4,339.0,5.6
2024-01-05 10:00:00,27.2,0.0,85.5,318.0,4.7
2024-01-05 11:00:00,28.1,0.0,80.7,345.0,7.4
2024-01-05 12:00:00,28.5,0.0,79.2,355.0,7.1
2024-01-05 13:00:00,26.5,0.0,93.2,356.0,4.6
2024-01-05 14:00:00,27.9,0.0,84.7,342.0,6.0
2024-01-05 15:00:00,28.5,0.0,79.9,3.0,7.9
2024-01-05 16:00:00,29.0,0.0,75.4,10.0,10.3
2024-01-05 17:00:00,28.9,0.0,75.9,3.0,10.3
2024-01-05 18:00:00,29.1,0.0,77.7,1.0,7.6
2024-01-05 19:00:00,27.6,0.0,84.7,353.0,8.0
2024-01-05 20:00:00,27.5,0.0,84.3,1.0,7.8
2024-01-05 21:00:00,27.3,0.0,84.6,4.0,6.0
2024-01-05 22:00:00,27.3,0.0,85.8,357.0,4.3
2024-01-05 23:00:00,27.2,0.0,87.0,12.0,3.9
2024-01-06 00:00:00,27.1,0.0,87.3,349.0,4.8
2024-01-06 01:00:00,26.7,0.0,89.6,319.0,2.2
2024-01-06 02:00:00,26.6,0.6,90.3,1.0,3.6
2024-01-06 03:00:00,26.1,0.0,92.8,329.0,2.8
2024-01-06 04:00:00,26.2,0.0,90.9,350.0,5.4
2024-01-06 05:00:00,26.1,0.0,89.9,359.0,4.2
2024-01-06 06:00:00,26.3,0.0,83.6,349.0,4.3
2024-01-06 07:00:00,26.2,0.0,87.3,345.0,3.5
2024-01-06 08:00:00,26.6,0.0,85.7,346.0,3.9
2024-01-06 09:00:00,27.1,0.0,83.1,343.0,4.4
2024-01-06 10:00:00,28.3,0.0,77.4,354.0,5.8
2024-01-06 11:00:00,28.8,0.0,73.9,359.0,6.5
2024-01-06 12:00:00,28.4,0.0,77.7,349.0,7.6
2024-01-06 13:00:00,29.9,0.0,68.9,352.0,5.8
2024-01-06 14:00:00,29.9,0.0,67.5,4.0,9.3
2024-01-06 15:00:00,30.6,0.0,67.6,347.0,5.7
2024-01-06 16:00:00,30.0,0.0,68.3,3.0,6.1
2024-01-06 17:00:00,29.9,0.0,69.6,6.0,5.6
2024-01-06 18:00:00,29.2,0.0,73.3,7.0,5.7
2024-01-06 19:00:00,28.5,0.0,77.7,344.0,4.6
2024-01-06 20:00:00,28.2,0.0,80.3,342.0,3.4
2024-01-06 21:00:00,27.8,0.0,82.5,353.0,3.2
2024-01-06 22:00:00,27.7,0.0,83.1,334.0,2.6
2024-01-06 23:00:00,27.8,0.0,84.1,327.0,2.8
2024-01-07 00:00:00,27.7,0.0,83.4,332.0,2.2
2024-01-07 01:00:00,27.6,0.0,83.3,311.0,2.0
2024-01-07 02:00:00,27.4,0.0,84.0,335.0,3.4
2024-01-07 03:00:00,26.3,0.4,90.0,321.0,5.8
2024-01-07 04:00:00,25.1,1.2,94.8,353.0,6.1
2024-01-07 05:00:00,25.1,0.0,94.7,302.0,1.3
2024-01-07 06:00:00,25.5,0.0,93.2,300.0,2.4
2024-01-07 07:00:00,25.7,0.0,92.9,250.0,3.0
2024-01-07 08:00:00,25.6,0.0,93.2,282.0,2.3
2024-01-07 09:00:00,25.4,0.2,93.6,110.0,3.9
2024-01-07 10:00:00,24.4,2.8,95.4,262.0,5.1
2024-01-07 11:00:00,23.9,0.8,96.0,261.0,5.8
2024-01-07 12:00:00,24.4,0.2,95.7,323.0,2.1
2024-01-07 13:00:00,25.1,0.2,93.3,330.0,3.4
2024-01-07 14:00:00,25.1,0.2,91.2,9.0,5.8
2024-01-07 15:00:00,25.1,0.0,92.5,134.0,3.5
2024-01-07 16:00:00,24.7,0.0,91.7,329.0,3.9
2024-01-07 17:00:00,24.6,0.2,92.3,286.0,6.0
2024-01-07 18:00:00,24.5,0.0,93.6,290.0,5.7
2024-01-07 19:00:00,24.4,0.0,92.2,277.0,6.6
2024-01-07 20:00:00,24.2,0.0,91.3,354.0,4.4
2024-01-07 21:00:00,24.3,0.0,90.7,347.0,3.8
2024-01-07 22:00:00,24.3,0.0,90.7,348.0,3.6
2024-01-08 08:00:00,25.6,0.0,83.5,326.0,2.9
2024-01-08 09:00:00,26.7,0.0,83.9,343.0,2.7
2024-01-08 10:00:00,27.1,0.0,84.3,1.0,5.6
2024-01-08 11:00:00,27.9,0.0,80.9,1.0,7.6
2024-01-08 12:00:00,29.3,0.0,74.9,34.0,4.5
2024-01-08 13:00:00,28.4,0.0,82.3,96.0,6.8
2024-01-08 14:00:00,28.5,0.0,82.0,88.0,12.3
2024-01-08 15:00:00,28.5,0.0,80.9,78.0,13.5
2024-01-08 16:00:00,28.6,0.0,81.3,83.0,11.1
2024-01-08 17:00:00,29.0,0.0,76.7,15.0,7.0
2024-01-08 18:00:00,29.0,0.0,73.8,4.0,6.2
2024-01-08 19:00:00,28.5,0.0,78.2,4.0,5.5
2024-01-08 20:00:00,28.0,0.0,83.3,336.0,5.2
2024-01-08 21:00:00,27.2,0.0,82.9,355.0,5.7
2024-01-08 22:00:00,26.8,0.0,84.0,348.0,4.5
2024-01-08 23:00:00,26.7,0.0,84.9,348.0,3.1
2024-01-09 00:00:00,26.8,0.0,86.4,339.0,1.7
2024-01-09 01:00:00,26.7,0.0,87.4,329.0,2.0
2024-01-09 02:00:00,26.3,0.0,87.3,323.0,2.9
2024-01-09 03:00:00,26.3,0.0,87.6,356.0,2.6
2024-01-09 04:00:00,26.1,0.0,86.8,345.0,4.9
2024-01-09 05:00:00,25.9,0.0,88.5,337.0,2.8
2024-01-09 06:00:00,25.9,0.0,89.7,346.0,1.8
2024-01-09 07:00:00,25.9,0.0,89.0,330.0,4.1
2024-01-09 08:00:00,26.0,0.0,88.6,350.0,3.7
2024-01-09 09:00:00,25.2,0.0,93.1,318.0,4.2
2024-01-09 10:00:00,25.6,0.0,91.5,338.0,2.7
2024-01-09 11:00:00,27.5,0.0,82.8,350.0,2.4
2024-01-09 12:00:00,27.7,0.0,81.2,358.0,8.8
2024-01-09 13:00:00,28.8,0.0,71.4,344.0,6.3
2024-01-09 14:00:00,28.4,0.0,77.5,348.0,8.10001
2024-01-09 15:00:00,28.0,0.0,81.1,346.0,4.5
2024-01-09 16:00:00,28.8,0.0,75.5,1.0,7.9
2024-01-09 17:00:00,29.2,0.0,74.6,359.0,8.7
2024-01-09 18:00:00,28.9,0.0,73.7,2.0,6.9
2024-01-09 19:00:00,28.5,0.0,77.6,7.0,6.7
2024-01-09 20:00:00,28.1,0.0,79.8,10.0,4.9
2024-01-09 21:00:00,27.8,0.0,83.3,358.0,6.3
2024-01-09 22:00:00,27.2,0.0,84.9,346.0,5.3
2024-01-09 23:00:00,26.8,0.0,87.4,341.0,5.4
2024-01-10 00:00:00,26.8,0.0,87.8,345.0,4.8
2024-01-10 01:00:00,26.7,0.0,88.0,324.0,3.0
2024-01-10 02:00:00,26.5,0.0,87.7,333.0,4.0
2024-01-10 03:00:00,26.6,0.0,86.2,323.0,4.6
2024-01-10 04:00:00,25.9,0.2,89.9,337.0,5.1
2024-01-10 05:00:00,25.1,1.8,94.6,356.0,4.5
2024-01-10 06:00:00,25.0,0.2,96.9,349.0,4.6
2024-01-10 07:00:00,24.6,1.0,97.6,312.0,3.7
2024-01-10 08:00:00,25.0,0.0,97.3,285.0,1.8
2024-01-10 09:00:00,25.6,0.0,94.5,271.0,2.7
2024-01-10 10:00:00,27.4,0.0,85.2,335.0,4.2
2024-01-10 11:00:00,27.2,0.0,84.8,333.0,5.8
2024-01-10 12:00:00,28.4,0.0,80.8,342.0,4.4
2024-01-10 13:00:00,27.2,0.0,86.6,349.0,5.8
2024-01-10 14:00:00,27.1,0.2,89.0,1.0,9.10001
2024-01-10 15:00:00,27.9,0.0,85.4,31.0,4.1
2024-01-10 16:00:00,27.2,0.0,90.0,322.0,3.5
2024-01-10 17:00:00,28.0,0.0,80.9,347.0,8.10001
2024-01-10 18:00:00,26.2,0.2,90.8,352.0,9.8
2024-01-10 19:00:00,26.6,0.0,90.2,346.0,4.4
2024-01-10 20:00:00,26.9,0.0,88.2,347.0,6.3
2024-01-10 21:00:00,27.0,0.0,88.3,345.0,3.8
2024-01-10 22:00:00,26.8,0.0,89.6,304.0,1.9
2024-01-10 23:00:00,26.7,0.0,89.5,332.0,2.8
2024-01-11 00:00:00,26.6,0.0,88.9,333.0,1.9
2024-01-11 01:00:00,26.5,0.0,89.9,355.0,1.9
2024-01-11 02:00:00,26.4,0.0,90.2,335.0,2.6
2024-01-11 03:00:00,26.5,0.0,90.0,338.0,3.3
2024-01-11 04:00:00,26.3,0.0,88.7,330.0,3.5
2024-01-11 05:00:00,26.2,0.0,89.3,338.0,3.1
2024-01-11 06:00:00,26.3,0.0,90.8,338.0,3.0
2024-01-11 07:00:00,26.4,0.0,91.1,331.0,2.5
2024-01-11 08:00:00,26.6,0.0,89.9,338.0,3.5
2024-01-11 09:00:00,27.1,0.0,88.1,339.0,3.4
2024-01-11 10:00:00,27.8,0.0,85.9,354.0,4.7
2024-01-11 11:00:00,28.4,0.0,82.7,347.0,5.1
2024-01-11 12:00:00,28.9,0.0,78.6,4.0,7.0
2024-01-11 13:00:00,29.5,0.0,73.0,5.0,10.6
2024-01-11 14:00:00,29.4,0.0,75.5,3.0,6.3
2024-01-11 15:00:00,29.1,0.0,73.9,,10.9
2024-01-11 16:00:00,29.1,0.0,73.6,353.0,10.6
2024-01-11 17:00:00,29.0,0.0,76.3,358.0,12.2
2024-01-11 18:00:00,28.8,0.0,76.8,353.0,9.89999
2024-01-11 19:00:00,28.3,0.0,79.9,354.0,11.7
2024-01-11 20:00:00,28.0,0.0,81.9,357.0,9.39999
2024-01-11 21:00:00,27.9,0.0,83.3,353.0,5.8
2024-01-11 22:00:00,27.8,0.0,83.6,351.0,6.8
2024-01-11 23:00:00,27.3,0.0,85.8,346.0,6.1
2024-01-12 00:00:00,27.2,0.0,85.5,350.0,4.0
2024-01-12 01:00:00,27.1,0.0,86.2,345.0,3.0
2024-01-12 02:00:00,26.9,0.0,86.7,353.0,2.9
2024-01-12 03:00:00,27.0,0.0,86.1,333.0,3.6
2024-01-12 04:00:00,26.9,0.0,86.7,334.0,3.8
2024-01-12 05:00:00,26.7,0.0,85.9,317.0,2.9
2024-01-12 06:00:00,25.7,0.0,89.9,277.0,2.0
2024-01-12 07:00:00,25.8,0.0,90.1,328.0,2.6
2024-01-12 08:00:00,26.3,0.0,87.4,337.0,4.5
2024-01-12 09:00:00,26.4,0.0,87.2,336.0,5.9
2024-01-12 10:00:00,26.2,0.0,86.6,336.0,7.4
2024-01-12 11:00:00,27.0,0.0,81.6,334.0,6.9
2024-01-12 12:00:00,26.5,0.0,86.3,337.0,4.8
2024-01-12 13:00:00,25.1,0.0,94.9,312.0,6.4
2024-01-12 14:00:00,25.6,0.0,89.8,295.0,7.7
2024-01-12 15:00:00,26.1,0.0,85.0,329.0,6.8
2024-01-12 16:00:00,24.8,0.0,95.4,356.0,9.3
2024-01-12 17:00:00,24.6,0.0,86.7,343.0,10.0
2024-01-12 18:00:00,24.0,0.0,92.8,339.0,4.6
2024-01-12 19:00:00,24.4,0.0,89.4,333.0,3.5
2024-01-12 20:00:00,24.9,0.0,86.2,336.0,3.5
2024-01-12 21:00:00,24.9,0.0,86.4,353.0,3.1
2024-01-12 22:00:00,25.4,0.0,85.3,2.0,4.1
2024-01-12 23:00:00,25.1,0.0,87.4,317.0,1.1
2024-01-13 00:00:00,25.2,0.0,88.9,317.0,0.9
2024-01-13 01:00:00,25.2,0.0,89.2,296.0,1.1
2024-01-13 02:00:00,25.3,0.0,89.0,309.0,1.1
2024-01-13 03:00:00,25.3,0.0,90.4,293.0,1.0
2024-01-13 04:00:00,25.1,0.0,90.8,296.0,1.9
2024-01-13 05:00:00,25.3,0.0,90.0,241.0,1.4
2024-01-13 06:00:00,25.2,0.0,90.0,284.0,1.2
2024-01-13 07:00:00,25.4,0.0,90.0,278.0,1.3
2024-01-13 08:00:00,25.7,0.0,88.5,275.0,2.1
2024-01-13 09:00:00,26.6,0.0,83.9,284.0,2.2
2024-01-13 10:00:00,28.3,0.0,76.1,315.0,4.3
2024-01-13 11:00:00,28.6,0.0,72.2,316.0,4.4
2024-01-13 12:00:00,29.1,0.0,70.3,349.0,6.4
2024-01-13 13:00:00,29.7,0.0,67.5,328.0,6.4
2024-01-13 14:00:00,30.4,0.0,64.2,328.0,6.4
2024-01-13 15:00:00,28.8,0.0,72.3,356.0,11.3
2024-01-13 16:00:00,28.2,0.0,76.5,,7.6
2024-01-13 17:00:00,28.5,0.0,76.5,7.0,11.8
2024-01-13 18:00:00,28.6,0.0,71.7,343.0,6.6
2024-01-13 19:00:00,28.0,0.0,76.4,347.0,7.3
2024-01-13 20:00:00,27.7,0.0,79.4,343.0,5.5
2024-01-13 21:00:00,27.5,0.0,81.4,341.0,4.0
2024-01-13 22:00:00,27.4,0.0,82.6,352.0,4.5
2024-01-13 23:00:00,27.3,0.0,82.8,347.0,4.0
2024-01-14 00:00:00,27.1,0.0,83.6,347.0,2.9
2024-01-14 01:00:00,27.0,0.0,84.3,357.0,3.7
2024-01-14 02:00:00,26.9,0.0,84.6,349.0,4.8
2024-01-14 03:00:00,26.8,0.0,85.4,343.0,4.5
2024-01-14 04:00:00,26.6,0.0,85.9,345.0,5.9
2024-01-14 05:00:00,26.5,0.0,86.4,339.0,4.0
2024-01-14 06:00:00,26.5,0.0,86.3,346.0,4.6
2024-01-14 07:00:00,26.4,0.0,85.9,331.0,3.1
2024-01-14 08:00:00,26.5,0.0,85.3,327.0,2.6
2024-01-14 09:00:00,27.1,0.0,82.6,338.0,4.4
2024-01-14 10:00:00,27.7,0.0,79.9,342.0,5.2
2024-01-14 11:00:00,28.6,0.0,75.8,326.0,6.4
2024-01-14 12:00:00,29.1,0.0,70.5,332.0,6.2
2024-01-14 13:00:00,28.2,0.0,77.5,355.0,6.6
2024-01-14 14:00:00,28.9,0.0,66.0,5.0,11.0
2024-01-14 15:00:00,29.5,0.0,66.1,333.0,5.9
2024-01-14 16:00:00,30.1,0.0,67.9,334.0,5.7
2024-01-14 17:00:00,29.7,0.0,69.4,355.0,7.8
2024-01-14 18:00:00,29.4,0.0,71.5,3.0,7.1
2024-01-14 19:00:00,28.3,0.0,78.1,359.0,9.0
2024-01-14 20:00:00,27.7,0.0,76.5,349.0,7.5
2024-01-14 21:00:00,27.5,0.0,79.3,341.0,4.2
2024-01-14 22:00:00,27.3,0.0,80.3,333.0,3.2
2024-01-14 23:00:00,27.3,0.0,81.5,345.0,5.0
2024-01-15 00:00:00,27.1,0.0,83.5,344.0,4.7
2024-01-15 01:00:00,27.1,0.0,84.3,338.0,5.1
2024-01-15 02:00:00,26.8,0.0,85.7,348.0,6.2
2024-01-15 03:00:00,26.8,0.0,86.4,340.0,4.9
2024-01-15 04:00:00,26.8,0.0,86.1,343.0,6.2
2024-01-15 05:00:00,26.6,0.0,87.4,344.0,4.4
2024-01-15 06:00:00,26.6,0.0,86.7,335.0,4.0
2024-01-15 07:00:00,26.5,0.0,87.4,332.0,2.7
2024-01-15 08:00:00,26.9,0.0,86.1,345.0,3.8
2024-01-15 09:00:00,27.4,0.0,83.6,330.0,5.3
2024-01-15 10:00:00,28.1,0.0,79.7,334.0,6.0
2024-01-15 11:00:00,29.0,0.0,75.8,337.0,5.5
2024-01-15 12:00:00,29.8,0.0,73.6,339.0,6.0
2024-01-15 13:00:00,29.8,0.0,71.0,350.0,9.7
2024-01-15 14:00:00,29.9,0.0,69.3,355.0,8.8
2024-01-15 15:00:00,30.8,0.0,64.3,336.0,7.8
2024-01-15 16:00:00,30.2,0.0,66.4,3.0,10.4
2024-01-15 17:00:00,29.7,0.0,70.6,3.0,10.4
2024-01-15 18:00:00,29.3,0.0,70.0,5.0,8.10001
2024-01-15 19:00:00,28.6,0.0,75.5,355.0,6.1
2024-01-15 20:00:00,28.1,0.0,81.1,359.0,6.0
2024-01-15 21:00:00,27.3,0.0,83.2,5.0,5.1
2024-01-15 22:00:00,27.6,0.0,84.8,350.0,4.2
2024-01-15 23:00:00,26.9,0.0,85.5,345.0,7.9
2024-01-16 00:00:00,26.6,0.0,88.0,355.0,4.9
2024-01-16 01:00:00,27.0,0.0,85.3,4.0,5.7
2024-01-16 02:00:00,27.0,0.0,87.8,326.0,2.5
2024-01-16 03:00:00,26.9,0.0,88.0,329.0,3.6
2024-01-16 04:00:00,26.9,0.0,87.5,335.0,3.9
2024-01-16 05:00:00,26.9,0.0,85.6,332.0,5.2
2024-01-16 06:00:00,26.9,0.0,85.6,331.0,2.6
2024-01-16 07:00:00,27.0,0.0,84.6,329.0,3.2
2024-01-16 08:00:00,27.2,0.0,83.3,273.0,2.3
2024-01-16 09:00:00,25.1,0.0,91.0,344.0,6.7
2024-01-16 10:00:00,24.1,1.0,95.2,331.0,5.9
2024-01-16 11:00:00,24.5,0.2,94.8,243.0,3.7
2024-01-16 12:00:00,25.4,0.0,92.2,338.0,2.6
2024-01-16 13:00:00,26.9,0.0,85.9,351.0,5.0
2024-01-16 14:00:00,27.7,0.0,81.6,2.0,8.60001
2024-01-16 15:00:00,29.1,0.0,74.7,351.0,6.9
2024-01-16 16:00:00,29.5,0.0,71.2,5.0,11.1
2024-01-16 17:00:00,29.3,0.0,73.2,2.0,10.5
2024-01-16 18:00:00,28.2,0.0,78.0,355.0,7.3
2024-01-16 19:00:00,27.8,0.0,78.5,347.0,6.1
2024-01-16 20:00:00,27.5,0.0,81.4,345.0,6.9
2024-01-16 21:00:00,27.3,0.0,82.9,345.0,5.5
2024-01-16 22:00:00,27.0,0.0,84.7,337.0,3.9
2024-01-16 23:00:00,27.0,0.0,86.4,343.0,4.4
2024-01-17 00:00:00,26.9,0.0,88.4,345.0,3.3
2024-01-17 01:00:00,26.8,0.0,89.1,341.0,4.8
2024-01-17 02:00:00,26.7,0.0,89.6,6.0,4.2
2024-01-17 03:00:00,26.7,0.0,86.8,348.0,6.3
2024-01-17 04:00:00,25.6,0.2,90.1,353.0,4.8
2024-01-17 05:00:00,26.2,0.0,87.9,348.0,5.6
2024-01-17 06:00:00,26.1,0.0,88.3,346.0,4.2
2024-01-17 07:00:00,26.6,0.0,86.6,350.0,9.60001
2024-01-17 08:00:00,26.9,0.0,86.4,354.0,8.5
2024-01-17 09:00:00,27.5,0.0,83.2,349.0,7.2
2024-01-17 10:00:00,28.9,0.0,78.5,9.0,5.5
2024-01-17 11:00:00,26.7,0.0,87.1,357.0,10.4
2024-01-17 12:00:00,27.4,0.4,86.7,347.0,5.4
2024-01-17 13:00:00,29.7,0.0,73.6,354.0,9.7
2024-01-17 14:00:00,30.4,0.0,68.0,7.0,9.0
2024-01-17 15:00:00,29.8,0.0,71.7,4.0,9.7
2024-01-17 16:00:00,29.2,0.0,72.7,356.0,10.1
2024-01-17 17:00:00,29.4,0.0,72.8,5.0,8.39999
2024-01-17 18:00:00,29.2,0.0,73.5,7.0,6.1
2024-01-17 19:00:00,28.3,0.0,77.1,355.0,7.1
2024-01-17 20:00:00,27.9,0.0,78.9,346.0,6.7
2024-01-17 21:00:00,27.5,0.0,79.4,348.0,8.0
2024-01-17 22:00:00,27.5,0.0,80.4,343.0,5.9
2024-01-17 23:00:00,27.2,0.0,82.4,333.0,3.6
2024-01-18 00:00:00,27.1,0.0,84.4,336.0,3.2
2024-01-18 01:00:00,27.0,0.0,84.5,348.0,3.4
2024-01-18 02:00:00,26.9,0.0,86.0,335.0,3.1
2024-01-18 03:00:00,26.7,0.0,86.3,320.0,2.0
2024-01-18 04:00:00,26.8,0.0,85.7,334.0,3.9
2024-01-18 05:00:00,26.7,0.0,85.9,320.0,3.3
2024-01-18 06:00:00,26.7,0.0,85.3,331.0,4.2
2024-01-18 07:00:00,26.5,0.0,86.3,334.0,2.7
2024-01-18 08:00:00,26.7,0.0,85.9,331.0,3.9
2024-01-18 09:00:00,27.2,0.0,83.7,334.0,4.8
2024-01-18 10:00:00,27.9,0.0,81.2,345.0,6.6
2024-01-18 11:00:00,28.5,0.0,77.6,334.0,6.8
2024-01-18 12:00:00,28.9,0.0,76.3,337.0,6.5
2024-01-18 13:00:00,29.7,0.0,70.2,339.0,6.4
2024-01-18 14:00:00,25.4,0.0,91.8,33.0,5.5
2024-01-18 15:00:00,27.3,0.0,85.5,13.0,5.2
2024-01-18 16:00:00,28.6,0.0,78.4,355.0,5.4
2024-01-18 17:00:00,28.8,0.0,75.5,2.0,8.10001
2024-01-18 18:00:00,28.6,0.0,76.9,2.0,7.5
2024-01-18 19:00:00,26.9,0.0,85.8,333.0,4.2
2024-01-18 20:00:00,27.0,0.0,87.1,336.0,3.4
2024-01-18 21:00:00,27.0,0.0,87.4,341.0,4.3
2024-01-18 22:00:00,27.2,0.0,84.2,348.0,5.5
2024-01-18 23:00:00,27.2,0.0,84.0,348.0,4.5
2024-01-19 00:00:00,27.1,0.0,84.5,341.0,3.9
2024-01-19 01:00:00,26.9,0.0,85.5,334.0,2.9
2024-01-19 02:00:00,26.8,0.0,85.9,327.0,3.3
2024-01-19 03:00:00,26.9,0.0,84.5,326.0,3.7
2024-01-19 04:00:00,26.5,0.0,85.3,304.0,1.7
2024-01-19 05:00:00,26.4,0.0,85.9,301.0,2.1
2024-01-19 06:00:00,26.5,0.0,87.0,310.0,1.9
2024-01-19 07:00:00,26.6,0.2,85.3,333.0,4.2
2024-01-19 08:00:00,25.2,0.0,87.6,315.0,3.7
2024-01-19 09:00:00,25.8,0.0,88.9,277.0,1.0
2024-01-19 10:00:00,26.8,0.0,85.1,298.0,3.4
2024-01-19 11:00:00,28.2,0.0,78.3,319.0,3.4
2024-01-19 12:00:00,28.9,0.0,72.0,342.0,6.7
2024-01-19 13:00:00,29.4,0.0,70.9,343.0,6.4
2024-01-19 14:00:00,29.3,0.0,72.4,336.0,5.8
2024-01-19 15:00:00,29.8,0.0,67.3,352.0,8.2
2024-01-19 16:00:00,24.3,0.2,92.2,31.0,7.4
2024-01-19 17:00:00,24.4,0.2,96.0,33.0,1.6
2024-01-19 18:00:00,25.0,0.2,95.2,246.0,2.5
2024-01-19 19:00:00,25.7,0.0,94.1,7.0,1.3
2024-01-19 20:00:00,25.3,0.0,93.8,13.0,2.2
2024-01-19 21:00:00,25.7,0.0,93.5,239.0,0.6
2024-01-19 22:00:00,25.8,0.0,93.3,259.0,1.3
2024-01-19 23:00:00,26.1,0.0,91.1,18.0,1.7
2024-01-20 00:00:00,26.0,0.0,93.5,297.0,1.1
2024-01-20 01:00:00,25.7,0.0,93.8,287.0,0.9
2024-01-20 02:00:00,26.1,0.0,92.6,54.0,2.3
2024-01-20 03:00:00,24.5,0.8,94.0,353.0,5.4
2024-01-20 04:00:00,24.8,0.2,94.3,350.0,1.6
2024-01-20 05:00:00,24.2,0.4,91.9,338.0,6.7
2024-01-20 06:00:00,24.1,0.2,93.3,313.0,3.6
2024-01-20 07:00:00,24.2,0.0,92.4,266.0,6.2
2024-01-20 08:00:00,24.5,0.2,91.4,285.0,6.9
2024-01-20 09:00:00,24.6,0.0,91.4,297.0,5.3
2024-01-20 10:00:00,24.7,0.0,90.6,293.0,5.1
2024-01-20 11:00:00,25.3,0.0,89.2,302.0,3.0
2024-01-20 12:00:00,26.1,0.0,84.3,330.0,4.3
2024-01-20 13:00:00,26.3,0.0,82.3,331.0,6.0
2024-01-20 14:00:00,25.9,0.0,86.1,331.0,3.7
2024-01-20 15:00:00,25.5,0.2,87.3,330.0,5.8
2024-01-20 16:00:00,25.6,0.0,87.5,335.0,5.1
2024-01-20 17:00:00,25.5,0.0,85.3,323.0,5.2
2024-01-20 18:00:00,25.3,0.0,88.8,289.0,1.4
2024-01-20 19:00:00,25.0,0.0,87.6,327.0,4.6
2024-01-20 20:00:00,24.9,0.2,90.0,304.0,1.8
2024-01-20 21:00:00,24.8,0.0,85.7,334.0,4.5
2024-01-20 22:00:00,25.0,0.0,84.5,337.0,4.3
2024-01-20 23:00:00,24.8,0.0,85.1,347.0,2.0
2024-01-21 00:00:00,24.5,0.0,87.0,324.0,2.1
2024-01-21 01:00:00,24.4,0.0,87.3,312.0,1.2
2024-01-21 08:00:00,24.9,0.0,86.7,321.0,1.9
2024-01-21 09:00:00,26.4,0.0,78.4,323.0,3.4
2024-01-21 10:00:00,27.7,0.0,72.2,338.0,3.6
2024-01-21 11:00:00,28.6,0.0,71.4,345.0,6.0
2024-01-21 12:00:00,29.5,0.0,68.7,350.0,6.7
2024-01-21 13:00:00,30.2,0.0,64.9,329.0,5.1
2024-01-21 14:00:00,31.3,0.0,58.3,334.0,4.3
2024-01-21 15:00:00,29.7,0.0,71.6,202.0,6.4
2024-01-21 16:00:00,28.7,0.0,77.7,216.0,7.3
2024-01-21 17:00:00,28.6,0.0,77.4,220.0,5.9
2024-01-21 18:00:00,27.0,1.2,86.2,114.0,10.0
2024-01-21 19:00:00,25.9,0.0,94.1,49.0,4.4
2024-01-21 20:00:00,25.9,0.0,91.1,35.0,3.0
2024-01-21 21:00:00,27.5,0.0,81.8,359.0,8.10001
2024-01-21 22:00:00,27.0,0.0,83.9,339.0,3.9
2024-01-21 23:00:00,26.8,0.0,84.0,335.0,4.3
2024-01-22 00:00:00,26.7,0.0,84.8,342.0,5.9
2024-01-22 01:00:00,26.4,0.0,86.9,342.0,3.7
2024-01-22 02:00:00,26.2,0.0,87.8,341.0,4.7
2024-01-22 03:00:00,26.0,0.0,88.6,338.0,5.1
2024-01-22 04:00:00,25.9,0.0,89.2,329.0,4.4
2024-01-22 05:00:00,25.9,0.0,88.5,341.0,6.0
2024-01-22 06:00:00,25.8,0.0,88.5,329.0,3.4
2024-01-22 07:00:00,25.7,0.0,89.0,342.0,3.0
2024-01-22 08:00:00,26.5,0.0,85.0,321.0,1.9
2024-01-22 09:00:00,27.6,0.0,79.9,338.0,4.3
2024-01-22 10:00:00,28.2,0.0,75.8,349.0,5.8
2024-01-22 11:00:00,29.0,0.0,70.1,338.0,4.5
2024-01-22 12:00:00,30.0,0.0,66.6,72.0,3.1
2024-01-22 13:00:00,28.4,0.0,81.2,143.0,7.6
2024-01-22 14:00:00,28.9,0.0,77.0,161.0,5.3
2024-01-22 15:00:00,28.4,0.0,81.1,110.0,6.2
2024-01-22 16:00:00,28.6,0.0,78.4,131.0,5.8
2024-01-22 17:00:00,28.8,0.0,77.3,102.0,7.2
2024-01-22 18:00:00,29.3,0.0,74.8,64.0,5.9
2024-01-22 19:00:00,28.6,0.0,77.8,12.0,3.7
2024-01-22 20:00:00,27.9,0.0,79.7,6.0,6.0
2024-01-22 21:00:00,28.0,0.0,81.0,358.0,6.9
2024-01-22 22:00:00,27.8,0.0,82.1,2.0,6.8
2024-01-22 23:00:00,27.7,0.0,82.6,340.0,3.5
2024-01-23 00:00:00,27.2,0.0,85.3,338.0,4.2
2024-01-23 01:00:00,27.1,0.0,85.0,344.0,4.4
2024-01-23 02:00:00,26.8,0.0,86.9,338.0,3.8
2024-01-23 03:00:00,26.7,0.0,87.1,351.0,3.7
2024-01-23 04:00:00,26.5,0.0,88.5,335.0,3.9
2024-01-23 05:00:00,26.5,0.0,88.6,343.0,4.0
2024-01-23 06:00:00,26.3,0.0,89.5,356.0,3.0
2024-01-23 07:00:00,26.4,0.0,88.8,348.0,2.7
2024-01-23 08:00:00,26.6,0.0,87.2,341.0,3.5
2024-01-23 09:00:00,27.6,0.0,81.4,356.0,5.8
2024-01-23 10:00:00,28.6,0.0,77.8,356.0,6.4
2024-01-23 11:00:00,29.2,0.0,75.0,337.0,3.8
2024-01-23 12:00:00,30.0,0.0,71.5,350.0,5.4
2024-01-23 13:00:00,30.6,0.0,66.3,359.0,7.0
2024-01-23 14:00:00,29.5,0.0,79.1,27.0,6.5
2024-01-23 15:00:00,29.0,0.0,80.4,83.0,11.6
2024-01-23 16:00:00,29.3,0.0,77.9,54.0,10.5
2024-01-23 17:00:00,26.2,0.0,86.2,344.0,7.4
2024-01-23 18:00:00,25.9,0.0,85.9,347.0,5.6
2024-01-23 19:00:00,27.3,0.0,75.1,328.0,3.2
2024-01-23 20:00:00,26.5,0.0,85.2,2.0,3.8
2024-01-23 21:00:00,26.5,0.0,84.7,350.0,4.0
2024-01-23 22:00:00,26.8,0.0,85.9,342.0,3.6
2024-01-23 23:00:00,26.8,0.0,87.5,349.0,4.9
2024-01-24 00:00:00,26.9,0.0,88.0,352.0,4.7
2024-01-24 01:00:00,26.5,0.0,90.2,345.0,2.2
2024-01-24 02:00:00,26.4,0.0,90.3,15.0,2.4
2024-01-24 03:00:00,26.2,0.0,90.5,348.0,2.7
2024-01-24 04:00:00,26.2,0.0,91.1,37.0,3.0
2024-01-24 05:00:00,26.5,0.0,89.9,351.0,4.2
2024-01-24 06:00:00,26.3,0.0,91.0,340.0,2.5
2024-01-24 07:00:00,26.2,0.0,91.2,119.0,1.7
2024-01-24 08:00:00,26.3,0.0,91.5,15.0,1.7
2024-01-24 09:00:00,27.2,0.0,89.1,15.0,2.5
2024-01-24 10:00:00,28.1,0.0,83.9,12.0,3.5
2024-01-24 11:00:00,28.3,0.0,82.3,50.0,4.7
2024-01-24 12:00:00,27.8,0.0,84.9,22.0,3.5
2024-01-24 13:00:00,26.4,0.0,89.6,15.0,5.7
2024-01-24 14:00:00,29.1,0.0,78.2,8.0,5.1
2024-01-24 15:00:00,28.9,0.0,77.6,36.0,7.0
2024-01-24 16:00:00,29.7,0.0,73.8,30.0,6.8
2024-01-24 17:00:00,28.5,0.0,78.4,37.0,5.1
2024-01-24 18:00:00,28.2,0.0,82.3,27.0,4.7
2024-01-24 19:00:00,27.9,0.0,83.6,10.0,3.9
2024-01-24 20:00:00,26.7,0.2,91.5,334.0,4.3
2024-01-24 21:00:00,26.4,0.4,90.2,351.0,4.3
2024-01-24 22:00:00,25.7,0.0,92.4,320.0,4.3
2024-01-24 23:00:00,25.5,0.0,92.2,342.0,5.9
2024-01-25 00:00:00,25.1,0.0,91.4,356.0,6.6
2024-01-25 01:00:00,25.1,0.0,87.4,321.0,3.6
2024-01-25 02:00:00,25.4,0.0,90.8,334.0,4.8
2024-01-25 03:00:00,25.5,0.0,91.1,339.0,4.2
2024-01-25 04:00:00,25.7,0.0,91.6,352.0,5.8
2024-01-25 05:00:00,25.8,0.0,90.2,337.0,3.3
2024-01-25 06:00:00,26.0,0.0,91.4,323.0,2.3
2024-01-25 07:00:00,26.4,0.0,90.3,336.0,4.2
2024-01-25 08:00:00,27.1,0.0,87.4,351.0,5.2
2024-01-25 09:00:00,27.6,0.0,85.5,352.0,4.2
2024-01-25 10:00:00,28.9,0.0,78.2,356.0,7.2
2024-01-25 11:00:00,28.6,0.0,79.6,352.0,6.9
2024-01-25 12:00:00,27.4,0.0,84.1,44.0,4.4
2024-01-25 13:00:00,27.7,0.0,87.4,13.0,3.6
2024-01-25 14:00:00,25.6,4.4,92.3,331.0,7.4
2024-01-25 15:00:00,25.3,0.2,96.7,338.0,4.9
2024-01-25 16:00:00,25.0,0.0,93.3,324.0,3.1
2024-01-25 17:00:00,26.0,0.0,89.2,341.0,5.2
2024-01-25 18:00:00,26.1,0.0,89.6,346.0,5.8
2024-01-25 19:00:00,25.4,0.0,90.2,353.0,5.5
2024-01-25 20:00:00,25.2,0.0,88.9,2.0,5.7
2024-01-25 21:00:00,25.1,0.0,86.7,8.0,2.6
2024-01-25 22:00:00,25.6,0.0,87.3,5.0,4.4
2024-01-25 23:00:00,26.0,0.0,89.6,37.0,2.7
2024-01-26 00:00:00,26.0,0.0,91.1,9.0,3.7
2024-01-26 01:00:00,25.8,0.0,89.5,6.0,4.3
2024-01-26 02:00:00,25.9,0.0,88.9,16.0,4.2
2024-01-26 03:00:00,26.0,0.0,89.3,,
2024-01-26 05:00:00,,0.0,,,
2024-01-26 08:00:00,,0.0,,,
2024-01-26 09:00:00,27.4,0.0,85.2,5.0,5.7
2024-01-26 10:00:00,28.2,0.0,81.7,5.0,8.5
2024-01-26 11:00:00,28.8,0.0,77.4,4.0,8.5
2024-01-26 12:00:00,29.0,0.0,74.9,4.0,9.5
2024-01-26 17:00:00,29.9,0.0,68.6,359.0,10.1
2024-01-26 18:00:00,29.8,0.0,69.4,7.0,8.0
2024-01-26 19:00:00,28.7,0.0,75.3,350.0,9.2
2024-01-26 20:00:00,28.1,0.0,80.2,356.0,8.8
2024-01-26 21:00:00,27.7,0.0,82.9,354.0,11.4
2024-01-26 22:00:00,27.5,0.0,83.9,354.0,7.0
2024-01-26 23:00:00,27.5,0.0,82.9,355.0,7.8
2024-01-27 00:00:00,27.5,0.0,82.9,358.0,10.8
2024-01-27 01:00:00,27.3,0.0,83.8,356.0,6.3
2024-01-27 02:00:00,27.3,0.0,84.4,357.0,6.6
2024-01-27 03:00:00,27.1,0.0,85.2,354.0,6.9
2024-01-27 04:00:00,27.2,0.0,84.0,354.0,7.5
2024-01-27 05:00:00,27.3,0.0,83.0,358.0,11.6
2024-01-27 06:00:00,27.2,0.0,83.2,356.0,7.7
2024-01-27 07:00:00,27.2,0.0,83.4,358.0,6.6
2024-01-27 08:00:00,27.3,0.0,82.9,356.0,7.2
2024-01-27 09:00:00,27.9,0.0,80.0,359.0,10.3
2024-01-27 10:00:00,28.8,0.0,76.2,359.0,10.3
2024-01-27 11:00:00,29.1,0.0,74.2,8.0,10.0
2024-01-27 12:00:00,28.8,0.0,75.8,359.0,8.0
2024-01-27 13:00:00,29.2,0.0,74.3,347.0,8.2
2024-01-27 14:00:00,30.0,0.0,70.0,351.0,10.6
2024-01-27 15:00:00,30.3,0.0,67.5,7.0,10.2
2024-01-27 16:00:00,29.9,0.0,70.2,351.0,10.6
2024-01-27 17:00:00,29.9,0.0,68.5,357.0,10.6
2024-01-27 18:00:00,29.2,0.0,71.2,358.0,12.3
2024-01-27 19:00:00,28.7,0.0,73.9,4.0,8.5
2024-01-27 20:00:00,28.1,0.0,78.2,354.0,9.3
2024-01-27 21:00:00,27.8,0.0,79.9,356.0,9.8
2024-01-27 22:00:00,27.6,0.0,81.1,349.0,5.6
2024-01-27 23:00:00,27.5,0.0,82.0,355.0,6.7
2024-01-28 00:00:00,27.4,0.0,82.2,348.0,4.4
2024-01-28 01:00:00,27.2,0.0,83.6,350.0,4.8
2024-01-28 02:00:00,27.2,0.0,84.8,356.0,5.3
2024-01-28 03:00:00,27.1,0.0,84.6,344.0,5.6
2024-01-28 04:00:00,26.9,0.0,85.5,350.0,5.5
2024-01-28 05:00:00,26.6,0.0,86.9,332.0,4.9
2024-01-28 06:00:00,26.3,0.0,88.2,336.0,3.2
2024-01-28 07:00:00,26.2,0.0,89.1,334.0,4.4
2024-01-28 08:00:00,26.4,0.0,87.4,357.0,4.5
2024-01-28 09:00:00,27.4,0.0,82.6,357.0,7.3
2024-01-28 10:00:00,28.2,0.0,77.9,357.0,8.8
2024-01-28 11:00:00,28.9,0.0,75.3,359.0,9.39999
2024-01-28 12:00:00,27.1,0.0,80.9,29.0,7.5
2024-01-28 13:00:00,29.5,0.0,74.6,30.0,6.2
2024-01-28 14:00:00,30.1,0.0,67.1,23.0,8.89999
2024-01-28 15:00:00,30.1,0.0,67.9,5.0,10.4
2024-01-28 16:00:00,29.6,0.0,68.3,9.0,9.39999
2024-01-28 17:00:00,29.7,0.0,69.4,6.0,10.3
2024-01-28 18:00:00,29.1,0.0,71.5,6.0,11.0
2024-01-28 19:00:00,28.4,0.0,75.6,355.0,9.89999
2024-01-28 20:00:00,27.9,0.0,79.2,355.0,9.89999
2024-01-28 21:00:00,27.8,0.0,79.3,354.0,12.0
2024-01-28 22:00:00,27.5,0.0,80.7,349.0,6.9
2024-01-28 23:00:00,27.4,0.0,82.7,350.0,6.3
2024-01-29 00:00:00,27.5,0.0,80.3,352.0,9.89999
2024-01-29 01:00:00,27.3,0.0,81.7,357.0,6.8
2024-01-29 02:00:00,27.0,0.0,83.9,353.0,6.6
2024-01-29 03:00:00,26.9,0.0,84.2,355.0,5.2
2024-01-29 04:00:00,26.7,0.0,84.3,355.0,7.3
2024-01-29 05:00:00,26.7,0.0,85.1,355.0,8.0
2024-01-29 06:00:00,26.7,0.0,84.6,355.0,6.3
2024-01-29 07:00:00,26.9,0.0,84.2,355.0,10.5
2024-01-29 08:00:00,26.9,0.0,84.2,356.0,6.3
2024-01-29 09:00:00,27.4,0.0,80.8,359.0,8.8
2024-01-29 10:00:00,28.1,0.0,78.4,357.0,7.8
2024-01-29 11:00:00,28.9,0.0,73.2,354.0,9.89999
2024-01-29 12:00:00,28.8,0.0,73.2,359.0,10.2
2024-01-29 13:00:00,29.7,0.0,70.4,350.0,8.5
2024-01-29 14:00:00,30.0,0.0,65.0,358.0,11.4
2024-01-29 15:00:00,30.0,0.0,65.5,357.0,10.8
2024-01-29 16:00:00,30.1,0.0,63.1,355.0,9.3
2024-01-29 17:00:00,29.2,0.0,69.9,1.0,13.9
2024-01-29 18:00:00,29.1,0.0,70.5,353.0,9.7
2024-01-29 19:00:00,28.4,0.0,73.7,350.0,9.7
2024-01-29 20:00:00,27.9,0.0,76.3,346.0,9.2
2024-01-29 21:00:00,27.6,0.0,80.2,348.0,5.1
2024-01-29 22:00:00,27.5,0.0,80.2,355.0,6.9
2024-01-29 23:00:00,27.5,0.0,78.3,351.0,7.0
2024-01-30 00:00:00,27.3,0.0,79.7,344.0,5.8
2024-01-30 01:00:00,27.0,0.0,82.5,345.0,6.2
2024-01-30 02:00:00,26.8,0.0,82.1,345.0,5.6
2024-01-30 03:00:00,26.6,0.0,83.4,357.0,4.2
2024-01-30 04:00:00,26.4,0.0,83.4,351.0,4.2
2024-01-30 05:00:00,26.4,0.0,83.4,349.0,4.7
2024-01-30 06:00:00,26.2,0.0,83.5,341.0,3.8
2024-01-30 07:00:00,26.7,0.0,80.4,355.0,8.39999
2024-01-30 08:00:00,26.7,0.0,81.8,341.0,4.8
2024-01-30 09:00:00,27.3,0.0,80.4,342.0,6.2
2024-01-30 10:00:00,28.0,0.0,76.1,4.0,9.10001
2024-01-30 11:00:00,27.8,0.0,78.9,355.0,6.8
2024-01-30 12:00:00,29.0,0.0,68.8,359.0,12.2
2024-01-30 13:00:00,29.7,0.0,63.9,359.0,9.5
2024-01-30 14:00:00,29.8,0.0,63.3,5.0,11.2
2024-01-30 15:00:00,29.9,0.0,63.8,359.0,10.8
2024-01-30 16:00:00,29.5,0.0,64.0,358.0,11.2
2024-01-30 17:00:00,29.3,0.0,64.4,4.0,13.0
2024-01-30 18:00:00,29.2,0.0,66.2,359.0,10.5
2024-01-30 19:00:00,28.5,0.0,69.5,359.0,10.0
2024-01-30 20:00:00,27.9,0.0,75.5,,8.5
2024-01-30 21:00:00,27.6,0.0,77.8,350.0,5.0
2024-01-30 22:00:00,27.3,0.0,80.0,345.0,5.3
2024-01-30 23:00:00,27.4,0.0,80.0,356.0,9.2
2024-01-31 00:00:00,27.2,0.0,80.5,351.0,7.5
2024-01-31 01:00:00,27.1,0.0,82.3,358.0,5.7
2024-01-31 02:00:00,26.8,0.0,82.6,349.0,4.6
2024-01-31 03:00:00,26.5,0.0,83.9,352.0,4.8
2024-01-31 04:00:00,26.3,0.0,84.9,349.0,5.5
2024-01-31 05:00:00,26.1,0.0,84.7,345.0,5.0
2024-01-31 06:00:00,26.1,0.0,85.1,347.0,5.0
2024-01-31 07:00:00,26.3,0.0,83.4,349.0,5.0
2024-01-31 08:00:00,26.5,0.0,82.7,344.0,4.9
2024-01-31 09:00:00,27.2,0.0,79.5,347.0,5.3
2024-01-31 10:00:00,27.9,0.0,77.3,344.0,4.6
2024-01-31 11:00:00,28.2,0.0,74.4,351.0,8.2
2024-01-31 12:00:00,28.7,0.0,73.8,8.0,9.2
2024-01-31 13:00:00,29.5,0.0,65.5,4.0,8.89999
2024-01-31 14:00:00,30.3,0.0,63.5,6.0,7.8
2024-01-31 15:00:00,30.6,0.0,59.9,,9.8
2024-01-31 16:00:00,30.5,0.0,62.6,6.0,10.1
2024-01-31 17:00:00,29.5,0.0,69.0,2.0,8.7
2024-01-31 18:00:00,29.0,0.0,69.3,354.0,10.2
2024-01-31 19:00:00,28.2,0.0,74.1,3.0,12.3
2024-01-31 20:00:00,27.6,0.0,79.2,351.0,7.5
2024-01-31 21:00:00,27.4,0.0,81.1,6.0,7.8
2024-01-31 22:00:00,27.1,0.0,81.8,359.0,6.9
2024-01-31 23:00:00,27.2,0.0,81.0,357.0,8.3
2024-02-01 00:00:00,27.1,0.0,80.7,355.0,7.2
2024-02-01 01:00:00,26.9,0.0,82.2,3.0,5.0
2024-02-01 02:00:00,26.6,0.0,85.5,4.0,4.6
2024-02-01 03:00:00,26.5,0.0,86.4,359.0,5.7
2024-02-01 04:00:00,26.6,0.0,87.0,357.0,4.8
2024-02-01 05:00:00,26.6,0.0,85.5,,5.9
2024-02-01 06:00:00,26.9,0.0,83.4,1.0,6.0
2024-02-01 07:00:00,26.9,0.0,83.2,355.0,5.8
2024-02-01 08:00:00,26.9,0.0,83.5,4.0,6.8
2024-02-01 09:00:00,27.3,0.0,81.9,358.0,8.0
2024-02-01 10:00:00,27.6,0.0,81.6,358.0,7.2
2024-02-01 11:00:00,28.8,0.0,77.2,348.0,6.6
2024-02-01 12:00:00,29.5,0.0,68.4,4.0,8.0
2024-02-01 13:00:00,30.2,0.0,65.5,352.0,8.10001
2024-02-01 14:00:00,30.4,0.0,61.7,1.0,10.4
2024-02-01 15:00:00,30.3,0.0,62.0,3.0,10.5
2024-02-01 16:00:00,30.5,0.0,61.4,11.0,9.39999
2024-02-01 17:00:00,29.9,0.0,64.4,3.0,9.10001
2024-02-01 18:00:00,29.5,0.0,68.1,358.0,10.8
2024-02-01 19:00:00,28.6,0.0,74.6,352.0,8.89999
2024-02-01 20:00:00,28.1,0.0,77.1,350.0,7.0
2024-02-01 21:00:00,27.8,0.0,78.8,339.0,6.5
2024-02-01 22:00:00,27.6,0.0,80.8,352.0,4.6
2024-02-01 23:00:00,27.4,0.0,81.6,349.0,5.1
2024-02-02 00:00:00,27.3,0.0,83.3,349.0,3.9
2024-02-02 01:00:00,27.4,0.0,81.4,342.0,5.6
2024-02-02 02:00:00,27.0,0.0,84.3,357.0,4.5
2024-02-02 03:00:00,26.9,0.0,86.2,349.0,3.6
2024-02-02 04:00:00,26.9,0.0,85.6,346.0,3.5
2024-02-02 05:00:00,26.8,0.0,86.1,359.0,4.0
2024-02-02 06:00:00,26.8,0.0,86.4,355.0,6.8
2024-02-02 07:00:00,26.7,0.0,87.4,348.0,3.8
2024-02-02 08:00:00,27.3,0.0,83.2,355.0,9.0
2024-02-02 09:00:00,27.8,0.0,81.7,358.0,7.3
2024-02-02 10:00:00,28.2,0.0,79.8,358.0,10.2
2024-02-02 11:00:00,29.3,0.0,72.4,358.0,10.1
2024-02-02 12:00:00,29.8,0.0,68.5,5.0,10.5
2024-02-02 13:00:00,30.6,0.0,67.1,352.0,9.7
2024-02-02 14:00:00,29.8,0.0,68.0,3.0,13.0
2024-02-02 15:00:00,30.1,0.0,68.1,357.0,11.9
2024-02-02 16:00:00,30.5,0.0,66.0,359.0,10.1
2024-02-02 17:00:00,30.0,0.0,67.3,,9.0
2024-02-02 18:00:00,28.2,0.0,79.7,187.0,4.9
2024-02-02 19:00:00,29.0,0.0,72.1,22.0,6.5
2024-02-02 20:00:00,28.4,0.0,74.9,359.0,6.7
2024-02-02 21:00:00,28.1,0.0,79.6,359.0,6.5
2024-02-02 22:00:00,27.7,0.0,82.1,4.0,7.3
2024-02-02 23:00:00,27.7,0.0,81.7,351.0,10.3
2024-02-03 00:00:00,27.5,0.0,83.0,351.0,5.9
2024-02-03 01:00:00,27.3,0.0,83.9,353.0,5.2
2024-02-03 02:00:00,27.0,0.0,84.3,356.0,6.4
2024-02-03 03:00:00,27.1,0.0,84.8,359.0,5.7
2024-02-03 04:00:00,27.0,0.0,85.3,353.0,6.7
2024-02-03 05:00:00,26.9,0.0,85.5,358.0,7.7
2024-02-03 06:00:00,26.9,0.0,84.6,357.0,7.3
2024-02-03 07:00:00,26.8,0.0,84.7,352.0,4.2
2024-02-03 08:00:00,27.1,0.0,83.9,348.0,5.2
2024-02-03 09:00:00,27.7,0.0,80.5,356.0,7.3
2024-02-03 10:00:00,28.5,0.0,74.9,354.0,9.2
2024-02-03 11:00:00,29.2,0.0,71.3,2.0,10.9
2024-02-03 12:00:00,29.7,0.0,66.8,2.0,11.7
2024-02-03 13:00:00,30.7,0.0,61.9,1.0,9.8
2024-02-03 14:00:00,31.2,0.0,60.0,357.0,9.10001
2024-02-03 15:00:00,31.4,0.0,59.0,4.0,10.5
2024-02-03 16:00:00,31.7,0.0,57.8,5.0,7.7
2024-02-03 17:00:00,30.5,0.0,62.1,8.0,6.2
2024-02-03 18:00:00,29.7,0.0,64.5,23.0,5.2
2024-02-03 19:00:00,29.1,0.0,69.3,8.0,6.2
2024-02-03 20:00:00,28.6,0.0,75.3,9.0,5.0
2024-02-03 21:00:00,28.0,0.0,79.1,2.0,6.1
2024-02-03 22:00:00,28.0,0.0,80.0,352.0,4.0
2024-02-03 23:00:00,27.6,0.0,81.0,355.0,4.5
2024-02-04 00:00:00,27.4,0.0,81.8,349.0,4.1
2024-02-04 01:00:00,27.3,0.0,82.0,345.0,5.0
2024-02-04 02:00:00,27.0,0.0,83.0,329.0,3.9
2024-02-04 03:00:00,27.1,0.0,81.8,336.0,5.1
2024-02-04 04:00:00,27.0,0.0,81.2,340.0,4.3
2024-02-04 05:00:00,26.9,0.0,80.3,329.0,3.8
2024-02-04 06:00:00,26.4,0.0,82.6,340.0,1.9
2024-02-04 07:00:00,26.5,0.0,81.4,334.0,2.7
2024-02-04 08:00:00,26.5,0.0,82.6,337.0,1.8
2024-02-04 09:00:00,27.3,0.0,76.8,342.0,6.0
2024-02-04 10:00:00,28.3,0.0,73.1,345.0,7.3
2024-02-04 11:00:00,29.0,0.0,66.2,355.0,6.8
2024-02-04 12:00:00,30.0,0.0,55.5,335.0,7.6
2024-02-04 13:00:00,31.0,0.0,54.2,356.0,6.9
2024-02-04 14:00:00,31.2,0.0,57.1,356.0,7.8
2024-02-04 15:00:00,31.5,0.0,55.3,4.0,9.2
2024-02-04 16:00:00,31.2,0.0,56.5,4.0,9.8
2024-02-04 17:00:00,30.8,0.0,59.3,,9.2
2024-02-04 18:00:00,30.5,0.0,54.3,355.0,8.5
2024-02-04 19:00:00,29.4,0.0,66.0,3.0,9.3
2024-02-04 20:00:00,28.5,0.0,69.9,4.0,7.3
2024-02-04 21:00:00,28.0,0.0,75.6,355.0,10.4
2024-02-04 22:00:00,27.7,0.0,79.3,357.0,6.0
2024-02-04 23:00:00,27.7,0.0,79.5,357.0,6.5
2024-02-05 00:00:00,27.4,0.0,80.1,350.0,4.5
2024-02-05 01:00:00,27.3,0.0,80.4,349.0,4.5
2024-02-05 02:00:00,27.1,0.0,82.4,346.0,5.9
2024-02-05 03:00:00,26.7,0.0,83.8,344.0,6.8
2024-02-05 04:00:00,26.6,0.0,84.2,346.0,5.0
2024-02-05 05:00:00,26.3,0.0,85.2,349.0,4.4
2024-02-05 06:00:00,26.3,0.0,85.0,348.0,4.3
2024-02-05 07:00:00,26.2,0.0,84.8,345.0,5.3
2024-02-05 08:00:00,26.6,0.0,83.9,349.0,5.5
2024-02-05 09:00:00,27.5,0.0,80.1,357.0,6.4
2024-02-05 10:00:00,28.4,0.0,76.6,356.0,10.2
2024-02-05 11:00:00,28.8,0.0,73.6,5.0,11.6
2024-02-05 12:00:00,30.0,0.0,67.3,4.0,9.89999
2024-02-05 13:00:00,30.4,0.0,64.7,1.0,9.3
2024-02-05 14:00:00,30.8,0.0,61.2,8.0,9.60001
2024-02-05 15:00:00,31.6,0.0,58.6,348.0,7.3
2024-02-05 16:00:00,31.6,0.0,59.0,6.0,10.4
2024-02-05 17:00:00,30.7,0.0,62.7,4.0,10.7
2024-02-05 18:00:00,29.9,0.0,67.2,359.0,11.4
2024-02-05 19:00:00,28.9,0.0,71.8,356.0,10.0
2024-02-05 20:00:00,28.4,0.0,72.3,1.0,10.8
2024-02-05 21:00:00,28.0,0.0,77.3,352.0,5.1
2024-02-05 22:00:00,27.9,0.0,78.5,338.0,4.4
2024-02-05 23:00:00,27.6,0.0,80.1,2.0,4.7
2024-02-06 00:00:00,27.4,0.0,80.7,9.0,3.5
2024-02-06 01:00:00,27.2,0.0,82.5,352.0,1.9
2024-02-06 02:00:00,27.1,0.0,83.1,354.0,3.4
2024-02-06 03:00:00,26.9,0.0,83.9,344.0,2.0
2024-02-06 04:00:00,26.9,0.0,81.5,337.0,3.0
2024-02-06 05:00:00,27.0,0.0,80.4,329.0,1.3
2024-02-06 06:00:00,26.9,0.0,80.4,344.0,1.5
2024-02-06 07:00:00,26.8,0.0,81.5,353.0,2.8
2024-02-06 08:00:00,27.1,0.0,80.7,346.0,5.1
2024-02-06 09:00:00,28.1,0.0,73.9,343.0,6.0
2024-02-06 10:00:00,28.6,0.0,74.0,335.0,6.4
2024-02-06 11:00:00,29.4,0.0,71.4,340.0,7.9
2024-02-06 12:00:00,30.1,0.0,67.7,358.0,8.2
2024-02-06 13:00:00,30.7,0.0,63.9,359.0,9.10001
2024-02-06 14:00:00,31.2,0.0,62.8,357.0,10.7
2024-02-06 15:00:00,31.5,0.0,62.0,1.0,8.5
2024-02-06 16:00:00,31.0,0.0,63.2,2.0,9.3
2024-02-06 17:00:00,30.5,0.0,65.2,359.0,10.2
2024-02-06 18:00:00,26.3,1.8,93.8,258.0,4.4
2024-02-06 19:00:00,26.7,0.0,92.7,344.0,2.0
2024-02-06 20:00:00,27.6,0.0,85.4,348.0,5.3
2024-02-06 21:00:00,27.9,0.0,81.6,4.0,7.4
2024-02-06 22:00:00,27.6,0.0,81.6,6.0,6.0
2024-02-06 23:00:00,27.8,0.0,82.8,354.0,4.6
2024-02-07 00:00:00,27.6,0.0,83.8,338.0,5.3
2024-02-07 01:00:00,27.5,0.0,83.5,353.0,5.0
2024-02-07 02:00:00,27.3,0.0,84.8,341.0,4.3
2024-02-07 03:00:00,27.1,0.0,85.1,337.0,3.4
2024-02-07 04:00:00,26.8,0.0,85.4,345.0,3.7
2024-02-07 05:00:00,26.7,0.0,86.7,344.0,4.9
2024-02-07 06:00:00,26.7,0.0,86.4,339.0,3.0
2024-02-07 07:00:00,26.6,0.0,86.9,340.0,1.7
2024-02-07 08:00:00,26.9,0.0,85.2,356.0,5.0
2024-02-07 09:00:00,27.5,0.0,82.6,348.0,5.1
2024-02-07 10:00:00,28.1,0.0,79.4,340.0,6.9
2024-02-07 11:00:00,29.2,0.0,73.5,358.0,6.8
2024-02-07 12:00:00,29.6,0.0,72.6,5.0,8.89999
2024-02-07 13:00:00,30.3,0.0,66.0,4.0,8.0
2024-02-07 14:00:00,30.9,0.0,63.4,355.0,9.60001
2024-02-07 15:00:00,31.6,0.0,61.7,6.0,9.7
2024-02-07 16:00:00,31.1,0.0,62.0,356.0,12.7
2024-02-07 17:00:00,31.0,0.0,63.6,1.0,9.0
2024-02-07 18:00:00,29.7,0.0,70.5,357.0,9.8
2024-02-07 19:00:00,29.1,0.0,74.1,357.0,8.10001
2024-02-07 20:00:00,28.5,0.0,75.3,1.0,7.1
2024-02-07 21:00:00,28.1,0.0,79.1,3.0,10.5
2024-02-07 22:00:00,28.0,0.0,80.3,357.0,5.1
2024-02-07 23:00:00,27.6,0.0,83.9,358.0,4.5
2024-02-08 00:00:00,27.7,0.0,82.7,355.0,4.0
2024-02-08 01:00:00,27.5,0.0,82.5,348.0,2.6
2024-02-08 02:00:00,27.3,0.0,85.2,339.0,3.6
2024-02-08 03:00:00,27.0,0.0,87.0,358.0,2.6
2024-02-08 04:00:00,26.9,0.0,87.1,327.0,2.4
2024-02-08 05:00:00,27.0,0.0,86.8,348.0,3.4
2024-02-08 06:00:00,26.8,0.0,88.4,348.0,3.3
2024-02-08 07:00:00,26.9,0.0,87.7,357.0,2.7
2024-02-08 08:00:00,27.0,0.0,86.3,358.0,3.6
2024-02-08 09:00:00,27.7,0.0,83.1,1.0,4.9
2024-02-08 10:00:00,28.9,0.0,76.2,3.0,4.6
2024-02-08 11:00:00,29.3,0.0,71.4,11.0,6.9
2024-02-08 12:00:00,30.3,0.0,66.1,12.0,6.6
2024-02-08 13:00:00,30.9,0.0,63.0,356.0,6.6
2024-02-08 14:00:00,31.6,0.0,62.6,12.0,4.8
2024-02-08 15:00:00,32.1,0.0,61.7,15.0,5.1
2024-02-08 16:00:00,29.3,0.0,79.7,96.0,8.60001
2024-02-08 17:00:00,30.4,0.0,67.3,5.0,7.9
2024-02-08 18:00:00,29.7,0.0,70.5,15.0,5.5
2024-02-08 19:00:00,29.0,0.0,75.9,5.0,5.3
2024-02-08 20:00:00,28.3,0.0,79.2,11.0,6.2
2024-02-08 21:00:00,28.2,0.0,79.1,354.0,8.0
2024-02-08 22:00:00,28.1,0.0,80.8,1.0,5.8
2024-02-08 23:00:00,28.0,0.0,81.0,358.0,7.0
2024-02-09 00:00:00,27.8,0.0,82.3,,4.7
2024-02-09 01:00:00,27.7,0.0,83.5,,5.5
2024-02-09 02:00:00,27.4,0.0,84.9,357.0,4.6
2024-02-09 03:00:00,27.3,0.0,85.4,344.0,3.2
2024-02-09 04:00:00,27.2,0.0,86.2,346.0,3.9
2024-02-09 05:00:00,27.2,0.0,86.6,355.0,6.3
2024-02-09 06:00:00,27.2,0.0,86.2,351.0,5.9
2024-02-09 07:00:00,27.2,0.0,86.4,358.0,7.0
2024-02-09 08:00:00,27.5,0.0,85.6,359.0,3.9
2024-02-09 09:00:00,27.9,0.0,83.1,354.0,5.3
2024-02-09 10:00:00,28.4,0.0,78.4,349.0,8.0
2024-02-09 11:00:00,29.5,0.0,72.2,1.0,8.8
2024-02-09 12:00:00,30.5,0.0,67.5,18.0,5.9
2024-02-09 13:00:00,30.8,0.0,62.7,7.0,6.5
2024-02-09 14:00:00,31.0,0.0,63.4,3.0,8.3
2024-02-09 15:00:00,31.1,0.0,64.4,337.0,6.4
2024-02-09 16:00:00,29.2,0.0,77.4,279.0,2.2
2024-02-09 17:00:00,28.7,0.0,76.8,314.0,5.8
2024-02-09 18:00:00,27.8,0.0,77.1,233.0,2.2
2024-02-09 19:00:00,28.7,0.0,74.1,4.0,6.8
2024-02-09 20:00:00,28.2,0.0,78.8,354.0,8.10001
2024-02-09 21:00:00,27.9,0.0,78.8,354.0,7.0
2024-02-09 22:00:00,27.5,0.0,77.4,351.0,6.9
2024-02-09 23:00:00,27.3,0.0,78.4,348.0,6.7
2024-02-10 00:00:00,27.2,0.0,80.1,356.0,4.4
2024-02-10 01:00:00,26.8,0.0,81.6,339.0,5.4
2024-02-10 02:00:00,26.4,0.0,82.6,351.0,4.8
2024-02-10 03:00:00,26.3,0.0,82.3,341.0,5.8
2024-02-10 04:00:00,26.1,0.0,81.9,337.0,5.6
2024-02-10 05:00:00,26.2,0.0,79.9,332.0,4.3
2024-02-10 06:00:00,25.9,0.0,80.6,336.0,4.2
2024-02-10 07:00:00,26.0,0.0,80.6,337.0,4.0
2024-02-10 08:00:00,26.2,0.0,80.3,331.0,3.6
2024-02-10 09:00:00,27.3,0.0,76.9,348.0,6.7
2024-02-10 10:00:00,28.2,0.0,74.0,346.0,6.8
2024-02-10 11:00:00,28.6,0.0,71.6,357.0,9.10001
2024-02-10 12:00:00,30.0,0.0,66.3,350.0,6.8
2024-02-10 13:00:00,30.4,0.0,62.1,356.0,6.4
2024-02-10 14:00:00,30.5,0.0,61.5,357.0,7.8
2024-02-10 15:00:00,31.0,0.0,56.8,3.0,7.1
2024-02-10 16:00:00,30.9,0.0,56.5,7.0,9.3
2024-02-10 17:00:00,30.7,0.0,58.5,19.0,6.4
2024-02-10 18:00:00,29.7,0.0,66.9,4.0,9.8
2024-02-10 19:00:00,29.1,0.0,70.9,349.0,6.9
2024-02-10 20:00:00,26.9,0.0,81.5,11.0,9.60001
2024-02-10 21:00:00,27.4,0.0,80.2,353.0,9.10001
2024-02-10 22:00:00,26.3,0.0,86.3,1.0,7.4
2024-02-10 23:00:00,25.5,0.2,90.7,9.0,5.8
2024-02-11 00:00:00,25.9,0.0,92.5,310.0,2.0
2024-02-11 01:00:00,26.2,0.0,89.0,327.0,2.7
2024-02-11 02:00:00,26.6,0.0,86.9,354.0,3.9
2024-02-11 03:00:00,26.9,0.0,83.3,350.0,4.5
2024-02-11 04:00:00,26.9,0.0,82.1,352.0,3.9
2024-02-11 05:00:00,26.6,0.0,82.5,329.0,2.4
2024-02-11 06:00:00,26.9,0.0,80.4,354.0,6.8
2024-02-11 07:00:00,26.8,0.0,81.0,349.0,4.8
2024-02-11 08:00:00,27.3,0.0,79.0,355.0,5.4
2024-02-11 09:00:00,28.0,0.0,76.9,353.0,6.3
2024-02-11 10:00:00,28.5,0.0,75.4,1.0,9.3
2024-02-11 11:00:00,28.7,0.0,75.0,349.0,6.7
2024-02-11 12:00:00,30.1,0.0,65.4,6.0,9.10001
2024-02-11 13:00:00,30.4,0.0,61.8,11.0,9.2
2024-02-11 14:00:00,30.5,0.0,63.9,13.0,11.0
2024-02-11 15:00:00,30.7,0.0,61.9,352.0,10.4
2024-02-11 16:00:00,30.6,0.0,63.0,351.0,10.4
2024-02-11 17:00:00,30.0,0.0,66.4,357.0,13.6
2024-02-11 18:00:00,28.6,0.0,71.5,349.0,10.9
2024-02-11 19:00:00,28.3,0.0,73.9,353.0,10.2
2024-02-11 20:00:00,27.9,0.0,75.6,344.0,6.0
2024-02-11 21:00:00,25.8,0.0,91.1,7.0,5.1
2024-02-11 22:00:00,25.2,0.2,90.9,357.0,9.60001
2024-02-11 23:00:00,25.1,0.2,93.8,326.0,2.4
2024-02-12 00:00:00,25.7,0.2,93.7,359.0,2.9
2024-02-12 01:00:00,26.1,0.0,90.5,324.0,3.5
2024-02-12 02:00:00,26.7,0.0,84.7,334.0,4.4
2024-02-12 03:00:00,27.0,0.0,83.3,337.0,4.8
2024-02-12 04:00:00,27.0,0.0,82.6,346.0,5.6
2024-02-12 05:00:00,27.0,0.0,81.0,354.0,6.5
2024-02-12 06:00:00,26.9,0.0,80.1,343.0,7.1
2024-02-12 07:00:00,27.0,0.0,81.1,336.0,5.3
2024-02-12 08:00:00,27.2,0.0,80.7,351.0,4.5
2024-02-12 09:00:00,25.9,0.0,86.1,32.0,4.3
2024-02-12 10:00:00,25.6,0.2,91.4,59.0,2.2
2024-02-12 11:00:00,26.1,0.0,91.5,356.0,1.7
2024-02-12 12:00:00,27.9,0.0,81.9,4.0,6.2
2024-02-12 13:00:00,29.1,0.0,71.5,355.0,8.10001
2024-02-12 14:00:00,25.2,0.0,90.7,346.0,11.4
2024-02-12 15:00:00,25.4,0.2,90.4,346.0,8.39999
2024-02-12 16:00:00,27.1,0.0,82.7,353.0,10.1
2024-02-12 17:00:00,27.8,0.0,74.4,353.0,11.9
2024-02-12 18:00:00,27.9,0.0,76.2,356.0,9.39999
2024-02-12 19:00:00,27.5,0.0,77.6,348.0,8.7
2024-02-12 20:00:00,27.2,0.0,80.9,343.0,5.5
2024-02-12 21:00:00,27.2,0.0,81.8,346.0,5.7
2024-02-12 22:00:00,27.2,0.0,81.1,340.0,6.2
2024-02-12 23:00:00,27.1,0.0,83.2,343.0,4.5
2024-02-13 00:00:00,26.9,0.0,84.0,347.0,5.8
2024-02-13 01:00:00,26.7,0.0,85.8,340.0,5.4
2024-02-13 02:00:00,26.3,0.0,86.1,340.0,6.0
2024-02-13 03:00:00,26.5,0.0,86.4,339.0,4.3
2024-02-13 04:00:00,26.5,0.0,86.1,339.0,4.6
2024-02-13 05:00:00,26.5,0.0,85.2,338.0,4.2
2024-02-13 06:00:00,26.5,0.0,84.6,331.0,4.6
2024-02-13 07:00:00,26.4,0.0,85.4,341.0,5.3
2024-02-13 08:00:00,26.3,0.0,84.4,345.0,8.2
2024-02-13 09:00:00,26.4,0.0,84.3,339.0,6.0
2024-02-13 10:00:00,27.3,0.0,82.3,347.0,7.7
2024-02-13 11:00:00,27.9,0.0,80.9,344.0,5.5
2024-02-13 12:00:00,29.0,0.0,78.5,3.0,7.1
2024-02-13 13:00:00,25.9,0.0,89.4,344.0,9.5
2024-02-13 14:00:00,26.7,0.0,86.5,339.0,4.2
2024-02-13 15:00:00,27.3,0.0,87.4,354.0,9.8
2024-02-13 16:00:00,28.9,0.0,74.8,354.0,9.39999
2024-02-13 17:00:00,29.0,0.0,75.7,353.0,12.0
2024-02-13 18:00:00,28.4,0.0,79.4,350.0,8.0
2024-02-13 19:00:00,28.3,0.0,79.2,351.0,9.39999
2024-02-13 20:00:00,28.1,0.0,79.0,350.0,15.4
2024-02-13 21:00:00,27.9,0.0,79.7,358.0,7.5
2024-02-13 22:00:00,27.9,0.0,80.8,352.0,6.4
2024-02-13 23:00:00,27.8,0.0,81.3,347.0,6.2
2024-02-14 00:00:00,27.7,0.0,82.8,353.0,6.4
2024-02-14 01:00:00,27.6,0.0,83.9,352.0,5.7
2024-02-14 02:00:00,27.0,0.0,87.7,2.0,5.6
2024-02-14 03:00:00,26.6,0.0,90.7,8.0,3.9
2024-02-14 04:00:00,26.9,0.0,88.6,356.0,5.5
2024-02-14 05:00:00,26.4,0.0,88.4,341.0,3.8
2024-02-14 06:00:00,26.6,0.0,88.8,4.0,4.5
2024-02-14 07:00:00,26.9,0.0,86.9,342.0,5.9
2024-02-14 08:00:00,27.2,0.0,85.2,347.0,5.6
2024-02-14 09:00:00,27.7,0.0,83.3,3.0,5.8
2024-02-14 10:00:00,28.2,0.0,80.9,356.0,8.60001
2024-02-14 11:00:00,29.2,0.0,76.8,14.0,7.6
2024-02-14 12:00:00,30.1,0.0,72.1,16.0,8.0
2024-02-14 13:00:00,30.6,0.0,66.4,22.0,9.5
2024-02-14 14:00:00,30.4,0.0,65.4,27.0,8.8
2024-02-14 15:00:00,30.3,0.0,66.2,20.0,7.6
2024-02-14 16:00:00,28.5,0.0,77.3,43.0,8.60001
2024-02-14 17:00:00,28.3,0.0,79.8,2.0,6.4
2024-02-14 18:00:00,29.1,0.0,73.8,8.0,6.8
2024-02-14 19:00:00,28.6,0.0,74.5,3.0,8.8
2024-02-14 20:00:00,28.2,0.0,79.7,4.0,7.1
2024-02-14 21:00:00,28.1,0.0,81.2,351.0,5.4
2024-02-14 22:00:00,28.0,0.0,80.8,355.0,6.2
2024-02-14 23:00:00,27.9,0.0,81.8,341.0,5.3
2024-02-15 00:00:00,27.6,0.0,83.6,345.0,4.5
2024-02-15 01:00:00,27.7,0.0,82.7,340.0,4.9
2024-02-15 02:00:00,26.3,0.0,88.2,330.0,3.0
2024-02-15 03:00:00,26.6,0.0,88.7,334.0,3.9
2024-02-15 04:00:00,26.7,0.0,87.9,318.0,2.7
2024-02-15 05:00:00,26.8,0.0,85.4,329.0,3.6
2024-02-15 06:00:00,26.8,0.0,87.1,337.0,3.7
2024-02-15 07:00:00,26.7,0.0,86.7,335.0,5.6
2024-02-15 08:00:00,26.6,0.0,87.9,334.0,3.4
2024-02-15 09:00:00,27.0,0.0,85.4,344.0,5.5
2024-02-15 10:00:00,27.0,0.0,84.7,340.0,6.6
2024-02-15 11:00:00,26.9,0.0,87.1,355.0,6.1
2024-02-15 12:00:00,27.3,0.0,83.8,342.0,6.5
2024-02-15 13:00:00,27.9,0.0,83.6,4.0,6.5
2024-02-15 14:00:00,29.0,0.0,71.1,357.0,11.0
2024-02-15 15:00:00,29.2,0.0,71.7,359.0,9.60001
2024-02-15 16:00:00,29.5,0.0,70.6,4.0,12.7
2024-02-15 17:00:00,27.8,0.0,78.0,356.0,10.7
2024-02-15 18:00:00,27.9,0.0,78.8,2.0,9.60001
2024-02-15 19:00:00,28.2,0.0,79.4,354.0,7.6
2024-02-15 20:00:00,27.9,0.0,80.6,351.0,6.7
2024-02-15 21:00:00,27.6,0.0,82.0,345.0,5.8
2024-02-15 22:00:00,27.6,0.0,81.2,356.0,5.9
2024-02-15 23:00:00,27.8,0.0,81.7,355.0,5.0
2024-02-16 00:00:00,27.7,0.0,81.6,357.0,5.4
2024-02-16 01:00:00,27.5,0.0,82.7,356.0,8.8
2024-02-16 02:00:00,27.4,0.0,83.2,349.0,5.1
2024-02-16 03:00:00,27.3,0.0,82.2,347.0,6.3
2024-02-16 04:00:00,27.3,0.0,82.8,358.0,4.1
2024-02-20 16:00:00,32.2,0.0,58.1,40.0,5.6
2024-02-20 17:00:00,31.5,0.0,63.4,25.0,6.6
2024-02-20 18:00:00,30.4,0.0,68.7,31.0,6.0
2024-02-20 19:00:00,29.6,0.0,70.1,24.0,4.7
2024-02-20 20:00:00,28.7,0.0,75.0,7.0,4.7
2024-02-20 21:00:00,28.2,0.0,79.4,4.0,6.2
2024-02-20 22:00:00,28.1,0.0,80.4,7.0,5.8
2024-02-20 23:00:00,28.1,0.0,81.4,6.0,4.8
2024-02-21 00:00:00,28.0,0.0,82.3,350.0,5.0
2024-02-21 01:00:00,27.8,0.0,83.3,6.0,4.4
2024-02-21 02:00:00,27.6,0.0,84.5,356.0,6.6
2024-02-21 03:00:00,27.5,0.0,84.6,342.0,5.4
2024-02-21 04:00:00,27.1,0.0,85.7,18.0,4.0
2024-02-21 05:00:00,27.2,0.0,85.5,347.0,4.1
2024-02-21 06:00:00,27.2,0.0,84.0,358.0,6.3
2024-02-21 07:00:00,27.1,0.0,85.0,351.0,4.3
2024-02-21 08:00:00,27.1,0.0,85.3,7.0,3.2
2024-02-21 09:00:00,27.8,0.0,81.3,10.0,5.0
2024-02-21 10:00:00,28.5,0.0,76.9,2.0,6.6
2024-02-21 11:00:00,29.2,0.0,71.9,358.0,6.9
2024-02-21 12:00:00,30.2,0.0,70.5,4.0,3.8
2024-02-21 13:00:00,31.2,0.0,66.0,28.0,3.0
2024-02-21 14:00:00,32.0,0.0,64.3,8.0,2.6
2024-02-21 15:00:00,29.1,0.0,81.0,98.0,10.9
2024-02-21 16:00:00,28.8,0.0,83.2,78.0,13.4
2024-02-21 17:00:00,28.6,0.4,84.3,78.0,9.2
2024-02-21 18:00:00,29.5,0.0,74.6,6.0,7.4
2024-02-21 19:00:00,29.0,0.0,73.4,355.0,7.4
2024-02-21 20:00:00,28.6,0.0,75.2,351.0,8.2
2024-02-21 21:00:00,28.2,0.0,76.9,358.0,6.9
2024-02-21 22:00:00,28.0,0.0,80.3,7.0,5.1
2024-02-21 23:00:00,27.8,0.0,81.3,24.0,3.5
2024-02-22 00:00:00,27.5,0.0,82.5,36.0,2.7
2024-02-22 01:00:00,27.4,0.0,82.8,10.0,4.2
2024-02-22 02:00:00,27.2,0.0,83.3,7.0,3.4
2024-02-22 03:00:00,27.0,0.0,84.2,10.0,3.1
2024-02-22 04:00:00,26.9,0.0,84.7,358.0,3.5
2024-02-22 05:00:00,26.7,0.0,85.3,1.0,2.6
2024-02-22 06:00:00,27.0,0.0,82.6,9.0,4.2
2024-02-22 07:00:00,27.2,0.0,81.4,3.0,3.9
2024-02-22 08:00:00,27.1,0.0,82.8,27.0,1.7
2024-02-22 09:00:00,28.9,0.0,74.7,35.0,2.4
2024-02-22 10:00:00,29.1,0.0,72.8,9.0,4.7
2024-02-22 11:00:00,29.8,0.0,68.6,352.0,4.2
2024-02-22 12:00:00,29.8,0.0,70.3,140.0,5.2
2024-02-22 13:00:00,29.3,0.0,76.4,97.0,7.5
2024-02-22 14:00:00,28.8,0.0,80.8,74.0,10.9
2024-02-22 15:00:00,29.7,0.0,72.3,64.0,8.7
2024-02-22 16:00:00,29.7,0.0,78.1,81.0,8.39999
2024-02-22 17:00:00,29.0,0.0,80.6,58.0,3.3
2024-02-22 18:00:00,29.3,0.0,75.6,13.0,5.1
2024-02-22 19:00:00,28.6,0.0,75.6,1.0,6.1
2024-02-22 20:00:00,28.4,0.0,75.3,344.0,5.0
2024-02-22 21:00:00,28.0,0.0,76.2,9.0,5.6
2024-02-22 22:00:00,27.9,0.0,79.4,345.0,4.5
2024-02-22 23:00:00,27.8,0.0,79.8,5.0,6.0
2024-02-23 00:00:00,27.8,0.0,79.1,355.0,5.3
2024-02-23 01:00:00,27.7,0.0,80.5,358.0,4.3
2024-02-23 02:00:00,27.4,0.0,81.5,11.0,5.4
2024-02-23 03:00:00,27.2,0.0,83.3,349.0,4.6
2024-02-23 04:00:00,27.2,0.0,82.9,344.0,4.6
2024-02-23 05:00:00,27.1,0.0,83.4,358.0,6.1
2024-02-23 06:00:00,27.0,0.0,84.3,358.0,6.1
2024-02-23 07:00:00,27.4,0.0,81.8,353.0,8.60001
2024-02-23 08:00:00,27.5,0.0,82.4,351.0,5.4
2024-02-23 09:00:00,28.2,0.0,80.6,354.0,5.8
2024-02-23 10:00:00,28.9,0.0,75.5,358.0,7.7
2024-02-23 11:00:00,29.6,0.0,69.8,352.0,7.6
2024-02-23 12:00:00,30.3,0.0,68.9,3.0,8.5
2024-02-23 13:00:00,30.7,0.0,64.2,3.0,9.3
2024-02-23 14:00:00,30.4,0.0,64.5,352.0,9.39999
2024-02-23 15:00:00,31.1,0.0,64.2,357.0,11.5
2024-02-23 16:00:00,31.0,0.0,64.3,4.0,13.0
2024-02-23 17:00:00,30.7,0.0,65.9,353.0,8.60001
2024-02-23 18:00:00,29.8,0.0,68.4,3.0,7.9
2024-02-23 19:00:00,29.1,0.0,67.7,355.0,8.7
2024-02-23 20:00:00,28.7,0.0,72.1,359.0,7.1
2024-02-23 21:00:00,28.2,0.0,75.8,4.0,5.9
2024-02-23 22:00:00,28.1,0.0,76.8,359.0,8.5
2024-02-23 23:00:00,27.9,0.0,78.2,6.0,6.1
2024-02-24 00:00:00,27.7,0.0,79.0,4.0,5.7
2024-02-24 01:00:00,27.7,0.0,78.4,9.0,4.8
2024-02-24 02:00:00,27.6,0.0,79.1,8.0,5.0
2024-02-24 03:00:00,27.3,0.0,80.3,352.0,5.8
2024-02-24 04:00:00,27.1,0.0,81.0,10.0,2.2
2024-02-24 05:00:00,27.2,0.0,80.9,348.0,4.6
2024-02-24 06:00:00,27.0,0.0,82.1,358.0,4.1
2024-02-24 07:00:00,26.9,0.0,81.8,350.0,4.1
2024-02-24 08:00:00,27.1,0.0,80.9,357.0,5.4
2024-02-24 09:00:00,28.1,0.0,75.2,352.0,8.2
2024-02-24 10:00:00,28.5,0.0,72.6,2.0,10.5
2024-02-24 11:00:00,29.4,0.0,67.9,358.0,10.3
2024-02-24 12:00:00,29.9,0.0,62.5,359.0,9.3
2024-02-24 13:00:00,30.0,0.0,62.4,359.0,8.7
2024-02-24 14:00:00,30.4,0.0,57.3,359.0,9.5
2024-02-24 15:00:00,31.1,0.0,57.6,13.0,8.2
2024-02-24 16:00:00,30.5,0.0,59.9,358.0,9.2
2024-02-24 17:00:00,30.3,0.0,57.5,355.0,10.8
2024-02-24 18:00:00,30.1,0.0,60.5,355.0,10.7
2024-02-24 19:00:00,29.3,0.0,64.4,352.0,10.5
2024-02-24 20:00:00,28.4,0.0,71.0,351.0,7.5
2024-02-24 21:00:00,28.0,0.0,75.1,349.0,8.2
2024-02-24 22:00:00,28.0,0.0,74.8,6.0,10.9
2024-02-24 23:00:00,27.9,0.0,76.1,357.0,10.0
2024-02-25 00:00:00,27.7,0.0,78.1,355.0,6.7
2024-02-25 01:00:00,27.4,0.0,79.9,346.0,5.9
2024-02-25 02:00:00,27.3,0.0,80.4,356.0,6.8
2024-02-25 03:00:00,27.1,0.0,81.0,349.0,6.9
2024-02-25 04:00:00,27.0,0.0,82.0,355.0,6.0
2024-02-25 05:00:00,27.1,0.0,81.0,355.0,5.4
2024-02-25 06:00:00,27.2,0.0,80.1,357.0,10.5
2024-02-25 07:00:00,27.0,0.0,81.3,349.0,5.3
2024-02-25 08:00:00,27.3,0.0,80.6,343.0,4.5
2024-02-25 09:00:00,28.1,0.0,77.3,357.0,7.4
2024-02-25 10:00:00,28.9,0.0,75.1,1.0,7.5
2024-02-25 11:00:00,29.5,0.0,68.4,355.0,7.6
2024-02-25 12:00:00,30.7,0.0,58.8,2.0,7.2
2024-02-25 13:00:00,31.1,0.0,56.1,4.0,7.6
2024-02-25 14:00:00,30.9,0.0,58.5,358.0,8.5
2024-02-25 15:00:00,31.7,0.0,56.2,348.0,8.89999
2024-02-25 16:00:00,31.5,0.0,57.6,10.0,8.3
2024-02-25 17:00:00,31.0,0.0,60.6,2.0,11.4
2024-02-25 18:00:00,31.0,0.0,62.8,354.0,7.9
2024-02-25 19:00:00,29.7,0.0,69.0,15.0,5.6
2024-02-25 20:00:00,28.8,0.0,76.2,8.0,6.8
2024-02-25 21:00:00,28.6,0.0,77.4,354.0,8.2
2024-02-25 22:00:00,28.4,0.0,79.1,354.0,6.0
2024-02-25 23:00:00,28.2,0.0,79.6,353.0,6.2
2024-02-26 00:00:00,28.2,0.0,79.7,356.0,7.1
2024-02-26 01:00:00,27.9,0.0,80.6,355.0,8.10001
2024-02-26 02:00:00,27.7,0.0,82.6,354.0,6.0
2024-02-26 03:00:00,27.4,0.0,83.8,352.0,6.3
2024-02-26 04:00:00,27.3,0.0,84.7,355.0,5.8
2024-02-26 05:00:00,27.2,0.0,82.8,2.0,7.0
2024-02-26 06:00:00,27.2,0.0,83.3,1.0,5.9
2024-02-26 07:00:00,27.1,0.0,83.6,11.0,4.3
2024-02-26 08:00:00,27.7,0.0,82.5,25.0,3.0
2024-02-26 09:00:00,28.4,0.0,78.5,3.0,8.89999
2024-02-26 10:00:00,29.0,0.0,76.5,9.0,6.9
2024-02-26 11:00:00,29.8,0.0,70.3,13.0,8.5
2024-02-26 12:00:00,30.7,0.0,63.9,11.0,9.3
2024-02-26 13:00:00,30.3,0.0,67.6,1.0,10.3
2024-02-26 14:00:00,30.6,0.0,66.1,358.0,9.5
2024-02-26 15:00:00,31.2,0.0,61.6,12.0,7.6
2024-02-26 16:00:00,29.6,0.0,73.1,5.0,8.89999
2024-02-26 17:00:00,30.4,0.0,65.4,13.0,7.9
2024-02-26 18:00:00,30.2,0.0,65.9,4.0,9.0
2024-02-26 19:00:00,29.2,0.0,71.4,9.0,9.5
2024-02-26 20:00:00,28.6,0.0,76.3,1.0,7.4
2024-02-26 21:00:00,28.4,0.0,77.2,358.0,8.0
2024-02-26 22:00:00,28.2,0.0,78.4,350.0,6.2
2024-02-26 23:00:00,28.1,0.0,79.1,359.0,6.4
2024-02-27 00:00:00,28.1,0.0,78.6,4.0,9.3
2024-02-27 01:00:00,28.2,0.0,77.7,359.0,8.60001
2024-02-27 02:00:00,28.0,0.0,79.9,353.0,5.7
2024-02-27 03:00:00,27.8,0.0,80.9,355.0,4.1
2024-02-27 04:00:00,27.7,0.0,81.5,354.0,6.0
2024-02-27 05:00:00,27.7,0.0,81.5,357.0,6.5
2024-02-27 06:00:00,27.9,0.0,79.9,357.0,8.2
2024-02-27 07:00:00,27.7,0.0,79.4,356.0,7.8
2024-02-27 08:00:00,27.8,0.0,79.9,351.0,4.1
2024-02-27 09:00:00,28.0,0.0,79.3,2.0,5.8
2024-02-27 10:00:00,28.2,0.0,80.1,344.0,4.0
2024-02-27 11:00:00,28.4,0.0,78.0,1.0,8.3
2024-02-27 12:00:00,27.6,0.0,80.2,353.0,3.7
2024-02-27 13:00:00,27.6,0.0,84.6,97.0,4.8
2024-02-27 14:00:00,29.0,0.0,73.9,13.0,5.3
2024-02-27 15:00:00,28.9,0.0,74.7,2.0,8.10001
2024-02-27 16:00:00,28.9,0.0,70.3,343.0,9.2
2024-02-27 17:00:00,29.5,0.0,70.3,345.0,7.5
2024-02-27 18:00:00,29.3,0.0,72.1,349.0,9.39999
2024-02-27 19:00:00,28.9,0.0,73.6,356.0,10.5
2024-02-27 20:00:00,28.3,0.0,77.7,358.0,8.60001
2024-02-27 21:00:00,28.0,0.0,79.1,353.0,9.8
2024-02-27 22:00:00,27.8,0.0,80.1,354.0,7.8
2024-02-27 23:00:00,27.7,0.0,82.0,358.0,7.9
2024-02-28 00:00:00,27.7,0.0,81.7,356.0,8.39999
2024-02-28 01:00:00,27.8,0.0,80.4,1.0,5.7
2024-02-28 02:00:00,27.7,0.0,80.7,4.0,5.8
2024-02-28 03:00:00,27.6,0.0,81.5,353.0,5.9
2024-02-28 04:00:00,27.7,0.0,79.1,351.0,7.3
2024-02-28 05:00:00,27.8,0.0,78.4,359.0,7.4
2024-02-28 06:00:00,27.8,0.0,76.6,1.0,11.3
2024-02-28 07:00:00,27.5,0.0,76.8,359.0,7.0
2024-02-28 08:00:00,27.8,0.0,76.5,357.0,7.2
2024-02-28 09:00:00,28.3,0.0,74.7,355.0,8.89999
2024-02-28 10:00:00,29.2,0.0,68.5,7.0,11.6
2024-02-28 11:00:00,30.3,0.0,62.2,15.0,8.8
2024-02-28 12:00:00,31.0,0.0,55.8,1.0,10.2
2024-02-28 13:00:00,30.2,0.0,63.4,351.0,10.7
2024-02-28 14:00:00,30.7,0.0,62.9,353.0,10.5
2024-02-28 15:00:00,30.5,0.0,56.1,2.0,12.1
2024-02-28 16:00:00,30.7,0.0,57.0,2.0,11.4
2024-02-28 17:00:00,30.2,0.0,61.4,355.0,11.7
2024-02-28 18:00:00,29.6,0.0,61.3,1.0,12.0
2024-02-28 19:00:00,29.1,0.0,63.4,359.0,13.0
2024-02-28 20:00:00,28.5,0.0,67.4,353.0,6.0
2024-02-28 21:00:00,28.2,0.0,72.8,356.0,9.0
2024-02-28 22:00:00,27.9,0.0,75.2,358.0,6.5
2024-02-28 23:00:00,27.9,0.0,76.2,350.0,4.7
2024-02-29 00:00:00,27.6,0.0,78.3,357.0,3.6
2024-02-29 01:00:00,27.4,0.0,79.7,350.0,4.7
2024-02-29 02:00:00,27.1,0.0,81.0,353.0,4.6
2024-02-29 03:00:00,27.1,0.0,81.5,353.0,4.3
2024-02-29 04:00:00,27.0,0.0,81.3,345.0,4.8
2024-02-29 05:00:00,26.9,0.0,82.5,349.0,4.5
2024-02-29 06:00:00,26.8,0.0,82.4,346.0,4.7
2024-02-29 07:00:00,26.9,0.0,81.8,349.0,5.4
2024-02-29 08:00:00,27.3,0.0,80.5,349.0,5.6
2024-02-29 09:00:00,28.2,0.0,77.1,358.0,7.9
2024-02-29 10:00:00,28.8,0.0,73.4,344.0,9.60001
2024-02-29 11:00:00,29.5,0.0,68.6,359.0,9.2
2024-02-29 12:00:00,30.8,0.0,61.0,358.0,8.5
2024-02-29 13:00:00,31.1,0.0,56.5,2.0,9.39999
2024-02-29 14:00:00,31.9,0.0,55.2,4.0,9.10001
2024-02-29 15:00:00,31.5,0.0,54.0,5.0,10.1
2024-02-29 16:00:00,32.0,0.0,56.5,358.0,8.39999
2024-02-29 17:00:00,31.2,0.0,58.4,1.0,11.3
2024-02-29 18:00:00,31.1,0.0,60.0,354.0,9.2
2024-02-29 19:00:00,30.3,0.0,65.1,351.0,6.6
2024-02-29 20:00:00,29.3,0.0,70.6,1.0,10.1
2024-02-29 21:00:00,28.7,0.0,76.1,355.0,6.2
2024-02-29 22:00:00,28.5,0.0,77.5,346.0,6.1
2024-02-29 23:00:00,28.3,0.0,78.1,349.0,5.3
2024-03-01 00:00:00,28.0,0.0,79.1,346.0,6.9
2024-03-01 01:00:00,27.7,0.0,79.9,349.0,5.5
2024-03-01 02:00:00,27.8,0.0,82.0,2.0,4.6
2024-03-01 03:00:00,27.5,0.0,84.5,351.0,4.5
2024-03-01 04:00:00,27.6,0.0,85.5,357.0,5.0
2024-03-01 05:00:00,27.7,0.0,83.0,354.0,5.1
2024-03-01 06:00:00,27.7,0.0,83.2,2.0,6.8
2024-03-01 07:00:00,27.7,0.0,83.2,352.0,5.7
2024-03-01 08:00:00,28.0,0.0,82.5,356.0,6.9
2024-03-01 09:00:00,28.6,0.0,80.6,359.0,4.9
2024-03-01 10:00:00,29.2,0.0,75.5,353.0,6.3
2024-03-01 11:00:00,30.0,0.0,71.5,352.0,7.8
2024-03-01 12:00:00,30.2,0.0,70.4,354.0,8.10001
2024-03-01 13:00:00,31.1,0.0,65.5,7.0,8.10001
2024-03-01 14:00:00,30.6,0.0,66.6,355.0,8.60001
2024-03-01 15:00:00,29.2,0.0,79.6,54.0,4.8
2024-03-01 16:00:00,30.6,0.0,67.0,3.0,9.0
2024-03-01 17:00:00,30.1,0.0,70.5,4.0,7.5
2024-03-01 18:00:00,29.6,0.0,72.0,357.0,8.3
2024-03-01 19:00:00,29.0,0.0,77.4,359.0,11.1
2024-03-01 20:00:00,28.9,0.0,75.8,358.0,8.10001
2024-03-01 21:00:00,28.8,0.0,77.3,355.0,8.2
2024-03-01 22:00:00,28.5,0.0,80.0,350.0,4.8
2024-03-01 23:00:00,28.4,0.0,80.9,354.0,6.6
2024-03-02 00:00:00,28.3,0.0,81.8,350.0,4.3
2024-03-02 01:00:00,28.1,0.0,82.8,357.0,4.6
2024-03-02 02:00:00,27.8,0.0,83.8,355.0,4.3
2024-03-02 03:00:00,27.7,0.0,84.6,353.0,4.2
2024-03-02 04:00:00,27.6,0.0,84.8,356.0,3.6
2024-03-02 05:00:00,27.6,0.0,84.0,340.0,4.0
2024-03-02 06:00:00,27.6,0.0,84.2,344.0,3.6
2024-03-02 07:00:00,27.5,0.0,83.5,342.0,3.1
2024-03-02 08:00:00,27.7,0.0,83.3,354.0,3.6
2024-03-02 09:00:00,28.5,0.0,79.7,342.0,4.4
2024-03-02 10:00:00,29.4,0.0,74.9,343.0,4.5
2024-03-02 11:00:00,30.0,0.0,71.8,358.0,7.7
2024-03-02 12:00:00,30.8,0.0,66.3,2.0,8.0
2024-03-02 13:00:00,27.7,0.2,80.1,9.0,12.0
2024-03-02 14:00:00,27.9,0.6,83.3,1.0,9.39999
2024-03-02 15:00:00,30.2,0.0,72.8,350.0,4.7
2024-03-02 16:00:00,30.3,0.0,66.7,358.0,12.7
2024-03-02 17:00:00,30.6,0.0,66.6,2.0,11.0
2024-03-02 18:00:00,29.5,0.0,71.7,2.0,12.6
2024-03-02 19:00:00,27.3,0.0,84.2,348.0,7.5
2024-03-02 20:00:00,27.9,0.0,79.1,347.0,6.4
2024-03-02 21:00:00,27.4,0.0,81.6,347.0,5.4
2024-03-02 22:00:00,27.3,0.0,83.8,350.0,5.3
2024-03-02 23:00:00,27.4,0.0,85.2,338.0,3.4
2024-03-03 00:00:00,27.4,0.0,85.4,351.0,4.5
2024-03-03 01:00:00,27.4,0.0,86.1,340.0,3.5
2024-03-03 02:00:00,27.3,0.0,86.4,356.0,6.1
2024-03-03 03:00:00,27.5,0.0,84.7,7.0,4.6
2024-03-03 04:00:00,26.6,0.0,87.5,14.0,5.3
2024-03-03 05:00:00,25.8,0.0,90.7,328.0,2.5
2024-03-03 06:00:00,26.5,0.0,90.2,344.0,4.6
2024-03-03 07:00:00,25.7,0.0,92.0,301.0,5.4
2024-03-03 08:00:00,26.1,0.0,89.9,316.0,7.2
2024-03-03 09:00:00,26.5,0.0,89.8,351.0,6.0
2024-03-03 10:00:00,26.5,0.0,89.1,341.0,7.0
2024-03-03 11:00:00,26.8,0.0,85.6,348.0,4.8
2024-03-03 12:00:00,28.2,0.0,80.1,352.0,8.0
2024-03-03 13:00:00,28.0,0.0,80.5,,6.1
2024-03-03 14:00:00,29.4,0.0,76.5,7.0,9.89999
2024-03-03 15:00:00,28.6,0.0,82.3,354.0,5.5
2024-03-03 16:00:00,28.5,0.0,84.8,1.0,5.5
2024-03-03 17:00:00,29.0,0.0,79.4,1.0,7.1
2024-03-03 18:00:00,27.9,0.0,89.2,49.0,2.1
2024-03-03 19:00:00,28.5,0.0,81.5,,6.4
2024-03-03 20:00:00,28.2,0.0,83.2,359.0,5.0
2024-03-03 21:00:00,28.2,0.0,81.9,2.0,6.9
2024-03-03 22:00:00,28.1,0.0,83.3,346.0,4.3
2024-03-03 23:00:00,28.0,0.0,82.4,349.0,6.6
2024-03-04 00:00:00,28.1,0.0,82.9,353.0,6.2
2024-03-04 01:00:00,27.8,0.0,83.8,3.0,4.3
2024-03-04 02:00:00,27.6,0.0,85.2,350.0,4.6
2024-03-04 03:00:00,27.6,0.0,84.8,1.0,4.0
2024-03-04 04:00:00,27.5,0.0,85.5,351.0,3.2
2024-03-04 05:00:00,27.4,0.0,85.9,348.0,3.3
2024-03-04 06:00:00,27.2,0.0,86.3,331.0,2.2
2024-03-04 07:00:00,27.1,0.0,86.5,332.0,2.8
2024-03-04 08:00:00,27.4,0.0,85.5,340.0,3.6
2024-03-04 09:00:00,28.4,0.0,82.6,341.0,4.2
2024-03-04 10:00:00,29.2,0.0,77.5,355.0,7.4
2024-03-04 11:00:00,29.3,0.0,77.2,4.0,7.2
2024-03-04 12:00:00,30.5,0.0,70.3,24.0,5.2
2024-03-04 13:00:00,30.6,0.0,69.4,34.0,4.7
2024-03-04 14:00:00,30.5,0.0,73.4,352.0,5.7
2024-03-04 15:00:00,30.7,0.0,68.2,5.0,6.1
2024-03-04 16:00:00,30.6,0.0,68.2,358.0,7.9
2024-03-04 17:00:00,30.0,0.0,72.0,32.0,4.9
2024-03-04 18:00:00,29.4,0.0,75.5,359.0,4.9
2024-03-04 19:00:00,29.1,0.0,76.1,28.0,4.2
2024-03-04 20:00:00,28.6,0.0,79.7,13.0,2.5
2024-03-04 21:00:00,27.7,0.0,85.6,245.0,3.7
2024-03-04 22:00:00,27.1,0.0,89.8,236.0,7.3
2024-03-04 23:00:00,25.5,0.2,93.1,166.0,15.8
2024-03-05 00:00:00,24.6,2.6,95.2,209.0,7.9
2024-03-05 01:00:00,24.4,0.4,96.5,353.0,2.7
2024-03-05 02:00:00,24.9,0.0,96.7,343.0,4.3
2024-03-05 03:00:00,25.1,0.0,96.6,322.0,3.6
2024-03-05 04:00:00,24.9,0.0,96.2,287.0,6.1
2024-03-05 05:00:00,25.8,0.0,95.4,337.0,3.9
2024-03-05 06:00:00,25.7,0.0,93.7,299.0,1.6
2024-03-05 07:00:00,25.9,0.0,93.7,300.0,1.2
2024-03-05 08:00:00,26.7,0.0,90.3,15.0,2.7
2024-03-05 09:00:00,27.8,0.0,87.2,346.0,3.3
2024-03-05 10:00:00,28.7,0.0,80.6,347.0,4.2
2024-03-05 11:00:00,29.5,0.0,74.9,58.0,4.0
2024-03-05 12:00:00,29.2,0.0,80.4,107.0,5.0
2024-03-05 13:00:00,29.1,0.0,83.0,110.0,7.3
2024-03-05 14:00:00,28.9,0.0,79.9,77.0,9.0
2024-03-05 15:00:00,29.1,0.0,76.8,77.0,5.9
2024-03-05 16:00:00,28.3,0.0,81.1,337.0,5.9
2024-03-05 17:00:00,27.5,0.0,81.2,51.0,2.0
2024-03-05 18:00:00,26.9,0.0,83.7,156.0,7.4
2024-03-05 19:00:00,25.6,0.0,93.6,11.0,5.5
2024-03-05 20:00:00,26.0,0.0,92.7,340.0,4.1
2024-03-05 21:00:00,26.0,0.0,91.6,347.0,3.1
2024-03-05 22:00:00,26.1,0.0,91.7,334.0,3.2
2024-03-05 23:00:00,26.2,0.0,90.7,336.0,3.2
2024-03-06 00:00:00,26.3,0.0,89.6,13.0,3.9
2024-03-06 01:00:00,26.0,0.0,91.6,251.0,2.1
2024-03-06 02:00:00,26.0,0.0,92.0,336.0,1.8
2024-03-06 03:00:00,26.2,0.0,92.1,275.0,0.6
2024-03-06 04:00:00,26.0,0.0,92.0,328.0,1.2
2024-03-06 05:00:00,26.0,0.0,91.9,264.0,2.7
2024-03-06 06:00:00,26.2,0.0,90.6,287.0,1.6
2024-03-06 07:00:00,26.2,0.0,89.9,327.0,2.4
2024-03-06 08:00:00,26.7,0.0,88.0,299.0,1.3
2024-03-06 09:00:00,28.0,0.0,80.7,331.0,3.0
2024-03-06 10:00:00,29.1,0.0,76.9,347.0,4.7
2024-03-06 11:00:00,29.9,0.0,73.7,351.0,5.8
2024-03-06 12:00:00,31.2,0.0,66.4,326.0,2.3
2024-03-06 13:00:00,29.5,0.0,78.4,148.0,6.7
2024-03-06 14:00:00,29.9,0.0,72.9,170.0,8.2
2024-03-06 15:00:00,28.6,0.0,80.4,48.0,8.2
2024-03-06 16:00:00,29.1,0.0,75.9,328.0,3.9
2024-03-06 17:00:00,29.1,0.0,76.3,301.0,3.2
2024-03-06 18:00:00,28.7,0.0,79.1,244.0,3.6
2024-03-06 19:00:00,29.1,0.0,75.7,327.0,2.3
2024-03-06 20:00:00,28.7,0.0,80.9,347.0,5.9
2024-03-06 21:00:00,28.6,0.0,81.8,343.0,2.7
2024-03-06 22:00:00,28.2,0.0,85.9,19.0,2.4
2024-03-06 23:00:00,27.9,0.0,87.1,20.0,1.6
2024-03-07 00:00:00,27.8,0.0,86.7,357.0,2.5
2024-03-07 01:00:00,28.1,0.0,85.0,308.0,2.5
2024-03-07 02:00:00,27.6,0.0,89.5,331.0,1.0
2024-03-07 03:00:00,27.5,0.0,89.9,318.0,1.3
2024-03-07 04:00:00,27.5,0.0,90.6,338.0,1.6
2024-03-07 05:00:00,27.6,0.0,89.6,359.0,2.6
2024-03-07 06:00:00,27.5,0.0,88.6,342.0,1.9
2024-03-07 07:00:00,27.4,0.0,89.6,312.0,1.2
2024-03-07 08:00:00,27.9,0.0,86.8,350.0,4.5
2024-03-07 09:00:00,28.6,0.0,82.8,359.0,5.0
2024-03-07 10:00:00,29.8,0.0,77.6,14.0,4.4
2024-03-07 11:00:00,30.0,0.0,70.5,5.0,5.3
2024-03-07 12:00:00,31.3,0.0,64.9,12.0,4.7
2024-03-07 13:00:00,29.3,0.0,82.3,96.0,8.2
2024-03-07 14:00:00,28.3,0.0,84.5,71.0,13.0
2024-03-07 15:00:00,28.7,0.0,82.3,1.0,5.4
2024-03-07 16:00:00,31.2,0.0,66.3,221.0,1.2
2024-03-07 17:00:00,29.3,0.0,80.1,75.0,8.0
2024-03-07 18:00:00,27.4,0.0,80.1,260.0,4.2
2024-03-07 19:00:00,27.2,0.0,86.6,328.0,4.5
2024-03-07 20:00:00,25.3,0.0,90.2,285.0,3.1
2024-03-07 21:00:00,26.9,0.0,90.1,345.0,3.3
2024-03-07 22:00:00,27.5,0.0,89.5,27.0,1.8
2024-03-07 23:00:00,28.3,0.0,84.2,359.0,4.6
2024-03-08 00:00:00,28.3,0.0,84.6,355.0,3.2
2024-03-08 01:00:00,27.7,0.0,90.2,336.0,0.9
2024-03-08 02:00:00,27.5,0.0,89.8,328.0,1.7
2024-03-08 03:00:00,27.3,0.0,89.5,350.0,2.1
2024-03-08 04:00:00,27.2,0.0,88.7,329.0,2.9
2024-03-08 05:00:00,27.4,0.0,87.2,335.0,3.3
2024-03-08 06:00:00,27.4,0.0,86.9,337.0,2.8
2024-03-08 07:00:00,27.3,0.0,86.6,304.0,2.0
2024-03-08 08:00:00,27.3,0.0,87.3,297.0,1.6
2024-03-08 09:00:00,27.9,0.0,83.7,273.0,1.9
2024-03-08 10:00:00,28.4,0.0,81.8,249.0,2.5
2024-03-08 11:00:00,28.9,0.0,76.1,264.0,4.2
2024-03-08 12:00:00,29.7,0.0,72.0,289.0,3.0
2024-03-08 13:00:00,30.2,0.0,69.9,291.0,2.8
2024-03-08 14:00:00,30.7,0.0,67.0,248.0,2.1
2024-03-08 15:00:00,28.5,0.0,84.9,196.0,12.2
2024-03-08 16:00:00,24.4,2.4,95.8,26.0,3.4
2024-03-08 17:00:00,24.5,0.0,95.7,79.0,1.9
2024-03-08 18:00:00,25.4,0.0,92.7,260.0,1.5
2024-03-08 19:00:00,26.0,0.0,91.9,39.0,4.7
2024-03-08 20:00:00,26.2,0.0,90.3,5.0,2.9
2024-03-08 21:00:00,26.4,0.0,88.4,17.0,2.4
2024-03-08 22:00:00,26.8,0.0,84.4,17.0,3.5
2024-03-08 23:00:00,26.4,0.0,85.1,321.0,2.1
2024-03-09 00:00:00,26.7,0.0,83.9,349.0,1.6
2024-03-09 01:00:00,26.9,0.0,83.2,344.0,4.1
2024-03-09 02:00:00,27.0,0.0,84.4,346.0,4.7
2024-03-09 03:00:00,26.8,0.0,87.4,346.0,2.4
2024-03-09 04:00:00,26.6,0.0,87.5,340.0,2.4
2024-03-09 05:00:00,26.7,0.0,87.1,341.0,2.8
2024-03-09 06:00:00,26.6,0.0,86.5,339.0,2.2
2024-03-09 07:00:00,26.9,0.0,85.0,350.0,4.7
2024-03-09 08:00:00,27.3,0.0,84.0,353.0,7.3
2024-03-09 09:00:00,27.7,0.0,81.2,353.0,4.9
2024-03-09 10:00:00,28.4,0.0,75.3,1.0,7.5
2024-03-09 11:00:00,29.6,0.0,70.6,356.0,5.6
2024-03-09 12:00:00,30.4,0.0,67.8,352.0,4.8
2024-03-09 13:00:00,30.9,0.0,64.4,44.0,4.7
2024-03-09 14:00:00,31.3,0.0,61.1,21.0,3.9
2024-03-09 15:00:00,31.2,0.0,57.5,42.0,4.8
2024-03-09 16:00:00,30.0,0.0,72.8,83.0,9.2
2024-03-09 17:00:00,31.2,0.0,60.8,30.0,4.3
2024-03-09 18:00:00,30.5,0.0,63.4,38.0,5.4
2024-03-09 19:00:00,29.7,0.0,70.5,46.0,5.0
2024-03-09 20:00:00,29.0,0.0,74.4,45.0,3.5
2024-03-09 21:00:00,28.4,0.0,78.8,18.0,2.6
2024-03-09 22:00:00,28.2,0.0,80.5,9.0,2.1
2024-03-09 23:00:00,28.0,0.0,82.1,4.0,2.1
2024-03-10 00:00:00,27.8,0.0,81.8,4.0,5.0
2024-03-10 01:00:00,28.0,0.0,81.5,1.0,5.4
2024-03-10 02:00:00,27.8,0.0,83.7,349.0,5.4
2024-03-10 03:00:00,27.7,0.0,84.1,342.0,3.9
2024-03-10 04:00:00,27.6,0.0,84.7,327.0,2.1
2024-03-10 05:00:00,27.2,0.0,85.9,330.0,2.5
2024-03-10 06:00:00,27.3,0.0,84.6,322.0,3.7
2024-03-10 07:00:00,27.1,0.0,85.0,296.0,3.2
2024-03-10 08:00:00,27.1,0.0,83.6,304.0,2.8
2024-03-10 09:00:00,27.3,0.0,82.9,313.0,2.2
2024-03-10 10:00:00,27.2,0.0,83.4,352.0,4.2
2024-03-10 11:00:00,28.6,0.0,76.2,314.0,3.6
2024-03-10 12:00:00,28.6,0.0,78.4,349.0,5.6
2024-03-10 13:00:00,30.0,0.0,72.7,345.0,6.4
2024-03-10 14:00:00,29.9,0.0,71.8,3.0,9.2
2024-03-10 15:00:00,30.5,0.0,68.7,348.0,10.4
2024-03-10 16:00:00,29.8,0.0,69.5,,13.0
2024-03-10 17:00:00,29.8,0.0,69.5,357.0,11.6
2024-03-10 18:00:00,29.4,0.0,69.3,356.0,12.2
2024-03-10 19:00:00,29.1,0.0,72.5,347.0,8.0
2024-03-10 20:00:00,28.6,0.0,75.5,358.0,7.6
2024-03-10 21:00:00,28.5,0.0,75.1,351.0,4.7
2024-03-10 22:00:00,28.4,0.0,75.3,344.0,4.8
2024-03-10 23:00:00,28.1,0.0,76.7,354.0,4.3
2024-03-11 00:00:00,27.9,0.0,78.2,344.0,4.1
2024-03-11 01:00:00,27.7,0.0,80.3,348.0,4.3
2024-03-11 02:00:00,27.9,0.0,76.1,350.0,6.8
2024-03-11 03:00:00,27.6,0.0,76.9,346.0,5.8
2024-03-11 04:00:00,27.2,0.0,80.0,345.0,5.6
2024-03-11 05:00:00,27.0,0.0,79.5,348.0,5.4
2024-03-11 06:00:00,27.0,0.0,79.1,345.0,4.8
2024-03-11 07:00:00,26.9,0.0,78.6,340.0,4.9
2024-03-11 08:00:00,27.1,0.0,78.1,335.0,5.2
2024-03-11 09:00:00,27.7,0.0,74.4,331.0,4.9
2024-03-11 10:00:00,28.4,0.0,72.3,336.0,4.9
2024-03-11 11:00:00,29.7,0.0,64.8,347.0,6.3
2024-03-11 12:00:00,30.0,0.0,62.9,358.0,7.7
2024-03-11 13:00:00,30.7,0.0,63.0,8.0,8.39999
2024-03-11 14:00:00,30.6,0.0,61.9,3.0,9.39999
2024-03-11 15:00:00,31.2,0.0,60.4,354.0,10.3
2024-03-11 16:00:00,30.8,0.0,61.3,10.0,9.2
2024-03-11 17:00:00,30.8,0.0,57.9,8.0,12.3
2024-03-11 18:00:00,31.1,0.0,59.9,345.0,6.4
2024-03-11 19:00:00,30.3,0.0,61.9,351.0,5.7
2024-03-11 20:00:00,29.7,0.0,65.6,299.0,1.4
2024-03-11 21:00:00,29.4,0.0,69.3,357.0,3.5
2024-03-11 22:00:00,27.9,0.0,79.1,354.0,7.5
2024-03-11 23:00:00,27.5,0.0,82.5,350.0,4.6
2024-03-12 00:00:00,28.4,0.0,75.6,344.0,4.0
2024-03-12 01:00:00,28.4,0.0,76.6,334.0,4.4
2024-03-12 02:00:00,28.0,0.0,79.1,340.0,4.2
2024-03-12 03:00:00,27.9,0.0,79.5,344.0,5.3
2024-03-12 04:00:00,27.8,0.0,79.6,338.0,4.3
2024-03-12 05:00:00,27.7,0.0,79.1,334.0,4.0
2024-03-12 06:00:00,27.7,0.0,79.1,341.0,3.7
2024-03-12 07:00:00,27.8,0.0,77.0,343.0,4.2
2024-03-12 08:00:00,27.9,0.0,76.6,338.0,4.9
2024-03-12 09:00:00,28.2,0.0,76.2,347.0,6.4
2024-03-12 10:00:00,29.3,0.0,71.2,347.0,8.0
2024-03-12 11:00:00,30.2,0.0,66.9,345.0,5.7
2024-03-12 12:00:00,30.5,0.0,63.3,333.0,6.0
2024-03-12 13:00:00,31.5,0.0,55.5,350.0,7.2
2024-03-12 14:00:00,31.3,0.0,57.0,4.0,8.89999
2024-03-12 15:00:00,31.1,0.0,59.0,1.0,9.89999
2024-03-12 16:00:00,30.0,0.0,67.5,1.0,12.8
2024-03-12 17:00:00,30.7,0.0,63.3,357.0,9.5
2024-03-12 18:00:00,30.3,0.0,60.6,357.0,9.3
2024-03-12 19:00:00,29.5,0.0,64.1,,9.8
2024-03-12 20:00:00,28.7,0.0,71.0,344.0,7.1
2024-03-12 21:00:00,28.4,0.0,73.2,343.0,7.7
2024-03-12 22:00:00,28.0,0.0,76.3,347.0,5.5
2024-03-12 23:00:00,27.9,0.0,77.1,350.0,5.0
2024-03-13 00:00:00,27.8,0.0,78.2,356.0,4.6
2024-03-13 01:00:00,27.6,0.0,78.1,347.0,4.2
2024-03-13 02:00:00,27.3,0.0,79.4,346.0,5.5
2024-03-13 03:00:00,27.1,0.0,78.9,348.0,6.2
2024-03-13 04:00:00,26.9,0.0,79.4,337.0,5.2
2024-03-13 05:00:00,26.7,0.0,80.1,338.0,4.6
2024-03-13 06:00:00,26.4,0.0,80.9,347.0,5.6
2024-03-13 07:00:00,26.3,0.0,82.2,351.0,3.6
2024-03-13 08:00:00,26.9,0.0,80.1,346.0,3.5
2024-03-13 09:00:00,27.9,0.0,75.3,342.0,7.4
2024-03-13 10:00:00,29.2,0.0,71.5,343.0,7.3
2024-03-13 11:00:00,29.9,0.0,63.5,352.0,8.39999
2024-03-13 12:00:00,30.4,0.0,62.6,7.0,9.0
2024-03-13 13:00:00,30.7,0.0,58.9,358.0,9.89999
2024-03-13 14:00:00,31.5,0.0,55.6,1.0,9.7
2024-03-13 15:00:00,31.5,0.0,51.1,4.0,10.5
2024-03-13 16:00:00,32.0,0.0,48.5,355.0,8.60001
2024-03-13 17:00:00,31.5,0.0,52.5,,10.1
2024-03-13 18:00:00,30.8,0.0,58.7,4.0,11.8
2024-03-13 19:00:00,29.9,0.0,62.6,358.0,13.9
2024-03-13 20:00:00,29.0,0.0,69.0,355.0,8.0
2024-03-13 21:00:00,28.6,0.0,71.4,353.0,6.1
2024-03-13 22:00:00,28.2,0.0,75.6,346.0,4.8
2024-03-13 23:00:00,28.0,0.0,77.2,351.0,4.7
2024-03-14 00:00:00,27.9,0.0,79.2,352.0,5.0
2024-03-14 01:00:00,27.5,0.0,81.4,351.0,5.6
2024-03-14 02:00:00,27.2,0.0,82.5,357.0,6.0
2024-03-14 03:00:00,27.2,0.0,82.8,351.0,5.9
2024-03-14 04:00:00,27.0,0.0,82.9,336.0,3.0
2024-03-14 05:00:00,26.9,0.0,83.7,342.0,4.3
2024-03-14 06:00:00,26.7,0.0,84.3,333.0,3.1
2024-03-14 07:00:00,26.5,0.0,84.6,354.0,3.9
2024-03-14 08:00:00,27.1,0.0,82.3,346.0,5.8
2024-03-14 09:00:00,27.5,0.0,80.4,342.0,6.0
2024-03-14 10:00:00,28.8,0.0,74.2,340.0,6.0
2024-03-14 11:00:00,29.7,0.0,67.8,347.0,8.0
2024-03-14 12:00:00,30.8,0.0,60.5,1.0,9.3
2024-03-14 13:00:00,31.5,0.0,59.4,2.0,7.4
2024-03-14 14:00:00,31.6,0.0,57.8,36.0,5.1
2024-03-14 15:00:00,31.6,0.0,59.0,4.0,8.3
2024-03-14 16:00:00,31.4,0.0,57.4,2.0,9.7
2024-03-14 17:00:00,31.2,0.0,60.1,6.0,7.2
2024-03-14 18:00:00,30.4,0.0,66.8,357.0,8.2
2024-03-14 19:00:00,29.2,0.0,73.3,359.0,9.89999
2024-03-14 20:00:00,28.6,0.0,75.2,353.0,11.6
2024-03-14 21:00:00,28.3,0.0,77.4,349.0,7.6
2024-03-14 22:00:00,28.2,0.0,77.1,345.0,4.7
2024-03-14 23:00:00,28.0,0.0,75.9,351.0,6.3
2024-03-15 00:00:00,28.0,0.0,75.4,,7.8
2024-03-15 01:00:00,27.6,0.0,77.7,3.0,6.6
2024-03-15 02:00:00,27.4,0.0,78.8,353.0,3.4
2024-03-15 03:00:00,27.2,0.0,79.3,350.0,3.5
2024-03-15 04:00:00,27.1,0.0,79.3,328.0,3.1
2024-03-15 05:00:00,27.0,0.0,80.3,21.0,3.6
2024-03-15 06:00:00,26.9,0.0,80.7,346.0,1.9
2024-03-15 07:00:00,26.8,0.0,81.3,348.0,3.1
2024-03-15 08:00:00,27.3,0.0,78.9,351.0,3.4
2024-03-15 09:00:00,28.6,0.0,73.6,2.0,4.8
2024-03-15 10:00:00,29.0,0.0,70.8,4.0,7.5
2024-03-15 11:00:00,29.9,0.0,66.2,357.0,7.6
2024-03-15 12:00:00,30.2,0.0,62.0,357.0,7.4
2024-03-15 13:00:00,30.4,0.0,60.8,4.0,7.7
2024-03-15 14:00:00,30.5,0.0,60.2,6.0,8.89999
2024-03-15 15:00:00,30.6,0.0,62.4,6.0,6.5
2024-03-15 16:00:00,30.1,0.0,63.7,7.0,9.0
2024-03-15 17:00:00,29.7,0.0,67.4,4.0,7.6
2024-03-15 18:00:00,29.6,0.0,67.1,1.0,10.0
2024-03-15 19:00:00,29.0,0.0,68.6,5.0,6.4
2024-03-15 20:00:00,28.6,0.0,66.7,4.0,6.7
2024-03-15 21:00:00,28.6,0.0,66.1,354.0,8.8
2024-03-15 22:00:00,28.4,0.0,69.1,356.0,8.89999
2024-03-15 23:00:00,28.0,0.0,74.8,354.0,5.5
2024-03-16 00:00:00,27.9,0.0,75.7,356.0,6.1
2024-03-16 01:00:00,27.5,0.0,78.7,4.0,4.7
2024-03-16 02:00:00,27.3,0.0,81.2,4.0,5.1
2024-03-16 03:00:00,26.9,0.0,83.1,4.0,3.0
2024-03-16 04:00:00,26.9,0.0,83.3,351.0,4.4
2024-03-16 05:00:00,27.0,0.0,84.2,350.0,3.1
2024-03-16 06:00:00,26.8,0.0,84.1,350.0,3.9
2024-03-16 07:00:00,26.7,0.0,84.1,346.0,3.1
2024-03-16 08:00:00,27.5,0.0,79.4,352.0,5.5
2024-03-16 09:00:00,28.2,0.0,75.3,,8.2
2024-03-16 10:00:00,28.6,0.0,73.6,358.0,8.89999
2024-03-16 11:00:00,29.7,0.0,69.2,358.0,7.8
2024-03-16 12:00:00,30.8,0.0,61.8,2.0,8.39999
2024-03-16 13:00:00,31.5,0.0,59.5,19.0,6.0
2024-03-16 14:00:00,31.8,0.0,55.8,12.0,6.8
2024-03-16 15:00:00,32.7,0.0,53.2,358.0,6.1
2024-03-16 16:00:00,32.1,0.0,56.0,347.0,7.5
2024-03-16 17:00:00,31.2,0.0,60.8,4.0,9.5
2024-03-16 18:00:00,30.5,0.0,61.7,7.0,9.10001
2024-03-16 19:00:00,29.5,0.0,69.2,13.0,5.6
2024-03-16 20:00:00,28.8,0.0,74.0,9.0,3.8
2024-03-16 21:00:00,28.6,0.0,75.4,356.0,5.9
2024-03-16 22:00:00,28.5,0.0,74.8,1.0,7.3
2024-03-16 23:00:00,28.3,0.0,77.1,359.0,7.4
2024-03-17 00:00:00,28.1,0.0,78.5,357.0,8.5
2024-03-17 01:00:00,28.0,0.0,79.1,355.0,8.60001
2024-03-17 02:00:00,27.8,0.0,79.8,1.0,5.8
2024-03-17 03:00:00,27.8,0.0,79.4,343.0,3.2
2024-03-17 04:00:00,27.4,0.0,81.0,341.0,4.4
2024-03-17 05:00:00,27.4,0.0,80.9,345.0,5.6
2024-03-17 06:00:00,27.1,0.0,82.4,350.0,3.5
2024-03-17 07:00:00,27.0,0.0,83.0,349.0,3.8
2024-03-17 08:00:00,27.7,0.0,80.8,347.0,3.7
2024-03-17 09:00:00,28.5,0.0,75.5,341.0,5.7
2024-03-17 10:00:00,29.5,0.0,70.3,343.0,6.8
2024-03-17 11:00:00,30.3,0.0,67.3,344.0,8.0
2024-03-17 12:00:00,31.2,0.0,61.7,354.0,8.8
2024-03-17 13:00:00,31.6,0.0,60.4,10.0,9.8
2024-03-17 14:00:00,31.9,0.0,57.9,359.0,9.2
2024-03-17 15:00:00,31.6,0.0,58.1,358.0,10.9
2024-03-17 16:00:00,31.7,0.0,59.4,359.0,13.0
2024-03-17 17:00:00,31.1,0.0,63.6,349.0,10.9
2024-03-17 18:00:00,30.1,0.0,66.6,358.0,14.1
2024-03-17 19:00:00,29.6,0.0,69.2,,12.4
2024-03-17 20:00:00,29.1,0.0,74.3,2.0,9.7
2024-03-17 21:00:00,28.8,0.0,76.6,358.0,7.7
2024-03-17 22:00:00,28.6,0.0,77.6,358.0,6.7
2024-03-17 23:00:00,28.5,0.0,77.3,353.0,5.8
2024-03-18 00:00:00,28.1,0.0,77.2,351.0,7.2
2024-03-18 01:00:00,27.9,0.0,78.0,347.0,4.4
2024-03-18 02:00:00,27.7,0.0,78.9,349.0,4.9
2024-03-18 03:00:00,27.5,0.0,79.3,345.0,4.8
2024-03-18 04:00:00,27.3,0.0,80.9,351.0,5.5
2024-03-18 05:00:00,26.9,0.0,81.6,356.0,4.6
2024-03-18 06:00:00,27.0,0.0,81.6,353.0,3.8
2024-03-18 07:00:00,27.0,0.0,79.6,343.0,3.1
2024-03-18 08:00:00,27.8,0.0,76.9,359.0,4.2
2024-03-18 09:00:00,28.8,0.0,74.1,7.0,4.9
2024-03-18 10:00:00,29.2,0.0,70.1,4.0,8.3
2024-03-18 11:00:00,30.3,0.0,64.0,353.0,8.0
2024-03-18 12:00:00,30.8,0.0,59.3,359.0,6.9
2024-03-18 13:00:00,31.6,0.0,55.8,358.0,8.7
2024-03-18 14:00:00,32.2,0.0,52.4,358.0,7.6
2024-03-18 15:00:00,32.4,0.0,51.4,355.0,8.3
2024-03-18 16:00:00,32.3,0.0,53.3,1.0,8.3
2024-03-18 17:00:00,32.5,0.0,55.6,10.0,6.8
2024-03-18 18:00:00,31.9,0.0,59.5,12.0,6.1
2024-03-18 19:00:00,30.3,0.0,66.3,5.0,7.9
2024-03-18 20:00:00,29.4,0.0,74.7,355.0,9.89999
2024-03-18 21:00:00,29.0,0.0,76.2,359.0,8.0
2024-03-18 22:00:00,28.7,0.0,78.5,8.0,4.9
2024-03-18 23:00:00,28.6,0.0,79.4,359.0,6.5
2024-03-19 00:00:00,28.4,0.0,81.2,353.0,5.8
2024-03-19 01:00:00,28.3,0.0,81.0,354.0,5.4
2024-03-19 02:00:00,28.1,0.0,82.3,348.0,5.4
2024-03-19 03:00:00,28.0,0.0,83.1,3.0,6.0
2024-03-19 04:00:00,27.9,0.0,83.5,4.0,5.5
2024-03-19 05:00:00,27.8,0.0,82.9,359.0,6.6
2024-03-19 06:00:00,27.6,0.0,83.8,9.0,4.8
2024-03-19 07:00:00,27.7,0.0,81.6,356.0,4.8
2024-03-19 08:00:00,28.0,0.0,80.3,358.0,4.6
2024-03-19 09:00:00,28.9,0.0,74.3,352.0,9.3
2024-03-19 10:00:00,29.7,0.0,69.6,3.0,10.9
2024-03-19 11:00:00,30.6,0.0,67.5,1.0,8.60001
2024-03-19 12:00:00,30.9,0.0,60.8,355.0,9.3
2024-03-19 13:00:00,31.7,0.0,59.4,24.0,6.5
2024-03-19 14:00:00,31.8,0.0,60.5,28.0,6.6
2024-03-19 15:00:00,31.6,0.0,62.3,356.0,9.3
2024-03-19 16:00:00,31.2,0.0,63.8,357.0,7.2
2024-03-19 17:00:00,30.7,0.0,63.7,4.0,7.7
2024-03-19 18:00:00,29.9,0.0,67.6,3.0,9.60001
2024-03-19 19:00:00,29.4,0.0,72.0,1.0,7.0
2024-03-19 20:00:00,28.8,0.0,73.8,3.0,9.10001
2024-03-19 21:00:00,28.6,0.0,74.8,9.0,7.6
2024-03-19 22:00:00,28.4,0.0,77.4,7.0,6.7
2024-03-19 23:00:00,28.1,0.0,79.4,9.0,5.1
2024-03-20 00:00:00,28.1,0.0,79.2,9.0,5.2
2024-03-20 01:00:00,28.1,0.0,78.9,7.0,5.9
2024-03-20 02:00:00,28.0,0.0,78.8,3.0,5.2
2024-03-20 03:00:00,27.8,0.0,79.9,359.0,5.6
2024-03-20 04:00:00,27.7,0.0,80.3,3.0,5.4
2024-03-20 05:00:00,27.5,0.0,80.7,5.0,4.0
2024-03-20 06:00:00,27.5,0.0,80.6,9.0,4.5
2024-03-20 07:00:00,27.6,0.0,79.7,1.0,5.1
2024-03-20 08:00:00,28.2,0.0,77.7,,5.1
2024-03-20 09:00:00,29.0,0.0,74.6,3.0,6.9
2024-03-20 10:00:00,29.6,0.0,72.5,355.0,6.8
2024-03-20 11:00:00,30.1,0.0,69.0,354.0,7.8
2024-03-20 12:00:00,30.6,0.0,65.3,2.0,9.0
2024-03-20 13:00:00,30.5,0.0,67.6,357.0,11.1
2024-03-20 14:00:00,30.2,0.0,68.0,349.0,9.89999
2024-03-20 15:00:00,30.4,0.0,65.4,4.0,11.0
2024-03-20 16:00:00,30.7,0.0,63.8,350.0,11.1
2024-03-20 17:00:00,30.0,0.0,66.9,359.0,12.8
2024-03-20 18:00:00,30.2,0.0,65.5,352.0,8.5
2024-03-20 19:00:00,29.5,0.0,69.8,3.0,8.89999
2024-03-20 20:00:00,29.0,0.0,73.7,352.0,8.0
2024-03-20 21:00:00,28.7,0.0,76.2,352.0,8.2
2024-03-20 22:00:00,28.5,0.0,77.2,359.0,7.0
2024-03-20 23:00:00,28.5,0.0,77.1,4.0,7.1
2024-03-21 00:00:00,28.4,0.0,79.0,356.0,7.6
2024-03-21 01:00:00,28.4,0.0,77.7,351.0,7.9
2024-03-21 02:00:00,28.1,0.0,78.3,1.0,6.3
2024-03-21 03:00:00,28.0,0.0,78.7,16.0,5.0
2024-03-21 04:00:00,27.7,0.0,79.6,359.0,4.4
2024-03-21 05:00:00,27.6,0.0,79.7,9.0,4.4
2024-03-21 06:00:00,27.7,0.0,79.7,4.0,5.1
2024-03-21 07:00:00,28.0,0.0,79.2,356.0,6.4
2024-03-21 08:00:00,28.0,0.0,80.7,354.0,4.6
2024-03-21 09:00:00,28.0,0.0,75.2,4.0,8.2
2024-03-21 10:00:00,28.3,0.0,76.9,9.0,7.3
2024-03-21 11:00:00,29.8,0.0,72.4,29.0,6.1
2024-03-21 12:00:00,30.3,0.0,69.0,3.0,6.0
2024-03-21 13:00:00,30.7,0.0,65.6,358.0,8.0
2024-03-21 14:00:00,30.8,0.0,68.4,16.0,7.6
2024-03-21 15:00:00,30.7,0.0,67.0,350.0,8.7
2024-03-21 16:00:00,30.2,0.0,70.9,15.0,7.7
2024-03-21 17:00:00,30.0,0.0,69.3,1.0,7.4
2024-03-21 18:00:00,30.4,0.0,65.8,353.0,9.7
2024-03-21 19:00:00,29.6,0.0,66.8,2.0,8.5
2024-03-21 20:00:00,28.9,0.0,71.8,7.0,7.5
2024-03-21 21:00:00,28.6,0.0,75.2,6.0,6.4
2024-03-21 22:00:00,28.3,0.0,77.1,6.0,5.4
2024-03-21 23:00:00,28.4,0.0,77.5,359.0,6.2
2024-03-22 00:00:00,28.2,0.0,78.2,,7.0
2024-03-22 01:00:00,27.9,0.0,80.0,349.0,5.4
2024-03-22 02:00:00,27.8,0.0,80.3,351.0,5.3
2024-03-22 03:00:00,27.6,0.0,82.7,1.0,3.9
2024-03-22 04:00:00,27.4,0.0,82.9,11.0,4.0
2024-03-22 05:00:00,27.5,0.0,82.3,14.0,4.4
2024-03-22 06:00:00,27.6,0.0,81.6,2.0,6.0
2024-03-22 07:00:00,27.5,0.0,80.3,353.0,5.0
2024-03-22 08:00:00,27.9,0.0,77.4,2.0,4.6
2024-03-22 09:00:00,28.7,0.0,72.1,5.0,6.9
2024-03-22 10:00:00,29.2,0.0,70.0,17.0,5.7
2024-03-22 11:00:00,30.2,0.0,62.2,356.0,6.3
2024-03-22 12:00:00,30.5,0.0,59.6,347.0,7.1
2024-03-22 13:00:00,31.3,0.0,54.9,4.0,8.0
2024-03-22 14:00:00,31.9,0.0,54.7,357.0,6.9
2024-03-22 15:00:00,31.6,0.0,56.1,14.0,9.3
2024-03-22 16:00:00,31.6,0.0,55.0,354.0,9.8
2024-03-22 17:00:00,31.3,0.0,55.3,5.0,7.9
2024-03-22 18:00:00,30.3,0.0,59.3,21.0,6.3
2024-03-22 19:00:00,29.4,0.0,63.7,15.0,5.9
2024-03-22 20:00:00,28.6,0.0,71.3,14.0,5.1
2024-03-22 21:00:00,28.4,0.0,70.4,11.0,6.4
2024-03-22 22:00:00,28.3,0.0,74.1,8.0,6.0
2024-03-22 23:00:00,27.9,0.0,76.3,47.0,3.2
2024-03-23 00:00:00,28.0,0.0,76.5,36.0,3.6
2024-03-23 01:00:00,27.9,0.0,75.5,39.0,3.4
2024-03-23 02:00:00,27.5,0.0,77.7,6.0,3.5
2024-03-23 03:00:00,27.5,0.0,78.4,354.0,3.8
2024-03-23 04:00:00,27.3,0.0,79.1,12.0,4.4
2024-03-23 05:00:00,27.4,0.0,79.9,7.0,5.1
2024-03-23 06:00:00,27.3,0.0,80.7,2.0,4.9
2024-03-23 07:00:00,27.3,0.0,80.6,25.0,3.4
2024-03-23 08:00:00,27.9,0.0,78.3,359.0,4.8
2024-03-23 09:00:00,28.7,0.0,72.2,13.0,5.8
2024-03-23 10:00:00,29.8,0.0,67.3,42.0,5.0
2024-03-23 11:00:00,30.0,0.0,66.1,359.0,7.1
2024-03-23 12:00:00,31.1,0.0,61.3,3.0,5.8
2024-03-23 13:00:00,31.9,0.0,57.0,350.0,5.6
2024-03-23 14:00:00,31.3,0.0,64.7,47.0,4.1
2024-03-23 15:00:00,30.1,0.0,74.5,94.0,11.3
2024-03-23 16:00:00,32.4,0.0,55.0,41.0,6.3
2024-03-23 17:00:00,32.5,0.0,53.0,35.0,5.8
2024-03-23 18:00:00,32.0,0.0,53.1,46.0,4.7
2024-03-23 19:00:00,30.1,0.0,66.6,35.0,5.6
2024-03-23 20:00:00,29.0,0.0,70.8,18.0,4.6
2024-03-23 21:00:00,28.5,0.0,75.1,7.0,5.2
2024-03-23 22:00:00,28.3,0.0,77.8,24.0,3.7
2024-03-23 23:00:00,28.0,0.0,79.7,10.0,3.7
2024-03-24 00:00:00,27.9,0.0,80.6,20.0,2.9
2024-03-24 01:00:00,27.7,0.0,79.2,17.0,3.5
2024-03-24 02:00:00,27.7,0.0,77.9,25.0,2.8
2024-03-24 03:00:00,27.6,0.0,78.0,10.0,4.2
2024-03-24 04:00:00,27.6,0.0,79.8,349.0,6.2
2024-03-24 05:00:00,27.4,0.0,80.2,8.0,4.0
2024-03-24 06:00:00,27.2,0.0,80.8,10.0,2.9
2024-03-24 07:00:00,27.8,0.0,77.5,352.0,5.2
2024-03-24 08:00:00,28.2,0.0,75.8,2.0,4.2
2024-03-24 09:00:00,29.3,0.0,69.1,18.0,4.9
2024-03-24 10:00:00,29.7,0.0,71.0,5.0,6.1
2024-03-24 11:00:00,29.9,0.0,68.5,359.0,5.3
2024-03-24 12:00:00,31.2,0.0,65.1,11.0,5.4
2024-03-24 13:00:00,29.5,0.0,76.9,102.0,11.5
2024-03-24 14:00:00,29.4,0.0,78.1,98.0,12.4
2024-03-24 15:00:00,29.5,0.0,78.1,94.0,12.2
2024-03-24 16:00:00,29.6,0.0,78.9,84.0,13.0
2024-03-24 17:00:00,29.8,0.0,78.6,85.0,14.1
2024-03-24 18:00:00,31.2,0.0,65.8,43.0,7.2
2024-03-24 19:00:00,29.9,0.0,68.8,14.0,6.6
2024-03-24 20:00:00,28.9,0.0,75.4,14.0,5.1
2024-03-24 21:00:00,28.6,0.0,77.1,12.0,5.3
2024-03-24 22:00:00,28.4,0.0,78.4,14.0,4.6
2024-03-24 23:00:00,28.2,0.0,78.8,9.0,4.9
2024-03-25 00:00:00,28.1,0.0,79.3,10.0,5.0
2024-03-25 01:00:00,28.0,0.0,78.5,6.0,5.2
2024-03-25 02:00:00,27.8,0.0,81.4,357.0,3.6
2024-03-25 03:00:00,27.6,0.0,81.5,1.0,4.5
2024-03-25 04:00:00,27.4,0.0,83.8,8.0,3.5
2024-03-25 05:00:00,27.3,0.0,83.7,1.0,4.6
2024-03-25 06:00:00,27.4,0.0,81.8,2.0,3.8
2024-03-25 07:00:00,27.5,0.0,82.2,7.0,4.2
2024-03-25 08:00:00,28.3,0.0,79.1,353.0,6.2
2024-03-25 09:00:00,28.9,0.0,75.9,353.0,7.9
2024-03-25 10:00:00,29.4,0.0,73.0,356.0,7.6
2024-03-25 11:00:00,30.3,0.0,67.6,6.0,6.5
2024-03-25 12:00:00,31.2,0.0,63.3,356.0,5.0
2024-03-25 13:00:00,31.7,0.0,59.9,359.0,5.1
2024-03-25 14:00:00,32.1,0.0,58.0,43.0,4.3
2024-03-25 15:00:00,32.4,0.0,56.3,11.0,7.7
2024-03-25 16:00:00,32.4,0.0,57.5,37.0,6.2
2024-03-25 17:00:00,31.8,0.0,56.7,47.0,8.0
2024-03-25 18:00:00,31.7,0.0,59.8,20.0,5.9
2024-03-25 19:00:00,30.3,0.0,64.8,11.0,6.2
2024-03-25 20:00:00,29.3,0.0,70.4,6.0,6.7
2024-03-25 21:00:00,29.0,0.0,72.3,11.0,5.1
2024-03-25 22:00:00,28.6,0.0,77.4,15.0,3.9
2024-03-25 23:00:00,28.6,0.0,79.0,18.0,4.3
2024-03-26 00:00:00,28.4,0.0,79.2,25.0,3.5
2024-03-26 01:00:00,28.4,0.0,79.6,12.0,4.6
2024-03-26 02:00:00,28.3,0.0,81.7,352.0,4.0
2024-03-26 03:00:00,28.2,0.0,81.1,350.0,3.9
2024-03-26 04:00:00,28.1,0.0,81.5,346.0,3.6
2024-03-26 05:00:00,28.2,0.0,80.5,,5.1
2024-03-26 06:00:00,28.1,0.0,82.6,352.0,5.4
2024-03-26 07:00:00,28.1,0.0,83.1,1.0,4.7
2024-03-26 08:00:00,28.8,0.0,80.2,358.0,5.2
2024-03-26 09:00:00,29.3,0.0,77.4,15.0,7.1
2024-03-26 10:00:00,30.1,0.0,70.3,23.0,6.2
2024-03-26 11:00:00,31.1,0.0,64.9,1.0,7.3
2024-03-26 12:00:00,31.2,0.0,60.3,5.0,7.4
2024-03-26 13:00:00,32.1,0.0,53.9,1.0,9.2
2024-03-26 14:00:00,32.4,0.0,55.3,16.0,6.7
2024-03-26 15:00:00,32.8,0.0,56.0,354.0,7.5
2024-03-26 16:00:00,32.1,0.0,62.0,356.0,8.3
2024-03-26 17:00:00,31.8,0.0,57.8,22.0,9.89999
2024-03-26 18:00:00,31.2,0.0,62.3,7.0,7.4
2024-03-26 19:00:00,30.1,0.0,67.0,358.0,7.6
2024-03-26 20:00:00,29.3,0.0,70.4,14.0,5.9
2024-03-26 21:00:00,29.0,0.0,70.7,12.0,5.5
2024-03-26 22:00:00,28.7,0.0,73.6,11.0,5.5
2024-03-26 23:00:00,28.5,0.0,77.0,11.0,6.0
2024-03-27 00:00:00,28.3,0.0,78.2,6.0,5.7
2024-03-27 01:00:00,28.3,0.0,78.3,11.0,5.5
2024-03-27 02:00:00,28.1,0.0,80.7,358.0,4.2
2024-03-27 03:00:00,27.8,0.0,83.0,354.0,3.8
2024-03-27 04:00:00,27.8,0.0,84.9,7.0,3.9
2024-03-27 05:00:00,27.9,0.0,82.8,10.0,5.2
2024-03-27 06:00:00,27.9,0.0,82.8,344.0,3.1
2024-03-27 07:00:00,27.8,0.0,82.7,346.0,3.5
2024-03-27 08:00:00,28.2,0.0,80.7,345.0,4.0
2024-03-27 09:00:00,28.7,0.0,77.1,358.0,7.2
2024-03-27 10:00:00,29.5,0.0,73.3,9.0,7.9
2024-03-27 11:00:00,30.3,0.0,66.0,5.0,8.7
2024-03-27 12:00:00,31.0,0.0,59.7,3.0,6.1
2024-03-27 13:00:00,31.8,0.0,58.2,4.0,8.60001
2024-03-27 14:00:00,32.1,0.0,56.6,14.0,7.5
2024-03-27 15:00:00,32.6,0.0,53.4,35.0,6.4
2024-03-27 16:00:00,32.1,0.0,54.2,359.0,7.2
2024-03-27 17:00:00,31.5,0.0,62.6,359.0,7.3
2024-03-27 18:00:00,31.1,0.0,64.4,15.0,6.5
2024-03-27 19:00:00,30.1,0.0,69.0,21.0,6.0
2024-03-27 20:00:00,29.4,0.0,73.9,30.0,5.2
2024-03-27 21:00:00,29.1,0.0,75.8,9.0,6.2
2024-03-27 22:00:00,29.0,0.0,77.8,33.0,3.4
2024-03-27 23:00:00,29.0,0.0,78.1,7.0,4.0
2024-03-28 00:00:00,29.0,0.0,77.7,8.0,3.9
2024-03-28 01:00:00,29.0,0.0,78.0,339.0,3.5
2024-03-28 02:00:00,28.8,0.0,80.5,7.0,2.7
2024-03-28 03:00:00,28.6,0.0,80.6,2.0,3.0
2024-03-28 04:00:00,28.1,0.0,82.7,14.0,3.3
2024-03-28 05:00:00,28.0,0.0,85.0,6.0,3.7
2024-03-28 06:00:00,28.2,0.0,84.0,350.0,5.0
2024-03-28 07:00:00,28.1,0.0,83.8,356.0,3.8
2024-03-28 08:00:00,29.0,0.0,80.9,43.0,2.2
2024-03-28 09:00:00,29.4,0.0,75.4,16.0,5.6
2024-03-28 10:00:00,29.9,0.0,73.9,13.0,5.8
2024-03-28 11:00:00,30.4,0.0,70.5,41.0,6.4
2024-03-28 12:00:00,29.4,0.0,78.6,84.0,14.6
2024-03-28 13:00:00,29.6,0.0,80.2,84.0,13.6
2024-03-28 14:00:00,29.6,0.0,80.0,84.0,14.4
2024-03-28 15:00:00,29.6,0.0,77.1,84.0,14.7
2024-03-28 16:00:00,29.5,0.0,76.9,73.0,13.1
2024-03-28 17:00:00,29.6,0.0,75.5,75.0,12.9
2024-03-28 18:00:00,30.7,0.0,64.3,52.0,7.7
2024-03-28 19:00:00,30.0,0.0,70.8,51.0,5.4
2024-03-28 20:00:00,29.6,0.0,71.0,34.0,3.6
2024-03-28 21:00:00,29.2,0.0,75.2,29.0,3.1
2024-03-28 22:00:00,29.3,0.0,78.4,59.0,4.7
2024-03-28 23:00:00,28.9,0.0,78.6,14.0,2.7
2024-03-29 00:00:00,28.8,0.0,79.2,17.0,2.4
2024-03-29 01:00:00,28.8,0.0,80.1,36.0,0.9
2024-03-29 02:00:00,28.7,0.0,79.5,25.0,2.2
2024-03-29 03:00:00,28.5,0.0,79.8,26.0,2.9
2024-03-29 04:00:00,28.9,0.0,81.7,59.0,7.9
2024-03-29 05:00:00,28.8,0.0,80.0,30.0,3.0
2024-03-29 06:00:00,28.6,0.0,80.8,12.0,1.5
2024-03-29 07:00:00,27.8,0.0,86.9,2.0,2.6
2024-03-29 08:00:00,28.0,0.0,88.2,356.0,2.2
2024-03-29 09:00:00,28.0,0.0,87.2,25.0,2.1
2024-03-29 10:00:00,29.6,0.0,81.6,81.0,6.8
2024-03-29 11:00:00,29.7,0.0,78.3,75.0,8.7
2024-03-29 12:00:00,29.7,0.0,79.6,79.0,9.5
2024-03-29 13:00:00,29.7,0.0,78.2,83.0,10.1
2024-03-29 14:00:00,31.4,0.0,58.4,58.0,10.4
2024-03-29 15:00:00,31.5,0.0,60.6,61.0,9.8
2024-03-29 16:00:00,32.4,0.0,52.1,66.0,9.5
2024-03-29 17:00:00,31.8,0.0,57.1,58.0,11.3
2024-03-29 18:00:00,31.6,0.0,56.6,41.0,6.1
2024-03-29 19:00:00,30.4,0.0,67.4,35.0,5.6
2024-03-29 20:00:00,29.7,0.0,75.2,28.0,5.0
2024-03-29 21:00:00,29.6,0.0,73.6,47.0,5.9
2024-03-29 22:00:00,29.4,0.0,75.2,41.0,3.6
2024-03-29 23:00:00,29.2,0.0,75.5,34.0,3.5
2024-03-30 00:00:00,28.9,0.0,77.0,21.0,2.1
2024-03-30 01:00:00,28.8,0.0,78.7,15.0,2.8
2024-03-30 02:00:00,28.7,0.0,79.6,7.0,2.4
2024-03-30 03:00:00,29.4,0.0,80.0,73.0,6.6
2024-03-30 04:00:00,29.1,0.0,81.1,89.0,6.0
2024-03-30 05:00:00,29.1,0.0,81.0,58.0,4.5
2024-03-30 06:00:00,28.5,0.0,81.0,352.0,2.2
2024-03-30 07:00:00,28.2,0.0,83.7,359.0,3.0
2024-03-30 08:00:00,28.9,0.0,80.7,18.0,1.6
2024-03-30 09:00:00,29.1,0.0,78.0,60.0,2.9
2024-03-30 10:00:00,29.3,0.0,80.4,109.0,5.2
2024-03-30 11:00:00,29.6,0.0,79.6,91.0,7.3
2024-03-30 12:00:00,29.6,0.0,79.0,97.0,7.6
2024-03-30 13:00:00,30.2,0.0,73.9,87.0,9.3
2024-03-30 14:00:00,30.6,0.0,70.3,95.0,9.39999
2024-03-30 15:00:00,30.0,0.0,78.8,88.0,14.4
2024-03-30 16:00:00,28.9,0.0,84.9,81.0,12.6
2024-03-30 17:00:00,29.3,0.0,82.3,82.0,11.5
2024-03-30 18:00:00,30.6,0.0,67.6,62.0,8.8
2024-03-30 19:00:00,30.4,0.0,68.6,46.0,6.8
2024-03-30 20:00:00,29.8,0.0,73.3,23.0,5.1
2024-03-30 21:00:00,29.5,0.0,76.2,16.0,3.9
2024-03-30 22:00:00,29.3,0.0,77.2,25.0,2.6
2024-03-30 23:00:00,29.2,0.0,76.9,11.0,3.5
2024-03-31 00:00:00,29.1,0.0,77.4,41.0,2.3
2024-03-31 01:00:00,29.1,0.0,76.9,333.0,1.7
2024-03-31 02:00:00,28.9,0.0,78.1,278.0,1.2
2024-03-31 03:00:00,28.8,0.0,79.1,352.0,1.5
2024-03-31 04:00:00,28.5,0.0,79.9,12.0,3.2
2024-03-31 05:00:00,28.4,0.0,79.4,357.0,2.9
2024-03-31 06:00:00,28.5,0.0,79.6,346.0,2.1
2024-03-31 07:00:00,28.6,0.0,77.4,326.0,2.7
2024-03-31 08:00:00,29.4,0.0,72.7,10.0,3.4
2024-03-31 09:00:00,29.8,0.0,72.8,12.0,5.2
2024-03-31 10:00:00,29.8,0.0,74.1,194.0,5.5
2024-03-31 11:00:00,30.1,0.0,72.5,166.0,4.3
2024-03-31 12:00:00,29.7,0.0,75.7,158.0,7.1
2024-03-31 13:00:00,30.2,0.0,71.5,190.0,8.2
2024-03-31 14:00:00,30.2,0.0,74.6,158.0,6.5
2024-03-31 15:00:00,30.8,0.0,71.1,73.0,1.9
2024-03-31 16:00:00,30.3,0.0,75.1,151.0,6.3
2024-03-31 17:00:00,30.0,0.0,74.5,94.0,7.0
2024-03-31 18:00:00,30.3,0.0,71.8,76.0,8.39999
2024-03-31 19:00:00,30.7,0.0,63.8,43.0,4.7
2024-03-31 20:00:00,30.0,0.0,68.5,17.0,5.2
2024-03-31 21:00:00,30.0,0.0,71.3,32.0,6.4
2024-03-31 22:00:00,29.5,0.0,74.8,29.0,2.8
2024-03-31 23:00:00,29.3,0.0,76.7,27.0,1.8
2024-04-01 00:00:00,29.4,0.0,75.1,359.0,5.9
2024-04-01 01:00:00,29.1,0.0,77.6,349.0,2.7
2024-04-01 02:00:00,28.5,0.0,80.2,17.0,2.5
2024-04-01 03:00:00,28.2,0.0,80.1,7.0,2.4
2024-04-01 04:00:00,28.0,0.0,83.8,13.0,1.6
2024-04-01 05:00:00,27.8,0.0,85.6,347.0,0.8
2024-04-01 06:00:00,28.0,0.0,82.6,2.0,2.8
2024-04-01 07:00:00,28.2,0.0,82.2,359.0,3.8
2024-04-01 08:00:00,28.8,0.0,79.4,350.0,6.1
2024-04-01 09:00:00,29.0,0.0,78.0,350.0,4.5
2024-04-01 10:00:00,29.6,0.0,74.0,6.0,3.7
2024-04-01 11:00:00,30.0,0.0,72.0,4.0,4.3
2024-04-01 12:00:00,30.5,0.0,71.7,4.0,4.5
2024-04-01 13:00:00,29.9,0.0,75.8,95.0,7.2
2024-04-01 14:00:00,29.4,0.0,79.5,90.0,7.5
2024-04-01 15:00:00,30.0,0.0,76.1,100.0,6.4
2024-04-01 16:00:00,30.0,0.0,74.4,93.0,7.6
2024-04-01 17:00:00,29.2,0.0,79.8,159.0,6.4
2024-04-01 18:00:00,30.4,0.0,74.3,83.0,5.0
2024-04-01 19:00:00,29.9,0.0,75.8,29.0,4.7
2024-04-01 20:00:00,29.6,0.0,74.4,34.0,4.3
2024-04-01 21:00:00,29.5,0.0,77.8,42.0,3.6
2024-04-01 22:00:00,29.3,0.0,79.2,21.0,3.2
2024-04-01 23:00:00,29.4,0.0,77.5,33.0,4.1
2024-04-02 00:00:00,29.6,0.0,78.8,70.0,6.8
2024-04-02 01:00:00,29.3,0.0,79.4,40.0,3.9
2024-04-02 02:00:00,29.3,0.0,78.9,53.0,5.8
2024-04-02 03:00:00,28.9,0.0,77.9,19.0,2.5
2024-04-02 04:00:00,28.3,0.0,82.1,,2.2
2024-04-02 05:00:00,28.1,0.0,82.8,10.0,2.3
2024-04-02 06:00:00,28.1,0.0,83.8,337.0,1.6
2024-04-02 07:00:00,28.4,0.0,83.5,358.0,2.0
2024-04-02 08:00:00,30.0,0.0,79.0,29.0,1.5
2024-04-02 09:00:00,29.6,0.0,78.8,106.0,3.7
2024-04-02 10:00:00,29.7,0.0,78.5,111.0,4.1
2024-04-02 11:00:00,29.7,0.0,78.1,111.0,5.6
2024-04-02 12:00:00,30.4,0.0,70.6,96.0,5.6
2024-04-02 13:00:00,30.5,0.0,67.2,125.0,4.3
2024-04-02 14:00:00,30.7,0.0,66.8,118.0,5.1
2024-04-02 15:00:00,31.0,0.0,65.3,127.0,5.4
2024-04-02 16:00:00,30.9,0.0,70.8,166.0,5.7
2024-04-02 17:00:00,31.1,0.0,70.4,111.0,5.8
2024-04-02 18:00:00,30.3,0.0,77.2,74.0,11.6
2024-04-02 19:00:00,30.4,0.0,74.8,78.0,9.89999
2024-04-02 20:00:00,30.4,0.0,72.9,46.0,6.1
2024-04-02 21:00:00,30.2,0.0,75.3,44.0,6.3
2024-04-02 22:00:00,30.0,0.0,76.6,38.0,4.8
2024-04-02 23:00:00,29.9,0.0,75.9,40.0,2.5
2024-04-03 00:00:00,30.1,0.0,78.0,64.0,5.7
2024-04-03 01:00:00,29.9,0.0,77.2,76.0,6.0
2024-04-03 02:00:00,29.8,0.0,79.3,88.0,5.8
2024-04-03 03:00:00,29.5,0.0,79.5,81.0,5.9
2024-04-03 04:00:00,29.5,0.0,80.1,44.0,3.9
2024-04-03 05:00:00,29.5,0.0,79.7,69.0,6.5
2024-04-03 06:00:00,29.1,0.0,81.4,31.0,4.8
2024-04-03 07:00:00,28.7,0.0,83.3,12.0,2.7
2024-04-03 08:00:00,30.0,0.0,78.8,14.0,1.6
2024-04-03 09:00:00,29.7,0.0,79.1,96.0,3.7
2024-04-03 10:00:00,29.7,0.0,80.0,103.0,4.7
2024-04-03 11:00:00,30.4,0.0,74.3,108.0,2.5
2024-04-03 12:00:00,30.1,0.0,79.2,99.0,7.8
2024-04-03 13:00:00,30.3,0.0,76.3,80.0,7.2
2024-04-03 14:00:00,31.0,0.0,66.2,60.0,6.9
2024-04-03 15:00:00,30.7,0.0,69.1,91.0,8.2
2024-04-03 16:00:00,31.7,0.0,60.1,311.0,3.1
2024-04-03 17:00:00,29.9,0.0,74.2,171.0,10.5
2024-04-03 18:00:00,30.0,0.0,71.4,354.0,3.9
2024-04-03 19:00:00,30.4,0.0,68.4,335.0,2.2
2024-04-03 20:00:00,29.8,0.0,73.9,9.0,3.0
2024-04-03 21:00:00,29.4,0.0,75.6,30.0,3.1
2024-04-03 22:00:00,29.5,0.0,76.3,37.0,2.3
2024-04-03 23:00:00,29.2,0.0,78.1,29.0,2.0
2024-04-04 00:00:00,29.5,0.0,75.2,353.0,4.3
2024-04-04 01:00:00,29.6,0.0,75.6,5.0,2.9
2024-04-04 02:00:00,28.5,0.0,81.4,5.0,2.3
2024-04-04 03:00:00,28.6,0.0,82.1,327.0,1.7
2024-04-04 04:00:00,28.6,0.0,82.2,4.0,1.8
2024-04-04 05:00:00,28.3,0.0,83.1,6.0,2.0
2024-04-04 06:00:00,28.5,0.0,81.5,52.0,4.9
2024-04-04 07:00:00,28.5,0.0,80.2,8.0,2.8
2024-04-04 08:00:00,28.4,0.0,82.0,31.0,2.6
2024-04-04 09:00:00,29.4,0.0,76.1,2.0,3.5
2024-04-04 10:00:00,30.5,0.0,72.0,,5.1
2024-04-04 11:00:00,31.5,0.0,66.4,216.0,1.5
2024-04-04 12:00:00,30.2,0.0,76.7,156.0,7.9
2024-04-04 13:00:00,30.0,0.0,76.7,156.0,7.0
2024-04-04 14:00:00,29.3,0.0,77.5,158.0,5.1
2024-04-04 15:00:00,29.4,0.0,80.1,96.0,4.8
2024-04-04 16:00:00,28.2,0.0,86.0,332.0,4.2
2024-04-04 17:00:00,29.3,0.0,75.4,303.0,1.7
2024-04-04 18:00:00,30.1,0.0,73.6,339.0,2.3
2024-04-04 19:00:00,29.2,0.0,76.6,341.0,3.3
2024-04-04 20:00:00,28.9,0.0,73.9,341.0,4.4
2024-04-04 21:00:00,27.7,0.0,76.1,5.0,3.0
2024-04-04 22:00:00,28.0,0.0,75.8,1.0,3.5
2024-04-04 23:00:00,28.0,0.0,78.3,359.0,3.5
2024-04-05 00:00:00,28.1,0.0,79.1,305.0,2.1
2024-04-05 01:00:00,28.2,0.0,79.7,341.0,1.6
2024-04-05 02:00:00,28.0,0.0,76.5,309.0,1.4
2024-04-05 03:00:00,27.7,0.0,80.4,347.0,1.5
2024-04-05 04:00:00,27.8,0.0,79.5,338.0,1.1
2024-04-05 05:00:00,28.0,0.0,80.5,344.0,2.1
2024-04-05 06:00:00,28.1,0.0,79.8,339.0,3.7
2024-04-05 07:00:00,28.0,0.0,81.2,343.0,3.2
2024-04-05 08:00:00,28.4,0.0,82.4,355.0,3.8
2024-04-05 09:00:00,29.3,0.0,78.6,4.0,4.4
2024-04-05 10:00:00,30.0,0.0,73.7,16.0,4.4
2024-04-05 11:00:00,31.0,0.0,69.2,349.0,5.5
2024-04-05 12:00:00,31.8,0.0,65.4,280.0,2.3
2024-04-05 13:00:00,31.3,0.0,69.3,155.0,3.8
2024-04-05 14:00:00,31.0,0.0,70.9,37.0,6.4
2024-04-05 15:00:00,32.7,0.0,61.0,17.0,9.89999
2024-04-05 16:00:00,31.7,0.0,68.4,250.0,5.5
2024-04-05 17:00:00,31.9,0.0,69.0,161.0,6.3
2024-04-05 18:00:00,31.7,0.0,54.3,1.0,7.5
2024-04-05 19:00:00,30.5,0.0,63.2,27.0,6.3
2024-04-05 20:00:00,29.6,0.0,72.6,31.0,3.3
2024-04-05 21:00:00,29.2,0.0,74.5,20.0,4.3
2024-04-05 22:00:00,28.8,0.0,77.0,27.0,2.7
2024-04-05 23:00:00,28.7,0.0,77.3,25.0,1.8
2024-04-06 00:00:00,28.5,0.0,78.5,8.0,2.3
2024-04-06 01:00:00,28.6,0.0,77.7,2.0,2.8
2024-04-06 02:00:00,28.5,0.0,77.8,333.0,2.0
2024-04-06 03:00:00,28.5,0.0,77.8,347.0,3.4
2024-04-06 04:00:00,27.7,0.0,83.6,15.0,1.6
2024-04-06 05:00:00,27.7,0.0,83.5,27.0,2.1
2024-04-06 06:00:00,27.5,0.0,83.9,33.0,1.5
2024-04-06 07:00:00,27.6,0.0,83.5,1.0,2.1
2024-04-06 08:00:00,28.5,0.0,79.6,356.0,1.8
2024-04-06 09:00:00,29.3,0.0,76.8,26.0,3.7
2024-04-06 10:00:00,30.0,0.0,71.0,19.0,5.4
2024-04-06 11:00:00,30.1,0.0,71.7,61.0,8.7
2024-04-06 12:00:00,31.8,0.0,58.4,7.0,4.9
2024-04-06 13:00:00,30.8,0.0,73.1,43.0,6.5
2024-04-06 14:00:00,33.2,0.0,54.2,359.0,4.9
2024-04-06 15:00:00,32.7,0.0,60.5,33.0,6.3
2024-04-06 16:00:00,33.0,0.0,57.3,4.0,6.2
2024-04-06 17:00:00,30.6,0.0,73.3,81.0,12.2
2024-04-06 18:00:00,32.0,0.0,61.5,32.0,5.8
2024-04-06 19:00:00,30.8,0.0,67.2,25.0,5.8
2024-04-06 20:00:00,29.9,0.0,72.6,12.0,6.2
2024-04-06 21:00:00,29.5,0.0,77.0,20.0,3.6
2024-04-06 22:00:00,29.5,0.0,76.9,11.0,4.2
2024-04-06 23:00:00,29.1,0.0,78.9,23.0,2.6
2024-04-07 00:00:00,28.9,0.0,78.9,41.0,3.0
2024-04-07 01:00:00,28.9,0.0,78.5,27.0,2.4
2024-04-07 02:00:00,28.9,0.0,77.3,9.0,2.6
2024-04-07 03:00:00,28.8,0.0,78.1,4.0,5.2
2024-04-07 04:00:00,28.6,0.0,78.8,7.0,4.6
2024-04-07 05:00:00,28.6,0.0,79.1,4.0,4.5
2024-04-07 06:00:00,28.6,0.0,78.2,17.0,3.8
2024-04-07 07:00:00,28.6,0.0,77.8,10.0,3.5
2024-04-07 08:00:00,29.2,0.0,74.8,350.0,7.8
2024-04-07 09:00:00,29.9,0.0,70.5,8.0,5.5
2024-04-07 10:00:00,30.6,0.0,67.6,7.0,6.2
2024-04-07 11:00:00,31.3,0.0,64.2,33.0,4.8
2024-04-07 12:00:00,30.8,0.0,70.2,79.0,6.5
2024-04-07 13:00:00,30.3,0.0,76.1,102.0,9.7
2024-04-07 14:00:00,30.4,0.0,77.6,83.0,12.5
2024-04-07 15:00:00,32.8,0.0,58.2,1.0,8.2
2024-04-07 16:00:00,31.9,0.0,60.0,356.0,9.39999
2024-04-07 17:00:00,32.1,0.0,58.7,6.0,6.9
2024-04-07 18:00:00,31.7,0.0,61.0,17.0,6.5
2024-04-07 19:00:00,30.7,0.0,65.2,12.0,6.7
2024-04-07 20:00:00,30.1,0.0,71.2,24.0,5.1
2024-04-07 21:00:00,29.7,0.0,72.9,30.0,2.8
2024-04-07 22:00:00,29.8,0.0,71.1,14.0,3.6
2024-04-07 23:00:00,29.5,0.0,73.8,14.0,4.5
2024-04-08 00:00:00,29.5,0.0,74.3,23.0,3.4
2024-04-08 01:00:00,29.4,0.0,75.8,33.0,2.2
2024-04-08 02:00:00,29.3,0.0,76.4,71.0,0.8
2024-04-08 03:00:00,29.0,0.0,78.9,326.0,1.5
2024-04-08 04:00:00,29.1,0.0,79.1,358.0,2.0
2024-04-08 05:00:00,28.8,0.0,80.4,357.0,1.6
2024-04-08 06:00:00,29.1,0.0,79.6,12.0,1.7
2024-04-08 07:00:00,29.0,0.0,82.3,359.0,2.4
2024-04-08 08:00:00,29.5,0.0,76.8,350.0,4.3
2024-04-08 09:00:00,30.6,0.0,69.7,352.0,3.0
2024-04-08 10:00:00,30.5,0.0,71.2,147.0,4.1
2024-04-08 11:00:00,30.7,0.0,72.2,120.0,6.3
2024-04-08 12:00:00,30.6,0.0,67.2,162.0,6.2
2024-04-08 13:00:00,30.0,0.0,79.2,202.0,10.3
2024-04-08 14:00:00,30.0,0.0,75.7,198.0,7.1
2024-04-08 15:00:00,28.1,0.0,81.4,347.0,4.3
2024-04-08 16:00:00,28.8,0.0,74.0,257.0,5.2
2024-04-08 17:00:00,31.1,0.0,63.2,274.0,2.5
2024-04-08 18:00:00,31.2,0.0,60.3,327.0,2.6
2024-04-08 19:00:00,30.7,0.0,66.0,14.0,3.0
2024-04-08 20:00:00,30.3,0.0,72.6,71.0,2.2
2024-04-08 21:00:00,29.6,0.0,77.2,84.0,3.5
2024-04-08 22:00:00,29.6,0.0,77.4,59.0,1.0
2024-04-08 23:00:00,29.3,0.0,76.7,20.0,2.2
2024-04-09 00:00:00,29.4,0.0,75.6,9.0,2.2
2024-04-09 01:00:00,29.1,0.0,78.4,351.0,1.9
2024-04-09 02:00:00,29.1,0.0,79.5,334.0,1.9
2024-04-09 03:00:00,28.5,0.0,83.5,320.0,0.7
2024-04-09 04:00:00,28.6,0.0,83.0,317.0,1.2
2024-04-09 05:00:00,28.5,0.0,81.7,299.0,1.2
2024-04-09 06:00:00,28.3,0.0,82.7,312.0,1.0
2024-04-09 07:00:00,28.2,0.0,84.8,339.0,1.7
2024-04-09 08:00:00,29.2,0.0,79.3,318.0,2.0
2024-04-09 09:00:00,30.0,0.0,74.1,319.0,2.8
2024-04-09 10:00:00,30.5,0.0,68.0,353.0,5.6
2024-04-09 11:00:00,31.1,0.0,66.7,71.0,4.5
2024-04-09 12:00:00,30.4,0.0,70.9,135.0,5.3
2024-04-09 13:00:00,30.3,0.0,76.2,89.0,11.2
2024-04-09 14:00:00,30.8,0.0,72.2,93.0,11.9
2024-04-09 15:00:00,33.6,0.0,53.2,4.0,6.5
2024-04-09 16:00:00,33.4,0.0,54.8,354.0,9.2
2024-04-09 17:00:00,33.2,0.0,55.0,5.0,9.2
2024-04-09 18:00:00,32.4,0.0,60.2,8.0,9.39999
2024-04-09 19:00:00,31.1,0.0,67.5,5.0,8.10001
2024-04-09 20:00:00,30.4,0.0,72.0,10.0,6.1
2024-04-09 21:00:00,30.2,0.0,75.3,359.0,5.0
2024-04-09 22:00:00,30.1,0.0,75.3,6.0,5.1
2024-04-09 23:00:00,30.0,0.0,74.8,4.0,4.4
2024-04-10 00:00:00,30.0,0.0,76.1,3.0,4.5
2024-04-10 01:00:00,29.4,0.0,79.7,12.0,2.6
2024-04-10 02:00:00,28.8,0.0,81.1,8.0,3.3
2024-04-10 03:00:00,28.6,0.0,81.6,354.0,2.3
2024-04-10 04:00:00,28.9,0.0,79.5,348.0,3.5
2024-04-10 05:00:00,28.5,0.0,79.4,347.0,4.4
2024-04-10 06:00:00,28.5,0.0,75.9,346.0,2.8
2024-04-10 07:00:00,28.8,0.0,75.0,316.0,2.0
2024-04-10 08:00:00,28.7,0.0,77.8,351.0,4.5
2024-04-10 09:00:00,28.4,0.0,83.4,327.0,3.8
2024-04-10 10:00:00,29.0,0.0,79.4,335.0,3.7
2024-04-10 11:00:00,27.9,0.0,83.5,204.0,7.1
2024-04-10 12:00:00,28.8,0.0,81.6,6.0,5.2
2024-04-10 13:00:00,29.9,0.0,72.1,5.0,5.9
2024-04-10 14:00:00,30.1,0.0,69.2,8.0,5.2
2024-04-10 15:00:00,29.9,0.0,77.7,77.0,8.8
2024-04-10 16:00:00,30.8,0.0,71.3,61.0,10.4
2024-04-10 17:00:00,28.1,0.0,80.6,12.0,8.3
2024-04-10 18:00:00,28.2,0.0,87.1,358.0,4.3
2024-04-10 19:00:00,28.8,0.0,78.2,353.0,5.7
2024-04-10 20:00:00,28.9,0.0,78.5,349.0,5.7
2024-04-10 21:00:00,28.8,0.0,80.3,5.0,3.6
2024-04-10 22:00:00,28.8,0.0,80.4,336.0,3.8
2024-04-10 23:00:00,28.5,0.0,81.3,323.0,1.7
2024-04-11 00:00:00,28.6,0.0,80.0,356.0,2.0
2024-04-11 01:00:00,28.7,0.0,78.9,349.0,1.8
2024-04-11 02:00:00,28.2,0.0,81.9,19.0,1.4
2024-04-11 03:00:00,28.0,0.0,83.3,9.0,2.4
2024-04-11 04:00:00,26.7,0.0,88.9,28.0,5.6
2024-04-11 05:00:00,25.6,0.4,90.2,32.0,5.0
2024-04-11 06:00:00,26.2,0.0,92.6,19.0,2.6
2024-04-11 07:00:00,26.4,0.0,92.8,346.0,4.2
2024-04-11 08:00:00,26.7,0.0,93.1,345.0,6.6
2024-04-11 09:00:00,27.4,0.0,88.1,14.0,5.2
2024-04-11 10:00:00,29.1,0.0,82.8,18.0,3.5
2024-04-11 11:00:00,30.1,0.2,74.8,23.0,7.4
2024-04-11 12:00:00,29.8,0.0,77.4,18.0,7.1
2024-04-11 13:00:00,30.6,0.0,72.2,16.0,8.5
2024-04-11 14:00:00,30.9,0.0,66.7,9.0,10.0
2024-04-11 15:00:00,31.2,0.0,62.1,358.0,9.3
2024-04-11 16:00:00,31.2,0.0,64.3,13.0,9.0
2024-04-11 17:00:00,28.6,0.0,74.2,33.0,7.3
2024-04-11 18:00:00,30.3,0.0,71.7,12.0,8.10001
2024-04-11 19:00:00,30.1,0.0,71.2,16.0,6.1
2024-04-11 20:00:00,29.7,0.0,73.7,351.0,6.4
2024-04-11 21:00:00,29.5,0.0,77.5,346.0,3.3
2024-04-11 22:00:00,29.4,0.0,77.5,347.0,3.8
2024-04-11 23:00:00,29.2,0.0,77.9,318.0,2.4
2024-04-12 00:00:00,29.2,0.0,78.1,338.0,3.7
2024-04-12 01:00:00,28.9,0.0,78.5,321.0,3.0
2024-04-12 02:00:00,27.4,0.4,90.1,7.0,3.0
2024-04-12 03:00:00,27.4,0.4,91.9,312.0,1.4
2024-04-12 04:00:00,27.2,0.0,85.3,303.0,3.3
2024-04-12 05:00:00,25.9,0.0,89.0,290.0,2.8
2024-04-12 06:00:00,25.2,2.2,93.2,335.0,9.60001
2024-04-12 07:00:00,25.5,0.0,92.7,302.0,2.1
2024-04-12 08:00:00,26.0,0.0,89.8,32.0,5.0
2024-04-12 09:00:00,25.0,0.4,94.9,355.0,5.1
2024-04-12 10:00:00,24.7,0.6,95.9,5.0,4.2
2024-04-12 11:00:00,24.9,0.2,96.1,353.0,4.0
2024-04-12 12:00:00,25.1,0.4,93.3,349.0,6.1
2024-04-12 13:00:00,25.2,0.4,94.3,17.0,4.3
2024-04-12 14:00:00,25.4,0.0,93.9,347.0,5.5
2024-04-12 15:00:00,26.0,0.0,87.9,341.0,7.6
2024-04-12 16:00:00,26.8,0.0,83.7,338.0,6.1
2024-04-12 17:00:00,27.1,0.0,80.7,336.0,6.5
2024-04-12 18:00:00,27.7,0.0,73.8,337.0,6.3
2024-04-12 19:00:00,27.2,0.0,79.5,349.0,6.4
2024-04-12 20:00:00,26.9,0.0,84.6,350.0,6.7
2024-04-12 21:00:00,26.9,0.0,86.6,350.0,5.8
2024-04-12 22:00:00,26.9,0.0,85.2,330.0,2.5
2024-04-12 23:00:00,26.8,0.0,85.8,263.0,1.8
2024-04-13 00:00:00,26.6,0.0,87.8,279.0,1.2
2024-04-13 01:00:00,26.5,0.0,88.4,291.0,1.6
2024-04-13 02:00:00,26.5,0.0,88.8,304.0,1.4
2024-04-13 03:00:00,26.7,0.0,87.4,333.0,2.2
2024-04-13 04:00:00,26.8,0.0,87.9,327.0,2.4
2024-04-13 05:00:00,26.6,0.0,88.7,320.0,2.5
2024-04-13 06:00:00,26.8,0.0,86.7,313.0,2.5
2024-04-13 08:00:00,28.1,0.0,81.2,358.0,4.5
2024-04-13 09:00:00,29.3,0.0,75.4,8.0,5.4
2024-04-13 10:00:00,29.9,0.0,74.5,6.0,7.1
2024-04-13 11:00:00,30.8,0.0,71.7,15.0,4.7
2024-04-13 12:00:00,31.4,0.0,69.1,44.0,4.8
2024-04-13 13:00:00,30.5,0.0,74.1,78.0,9.2
2024-04-13 14:00:00,31.1,0.0,73.3,58.0,9.39999
2024-04-13 15:00:00,31.4,0.0,67.9,30.0,6.7
2024-04-13 16:00:00,31.9,0.0,61.4,7.0,7.9
2024-04-13 17:00:00,31.7,0.0,62.3,18.0,7.0
2024-04-13 18:00:00,30.9,0.0,70.0,30.0,5.7
2024-04-13 19:00:00,29.9,0.0,74.3,17.0,5.9
2024-04-13 20:00:00,29.6,0.0,76.8,2.0,5.5
2024-04-13 21:00:00,29.4,0.0,76.6,342.0,2.9
2024-04-13 22:00:00,29.3,0.0,78.0,351.0,3.4
2024-04-13 23:00:00,29.0,0.0,80.1,338.0,1.2
2024-04-14 00:00:00,29.1,0.0,80.2,10.0,4.3
2024-04-14 01:00:00,28.6,0.0,84.3,9.0,3.9
2024-04-14 02:00:00,28.5,0.0,83.8,41.0,2.6
2024-04-14 03:00:00,27.9,0.0,89.4,11.0,1.7
2024-04-14 04:00:00,27.7,0.0,90.9,326.0,1.2
2024-04-14 05:00:00,28.1,0.0,86.9,354.0,3.8
2024-04-14 06:00:00,27.3,0.0,88.4,29.0,2.8
2024-04-14 07:00:00,27.6,0.0,86.3,4.0,4.2
2024-04-14 08:00:00,27.7,0.2,86.8,359.0,2.3
2024-04-14 09:00:00,28.1,0.0,86.6,359.0,3.7
2024-04-14 10:00:00,29.0,0.0,80.7,357.0,2.7
2024-04-14 11:00:00,29.1,0.0,80.4,66.0,3.8
2024-04-14 12:00:00,29.7,0.0,78.0,56.0,3.9
2024-04-14 13:00:00,30.1,0.0,75.3,33.0,5.0
2024-04-14 14:00:00,28.7,0.0,79.3,10.0,10.4
2024-04-14 15:00:00,28.5,0.0,75.4,10.0,4.3
2024-04-14 16:00:00,28.9,0.0,78.9,59.0,5.3
2024-04-14 17:00:00,29.5,0.0,74.6,33.0,4.1
2024-04-14 18:00:00,29.7,0.0,73.7,10.0,5.6
2024-04-14 19:00:00,28.8,0.0,82.7,42.0,4.2
2024-04-14 20:00:00,28.8,0.0,80.8,23.0,3.6
2024-04-14 21:00:00,28.9,0.0,79.6,8.0,5.1
2024-04-14 22:00:00,28.5,0.0,84.5,10.0,3.1
2024-04-14 23:00:00,28.5,0.0,84.3,32.0,2.5
2024-04-15 00:00:00,28.2,0.0,87.0,16.0,2.3
2024-04-15 01:00:00,28.1,0.0,87.2,14.0,2.5
2024-04-15 02:00:00,28.1,0.0,87.1,6.0,2.4
2024-04-15 03:00:00,28.2,0.0,87.7,339.0,1.5
2024-04-15 04:00:00,27.8,0.0,88.7,331.0,1.5
2024-04-15 05:00:00,27.9,0.0,85.9,116.0,5.6
2024-04-15 06:00:00,27.8,0.0,80.6,27.0,3.5
2024-04-15 07:00:00,28.1,0.0,79.0,71.0,2.4
2024-04-15 08:00:00,28.0,0.0,80.0,326.0,1.2
2024-04-15 09:00:00,28.4,0.0,82.0,17.0,3.3
2024-04-15 10:00:00,28.0,0.0,85.7,16.0,4.4
2024-04-15 11:00:00,28.2,0.0,81.7,6.0,4.9
2024-04-15 12:00:00,29.2,0.0,72.9,21.0,5.7
2024-04-15 13:00:00,29.8,0.0,75.4,75.0,5.7
2024-04-15 14:00:00,30.1,0.0,74.3,110.0,5.3
2024-04-15 15:00:00,29.9,0.0,76.2,82.0,10.4
2024-04-15 16:00:00,30.5,0.0,71.4,47.0,4.4
2024-04-15 17:00:00,30.6,0.0,74.9,64.0,8.89999
2024-04-15 18:00:00,30.6,0.0,71.4,47.0,6.5
2024-04-15 19:00:00,30.1,0.0,75.7,28.0,3.8
2024-04-15 20:00:00,29.5,0.0,79.9,38.0,3.8
2024-04-15 21:00:00,29.2,0.0,80.9,358.0,4.6
2024-04-15 22:00:00,29.1,0.0,80.9,6.0,4.2
2024-04-15 23:00:00,28.9,0.0,82.5,30.0,2.7
2024-04-16 00:00:00,28.6,0.0,84.6,26.0,2.1
2024-04-16 01:00:00,28.5,0.0,86.4,11.0,2.7
2024-04-16 02:00:00,28.5,0.0,86.0,15.0,2.4
2024-04-16 03:00:00,28.5,0.0,85.1,352.0,2.2
2024-04-16 04:00:00,28.3,0.0,85.0,1.0,2.2
2024-04-16 05:00:00,28.3,0.0,86.6,5.0,3.5
2024-04-16 06:00:00,28.4,0.0,84.9,358.0,3.1
2024-04-16 07:00:00,28.2,0.0,80.7,155.0,8.60001
2024-04-16 08:00:00,26.9,0.2,88.8,207.0,11.1
2024-04-16 09:00:00,26.4,0.0,90.3,243.0,3.1
2024-04-16 10:00:00,27.2,0.2,85.7,99.0,13.0
2024-04-16 11:00:00,26.1,0.0,89.9,349.0,5.8
2024-04-16 12:00:00,27.1,0.0,83.1,339.0,4.9
2024-04-16 13:00:00,26.8,0.0,88.7,355.0,9.7
2024-04-16 14:00:00,26.7,0.0,88.7,347.0,6.3
2024-04-16 15:00:00,26.8,0.0,87.9,336.0,2.5
2024-04-16 17:00:00,26.9,0.0,90.2,7.0,2.3
2024-04-17 08:00:00,28.4,0.0,82.7,254.0,2.4
2024-04-17 09:00:00,28.9,0.0,82.2,221.0,4.2
2024-04-17 10:00:00,28.9,0.0,75.0,236.0,7.6
2024-04-17 11:00:00,27.9,0.0,86.8,229.0,14.8
2024-04-17 12:00:00,27.7,0.0,82.9,218.0,10.5
2024-04-17 13:00:00,28.4,0.0,78.2,196.0,6.6
2024-04-17 14:00:00,28.6,0.0,82.0,187.0,9.5
2024-04-17 15:00:00,28.8,0.0,76.3,171.0,6.9
2024-04-17 16:00:00,29.5,0.0,73.6,180.0,3.9
2024-04-17 17:00:00,29.9,0.0,73.0,70.0,5.4
2024-04-17 18:00:00,29.2,0.0,78.1,73.0,6.8
2024-04-17 19:00:00,29.1,0.0,80.2,78.0,6.5
2024-04-17 20:00:00,29.3,0.0,76.6,76.0,5.9
2024-04-17 21:00:00,28.9,0.0,82.3,347.0,2.4
2024-04-17 22:00:00,29.0,0.0,80.8,249.0,1.5
2024-04-17 23:00:00,28.6,0.0,82.5,269.0,1.2
2024-04-18 00:00:00,28.6,0.0,82.8,309.0,1.2
2024-04-18 01:00:00,28.5,0.0,83.7,327.0,1.9
2024-04-18 02:00:00,28.2,0.0,86.3,330.0,1.2
2024-04-18 03:00:00,27.6,0.0,90.5,356.0,2.0
2024-04-18 04:00:00,27.5,0.0,89.1,344.0,2.8
2024-04-18 05:00:00,27.0,0.0,90.6,3.0,3.2
2024-04-18 06:00:00,27.2,0.0,87.4,340.0,3.8
2024-04-18 07:00:00,27.5,0.0,86.9,341.0,2.4
2024-04-18 08:00:00,28.3,0.0,83.5,319.0,1.9
2024-04-18 09:00:00,29.4,0.0,79.0,338.0,2.0
2024-04-18 10:00:00,28.2,0.0,78.6,232.0,8.89999
2024-04-18 11:00:00,29.4,0.0,71.2,327.0,1.9
2024-04-18 12:00:00,28.9,0.0,74.7,215.0,2.5
2024-04-18 13:00:00,29.1,0.0,73.6,163.0,4.1
2024-04-18 14:00:00,29.7,0.0,75.3,176.0,1.6
2024-04-18 15:00:00,29.7,0.0,74.1,146.0,4.1
2024-04-18 16:00:00,30.2,0.0,71.3,122.0,3.5
2024-04-18 17:00:00,30.2,0.0,70.6,132.0,5.1
2024-04-18 18:00:00,30.5,0.0,68.5,71.0,4.9
2024-04-18 19:00:00,30.6,0.0,69.9,55.0,5.2
2024-04-18 20:00:00,29.9,0.0,75.9,33.0,3.5
2024-04-18 21:00:00,29.3,0.0,80.2,11.0,2.3
2024-04-18 22:00:00,29.3,0.0,79.8,354.0,2.5
2024-04-18 23:00:00,29.3,0.0,81.3,11.0,1.7
2024-04-19 00:00:00,29.6,0.0,75.0,275.0,2.0
2024-04-19 01:00:00,29.2,0.0,79.9,10.0,0.6
2024-04-19 02:00:00,28.3,0.0,84.6,325.0,1.7
2024-04-19 03:00:00,28.3,0.0,84.8,312.0,1.4
2024-04-19 04:00:00,28.0,0.0,86.2,317.0,2.2
2024-04-19 05:00:00,28.5,0.0,85.4,184.0,0.9
2024-04-19 06:00:00,28.4,0.0,85.6,34.0,1.6
2024-04-19 07:00:00,28.1,0.0,81.7,183.0,8.0
2024-04-19 08:00:00,28.5,0.0,79.6,262.0,2.0
2024-04-19 09:00:00,29.0,0.0,77.8,205.0,3.4
2024-04-19 10:00:00,29.2,0.0,77.6,207.0,2.6
2024-04-19 11:00:00,29.7,0.0,76.4,161.0,3.8
2024-04-19 12:00:00,29.7,0.0,74.6,170.0,4.6
2024-04-19 13:00:00,30.1,0.0,75.1,163.0,4.9
2024-04-19 14:00:00,30.1,0.0,74.1,181.0,7.7
2024-04-19 15:00:00,29.5,0.0,77.8,155.0,8.10001
2024-04-19 16:00:00,29.9,0.0,73.7,143.0,5.1
2024-04-19 17:00:00,30.1,0.0,73.6,88.0,5.1
2024-04-19 18:00:00,29.6,0.0,80.8,68.0,7.3
2024-04-19 19:00:00,29.8,0.0,76.9,88.0,6.7
2024-04-19 20:00:00,29.9,0.0,76.9,78.0,6.5
2024-04-19 21:00:00,29.9,0.0,78.1,80.0,4.5
2024-04-19 22:00:00,29.9,0.0,78.3,55.0,3.5
2024-04-19 23:00:00,29.6,0.0,77.5,8.0,2.4
2024-04-20 00:00:00,29.7,0.0,78.8,43.0,2.4
2024-04-20 01:00:00,29.8,0.0,77.0,86.0,5.7
2024-04-20 02:00:00,29.7,0.0,75.8,83.0,4.3
2024-04-20 03:00:00,29.1,0.0,78.2,13.0,1.7
2024-04-20 04:00:00,29.0,0.0,79.1,16.0,1.5
2024-04-20 05:00:00,28.6,0.0,83.1,347.0,2.1
2024-04-20 06:00:00,28.6,0.0,83.2,358.0,2.6
2024-04-20 07:00:00,28.8,0.0,83.1,357.0,2.0
2024-04-20 08:00:00,29.5,0.0,80.2,355.0,1.5
2024-04-20 09:00:00,29.9,0.0,79.8,89.0,3.2
2024-04-20 10:00:00,29.9,0.0,79.0,128.0,5.7
2024-04-20 11:00:00,27.5,0.4,86.7,291.0,5.5
2024-04-20 12:00:00,27.2,0.0,88.6,280.0,3.1
2024-04-20 13:00:00,28.9,0.0,80.3,204.0,10.4
2024-04-20 14:00:00,29.3,0.0,77.6,201.0,8.5
2024-04-20 15:00:00,29.3,0.0,79.2,189.0,10.0
2024-04-20 16:00:00,29.2,0.0,80.3,187.0,6.0
2024-04-20 17:00:00,25.9,0.0,88.7,326.0,4.8
2024-04-20 18:00:00,26.3,0.0,88.8,,
2024-04-20 19:00:00,26.7,0.0,88.5,337.0,4.4
2024-04-20 20:00:00,27.1,0.0,85.4,276.0,2.2
2024-04-20 21:00:00,28.3,0.0,81.2,249.0,3.6
2024-04-20 22:00:00,28.8,0.0,84.8,237.0,4.6
2024-04-20 23:00:00,29.2,0.0,79.7,172.0,5.2
2024-04-21 00:00:00,28.9,0.0,83.5,172.0,8.89999
2024-04-21 01:00:00,28.9,0.0,83.2,197.0,9.39999
2024-04-21 02:00:00,29.1,0.0,81.9,199.0,7.6
2024-04-21 03:00:00,28.9,0.0,83.0,192.0,7.0
2024-04-21 04:00:00,28.6,0.0,83.3,226.0,6.9
2024-04-21 05:00:00,28.0,0.0,85.6,262.0,3.4
2024-04-21 06:00:00,27.8,0.0,86.2,291.0,2.1
2024-04-21 07:00:00,27.6,0.0,87.0,275.0,2.9
2024-04-21 08:00:00,28.6,0.0,84.4,309.0,1.3
2024-04-21 09:00:00,29.0,0.0,82.1,215.0,3.4
2024-04-21 10:00:00,29.4,0.0,79.7,170.0,3.4
2024-04-21 11:00:00,29.4,0.0,80.2,188.0,4.8
2024-04-21 12:00:00,29.8,0.0,78.1,187.0,5.0
2024-04-21 13:00:00,30.1,0.0,77.9,140.0,4.9
2024-04-21 14:00:00,30.3,0.0,76.4,150.0,5.3
2024-04-21 15:00:00,30.5,0.0,76.5,180.0,6.3
2024-04-21 16:00:00,30.8,0.0,68.4,206.0,7.7
2024-04-21 17:00:00,30.8,0.0,69.1,209.0,4.1
2024-04-21 18:00:00,30.2,0.0,72.9,345.0,4.0
2024-04-21 19:00:00,29.9,0.0,73.7,346.0,4.1
2024-04-21 20:00:00,29.9,0.0,74.5,12.0,2.1
2024-04-21 21:00:00,29.4,0.0,79.0,354.0,1.9
2024-04-21 22:00:00,29.7,0.0,78.6,21.0,2.4
2024-04-21 23:00:00,29.4,0.0,82.1,2.0,1.7
2024-04-22 00:00:00,29.4,0.0,83.5,344.0,1.5
2024-04-22 01:00:00,29.1,0.0,83.9,10.0,2.3
2024-04-22 02:00:00,28.7,0.0,86.0,343.0,1.6
2024-04-22 03:00:00,28.4,0.0,88.8,336.0,1.4
2024-04-22 04:00:00,28.4,0.0,89.0,315.0,1.5
2024-04-22 05:00:00,28.0,0.0,90.7,329.0,1.7
2024-04-22 06:00:00,28.2,0.0,89.4,335.0,1.8
2024-04-22 07:00:00,28.4,0.0,88.1,354.0,2.6
2024-04-22 08:00:00,29.5,0.0,83.2,290.0,2.2
2024-04-22 09:00:00,30.3,0.0,79.1,85.0,2.2
2024-04-22 10:00:00,29.9,0.0,82.8,101.0,4.7
2024-04-22 11:00:00,30.2,0.0,79.0,83.0,2.8
2024-04-22 12:00:00,30.4,0.0,72.7,111.0,7.0
2024-04-22 13:00:00,30.6,0.0,74.5,123.0,7.3
2024-04-22 14:00:00,29.8,0.0,78.2,188.0,10.1
2024-04-22 15:00:00,30.2,0.0,76.0,167.0,8.10001
2024-04-22 16:00:00,30.4,0.0,76.0,175.0,7.8
2024-04-22 17:00:00,30.4,0.0,74.8,135.0,7.0
2024-04-22 18:00:00,30.3,0.0,75.6,97.0,3.4
2024-04-22 19:00:00,30.2,0.0,78.0,66.0,4.8
2024-04-22 20:00:00,30.3,0.0,76.3,58.0,1.9
2024-04-22 21:00:00,30.2,0.0,78.1,96.0,4.2
2024-04-22 22:00:00,30.2,0.0,77.0,94.0,2.9
2024-04-22 23:00:00,30.0,0.0,78.6,136.0,2.3
2024-04-23 00:00:00,30.0,0.0,81.3,133.0,3.8
2024-04-23 01:00:00,30.0,0.0,78.5,86.0,3.9
2024-04-23 02:00:00,28.8,0.0,85.1,347.0,2.0
2024-04-23 03:00:00,28.7,0.0,85.6,349.0,1.5
2024-04-23 04:00:00,28.9,0.0,84.7,4.0,1.9
2024-04-23 05:00:00,28.6,0.0,87.7,11.0,3.1
2024-04-23 06:00:00,28.8,0.0,86.1,348.0,3.0
2024-04-23 07:00:00,28.9,0.0,85.8,344.0,2.0
2024-04-23 08:00:00,29.9,0.0,81.2,54.0,1.9
2024-04-23 09:00:00,30.4,0.0,76.6,98.0,3.2
2024-04-23 10:00:00,30.5,0.0,74.2,102.0,4.1
2024-04-23 11:00:00,30.3,0.0,74.7,90.0,4.1
2024-04-23 12:00:00,,0.0,,,
2024-04-23 13:00:00,30.8,0.0,71.0,106.0,6.6
2024-04-23 14:00:00,31.0,0.0,71.6,89.0,8.8
2024-04-23 15:00:00,29.5,0.0,73.8,100.0,9.60001
2024-04-23 16:00:00,30.3,0.0,72.7,94.0,7.4
2024-04-23 17:00:00,30.5,0.0,71.4,100.0,6.1
2024-04-23 18:00:00,30.4,0.0,75.0,88.0,7.1
2024-04-23 19:00:00,30.4,0.0,74.9,90.0,8.0
2024-04-23 20:00:00,30.6,0.0,70.1,84.0,6.8
2024-04-23 21:00:00,30.5,0.0,74.7,77.0,5.0
2024-04-23 22:00:00,30.2,0.0,72.1,26.0,1.6
2024-04-23 23:00:00,30.5,0.0,72.6,96.0,5.2
2024-04-24 00:00:00,30.1,0.0,78.5,95.0,4.7
2024-04-24 01:00:00,29.5,0.0,82.1,349.0,1.6
2024-04-24 02:00:00,30.2,0.0,79.0,117.0,4.7
2024-04-24 03:00:00,29.8,0.0,78.3,124.0,5.9
2024-04-24 04:00:00,29.8,0.0,77.1,107.0,3.1
2024-04-24 05:00:00,29.4,0.0,80.2,52.0,2.8
2024-04-24 06:00:00,28.9,0.0,83.5,351.0,2.4
2024-04-24 07:00:00,28.8,0.0,86.1,2.0,3.2
2024-04-24 08:00:00,29.3,0.0,83.9,359.0,2.0
2024-04-24 09:00:00,29.3,0.0,84.8,140.0,8.5
2024-04-24 10:00:00,29.7,0.0,79.8,141.0,8.89999
2024-04-24 11:00:00,30.2,0.0,73.1,171.0,6.7
2024-04-24 12:00:00,29.1,0.0,81.2,128.0,8.60001
2024-04-24 13:00:00,29.9,0.0,76.4,159.0,2.9
2024-04-24 14:00:00,30.1,0.0,74.6,179.0,3.5
2024-04-24 15:00:00,30.8,0.0,68.1,142.0,3.4
2024-04-24 16:00:00,30.8,0.0,70.8,109.0,3.3
2024-04-24 17:00:00,30.8,0.0,69.0,118.0,2.7
2024-04-24 18:00:00,30.7,0.0,70.9,208.0,2.7
2024-04-24 19:00:00,30.5,0.0,71.9,197.0,4.3
2024-04-24 20:00:00,30.4,0.0,72.0,195.0,6.0
2024-04-24 21:00:00,30.7,0.0,70.5,179.0,5.8
2024-04-24 22:00:00,30.2,0.0,74.2,177.0,5.2
2024-04-24 23:00:00,29.9,0.0,78.0,163.0,7.8
2024-04-25 00:00:00,29.6,0.0,79.8,146.0,6.7
2024-04-25 01:00:00,29.8,0.0,78.8,118.0,4.5
2024-04-25 02:00:00,29.7,0.0,78.3,107.0,4.2
2024-04-25 03:00:00,29.5,0.0,79.3,95.0,5.1
2024-04-25 04:00:00,29.3,0.0,81.0,110.0,5.4
2024-04-25 05:00:00,29.6,0.0,81.2,98.0,6.0
2024-04-25 06:00:00,29.5,0.0,82.5,72.0,4.9
2024-04-25 07:00:00,29.5,0.0,81.4,72.0,6.0
2024-04-25 08:00:00,29.6,0.0,80.0,85.0,6.6
2024-04-25 09:00:00,29.7,0.0,79.8,76.0,7.4
2024-04-25 10:00:00,29.9,0.0,79.5,98.0,7.0
2024-04-25 11:00:00,30.0,0.0,78.6,103.0,7.2
2024-04-25 12:00:00,30.1,0.0,77.8,111.0,7.5
2024-04-25 13:00:00,30.3,0.0,76.1,93.0,6.5
2024-04-25 14:00:00,30.7,0.0,74.8,100.0,5.2
2024-04-25 15:00:00,31.3,0.0,62.1,80.0,7.8
2024-04-25 16:00:00,30.1,0.0,76.9,83.0,14.5
2024-04-25 17:00:00,30.6,0.0,68.6,84.0,11.3
2024-04-25 18:00:00,30.4,0.0,71.7,72.0,6.3
2024-04-25 19:00:00,30.5,0.0,65.5,71.0,5.7
2024-04-25 20:00:00,30.3,0.0,70.2,35.0,3.2
2024-04-25 21:00:00,30.0,0.0,71.9,5.0,2.3
2024-04-25 22:00:00,29.5,0.0,73.5,327.0,1.7
2024-04-25 23:00:00,29.7,0.0,75.7,16.0,1.9
2024-04-26 00:00:00,29.6,0.0,78.6,37.0,1.7
2024-04-26 01:00:00,29.1,0.0,82.4,8.0,2.7
2024-04-26 02:00:00,28.9,0.0,82.2,302.0,0.9
2024-04-26 03:00:00,28.6,0.0,83.6,358.0,2.2
2024-04-26 04:00:00,28.6,0.0,85.7,330.0,1.6
2024-04-26 05:00:00,28.4,0.0,86.6,1.0,2.8
2024-04-26 06:00:00,28.2,0.0,86.5,338.0,1.9
2024-04-26 07:00:00,28.4,0.0,86.9,339.0,1.8
2024-04-26 08:00:00,29.5,0.0,78.7,259.0,3.2
2024-04-26 09:00:00,30.9,0.0,74.7,73.0,1.0
2024-04-26 10:00:00,30.1,0.0,72.5,148.0,4.3
2024-04-26 11:00:00,30.6,0.0,69.9,87.0,2.7
2024-04-26 12:00:00,30.6,0.0,66.7,114.0,4.1
2024-04-26 13:00:00,30.9,0.0,72.3,99.0,6.6
2024-04-26 14:00:00,31.3,0.0,68.1,115.0,9.89999
2024-04-26 15:00:00,31.4,0.0,69.1,80.0,11.9
2024-04-26 16:00:00,31.3,0.0,69.2,79.0,12.7
2024-04-26 17:00:00,31.6,0.0,65.2,351.0,5.2
2024-04-26 18:00:00,31.6,0.0,64.1,327.0,3.4
2024-04-26 19:00:00,31.0,0.0,68.4,4.0,5.6
2024-04-26 20:00:00,30.3,0.0,74.7,8.0,4.9
2024-04-26 21:00:00,30.0,0.0,79.2,3.0,4.4
2024-04-26 22:00:00,29.8,0.0,79.2,33.0,2.5
2024-04-26 23:00:00,29.7,0.0,80.8,22.0,1.2
2024-04-27 00:00:00,29.7,0.0,79.5,354.0,1.4
2024-04-27 01:00:00,29.8,0.0,79.2,349.0,1.7
2024-04-27 02:00:00,29.9,0.0,77.4,249.0,2.1
2024-04-27 03:00:00,29.7,0.0,80.1,308.0,1.5
2024-04-27 04:00:00,29.1,0.0,81.6,357.0,2.2
2024-04-27 05:00:00,28.8,0.0,85.4,3.0,2.7
2024-04-27 06:00:00,28.8,0.0,86.7,351.0,2.9
2024-04-27 07:00:00,29.1,0.0,84.2,4.0,2.9
2024-04-27 08:00:00,29.9,0.0,80.6,357.0,1.6
2024-04-27 09:00:00,30.8,0.0,75.3,101.0,1.5
2024-04-27 10:00:00,30.3,0.0,75.8,78.0,6.0
2024-04-27 11:00:00,30.2,0.0,75.1,95.0,6.6
2024-04-27 12:00:00,30.4,0.0,74.2,112.0,5.4
2024-04-27 13:00:00,30.7,0.0,70.5,103.0,6.3
2024-04-27 14:00:00,31.3,0.0,64.2,91.0,6.6
2024-04-27 15:00:00,31.1,0.0,69.6,84.0,7.3
2024-04-27 16:00:00,31.5,0.0,65.3,84.0,7.6
2024-04-27 17:00:00,31.6,0.0,66.9,87.0,10.1
2024-04-27 18:00:00,31.2,0.0,71.5,76.0,12.2
2024-04-27 19:00:00,30.8,0.0,75.7,70.0,10.0
2024-04-27 20:00:00,30.6,0.0,75.3,42.0,3.3
2024-04-27 21:00:00,30.3,0.0,77.5,14.0,1.9
2024-04-27 22:00:00,30.6,0.0,78.4,85.0,6.4
2024-04-27 23:00:00,30.3,0.0,78.5,92.0,4.8
2024-04-28 00:00:00,30.4,0.0,75.0,89.0,4.1
2024-04-28 01:00:00,30.5,0.0,72.2,93.0,4.6
2024-04-28 02:00:00,30.4,0.0,72.9,112.0,4.1
2024-04-28 03:00:00,30.1,0.0,74.3,129.0,4.6
2024-04-28 04:00:00,29.9,0.0,74.4,129.0,4.0
2024-04-28 05:00:00,29.7,0.0,77.4,134.0,4.7
2024-04-28 06:00:00,29.8,0.0,74.7,158.0,4.6
2024-04-28 07:00:00,29.9,0.0,74.7,163.0,4.0
2024-04-28 08:00:00,30.1,0.0,74.8,165.0,5.0
2024-04-28 09:00:00,30.2,0.0,73.7,183.0,4.0
2024-04-28 10:00:00,30.4,0.0,72.7,194.0,4.0
2024-04-28 11:00:00,29.4,0.0,80.8,194.0,11.7
2024-04-28 12:00:00,28.2,0.0,78.5,153.0,3.7
2024-04-28 13:00:00,30.0,0.0,78.7,223.0,6.2
2024-04-28 14:00:00,30.5,0.0,77.4,197.0,9.5
2024-04-28 15:00:00,29.7,0.0,80.0,202.0,9.10001
2024-04-28 16:00:00,25.1,1.8,95.5,225.0,5.1
2024-04-28 17:00:00,28.8,0.0,85.0,132.0,7.9
2024-04-28 18:00:00,29.7,0.0,73.5,130.0,13.0
2024-04-28 19:00:00,29.4,0.0,79.3,126.0,8.3
2024-04-28 20:00:00,28.6,0.0,85.3,263.0,1.1
2024-04-28 21:00:00,28.8,0.0,83.3,281.0,0.8
2024-04-28 22:00:00,29.7,0.0,77.8,130.0,4.7
2024-04-28 23:00:00,29.5,0.0,77.8,91.0,4.0
2024-04-29 00:00:00,28.9,0.0,81.0,18.0,1.7
2024-04-29 01:00:00,28.4,0.0,85.4,347.0,1.3
2024-04-29 02:00:00,29.3,0.0,80.7,138.0,3.4
2024-04-29 03:00:00,28.7,0.0,81.6,201.0,1.4
2024-04-29 04:00:00,27.7,0.0,88.6,329.0,1.7
2024-04-29 05:00:00,27.9,0.0,86.4,311.0,2.0
2024-04-29 06:00:00,27.7,0.0,88.6,332.0,1.5
2024-04-29 07:00:00,27.8,0.0,86.7,354.0,2.6
2024-04-29 08:00:00,29.4,0.0,79.4,347.0,4.1
2024-04-29 09:00:00,30.0,0.0,75.0,93.0,2.5
2024-04-29 10:00:00,30.1,0.0,78.1,92.0,4.4
2024-04-29 11:00:00,30.2,0.0,78.6,87.0,7.0
2024-04-29 12:00:00,30.2,0.0,77.3,76.0,6.1
2024-04-29 13:00:00,30.5,0.0,76.0,86.0,6.2
2024-04-29 14:00:00,30.8,0.0,73.9,80.0,6.9
2024-04-29 15:00:00,31.1,0.0,71.5,85.0,9.10001
2024-04-29 16:00:00,31.1,0.0,70.5,80.0,10.4
2024-04-29 17:00:00,31.1,0.0,70.9,75.0,12.3
2024-04-29 18:00:00,31.1,0.0,73.8,75.0,11.1
2024-04-29 19:00:00,31.1,0.0,74.5,48.0,5.6
2024-04-29 20:00:00,30.4,0.0,74.1,39.0,3.0
2024-04-29 21:00:00,30.1,0.0,77.3,12.0,2.8
2024-04-29 22:00:00,30.1,0.0,77.0,8.0,2.3
2024-04-29 23:00:00,30.0,0.0,79.4,3.0,2.3
2024-04-30 00:00:00,30.2,0.0,77.3,78.0,4.5
2024-04-30 01:00:00,30.3,0.0,77.3,112.0,6.2
2024-04-30 02:00:00,30.1,0.0,77.0,149.0,5.9
2024-04-30 03:00:00,29.9,0.0,78.2,121.0,5.1
2024-04-30 04:00:00,29.7,0.0,79.6,126.0,3.0
2024-04-30 05:00:00,28.8,0.0,85.1,355.0,1.6
2024-04-30 06:00:00,29.7,0.0,78.7,101.0,4.8
2024-04-30 07:00:00,29.5,0.0,82.3,71.0,2.3
2024-04-30 08:00:00,29.8,0.0,82.2,110.0,5.2
2024-04-30 09:00:00,29.9,0.0,81.4,98.0,5.6
2024-04-30 10:00:00,30.0,0.0,79.3,130.0,6.5
2024-04-30 11:00:00,30.5,0.0,75.9,112.0,4.3
2024-04-30 12:00:00,30.8,0.0,75.3,97.0,4.1
2024-04-30 13:00:00,31.1,0.0,73.9,67.0,3.3
2024-04-30 14:00:00,31.1,0.0,72.1,80.0,4.3
2024-04-30 15:00:00,30.9,0.0,74.4,86.0,4.6
2024-04-30 16:00:00,31.1,0.0,75.4,88.0,7.8
2024-04-30 17:00:00,31.3,0.0,75.5,106.0,6.8
2024-04-30 18:00:00,30.9,0.0,75.6,101.0,8.0
2024-04-30 19:00:00,30.7,0.0,78.0,71.0,4.5
2024-04-30 20:00:00,30.7,0.0,77.2,94.0,6.7
2024-04-30 21:00:00,30.4,0.0,79.6,124.0,8.10001
2024-04-30 22:00:00,30.5,0.0,76.2,118.0,7.1
2024-04-30 23:00:00,30.3,0.0,81.2,52.0,4.6
2025-03-01 00:00:00,27.3,0.0,84.6,333.0,7.0
2025-03-01 01:00:00,27.4,0.0,84.1,331.0,7.9
2025-03-01 02:00:00,27.2,0.0,86.1,314.0,5.9
2025-03-01 03:00:00,27.3,0.0,86.0,332.0,6.8
2025-03-01 04:00:00,26.8,0.0,85.9,318.0,6.7
2025-03-01 05:00:00,26.9,0.0,86.4,327.0,7.4
2025-03-01 06:00:00,26.9,0.0,85.2,340.0,11.2
2025-03-01 07:00:00,26.7,0.0,86.6,317.0,6.4
2025-03-01 08:00:00,27.0,0.0,85.6,338.0,8.39999
2025-03-01 09:00:00,27.3,0.0,84.3,334.0,7.7
2025-03-01 10:00:00,28.2,0.0,77.1,359.0,9.7
2025-03-01 11:00:00,29.3,0.0,70.8,353.0,7.7
2025-03-01 12:00:00,29.6,0.0,70.4,6.0,7.0
2025-03-01 13:00:00,28.5,0.0,80.4,352.0,9.5
2025-03-01 14:00:00,29.8,0.0,70.2,357.0,7.8
2025-03-01 15:00:00,30.1,0.0,69.1,3.0,9.10001
2025-03-01 16:00:00,30.2,0.0,67.5,7.0,8.5
2025-03-01 17:00:00,29.9,0.0,66.6,1.0,9.8
2025-03-01 18:00:00,29.6,0.0,68.8,343.0,9.7
2025-03-01 19:00:00,28.6,0.0,73.8,329.0,9.5
2025-03-01 20:00:00,27.7,0.0,78.1,339.0,13.1
2025-03-01 21:00:00,27.4,0.0,80.5,346.0,13.2
2025-03-01 22:00:00,27.2,0.0,82.6,340.0,11.5
2025-03-01 23:00:00,27.2,0.0,82.8,341.0,10.7
2025-03-02 00:00:00,27.1,0.0,83.0,338.0,9.5
2025-03-02 01:00:00,26.7,0.0,84.4,334.0,5.9
2025-03-02 02:00:00,26.6,0.0,85.0,335.0,7.1
2025-03-02 03:00:00,26.4,0.0,86.3,325.0,6.4
2025-03-02 04:00:00,26.2,0.0,87.7,295.0,5.1
2025-03-02 05:00:00,26.2,0.0,87.1,316.0,5.7
2025-03-02 06:00:00,26.1,0.0,86.7,332.0,7.9
2025-03-02 07:00:00,26.3,0.0,87.1,334.0,11.0
2025-03-02 08:00:00,26.6,0.0,85.9,329.0,7.5
2025-03-02 09:00:00,27.4,0.0,80.6,345.0,10.9
2025-03-02 10:00:00,28.0,0.0,77.0,347.0,10.2
2025-03-02 11:00:00,28.9,0.0,73.3,359.0,9.60001
2025-03-02 12:00:00,29.7,0.0,65.5,3.0,10.0
2025-03-02 13:00:00,30.3,0.0,61.8,357.0,9.7
2025-03-02 14:00:00,30.5,0.0,60.8,,9.7
2025-03-02 15:00:00,30.3,0.0,64.2,359.0,9.60001
2025-03-02 16:00:00,30.6,0.0,62.9,344.0,9.89999
2025-03-02 17:00:00,30.4,0.0,64.3,346.0,12.0
2025-03-02 18:00:00,29.2,0.0,67.4,349.0,14.2
2025-03-02 19:00:00,28.4,0.0,73.8,339.0,12.4
2025-03-02 20:00:00,27.6,0.0,79.0,334.0,10.3
2025-03-02 21:00:00,27.2,0.0,79.0,326.0,8.89999
2025-03-02 22:00:00,27.2,0.0,80.2,326.0,8.2
2025-03-02 23:00:00,27.1,0.0,80.6,332.0,8.8
2025-03-03 00:00:00,26.8,0.0,81.8,335.0,6.3
2025-03-03 01:00:00,26.9,0.0,82.3,326.0,7.8
2025-03-03 02:00:00,26.6,0.0,84.0,319.0,6.1
2025-03-03 03:00:00,26.4,0.0,85.2,306.0,5.8
2025-03-03 04:00:00,26.4,0.0,86.5,318.0,5.3
2025-03-03 05:00:00,26.1,0.0,87.1,310.0,5.7
2025-03-03 06:00:00,26.0,0.0,87.0,304.0,5.6
2025-03-03 07:00:00,26.3,0.0,85.4,314.0,6.1
2025-03-03 08:00:00,26.5,0.0,85.0,333.0,6.7
2025-03-03 09:00:00,27.2,0.0,80.1,357.0,9.2
2025-03-03 10:00:00,28.1,0.0,74.3,350.0,10.0
2025-03-03 11:00:00,29.1,0.0,71.9,6.0,7.0
2025-03-03 12:00:00,29.5,0.0,64.8,5.0,7.7
2025-03-03 13:00:00,30.6,0.0,60.7,24.0,3.7
2025-03-03 14:00:00,30.7,0.0,62.4,58.0,3.2
2025-03-03 15:00:00,28.9,0.0,75.5,182.0,10.3
2025-03-03 16:00:00,29.3,0.0,71.4,109.0,4.8
2025-03-03 17:00:00,29.9,0.0,68.1,111.0,4.8
2025-03-03 18:00:00,29.8,0.0,66.3,358.0,7.6
2025-03-03 19:00:00,28.7,0.0,69.9,359.0,7.8
2025-03-03 20:00:00,27.8,0.0,73.4,348.0,7.7
2025-03-03 21:00:00,27.5,0.0,78.5,340.0,8.7
2025-03-03 22:00:00,27.2,0.0,79.0,335.0,7.7
2025-03-03 23:00:00,27.2,0.0,80.7,313.0,6.8
2025-03-04 00:00:00,27.1,0.0,80.7,343.0,11.1
2025-03-04 01:00:00,26.9,0.0,82.2,302.0,6.3
2025-03-04 02:00:00,26.6,0.0,84.7,322.0,5.0
2025-03-04 03:00:00,26.5,0.0,85.2,323.0,5.1
2025-03-04 04:00:00,26.5,0.0,84.8,307.0,6.0
2025-03-04 05:00:00,26.3,0.0,85.3,307.0,6.6
2025-03-04 06:00:00,26.3,0.0,86.5,314.0,7.0
2025-03-04 07:00:00,26.3,0.0,86.7,310.0,6.2
2025-03-04 08:00:00,26.6,0.0,84.6,323.0,5.8
2025-03-04 09:00:00,27.3,0.0,80.0,349.0,8.7
2025-03-04 10:00:00,28.1,0.0,79.0,345.0,7.9
2025-03-04 11:00:00,29.0,0.0,75.2,358.0,8.10001
2025-03-04 12:00:00,29.8,0.0,69.7,358.0,6.8
2025-03-04 13:00:00,30.8,0.0,64.8,13.0,6.0
2025-03-04 14:00:00,31.5,0.0,59.8,50.0,3.9
2025-03-04 15:00:00,31.6,0.0,59.7,358.0,6.7
2025-03-04 16:00:00,31.4,0.0,62.6,22.0,7.3
2025-03-04 17:00:00,31.1,0.0,64.3,31.0,5.0
2025-03-04 18:00:00,30.4,0.0,67.8,19.0,5.9
2025-03-04 19:00:00,29.2,0.0,69.1,341.0,8.8
2025-03-04 20:00:00,27.9,0.0,73.3,327.0,6.3
2025-03-04 21:00:00,28.0,0.0,78.1,332.0,9.0
2025-03-04 22:00:00,27.6,0.0,84.0,326.0,5.5
2025-03-04 23:00:00,27.4,0.0,84.5,322.0,5.4
2025-03-05 00:00:00,27.4,0.0,84.0,312.0,4.9
2025-03-05 01:00:00,27.2,0.0,85.4,302.0,4.6
2025-03-05 02:00:00,27.1,0.0,84.3,321.0,5.5
2025-03-05 03:00:00,27.1,0.0,84.5,311.0,4.5
2025-03-05 04:00:00,27.0,0.0,85.3,304.0,4.5
2025-03-05 05:00:00,27.2,0.0,84.6,323.0,5.8
2025-03-05 06:00:00,26.9,0.0,86.6,322.0,6.1
2025-03-05 07:00:00,26.9,0.0,86.0,305.0,6.3
2025-03-05 08:00:00,26.9,0.0,86.5,314.0,6.9
2025-03-05 09:00:00,28.1,0.0,82.1,317.0,3.4
2025-03-05 10:00:00,29.0,0.0,74.1,303.0,2.7
2025-03-05 11:00:00,27.9,0.0,81.8,191.0,9.89999
2025-03-05 12:00:00,27.9,0.0,82.1,110.0,4.9
2025-03-05 13:00:00,28.2,0.0,80.9,87.0,2.5
2025-03-05 14:00:00,28.0,0.0,86.4,74.0,4.8
2025-03-05 15:00:00,28.0,0.0,83.5,33.0,4.5
2025-03-05 16:00:00,26.7,0.0,87.9,345.0,5.4
2025-03-05 17:00:00,26.3,0.0,86.7,334.0,7.9
2025-03-05 18:00:00,26.9,0.0,85.2,334.0,7.9
2025-03-05 19:00:00,27.1,0.0,81.9,333.0,8.39999
2025-03-05 20:00:00,26.6,0.0,85.8,325.0,4.9
2025-03-05 21:00:00,26.2,0.0,87.7,319.0,4.4
2025-03-05 22:00:00,26.4,0.0,86.9,296.0,4.1
2025-03-05 23:00:00,27.0,0.0,87.4,299.0,4.2
2025-03-06 00:00:00,27.0,0.0,87.6,299.0,5.2
2025-03-06 01:00:00,27.0,0.0,88.3,305.0,4.8
2025-03-06 02:00:00,27.0,0.0,89.3,304.0,5.1
2025-03-06 03:00:00,26.8,0.0,89.2,309.0,4.2
2025-03-06 04:00:00,27.0,0.0,88.2,301.0,5.0
2025-03-06 05:00:00,27.1,0.0,87.4,305.0,5.4
2025-03-06 06:00:00,27.1,0.0,87.6,284.0,5.2
2025-03-06 07:00:00,27.2,0.0,87.6,257.0,7.9
2025-03-06 08:00:00,25.7,0.0,87.7,252.0,12.7
2025-03-06 09:00:00,25.8,0.0,88.1,255.0,10.8
2025-03-06 10:00:00,26.2,0.0,82.6,258.0,10.2
2025-03-06 11:00:00,26.4,0.0,83.3,279.0,5.6
2025-03-06 12:00:00,26.3,0.0,86.2,241.0,6.0
2025-03-06 13:00:00,25.7,0.0,90.8,223.0,10.1
2025-03-06 14:00:00,26.6,0.0,87.8,233.0,6.2
2025-03-06 15:00:00,28.2,0.0,74.8,263.0,4.3
2025-03-06 16:00:00,27.4,0.0,80.7,191.0,13.9
2025-03-06 17:00:00,27.1,0.0,82.1,224.0,7.5
2025-03-06 18:00:00,27.1,0.0,79.5,237.0,8.39999
2025-03-06 19:00:00,27.2,0.0,81.4,241.0,8.2
2025-03-06 20:00:00,27.2,0.0,78.4,267.0,6.9
2025-03-06 21:00:00,27.4,0.0,80.7,247.0,7.9
2025-03-06 22:00:00,27.2,0.0,80.0,262.0,8.0
2025-03-06 23:00:00,26.9,0.0,81.7,266.0,7.2
2025-03-07 00:00:00,26.9,0.0,83.1,263.0,7.6
2025-03-07 01:00:00,26.9,0.0,83.6,283.0,5.8
2025-03-07 02:00:00,26.8,0.0,83.3,281.0,5.6
2025-03-07 03:00:00,26.5,0.0,87.0,279.0,5.6
2025-03-07 04:00:00,26.4,0.0,88.9,281.0,5.4
2025-03-07 05:00:00,26.5,0.0,85.0,265.0,5.6
2025-03-07 06:00:00,26.4,0.0,86.2,262.0,5.8
2025-03-07 07:00:00,26.0,0.0,87.9,282.0,5.7
2025-03-07 08:00:00,26.8,0.0,85.6,317.0,5.1
2025-03-07 09:00:00,27.9,0.0,83.2,12.0,3.8
2025-03-07 10:00:00,28.7,0.0,76.7,48.0,2.9
2025-03-07 11:00:00,28.4,0.0,78.9,96.0,6.4
2025-03-07 12:00:00,28.6,0.0,76.3,104.0,7.5
2025-03-07 13:00:00,28.7,0.0,78.0,119.0,6.4
2025-03-07 14:00:00,29.4,0.0,73.9,101.0,4.3
2025-03-07 15:00:00,29.6,0.0,70.0,134.0,6.2
2025-03-07 16:00:00,29.1,0.0,78.6,78.0,5.2
2025-03-07 17:00:00,29.7,0.0,74.3,60.0,6.1
2025-03-07 18:00:00,29.0,0.0,80.4,28.0,5.4
2025-03-07 19:00:00,28.5,0.0,81.4,11.0,4.3
2025-03-07 20:00:00,28.4,0.0,81.4,353.0,6.4
2025-03-07 21:00:00,28.0,0.0,83.6,340.0,5.9
2025-03-07 22:00:00,28.0,0.0,82.3,341.0,6.7
2025-03-07 23:00:00,27.9,0.0,85.1,331.0,4.7
2025-03-08 00:00:00,27.7,0.0,85.3,338.0,5.8
2025-03-08 01:00:00,27.5,0.0,86.3,332.0,4.8
2025-03-08 02:00:00,27.4,0.0,87.3,324.0,4.6
2025-03-08 03:00:00,27.3,0.0,88.4,321.0,5.3
2025-03-08 04:00:00,27.2,0.0,88.6,330.0,4.9
2025-03-08 05:00:00,27.2,0.0,87.6,319.0,5.8
2025-03-08 06:00:00,27.1,0.0,88.4,327.0,5.1
2025-03-08 07:00:00,27.3,0.0,87.2,330.0,6.1
2025-03-08 08:00:00,27.8,0.0,85.7,341.0,6.9
2025-03-08 09:00:00,27.9,0.0,85.5,339.0,8.5
2025-03-08 10:00:00,28.9,0.0,80.1,356.0,10.5
2025-03-08 11:00:00,29.5,0.0,71.8,349.0,12.2
2025-03-08 12:00:00,30.1,0.0,70.0,354.0,11.5
2025-03-08 13:00:00,31.3,0.0,64.8,,8.7
2025-03-08 14:00:00,30.9,0.0,66.6,345.0,8.10001
2025-03-08 15:00:00,31.0,0.0,65.8,356.0,7.5
2025-03-08 16:00:00,26.8,0.0,89.9,308.0,4.9
2025-03-08 17:00:00,27.9,0.0,88.2,295.0,4.7
2025-03-08 18:00:00,27.0,0.0,82.1,307.0,9.60001
2025-03-08 19:00:00,26.5,0.0,86.3,324.0,8.2
2025-03-08 20:00:00,27.5,0.0,83.7,331.0,8.0
2025-03-08 21:00:00,27.6,0.0,85.4,330.0,8.89999
2025-03-08 22:00:00,27.6,0.0,83.1,333.0,9.60001
2025-03-08 23:00:00,27.5,0.0,83.8,321.0,6.7
2025-03-09 00:00:00,27.3,0.0,86.0,334.0,8.0
2025-03-09 01:00:00,27.5,0.0,84.7,339.0,7.7
2025-03-09 02:00:00,27.3,0.0,86.3,314.0,6.0
2025-03-09 03:00:00,27.1,0.0,87.7,322.0,6.2
2025-03-09 04:00:00,27.2,0.0,87.1,330.0,5.9
2025-03-09 05:00:00,27.3,0.0,87.3,335.0,9.10001
2025-03-09 06:00:00,27.3,0.0,86.6,331.0,7.0
2025-03-09 07:00:00,27.2,0.0,86.5,305.0,5.5
2025-03-09 08:00:00,27.6,0.0,85.2,331.0,6.4
2025-03-09 09:00:00,27.4,0.0,84.7,324.0,6.3
2025-03-09 10:00:00,27.7,0.0,83.6,300.0,3.7
2025-03-09 11:00:00,26.4,0.0,88.8,224.0,9.7
2025-03-09 12:00:00,25.0,2.0,93.9,341.0,8.8
2025-03-09 13:00:00,25.7,0.0,94.0,283.0,6.2
2025-03-09 14:00:00,25.7,0.2,90.6,301.0,6.7
2025-03-09 15:00:00,25.7,0.0,90.4,342.0,6.9
2025-03-09 16:00:00,25.6,0.0,88.8,293.0,6.0
2025-03-09 17:00:00,26.8,0.0,84.2,322.0,5.6
2025-03-09 18:00:00,27.4,0.0,78.0,323.0,7.2
2025-03-09 19:00:00,27.2,0.0,85.2,314.0,3.5
2025-03-09 20:00:00,27.3,0.0,86.7,300.0,4.0
2025-03-09 21:00:00,27.0,0.0,88.6,287.0,4.7
2025-03-09 22:00:00,27.0,0.0,89.5,296.0,4.7
2025-03-09 23:00:00,27.0,0.0,89.2,294.0,5.2
2025-03-10 00:00:00,26.9,0.0,89.2,295.0,5.1
2025-03-10 01:00:00,26.7,0.0,89.1,298.0,5.5
2025-03-10 02:00:00,26.7,0.0,89.2,297.0,6.1
2025-03-10 03:00:00,26.5,0.0,90.5,307.0,5.1
2025-03-10 04:00:00,26.3,0.0,91.1,301.0,5.1
2025-03-10 05:00:00,26.3,0.0,91.6,294.0,4.6
2025-03-10 06:00:00,26.3,0.0,91.3,286.0,5.5
2025-03-10 07:00:00,26.4,0.0,90.0,295.0,5.5
2025-03-10 08:00:00,26.9,0.0,89.2,313.0,5.7
2025-03-10 09:00:00,27.8,0.0,83.9,349.0,8.0
2025-03-10 10:00:00,28.4,0.0,80.4,352.0,10.2
2025-03-10 11:00:00,29.4,0.0,73.7,353.0,9.7
2025-03-10 12:00:00,29.3,0.0,76.0,350.0,13.8
2025-03-10 13:00:00,30.1,0.0,72.7,356.0,11.4
2025-03-10 14:00:00,30.3,0.0,71.4,2.0,12.2
2025-03-10 15:00:00,29.5,0.0,72.9,348.0,10.4
2025-03-10 16:00:00,29.7,0.0,70.5,14.0,12.4
2025-03-10 17:00:00,30.2,0.0,70.0,353.0,11.7
2025-03-10 18:00:00,29.6,0.0,72.1,352.0,10.3
2025-03-10 19:00:00,28.7,0.0,78.7,347.0,10.3
2025-03-10 20:00:00,28.2,0.0,82.4,338.0,8.39999
2025-03-10 21:00:00,27.3,0.0,83.7,336.0,7.9
2025-03-10 22:00:00,27.5,0.0,83.7,332.0,10.5
2025-03-10 23:00:00,27.6,0.0,86.2,329.0,8.2
2025-03-11 00:00:00,27.5,0.0,86.3,335.0,8.0
2025-03-11 01:00:00,27.7,0.0,85.2,321.0,7.1
2025-03-11 02:00:00,26.9,0.0,91.5,310.0,7.1
2025-03-11 03:00:00,26.9,0.0,91.2,298.0,5.6
2025-03-11 04:00:00,27.0,0.0,90.5,290.0,5.6
2025-03-11 05:00:00,26.9,0.0,90.5,307.0,5.1
2025-03-11 06:00:00,27.0,0.0,89.9,286.0,6.1
2025-03-11 07:00:00,26.6,0.0,90.2,318.0,6.3
2025-03-11 08:00:00,27.5,0.0,86.3,344.0,8.60001
2025-03-11 09:00:00,28.1,0.0,83.5,353.0,9.3
2025-03-11 10:00:00,29.2,0.0,77.0,17.0,8.10001
2025-03-11 11:00:00,30.0,0.0,73.6,5.0,6.9
2025-03-11 12:00:00,29.4,0.0,74.1,349.0,8.39999
2025-03-11 13:00:00,29.7,0.0,70.5,352.0,10.1
2025-03-11 14:00:00,30.7,0.0,58.0,6.0,9.2
2025-03-11 15:00:00,31.7,0.0,59.8,347.0,9.89999
2025-03-11 16:00:00,31.0,0.0,61.5,353.0,10.0
2025-03-11 17:00:00,31.1,0.0,60.3,355.0,12.0
2025-03-11 18:00:00,30.1,0.0,67.9,345.0,11.6
2025-03-11 19:00:00,29.2,0.0,67.5,340.0,11.8
2025-03-11 20:00:00,28.5,0.0,76.4,340.0,12.0
2025-03-11 21:00:00,28.0,0.0,80.1,339.0,12.0
2025-03-11 22:00:00,27.9,0.0,81.0,341.0,13.4
2025-03-11 23:00:00,28.0,0.0,80.9,336.0,10.0
2025-03-12 00:00:00,27.9,0.0,81.6,336.0,11.0
2025-03-12 01:00:00,27.9,0.0,82.2,339.0,10.4
2025-03-12 02:00:00,27.6,0.0,83.5,334.0,9.3
2025-03-12 03:00:00,27.6,0.0,84.4,322.0,7.2
2025-03-12 04:00:00,27.6,0.0,84.5,317.0,6.7
2025-03-12 05:00:00,27.4,0.0,84.8,296.0,5.5
2025-03-12 06:00:00,27.3,0.0,85.7,296.0,5.5
2025-03-12 07:00:00,27.2,0.0,84.2,295.0,5.8
2025-03-12 08:00:00,27.5,0.0,82.5,291.0,4.4
2025-03-12 09:00:00,28.6,0.0,77.8,343.0,4.3
2025-03-12 10:00:00,29.6,0.0,71.6,358.0,5.3
2025-03-12 11:00:00,29.8,0.0,68.8,326.0,4.5
2025-03-12 12:00:00,29.2,0.0,74.5,342.0,6.2
2025-03-12 13:00:00,31.0,0.0,58.6,26.0,1.7
2025-03-12 14:00:00,27.4,0.2,86.4,340.0,9.10001
2025-03-12 15:00:00,28.5,0.0,79.7,5.0,4.1
2025-03-12 16:00:00,26.0,0.0,92.0,288.0,5.4
2025-03-12 17:00:00,27.2,0.0,84.2,301.0,6.5
2025-03-12 18:00:00,27.4,0.0,83.0,313.0,6.5
2025-03-12 19:00:00,27.4,0.0,82.8,320.0,6.0
2025-03-12 20:00:00,27.5,0.0,85.0,300.0,5.9
2025-03-12 21:00:00,27.3,0.0,87.7,317.0,4.2
2025-03-12 22:00:00,27.4,0.0,86.7,338.0,6.2
2025-03-12 23:00:00,27.5,0.0,87.4,327.0,6.2
2025-03-13 00:00:00,27.4,0.0,88.0,320.0,6.2
2025-03-13 01:00:00,27.2,0.0,88.6,284.0,4.7
2025-03-13 02:00:00,27.3,0.0,88.7,268.0,5.9
2025-03-13 03:00:00,27.2,0.0,88.6,292.0,5.1
2025-03-13 04:00:00,27.0,0.0,89.8,274.0,4.5
2025-03-13 05:00:00,26.5,0.0,92.1,277.0,4.7
2025-03-13 06:00:00,26.3,0.0,93.0,280.0,5.0
2025-03-13 07:00:00,27.0,0.0,87.8,299.0,5.0
2025-03-13 08:00:00,27.0,0.0,88.6,336.0,7.7
2025-03-13 09:00:00,26.2,0.6,91.4,329.0,5.1
2025-03-13 10:00:00,26.5,0.0,88.8,333.0,7.6
2025-03-13 11:00:00,27.9,0.0,80.7,19.0,5.7
2025-03-13 12:00:00,29.4,0.0,69.2,7.0,4.6
2025-03-13 13:00:00,28.6,0.0,79.9,91.0,5.5
2025-03-13 14:00:00,27.5,0.0,86.7,136.0,7.0
2025-03-13 15:00:00,27.8,0.0,84.0,92.0,4.9
2025-03-13 16:00:00,28.1,0.0,82.7,66.0,4.8
2025-03-13 17:00:00,28.5,0.0,86.0,87.0,6.6
2025-03-13 18:00:00,29.9,0.0,74.5,2.0,7.4
2025-03-13 19:00:00,29.3,0.0,75.2,4.0,7.3
2025-03-13 20:00:00,28.4,0.0,80.2,347.0,7.3
2025-03-13 21:00:00,27.9,0.0,83.9,344.0,8.2
2025-03-13 22:00:00,27.7,0.0,84.6,334.0,6.2
2025-03-13 23:00:00,27.7,0.0,84.3,338.0,5.4
2025-03-14 00:00:00,27.6,0.0,83.9,335.0,6.3
2025-03-14 01:00:00,27.8,0.0,81.9,324.0,7.7
2025-03-14 02:00:00,27.3,0.0,84.8,308.0,5.0
2025-03-14 03:00:00,27.1,0.0,85.3,325.0,5.8
2025-03-14 04:00:00,27.1,0.0,86.4,309.0,6.0
2025-03-14 05:00:00,27.2,0.0,83.7,325.0,8.39999
2025-03-14 06:00:00,26.9,0.0,84.9,328.0,6.1
2025-03-14 07:00:00,27.0,0.0,85.9,328.0,9.0
2025-03-14 08:00:00,27.5,0.0,83.0,340.0,8.0
2025-03-14 09:00:00,28.4,0.0,80.8,351.0,8.2
2025-03-14 10:00:00,28.9,0.0,76.3,348.0,9.7
2025-03-14 11:00:00,29.6,0.0,73.5,355.0,8.10001
2025-03-14 12:00:00,30.5,0.0,64.1,359.0,7.5
2025-03-14 13:00:00,31.2,0.0,59.9,358.0,9.2
2025-03-14 14:00:00,30.8,0.0,62.2,355.0,8.5
2025-03-14 15:00:00,31.1,0.0,63.2,7.0,8.0
2025-03-14 16:00:00,30.8,0.0,65.7,27.0,5.8
2025-03-14 17:00:00,30.0,0.0,66.1,1.0,10.2
2025-03-14 18:00:00,29.7,0.0,69.2,355.0,8.3
2025-03-14 19:00:00,29.1,0.0,71.8,347.0,9.7
2025-03-14 20:00:00,28.7,0.0,75.1,340.0,10.4
2025-03-14 21:00:00,28.5,0.0,77.8,328.0,7.0
2025-03-14 22:00:00,28.2,0.0,80.1,327.0,7.2
2025-03-14 23:00:00,28.1,0.0,80.6,341.0,9.8
2025-03-15 00:00:00,28.1,0.0,81.5,310.0,5.3
2025-03-15 01:00:00,28.2,0.0,82.0,300.0,4.8
2025-03-15 02:00:00,28.0,0.0,82.9,281.0,5.1
2025-03-15 03:00:00,26.4,0.4,90.0,13.0,5.6
2025-03-15 04:00:00,25.6,0.2,94.2,2.0,2.2
2025-03-15 05:00:00,25.3,0.0,93.7,349.0,3.8
2025-03-15 06:00:00,26.6,0.0,92.0,275.0,4.2
2025-03-15 07:00:00,26.5,0.0,94.0,336.0,5.1
2025-03-15 08:00:00,26.7,0.0,94.0,341.0,4.8
2025-03-15 09:00:00,27.7,0.0,87.4,350.0,7.5
2025-03-15 10:00:00,28.5,0.0,83.5,4.0,7.7
2025-03-15 11:00:00,29.1,0.0,79.1,358.0,8.39999
2025-03-15 12:00:00,30.2,0.0,71.7,31.0,5.1
2025-03-15 13:00:00,28.8,0.0,81.7,85.0,10.8
2025-03-15 14:00:00,28.8,0.0,82.1,89.0,11.3
2025-03-15 15:00:00,28.9,0.0,82.3,84.0,10.8
2025-03-15 16:00:00,29.2,0.0,82.2,75.0,9.39999
2025-03-15 17:00:00,30.6,0.0,69.8,56.0,7.3
2025-03-15 18:00:00,29.7,0.0,71.0,353.0,9.89999
2025-03-15 19:00:00,29.4,0.0,73.9,344.0,9.0
2025-03-15 20:00:00,28.4,0.0,82.0,347.0,6.0
2025-03-15 21:00:00,27.9,0.0,83.5,315.0,4.8
2025-03-15 22:00:00,28.0,0.0,82.4,325.0,6.5
2025-03-15 23:00:00,28.0,0.0,83.1,326.0,6.1
2025-03-16 00:00:00,27.9,0.0,83.7,317.0,5.5
2025-03-16 01:00:00,27.6,0.0,85.4,317.0,4.9
2025-03-16 02:00:00,27.3,0.0,85.5,332.0,5.3
2025-03-16 03:00:00,27.4,0.0,87.2,313.0,4.4
2025-03-16 04:00:00,27.3,0.0,86.8,311.0,4.7
2025-03-16 05:00:00,27.4,0.0,86.3,307.0,5.6
2025-03-16 06:00:00,27.5,0.0,85.3,340.0,7.8
2025-03-16 07:00:00,27.4,0.0,86.5,303.0,5.4
2025-03-16 08:00:00,27.6,0.0,85.2,287.0,4.7
2025-03-16 09:00:00,28.1,0.0,82.7,342.0,7.3
2025-03-16 10:00:00,28.5,0.0,82.3,346.0,6.7
2025-03-16 11:00:00,28.8,0.0,79.4,351.0,7.9
2025-03-16 12:00:00,29.4,0.0,73.8,355.0,8.10001
2025-03-16 13:00:00,30.3,0.0,68.5,359.0,5.0
2025-03-16 14:00:00,29.0,0.0,78.8,58.0,7.0
2025-03-16 15:00:00,29.6,0.0,74.0,356.0,10.2
2025-03-16 16:00:00,29.9,0.0,76.0,353.0,7.1
2025-03-16 17:00:00,28.4,0.0,69.4,343.0,15.7
2025-03-16 18:00:00,28.9,0.0,62.2,331.0,8.0
2025-03-16 19:00:00,28.5,0.0,75.6,318.0,6.8
2025-03-16 20:00:00,28.2,0.0,82.3,342.0,9.0
2025-03-16 21:00:00,28.1,0.0,82.1,337.0,10.9
2025-03-16 22:00:00,28.0,0.0,82.4,337.0,8.2
2025-03-16 23:00:00,27.9,0.0,82.6,332.0,8.0
2025-03-17 00:00:00,27.5,0.0,84.4,327.0,7.0
2025-03-17 01:00:00,27.5,0.0,84.0,329.0,6.4
2025-03-17 02:00:00,27.3,0.0,85.5,315.0,6.3
2025-03-17 03:00:00,27.3,0.0,85.1,305.0,6.2
2025-03-17 04:00:00,27.1,0.0,84.9,308.0,5.9
2025-03-17 05:00:00,26.9,0.0,85.9,308.0,6.0
2025-03-17 06:00:00,26.9,0.0,84.9,300.0,6.3
2025-03-17 07:00:00,26.6,0.0,86.4,320.0,6.9
2025-03-17 08:00:00,26.9,0.0,85.1,313.0,6.1
2025-03-17 09:00:00,28.2,0.0,77.7,337.0,5.9
2025-03-17 10:00:00,29.1,0.0,71.7,336.0,8.5
2025-03-17 11:00:00,29.6,0.0,65.4,339.0,6.3
2025-03-17 12:00:00,30.8,0.0,59.8,27.0,4.8
2025-03-17 13:00:00,30.1,0.0,63.8,349.0,10.8
2025-03-17 14:00:00,28.0,0.0,75.5,246.0,7.5
2025-03-17 15:00:00,28.2,0.0,81.0,198.0,8.0
2025-03-17 16:00:00,28.6,0.0,78.6,184.0,5.1
2025-03-17 17:00:00,30.7,0.0,59.8,351.0,7.0
2025-03-17 18:00:00,29.5,0.0,67.3,341.0,8.3
2025-03-17 19:00:00,28.9,0.0,72.2,308.0,5.4
2025-03-17 20:00:00,28.4,0.0,77.0,343.0,9.5
2025-03-17 21:00:00,28.1,0.0,79.6,317.0,6.8
2025-03-17 22:00:00,27.9,0.0,79.6,315.0,7.8
2025-03-17 23:00:00,27.7,0.0,81.2,315.0,6.6
2025-03-18 00:00:00,27.8,0.0,81.3,318.0,6.6
2025-03-18 01:00:00,27.8,0.0,80.4,309.0,6.2
2025-03-18 02:00:00,27.5,0.0,80.3,301.0,6.0
2025-03-18 03:00:00,27.1,0.0,81.8,295.0,6.1
2025-03-18 04:00:00,27.2,0.0,79.1,312.0,7.1
2025-03-18 05:00:00,27.3,0.0,78.6,310.0,7.1
2025-03-18 06:00:00,27.3,0.0,79.6,304.0,6.6
2025-03-18 07:00:00,27.1,0.0,79.7,301.0,5.6
2025-03-18 08:00:00,27.5,0.0,78.6,334.0,5.9
2025-03-18 09:00:00,28.2,0.0,74.1,325.0,5.7
2025-03-18 10:00:00,28.9,0.0,72.2,330.0,7.4
2025-03-18 11:00:00,29.2,0.0,69.9,331.0,7.5
2025-03-18 12:00:00,30.4,0.0,66.4,351.0,9.60001
2025-03-18 13:00:00,30.1,0.0,65.0,351.0,15.4
2025-03-18 14:00:00,30.8,0.0,62.3,352.0,14.2
2025-03-18 15:00:00,30.8,0.0,59.2,356.0,14.6
2025-03-18 16:00:00,31.0,0.0,59.1,356.0,15.0
2025-03-18 17:00:00,30.5,0.0,60.8,352.0,13.7
2025-03-18 18:00:00,30.1,0.0,62.8,351.0,15.9
2025-03-18 19:00:00,29.4,0.0,64.5,344.0,12.7
2025-03-18 20:00:00,28.6,0.0,69.2,320.0,8.89999
2025-03-18 21:00:00,28.2,0.0,74.8,323.0,8.2
2025-03-18 22:00:00,28.1,0.0,75.8,321.0,7.1
2025-03-18 23:00:00,28.0,0.0,76.3,299.0,5.6
2025-03-19 00:00:00,27.8,0.0,77.2,314.0,6.4
2025-03-19 01:00:00,27.7,0.0,79.0,319.0,7.0
2025-03-19 02:00:00,27.5,0.0,79.4,322.0,7.7
2025-03-19 03:00:00,27.4,0.0,79.3,308.0,6.9
2025-03-19 04:00:00,27.2,0.0,79.9,307.0,7.0
2025-03-19 05:00:00,27.3,0.0,79.7,305.0,6.4
2025-03-19 06:00:00,27.1,0.0,79.6,299.0,6.8
2025-03-19 07:00:00,27.0,0.0,80.9,300.0,6.7
2025-03-19 08:00:00,27.3,0.0,79.2,306.0,7.0
2025-03-19 09:00:00,26.8,0.0,81.1,291.0,6.3
2025-03-19 10:00:00,25.8,0.8,90.8,304.0,5.9
2025-03-19 11:00:00,25.8,1.2,92.1,302.0,5.6
2025-03-19 12:00:00,24.8,0.2,93.6,263.0,5.9
2025-03-19 13:00:00,25.2,0.2,92.7,268.0,6.4
2025-03-19 14:00:00,24.7,1.8,94.7,338.0,5.0
2025-03-19 15:00:00,24.2,0.4,96.3,284.0,3.9
2025-03-19 16:00:00,24.5,0.2,96.0,278.0,6.8
2025-03-19 17:00:00,24.8,0.0,95.1,280.0,3.7
2025-03-19 18:00:00,24.5,0.0,93.9,281.0,5.9
2025-03-19 19:00:00,24.7,0.0,94.9,284.0,3.6
2025-03-19 20:00:00,24.4,0.0,94.4,280.0,4.8
2025-03-19 21:00:00,24.6,0.0,94.5,266.0,6.8
2025-03-19 22:00:00,24.3,0.0,94.4,271.0,7.2
2025-03-19 23:00:00,24.3,0.0,93.9,280.0,6.9
2025-03-20 00:00:00,24.1,0.4,95.4,278.0,7.8
2025-03-20 01:00:00,24.3,0.4,95.9,269.0,6.9
2025-03-20 02:00:00,24.5,0.2,95.6,276.0,7.4
2025-03-20 03:00:00,24.3,0.4,95.9,277.0,5.7
2025-03-20 04:00:00,23.9,0.2,96.2,286.0,6.6
2025-03-20 05:00:00,24.2,0.2,95.5,277.0,6.8
2025-03-20 06:00:00,24.3,0.2,96.0,265.0,9.8
2025-03-20 07:00:00,24.1,1.4,95.9,276.0,6.2
2025-03-20 08:00:00,23.6,0.4,97.0,283.0,7.0
2025-03-20 09:00:00,23.6,2.0,97.1,285.0,4.2
2025-03-20 10:00:00,23.4,2.2,97.7,269.0,4.1
2025-03-20 11:00:00,23.1,1.0,97.9,287.0,4.8
2025-03-20 12:00:00,23.3,0.0,97.8,271.0,9.0
2025-03-20 13:00:00,23.8,0.2,96.2,273.0,6.4
2025-03-20 14:00:00,23.3,5.2,97.3,273.0,7.3
2025-03-20 15:00:00,23.2,0.6,98.0,318.0,5.2
2025-03-20 16:00:00,23.9,0.2,96.8,303.0,6.7
2025-03-20 17:00:00,24.3,0.0,94.0,285.0,6.8
2025-03-20 18:00:00,24.5,0.0,92.4,286.0,7.3
2025-03-20 19:00:00,24.5,0.0,92.2,301.0,7.0
2025-03-20 20:00:00,24.6,0.0,92.8,303.0,6.8
2025-03-20 21:00:00,24.7,0.0,92.0,313.0,7.4
2025-03-20 22:00:00,24.8,0.0,89.3,315.0,7.1
2025-03-20 23:00:00,25.1,0.0,86.5,322.0,9.5
2025-03-21 00:00:00,25.3,0.0,85.9,318.0,7.9
2025-03-21 01:00:00,25.3,0.0,86.5,308.0,6.4
2025-03-21 02:00:00,25.2,0.0,88.4,299.0,5.4
2025-03-21 03:00:00,24.9,0.0,88.3,323.0,9.10001
2025-03-21 04:00:00,24.9,0.0,90.3,299.0,6.6
2025-03-21 05:00:00,24.8,0.0,90.5,289.0,6.1
2025-03-21 06:00:00,24.3,0.0,95.1,287.0,6.1
2025-03-21 07:00:00,24.3,0.0,93.9,285.0,6.3
2025-03-21 08:00:00,24.7,0.0,92.4,289.0,6.2
2025-03-21 09:00:00,25.5,0.0,90.1,292.0,6.4
2025-03-21 10:00:00,26.9,0.0,83.5,319.0,7.1
2025-03-21 11:00:00,27.9,0.0,79.0,347.0,10.7
2025-03-21 12:00:00,28.2,0.2,79.8,349.0,10.8
2025-03-21 13:00:00,28.7,0.0,76.1,343.0,10.6
2025-03-21 14:00:00,28.7,0.0,78.9,345.0,12.7
2025-03-21 15:00:00,29.1,0.0,74.6,343.0,10.6
2025-03-21 16:00:00,27.5,0.0,84.7,318.0,7.3
2025-03-21 17:00:00,28.1,0.0,82.5,338.0,9.3
2025-03-21 18:00:00,27.9,0.0,80.7,326.0,9.0
2025-03-21 19:00:00,27.6,0.0,81.0,322.0,8.60001
2025-03-21 20:00:00,27.3,0.0,83.6,307.0,6.6
2025-03-21 21:00:00,27.3,0.0,84.3,306.0,5.2
2025-03-21 22:00:00,26.9,0.0,87.0,293.0,5.1
2025-03-21 23:00:00,26.9,0.0,87.2,300.0,5.9
2025-03-22 00:00:00,26.9,0.0,87.7,300.0,5.9
2025-03-22 01:00:00,26.9,0.0,87.4,304.0,5.9
2025-03-22 02:00:00,26.6,0.0,89.1,303.0,6.2
2025-03-22 03:00:00,26.4,0.0,89.6,288.0,5.3
2025-03-22 04:00:00,26.4,0.0,89.8,304.0,5.3
2025-03-22 05:00:00,26.2,0.0,90.5,292.0,6.5
2025-03-22 06:00:00,26.0,0.0,91.4,295.0,5.4
2025-03-22 07:00:00,26.1,0.0,91.2,290.0,5.7
2025-03-22 08:00:00,26.1,0.0,91.9,291.0,5.7
2025-03-22 09:00:00,27.1,0.0,87.9,321.0,6.6
2025-03-22 10:00:00,28.1,0.0,83.5,347.0,8.0
2025-03-22 11:00:00,29.0,0.0,77.3,27.0,8.39999
2025-03-22 12:00:00,29.6,0.0,74.9,35.0,7.4
2025-03-22 13:00:00,30.0,0.0,72.3,16.0,7.3
2025-03-22 14:00:00,29.9,0.0,71.8,355.0,12.6
2025-03-22 15:00:00,29.3,0.0,74.6,347.0,11.6
2025-03-22 16:00:00,29.8,0.0,71.8,6.0,7.0
2025-03-22 17:00:00,29.5,0.0,72.7,356.0,11.4
2025-03-22 18:00:00,29.2,0.0,74.4,347.0,9.3
2025-03-22 19:00:00,28.6,0.0,78.2,339.0,11.7
2025-03-22 20:00:00,28.0,0.0,82.3,329.0,8.5
2025-03-22 21:00:00,27.7,0.0,84.5,338.0,12.3
2025-03-22 22:00:00,27.4,0.0,86.7,332.0,8.5
2025-03-22 23:00:00,26.7,0.0,87.3,314.0,8.0
2025-03-23 00:00:00,25.2,4.4,96.6,315.0,5.1
2025-03-23 01:00:00,24.5,0.6,98.0,324.0,7.5
2025-03-23 02:00:00,23.8,0.2,93.0,308.0,5.3
2025-03-23 03:00:00,24.5,0.2,96.2,309.0,7.3
2025-03-23 04:00:00,23.8,0.2,95.4,335.0,7.0
2025-03-23 05:00:00,23.8,0.2,93.8,325.0,7.3
2025-03-23 06:00:00,23.0,0.2,93.8,300.0,4.4
2025-03-23 07:00:00,23.4,0.2,94.7,327.0,4.4
2025-03-23 08:00:00,24.0,0.0,94.7,324.0,6.5
2025-03-23 09:00:00,24.5,0.0,92.6,256.0,9.10001
2025-03-23 10:00:00,25.3,0.0,88.1,257.0,8.5
2025-03-23 11:00:00,26.9,0.0,81.7,227.0,3.2
2025-03-23 12:00:00,28.1,0.0,77.8,350.0,8.2
2025-03-23 13:00:00,28.4,0.0,76.2,3.0,7.9
2025-03-23 14:00:00,29.8,0.0,68.0,17.0,9.60001
2025-03-23 15:00:00,30.5,0.0,68.0,351.0,7.2
2025-03-23 16:00:00,30.0,0.0,70.0,357.0,8.8
2025-03-23 17:00:00,29.5,0.0,73.8,9.0,7.0
2025-03-23 18:00:00,28.9,0.0,77.9,351.0,7.8
2025-03-23 19:00:00,28.0,0.0,83.1,339.0,6.9
2025-03-23 20:00:00,27.8,0.0,82.8,335.0,9.8
2025-03-23 21:00:00,27.7,0.0,84.9,330.0,8.2
2025-03-23 22:00:00,27.5,0.0,86.6,302.0,6.1
2025-03-23 23:00:00,27.5,0.0,86.8,293.0,5.7
2025-03-24 00:00:00,25.7,1.4,94.9,302.0,8.39999
2025-03-24 01:00:00,23.8,4.2,97.8,267.0,7.3
2025-03-24 02:00:00,23.7,0.2,97.8,312.0,3.2
2025-03-24 03:00:00,24.7,0.0,96.7,309.0,6.4
2025-03-24 04:00:00,24.5,0.0,90.2,328.0,6.1
2025-03-24 05:00:00,24.2,0.0,91.8,298.0,4.8
2025-03-24 06:00:00,24.2,0.0,95.6,300.0,4.2
2025-03-24 07:00:00,24.8,0.0,95.4,300.0,4.6
2025-03-24 08:00:00,26.2,0.0,92.9,314.0,6.9
2025-03-24 09:00:00,27.1,0.0,90.3,312.0,6.4
2025-03-24 10:00:00,28.1,0.0,85.3,341.0,9.2
2025-03-24 11:00:00,29.0,0.0,75.8,352.0,10.8
2025-03-24 12:00:00,29.9,0.0,72.5,351.0,9.3
2025-03-24 13:00:00,29.5,0.0,72.9,347.0,12.0
2025-03-24 14:00:00,29.6,0.0,72.1,354.0,13.5
2025-03-24 15:00:00,25.2,0.2,97.6,9.0,7.2
2025-03-24 16:00:00,26.6,0.0,98.1,255.0,6.3
2025-03-24 17:00:00,29.0,0.0,77.5,341.0,9.10001
2025-03-24 18:00:00,29.6,0.0,70.5,353.0,10.9
2025-03-24 19:00:00,28.6,0.0,78.5,345.0,8.0
2025-03-24 20:00:00,28.0,0.0,81.5,335.0,7.5
2025-03-24 21:00:00,27.5,0.0,84.4,340.0,6.0
2025-03-24 22:00:00,27.2,0.0,86.5,320.0,4.9
2025-03-24 23:00:00,27.1,0.0,87.4,303.0,4.0
2025-03-25 00:00:00,27.2,0.0,87.0,328.0,5.9
2025-03-25 01:00:00,27.2,0.0,86.5,315.0,6.5
2025-03-25 02:00:00,26.7,0.0,89.7,303.0,5.7
2025-03-25 03:00:00,26.5,0.0,90.4,322.0,6.5
2025-03-25 04:00:00,26.3,0.0,90.6,308.0,5.6
2025-03-25 05:00:00,26.4,0.0,89.2,304.0,6.0
2025-03-25 06:00:00,26.2,0.0,90.9,307.0,5.1
2025-03-25 07:00:00,26.3,0.0,90.0,314.0,5.9
2025-03-25 08:00:00,26.7,0.0,85.6,314.0,5.9
2025-03-25 09:00:00,27.2,0.0,83.7,331.0,7.4
2025-03-25 10:00:00,27.7,0.0,80.1,345.0,7.9
2025-03-25 11:00:00,28.9,0.0,74.5,345.0,6.8
2025-03-25 12:00:00,29.1,0.0,74.3,342.0,5.8
2025-03-25 13:00:00,30.0,0.0,69.0,31.0,2.8
2025-03-25 14:00:00,30.5,0.0,67.4,22.0,2.5
2025-03-25 15:00:00,30.6,0.0,64.2,353.0,2.6
2025-03-25 16:00:00,29.8,0.0,71.2,66.0,5.0
2025-03-25 17:00:00,29.6,0.0,74.4,18.0,7.5
2025-03-25 18:00:00,27.2,1.8,88.6,24.0,4.8
2025-03-25 19:00:00,26.3,0.0,97.0,338.0,6.6
2025-03-25 20:00:00,26.7,0.0,93.1,290.0,4.2
2025-03-25 21:00:00,27.1,0.0,87.9,323.0,6.9
2025-03-25 22:00:00,26.7,0.0,90.0,322.0,6.3
2025-03-25 23:00:00,27.2,0.0,86.0,323.0,7.0
2025-03-26 00:00:00,27.1,0.0,86.5,320.0,7.2
2025-03-26 01:00:00,26.7,0.0,89.0,301.0,5.9
2025-03-26 02:00:00,26.6,0.0,90.7,297.0,5.0
2025-03-26 03:00:00,26.5,0.0,91.2,305.0,6.0
2025-03-26 04:00:00,26.3,0.0,91.1,294.0,5.0
2025-03-26 05:00:00,26.2,0.0,90.9,293.0,5.1
2025-03-26 06:00:00,26.1,0.0,90.8,289.0,4.9
2025-03-26 07:00:00,26.7,0.0,87.9,313.0,6.2
2025-03-26 08:00:00,26.7,0.0,88.6,304.0,5.2
2025-03-26 09:00:00,27.6,0.0,83.1,339.0,6.7
2025-03-26 10:00:00,28.2,0.0,79.5,354.0,10.3
2025-03-26 11:00:00,29.2,0.0,74.4,3.0,7.4
2025-03-26 12:00:00,29.5,0.0,73.3,359.0,6.5
2025-03-26 13:00:00,30.5,0.0,69.7,16.0,6.8
2025-03-26 14:00:00,30.5,0.0,69.7,15.0,6.6
2025-03-26 15:00:00,29.1,0.0,81.7,106.0,8.8
2025-03-26 16:00:00,29.0,0.0,83.4,98.0,9.0
2025-03-26 17:00:00,28.9,0.0,83.5,79.0,8.60001
2025-03-26 18:00:00,27.8,0.0,85.2,350.0,7.8
2025-03-26 19:00:00,27.9,0.0,84.6,353.0,6.3
2025-03-26 20:00:00,27.4,0.0,85.4,331.0,6.3
2025-03-26 21:00:00,27.2,0.0,85.6,326.0,6.3
2025-03-26 22:00:00,27.1,0.0,85.9,326.0,5.2
2025-03-26 23:00:00,27.0,0.0,87.1,312.0,5.0
2025-03-27 00:00:00,27.0,0.0,87.0,326.0,5.7
2025-03-27 01:00:00,26.9,0.0,87.7,331.0,5.5
2025-03-27 02:00:00,26.8,0.0,88.2,327.0,6.2
2025-03-27 03:00:00,26.6,0.0,89.1,300.0,5.1
2025-03-27 04:00:00,26.5,0.0,89.2,292.0,5.1
2025-03-27 05:00:00,26.4,0.0,90.3,288.0,4.6
2025-03-27 06:00:00,26.6,0.0,88.9,293.0,5.6
2025-03-27 07:00:00,26.8,0.0,86.9,297.0,5.3
2025-03-27 08:00:00,27.2,0.0,84.3,319.0,5.7
2025-03-27 09:00:00,28.2,0.0,80.4,346.0,6.8
2025-03-27 10:00:00,28.8,0.0,77.7,5.0,7.0
2025-03-27 11:00:00,29.7,0.0,74.7,9.0,4.2
2025-03-27 12:00:00,30.1,0.0,72.4,9.0,5.5
2025-03-27 13:00:00,28.3,0.0,84.9,101.0,9.39999
2025-03-27 14:00:00,26.6,0.0,96.9,39.0,4.9
2025-03-27 15:00:00,27.8,0.0,88.6,2.0,4.6
2025-03-27 16:00:00,29.2,0.0,83.0,87.0,5.5
2025-03-27 17:00:00,29.8,0.0,79.4,353.0,6.3
2025-03-27 18:00:00,30.0,0.0,73.9,,7.8
2025-03-27 19:00:00,29.3,0.0,78.8,328.0,5.7
2025-03-27 20:00:00,28.6,0.0,83.0,287.0,4.4
2025-03-27 21:00:00,28.3,0.0,80.2,296.0,4.9
2025-03-27 22:00:00,28.0,0.0,83.0,283.0,5.3
2025-03-27 23:00:00,27.8,0.0,85.7,283.0,4.8
2025-03-28 00:00:00,27.6,0.0,87.8,289.0,4.6
2025-03-28 01:00:00,27.2,0.0,89.1,294.0,4.8
2025-03-28 02:00:00,27.3,0.0,88.6,286.0,4.9
2025-03-28 03:00:00,26.9,0.0,90.4,280.0,5.2
2025-03-28 04:00:00,26.8,0.0,91.1,278.0,5.3
2025-03-28 05:00:00,27.0,0.0,90.3,292.0,5.1
2025-03-28 06:00:00,27.3,0.0,88.5,288.0,4.6
2025-03-28 07:00:00,27.0,0.0,84.0,263.0,6.9
2025-03-28 08:00:00,27.3,0.0,80.4,299.0,3.8
2025-03-28 09:00:00,28.2,0.0,73.8,265.0,6.7
2025-03-28 10:00:00,28.8,0.0,76.1,224.0,6.3
2025-03-28 11:00:00,28.9,0.0,77.8,222.0,9.5
2025-03-28 12:00:00,30.7,0.0,67.3,273.0,5.7
2025-03-28 13:00:00,29.5,0.0,81.2,211.0,9.0
2025-03-28 14:00:00,31.3,0.0,64.3,253.0,7.8
2025-03-28 15:00:00,28.9,0.0,69.6,265.0,8.8
2025-03-28 16:00:00,29.3,0.0,71.1,286.0,2.6
2025-03-28 17:00:00,29.7,0.0,74.9,212.0,3.8
2025-03-28 18:00:00,30.3,0.0,71.6,321.0,5.3
2025-03-28 19:00:00,29.9,0.0,71.0,314.0,4.5
2025-03-28 20:00:00,27.8,0.0,85.0,312.0,6.1
2025-03-28 21:00:00,27.7,0.0,85.0,293.0,5.5
2025-03-28 22:00:00,28.0,0.0,84.7,278.0,5.2
2025-03-28 23:00:00,28.2,0.0,84.7,303.0,5.0
2025-03-29 00:00:00,27.4,0.0,88.4,314.0,5.9
2025-03-29 01:00:00,27.1,0.0,89.5,294.0,4.7
2025-03-29 02:00:00,27.1,0.0,87.3,305.0,4.1
2025-03-29 03:00:00,27.0,0.0,86.1,288.0,5.0
2025-03-29 04:00:00,27.0,0.0,83.6,302.0,4.5
2025-03-29 05:00:00,26.9,0.0,86.1,293.0,4.6
2025-03-29 06:00:00,27.1,0.0,86.6,303.0,3.7
2025-03-29 07:00:00,27.0,0.0,86.1,286.0,5.1
2025-03-29 08:00:00,27.3,0.0,84.3,298.0,4.9
2025-03-29 09:00:00,28.8,0.0,78.8,24.0,3.6
2025-03-29 10:00:00,29.7,0.0,75.9,12.0,2.9
2025-03-29 11:00:00,29.2,0.0,77.3,109.0,4.8
2025-03-29 12:00:00,28.8,0.0,80.4,103.0,5.4
2025-03-29 13:00:00,29.4,0.0,75.2,155.0,5.8
2025-03-29 14:00:00,28.8,0.0,83.8,79.0,4.7
2025-03-29 15:00:00,27.5,0.0,91.6,3.0,4.9
2025-03-29 16:00:00,29.2,0.0,79.5,77.0,6.5
2025-03-29 17:00:00,29.5,0.0,72.8,25.0,5.6
2025-03-29 18:00:00,25.5,0.6,78.4,312.0,6.1
2025-03-29 19:00:00,26.1,0.0,86.0,287.0,7.0
2025-03-29 20:00:00,26.9,0.0,88.8,294.0,6.1
2025-03-29 21:00:00,27.0,0.0,91.1,279.0,5.1
2025-03-29 22:00:00,27.6,0.0,83.1,311.0,7.0
2025-03-29 23:00:00,27.1,0.0,86.5,284.0,5.7
2025-03-30 00:00:00,26.7,0.0,90.0,299.0,4.3
2025-03-30 01:00:00,27.2,0.0,89.5,302.0,4.7
2025-03-30 02:00:00,27.0,0.0,90.6,292.0,5.3
2025-03-30 03:00:00,26.9,0.0,92.0,293.0,5.4
2025-03-30 04:00:00,26.9,0.0,92.1,309.0,5.7
2025-03-30 05:00:00,26.8,0.0,92.5,322.0,5.2
2025-03-30 06:00:00,26.8,0.0,91.8,320.0,4.6
2025-03-30 07:00:00,27.1,0.0,88.6,307.0,6.7
2025-03-30 08:00:00,27.4,0.0,89.6,308.0,5.1
2025-03-30 09:00:00,28.4,0.0,85.2,116.0,2.2
2025-03-30 10:00:00,29.4,0.0,76.4,34.0,6.3
2025-03-30 11:00:00,30.0,0.0,76.5,1.0,4.0
2025-03-30 12:00:00,30.6,0.0,71.4,59.0,4.8
2025-03-30 13:00:00,29.3,0.0,81.1,93.0,7.0
2025-03-30 14:00:00,29.3,0.0,83.5,92.0,11.7
2025-03-30 15:00:00,28.6,0.0,86.7,342.0,7.3
2025-03-30 16:00:00,29.5,0.0,78.8,11.0,7.2
2025-03-30 17:00:00,28.0,0.0,79.8,320.0,6.0
2025-03-30 18:00:00,27.0,0.0,79.5,316.0,7.0
2025-03-30 19:00:00,26.5,0.0,80.7,308.0,6.9
2025-03-30 20:00:00,26.4,0.0,83.1,298.0,5.1
2025-03-30 21:00:00,26.2,0.0,83.9,304.0,6.0
2025-03-30 22:00:00,26.2,0.0,82.6,296.0,5.3
2025-03-30 23:00:00,26.4,0.0,83.2,296.0,5.8
2025-03-31 00:00:00,26.5,0.0,83.7,290.0,5.4
2025-03-31 01:00:00,26.5,0.0,84.4,284.0,6.2
2025-03-31 02:00:00,26.4,0.0,88.3,285.0,4.9
2025-03-31 03:00:00,26.7,0.0,89.0,296.0,6.1
2025-03-31 04:00:00,26.7,0.0,88.9,299.0,6.6
2025-03-31 05:00:00,26.5,0.0,89.1,292.0,6.7
2025-03-31 06:00:00,26.6,0.0,88.8,293.0,5.6
2025-03-31 07:00:00,26.5,0.0,89.3,285.0,5.6
2025-03-31 08:00:00,26.3,0.0,88.2,227.0,14.6
2025-03-31 09:00:00,26.1,0.0,85.2,264.0,7.8
2025-03-31 10:00:00,27.4,0.0,81.9,342.0,3.5
2025-03-31 11:00:00,29.1,0.0,76.7,343.0,7.7
2025-03-31 12:00:00,27.8,0.0,85.7,174.0,9.39999
2025-03-31 13:00:00,27.8,0.0,84.0,215.0,9.5
2025-03-31 14:00:00,27.9,0.0,83.5,219.0,7.7
2025-03-31 15:00:00,28.1,0.0,81.0,338.0,5.6
2025-03-31 16:00:00,28.4,0.0,81.6,341.0,6.0
2025-03-31 17:00:00,27.4,0.0,84.7,306.0,5.2
2025-03-31 18:00:00,28.1,0.0,82.7,338.0,6.2
2025-03-31 19:00:00,27.6,0.0,81.9,298.0,5.7
2025-03-31 20:00:00,27.1,0.0,83.9,304.0,5.5
2025-03-31 21:00:00,26.6,0.0,85.3,312.0,6.9
2025-03-31 22:00:00,26.5,0.0,83.2,307.0,6.1
2025-03-31 23:00:00,26.7,0.0,82.2,301.0,7.3
2025-04-01 00:00:00,26.7,0.0,84.1,300.0,6.6
2025-04-01 01:00:00,26.5,0.0,86.2,307.0,6.3
2025-04-01 02:00:00,26.6,0.0,87.2,302.0,5.9
2025-04-01 03:00:00,26.6,0.0,87.3,296.0,6.6
2025-04-01 04:00:00,26.5,0.0,86.9,298.0,6.1
2025-04-01 05:00:00,26.4,0.0,87.4,287.0,5.5
2025-04-01 06:00:00,26.5,0.0,87.1,286.0,5.9
2025-04-01 07:00:00,26.3,0.0,88.3,274.0,5.1
2025-04-01 08:00:00,26.9,0.0,86.0,295.0,5.4
2025-04-01 09:00:00,27.8,0.0,80.6,267.0,4.6
2025-04-01 10:00:00,28.8,0.0,74.7,310.0,3.1
2025-04-01 11:00:00,30.0,0.0,67.4,334.0,5.7
2025-04-01 12:00:00,30.8,0.0,61.9,329.0,5.4
2025-04-01 13:00:00,29.1,0.0,76.0,173.0,12.0
2025-04-01 14:00:00,29.1,0.0,77.1,158.0,7.4
2025-04-01 15:00:00,29.0,0.0,80.0,206.0,8.2
2025-04-01 16:00:00,29.3,0.0,75.5,200.0,8.89999
2025-04-01 17:00:00,29.4,0.0,74.4,205.0,8.60001
2025-04-01 18:00:00,29.4,0.0,71.8,211.0,6.6
2025-04-01 19:00:00,28.9,0.0,81.9,41.0,4.5
2025-04-01 20:00:00,28.5,0.0,81.4,342.0,5.1
2025-04-01 21:00:00,28.4,0.0,81.3,326.0,6.0
2025-04-01 22:00:00,28.8,0.0,78.8,331.0,9.5
2025-04-01 23:00:00,28.6,0.0,84.6,335.0,7.0
2025-04-02 00:00:00,28.7,0.0,81.3,340.0,9.2
2025-04-02 01:00:00,28.4,0.0,84.2,328.0,6.6
2025-04-02 02:00:00,28.1,0.0,86.7,327.0,6.6
2025-04-02 03:00:00,27.9,0.0,86.6,320.0,6.4
2025-04-02 04:00:00,27.6,0.0,87.8,314.0,6.4
2025-04-02 05:00:00,27.4,0.0,86.5,301.0,5.9
2025-04-02 06:00:00,27.2,0.0,87.5,293.0,5.2
2025-04-02 07:00:00,27.2,0.0,86.8,291.0,5.9
2025-04-02 08:00:00,24.3,0.0,87.1,270.0,10.7
2025-04-02 09:00:00,25.2,0.0,85.5,272.0,6.2
2025-04-02 10:00:00,27.1,0.0,72.6,242.0,5.9
2025-04-02 11:00:00,27.0,0.0,79.1,205.0,8.39999
2025-04-02 12:00:00,27.3,0.0,76.3,165.0,3.8
2025-04-02 13:00:00,27.8,0.0,78.4,200.0,8.39999
2025-04-02 14:00:00,28.3,0.0,77.8,215.0,8.3
2025-04-02 15:00:00,28.2,0.0,78.7,183.0,7.7
2025-04-02 16:00:00,28.4,0.0,77.9,185.0,9.3
2025-04-02 17:00:00,28.7,0.0,77.5,214.0,8.3
2025-04-02 18:00:00,29.2,0.0,72.8,291.0,2.9
2025-04-02 19:00:00,28.3,0.0,85.6,319.0,5.0
2025-04-02 20:00:00,27.6,0.0,84.8,337.0,6.2
2025-04-02 21:00:00,28.1,0.0,83.1,325.0,5.0
2025-04-02 22:00:00,28.8,0.0,75.9,328.0,9.10001
2025-04-02 23:00:00,27.0,0.0,85.5,307.0,7.5
2025-04-03 00:00:00,26.4,0.0,90.6,318.0,5.1
2025-04-03 01:00:00,27.0,0.0,91.1,292.0,5.1
2025-04-03 02:00:00,27.2,0.0,88.9,288.0,6.1
2025-04-03 03:00:00,26.1,0.0,87.0,319.0,9.10001
2025-04-03 04:00:00,25.7,0.0,85.4,309.0,5.6
2025-04-03 05:00:00,25.5,0.0,87.0,322.0,5.7
2025-04-03 06:00:00,25.6,0.0,88.1,322.0,6.3
2025-04-03 07:00:00,25.5,0.0,90.8,301.0,6.3
2025-04-03 08:00:00,25.9,0.0,89.6,282.0,5.5
2025-04-03 09:00:00,27.1,0.0,79.6,353.0,7.6
2025-04-03 10:00:00,28.1,0.0,75.5,17.0,4.2
2025-04-03 11:00:00,29.4,0.0,69.9,38.0,3.9
2025-04-03 12:00:00,28.7,0.0,75.2,99.0,6.5
2025-04-03 13:00:00,28.6,0.0,79.0,103.0,7.5
2025-04-03 14:00:00,29.0,0.0,73.3,85.0,8.39999
2025-04-03 15:00:00,29.1,0.0,78.6,84.0,10.8
2025-04-03 16:00:00,30.5,0.0,68.6,66.0,7.5
2025-04-03 17:00:00,30.6,0.0,63.3,30.0,7.8
2025-04-03 18:00:00,29.8,0.0,64.8,19.0,6.7
2025-04-03 19:00:00,29.0,0.0,71.9,351.0,10.3
2025-04-03 20:00:00,28.8,0.0,74.8,331.0,7.1
2025-04-03 21:00:00,28.4,0.0,78.6,338.0,10.3
2025-04-03 22:00:00,28.3,0.0,80.9,316.0,6.3
2025-04-03 23:00:00,28.2,0.0,80.9,331.0,8.10001
2025-04-04 00:00:00,28.0,0.0,82.2,293.0,5.1
2025-04-04 01:00:00,27.8,0.0,83.6,316.0,5.7
2025-04-04 02:00:00,27.6,0.0,86.2,287.0,4.9
2025-04-04 03:00:00,27.2,0.0,89.5,281.0,5.4
2025-04-04 04:00:00,27.4,0.0,86.4,289.0,5.8
2025-04-04 05:00:00,27.4,0.0,86.0,311.0,4.3
2025-04-04 06:00:00,27.2,0.0,86.8,312.0,5.1
2025-04-04 07:00:00,27.1,0.0,87.3,284.0,5.0
2025-04-04 08:00:00,27.7,0.0,84.9,322.0,3.3
2025-04-04 09:00:00,28.2,0.0,81.6,341.0,5.1
2025-04-04 10:00:00,29.5,0.0,77.3,28.0,4.4
2025-04-04 11:00:00,29.1,0.0,79.7,59.0,4.6
2025-04-04 12:00:00,28.5,0.0,81.8,60.0,6.9
2025-04-04 13:00:00,27.9,0.0,80.1,319.0,4.0
2025-04-04 14:00:00,28.8,0.0,76.6,103.0,4.4
2025-04-04 15:00:00,26.8,0.0,85.8,306.0,10.6
2025-04-04 16:00:00,25.5,0.2,96.2,16.0,3.9
2025-04-04 17:00:00,26.4,0.0,90.3,329.0,8.2
2025-04-04 18:00:00,27.3,0.0,87.0,325.0,6.9
2025-04-04 19:00:00,27.1,0.0,88.5,322.0,6.9
2025-04-04 20:00:00,27.2,0.0,87.8,313.0,5.6
2025-04-04 21:00:00,27.4,0.0,85.3,311.0,5.7
2025-04-04 22:00:00,27.2,0.0,86.3,297.0,6.4
2025-04-04 23:00:00,27.3,0.0,86.9,303.0,6.2
2025-04-05 00:00:00,27.0,0.0,89.1,282.0,5.4
2025-04-05 01:00:00,26.8,0.0,89.3,285.0,5.3
2025-04-05 02:00:00,26.7,0.0,89.5,280.0,5.8
2025-04-05 03:00:00,26.7,0.0,89.1,284.0,6.1
2025-04-05 04:00:00,26.8,0.0,88.3,283.0,5.2
2025-04-05 05:00:00,26.7,0.0,87.6,275.0,6.5
2025-04-05 06:00:00,26.7,0.0,86.6,296.0,7.0
2025-04-05 07:00:00,26.2,0.0,86.1,301.0,7.2
2025-04-05 08:00:00,25.9,0.0,85.6,283.0,7.5
2025-04-05 09:00:00,25.6,0.0,87.8,239.0,13.7
2025-04-05 10:00:00,27.9,0.0,78.5,15.0,4.6
2025-04-05 11:00:00,29.2,0.0,69.5,19.0,4.7
2025-04-05 12:00:00,29.5,0.0,69.4,338.0,7.1
2025-04-05 13:00:00,30.4,0.0,61.3,356.0,8.3
2025-04-05 14:00:00,31.1,0.0,62.1,355.0,6.4
2025-04-05 15:00:00,31.2,0.0,63.0,21.0,6.1
2025-04-05 16:00:00,31.0,0.0,61.7,6.0,8.39999
2025-04-05 17:00:00,29.1,0.0,81.2,108.0,8.7
2025-04-05 18:00:00,28.7,0.0,82.4,177.0,10.4
2025-04-05 19:00:00,25.1,3.8,95.3,267.0,7.0
2025-04-05 20:00:00,25.9,0.0,93.0,323.0,2.9
2025-04-05 21:00:00,25.6,0.0,96.1,299.0,3.0
2025-04-05 22:00:00,26.1,0.0,96.2,306.0,2.9
2025-04-05 23:00:00,27.2,0.0,89.6,287.0,6.0
2025-04-06 00:00:00,26.7,0.0,93.8,275.0,5.7
2025-04-06 01:00:00,26.7,0.0,93.9,289.0,4.5
2025-04-06 02:00:00,26.9,0.0,91.9,288.0,4.5
2025-04-06 03:00:00,26.5,0.0,94.2,272.0,5.4
2025-04-06 04:00:00,26.8,0.0,92.5,291.0,4.1
2025-04-06 05:00:00,27.5,0.0,85.0,312.0,6.5
2025-04-06 06:00:00,26.6,0.0,91.5,282.0,5.1
2025-04-06 07:00:00,26.6,0.0,91.4,284.0,5.2
2025-04-06 08:00:00,27.0,0.0,89.3,294.0,5.4
2025-04-06 09:00:00,28.4,0.0,82.9,348.0,5.9
2025-04-06 10:00:00,29.2,0.0,75.6,346.0,7.2
2025-04-06 11:00:00,29.9,0.0,73.4,359.0,7.6
2025-04-06 12:00:00,30.0,0.0,72.2,16.0,7.7
2025-04-06 13:00:00,29.3,0.0,79.0,31.0,6.5
2025-04-06 14:00:00,29.2,0.0,79.9,111.0,8.60001
2025-04-06 15:00:00,31.0,0.0,64.8,14.0,7.6
2025-04-06 16:00:00,30.9,0.0,64.7,9.0,9.7
2025-04-06 17:00:00,30.8,0.0,64.2,18.0,7.6
2025-04-06 18:00:00,30.7,0.0,64.2,352.0,7.5
2025-04-06 19:00:00,29.5,0.0,71.4,,7.6
2025-04-06 20:00:00,28.7,0.0,79.2,346.0,6.5
2025-04-06 21:00:00,28.4,0.0,81.3,337.0,6.2
2025-04-06 22:00:00,28.4,0.0,81.2,323.0,6.5
2025-04-06 23:00:00,27.8,0.0,80.1,297.0,5.4
2025-04-07 00:00:00,27.3,0.0,84.2,307.0,6.0
2025-04-07 01:00:00,26.8,0.0,86.6,311.0,6.6
2025-04-07 02:00:00,26.5,0.0,89.3,306.0,5.6
2025-04-07 03:00:00,26.6,0.0,89.7,286.0,5.1
2025-04-07 04:00:00,26.7,0.0,86.5,287.0,5.9
2025-04-07 05:00:00,26.7,0.0,86.1,285.0,5.7
2025-04-07 06:00:00,26.7,0.0,86.6,290.0,5.8
2025-04-07 07:00:00,26.9,0.0,86.3,298.0,5.4
2025-04-07 08:00:00,26.6,0.0,88.1,296.0,6.0
2025-04-07 09:00:00,26.6,0.2,88.4,291.0,5.7
2025-04-07 10:00:00,27.0,0.0,88.1,269.0,6.1
2025-04-07 11:00:00,25.9,0.2,88.9,298.0,5.6
2025-04-07 12:00:00,24.5,0.2,97.4,354.0,4.2
2025-04-07 13:00:00,25.3,0.0,95.2,319.0,6.1
2025-04-07 14:00:00,26.1,0.0,89.8,299.0,6.3
2025-04-07 15:00:00,27.8,0.0,81.5,341.0,6.8
2025-04-07 16:00:00,28.8,0.0,75.9,10.0,4.4
2025-04-07 17:00:00,28.0,0.0,83.7,64.0,5.3
2025-04-07 18:00:00,28.8,0.0,77.1,357.0,3.3
2025-04-07 19:00:00,28.5,0.0,75.7,335.0,6.5
2025-04-07 20:00:00,28.0,0.0,78.9,327.0,5.7
2025-04-07 21:00:00,27.6,0.0,80.9,325.0,5.4
2025-04-07 22:00:00,27.7,0.0,82.6,320.0,6.4
2025-04-07 23:00:00,27.4,0.0,86.1,291.0,6.0
2025-04-08 00:00:00,27.2,0.0,86.9,293.0,5.5
2025-04-08 01:00:00,27.0,0.0,88.4,298.0,5.3
2025-04-08 02:00:00,26.8,0.0,89.1,299.0,5.3
2025-04-08 03:00:00,26.4,0.0,91.9,296.0,4.9
2025-04-08 04:00:00,26.3,0.0,91.6,274.0,5.4
2025-04-08 05:00:00,26.2,0.0,92.7,271.0,6.0
2025-04-08 06:00:00,26.5,0.0,90.4,265.0,6.6
2025-04-08 07:00:00,26.6,0.0,90.2,283.0,5.0
2025-04-08 08:00:00,27.0,0.0,88.2,303.0,3.8
2025-04-08 09:00:00,26.6,0.0,94.2,342.0,4.2
2025-04-08 10:00:00,27.1,0.0,91.9,12.0,4.3
2025-04-08 11:00:00,27.7,0.0,88.0,14.0,5.0
2025-04-08 12:00:00,28.0,0.0,84.8,359.0,4.3
2025-04-08 13:00:00,27.9,0.0,83.8,349.0,8.10001
2025-04-08 14:00:00,28.5,0.0,82.0,347.0,6.5
2025-04-08 15:00:00,28.7,0.0,76.8,357.0,8.39999
2025-04-08 16:00:00,28.8,0.0,74.7,354.0,8.60001
2025-04-08 17:00:00,28.7,0.0,78.0,348.0,8.10001
2025-04-08 18:00:00,28.5,0.0,79.9,333.0,6.7
2025-04-08 19:00:00,28.2,0.0,81.3,331.0,7.1
2025-04-08 20:00:00,27.8,0.0,81.4,321.0,5.6
2025-04-08 21:00:00,27.7,0.0,81.1,330.0,7.3
2025-04-08 22:00:00,27.5,0.0,81.4,300.0,4.9
2025-04-08 23:00:00,27.4,0.0,83.5,305.0,4.3
2025-04-09 00:00:00,27.0,0.0,87.8,283.0,4.8
2025-04-09 01:00:00,27.1,0.0,87.9,296.0,4.2
2025-04-09 02:00:00,27.0,0.0,87.5,294.0,5.3
2025-04-09 03:00:00,26.9,0.0,88.9,296.0,5.0
2025-04-09 04:00:00,26.8,0.0,89.1,298.0,5.3
2025-04-09 05:00:00,26.7,0.0,90.2,298.0,5.2
2025-04-09 06:00:00,26.9,0.0,89.4,302.0,6.2
2025-04-09 07:00:00,26.7,0.0,90.6,300.0,5.9
2025-04-09 08:00:00,27.3,0.0,88.1,328.0,6.1
2025-04-09 09:00:00,28.1,0.0,83.9,341.0,8.8
2025-04-09 10:00:00,29.1,0.0,78.5,350.0,7.9
2025-04-09 11:00:00,30.1,0.0,71.1,13.0,6.4
2025-04-09 12:00:00,30.0,0.0,73.8,98.0,5.1
2025-04-09 13:00:00,29.7,0.0,76.7,95.0,8.3
2025-04-09 14:00:00,27.7,0.0,84.1,340.0,9.0
2025-04-09 15:00:00,28.3,0.0,80.1,328.0,5.5
2025-04-09 16:00:00,29.5,0.0,77.8,44.0,4.9
2025-04-09 17:00:00,29.0,0.0,75.5,76.0,4.9
2025-04-09 18:00:00,29.0,0.0,83.4,84.0,6.6
2025-04-09 19:00:00,28.5,0.0,82.7,314.0,5.4
2025-04-09 20:00:00,26.0,0.0,88.7,285.0,6.5
2025-04-09 21:00:00,27.1,0.0,87.2,288.0,5.5
2025-04-09 22:00:00,26.9,0.0,89.4,274.0,5.9
2025-04-09 23:00:00,26.9,0.0,89.8,281.0,5.8
2025-04-10 00:00:00,26.9,0.0,91.1,270.0,5.4
2025-04-10 01:00:00,26.7,0.0,92.3,277.0,5.7
2025-04-10 02:00:00,26.8,0.0,92.3,269.0,6.5
2025-04-10 03:00:00,26.8,0.0,92.1,267.0,5.7
2025-04-10 04:00:00,26.8,0.0,90.5,269.0,7.0
2025-04-10 05:00:00,26.6,0.0,90.9,277.0,6.2
2025-04-10 06:00:00,26.6,0.0,91.8,274.0,5.4
2025-04-10 07:00:00,26.5,0.0,91.0,265.0,6.7
2025-04-10 08:00:00,27.4,0.0,87.4,281.0,3.6
2025-04-10 09:00:00,28.2,0.0,83.1,224.0,5.9
2025-04-10 10:00:00,28.3,0.0,81.6,207.0,5.2
2025-04-10 11:00:00,28.4,0.0,81.0,184.0,5.5
2025-04-10 12:00:00,28.8,0.0,78.7,201.0,5.5
2025-04-10 13:00:00,29.7,0.0,67.6,212.0,6.2
2025-04-10 14:00:00,29.9,0.0,68.4,171.0,5.2
2025-04-10 15:00:00,29.8,0.0,73.5,192.0,8.60001
2025-04-10 16:00:00,29.9,0.0,74.0,195.0,7.7
2025-04-10 17:00:00,29.9,0.0,76.6,212.0,7.7
2025-04-10 18:00:00,29.4,0.0,79.6,102.0,6.5
2025-04-10 19:00:00,29.4,0.0,81.1,9.0,4.4
2025-04-10 20:00:00,27.7,0.0,85.1,334.0,8.0
2025-04-10 21:00:00,27.3,0.0,83.8,294.0,5.2
2025-04-10 22:00:00,27.9,0.0,81.4,303.0,4.9
2025-04-10 23:00:00,27.9,0.0,79.6,304.0,5.0
2025-04-11 00:00:00,27.9,0.0,81.0,287.0,5.2
2025-04-11 01:00:00,27.8,0.0,83.5,304.0,4.4
2025-04-11 02:00:00,27.7,0.0,85.6,306.0,4.2
2025-04-11 03:00:00,27.6,0.0,87.8,300.0,4.7
2025-04-11 04:00:00,27.8,0.0,88.6,293.0,5.1
2025-04-11 05:00:00,27.6,0.0,89.1,289.0,4.8
2025-04-11 06:00:00,27.8,0.0,88.1,288.0,5.3
2025-04-11 07:00:00,27.0,0.0,88.0,255.0,7.1
2025-04-11 08:00:00,25.9,0.0,94.2,215.0,15.7
2025-04-11 09:00:00,26.0,0.2,92.5,222.0,11.9
2025-04-11 10:00:00,26.3,0.0,88.6,222.0,11.8
2025-04-11 11:00:00,26.3,0.0,92.2,265.0,9.0
2025-04-11 12:00:00,27.4,0.0,84.9,259.0,5.9
2025-04-11 13:00:00,29.1,0.0,77.0,254.0,6.4
2025-04-11 14:00:00,29.9,0.0,69.2,250.0,9.8
2025-04-11 15:00:00,30.1,0.0,65.6,251.0,6.1
2025-04-11 16:00:00,30.8,0.0,62.9,247.0,5.1
2025-04-11 17:00:00,30.8,0.0,63.6,269.0,4.6
2025-04-11 18:00:00,30.5,0.0,63.7,258.0,6.8
2025-04-11 19:00:00,29.6,0.0,64.1,261.0,7.5
2025-04-11 20:00:00,29.0,0.0,70.5,263.0,8.89999
2025-04-11 21:00:00,28.5,0.0,75.2,263.0,9.10001
2025-04-11 22:00:00,28.4,0.0,75.7,261.0,8.60001
2025-04-11 23:00:00,28.3,0.0,78.2,259.0,8.3
2025-04-12 00:00:00,28.6,0.0,79.1,258.0,7.5
2025-04-12 01:00:00,28.4,0.0,80.1,261.0,8.2
2025-04-12 02:00:00,28.5,0.0,81.2,259.0,7.7
2025-04-12 03:00:00,28.1,0.0,80.2,265.0,7.9
2025-04-12 04:00:00,28.0,0.0,80.2,267.0,8.39999
2025-04-12 05:00:00,27.8,0.0,81.0,270.0,7.9
2025-04-12 06:00:00,27.7,0.0,82.6,269.0,7.1
2025-04-12 07:00:00,27.7,0.0,82.6,269.0,6.8
2025-04-12 08:00:00,28.4,0.0,80.1,255.0,3.2
2025-04-12 09:00:00,29.2,0.0,74.9,256.0,5.5
2025-04-12 10:00:00,30.2,0.0,70.6,236.0,5.0
2025-04-12 11:00:00,31.0,0.0,66.1,263.0,5.4
2025-04-12 12:00:00,31.9,0.0,59.1,281.0,4.3
2025-04-12 13:00:00,32.6,0.0,54.1,293.0,4.5
2025-04-12 14:00:00,31.2,0.0,63.7,207.0,5.8
2025-04-12 15:00:00,30.6,0.0,73.5,218.0,12.9
2025-04-12 16:00:00,30.4,0.0,74.8,220.0,13.1
2025-04-12 17:00:00,29.9,0.0,77.3,358.0,11.0
2025-04-12 18:00:00,29.1,0.0,81.6,353.0,9.5
2025-04-12 19:00:00,29.9,0.0,68.1,338.0,7.1
2025-04-12 20:00:00,29.7,0.0,70.7,353.0,3.4
2025-04-12 21:00:00,28.9,0.0,75.5,199.0,2.9
2025-04-12 22:00:00,29.1,0.0,76.9,20.0,2.8
2025-04-12 23:00:00,28.8,0.0,81.2,271.0,2.9
2025-04-13 00:00:00,29.2,0.0,78.5,301.0,3.9
2025-04-13 01:00:00,26.0,2.6,94.0,134.0,4.7
2025-04-13 02:00:00,25.7,0.0,95.3,259.0,7.6
2025-04-13 03:00:00,25.9,0.0,94.9,266.0,7.9
2025-04-13 04:00:00,26.3,0.0,91.9,270.0,7.5
2025-04-13 05:00:00,26.3,0.0,93.0,251.0,5.5
2025-04-13 06:00:00,26.9,0.0,86.6,229.0,5.1
2025-04-13 07:00:00,26.1,0.0,93.3,282.0,6.5
2025-04-13 08:00:00,27.3,0.0,86.7,293.0,3.4
2025-04-13 09:00:00,28.1,0.0,81.8,203.0,3.7
2025-04-13 10:00:00,28.6,0.0,77.6,192.0,5.3
2025-04-13 11:00:00,28.9,0.0,75.0,168.0,6.0
2025-04-13 12:00:00,28.9,0.0,79.5,198.0,9.39999
2025-04-13 13:00:00,28.7,0.0,84.2,210.0,9.5
2025-04-13 14:00:00,26.1,5.2,94.5,263.0,5.4
2025-04-13 15:00:00,23.9,1.6,98.5,255.0,8.5
2025-04-13 16:00:00,24.7,0.0,98.9,287.0,6.4
2025-04-13 17:00:00,27.4,0.0,83.5,261.0,3.6
2025-04-13 18:00:00,27.0,0.0,84.8,271.0,6.5
2025-04-13 19:00:00,26.9,0.0,88.4,275.0,5.3
2025-04-13 20:00:00,26.7,0.0,88.7,259.0,5.7
2025-04-13 21:00:00,26.9,0.0,87.9,280.0,5.4
2025-04-13 22:00:00,26.8,0.0,89.2,267.0,5.6
2025-04-13 23:00:00,27.1,0.0,88.9,263.0,5.6
2025-04-14 00:00:00,26.9,0.0,90.4,274.0,5.3
2025-04-14 01:00:00,26.8,0.0,90.4,272.0,5.1
2025-04-14 02:00:00,26.8,0.0,87.6,273.0,6.0
2025-04-14 03:00:00,27.0,0.0,85.4,272.0,7.1
2025-04-14 04:00:00,26.2,0.0,90.9,281.0,5.7
2025-04-14 05:00:00,26.2,0.0,90.9,281.0,6.3
2025-04-14 06:00:00,26.3,0.0,91.8,287.0,6.8
2025-04-14 07:00:00,26.2,0.0,93.1,285.0,5.7
2025-04-14 08:00:00,27.1,0.0,90.6,289.0,6.1
2025-04-14 09:00:00,28.6,0.0,84.2,317.0,1.9
2025-04-14 10:00:00,29.7,0.0,74.0,322.0,2.2
2025-04-14 11:00:00,30.6,0.0,68.6,333.0,3.5
2025-04-14 12:00:00,31.2,0.0,61.1,329.0,3.6
2025-04-14 13:00:00,32.0,0.0,61.2,344.0,5.7
2025-04-14 14:00:00,31.6,0.0,62.4,9.0,7.1
2025-04-14 15:00:00,31.5,0.0,59.3,350.0,9.7
2025-04-14 16:00:00,30.9,0.0,67.3,17.0,5.9
2025-04-14 17:00:00,30.3,0.0,69.6,1.0,9.0
2025-04-14 18:00:00,29.7,0.0,73.0,1.0,8.7
2025-04-14 19:00:00,28.9,0.0,76.7,348.0,9.5
2025-04-14 20:00:00,28.7,0.0,80.3,339.0,7.6
2025-04-14 21:00:00,28.5,0.0,82.5,332.0,8.5
2025-04-14 22:00:00,28.6,0.0,78.7,332.0,10.4
2025-04-14 23:00:00,28.6,0.0,79.6,327.0,7.0
2025-04-15 00:00:00,28.4,0.0,81.0,322.0,7.4
2025-04-15 01:00:00,28.0,0.0,85.6,319.0,7.4
2025-04-15 02:00:00,27.7,0.0,86.4,317.0,5.9
2025-04-15 03:00:00,27.4,0.0,87.9,296.0,4.4
2025-04-15 04:00:00,27.5,0.0,88.3,295.0,4.0
2025-04-15 05:00:00,27.5,0.0,87.0,295.0,4.0
2025-04-15 06:00:00,27.5,0.0,86.9,273.0,6.2
2025-04-15 07:00:00,27.1,0.0,88.8,280.0,5.4
2025-04-15 08:00:00,27.7,0.0,87.7,262.0,5.4
2025-04-15 09:00:00,28.6,0.0,82.0,331.0,3.7
2025-04-15 10:00:00,29.4,0.0,77.3,6.0,3.4
2025-04-15 11:00:00,29.2,0.0,78.3,112.0,5.2
2025-04-15 12:00:00,29.4,0.0,76.1,126.0,6.9
2025-04-15 13:00:00,29.6,0.0,75.7,109.0,6.1
2025-04-15 14:00:00,29.4,0.0,82.4,90.0,6.5
2025-04-15 15:00:00,29.5,0.0,80.3,88.0,8.2
2025-04-15 16:00:00,29.6,0.0,74.9,87.0,10.1
2025-04-15 17:00:00,28.8,0.0,74.4,8.0,5.5
2025-04-15 18:00:00,29.0,0.0,77.2,9.0,4.6
2025-04-15 19:00:00,29.1,0.0,80.4,345.0,6.0
2025-04-15 20:00:00,27.1,0.0,88.1,263.0,6.9
2025-04-15 21:00:00,27.2,0.0,87.5,271.0,5.0
2025-04-15 22:00:00,28.1,0.0,85.5,288.0,6.0
2025-04-15 23:00:00,27.7,0.0,88.8,275.0,6.4
2025-04-16 00:00:00,27.9,0.0,89.1,287.0,4.8
2025-04-16 01:00:00,27.9,0.0,87.0,290.0,4.6
2025-04-16 02:00:00,27.9,0.0,87.9,301.0,4.5
2025-04-16 03:00:00,27.4,0.0,91.0,301.0,4.2
2025-04-16 04:00:00,27.5,0.0,91.5,311.0,4.2
2025-04-16 05:00:00,28.0,0.0,90.0,117.0,4.1
2025-04-16 06:00:00,27.7,0.0,88.7,320.0,4.3
2025-04-16 07:00:00,27.4,0.0,89.0,286.0,5.7
2025-04-16 08:00:00,27.2,0.0,89.6,288.0,5.6
2025-04-16 09:00:00,28.5,0.0,85.1,29.0,2.2
2025-04-16 10:00:00,28.3,0.0,85.1,234.0,3.8
2025-04-16 11:00:00,29.0,0.0,79.3,191.0,3.4
2025-04-16 12:00:00,29.1,0.0,81.4,182.0,6.8
2025-04-16 13:00:00,29.1,0.0,83.6,208.0,6.2
2025-04-16 14:00:00,29.5,0.0,81.3,209.0,7.3
2025-04-16 15:00:00,29.5,0.0,81.4,201.0,8.0
2025-04-16 16:00:00,29.4,0.0,83.4,203.0,8.6
2025-04-16 17:00:00,29.6,0.0,78.4,179.0,8.8
2025-04-16 18:00:00,28.3,0.0,82.5,324.0,6.6
2025-04-16 19:00:00,28.1,0.0,82.4,326.0,7.0
2025-04-16 20:00:00,27.6,0.0,83.2,325.0,7.5
2025-04-16 21:00:00,27.2,0.0,84.9,300.0,6.0
2025-04-16 22:00:00,27.3,0.0,82.2,307.0,7.1
2025-04-16 23:00:00,26.8,0.0,86.2,310.0,6.5
2025-04-17 00:00:00,27.1,0.0,81.0,307.0,6.6
2025-04-17 01:00:00,26.6,0.0,85.0,305.0,5.4
2025-04-17 02:00:00,27.1,0.0,82.2,273.0,6.7
2025-04-17 03:00:00,27.3,0.0,78.5,255.0,13.6
2025-04-17 04:00:00,24.9,0.0,86.0,248.0,14.4
2025-04-17 05:00:00,25.2,0.0,84.6,261.0,11.0
2025-04-17 06:00:00,24.5,0.0,92.5,283.0,6.1
2025-04-17 07:00:00,24.5,0.2,94.4,302.0,5.3
2025-04-17 08:00:00,24.4,0.0,91.8,303.0,4.9
2025-04-17 09:00:00,25.3,0.0,85.2,270.0,5.0
2025-04-17 10:00:00,27.0,0.0,74.7,314.0,4.6
2025-04-17 11:00:00,29.0,0.0,64.0,340.0,1.2
2025-04-17 12:00:00,28.9,0.0,66.7,160.0,2.7
2025-04-17 13:00:00,28.5,0.0,71.1,116.0,4.9
2025-04-17 14:00:00,29.4,0.0,68.3,184.0,3.6
2025-04-17 15:00:00,28.9,0.0,73.1,149.0,9.0
2025-04-17 16:00:00,29.3,0.0,79.8,147.0,7.4
2025-04-17 17:00:00,30.1,0.0,75.6,209.0,10.5
2025-04-17 18:00:00,30.6,0.0,73.8,211.0,9.4
2025-04-17 19:00:00,30.7,0.0,70.5,344.0,5.3
2025-04-17 20:00:00,28.7,0.0,76.2,337.0,7.9
2025-04-17 21:00:00,28.3,0.0,76.5,305.0,5.5
2025-04-17 22:00:00,28.4,0.0,74.8,329.0,8.1
2025-04-17 23:00:00,27.9,0.0,79.7,320.0,5.1
2025-04-18 00:00:00,27.9,0.0,80.1,291.0,5.2
2025-04-18 01:00:00,28.0,0.0,79.6,299.0,5.7
2025-04-18 02:00:00,27.5,0.0,84.6,285.0,5.4
2025-04-18 03:00:00,27.2,0.0,87.9,281.0,5.1
2025-04-18 04:00:00,27.2,0.0,87.9,299.0,4.9
2025-04-18 05:00:00,27.2,0.0,87.4,297.0,5.0
2025-04-18 06:00:00,26.9,0.0,89.3,273.0,4.7
2025-04-18 07:00:00,26.9,0.0,89.9,297.0,4.7
2025-04-18 08:00:00,27.7,0.0,86.8,339.0,5.7
2025-04-18 09:00:00,28.9,0.0,79.2,339.0,4.1
2025-04-18 10:00:00,30.0,0.0,74.5,348.0,3.9
2025-04-18 11:00:00,30.1,0.0,74.7,41.0,3.0
2025-04-18 12:00:00,29.4,0.0,80.9,110.0,7.5
2025-04-18 13:00:00,29.8,0.0,76.8,129.0,6.0
2025-04-18 14:00:00,30.0,0.0,76.5,164.0,5.5
2025-04-18 15:00:00,29.9,0.0,77.7,150.0,6.8
2025-04-18 16:00:00,29.9,0.0,81.1,101.0,6.6
2025-04-18 17:00:00,28.7,0.0,78.5,57.0,7.6
2025-04-18 18:00:00,27.5,0.0,88.9,322.0,6.6
2025-04-18 19:00:00,28.1,0.0,87.7,290.0,5.8
2025-04-18 20:00:00,27.8,0.0,85.8,287.0,6.7
2025-04-18 21:00:00,28.2,0.0,84.8,297.0,5.2
2025-04-18 22:00:00,28.7,0.0,82.9,318.0,6.1
2025-04-18 23:00:00,28.7,0.0,83.6,306.0,6.1
2025-04-19 00:00:00,28.1,0.0,87.6,310.0,4.7
2025-04-19 01:00:00,28.3,0.0,87.8,318.0,5.9
2025-04-19 02:00:00,28.0,0.0,89.9,308.0,4.5
2025-04-19 03:00:00,27.7,0.0,90.9,305.0,5.2
2025-04-19 04:00:00,27.9,0.0,90.9,284.0,5.0
2025-04-19 05:00:00,28.2,0.0,87.4,307.0,6.1
2025-04-19 06:00:00,28.0,0.0,87.9,314.0,6.1
2025-04-19 07:00:00,28.0,0.0,88.5,318.0,7.9
2025-04-19 08:00:00,27.9,0.0,91.2,304.0,5.0
2025-04-19 09:00:00,28.8,0.0,86.8,355.0,9.1
2025-04-19 10:00:00,30.1,0.0,77.1,2.0,7.1
2025-04-19 11:00:00,30.4,0.0,76.5,357.0,7.8
2025-04-19 12:00:00,31.0,0.0,69.3,4.0,8.5
2025-04-19 13:00:00,28.7,0.0,88.3,80.0,9.1
2025-04-19 14:00:00,28.9,0.0,81.0,316.0,6.2
2025-04-19 15:00:00,28.8,0.0,81.5,226.0,6.3
2025-04-19 16:00:00,27.0,0.0,91.9,21.0,3.5
2025-04-19 17:00:00,27.5,0.0,88.7,254.0,4.9
2025-04-19 18:00:00,27.5,0.0,91.0,233.0,5.8
2025-04-19 19:00:00,27.6,0.4,90.2,288.0,5.4
2025-04-19 20:00:00,27.0,0.0,91.4,270.0,6.8
2025-04-19 21:00:00,27.0,0.0,93.1,280.0,6.4
2025-04-19 22:00:00,27.1,0.0,92.3,278.0,5.9
2025-04-19 23:00:00,27.1,0.0,88.7,272.0,6.5
2025-04-20 00:00:00,26.7,0.0,90.2,275.0,5.9
2025-04-20 01:00:00,26.6,0.0,93.4,282.0,5.1
2025-04-20 02:00:00,26.8,0.0,89.5,270.0,6.4
2025-04-20 03:00:00,26.5,0.0,91.2,277.0,5.8
2025-04-20 04:00:00,26.5,0.0,91.6,269.0,5.4
2025-04-20 05:00:00,26.4,0.0,92.9,273.0,5.7
2025-04-20 06:00:00,26.5,0.0,93.5,281.0,5.1
2025-04-20 07:00:00,26.4,0.0,91.4,276.0,5.6
2025-04-20 08:00:00,27.8,0.0,84.8,263.0,2.3
2025-04-20 09:00:00,29.5,0.0,75.9,305.0,2.3
2025-04-20 10:00:00,29.9,0.0,70.9,306.0,4.2
2025-04-20 11:00:00,29.5,0.0,73.1,204.0,6.6
2025-04-20 12:00:00,29.5,0.0,78.2,212.0,6.3
2025-04-20 13:00:00,29.2,0.0,83.8,204.0,7.9
2025-04-20 14:00:00,29.4,0.0,81.3,208.0,8.9
2025-04-20 15:00:00,29.7,0.0,80.9,193.0,9.6
2025-04-20 16:00:00,29.8,0.0,77.8,204.0,8.8
2025-04-20 17:00:00,26.4,1.2,88.4,291.0,4.7
2025-04-20 18:00:00,26.0,0.0,92.6,246.0,14.8
2025-04-20 19:00:00,26.0,0.0,87.3,270.0,7.1
2025-04-20 20:00:00,26.8,0.0,85.2,292.0,5.6
2025-04-20 21:00:00,27.4,0.0,83.6,280.0,4.9
2025-04-20 22:00:00,27.5,0.0,85.9,293.0,4.9
2025-04-20 23:00:00,27.5,0.0,81.5,281.0,7.4
2025-04-21 00:00:00,27.2,0.0,81.6,285.0,6.8
2025-04-21 01:00:00,27.0,0.0,85.5,279.0,5.9
2025-04-21 02:00:00,27.2,0.0,82.1,272.0,5.9
2025-04-21 03:00:00,27.0,0.0,84.8,282.0,4.8
2025-04-21 04:00:00,27.0,0.0,85.8,285.0,4.7
2025-04-21 05:00:00,26.6,0.0,87.4,280.0,5.6
2025-04-21 06:00:00,26.5,0.0,89.9,278.0,5.6
2025-04-21 07:00:00,27.7,0.0,82.3,277.0,7.4
2025-04-21 08:00:00,27.4,0.0,85.1,271.0,6.4
2025-04-21 09:00:00,29.3,0.0,77.8,350.0,3.0
2025-04-21 10:00:00,30.3,0.0,75.0,3.0,2.4
2025-04-21 11:00:00,30.3,0.0,69.6,44.0,3.8
2025-04-21 12:00:00,29.6,0.0,78.8,118.0,6.1
2025-04-21 13:00:00,29.6,0.0,80.6,101.0,7.2
2025-04-21 14:00:00,29.3,0.0,83.3,81.0,7.8
2025-04-21 15:00:00,28.9,0.0,78.1,78.0,7.4
2025-04-21 16:00:00,28.5,0.0,75.7,2.0,5.7
2025-04-21 17:00:00,25.1,4.4,94.6,278.0,6.2
2025-04-21 18:00:00,25.9,0.0,91.5,258.0,9.6
2025-04-21 19:00:00,26.0,0.0,88.4,267.0,5.5
2025-04-21 20:00:00,27.6,0.0,83.5,234.0,6.2
2025-04-21 21:00:00,27.1,0.0,89.7,288.0,4.7
2025-04-21 22:00:00,27.3,0.0,89.5,263.0,5.4
2025-04-21 23:00:00,27.2,0.0,89.9,285.0,5.1
2025-04-22 00:00:00,26.7,0.0,94.7,276.0,5.8
2025-04-22 01:00:00,26.8,0.0,88.1,276.0,6.3
2025-04-22 02:00:00,26.6,0.0,89.1,283.0,5.1
2025-04-22 03:00:00,26.6,0.0,90.1,267.0,5.4
2025-04-22 04:00:00,26.5,0.0,88.7,267.0,6.7
2025-04-22 05:00:00,26.6,0.0,89.9,262.0,6.1
2025-04-22 06:00:00,26.6,0.0,90.0,277.0,6.6
2025-04-22 07:00:00,26.9,0.0,88.6,278.0,5.7
2025-04-22 08:00:00,27.3,0.0,87.1,305.0,5.0
2025-04-22 09:00:00,28.1,0.0,82.2,330.0,5.3
2025-04-22 10:00:00,28.7,0.0,80.1,94.0,3.8
2025-04-22 11:00:00,29.0,0.0,80.7,102.0,4.5
2025-04-22 12:00:00,29.1,0.0,79.1,107.0,4.4
2025-04-22 13:00:00,29.3,0.0,76.1,104.0,5.0
2025-04-22 14:00:00,29.7,0.0,76.6,92.0,6.4
2025-04-22 15:00:00,30.0,0.0,71.3,91.0,7.7
2025-04-22 16:00:00,30.1,0.0,69.4,91.0,9.2
2025-04-22 17:00:00,29.6,0.0,79.1,83.0,9.3
2025-04-22 18:00:00,29.6,0.0,78.6,71.0,5.9
2025-04-22 19:00:00,28.9,0.0,86.4,91.0,5.6
2025-04-22 20:00:00,29.0,0.0,83.2,85.0,5.4
2025-04-22 21:00:00,29.2,0.0,79.5,66.0,4.4
2025-04-22 22:00:00,29.3,0.0,77.6,77.0,4.4
2025-04-22 23:00:00,29.3,0.0,78.1,105.0,3.1
2025-04-23 00:00:00,29.1,0.0,81.1,66.0,3.8
2025-04-23 01:00:00,28.9,0.0,81.7,317.0,4.6
2025-04-23 02:00:00,28.4,0.0,84.5,279.0,4.9
2025-04-23 03:00:00,28.4,0.0,85.6,285.0,4.3
2025-04-23 04:00:00,28.2,0.0,86.6,295.0,4.2
2025-04-23 05:00:00,28.5,0.0,81.7,267.0,4.2
2025-04-23 06:00:00,28.8,0.0,79.7,65.0,3.7
2025-04-23 07:00:00,27.5,0.0,84.0,213.0,9.2
2025-04-23 08:00:00,27.5,0.0,82.6,260.0,7.9
2025-04-23 09:00:00,27.9,0.0,81.5,231.0,3.5
2025-04-23 10:00:00,28.2,0.0,84.1,214.0,8.6
2025-04-23 11:00:00,27.2,0.2,89.3,186.0,11.7
2025-04-23 12:00:00,27.2,0.0,91.1,201.0,11.6
2025-04-23 13:00:00,26.8,0.0,87.5,257.0,9.2
2025-04-23 14:00:00,27.5,0.0,86.4,221.0,6.4
2025-04-23 15:00:00,27.5,0.0,85.9,217.0,5.7
2025-04-23 16:00:00,27.7,0.0,86.2,185.0,9.0
2025-04-23 17:00:00,27.9,0.0,84.1,201.0,7.4
2025-04-23 18:00:00,28.0,0.0,82.9,215.0,6.9
2025-04-23 19:00:00,28.2,0.0,80.1,231.0,4.9
2025-04-23 20:00:00,28.4,0.0,80.6,255.0,3.9
2025-04-23 21:00:00,28.6,0.0,81.3,9.0,3.2
2025-04-23 22:00:00,28.4,0.0,80.4,187.0,4.4
2025-04-23 23:00:00,27.9,0.0,83.9,292.0,4.8
2025-04-24 00:00:00,27.6,0.0,89.0,288.0,4.7
2025-04-24 01:00:00,27.6,0.0,90.2,292.0,5.0
2025-04-24 02:00:00,27.5,0.0,89.9,285.0,5.5
2025-04-24 03:00:00,27.0,0.0,90.4,319.0,4.9
2025-04-24 04:00:00,27.0,0.0,89.1,295.0,4.7
2025-04-24 05:00:00,26.6,0.0,91.8,278.0,5.1
2025-04-24 06:00:00,26.5,0.0,92.1,278.0,5.4
2025-04-24 07:00:00,26.9,0.0,90.2,276.0,5.7
2025-04-24 08:00:00,27.9,0.0,85.6,313.0,4.8
2025-04-24 09:00:00,29.7,0.0,74.2,17.0,2.2
2025-04-24 10:00:00,29.2,0.0,77.4,111.0,3.2
2025-04-24 11:00:00,29.3,0.0,76.7,135.0,5.2
2025-04-24 12:00:00,29.4,0.0,76.4,110.0,5.9
2025-04-24 13:00:00,29.8,0.0,73.6,140.0,2.7
2025-04-24 14:00:00,30.0,0.0,72.8,202.0,6.9
2025-04-24 15:00:00,29.8,0.0,75.6,206.0,9.1
2025-04-24 16:00:00,29.7,0.0,71.8,201.0,10.4
2025-04-24 17:00:00,29.8,0.0,75.6,212.0,8.9
2025-04-24 18:00:00,29.7,0.0,72.4,214.0,7.5
2025-04-24 19:00:00,29.5,0.0,72.5,198.0,8.5
2025-04-24 20:00:00,29.5,0.0,73.2,193.0,2.8
2025-04-24 21:00:00,28.6,0.0,82.2,341.0,6.6
2025-04-24 22:00:00,28.1,0.0,83.5,321.0,5.5
2025-04-24 23:00:00,27.9,0.0,84.7,318.0,5.0
2025-04-25 00:00:00,27.8,0.0,84.7,307.0,5.2
2025-04-25 01:00:00,27.6,0.0,85.5,325.0,4.6
2025-04-25 02:00:00,27.6,0.0,87.7,312.0,5.1
2025-04-25 03:00:00,27.3,0.0,89.7,290.0,5.0
2025-04-25 04:00:00,27.6,0.0,87.8,288.0,5.4
2025-04-25 05:00:00,27.5,0.0,88.8,293.0,5.1
2025-04-25 06:00:00,27.6,0.0,88.1,293.0,5.2
2025-04-25 07:00:00,27.7,0.0,87.5,288.0,4.2
2025-04-25 08:00:00,29.5,0.0,81.9,46.0,1.2
2025-04-25 09:00:00,28.7,0.0,84.9,68.0,3.7
2025-04-25 10:00:00,29.2,0.0,82.8,88.0,5.6
2025-04-25 11:00:00,29.3,0.0,80.8,90.0,7.1
2025-04-25 12:00:00,29.3,0.0,82.3,84.0,7.3
2025-04-25 13:00:00,29.6,0.0,78.8,99.0,7.1
2025-04-25 14:00:00,30.0,0.0,77.1,61.0,4.9
2025-04-25 15:00:00,30.4,0.0,72.6,96.0,6.4
2025-04-25 16:00:00,30.3,0.0,76.4,89.0,8.2
2025-04-25 17:00:00,30.1,0.0,78.0,76.0,7.3
2025-04-25 18:00:00,30.1,0.0,78.6,70.0,6.9
2025-04-25 19:00:00,28.0,0.0,85.7,7.0,4.6
2025-04-25 20:00:00,28.6,0.0,86.3,347.0,4.2
2025-04-25 21:00:00,28.9,0.0,83.3,333.0,6.4
2025-04-25 22:00:00,28.8,0.0,83.1,340.0,6.5
2025-04-25 23:00:00,28.6,0.0,85.6,320.0,5.6
2025-04-26 00:00:00,28.8,0.0,83.9,331.0,5.0
2025-04-26 01:00:00,29.1,0.0,81.1,1.0,5.7
2025-04-26 02:00:00,29.0,0.0,82.7,341.0,4.7
2025-04-26 03:00:00,29.0,0.0,84.6,80.0,5.2
2025-04-26 04:00:00,28.3,0.0,87.2,304.0,4.7
2025-04-26 05:00:00,27.9,0.0,88.6,305.0,5.2
2025-04-26 06:00:00,27.8,0.0,89.1,292.0,5.9
2025-04-26 07:00:00,27.1,0.0,90.3,296.0,5.4
2025-04-26 08:00:00,28.1,0.0,84.8,318.0,5.0
2025-04-26 09:00:00,29.8,0.0,78.7,36.0,3.0
2025-04-26 10:00:00,29.7,0.0,79.4,74.0,6.0
2025-04-26 11:00:00,29.7,0.0,78.6,88.0,10.5
2025-04-26 12:00:00,29.8,0.0,78.3,78.0,7.8
2025-04-26 13:00:00,28.5,0.0,86.4,151.0,12.5
2025-04-26 14:00:00,28.9,0.0,79.9,172.0,13.9
2025-04-26 15:00:00,29.6,0.0,73.8,179.0,7.2
2025-04-26 16:00:00,29.9,0.0,71.8,158.0,1.4
2025-04-26 17:00:00,28.6,0.0,79.8,301.0,4.7
2025-04-26 18:00:00,28.4,0.0,80.0,283.0,4.7
2025-04-26 19:00:00,28.6,0.0,79.9,274.0,5.2
2025-04-26 20:00:00,28.0,0.0,82.7,280.0,5.6
2025-04-26 21:00:00,28.4,0.0,82.9,253.0,5.4
2025-04-26 22:00:00,28.5,0.0,82.9,268.0,4.4
2025-04-26 23:00:00,28.3,0.0,83.2,288.0,4.6
