timestamp,temperature,rainfall,humidity,wind_direction,wind_speed
2024-05-01 00:00:00,30.7,0.0,74.4,59.0,4.1
2024-05-01 01:00:00,30.2,0.0,80.4,61.0,4.9
2024-05-01 02:00:00,29.9,0.0,80.2,92.0,6.2
2024-05-01 03:00:00,29.8,0.0,78.9,84.0,5.1
2024-05-01 04:00:00,29.8,0.0,76.6,87.0,4.1
2024-05-01 05:00:00,29.8,0.0,77.6,111.0,8.0
2024-05-01 06:00:00,29.6,0.0,77.4,83.0,5.9
2024-05-01 07:00:00,29.6,0.0,79.3,91.0,6.0
2024-05-01 08:00:00,29.8,0.0,77.6,85.0,5.3
2024-05-01 09:00:00,30.9,0.0,70.2,74.0,4.2
2024-05-01 10:00:00,31.8,0.0,67.6,77.0,4.3
2024-05-01 11:00:00,31.5,0.0,66.1,142.0,6.9
2024-05-01 12:00:00,33.0,0.0,56.8,161.0,8.10001
2024-05-01 13:00:00,32.0,0.0,63.1,141.0,9.0
2024-05-01 14:00:00,31.8,0.0,68.0,202.0,8.8
2024-05-01 15:00:00,30.4,0.0,76.4,192.0,8.8
2024-05-01 16:00:00,30.3,0.0,75.2,214.0,7.9
2024-05-01 17:00:00,29.9,0.0,76.9,215.0,10.8
2024-05-01 18:00:00,30.2,0.0,78.5,193.0,5.7
2024-05-01 19:00:00,29.3,0.0,85.5,24.0,5.8
2024-05-01 20:00:00,30.0,0.0,80.5,78.0,3.3
2024-05-01 21:00:00,30.0,0.0,78.7,127.0,5.1
2024-05-01 22:00:00,29.8,0.0,75.9,190.0,7.8
2024-05-01 23:00:00,29.3,0.0,82.2,221.0,12.1
2024-05-02 00:00:00,29.2,0.0,80.5,201.0,4.0
2024-05-02 01:00:00,28.7,0.0,84.6,182.0,5.9
2024-05-02 02:00:00,28.7,0.0,86.7,146.0,5.2
2024-05-02 03:00:00,28.9,0.0,81.3,176.0,5.0
2024-05-02 04:00:00,29.0,0.0,81.3,132.0,6.7
2024-05-02 05:00:00,28.9,0.0,82.8,140.0,5.2
2024-05-02 06:00:00,28.9,0.0,79.8,137.0,7.3
2024-05-02 07:00:00,28.9,0.0,81.4,90.0,4.7
2024-05-02 08:00:00,29.7,0.0,78.5,75.0,3.4
2024-05-02 09:00:00,30.0,0.0,78.4,156.0,5.7
2024-05-02 10:00:00,30.7,0.0,78.2,136.0,5.2
2024-05-02 11:00:00,30.3,0.0,77.7,192.0,8.60001
2024-05-02 12:00:00,30.6,0.0,80.2,214.0,7.7
2024-05-02 13:00:00,30.2,0.0,75.4,189.0,7.7
2024-05-02 14:00:00,31.4,0.0,72.1,166.0,4.3
2024-05-02 15:00:00,29.4,0.0,82.8,128.0,9.8
2024-05-02 16:00:00,29.4,0.0,81.8,142.0,6.1
2024-05-03 10:00:00,30.1,0.0,74.5,152.0,6.5
2024-05-03 11:00:00,30.9,0.0,71.5,143.0,6.4
2024-05-03 12:00:00,31.4,0.0,72.3,159.0,5.9
2024-05-03 13:00:00,31.7,0.0,70.3,173.0,6.7
2024-05-03 14:00:00,31.4,0.0,71.8,197.0,11.3
2024-05-03 15:00:00,31.6,0.0,70.1,161.0,5.8
2024-05-03 16:00:00,28.7,0.0,76.8,330.0,9.2
2024-05-03 17:00:00,30.7,0.0,67.7,151.0,4.1
2024-05-03 18:00:00,30.6,0.0,73.9,99.0,5.5
2024-05-03 19:00:00,30.6,0.0,73.6,125.0,7.4
2024-05-03 20:00:00,30.7,0.0,74.6,119.0,6.8
2024-05-03 21:00:00,30.5,0.0,71.4,120.0,8.2
2024-05-03 22:00:00,30.4,0.0,76.8,135.0,7.2
2024-05-03 23:00:00,30.2,0.0,79.0,116.0,7.5
2024-05-04 00:00:00,30.2,0.0,78.8,107.0,7.0
2024-05-04 01:00:00,29.8,0.0,83.3,117.0,8.7
2024-05-04 02:00:00,29.3,0.0,82.6,77.0,4.1
2024-05-04 03:00:00,29.5,0.0,78.9,89.0,4.4
2024-05-04 04:00:00,29.7,0.0,77.9,147.0,6.7
2024-05-04 05:00:00,29.6,0.0,81.2,131.0,5.4
2024-05-04 06:00:00,28.7,0.0,86.5,10.0,6.5
2024-05-04 07:00:00,27.4,0.2,89.5,171.0,6.1
2024-05-04 08:00:00,25.9,0.0,92.7,208.0,9.60001
2024-05-04 09:00:00,25.9,0.2,92.0,,
2024-05-04 10:00:00,25.8,0.4,94.8,,
2024-05-04 11:00:00,25.1,1.8,99.3,,
2024-05-04 12:00:00,24.4,0.8,99.3,,
2024-05-04 13:00:00,24.7,0.2,91.6,,
2024-05-04 14:00:00,25.2,0.0,94.0,338.0,8.60001
2024-05-04 15:00:00,26.1,0.0,82.7,316.0,4.6
2024-05-04 16:00:00,26.8,0.0,79.2,306.0,5.0
2024-05-04 17:00:00,27.5,0.0,79.5,226.0,4.0
2024-05-04 18:00:00,27.9,0.0,77.8,140.0,4.2
2024-05-04 19:00:00,28.1,0.0,77.6,314.0,5.3
2024-05-04 20:00:00,27.2,0.0,85.0,37.0,4.2
2024-05-04 21:00:00,27.1,0.0,85.3,33.0,3.6
2024-05-04 22:00:00,28.8,0.0,72.5,214.0,7.4
2024-05-04 23:00:00,28.5,0.0,80.9,194.0,5.5
2024-05-05 00:00:00,28.5,0.0,79.4,205.0,5.2
2024-05-05 01:00:00,28.4,0.0,81.1,218.0,5.4
2024-05-05 02:00:00,28.3,0.0,82.7,229.0,4.7
2024-05-05 03:00:00,28.2,0.0,84.3,205.0,6.1
2024-05-05 04:00:00,28.2,0.0,82.9,184.0,5.4
2024-05-05 05:00:00,28.5,0.0,78.1,186.0,6.9
2024-05-05 06:00:00,28.5,0.0,78.7,177.0,6.8
2024-05-05 07:00:00,28.6,0.0,75.4,198.0,4.9
2024-05-05 08:00:00,29.1,0.0,74.0,199.0,5.4
2024-05-05 09:00:00,29.2,0.0,79.0,185.0,6.0
2024-05-05 10:00:00,29.6,0.0,80.8,194.0,8.10001
2024-05-05 11:00:00,30.0,0.0,77.4,192.0,8.3
2024-05-05 12:00:00,30.4,0.0,74.4,194.0,7.7
2024-05-05 13:00:00,30.3,0.0,73.5,192.0,8.10001
2024-05-05 14:00:00,30.4,0.0,72.4,184.0,9.3
2024-05-05 15:00:00,30.9,0.0,67.4,186.0,9.10001
2024-05-05 16:00:00,31.0,0.0,65.5,188.0,9.2
2024-05-05 17:00:00,31.1,0.0,67.2,190.0,7.3
2024-05-05 18:00:00,30.8,0.0,66.4,180.0,6.4
2024-05-05 19:00:00,31.1,0.0,65.8,162.0,5.2
2024-05-05 20:00:00,30.6,0.0,71.0,147.0,7.2
2024-05-05 21:00:00,30.6,0.0,71.9,139.0,8.8
2024-05-05 22:00:00,30.3,0.0,73.8,139.0,7.9
2024-05-05 23:00:00,30.0,0.0,78.1,140.0,8.8
2024-05-06 00:00:00,30.2,0.0,78.0,120.0,7.2
2024-05-06 01:00:00,29.8,0.0,82.4,87.0,5.7
2024-05-06 02:00:00,29.8,0.0,80.6,98.0,6.0
2024-05-06 03:00:00,29.5,0.0,81.6,114.0,8.7
2024-05-06 04:00:00,29.4,0.0,83.4,95.0,6.9
2024-05-06 05:00:00,29.3,0.0,83.9,97.0,6.9
2024-05-06 06:00:00,29.4,0.0,83.0,108.0,8.2
2024-05-06 07:00:00,29.0,0.0,85.4,80.0,6.1
2024-05-06 08:00:00,29.5,0.0,83.3,102.0,6.2
2024-05-06 09:00:00,30.0,0.0,79.1,103.0,5.7
2024-05-06 10:00:00,31.1,0.0,74.2,110.0,6.0
2024-05-06 11:00:00,32.0,0.0,65.7,111.0,5.5
2024-05-06 12:00:00,32.8,0.0,61.3,130.0,6.3
2024-05-06 13:00:00,32.5,0.0,61.7,172.0,6.5
2024-05-06 14:00:00,32.8,0.0,63.1,133.0,7.4
2024-05-06 15:00:00,31.3,0.0,69.8,140.0,8.0
2024-05-06 16:00:00,31.5,0.0,64.5,132.0,6.5
2024-05-06 17:00:00,31.6,0.0,63.4,120.0,7.0
2024-05-06 18:00:00,31.6,0.0,62.4,81.0,6.0
2024-05-06 19:00:00,31.2,0.0,69.1,107.0,6.2
2024-05-06 20:00:00,30.7,0.0,74.2,117.0,9.10001
2024-05-06 21:00:00,30.7,0.0,66.5,95.0,7.7
2024-05-06 22:00:00,30.2,0.0,74.6,107.0,7.0
2024-05-06 23:00:00,30.3,0.0,75.7,125.0,7.1
2024-05-07 00:00:00,29.9,0.0,80.5,117.0,7.7
2024-05-07 01:00:00,29.9,0.0,74.8,107.0,7.9
2024-05-07 02:00:00,29.8,0.0,74.4,69.0,5.1
2024-05-07 03:00:00,29.8,0.0,75.2,127.0,7.5
2024-05-07 04:00:00,29.9,0.0,74.4,113.0,6.6
2024-05-07 05:00:00,29.8,0.0,76.4,75.0,4.9
2024-05-07 06:00:00,29.9,0.0,74.7,128.0,7.8
2024-05-07 07:00:00,29.7,0.0,75.6,101.0,6.9
2024-05-07 08:00:00,28.2,0.0,80.7,194.0,6.8
2024-05-07 09:00:00,29.1,0.0,79.4,108.0,3.8
2024-05-07 10:00:00,29.3,0.0,77.7,116.0,5.2
2024-05-07 11:00:00,29.8,0.0,77.9,209.0,6.4
2024-05-07 12:00:00,30.2,0.0,74.6,178.0,5.1
2024-05-07 13:00:00,29.6,0.0,77.1,193.0,7.2
2024-05-07 14:00:00,28.4,0.0,78.7,129.0,9.39999
2024-05-07 15:00:00,28.4,0.0,83.8,7.0,5.2
2024-05-07 16:00:00,28.7,0.0,83.9,70.0,5.9
2024-05-07 17:00:00,28.8,0.0,80.5,359.0,5.4
2024-05-07 18:00:00,29.1,0.0,79.5,27.0,3.9
2024-05-07 19:00:00,29.2,0.0,79.7,35.0,3.7
2024-05-07 20:00:00,29.2,0.0,80.1,62.0,4.1
2024-05-07 21:00:00,28.9,0.0,81.7,15.0,5.8
2024-05-07 22:00:00,28.9,0.0,82.2,33.0,4.0
2024-05-07 23:00:00,28.9,0.0,81.6,51.0,4.3
2024-05-08 00:00:00,28.9,0.0,80.5,60.0,3.3
2024-05-08 01:00:00,29.1,0.0,78.7,129.0,5.9
2024-05-08 02:00:00,28.6,0.0,84.5,2.0,6.3
2024-05-08 03:00:00,26.4,0.4,92.0,138.0,6.6
2024-05-08 04:00:00,27.1,0.0,87.9,189.0,7.1
2024-05-08 05:00:00,25.1,5.4,98.3,214.0,15.2
2024-05-08 06:00:00,24.5,1.8,99.3,248.0,10.1
2024-05-08 07:00:00,25.1,0.0,99.3,254.0,4.6
2024-05-08 08:00:00,26.0,0.0,93.4,24.0,5.6
2024-05-08 09:00:00,27.2,0.0,87.4,32.0,3.4
2024-05-08 10:00:00,27.7,0.0,82.7,42.0,3.5
2024-05-08 11:00:00,28.9,0.0,80.0,55.0,3.2
2024-05-08 12:00:00,29.4,0.0,76.1,165.0,5.1
2024-05-08 13:00:00,29.6,0.0,78.0,182.0,5.3
2024-05-08 14:00:00,29.9,0.0,75.4,170.0,5.9
2024-05-08 15:00:00,29.1,0.0,78.3,133.0,10.1
2024-05-08 16:00:00,29.4,0.0,73.8,143.0,7.9
2024-05-08 17:00:00,29.5,0.0,78.6,140.0,9.7
2024-05-08 18:00:00,29.4,0.0,77.3,135.0,10.2
2024-05-08 19:00:00,29.5,0.0,76.2,132.0,7.5
2024-05-08 20:00:00,29.2,0.0,77.6,111.0,7.3
2024-05-08 21:00:00,27.1,0.0,84.0,3.0,7.6
2024-05-08 22:00:00,26.8,0.0,95.5,177.0,3.2
2024-05-08 23:00:00,28.3,0.0,84.6,125.0,8.39999
2024-05-09 00:00:00,28.5,0.0,81.2,89.0,6.1
2024-05-09 01:00:00,28.7,0.0,78.9,126.0,7.6
2024-05-09 02:00:00,28.7,0.0,77.6,114.0,7.3
2024-05-09 03:00:00,28.6,0.0,80.6,102.0,7.5
2024-05-09 04:00:00,28.5,0.0,81.6,55.0,2.9
2024-05-09 05:00:00,28.6,0.0,80.0,97.0,5.3
2024-05-09 06:00:00,28.4,0.0,81.0,68.0,4.8
2024-05-09 07:00:00,28.6,0.0,79.1,86.0,4.2
2024-05-09 08:00:00,28.9,0.0,76.5,84.0,5.5
2024-05-09 09:00:00,29.3,0.0,75.3,87.0,6.3
2024-05-09 10:00:00,30.4,0.0,68.6,122.0,4.5
2024-05-09 11:00:00,30.4,0.0,70.6,154.0,6.0
2024-05-09 12:00:00,30.7,0.0,67.1,153.0,9.10001
2024-05-09 13:00:00,31.5,0.0,63.1,158.0,6.3
2024-05-09 14:00:00,32.4,0.0,55.8,131.0,8.10001
2024-05-09 15:00:00,33.0,0.0,58.0,163.0,6.9
2024-05-09 16:00:00,32.0,0.0,59.6,170.0,10.3
2024-05-09 17:00:00,31.7,0.0,65.6,164.0,8.5
2024-05-09 18:00:00,31.5,0.0,69.0,147.0,6.2
2024-05-09 19:00:00,30.6,0.0,70.8,84.0,8.2
2024-05-09 20:00:00,30.4,0.0,74.0,88.0,6.3
2024-05-09 21:00:00,30.4,0.0,73.4,90.0,7.5
2024-05-09 22:00:00,30.3,0.0,74.1,122.0,7.4
2024-05-09 23:00:00,30.2,0.0,72.7,108.0,7.5
2024-05-10 00:00:00,30.0,0.0,75.3,95.0,6.5
2024-05-10 01:00:00,29.7,0.0,78.2,88.0,7.0
2024-05-10 02:00:00,29.7,0.0,77.2,85.0,5.7
2024-05-10 03:00:00,29.6,0.0,77.3,123.0,7.6
2024-05-10 04:00:00,29.5,0.0,77.8,104.0,6.6
2024-05-10 05:00:00,29.3,0.0,78.4,81.0,5.2
2024-05-10 06:00:00,29.4,0.0,77.5,95.0,6.9
2024-05-10 07:00:00,29.5,0.0,77.6,86.0,6.0
2024-05-10 08:00:00,30.0,0.0,76.1,109.0,6.7
2024-05-10 09:00:00,30.5,0.0,74.0,100.0,7.8
2024-05-10 10:00:00,31.5,0.0,66.5,104.0,6.5
2024-05-10 11:00:00,29.8,0.0,77.4,195.0,11.1
2024-05-10 12:00:00,26.0,2.0,98.8,93.0,8.10001
2024-05-10 13:00:00,27.6,0.0,90.2,169.0,4.9
2024-05-10 14:00:00,29.7,0.0,75.9,148.0,6.8
2024-05-10 15:00:00,29.2,0.0,79.3,138.0,7.6
2024-05-10 16:00:00,29.6,0.0,74.2,158.0,6.6
2024-05-10 17:00:00,30.0,0.0,73.8,156.0,8.3
2024-05-10 18:00:00,30.5,0.0,73.9,152.0,5.8
2024-05-10 19:00:00,29.1,0.0,74.3,99.0,9.7
2024-05-10 20:00:00,29.6,0.0,76.5,99.0,6.3
2024-05-10 21:00:00,29.8,0.0,76.9,94.0,6.2
2024-05-10 22:00:00,29.9,0.0,75.9,107.0,6.8
2024-05-10 23:00:00,29.9,0.0,75.8,125.0,7.1
2024-05-11 00:00:00,29.7,0.0,78.3,97.0,6.2
2024-05-11 01:00:00,29.8,0.0,77.1,149.0,5.8
2024-05-11 02:00:00,29.5,0.0,77.5,73.0,3.6
2024-05-11 03:00:00,29.6,0.0,78.2,109.0,6.1
2024-05-11 04:00:00,29.3,0.0,80.5,87.0,4.7
2024-05-11 05:00:00,29.1,0.0,80.4,61.0,3.2
2024-05-11 06:00:00,29.2,0.0,80.0,69.0,4.0
2024-05-11 07:00:00,29.3,0.0,78.2,86.0,5.4
2024-05-11 08:00:00,30.1,0.0,76.0,83.0,3.7
2024-05-11 09:00:00,30.7,0.0,73.6,133.0,3.8
2024-05-11 10:00:00,30.8,0.0,71.7,152.0,5.2
2024-05-11 11:00:00,31.2,0.0,70.6,162.0,7.5
2024-05-11 12:00:00,31.8,0.0,59.0,156.0,6.6
2024-05-11 13:00:00,31.9,0.0,63.9,170.0,9.39999
2024-05-11 14:00:00,31.5,0.0,70.0,130.0,8.7
2024-05-11 15:00:00,31.6,0.0,62.0,141.0,7.0
2024-05-11 16:00:00,31.3,0.0,68.2,100.0,7.7
2024-05-11 17:00:00,31.6,0.0,69.0,92.0,6.4
2024-05-11 18:00:00,31.0,0.0,68.8,109.0,7.0
2024-05-11 19:00:00,30.9,0.0,66.0,93.0,6.9
2024-05-11 20:00:00,30.5,0.0,70.8,73.0,6.4
2024-05-11 21:00:00,30.4,0.0,75.3,77.0,5.7
2024-05-11 22:00:00,30.0,0.0,77.0,114.0,9.3
2024-05-11 23:00:00,29.7,0.0,79.7,78.0,5.4
2024-05-12 00:00:00,29.6,0.0,78.7,92.0,5.8
2024-05-12 01:00:00,29.3,0.0,81.2,114.0,6.8
2024-05-12 02:00:00,29.1,0.0,82.5,101.0,7.4
2024-05-12 03:00:00,29.3,0.0,79.0,98.0,6.7
2024-05-12 04:00:00,29.0,0.0,81.0,93.0,6.2
2024-05-12 05:00:00,29.0,0.0,83.2,71.0,3.5
2024-05-12 06:00:00,29.1,0.0,83.8,150.0,3.5
2024-05-12 07:00:00,29.2,0.0,81.8,179.0,3.6
2024-05-12 08:00:00,29.5,0.0,80.1,196.0,3.5
2024-05-12 09:00:00,29.5,0.0,80.5,29.0,3.6
2024-05-12 10:00:00,27.3,0.2,90.8,26.0,7.3
2024-05-12 11:00:00,29.0,0.0,80.1,319.0,5.6
2024-05-12 12:00:00,30.1,0.0,75.6,156.0,6.0
2024-05-12 13:00:00,30.1,0.0,76.6,191.0,6.5
2024-05-12 14:00:00,30.3,0.0,73.5,201.0,7.8
2024-05-12 15:00:00,30.3,0.0,73.9,186.0,5.6
2024-05-12 16:00:00,30.6,0.0,72.1,151.0,6.3
2024-05-12 17:00:00,30.3,0.0,69.9,134.0,8.8
2024-05-12 18:00:00,29.5,0.0,79.5,103.0,6.5
2024-05-12 19:00:00,29.2,0.0,78.6,118.0,7.2
2024-05-12 20:00:00,29.5,0.0,75.9,148.0,6.7
2024-05-12 21:00:00,29.6,0.0,75.7,122.0,6.7
2024-05-12 22:00:00,29.5,0.0,76.1,110.0,5.9
2024-05-12 23:00:00,29.3,0.0,80.5,73.0,3.7
2024-05-13 00:00:00,29.3,0.0,82.9,89.0,5.4
2024-05-13 01:00:00,29.3,0.0,80.7,143.0,8.7
2024-05-13 02:00:00,29.3,0.0,81.1,122.0,6.8
2024-05-13 03:00:00,29.3,0.0,81.2,148.0,8.0
2024-05-13 04:00:00,29.4,0.0,77.0,151.0,6.9
2024-05-13 05:00:00,29.5,0.0,80.7,130.0,6.7
2024-05-13 06:00:00,29.3,0.0,80.9,151.0,6.4
2024-05-13 07:00:00,27.7,0.0,83.3,359.0,6.2
2024-05-13 08:00:00,28.6,0.0,76.5,31.0,4.3
2024-05-13 09:00:00,28.8,0.0,79.3,279.0,6.0
2024-05-13 10:00:00,30.2,0.0,76.3,162.0,4.0
2024-05-13 11:00:00,30.5,0.0,73.8,176.0,5.1
2024-05-13 12:00:00,28.8,0.0,78.2,28.0,6.8
2024-05-13 13:00:00,30.8,0.0,68.9,205.0,3.5
2024-05-13 14:00:00,30.8,0.0,71.5,154.0,7.6
2024-05-13 15:00:00,30.7,0.0,74.7,149.0,7.1
2024-05-13 16:00:00,30.8,0.0,71.8,197.0,6.5
2024-05-13 17:00:00,25.5,1.8,99.3,197.0,2.7
2024-05-13 18:00:00,27.1,0.0,92.8,182.0,3.5
2024-05-13 19:00:00,28.3,0.0,85.5,46.0,4.3
2024-05-13 20:00:00,28.0,0.0,78.9,10.0,7.5
2024-05-13 21:00:00,27.2,0.0,79.5,46.0,5.7
2024-05-13 22:00:00,27.6,0.0,75.0,36.0,5.4
2024-05-13 23:00:00,27.9,0.0,78.5,5.0,6.0
2024-05-14 00:00:00,27.0,0.0,85.3,11.0,7.1
2024-05-14 01:00:00,26.9,0.0,87.1,36.0,3.9
2024-05-14 02:00:00,27.2,0.0,85.1,27.0,6.7
2024-05-14 03:00:00,27.3,0.0,84.7,38.0,4.4
2024-05-14 04:00:00,27.2,0.0,85.0,30.0,4.2
2024-05-14 05:00:00,27.2,0.0,84.3,48.0,3.5
2024-05-14 06:00:00,27.1,0.0,86.1,33.0,3.4
2024-05-14 07:00:00,27.5,0.0,84.1,14.0,5.5
2024-05-14 08:00:00,27.6,0.0,80.9,355.0,6.4
2024-05-14 09:00:00,28.9,0.0,70.6,346.0,5.4
2024-05-14 10:00:00,30.3,0.0,67.4,337.0,6.1
2024-05-14 11:00:00,31.4,0.0,62.9,323.0,6.0
2024-05-14 12:00:00,33.1,0.0,55.9,329.0,5.1
2024-05-14 13:00:00,33.6,0.0,53.4,301.0,4.7
2024-05-14 14:00:00,32.0,0.0,68.8,206.0,13.1
2024-05-14 15:00:00,30.9,0.0,73.3,188.0,12.0
2024-05-14 16:00:00,30.2,0.0,70.6,214.0,8.0
2024-05-14 17:00:00,31.2,0.0,68.9,196.0,7.9
2024-05-14 18:00:00,25.7,4.0,97.4,330.0,13.6
2024-05-14 19:00:00,25.7,0.0,99.3,187.0,3.5
2024-05-14 20:00:00,27.4,0.0,88.3,153.0,5.8
2024-05-14 21:00:00,27.7,0.0,87.4,32.0,3.7
2024-05-14 22:00:00,27.9,0.0,86.1,82.0,4.1
2024-05-14 23:00:00,28.5,0.0,84.5,80.0,5.0
2024-05-15 00:00:00,28.2,0.0,88.4,27.0,3.9
2024-05-15 01:00:00,28.5,0.0,87.6,163.0,3.6
2024-05-15 02:00:00,29.1,0.0,84.7,123.0,6.8
2024-05-15 03:00:00,29.2,0.0,84.8,135.0,6.2
2024-05-15 04:00:00,29.2,0.0,83.8,134.0,7.1
2024-05-15 05:00:00,29.3,0.0,81.6,135.0,7.0
2024-05-15 06:00:00,29.5,0.0,79.1,139.0,9.10001
2024-05-15 07:00:00,28.6,0.0,83.3,268.0,6.4
2024-05-15 08:00:00,28.6,0.0,86.1,238.0,4.5
2024-05-15 09:00:00,29.6,0.0,82.0,187.0,4.0
2024-05-15 10:00:00,30.5,0.0,69.8,189.0,6.1
2024-05-15 11:00:00,30.6,0.0,72.3,185.0,6.9
2024-05-15 12:00:00,31.0,0.0,73.5,200.0,8.39999
2024-05-15 13:00:00,30.4,0.0,78.0,201.0,10.7
2024-05-15 14:00:00,30.8,0.0,76.6,197.0,11.1
2024-05-15 15:00:00,29.4,0.0,77.7,155.0,9.7
2024-05-15 16:00:00,28.8,0.0,82.5,146.0,9.3
2024-05-15 17:00:00,29.0,0.0,83.7,139.0,7.2
2024-05-15 18:00:00,29.8,0.0,76.0,139.0,7.6
2024-05-15 19:00:00,29.9,0.0,79.1,134.0,7.4
2024-05-15 20:00:00,29.9,0.0,80.7,141.0,8.60001
2024-05-15 21:00:00,29.8,0.0,81.7,143.0,8.0
2024-05-15 22:00:00,29.4,0.0,84.0,107.0,4.3
2024-05-15 23:00:00,29.8,0.0,81.2,122.0,6.4
2024-05-16 00:00:00,29.7,0.0,81.6,133.0,7.5
2024-05-16 01:00:00,29.8,0.0,81.8,150.0,7.3
2024-05-16 02:00:00,29.8,0.0,76.6,142.0,7.7
2024-05-16 03:00:00,29.6,0.0,81.6,128.0,6.8
2024-05-16 04:00:00,29.6,0.0,81.2,151.0,7.5
2024-05-16 05:00:00,28.5,0.0,82.3,137.0,5.1
2024-05-16 06:00:00,28.1,0.0,83.8,17.0,5.3
2024-05-16 07:00:00,28.1,0.0,82.7,12.0,7.3
2024-05-16 08:00:00,29.0,0.0,82.9,163.0,4.4
2024-05-16 09:00:00,30.4,0.0,74.6,147.0,6.6
2024-05-16 10:00:00,30.9,0.0,73.3,164.0,5.2
2024-05-16 11:00:00,30.2,0.0,76.9,184.0,6.2
2024-05-16 12:00:00,27.8,0.0,86.7,168.0,5.6
2024-05-16 13:00:00,26.6,0.2,94.0,159.0,5.6
2024-05-16 14:00:00,25.7,0.2,95.7,100.0,5.7
2024-05-16 15:00:00,25.7,0.2,91.5,96.0,5.3
2024-05-16 16:00:00,26.1,0.0,95.6,74.0,7.2
2024-05-16 17:00:00,27.0,0.0,92.2,154.0,3.4
2024-05-16 18:00:00,28.1,0.0,88.1,177.0,4.4
2024-05-16 19:00:00,28.4,0.0,86.2,98.0,5.4
2024-05-16 20:00:00,27.7,0.0,91.9,48.0,4.0
2024-05-16 21:00:00,27.7,0.0,92.7,61.0,3.3
2024-05-30 12:00:00,28.4,0.0,80.6,177.0,5.5
2024-05-30 13:00:00,30.4,0.0,74.3,158.0,4.7
2024-05-30 14:00:00,30.1,0.0,71.3,130.0,9.10001
2024-05-30 15:00:00,30.5,0.0,66.2,169.0,8.10001
2024-05-30 16:00:00,31.0,0.0,64.6,190.0,4.6
2024-05-30 17:00:00,30.4,0.0,67.3,194.0,8.3
2024-05-30 18:00:00,30.4,0.0,69.5,188.0,7.5
2024-05-30 19:00:00,30.1,0.0,73.7,142.0,5.2
2024-05-30 20:00:00,29.8,0.0,74.6,147.0,8.5
2024-05-30 21:00:00,30.0,0.0,75.0,108.0,6.3
2024-05-30 22:00:00,29.9,0.0,77.1,119.0,7.2
2024-05-30 23:00:00,29.6,0.0,78.1,91.0,6.2
2024-05-31 00:00:00,29.5,0.0,76.5,70.0,4.3
2024-05-31 01:00:00,29.4,0.0,75.4,90.0,4.8
2024-05-31 02:00:00,29.3,0.0,75.9,76.0,3.8
2024-05-31 03:00:00,29.4,0.0,76.4,156.0,6.8
2024-05-31 04:00:00,29.3,0.0,76.1,154.0,6.4
2024-05-31 05:00:00,29.2,0.0,78.3,158.0,6.5
2024-05-31 06:00:00,29.2,0.0,79.8,154.0,8.2
2024-05-31 07:00:00,29.2,0.0,81.4,140.0,7.0
2024-05-31 08:00:00,29.2,0.0,82.0,123.0,6.5
2024-05-31 09:00:00,30.0,0.0,78.0,131.0,8.2
2024-05-31 10:00:00,30.2,0.0,77.5,154.0,7.0
2024-05-31 11:00:00,30.4,0.0,76.8,155.0,6.7
2024-05-31 12:00:00,31.8,0.0,65.0,158.0,5.1
2024-05-31 13:00:00,31.1,0.0,70.9,163.0,6.9
2024-05-31 14:00:00,31.8,0.0,68.6,166.0,7.5
2024-05-31 15:00:00,31.7,0.0,67.9,103.0,7.1
2024-05-31 16:00:00,31.5,0.0,65.9,112.0,6.3
2024-05-31 17:00:00,31.2,0.0,67.4,138.0,6.1
2024-05-31 18:00:00,31.2,0.0,71.6,133.0,7.4
2024-05-31 19:00:00,31.2,0.0,70.1,141.0,8.3
2024-05-31 20:00:00,30.2,0.0,76.9,155.0,8.39999
2024-05-31 21:00:00,30.3,0.0,71.5,92.0,5.8
2024-05-31 22:00:00,30.4,0.0,73.1,156.0,8.0
2024-05-31 23:00:00,30.3,0.0,75.7,155.0,6.8
2024-06-01 00:00:00,30.0,0.0,78.0,158.0,6.7
2024-06-01 01:00:00,29.9,0.0,80.4,179.0,5.2
2024-06-01 02:00:00,29.8,0.0,79.9,185.0,4.8
2024-06-01 03:00:00,29.9,0.0,79.0,166.0,3.7
2024-06-01 04:00:00,27.4,0.0,76.8,217.0,16.4
2024-06-01 05:00:00,27.1,0.0,81.0,15.0,8.0
2024-06-01 06:00:00,27.7,0.0,80.5,356.0,6.8
2024-06-01 07:00:00,26.3,0.4,92.2,114.0,5.4
2024-06-01 08:00:00,,0.0,,56.0,4.3
2024-06-01 09:00:00,25.4,0.6,99.2,138.0,9.0
2024-06-01 10:00:00,26.8,0.0,87.9,132.0,8.8
2024-06-01 11:00:00,26.1,0.2,90.3,90.0,7.9
2024-06-01 12:00:00,26.4,0.0,86.3,77.0,5.1
2024-06-01 13:00:00,27.1,0.0,81.4,155.0,7.3
2024-06-01 14:00:00,27.3,0.0,81.1,178.0,6.5
2024-06-01 15:00:00,27.3,0.0,84.8,190.0,6.2
2024-06-01 16:00:00,27.7,0.0,83.6,168.0,6.0
2024-06-01 17:00:00,28.1,0.0,83.9,162.0,7.4
2024-06-01 18:00:00,28.3,0.0,83.0,184.0,5.9
2024-06-01 19:00:00,28.4,0.0,79.9,146.0,9.2
2024-06-01 20:00:00,28.4,0.0,75.4,156.0,7.8
2024-06-01 21:00:00,28.2,0.0,79.3,185.0,5.3
2024-06-01 22:00:00,28.3,0.0,79.1,160.0,5.4
2024-06-01 23:00:00,28.4,0.0,77.4,198.0,5.9
2024-06-02 00:00:00,28.4,0.0,80.1,191.0,6.1
2024-06-02 01:00:00,28.5,0.0,76.9,190.0,5.5
2024-06-02 02:00:00,28.3,0.0,81.7,187.0,4.8
2024-06-02 03:00:00,28.2,0.0,80.4,239.0,3.5
2024-06-02 04:00:00,27.7,0.0,82.6,329.0,5.7
2024-06-02 05:00:00,28.1,0.0,81.0,225.0,3.9
2024-06-02 06:00:00,27.9,0.0,83.1,358.0,7.8
2024-06-02 07:00:00,27.5,0.0,86.0,46.0,4.1
2024-06-02 08:00:00,27.6,0.0,85.7,36.0,3.4
2024-06-02 09:00:00,28.3,0.0,81.9,16.0,3.9
2024-06-02 10:00:00,29.2,0.0,78.3,247.0,3.3
2024-06-02 11:00:00,29.5,0.0,79.9,191.0,6.0
2024-06-02 12:00:00,29.3,0.0,78.7,188.0,6.7
2024-06-02 13:00:00,29.3,0.0,78.8,194.0,8.5
2024-06-02 14:00:00,29.0,0.0,80.9,162.0,7.3
2024-06-02 15:00:00,28.8,0.0,76.0,160.0,8.7
2024-06-02 16:00:00,28.3,0.0,81.9,127.0,7.7
2024-06-02 17:00:00,26.3,0.0,86.9,12.0,6.3
2024-06-02 18:00:00,26.5,0.2,92.4,119.0,9.10001
2024-06-02 19:00:00,26.8,0.0,89.1,103.0,6.5
2024-06-02 20:00:00,27.1,0.0,87.6,136.0,5.9
2024-06-02 21:00:00,27.4,0.0,86.3,140.0,9.2
2024-06-02 22:00:00,27.4,0.0,87.6,101.0,5.8
2024-06-02 23:00:00,27.2,0.0,88.4,88.0,6.3
2024-06-03 00:00:00,27.0,0.0,88.3,47.0,2.9
2024-06-03 01:00:00,27.1,0.0,87.3,52.0,3.5
2024-06-03 02:00:00,26.8,0.0,90.5,40.0,4.6
2024-06-03 03:00:00,26.6,0.0,91.7,35.0,5.1
2024-06-03 04:00:00,26.6,0.0,92.2,42.0,3.5
2024-06-03 05:00:00,26.8,0.0,89.0,30.0,6.0
2024-06-03 06:00:00,27.4,0.0,87.8,300.0,4.7
2024-06-03 07:00:00,27.2,0.0,89.9,25.0,5.2
2024-06-03 08:00:00,27.6,0.0,86.3,57.0,2.3
2024-06-03 09:00:00,29.6,0.0,77.1,187.0,3.6
2024-06-03 10:00:00,29.6,0.0,78.6,167.0,4.5
2024-06-03 11:00:00,29.7,0.0,73.0,156.0,6.0
2024-06-03 12:00:00,30.2,0.0,64.2,148.0,5.8
2024-06-03 13:00:00,30.4,0.0,61.6,159.0,6.1
2024-06-03 14:00:00,30.8,0.0,62.4,164.0,6.5
2024-06-03 15:00:00,31.9,0.0,59.9,177.0,6.6
2024-06-03 16:00:00,31.8,0.0,62.0,174.0,5.5
2024-06-03 17:00:00,31.9,0.0,66.0,179.0,4.4
2024-06-03 18:00:00,28.5,0.0,69.9,11.0,13.2
2024-06-03 19:00:00,28.2,0.0,70.4,21.0,5.4
2024-06-03 20:00:00,28.4,0.0,74.2,56.0,3.3
2024-06-03 21:00:00,27.8,0.0,81.1,21.0,5.2
2024-06-03 22:00:00,27.9,0.0,80.1,38.0,4.0
2024-06-03 23:00:00,28.0,0.0,81.1,41.0,3.7
2024-06-04 00:00:00,28.2,0.0,81.8,21.0,4.4
2024-06-04 01:00:00,28.3,0.0,80.7,44.0,3.5
2024-06-04 02:00:00,28.0,0.0,83.9,34.0,3.4
2024-06-04 03:00:00,28.1,0.0,81.9,37.0,3.7
2024-06-04 04:00:00,27.9,0.0,84.4,34.0,4.0
2024-06-04 05:00:00,27.7,0.0,85.4,42.0,4.2
2024-06-04 06:00:00,27.7,0.0,86.1,49.0,3.8
2024-06-04 07:00:00,27.9,0.0,86.0,63.0,3.1
2024-06-04 08:00:00,28.7,0.0,81.4,78.0,4.3
2024-06-04 09:00:00,29.3,0.0,79.7,118.0,5.1
2024-06-04 10:00:00,29.8,0.0,79.5,114.0,7.1
2024-06-04 11:00:00,29.7,0.0,77.7,134.0,9.5
2024-06-04 12:00:00,30.5,0.0,74.0,141.0,6.8
2024-06-04 13:00:00,31.0,0.0,72.3,132.0,6.1
2024-06-04 14:00:00,32.3,0.0,63.5,171.0,6.5
2024-06-04 15:00:00,32.4,0.0,66.2,159.0,6.5
2024-06-04 16:00:00,31.6,0.0,68.1,125.0,7.0
2024-06-04 17:00:00,31.3,0.0,71.0,140.0,8.3
2024-06-04 18:00:00,30.6,0.0,74.2,144.0,7.8
2024-06-04 19:00:00,27.6,0.0,86.2,308.0,6.5
2024-06-04 20:00:00,27.6,0.0,85.6,354.0,5.3
2024-06-04 21:00:00,29.0,0.0,76.7,26.0,3.3
2024-06-04 22:00:00,29.2,0.0,77.0,74.0,2.9
2024-06-04 23:00:00,29.6,0.0,78.4,136.0,7.7
2024-06-05 00:00:00,29.6,0.0,78.3,107.0,5.7
2024-06-05 01:00:00,29.5,0.0,79.7,128.0,8.10001
2024-06-05 02:00:00,29.4,0.0,78.8,138.0,8.8
2024-06-05 03:00:00,29.5,0.0,78.4,134.0,7.9
2024-06-05 04:00:00,29.3,0.0,79.5,126.0,7.7
2024-06-05 05:00:00,29.2,0.0,80.9,143.0,7.6
2024-06-05 06:00:00,29.3,0.0,82.2,143.0,7.1
2024-06-05 07:00:00,26.6,0.0,74.8,214.0,4.4
2024-06-05 08:00:00,28.6,0.0,68.4,42.0,2.8
2024-06-05 09:00:00,29.9,0.0,72.4,186.0,4.6
2024-06-05 10:00:00,30.6,0.0,75.6,160.0,6.1
2024-06-05 11:00:00,30.0,0.0,79.0,189.0,8.0
2024-06-05 12:00:00,30.1,0.0,79.1,190.0,8.5
2024-06-05 13:00:00,30.0,0.0,80.7,192.0,8.39999
2024-06-05 14:00:00,30.7,0.0,75.9,190.0,8.10001
2024-06-05 15:00:00,31.2,0.0,69.9,196.0,9.0
2024-06-05 16:00:00,31.3,0.0,72.0,194.0,8.60001
2024-06-05 17:00:00,31.7,0.0,68.7,193.0,8.7
2024-06-05 18:00:00,31.8,0.0,65.5,151.0,7.3
2024-06-05 19:00:00,31.4,0.0,68.3,147.0,7.9
2024-06-05 20:00:00,30.8,0.0,73.5,150.0,8.2
2024-06-05 21:00:00,30.7,0.0,73.9,138.0,8.0
2024-06-05 22:00:00,30.5,0.0,69.6,114.0,8.0
2024-06-05 23:00:00,30.2,0.0,76.5,110.0,8.8
2024-06-06 00:00:00,30.1,0.0,78.5,118.0,8.2
2024-06-06 01:00:00,30.0,0.0,78.8,90.0,6.6
2024-06-06 02:00:00,29.8,0.0,79.4,91.0,7.1
2024-06-06 03:00:00,29.8,0.0,79.4,120.0,7.8
2024-06-06 04:00:00,29.7,0.0,79.2,94.0,6.5
2024-06-06 05:00:00,29.6,0.0,78.9,90.0,6.8
2024-06-06 06:00:00,29.5,0.0,79.7,94.0,6.6
2024-06-06 07:00:00,29.5,0.0,80.1,89.0,4.8
2024-06-06 08:00:00,29.7,0.0,79.4,112.0,6.1
2024-06-06 09:00:00,30.3,0.0,75.3,102.0,6.9
2024-06-06 10:00:00,30.9,0.0,69.4,109.0,6.3
2024-06-06 11:00:00,31.5,0.0,65.6,113.0,7.2
2024-06-06 12:00:00,32.0,0.0,68.0,158.0,6.6
2024-06-06 13:00:00,32.8,0.0,67.0,152.0,6.0
2024-06-06 14:00:00,30.5,0.0,64.3,149.0,8.5
2024-06-06 15:00:00,27.3,0.0,82.2,339.0,15.5
2024-06-06 16:00:00,26.8,0.0,85.0,36.0,9.60001
2024-06-06 17:00:00,27.3,0.0,81.2,33.0,8.3
2024-06-06 18:00:00,27.9,0.0,81.0,47.0,5.0
2024-06-06 19:00:00,27.9,0.0,80.5,51.0,3.6
2024-06-06 20:00:00,28.2,0.0,80.6,37.0,3.9
2024-06-06 21:00:00,28.8,0.0,71.4,14.0,4.7
2024-06-06 22:00:00,28.4,0.0,75.1,24.0,3.7
2024-06-06 23:00:00,28.5,0.0,78.3,19.0,5.6
2024-06-07 00:00:00,28.2,0.0,80.6,16.0,6.3
2024-06-07 01:00:00,28.2,0.0,80.1,24.0,4.0
2024-06-07 02:00:00,28.0,0.0,79.1,24.0,3.9
2024-06-07 03:00:00,27.9,0.0,75.9,28.0,6.6
2024-06-07 04:00:00,28.0,0.0,77.2,46.0,3.1
2024-06-07 05:00:00,28.0,0.0,75.4,3.0,6.9
2024-06-07 06:00:00,27.8,0.0,76.6,54.0,3.3
2024-06-07 07:00:00,27.9,0.0,78.3,37.0,4.0
2024-06-07 08:00:00,28.3,0.0,78.4,43.0,2.8
2024-06-07 09:00:00,28.8,0.0,79.3,21.0,3.8
2024-06-07 10:00:00,29.2,0.0,79.1,242.0,3.1
2024-06-07 11:00:00,29.6,0.0,78.2,178.0,4.8
2024-06-07 12:00:00,30.0,0.0,73.5,192.0,8.0
2024-06-07 13:00:00,30.2,0.0,77.4,182.0,6.4
2024-06-07 14:00:00,29.8,0.0,76.4,136.0,4.7
2024-06-07 15:00:00,29.8,0.0,76.3,202.0,5.3
2024-06-07 16:00:00,29.7,0.0,77.1,150.0,6.0
2024-06-07 17:00:00,29.6,0.0,78.9,146.0,6.9
2024-06-07 18:00:00,29.8,0.0,77.8,188.0,6.2
2024-06-07 19:00:00,29.8,0.0,78.1,160.0,6.6
2024-06-07 20:00:00,29.8,0.0,79.5,154.0,6.2
2024-06-07 21:00:00,29.8,0.0,75.5,126.0,6.5
2024-06-07 22:00:00,29.6,0.0,74.7,135.0,6.9
2024-06-07 23:00:00,29.4,0.0,77.2,103.0,6.0
2024-06-08 00:00:00,29.2,0.0,78.6,76.0,4.1
2024-06-08 01:00:00,29.3,0.0,78.9,101.0,5.9
2024-06-08 02:00:00,29.1,0.0,81.0,73.0,4.2
2024-06-08 03:00:00,29.2,0.0,80.2,93.0,6.0
2024-06-08 04:00:00,29.2,0.0,78.4,115.0,7.2
2024-06-08 05:00:00,29.4,0.0,74.8,104.0,6.0
2024-06-08 06:00:00,29.3,0.0,77.7,125.0,6.6
2024-06-08 07:00:00,29.3,0.0,79.9,146.0,6.5
2024-06-08 08:00:00,29.5,0.0,78.9,151.0,5.6
2024-06-08 09:00:00,29.8,0.0,76.5,156.0,4.9
2024-06-08 10:00:00,29.8,0.0,75.5,149.0,7.2
2024-06-08 11:00:00,26.9,0.0,79.5,105.0,5.1
2024-06-08 12:00:00,29.0,0.0,81.9,175.0,5.4
2024-06-08 13:00:00,30.4,0.0,71.0,191.0,5.8
2024-06-08 14:00:00,30.5,0.0,73.6,193.0,6.7
2024-06-08 15:00:00,30.3,0.0,72.8,180.0,5.8
2024-06-08 16:00:00,30.5,0.0,70.2,176.0,6.1
2024-06-08 17:00:00,30.5,0.0,69.9,164.0,4.7
2024-06-08 18:00:00,30.7,0.0,68.5,180.0,3.5
2024-06-08 19:00:00,30.1,0.0,72.5,14.0,4.0
2024-06-08 20:00:00,29.6,0.0,77.1,42.0,3.4
2024-06-08 21:00:00,29.4,0.0,79.4,48.0,3.9
2024-06-08 22:00:00,29.6,0.0,78.2,89.0,5.2
2024-06-08 23:00:00,29.0,0.0,81.5,80.0,5.4
2024-06-09 00:00:00,29.0,0.0,78.1,77.0,4.9
2024-06-09 01:00:00,28.9,0.0,77.0,90.0,4.5
2024-06-09 02:00:00,28.9,0.0,78.9,119.0,7.3
2024-06-09 03:00:00,29.0,0.0,75.9,124.0,6.9
2024-06-09 04:00:00,28.9,0.0,79.0,153.0,7.9
2024-06-09 05:00:00,29.0,0.0,81.0,145.0,6.7
2024-06-09 06:00:00,29.1,0.0,81.3,121.0,7.2
2024-06-09 07:00:00,28.8,0.0,82.9,70.0,4.3
2024-06-09 08:00:00,29.5,0.0,79.6,145.0,7.8
2024-06-09 09:00:00,28.9,0.0,79.2,125.0,7.8
2024-06-09 10:00:00,30.1,0.0,78.3,180.0,4.7
2024-06-09 11:00:00,30.1,0.0,77.9,193.0,8.8
2024-06-09 12:00:00,29.8,0.0,76.9,195.0,10.0
2024-06-09 13:00:00,29.9,0.0,72.0,216.0,7.3
2024-06-09 14:00:00,29.6,0.0,62.7,193.0,6.1
2024-06-09 15:00:00,30.1,0.0,72.3,192.0,5.9
2024-06-09 16:00:00,29.7,0.0,79.0,146.0,7.1
2024-06-09 17:00:00,30.3,0.0,74.1,187.0,6.3
2024-06-09 18:00:00,30.5,0.0,73.0,168.0,5.3
2024-06-09 19:00:00,30.2,0.0,76.2,147.0,6.0
2024-06-09 20:00:00,30.2,0.0,76.1,144.0,5.6
2024-06-09 21:00:00,30.1,0.0,75.4,141.0,7.5
2024-06-09 22:00:00,29.9,0.0,74.2,137.0,8.7
2024-06-09 23:00:00,29.8,0.0,74.7,142.0,8.2
2024-06-10 00:00:00,29.9,0.0,74.2,136.0,7.6
2024-06-10 01:00:00,29.8,0.0,74.2,139.0,8.3
2024-06-10 02:00:00,29.7,0.0,75.1,139.0,7.2
2024-06-10 03:00:00,29.6,0.0,75.8,134.0,7.0
2024-06-10 04:00:00,29.4,0.0,79.8,138.0,8.2
2024-06-10 05:00:00,29.1,0.0,81.9,186.0,6.2
2024-06-10 06:00:00,29.2,0.0,82.1,141.0,7.8
2024-06-10 07:00:00,29.2,0.0,81.6,172.0,5.3
2024-06-10 08:00:00,29.8,0.0,78.2,146.0,5.0
2024-06-10 09:00:00,28.7,0.0,76.3,188.0,8.60001
2024-06-10 10:00:00,29.2,0.0,82.2,189.0,8.60001
2024-06-10 11:00:00,29.3,0.0,79.6,190.0,8.2
2024-06-10 12:00:00,29.9,0.0,77.6,193.0,8.7
2024-06-10 13:00:00,30.2,0.0,75.7,198.0,8.5
2024-06-10 14:00:00,30.5,0.0,72.2,193.0,10.4
2024-06-10 15:00:00,30.3,0.0,72.4,189.0,9.8
2024-06-10 16:00:00,30.8,0.0,65.7,192.0,7.2
2024-06-10 17:00:00,30.3,0.0,75.1,145.0,6.2
2024-06-10 18:00:00,30.5,0.0,71.8,138.0,7.1
2024-06-10 19:00:00,30.7,0.0,70.4,127.0,7.1
2024-06-10 20:00:00,30.3,0.0,74.9,90.0,5.1
2024-06-10 21:00:00,30.1,0.0,77.7,113.0,6.3
2024-06-10 22:00:00,30.1,0.0,75.0,100.0,6.4
2024-06-10 23:00:00,29.9,0.0,77.6,107.0,7.3
2024-06-11 00:00:00,29.9,0.0,77.6,133.0,8.0
2024-06-11 01:00:00,29.9,0.0,77.7,121.0,6.8
2024-06-11 02:00:00,29.8,0.0,77.1,97.0,5.1
2024-06-11 03:00:00,29.5,0.0,80.0,74.0,4.2
2024-06-11 04:00:00,28.8,0.0,84.6,41.0,4.5
2024-06-11 05:00:00,28.3,0.0,86.2,56.0,4.0
2024-06-11 06:00:00,28.0,0.0,88.1,51.0,4.1
2024-06-11 07:00:00,28.4,0.0,88.1,52.0,3.2
2024-06-11 08:00:00,28.9,0.0,86.0,28.0,3.3
2024-06-11 09:00:00,29.9,0.0,79.7,135.0,7.4
2024-06-11 10:00:00,30.4,0.0,73.8,145.0,7.3
2024-06-11 11:00:00,31.4,0.0,61.2,134.0,5.6
2024-06-11 12:00:00,32.4,0.0,52.5,129.0,6.1
2024-06-11 13:00:00,33.4,0.0,57.0,179.0,5.1
2024-06-11 14:00:00,31.6,0.0,69.1,186.0,7.6
2024-06-11 15:00:00,31.3,0.0,72.4,189.0,10.3
2024-06-11 16:00:00,31.6,0.0,69.5,192.0,10.0
2024-06-11 17:00:00,28.6,0.0,62.6,1.0,10.2
2024-06-11 18:00:00,29.4,0.0,63.7,20.0,8.89999
2024-06-11 19:00:00,28.2,0.0,73.8,32.0,5.9
2024-06-11 20:00:00,28.6,0.0,74.5,59.0,4.6
2024-06-11 21:00:00,29.7,0.0,71.4,74.0,3.7
2024-06-11 22:00:00,29.5,0.0,72.8,67.0,4.4
2024-06-11 23:00:00,29.8,0.0,71.2,64.0,2.9
2024-06-12 00:00:00,29.5,0.0,71.4,31.0,4.0
2024-06-12 01:00:00,29.5,0.0,72.0,39.0,3.8
2024-06-12 02:00:00,29.2,0.0,73.4,44.0,4.1
2024-06-12 03:00:00,28.9,0.0,75.5,54.0,4.1
2024-06-12 04:00:00,28.9,0.0,77.0,58.0,3.5
2024-06-12 05:00:00,29.2,0.0,78.6,71.0,4.3
2024-06-12 06:00:00,29.4,0.0,80.5,97.0,6.1
2024-06-12 07:00:00,29.3,0.0,81.0,75.0,5.1
2024-06-12 08:00:00,29.8,0.0,79.1,82.0,5.4
2024-06-12 09:00:00,29.8,0.0,77.5,139.0,6.6
2024-06-12 10:00:00,28.8,0.0,83.6,205.0,9.8
2024-06-12 11:00:00,26.0,0.4,89.6,52.0,5.4
2024-06-12 12:00:00,26.7,0.0,83.1,21.0,4.2
2024-06-12 13:00:00,29.3,0.0,76.3,339.0,3.9
2024-06-12 14:00:00,29.4,0.0,79.7,154.0,7.7
2024-06-12 15:00:00,29.1,0.0,76.9,132.0,5.4
2024-06-12 16:00:00,30.0,0.0,68.0,130.0,6.2
2024-06-12 17:00:00,30.5,0.0,70.8,166.0,5.5
2024-06-12 18:00:00,30.5,0.0,65.4,144.0,5.5
2024-06-12 19:00:00,30.3,0.0,66.1,139.0,6.9
2024-06-12 20:00:00,30.1,0.0,69.5,155.0,7.2
2024-06-12 21:00:00,30.1,0.0,71.1,144.0,5.6
2024-06-12 22:00:00,29.8,0.0,74.0,116.0,4.9
2024-06-12 23:00:00,29.7,0.0,78.0,91.0,5.6
2024-06-13 00:00:00,28.7,0.0,79.5,6.0,5.9
2024-06-13 01:00:00,28.7,0.0,81.1,72.0,3.7
2024-06-13 02:00:00,28.4,0.0,79.2,42.0,3.5
2024-06-13 03:00:00,28.3,0.0,81.4,35.0,3.4
2024-06-13 04:00:00,28.0,0.0,82.3,40.0,3.5
2024-06-13 05:00:00,27.9,0.0,83.0,45.0,3.2
2024-06-13 06:00:00,28.0,0.0,82.0,43.0,3.1
2024-06-13 07:00:00,28.0,0.0,82.4,47.0,4.1
2024-06-13 08:00:00,28.4,0.0,82.8,41.0,3.2
2024-06-13 09:00:00,30.0,0.0,74.2,142.0,4.6
2024-06-13 10:00:00,30.4,0.0,72.3,152.0,6.2
2024-06-13 11:00:00,30.7,0.0,71.4,156.0,7.6
2024-06-13 12:00:00,31.6,0.0,65.2,167.0,5.0
2024-06-13 13:00:00,31.5,0.0,65.2,150.0,6.3
2024-06-13 14:00:00,31.6,0.0,67.0,196.0,8.39999
2024-06-13 15:00:00,32.6,0.0,60.6,177.0,6.2
2024-06-13 16:00:00,31.5,0.0,62.0,183.0,6.2
2024-06-13 17:00:00,31.5,0.0,58.8,189.0,6.1
2024-06-13 18:00:00,31.4,0.0,65.4,170.0,5.2
2024-06-13 19:00:00,30.9,0.0,70.2,130.0,5.9
2024-06-13 20:00:00,30.9,0.0,67.7,152.0,7.3
2024-06-13 21:00:00,30.4,0.0,75.3,152.0,7.4
2024-06-13 22:00:00,30.4,0.0,74.1,107.0,5.9
2024-06-13 23:00:00,29.5,0.0,77.7,32.0,4.2
2024-06-14 00:00:00,29.4,0.0,78.0,36.0,3.8
2024-06-14 01:00:00,29.3,0.0,78.8,43.0,3.8
2024-06-14 02:00:00,29.7,0.0,76.6,135.0,7.4
2024-06-14 03:00:00,29.6,0.0,76.9,123.0,7.6
2024-06-14 04:00:00,29.4,0.0,77.3,78.0,5.7
2024-06-14 05:00:00,29.3,0.0,77.7,90.0,6.0
2024-06-14 06:00:00,29.2,0.0,79.0,90.0,6.0
2024-06-14 07:00:00,28.8,0.0,81.2,64.0,3.6
2024-06-14 08:00:00,29.3,0.0,80.0,57.0,3.1
2024-06-14 09:00:00,30.6,0.0,70.8,106.0,4.7
2024-06-14 10:00:00,30.7,0.0,67.9,152.0,5.9
2024-06-14 11:00:00,30.7,0.0,70.6,146.0,6.8
2024-06-14 12:00:00,31.6,0.0,66.1,188.0,6.0
2024-06-14 13:00:00,30.5,0.0,72.4,193.0,8.7
2024-06-14 14:00:00,30.6,0.0,71.3,174.0,6.2
2024-06-14 15:00:00,26.5,1.6,93.7,76.0,10.1
2024-06-14 16:00:00,26.7,0.2,84.9,128.0,8.10001
2024-06-14 17:00:00,28.3,0.0,79.3,18.0,4.0
2024-06-14 18:00:00,28.9,0.0,83.1,30.0,5.5
2024-06-14 19:00:00,28.5,0.0,85.1,43.0,2.6
2024-06-14 20:00:00,28.6,0.0,84.8,65.0,3.8
2024-06-14 21:00:00,27.8,0.0,86.6,51.0,3.8
2024-06-14 22:00:00,28.0,0.0,83.8,41.0,4.2
2024-06-14 23:00:00,28.3,0.0,83.6,53.0,2.7
2024-06-15 00:00:00,28.7,0.0,82.6,116.0,5.8
2024-06-15 01:00:00,28.7,0.0,85.2,147.0,5.0
2024-06-15 02:00:00,28.6,0.0,87.2,32.0,3.9
2024-06-15 03:00:00,28.2,0.0,87.7,38.0,3.8
2024-06-15 04:00:00,28.0,0.0,88.0,40.0,3.9
2024-06-15 05:00:00,28.8,0.0,83.6,168.0,3.4
2024-06-15 06:00:00,29.3,0.0,80.7,154.0,6.7
2024-06-15 07:00:00,29.3,0.0,80.2,146.0,8.3
2024-06-15 08:00:00,27.6,0.2,87.7,233.0,7.2
2024-06-15 09:00:00,26.7,0.4,94.4,96.0,4.8
2024-06-15 10:00:00,27.8,0.0,90.8,11.0,4.2
2024-06-15 11:00:00,30.2,0.0,75.0,198.0,6.4
2024-06-15 12:00:00,29.8,0.0,78.5,186.0,7.4
2024-06-15 13:00:00,29.9,0.0,78.5,194.0,5.2
2024-06-15 14:00:00,31.5,0.0,66.0,260.0,4.6
2024-06-15 15:00:00,30.6,0.0,72.7,202.0,7.8
2024-06-15 16:00:00,30.8,0.0,69.3,232.0,7.4
2024-06-15 17:00:00,30.5,0.0,72.5,281.0,6.5
2024-06-15 18:00:00,30.3,0.0,73.5,292.0,6.6
2024-06-15 19:00:00,30.1,0.0,74.1,275.0,5.8
2024-06-15 20:00:00,29.7,0.0,76.1,346.0,6.8
2024-06-15 21:00:00,29.7,0.0,74.0,357.0,6.0
2024-06-15 22:00:00,29.4,0.0,76.7,46.0,3.7
2024-06-15 23:00:00,29.4,0.0,77.5,20.0,4.1
2024-06-16 00:00:00,30.0,0.0,71.9,160.0,4.9
2024-06-16 01:00:00,29.4,0.0,80.7,152.0,8.10001
2024-06-16 02:00:00,28.7,0.0,84.3,144.0,8.60001
2024-06-16 03:00:00,24.2,2.8,93.9,267.0,12.3
2024-06-16 04:00:00,24.9,0.0,91.8,46.0,5.3
2024-06-16 05:00:00,25.4,0.0,92.1,31.0,3.3
2024-06-16 06:00:00,25.5,0.0,92.5,39.0,4.8
2024-06-16 07:00:00,25.5,0.0,89.6,55.0,4.0
2024-06-16 08:00:00,25.6,0.0,88.2,54.0,4.1
2024-06-16 09:00:00,26.7,0.0,86.2,70.0,3.5
2024-06-16 10:00:00,28.2,0.0,76.2,132.0,7.2
2024-06-16 11:00:00,28.7,0.0,77.7,157.0,6.1
2024-06-16 12:00:00,29.6,0.0,74.4,156.0,5.4
2024-06-16 13:00:00,29.9,0.0,72.2,190.0,6.1
2024-06-16 14:00:00,30.1,0.0,74.6,194.0,8.2
2024-06-16 15:00:00,30.1,0.0,75.5,188.0,7.4
2024-06-16 16:00:00,30.6,0.0,71.5,195.0,7.5
2024-06-16 17:00:00,30.4,0.0,73.3,194.0,6.6
2024-06-16 18:00:00,30.4,0.0,71.9,186.0,6.4
2024-06-16 19:00:00,30.4,0.0,71.6,177.0,7.0
2024-06-16 20:00:00,30.2,0.0,71.0,191.0,5.8
2024-06-16 21:00:00,30.2,0.0,72.4,175.0,5.6
2024-06-16 22:00:00,30.0,0.0,75.5,147.0,7.0
2024-06-16 23:00:00,29.9,0.0,77.3,155.0,7.0
2024-06-17 00:00:00,30.0,0.0,71.2,173.0,5.0
2024-06-17 01:00:00,29.9,0.0,72.0,152.0,7.0
2024-06-17 02:00:00,29.5,0.0,78.5,159.0,5.7
2024-06-17 03:00:00,29.5,0.0,78.0,152.0,7.7
2024-06-17 04:00:00,29.4,0.0,79.1,186.0,5.1
2024-06-17 05:00:00,25.0,2.8,96.7,340.0,7.5
2024-06-17 06:00:00,25.7,0.2,96.4,69.0,3.8
2024-06-17 07:00:00,26.2,0.0,92.1,12.0,3.8
2024-06-17 08:00:00,27.4,0.0,86.2,273.0,7.1
2024-06-17 09:00:00,27.8,0.0,80.1,322.0,8.7
2024-06-17 10:00:00,28.7,0.0,80.3,337.0,5.6
2024-06-17 11:00:00,29.5,0.0,73.8,272.0,7.6
2024-06-17 12:00:00,30.2,0.0,70.5,208.0,10.8
2024-06-17 13:00:00,30.7,0.0,67.7,211.0,12.1
2024-06-17 14:00:00,30.6,0.0,68.8,250.0,11.3
2024-06-17 15:00:00,30.9,0.0,62.4,230.0,11.4
2024-06-17 16:00:00,31.1,0.0,66.4,213.0,10.9
2024-06-17 17:00:00,26.6,0.0,85.7,213.0,12.3
2024-06-17 18:00:00,27.7,0.0,80.0,235.0,11.7
2024-06-17 19:00:00,28.0,0.0,76.5,221.0,9.3
2024-06-17 20:00:00,28.1,0.0,76.9,206.0,5.3
2024-06-17 21:00:00,28.7,0.0,74.4,180.0,5.3
2024-06-17 22:00:00,29.1,0.0,72.7,153.0,7.5
2024-06-17 23:00:00,29.1,0.0,74.0,152.0,5.5
2024-06-18 00:00:00,29.2,0.0,73.3,203.0,4.6
2024-06-18 01:00:00,28.4,0.0,78.6,4.0,5.6
2024-06-18 02:00:00,27.4,0.0,84.1,35.0,4.4
2024-06-18 03:00:00,27.7,0.0,82.6,31.0,3.1
2024-06-18 04:00:00,29.0,0.0,75.7,213.0,4.1
2024-06-18 05:00:00,27.9,0.0,83.4,49.0,3.1
2024-06-18 06:00:00,28.4,0.0,81.6,22.0,5.2
2024-06-18 07:00:00,27.8,0.0,84.7,33.0,3.6
2024-06-18 08:00:00,29.4,0.0,74.8,177.0,5.7
2024-06-18 09:00:00,29.8,0.0,72.5,186.0,7.4
2024-06-18 10:00:00,30.0,0.0,74.8,180.0,7.7
2024-06-18 11:00:00,30.3,0.0,73.2,193.0,8.2
2024-06-18 12:00:00,31.0,0.0,69.8,195.0,9.10001
2024-06-18 13:00:00,30.8,0.0,71.3,181.0,8.8
2024-06-18 14:00:00,31.1,0.0,66.8,152.0,7.8
2024-06-18 15:00:00,30.6,0.0,66.5,145.0,7.4
2024-06-18 16:00:00,31.1,0.0,64.6,151.0,5.0
2024-06-18 17:00:00,30.4,0.0,71.9,156.0,7.9
2024-06-18 18:00:00,30.3,0.0,69.3,155.0,7.2
2024-06-18 19:00:00,29.5,0.0,78.1,190.0,5.6
2024-06-18 20:00:00,30.0,0.0,73.2,144.0,7.2
2024-06-18 21:00:00,29.9,0.0,74.7,156.0,6.7
2024-06-18 22:00:00,29.9,0.0,75.0,181.0,4.6
2024-06-18 23:00:00,29.9,0.0,74.9,176.0,4.9
2024-06-19 00:00:00,28.7,0.0,79.5,25.0,3.7
2024-06-19 01:00:00,28.3,0.0,80.8,8.0,6.2
2024-06-19 02:00:00,28.2,0.0,83.3,65.0,3.4
2024-06-19 03:00:00,28.8,0.0,81.9,190.0,4.8
2024-06-19 04:00:00,28.7,0.0,73.0,155.0,7.8
2024-06-19 05:00:00,29.6,0.0,73.5,179.0,7.6
2024-06-19 06:00:00,29.3,0.0,77.5,180.0,8.39999
2024-06-19 07:00:00,28.1,0.0,85.0,129.0,9.3
2024-06-19 08:00:00,26.1,2.8,91.8,161.0,11.8
2024-06-19 09:00:00,28.2,0.0,80.0,149.0,4.6
2024-06-19 10:00:00,29.1,0.0,83.5,142.0,7.5
2024-06-19 11:00:00,29.5,0.0,78.1,188.0,6.9
2024-06-19 12:00:00,29.4,0.0,78.0,189.0,7.5
2024-06-19 13:00:00,29.4,0.0,78.0,189.0,9.5
2024-06-19 14:00:00,29.2,0.0,79.3,188.0,9.3
2024-06-19 15:00:00,29.3,0.0,77.4,187.0,9.5
2024-06-19 16:00:00,29.3,0.0,76.5,185.0,9.3
2024-06-19 17:00:00,29.5,0.0,76.3,186.0,8.60001
2024-06-19 18:00:00,29.6,0.0,77.2,192.0,11.0
2024-06-19 19:00:00,29.6,0.0,76.9,184.0,6.9
2024-06-19 20:00:00,29.9,0.0,72.7,166.0,4.5
2024-06-19 21:00:00,29.7,0.0,75.4,141.0,7.4
2024-06-19 22:00:00,29.7,0.0,72.7,144.0,7.4
2024-06-19 23:00:00,29.6,0.0,74.8,143.0,7.6
2024-06-20 00:00:00,29.5,0.0,77.5,141.0,4.4
2024-06-20 01:00:00,28.9,0.0,80.3,15.0,4.8
2024-06-20 02:00:00,28.9,0.0,78.3,43.0,3.3
2024-06-20 03:00:00,28.8,0.0,78.2,33.0,3.6
2024-06-20 04:00:00,28.4,0.0,79.7,10.0,4.2
2024-06-20 05:00:00,27.9,0.0,86.3,10.0,6.4
2024-06-20 06:00:00,28.1,0.0,81.2,207.0,5.6
2024-06-20 07:00:00,28.2,0.0,82.8,40.0,3.1
2024-06-20 08:00:00,28.7,0.0,79.3,184.0,3.9
2024-06-20 09:00:00,29.2,0.0,77.0,313.0,5.3
2024-06-20 10:00:00,28.9,0.0,80.9,353.0,5.7
2024-06-20 11:00:00,29.8,0.0,71.3,259.0,4.9
2024-06-20 12:00:00,30.7,0.0,73.2,179.0,8.0
2024-06-20 13:00:00,29.8,0.0,77.3,190.0,10.2
2024-06-20 14:00:00,31.0,0.0,68.5,185.0,7.9
2024-06-20 15:00:00,30.2,0.0,73.5,187.0,8.39999
2024-06-20 16:00:00,30.2,0.0,71.3,188.0,10.2
2024-06-20 17:00:00,30.6,0.0,67.6,190.0,8.39999
2024-06-20 18:00:00,30.4,0.0,66.7,188.0,8.3
2024-06-20 19:00:00,30.5,0.0,72.1,172.0,5.3
2024-06-20 20:00:00,28.6,0.0,74.8,144.0,8.8
2024-06-20 21:00:00,29.5,0.0,71.6,145.0,7.2
2024-06-20 22:00:00,29.6,0.0,75.5,167.0,7.0
2024-06-20 23:00:00,27.7,0.0,78.2,338.0,7.8
2024-06-21 00:00:00,27.6,0.0,82.4,18.0,5.0
2024-06-21 01:00:00,28.2,0.0,83.6,48.0,6.1
2024-06-21 02:00:00,28.9,0.0,81.9,220.0,6.9
2024-06-21 03:00:00,29.0,0.0,83.0,197.0,12.0
2024-06-21 04:00:00,28.7,0.0,82.6,196.0,11.6
2024-06-21 05:00:00,25.3,0.0,88.9,254.0,29.4
2024-06-21 06:00:00,23.4,1.0,91.9,241.0,16.2
2024-06-21 07:00:00,24.9,0.0,87.3,218.0,9.60001
2024-06-21 08:00:00,25.1,0.2,86.5,217.0,7.6
2024-06-21 09:00:00,26.4,0.0,86.2,212.0,11.2
2024-06-21 10:00:00,27.4,0.0,82.3,220.0,10.9
2024-06-21 11:00:00,28.1,0.0,78.2,211.0,7.2
2024-06-21 12:00:00,28.6,0.0,71.4,195.0,8.60001
2024-06-21 13:00:00,29.1,0.0,68.0,192.0,9.8
2024-06-21 14:00:00,29.2,0.0,66.2,188.0,8.3
2024-06-21 15:00:00,29.4,0.0,63.5,193.0,7.4
2024-06-21 16:00:00,29.6,0.0,66.9,208.0,6.6
2024-06-21 17:00:00,29.4,0.0,68.2,186.0,8.3
2024-06-21 18:00:00,29.3,0.0,70.5,160.0,6.2
2024-06-21 19:00:00,29.1,0.0,74.9,186.0,6.3
2024-06-21 20:00:00,28.9,0.0,77.3,144.0,9.60001
2024-06-21 21:00:00,29.0,0.0,79.1,152.0,6.7
2024-06-21 22:00:00,29.0,0.0,79.2,138.0,8.2
2024-06-21 23:00:00,28.9,0.0,80.1,125.0,9.3
2024-06-22 00:00:00,28.6,0.0,81.9,132.0,8.10001
2024-06-22 01:00:00,28.8,0.0,80.1,141.0,7.1
2024-06-22 02:00:00,28.8,0.0,80.3,143.0,7.2
2024-06-22 03:00:00,24.3,4.6,96.4,256.0,14.3
2024-06-22 04:00:00,24.0,0.6,99.3,252.0,13.8
2024-06-22 05:00:00,25.0,0.4,94.5,223.0,12.3
2024-06-22 06:00:00,25.2,0.0,91.0,223.0,12.3
2024-06-22 07:00:00,25.3,0.2,86.7,223.0,13.6
2024-06-22 08:00:00,26.3,0.0,80.8,208.0,14.3
2024-06-22 09:00:00,26.0,0.0,82.3,207.0,13.5
2024-06-22 10:00:00,25.6,0.0,87.9,191.0,6.5
2024-06-22 11:00:00,25.5,0.0,87.4,196.0,7.6
2024-06-22 12:00:00,26.2,0.0,83.3,185.0,7.1
2024-06-22 13:00:00,27.0,0.0,76.9,178.0,5.1
2024-06-22 14:00:00,28.2,0.0,68.2,198.0,4.1
2024-06-22 15:00:00,28.6,0.0,67.1,28.0,3.6
2024-06-22 16:00:00,29.4,0.0,56.4,163.0,6.3
2024-06-22 17:00:00,27.6,0.0,76.2,111.0,11.7
2024-06-22 18:00:00,27.5,0.0,77.5,129.0,9.8
2024-06-22 19:00:00,27.9,0.0,75.1,141.0,7.2
2024-06-22 20:00:00,28.4,0.0,67.5,144.0,9.60001
2024-06-22 21:00:00,28.4,0.0,71.9,152.0,6.6
2024-06-22 22:00:00,28.5,0.0,72.4,148.0,6.8
2024-06-22 23:00:00,28.7,0.0,74.6,137.0,9.2
2024-06-23 00:00:00,28.0,0.0,83.2,187.0,7.4
2024-06-23 01:00:00,27.8,0.0,85.3,194.0,4.3
2024-06-23 02:00:00,27.7,0.0,87.0,197.0,5.7
2024-06-23 03:00:00,27.6,0.0,86.9,194.0,4.8
2024-06-23 04:00:00,27.5,0.0,87.1,221.0,6.4
2024-06-23 05:00:00,27.7,0.0,85.9,220.0,6.2
2024-06-23 06:00:00,27.9,0.0,84.6,220.0,6.1
2024-06-23 07:00:00,28.0,0.0,84.4,199.0,4.7
2024-06-23 08:00:00,28.4,0.0,82.6,191.0,4.9
2024-06-23 09:00:00,28.6,0.0,85.1,190.0,5.8
2024-06-23 10:00:00,28.8,0.0,82.5,184.0,6.9
2024-06-23 11:00:00,29.1,0.0,81.0,161.0,7.7
2024-06-23 12:00:00,29.8,0.0,75.6,148.0,6.5
2024-06-23 13:00:00,29.8,0.0,75.4,151.0,6.9
2024-06-23 14:00:00,30.0,0.0,73.0,149.0,4.6
2024-06-23 15:00:00,31.0,0.0,67.3,147.0,5.3
2024-06-23 16:00:00,31.3,0.0,60.7,156.0,7.1
2024-06-23 17:00:00,31.1,0.0,62.3,157.0,7.9
2024-06-23 18:00:00,31.3,0.0,61.2,157.0,6.6
2024-06-23 19:00:00,30.2,0.0,70.8,153.0,8.89999
2024-06-23 20:00:00,29.9,0.0,70.0,155.0,7.7
2024-06-23 21:00:00,30.0,0.0,66.3,153.0,7.9
2024-06-23 22:00:00,29.8,0.0,68.8,158.0,7.9
2024-06-23 23:00:00,29.6,0.0,70.2,151.0,8.60001
2024-06-24 00:00:00,29.6,0.0,71.2,160.0,7.6
2024-06-24 01:00:00,29.4,0.0,76.0,135.0,7.1
2024-06-24 02:00:00,29.2,0.0,78.1,129.0,7.0
2024-06-24 03:00:00,29.2,0.0,76.9,156.0,7.8
2024-06-24 04:00:00,29.2,0.0,76.7,138.0,7.3
2024-06-24 05:00:00,29.2,0.0,76.6,157.0,7.8
2024-06-24 06:00:00,29.2,0.0,77.9,152.0,8.39999
2024-06-24 07:00:00,29.2,0.0,76.6,152.0,8.0
2024-06-24 08:00:00,29.3,0.0,76.6,152.0,7.3
2024-06-24 09:00:00,30.1,0.0,72.8,150.0,6.9
2024-06-24 10:00:00,30.6,0.0,70.2,190.0,5.6
2024-06-24 11:00:00,30.4,0.0,70.2,191.0,8.60001
2024-06-24 12:00:00,30.6,0.0,73.0,189.0,7.6
2024-06-24 13:00:00,30.6,0.0,74.6,190.0,8.7
2024-06-24 14:00:00,30.9,0.0,72.8,194.0,8.89999
2024-06-24 15:00:00,30.8,0.0,71.8,188.0,9.5
2024-06-24 16:00:00,31.4,0.0,67.1,189.0,8.3
2024-06-24 17:00:00,30.7,0.0,67.5,155.0,8.3
2024-06-24 18:00:00,30.5,0.0,70.5,160.0,7.3
2024-06-24 19:00:00,30.6,0.0,68.5,141.0,7.8
2024-06-24 20:00:00,30.3,0.0,69.3,95.0,5.2
2024-06-24 21:00:00,30.2,0.0,75.4,152.0,8.5
2024-06-24 22:00:00,30.0,0.0,76.6,140.0,7.2
2024-06-24 23:00:00,29.7,0.0,77.1,144.0,8.10001
2024-06-25 00:00:00,29.7,0.0,76.9,143.0,7.4
2024-06-25 01:00:00,29.7,0.0,77.0,143.0,10.0
2024-06-25 02:00:00,29.6,0.0,76.0,132.0,7.1
2024-06-25 03:00:00,29.3,0.0,78.5,122.0,6.7
2024-06-25 04:00:00,29.3,0.0,78.3,101.0,6.9
2024-06-25 05:00:00,29.2,0.0,80.2,96.0,6.0
2024-06-25 06:00:00,29.0,0.0,83.4,86.0,6.4
2024-06-25 07:00:00,29.2,0.0,81.2,152.0,8.3
2024-06-25 08:00:00,29.2,0.0,81.3,140.0,8.3
2024-06-25 09:00:00,29.4,0.0,79.6,146.0,7.9
2024-06-25 10:00:00,30.1,0.0,75.2,139.0,7.3
2024-06-25 11:00:00,30.5,0.0,76.7,162.0,6.8
2024-06-25 12:00:00,30.5,0.0,74.9,148.0,7.1
2024-06-25 13:00:00,31.2,0.0,73.2,164.0,6.9
2024-06-25 14:00:00,31.7,0.0,65.7,141.0,6.7
2024-06-25 15:00:00,32.3,0.0,65.8,159.0,7.2
2024-06-25 16:00:00,31.7,0.0,68.5,135.0,6.9
2024-06-25 17:00:00,31.0,0.0,71.8,110.0,7.9
2024-06-25 18:00:00,29.5,0.0,75.1,72.0,7.9
2024-06-25 19:00:00,29.7,0.0,77.6,94.0,6.5
2024-06-25 20:00:00,30.0,0.0,74.9,131.0,6.9
2024-06-25 21:00:00,29.9,0.0,75.3,97.0,6.1
2024-06-25 22:00:00,29.8,0.0,75.9,103.0,6.9
2024-06-25 23:00:00,29.8,0.0,73.5,105.0,7.7
2024-06-26 00:00:00,29.7,0.0,74.8,126.0,7.9
2024-06-26 01:00:00,29.5,0.0,73.9,133.0,7.5
2024-06-26 02:00:00,29.3,0.0,75.6,112.0,7.6
2024-06-26 03:00:00,29.2,0.0,76.8,118.0,7.2
2024-06-26 04:00:00,29.1,0.0,76.7,124.0,7.4
2024-06-26 05:00:00,29.1,0.0,77.1,105.0,7.4
2024-06-26 06:00:00,29.0,0.0,78.1,109.0,7.2
2024-06-26 07:00:00,28.9,0.0,77.4,86.0,6.4
2024-06-26 08:00:00,29.4,0.0,75.0,88.0,5.2
2024-06-26 09:00:00,30.1,0.0,73.2,98.0,7.8
2024-06-26 10:00:00,30.6,0.0,65.3,107.0,9.0
2024-06-26 11:00:00,30.6,0.0,68.4,119.0,7.1
2024-06-26 12:00:00,31.8,0.0,59.3,124.0,6.9
2024-06-26 13:00:00,33.4,0.0,52.3,70.0,3.6
2024-06-26 14:00:00,33.1,0.0,54.5,136.0,6.1
2024-06-26 15:00:00,32.9,0.0,52.7,110.0,7.7
2024-06-26 16:00:00,31.8,0.0,60.9,98.0,10.3
2024-06-26 17:00:00,31.6,0.0,62.0,97.0,9.0
2024-06-26 18:00:00,30.8,0.0,66.7,104.0,6.2
2024-06-26 19:00:00,26.1,0.0,92.8,344.0,8.10001
2024-06-26 20:00:00,26.5,0.2,85.8,31.0,2.6
2024-06-26 21:00:00,28.5,0.0,83.1,86.0,5.1
2024-06-26 22:00:00,28.7,0.0,82.5,98.0,5.6
2024-06-26 23:00:00,29.1,0.0,79.6,84.0,4.0
2024-06-27 00:00:00,28.4,0.0,87.0,1.0,5.1
2024-06-27 01:00:00,28.2,0.0,87.2,16.0,3.6
2024-06-27 02:00:00,28.1,0.0,87.0,42.0,3.6
2024-06-27 03:00:00,27.8,0.0,88.0,9.0,4.4
2024-06-27 04:00:00,28.1,0.0,85.5,85.0,4.8
2024-06-27 05:00:00,27.8,0.0,80.5,63.0,5.5
2024-06-27 06:00:00,27.5,0.0,88.9,21.0,5.3
2024-06-27 07:00:00,27.2,0.0,90.2,23.0,3.8
2024-06-27 08:00:00,27.8,0.0,87.1,29.0,3.6
2024-06-27 09:00:00,28.3,0.0,84.9,39.0,4.5
2024-06-27 10:00:00,28.8,0.0,82.9,54.0,4.0
2024-06-27 11:00:00,29.6,0.0,76.2,122.0,7.2
2024-06-27 12:00:00,30.2,0.0,71.0,111.0,8.0
2024-06-27 13:00:00,30.7,0.0,68.5,111.0,8.0
2024-06-27 14:00:00,30.9,0.0,66.7,96.0,7.7
2024-06-27 15:00:00,30.5,0.0,67.6,112.0,9.5
2024-06-27 16:00:00,30.6,0.0,63.7,106.0,9.89999
2024-06-27 17:00:00,30.7,0.0,63.5,111.0,8.0
2024-06-27 18:00:00,30.4,0.0,68.0,81.0,6.1
2024-06-27 19:00:00,30.1,0.0,66.8,78.0,6.2
2024-06-27 20:00:00,29.8,0.0,70.4,139.0,7.7
2024-06-27 21:00:00,29.5,0.0,72.7,99.0,7.2
2024-06-27 22:00:00,29.2,0.0,75.1,66.0,5.0
2024-06-27 23:00:00,29.0,0.0,77.1,70.0,4.4
2024-06-28 00:00:00,28.8,0.0,78.5,56.0,3.9
2024-06-28 01:00:00,28.9,0.0,77.2,66.0,4.2
2024-06-28 02:00:00,28.9,0.0,73.5,50.0,3.2
2024-06-28 03:00:00,28.7,0.0,74.9,46.0,3.4
2024-06-28 04:00:00,28.3,0.0,76.3,66.0,4.8
2024-06-28 05:00:00,28.3,0.0,76.6,54.0,3.7
2024-06-28 06:00:00,28.4,0.0,76.0,66.0,3.8
2024-06-28 07:00:00,28.3,0.0,78.3,67.0,4.2
2024-06-28 08:00:00,28.8,0.0,75.3,43.0,3.4
2024-06-28 09:00:00,30.2,0.0,70.5,69.0,4.4
2024-06-28 10:00:00,30.5,0.0,68.0,3.0,3.8
2024-06-28 11:00:00,29.9,0.0,77.8,138.0,10.6
2024-06-28 12:00:00,31.0,0.0,71.3,142.0,7.2
2024-06-28 13:00:00,31.5,0.0,60.5,141.0,9.2
2024-06-28 14:00:00,29.3,0.0,68.0,279.0,7.2
2024-06-28 15:00:00,31.1,0.0,62.7,193.0,4.3
2024-06-28 16:00:00,28.8,0.0,73.6,43.0,4.7
2024-06-28 17:00:00,29.2,0.0,73.6,147.0,8.39999
2024-06-28 18:00:00,30.0,0.0,68.6,87.0,5.4
2024-06-28 19:00:00,29.6,0.0,76.3,159.0,5.7
2024-06-28 20:00:00,29.8,0.0,72.4,44.0,4.0
2024-06-28 21:00:00,29.4,0.0,75.5,36.0,4.6
2024-06-28 22:00:00,29.4,0.0,76.0,39.0,3.4
2024-06-28 23:00:00,29.2,0.0,76.6,36.0,3.7
2024-06-29 00:00:00,28.2,0.0,79.6,358.0,7.4
2024-06-29 01:00:00,28.2,0.0,79.7,34.0,3.6
2024-06-29 02:00:00,28.1,0.0,81.7,105.0,6.0
2024-06-29 03:00:00,28.1,0.0,83.3,24.0,6.5
2024-06-29 04:00:00,28.0,0.0,84.0,22.0,3.7
2024-06-29 05:00:00,27.6,0.0,86.2,30.0,6.9
2024-06-29 06:00:00,28.1,0.0,86.8,235.0,4.1
2024-06-29 07:00:00,27.6,0.0,88.9,34.0,3.2
2024-06-29 08:00:00,27.3,0.0,80.1,228.0,7.7
2024-06-29 09:00:00,27.4,0.0,88.2,38.0,6.5
2024-06-29 10:00:00,27.9,0.0,85.7,194.0,5.3
2024-06-29 11:00:00,27.5,0.2,87.2,181.0,5.3
2024-06-29 12:00:00,27.5,0.0,81.6,156.0,5.3
2024-06-29 13:00:00,29.1,0.0,71.5,192.0,8.3
2024-06-29 14:00:00,29.4,0.0,71.9,202.0,6.2
2024-06-29 15:00:00,29.4,0.0,77.0,194.0,8.7
2024-06-29 16:00:00,30.0,0.0,76.5,185.0,5.8
2024-06-29 17:00:00,30.1,0.0,73.7,151.0,5.5
2024-06-29 18:00:00,30.1,0.0,70.6,158.0,5.1
2024-06-29 19:00:00,30.1,0.0,68.2,126.0,6.4
2024-06-29 20:00:00,29.9,0.0,71.4,100.0,5.7
2024-06-29 21:00:00,29.7,0.0,70.6,108.0,7.2
2024-06-29 22:00:00,29.6,0.0,71.5,112.0,9.0
2024-06-29 23:00:00,29.4,0.0,71.7,90.0,6.3
2024-06-30 00:00:00,29.2,0.0,74.6,98.0,6.4
2024-06-30 01:00:00,28.9,0.0,77.4,49.0,3.4
2024-06-30 02:00:00,29.0,0.0,77.4,63.0,3.9
2024-06-30 03:00:00,29.1,0.0,76.1,104.0,6.6
2024-06-30 04:00:00,28.8,0.0,79.1,64.0,4.6
2024-06-30 05:00:00,28.7,0.0,80.8,60.0,3.6
2024-06-30 06:00:00,28.8,0.0,80.6,82.0,5.7
2024-06-30 07:00:00,27.2,0.0,83.9,125.0,9.39999
2024-06-30 08:00:00,26.8,0.0,84.6,219.0,8.39999
2024-06-30 09:00:00,25.9,0.0,80.4,227.0,18.8
2024-06-30 10:00:00,24.9,1.0,94.1,209.0,18.3
2024-06-30 11:00:00,24.5,0.6,97.9,239.0,7.0
2024-06-30 12:00:00,24.7,0.6,90.4,206.0,6.4
2024-06-30 13:00:00,25.1,0.0,88.7,206.0,6.4
2024-06-30 14:00:00,25.9,0.0,80.9,214.0,7.3
2024-06-30 15:00:00,26.6,0.0,80.0,229.0,7.2
2024-06-30 16:00:00,27.3,0.0,76.5,187.0,5.2
2024-06-30 17:00:00,27.5,0.0,78.7,213.0,4.1
2024-06-30 18:00:00,27.5,0.0,77.9,185.0,4.6
2024-06-30 19:00:00,26.8,0.0,86.8,10.0,4.5
2024-06-30 20:00:00,27.3,0.0,81.9,215.0,5.9
2024-06-30 21:00:00,27.6,0.0,81.1,186.0,4.7
2024-06-30 22:00:00,27.6,0.0,81.9,206.0,3.4
2024-06-30 23:00:00,26.6,0.0,89.2,34.0,8.10001
2024-07-01 00:00:00,26.5,0.0,89.6,35.0,7.8
2024-07-01 01:00:00,26.6,0.0,88.3,7.0,6.8
2024-07-01 02:00:00,26.5,0.0,88.8,351.0,5.8
2024-07-01 03:00:00,26.4,0.0,89.4,2.0,4.3
2024-07-01 04:00:00,26.3,0.0,89.2,26.0,4.3
2024-07-01 05:00:00,26.3,0.0,89.9,4.0,4.6
2024-07-01 06:00:00,26.4,0.0,88.2,12.0,4.5
2024-07-01 07:00:00,26.5,0.0,87.0,30.0,3.5
2024-07-01 08:00:00,26.6,0.0,86.4,27.0,3.9
2024-07-01 09:00:00,27.6,0.0,83.7,40.0,3.2
2024-07-01 10:00:00,29.2,0.0,77.0,355.0,4.0
2024-07-01 11:00:00,29.8,0.0,73.1,13.0,2.7
2024-07-01 12:00:00,29.9,0.0,73.0,169.0,5.7
2024-07-01 13:00:00,29.9,0.0,71.3,157.0,7.9
2024-07-01 14:00:00,29.5,0.0,71.5,40.0,4.9
2024-07-01 15:00:00,31.0,0.0,64.5,195.0,4.0
2024-07-01 16:00:00,30.2,0.0,72.2,153.0,6.1
2024-07-01 17:00:00,28.0,0.0,75.6,307.0,11.8
2024-07-01 18:00:00,25.5,0.0,96.8,56.0,4.3
2024-07-01 19:00:00,26.4,0.0,85.7,53.0,5.0
2024-07-01 20:00:00,27.0,0.0,88.4,207.0,2.7
2024-07-01 21:00:00,28.1,0.0,82.4,87.0,3.6
2024-07-01 22:00:00,28.1,0.0,82.3,90.0,5.7
2024-07-01 23:00:00,28.4,0.0,83.7,91.0,5.7
2024-07-02 00:00:00,28.4,0.0,80.9,81.0,5.3
2024-07-02 01:00:00,28.5,0.0,80.8,87.0,6.6
2024-07-02 02:00:00,28.5,0.0,84.0,150.0,7.8
2024-07-02 03:00:00,28.7,0.0,82.1,162.0,6.7
2024-07-02 04:00:00,28.6,0.0,81.9,140.0,7.7
2024-07-02 05:00:00,28.5,0.0,82.7,113.0,5.9
2024-07-02 06:00:00,28.4,0.0,83.1,67.0,4.4
2024-07-02 07:00:00,28.2,0.0,86.0,72.0,3.5
2024-07-02 08:00:00,27.9,0.0,88.7,68.0,7.9
2024-07-02 09:00:00,27.6,0.0,91.7,46.0,4.9
2024-07-02 10:00:00,27.8,0.0,91.0,315.0,5.5
2024-07-02 11:00:00,27.8,0.0,98.8,,
2024-07-02 12:00:00,28.9,0.0,75.6,184.0,5.7
2024-07-02 13:00:00,29.9,0.0,67.7,178.0,5.4
2024-07-02 14:00:00,30.2,0.0,71.5,184.0,5.9
2024-07-02 15:00:00,30.4,0.0,74.7,183.0,6.6
2024-07-02 16:00:00,30.5,0.0,68.6,185.0,8.39999
2024-07-02 17:00:00,30.7,0.0,66.9,191.0,5.9
2024-07-02 18:00:00,30.3,0.0,73.2,211.0,6.0
2024-07-02 19:00:00,30.2,0.0,73.3,176.0,5.4
2024-07-02 20:00:00,30.0,0.0,76.2,179.0,5.3
2024-07-02 21:00:00,30.0,0.0,73.7,160.0,8.2
2024-07-02 22:00:00,29.7,0.0,74.7,153.0,7.3
2024-07-02 23:00:00,29.4,0.0,81.0,160.0,7.6
2024-07-03 00:00:00,29.3,0.0,80.2,145.0,6.7
2024-07-03 01:00:00,29.1,0.0,79.4,93.0,6.1
2024-07-03 02:00:00,28.9,0.0,83.3,91.0,6.6
2024-07-03 03:00:00,29.0,0.0,84.5,155.0,7.4
2024-07-03 04:00:00,29.1,0.0,79.9,148.0,7.1
2024-07-03 05:00:00,29.0,0.0,84.4,147.0,7.6
2024-07-03 06:00:00,29.1,0.0,81.2,160.0,7.7
2024-07-03 07:00:00,29.1,0.0,80.1,163.0,6.9
2024-07-03 08:00:00,29.4,0.0,78.7,146.0,5.0
2024-07-03 09:00:00,30.1,0.0,74.9,147.0,6.1
2024-07-03 10:00:00,30.0,0.0,75.8,175.0,5.9
2024-07-03 11:00:00,30.7,0.0,73.6,141.0,4.9
2024-07-03 12:00:00,31.0,0.0,71.7,135.0,6.7
2024-07-03 13:00:00,28.5,0.0,67.4,326.0,6.8
2024-07-03 14:00:00,29.2,0.0,72.5,203.0,5.9
2024-07-03 15:00:00,29.7,0.0,73.3,183.0,5.0
2024-07-03 16:00:00,29.7,0.0,75.6,217.0,3.7
2024-07-03 17:00:00,30.3,0.0,67.9,142.0,6.8
2024-07-03 18:00:00,30.7,0.0,65.7,145.0,5.1
2024-07-03 19:00:00,30.1,0.0,77.5,153.0,8.7
2024-07-03 20:00:00,30.0,0.0,78.6,144.0,9.10001
2024-07-03 21:00:00,29.5,0.0,82.2,128.0,10.1
2024-07-03 22:00:00,29.1,0.0,79.1,95.0,9.39999
2024-07-03 23:00:00,29.2,0.0,78.2,106.0,10.6
2024-07-04 00:00:00,29.4,0.0,73.5,119.0,10.9
2024-07-04 01:00:00,29.2,0.0,77.8,127.0,10.5
2024-07-04 02:00:00,28.9,0.0,84.1,123.0,8.7
2024-07-04 03:00:00,28.3,0.0,77.2,138.0,7.5
2024-07-04 04:00:00,28.7,0.0,71.5,150.0,8.60001
2024-07-04 05:00:00,28.7,0.0,72.3,151.0,9.39999
2024-07-04 06:00:00,28.6,0.0,77.5,142.0,10.5
2024-07-04 07:00:00,28.3,0.0,76.1,133.0,11.2
2024-07-04 08:00:00,28.3,0.0,75.0,145.0,10.5
2024-07-04 09:00:00,28.9,0.0,72.3,152.0,10.0
2024-07-04 10:00:00,29.4,0.0,72.5,149.0,6.5
2024-07-04 11:00:00,29.1,0.0,73.6,211.0,6.8
2024-07-04 12:00:00,29.6,0.0,73.2,177.0,6.2
2024-07-04 13:00:00,29.6,0.0,71.3,199.0,7.4
2024-07-04 14:00:00,29.6,0.0,71.7,189.0,10.0
2024-07-04 15:00:00,30.6,0.0,68.3,199.0,7.4
2024-07-04 16:00:00,30.7,0.0,66.0,199.0,8.39999
2024-07-04 17:00:00,30.5,0.0,64.5,185.0,7.7
2024-07-04 18:00:00,30.2,0.0,67.3,190.0,8.0
2024-07-04 19:00:00,29.7,0.0,69.5,195.0,8.39999
2024-07-04 20:00:00,30.1,0.0,69.2,202.0,6.3
2024-07-04 21:00:00,30.2,0.0,69.2,173.0,6.2
2024-07-04 22:00:00,30.1,0.0,71.0,175.0,6.6
2024-07-04 23:00:00,29.7,0.0,73.7,179.0,7.4
2024-07-05 00:00:00,29.7,0.0,73.6,154.0,6.7
2024-07-05 01:00:00,29.5,0.0,75.6,160.0,7.2
2024-07-05 02:00:00,29.1,0.0,78.7,86.0,6.4
2024-07-05 03:00:00,28.7,0.0,82.9,74.0,4.6
2024-07-05 04:00:00,28.9,0.0,80.3,75.0,3.7
2024-07-05 05:00:00,28.6,0.0,80.3,38.0,3.9
2024-07-05 06:00:00,28.5,0.0,81.4,56.0,4.1
2024-07-05 07:00:00,28.3,0.0,84.1,32.0,3.6
2024-07-05 08:00:00,28.9,0.0,81.1,21.0,3.3
2024-07-05 09:00:00,28.8,0.0,77.1,73.0,4.7
2024-07-05 10:00:00,24.6,0.0,86.2,96.0,8.7
2024-07-05 11:00:00,25.3,0.0,86.0,34.0,6.1
2024-07-05 12:00:00,27.8,0.0,77.7,184.0,4.8
2024-07-05 13:00:00,28.9,0.0,73.3,203.0,5.2
2024-07-05 14:00:00,30.3,0.0,66.6,189.0,5.1
2024-07-05 15:00:00,30.9,0.0,64.6,168.0,4.2
2024-07-05 16:00:00,30.6,0.0,64.2,186.0,6.0
2024-07-05 17:00:00,30.5,0.0,65.0,187.0,7.1
2024-07-05 18:00:00,30.2,0.0,68.3,187.0,5.8
2024-07-05 19:00:00,30.3,0.0,64.2,171.0,5.1
2024-07-05 20:00:00,30.2,0.0,62.3,74.0,5.3
2024-07-05 21:00:00,30.0,0.0,65.5,41.0,3.1
2024-07-05 22:00:00,29.5,0.0,72.3,331.0,9.10001
2024-07-05 23:00:00,29.0,0.0,76.2,349.0,6.8
2024-07-06 00:00:00,28.8,0.0,79.1,28.0,4.6
2024-07-06 01:00:00,28.2,0.0,84.2,342.0,8.5
2024-07-06 02:00:00,28.2,0.0,81.6,339.0,8.8
2024-07-06 03:00:00,28.0,0.0,81.2,19.0,4.6
2024-07-06 04:00:00,27.7,0.0,81.3,36.0,3.8
2024-07-06 05:00:00,27.7,0.0,82.1,19.0,4.4
2024-07-06 06:00:00,27.4,0.0,83.2,339.0,8.7
2024-07-06 07:00:00,27.0,0.0,81.9,9.0,5.9
2024-07-06 08:00:00,27.4,0.0,79.0,352.0,8.2
2024-07-06 09:00:00,27.8,0.0,78.4,294.0,9.39999
2024-07-06 10:00:00,28.3,0.0,77.9,328.0,5.3
2024-07-06 11:00:00,28.8,0.0,76.7,321.0,5.1
2024-07-06 12:00:00,29.3,0.0,74.5,195.0,4.5
2024-07-06 13:00:00,30.2,0.0,64.2,277.0,5.9
2024-07-06 14:00:00,29.5,0.0,70.2,187.0,7.1
2024-07-06 15:00:00,29.5,0.0,72.2,177.0,7.3
2024-07-06 16:00:00,29.3,0.0,77.4,183.0,7.7
2024-07-06 17:00:00,29.8,0.0,76.2,186.0,6.7
2024-07-06 18:00:00,29.2,0.0,78.5,179.0,8.10001
2024-07-06 19:00:00,29.3,0.0,77.2,182.0,7.1
2024-07-06 20:00:00,29.2,0.0,77.1,183.0,7.1
2024-07-06 21:00:00,28.9,0.0,81.0,160.0,8.0
2024-07-06 22:00:00,28.9,0.0,80.7,155.0,8.5
2024-07-06 23:00:00,28.8,0.0,81.0,165.0,8.3
2024-07-07 00:00:00,28.7,0.0,82.4,137.0,4.9
2024-07-07 01:00:00,28.8,0.0,81.5,164.0,4.1
2024-07-07 02:00:00,28.7,0.0,79.1,146.0,6.0
2024-07-07 03:00:00,28.8,0.0,78.1,142.0,6.2
2024-07-07 04:00:00,28.8,0.0,78.8,140.0,6.2
2024-07-07 05:00:00,28.7,0.0,78.2,175.0,4.4
2024-07-07 06:00:00,28.7,0.0,78.1,153.0,5.5
2024-07-07 07:00:00,25.9,0.0,86.8,149.0,7.1
2024-07-07 08:00:00,25.7,1.4,99.2,219.0,7.3
2024-07-07 09:00:00,25.8,0.0,93.5,24.0,6.3
2024-07-07 10:00:00,27.1,0.0,87.5,31.0,6.3
2024-07-07 11:00:00,28.1,0.0,85.1,232.0,5.7
2024-07-07 12:00:00,26.5,0.0,84.8,324.0,7.6
2024-07-07 13:00:00,27.7,0.0,79.6,147.0,3.7
2024-07-07 14:00:00,28.6,0.0,74.8,187.0,8.3
2024-07-07 15:00:00,28.7,0.0,76.6,180.0,8.0
2024-07-07 16:00:00,29.2,0.0,73.3,179.0,9.10001
2024-07-07 17:00:00,29.5,0.0,68.5,177.0,7.0
2024-07-07 18:00:00,29.7,0.0,70.7,163.0,7.5
2024-07-07 19:00:00,28.7,0.0,82.0,119.0,10.7
2024-07-07 20:00:00,28.6,0.0,78.9,88.0,6.3
2024-07-07 21:00:00,28.4,0.0,79.7,96.0,6.1
2024-07-07 22:00:00,28.2,0.0,83.6,63.0,4.9
2024-07-07 23:00:00,28.4,0.0,81.6,73.0,3.3
2024-07-08 00:00:00,28.7,0.0,79.2,103.0,6.2
2024-07-08 01:00:00,28.6,0.0,79.6,147.0,6.5
2024-07-08 02:00:00,28.5,0.0,76.3,105.0,5.2
2024-07-08 03:00:00,28.6,0.0,77.4,138.0,7.7
2024-07-08 04:00:00,28.4,0.0,81.7,132.0,7.5
2024-07-08 05:00:00,28.1,0.0,83.7,70.0,4.2
2024-07-08 06:00:00,27.6,0.0,88.3,262.0,4.7
2024-07-08 07:00:00,27.4,0.0,88.9,16.0,7.1
2024-07-08 08:00:00,27.6,0.0,88.1,37.0,3.8
2024-07-08 09:00:00,26.6,0.0,86.5,270.0,14.3
2024-07-08 10:00:00,26.3,0.0,88.8,331.0,6.4
2024-07-08 11:00:00,26.0,0.4,88.6,244.0,10.4
2024-07-08 12:00:00,26.5,0.0,85.8,318.0,4.9
2024-07-08 13:00:00,26.9,0.0,86.5,280.0,8.39999
2024-07-08 14:00:00,27.1,0.0,89.0,245.0,10.7
2024-07-08 15:00:00,27.3,0.0,83.1,226.0,10.0
2024-07-08 16:00:00,26.2,0.2,86.0,188.0,8.60001
2024-07-08 17:00:00,26.1,0.0,86.1,197.0,7.5
2024-07-08 18:00:00,26.9,0.0,81.1,183.0,6.1
2024-07-08 19:00:00,27.2,0.0,77.8,176.0,7.2
2024-07-08 20:00:00,27.1,0.0,81.1,145.0,4.5
2024-07-08 21:00:00,27.3,0.0,79.5,115.0,6.2
2024-07-08 22:00:00,27.1,0.0,82.0,35.0,4.0
2024-07-08 23:00:00,27.4,0.0,81.7,67.0,3.5
2024-07-09 00:00:00,27.6,0.0,80.5,162.0,4.2
2024-07-09 01:00:00,27.0,0.0,84.1,65.0,3.3
2024-07-09 02:00:00,27.3,0.0,83.1,76.0,4.4
2024-07-09 03:00:00,27.3,0.0,83.4,74.0,3.4
2024-07-09 04:00:00,27.7,0.0,79.8,114.0,7.6
2024-07-09 05:00:00,27.7,0.0,79.1,81.0,5.4
2024-07-09 06:00:00,28.1,0.0,75.3,65.0,3.7
2024-07-09 07:00:00,28.1,0.0,73.4,78.0,6.5
2024-07-09 08:00:00,28.3,0.0,74.6,98.0,5.4
2024-07-09 09:00:00,28.9,0.0,75.5,146.0,8.5
2024-07-09 10:00:00,29.5,0.0,77.8,141.0,5.7
2024-07-09 11:00:00,29.3,0.0,78.0,147.0,7.7
2024-07-09 12:00:00,28.1,0.4,87.2,129.0,9.8
2024-07-09 13:00:00,28.5,0.0,84.7,129.0,9.0
2024-07-09 14:00:00,28.2,0.0,81.3,122.0,12.4
2024-07-09 15:00:00,27.6,0.0,83.6,125.0,11.8
2024-07-09 16:00:00,28.4,0.0,76.3,128.0,9.89999
2024-07-09 17:00:00,28.7,0.0,72.9,138.0,8.60001
2024-07-09 18:00:00,28.8,0.0,75.9,135.0,7.9
2024-07-09 19:00:00,29.0,0.0,73.4,137.0,8.5
2024-07-09 20:00:00,28.5,0.0,74.5,128.0,9.5
2024-07-09 21:00:00,28.3,0.0,76.5,123.0,9.5
2024-07-09 22:00:00,28.4,0.0,74.6,123.0,8.8
2024-07-09 23:00:00,28.4,0.0,73.4,142.0,8.10001
2024-07-10 00:00:00,28.3,0.0,76.8,132.0,8.0
2024-07-10 01:00:00,28.0,0.0,77.3,75.0,4.6
2024-07-10 02:00:00,27.9,0.0,79.0,81.0,5.1
2024-07-10 03:00:00,28.2,0.0,80.2,151.0,5.2
2024-07-10 04:00:00,27.9,0.0,85.1,186.0,7.6
2024-07-10 05:00:00,27.8,0.0,85.1,190.0,6.6
2024-07-10 06:00:00,27.7,0.0,85.5,191.0,5.9
2024-07-10 07:00:00,27.7,0.0,85.3,158.0,4.0
2024-07-10 08:00:00,27.8,0.0,85.3,199.0,6.1
2024-07-10 09:00:00,28.2,0.0,84.5,202.0,6.7
2024-07-10 10:00:00,28.8,0.0,83.4,185.0,6.7
2024-07-10 11:00:00,28.9,0.0,76.4,152.0,7.3
2024-07-10 12:00:00,28.2,0.0,79.9,152.0,7.1
2024-07-10 13:00:00,28.8,0.0,78.6,186.0,7.2
2024-07-10 14:00:00,29.2,0.0,81.3,201.0,11.1
2024-07-10 15:00:00,29.1,0.0,72.3,191.0,9.8
2024-07-10 16:00:00,29.1,0.0,77.4,203.0,10.7
2024-07-10 17:00:00,30.1,0.0,72.0,199.0,9.8
2024-07-10 18:00:00,29.2,0.0,71.8,195.0,10.9
2024-07-10 19:00:00,29.4,0.0,70.9,195.0,8.5
2024-07-10 20:00:00,29.0,0.0,78.7,66.0,5.9
2024-07-10 21:00:00,28.7,0.0,79.8,23.0,5.3
2024-07-10 22:00:00,28.9,0.0,79.4,186.0,6.2
2024-07-10 23:00:00,28.9,0.0,79.6,179.0,6.1
2024-07-11 00:00:00,29.0,0.0,78.1,179.0,5.6
2024-07-11 01:00:00,29.0,0.0,78.3,170.0,5.2
2024-07-11 02:00:00,29.0,0.0,75.0,186.0,6.4
2024-07-11 03:00:00,28.9,0.0,75.2,170.0,5.7
2024-07-11 04:00:00,28.9,0.0,74.8,171.0,6.6
2024-07-11 05:00:00,28.2,0.0,83.6,176.0,7.0
2024-07-11 06:00:00,28.1,0.0,84.5,200.0,12.8
2024-07-11 07:00:00,28.0,0.0,83.5,188.0,9.0
2024-07-11 08:00:00,28.1,0.0,83.3,182.0,7.6
2024-07-11 09:00:00,28.5,0.0,79.1,188.0,9.8
2024-07-11 10:00:00,28.7,0.0,80.3,186.0,9.2
2024-07-11 11:00:00,28.7,0.0,79.2,190.0,12.0
2024-07-11 12:00:00,29.0,0.0,74.8,190.0,14.9
2024-07-11 13:00:00,29.2,0.0,76.0,190.0,12.9
2024-07-11 14:00:00,30.3,0.0,69.0,185.0,8.39999
2024-07-11 15:00:00,30.5,0.0,63.3,142.0,7.8
2024-07-11 16:00:00,30.4,0.0,61.8,162.0,10.6
2024-07-11 17:00:00,30.7,0.0,60.9,168.0,6.9
2024-07-11 18:00:00,30.2,0.0,63.0,156.0,8.0
2024-07-11 19:00:00,30.2,0.0,64.3,150.0,8.7
2024-07-11 20:00:00,30.3,0.0,58.5,152.0,8.0
2024-07-11 21:00:00,29.6,0.0,72.1,143.0,9.60001
2024-07-11 22:00:00,29.1,0.0,77.1,135.0,11.4
2024-07-11 23:00:00,29.1,0.0,78.1,139.0,9.89999
2024-07-12 00:00:00,29.3,0.0,77.2,144.0,9.7
2024-07-12 01:00:00,29.5,0.0,75.2,150.0,8.60001
2024-07-12 02:00:00,29.1,0.0,77.5,134.0,10.2
2024-07-12 03:00:00,29.0,0.0,78.6,114.0,8.3
2024-07-12 04:00:00,28.8,0.0,79.7,123.0,8.60001
2024-07-12 05:00:00,28.6,0.0,81.4,129.0,9.10001
2024-07-12 06:00:00,28.7,0.0,78.5,120.0,7.1
2024-07-12 07:00:00,28.8,0.0,76.4,114.0,8.0
2024-07-12 08:00:00,29.0,0.0,77.6,120.0,7.2
2024-07-12 09:00:00,29.2,0.0,76.8,139.0,7.6
2024-07-12 10:00:00,29.7,0.0,71.3,150.0,6.0
2024-07-12 11:00:00,29.9,0.0,71.4,149.0,5.5
2024-07-12 12:00:00,30.0,0.0,71.3,158.0,5.7
2024-07-12 13:00:00,30.1,0.0,73.5,188.0,7.0
2024-07-12 14:00:00,29.8,0.0,72.3,209.0,7.0
2024-07-12 15:00:00,28.9,0.0,69.0,281.0,6.2
2024-07-12 16:00:00,27.2,0.0,79.0,167.0,7.8
2024-07-12 17:00:00,27.0,0.0,81.3,181.0,4.4
2024-07-12 18:00:00,26.6,0.0,84.7,3.0,4.9
2024-07-12 19:00:00,26.4,0.0,87.5,24.0,4.5
2024-07-12 20:00:00,26.4,0.0,88.9,65.0,4.9
2024-07-12 21:00:00,26.9,0.0,88.2,75.0,5.1
2024-07-12 22:00:00,26.7,0.0,85.8,71.0,6.1
2024-07-12 23:00:00,27.0,0.0,86.5,74.0,6.4
2024-07-13 00:00:00,27.3,0.0,84.9,100.0,10.5
2024-07-13 01:00:00,27.1,0.0,82.0,86.0,5.4
2024-07-13 02:00:00,27.2,0.0,80.9,83.0,5.7
2024-07-13 03:00:00,27.4,0.0,79.1,94.0,7.6
2024-07-13 04:00:00,27.8,0.0,77.8,92.0,7.2
2024-07-13 05:00:00,27.8,0.0,80.0,82.0,6.2
2024-07-13 06:00:00,28.0,0.0,80.1,112.0,9.2
2024-07-13 07:00:00,28.3,0.0,80.3,119.0,8.8
2024-07-13 08:00:00,28.5,0.0,80.7,137.0,8.0
2024-07-13 09:00:00,29.3,0.0,76.4,138.0,7.7
2024-07-13 10:00:00,29.5,0.0,74.3,130.0,9.10001
2024-07-13 11:00:00,30.1,0.0,72.0,124.0,8.5
2024-07-13 12:00:00,30.7,0.0,67.2,144.0,6.6
2024-07-13 13:00:00,30.7,0.0,67.7,143.0,8.7
2024-07-13 14:00:00,31.1,0.0,65.1,138.0,9.5
2024-07-13 15:00:00,30.6,0.0,73.0,153.0,8.89999
2024-07-13 16:00:00,31.2,0.0,63.3,145.0,7.7
2024-07-13 17:00:00,30.7,0.0,64.5,129.0,10.0
2024-07-13 18:00:00,30.8,0.0,66.8,152.0,7.4
2024-07-13 19:00:00,30.1,0.0,71.4,126.0,11.6
2024-07-13 20:00:00,29.9,0.0,71.1,126.0,12.2
2024-07-13 21:00:00,29.9,0.0,71.4,139.0,9.0
2024-07-13 22:00:00,29.7,0.0,71.8,100.0,8.60001
2024-07-13 23:00:00,29.5,0.0,71.7,110.0,9.7
2024-07-14 00:00:00,29.5,0.0,73.1,126.0,8.8
2024-07-14 01:00:00,29.2,0.0,74.1,113.0,8.39999
2024-07-14 02:00:00,29.2,0.0,72.8,130.0,9.89999
2024-07-14 03:00:00,29.0,0.0,76.3,129.0,9.8
2024-07-14 04:00:00,29.0,0.0,76.6,134.0,10.0
2024-07-14 05:00:00,29.0,0.0,76.2,132.0,8.89999
2024-07-14 06:00:00,29.0,0.0,76.5,119.0,8.8
2024-07-14 07:00:00,28.9,0.0,78.9,130.0,10.2
2024-07-14 08:00:00,26.3,1.4,93.2,116.0,9.60001
2024-07-14 09:00:00,28.6,0.0,79.5,122.0,12.1
2024-07-14 10:00:00,29.3,0.0,76.6,140.0,9.10001
2024-07-14 11:00:00,30.0,0.0,72.5,141.0,6.2
2024-07-14 12:00:00,31.1,0.0,63.2,136.0,6.6
2024-07-14 13:00:00,31.2,0.0,60.5,148.0,6.1
2024-07-14 14:00:00,30.5,0.0,62.7,149.0,7.7
2024-07-14 15:00:00,30.9,0.0,63.1,157.0,5.4
2024-07-14 16:00:00,31.7,0.0,60.7,165.0,6.3
2024-07-14 17:00:00,29.3,0.0,68.3,139.0,10.7
2024-07-14 18:00:00,29.7,0.0,63.2,143.0,9.5
2024-07-14 19:00:00,29.7,0.0,65.3,143.0,9.3
2024-07-14 20:00:00,29.5,0.0,69.0,137.0,9.8
2024-07-14 21:00:00,29.6,0.0,69.7,138.0,8.89999
2024-07-14 22:00:00,29.6,0.0,69.4,145.0,7.9
2024-07-14 23:00:00,29.3,0.0,72.5,134.0,9.0
2024-07-15 00:00:00,29.0,0.0,75.2,80.0,5.0
2024-07-15 01:00:00,29.1,0.0,72.8,104.0,7.9
2024-07-15 02:00:00,29.0,0.0,73.6,109.0,8.10001
2024-07-15 03:00:00,28.9,0.0,72.2,111.0,8.5
2024-07-15 04:00:00,29.1,0.0,66.5,126.0,9.0
2024-07-15 05:00:00,28.9,0.0,71.1,129.0,9.89999
2024-07-15 06:00:00,28.8,0.0,72.3,132.0,9.39999
2024-07-15 07:00:00,28.7,0.0,74.6,134.0,9.60001
2024-07-15 08:00:00,28.9,0.0,76.1,139.0,8.8
2024-07-15 09:00:00,29.4,0.0,75.1,136.0,8.0
2024-07-15 10:00:00,30.3,0.0,68.5,134.0,7.2
2024-07-15 11:00:00,30.1,0.0,71.2,140.0,8.39999
2024-07-15 12:00:00,30.7,0.0,69.6,151.0,6.4
2024-07-15 13:00:00,31.2,0.0,65.1,157.0,5.5
2024-07-15 14:00:00,31.5,0.0,60.8,172.0,6.7
2024-07-15 15:00:00,31.4,0.0,57.4,142.0,5.8
2024-07-15 16:00:00,31.3,0.0,55.5,146.0,7.0
2024-07-15 17:00:00,30.9,0.0,62.1,144.0,8.7
2024-07-15 18:00:00,30.4,0.0,65.2,136.0,10.3
2024-07-15 19:00:00,30.3,0.0,66.7,138.0,9.3
2024-07-15 20:00:00,29.8,0.0,74.1,128.0,9.89999
2024-07-15 21:00:00,29.5,0.0,72.2,129.0,11.4
2024-07-15 22:00:00,29.6,0.0,72.6,134.0,9.39999
2024-07-15 23:00:00,29.4,0.0,74.7,129.0,10.2
2024-07-16 00:00:00,29.3,0.0,73.6,134.0,10.1
2024-07-16 01:00:00,29.2,0.0,73.9,137.0,9.8
2024-07-16 02:00:00,28.9,0.0,77.0,117.0,9.10001
2024-07-16 03:00:00,28.6,0.0,79.0,124.0,10.6
2024-07-16 04:00:00,28.6,0.0,80.4,119.0,8.89999
2024-07-16 05:00:00,28.6,0.0,79.8,107.0,8.7
2024-07-16 06:00:00,28.7,0.0,79.1,124.0,8.8
2024-07-16 07:00:00,28.8,0.0,76.3,129.0,10.2
2024-07-16 08:00:00,29.2,0.0,72.8,138.0,9.0
2024-07-16 09:00:00,29.3,0.0,75.6,134.0,9.0
2024-07-16 10:00:00,29.9,0.0,67.4,141.0,9.3
2024-07-16 11:00:00,30.6,0.0,65.7,150.0,5.9
2024-07-16 12:00:00,30.7,0.0,64.2,144.0,5.4
2024-07-16 13:00:00,30.6,0.0,59.9,145.0,9.0
2024-07-16 14:00:00,31.9,0.0,58.8,161.0,8.0
2024-07-16 15:00:00,30.6,0.0,64.6,136.0,9.39999
2024-07-16 16:00:00,31.3,0.0,59.6,146.0,7.1
2024-07-16 17:00:00,31.3,0.0,61.6,143.0,7.9
2024-07-16 18:00:00,30.0,0.0,66.3,125.0,10.6
2024-07-16 19:00:00,29.8,0.0,69.5,129.0,10.0
2024-07-16 20:00:00,29.6,0.0,70.5,128.0,10.4
2024-07-16 21:00:00,29.3,0.0,74.8,133.0,9.0
2024-07-16 22:00:00,29.4,0.0,75.4,135.0,7.9
2024-07-16 23:00:00,29.4,0.0,75.9,131.0,8.5
2024-07-17 00:00:00,29.5,0.0,73.7,116.0,9.3
2024-07-17 01:00:00,29.2,0.0,75.6,129.0,7.8
2024-07-17 02:00:00,29.2,0.0,71.5,115.0,8.7
2024-07-17 03:00:00,28.9,0.0,75.5,122.0,10.8
2024-07-17 04:00:00,28.6,0.0,80.4,122.0,11.0
2024-07-17 05:00:00,28.6,0.0,80.5,119.0,10.1
2024-07-17 06:00:00,28.6,0.0,81.2,119.0,9.2
2024-07-17 07:00:00,28.6,0.0,80.7,124.0,7.6
2024-07-17 08:00:00,29.0,0.0,79.6,133.0,8.60001
2024-07-17 09:00:00,29.2,0.0,75.8,129.0,9.8
2024-07-17 10:00:00,30.1,0.0,71.8,126.0,5.3
2024-07-17 11:00:00,31.0,0.0,69.9,137.0,5.8
2024-07-17 12:00:00,29.6,0.0,77.6,159.0,8.0
2024-07-17 13:00:00,30.0,0.0,75.2,186.0,8.60001
2024-07-17 14:00:00,29.5,0.0,77.5,157.0,6.6
2024-07-17 15:00:00,30.8,0.0,64.2,131.0,5.1
2024-07-17 16:00:00,30.6,0.0,68.6,128.0,7.2
2024-07-17 17:00:00,30.7,0.0,68.7,138.0,5.7
2024-07-17 18:00:00,30.8,0.0,64.7,130.0,5.2
2024-07-17 19:00:00,30.2,0.0,70.0,134.0,4.5
2024-07-17 20:00:00,29.9,0.0,68.6,120.0,5.7
2024-07-17 21:00:00,29.8,0.0,69.2,129.0,4.6
2024-07-17 22:00:00,29.7,0.0,71.8,125.0,4.9
2024-07-17 23:00:00,29.4,0.0,75.0,112.0,5.8
2024-07-18 00:00:00,29.6,0.0,71.2,117.0,5.0
2024-07-18 01:00:00,29.3,0.0,76.1,125.0,7.3
2024-07-18 02:00:00,29.3,0.0,76.2,122.0,6.7
2024-07-18 03:00:00,29.1,0.0,79.6,102.0,3.8
2024-07-18 04:00:00,29.0,0.0,78.3,116.0,4.6
2024-07-18 05:00:00,28.8,0.0,80.7,128.0,3.5
2024-07-18 06:00:00,28.8,0.0,80.0,103.0,2.9
2024-07-18 07:00:00,28.6,0.0,82.3,117.0,4.2
2024-07-18 08:00:00,29.1,0.0,81.1,118.0,5.2
2024-07-18 09:00:00,29.6,0.0,76.4,122.0,5.8
2024-07-18 10:00:00,28.9,0.0,78.6,115.0,7.8
2024-07-18 11:00:00,29.5,0.0,73.4,124.0,7.0
2024-07-18 12:00:00,31.0,0.0,66.4,149.0,5.1
2024-07-18 13:00:00,30.8,0.0,71.0,178.0,7.3
2024-07-18 14:00:00,31.1,0.0,67.7,171.0,9.60001
2024-07-18 15:00:00,31.8,0.0,65.2,125.0,6.7
2024-07-18 16:00:00,31.7,0.0,64.6,119.0,6.4
2024-07-18 17:00:00,31.2,0.0,65.6,124.0,8.8
2024-07-18 18:00:00,31.2,0.0,66.0,121.0,6.3
2024-07-18 19:00:00,30.7,0.0,66.9,111.0,7.7
2024-07-18 20:00:00,30.3,0.0,70.0,114.0,6.8
2024-07-18 21:00:00,30.0,0.0,72.5,111.0,7.0
2024-07-18 22:00:00,30.0,0.0,73.9,90.0,6.0
2024-07-18 23:00:00,29.8,0.0,73.7,91.0,5.6
2024-07-19 00:00:00,29.6,0.0,74.3,99.0,6.7
2024-07-19 01:00:00,29.2,0.0,79.5,96.0,8.2
2024-07-19 02:00:00,29.1,0.0,79.6,98.0,6.5
2024-07-19 03:00:00,29.1,0.0,79.2,99.0,5.3
2024-07-19 04:00:00,28.9,0.0,79.5,97.0,6.3
2024-07-19 05:00:00,29.1,0.0,79.6,93.0,5.0
2024-07-19 06:00:00,29.1,0.0,78.9,82.0,4.7
2024-07-19 07:00:00,29.0,0.0,78.2,100.0,6.6
2024-07-19 08:00:00,29.1,0.0,77.7,97.0,6.7
2024-07-19 09:00:00,29.5,0.0,77.3,106.0,6.7
2024-07-19 10:00:00,29.8,0.0,75.8,112.0,5.3
2024-07-19 11:00:00,29.9,0.0,75.0,127.0,5.1
2024-07-19 12:00:00,30.6,0.0,72.9,133.0,6.6
2024-07-19 13:00:00,30.8,0.0,64.8,134.0,5.0
2024-07-19 14:00:00,31.4,0.0,64.3,147.0,5.9
2024-07-19 15:00:00,31.6,0.0,62.4,119.0,7.1
2024-07-19 16:00:00,31.4,0.0,62.6,123.0,6.6
2024-07-19 17:00:00,31.0,0.0,64.6,127.0,7.5
2024-07-19 18:00:00,31.0,0.0,68.3,135.0,5.4
2024-07-19 19:00:00,30.4,0.0,68.2,123.0,5.7
2024-07-19 20:00:00,30.1,0.0,72.1,119.0,5.5
2024-07-19 21:00:00,30.0,0.0,73.0,115.0,6.9
2024-07-19 22:00:00,29.8,0.0,71.9,103.0,5.7
2024-07-19 23:00:00,29.6,0.0,69.9,101.0,8.0
2024-07-20 00:00:00,29.5,0.0,70.1,98.0,6.8
2024-07-20 01:00:00,29.4,0.0,71.3,92.0,6.8
2024-07-20 02:00:00,29.1,0.0,73.7,98.0,6.1
2024-07-20 03:00:00,29.1,0.0,74.6,98.0,6.0
2024-07-20 04:00:00,29.1,0.0,76.6,105.0,4.7
2024-07-20 05:00:00,28.8,0.0,79.3,101.0,6.0
2024-07-20 06:00:00,28.9,0.0,79.9,109.0,6.5
2024-07-20 07:00:00,29.0,0.0,80.1,112.0,4.6
2024-07-20 08:00:00,29.1,0.0,79.5,129.0,5.5
2024-07-20 09:00:00,29.3,0.0,77.7,118.0,5.4
2024-07-20 10:00:00,29.9,0.0,75.8,121.0,6.2
2024-07-20 11:00:00,30.1,0.0,75.3,126.0,7.3
2024-07-20 12:00:00,31.8,0.0,63.8,123.0,5.8
2024-07-20 13:00:00,31.3,0.0,64.5,121.0,7.9
2024-07-20 14:00:00,32.3,0.0,60.6,117.0,5.0
2024-07-20 15:00:00,32.4,0.0,58.5,163.0,5.0
2024-07-20 16:00:00,31.7,0.0,63.0,110.0,8.0
2024-07-20 17:00:00,31.9,0.0,58.4,120.0,6.2
2024-07-20 18:00:00,31.4,0.0,61.6,120.0,6.4
2024-07-20 19:00:00,30.7,0.0,66.9,122.0,6.3
2024-07-20 20:00:00,30.1,0.0,72.8,121.0,6.3
2024-07-20 21:00:00,30.0,0.0,73.1,116.0,6.3
2024-07-20 22:00:00,30.0,0.0,71.2,116.0,6.4
2024-07-20 23:00:00,30.0,0.0,72.0,91.0,6.8
2024-07-21 00:00:00,29.7,0.0,73.6,96.0,5.8
2024-07-21 01:00:00,29.4,0.0,76.6,109.0,5.6
2024-07-21 02:00:00,29.3,0.0,78.8,92.0,5.9
2024-07-21 03:00:00,29.1,0.0,79.7,95.0,6.2
2024-07-21 04:00:00,29.0,0.0,79.6,110.0,7.2
2024-07-21 05:00:00,29.0,0.0,79.2,90.0,7.2
2024-07-21 06:00:00,29.0,0.0,79.5,106.0,6.0
2024-07-21 07:00:00,29.1,0.0,80.1,110.0,6.5
2024-07-21 08:00:00,29.2,0.0,78.3,117.0,6.0
2024-07-21 09:00:00,29.6,0.0,76.6,113.0,7.1
2024-07-21 10:00:00,29.7,0.0,77.0,133.0,6.4
2024-07-21 11:00:00,30.2,0.0,72.3,129.0,7.0
2024-07-21 12:00:00,31.4,0.0,61.0,129.0,8.89999
2024-07-21 13:00:00,31.5,0.0,63.0,114.0,7.5
2024-07-21 14:00:00,31.4,0.0,63.6,122.0,7.5
2024-07-21 15:00:00,31.4,0.0,62.0,117.0,6.9
2024-07-21 16:00:00,31.2,0.0,63.9,107.0,8.8
2024-07-21 17:00:00,30.9,0.0,65.7,116.0,8.0
2024-07-21 18:00:00,30.5,0.0,68.2,123.0,6.3
2024-07-21 19:00:00,30.3,0.0,68.3,117.0,5.7
2024-07-21 20:00:00,30.1,0.0,70.0,115.0,6.7
2024-07-21 21:00:00,30.0,0.0,71.6,109.0,6.8
2024-07-21 22:00:00,29.8,0.0,73.7,116.0,7.7
2024-07-21 23:00:00,29.6,0.0,75.8,83.0,6.5
2024-07-22 00:00:00,29.5,0.0,76.3,91.0,5.5
2024-07-22 01:00:00,29.3,0.0,77.6,98.0,6.6
2024-07-22 02:00:00,29.2,0.0,77.4,112.0,5.5
2024-07-22 03:00:00,29.1,0.0,78.7,92.0,6.5
2024-07-22 04:00:00,29.0,0.0,80.8,109.0,4.8
2024-07-22 05:00:00,28.8,0.0,82.7,84.0,5.5
2024-07-22 06:00:00,29.1,0.0,79.6,98.0,5.5
2024-07-22 07:00:00,29.1,0.0,79.7,109.0,5.8
2024-07-22 08:00:00,29.1,0.0,82.6,108.0,7.7
2024-07-22 09:00:00,29.4,0.0,80.8,109.0,5.8
2024-07-22 10:00:00,30.2,0.0,77.1,112.0,6.4
2024-07-22 11:00:00,30.8,0.0,71.9,110.0,9.2
2024-07-22 12:00:00,30.8,0.0,72.5,120.0,7.1
2024-07-22 13:00:00,30.7,0.0,73.4,111.0,9.2
2024-07-22 14:00:00,31.0,0.0,68.2,108.0,8.7
2024-07-22 15:00:00,31.3,0.0,67.3,116.0,7.1
2024-07-22 16:00:00,31.6,0.0,63.9,109.0,7.4
2024-07-22 17:00:00,31.8,0.0,64.5,132.0,7.0
2024-07-22 18:00:00,31.6,0.0,62.0,122.0,7.7
2024-07-22 19:00:00,30.8,0.0,67.7,118.0,7.0
2024-07-22 20:00:00,30.4,0.0,70.1,121.0,7.2
2024-07-22 21:00:00,30.1,0.0,74.7,119.0,5.3
2024-07-22 22:00:00,29.8,0.0,76.9,91.0,6.2
2024-07-22 23:00:00,29.6,0.0,78.6,89.0,5.6
2024-07-23 00:00:00,29.4,0.0,78.6,91.0,6.0
2024-07-23 01:00:00,29.2,0.0,81.3,93.0,5.8
2024-07-23 02:00:00,29.1,0.0,82.5,106.0,3.9
2024-07-23 03:00:00,28.9,0.0,82.8,87.0,4.5
2024-07-23 04:00:00,29.0,0.0,83.0,78.0,4.4
2024-07-23 05:00:00,29.0,0.0,81.8,76.0,4.6
2024-07-23 06:00:00,29.0,0.0,81.4,89.0,4.2
2024-07-23 07:00:00,29.0,0.0,82.2,94.0,5.1
2024-07-23 08:00:00,29.2,0.0,80.7,101.0,6.2
2024-07-23 09:00:00,29.5,0.0,79.4,117.0,5.9
2024-07-23 10:00:00,29.7,0.0,79.2,92.0,6.9
2024-07-23 11:00:00,31.0,0.0,72.0,111.0,5.4
2024-07-23 12:00:00,30.2,0.0,76.2,115.0,11.3
2024-07-23 13:00:00,30.7,0.0,73.7,123.0,5.5
2024-07-23 14:00:00,32.3,0.0,67.8,146.0,5.4
2024-07-23 15:00:00,32.4,0.0,66.0,178.0,5.3
2024-07-23 16:00:00,32.2,0.0,67.8,172.0,6.7
2024-07-23 17:00:00,31.5,0.0,67.3,162.0,5.8
2024-07-23 18:00:00,31.2,0.0,69.5,127.0,5.3
2024-07-23 19:00:00,30.6,0.0,71.2,121.0,5.7
2024-07-23 20:00:00,30.0,0.0,74.1,112.0,7.7
2024-07-23 21:00:00,29.7,0.0,77.6,113.0,6.8
2024-07-23 22:00:00,29.6,0.0,78.7,113.0,7.1
2024-07-23 23:00:00,29.5,0.0,77.2,97.0,6.0
2024-07-24 00:00:00,29.3,0.0,78.2,98.0,7.1
2024-07-24 01:00:00,29.2,0.0,75.7,85.0,6.6
2024-07-24 02:00:00,29.2,0.0,76.3,88.0,6.6
2024-07-24 03:00:00,29.0,0.0,77.3,102.0,6.1
2024-07-24 04:00:00,28.9,0.0,80.1,113.0,4.1
2024-07-24 05:00:00,28.9,0.0,81.5,123.0,4.5
2024-07-24 06:00:00,29.0,0.0,80.2,103.0,4.0
2024-07-24 07:00:00,28.8,0.0,80.8,94.0,3.9
2024-07-24 08:00:00,29.1,0.0,80.8,103.0,3.3
2024-07-24 09:00:00,29.5,0.0,77.5,133.0,5.0
2024-07-24 10:00:00,29.8,0.0,76.0,133.0,5.5
2024-07-24 11:00:00,30.5,0.0,72.5,139.0,5.0
2024-07-24 12:00:00,31.1,0.0,70.1,180.0,7.0
2024-07-24 13:00:00,31.3,0.0,68.4,149.0,6.2
2024-07-24 14:00:00,31.4,0.0,69.1,154.0,8.2
2024-07-24 15:00:00,32.5,0.0,64.5,137.0,4.5
2024-07-24 16:00:00,32.3,0.0,62.7,132.0,5.1
2024-07-24 17:00:00,31.6,0.0,67.2,138.0,6.5
2024-07-24 18:00:00,31.0,0.0,67.3,124.0,6.4
2024-07-24 19:00:00,30.4,0.0,67.0,125.0,5.6
2024-07-24 20:00:00,30.0,0.0,69.3,111.0,6.9
2024-07-24 21:00:00,29.9,0.0,68.5,115.0,6.3
2024-07-24 22:00:00,30.1,0.0,68.7,115.0,4.6
2024-07-24 23:00:00,29.6,0.0,71.3,84.0,5.9
2024-07-25 00:00:00,29.6,0.0,68.9,72.0,5.2
2024-07-25 01:00:00,29.5,0.0,69.1,88.0,6.1
2024-07-25 02:00:00,29.2,0.0,72.5,87.0,5.0
2024-07-25 03:00:00,29.2,0.0,72.7,102.0,3.6
2024-07-25 04:00:00,29.0,0.0,74.0,85.0,6.2
2024-07-25 05:00:00,28.9,0.0,75.6,83.0,4.9
2024-07-25 06:00:00,28.7,0.0,77.3,108.0,6.9
2024-07-25 07:00:00,28.7,0.0,78.6,87.0,5.0
2024-07-25 08:00:00,29.0,0.0,78.4,99.0,5.8
2024-07-25 09:00:00,29.4,0.0,75.6,102.0,6.6
2024-07-25 10:00:00,30.1,0.0,73.8,123.0,5.4
2024-07-25 11:00:00,30.3,0.0,69.0,127.0,7.2
2024-07-25 12:00:00,31.0,0.0,65.1,125.0,6.6
2024-07-25 13:00:00,31.6,0.0,58.2,139.0,5.1
2024-07-25 14:00:00,31.3,0.0,58.6,145.0,7.0
2024-07-25 15:00:00,31.6,0.0,57.2,144.0,5.6
2024-07-25 16:00:00,31.8,0.0,56.0,126.0,6.2
2024-07-25 17:00:00,32.3,0.0,53.5,139.0,4.9
2024-07-25 18:00:00,31.4,0.0,59.6,131.0,6.0
2024-07-25 19:00:00,30.7,0.0,62.8,116.0,6.8
2024-07-25 20:00:00,30.4,0.0,65.9,125.0,5.3
2024-07-25 21:00:00,30.2,0.0,68.2,111.0,6.4
2024-07-25 22:00:00,29.8,0.0,68.9,91.0,6.7
2024-07-25 23:00:00,29.4,0.0,73.1,92.0,6.8
2024-07-26 00:00:00,29.5,0.0,70.1,95.0,4.9
2024-07-26 01:00:00,29.3,0.0,70.7,82.0,5.7
2024-07-26 02:00:00,29.1,0.0,72.3,89.0,7.8
2024-07-26 03:00:00,28.9,0.0,75.5,95.0,7.2
2024-07-26 04:00:00,28.8,0.0,76.8,98.0,8.3
2024-07-26 05:00:00,28.7,0.0,76.2,98.0,7.3
2024-07-26 06:00:00,28.6,0.0,76.2,96.0,8.2
2024-07-26 07:00:00,28.6,0.0,77.3,98.0,8.8
2024-07-26 08:00:00,28.8,0.0,76.8,95.0,9.2
2024-07-26 09:00:00,29.6,0.0,75.1,110.0,5.9
2024-07-26 10:00:00,29.7,0.0,74.8,112.0,8.2
2024-07-26 11:00:00,30.3,0.0,69.3,134.0,8.2
2024-07-26 12:00:00,30.5,0.0,67.0,108.0,8.3
2024-07-26 13:00:00,31.5,0.0,63.4,146.0,5.4
2024-07-26 14:00:00,31.4,0.0,62.4,150.0,7.0
2024-07-26 15:00:00,32.4,0.0,55.5,150.0,5.6
2024-07-26 16:00:00,31.6,0.0,64.0,138.0,7.8
2024-07-26 17:00:00,31.9,0.0,58.3,129.0,6.4
2024-07-26 18:00:00,31.3,0.0,58.7,112.0,8.7
2024-07-26 19:00:00,31.0,0.0,59.6,112.0,8.2
2024-07-26 20:00:00,30.6,0.0,63.5,112.0,7.3
2024-07-26 21:00:00,30.2,0.0,68.3,114.0,8.10001
2024-07-26 22:00:00,29.7,0.0,73.1,94.0,8.8
2024-07-26 23:00:00,29.4,0.0,73.5,98.0,8.8
2024-07-27 00:00:00,29.2,0.0,76.3,101.0,8.0
2024-07-27 01:00:00,28.9,0.0,78.4,97.0,7.7
2024-07-27 02:00:00,28.9,0.0,79.6,99.0,5.7
2024-07-27 03:00:00,28.6,0.0,77.8,88.0,8.10001
2024-07-27 04:00:00,28.8,0.0,74.9,107.0,6.6
2024-07-27 05:00:00,28.8,0.0,74.8,96.0,8.10001
2024-07-27 06:00:00,28.9,0.0,77.5,105.0,5.3
2024-07-27 07:00:00,28.9,0.0,78.4,114.0,4.1
2024-07-27 08:00:00,29.0,0.0,77.9,105.0,5.9
2024-07-27 09:00:00,29.5,0.0,75.6,111.0,5.9
2024-07-27 10:00:00,30.0,0.0,72.4,129.0,6.7
2024-07-27 11:00:00,30.7,0.0,66.0,124.0,8.7
2024-07-27 12:00:00,31.2,0.0,63.0,127.0,7.6
2024-07-27 13:00:00,31.7,0.0,56.0,119.0,10.1
2024-07-27 14:00:00,31.7,0.0,58.2,114.0,9.0
2024-07-27 15:00:00,32.4,0.0,56.2,168.0,7.1
2024-07-27 16:00:00,32.7,0.0,54.4,177.0,5.8
2024-07-27 17:00:00,31.6,0.0,60.5,137.0,7.5
2024-07-27 18:00:00,31.4,0.0,60.4,138.0,8.89999
2024-07-27 19:00:00,30.9,0.0,63.0,123.0,6.7
2024-07-27 20:00:00,30.3,0.0,68.7,118.0,6.4
2024-07-27 21:00:00,30.0,0.0,72.5,129.0,5.1
2024-07-27 22:00:00,29.7,0.0,74.7,87.0,7.9
2024-07-27 23:00:00,29.7,0.0,73.1,91.0,7.9
2024-07-28 00:00:00,29.5,0.0,73.2,95.0,6.4
2024-07-28 01:00:00,29.0,0.0,74.7,95.0,8.2
2024-07-28 02:00:00,29.1,0.0,76.2,93.0,6.4
2024-07-28 03:00:00,29.0,0.0,75.4,102.0,6.2
2024-07-28 04:00:00,29.0,0.0,74.6,88.0,4.9
2024-07-28 05:00:00,28.9,0.0,75.4,85.0,7.9
2024-07-28 06:00:00,28.9,0.0,77.1,103.0,6.6
2024-07-28 07:00:00,28.9,0.0,78.6,100.0,6.6
2024-07-28 08:00:00,29.1,0.0,76.9,104.0,7.1
2024-07-28 09:00:00,29.5,0.0,76.0,109.0,7.7
2024-07-28 10:00:00,30.4,0.0,69.2,121.0,7.0
2024-07-28 11:00:00,30.8,0.0,66.3,120.0,6.3
2024-07-28 12:00:00,31.2,0.0,62.1,135.0,7.7
2024-07-28 13:00:00,31.8,0.0,57.5,134.0,6.6
2024-07-28 14:00:00,31.6,0.0,59.5,114.0,7.8
2024-07-28 15:00:00,32.8,0.0,56.0,151.0,5.2
2024-07-28 16:00:00,32.0,0.0,57.1,121.0,6.7
2024-07-28 17:00:00,32.2,0.0,55.2,118.0,7.6
2024-07-28 18:00:00,31.3,0.0,57.6,115.0,9.2
2024-07-28 19:00:00,30.9,0.0,62.2,116.0,7.7
2024-07-28 20:00:00,30.6,0.0,64.5,104.0,9.39999
2024-07-28 21:00:00,29.8,0.0,72.5,99.0,9.0
2024-07-28 22:00:00,29.7,0.0,72.7,90.0,9.3
2024-07-28 23:00:00,29.6,0.0,73.3,92.0,7.3
2024-07-29 00:00:00,29.5,0.0,72.7,98.0,6.9
2024-07-29 01:00:00,29.3,0.0,73.5,95.0,8.60001
2024-07-29 02:00:00,29.2,0.0,73.8,94.0,6.7
2024-07-29 03:00:00,28.9,0.0,75.8,87.0,7.4
2024-07-29 04:00:00,28.9,0.0,77.1,88.0,7.2
2024-07-29 05:00:00,28.8,0.0,78.4,110.0,6.6
2024-07-29 06:00:00,28.8,0.0,78.8,97.0,7.0
2024-07-29 07:00:00,29.0,0.0,78.4,94.0,6.3
2024-07-29 08:00:00,29.2,0.0,76.3,95.0,6.1
2024-07-29 09:00:00,29.7,0.0,73.8,115.0,6.1
2024-07-29 10:00:00,29.9,0.0,74.1,102.0,6.4
2024-07-29 11:00:00,30.5,0.0,67.3,108.0,10.1
2024-07-29 12:00:00,31.1,0.0,64.3,113.0,10.1
2024-07-29 13:00:00,31.6,0.0,59.6,108.0,8.0
2024-07-29 14:00:00,31.4,0.0,64.4,143.0,7.0
2024-07-29 15:00:00,32.2,0.0,58.4,124.0,7.2
2024-07-29 16:00:00,32.3,0.0,58.2,126.0,6.0
2024-07-29 17:00:00,32.2,0.0,56.6,157.0,6.7
2024-07-29 18:00:00,31.5,0.0,62.3,127.0,5.6
2024-07-29 19:00:00,29.6,0.0,75.1,160.0,5.8
2024-07-29 20:00:00,29.9,0.0,73.5,113.0,6.6
2024-07-29 21:00:00,30.0,0.0,73.7,83.0,6.3
2024-07-29 22:00:00,29.8,0.0,72.5,87.0,6.8
2024-07-29 23:00:00,29.8,0.0,70.3,100.0,7.5
2024-07-30 00:00:00,29.5,0.0,69.5,97.0,7.8
2024-07-30 01:00:00,29.2,0.0,73.0,93.0,7.0
2024-07-30 02:00:00,28.9,0.0,77.0,79.0,6.1
2024-07-30 03:00:00,28.9,0.0,76.4,96.0,6.0
2024-07-30 04:00:00,28.8,0.0,78.2,93.0,4.9
2024-07-30 05:00:00,28.7,0.0,78.4,116.0,7.1
2024-07-30 06:00:00,28.8,0.0,77.5,92.0,6.0
2024-07-30 07:00:00,28.8,0.0,78.2,98.0,5.9
2024-07-30 08:00:00,29.0,0.0,76.6,93.0,7.7
2024-07-30 09:00:00,29.5,0.0,74.1,103.0,8.39999
2024-07-30 10:00:00,30.1,0.0,71.1,103.0,7.4
2024-07-30 11:00:00,30.5,0.0,69.6,111.0,7.6
2024-07-30 12:00:00,31.1,0.0,66.8,108.0,8.5
2024-07-30 13:00:00,31.9,0.0,61.7,140.0,5.8
2024-07-30 14:00:00,32.5,0.0,60.7,134.0,5.3
2024-07-30 15:00:00,32.2,0.0,61.2,145.0,6.9
2024-07-30 16:00:00,32.1,0.0,62.5,111.0,7.4
2024-07-30 17:00:00,32.0,0.0,60.8,117.0,5.4
2024-07-30 18:00:00,31.3,0.0,64.5,114.0,9.89999
2024-07-30 19:00:00,30.6,0.0,74.4,119.0,9.2
2024-07-30 20:00:00,30.3,0.0,74.5,83.0,7.6
2024-07-30 21:00:00,29.7,0.0,74.9,78.0,7.9
2024-07-30 22:00:00,29.7,0.0,74.1,74.0,6.5
2024-07-30 23:00:00,29.6,0.0,73.5,72.0,5.8
2024-07-31 00:00:00,29.3,0.0,75.4,82.0,7.5
2024-07-31 01:00:00,29.2,0.0,76.6,82.0,7.6
2024-07-31 02:00:00,29.3,0.0,74.9,79.0,4.3
2024-07-31 03:00:00,29.1,0.0,75.2,76.0,6.9
2024-07-31 04:00:00,29.0,0.0,77.4,87.0,6.8
2024-07-31 05:00:00,28.9,0.0,77.9,75.0,6.2
2024-07-31 06:00:00,28.9,0.0,77.9,87.0,5.7
2024-07-31 07:00:00,28.8,0.0,80.1,80.0,5.1
2024-07-31 08:00:00,29.1,0.0,79.1,85.0,5.2
2024-07-31 09:00:00,29.3,0.0,77.6,86.0,6.0
2024-07-31 10:00:00,30.5,0.0,72.1,99.0,4.8
2024-07-31 11:00:00,30.3,0.0,70.6,89.0,5.7
2024-07-31 12:00:00,30.9,0.0,68.5,93.0,5.3
2024-07-31 13:00:00,31.8,0.0,62.2,132.0,7.0
2024-07-31 14:00:00,30.8,0.0,67.7,110.0,7.8
2024-07-31 15:00:00,30.0,0.0,67.6,120.0,6.1
2024-07-31 16:00:00,31.5,0.0,60.2,196.0,6.1
2024-07-31 17:00:00,28.6,0.0,73.0,262.0,9.10001
2024-07-31 18:00:00,23.9,8.2,94.7,64.0,6.5
2024-07-31 19:00:00,24.9,0.0,99.3,186.0,1.1
2024-07-31 20:00:00,26.3,0.0,92.2,174.0,9.2
2024-07-31 21:00:00,26.7,0.0,83.6,97.0,1.8
2024-07-31 22:00:00,26.7,0.0,83.4,149.0,3.1
2024-07-31 23:00:00,26.7,0.0,82.8,196.0,2.7
2024-08-01 00:00:00,26.8,0.0,83.0,328.0,3.8
2024-08-01 01:00:00,27.1,0.0,80.4,26.0,2.1
2024-08-01 02:00:00,27.7,0.0,78.9,76.0,2.2
2024-08-01 03:00:00,27.3,0.0,83.2,8.0,3.0
2024-08-01 04:00:00,27.3,0.0,85.1,330.0,4.0
2024-08-01 05:00:00,26.5,0.0,87.4,336.0,3.7
2024-08-01 06:00:00,26.7,0.0,86.1,355.0,2.7
2024-08-01 07:00:00,26.8,0.0,86.6,324.0,4.3
2024-08-01 08:00:00,27.2,0.0,81.2,333.0,2.2
2024-08-01 09:00:00,28.0,0.0,80.3,297.0,3.0
2024-08-01 10:00:00,29.4,0.0,76.4,124.0,5.5
2024-08-01 11:00:00,30.1,0.0,75.4,106.0,4.8
2024-08-01 12:00:00,30.3,0.0,69.2,113.0,4.9
2024-08-01 13:00:00,30.9,0.0,67.7,159.0,6.7
2024-08-01 14:00:00,31.0,0.0,66.5,125.0,7.9
2024-08-01 15:00:00,30.9,0.0,68.0,128.0,6.2
2024-08-01 16:00:00,31.0,0.0,63.1,120.0,6.6
2024-08-01 17:00:00,30.3,0.0,66.9,106.0,8.10001
2024-08-01 18:00:00,29.9,0.0,73.3,110.0,8.7
2024-08-01 19:00:00,30.1,0.0,64.8,111.0,6.3
2024-08-01 20:00:00,29.9,0.0,63.5,123.0,5.8
2024-08-01 21:00:00,29.7,0.0,64.9,124.0,4.3
2024-08-01 22:00:00,29.3,0.0,73.3,116.0,3.3
2024-08-01 23:00:00,29.2,0.0,74.4,136.0,4.0
2024-08-02 00:00:00,29.1,0.0,74.1,64.0,3.8
2024-08-02 01:00:00,29.1,0.0,73.3,84.0,5.1
2024-08-02 02:00:00,28.8,0.0,76.3,75.0,4.7
2024-08-02 03:00:00,28.6,0.0,79.7,56.0,3.4
2024-08-02 04:00:00,28.6,0.0,81.5,75.0,3.2
2024-08-02 05:00:00,28.6,0.0,82.3,92.0,5.7
2024-08-02 06:00:00,28.5,0.0,82.8,88.0,5.5
2024-08-02 07:00:00,28.4,0.0,83.1,73.0,3.8
2024-08-02 08:00:00,28.6,0.0,81.5,64.0,3.3
2024-08-02 09:00:00,29.0,0.0,79.2,93.0,4.1
2024-08-02 10:00:00,29.7,0.0,75.4,101.0,6.3
2024-08-02 11:00:00,30.4,0.0,73.5,118.0,5.1
2024-08-02 12:00:00,30.8,0.0,70.9,97.0,5.4
2024-08-02 13:00:00,31.1,0.0,68.4,152.0,5.0
2024-08-02 14:00:00,31.0,0.0,66.0,94.0,7.9
2024-08-02 15:00:00,31.9,0.0,63.4,134.0,4.5
2024-08-02 16:00:00,30.7,0.0,68.3,100.0,8.60001
2024-08-02 17:00:00,30.2,0.0,72.1,99.0,6.7
2024-08-02 18:00:00,29.4,0.0,75.6,125.0,5.7
2024-08-02 19:00:00,29.6,0.0,69.0,75.0,5.4
2024-08-02 20:00:00,29.4,0.0,70.8,84.0,6.5
2024-08-02 21:00:00,29.2,0.0,72.4,89.0,7.2
2024-08-02 22:00:00,29.0,0.0,74.0,55.0,4.2
2024-08-02 23:00:00,29.1,0.0,76.7,67.0,4.1
2024-08-03 00:00:00,29.1,0.0,74.6,80.0,5.1
2024-08-03 01:00:00,28.8,0.0,77.7,83.0,5.6
2024-08-03 02:00:00,28.9,0.0,79.9,99.0,3.1
2024-08-03 03:00:00,28.7,0.0,80.3,89.0,5.2
2024-08-03 04:00:00,28.7,0.0,79.9,92.0,5.5
2024-08-03 05:00:00,28.6,0.0,81.2,88.0,3.6
2024-08-03 06:00:00,28.6,0.0,81.8,77.0,4.0
2024-08-03 07:00:00,28.7,0.0,80.7,88.0,5.8
2024-08-03 08:00:00,28.8,0.0,81.1,102.0,5.2
2024-08-03 09:00:00,29.2,0.0,78.5,121.0,6.4
2024-08-03 10:00:00,29.5,0.0,75.6,109.0,6.9
2024-08-03 11:00:00,30.0,0.0,72.4,113.0,6.9
2024-08-03 12:00:00,30.7,0.0,62.5,113.0,7.5
2024-08-03 13:00:00,31.4,0.0,61.6,106.0,6.8
2024-08-03 14:00:00,31.5,0.0,64.2,123.0,5.9
2024-08-03 15:00:00,32.4,0.0,57.7,137.0,5.6
2024-08-03 16:00:00,31.8,0.0,59.0,138.0,6.6
2024-08-03 17:00:00,31.3,0.0,63.8,119.0,8.10001
2024-08-03 18:00:00,30.8,0.0,69.1,122.0,5.8
2024-08-03 19:00:00,30.9,0.0,67.8,107.0,4.1
2024-08-03 20:00:00,30.8,0.0,66.9,105.0,5.7
2024-08-03 21:00:00,30.2,0.0,70.8,98.0,5.0
2024-08-03 22:00:00,29.7,0.0,75.1,114.0,6.6
2024-08-03 23:00:00,29.5,0.0,76.7,89.0,6.8
2024-08-04 00:00:00,29.3,0.0,76.9,80.0,6.0
2024-08-04 01:00:00,29.3,0.0,77.9,78.0,5.1
2024-08-04 02:00:00,29.2,0.0,79.5,84.0,4.7
2024-08-04 03:00:00,29.0,0.0,80.6,101.0,6.4
2024-08-04 04:00:00,28.8,0.0,80.6,76.0,6.6
2024-08-04 05:00:00,28.9,0.0,78.6,102.0,7.6
2024-08-04 06:00:00,28.8,0.0,76.8,107.0,6.3
2024-08-04 07:00:00,28.8,0.0,78.6,87.0,5.0
2024-08-04 08:00:00,29.2,0.0,76.4,135.0,4.6
2024-08-04 09:00:00,29.6,0.0,74.8,124.0,5.3
2024-08-04 10:00:00,26.4,0.4,89.3,206.0,8.39999
2024-08-04 11:00:00,25.3,0.2,91.8,133.0,5.7
2024-08-04 12:00:00,27.9,0.0,83.9,196.0,9.2
2024-08-04 13:00:00,28.1,0.0,81.4,201.0,13.7
2024-08-04 14:00:00,27.0,0.0,89.2,178.0,7.3
2024-08-04 15:00:00,25.2,0.0,89.5,265.0,11.9
2024-08-04 16:00:00,25.8,0.2,85.5,312.0,3.5
2024-08-04 17:00:00,25.7,0.0,88.8,347.0,3.0
2024-08-04 18:00:00,25.9,0.0,88.7,308.0,3.5
2024-08-04 19:00:00,26.3,0.0,87.6,315.0,3.9
2024-08-04 20:00:00,26.5,0.0,87.2,331.0,2.6
2024-08-04 21:00:00,26.7,0.0,86.5,3.0,2.4
2024-08-04 22:00:00,26.7,0.0,87.4,1.0,4.7
2024-08-04 23:00:00,26.7,0.0,87.8,356.0,2.9
2024-08-05 00:00:00,26.6,0.0,89.4,1.0,2.5
2024-08-05 01:00:00,26.6,0.0,88.8,12.0,2.7
2024-08-05 02:00:00,26.6,0.0,89.5,2.0,2.9
2024-08-05 03:00:00,26.6,0.0,88.5,25.0,2.9
2024-08-05 04:00:00,26.8,0.0,88.1,323.0,2.9
2024-08-05 05:00:00,26.6,0.0,88.7,340.0,2.6
2024-08-05 06:00:00,26.5,0.0,88.6,324.0,3.5
2024-08-05 07:00:00,26.5,0.0,88.2,353.0,3.9
2024-08-05 08:00:00,26.8,0.0,88.3,358.0,3.2
2024-08-05 09:00:00,28.3,0.0,83.6,323.0,0.7
2024-08-05 10:00:00,28.9,0.0,79.4,129.0,4.7
2024-08-05 11:00:00,29.5,0.0,74.9,139.0,5.6
2024-08-05 12:00:00,30.4,0.0,68.7,142.0,5.2
2024-08-05 13:00:00,31.1,0.0,65.1,139.0,6.4
2024-08-05 14:00:00,30.0,0.0,72.6,173.0,6.4
2024-08-05 15:00:00,30.0,0.0,75.8,208.0,8.89999
2024-08-05 16:00:00,31.0,0.0,63.4,170.0,5.0
2024-08-05 17:00:00,31.2,0.0,61.9,134.0,5.7
2024-08-05 18:00:00,26.1,0.6,81.3,107.0,13.9
2024-08-05 19:00:00,27.8,0.0,70.4,48.0,1.6
2024-08-05 20:00:00,28.9,0.0,73.2,89.0,5.4
2024-08-05 21:00:00,29.0,0.0,72.7,96.0,5.1
2024-08-05 22:00:00,28.9,0.0,72.9,99.0,6.2
2024-08-05 23:00:00,28.9,0.0,72.4,91.0,6.9
2024-08-06 00:00:00,28.9,0.0,72.3,97.0,5.7
2024-08-06 01:00:00,28.5,0.0,74.9,74.0,4.5
2024-08-06 02:00:00,28.5,0.0,75.1,96.0,2.6
2024-08-06 03:00:00,28.6,0.0,75.2,102.0,3.6
2024-08-06 04:00:00,28.5,0.0,76.3,98.0,5.4
2024-08-06 05:00:00,28.5,0.0,77.2,116.0,4.2
2024-08-06 06:00:00,28.1,0.0,80.0,74.0,3.0
2024-08-06 07:00:00,28.2,0.0,78.5,75.0,4.0
2024-08-06 08:00:00,28.8,0.0,74.1,92.0,5.6
2024-08-06 09:00:00,29.1,0.0,74.3,115.0,6.4
2024-08-06 10:00:00,30.0,0.0,71.2,116.0,6.0
2024-08-06 11:00:00,30.6,0.0,65.2,115.0,6.2
2024-08-06 12:00:00,30.9,0.0,61.0,108.0,7.2
2024-08-06 13:00:00,31.3,0.0,60.8,144.0,5.0
2024-08-06 14:00:00,30.7,0.0,64.0,185.0,7.6
2024-08-06 15:00:00,31.3,0.0,59.4,180.0,9.10001
2024-08-06 16:00:00,32.0,0.0,53.7,139.0,5.0
2024-08-06 17:00:00,31.9,0.0,56.8,126.0,5.7
2024-08-06 18:00:00,31.4,0.0,60.4,128.0,6.3
2024-08-06 19:00:00,30.9,0.0,62.3,115.0,6.8
2024-08-06 20:00:00,30.3,0.0,65.5,102.0,6.0
2024-08-06 21:00:00,29.6,0.0,69.1,87.0,9.10001
2024-08-06 22:00:00,29.5,0.0,69.0,95.0,8.3
2024-08-06 23:00:00,29.5,0.0,69.1,89.0,4.5
2024-08-07 00:00:00,29.3,0.0,69.5,89.0,5.0
2024-08-07 01:00:00,29.2,0.0,70.9,88.0,4.1
2024-08-07 02:00:00,28.9,0.0,72.5,78.0,4.3
2024-08-07 03:00:00,28.9,0.0,69.3,89.0,5.2
2024-08-07 04:00:00,28.5,0.0,73.7,77.0,4.9
2024-08-07 05:00:00,28.4,0.0,75.4,80.0,3.9
2024-08-07 06:00:00,28.5,0.0,76.0,99.0,4.3
2024-08-07 07:00:00,28.6,0.0,76.0,90.0,3.3
2024-08-07 08:00:00,28.6,0.0,76.4,91.0,3.9
2024-08-07 09:00:00,29.3,0.0,74.5,88.0,5.9
2024-08-07 10:00:00,29.7,0.0,73.3,118.0,5.5
2024-08-07 11:00:00,30.1,0.0,72.0,125.0,5.4
2024-08-07 12:00:00,30.9,0.0,64.8,138.0,4.6
2024-08-07 13:00:00,30.9,0.0,68.1,119.0,6.3
2024-08-07 14:00:00,30.5,0.0,66.9,128.0,5.9
2024-08-07 15:00:00,30.7,0.0,66.4,143.0,5.0
2024-08-07 16:00:00,31.2,0.0,61.2,86.0,8.60001
2024-08-07 17:00:00,30.9,0.0,61.4,88.0,7.5
2024-08-07 18:00:00,30.5,0.0,67.1,84.0,7.8
2024-08-07 19:00:00,27.3,0.0,74.0,89.0,5.8
2024-08-07 20:00:00,29.0,0.0,73.0,106.0,5.0
2024-08-07 21:00:00,29.1,0.0,71.7,105.0,5.0
2024-08-07 22:00:00,29.1,0.0,70.5,89.0,4.6
2024-08-07 23:00:00,29.2,0.0,69.8,104.0,4.4
2024-08-08 00:00:00,29.1,0.0,71.0,89.0,4.8
2024-08-08 01:00:00,29.1,0.0,73.7,104.0,3.7
2024-08-08 02:00:00,29.0,0.0,75.6,118.0,4.8
2024-08-08 03:00:00,29.0,0.0,75.5,94.0,4.6
2024-08-08 04:00:00,28.8,0.0,78.6,76.0,5.1
2024-08-08 05:00:00,28.8,0.0,78.2,104.0,5.8
2024-08-08 06:00:00,28.1,0.2,84.9,112.0,3.9
2024-08-08 07:00:00,27.7,0.0,84.1,119.0,5.2
2024-08-08 08:00:00,28.5,0.0,73.6,132.0,3.6
2024-08-08 09:00:00,29.7,0.0,74.7,135.0,3.8
2024-08-08 10:00:00,29.6,0.0,76.8,135.0,6.1
2024-08-08 11:00:00,29.7,0.0,71.4,107.0,8.39999
2024-08-08 12:00:00,30.9,0.0,69.3,117.0,4.6
2024-08-08 13:00:00,30.1,0.0,73.1,112.0,9.3
2024-08-08 14:00:00,30.8,0.0,66.0,103.0,8.10001
2024-08-08 15:00:00,31.6,0.0,64.9,107.0,6.6
2024-08-08 16:00:00,31.6,0.0,65.6,139.0,6.8
2024-08-08 17:00:00,31.6,0.0,66.5,128.0,5.0
2024-08-08 18:00:00,31.3,0.0,65.3,141.0,5.3
2024-08-08 19:00:00,31.2,0.0,67.1,119.0,5.9
2024-08-08 20:00:00,30.5,0.0,69.8,109.0,6.2
2024-08-08 21:00:00,30.0,0.0,72.5,104.0,6.3
2024-08-08 22:00:00,29.5,0.0,73.3,100.0,7.7
2024-08-15 14:00:00,32.2,0.0,62.5,146.0,5.1
2024-08-15 15:00:00,30.4,0.0,66.1,87.0,9.0
2024-08-15 16:00:00,30.2,0.0,71.4,88.0,5.6
2024-08-15 17:00:00,30.0,0.0,67.3,103.0,6.3
2024-08-15 18:00:00,30.2,0.0,70.5,124.0,5.4
2024-08-15 19:00:00,29.8,0.0,72.1,114.0,7.0
2024-08-15 20:00:00,29.2,0.0,76.9,84.0,6.9
2024-08-15 21:00:00,28.9,0.0,80.6,89.0,7.0
2024-08-15 22:00:00,28.7,0.0,79.8,98.0,5.5
2024-08-15 23:00:00,28.6,0.0,81.1,90.0,6.3
2024-08-16 00:00:00,28.5,0.0,80.5,96.0,7.7
2024-08-16 01:00:00,28.7,0.0,81.0,87.0,3.6
2024-08-16 02:00:00,28.6,0.0,81.1,71.0,3.8
2024-08-16 03:00:00,28.7,0.0,78.8,70.0,4.7
2024-08-16 04:00:00,28.5,0.0,79.7,69.0,2.7
2024-08-16 05:00:00,28.4,0.0,80.5,75.0,3.0
2024-08-16 06:00:00,28.5,0.0,80.3,79.0,2.5
2024-08-16 07:00:00,28.4,0.0,81.2,66.0,3.0
2024-08-16 08:00:00,28.8,0.0,79.8,72.0,2.7
2024-08-16 09:00:00,29.4,0.0,76.9,123.0,5.1
2024-08-16 10:00:00,29.6,0.0,73.9,121.0,5.8
2024-08-16 11:00:00,29.5,0.0,69.6,157.0,8.2
2024-08-16 12:00:00,28.5,0.0,82.2,79.0,6.4
2024-08-16 13:00:00,28.0,0.0,80.3,144.0,7.0
2024-08-16 14:00:00,30.5,0.0,71.5,145.0,4.5
2024-08-16 15:00:00,29.5,0.0,76.1,117.0,8.10001
2024-08-16 16:00:00,30.2,0.0,66.0,120.0,8.7
2024-08-16 17:00:00,29.9,0.0,72.3,114.0,7.1
2024-08-16 18:00:00,29.6,0.0,69.7,88.0,9.8
2024-08-16 19:00:00,29.8,0.0,71.3,94.0,8.2
2024-08-16 20:00:00,29.8,0.0,71.8,91.0,6.6
2024-08-16 21:00:00,29.2,0.0,77.5,91.0,10.1
2024-08-16 22:00:00,29.1,0.0,76.6,102.0,5.8
2024-08-16 23:00:00,28.8,0.0,79.4,73.0,5.4
2024-08-17 00:00:00,28.7,0.0,80.4,81.0,5.5
2024-08-17 01:00:00,28.5,0.0,81.7,82.0,6.3
2024-08-17 02:00:00,28.3,0.0,83.2,76.0,5.7
2024-08-17 03:00:00,28.3,0.0,82.7,58.0,3.5
2024-08-17 04:00:00,28.2,0.0,82.9,67.0,4.2
2024-08-17 05:00:00,28.3,0.0,82.5,62.0,3.6
2024-08-17 06:00:00,28.4,0.0,82.9,78.0,4.9
2024-08-17 07:00:00,28.4,0.0,82.5,82.0,6.2
2024-08-17 08:00:00,28.5,0.0,81.1,94.0,5.6
2024-08-17 09:00:00,29.1,0.0,78.6,75.0,5.4
2024-08-17 10:00:00,29.6,0.0,75.5,79.0,4.8
2024-08-17 11:00:00,30.3,0.0,72.1,81.0,5.5
2024-08-17 12:00:00,31.5,0.0,68.3,130.0,4.1
2024-08-17 13:00:00,28.5,0.0,78.5,118.0,8.8
2024-08-17 14:00:00,28.5,0.0,74.3,136.0,2.6
2024-08-17 15:00:00,28.0,0.0,79.1,104.0,5.3
2024-08-17 16:00:00,29.2,0.0,75.2,85.0,6.6
2024-08-17 17:00:00,28.9,0.0,74.5,106.0,6.2
2024-08-17 18:00:00,29.7,0.0,74.7,66.0,5.6
2024-08-17 19:00:00,29.5,0.0,75.2,72.0,5.5
2024-08-17 20:00:00,29.5,0.0,74.3,80.0,7.4
2024-08-17 21:00:00,29.2,0.0,76.6,81.0,6.4
2024-08-17 22:00:00,29.1,0.0,79.1,82.0,4.8
2024-08-17 23:00:00,28.9,0.0,78.8,84.0,6.2
2024-08-18 00:00:00,28.7,0.0,79.5,76.0,4.0
2024-08-18 01:00:00,28.6,0.0,80.3,67.0,3.8
2024-08-18 02:00:00,28.5,0.0,81.4,71.0,3.2
2024-08-18 03:00:00,28.5,0.0,81.9,82.0,5.1
2024-08-18 04:00:00,28.3,0.0,81.7,58.0,4.3
2024-08-18 05:00:00,28.4,0.0,79.6,66.0,5.0
2024-08-18 06:00:00,28.4,0.0,81.4,86.0,5.8
2024-08-18 07:00:00,28.3,0.0,80.4,87.0,5.4
2024-08-18 08:00:00,28.5,0.0,79.7,87.0,4.7
2024-08-18 09:00:00,29.3,0.0,77.3,78.0,5.2
2024-08-18 10:00:00,30.1,0.0,73.8,86.0,6.3
2024-08-18 11:00:00,30.4,0.0,71.7,104.0,6.5
2024-08-18 12:00:00,29.9,0.0,74.0,114.0,8.7
2024-08-18 13:00:00,31.0,0.0,62.8,101.0,7.8
2024-08-18 14:00:00,30.7,0.0,69.2,184.0,8.0
2024-08-18 15:00:00,31.4,0.0,62.1,109.0,5.8
2024-08-18 16:00:00,30.6,0.0,65.4,110.0,6.9
2024-08-18 17:00:00,29.1,0.0,76.4,106.0,9.89999
2024-08-18 18:00:00,28.7,0.0,77.6,139.0,4.0
2024-08-18 19:00:00,29.1,0.0,75.7,138.0,5.3
2024-08-18 20:00:00,29.0,0.0,74.9,102.0,5.2
2024-08-18 21:00:00,29.1,0.0,78.5,122.0,3.7
2024-08-18 22:00:00,28.9,0.0,81.4,104.0,4.2
2024-08-18 23:00:00,28.7,0.0,80.0,83.0,5.9
2024-08-19 00:00:00,28.8,0.0,78.7,80.0,5.1
2024-08-19 01:00:00,28.8,0.0,76.4,87.0,6.0
2024-08-19 02:00:00,28.7,0.0,78.2,103.0,5.3
2024-08-19 03:00:00,28.6,0.0,77.0,89.0,4.0
2024-08-19 04:00:00,28.5,0.0,79.7,97.0,6.2
2024-08-19 05:00:00,28.5,0.0,80.6,94.0,5.2
2024-08-19 06:00:00,28.4,0.0,81.6,81.0,4.6
2024-08-19 07:00:00,28.5,0.0,81.5,92.0,4.4
2024-08-19 08:00:00,28.8,0.0,79.6,66.0,4.8
2024-08-19 09:00:00,29.8,0.0,75.0,103.0,3.9
2024-08-19 10:00:00,30.1,0.0,72.7,149.0,3.8
2024-08-19 11:00:00,30.4,0.0,69.3,115.0,5.5
2024-08-19 12:00:00,30.7,0.0,70.6,147.0,5.8
2024-08-19 13:00:00,31.0,0.0,69.4,149.0,4.9
2024-08-19 14:00:00,30.4,0.0,74.9,112.0,9.10001
2024-08-19 15:00:00,31.3,0.0,57.3,132.0,6.9
2024-08-19 16:00:00,31.1,0.0,62.3,136.0,6.3
2024-08-19 17:00:00,31.7,0.0,60.8,117.0,4.4
2024-08-19 18:00:00,31.2,0.0,63.3,152.0,5.2
2024-08-19 19:00:00,30.5,0.0,69.2,116.0,4.4
2024-08-19 20:00:00,30.1,0.0,71.6,139.0,4.0
2024-08-19 21:00:00,30.0,0.0,73.2,116.0,4.8
2024-08-19 22:00:00,29.6,0.0,74.1,110.0,4.9
2024-08-19 23:00:00,29.4,0.0,75.5,118.0,6.0
2024-08-20 00:00:00,29.4,0.0,78.0,91.0,5.8
2024-08-20 01:00:00,29.0,0.0,78.5,86.0,5.7
2024-08-20 02:00:00,28.6,0.0,80.1,79.0,7.1
2024-08-20 03:00:00,28.6,0.0,80.5,75.0,4.4
2024-08-20 04:00:00,28.4,0.0,81.2,69.0,4.6
2024-08-20 05:00:00,28.3,0.0,81.5,87.0,5.5
2024-08-20 06:00:00,28.3,0.0,82.1,52.0,2.3
2024-08-20 07:00:00,28.4,0.0,79.9,90.0,3.4
2024-08-20 08:00:00,28.6,0.0,80.0,78.0,3.8
2024-08-20 09:00:00,29.5,0.0,75.3,104.0,4.5
2024-08-20 10:00:00,29.5,0.0,75.3,157.0,6.0
2024-08-20 11:00:00,30.7,0.0,67.6,104.0,4.6
2024-08-20 12:00:00,29.6,0.0,73.5,166.0,7.1
2024-08-20 13:00:00,28.9,0.0,74.4,141.0,8.89999
2024-08-20 14:00:00,28.9,0.0,70.4,185.0,5.0
2024-08-20 15:00:00,29.7,0.0,65.2,178.0,6.7
2024-08-20 16:00:00,28.5,0.0,77.8,315.0,6.8
2024-08-20 17:00:00,24.4,2.0,99.3,354.0,2.8
2024-08-20 18:00:00,25.5,0.0,98.2,177.0,5.1
2024-08-20 19:00:00,26.1,0.0,87.6,190.0,1.9
2024-08-20 20:00:00,26.5,0.0,87.8,2.0,1.2
2024-08-20 21:00:00,26.5,0.0,86.5,286.0,3.0
2024-08-20 22:00:00,26.6,0.0,87.3,318.0,2.6
2024-08-20 23:00:00,26.8,0.0,84.3,321.0,2.7
2024-08-21 00:00:00,26.8,0.0,83.3,283.0,2.5
2024-08-21 01:00:00,26.6,0.0,85.9,329.0,3.4
2024-08-21 02:00:00,26.2,0.0,85.9,331.0,3.9
2024-08-21 03:00:00,26.3,0.0,86.2,324.0,4.2
2024-08-21 04:00:00,26.3,0.0,87.3,315.0,5.1
2024-08-21 05:00:00,26.3,0.0,86.9,339.0,4.7
2024-08-21 06:00:00,26.5,0.0,86.5,29.0,2.9
2024-08-21 07:00:00,26.5,0.0,86.4,7.0,2.4
2024-08-21 08:00:00,26.8,0.0,85.8,51.0,2.2
2024-08-21 09:00:00,27.9,0.0,80.7,8.0,2.5
2024-08-21 10:00:00,29.0,0.0,74.8,28.0,2.9
2024-08-21 11:00:00,30.1,0.0,65.0,137.0,3.8
2024-08-21 12:00:00,29.7,0.0,68.9,124.0,6.2
2024-08-21 13:00:00,29.9,0.0,68.3,115.0,5.3
2024-08-21 14:00:00,29.6,0.0,71.8,130.0,6.9
2024-08-21 15:00:00,29.7,0.0,69.4,119.0,7.8
2024-08-21 16:00:00,29.0,0.0,74.4,128.0,7.4
2024-08-21 17:00:00,28.6,0.0,75.4,132.0,7.1
2024-08-21 18:00:00,29.3,0.0,70.5,137.0,5.8
2024-08-21 19:00:00,29.2,0.0,72.1,119.0,5.5
2024-08-21 20:00:00,28.6,0.0,74.1,120.0,6.5
2024-08-21 21:00:00,28.3,0.0,77.1,118.0,3.6
2024-08-21 22:00:00,28.6,0.0,71.5,135.0,2.7
2024-08-21 23:00:00,28.5,0.0,73.3,175.0,2.9
2024-08-22 00:00:00,28.6,0.0,73.8,183.0,2.7
2024-08-22 01:00:00,28.5,0.0,70.0,185.0,3.0
2024-08-22 02:00:00,28.6,0.0,69.6,102.0,1.8
2024-08-22 03:00:00,28.5,0.0,71.2,129.0,3.5
2024-08-22 04:00:00,28.4,0.0,73.4,104.0,2.8
2024-08-22 05:00:00,28.4,0.0,73.0,111.0,2.3
2024-08-22 06:00:00,28.5,0.0,71.5,114.0,2.4
2024-08-22 07:00:00,28.5,0.0,73.6,107.0,3.4
2024-08-22 08:00:00,28.6,0.0,72.3,78.0,3.6
2024-08-22 09:00:00,29.7,0.0,67.7,63.0,2.8
2024-08-22 10:00:00,29.7,0.0,69.0,121.0,5.7
2024-08-22 11:00:00,30.1,0.0,68.1,137.0,5.1
2024-08-22 12:00:00,31.1,0.0,53.6,148.0,4.6
2024-08-22 13:00:00,31.7,0.0,53.9,119.0,5.6
2024-08-22 14:00:00,31.1,0.0,63.3,183.0,6.1
2024-08-22 15:00:00,30.5,0.0,67.0,180.0,9.2
2024-08-22 16:00:00,31.4,0.0,66.5,163.0,7.3
2024-08-22 17:00:00,30.1,0.0,70.0,106.0,8.10001
2024-08-22 18:00:00,30.4,0.0,64.2,111.0,7.6
2024-08-22 19:00:00,29.9,0.0,73.0,114.0,5.8
2024-08-22 20:00:00,30.0,0.0,72.1,94.0,4.5
2024-08-22 21:00:00,29.3,0.0,72.7,108.0,5.4
2024-08-22 22:00:00,29.3,0.0,76.0,75.0,4.6
2024-08-22 23:00:00,29.1,0.0,75.2,67.0,3.6
2024-08-23 00:00:00,29.0,0.0,78.3,90.0,5.4
2024-08-23 01:00:00,28.9,0.0,78.9,76.0,4.8
2024-08-23 02:00:00,28.8,0.0,80.0,70.0,3.7
2024-08-23 03:00:00,28.7,0.0,79.5,74.0,6.0
2024-08-23 04:00:00,28.6,0.0,80.0,75.0,4.9
2024-08-23 05:00:00,28.6,0.0,79.8,76.0,5.0
2024-08-23 06:00:00,28.5,0.0,80.4,83.0,5.2
2024-08-23 07:00:00,28.4,0.0,79.5,86.0,5.1
2024-08-23 08:00:00,28.7,0.0,78.3,87.0,5.6
2024-08-23 09:00:00,29.5,0.0,73.8,91.0,4.8
2024-08-23 10:00:00,30.1,0.0,71.4,86.0,7.1
2024-08-23 11:00:00,30.5,0.0,68.8,157.0,5.7
2024-08-23 12:00:00,30.6,0.0,65.9,147.0,5.8
2024-08-23 13:00:00,30.9,0.0,67.1,114.0,6.3
2024-08-23 14:00:00,31.0,0.0,68.3,126.0,7.3
2024-08-23 15:00:00,31.0,0.0,66.1,126.0,6.1
2024-08-23 16:00:00,29.4,0.0,78.6,186.0,7.1
2024-08-23 17:00:00,29.7,0.0,72.2,138.0,4.2
2024-08-23 18:00:00,29.9,0.0,72.3,70.0,2.8
2024-08-23 19:00:00,28.6,0.0,76.1,311.0,5.7
2024-08-23 20:00:00,28.3,0.0,76.5,329.0,3.7
2024-08-23 21:00:00,25.5,0.6,89.6,83.0,7.1
2024-08-23 22:00:00,27.1,0.0,85.7,31.0,2.6
2024-08-23 23:00:00,27.7,0.0,83.0,6.0,2.8
2024-08-24 00:00:00,28.0,0.0,78.9,320.0,2.5
2024-08-24 01:00:00,27.6,0.0,83.0,321.0,5.8
2024-08-24 02:00:00,26.8,0.0,89.1,309.0,8.0
2024-08-24 03:00:00,26.2,0.0,89.5,288.0,8.8
2024-08-24 04:00:00,25.7,0.0,90.2,296.0,9.10001
2024-08-24 05:00:00,25.7,0.0,89.7,310.0,5.8
2024-08-24 06:00:00,25.1,0.0,91.6,300.0,10.5
2024-08-24 07:00:00,25.5,0.0,88.3,321.0,6.5
2024-08-24 08:00:00,25.8,0.0,86.9,318.0,1.1
2024-08-24 09:00:00,26.3,0.0,85.6,320.0,2.3
2024-08-24 10:00:00,26.4,0.0,87.2,229.0,4.9
2024-08-24 11:00:00,26.5,0.0,85.1,170.0,10.8
2024-08-24 12:00:00,27.2,0.0,75.2,140.0,5.9
2024-08-24 13:00:00,27.3,0.0,79.3,154.0,3.5
2024-08-24 14:00:00,27.3,0.0,75.6,117.0,6.5
2024-08-24 15:00:00,27.7,0.0,69.1,178.0,7.9
2024-08-24 16:00:00,28.0,0.0,68.4,170.0,6.8
2024-08-24 17:00:00,28.3,0.0,66.4,199.0,6.1
2024-08-24 18:00:00,28.4,0.0,63.6,170.0,6.0
2024-08-24 19:00:00,28.4,0.0,63.8,120.0,3.5
2024-08-24 20:00:00,28.1,0.0,69.3,100.0,3.0
2024-08-24 21:00:00,27.9,0.0,71.7,127.0,3.1
2024-08-24 22:00:00,27.9,0.0,73.2,125.0,2.3
2024-08-24 23:00:00,28.1,0.0,71.4,129.0,2.0
2024-08-25 00:00:00,28.0,0.0,71.0,229.0,1.4
2024-08-25 01:00:00,28.0,0.0,72.2,172.0,1.6
2024-08-25 02:00:00,27.8,0.0,73.2,7.0,2.0
2024-08-25 03:00:00,27.7,0.0,75.4,3.0,1.7
2024-08-25 04:00:00,27.6,0.0,76.4,357.0,1.9
2024-08-25 05:00:00,27.4,0.0,77.1,301.0,3.9
2024-08-25 06:00:00,27.5,0.0,76.7,303.0,4.8
2024-08-25 07:00:00,27.1,0.0,78.7,358.0,3.0
2024-08-25 08:00:00,27.6,0.0,77.7,116.0,1.1
2024-08-25 09:00:00,28.4,0.0,76.3,189.0,2.7
2024-08-25 10:00:00,28.9,0.0,75.4,125.0,2.6
2024-08-25 11:00:00,29.2,0.0,75.4,132.0,4.2
2024-08-25 12:00:00,26.1,0.0,83.8,125.0,8.5
2024-08-25 13:00:00,26.4,0.2,82.3,120.0,6.3
2024-08-25 14:00:00,27.3,0.0,82.5,130.0,5.2
2024-08-25 15:00:00,28.2,0.0,80.8,178.0,4.7
2024-08-25 16:00:00,28.4,0.0,75.7,158.0,7.1
2024-08-25 17:00:00,28.7,0.0,75.2,139.0,5.7
2024-08-25 18:00:00,28.4,0.0,75.9,119.0,5.0
2024-08-25 19:00:00,28.4,0.0,75.3,123.0,4.1
2024-08-25 20:00:00,28.5,0.0,73.3,113.0,5.5
2024-08-25 21:00:00,28.5,0.0,75.6,124.0,3.8
2024-08-25 22:00:00,28.5,0.0,76.0,112.0,2.4
2024-08-25 23:00:00,28.6,0.0,75.7,119.0,2.8
2024-08-26 00:00:00,28.5,0.0,76.8,146.0,2.7
2024-08-26 01:00:00,28.4,0.0,77.1,125.0,2.2
2024-08-26 02:00:00,28.2,0.0,78.7,168.0,2.7
2024-08-26 03:00:00,28.2,0.0,77.3,209.0,3.9
2024-08-26 04:00:00,28.3,0.0,78.2,188.0,2.7
2024-08-26 05:00:00,28.4,0.0,75.0,139.0,2.6
2024-08-26 06:00:00,28.7,0.0,70.9,136.0,3.1
2024-08-26 07:00:00,28.5,0.0,70.8,115.0,4.3
2024-08-26 08:00:00,28.8,0.0,69.7,130.0,4.1
2024-08-26 09:00:00,28.9,0.0,72.2,133.0,3.5
2024-08-26 10:00:00,29.2,0.0,72.5,139.0,4.7
2024-08-26 11:00:00,29.8,0.0,71.5,121.0,5.2
2024-08-26 12:00:00,30.1,0.0,69.0,129.0,5.6
2024-08-26 13:00:00,29.9,0.0,68.5,150.0,6.3
2024-08-26 14:00:00,30.7,0.0,65.4,142.0,4.3
2024-08-26 15:00:00,30.4,0.0,69.5,186.0,7.5
2024-08-26 16:00:00,30.6,0.0,66.2,185.0,7.1
2024-08-26 17:00:00,31.2,0.0,54.0,182.0,6.9
2024-08-26 18:00:00,30.5,0.0,64.2,183.0,7.7
2024-08-26 19:00:00,30.2,0.0,62.9,151.0,5.3
2024-08-26 20:00:00,29.9,0.0,66.7,140.0,3.3
2024-08-26 21:00:00,29.4,0.0,72.0,118.0,3.9
2024-08-26 22:00:00,29.2,0.0,75.9,108.0,4.8
2024-08-26 23:00:00,29.0,0.0,76.3,87.0,6.1
2024-08-27 00:00:00,29.2,0.0,75.8,100.0,3.9
2024-08-27 01:00:00,29.0,0.0,78.0,79.0,3.7
2024-08-27 02:00:00,28.9,0.0,77.3,116.0,3.0
2024-08-27 03:00:00,28.7,0.0,79.4,202.0,3.3
2024-08-27 04:00:00,28.1,0.0,82.1,345.0,3.7
2024-08-27 05:00:00,28.7,0.0,78.9,173.0,3.5
2024-08-27 06:00:00,28.9,0.0,73.4,122.0,4.8
2024-08-27 07:00:00,28.8,0.0,74.6,130.0,2.6
2024-08-27 08:00:00,28.8,0.0,77.6,128.0,4.6
2024-08-27 09:00:00,29.1,0.0,74.7,129.0,3.7
2024-08-27 10:00:00,28.6,0.0,83.8,196.0,8.2
2024-08-27 11:00:00,24.7,0.2,97.7,189.0,11.9
2024-08-27 12:00:00,27.8,0.0,83.2,187.0,8.60001
2024-08-27 13:00:00,28.5,0.0,80.1,226.0,7.7
2024-08-27 14:00:00,27.2,0.0,90.0,287.0,3.6
2024-08-27 15:00:00,29.2,0.0,77.4,202.0,8.8
2024-08-27 16:00:00,28.5,0.0,78.7,204.0,8.39999
2024-08-27 17:00:00,29.6,0.0,72.1,184.0,8.0
2024-08-27 18:00:00,29.5,0.0,72.8,201.0,6.8
2024-08-27 19:00:00,29.2,0.0,72.0,196.0,6.5
2024-08-27 20:00:00,29.1,0.0,74.6,192.0,5.3
2024-08-27 21:00:00,29.0,0.0,78.7,207.0,6.9
2024-08-27 22:00:00,29.2,0.0,77.1,212.0,5.8
2024-08-27 23:00:00,29.2,0.0,77.7,211.0,4.4
2024-08-28 00:00:00,29.1,0.0,79.4,218.0,4.3
2024-08-28 01:00:00,28.5,0.0,84.7,319.0,2.3
2024-08-28 02:00:00,25.1,2.4,94.1,124.0,11.7
2024-08-28 03:00:00,26.0,0.0,94.2,138.0,2.5
2024-08-28 04:00:00,25.9,0.0,91.7,298.0,10.1
2024-08-28 05:00:00,25.4,0.0,83.8,237.0,18.5
2024-08-28 06:00:00,24.9,0.0,89.7,264.0,9.7
2024-08-28 07:00:00,25.3,0.0,83.1,300.0,8.0
2024-08-28 08:00:00,25.5,0.0,83.8,285.0,6.2
2024-08-28 09:00:00,26.7,0.0,76.1,305.0,4.5
2024-08-28 10:00:00,27.9,0.0,69.9,276.0,3.8
2024-08-28 11:00:00,28.9,0.0,67.0,180.0,5.4
2024-08-28 12:00:00,29.4,0.0,67.6,174.0,5.1
2024-08-28 13:00:00,29.3,0.0,67.3,179.0,7.3
2024-08-28 14:00:00,29.8,0.0,67.9,181.0,8.39999
2024-08-28 15:00:00,29.6,0.0,68.6,176.0,7.2
2024-08-28 16:00:00,29.5,0.0,69.4,181.0,7.9
2024-08-28 17:00:00,30.0,0.0,64.3,183.0,5.6
2024-08-28 18:00:00,30.2,0.0,61.8,182.0,6.2
2024-08-28 19:00:00,30.0,0.0,63.3,164.0,3.3
2024-08-28 20:00:00,29.5,0.0,69.5,143.0,3.1
2024-08-28 21:00:00,29.4,0.0,67.9,116.0,5.0
2024-08-28 22:00:00,29.1,0.0,69.4,95.0,8.0
2024-08-28 23:00:00,29.0,0.0,68.3,85.0,6.4
2024-08-29 00:00:00,28.9,0.0,69.6,83.0,4.1
2024-08-29 01:00:00,28.7,0.0,70.0,94.0,2.1
2024-08-29 02:00:00,28.6,0.0,72.7,108.0,2.2
2024-08-29 03:00:00,28.5,0.0,73.6,120.0,2.1
2024-08-29 04:00:00,28.0,0.0,76.1,338.0,3.3
2024-08-29 05:00:00,27.5,0.0,78.6,1.0,2.7
2024-08-29 06:00:00,27.2,0.0,80.1,345.0,3.4
2024-08-29 07:00:00,27.1,0.0,81.6,358.0,2.4
2024-08-29 08:00:00,27.4,0.0,79.9,348.0,2.4
2024-08-29 09:00:00,28.9,0.0,72.4,345.0,1.4
2024-08-29 10:00:00,29.4,0.0,72.2,179.0,3.5
2024-08-29 11:00:00,29.2,0.0,75.9,219.0,5.4
2024-08-29 12:00:00,29.8,0.0,72.0,177.0,7.2
2024-08-29 13:00:00,29.4,0.0,74.5,174.0,9.10001
2024-08-29 14:00:00,30.4,0.0,67.6,126.0,6.8
2024-08-29 15:00:00,30.5,0.0,55.5,125.0,7.4
2024-08-29 16:00:00,30.2,0.0,62.9,139.0,6.5
2024-08-29 17:00:00,30.2,0.0,65.2,119.0,5.8
2024-08-29 18:00:00,29.9,0.0,66.0,116.0,5.6
2024-08-29 19:00:00,30.1,0.0,59.5,137.0,4.2
2024-08-29 20:00:00,30.0,0.0,57.6,117.0,5.3
2024-08-29 21:00:00,29.8,0.0,62.1,99.0,5.3
2024-08-29 22:00:00,29.4,0.0,63.8,87.0,5.3
2024-08-29 23:00:00,29.2,0.0,64.7,79.0,4.5
2024-08-30 00:00:00,29.2,0.0,64.3,89.0,4.8
2024-08-30 01:00:00,29.0,0.0,67.6,76.0,3.9
2024-08-30 02:00:00,29.0,0.0,67.6,93.0,5.1
2024-08-30 03:00:00,28.7,0.0,70.8,86.0,5.9
2024-08-30 04:00:00,28.6,0.0,75.5,85.0,4.2
2024-08-30 05:00:00,28.5,0.0,77.6,97.0,6.9
2024-08-30 06:00:00,28.5,0.0,76.8,85.0,3.8
2024-08-30 07:00:00,28.5,0.0,76.9,85.0,4.8
2024-08-30 08:00:00,28.5,0.0,78.5,88.0,2.9
2024-08-30 09:00:00,29.0,0.0,74.5,112.0,3.5
2024-08-30 10:00:00,29.8,0.0,71.8,128.0,4.1
2024-08-30 11:00:00,29.6,0.0,70.9,112.0,8.5
2024-08-30 12:00:00,30.3,0.0,67.2,111.0,8.7
2024-08-30 13:00:00,30.8,0.0,62.8,107.0,9.5
2024-08-30 14:00:00,31.8,0.0,58.4,129.0,4.8
2024-08-30 15:00:00,31.6,0.0,58.6,134.0,6.0
2024-08-30 16:00:00,31.5,0.0,60.2,143.0,4.2
2024-08-30 17:00:00,30.9,0.0,65.1,139.0,4.5
2024-08-30 18:00:00,30.4,0.0,67.7,136.0,5.0
2024-08-30 19:00:00,30.3,0.0,70.0,118.0,5.5
2024-08-30 20:00:00,29.8,0.0,72.4,104.0,6.7
2024-08-30 21:00:00,29.8,0.0,72.5,111.0,5.3
2024-08-30 22:00:00,29.4,0.0,74.3,92.0,7.1
2024-08-30 23:00:00,29.4,0.0,73.2,86.0,5.8
2024-08-31 00:00:00,29.6,0.0,65.7,90.0,6.6
2024-08-31 01:00:00,29.0,0.0,73.9,97.0,6.8
2024-08-31 02:00:00,28.9,0.0,74.6,92.0,5.4
2024-08-31 03:00:00,28.7,0.0,76.4,97.0,6.0
2024-08-31 04:00:00,28.5,0.0,78.2,93.0,6.2
2024-08-31 05:00:00,28.5,0.0,78.4,89.0,6.9
2024-08-31 06:00:00,28.5,0.0,78.6,96.0,5.4
2024-08-31 07:00:00,28.5,0.0,79.2,99.0,6.5
2024-08-31 08:00:00,28.8,0.0,79.2,106.0,4.7
2024-08-31 09:00:00,29.1,0.0,78.5,117.0,4.9
2024-08-31 10:00:00,29.8,0.0,72.6,119.0,5.4
2024-08-31 11:00:00,29.9,0.0,73.6,178.0,5.7
2024-08-31 12:00:00,30.3,0.0,70.4,182.0,8.8
2024-08-31 13:00:00,30.5,0.0,70.9,178.0,7.9
2024-08-31 14:00:00,30.8,0.0,65.4,179.0,9.5
2024-08-31 15:00:00,31.2,0.0,63.9,178.0,9.0
2024-08-31 16:00:00,32.4,0.0,51.3,131.0,3.7
2024-08-31 17:00:00,30.9,0.0,61.2,110.0,5.4
2024-08-31 18:00:00,30.6,0.0,66.5,138.0,4.4
2024-08-31 19:00:00,30.5,0.0,68.7,113.0,4.2
2024-08-31 20:00:00,29.9,0.0,73.4,87.0,6.0
2024-08-31 21:00:00,29.7,0.0,77.4,65.0,4.2
2024-08-31 22:00:00,29.5,0.0,75.5,49.0,2.0
2024-08-31 23:00:00,29.4,0.0,76.7,87.0,4.4
2024-09-01 00:00:00,29.2,0.0,78.3,85.0,4.9
2024-09-01 01:00:00,29.1,0.0,80.8,111.0,4.5
2024-09-01 02:00:00,28.7,0.0,81.3,66.0,4.5
2024-09-01 03:00:00,28.6,0.0,81.3,55.0,3.3
2024-09-01 04:00:00,28.6,0.0,80.8,55.0,2.7
2024-09-01 05:00:00,28.4,0.0,83.3,72.0,4.7
2024-09-01 06:00:00,28.4,0.0,82.0,96.0,5.0
2024-09-01 07:00:00,28.4,0.0,82.0,84.0,3.4
2024-09-01 08:00:00,28.5,0.0,82.3,79.0,5.9
2024-09-01 09:00:00,29.0,0.0,80.0,83.0,5.5
2024-09-01 10:00:00,29.5,0.0,76.5,134.0,4.9
2024-09-01 11:00:00,30.2,0.0,73.1,125.0,5.9
2024-09-01 12:00:00,31.1,0.0,66.7,123.0,5.3
2024-09-01 13:00:00,31.6,0.0,65.8,149.0,5.8
2024-09-01 14:00:00,30.7,0.0,70.8,184.0,9.39999
2024-09-01 15:00:00,31.1,0.0,69.9,185.0,9.60001
2024-09-01 16:00:00,31.5,0.0,66.9,185.0,8.8
2024-09-01 17:00:00,31.8,0.0,63.2,184.0,9.89999
2024-09-01 18:00:00,31.0,0.0,68.6,179.0,5.9
2024-09-01 19:00:00,31.0,0.0,64.3,104.0,6.5
2024-09-01 20:00:00,30.4,0.0,70.6,104.0,5.4
2024-09-01 21:00:00,30.4,0.0,70.9,94.0,5.6
2024-09-01 22:00:00,30.1,0.0,75.0,80.0,5.5
2024-09-01 23:00:00,29.8,0.0,80.0,87.0,6.6
2024-09-02 00:00:00,29.5,0.0,82.0,111.0,5.7
2024-09-02 01:00:00,29.2,0.0,82.5,90.0,7.6
2024-09-02 02:00:00,29.0,0.0,82.1,85.0,6.5
2024-09-02 03:00:00,28.9,0.0,81.9,88.0,5.2
2024-09-02 04:00:00,29.0,0.0,80.5,91.0,4.0
2024-09-02 05:00:00,28.8,0.0,80.7,97.0,6.8
2024-09-02 06:00:00,28.8,0.0,79.5,94.0,5.7
2024-09-02 07:00:00,28.9,0.0,79.2,102.0,6.8
2024-09-02 08:00:00,29.2,0.0,78.7,98.0,4.6
2024-09-02 09:00:00,29.4,0.0,78.4,112.0,6.1
2024-09-02 10:00:00,29.5,0.0,78.4,116.0,9.10001
2024-09-02 11:00:00,30.3,0.0,73.2,110.0,8.60001
2024-09-02 12:00:00,30.6,0.0,69.8,118.0,9.5
2024-09-02 13:00:00,31.5,0.0,66.2,122.0,6.6
2024-09-02 14:00:00,32.0,0.0,64.1,129.0,7.5
2024-09-02 15:00:00,32.7,0.0,57.5,112.0,6.7
2024-09-02 16:00:00,33.2,0.0,57.4,119.0,4.2
2024-09-02 17:00:00,32.2,0.0,63.3,114.0,5.9
2024-09-02 18:00:00,31.2,0.0,65.5,109.0,8.2
2024-09-02 19:00:00,31.0,0.0,67.1,111.0,5.6
2024-09-02 20:00:00,30.6,0.0,70.8,115.0,6.3
2024-09-02 21:00:00,30.3,0.0,73.7,114.0,5.5
2024-09-02 22:00:00,30.0,0.0,77.6,82.0,5.1
2024-09-02 23:00:00,29.8,0.0,80.2,91.0,5.6
2024-09-03 00:00:00,29.6,0.0,78.9,81.0,6.4
2024-09-03 01:00:00,29.7,0.0,69.6,92.0,7.1
2024-09-03 02:00:00,29.5,0.0,69.6,87.0,6.1
2024-09-03 03:00:00,29.1,0.0,75.4,87.0,6.9
2024-09-03 04:00:00,29.2,0.0,76.6,98.0,4.0
2024-09-03 05:00:00,29.0,0.0,77.8,96.0,5.6
2024-09-03 06:00:00,28.7,0.0,80.6,74.0,5.2
2024-09-03 07:00:00,28.9,0.0,80.3,99.0,5.9
2024-09-03 08:00:00,29.1,0.0,81.1,104.0,5.8
2024-09-03 09:00:00,29.9,0.0,78.8,99.0,5.4
2024-09-03 10:00:00,30.2,0.0,77.5,103.0,6.6
2024-09-03 11:00:00,30.2,0.0,75.3,130.0,7.9
2024-09-03 12:00:00,27.0,0.0,82.8,229.0,20.8
2024-09-03 13:00:00,28.2,0.0,78.6,306.0,7.1
2024-09-03 14:00:00,29.2,0.0,75.4,156.0,3.4
2024-09-03 15:00:00,29.9,0.0,72.9,182.0,6.1
2024-09-03 16:00:00,30.6,0.0,69.6,192.0,7.7
2024-09-03 17:00:00,30.0,0.0,72.2,183.0,7.5
2024-09-03 18:00:00,30.1,0.0,72.5,181.0,5.1
2024-09-03 19:00:00,29.7,0.0,74.0,186.0,3.4
2024-09-03 20:00:00,29.7,0.0,74.8,188.0,3.2
2024-09-03 21:00:00,30.0,0.0,74.3,150.0,2.5
2024-09-03 22:00:00,29.7,0.0,75.6,59.0,3.4
2024-09-03 23:00:00,29.5,0.0,77.7,62.0,2.7
2024-09-04 00:00:00,29.3,0.0,74.5,51.0,2.6
2024-09-04 01:00:00,28.6,0.0,80.8,4.0,4.0
2024-09-04 02:00:00,28.5,0.0,82.4,35.0,2.0
2024-09-04 03:00:00,28.6,0.0,82.1,12.0,3.0
2024-09-04 04:00:00,28.5,0.0,82.2,76.0,3.4
2024-09-04 05:00:00,28.4,0.0,83.3,68.0,4.3
2024-09-04 06:00:00,28.5,0.0,82.0,56.0,3.4
2024-09-04 07:00:00,28.6,0.0,81.1,76.0,3.3
2024-09-04 08:00:00,28.9,0.0,80.9,82.0,4.7
2024-09-04 09:00:00,29.3,0.0,78.9,87.0,5.1
2024-09-04 10:00:00,24.8,0.0,98.1,182.0,24.7
2024-09-04 11:00:00,24.2,0.2,96.3,185.0,19.7
2024-09-04 12:00:00,24.9,0.4,98.3,184.0,12.5
2024-09-04 13:00:00,26.1,0.0,84.8,181.0,15.1
2024-09-04 14:00:00,27.0,0.0,80.9,174.0,8.10001
2024-09-04 15:00:00,27.2,0.0,78.8,171.0,6.5
2024-09-04 16:00:00,27.4,0.0,73.4,176.0,4.5
2024-09-04 17:00:00,28.4,0.0,71.6,187.0,3.8
2024-09-04 18:00:00,28.2,0.0,70.4,166.0,6.9
2024-09-04 19:00:00,28.5,0.0,68.8,174.0,4.4
2024-09-04 20:00:00,28.2,0.0,73.1,169.0,3.7
2024-09-04 21:00:00,28.1,0.0,75.9,156.0,2.9
2024-09-04 22:00:00,28.2,0.0,76.2,154.0,2.1
2024-09-04 23:00:00,28.3,0.0,77.0,201.0,2.4
2024-09-05 00:00:00,28.4,0.0,76.9,224.0,2.3
2024-09-05 01:00:00,27.9,0.0,79.9,306.0,1.4
2024-09-05 02:00:00,27.6,0.0,82.3,326.0,1.9
2024-09-05 03:00:00,27.3,0.0,84.1,330.0,3.2
2024-09-05 04:00:00,27.1,0.0,84.7,11.0,2.0
2024-09-05 05:00:00,27.6,0.0,84.8,345.0,1.8
2024-09-05 06:00:00,27.3,0.0,85.9,349.0,3.6
2024-09-05 07:00:00,27.1,0.0,87.9,344.0,2.3
2024-09-05 08:00:00,27.5,0.0,86.9,7.0,1.4
2024-09-05 09:00:00,29.1,0.0,80.4,187.0,5.0
2024-09-05 10:00:00,29.3,0.0,77.4,178.0,5.5
2024-09-05 11:00:00,29.7,0.0,71.0,183.0,7.6
2024-09-05 12:00:00,30.6,0.0,68.6,171.0,6.2
2024-09-05 13:00:00,30.4,0.0,69.3,120.0,5.2
2024-09-05 14:00:00,30.4,0.0,70.1,185.0,8.5
2024-09-05 15:00:00,31.4,0.0,68.4,187.0,8.89999
2024-09-05 16:00:00,30.7,0.0,67.2,185.0,11.0
2024-09-05 17:00:00,31.0,0.0,69.1,118.0,8.3
2024-09-05 18:00:00,30.7,0.0,69.0,122.0,7.7
2024-09-05 19:00:00,29.9,0.0,74.1,124.0,8.5
2024-09-05 20:00:00,29.5,0.0,73.7,118.0,6.5
2024-09-05 21:00:00,29.2,0.0,74.8,128.0,5.8
2024-09-05 22:00:00,29.2,0.0,76.3,115.0,5.4
2024-09-05 23:00:00,29.2,0.0,78.3,119.0,4.4
2024-09-06 00:00:00,29.2,0.0,77.7,113.0,4.4
2024-09-06 01:00:00,29.2,0.0,76.7,96.0,3.3
2024-09-06 02:00:00,29.0,0.0,78.8,83.0,3.9
2024-09-06 03:00:00,28.6,0.0,81.5,72.0,4.2
2024-09-06 04:00:00,28.8,0.0,78.8,93.0,4.1
2024-09-06 05:00:00,28.6,0.0,80.1,89.0,6.8
2024-09-06 06:00:00,28.6,0.0,81.6,118.0,5.5
2024-09-06 07:00:00,28.6,0.0,81.3,92.0,6.8
2024-09-06 08:00:00,29.1,0.0,78.5,107.0,5.9
2024-09-06 09:00:00,29.5,0.0,74.9,92.0,7.3
2024-09-06 10:00:00,29.9,0.0,73.5,80.0,6.5
2024-09-06 11:00:00,30.5,0.0,71.9,120.0,4.9
2024-09-06 12:00:00,30.5,0.0,69.8,107.0,8.3
2024-09-06 13:00:00,31.3,0.0,65.5,146.0,6.7
2024-09-06 14:00:00,31.3,0.0,66.4,127.0,6.2
2024-09-06 15:00:00,32.0,0.0,60.0,121.0,6.2
2024-09-06 16:00:00,32.2,0.0,60.1,126.0,5.4
2024-09-06 17:00:00,31.6,0.0,66.0,116.0,5.8
2024-09-06 18:00:00,31.0,0.0,65.7,117.0,7.1
2024-09-06 19:00:00,30.2,0.0,73.4,119.0,7.3
2024-09-06 20:00:00,30.1,0.0,73.8,110.0,6.4
2024-09-06 21:00:00,29.8,0.0,73.1,93.0,6.9
2024-09-06 22:00:00,29.6,0.0,77.2,93.0,7.3
2024-09-06 23:00:00,29.5,0.0,77.6,94.0,5.5
2024-09-07 00:00:00,29.4,0.0,75.8,95.0,6.1
2024-09-07 01:00:00,29.2,0.0,78.2,100.0,6.4
2024-09-07 02:00:00,29.1,0.0,78.2,86.0,6.2
2024-09-07 03:00:00,29.0,0.0,78.4,101.0,7.4
2024-09-07 04:00:00,28.8,0.0,80.3,83.0,6.5
2024-09-07 05:00:00,28.9,0.0,80.3,89.0,6.5
2024-09-07 06:00:00,28.8,0.0,81.3,84.0,6.2
2024-09-07 07:00:00,29.0,0.0,81.2,89.0,5.1
2024-09-07 08:00:00,29.2,0.0,79.4,85.0,6.3
2024-09-07 09:00:00,29.4,0.0,77.8,122.0,5.6
2024-09-07 10:00:00,30.2,0.0,73.4,112.0,7.7
2024-09-07 11:00:00,30.7,0.0,71.3,121.0,7.9
2024-09-07 12:00:00,31.1,0.0,65.2,109.0,9.7
2024-09-07 13:00:00,30.9,0.0,68.7,119.0,9.2
2024-09-07 14:00:00,31.6,0.0,64.4,113.0,8.3
2024-09-07 15:00:00,31.6,0.0,58.6,113.0,10.8
2024-09-07 16:00:00,31.3,0.0,65.4,111.0,10.2
2024-09-07 17:00:00,31.4,0.0,65.2,104.0,7.8
2024-09-07 18:00:00,31.0,0.0,65.3,87.0,8.0
2024-09-07 19:00:00,30.3,0.0,70.9,96.0,5.2
2024-09-07 20:00:00,30.4,0.0,68.9,84.0,6.5
2024-09-07 21:00:00,29.9,0.0,69.0,98.0,8.7
2024-09-07 22:00:00,29.6,0.0,72.1,97.0,6.7
2024-09-07 23:00:00,29.7,0.0,74.2,102.0,5.3
2024-09-08 00:00:00,29.6,0.0,75.0,96.0,4.8
2024-09-08 01:00:00,29.5,0.0,75.7,85.0,6.3
2024-09-08 02:00:00,29.3,0.0,76.1,89.0,7.4
2024-09-08 03:00:00,29.2,0.0,77.1,117.0,7.1
2024-09-08 04:00:00,29.0,0.0,77.6,94.0,4.5
2024-09-08 05:00:00,29.0,0.0,78.8,97.0,4.4
2024-09-08 06:00:00,29.0,0.0,79.3,93.0,4.1
2024-09-08 07:00:00,28.9,0.0,78.3,93.0,2.6
2024-09-08 08:00:00,29.6,0.0,75.7,94.0,2.6
2024-09-08 09:00:00,29.6,0.0,75.1,116.0,5.7
2024-09-08 10:00:00,30.4,0.0,71.3,130.0,4.2
2024-09-08 11:00:00,30.3,0.0,72.6,109.0,7.1
2024-09-08 12:00:00,30.6,0.0,68.3,116.0,5.9
2024-09-08 13:00:00,29.9,0.0,78.2,192.0,7.6
2024-09-08 14:00:00,27.7,0.0,77.6,58.0,5.7
2024-09-08 15:00:00,27.8,0.0,71.9,6.0,5.5
2024-09-08 16:00:00,28.7,0.0,66.0,339.0,5.0
2024-09-08 17:00:00,29.3,0.0,64.5,1.0,4.8
2024-09-08 18:00:00,28.5,0.0,76.7,297.0,3.9
2024-09-08 19:00:00,28.1,0.0,81.6,123.0,6.0
2024-09-08 20:00:00,28.3,0.0,78.2,110.0,3.4
2024-09-08 21:00:00,27.9,0.0,81.1,136.0,4.3
2024-09-08 22:00:00,28.0,0.0,77.1,111.0,5.3
2024-09-08 23:00:00,27.8,0.0,78.9,117.0,5.9
2024-09-09 00:00:00,28.4,0.0,75.6,80.0,3.3
2024-09-09 01:00:00,28.3,0.0,75.5,125.0,3.2
2024-09-09 02:00:00,28.2,0.0,79.5,183.0,1.9
2024-09-09 03:00:00,28.2,0.0,81.5,130.0,2.5
2024-09-09 04:00:00,28.3,0.0,80.0,74.0,3.4
2024-09-09 05:00:00,28.4,0.0,82.0,103.0,3.4
2024-09-09 06:00:00,28.3,0.0,83.2,102.0,2.8
2024-09-09 07:00:00,28.1,0.0,84.3,57.0,3.9
2024-09-09 08:00:00,27.5,0.0,86.8,295.0,5.4
2024-09-09 09:00:00,27.6,0.0,76.1,247.0,8.5
2024-09-09 10:00:00,28.5,0.0,71.5,304.0,4.1
2024-09-09 11:00:00,29.2,0.0,67.8,174.0,4.6
2024-09-09 12:00:00,29.8,0.0,65.5,182.0,9.10001
2024-09-09 13:00:00,29.1,0.0,74.3,178.0,10.3
2024-09-09 14:00:00,29.1,0.0,74.7,182.0,10.0
2024-09-09 15:00:00,28.0,0.0,80.1,130.0,6.5
2024-09-09 16:00:00,28.5,0.0,79.4,134.0,4.7
2024-09-09 17:00:00,28.4,0.0,78.1,86.0,5.2
2024-09-09 18:00:00,28.2,0.0,74.8,97.0,4.8
2024-09-09 19:00:00,28.1,0.0,78.5,93.0,3.5
2024-09-09 20:00:00,28.2,0.0,76.8,68.0,4.5
2024-09-09 21:00:00,27.8,0.0,84.2,98.0,6.7
2024-09-09 22:00:00,27.8,0.0,86.6,125.0,5.4
2024-09-09 23:00:00,27.7,0.0,82.5,133.0,4.9
2024-09-10 00:00:00,27.7,0.0,83.2,138.0,4.1
2024-09-10 01:00:00,27.9,0.0,80.8,147.0,3.5
2024-09-10 02:00:00,27.6,0.0,83.1,143.0,5.8
2024-09-10 03:00:00,27.8,0.0,80.9,157.0,4.1
2024-09-10 04:00:00,23.8,5.0,96.9,307.0,17.4
2024-09-10 05:00:00,24.7,0.2,99.3,317.0,3.9
2024-09-10 06:00:00,25.5,0.2,91.9,313.0,4.1
2024-09-10 07:00:00,25.1,0.4,90.7,296.0,1.5
2024-09-10 08:00:00,26.1,0.0,83.7,154.0,3.4
2024-09-10 09:00:00,27.5,0.0,86.6,165.0,3.7
2024-09-10 10:00:00,27.8,0.0,80.5,181.0,8.2
2024-09-10 11:00:00,27.9,0.0,80.9,182.0,10.7
2024-09-10 12:00:00,28.3,0.0,81.1,183.0,9.3
2024-09-10 13:00:00,28.8,0.0,77.9,186.0,6.9
2024-09-10 14:00:00,29.7,0.0,67.6,138.0,4.6
2024-09-10 15:00:00,29.3,0.0,67.4,181.0,7.7
2024-09-10 16:00:00,29.7,0.0,67.8,174.0,7.4
2024-09-10 17:00:00,29.3,0.0,74.8,183.0,7.8
2024-09-10 18:00:00,29.7,0.0,71.3,268.0,7.0
2024-09-10 19:00:00,29.9,0.0,64.0,234.0,3.9
2024-09-10 20:00:00,29.5,0.0,72.7,175.0,6.3
2024-09-10 21:00:00,29.3,0.0,77.8,205.0,5.7
2024-09-10 22:00:00,29.4,0.0,76.4,188.0,6.9
2024-09-10 23:00:00,29.3,0.0,77.8,193.0,5.3
2024-09-11 00:00:00,28.5,0.0,76.3,283.0,3.9
2024-09-11 01:00:00,28.6,0.0,77.4,301.0,2.1
2024-09-11 02:00:00,28.7,0.0,79.2,206.0,4.5
2024-09-11 03:00:00,28.5,0.0,80.8,339.0,1.8
2024-09-11 04:00:00,28.5,0.0,79.9,43.0,1.7
2024-09-11 05:00:00,28.8,0.0,81.9,175.0,2.0
2024-09-11 06:00:00,28.7,0.0,82.5,167.0,1.5
2024-09-11 07:00:00,29.0,0.0,77.7,171.0,2.8
2024-09-11 08:00:00,29.2,0.0,77.7,161.0,2.6
2024-09-11 09:00:00,29.8,0.0,74.8,168.0,4.3
2024-09-11 10:00:00,30.2,0.0,74.3,133.0,3.7
2024-09-11 11:00:00,31.1,0.0,66.9,176.0,5.7
2024-09-11 12:00:00,30.2,0.0,72.7,183.0,7.4
2024-09-11 13:00:00,30.8,0.0,67.4,179.0,6.5
2024-09-11 14:00:00,30.9,0.0,67.8,183.0,8.3
2024-09-11 15:00:00,30.4,0.0,70.2,181.0,8.8
2024-09-11 16:00:00,30.1,0.0,74.6,143.0,6.7
2024-09-11 17:00:00,29.9,0.0,72.2,93.0,5.3
2024-09-11 18:00:00,27.2,1.0,81.0,311.0,7.0
2024-09-11 19:00:00,27.6,0.0,81.4,4.0,3.5
2024-09-11 20:00:00,28.5,0.0,79.5,120.0,3.4
2024-09-11 21:00:00,28.8,0.0,82.0,118.0,4.2
2024-09-11 22:00:00,29.0,0.0,82.5,120.0,3.5
2024-09-11 23:00:00,28.9,0.0,83.4,126.0,3.6
2024-09-12 00:00:00,28.8,0.0,80.9,117.0,3.6
2024-09-12 01:00:00,28.8,0.0,82.5,150.0,3.8
2024-09-12 02:00:00,28.0,0.0,71.6,205.0,15.1
2024-09-12 03:00:00,26.1,0.0,89.6,91.0,4.0
2024-09-12 04:00:00,27.1,0.0,84.7,202.0,10.6
2024-09-12 05:00:00,27.3,0.0,86.7,206.0,10.1
2024-09-12 06:00:00,27.5,0.0,87.3,179.0,5.9
2024-09-12 07:00:00,27.7,0.0,83.0,194.0,5.3
2024-09-12 08:00:00,28.0,0.0,80.9,175.0,6.6
2024-09-12 09:00:00,28.1,0.0,78.7,165.0,6.6
2024-09-12 10:00:00,27.6,0.0,81.4,178.0,9.60001
2024-09-12 11:00:00,28.1,0.0,77.2,176.0,8.60001
2024-09-12 12:00:00,27.9,0.0,78.4,175.0,11.2
2024-09-12 13:00:00,28.7,0.0,76.4,182.0,7.6
2024-09-12 14:00:00,28.9,0.0,72.9,177.0,7.6
2024-09-12 15:00:00,29.7,0.0,69.3,182.0,7.8
2024-09-12 16:00:00,29.3,0.0,68.7,146.0,6.6
2024-09-12 17:00:00,30.3,0.0,63.2,182.0,5.5
2024-09-12 18:00:00,29.5,0.0,65.9,190.0,7.0
2024-09-12 19:00:00,29.4,0.0,69.3,177.0,6.3
2024-09-12 20:00:00,29.2,0.0,77.2,127.0,4.9
2024-09-12 21:00:00,28.9,0.0,77.4,136.0,6.0
2024-09-12 22:00:00,28.9,0.0,76.8,134.0,5.2
2024-09-12 23:00:00,28.9,0.0,77.2,138.0,3.2
2024-09-13 00:00:00,27.7,0.0,85.1,176.0,5.6
2024-09-13 01:00:00,28.3,0.0,81.1,184.0,3.8
2024-09-13 02:00:00,28.3,0.0,83.4,195.0,2.5
2024-09-13 03:00:00,28.4,0.0,76.8,184.0,5.5
2024-09-13 04:00:00,28.1,0.0,79.8,202.0,6.5
2024-09-13 05:00:00,28.3,0.0,81.5,218.0,5.1
2024-09-13 06:00:00,28.0,0.0,82.8,312.0,2.7
2024-09-13 07:00:00,28.3,0.0,77.6,198.0,4.1
2024-09-13 08:00:00,28.5,0.0,78.0,175.0,3.7
2024-09-13 09:00:00,28.7,0.0,79.3,194.0,5.3
2024-09-13 10:00:00,29.4,0.0,72.2,198.0,6.2
2024-09-13 11:00:00,29.1,0.0,74.2,200.0,7.3
2024-09-13 12:00:00,29.6,0.0,67.7,190.0,8.39999
2024-09-13 13:00:00,29.4,0.0,68.0,187.0,9.0
2024-09-13 14:00:00,29.8,0.0,68.9,189.0,9.0
2024-09-13 15:00:00,30.7,0.0,67.8,187.0,7.9
2024-09-13 16:00:00,30.5,0.0,68.5,185.0,7.1
2024-09-13 17:00:00,30.3,0.0,71.5,182.0,6.8
2024-09-13 18:00:00,30.7,0.0,59.3,144.0,6.3
2024-09-13 19:00:00,30.0,0.0,66.9,137.0,5.8
2024-09-13 20:00:00,29.7,0.0,70.3,118.0,4.2
2024-09-13 21:00:00,29.4,0.0,73.5,113.0,4.2
2024-09-13 22:00:00,29.4,0.0,73.5,126.0,3.9
2024-09-13 23:00:00,29.8,0.0,71.1,102.0,2.7
2024-09-14 00:00:00,29.5,0.0,73.5,109.0,3.6
2024-09-14 01:00:00,29.3,0.0,76.1,103.0,2.8
2024-09-14 02:00:00,29.3,0.0,74.9,129.0,2.6
2024-09-14 03:00:00,29.4,0.0,73.2,146.0,4.2
2024-09-14 04:00:00,24.6,0.8,99.3,265.0,11.3
2024-09-14 05:00:00,26.0,0.0,85.6,186.0,6.7
2024-09-14 06:00:00,26.0,0.0,87.5,181.0,6.1
2024-09-14 07:00:00,26.5,0.0,83.9,172.0,6.5
2024-09-14 08:00:00,25.7,0.0,89.3,147.0,8.2
2024-09-14 09:00:00,25.8,0.2,89.1,150.0,5.3
2024-09-14 10:00:00,27.3,0.0,79.8,159.0,5.5
2024-09-14 11:00:00,27.5,0.0,83.0,127.0,5.5
2024-09-14 12:00:00,28.1,0.0,78.7,136.0,7.4
2024-09-14 13:00:00,28.8,0.0,72.3,121.0,6.9
2024-09-14 14:00:00,29.3,0.0,66.7,135.0,5.6
2024-09-14 15:00:00,30.2,0.0,62.5,142.0,4.7
2024-09-14 16:00:00,30.0,0.0,63.1,156.0,6.1
2024-09-14 17:00:00,29.8,0.0,66.6,180.0,3.8
2024-09-14 18:00:00,30.1,0.0,66.6,194.0,6.2
2024-09-14 19:00:00,29.9,0.0,61.1,119.0,5.4
2024-09-14 20:00:00,29.8,0.0,61.5,113.0,4.4
2024-09-14 21:00:00,29.8,0.0,60.9,138.0,3.2
2024-09-14 22:00:00,29.5,0.0,61.5,77.0,3.1
2024-09-14 23:00:00,29.1,0.0,70.0,66.0,2.5
2024-09-15 00:00:00,29.1,0.0,69.7,72.0,2.7
2024-09-15 01:00:00,28.9,0.0,74.4,92.0,5.6
2024-09-15 02:00:00,28.7,0.0,76.7,34.0,2.3
2024-09-15 03:00:00,28.1,0.0,79.3,323.0,5.0
2024-09-15 04:00:00,27.6,0.0,77.0,339.0,2.9
2024-09-15 05:00:00,27.6,0.0,77.9,350.0,2.1
2024-09-15 06:00:00,27.6,0.0,81.0,2.0,3.9
2024-09-15 07:00:00,28.7,0.0,75.4,87.0,3.9
2024-09-15 08:00:00,28.9,0.0,75.9,126.0,3.8
2024-09-15 09:00:00,28.4,0.0,77.0,112.0,6.0
2024-09-15 10:00:00,28.5,0.0,79.0,113.0,7.0
2024-09-15 11:00:00,28.0,0.0,77.2,141.0,6.3
2024-09-15 12:00:00,26.0,0.0,88.2,182.0,10.5
2024-09-15 13:00:00,26.5,0.0,85.3,190.0,9.7
2024-09-15 14:00:00,28.0,0.0,75.1,155.0,3.2
2024-09-15 15:00:00,28.3,0.0,77.2,114.0,7.8
2024-09-15 16:00:00,30.0,0.0,72.2,129.0,5.2
2024-09-15 17:00:00,28.9,0.0,70.3,150.0,4.6
2024-09-15 18:00:00,29.3,0.0,68.9,168.0,3.3
2024-09-15 19:00:00,28.6,0.0,73.2,158.0,2.7
2024-09-15 20:00:00,28.1,0.0,79.2,112.0,2.6
2024-09-15 21:00:00,28.3,0.0,77.7,335.0,2.7
2024-09-15 22:00:00,28.5,0.0,77.0,47.0,2.0
2024-09-15 23:00:00,28.5,0.0,78.6,112.0,3.4
2024-09-16 00:00:00,28.4,0.0,76.4,77.0,3.2
2024-09-16 01:00:00,28.4,0.0,74.2,78.0,3.3
2024-09-16 02:00:00,28.5,0.0,73.1,124.0,3.4
2024-09-16 03:00:00,28.4,0.0,72.8,142.0,2.5
2024-09-16 04:00:00,28.2,0.0,75.3,180.0,5.6
2024-09-16 05:00:00,28.2,0.0,75.7,176.0,5.9
2024-09-16 06:00:00,28.4,0.0,74.6,163.0,5.3
2024-09-16 07:00:00,28.3,0.0,79.3,169.0,4.6
2024-09-16 08:00:00,28.1,0.0,83.9,172.0,5.2
2024-09-16 09:00:00,28.5,0.0,82.0,207.0,5.6
2024-09-16 10:00:00,29.1,0.0,80.5,177.0,6.5
2024-09-16 11:00:00,29.4,0.0,77.1,178.0,8.0
2024-09-16 12:00:00,29.1,0.0,79.9,177.0,7.8
2024-09-16 13:00:00,30.4,0.0,72.8,171.0,7.6
2024-09-16 14:00:00,30.0,0.0,72.4,177.0,9.2
2024-09-16 15:00:00,30.3,0.0,67.5,175.0,7.0
2024-09-16 16:00:00,30.6,0.0,66.5,182.0,7.9
2024-09-16 17:00:00,30.5,0.0,67.6,177.0,6.5
2024-09-16 18:00:00,30.6,0.0,67.9,175.0,6.9
2024-09-16 19:00:00,30.1,0.0,74.1,113.0,6.5
2024-09-16 20:00:00,29.2,0.0,76.7,115.0,7.9
2024-09-16 21:00:00,29.2,0.0,75.7,111.0,7.2
2024-09-16 22:00:00,28.8,0.0,77.4,109.0,7.1
2024-09-16 23:00:00,28.7,0.0,76.3,106.0,8.0
2024-09-17 00:00:00,28.9,0.0,76.2,109.0,4.9
2024-09-17 01:00:00,28.8,0.0,77.8,126.0,4.6
2024-09-17 02:00:00,29.0,0.0,80.2,151.0,4.4
2024-09-17 03:00:00,28.8,0.0,77.0,167.0,6.2
2024-09-17 04:00:00,28.5,0.0,79.0,178.0,9.60001
2024-09-17 05:00:00,28.7,0.0,76.1,188.0,6.5
2024-09-17 06:00:00,28.8,0.0,78.0,190.0,5.3
2024-09-17 07:00:00,27.8,0.0,79.0,176.0,5.4
2024-09-17 08:00:00,28.8,0.0,76.6,180.0,5.2
2024-09-17 09:00:00,29.5,0.0,71.9,177.0,6.8
2024-09-17 10:00:00,29.7,0.0,70.2,180.0,9.60001
2024-09-17 11:00:00,30.2,0.0,69.1,186.0,10.0
2024-09-17 12:00:00,29.9,0.0,63.8,176.0,9.60001
2024-09-17 13:00:00,30.1,0.0,65.6,180.0,7.8
2024-09-17 14:00:00,30.6,0.0,66.4,170.0,8.89999
2024-09-17 15:00:00,31.2,0.0,57.6,238.0,16.7
2024-09-17 16:00:00,30.9,0.0,65.5,216.0,10.5
2024-09-17 17:00:00,31.1,0.0,61.3,227.0,11.7
2024-09-17 18:00:00,30.8,0.0,70.0,175.0,5.6
2024-09-17 19:00:00,30.6,0.0,70.8,209.0,8.7
2024-09-17 20:00:00,25.2,0.2,94.4,207.0,10.4
2024-09-17 21:00:00,27.1,0.0,86.1,287.0,11.0
2024-09-17 22:00:00,28.1,0.0,83.7,263.0,8.60001
2024-09-17 23:00:00,28.2,0.0,80.1,255.0,11.5
2024-09-18 00:00:00,28.1,0.0,78.5,290.0,9.89999
2024-09-18 01:00:00,27.5,0.0,82.8,314.0,7.9
2024-09-18 02:00:00,28.3,0.0,73.1,255.0,10.8
2024-09-18 03:00:00,28.7,0.0,73.6,229.0,10.2
2024-09-18 04:00:00,29.0,0.0,61.5,235.0,16.4
2024-09-18 05:00:00,28.6,0.0,62.7,209.0,14.2
2024-09-18 06:00:00,27.9,0.0,68.9,202.0,14.0
2024-09-18 07:00:00,27.9,0.0,73.2,205.0,9.39999
2024-09-18 08:00:00,28.1,0.0,69.8,205.0,13.1
2024-09-18 09:00:00,28.3,0.0,72.0,207.0,10.8
2024-09-18 10:00:00,28.9,0.0,72.8,185.0,6.0
2024-09-18 11:00:00,29.6,0.0,61.2,185.0,5.9
2024-09-18 12:00:00,29.8,0.0,68.5,182.0,6.4
2024-09-18 13:00:00,30.5,0.0,62.5,183.0,5.9
2024-09-18 14:00:00,30.5,0.0,60.6,208.0,10.4
2024-09-18 15:00:00,30.5,0.0,59.7,204.0,9.89999
2024-09-18 16:00:00,31.1,0.0,53.3,203.0,12.4
2024-09-18 17:00:00,32.0,0.0,54.4,179.0,6.3
2024-09-18 18:00:00,31.1,0.0,59.5,134.0,5.4
2024-09-18 19:00:00,30.4,0.0,66.0,117.0,5.2
2024-09-18 20:00:00,29.7,0.0,64.8,122.0,5.7
2024-09-18 21:00:00,29.6,0.0,66.2,107.0,5.4
2024-09-18 22:00:00,29.7,0.0,65.0,110.0,4.2
2024-09-18 23:00:00,29.6,0.0,67.7,110.0,5.4
2024-09-19 00:00:00,29.4,0.0,71.1,112.0,5.8
2024-09-19 01:00:00,29.5,0.0,71.0,107.0,3.9
2024-09-19 02:00:00,29.4,0.0,70.4,167.0,5.2
2024-09-19 03:00:00,29.3,0.0,72.7,173.0,4.0
2024-09-19 04:00:00,29.1,0.0,76.5,174.0,3.6
2024-09-19 05:00:00,29.3,0.0,76.8,164.0,2.9
2024-09-19 06:00:00,29.5,0.0,73.2,195.0,5.8
2024-09-19 07:00:00,29.4,0.0,74.7,178.0,5.5
2024-09-19 08:00:00,29.4,0.0,72.4,177.0,7.2
2024-09-19 09:00:00,29.7,0.0,67.6,193.0,5.4
2024-09-19 10:00:00,30.8,0.0,61.4,198.0,6.1
2024-09-19 11:00:00,30.1,0.0,62.2,178.0,8.0
2024-09-19 12:00:00,31.3,0.0,55.5,188.0,7.3
2024-09-19 13:00:00,30.9,0.0,67.9,182.0,5.7
2024-09-19 14:00:00,30.2,0.0,70.9,181.0,8.39999
2024-09-19 15:00:00,31.0,0.0,64.8,178.0,6.7
2024-09-19 16:00:00,31.3,0.0,63.0,186.0,5.6
2024-09-19 17:00:00,30.4,0.0,68.7,144.0,5.7
2024-09-19 18:00:00,29.5,0.0,77.2,132.0,5.5
2024-09-19 19:00:00,29.6,0.0,72.2,107.0,4.2
2024-09-19 20:00:00,29.7,0.0,70.9,121.0,4.1
2024-09-19 21:00:00,29.6,0.0,72.5,116.0,5.8
2024-09-19 22:00:00,29.7,0.0,70.1,101.0,5.6
2024-09-19 23:00:00,29.6,0.0,71.6,87.0,5.7
2024-09-20 00:00:00,29.3,0.0,74.6,68.0,5.1
2024-09-20 01:00:00,29.2,0.0,74.2,65.0,3.7
2024-09-20 02:00:00,29.0,0.0,75.1,80.0,5.8
2024-09-20 03:00:00,29.0,0.0,74.2,97.0,4.9
2024-09-20 04:00:00,29.0,0.0,77.0,112.0,3.6
2024-09-20 05:00:00,28.8,0.0,79.1,94.0,6.3
2024-09-20 06:00:00,28.6,0.0,81.5,93.0,6.4
2024-09-20 07:00:00,28.8,0.0,80.3,110.0,5.7
2024-09-20 08:00:00,28.9,0.0,79.7,113.0,7.1
2024-09-20 09:00:00,29.5,0.0,78.9,103.0,7.0
2024-09-20 10:00:00,30.1,0.0,75.6,136.0,4.7
2024-09-20 11:00:00,30.3,0.0,71.8,179.0,6.3
2024-09-20 12:00:00,30.9,0.0,72.3,181.0,7.3
2024-09-20 13:00:00,30.9,0.0,70.6,172.0,8.10001
2024-09-20 14:00:00,30.5,0.0,71.8,170.0,7.7
2024-09-20 15:00:00,31.8,0.0,59.6,148.0,5.4
2024-09-20 16:00:00,31.5,0.0,63.7,169.0,4.2
2024-09-20 17:00:00,31.0,0.0,65.1,177.0,5.8
2024-09-20 18:00:00,30.8,0.0,64.3,123.0,5.9
2024-09-20 19:00:00,30.5,0.0,67.1,138.0,5.2
2024-09-20 20:00:00,30.4,0.0,67.8,120.0,4.7
2024-09-20 21:00:00,29.8,0.0,75.0,109.0,6.4
2024-09-20 22:00:00,29.9,0.0,75.5,107.0,5.3
2024-09-20 23:00:00,29.7,0.0,75.6,101.0,5.3
2024-09-21 00:00:00,24.1,0.4,99.3,253.0,13.8
2024-09-21 01:00:00,25.8,0.0,85.2,278.0,10.4
2024-09-21 02:00:00,26.1,0.0,80.4,249.0,4.9
2024-09-21 03:00:00,25.5,0.0,88.3,330.0,3.3
2024-09-21 04:00:00,26.3,0.0,87.2,229.0,5.1
2024-09-21 05:00:00,26.7,0.0,85.4,204.0,5.3
2024-09-21 06:00:00,27.2,0.0,85.7,208.0,5.5
2024-09-21 07:00:00,27.4,0.0,84.3,113.0,3.7
2024-09-21 08:00:00,27.0,0.0,87.5,78.0,3.3
2024-09-21 09:00:00,27.7,0.0,85.0,75.0,2.8
2024-09-21 10:00:00,29.2,0.0,75.6,166.0,2.3
2024-09-21 11:00:00,29.6,0.0,75.2,175.0,2.9
2024-09-21 12:00:00,29.4,0.0,74.2,132.0,4.9
2024-09-21 13:00:00,29.5,0.0,74.7,173.0,4.3
2024-09-21 14:00:00,30.0,0.0,71.9,174.0,3.4
2024-09-21 15:00:00,29.6,0.0,73.7,140.0,4.3
2024-09-21 16:00:00,30.0,0.0,73.4,147.0,3.7
2024-09-21 17:00:00,29.8,0.0,77.0,143.0,4.5
2024-09-21 18:00:00,29.9,0.0,73.1,142.0,2.9
2024-09-21 19:00:00,30.0,0.0,69.1,119.0,2.0
2024-09-21 20:00:00,29.7,0.0,73.6,140.0,2.8
2024-09-21 21:00:00,29.6,0.0,74.1,113.0,3.3
2024-09-21 22:00:00,29.2,0.0,80.5,117.0,4.0
2024-09-21 23:00:00,29.1,0.0,78.1,88.0,4.9
2024-09-22 00:00:00,29.0,0.0,77.0,77.0,3.0
2024-09-22 01:00:00,28.8,0.0,76.5,36.0,2.7
2024-09-22 02:00:00,28.7,0.0,77.0,14.0,2.9
2024-09-22 03:00:00,28.9,0.0,75.3,58.0,3.0
2024-09-22 04:00:00,28.8,0.0,74.6,45.0,2.4
2024-09-22 05:00:00,28.4,0.0,79.7,3.0,2.8
2024-09-22 06:00:00,28.4,0.0,79.8,16.0,2.2
2024-09-22 07:00:00,28.6,0.0,76.9,58.0,2.0
2024-09-22 08:00:00,30.1,0.0,61.6,43.0,2.6
2024-09-22 09:00:00,30.7,0.0,57.8,87.0,5.5
2024-09-22 10:00:00,31.5,0.0,49.0,111.0,6.4
2024-09-22 11:00:00,31.5,0.0,53.9,82.0,7.6
2024-09-22 12:00:00,31.5,0.0,60.1,143.0,5.3
2024-09-22 13:00:00,32.0,0.0,56.3,139.0,5.3
2024-09-22 14:00:00,31.6,0.0,60.7,111.0,6.7
2024-09-22 15:00:00,32.1,0.0,55.2,183.0,8.89999
2024-09-22 16:00:00,32.4,0.0,56.0,178.0,7.8
2024-09-22 17:00:00,32.1,0.0,59.0,178.0,6.0
2024-09-22 18:00:00,31.2,0.0,66.4,127.0,4.2
2024-09-22 19:00:00,31.2,0.0,67.0,134.0,3.6
2024-09-22 20:00:00,30.8,0.0,69.2,105.0,6.0
2024-09-22 21:00:00,30.3,0.0,75.6,80.0,6.1
2024-09-22 22:00:00,30.0,0.0,75.8,77.0,6.1
2024-09-22 23:00:00,29.9,0.0,73.9,56.0,4.1
2024-09-23 00:00:00,29.7,0.0,76.7,72.0,6.2
2024-09-23 01:00:00,29.6,0.0,77.3,66.0,5.7
2024-09-23 02:00:00,29.5,0.0,78.7,55.0,4.2
2024-09-23 03:00:00,29.5,0.0,77.7,71.0,5.6
2024-09-23 04:00:00,29.4,0.0,77.6,64.0,5.6
2024-09-23 05:00:00,29.3,0.0,80.1,64.0,4.6
2024-09-23 06:00:00,29.3,0.0,78.4,48.0,4.1
2024-09-23 07:00:00,29.3,0.0,79.8,62.0,3.9
2024-09-23 08:00:00,29.5,0.0,79.0,51.0,3.9
2024-09-23 09:00:00,30.8,0.0,70.5,42.0,4.7
2024-09-23 10:00:00,31.3,0.0,63.7,86.0,6.6
2024-09-23 11:00:00,31.9,0.0,61.8,90.0,7.6
2024-09-23 12:00:00,32.1,0.0,60.0,84.0,8.10001
2024-09-23 13:00:00,33.2,0.0,56.6,106.0,8.5
2024-09-23 14:00:00,31.0,0.0,66.6,126.0,9.8
2024-09-23 15:00:00,31.8,0.0,66.3,98.0,8.39999
2024-09-23 16:00:00,29.9,0.0,71.9,295.0,6.6
2024-09-23 17:00:00,28.6,0.0,79.2,354.0,5.8
2024-09-23 18:00:00,30.5,0.0,70.5,55.0,3.4
2024-09-23 19:00:00,28.8,0.0,79.7,18.0,3.8
2024-09-23 20:00:00,29.4,0.0,70.4,60.0,4.6
2024-09-23 21:00:00,28.7,0.0,69.3,2.0,6.3
2024-09-23 22:00:00,28.8,0.0,70.4,67.0,3.2
2024-09-23 23:00:00,28.7,0.0,73.8,350.0,3.8
2024-09-24 00:00:00,28.5,0.0,76.1,356.0,3.5
2024-09-24 01:00:00,28.3,0.0,79.1,357.0,4.3
2024-09-24 02:00:00,27.5,0.0,83.5,306.0,3.3
2024-09-24 03:00:00,27.7,0.0,83.3,340.0,3.8
2024-09-24 04:00:00,27.5,0.0,85.8,297.0,2.3
2024-09-24 05:00:00,27.6,0.0,86.5,314.0,3.1
2024-09-24 06:00:00,27.1,0.0,87.8,315.0,4.9
2024-09-24 07:00:00,27.0,0.0,88.7,302.0,3.8
2024-09-24 08:00:00,27.6,0.0,85.4,334.0,2.8
2024-09-24 09:00:00,28.6,0.0,81.2,290.0,2.7
2024-09-24 10:00:00,28.8,0.0,82.5,219.0,6.2
2024-09-24 11:00:00,29.4,0.0,78.5,170.0,4.6
2024-09-24 12:00:00,30.4,0.0,66.8,98.0,4.5
2024-09-24 13:00:00,28.7,0.0,78.9,111.0,8.60001
2024-09-24 14:00:00,28.3,0.0,82.8,112.0,7.0
2024-09-24 15:00:00,23.6,8.39999,98.3,320.0,12.5
2024-09-24 16:00:00,25.6,0.0,88.7,329.0,3.4
2024-09-24 17:00:00,28.0,0.0,80.9,322.0,4.1
2024-09-24 18:00:00,28.1,0.0,75.0,302.0,5.2
2024-09-24 19:00:00,28.4,0.0,75.1,2.0,2.6
2024-09-24 20:00:00,28.1,0.0,75.9,353.0,3.0
2024-09-24 21:00:00,28.1,0.0,75.3,339.0,2.7
2024-09-24 22:00:00,27.9,0.0,75.9,326.0,2.8
2024-09-24 23:00:00,27.5,0.0,81.1,18.0,3.3
2024-09-25 00:00:00,27.3,0.0,84.5,316.0,2.8
2024-09-25 01:00:00,27.4,0.0,82.5,12.0,1.6
2024-09-25 02:00:00,27.5,0.0,82.4,350.0,1.3
2024-09-25 03:00:00,27.3,0.0,83.9,9.0,3.1
2024-09-25 04:00:00,27.5,0.0,81.4,6.0,2.4
2024-09-25 05:00:00,27.4,0.0,82.4,356.0,2.2
2024-09-25 06:00:00,27.1,0.0,84.2,303.0,2.6
2024-09-25 07:00:00,27.5,0.0,80.9,53.0,2.8
2024-09-25 08:00:00,28.5,0.0,75.4,28.0,2.4
2024-09-25 09:00:00,29.9,0.0,68.9,165.0,2.1
2024-09-25 10:00:00,30.2,0.0,67.7,148.0,4.5
2024-09-25 11:00:00,30.9,0.0,72.8,176.0,4.5
2024-09-25 12:00:00,24.7,1.0,92.5,287.0,11.9
2024-09-25 13:00:00,24.7,0.0,99.3,97.0,3.2
2024-09-25 14:00:00,26.6,0.0,86.7,174.0,5.4
2024-09-25 15:00:00,27.3,0.0,86.3,105.0,2.7
2024-09-25 16:00:00,27.0,0.0,88.1,341.0,7.0
2024-09-25 17:00:00,27.2,0.0,86.7,345.0,3.9
2024-09-25 18:00:00,27.5,0.0,84.1,23.0,3.6
2024-09-25 19:00:00,27.2,0.0,84.0,57.0,4.0
2024-09-25 20:00:00,27.1,0.0,83.0,354.0,4.2
2024-09-25 21:00:00,26.9,0.0,83.7,32.0,3.1
2024-09-25 22:00:00,26.8,0.0,85.3,11.0,5.1
2024-09-25 23:00:00,26.3,0.0,87.6,16.0,5.7
2024-09-26 00:00:00,26.7,0.0,86.6,9.0,3.3
2024-09-26 01:00:00,26.6,0.0,88.8,21.0,3.7
2024-09-26 02:00:00,26.4,0.0,89.1,3.0,5.9
2024-09-26 03:00:00,26.2,0.0,88.8,9.0,5.8
2024-09-26 04:00:00,26.2,0.0,89.7,35.0,4.0
2024-09-26 05:00:00,26.3,0.0,90.4,16.0,4.0
2024-09-26 06:00:00,26.2,0.0,90.3,24.0,2.6
2024-09-26 07:00:00,26.6,0.0,87.2,308.0,3.3
2024-09-26 08:00:00,25.0,0.4,87.5,220.0,24.3
2024-09-26 09:00:00,23.8,0.2,90.0,220.0,16.3
2024-09-26 10:00:00,25.0,0.0,88.0,221.0,14.6
2024-09-26 11:00:00,25.0,0.2,88.6,207.0,14.1
2024-09-26 12:00:00,25.8,0.0,83.6,207.0,14.2
2024-09-26 13:00:00,26.6,0.0,75.7,203.0,16.5
2024-09-26 14:00:00,27.2,0.0,72.5,242.0,18.3
2024-09-26 15:00:00,27.6,0.0,75.7,236.0,11.6
2024-09-26 16:00:00,27.5,0.0,79.5,261.0,10.3
2024-09-26 17:00:00,27.8,0.0,74.0,267.0,9.2
2024-09-26 18:00:00,28.3,0.0,73.0,253.0,9.0
2024-09-26 19:00:00,28.0,0.0,71.0,297.0,4.1
2024-09-26 20:00:00,27.9,0.0,71.9,228.0,0.8
2024-09-26 21:00:00,28.2,0.0,72.3,223.0,3.9
2024-09-26 22:00:00,27.5,0.0,78.6,4.0,2.5
2024-09-26 23:00:00,27.3,0.0,80.7,9.0,2.9
2024-09-27 00:00:00,27.4,0.0,79.0,350.0,2.6
2024-09-27 01:00:00,26.9,0.0,83.0,315.0,4.2
2024-09-27 02:00:00,26.6,0.0,83.7,340.0,4.5
2024-09-27 03:00:00,26.4,0.0,84.1,353.0,4.4
2024-09-27 04:00:00,26.6,0.0,83.0,350.0,2.3
2024-09-27 05:00:00,26.4,0.0,85.0,4.0,2.6
2024-09-27 06:00:00,26.3,0.0,86.0,1.0,2.2
2024-09-27 07:00:00,26.4,0.0,84.8,8.0,3.2
2024-09-27 08:00:00,26.9,0.0,83.1,6.0,2.8
2024-09-27 09:00:00,28.1,0.0,80.6,203.0,3.0
2024-09-27 10:00:00,28.7,0.0,78.2,188.0,5.3
2024-09-27 11:00:00,29.4,0.0,75.3,187.0,7.3
2024-09-27 12:00:00,29.9,0.0,65.6,189.0,6.8
2024-09-27 13:00:00,30.0,0.0,62.4,186.0,7.1
2024-09-27 14:00:00,30.2,0.0,62.2,189.0,9.10001
2024-09-27 15:00:00,30.4,0.0,64.5,188.0,9.2
2024-09-27 16:00:00,31.0,0.0,63.3,188.0,6.7
2024-09-27 17:00:00,30.8,0.0,68.6,178.0,7.4
2024-09-27 18:00:00,30.1,0.0,71.3,158.0,4.9
2024-09-27 19:00:00,30.3,0.0,70.9,96.0,4.9
2024-09-27 20:00:00,30.0,0.0,74.5,68.0,4.5
2024-09-27 21:00:00,29.4,0.0,75.9,92.0,7.7
2024-09-27 22:00:00,29.4,0.0,76.1,81.0,5.6
2024-09-27 23:00:00,29.2,0.0,77.6,89.0,5.3
2024-09-28 00:00:00,29.2,0.0,78.1,74.0,4.6
2024-09-28 01:00:00,29.0,0.0,76.8,86.0,5.6
2024-09-28 02:00:00,28.7,0.0,78.4,66.0,3.3
2024-09-28 03:00:00,28.5,0.0,80.1,33.0,2.5
2024-09-28 04:00:00,28.4,0.0,80.8,17.0,3.0
2024-09-28 05:00:00,28.1,0.0,83.1,5.0,3.4
2024-09-28 06:00:00,27.8,0.0,86.0,16.0,2.9
2024-09-28 07:00:00,27.8,0.0,85.4,15.0,2.6
2024-09-28 08:00:00,28.3,0.0,83.6,29.0,2.7
2024-09-28 09:00:00,29.9,0.0,74.4,71.0,4.8
2024-09-28 10:00:00,31.0,0.0,63.6,49.0,5.6
2024-09-28 11:00:00,31.3,0.0,60.1,92.0,8.10001
2024-09-28 12:00:00,31.6,0.0,57.9,82.0,7.4
2024-09-28 13:00:00,32.2,0.0,56.9,111.0,6.1
2024-09-28 14:00:00,30.7,0.0,68.6,131.0,7.4
2024-09-28 15:00:00,29.6,0.0,65.6,114.0,6.3
2024-09-28 16:00:00,28.4,0.0,76.2,115.0,8.3
2024-09-28 17:00:00,27.5,0.0,78.0,103.0,8.10001
2024-09-28 18:00:00,28.7,0.0,72.4,89.0,6.4
2024-09-28 19:00:00,28.6,0.0,75.1,96.0,4.8
2024-09-28 20:00:00,28.3,0.0,76.2,96.0,4.8
2024-09-28 21:00:00,29.0,0.0,79.2,105.0,4.9
2024-09-28 22:00:00,28.9,0.0,79.0,107.0,5.0
2024-09-28 23:00:00,28.9,0.0,75.3,108.0,4.5
2024-09-29 00:00:00,28.8,0.0,79.3,101.0,4.4
2024-09-29 01:00:00,28.7,0.0,81.2,102.0,4.1
2024-09-29 02:00:00,28.5,0.0,82.3,106.0,4.1
2024-09-29 03:00:00,28.5,0.0,82.2,109.0,3.6
2024-09-29 04:00:00,28.4,0.0,82.9,111.0,3.9
2024-09-29 05:00:00,28.5,0.0,81.6,122.0,4.2
2024-09-29 06:00:00,28.4,0.0,80.1,101.0,3.7
2024-09-29 07:00:00,28.3,0.0,81.8,81.0,3.2
2024-09-29 08:00:00,28.8,0.0,79.3,33.0,3.4
2024-09-29 09:00:00,30.2,0.0,72.7,68.0,1.8
2024-09-29 10:00:00,30.0,0.0,73.8,137.0,5.3
2024-09-29 11:00:00,30.2,0.0,64.7,118.0,5.6
2024-09-29 12:00:00,30.7,0.0,63.5,110.0,7.8
2024-09-29 13:00:00,30.7,0.0,65.0,118.0,7.0
2024-09-29 14:00:00,30.3,0.0,68.5,117.0,7.6
2024-09-29 15:00:00,29.8,0.0,67.9,116.0,6.6
2024-09-29 16:00:00,28.7,0.0,77.1,308.0,8.39999
2024-09-29 17:00:00,28.8,0.0,83.1,3.0,4.6
2024-09-29 18:00:00,30.2,0.0,71.3,31.0,1.7
2024-09-29 19:00:00,29.5,0.0,74.2,116.0,5.1
2024-09-29 20:00:00,29.5,0.0,71.9,120.0,3.4
2024-09-29 21:00:00,29.4,0.0,75.5,123.0,5.1
2024-09-29 22:00:00,28.8,0.0,83.9,109.0,6.1
2024-09-29 23:00:00,28.7,0.0,83.5,112.0,5.3
2024-09-30 00:00:00,28.8,0.0,80.7,129.0,5.1
2024-09-30 01:00:00,28.7,0.0,80.9,141.0,4.5
2024-09-30 02:00:00,28.7,0.0,79.7,124.0,4.6
2024-09-30 03:00:00,28.6,0.0,81.2,123.0,3.5
2024-09-30 04:00:00,28.7,0.0,81.4,113.0,3.7
2024-09-30 05:00:00,27.5,0.0,80.0,172.0,7.6
2024-09-30 06:00:00,26.5,0.0,85.2,266.0,6.1
2024-09-30 07:00:00,26.2,0.0,88.5,24.0,3.8
2024-09-30 08:00:00,26.1,0.0,90.3,310.0,4.9
2024-09-30 09:00:00,28.0,0.0,79.0,317.0,2.1
2024-09-30 10:00:00,29.3,0.0,73.4,139.0,3.5
2024-09-30 11:00:00,29.7,0.0,73.2,156.0,3.7
2024-09-30 12:00:00,30.3,0.0,66.8,201.0,7.2
2024-09-30 13:00:00,29.3,0.0,75.3,183.0,7.2
2024-09-30 14:00:00,29.8,0.0,73.5,263.0,4.9
2024-09-30 15:00:00,29.3,0.0,75.9,181.0,8.8
2024-09-30 16:00:00,29.2,0.0,76.4,173.0,6.5
2024-09-30 17:00:00,29.2,0.0,82.3,106.0,3.9
2024-09-30 18:00:00,27.8,0.0,83.6,29.0,5.6
2024-09-30 19:00:00,28.1,0.0,82.8,58.0,1.9
2024-09-30 20:00:00,28.8,0.0,77.3,71.0,2.8
2024-09-30 21:00:00,28.9,0.0,77.1,113.0,3.7
2024-09-30 22:00:00,28.8,0.0,81.6,128.0,4.4
2024-09-30 23:00:00,28.9,0.0,74.6,138.0,4.6
2024-10-01 00:00:00,28.9,0.0,77.2,125.0,4.0
2024-10-01 01:00:00,28.8,0.0,78.6,113.0,4.0
2024-10-01 02:00:00,28.7,0.0,78.6,118.0,4.7
2024-10-01 03:00:00,28.8,0.0,77.2,134.0,3.7
2024-10-01 04:00:00,28.7,0.0,79.7,118.0,3.8
2024-10-01 05:00:00,28.7,0.0,78.1,127.0,3.7
2024-10-01 06:00:00,28.5,0.0,80.0,139.0,2.5
2024-10-01 07:00:00,28.8,0.0,79.1,116.0,2.2
2024-10-01 08:00:00,27.0,0.0,80.1,199.0,12.2
2024-10-01 09:00:00,25.1,0.4,89.5,219.0,3.7
2024-10-01 10:00:00,27.8,0.0,73.0,214.0,7.0
2024-10-01 11:00:00,28.1,0.0,75.7,270.0,6.3
2024-10-01 12:00:00,26.9,0.0,85.7,200.0,18.3
2024-10-01 13:00:00,25.5,0.0,86.9,203.0,8.8
2024-10-01 14:00:00,27.0,0.0,79.7,207.0,8.89999
2024-10-01 15:00:00,28.5,0.0,69.1,183.0,3.5
2024-10-01 16:00:00,28.2,0.0,76.2,181.0,6.7
2024-10-01 17:00:00,28.7,0.0,70.7,186.0,5.3
2024-10-01 18:00:00,29.7,0.0,65.0,185.0,2.7
2024-10-01 19:00:00,28.9,0.0,71.7,181.0,6.6
2024-10-01 20:00:00,28.8,0.0,71.0,182.0,6.3
2024-10-01 21:00:00,28.8,0.0,73.0,190.0,5.1
2024-10-01 22:00:00,28.8,0.0,73.4,183.0,3.1
2024-10-01 23:00:00,28.6,0.0,77.6,170.0,3.6
2024-10-02 00:00:00,28.7,0.0,79.4,132.0,3.8
2024-10-02 01:00:00,28.4,0.0,84.1,173.0,2.4
2024-10-02 02:00:00,28.5,0.0,81.6,165.0,3.7
2024-10-02 03:00:00,28.4,0.0,82.2,169.0,3.5
2024-10-02 04:00:00,28.5,0.0,82.6,151.0,4.3
2024-10-02 05:00:00,28.5,0.0,80.1,182.0,4.6
2024-10-02 06:00:00,28.5,0.0,79.9,179.0,4.8
2024-10-02 07:00:00,28.5,0.0,78.8,185.0,4.4
2024-10-02 08:00:00,29.2,0.0,74.8,196.0,3.0
2024-10-02 09:00:00,29.9,0.0,72.8,174.0,3.8
2024-10-02 10:00:00,29.9,0.0,69.7,129.0,4.4
2024-10-02 11:00:00,29.7,0.0,71.7,111.0,6.5
2024-10-02 12:00:00,30.8,0.0,67.1,135.0,3.9
2024-10-02 13:00:00,31.1,0.0,69.7,155.0,4.2
2024-10-02 14:00:00,30.8,0.0,70.5,181.0,8.5
2024-10-02 15:00:00,30.4,0.0,70.7,143.0,5.9
2024-10-02 16:00:00,30.4,0.0,70.4,93.0,6.6
2024-10-02 17:00:00,30.5,0.0,69.9,76.0,6.3
2024-10-02 18:00:00,30.5,0.0,62.7,89.0,7.8
2024-10-02 19:00:00,29.9,0.0,69.7,83.0,6.5
2024-10-02 20:00:00,29.6,0.0,72.0,72.0,6.3
2024-10-02 21:00:00,29.4,0.0,74.4,84.0,6.3
2024-10-02 22:00:00,29.2,0.0,75.1,51.0,3.2
2024-10-02 23:00:00,29.1,0.0,74.9,41.0,3.4
2024-10-03 00:00:00,29.1,0.0,75.2,45.0,2.1
2024-10-03 01:00:00,29.1,0.0,75.9,71.0,1.3
2024-10-03 02:00:00,29.2,0.0,76.4,96.0,3.1
2024-10-03 03:00:00,28.9,0.0,79.2,78.0,4.4
2024-10-03 04:00:00,28.6,0.0,81.2,68.0,4.3
2024-10-03 05:00:00,28.5,0.0,81.3,71.0,4.5
2024-10-03 06:00:00,28.3,0.0,82.7,51.0,3.1
2024-10-03 07:00:00,28.3,0.0,83.4,54.0,3.5
2024-10-03 08:00:00,29.0,0.0,80.1,81.0,5.0
2024-10-03 09:00:00,29.4,0.0,72.6,87.0,7.2
2024-10-03 10:00:00,30.2,0.0,69.1,98.0,4.8
2024-10-03 11:00:00,30.6,0.0,65.1,152.0,6.4
2024-10-03 12:00:00,31.2,0.0,59.0,82.0,2.8
2024-10-03 13:00:00,28.1,0.0,81.3,304.0,8.89999
2024-10-03 14:00:00,26.6,0.0,81.9,108.0,4.0
2024-10-03 15:00:00,28.7,0.0,73.3,189.0,4.7
2024-10-03 16:00:00,29.1,0.0,72.1,172.0,5.9
2024-10-03 17:00:00,29.4,0.0,67.5,140.0,4.1
2024-10-03 18:00:00,30.0,0.0,66.4,150.0,4.7
2024-10-03 19:00:00,30.0,0.0,64.2,74.0,4.4
2024-10-03 20:00:00,29.2,0.0,73.6,330.0,5.8
2024-10-03 21:00:00,28.8,0.0,75.0,299.0,6.3
2024-10-03 22:00:00,28.8,0.0,75.0,301.0,4.4
2024-10-03 23:00:00,28.5,0.0,79.8,319.0,5.1
2024-10-04 00:00:00,28.6,0.0,78.9,5.0,3.8
2024-10-04 01:00:00,28.4,0.0,79.6,15.0,2.0
2024-10-04 02:00:00,28.3,0.0,81.2,322.0,2.7
2024-10-04 03:00:00,27.7,0.0,85.8,313.0,4.6
2024-10-04 04:00:00,27.5,0.0,86.6,312.0,5.1
2024-10-04 05:00:00,27.4,0.0,86.1,4.0,2.9
2024-10-04 06:00:00,27.3,0.0,86.6,308.0,4.1
2024-10-04 07:00:00,27.4,0.0,86.7,259.0,2.7
2024-10-04 08:00:00,27.5,0.0,83.3,321.0,4.8
2024-10-04 09:00:00,28.4,0.0,77.7,315.0,3.1
2024-10-04 10:00:00,28.2,0.0,78.4,310.0,7.2
2024-10-04 11:00:00,27.4,0.0,87.4,149.0,6.6
2024-10-04 12:00:00,25.9,0.2,93.0,197.0,9.2
2024-10-04 13:00:00,27.9,0.0,78.1,181.0,5.1
2024-10-04 14:00:00,28.9,0.0,72.8,183.0,4.1
2024-10-04 15:00:00,28.6,0.0,74.6,188.0,7.1
2024-10-04 16:00:00,29.4,0.0,69.3,184.0,6.0
2024-10-04 17:00:00,29.8,0.0,72.2,177.0,5.1
2024-10-04 18:00:00,29.0,0.0,73.0,178.0,5.5
2024-10-04 19:00:00,29.3,0.0,70.1,142.0,2.9
2024-10-04 20:00:00,26.3,0.0,93.3,231.0,6.0
2024-10-04 21:00:00,27.4,0.0,85.5,130.0,1.4
2024-10-04 22:00:00,27.5,0.2,87.2,30.0,2.2
2024-10-04 23:00:00,27.4,0.0,86.2,33.0,2.3
2024-10-05 00:00:00,27.3,0.0,83.2,29.0,2.3
2024-10-05 01:00:00,27.2,0.0,83.7,,2.7
2024-10-05 02:00:00,27.1,0.0,82.8,22.0,1.9
2024-10-05 03:00:00,27.1,0.0,85.4,356.0,1.6
2024-10-05 04:00:00,26.8,0.0,89.2,345.0,3.1
2024-10-05 05:00:00,26.8,0.0,88.4,342.0,2.4
2024-10-05 06:00:00,26.8,0.0,87.1,328.0,4.2
2024-10-05 07:00:00,25.6,0.0,89.1,212.0,9.5
2024-10-05 08:00:00,25.8,0.0,85.0,298.0,5.5
2024-10-05 09:00:00,26.9,0.0,80.7,279.0,3.8
2024-10-05 10:00:00,27.7,0.0,76.5,292.0,3.5
2024-10-05 11:00:00,28.6,0.0,74.9,258.0,4.0
2024-10-05 12:00:00,29.7,0.0,73.0,201.0,4.7
2024-10-05 13:00:00,29.6,0.0,73.0,183.0,6.1
2024-10-05 14:00:00,30.0,0.0,69.2,173.0,5.6
2024-10-05 15:00:00,30.0,0.0,71.5,181.0,6.0
2024-10-05 16:00:00,29.3,0.0,73.2,171.0,3.8
2024-10-05 17:00:00,28.7,0.0,75.5,164.0,4.4
2024-10-05 18:00:00,29.2,0.0,70.4,173.0,5.5
2024-10-05 19:00:00,28.9,0.0,73.4,130.0,4.3
2024-10-05 20:00:00,28.8,0.0,77.1,169.0,2.6
2024-10-05 21:00:00,28.8,0.0,77.1,152.0,2.2
2024-10-05 22:00:00,28.7,0.0,79.5,137.0,3.0
2024-10-05 23:00:00,28.6,0.0,81.2,118.0,2.8
2024-10-06 00:00:00,28.8,0.0,79.9,121.0,3.0
2024-10-06 01:00:00,28.8,0.0,81.7,143.0,3.4
2024-10-06 02:00:00,28.6,0.0,79.7,152.0,3.9
2024-10-06 03:00:00,28.7,0.0,79.6,174.0,2.4
2024-10-06 04:00:00,26.3,0.0,88.3,271.0,11.1
2024-10-06 05:00:00,24.6,0.2,94.5,171.0,2.8
2024-10-06 06:00:00,25.2,0.2,95.2,306.0,7.3
2024-10-06 07:00:00,25.3,0.2,93.5,202.0,20.2
2024-10-06 08:00:00,25.1,0.2,93.0,192.0,14.3
2024-10-06 09:00:00,25.9,0.0,87.4,208.0,8.89999
2024-10-06 10:00:00,26.7,0.0,79.0,210.0,10.5
2024-10-06 11:00:00,27.2,0.0,82.0,192.0,9.2
2024-10-06 12:00:00,27.8,0.0,79.1,191.0,5.9
2024-10-06 13:00:00,28.1,0.0,76.3,260.0,3.3
2024-10-06 14:00:00,28.9,0.0,71.6,176.0,4.0
2024-10-06 15:00:00,29.0,0.0,67.7,188.0,5.2
2024-10-06 16:00:00,29.6,0.0,67.7,171.0,3.7
2024-10-06 17:00:00,29.1,0.0,69.0,167.0,4.0
2024-10-06 18:00:00,29.0,0.0,69.7,135.0,3.5
2024-10-06 19:00:00,28.9,0.0,72.2,154.0,3.8
2024-10-06 20:00:00,28.8,0.0,75.9,149.0,5.1
2024-10-06 21:00:00,28.6,0.0,77.4,143.0,5.2
2024-10-06 22:00:00,28.6,0.0,76.7,178.0,2.5
2024-10-06 23:00:00,28.8,0.0,72.2,185.0,3.5
2024-10-07 00:00:00,28.7,0.0,71.7,137.0,3.3
2024-10-07 01:00:00,28.6,0.0,74.4,165.0,1.6
2024-10-07 02:00:00,28.1,0.0,77.3,34.0,3.3
2024-10-07 03:00:00,28.2,0.0,75.8,70.0,3.4
2024-10-07 04:00:00,28.0,0.0,78.2,67.0,2.6
2024-10-07 05:00:00,27.9,0.0,79.4,56.0,1.6
2024-10-07 06:00:00,26.9,0.0,88.9,323.0,3.7
2024-10-07 07:00:00,26.7,0.0,89.6,350.0,2.6
2024-10-07 08:00:00,27.0,0.0,87.7,358.0,2.8
2024-10-07 09:00:00,28.7,0.0,79.7,2.0,2.6
2024-10-07 10:00:00,29.2,0.0,74.3,188.0,5.1
2024-10-07 11:00:00,29.6,0.0,74.1,173.0,4.4
2024-10-07 12:00:00,31.4,0.0,66.1,177.0,4.2
2024-10-07 13:00:00,30.5,0.0,67.0,182.0,6.7
2024-10-07 14:00:00,29.6,0.0,70.9,173.0,8.60001
2024-10-07 15:00:00,29.8,0.0,68.6,176.0,8.5
2024-10-07 16:00:00,29.4,0.0,73.6,152.0,4.4
2024-10-07 17:00:00,29.1,0.0,74.8,120.0,7.4
2024-10-07 18:00:00,28.9,0.0,74.9,117.0,6.0
2024-10-07 19:00:00,29.0,0.0,74.1,116.0,4.7
2024-10-07 20:00:00,28.7,0.0,78.0,118.0,6.0
2024-10-07 21:00:00,28.9,0.0,74.4,109.0,4.1
2024-10-07 22:00:00,28.9,0.0,73.3,117.0,5.4
2024-10-07 23:00:00,28.9,0.0,72.9,100.0,4.4
2024-10-08 00:00:00,28.7,0.0,74.6,123.0,4.1
2024-10-08 01:00:00,28.4,0.0,77.8,69.0,4.1
2024-10-08 02:00:00,28.3,0.0,78.4,76.0,3.4
2024-10-08 03:00:00,28.5,0.0,76.7,111.0,3.7
2024-10-08 04:00:00,28.3,0.0,79.6,88.0,3.4
2024-10-08 05:00:00,28.3,0.0,81.5,94.0,4.0
2024-10-08 06:00:00,28.1,0.0,82.9,76.0,3.4
2024-10-08 07:00:00,28.2,0.0,83.5,55.0,3.7
2024-10-08 08:00:00,28.7,0.0,80.0,91.0,3.5
2024-10-08 09:00:00,29.1,0.0,77.7,127.0,4.9
2024-10-08 10:00:00,30.1,0.0,72.3,122.0,6.0
2024-10-08 11:00:00,28.6,0.0,58.6,81.0,8.8
2024-10-08 12:00:00,29.2,0.0,70.1,175.0,6.6
2024-10-08 13:00:00,30.6,0.0,57.9,164.0,7.0
2024-10-08 14:00:00,28.8,0.0,74.4,180.0,7.9
2024-10-08 15:00:00,29.6,0.0,72.7,119.0,5.4
2024-10-08 16:00:00,29.7,0.0,70.6,86.0,6.8
2024-10-08 17:00:00,29.7,0.0,69.7,73.0,6.8
2024-10-08 18:00:00,29.4,0.0,71.0,72.0,6.2
2024-10-08 19:00:00,29.2,0.0,69.3,69.0,5.1
2024-10-08 20:00:00,29.2,0.0,71.8,79.0,5.0
2024-10-08 21:00:00,29.0,0.0,73.0,82.0,4.2
2024-10-08 22:00:00,28.9,0.0,74.6,54.0,2.3
2024-10-08 23:00:00,28.7,0.0,76.5,69.0,3.1
2024-10-09 00:00:00,28.6,0.0,78.2,82.0,3.3
2024-10-09 01:00:00,28.6,0.0,78.8,109.0,2.6
2024-10-09 02:00:00,28.5,0.0,79.4,73.0,4.6
2024-10-09 03:00:00,28.3,0.0,78.8,74.0,3.9
2024-10-09 04:00:00,28.4,0.0,78.2,70.0,2.2
2024-10-09 05:00:00,28.4,0.0,78.3,64.0,2.4
2024-10-09 06:00:00,28.5,0.0,75.8,79.0,3.4
2024-10-09 07:00:00,28.6,0.0,75.7,94.0,3.3
2024-10-09 08:00:00,29.4,0.0,73.6,123.0,3.3
2024-10-09 09:00:00,29.9,0.0,70.9,121.0,4.2
2024-10-09 10:00:00,29.7,0.0,70.5,140.0,5.5
2024-10-09 11:00:00,29.9,0.0,73.2,135.0,5.8
2024-10-09 12:00:00,28.9,0.0,70.7,84.0,7.1
2024-10-09 13:00:00,29.1,0.0,73.7,157.0,3.4
2024-10-09 14:00:00,29.2,0.0,75.2,186.0,8.0
2024-10-09 15:00:00,28.6,0.0,78.1,174.0,9.2
2024-10-09 16:00:00,25.5,0.0,99.3,179.0,3.1
2024-10-09 17:00:00,27.9,0.0,80.9,143.0,4.1
2024-10-09 18:00:00,28.5,0.0,79.9,148.0,2.8
2024-10-09 19:00:00,28.5,0.0,81.2,63.0,2.4
2024-10-09 20:00:00,28.7,0.0,78.1,112.0,5.3
2024-10-09 21:00:00,28.3,0.0,76.0,53.0,3.1
2024-10-09 22:00:00,28.3,0.0,82.1,87.0,3.1
2024-10-09 23:00:00,28.4,0.0,76.7,67.0,3.1
2024-10-10 00:00:00,28.1,0.0,79.6,40.0,2.7
2024-10-10 01:00:00,28.1,0.0,79.2,74.0,2.2
2024-10-10 02:00:00,28.2,0.0,77.9,80.0,3.3
2024-10-10 03:00:00,28.0,0.0,81.8,65.0,2.8
2024-10-10 04:00:00,27.8,0.0,82.9,40.0,1.5
2024-10-10 05:00:00,27.7,0.0,83.9,30.0,2.5
2024-10-10 06:00:00,27.6,0.0,84.6,42.0,2.3
2024-10-10 07:00:00,27.7,0.0,84.6,27.0,2.1
2024-10-10 08:00:00,28.4,0.0,82.1,350.0,2.3
2024-10-10 09:00:00,29.5,0.0,76.2,129.0,3.9
2024-10-10 10:00:00,29.2,0.0,76.5,141.0,3.3
2024-10-10 11:00:00,29.4,0.0,73.6,143.0,5.5
2024-10-10 12:00:00,29.2,0.0,73.8,98.0,6.1
2024-10-10 13:00:00,28.4,0.0,79.4,127.0,7.6
2024-10-10 14:00:00,30.3,0.0,66.0,140.0,5.1
2024-10-10 15:00:00,30.3,0.0,66.3,106.0,5.6
2024-10-10 16:00:00,30.2,0.0,66.8,67.0,6.0
2024-10-10 17:00:00,30.3,0.0,68.8,113.0,4.6
2024-10-10 18:00:00,29.4,0.0,72.9,125.0,3.7
2024-10-10 19:00:00,29.1,0.0,78.0,135.0,3.5
2024-10-10 20:00:00,29.2,0.0,78.3,97.0,3.5
2024-10-10 21:00:00,29.3,0.0,76.2,72.0,2.7
2024-10-10 22:00:00,29.4,0.0,75.8,74.0,4.3
2024-10-10 23:00:00,29.3,0.0,76.5,103.0,4.1
2024-10-11 00:00:00,29.1,0.0,79.2,67.0,4.4
2024-10-11 01:00:00,28.9,0.0,81.3,70.0,3.5
2024-10-11 02:00:00,28.6,0.0,81.9,81.0,4.5
2024-10-11 03:00:00,28.5,0.0,82.3,58.0,4.2
2024-10-11 04:00:00,27.8,0.0,87.5,14.0,3.4
2024-10-11 05:00:00,27.5,0.0,89.2,4.0,3.3
2024-10-11 06:00:00,27.2,0.0,91.7,342.0,2.7
2024-10-11 07:00:00,27.7,0.0,88.2,39.0,2.3
2024-10-11 08:00:00,28.7,0.0,83.3,1.0,2.3
2024-10-11 09:00:00,29.3,0.0,79.7,129.0,2.5
2024-10-11 10:00:00,27.6,0.0,89.1,197.0,12.3
2024-10-11 11:00:00,28.3,0.0,85.2,207.0,7.1
2024-10-11 12:00:00,28.6,0.0,80.4,207.0,6.5
2024-10-11 13:00:00,29.1,0.0,77.4,200.0,8.3
2024-10-11 14:00:00,29.2,0.0,79.9,199.0,9.2
2024-10-11 15:00:00,29.8,0.0,72.6,210.0,8.7
2024-10-11 16:00:00,29.7,0.0,70.9,111.0,3.7
2024-10-11 17:00:00,30.2,0.0,73.0,58.0,4.3
2024-10-11 18:00:00,29.5,0.0,76.4,32.0,4.1
2024-10-11 19:00:00,29.4,0.0,75.6,41.0,3.4
2024-10-11 20:00:00,29.1,0.0,78.8,,4.4
2024-10-11 21:00:00,29.0,0.0,78.4,6.0,3.3
2024-10-11 22:00:00,28.9,0.0,79.2,17.0,3.5
2024-10-11 23:00:00,28.6,0.0,82.0,6.0,3.4
2024-10-12 00:00:00,28.4,0.0,81.7,26.0,4.1
2024-10-12 01:00:00,29.2,0.0,77.0,91.0,3.1
2024-10-12 02:00:00,29.1,0.0,77.1,113.0,4.3
2024-10-12 03:00:00,29.0,0.0,76.7,91.0,2.7
2024-10-12 04:00:00,28.9,0.0,77.1,61.0,1.8
2024-10-12 05:00:00,27.3,0.0,92.4,331.0,5.7
2024-10-12 06:00:00,27.4,0.0,92.0,1.0,1.9
2024-10-12 07:00:00,27.5,0.0,91.8,304.0,2.1
2024-10-12 08:00:00,27.3,0.0,89.2,301.0,6.6
2024-10-12 09:00:00,28.2,0.0,86.7,323.0,4.9
2024-10-12 10:00:00,28.4,0.0,82.5,255.0,10.8
2024-10-12 11:00:00,27.5,0.0,86.2,205.0,8.8
2024-10-12 12:00:00,26.0,0.4,99.2,145.0,4.2
2024-10-12 13:00:00,26.4,0.0,95.5,138.0,4.4
2024-10-12 14:00:00,26.8,0.0,88.4,142.0,5.5
2024-10-12 15:00:00,26.8,0.0,85.5,150.0,2.3
2024-10-12 16:00:00,27.2,0.0,84.9,161.0,2.7
2024-10-12 17:00:00,27.8,0.0,82.6,1.0,1.6
2024-10-12 18:00:00,28.0,0.0,81.8,6.0,1.7
2024-10-12 19:00:00,27.7,0.0,85.2,335.0,2.2
2024-10-12 20:00:00,27.9,0.0,80.0,150.0,2.3
2024-10-12 21:00:00,27.4,0.0,90.5,315.0,3.3
2024-10-12 22:00:00,27.3,0.0,91.0,341.0,1.9
2024-10-12 23:00:00,27.1,0.0,91.7,343.0,2.7
2024-10-13 00:00:00,26.8,0.0,92.3,316.0,5.8
2024-10-13 01:00:00,26.6,0.0,92.9,10.0,3.0
2024-10-13 02:00:00,26.7,0.0,92.0,2.0,2.9
2024-10-13 03:00:00,26.5,0.0,92.8,325.0,2.5
2024-10-13 04:00:00,26.5,0.0,92.5,340.0,2.4
2024-10-13 05:00:00,26.3,0.0,94.5,335.0,2.9
2024-10-13 06:00:00,26.2,0.0,96.2,319.0,3.5
2024-10-13 07:00:00,26.7,0.0,92.7,317.0,5.1
2024-10-13 08:00:00,26.7,0.0,84.9,292.0,7.1
2024-10-13 09:00:00,27.4,0.0,86.6,276.0,7.2
2024-10-13 10:00:00,28.1,0.0,82.9,208.0,12.3
2024-10-13 11:00:00,29.0,0.0,78.5,183.0,5.2
2024-10-13 12:00:00,29.0,0.0,78.8,261.0,8.5
2024-10-13 13:00:00,29.8,0.0,70.6,236.0,8.60001
2024-10-13 14:00:00,29.6,0.0,75.6,230.0,8.3
2024-10-13 15:00:00,30.1,0.0,66.9,262.0,8.5
2024-10-13 16:00:00,30.2,0.0,65.0,218.0,6.1
2024-10-13 17:00:00,30.7,0.0,68.4,175.0,4.4
2024-10-13 18:00:00,30.0,0.0,72.1,173.0,4.8
2024-10-13 19:00:00,30.2,0.0,69.5,205.0,2.7
2024-10-13 20:00:00,30.3,0.0,67.4,251.0,4.0
2024-10-13 21:00:00,30.0,0.0,69.2,279.0,2.1
2024-10-13 22:00:00,29.6,0.0,74.4,258.0,3.3
2024-10-13 23:00:00,29.5,0.0,74.9,214.0,5.0
2024-10-14 00:00:00,29.3,0.0,81.7,178.0,3.5
2024-10-14 01:00:00,28.7,0.0,86.6,205.0,4.0
2024-10-14 02:00:00,27.5,0.2,93.4,179.0,1.7
2024-10-14 03:00:00,25.3,0.8,92.9,309.0,7.5
2024-10-14 04:00:00,25.5,0.0,90.2,11.0,3.2
2024-10-14 05:00:00,26.1,0.0,89.9,39.0,2.2
2024-10-14 06:00:00,27.0,0.0,88.6,173.0,1.2
2024-10-14 07:00:00,27.8,0.0,83.9,210.0,6.2
2024-10-14 08:00:00,26.2,0.0,92.4,276.0,11.4
2024-10-14 09:00:00,24.4,2.4,99.3,353.0,6.9
2024-10-14 10:00:00,24.8,0.6,99.3,289.0,4.9
2024-10-14 11:00:00,25.7,0.4,99.3,229.0,5.1
2024-10-14 12:00:00,26.0,0.4,94.6,201.0,5.8
2024-10-14 13:00:00,24.2,0.2,91.5,274.0,8.39999
2024-10-14 14:00:00,24.8,0.0,88.1,270.0,8.10001
2024-10-14 15:00:00,25.6,0.0,81.4,267.0,8.0
2024-10-14 16:00:00,26.7,0.0,76.4,290.0,2.8
2024-10-14 17:00:00,27.5,0.0,74.1,327.0,1.8
2024-10-14 18:00:00,27.4,0.0,71.0,306.0,2.7
2024-10-14 19:00:00,27.0,0.0,77.1,35.0,1.4
2024-10-14 20:00:00,26.8,0.0,81.0,9.0,2.0
2024-10-14 21:00:00,26.7,0.0,81.9,2.0,2.0
2024-10-14 22:00:00,26.8,0.0,82.8,347.0,3.4
2024-10-14 23:00:00,26.9,0.0,82.0,312.0,2.6
2024-10-15 00:00:00,26.9,0.0,77.5,339.0,3.1
2024-10-15 01:00:00,27.3,0.0,74.6,44.0,1.3
2024-10-15 02:00:00,26.3,0.0,83.5,1.0,2.3
2024-10-15 03:00:00,27.3,0.0,77.4,75.0,1.4
2024-10-15 04:00:00,27.2,0.0,80.1,43.0,2.4
2024-10-15 05:00:00,26.8,0.0,84.3,54.0,2.6
2024-10-15 06:00:00,26.8,0.0,85.9,12.0,2.7
2024-10-15 07:00:00,27.5,0.0,84.1,74.0,1.9
2024-10-15 08:00:00,26.9,0.0,86.5,189.0,6.5
2024-10-15 09:00:00,25.1,0.0,99.3,219.0,16.9
2024-10-15 10:00:00,26.4,0.0,88.7,219.0,11.9
2024-10-15 11:00:00,26.5,0.0,88.7,212.0,9.0
2024-10-15 12:00:00,26.8,0.0,83.9,219.0,9.2
2024-10-15 13:00:00,28.3,0.0,67.8,209.0,10.1
2024-10-15 14:00:00,28.4,0.0,71.0,257.0,10.3
2024-10-15 15:00:00,29.7,0.0,64.9,226.0,8.0
2024-10-15 16:00:00,30.3,0.0,63.1,170.0,7.6
2024-10-15 17:00:00,29.4,0.0,71.5,148.0,6.0
2024-10-15 18:00:00,29.6,0.0,69.0,162.0,4.3
2024-10-15 19:00:00,28.7,0.0,75.6,263.0,7.0
2024-10-15 20:00:00,28.6,0.0,71.4,302.0,6.0
2024-10-15 21:00:00,28.5,0.0,71.7,304.0,4.8
2024-10-15 22:00:00,28.2,0.0,75.7,297.0,6.3
2024-10-15 23:00:00,28.1,0.0,75.8,293.0,5.9
2024-10-16 00:00:00,28.0,0.0,76.4,298.0,4.6
2024-10-16 01:00:00,27.9,0.0,78.3,317.0,3.7
2024-10-16 02:00:00,27.8,0.0,77.7,320.0,4.7
2024-10-16 03:00:00,27.7,0.0,78.5,314.0,4.0
2024-10-16 04:00:00,27.7,0.0,79.2,306.0,5.6
2024-10-16 05:00:00,27.5,0.0,81.4,312.0,5.4
2024-10-16 06:00:00,27.4,0.0,83.5,334.0,3.6
2024-10-16 07:00:00,28.0,0.0,85.2,265.0,4.4
2024-10-16 08:00:00,28.0,0.0,85.4,281.0,4.4
2024-10-16 09:00:00,28.6,0.0,83.7,288.0,4.3
2024-10-16 10:00:00,29.4,0.0,82.1,177.0,7.1
2024-10-16 11:00:00,29.3,0.0,81.5,179.0,9.2
2024-10-16 12:00:00,28.7,0.0,80.4,130.0,3.7
2024-10-16 13:00:00,29.3,0.0,79.5,134.0,4.4
2024-10-16 14:00:00,26.9,0.0,77.9,102.0,5.7
2024-10-16 15:00:00,27.7,0.0,79.6,130.0,2.9
2024-10-16 16:00:00,30.1,0.0,70.9,235.0,2.2
2024-10-16 17:00:00,29.3,0.0,77.5,174.0,4.9
2024-10-16 18:00:00,29.6,0.0,73.5,181.0,4.7
2024-10-16 19:00:00,29.2,0.0,77.3,175.0,3.1
2024-10-16 20:00:00,29.0,0.0,79.6,185.0,4.4
2024-10-16 21:00:00,29.1,0.0,78.0,129.0,3.5
2024-10-16 22:00:00,29.5,0.0,69.9,77.0,3.9
2024-10-16 23:00:00,29.2,0.0,76.0,69.0,3.5
2024-10-17 00:00:00,29.0,0.0,75.5,68.0,2.0
2024-10-17 01:00:00,28.8,0.0,77.2,28.0,2.4
2024-10-17 02:00:00,28.5,0.0,78.9,24.0,1.6
2024-10-17 03:00:00,28.4,0.0,74.5,22.0,1.2
2024-10-17 04:00:00,27.9,0.0,84.0,353.0,2.4
2024-10-17 05:00:00,28.1,0.0,79.6,351.0,2.6
2024-10-17 06:00:00,28.0,0.0,82.4,16.0,2.5
2024-10-17 07:00:00,28.4,0.0,80.0,56.0,3.7
2024-10-17 08:00:00,28.7,0.0,78.3,60.0,2.8
2024-10-17 09:00:00,29.2,0.0,78.2,122.0,3.8
2024-10-17 10:00:00,29.5,0.0,73.6,133.0,4.8
2024-10-17 11:00:00,26.2,0.0,83.5,99.0,8.3
2024-10-17 12:00:00,27.0,0.0,77.4,227.0,5.1
2024-10-17 13:00:00,27.9,0.0,75.1,107.0,1.4
2024-10-17 14:00:00,27.9,0.0,82.0,117.0,3.6
2024-10-17 15:00:00,28.5,0.0,82.6,139.0,3.8
2024-10-17 16:00:00,29.0,0.0,73.4,118.0,4.0
2024-10-17 17:00:00,29.3,0.0,73.3,103.0,4.0
2024-10-17 18:00:00,29.2,0.0,75.3,101.0,3.4
2024-10-17 19:00:00,29.1,0.0,77.0,98.0,3.7
2024-10-17 20:00:00,28.9,0.0,79.8,53.0,3.1
2024-10-17 21:00:00,28.0,0.0,86.5,8.0,4.4
2024-10-17 22:00:00,27.7,0.0,87.6,21.0,2.9
2024-10-17 23:00:00,27.4,0.0,88.5,7.0,3.6
2024-10-18 00:00:00,27.2,0.0,89.1,348.0,4.1
2024-10-18 01:00:00,26.7,0.0,92.8,346.0,4.0
2024-10-18 02:00:00,26.7,0.0,92.0,357.0,2.8
2024-10-18 03:00:00,26.4,0.0,92.2,305.0,3.8
2024-10-18 04:00:00,26.5,0.0,91.2,27.0,1.9
2024-10-18 05:00:00,26.7,0.0,90.4,338.0,2.1
2024-10-18 06:00:00,27.3,0.0,87.8,293.0,2.8
2024-10-18 07:00:00,26.9,0.0,90.9,356.0,3.9
2024-10-18 08:00:00,28.1,0.0,81.6,357.0,1.5
2024-10-18 09:00:00,28.5,0.0,77.4,294.0,2.7
2024-10-18 10:00:00,28.7,0.0,79.3,184.0,5.0
2024-10-18 11:00:00,29.1,0.0,78.6,185.0,7.9
2024-10-18 12:00:00,29.4,0.0,78.0,180.0,8.39999
2024-10-18 13:00:00,28.9,0.0,80.3,182.0,8.60001
2024-10-18 14:00:00,29.1,0.0,78.2,177.0,7.1
2024-10-18 15:00:00,29.0,0.0,76.1,192.0,5.4
2024-10-18 16:00:00,29.4,0.0,75.0,177.0,4.0
2024-10-18 17:00:00,29.2,0.0,76.9,184.0,5.7
2024-10-18 18:00:00,29.3,0.0,76.6,188.0,4.7
2024-10-18 19:00:00,29.0,0.0,77.5,189.0,3.3
2024-10-18 20:00:00,29.2,0.0,75.6,161.0,1.4
2024-10-18 21:00:00,29.2,0.0,74.4,46.0,3.0
2024-10-18 22:00:00,28.8,0.0,80.3,7.0,2.4
2024-10-18 23:00:00,28.4,0.0,82.8,28.0,4.2
2024-10-19 00:00:00,28.0,0.0,85.7,5.0,3.1
2024-10-19 01:00:00,27.8,0.0,87.0,30.0,2.3
2024-10-19 02:00:00,28.1,0.0,85.0,34.0,2.5
2024-10-19 03:00:00,27.7,0.0,87.4,355.0,2.2
2024-10-19 04:00:00,28.2,0.0,82.8,67.0,2.4
2024-10-19 05:00:00,28.2,0.0,85.0,62.0,2.5
2024-10-19 06:00:00,27.8,0.0,87.6,7.0,2.4
2024-10-19 07:00:00,27.6,0.0,89.4,345.0,2.4
2024-10-19 08:00:00,28.6,0.0,83.8,5.0,2.3
2024-10-19 09:00:00,29.8,0.0,75.3,43.0,3.5
2024-10-19 10:00:00,30.9,0.0,68.3,92.0,4.6
2024-10-19 11:00:00,31.3,0.0,65.9,136.0,5.5
2024-10-19 12:00:00,31.8,0.0,53.7,155.0,4.8
2024-10-19 13:00:00,30.7,0.0,65.1,148.0,9.60001
2024-10-19 14:00:00,29.4,0.0,73.5,130.0,6.1
2024-10-19 15:00:00,30.2,0.0,68.4,122.0,4.3
2024-10-19 16:00:00,30.6,0.0,65.4,150.0,4.9
2024-10-19 17:00:00,29.9,0.0,69.1,119.0,5.7
2024-10-19 18:00:00,30.0,0.0,67.4,83.0,5.2
2024-10-19 19:00:00,29.5,0.0,72.3,54.0,4.9
2024-10-19 20:00:00,29.2,0.0,75.3,58.0,5.6
2024-10-19 21:00:00,29.0,0.0,74.0,56.0,4.3
2024-10-19 22:00:00,28.9,0.0,73.8,67.0,5.1
2024-10-19 23:00:00,28.7,0.0,77.7,59.0,4.0
2024-10-20 00:00:00,28.3,0.0,78.5,10.0,3.9
2024-10-20 01:00:00,27.9,0.0,78.9,343.0,4.0
2024-10-20 02:00:00,26.8,0.0,87.9,6.0,5.0
2024-10-20 03:00:00,27.1,0.0,81.6,34.0,3.7
2024-10-20 04:00:00,23.4,0.2,91.9,245.0,15.3
2024-10-20 05:00:00,23.8,0.6,89.2,183.0,7.2
2024-10-20 06:00:00,25.1,0.2,90.0,62.0,4.1
2024-10-20 07:00:00,26.1,0.2,73.1,255.0,4.7
2024-10-20 08:00:00,25.3,0.0,84.8,20.0,2.6
2024-10-20 09:00:00,25.7,0.0,87.0,3.0,3.3
2024-10-20 10:00:00,25.5,0.0,88.2,,5.3
2024-10-20 11:00:00,26.8,0.0,82.8,25.0,2.8
2024-10-20 12:00:00,28.0,0.0,76.6,5.0,2.7
2024-10-20 13:00:00,30.0,0.0,63.0,283.0,1.8
2024-10-20 14:00:00,29.7,0.0,65.0,182.0,5.6
2024-10-20 15:00:00,30.2,0.0,64.2,192.0,6.9
2024-10-20 16:00:00,29.9,0.0,65.2,196.0,5.5
2024-10-20 17:00:00,31.2,0.0,53.3,162.0,1.9
2024-10-20 18:00:00,31.1,0.0,52.2,287.0,1.4
2024-10-20 19:00:00,30.6,0.0,60.3,297.0,3.2
2024-10-20 20:00:00,29.9,0.0,65.1,344.0,2.6
2024-10-20 21:00:00,29.6,0.0,66.0,14.0,4.2
2024-10-20 22:00:00,29.3,0.0,65.6,12.0,3.1
2024-10-20 23:00:00,29.3,0.0,65.8,46.0,2.8
2024-10-21 00:00:00,29.0,0.0,70.8,54.0,2.5
2024-10-21 01:00:00,28.7,0.0,71.9,40.0,2.9
2024-10-21 02:00:00,28.5,0.0,75.2,43.0,3.0
2024-10-21 03:00:00,28.0,0.0,81.4,12.0,2.7
2024-10-21 04:00:00,28.1,0.0,83.6,31.0,2.9
2024-10-21 05:00:00,28.0,0.0,85.2,14.0,2.7
2024-10-21 06:00:00,27.6,0.0,87.1,6.0,2.9
2024-10-21 07:00:00,27.7,0.0,87.3,1.0,3.2
2024-10-21 08:00:00,28.2,0.0,84.8,28.0,1.9
2024-10-21 09:00:00,29.2,0.0,81.4,353.0,3.1
2024-10-21 10:00:00,30.7,0.0,66.3,48.0,2.9
2024-10-21 11:00:00,30.1,0.0,72.9,113.0,5.6
2024-10-21 12:00:00,30.2,0.0,72.7,132.0,5.4
2024-10-21 13:00:00,30.5,0.0,69.1,139.0,6.4
2024-10-21 14:00:00,31.6,0.0,65.3,143.0,5.3
2024-10-21 15:00:00,32.3,0.0,57.0,185.0,5.3
2024-10-21 16:00:00,32.5,0.0,48.2,262.0,11.0
2024-10-21 17:00:00,32.4,0.0,48.1,267.0,8.8
2024-10-21 18:00:00,32.4,0.0,48.8,270.0,7.2
2024-10-21 19:00:00,31.9,0.0,55.7,258.0,5.8
2024-10-21 20:00:00,31.5,0.0,53.2,299.0,4.5
2024-10-21 21:00:00,31.5,0.0,52.6,6.0,2.9
2024-10-21 22:00:00,30.1,0.0,67.5,37.0,2.9
2024-10-21 23:00:00,29.6,0.0,73.4,40.0,2.2
2024-10-22 00:00:00,29.4,0.0,81.2,43.0,2.9
2024-10-22 01:00:00,29.2,0.0,81.5,46.0,2.6
2024-10-22 02:00:00,29.1,0.0,81.3,50.0,2.2
2024-10-22 03:00:00,28.9,0.0,82.6,35.0,2.8
2024-10-22 04:00:00,28.8,0.0,82.6,41.0,3.4
2024-10-22 05:00:00,28.5,0.0,86.1,16.0,2.5
2024-10-22 06:00:00,28.6,0.0,84.3,35.0,2.7
2024-10-22 07:00:00,28.3,0.0,86.3,12.0,2.7
2024-10-22 08:00:00,29.0,0.0,83.4,21.0,3.4
2024-10-22 09:00:00,29.9,0.0,77.9,103.0,2.1
2024-10-22 10:00:00,30.0,0.0,75.5,117.0,5.3
2024-10-22 11:00:00,30.8,0.0,70.1,165.0,5.2
2024-10-22 12:00:00,30.9,0.0,68.5,157.0,6.6
2024-10-22 13:00:00,31.9,0.0,62.7,144.0,4.8
2024-10-22 14:00:00,31.4,0.0,64.5,138.0,4.5
2024-10-22 15:00:00,32.1,0.0,63.3,134.0,4.3
2024-10-22 16:00:00,31.4,0.0,66.6,139.0,5.7
2024-10-22 17:00:00,32.9,0.0,60.2,168.0,2.4
2024-10-22 18:00:00,31.5,0.0,66.0,124.0,2.0
2024-10-22 19:00:00,31.3,0.0,63.4,187.0,2.9
2024-10-22 20:00:00,31.4,0.0,61.3,148.0,1.1
2024-10-22 21:00:00,30.6,0.0,72.3,69.0,5.7
2024-10-22 22:00:00,29.9,0.0,77.9,80.0,6.0
2024-10-22 23:00:00,29.8,0.0,76.5,59.0,4.9
2024-10-23 00:00:00,29.6,0.0,75.1,28.0,3.9
2024-10-23 01:00:00,29.4,0.0,79.5,60.0,4.5
2024-10-23 02:00:00,29.1,0.0,83.7,55.0,3.3
2024-10-23 03:00:00,29.0,0.0,82.7,60.0,4.2
2024-10-23 04:00:00,28.9,0.0,83.1,44.0,3.9
2024-10-23 05:00:00,28.7,0.0,84.9,358.0,3.4
2024-10-23 06:00:00,29.0,0.0,80.2,67.0,4.0
2024-10-23 07:00:00,29.0,0.0,80.3,78.0,3.5
2024-10-23 08:00:00,24.0,4.2,85.6,243.0,17.2
2024-10-23 09:00:00,28.5,0.0,70.9,353.0,1.5
2024-10-23 10:00:00,29.7,0.0,66.6,200.0,3.1
2024-10-23 11:00:00,30.8,0.0,70.6,180.0,3.9
2024-10-23 12:00:00,30.6,0.0,69.5,163.0,5.1
2024-10-23 13:00:00,31.0,0.0,66.1,162.0,7.2
2024-10-23 14:00:00,30.7,0.0,70.0,158.0,8.2
2024-10-23 15:00:00,31.0,0.0,67.8,156.0,7.8
2024-10-23 16:00:00,31.0,0.0,68.7,204.0,7.3
2024-10-23 17:00:00,30.6,0.0,71.4,177.0,3.0
2024-10-23 18:00:00,30.5,0.0,74.1,159.0,4.0
2024-10-23 19:00:00,30.1,0.0,75.2,184.0,4.2
2024-10-23 20:00:00,30.2,0.0,73.2,160.0,3.8
2024-10-23 21:00:00,29.8,0.0,82.0,133.0,4.7
2024-10-23 22:00:00,29.7,0.0,80.5,105.0,5.5
2024-10-23 23:00:00,29.7,0.0,79.0,66.0,2.6
2024-10-24 00:00:00,29.6,0.0,80.1,48.0,3.2
2024-10-24 01:00:00,29.0,0.0,79.8,24.0,2.9
2024-10-24 02:00:00,28.5,0.0,82.3,35.0,3.0
2024-10-24 03:00:00,28.5,0.0,81.7,358.0,3.3
2024-10-24 04:00:00,28.3,0.0,81.3,5.0,3.7
2024-10-24 05:00:00,28.2,0.0,80.0,37.0,2.8
2024-10-24 06:00:00,28.2,0.0,80.6,19.0,3.1
2024-10-24 07:00:00,28.3,0.0,76.8,38.0,2.8
2024-10-24 08:00:00,28.8,0.0,79.0,3.0,4.3
2024-10-24 09:00:00,29.8,0.0,73.4,26.0,3.2
2024-10-24 10:00:00,30.7,0.0,65.7,63.0,1.4
2024-10-24 11:00:00,30.1,0.0,73.2,137.0,3.8
2024-10-24 12:00:00,30.7,0.0,70.2,121.0,5.3
2024-10-24 13:00:00,30.8,0.0,68.7,109.0,7.1
2024-10-24 14:00:00,31.7,0.0,69.2,183.0,5.1
2024-10-24 15:00:00,30.6,0.0,70.2,183.0,10.9
2024-10-24 16:00:00,30.6,0.0,69.5,192.0,9.2
2024-10-24 17:00:00,30.4,0.0,68.0,174.0,4.8
2024-10-24 18:00:00,30.8,0.0,64.0,168.0,4.2
2024-10-24 19:00:00,30.6,0.0,65.1,247.0,3.0
2024-10-24 20:00:00,30.1,0.0,70.8,359.0,4.9
2024-10-24 21:00:00,28.9,0.0,73.2,31.0,3.7
2024-10-24 22:00:00,29.0,0.0,72.2,37.0,4.0
2024-10-24 23:00:00,29.0,0.0,72.7,10.0,4.9
2024-10-25 00:00:00,29.1,0.0,73.0,60.0,2.3
2024-10-25 01:00:00,29.0,0.0,74.2,34.0,2.2
2024-10-25 02:00:00,29.0,0.0,74.7,7.0,3.4
2024-10-25 03:00:00,29.2,0.0,74.0,97.0,1.0
2024-10-25 04:00:00,28.8,0.0,76.4,1.0,2.9
2024-10-25 05:00:00,28.9,0.0,77.9,341.0,3.2
2024-10-25 06:00:00,28.8,0.0,81.0,359.0,4.4
2024-10-25 07:00:00,27.5,0.0,77.3,134.0,3.8
2024-10-25 08:00:00,28.6,0.0,78.1,190.0,4.5
2024-10-25 09:00:00,28.8,0.0,76.8,301.0,4.4
2024-10-25 10:00:00,30.2,0.0,66.4,178.0,5.6
2024-10-25 11:00:00,30.0,0.0,78.9,170.0,7.3
2024-10-25 12:00:00,29.7,0.0,81.7,178.0,10.7
2024-10-25 13:00:00,29.7,0.0,78.8,179.0,12.5
2024-10-25 14:00:00,30.7,0.0,75.2,187.0,12.8
2024-10-25 15:00:00,30.6,0.0,68.5,222.0,12.1
2024-10-25 16:00:00,30.3,0.0,72.8,236.0,9.0
2024-10-25 17:00:00,30.4,0.0,66.1,249.0,6.6
2024-10-25 18:00:00,30.4,0.0,69.5,274.0,5.2
2024-10-25 19:00:00,29.9,0.0,76.6,290.0,8.0
2024-10-25 20:00:00,29.6,0.0,77.3,293.0,8.3
2024-10-25 21:00:00,29.5,0.0,78.6,290.0,7.0
2024-10-25 22:00:00,29.3,0.0,77.5,291.0,8.5
2024-10-25 23:00:00,29.1,0.0,79.6,286.0,6.9
2024-10-26 00:00:00,29.0,0.0,78.7,295.0,6.7
2024-10-26 01:00:00,28.9,0.0,78.0,302.0,7.4
2024-10-26 02:00:00,28.6,0.0,74.5,290.0,9.5
2024-10-26 03:00:00,28.3,0.0,76.7,289.0,7.1
2024-10-26 04:00:00,28.3,0.0,78.5,296.0,6.1
2024-10-26 05:00:00,28.4,0.0,79.7,284.0,5.5
2024-10-26 06:00:00,28.5,0.0,80.0,290.0,5.4
2024-10-26 07:00:00,28.5,0.0,81.4,293.0,6.0
2024-10-26 08:00:00,29.5,0.0,75.3,214.0,7.0
2024-10-26 09:00:00,30.4,0.0,70.3,198.0,10.3
2024-10-26 10:00:00,30.2,0.0,74.4,191.0,13.3
2024-10-26 11:00:00,30.7,0.0,68.8,195.0,10.4
2024-10-26 12:00:00,31.2,0.0,61.8,197.0,10.7
2024-10-26 13:00:00,31.2,0.0,59.0,241.0,12.1
2024-10-26 14:00:00,31.5,0.0,57.5,231.0,10.6
2024-10-26 15:00:00,31.7,0.0,59.1,188.0,11.2
2024-10-26 16:00:00,31.0,0.0,63.3,185.0,8.0
2024-10-26 17:00:00,31.4,0.0,65.6,185.0,7.6
2024-10-26 18:00:00,31.4,0.0,64.4,245.0,4.7
2024-10-26 19:00:00,31.0,0.0,65.0,267.0,6.6
2024-10-26 20:00:00,30.8,0.0,68.1,271.0,4.8
2024-10-26 21:00:00,30.6,0.0,69.2,327.0,3.4
2024-10-26 22:00:00,30.6,0.0,69.2,12.0,1.7
2024-10-26 23:00:00,30.1,0.0,71.1,319.0,3.8
2024-10-27 00:00:00,30.2,0.0,71.2,254.0,1.8
2024-10-27 01:00:00,29.8,0.0,77.9,266.0,7.8
2024-10-27 02:00:00,29.8,0.0,78.4,279.0,4.2
2024-10-27 03:00:00,29.0,0.0,75.9,302.0,7.1
2024-10-27 04:00:00,28.5,0.0,75.5,303.0,5.5
2024-10-27 05:00:00,28.6,0.0,80.8,300.0,5.5
2024-10-27 06:00:00,28.4,0.0,80.8,300.0,5.2
2024-10-27 07:00:00,28.9,0.0,81.2,277.0,5.4
2024-10-27 08:00:00,29.1,0.0,81.3,267.0,6.7
2024-10-27 09:00:00,29.8,0.0,76.3,256.0,7.9
2024-10-27 10:00:00,30.3,0.0,69.5,227.0,9.7
2024-10-27 11:00:00,30.9,0.0,64.3,231.0,9.39999
2024-10-27 12:00:00,31.3,0.0,60.6,231.0,11.4
2024-10-27 13:00:00,32.0,0.0,58.9,226.0,10.3
2024-10-27 14:00:00,31.6,0.0,58.7,219.0,11.5
2024-10-27 15:00:00,32.0,0.0,57.0,226.0,5.8
2024-10-27 16:00:00,32.0,0.0,59.3,208.0,8.8
2024-10-27 17:00:00,31.7,0.0,60.9,217.0,8.7
2024-10-27 18:00:00,32.2,0.0,58.4,233.0,4.6
2024-10-27 19:00:00,31.1,0.0,66.4,184.0,4.4
2024-10-27 20:00:00,30.6,0.0,75.7,188.0,6.0
2024-10-27 21:00:00,30.6,0.0,73.1,190.0,4.1
2024-10-27 22:00:00,30.3,0.0,70.8,300.0,4.7
2024-10-27 23:00:00,30.3,0.0,70.7,246.0,1.9
2024-10-28 00:00:00,30.1,0.0,75.0,178.0,5.3
2024-10-28 01:00:00,29.9,0.0,79.8,179.0,4.9
2024-10-28 02:00:00,29.6,0.0,80.7,178.0,7.0
2024-10-28 03:00:00,29.6,0.0,81.6,189.0,8.5
2024-10-28 04:00:00,29.8,0.0,78.8,189.0,5.0
2024-10-28 05:00:00,29.6,0.0,81.9,202.0,9.10001
2024-10-28 06:00:00,29.7,0.0,80.6,191.0,7.2
2024-10-28 07:00:00,28.8,0.0,78.4,282.0,6.0
2024-10-28 08:00:00,29.1,0.0,77.9,279.0,4.5
2024-10-28 09:00:00,30.1,0.0,76.3,232.0,9.5
2024-10-28 10:00:00,30.2,0.0,66.6,202.0,10.0
2024-10-28 11:00:00,30.6,0.0,63.4,201.0,11.0
2024-10-28 12:00:00,31.0,0.0,61.2,199.0,11.1
2024-10-28 13:00:00,30.8,0.0,66.8,234.0,8.3
2024-10-28 14:00:00,31.5,0.0,61.8,248.0,10.8
2024-10-28 15:00:00,32.4,0.0,56.5,196.0,8.3
2024-10-28 16:00:00,31.6,0.0,63.1,180.0,8.39999
2024-10-28 17:00:00,31.6,0.0,60.0,180.0,5.6
2024-10-28 18:00:00,31.3,0.0,64.2,167.0,3.9
2024-10-28 19:00:00,30.3,0.0,68.5,179.0,4.7
2024-10-28 20:00:00,30.2,0.0,73.5,179.0,4.1
2024-10-28 21:00:00,30.0,0.0,76.6,144.0,3.7
2024-10-28 22:00:00,30.1,0.0,74.8,95.0,3.6
2024-10-28 23:00:00,30.0,0.0,74.0,76.0,2.2
2024-10-29 00:00:00,30.3,0.0,70.6,124.0,2.6
2024-10-29 01:00:00,30.0,0.0,71.6,126.0,3.8
2024-10-29 02:00:00,29.7,0.0,75.9,123.0,4.0
2024-10-29 03:00:00,29.7,0.0,76.6,125.0,3.7
2024-10-29 04:00:00,29.6,0.0,78.3,138.0,2.6
2024-10-29 05:00:00,29.3,0.0,80.5,134.0,3.5
2024-10-29 06:00:00,29.2,0.0,82.2,113.0,4.1
2024-10-29 07:00:00,29.1,0.0,84.4,149.0,3.4
2024-10-29 08:00:00,29.8,0.0,82.4,145.0,3.0
2024-10-29 09:00:00,30.0,0.0,79.2,171.0,5.1
2024-10-29 10:00:00,30.3,0.0,79.3,176.0,7.1
2024-10-29 11:00:00,30.7,0.0,72.5,172.0,7.1
2024-10-29 12:00:00,31.1,0.0,67.3,176.0,8.2
2024-10-29 13:00:00,31.7,0.0,66.9,193.0,6.6
2024-10-29 14:00:00,32.1,0.0,63.2,189.0,7.6
2024-10-29 15:00:00,32.0,0.0,61.4,202.0,8.10001
2024-10-29 16:00:00,31.4,0.0,67.1,200.0,10.1
2024-10-29 17:00:00,31.0,0.0,73.5,180.0,7.5
2024-10-29 18:00:00,30.8,0.0,72.4,194.0,7.0
2024-10-29 19:00:00,30.7,0.0,72.9,178.0,7.3
2024-10-29 20:00:00,30.5,0.0,71.0,185.0,5.8
2024-10-29 21:00:00,30.8,0.0,70.2,193.0,2.4
2024-10-29 22:00:00,30.5,0.0,69.1,298.0,4.5
2024-10-29 23:00:00,29.7,0.0,78.6,314.0,5.0
2024-10-30 00:00:00,29.5,0.0,78.5,314.0,4.4
2024-10-30 01:00:00,29.5,0.0,78.6,337.0,2.5
2024-10-30 02:00:00,29.2,0.0,80.0,309.0,4.3
2024-10-30 03:00:00,29.0,0.0,76.1,301.0,2.5
2024-10-30 04:00:00,28.8,0.0,78.5,300.0,4.4
2024-10-30 05:00:00,28.7,0.0,81.9,310.0,6.5
2024-10-30 06:00:00,28.9,0.0,84.6,274.0,6.7
2024-10-30 07:00:00,28.2,0.0,86.7,287.0,6.5
2024-10-30 08:00:00,28.5,0.0,84.2,276.0,5.3
2024-10-30 09:00:00,29.6,0.0,72.7,270.0,5.5
2024-10-30 10:00:00,30.3,0.0,73.7,229.0,6.2
2024-10-30 11:00:00,31.1,0.0,66.7,243.0,8.5
2024-10-30 12:00:00,30.2,0.0,70.9,181.0,11.3
2024-10-30 13:00:00,30.7,0.0,65.1,179.0,9.7
2024-10-30 14:00:00,31.4,0.0,64.2,179.0,8.89999
2024-10-30 15:00:00,31.2,0.0,62.6,204.0,7.2
2024-10-30 16:00:00,31.5,0.0,63.0,182.0,6.7
2024-10-30 17:00:00,31.7,0.0,62.7,183.0,6.3
2024-10-30 18:00:00,31.6,0.0,63.5,177.0,6.5
2024-10-30 19:00:00,31.2,0.0,64.1,194.0,4.2
2024-10-30 20:00:00,31.0,0.0,65.9,258.0,3.5
2024-10-30 21:00:00,30.4,0.0,70.0,289.0,4.9
2024-10-30 22:00:00,30.2,0.0,70.5,300.0,6.3
2024-10-30 23:00:00,30.1,0.0,72.0,305.0,5.6
2024-10-31 00:00:00,30.0,0.0,71.7,325.0,1.8
2024-10-31 01:00:00,30.1,0.0,66.0,348.0,3.1
2024-10-31 02:00:00,29.8,0.0,68.9,349.0,3.4
2024-10-31 03:00:00,29.7,0.0,69.6,1.0,2.6
2024-10-31 04:00:00,29.4,0.0,72.7,4.0,4.0
2024-10-31 05:00:00,29.3,0.0,74.2,316.0,3.9
2024-10-31 06:00:00,29.1,0.0,70.4,325.0,4.3
2024-10-31 07:00:00,29.0,0.0,74.7,230.0,9.8
2024-10-31 08:00:00,28.7,0.0,70.8,208.0,5.6
2024-10-31 09:00:00,29.5,0.0,65.4,175.0,5.2
2024-10-31 10:00:00,28.6,0.0,82.9,179.0,12.7
2024-10-31 11:00:00,27.2,0.2,85.5,358.0,3.3
2024-10-31 12:00:00,29.1,0.0,77.9,320.0,2.8
2024-10-31 13:00:00,29.9,0.0,70.8,219.0,5.8
2024-10-31 14:00:00,29.8,0.0,70.1,189.0,7.5
2024-10-31 15:00:00,29.7,0.0,75.7,183.0,7.1
2024-10-31 16:00:00,30.9,0.0,68.3,276.0,5.4
2024-10-31 17:00:00,31.3,0.0,59.2,261.0,7.4
2024-10-31 18:00:00,30.7,0.0,64.6,273.0,5.0
2024-10-31 19:00:00,30.6,0.0,64.1,298.0,4.4
2024-10-31 20:00:00,30.2,0.0,67.7,261.0,3.9
2024-10-31 21:00:00,30.0,0.0,70.1,220.0,2.2
2024-10-31 22:00:00,30.0,0.0,71.1,352.0,2.3
2024-10-31 23:00:00,29.6,0.0,75.9,301.0,5.0
2024-11-01 00:00:00,29.8,0.0,76.6,251.0,3.6
2024-11-01 01:00:00,29.7,0.0,78.5,270.0,3.5
2024-11-01 02:00:00,29.2,0.0,79.7,314.0,4.7
2024-11-01 03:00:00,28.6,0.0,72.4,258.0,7.5
2024-11-01 04:00:00,27.1,0.0,80.6,248.0,12.6
2024-11-01 05:00:00,26.8,0.0,80.0,304.0,7.3
2024-11-01 06:00:00,27.2,0.0,85.8,308.0,7.0
2024-11-01 07:00:00,27.1,0.0,86.3,322.0,5.4
2024-11-01 08:00:00,27.7,0.0,82.5,300.0,5.7
2024-11-01 09:00:00,29.0,0.0,73.3,276.0,8.39999
2024-11-01 10:00:00,29.8,0.0,71.5,284.0,8.0
2024-11-01 11:00:00,30.3,0.0,70.0,266.0,6.9
2024-11-01 12:00:00,30.9,0.0,66.0,265.0,8.8
2024-11-01 13:00:00,31.4,0.0,64.6,239.0,12.0
2024-11-01 14:00:00,30.9,0.0,69.8,238.0,13.9
2024-11-01 15:00:00,30.5,0.0,64.2,249.0,9.8
2024-11-01 16:00:00,30.1,0.0,66.3,243.0,7.2
2024-11-01 17:00:00,29.8,0.0,71.7,278.0,5.3
2024-11-01 18:00:00,30.0,0.0,70.3,298.0,6.2
2024-11-01 19:00:00,29.9,0.0,71.5,300.0,5.3
2024-11-01 20:00:00,29.8,0.0,71.8,335.0,3.3
2024-11-01 21:00:00,29.3,0.0,77.3,8.0,3.9
2024-11-01 22:00:00,28.7,0.0,81.1,33.0,2.9
2024-11-01 23:00:00,28.5,0.0,81.6,35.0,2.5
2024-11-02 00:00:00,28.4,0.0,81.2,44.0,2.3
2024-11-02 01:00:00,28.5,0.0,81.3,35.0,2.5
2024-11-02 02:00:00,28.5,0.0,81.5,29.0,1.3
2024-11-02 03:00:00,28.8,0.0,77.9,353.0,4.3
2024-11-02 04:00:00,28.4,0.0,79.3,9.0,3.1
2024-11-02 05:00:00,28.5,0.0,79.9,45.0,1.7
2024-11-02 06:00:00,28.4,0.0,80.3,1.0,4.4
2024-11-02 07:00:00,28.4,0.0,80.5,2.0,3.8
2024-11-02 08:00:00,28.6,0.0,80.2,14.0,3.7
2024-11-02 09:00:00,29.0,0.0,78.7,320.0,6.7
2024-11-02 10:00:00,29.5,0.0,70.6,279.0,9.89999
2024-11-02 11:00:00,29.5,0.0,72.0,256.0,10.4
2024-11-02 12:00:00,27.6,0.0,82.5,212.0,19.6
2024-11-02 13:00:00,26.7,0.0,86.0,209.0,18.0
2024-11-02 14:00:00,27.0,0.0,82.0,274.0,6.5
2024-11-02 15:00:00,27.0,0.0,86.3,283.0,6.0
2024-11-02 16:00:00,27.1,0.0,83.9,294.0,4.4
2024-11-02 17:00:00,27.6,0.0,84.7,281.0,7.6
2024-11-02 18:00:00,27.8,0.0,82.5,292.0,7.2
2024-11-02 19:00:00,28.1,0.0,79.0,237.0,8.7
2024-11-02 20:00:00,28.4,0.0,81.0,249.0,4.1
2024-11-02 21:00:00,28.4,0.0,81.6,304.0,6.7
2024-11-02 22:00:00,28.5,0.0,81.8,306.0,5.2
2024-11-02 23:00:00,28.7,0.0,80.8,319.0,3.4
2024-11-03 00:00:00,29.0,0.0,80.3,193.0,5.6
2024-11-03 01:00:00,28.3,0.0,82.6,322.0,7.1
2024-11-03 02:00:00,28.1,0.0,84.1,315.0,3.3
2024-11-03 03:00:00,28.1,0.0,82.2,308.0,5.9
2024-11-03 04:00:00,28.0,0.0,81.9,312.0,5.5
2024-11-03 05:00:00,28.1,0.0,81.2,304.0,5.0
2024-11-03 06:00:00,28.1,0.0,81.7,303.0,7.8
2024-11-03 07:00:00,28.0,0.0,83.6,286.0,3.4
2024-11-03 08:00:00,28.6,0.0,82.6,260.0,3.4
2024-11-03 09:00:00,29.2,0.0,70.1,182.0,5.1
2024-11-03 10:00:00,29.7,0.0,70.5,270.0,4.6
2024-11-03 11:00:00,30.7,0.0,67.0,252.0,7.2
2024-11-03 12:00:00,28.5,0.0,86.2,160.0,5.4
2024-11-03 13:00:00,29.2,0.0,78.6,147.0,5.7
2024-11-03 14:00:00,30.4,0.0,61.2,218.0,8.3
2024-11-03 15:00:00,30.7,0.0,58.5,262.0,7.8
2024-11-03 16:00:00,30.6,0.0,65.0,259.0,7.0
2024-11-03 17:00:00,30.6,0.0,65.8,300.0,5.6
2024-11-03 18:00:00,28.3,0.0,76.7,21.0,5.8
2024-11-03 19:00:00,28.1,0.0,78.6,20.0,4.1
2024-11-03 20:00:00,27.7,0.0,79.4,43.0,3.0
2024-11-03 21:00:00,27.8,0.0,76.9,19.0,3.2
2024-11-03 22:00:00,28.0,0.0,77.1,14.0,2.6
2024-11-03 23:00:00,27.8,0.0,78.8,15.0,3.5
2024-11-04 00:00:00,27.9,0.0,79.3,14.0,3.1
2024-11-04 01:00:00,27.9,0.0,79.7,12.0,3.3
2024-11-04 02:00:00,28.0,0.0,78.6,26.0,2.6
2024-11-04 03:00:00,27.7,0.0,82.0,3.0,3.5
2024-11-04 04:00:00,27.2,0.0,83.5,37.0,2.2
2024-11-04 05:00:00,27.4,0.0,83.1,39.0,2.2
2024-11-04 06:00:00,27.3,0.0,83.8,33.0,0.8
2024-11-04 07:00:00,25.9,0.0,83.7,197.0,8.5
2024-11-04 08:00:00,24.2,0.0,95.6,177.0,4.9
2024-11-04 09:00:00,25.0,0.2,90.7,324.0,1.0
2024-11-04 10:00:00,25.7,0.0,92.6,315.0,4.3
2024-11-04 11:00:00,26.0,0.0,91.8,28.0,0.7
2024-11-04 12:00:00,26.6,0.0,87.5,358.0,2.6
2024-11-04 13:00:00,28.0,0.0,80.5,167.0,5.3
2024-11-04 14:00:00,27.8,0.0,81.5,177.0,6.2
2024-11-04 15:00:00,28.5,0.0,74.7,185.0,5.5
2024-11-04 16:00:00,28.1,0.0,75.7,166.0,6.1
2024-11-04 17:00:00,28.5,0.0,74.4,167.0,5.6
2024-11-04 18:00:00,28.2,0.0,76.1,168.0,4.7
2024-11-04 19:00:00,28.2,0.0,77.4,153.0,3.0
2024-11-04 20:00:00,28.1,0.0,79.0,165.0,3.1
2024-11-04 21:00:00,28.2,0.0,78.0,174.0,3.0
2024-11-04 22:00:00,28.2,0.0,78.7,349.0,1.0
2024-11-04 23:00:00,28.0,0.0,80.1,25.0,2.2
2024-11-05 00:00:00,28.1,0.0,79.6,39.0,1.9
2024-11-05 01:00:00,27.5,0.0,82.9,1.0,2.8
2024-11-05 02:00:00,27.4,0.0,83.0,354.0,1.5
2024-11-05 03:00:00,27.5,0.0,79.9,35.0,1.3
2024-11-05 04:00:00,27.2,0.0,81.8,2.0,2.3
2024-11-05 05:00:00,27.3,0.0,81.8,8.0,2.8
2024-11-05 06:00:00,27.1,0.0,84.8,359.0,3.3
2024-11-05 07:00:00,27.1,0.0,82.9,3.0,1.8
2024-11-05 08:00:00,28.4,0.0,74.7,356.0,1.5
2024-11-05 09:00:00,29.3,0.0,71.4,190.0,4.9
2024-11-05 10:00:00,30.2,0.0,69.2,188.0,5.7
2024-11-05 11:00:00,29.9,0.0,71.5,187.0,8.39999
2024-11-05 12:00:00,30.0,0.0,73.1,181.0,8.5
2024-11-05 13:00:00,28.9,0.0,77.1,185.0,10.5
2024-11-05 14:00:00,29.0,0.0,75.5,137.0,5.5
2024-11-05 15:00:00,29.1,0.0,75.6,179.0,6.6
2024-11-05 16:00:00,28.9,0.0,75.7,179.0,7.0
2024-11-05 17:00:00,29.6,0.0,69.9,186.0,5.8
2024-11-05 18:00:00,29.6,0.0,69.7,175.0,5.5
2024-11-05 19:00:00,29.6,0.0,69.7,175.0,5.5
2024-11-05 20:00:00,29.6,0.0,69.7,175.0,5.5
2024-11-05 21:00:00,29.6,0.0,69.7,175.0,5.5
2024-11-05 22:00:00,29.6,0.0,69.7,175.0,5.5
2024-11-05 23:00:00,29.6,0.0,69.7,175.0,5.5
2024-11-06 00:00:00,29.6,0.0,69.7,175.0,5.5
2024-11-06 01:00:00,29.6,0.0,69.7,175.0,5.5
2024-11-06 02:00:00,29.6,0.0,69.7,175.0,5.5
2024-11-06 03:00:00,29.6,0.0,69.7,175.0,5.5
2024-11-06 04:00:00,29.6,0.0,69.7,175.0,5.5
2024-11-06 05:00:00,29.6,0.0,69.7,175.0,5.5
2024-11-06 06:00:00,29.6,0.0,69.7,175.0,5.5
2024-11-06 07:00:00,29.6,0.0,69.7,175.0,5.5
2024-11-06 10:00:00,26.2,0.0,89.1,204.0,7.2
2024-11-06 11:00:00,27.3,0.0,81.3,242.0,3.9
2024-11-06 12:00:00,27.9,0.0,75.0,199.0,2.6
2024-11-06 13:00:00,28.9,0.0,72.2,147.0,2.4
2024-11-06 14:00:00,29.4,0.0,70.4,267.0,6.8
2024-11-06 15:00:00,29.9,0.0,65.9,269.0,5.4
2024-11-06 16:00:00,29.3,0.0,73.9,180.0,8.60001
2024-11-06 17:00:00,29.2,0.0,75.3,177.0,9.3
2024-11-06 18:00:00,30.1,0.0,68.2,267.0,4.6
2024-11-06 19:00:00,30.1,0.0,68.2,210.0,5.2
2024-11-06 20:00:00,30.1,0.0,68.2,296.0,5.5
2024-11-06 21:00:00,30.1,0.0,68.2,338.0,5.2
2024-11-06 22:00:00,30.1,0.0,68.2,346.0,3.7
2024-11-06 23:00:00,30.1,0.0,68.2,19.0,5.3
2024-11-07 00:00:00,30.1,0.0,68.2,16.0,3.1
2024-11-07 01:00:00,30.1,0.0,68.2,1.0,5.8
2024-11-07 02:00:00,30.1,0.0,68.2,23.0,3.6
2024-11-07 03:00:00,30.1,0.0,68.2,11.0,2.5
2024-11-07 04:00:00,30.1,0.0,68.2,1.0,3.3
2024-11-07 05:00:00,30.1,0.0,68.2,338.0,3.7
2024-11-07 06:00:00,30.1,0.0,68.2,7.0,3.5
2024-11-07 07:00:00,26.8,0.0,82.8,6.0,2.9
2024-11-07 08:00:00,26.9,0.0,82.5,335.0,1.8
2024-11-07 09:00:00,26.9,0.0,82.5,259.0,1.0
2024-11-07 10:00:00,26.9,0.0,82.5,177.0,6.0
2024-11-07 11:00:00,26.9,0.0,82.5,204.0,11.6
2024-11-07 12:00:00,26.9,0.0,82.5,190.0,7.5
2024-11-07 13:00:00,26.9,0.0,82.5,179.0,8.3
2024-11-07 14:00:00,26.9,0.0,82.5,180.0,7.7
2024-11-07 15:00:00,28.5,0.0,79.5,183.0,8.39999
2024-11-07 16:00:00,28.5,0.0,78.1,178.0,9.89999
2024-11-07 17:00:00,28.5,0.0,77.0,176.0,7.4
2024-11-07 18:00:00,28.5,0.0,75.7,173.0,4.8
2024-11-07 19:00:00,28.8,0.0,69.9,163.0,3.7
2024-11-07 20:00:00,28.8,0.0,75.3,199.0,3.4
2024-11-07 21:00:00,28.2,0.0,76.4,37.0,2.3
2024-11-07 22:00:00,28.1,0.0,77.1,28.0,2.5
2024-11-07 23:00:00,28.4,0.0,77.1,312.0,0.8
2024-11-08 00:00:00,28.4,0.0,78.1,4.0,2.7
2024-11-08 01:00:00,27.6,0.0,84.8,5.0,4.6
2024-11-08 02:00:00,27.3,0.0,87.0,22.0,3.2
2024-11-08 03:00:00,27.4,0.0,85.2,29.0,2.8
2024-11-08 04:00:00,27.5,0.0,86.1,27.0,2.2
2024-11-08 05:00:00,27.7,0.0,87.5,276.0,4.1
2024-11-08 06:00:00,27.5,0.0,85.8,15.0,2.2
2024-11-08 07:00:00,25.8,0.2,85.1,214.0,11.4
2024-11-08 08:00:00,24.4,0.4,95.7,316.0,6.9
2024-11-08 09:00:00,24.6,0.0,95.5,314.0,1.4
2024-11-08 10:00:00,26.0,0.0,91.9,230.0,2.9
2024-11-08 11:00:00,27.7,0.0,78.9,174.0,5.0
2024-11-08 12:00:00,27.9,0.0,81.6,211.0,6.5
2024-11-08 13:00:00,28.7,0.0,76.8,175.0,7.2
2024-11-08 14:00:00,28.6,0.0,77.8,175.0,7.7
2024-11-08 15:00:00,29.3,0.0,73.3,178.0,8.89999
2024-11-08 16:00:00,30.1,0.0,70.1,184.0,7.5
2024-11-08 17:00:00,29.7,0.0,68.4,175.0,8.3
2024-11-08 18:00:00,30.2,0.0,68.1,178.0,5.0
2024-11-08 19:00:00,30.1,0.0,60.7,246.0,4.3
2024-11-08 20:00:00,29.8,0.0,64.6,260.0,3.2
2024-11-08 21:00:00,29.5,0.0,66.8,304.0,3.5
2024-11-08 22:00:00,29.0,0.0,69.8,308.0,3.4
2024-11-08 23:00:00,28.8,0.0,70.7,312.0,2.2
2024-11-09 00:00:00,28.6,0.0,74.1,310.0,3.3
2024-11-09 01:00:00,28.2,0.0,76.4,354.0,2.0
2024-11-09 02:00:00,28.4,0.0,77.5,296.0,2.6
2024-11-09 03:00:00,27.7,0.0,81.7,344.0,2.7
2024-11-09 04:00:00,27.6,0.0,82.2,357.0,2.9
2024-11-09 05:00:00,27.4,0.0,82.1,22.0,2.2
2024-11-09 06:00:00,27.1,0.0,84.8,354.0,3.6
2024-11-09 07:00:00,27.6,0.0,80.8,10.0,3.3
2024-11-09 08:00:00,28.2,0.0,78.4,10.0,1.6
2024-11-09 09:00:00,28.6,0.0,78.0,324.0,4.8
2024-11-09 10:00:00,30.5,0.0,70.1,340.0,2.0
2024-11-09 11:00:00,29.4,0.0,70.6,281.0,5.0
2024-11-09 12:00:00,26.3,2.2,79.2,291.0,8.39999
2024-11-09 13:00:00,30.5,0.0,68.2,319.0,2.4
2024-11-09 14:00:00,29.7,0.0,75.7,183.0,7.2
2024-11-09 15:00:00,29.8,0.0,75.1,188.0,6.8
2024-11-09 16:00:00,27.4,0.2,88.2,73.0,5.5
2024-11-09 17:00:00,28.1,0.0,82.3,83.0,4.6
2024-11-09 18:00:00,28.5,0.0,82.8,30.0,2.3
2024-11-09 19:00:00,28.4,0.0,79.7,81.0,3.4
2024-11-09 20:00:00,28.3,0.0,82.8,62.0,2.5
2024-11-09 21:00:00,28.3,0.0,83.2,45.0,2.1
2024-11-09 22:00:00,28.2,0.0,84.5,346.0,2.8
2024-11-09 23:00:00,28.0,0.0,82.6,13.0,2.6
2024-11-10 00:00:00,27.9,0.0,85.7,339.0,2.8
2024-11-10 01:00:00,27.6,0.0,88.5,344.0,2.6
2024-11-10 02:00:00,27.8,0.0,85.2,50.0,2.2
2024-11-10 03:00:00,28.3,0.0,82.4,165.0,3.0
2024-11-10 04:00:00,28.4,0.0,83.5,178.0,2.1
2024-11-10 05:00:00,27.6,0.0,88.4,344.0,2.8
2024-11-10 06:00:00,25.6,0.0,91.1,299.0,8.3
2024-11-10 07:00:00,26.1,0.0,88.8,276.0,9.3
2024-11-10 08:00:00,25.2,0.6,93.5,207.0,10.0
2024-11-10 09:00:00,25.5,0.0,92.4,327.0,7.3
2024-11-10 10:00:00,26.4,0.0,86.6,285.0,6.1
2024-11-10 11:00:00,27.8,0.0,78.5,276.0,7.5
2024-11-10 12:00:00,29.0,0.0,73.9,265.0,6.7
2024-11-10 13:00:00,29.8,0.0,72.2,214.0,6.3
2024-11-10 14:00:00,30.2,0.0,69.3,197.0,5.9
2024-11-10 15:00:00,29.8,0.0,74.8,209.0,4.6
2024-11-10 16:00:00,29.6,0.0,75.0,216.0,8.8
2024-11-10 17:00:00,29.5,0.0,74.7,211.0,6.2
2024-11-10 18:00:00,29.8,0.0,74.4,259.0,9.0
2024-11-10 19:00:00,27.7,0.0,81.3,4.0,10.4
2024-11-10 20:00:00,27.0,0.0,88.4,337.0,7.8
2024-11-10 21:00:00,27.0,0.0,85.9,11.0,3.2
2024-11-10 22:00:00,27.3,0.0,82.3,12.0,4.9
2024-11-10 23:00:00,26.8,0.0,87.2,356.0,2.5
2024-11-11 00:00:00,27.0,0.0,85.8,19.0,3.3
2024-11-11 01:00:00,27.0,0.0,86.6,12.0,2.3
2024-11-11 02:00:00,27.1,0.0,85.7,17.0,2.2
2024-11-11 03:00:00,27.2,0.0,83.2,48.0,1.2
2024-11-11 04:00:00,27.4,0.0,84.1,4.0,2.7
2024-11-11 05:00:00,26.8,0.0,84.7,9.0,2.5
2024-11-11 06:00:00,26.9,0.0,84.7,12.0,2.9
2024-11-11 07:00:00,26.9,0.0,84.2,13.0,4.3
2024-11-11 08:00:00,27.9,0.0,80.2,32.0,3.1
2024-11-11 09:00:00,28.9,0.0,78.2,344.0,2.9
2024-11-11 10:00:00,29.8,0.0,73.9,180.0,4.3
2024-11-11 11:00:00,30.2,0.0,72.5,165.0,4.6
2024-11-11 12:00:00,30.5,0.0,71.8,173.0,4.7
2024-11-11 13:00:00,30.7,0.0,71.1,174.0,5.8
2024-11-11 14:00:00,31.0,0.0,67.8,179.0,7.8
2024-11-11 15:00:00,30.2,0.2,80.2,180.0,4.4
2024-11-11 16:00:00,29.7,0.0,78.1,49.0,2.1
2024-11-11 17:00:00,29.0,0.0,78.3,25.0,5.2
2024-11-11 18:00:00,27.9,0.0,83.7,37.0,4.9
2024-11-11 19:00:00,28.0,0.0,81.5,42.0,3.2
2024-11-11 20:00:00,27.6,0.0,82.7,25.0,3.8
2024-11-11 21:00:00,27.6,0.0,81.3,22.0,3.7
2024-11-11 22:00:00,27.9,0.0,80.5,1.0,3.8
2024-11-11 23:00:00,27.4,0.0,82.4,16.0,4.3
2024-11-12 00:00:00,27.4,0.0,81.3,,3.9
2024-11-12 01:00:00,27.4,0.0,80.0,45.0,2.2
2024-11-12 02:00:00,27.3,0.0,81.7,6.0,3.4
2024-11-12 03:00:00,27.2,0.0,82.7,6.0,3.6
2024-11-12 04:00:00,27.1,0.0,83.1,22.0,3.9
2024-11-12 05:00:00,27.1,0.0,83.3,355.0,3.8
2024-11-12 06:00:00,26.9,0.0,86.9,336.0,2.5
2024-11-12 07:00:00,27.1,0.0,85.5,345.0,3.1
2024-11-12 08:00:00,27.3,0.0,83.4,293.0,4.1
2024-11-12 09:00:00,27.0,0.4,90.4,239.0,10.9
2024-11-12 10:00:00,26.7,0.0,89.2,219.0,11.1
2024-11-12 11:00:00,26.9,0.0,87.8,259.0,5.6
2024-11-12 12:00:00,28.6,0.0,79.0,292.0,5.5
2024-11-12 13:00:00,30.4,0.0,69.8,257.0,4.2
2024-11-12 14:00:00,31.2,0.0,63.1,217.0,5.2
2024-11-12 15:00:00,29.9,0.0,76.6,171.0,7.2
2024-11-12 16:00:00,30.7,0.0,66.1,228.0,10.7
2024-11-12 17:00:00,30.1,0.0,65.9,263.0,8.60001
2024-11-12 18:00:00,29.7,0.0,70.6,203.0,7.2
2024-11-12 19:00:00,29.7,0.0,72.9,203.0,8.0
2024-11-12 20:00:00,29.4,0.0,74.6,201.0,4.7
2024-11-12 21:00:00,29.6,0.0,72.7,335.0,2.7
2024-11-12 22:00:00,28.7,0.0,80.8,14.0,4.6
2024-11-12 23:00:00,28.2,0.0,83.4,19.0,3.1
2024-11-13 00:00:00,28.0,0.0,80.5,11.0,4.3
2024-11-13 01:00:00,28.0,0.0,81.3,4.0,2.7
2024-11-13 02:00:00,27.8,0.0,82.9,31.0,3.9
2024-11-13 03:00:00,27.5,0.0,87.1,16.0,3.2
2024-11-13 04:00:00,27.2,0.0,88.3,4.0,3.8
2024-11-13 05:00:00,27.2,0.0,86.7,5.0,3.7
2024-11-13 06:00:00,27.2,0.0,85.8,22.0,2.8
2024-11-13 07:00:00,27.2,0.0,85.4,340.0,2.9
2024-11-13 08:00:00,27.9,0.0,79.9,344.0,1.9
2024-11-13 09:00:00,29.1,0.0,74.9,337.0,2.5
2024-11-13 10:00:00,29.8,0.0,70.7,260.0,3.3
2024-11-13 11:00:00,28.6,0.0,75.0,197.0,11.9
2024-11-13 12:00:00,28.8,0.0,79.4,275.0,6.1
2024-11-13 13:00:00,29.6,0.0,75.9,269.0,6.3
2024-11-13 14:00:00,29.5,0.0,77.5,11.0,7.1
2024-11-13 15:00:00,28.0,0.0,79.2,49.0,3.8
2024-11-13 16:00:00,27.8,0.0,80.9,57.0,3.7
2024-11-13 17:00:00,28.0,0.0,81.6,1.0,3.9
2024-11-13 18:00:00,27.8,0.0,81.0,326.0,7.6
2024-11-13 19:00:00,27.5,0.0,78.3,333.0,4.8
2024-11-13 20:00:00,27.6,0.0,75.1,312.0,4.8
2024-11-13 21:00:00,27.5,0.0,77.7,352.0,3.6
2024-11-13 22:00:00,27.3,0.0,79.1,338.0,3.1
2024-11-13 23:00:00,27.2,0.0,80.3,10.0,3.0
2024-11-14 00:00:00,27.1,0.0,79.3,327.0,4.8
2024-11-14 01:00:00,27.0,0.0,80.5,348.0,3.4
2024-11-14 02:00:00,27.1,0.0,80.2,323.0,4.2
2024-11-14 03:00:00,26.9,0.0,81.4,324.0,3.5
2024-11-14 04:00:00,26.8,0.0,81.7,343.0,2.5
2024-11-14 05:00:00,26.7,0.0,82.9,6.0,2.4
2024-11-14 06:00:00,26.7,0.0,84.1,342.0,2.8
2024-11-14 07:00:00,26.5,0.0,86.6,349.0,2.3
2024-11-14 08:00:00,27.1,0.0,84.0,348.0,4.5
2024-11-14 09:00:00,28.3,0.0,78.7,338.0,3.3
2024-11-14 10:00:00,30.2,0.0,66.7,1.0,3.5
2024-11-14 11:00:00,30.4,0.0,66.7,335.0,3.9
2024-11-14 12:00:00,31.0,0.0,66.8,192.0,4.6
2024-11-14 13:00:00,30.9,0.0,66.6,157.0,4.5
2024-11-14 14:00:00,30.1,0.0,71.2,176.0,6.7
2024-11-14 15:00:00,26.5,0.0,88.8,27.0,5.4
2024-11-14 16:00:00,27.4,0.0,85.3,316.0,5.9
2024-11-14 17:00:00,27.2,0.0,80.0,263.0,4.4
2024-11-14 18:00:00,28.3,0.0,77.6,268.0,2.5
2024-11-14 19:00:00,28.5,0.0,76.9,267.0,2.6
2024-11-14 20:00:00,27.5,0.0,86.9,315.0,2.2
2024-11-14 21:00:00,27.6,0.0,85.3,352.0,2.2
2024-11-14 22:00:00,27.7,0.0,85.2,347.0,3.0
2024-11-14 23:00:00,27.7,0.0,84.2,359.0,2.7
2024-11-15 00:00:00,27.8,0.0,80.6,28.0,3.0
2024-11-15 01:00:00,27.6,0.0,83.1,11.0,2.1
2024-11-15 02:00:00,27.4,0.0,84.6,351.0,2.2
2024-11-15 03:00:00,27.3,0.0,85.9,354.0,2.6
2024-11-15 04:00:00,27.2,0.0,88.9,311.0,1.7
2024-11-15 05:00:00,26.9,0.0,89.7,356.0,1.6
2024-11-15 06:00:00,26.9,0.0,89.8,345.0,2.3
2024-11-15 07:00:00,27.0,0.0,88.6,332.0,1.8
2024-11-15 08:00:00,27.6,0.0,84.4,327.0,2.5
2024-11-15 09:00:00,28.6,0.0,76.2,311.0,2.3
2024-11-15 10:00:00,29.5,0.0,70.0,297.0,3.2
2024-11-15 11:00:00,30.3,0.0,66.7,187.0,4.6
2024-11-15 12:00:00,29.9,0.0,68.4,204.0,6.5
2024-11-15 13:00:00,30.2,0.0,71.0,156.0,5.6
2024-11-15 14:00:00,29.9,0.0,76.6,168.0,4.3
2024-11-15 15:00:00,29.8,0.0,75.2,182.0,6.9
2024-11-15 16:00:00,30.2,0.0,71.6,176.0,5.5
2024-11-15 17:00:00,29.4,0.0,83.4,351.0,4.3
2024-11-15 18:00:00,28.0,0.0,89.4,319.0,6.2
2024-11-15 19:00:00,27.7,0.0,87.1,332.0,5.2
2024-11-15 20:00:00,27.8,0.0,82.5,13.0,3.5
2024-11-15 21:00:00,27.9,0.0,81.0,355.0,2.7
2024-11-15 22:00:00,27.9,0.0,79.6,356.0,3.6
2024-11-15 23:00:00,27.8,0.0,82.3,5.0,3.8
2024-11-16 00:00:00,27.6,0.0,84.1,357.0,3.7
2024-11-16 01:00:00,27.0,0.0,88.3,324.0,3.5
2024-11-16 02:00:00,27.1,0.0,85.5,2.0,2.9
2024-11-16 03:00:00,27.0,0.0,85.5,332.0,4.0
2024-11-16 04:00:00,26.7,0.0,86.7,328.0,3.2
2024-11-16 05:00:00,26.8,0.0,85.2,328.0,3.0
2024-11-16 06:00:00,27.0,0.0,78.1,346.0,3.6
2024-11-16 07:00:00,27.1,0.0,80.0,352.0,3.3
2024-11-16 08:00:00,27.8,0.0,76.4,348.0,3.2
2024-11-16 09:00:00,29.2,0.0,70.4,339.0,3.3
2024-11-16 10:00:00,29.8,0.0,67.4,308.0,3.7
2024-11-16 11:00:00,31.0,0.0,61.3,268.0,3.2
2024-11-16 12:00:00,30.6,0.0,64.3,188.0,6.9
2024-11-16 13:00:00,30.5,0.0,65.9,170.0,5.9
2024-11-16 14:00:00,29.5,0.0,71.5,196.0,10.8
2024-11-16 15:00:00,25.6,1.0,93.2,359.0,15.5
2024-11-16 16:00:00,23.7,0.4,99.3,13.0,4.7
2024-11-16 17:00:00,23.9,0.2,99.3,6.0,4.8
2024-11-16 18:00:00,25.4,0.0,90.3,41.0,1.5
2024-11-16 19:00:00,26.0,0.0,90.7,10.0,2.5
2024-11-16 20:00:00,26.0,0.0,90.0,6.0,3.7
2024-11-16 21:00:00,26.3,0.0,89.0,22.0,2.6
2024-11-16 22:00:00,26.5,0.0,88.0,12.0,3.1
2024-11-16 23:00:00,26.2,0.0,91.1,14.0,3.1
2024-11-17 00:00:00,26.2,0.0,90.3,359.0,3.4
2024-11-17 01:00:00,26.4,0.0,89.3,302.0,3.5
2024-11-17 02:00:00,26.3,0.0,89.0,340.0,2.5
2024-11-17 03:00:00,26.5,0.0,88.2,307.0,2.4
2024-11-17 04:00:00,26.3,0.0,89.1,305.0,5.8
2024-11-17 05:00:00,26.2,0.0,91.4,309.0,4.2
2024-11-17 06:00:00,26.0,0.0,89.9,352.0,2.0
2024-11-17 07:00:00,26.1,0.0,89.8,332.0,2.8
2024-11-17 08:00:00,26.6,0.0,87.5,344.0,2.8
2024-11-17 09:00:00,27.1,0.0,83.6,308.0,6.1
2024-11-17 10:00:00,28.7,0.0,76.0,305.0,6.4
2024-11-17 11:00:00,29.8,0.0,71.0,309.0,8.60001
2024-11-17 12:00:00,30.4,0.0,67.6,316.0,5.8
2024-11-17 13:00:00,30.2,0.0,69.9,242.0,7.1
2024-11-17 14:00:00,24.4,4.0,99.2,4.0,16.9
2024-11-17 15:00:00,24.6,0.2,99.3,295.0,3.1
2024-11-17 16:00:00,25.8,0.0,90.9,322.0,6.8
2024-11-17 17:00:00,26.5,0.0,90.2,333.0,5.7
2024-11-17 18:00:00,27.0,0.0,89.6,344.0,5.7
2024-11-17 19:00:00,26.6,0.0,84.8,1.0,4.7
2024-11-17 20:00:00,26.5,0.0,84.6,353.0,4.1
2024-11-17 21:00:00,26.3,0.0,86.7,343.0,3.7
2024-11-17 22:00:00,26.4,0.0,87.7,6.0,3.9
2024-11-17 23:00:00,26.5,0.0,87.2,353.0,3.9
2024-11-18 00:00:00,26.6,0.0,87.6,348.0,4.8
2024-11-18 01:00:00,26.6,0.0,89.2,311.0,5.1
2024-11-18 02:00:00,26.1,0.0,91.3,339.0,3.6
2024-11-18 03:00:00,25.9,0.0,93.5,308.0,6.0
2024-11-18 04:00:00,25.9,0.0,92.7,344.0,3.7
2024-11-18 05:00:00,26.1,0.0,90.4,337.0,2.7
2024-11-18 06:00:00,26.3,0.0,88.8,321.0,5.7
2024-11-18 07:00:00,26.3,0.0,88.9,347.0,5.1
2024-11-18 08:00:00,27.0,0.0,85.0,351.0,4.8
2024-11-18 09:00:00,27.8,0.0,81.8,,5.4
2024-11-18 10:00:00,28.2,0.0,81.1,11.0,6.5
2024-11-18 11:00:00,28.5,0.0,80.2,14.0,4.3
2024-11-18 12:00:00,29.6,0.0,70.4,9.0,7.1
2024-11-18 13:00:00,29.8,0.0,71.9,15.0,5.7
2024-11-18 14:00:00,28.0,0.0,85.0,8.0,9.39999
2024-11-18 15:00:00,27.6,0.0,86.3,280.0,6.0
2024-11-18 16:00:00,26.0,0.0,99.2,320.0,5.4
2024-11-18 17:00:00,27.0,0.0,84.3,26.0,4.1
2024-11-18 18:00:00,26.5,0.0,89.3,16.0,5.1
2024-11-18 19:00:00,26.7,0.0,88.3,7.0,5.6
2024-11-18 20:00:00,26.3,0.0,90.1,1.0,7.1
2024-11-18 21:00:00,26.3,0.0,89.9,11.0,6.6
2024-11-18 22:00:00,26.1,0.0,91.5,3.0,4.6
2024-11-18 23:00:00,26.3,0.0,90.1,350.0,3.2
2024-11-19 00:00:00,26.3,0.0,90.2,4.0,4.0
2024-11-19 01:00:00,26.2,0.0,90.7,9.0,2.0
2024-11-19 02:00:00,26.0,0.0,91.6,339.0,1.9
2024-11-19 03:00:00,25.8,0.0,92.8,302.0,5.3
2024-11-19 04:00:00,25.7,0.0,93.3,309.0,5.5
2024-11-19 05:00:00,25.7,0.0,92.3,306.0,2.2
2024-11-19 06:00:00,25.5,0.0,94.8,4.0,2.6
2024-11-19 07:00:00,25.4,0.2,97.2,4.0,1.1
2024-11-19 08:00:00,25.5,0.0,97.8,4.0,2.1
2024-11-19 09:00:00,26.0,0.0,95.0,5.0,3.3
2024-11-19 10:00:00,26.9,0.0,89.3,12.0,2.9
2024-11-19 11:00:00,27.8,0.0,84.8,29.0,2.9
2024-11-19 12:00:00,27.9,0.0,87.2,25.0,4.3
2024-11-19 13:00:00,27.9,0.0,84.5,1.0,6.6
2024-11-19 14:00:00,29.6,0.0,77.2,353.0,5.3
2024-11-19 15:00:00,29.2,0.0,76.7,10.0,5.2
2024-11-19 16:00:00,29.9,0.0,71.3,25.0,4.1
2024-11-19 17:00:00,26.9,0.0,85.7,12.0,9.2
2024-11-19 18:00:00,26.8,0.0,88.4,13.0,6.0
2024-11-19 19:00:00,26.7,0.0,87.8,16.0,3.0
2024-11-19 20:00:00,26.7,0.0,87.4,5.0,3.3
2024-11-19 21:00:00,26.9,0.0,88.3,1.0,3.3
2024-11-19 22:00:00,26.9,0.0,89.8,353.0,3.1
2024-11-19 23:00:00,26.7,0.0,91.5,10.0,3.5
2024-11-20 00:00:00,26.7,0.0,92.5,351.0,3.4
2024-11-20 01:00:00,26.5,0.0,94.0,323.0,3.7
2024-11-20 02:00:00,26.3,0.0,92.4,309.0,6.6
2024-11-20 03:00:00,26.1,0.0,93.8,309.0,3.7
2024-11-20 04:00:00,26.0,0.0,93.1,321.0,4.7
2024-11-20 05:00:00,25.8,0.0,92.8,329.0,6.8
2024-11-20 06:00:00,26.0,0.0,91.8,309.0,4.8
2024-11-20 07:00:00,25.6,0.0,93.2,301.0,5.7
2024-11-20 08:00:00,25.9,0.0,91.3,321.0,7.0
2024-11-20 09:00:00,26.3,0.0,91.1,324.0,4.0
2024-11-20 10:00:00,27.0,0.0,87.6,353.0,5.2
2024-11-20 11:00:00,27.3,0.0,84.7,352.0,7.0
2024-11-20 12:00:00,28.1,0.0,82.7,354.0,5.0
2024-11-20 13:00:00,28.2,0.0,80.5,356.0,7.2
2024-11-20 14:00:00,29.1,0.0,77.0,3.0,7.8
2024-11-20 15:00:00,28.4,0.0,77.2,8.0,7.8
2024-11-20 16:00:00,29.1,0.0,71.5,20.0,7.0
2024-11-20 17:00:00,29.0,0.0,72.9,11.0,6.8
2024-11-20 18:00:00,27.8,0.0,78.2,8.0,9.10001
2024-11-20 19:00:00,27.5,0.0,80.1,357.0,6.3
2024-11-20 20:00:00,27.1,0.0,83.8,4.0,6.1
2024-11-20 21:00:00,27.1,0.0,84.4,356.0,4.3
2024-11-20 22:00:00,27.0,0.0,85.9,349.0,4.4
2024-11-20 23:00:00,26.9,0.0,86.6,318.0,5.5
2024-11-21 00:00:00,26.7,0.0,85.8,345.0,4.8
2024-11-21 01:00:00,26.6,0.0,87.3,28.0,3.0
2024-11-21 02:00:00,26.3,0.0,88.5,33.0,2.4
2024-11-21 03:00:00,26.3,0.0,86.8,352.0,2.9
2024-11-21 04:00:00,26.2,0.0,88.8,358.0,3.9
2024-11-21 05:00:00,26.2,0.0,87.8,8.0,2.6
2024-11-21 06:00:00,26.3,0.0,88.0,326.0,3.6
2024-11-21 07:00:00,26.0,0.0,91.5,349.0,3.3
2024-11-21 08:00:00,26.5,0.0,90.1,315.0,4.7
2024-11-21 09:00:00,27.1,0.0,85.1,308.0,3.8
2024-11-21 10:00:00,29.0,0.0,75.7,341.0,3.2
2024-11-21 11:00:00,30.3,0.0,65.7,344.0,3.7
2024-11-21 12:00:00,29.8,0.0,70.9,138.0,4.3
2024-11-21 13:00:00,30.1,0.0,69.7,180.0,6.8
2024-11-21 14:00:00,29.4,0.0,77.1,125.0,5.0
2024-11-21 15:00:00,29.5,0.0,71.8,121.0,8.8
2024-11-21 16:00:00,29.2,0.0,79.1,116.0,8.2
2024-11-21 17:00:00,29.3,0.0,74.3,91.0,5.2
2024-11-21 18:00:00,26.8,0.2,86.1,325.0,9.10001
2024-11-21 19:00:00,25.7,0.0,91.4,304.0,7.2
2024-11-21 20:00:00,26.3,0.0,86.2,341.0,3.7
2024-11-21 21:00:00,26.7,0.0,85.5,333.0,3.2
2024-11-21 22:00:00,26.8,0.0,85.6,324.0,2.8
2024-11-21 23:00:00,26.8,0.0,85.2,349.0,3.5
2024-11-22 00:00:00,26.6,0.0,87.8,347.0,1.9
2024-11-22 01:00:00,26.7,0.0,87.9,355.0,2.5
2024-11-22 02:00:00,26.6,0.0,84.9,300.0,5.1
2024-11-22 03:00:00,26.4,0.0,87.9,357.0,3.4
2024-11-22 04:00:00,26.5,0.0,88.7,310.0,4.2
2024-11-22 05:00:00,26.4,0.0,89.9,318.0,4.4
2024-11-22 06:00:00,26.4,0.0,89.4,328.0,4.5
2024-11-22 07:00:00,26.2,0.0,91.3,319.0,4.6
2024-11-22 08:00:00,26.7,0.0,88.2,325.0,3.8
2024-11-22 09:00:00,27.7,0.0,82.8,309.0,5.8
2024-11-22 10:00:00,27.9,0.0,82.3,302.0,7.8
2024-11-22 11:00:00,28.5,0.0,79.6,300.0,7.7
2024-11-22 12:00:00,30.1,0.0,67.5,314.0,6.0
2024-11-22 13:00:00,31.1,0.0,62.0,319.0,4.4
2024-11-22 14:00:00,30.6,0.0,69.8,179.0,10.4
2024-11-22 15:00:00,29.7,0.0,78.8,180.0,12.1
2024-11-22 16:00:00,24.6,0.8,99.3,359.0,9.8
2024-11-22 17:00:00,24.3,0.6,99.3,26.0,3.8
2024-11-22 18:00:00,26.0,0.0,92.8,85.0,3.3
2024-11-22 19:00:00,26.0,0.0,94.4,15.0,2.8
2024-11-22 20:00:00,25.9,0.0,95.8,336.0,5.5
2024-11-22 21:00:00,25.6,0.0,95.0,2.0,5.2
2024-11-22 22:00:00,25.9,0.0,94.1,7.0,6.5
2024-11-22 23:00:00,25.2,0.0,96.8,23.0,4.6
2024-11-23 00:00:00,25.1,0.0,97.0,2.0,9.0
2024-11-23 01:00:00,25.4,0.0,96.0,346.0,6.1
2024-11-23 02:00:00,25.5,0.0,93.5,347.0,6.5
2024-11-23 03:00:00,25.4,0.0,91.1,5.0,3.6
2024-11-23 04:00:00,25.1,0.0,92.9,82.0,2.3
2024-11-23 05:00:00,25.2,0.0,92.0,336.0,1.1
2024-11-23 06:00:00,25.4,0.0,91.3,23.0,2.5
2024-11-23 07:00:00,25.3,0.0,93.0,5.0,3.3
2024-11-23 08:00:00,26.8,0.0,86.9,43.0,1.1
2024-11-23 09:00:00,27.2,0.0,83.9,5.0,4.8
2024-11-23 10:00:00,29.2,0.0,71.8,350.0,1.8
2024-11-23 11:00:00,30.5,0.0,68.7,,3.0
2024-11-23 12:00:00,30.4,0.0,65.3,14.0,4.3
2024-11-23 13:00:00,30.3,0.0,69.2,138.0,5.1
2024-11-23 14:00:00,30.4,0.0,70.5,186.0,8.2
2024-11-23 15:00:00,29.8,0.0,70.6,14.0,6.4
2024-11-23 16:00:00,28.0,0.0,80.1,205.0,6.3
2024-11-23 17:00:00,29.0,0.0,79.1,310.0,5.3
2024-11-23 18:00:00,27.5,0.6,84.2,304.0,2.8
2024-11-23 19:00:00,27.1,0.0,86.8,9.0,5.9
2024-11-23 20:00:00,26.9,0.0,88.3,351.0,4.1
2024-11-23 21:00:00,27.3,0.0,88.4,3.0,3.6
2024-11-23 22:00:00,27.2,0.0,90.9,347.0,3.5
2024-11-23 23:00:00,27.2,0.0,90.4,6.0,3.5
2024-11-24 00:00:00,27.1,0.0,91.0,352.0,2.4
2024-11-24 01:00:00,27.0,0.0,90.2,350.0,2.8
2024-11-24 02:00:00,26.9,0.0,89.3,342.0,3.4
2024-11-24 03:00:00,26.7,0.0,90.0,313.0,4.8
2024-11-24 04:00:00,26.7,0.0,90.0,352.0,5.1
2024-11-24 05:00:00,26.6,0.0,89.6,351.0,2.6
2024-11-24 06:00:00,26.7,0.0,90.9,304.0,3.1
2024-11-24 07:00:00,26.5,0.0,91.8,349.0,5.2
2024-11-24 08:00:00,26.6,0.0,91.6,315.0,4.1
2024-11-24 09:00:00,27.7,0.0,85.5,9.0,2.5
2024-11-24 10:00:00,28.2,0.0,83.4,25.0,3.5
2024-11-24 11:00:00,29.8,0.0,75.3,28.0,4.2
2024-11-24 12:00:00,29.8,0.0,75.5,10.0,6.4
2024-11-24 13:00:00,31.0,0.0,68.5,353.0,3.3
2024-11-24 14:00:00,30.1,0.0,76.7,151.0,7.7
2024-11-24 15:00:00,28.2,0.0,89.5,116.0,6.1
2024-11-24 16:00:00,25.7,0.2,99.2,6.0,4.8
2024-11-24 17:00:00,25.7,0.0,99.0,292.0,5.8
2024-11-24 18:00:00,26.4,0.0,93.2,322.0,3.5
2024-11-24 19:00:00,26.8,0.0,92.9,336.0,3.1
2024-11-24 20:00:00,27.1,0.0,92.8,58.0,0.6
2024-11-24 21:00:00,27.0,0.0,94.8,313.0,5.0
2024-11-24 22:00:00,26.8,0.0,94.4,337.0,5.0
2024-11-24 23:00:00,27.0,0.0,93.6,349.0,3.0
2024-11-25 00:00:00,27.1,0.0,92.7,351.0,2.3
2024-11-25 01:00:00,27.1,0.0,92.5,2.0,3.5
2024-11-25 02:00:00,27.1,0.0,90.1,,2.8
2024-11-25 03:00:00,26.9,0.0,93.1,2.0,2.3
2024-11-25 04:00:00,27.0,0.0,91.9,8.0,1.6
2024-11-25 05:00:00,27.1,0.0,92.3,13.0,1.4
2024-11-25 06:00:00,26.7,0.0,96.7,356.0,3.7
2024-11-25 07:00:00,26.8,0.0,95.4,314.0,4.4
2024-11-25 08:00:00,27.0,0.0,94.7,351.0,2.2
2024-11-25 09:00:00,28.0,0.0,89.5,286.0,1.2
2024-11-25 10:00:00,28.3,0.0,86.0,8.0,3.7
2024-11-25 11:00:00,29.3,0.0,79.9,307.0,1.6
2024-11-25 12:00:00,25.9,2.8,99.3,64.0,5.6
2024-11-25 13:00:00,28.6,0.0,80.2,356.0,2.4
2024-11-25 14:00:00,30.0,0.0,76.8,184.0,4.5
2024-11-25 15:00:00,29.5,0.0,75.3,25.0,5.6
2024-11-25 16:00:00,28.3,0.0,78.2,40.0,4.9
2024-11-25 17:00:00,28.3,0.0,77.8,8.0,6.2
2024-11-25 18:00:00,29.4,0.0,75.3,10.0,3.4
2024-11-25 19:00:00,28.5,0.0,79.4,10.0,4.8
2024-11-25 20:00:00,27.9,0.0,85.2,16.0,4.5
2024-11-25 21:00:00,27.7,0.0,87.7,19.0,4.6
2024-11-25 22:00:00,27.5,0.0,88.7,38.0,2.9
2024-11-25 23:00:00,27.5,0.0,88.9,6.0,4.1
2024-11-26 00:00:00,27.3,0.0,90.2,15.0,2.8
2024-11-26 01:00:00,27.2,0.0,90.0,1.0,3.7
2024-11-26 02:00:00,27.1,0.0,92.4,313.0,4.1
2024-11-26 03:00:00,26.7,0.0,92.4,305.0,4.8
2024-11-26 04:00:00,26.4,0.0,92.5,321.0,4.6
2024-11-26 05:00:00,26.4,0.0,92.7,356.0,2.5
2024-11-26 06:00:00,26.6,0.0,91.1,352.0,3.8
2024-11-26 07:00:00,26.7,0.0,91.1,327.0,3.5
2024-11-26 08:00:00,26.9,0.0,89.9,306.0,3.8
2024-11-26 09:00:00,28.1,0.0,82.3,261.0,2.8
2024-11-26 10:00:00,28.7,0.0,80.4,271.0,2.5
2024-11-26 11:00:00,29.6,0.0,75.7,287.0,4.5
2024-11-26 12:00:00,29.6,0.0,77.2,153.0,2.7
2024-11-26 13:00:00,28.2,0.0,79.9,118.0,4.2
2024-11-26 14:00:00,26.5,0.0,89.1,27.0,2.7
2024-11-26 15:00:00,26.2,0.0,90.4,12.0,5.5
2024-11-26 16:00:00,26.1,0.0,90.7,301.0,9.39999
2024-11-26 17:00:00,25.2,0.4,96.8,353.0,6.3
2024-11-26 18:00:00,25.1,0.0,96.2,13.0,4.6
2024-11-26 19:00:00,25.5,0.0,92.6,1.0,4.8
2024-11-26 20:00:00,26.0,0.0,88.1,327.0,4.7
2024-11-26 21:00:00,25.8,0.0,89.4,358.0,2.5
2024-11-26 22:00:00,26.1,0.0,87.4,13.0,3.4
2024-11-26 23:00:00,26.2,0.0,86.9,33.0,2.4
2024-11-27 00:00:00,25.9,0.0,89.7,23.0,2.9
2024-11-27 01:00:00,26.0,0.0,90.7,5.0,2.5
2024-11-27 02:00:00,26.0,0.0,89.9,350.0,2.8
2024-11-27 03:00:00,26.1,0.0,92.0,326.0,2.4
2024-11-27 04:00:00,26.0,0.0,92.6,349.0,3.1
2024-11-27 05:00:00,26.0,0.0,91.0,333.0,3.5
2024-11-27 06:00:00,26.1,0.0,89.7,308.0,6.7
2024-11-27 07:00:00,26.3,0.0,90.5,314.0,4.8
2024-11-27 08:00:00,26.5,0.0,88.7,291.0,7.1
2024-11-27 09:00:00,26.4,0.0,89.7,284.0,6.3
2024-11-27 10:00:00,27.0,0.0,85.6,286.0,5.5
2024-11-27 11:00:00,27.8,0.0,80.4,264.0,6.9
2024-11-27 12:00:00,28.0,0.0,82.2,254.0,8.2
2024-11-27 13:00:00,28.4,0.0,81.8,260.0,7.0
2024-11-27 14:00:00,27.8,0.0,81.3,251.0,12.0
2024-11-27 15:00:00,27.9,0.0,85.0,252.0,8.5
2024-11-27 16:00:00,27.0,0.0,87.1,312.0,8.2
2024-11-27 17:00:00,26.2,0.2,92.6,1.0,5.6
2024-11-27 18:00:00,26.0,0.0,96.0,335.0,4.3
2024-11-27 19:00:00,26.5,0.0,91.7,293.0,5.4
2024-11-27 20:00:00,26.3,0.0,90.7,309.0,6.5
2024-11-27 21:00:00,26.2,0.0,91.0,310.0,5.4
2024-11-27 22:00:00,26.3,0.0,93.3,16.0,2.2
2024-11-27 23:00:00,26.0,0.0,94.8,15.0,3.6
2024-11-28 00:00:00,25.8,0.0,94.6,12.0,5.5
2024-11-28 01:00:00,25.5,0.0,93.9,6.0,5.3
2024-11-28 02:00:00,25.4,0.2,91.1,16.0,4.6
2024-11-28 03:00:00,24.6,0.4,96.2,34.0,2.5
2024-11-28 04:00:00,24.9,0.0,97.1,2.0,2.7
2024-11-28 05:00:00,25.1,0.0,95.3,17.0,3.1
2024-11-28 06:00:00,25.2,0.0,96.1,57.0,1.8
2024-11-28 07:00:00,25.4,0.0,95.4,19.0,3.2
2024-11-28 08:00:00,26.1,0.0,93.0,29.0,3.2
2024-11-28 09:00:00,26.3,0.0,90.9,34.0,3.6
2024-11-28 10:00:00,26.9,0.0,89.6,32.0,2.8
2024-11-28 11:00:00,27.3,0.0,86.4,10.0,4.8
2024-11-28 12:00:00,27.9,0.0,84.2,359.0,4.9
2024-11-28 13:00:00,27.5,0.0,86.1,303.0,4.9
2024-11-28 14:00:00,27.7,0.0,86.8,237.0,3.5
2024-11-28 15:00:00,25.7,5.6,98.3,201.0,5.0
2024-11-28 16:00:00,25.1,1.8,99.3,85.0,1.5
2024-11-28 17:00:00,25.8,0.0,99.3,309.0,2.4
2024-11-28 18:00:00,27.0,0.0,94.5,5.0,4.3
2024-11-28 19:00:00,26.7,0.0,93.4,348.0,1.3
2024-11-28 20:00:00,26.6,0.0,95.5,3.0,3.5
2024-11-28 21:00:00,26.6,0.0,96.0,1.0,3.1
2024-11-28 22:00:00,26.5,0.0,96.6,13.0,3.4
2024-11-28 23:00:00,26.5,0.0,96.1,356.0,1.8
2024-11-29 00:00:00,26.6,0.0,94.9,357.0,2.1
2024-11-29 01:00:00,26.4,0.0,97.0,19.0,3.6
2024-11-29 02:00:00,26.3,0.0,97.0,16.0,2.4
2024-11-29 03:00:00,26.2,0.0,97.4,312.0,3.7
2024-11-29 04:00:00,25.8,0.0,99.0,329.0,5.7
2024-11-29 05:00:00,25.7,0.0,98.7,322.0,4.1
2024-11-29 06:00:00,24.4,8.2,99.3,204.0,15.8
2024-11-29 07:00:00,24.2,0.2,99.3,355.0,3.5
2024-11-29 08:00:00,24.4,0.2,99.3,18.0,2.1
2024-11-29 09:00:00,24.8,0.6,99.3,207.0,10.9
2024-11-29 10:00:00,25.2,0.2,99.2,247.0,6.4
2024-11-29 11:00:00,25.0,0.0,99.1,303.0,5.3
2024-11-29 12:00:00,25.2,0.0,99.2,301.0,6.5
2024-11-29 13:00:00,25.4,0.0,95.2,280.0,5.1
2024-11-29 14:00:00,25.8,0.0,92.4,300.0,6.7
2024-11-29 15:00:00,26.1,0.0,89.7,311.0,4.5
2024-11-29 16:00:00,26.7,0.0,86.1,299.0,3.9
2024-11-29 17:00:00,26.9,0.0,84.1,308.0,5.2
2024-11-29 18:00:00,26.8,0.0,86.1,328.0,5.1
2024-11-29 19:00:00,26.3,0.0,89.2,308.0,5.0
2024-11-29 20:00:00,26.0,0.0,92.5,300.0,7.8
2024-11-29 21:00:00,26.0,0.0,90.2,304.0,4.6
2024-11-29 22:00:00,25.9,0.0,91.0,321.0,7.3
2024-11-29 23:00:00,25.9,0.0,87.4,310.0,9.5
2024-11-30 00:00:00,25.6,0.0,91.7,304.0,9.8
2024-11-30 01:00:00,25.7,0.0,89.7,314.0,5.3
2024-11-30 02:00:00,25.8,0.0,86.3,306.0,6.6
2024-11-30 03:00:00,25.8,0.0,84.3,341.0,7.0
2024-11-30 04:00:00,25.7,0.0,87.2,311.0,7.9
2024-11-30 05:00:00,25.7,0.0,84.3,341.0,3.0
2024-11-30 06:00:00,25.8,0.0,84.4,320.0,5.0
2024-11-30 07:00:00,26.0,0.0,82.4,81.0,3.6
2024-11-30 08:00:00,26.8,0.0,80.6,59.0,1.6
2024-11-30 09:00:00,27.9,0.0,73.0,25.0,1.7
2024-11-30 10:00:00,28.0,0.0,73.5,14.0,5.0
2024-11-30 11:00:00,28.8,0.0,69.9,355.0,4.3
2024-11-30 12:00:00,30.1,0.0,64.1,251.0,3.6
2024-11-30 13:00:00,30.0,0.0,66.2,141.0,6.6
2024-11-30 14:00:00,30.2,0.0,67.9,183.0,6.8
2024-11-30 15:00:00,30.0,0.0,69.2,183.0,7.8
2024-11-30 16:00:00,30.3,0.0,71.2,170.0,6.1
2024-11-30 17:00:00,30.7,0.0,68.3,206.0,8.60001
2024-11-30 18:00:00,30.3,0.0,70.8,197.0,6.9
2024-11-30 19:00:00,30.5,0.0,64.3,279.0,5.0
2024-11-30 20:00:00,30.4,0.0,64.1,290.0,4.8
2024-11-30 21:00:00,28.7,0.0,83.3,17.0,5.4
2024-11-30 22:00:00,27.9,0.0,85.9,20.0,4.5
2024-11-30 23:00:00,27.6,0.0,83.6,13.0,3.9
2024-12-01 00:00:00,27.5,0.0,84.5,3.0,4.3
2024-12-01 01:00:00,27.5,0.0,83.9,6.0,3.4
2024-12-01 02:00:00,27.5,0.0,84.4,349.0,3.2
2024-12-01 03:00:00,27.0,0.0,87.3,320.0,4.4
2024-12-01 04:00:00,27.0,0.0,87.8,310.0,6.0
2024-12-01 05:00:00,27.1,0.0,86.8,277.0,8.39999
2024-12-01 06:00:00,26.9,0.0,82.1,281.0,7.1
2024-12-01 07:00:00,26.8,0.0,83.8,299.0,6.4
2024-12-01 08:00:00,26.7,0.0,87.5,303.0,5.2
2024-12-01 09:00:00,27.7,0.0,82.9,300.0,6.3
2024-12-01 10:00:00,28.8,0.0,78.2,301.0,5.8
2024-12-01 11:00:00,29.9,0.0,71.1,286.0,5.9
2024-12-01 12:00:00,30.2,0.0,64.8,252.0,11.6
2024-12-01 13:00:00,30.9,0.0,62.9,242.0,12.5
2024-12-01 14:00:00,30.7,0.0,65.5,247.0,14.5
2024-12-01 15:00:00,30.4,0.0,69.0,259.0,11.3
2024-12-01 16:00:00,30.3,0.0,67.2,254.0,12.2
2024-12-01 17:00:00,30.8,0.0,63.5,247.0,15.4
2024-12-01 18:00:00,30.2,0.0,69.7,278.0,9.39999
2024-12-01 19:00:00,29.4,0.0,73.0,299.0,8.89999
2024-12-01 20:00:00,29.3,0.0,75.0,302.0,7.8
2024-12-01 21:00:00,28.6,0.0,78.4,312.0,8.3
2024-12-01 22:00:00,28.2,0.0,80.6,350.0,5.0
2024-12-01 23:00:00,27.6,0.0,83.5,16.0,3.9
2024-12-02 00:00:00,27.5,0.0,83.7,3.0,4.0
2024-12-02 01:00:00,27.8,0.0,78.8,357.0,7.6
2024-12-02 02:00:00,27.5,0.0,80.3,335.0,7.2
2024-12-02 03:00:00,27.3,0.0,78.8,351.0,6.9
2024-12-02 04:00:00,27.2,0.0,76.0,353.0,7.5
2024-12-02 05:00:00,27.4,0.0,76.7,351.0,4.4
2024-12-02 06:00:00,26.8,0.0,80.1,319.0,5.9
2024-12-02 07:00:00,26.7,0.0,81.1,315.0,4.2
2024-12-02 08:00:00,26.8,0.0,82.2,302.0,3.6
2024-12-02 09:00:00,27.4,0.0,81.3,298.0,6.1
2024-12-02 10:00:00,28.0,0.0,78.0,312.0,5.6
2024-12-02 11:00:00,28.7,0.0,74.4,300.0,4.9
2024-12-02 12:00:00,29.2,0.0,72.5,314.0,4.8
2024-12-02 13:00:00,30.1,0.0,66.9,308.0,3.9
2024-12-02 14:00:00,30.0,0.0,71.6,197.0,6.5
2024-12-02 15:00:00,29.0,0.0,79.9,182.0,10.1
2024-12-02 16:00:00,29.1,0.0,78.8,171.0,7.9
2024-12-02 17:00:00,29.2,0.0,72.9,179.0,8.2
2024-12-02 18:00:00,29.5,0.0,69.8,179.0,6.0
2024-12-02 19:00:00,27.5,0.0,84.2,348.0,8.2
2024-12-02 20:00:00,27.4,0.0,82.8,338.0,5.1
2024-12-02 21:00:00,27.6,0.0,81.6,356.0,5.7
2024-12-02 22:00:00,27.3,0.0,83.4,300.0,5.2
2024-12-02 23:00:00,27.1,0.0,84.3,318.0,5.4
2024-12-03 00:00:00,26.9,0.0,85.4,326.0,6.8
2024-12-03 01:00:00,27.0,0.0,84.7,326.0,4.3
2024-12-03 02:00:00,27.0,0.0,83.6,324.0,7.1
2024-12-03 03:00:00,26.8,0.0,83.6,348.0,5.7
2024-12-03 04:00:00,26.8,0.0,83.5,340.0,7.1
2024-12-03 05:00:00,26.8,0.0,83.9,354.0,5.1
2024-12-03 06:00:00,26.7,0.0,85.6,307.0,4.8
2024-12-03 07:00:00,26.8,0.0,85.3,306.0,1.6
2024-12-03 08:00:00,26.8,0.0,85.2,307.0,3.3
2024-12-03 09:00:00,27.5,0.0,77.9,300.0,3.6
2024-12-03 10:00:00,28.3,0.0,75.6,303.0,4.9
2024-12-03 11:00:00,28.6,0.0,74.8,300.0,4.4
2024-12-03 12:00:00,29.7,0.0,69.1,312.0,6.7
2024-12-03 13:00:00,30.7,0.0,65.0,309.0,5.6
2024-12-03 14:00:00,31.0,0.0,63.2,319.0,6.3
2024-12-03 15:00:00,31.2,0.0,61.5,304.0,7.3
2024-12-03 16:00:00,31.3,0.0,59.1,331.0,3.4
2024-12-03 17:00:00,29.9,0.0,74.3,181.0,10.8
2024-12-03 18:00:00,29.9,0.0,75.3,197.0,16.4
2024-12-03 19:00:00,27.9,0.0,85.8,196.0,20.6
2024-12-03 20:00:00,28.2,0.0,77.8,195.0,11.0
2024-12-03 21:00:00,27.1,0.0,90.3,4.0,4.7
2024-12-03 22:00:00,26.3,0.0,94.3,40.0,2.9
2024-12-03 23:00:00,26.4,0.0,93.7,340.0,2.1
2024-12-04 00:00:00,26.6,0.0,91.7,302.0,0.9
2024-12-04 01:00:00,26.9,0.0,90.2,156.0,1.9
2024-12-04 02:00:00,27.4,0.0,82.7,229.0,2.7
2024-12-04 03:00:00,26.9,0.0,90.4,345.0,4.2
2024-12-04 04:00:00,26.7,0.0,92.4,336.0,5.8
2024-12-04 05:00:00,27.0,0.0,87.8,345.0,3.4
2024-12-04 06:00:00,26.7,0.0,90.9,319.0,4.7
2024-12-04 07:00:00,26.6,0.0,90.0,326.0,3.0
2024-12-04 08:00:00,27.0,0.0,87.9,352.0,2.9
2024-12-04 09:00:00,27.7,0.0,85.6,334.0,2.8
2024-12-04 10:00:00,28.9,0.0,78.8,316.0,4.3
2024-12-04 11:00:00,28.0,0.0,82.8,279.0,10.2
2024-12-04 12:00:00,28.6,0.0,77.3,289.0,6.8
2024-12-04 13:00:00,29.3,0.0,71.7,267.0,7.5
2024-12-04 14:00:00,30.0,0.0,61.2,261.0,6.8
2024-12-04 15:00:00,30.4,0.0,53.6,250.0,8.5
2024-12-04 16:00:00,29.2,0.0,65.6,269.0,8.89999
2024-12-04 17:00:00,29.1,0.0,70.2,272.0,8.89999
2024-12-04 18:00:00,29.5,0.0,69.5,273.0,6.4
2024-12-04 19:00:00,29.5,0.0,63.8,270.0,7.7
2024-12-04 20:00:00,29.1,0.0,69.3,272.0,8.3
2024-12-04 21:00:00,29.0,0.0,69.9,295.0,6.0
2024-12-04 22:00:00,28.3,0.0,75.8,297.0,6.0
2024-12-04 23:00:00,27.8,0.0,79.9,306.0,7.4
2024-12-05 00:00:00,27.7,0.0,79.6,301.0,7.5
2024-12-05 01:00:00,27.5,0.0,78.6,308.0,7.8
2024-12-05 02:00:00,27.6,0.0,82.4,281.0,5.8
2024-12-05 03:00:00,27.3,0.0,82.3,289.0,8.0
2024-12-05 04:00:00,27.4,0.0,81.8,287.0,7.0
2024-12-05 05:00:00,27.1,0.0,82.2,305.0,7.9
2024-12-05 06:00:00,27.2,0.0,80.5,300.0,6.3
2024-12-05 07:00:00,27.3,0.0,79.8,303.0,5.0
2024-12-05 08:00:00,27.5,0.0,77.4,281.0,6.7
2024-12-05 09:00:00,28.1,0.0,74.6,302.0,7.0
2024-12-05 10:00:00,28.6,0.0,73.6,287.0,6.4
2024-12-05 11:00:00,29.2,0.0,70.8,296.0,7.8
2024-12-05 12:00:00,29.5,0.0,65.6,269.0,9.0
2024-12-05 13:00:00,29.9,0.0,63.8,250.0,15.9
2024-12-05 14:00:00,30.3,0.0,62.6,260.0,13.9
2024-12-05 15:00:00,30.3,0.0,59.3,275.0,13.0
2024-12-05 16:00:00,30.6,0.0,54.9,287.0,14.7
2024-12-05 17:00:00,31.2,0.0,52.9,272.0,12.9
2024-12-05 18:00:00,31.0,0.0,55.3,272.0,12.2
2024-12-05 19:00:00,30.5,0.0,58.7,276.0,8.5
2024-12-05 20:00:00,30.2,0.0,61.9,275.0,5.3
2024-12-05 21:00:00,30.1,0.0,62.4,296.0,6.0
2024-12-05 22:00:00,29.8,0.0,61.2,308.0,6.8
2024-12-05 23:00:00,29.7,0.0,62.8,310.0,6.5
2024-12-06 00:00:00,29.2,0.0,63.6,338.0,4.0
2024-12-06 01:00:00,28.7,0.0,69.7,351.0,3.6
2024-12-06 02:00:00,28.3,0.0,75.4,9.0,4.8
2024-12-06 03:00:00,28.2,0.0,78.0,8.0,4.7
2024-12-06 04:00:00,28.0,0.0,81.3,8.0,5.4
2024-12-06 05:00:00,27.7,0.0,84.9,359.0,4.6
2024-12-06 06:00:00,27.3,0.0,86.3,1.0,3.9
2024-12-06 07:00:00,27.2,0.0,86.6,7.0,4.0
2024-12-06 08:00:00,27.9,0.0,82.1,6.0,3.1
2024-12-06 09:00:00,28.9,0.0,76.9,6.0,5.1
2024-12-06 10:00:00,30.4,0.0,60.6,316.0,4.6
2024-12-06 11:00:00,31.3,0.0,58.1,291.0,4.1
2024-12-06 12:00:00,32.0,0.0,54.1,271.0,4.7
2024-12-06 13:00:00,32.2,0.0,53.8,259.0,7.1
2024-12-06 14:00:00,32.7,0.0,47.1,264.0,8.2
2024-12-06 15:00:00,32.0,0.0,50.3,234.0,14.0
2024-12-06 16:00:00,32.3,0.0,50.4,250.0,10.4
2024-12-06 17:00:00,31.7,0.0,52.2,257.0,9.39999
2024-12-06 18:00:00,31.5,0.0,52.8,246.0,8.8
2024-12-06 19:00:00,30.7,0.0,60.8,254.0,7.1
2024-12-06 20:00:00,30.4,0.0,65.3,264.0,6.9
2024-12-06 21:00:00,30.4,0.0,64.3,300.0,6.2
2024-12-06 22:00:00,29.8,0.0,67.2,15.0,4.0
2024-12-06 23:00:00,29.7,0.0,70.5,11.0,4.1
2024-12-07 00:00:00,28.8,0.0,82.3,6.0,5.4
2024-12-07 01:00:00,28.4,0.0,83.9,6.0,4.9
2024-12-07 02:00:00,28.4,0.0,83.5,2.0,5.2
2024-12-07 03:00:00,28.2,0.0,81.4,346.0,5.7
2024-12-07 04:00:00,28.0,0.0,82.2,344.0,5.9
2024-12-07 05:00:00,27.7,0.0,83.3,346.0,7.0
2024-12-07 06:00:00,27.7,0.0,82.2,1.0,4.2
2024-12-07 07:00:00,27.6,0.0,82.5,6.0,5.3
2024-12-07 08:00:00,28.1,0.0,80.5,354.0,5.2
2024-12-07 09:00:00,29.1,0.0,72.2,325.0,7.6
2024-12-07 10:00:00,30.0,0.0,65.4,279.0,6.7
2024-12-07 11:00:00,30.4,0.0,61.1,298.0,11.3
2024-12-07 12:00:00,31.5,0.0,57.6,244.0,9.0
2024-12-07 13:00:00,31.6,0.0,58.5,268.0,8.3
2024-12-07 14:00:00,32.7,0.0,50.9,238.0,12.5
2024-12-07 15:00:00,32.4,0.0,54.0,256.0,10.5
2024-12-07 16:00:00,32.8,0.0,48.2,250.0,10.5
2024-12-07 17:00:00,32.5,0.0,50.6,260.0,10.2
2024-12-07 18:00:00,31.8,0.0,54.2,235.0,11.8
2024-12-07 19:00:00,31.2,0.0,59.7,238.0,10.4
2024-12-07 20:00:00,30.8,0.0,63.7,287.0,5.8
2024-12-07 21:00:00,30.5,0.0,68.5,293.0,7.2
2024-12-07 22:00:00,30.2,0.0,67.7,10.0,4.3
2024-12-07 23:00:00,29.2,0.0,80.3,13.0,7.9
2024-12-08 00:00:00,29.1,0.0,79.2,4.0,4.3
2024-12-08 01:00:00,29.1,0.0,76.0,351.0,7.8
2024-12-08 02:00:00,28.5,0.0,79.7,348.0,8.3
2024-12-08 03:00:00,28.4,0.0,75.1,347.0,5.9
2024-12-08 04:00:00,28.1,0.0,76.6,,7.0
2024-12-08 05:00:00,27.9,0.0,80.0,354.0,6.6
2024-12-08 06:00:00,27.8,0.0,81.7,357.0,6.6
2024-12-08 07:00:00,27.8,0.0,79.6,352.0,6.7
2024-12-08 08:00:00,28.0,0.0,75.3,359.0,9.5
2024-12-08 09:00:00,28.6,0.0,74.3,357.0,10.5
2024-12-08 10:00:00,29.4,0.0,70.0,1.0,9.10001
2024-12-08 11:00:00,31.3,0.0,62.4,357.0,6.1
2024-12-08 12:00:00,31.3,0.0,62.6,330.0,9.2
2024-12-08 13:00:00,31.9,0.0,60.7,349.0,10.1
2024-12-08 14:00:00,32.8,0.0,57.2,318.0,8.39999
2024-12-08 15:00:00,32.8,0.0,54.8,296.0,8.5
2024-12-08 16:00:00,30.6,0.0,63.4,5.0,3.5
2024-12-08 17:00:00,24.6,0.0,94.8,234.0,14.5
2024-12-08 18:00:00,26.9,0.0,91.5,43.0,1.5
2024-12-08 19:00:00,27.7,0.0,87.2,5.0,2.4
2024-12-08 20:00:00,28.4,0.0,83.0,16.0,3.3
2024-12-08 21:00:00,27.7,0.0,84.3,293.0,6.3
2024-12-08 22:00:00,27.7,0.0,83.7,301.0,4.9
2024-12-08 23:00:00,28.1,0.0,83.8,312.0,5.4
2024-12-09 00:00:00,28.0,0.0,84.4,319.0,11.7
2024-12-09 01:00:00,25.0,0.0,90.4,285.0,14.9
2024-12-09 02:00:00,25.9,0.0,81.5,282.0,6.0
2024-12-09 03:00:00,25.4,0.0,85.4,306.0,9.3
2024-12-09 04:00:00,25.8,0.0,85.4,350.0,9.60001
2024-12-09 05:00:00,25.3,0.0,92.1,319.0,10.0
2024-12-09 06:00:00,25.1,0.0,92.2,306.0,8.39999
2024-12-09 07:00:00,25.5,0.0,89.9,315.0,10.4
2024-12-09 08:00:00,26.2,0.0,85.1,316.0,12.9
2024-12-09 09:00:00,26.1,0.0,84.7,319.0,15.6
2024-12-09 10:00:00,25.6,0.0,89.1,300.0,14.3
2024-12-09 11:00:00,25.5,0.2,92.1,298.0,10.7
2024-12-09 12:00:00,26.6,0.0,85.5,302.0,11.3
2024-12-09 13:00:00,28.1,0.0,77.6,298.0,9.39999
2024-12-09 14:00:00,28.8,0.0,72.1,293.0,10.6
2024-12-09 15:00:00,28.8,0.0,73.0,295.0,9.10001
2024-12-09 16:00:00,28.6,0.0,73.4,300.0,11.1
2024-12-09 17:00:00,27.9,0.0,76.2,298.0,11.4
2024-12-09 18:00:00,28.0,0.0,74.2,290.0,6.5
2024-12-09 19:00:00,27.4,0.0,76.2,271.0,10.3
2024-12-09 20:00:00,26.8,0.0,79.5,296.0,6.8
2024-12-09 21:00:00,26.7,0.0,79.2,299.0,11.4
2024-12-09 22:00:00,26.5,0.0,79.8,289.0,9.60001
2024-12-09 23:00:00,25.9,0.0,83.4,297.0,9.8
2024-12-10 00:00:00,25.8,0.0,84.0,302.0,9.5
2024-12-10 01:00:00,25.7,0.0,84.0,294.0,8.10001
2024-12-10 02:00:00,25.6,0.0,84.1,299.0,13.6
2024-12-10 03:00:00,25.5,0.0,84.9,300.0,14.5
2024-12-10 04:00:00,25.5,0.0,84.7,311.0,13.9
2024-12-10 05:00:00,26.0,0.0,81.2,293.0,12.4
2024-12-10 06:00:00,25.9,0.0,81.0,297.0,12.4
2024-12-10 07:00:00,25.9,0.0,82.1,290.0,10.6
2024-12-10 08:00:00,26.1,0.0,76.9,308.0,11.3
2024-12-10 09:00:00,26.4,0.0,76.1,304.0,12.5
2024-12-10 10:00:00,26.9,0.0,75.0,300.0,12.3
2024-12-10 11:00:00,27.9,0.0,71.9,298.0,11.7
2024-12-10 12:00:00,28.0,0.0,69.2,294.0,12.1
2024-12-10 13:00:00,27.7,0.0,72.7,287.0,11.3
2024-12-10 14:00:00,28.2,0.0,72.6,296.0,13.5
2024-12-10 15:00:00,28.5,0.0,71.9,275.0,11.3
2024-12-10 16:00:00,29.3,0.0,65.1,302.0,14.1
2024-12-10 17:00:00,29.6,0.0,64.4,309.0,15.3
2024-12-10 18:00:00,29.5,0.0,62.9,302.0,13.5
2024-12-10 19:00:00,29.0,0.0,67.9,300.0,10.2
2024-12-10 20:00:00,28.5,0.0,71.8,301.0,12.5
2024-12-10 21:00:00,28.2,0.0,72.9,324.0,7.4
2024-12-10 22:00:00,28.1,0.0,72.5,277.0,5.0
2024-12-10 23:00:00,27.7,0.0,73.3,340.0,7.2
2024-12-11 00:00:00,27.3,0.0,76.2,318.0,6.2
2024-12-11 01:00:00,27.3,0.0,75.9,301.0,5.1
2024-12-11 02:00:00,27.5,0.0,72.6,313.0,7.1
2024-12-11 03:00:00,27.1,0.0,75.4,315.0,6.1
2024-12-11 04:00:00,27.0,0.0,75.3,6.0,4.4
2024-12-11 05:00:00,26.6,0.0,77.9,324.0,7.6
2024-12-11 06:00:00,26.4,0.0,80.3,325.0,7.2
2024-12-11 07:00:00,26.2,0.0,82.2,307.0,6.9
2024-12-11 08:00:00,26.9,0.0,79.0,312.0,3.0
2024-12-11 09:00:00,28.0,0.0,72.0,315.0,5.6
2024-12-11 10:00:00,28.9,0.0,66.5,271.0,6.9
2024-12-11 11:00:00,29.5,0.0,64.1,284.0,6.1
2024-12-11 12:00:00,30.4,0.0,58.8,273.0,8.5
2024-12-11 13:00:00,30.7,0.0,61.7,268.0,9.89999
2024-12-11 14:00:00,30.8,0.0,64.1,256.0,12.4
2024-12-11 15:00:00,31.1,0.0,61.8,256.0,13.0
2024-12-11 16:00:00,31.1,0.0,59.3,254.0,10.8
2024-12-11 17:00:00,31.0,0.0,65.0,270.0,5.9
2024-12-11 18:00:00,30.4,0.0,68.2,258.0,9.39999
2024-12-11 19:00:00,30.1,0.0,70.6,277.0,10.3
2024-12-11 20:00:00,29.4,0.0,69.9,306.0,8.7
2024-12-11 21:00:00,29.5,0.0,63.1,293.0,7.4
2024-12-11 22:00:00,29.0,0.0,72.7,287.0,5.0
2024-12-11 23:00:00,29.0,0.0,78.4,273.0,6.5
2024-12-12 00:00:00,28.9,0.0,82.2,277.0,6.6
2024-12-12 01:00:00,29.1,0.0,81.9,252.0,7.4
2024-12-12 02:00:00,28.9,0.0,82.6,248.0,7.9
2024-12-12 03:00:00,26.3,0.4,89.0,235.0,10.0
2024-12-12 04:00:00,26.6,0.0,91.5,246.0,6.1
2024-12-12 05:00:00,27.3,0.0,85.8,265.0,7.1
2024-12-12 06:00:00,27.2,0.0,88.7,288.0,6.6
2024-12-12 07:00:00,26.9,0.0,90.7,313.0,7.2
2024-12-12 08:00:00,27.1,0.0,88.4,303.0,6.6
2024-12-12 09:00:00,27.6,0.0,84.3,304.0,9.0
2024-12-12 10:00:00,28.2,0.0,81.0,300.0,8.60001
2024-12-12 11:00:00,28.6,0.0,79.6,300.0,8.0
2024-12-12 12:00:00,29.6,0.0,68.2,276.0,10.0
2024-12-12 13:00:00,29.4,0.0,71.2,252.0,12.9
2024-12-12 14:00:00,28.9,0.0,82.6,238.0,9.89999
2024-12-12 15:00:00,29.1,0.0,77.4,232.0,10.7
2024-12-12 16:00:00,29.0,0.0,78.8,245.0,7.5
2024-12-12 17:00:00,29.2,0.0,78.1,261.0,6.6
2024-12-12 18:00:00,28.9,0.0,80.0,283.0,6.8
2024-12-12 19:00:00,28.9,0.0,80.8,286.0,4.3
2024-12-12 20:00:00,28.8,0.0,82.5,302.0,6.2
2024-12-12 21:00:00,28.7,0.0,83.1,308.0,4.6
2024-12-12 22:00:00,28.8,0.0,83.1,307.0,7.6
2024-12-12 23:00:00,28.6,0.0,82.9,303.0,5.7
2024-12-13 00:00:00,28.5,0.0,82.6,301.0,7.0
2024-12-13 01:00:00,28.4,0.0,82.9,303.0,7.6
2024-12-13 02:00:00,28.7,0.0,82.0,284.0,4.8
2024-12-13 03:00:00,24.2,0.8,96.7,259.0,17.2
2024-12-13 04:00:00,25.4,0.0,98.6,256.0,6.7
2024-12-13 05:00:00,24.4,0.2,97.0,264.0,12.1
2024-12-13 06:00:00,26.1,0.0,93.4,207.0,11.6
2024-12-13 07:00:00,26.8,0.0,88.2,204.0,12.7
2024-12-13 08:00:00,27.0,0.0,86.9,206.0,11.3
2024-12-13 09:00:00,27.5,0.0,81.0,209.0,13.1
2024-12-13 10:00:00,27.5,0.0,81.9,200.0,8.2
2024-12-13 11:00:00,28.0,0.0,76.1,205.0,8.39999
2024-12-13 12:00:00,28.2,0.0,78.2,277.0,3.8
2024-12-13 13:00:00,28.6,0.0,71.5,279.0,6.8
2024-12-13 14:00:00,28.8,0.0,74.3,277.0,4.7
2024-12-13 15:00:00,28.7,0.0,73.6,290.0,5.1
2024-12-13 16:00:00,28.5,0.0,75.6,295.0,6.1
2024-12-13 17:00:00,28.7,0.0,76.9,284.0,4.2
2024-12-13 18:00:00,28.7,0.0,75.3,288.0,3.2
2024-12-13 19:00:00,28.5,0.0,77.9,289.0,4.2
2024-12-13 20:00:00,28.3,0.0,80.2,299.0,4.6
2024-12-13 21:00:00,28.4,0.0,81.7,303.0,4.8
2024-12-13 22:00:00,28.3,0.0,83.4,294.0,4.3
2024-12-13 23:00:00,28.2,0.0,84.8,306.0,4.4
2024-12-14 00:00:00,28.0,0.0,85.1,327.0,3.8
2024-12-14 01:00:00,28.0,0.0,85.6,289.0,6.1
2024-12-14 02:00:00,27.1,0.0,87.0,283.0,4.2
2024-12-14 03:00:00,26.9,0.0,89.6,316.0,3.8
2024-12-14 04:00:00,27.5,0.0,78.7,277.0,5.7
2024-12-14 05:00:00,27.3,0.0,79.3,291.0,6.0
2024-12-14 06:00:00,27.1,0.0,79.8,289.0,6.2
2024-12-14 07:00:00,27.0,0.0,79.5,300.0,7.2
2024-12-14 08:00:00,26.7,0.0,81.4,311.0,7.4
2024-12-14 09:00:00,27.7,0.0,80.9,310.0,6.2
2024-12-14 10:00:00,28.8,0.0,78.9,273.0,5.6
2024-12-14 11:00:00,29.7,0.0,70.7,274.0,5.9
2024-12-14 12:00:00,29.3,0.0,78.1,188.0,8.0
2024-12-14 13:00:00,30.3,0.0,68.7,258.0,8.60001
2024-12-14 14:00:00,30.8,0.0,63.5,261.0,9.3
2024-12-14 15:00:00,31.1,0.0,61.7,243.0,12.2
2024-12-14 16:00:00,30.9,0.0,60.8,254.0,11.0
2024-12-14 17:00:00,31.1,0.0,61.2,256.0,11.3
2024-12-14 18:00:00,31.3,0.0,57.1,267.0,8.60001
2024-12-14 19:00:00,31.3,0.0,54.6,297.0,6.7
2024-12-14 20:00:00,31.0,0.0,53.5,306.0,6.3
2024-12-14 21:00:00,28.6,0.0,80.4,19.0,7.6
2024-12-14 22:00:00,28.2,0.0,82.4,10.0,6.3
2024-12-14 23:00:00,28.2,0.0,81.4,24.0,3.6
2024-12-15 00:00:00,28.2,0.0,81.6,8.0,5.6
2024-12-15 01:00:00,28.2,0.0,82.6,6.0,3.9
2024-12-15 02:00:00,27.9,0.0,83.3,25.0,2.6
2024-12-15 03:00:00,27.7,0.0,85.0,13.0,5.0
2024-12-15 04:00:00,27.6,0.0,87.3,21.0,4.1
2024-12-15 05:00:00,27.3,0.0,87.4,10.0,5.5
2024-12-15 06:00:00,27.3,0.0,87.4,10.0,4.8
2024-12-15 07:00:00,27.3,0.0,86.0,18.0,4.6
2024-12-15 08:00:00,27.7,0.0,81.7,3.0,5.8
2024-12-15 09:00:00,28.3,0.0,81.8,17.0,5.0
2024-12-15 10:00:00,29.8,0.0,75.8,2.0,3.9
2024-12-15 11:00:00,30.6,0.0,65.8,324.0,4.1
2024-12-15 12:00:00,30.7,0.0,63.1,298.0,4.7
2024-12-15 13:00:00,30.5,0.0,70.5,155.0,5.9
2024-12-15 14:00:00,30.0,0.0,77.8,122.0,5.7
2024-12-15 15:00:00,30.5,0.0,74.1,125.0,5.7
2024-12-15 16:00:00,30.8,0.0,69.5,175.0,5.0
2024-12-15 17:00:00,30.5,0.0,70.2,124.0,5.1
2024-12-15 18:00:00,30.9,0.0,69.4,109.0,5.7
2024-12-15 19:00:00,30.1,0.0,72.4,93.0,5.3
2024-12-15 20:00:00,29.3,0.0,75.3,53.0,4.5
2024-12-15 21:00:00,28.6,0.0,79.0,10.0,6.0
2024-12-15 22:00:00,28.5,0.0,80.8,22.0,3.5
2024-12-15 23:00:00,28.3,0.0,83.7,17.0,6.3
2024-12-16 00:00:00,27.9,0.0,86.0,19.0,4.8
2024-12-16 01:00:00,27.9,0.0,86.3,5.0,4.5
2024-12-16 02:00:00,27.7,0.0,87.7,12.0,5.5
2024-12-16 03:00:00,27.8,0.0,87.5,358.0,5.7
2024-12-16 04:00:00,27.8,0.0,86.8,10.0,5.1
2024-12-16 05:00:00,27.6,0.0,88.3,339.0,6.9
2024-12-16 06:00:00,27.4,0.0,89.6,317.0,6.0
2024-12-16 07:00:00,27.4,0.0,88.6,349.0,3.8
2024-12-16 08:00:00,27.6,0.0,87.7,9.0,3.7
2024-12-16 09:00:00,28.6,0.0,82.4,1.0,4.9
2024-12-16 10:00:00,30.0,0.0,73.3,6.0,3.9
2024-12-16 11:00:00,31.0,0.0,67.3,347.0,3.7
2024-12-16 12:00:00,31.4,0.0,61.5,300.0,4.1
2024-12-16 13:00:00,30.8,0.0,72.4,172.0,4.8
2024-12-16 14:00:00,30.1,0.0,76.3,165.0,6.4
2024-12-16 15:00:00,30.3,0.0,68.6,261.0,13.1
2024-12-16 16:00:00,27.9,0.0,77.3,20.0,4.9
2024-12-16 17:00:00,27.2,0.0,85.1,355.0,8.60001
2024-12-16 18:00:00,27.0,0.0,87.2,14.0,4.3
2024-12-16 19:00:00,26.9,0.0,85.5,3.0,6.8
2024-12-16 20:00:00,27.2,0.0,84.1,6.0,6.1
2024-12-16 21:00:00,27.1,0.0,86.3,2.0,6.0
2024-12-16 22:00:00,27.4,0.0,85.7,352.0,5.1
2024-12-16 23:00:00,27.4,0.0,85.7,1.0,5.8
2024-12-17 00:00:00,27.3,0.0,84.0,5.0,5.0
2024-12-17 01:00:00,27.2,0.0,84.4,337.0,4.7
2024-12-17 02:00:00,27.3,0.0,83.7,334.0,1.1
2024-12-17 03:00:00,26.9,0.0,86.5,301.0,4.1
2024-12-17 04:00:00,26.8,0.0,87.1,323.0,3.3
2024-12-17 05:00:00,26.9,0.0,87.1,312.0,4.1
2024-12-17 06:00:00,26.7,0.0,87.9,353.0,3.1
2024-12-17 07:00:00,26.7,0.0,88.1,4.0,1.8
2024-12-17 08:00:00,26.9,0.0,87.2,359.0,3.7
2024-12-17 09:00:00,27.7,0.0,82.4,357.0,6.2
2024-12-17 10:00:00,29.0,0.0,75.9,337.0,7.8
2024-12-17 11:00:00,29.2,0.0,74.4,307.0,8.7
2024-12-17 12:00:00,30.4,0.0,69.5,331.0,6.6
2024-12-17 13:00:00,31.2,0.0,66.2,321.0,5.7
2024-12-17 14:00:00,31.6,0.0,61.9,323.0,7.6
2024-12-17 15:00:00,31.7,0.0,63.7,343.0,9.89999
2024-12-17 16:00:00,30.0,0.0,66.4,328.0,11.7
2024-12-17 17:00:00,29.7,0.0,70.6,4.0,6.4
2024-12-17 18:00:00,29.6,0.0,71.6,326.0,8.60001
2024-12-17 19:00:00,28.9,0.0,73.8,337.0,12.9
2024-12-17 20:00:00,28.1,0.0,76.7,323.0,9.7
2024-12-17 21:00:00,27.3,0.0,81.7,308.0,11.0
2024-12-17 22:00:00,27.4,0.0,79.5,354.0,7.7
2024-12-17 23:00:00,27.0,0.0,83.9,327.0,7.0
2024-12-18 00:00:00,27.0,0.0,84.0,356.0,6.9
2024-12-18 01:00:00,27.0,0.0,84.8,337.0,4.6
2024-12-18 02:00:00,26.8,0.0,85.2,313.0,8.89999
2024-12-18 03:00:00,26.6,0.0,86.6,321.0,7.5
2024-12-18 04:00:00,26.5,0.0,86.3,305.0,7.6
2024-12-18 05:00:00,26.4,0.0,86.6,315.0,6.8
2024-12-18 06:00:00,26.5,0.0,86.0,332.0,5.3
2024-12-18 07:00:00,26.7,0.0,83.0,320.0,8.3
2024-12-18 08:00:00,26.4,0.0,84.9,316.0,9.39999
2024-12-18 09:00:00,27.0,0.0,80.9,317.0,9.3
2024-12-18 10:00:00,27.3,0.0,81.0,331.0,12.3
2024-12-18 11:00:00,27.5,0.0,80.5,322.0,8.39999
2024-12-18 12:00:00,26.4,0.2,88.3,335.0,9.7
2024-12-18 13:00:00,26.6,0.0,87.1,316.0,8.89999
2024-12-18 14:00:00,27.4,0.0,83.8,323.0,8.89999
2024-12-18 15:00:00,27.9,0.0,79.9,315.0,8.8
2024-12-18 16:00:00,27.7,0.0,81.4,322.0,7.9
2024-12-18 17:00:00,26.0,0.0,87.0,344.0,10.6
2024-12-18 18:00:00,26.4,0.0,87.3,354.0,8.10001
2024-12-18 19:00:00,26.3,0.0,86.7,6.0,8.5
2024-12-18 20:00:00,26.3,0.0,85.6,2.0,6.0
2024-12-18 21:00:00,26.4,0.0,80.6,352.0,8.8
2024-12-18 22:00:00,26.2,0.0,82.6,354.0,6.9
2024-12-18 23:00:00,26.2,0.0,84.2,353.0,6.7
2024-12-19 00:00:00,26.4,0.0,84.2,342.0,7.3
2024-12-19 01:00:00,26.0,0.0,86.3,317.0,9.5
2024-12-19 02:00:00,25.9,0.0,86.1,309.0,7.6
2024-12-19 03:00:00,25.9,0.0,85.8,333.0,6.8
2024-12-19 04:00:00,25.9,0.0,86.2,309.0,6.7
2024-12-19 05:00:00,26.3,0.0,84.6,284.0,6.9
2024-12-19 06:00:00,26.2,0.0,86.4,285.0,8.10001
2024-12-19 07:00:00,26.4,0.0,84.3,303.0,5.9
2024-12-19 08:00:00,26.8,0.0,82.6,332.0,6.4
2024-12-19 09:00:00,27.3,0.0,78.6,333.0,9.10001
2024-12-19 10:00:00,28.4,0.0,76.1,354.0,7.1
2024-12-19 11:00:00,28.5,0.0,74.6,345.0,10.8
2024-12-19 12:00:00,28.5,0.0,72.7,348.0,9.39999
2024-12-19 13:00:00,28.4,0.0,72.0,318.0,12.5
2024-12-19 14:00:00,28.9,0.0,71.4,320.0,10.2
2024-12-19 15:00:00,28.5,0.0,72.6,2.0,9.8
2024-12-19 16:00:00,28.9,0.0,67.5,353.0,9.2
2024-12-19 17:00:00,29.0,0.0,66.3,332.0,14.0
2024-12-19 18:00:00,28.8,0.0,68.2,351.0,11.1
2024-12-19 19:00:00,28.6,0.0,70.4,357.0,8.5
2024-12-19 20:00:00,28.3,0.0,72.8,355.0,9.89999
2024-12-19 21:00:00,28.2,0.0,74.1,341.0,4.5
2024-12-19 22:00:00,27.8,0.0,76.9,316.0,6.2
2024-12-19 23:00:00,27.8,0.0,76.7,334.0,8.8
2024-12-20 00:00:00,27.6,0.0,76.8,334.0,4.6
2024-12-20 01:00:00,27.3,0.0,79.5,306.0,7.1
2024-12-20 02:00:00,27.2,0.0,80.8,310.0,5.7
2024-12-20 03:00:00,26.9,0.0,81.7,346.0,6.0
2024-12-20 04:00:00,26.4,0.0,82.0,348.0,9.8
2024-12-20 05:00:00,26.0,0.0,83.8,347.0,8.89999
2024-12-20 06:00:00,25.9,0.0,84.9,4.0,7.6
2024-12-20 07:00:00,25.5,0.0,87.9,12.0,9.60001
2024-12-20 08:00:00,25.9,0.0,87.2,9.0,10.6
2024-12-20 09:00:00,26.5,0.0,82.5,359.0,10.9
2024-12-20 10:00:00,27.4,0.0,76.5,353.0,9.89999
2024-12-20 11:00:00,28.0,0.0,76.3,5.0,7.5
2024-12-20 12:00:00,28.6,0.0,72.5,357.0,9.39999
2024-12-20 13:00:00,29.2,0.0,69.5,359.0,8.5
2024-12-20 14:00:00,29.5,0.0,68.4,342.0,8.5
2024-12-20 15:00:00,29.8,0.0,66.9,359.0,6.3
2024-12-20 16:00:00,29.9,0.0,65.3,4.0,8.0
2024-12-20 17:00:00,29.6,0.0,64.7,18.0,7.1
2024-12-20 18:00:00,27.3,0.2,83.0,346.0,5.3
2024-12-20 19:00:00,26.3,0.0,89.1,38.0,4.1
2024-12-20 20:00:00,27.1,0.0,86.3,2.0,5.2
2024-12-20 21:00:00,27.0,0.0,85.8,4.0,6.2
2024-12-20 22:00:00,26.7,0.0,84.8,6.0,6.8
2024-12-20 23:00:00,26.4,0.0,86.8,6.0,5.3
2024-12-21 00:00:00,26.4,0.0,83.7,5.0,4.1
2024-12-21 01:00:00,26.5,0.0,84.4,347.0,4.5
2024-12-21 02:00:00,26.5,0.0,84.8,7.0,7.3
2024-12-21 03:00:00,26.5,0.0,86.2,9.0,5.8
2024-12-21 04:00:00,26.5,0.0,86.7,1.0,5.5
2024-12-21 05:00:00,26.5,0.0,87.1,355.0,3.2
2024-12-21 06:00:00,26.5,0.0,86.3,333.0,2.1
2024-12-21 07:00:00,26.2,0.0,88.0,36.0,1.8
2024-12-21 08:00:00,26.4,0.0,86.8,338.0,5.1
2024-12-21 09:00:00,27.4,0.0,80.6,335.0,8.89999
2024-12-21 10:00:00,28.7,0.0,73.5,348.0,7.0
2024-12-21 11:00:00,29.4,0.0,70.8,346.0,8.7
2024-12-21 12:00:00,30.6,0.0,63.2,342.0,7.2
2024-12-21 13:00:00,31.4,0.0,61.4,347.0,6.5
2024-12-21 14:00:00,32.0,0.0,60.3,308.0,4.0
2024-12-21 15:00:00,26.1,0.0,98.8,119.0,5.5
2024-12-21 16:00:00,26.2,3.4,94.9,25.0,4.6
2024-12-21 17:00:00,26.8,0.0,94.7,2.0,3.0
2024-12-21 18:00:00,27.5,0.0,86.8,19.0,6.1
2024-12-21 19:00:00,27.2,0.0,84.4,11.0,7.4
2024-12-21 20:00:00,26.9,0.0,82.1,8.0,5.8
2024-12-21 21:00:00,26.7,0.0,83.5,9.0,6.1
2024-12-21 22:00:00,26.8,0.0,82.1,7.0,7.0
2024-12-21 23:00:00,26.8,0.0,83.1,10.0,7.4
2024-12-22 00:00:00,26.7,0.0,84.0,13.0,7.8
2024-12-22 01:00:00,26.5,0.0,85.9,16.0,4.9
2024-12-22 02:00:00,26.5,0.0,86.4,10.0,6.1
2024-12-22 03:00:00,26.4,0.0,86.8,13.0,4.6
2024-12-22 04:00:00,26.5,0.0,86.6,11.0,4.7
2024-12-22 05:00:00,26.3,0.0,88.5,5.0,5.3
2024-12-22 06:00:00,26.4,0.0,87.6,2.0,5.3
2024-12-22 07:00:00,26.3,0.0,88.0,2.0,4.6
2024-12-22 08:00:00,26.4,0.0,87.0,13.0,6.1
2024-12-22 09:00:00,26.8,0.0,84.4,5.0,6.6
2024-12-22 10:00:00,27.5,0.0,72.9,6.0,8.7
2024-12-22 11:00:00,29.2,0.0,64.8,353.0,8.39999
2024-12-22 12:00:00,30.4,0.0,59.1,1.0,8.10001
2024-12-22 13:00:00,31.2,0.0,57.6,8.0,5.6
2024-12-22 14:00:00,31.5,0.0,57.1,356.0,6.7
2024-12-22 15:00:00,31.0,0.0,60.7,25.0,6.8
2024-12-22 16:00:00,30.9,0.0,60.1,13.0,6.1
2024-12-22 17:00:00,25.7,0.6,92.6,205.0,8.2
2024-12-22 18:00:00,27.7,0.0,82.1,84.0,2.7
2024-12-22 19:00:00,28.2,0.0,74.5,11.0,7.1
2024-12-22 20:00:00,27.6,0.0,74.2,9.0,7.4
2024-12-22 21:00:00,27.3,0.0,76.4,14.0,7.0
2024-12-22 22:00:00,27.1,0.0,78.4,14.0,6.8
2024-12-22 23:00:00,26.9,0.0,79.2,14.0,9.0
2024-12-23 00:00:00,26.8,0.0,80.8,12.0,7.4
2024-12-23 01:00:00,26.9,0.0,78.3,17.0,8.3
2024-12-23 02:00:00,26.7,0.0,80.5,13.0,7.9
2024-12-23 03:00:00,26.5,0.0,81.1,12.0,4.4
2024-12-23 04:00:00,26.3,0.0,82.8,15.0,5.0
2024-12-23 05:00:00,26.2,0.0,83.9,14.0,5.9
2024-12-23 06:00:00,26.1,0.0,85.4,32.0,3.4
2024-12-23 07:00:00,26.1,0.0,85.1,15.0,4.1
2024-12-23 08:00:00,26.4,0.0,84.0,26.0,3.9
2024-12-23 09:00:00,27.1,0.0,81.6,8.0,6.0
2024-12-23 10:00:00,28.2,0.0,75.7,8.0,7.7
2024-12-23 11:00:00,29.3,0.0,70.0,18.0,6.5
2024-12-23 12:00:00,30.4,0.0,66.3,19.0,5.8
2024-12-23 13:00:00,30.6,0.0,65.6,351.0,6.7
2024-12-23 14:00:00,26.6,0.0,89.7,115.0,9.3
2024-12-23 15:00:00,26.5,0.4,90.7,102.0,6.9
2024-12-23 16:00:00,27.3,0.0,87.9,84.0,3.8
2024-12-23 17:00:00,27.4,0.0,86.3,59.0,4.5
2024-12-23 18:00:00,26.0,0.0,92.7,358.0,6.5
2024-12-23 19:00:00,26.1,0.0,93.1,12.0,3.1
2024-12-23 20:00:00,25.5,0.2,96.2,8.0,4.1
2024-12-23 21:00:00,24.4,0.6,99.3,328.0,5.4
2024-12-23 22:00:00,24.5,0.6,99.2,344.0,4.1
2024-12-23 23:00:00,24.5,0.2,99.2,351.0,1.5
2024-12-24 00:00:00,24.7,0.2,99.2,3.0,4.4
2024-12-24 01:00:00,24.8,0.2,97.5,347.0,4.7
2024-12-24 02:00:00,24.9,0.0,96.9,15.0,3.0
2024-12-24 03:00:00,24.9,0.0,96.5,18.0,4.4
2024-12-24 04:00:00,24.8,0.0,96.8,19.0,3.1
2024-12-24 05:00:00,25.1,0.0,94.4,16.0,3.9
2024-12-24 06:00:00,24.9,0.0,95.5,23.0,4.2
2024-12-24 07:00:00,24.9,0.0,97.0,25.0,5.1
2024-12-24 08:00:00,25.2,0.0,96.2,25.0,4.9
2024-12-24 09:00:00,25.8,0.0,93.0,9.0,7.2
2024-12-24 10:00:00,26.7,0.0,87.5,8.0,8.10001
2024-12-24 11:00:00,28.0,0.0,81.2,2.0,5.8
2024-12-24 12:00:00,29.4,0.0,72.5,2.0,6.8
2024-12-24 13:00:00,30.3,0.0,64.9,316.0,4.8
2024-12-24 14:00:00,30.9,0.0,59.9,352.0,3.4
2024-12-24 15:00:00,28.0,0.0,75.9,322.0,8.39999
2024-12-24 16:00:00,28.5,0.0,76.0,24.0,6.6
2024-12-24 17:00:00,27.7,0.2,81.7,15.0,7.5
2024-12-24 18:00:00,27.2,0.0,87.9,26.0,4.3
2024-12-24 19:00:00,26.9,0.0,88.1,46.0,4.1
2024-12-24 20:00:00,27.0,0.0,82.0,40.0,4.2
2024-12-24 21:00:00,27.0,0.0,79.8,27.0,5.9
2024-12-24 22:00:00,26.5,0.0,84.5,8.0,7.2
2024-12-24 23:00:00,26.3,0.0,86.0,5.0,6.6
2024-12-25 00:00:00,26.2,0.0,82.6,16.0,5.7
2024-12-25 01:00:00,26.1,0.0,82.4,26.0,4.8
2024-12-25 02:00:00,26.1,0.0,82.6,10.0,4.8
2024-12-25 03:00:00,25.9,0.0,84.2,5.0,4.9
2024-12-25 04:00:00,26.0,0.0,80.7,3.0,6.4
2024-12-25 05:00:00,26.2,0.0,76.7,11.0,9.10001
2024-12-25 06:00:00,26.3,0.0,78.0,10.0,8.89999
2024-12-25 07:00:00,26.4,0.0,77.6,12.0,7.2
2024-12-25 08:00:00,26.7,0.0,75.4,11.0,7.4
2024-12-25 09:00:00,27.2,0.0,76.7,2.0,7.3
2024-12-25 10:00:00,28.3,0.0,68.2,8.0,10.0
2024-12-25 11:00:00,29.7,0.0,59.0,355.0,9.60001
2024-12-25 12:00:00,30.6,0.0,60.1,350.0,5.9
2024-12-25 13:00:00,30.8,0.0,54.6,331.0,4.4
2024-12-25 14:00:00,31.3,0.0,52.3,14.0,4.7
2024-12-25 15:00:00,30.2,0.0,58.5,54.0,4.0
2024-12-25 16:00:00,26.9,0.0,81.4,147.0,3.0
2024-12-25 17:00:00,27.2,0.0,74.0,167.0,1.8
2024-12-25 18:00:00,28.1,0.0,70.7,349.0,4.5
2024-12-25 19:00:00,28.2,0.0,73.3,342.0,5.0
2024-12-25 20:00:00,27.2,0.0,76.0,335.0,7.9
2024-12-25 21:00:00,27.0,0.0,73.5,14.0,4.3
2024-12-25 22:00:00,26.9,0.0,72.2,5.0,5.9
2024-12-25 23:00:00,26.5,0.0,73.0,9.0,5.0
2024-12-26 00:00:00,26.4,0.0,75.3,339.0,5.3
2024-12-26 01:00:00,26.5,0.0,73.1,320.0,6.7
2024-12-26 02:00:00,26.5,0.0,73.1,336.0,4.2
2024-12-26 03:00:00,26.2,0.0,74.2,341.0,2.7
2024-12-26 04:00:00,26.5,0.0,70.6,347.0,1.0
2024-12-26 05:00:00,26.4,0.0,71.2,46.0,1.9
2024-12-26 06:00:00,26.4,0.0,74.2,336.0,3.3
2024-12-26 07:00:00,26.6,0.0,74.6,324.0,3.6
2024-12-26 08:00:00,26.8,0.0,76.3,31.0,2.1
2024-12-26 09:00:00,27.2,0.0,78.0,352.0,4.7
2024-12-26 10:00:00,28.4,0.0,70.6,348.0,5.4
2024-12-26 11:00:00,29.6,0.0,65.3,357.0,5.3
2024-12-26 12:00:00,29.8,0.0,63.0,354.0,6.4
2024-12-26 13:00:00,29.6,0.0,66.9,15.0,3.8
2024-12-26 14:00:00,30.5,0.0,63.0,354.0,5.3
2024-12-26 15:00:00,29.9,0.0,68.1,357.0,6.6
2024-12-26 16:00:00,27.1,0.2,83.2,187.0,10.8
2024-12-26 17:00:00,26.8,0.0,88.3,156.0,3.1
2024-12-26 18:00:00,28.3,0.0,79.4,101.0,1.9
2024-12-26 19:00:00,28.2,0.0,81.2,357.0,1.7
2024-12-26 20:00:00,28.1,0.0,75.5,20.0,3.5
2024-12-26 21:00:00,27.9,0.0,74.8,14.0,3.4
2024-12-26 22:00:00,27.6,0.0,77.4,15.0,3.7
2024-12-26 23:00:00,27.2,0.0,82.2,22.0,3.6
2024-12-27 00:00:00,27.0,0.0,86.1,43.0,2.3
2024-12-27 01:00:00,26.8,0.0,87.7,17.0,2.0
2024-12-27 02:00:00,26.7,0.0,89.4,22.0,3.8
2024-12-27 03:00:00,26.6,0.0,89.1,11.0,3.8
2024-12-27 04:00:00,26.7,0.0,88.1,8.0,3.9
2024-12-27 05:00:00,26.5,0.0,88.3,21.0,3.8
2024-12-27 06:00:00,26.5,0.0,88.5,14.0,4.2
2024-12-27 07:00:00,26.3,0.0,89.3,22.0,2.9
2024-12-27 08:00:00,26.6,0.0,87.6,19.0,2.6
2024-12-27 09:00:00,27.1,0.0,84.8,8.0,4.1
2024-12-27 10:00:00,27.9,0.0,80.3,10.0,5.4
2024-12-27 11:00:00,29.0,0.0,70.5,358.0,6.5
2024-12-27 12:00:00,30.3,0.0,63.9,357.0,5.9
2024-12-27 13:00:00,31.1,0.0,56.0,358.0,3.4
2024-12-27 14:00:00,30.6,0.0,63.8,148.0,4.3
2024-12-27 15:00:00,29.8,0.0,75.6,154.0,6.4
2024-12-27 16:00:00,30.6,0.0,69.1,77.0,8.0
2024-12-27 17:00:00,28.7,0.0,77.7,47.0,4.3
2024-12-27 18:00:00,29.9,0.0,70.0,32.0,3.8
2024-12-27 19:00:00,29.3,0.0,68.0,17.0,5.9
2024-12-27 20:00:00,28.7,0.0,70.2,11.0,5.2
2024-12-27 21:00:00,28.0,0.0,73.1,16.0,6.9
2024-12-27 22:00:00,27.6,0.0,77.1,15.0,6.3
2024-12-27 23:00:00,27.3,0.0,78.8,15.0,6.6
2024-12-28 00:00:00,27.0,0.0,81.2,14.0,5.9
2024-12-28 01:00:00,26.8,0.0,82.9,14.0,5.5
2024-12-28 02:00:00,26.7,0.0,83.0,17.0,5.5
2024-12-28 03:00:00,26.6,0.0,84.5,4.0,5.6
2024-12-28 04:00:00,26.3,0.0,86.3,2.0,6.0
2024-12-28 05:00:00,26.3,0.0,86.0,10.0,5.4
2024-12-28 06:00:00,26.3,0.0,85.3,9.0,1.6
2024-12-28 07:00:00,26.1,0.0,86.9,36.0,2.4
2024-12-28 08:00:00,26.5,0.0,85.2,354.0,4.6
2024-12-28 09:00:00,27.6,0.0,79.2,15.0,5.0
2024-12-28 10:00:00,28.4,0.0,75.0,7.0,8.0
2024-12-28 11:00:00,30.0,0.0,67.4,17.0,8.3
2024-12-28 12:00:00,31.0,0.0,62.0,7.0,9.8
2024-12-28 13:00:00,30.9,0.0,62.6,8.0,8.7
2024-12-28 14:00:00,32.3,0.0,58.3,30.0,7.1
2024-12-28 15:00:00,32.6,0.0,58.5,8.0,6.5
2024-12-28 16:00:00,31.3,0.0,59.9,7.0,9.89999
2024-12-28 17:00:00,30.3,0.0,63.1,13.0,9.7
2024-12-28 18:00:00,27.6,0.0,83.2,188.0,6.1
2024-12-28 19:00:00,29.7,0.0,69.7,10.0,7.1
2024-12-28 20:00:00,28.7,0.0,76.6,340.0,6.8
2024-12-28 21:00:00,27.3,0.0,86.1,23.0,5.7
2024-12-28 22:00:00,27.7,0.0,82.5,15.0,6.4
2024-12-28 23:00:00,27.5,0.0,84.6,11.0,10.0
2024-12-29 00:00:00,27.3,0.0,84.7,9.0,6.7
2024-12-29 01:00:00,27.1,0.0,85.8,18.0,6.3
2024-12-29 02:00:00,26.9,0.0,87.5,20.0,5.5
2024-12-29 03:00:00,26.8,0.0,88.8,11.0,3.9
2024-12-29 04:00:00,26.7,0.0,88.9,19.0,4.9
2024-12-29 05:00:00,26.6,0.0,89.3,4.0,5.0
2024-12-29 06:00:00,26.6,0.0,88.6,20.0,5.0
2024-12-29 07:00:00,26.5,0.0,89.3,4.0,5.7
2024-12-29 08:00:00,26.9,0.0,87.7,1.0,5.1
2024-12-29 09:00:00,27.6,0.0,83.0,16.0,8.7
2024-12-29 10:00:00,28.7,0.0,76.7,4.0,10.8
2024-12-29 11:00:00,30.1,0.0,71.1,13.0,9.5
2024-12-29 12:00:00,31.1,0.0,63.9,3.0,9.89999
2024-12-29 13:00:00,31.5,0.0,62.6,13.0,6.6
2024-12-29 14:00:00,28.6,0.0,80.5,189.0,8.0
2024-12-29 15:00:00,26.4,0.2,91.7,143.0,8.5
2024-12-29 16:00:00,25.9,0.0,94.6,149.0,1.7
2024-12-29 17:00:00,25.2,0.0,92.9,357.0,9.7
2024-12-29 18:00:00,24.7,0.0,94.3,32.0,3.7
2024-12-29 19:00:00,25.6,0.0,93.3,12.0,2.5
2024-12-29 20:00:00,26.0,0.0,91.0,28.0,2.4
2024-12-29 21:00:00,26.3,0.0,91.9,25.0,2.9
2024-12-29 22:00:00,26.5,0.0,93.1,354.0,2.9
2024-12-29 23:00:00,26.8,0.0,91.4,26.0,2.5
2024-12-30 00:00:00,26.8,0.0,90.6,8.0,3.5
2024-12-30 01:00:00,26.6,0.0,92.7,342.0,1.5
2024-12-30 02:00:00,26.2,0.0,91.7,327.0,5.9
2024-12-30 03:00:00,25.5,0.0,93.9,320.0,8.2
2024-12-30 04:00:00,24.4,0.2,94.3,341.0,9.0
2024-12-30 05:00:00,24.3,0.0,93.6,14.0,7.8
2024-12-30 06:00:00,24.6,0.0,92.9,18.0,2.8
2024-12-30 07:00:00,25.2,0.0,91.7,303.0,4.5
2024-12-30 08:00:00,25.3,0.0,92.8,294.0,6.8
2024-12-30 09:00:00,25.5,0.0,91.6,326.0,3.2
2024-12-30 10:00:00,26.6,0.0,87.3,20.0,3.3
2024-12-30 11:00:00,26.9,0.0,86.8,1.0,4.6
2024-12-30 12:00:00,27.7,0.0,83.3,36.0,4.8
2024-12-30 13:00:00,28.8,0.0,77.5,343.0,3.3
2024-12-30 14:00:00,28.7,0.0,75.9,6.0,10.1
2024-12-30 15:00:00,29.8,0.0,69.5,357.0,7.2
2024-12-30 16:00:00,30.7,0.0,65.0,356.0,5.6
2024-12-30 17:00:00,27.4,0.4,90.5,192.0,9.89999
2024-12-30 18:00:00,26.1,1.6,94.3,121.0,5.0
2024-12-30 19:00:00,26.1,0.0,90.5,41.0,4.6
2024-12-30 20:00:00,26.9,0.0,85.3,357.0,5.4
2024-12-30 21:00:00,26.5,0.0,86.1,352.0,7.7
2024-12-30 22:00:00,26.4,0.0,85.8,7.0,5.8
2024-12-30 23:00:00,26.5,0.0,85.0,5.0,6.0
2024-12-31 00:00:00,26.1,0.0,87.5,13.0,5.7
2024-12-31 01:00:00,25.9,0.0,89.3,18.0,4.4
2024-12-31 02:00:00,25.8,0.0,89.4,10.0,3.4
2024-12-31 03:00:00,26.0,0.0,87.8,359.0,5.2
2024-12-31 04:00:00,26.1,0.0,87.3,350.0,4.4
2024-12-31 05:00:00,26.1,0.0,86.8,352.0,4.8
2024-12-31 06:00:00,26.0,0.0,88.7,353.0,3.9
2024-12-31 07:00:00,25.8,0.0,89.4,17.0,2.8
2024-12-31 08:00:00,26.1,0.0,88.3,17.0,2.5
2024-12-31 09:00:00,27.0,0.0,84.4,6.0,5.0
2024-12-31 10:00:00,28.4,0.0,75.5,15.0,7.1
2024-12-31 11:00:00,29.4,0.0,72.1,355.0,6.5
2024-12-31 12:00:00,30.0,0.0,67.0,354.0,7.0
2024-12-31 13:00:00,31.1,0.0,62.1,337.0,5.5
2024-12-31 14:00:00,30.5,0.0,67.3,19.0,6.8
2024-12-31 15:00:00,30.3,0.0,69.7,33.0,4.8
2024-12-31 16:00:00,25.0,0.6,93.0,144.0,1.6
2024-12-31 17:00:00,24.7,0.0,93.3,27.0,5.1
2024-12-31 18:00:00,26.1,0.0,87.3,297.0,3.2
2024-12-31 19:00:00,25.6,0.0,94.1,353.0,4.9
2024-12-31 20:00:00,26.2,0.0,93.5,35.0,1.4
2024-12-31 21:00:00,26.8,0.0,89.0,17.0,3.5
2024-12-31 22:00:00,26.8,0.0,86.6,13.0,4.1
2024-12-31 23:00:00,26.5,0.0,87.5,18.0,4.0
