timestamp,temperature,rainfall,humidity,wind_direction,wind_speed
2024-05-01 00:00:00,30.0,0.0,80.3,134.0,5.5
2024-05-01 01:00:00,29.8,0.0,82.5,127.0,4.6
2024-05-01 02:00:00,29.5,0.0,83.3,124.0,5.4
2024-05-01 03:00:00,29.3,0.0,84.8,113.0,3.3
2024-05-01 04:00:00,29.3,0.0,81.4,127.0,4.2
2024-05-01 05:00:00,29.4,0.0,79.2,128.0,4.9
2024-05-01 06:00:00,29.3,0.0,79.3,126.0,5.6
2024-05-01 07:00:00,29.3,0.0,81.6,132.0,5.5
2024-05-01 08:00:00,29.5,0.0,82.2,128.0,5.8
2024-05-01 09:00:00,30.4,0.0,79.6,142.0,5.7
2024-05-01 10:00:00,31.4,0.0,73.2,93.0,5.4
2024-05-01 11:00:00,32.2,0.0,68.4,123.0,6.1
2024-05-01 12:00:00,32.4,0.0,67.1,84.0,4.8
2024-05-01 13:00:00,32.7,0.0,65.6,261.0,4.1
2024-05-01 14:00:00,31.1,0.0,69.7,235.0,8.2
2024-05-01 15:00:00,31.0,0.0,71.1,228.0,7.1
2024-05-01 16:00:00,31.6,0.0,68.3,253.0,4.4
2024-05-01 17:00:00,30.2,0.0,75.9,244.0,7.1
2024-05-01 18:00:00,31.2,0.0,73.5,265.0,2.4
2024-05-01 19:00:00,30.5,0.0,76.6,220.0,2.0
2024-05-01 20:00:00,30.1,0.0,78.5,175.0,3.0
2024-05-01 21:00:00,29.7,0.0,82.6,130.0,3.0
2024-05-01 22:00:00,29.4,0.0,80.9,247.0,9.89999
2024-05-01 23:00:00,29.2,0.0,78.5,261.0,5.1
2024-05-02 00:00:00,29.2,0.0,81.8,264.0,3.2
2024-05-02 01:00:00,28.6,0.0,87.8,263.0,3.4
2024-05-02 02:00:00,28.4,0.0,87.8,220.0,2.4
2024-05-02 03:00:00,28.4,0.0,84.0,235.0,3.5
2024-05-02 04:00:00,28.3,0.0,84.3,179.0,1.2
2024-05-02 05:00:00,28.1,0.0,85.6,168.0,3.2
2024-05-02 06:00:00,28.2,0.0,86.8,138.0,0.8
2024-05-02 07:00:00,28.4,0.0,84.5,146.0,1.7
2024-05-02 08:00:00,29.4,0.0,83.0,151.0,2.0
2024-05-02 09:00:00,30.5,0.0,76.2,142.0,3.6
2024-05-02 10:00:00,30.2,0.0,77.3,233.0,5.4
2024-05-02 11:00:00,30.6,0.0,76.4,227.0,6.7
2024-05-02 12:00:00,31.6,0.0,75.6,220.0,7.7
2024-05-02 13:00:00,32.2,0.0,69.9,238.0,6.3
2024-05-02 14:00:00,31.0,0.0,69.9,200.0,5.5
2024-05-02 15:00:00,30.4,0.0,73.3,181.0,3.2
2024-05-02 16:00:00,29.7,0.0,82.9,154.0,4.8
2024-05-02 17:00:00,29.6,0.0,82.2,139.0,4.7
2024-05-02 18:00:00,29.8,0.0,78.0,124.0,4.4
2024-05-02 19:00:00,29.6,0.0,79.4,128.0,3.6
2024-05-02 20:00:00,29.5,0.0,79.8,148.0,3.3
2024-05-02 21:00:00,29.3,0.0,82.6,148.0,3.0
2024-05-02 22:00:00,29.2,0.0,85.7,151.0,3.1
2024-05-02 23:00:00,29.4,0.0,83.0,119.0,4.5
2024-05-03 00:00:00,29.1,0.0,82.9,183.0,1.7
2024-05-03 01:00:00,28.7,0.0,87.0,154.0,3.9
2024-05-03 02:00:00,29.0,0.0,83.9,129.0,2.6
2024-05-03 03:00:00,29.1,0.0,80.0,153.0,3.6
2024-05-03 04:00:00,28.9,0.0,82.2,154.0,3.5
2024-05-03 05:00:00,28.8,0.0,85.2,150.0,3.5
2024-05-03 06:00:00,28.9,0.0,85.4,152.0,3.1
2024-05-03 07:00:00,28.2,0.0,86.1,227.0,3.9
2024-05-03 08:00:00,27.5,0.0,86.1,99.0,1.5
2024-05-03 09:00:00,28.5,0.0,82.8,165.0,4.7
2024-05-03 10:00:00,30.5,0.0,72.6,173.0,4.3
2024-05-03 11:00:00,31.7,0.0,66.0,182.0,4.9
2024-05-03 12:00:00,32.0,0.0,70.6,178.0,5.0
2024-05-03 13:00:00,32.3,0.0,65.7,249.0,6.7
2024-05-03 14:00:00,32.7,0.0,65.8,230.0,6.4
2024-05-03 15:00:00,32.4,0.0,68.2,195.0,6.7
2024-05-03 16:00:00,31.4,0.0,64.3,157.0,1.8
2024-05-03 17:00:00,27.5,0.0,90.4,119.0,1.2
2024-05-03 18:00:00,28.7,0.0,81.2,100.0,1.6
2024-05-03 19:00:00,29.6,0.0,83.6,162.0,3.5
2024-05-03 20:00:00,29.0,0.0,85.0,164.0,4.6
2024-05-03 21:00:00,29.6,0.0,77.4,141.0,5.0
2024-05-03 22:00:00,29.5,0.0,81.1,133.0,5.9
2024-05-03 23:00:00,29.6,0.0,82.4,118.0,4.1
2024-05-04 00:00:00,29.7,0.0,81.5,134.0,3.8
2024-05-04 01:00:00,29.4,0.0,84.2,152.0,5.4
2024-05-04 02:00:00,29.2,0.0,84.5,143.0,2.5
2024-05-04 03:00:00,29.0,0.0,86.9,159.0,3.1
2024-05-04 04:00:00,28.9,0.0,81.8,159.0,3.6
2024-05-04 05:00:00,28.8,0.0,84.3,142.0,2.6
2024-05-04 06:00:00,28.1,0.2,89.4,329.0,0.8
2024-05-04 07:00:00,27.4,0.0,91.3,311.0,2.0
2024-05-04 08:00:00,24.0,1.6,98.3,230.0,3.8
2024-05-04 09:00:00,24.0,0.0,98.6,132.0,3.0
2024-05-04 10:00:00,24.9,4.8,98.7,151.0,2.2
2024-05-04 11:00:00,24.9,0.4,98.8,292.0,6.3
2024-05-04 12:00:00,24.4,0.4,98.7,306.0,4.9
2024-05-04 13:00:00,24.8,0.2,91.7,299.0,4.8
2024-05-04 14:00:00,25.1,0.2,92.8,358.0,6.7
2024-05-04 15:00:00,25.8,0.0,88.3,266.0,3.2
2024-05-04 16:00:00,26.9,0.0,82.5,273.0,2.8
2024-05-04 17:00:00,27.4,0.0,80.9,295.0,1.8
2024-05-04 18:00:00,27.5,0.0,79.9,267.0,2.6
2024-05-04 19:00:00,27.6,0.0,76.9,274.0,2.4
2024-05-04 20:00:00,27.7,0.0,77.4,294.0,1.6
2024-05-04 21:00:00,27.6,0.0,81.6,277.0,1.8
2024-05-04 22:00:00,27.9,0.0,78.5,266.0,4.1
2024-05-04 23:00:00,27.8,0.0,82.0,252.0,3.6
2024-05-05 00:00:00,27.8,0.0,80.4,265.0,3.4
2024-05-05 01:00:00,27.6,0.0,82.8,267.0,2.9
2024-05-05 02:00:00,27.4,0.0,85.9,266.0,3.5
2024-05-05 03:00:00,27.5,0.0,84.0,255.0,3.1
2024-05-05 04:00:00,27.6,0.0,79.5,259.0,3.6
2024-05-05 05:00:00,27.7,0.0,80.6,247.0,3.2
2024-05-05 06:00:00,27.7,0.0,81.3,236.0,4.0
2024-05-05 07:00:00,27.6,0.0,83.1,258.0,2.4
2024-05-05 08:00:00,28.9,0.0,79.5,238.0,2.2
2024-05-05 09:00:00,28.5,0.0,83.8,243.0,4.1
2024-05-05 10:00:00,29.1,0.0,81.6,248.0,5.5
2024-05-05 11:00:00,29.8,0.0,76.2,243.0,5.3
2024-05-05 12:00:00,30.2,0.0,73.1,243.0,6.6
2024-05-05 13:00:00,30.9,0.0,66.2,254.0,6.3
2024-05-05 14:00:00,30.8,0.0,68.3,239.0,4.8
2024-05-05 15:00:00,31.2,0.0,64.9,235.0,5.7
2024-05-05 16:00:00,31.5,0.0,67.8,252.0,5.3
2024-05-05 17:00:00,31.2,0.0,68.9,247.0,3.2
2024-05-05 18:00:00,30.9,0.0,65.5,255.0,2.9
2024-05-05 19:00:00,31.3,0.0,63.4,167.0,2.5
2024-05-05 20:00:00,29.9,0.0,72.0,155.0,3.5
2024-05-05 21:00:00,29.6,0.0,77.2,160.0,3.2
2024-05-05 22:00:00,29.3,0.0,81.5,156.0,3.6
2024-05-05 23:00:00,29.4,0.0,82.7,141.0,3.5
2024-05-06 00:00:00,29.4,0.0,80.3,140.0,3.6
2024-05-06 01:00:00,29.2,0.0,85.4,160.0,3.9
2024-05-06 02:00:00,28.9,0.0,87.1,163.0,3.7
2024-05-06 03:00:00,28.7,0.0,87.5,147.0,3.0
2024-05-06 04:00:00,28.9,0.0,86.3,140.0,3.8
2024-05-06 05:00:00,28.6,0.0,87.1,146.0,4.0
2024-05-06 06:00:00,28.7,0.0,86.0,130.0,4.0
2024-05-06 07:00:00,28.5,0.0,87.5,137.0,3.5
2024-05-06 08:00:00,29.0,0.0,86.3,124.0,4.7
2024-05-06 09:00:00,30.1,0.0,79.9,139.0,5.7
2024-05-06 10:00:00,30.6,0.0,77.0,135.0,8.10001
2024-05-06 11:00:00,31.3,0.0,72.8,120.0,7.9
2024-05-06 12:00:00,32.4,0.0,68.3,143.0,6.0
2024-05-06 13:00:00,33.0,0.0,59.3,174.0,5.3
2024-05-06 14:00:00,31.6,0.0,72.0,166.0,8.10001
2024-05-06 15:00:00,31.5,0.0,69.4,148.0,8.89999
2024-05-06 16:00:00,30.9,0.0,73.3,136.0,9.2
2024-05-06 17:00:00,30.9,0.0,69.1,117.0,5.7
2024-05-06 18:00:00,31.1,0.0,64.5,121.0,5.6
2024-05-06 19:00:00,30.7,0.0,71.6,102.0,5.3
2024-05-06 20:00:00,30.3,0.0,72.0,159.0,5.5
2024-05-06 21:00:00,30.2,0.0,71.2,124.0,6.3
2024-05-06 22:00:00,29.7,0.0,77.7,148.0,3.5
2024-05-06 23:00:00,29.7,0.0,75.3,165.0,4.0
2024-05-07 00:00:00,29.5,0.0,81.3,143.0,5.5
2024-05-07 01:00:00,29.3,0.0,80.7,147.0,4.3
2024-05-07 02:00:00,29.4,0.0,78.3,108.0,2.8
2024-05-07 03:00:00,29.3,0.0,78.2,143.0,2.8
2024-05-07 04:00:00,29.4,0.0,77.8,116.0,2.3
2024-05-07 05:00:00,29.2,0.0,77.7,159.0,3.7
2024-05-07 06:00:00,29.1,0.0,78.9,161.0,3.4
2024-05-07 07:00:00,28.0,0.0,87.0,227.0,3.9
2024-05-07 08:00:00,26.6,0.0,90.4,53.0,2.3
2024-05-07 09:00:00,27.8,0.0,88.7,272.0,1.8
2024-05-07 10:00:00,29.5,0.0,80.7,262.0,2.2
2024-05-07 11:00:00,30.1,0.0,75.7,233.0,2.3
2024-05-07 12:00:00,30.6,0.0,75.3,249.0,4.2
2024-05-07 13:00:00,29.6,0.0,78.0,232.0,5.0
2024-05-07 14:00:00,28.0,0.0,83.6,157.0,5.6
2024-05-07 15:00:00,28.5,0.0,81.9,138.0,5.0
2024-05-07 16:00:00,28.5,0.0,83.3,116.0,7.1
2024-05-07 17:00:00,29.0,0.0,80.1,110.0,3.6
2024-05-07 18:00:00,29.3,0.0,78.2,133.0,1.1
2024-05-07 19:00:00,29.2,0.0,79.0,195.0,1.2
2024-05-07 20:00:00,29.2,0.0,79.6,184.0,2.0
2024-05-07 21:00:00,28.8,0.0,81.8,273.0,1.5
2024-05-07 22:00:00,28.7,0.0,82.0,79.0,1.0
2024-05-07 23:00:00,28.6,0.0,84.1,278.0,0.7
2024-05-08 00:00:00,28.8,0.0,82.3,37.0,0.8
2024-05-08 01:00:00,28.7,0.0,84.6,275.0,1.3
2024-05-08 02:00:00,28.8,0.0,84.1,345.0,2.3
2024-05-08 03:00:00,27.0,0.2,92.9,115.0,4.8
2024-05-08 04:00:00,24.9,1.8,97.4,270.0,8.5
2024-05-08 05:00:00,24.8,3.6,98.6,225.0,5.3
2024-05-08 06:00:00,24.5,0.6,98.8,285.0,2.5
2024-05-08 07:00:00,24.7,0.0,98.8,287.0,1.8
2024-05-08 08:00:00,25.6,0.0,98.9,312.0,0.8
2024-05-08 09:00:00,26.3,0.0,98.5,310.0,1.5
2024-05-08 10:00:00,28.2,0.0,81.5,184.0,0.9
2024-05-08 11:00:00,28.9,0.0,81.1,148.0,1.9
2024-05-08 12:00:00,29.0,0.0,80.6,218.0,3.8
2024-05-08 13:00:00,29.8,0.0,77.5,165.0,2.9
2024-05-08 14:00:00,29.4,0.0,78.3,243.0,4.3
2024-05-08 15:00:00,29.5,0.0,80.5,225.0,4.8
2024-05-08 16:00:00,29.4,0.0,78.1,196.0,4.7
2024-05-08 17:00:00,29.5,0.0,77.4,184.0,5.2
2024-05-08 18:00:00,28.9,0.0,80.1,160.0,6.1
2024-05-08 19:00:00,28.7,0.0,80.3,169.0,5.7
2024-05-08 20:00:00,28.1,0.0,80.1,259.0,2.9
2024-05-08 21:00:00,26.5,0.0,90.9,299.0,1.0
2024-05-08 22:00:00,26.7,0.0,92.5,92.0,3.1
2024-05-08 23:00:00,27.0,0.0,93.5,157.0,2.8
2024-05-09 00:00:00,27.7,0.0,87.3,164.0,3.7
2024-05-09 01:00:00,27.8,0.0,85.7,163.0,1.8
2024-05-09 02:00:00,27.2,0.0,89.9,327.0,1.1
2024-05-09 03:00:00,27.2,0.0,84.4,241.0,0.8
2024-05-09 04:00:00,28.0,0.0,76.1,294.0,1.1
2024-05-09 05:00:00,28.6,0.0,74.0,141.0,2.7
2024-05-09 06:00:00,28.2,0.0,81.0,127.0,2.8
2024-05-09 07:00:00,28.1,0.0,82.9,141.0,2.4
2024-05-09 08:00:00,28.5,0.0,81.0,149.0,3.3
2024-05-09 09:00:00,28.7,0.0,83.5,147.0,3.2
2024-05-09 10:00:00,29.4,0.0,79.6,148.0,5.4
2024-05-09 11:00:00,31.1,0.0,73.2,154.0,4.3
2024-05-09 12:00:00,30.8,0.0,71.3,176.0,5.8
2024-05-09 13:00:00,31.6,0.0,60.8,135.0,6.9
2024-05-09 14:00:00,32.2,0.0,63.6,155.0,5.7
2024-05-09 15:00:00,31.8,0.0,68.7,182.0,7.2
2024-05-09 16:00:00,31.8,0.0,68.7,187.0,7.3
2024-05-09 17:00:00,31.6,0.0,70.2,175.0,5.6
2024-05-09 18:00:00,30.8,0.0,72.9,165.0,5.2
2024-05-09 19:00:00,30.2,0.0,73.9,121.0,4.5
2024-05-09 20:00:00,30.0,0.0,78.0,130.0,5.4
2024-05-09 21:00:00,30.0,0.0,74.9,128.0,6.9
2024-05-09 22:00:00,29.8,0.0,75.3,131.0,6.5
2024-05-09 23:00:00,29.5,0.0,76.8,132.0,6.4
2024-05-10 00:00:00,29.6,0.0,77.9,137.0,8.10001
2024-05-10 01:00:00,29.4,0.0,78.6,124.0,6.1
2024-05-10 02:00:00,29.4,0.0,79.2,129.0,6.5
2024-05-10 03:00:00,29.2,0.0,79.5,130.0,6.0
2024-05-10 04:00:00,28.8,0.0,80.5,138.0,3.0
2024-05-10 05:00:00,29.0,0.0,78.8,127.0,4.3
2024-05-10 06:00:00,29.1,0.0,78.1,132.0,5.3
2024-05-10 07:00:00,29.0,0.0,80.1,124.0,4.0
2024-05-10 08:00:00,29.6,0.0,78.8,131.0,5.8
2024-05-10 09:00:00,30.2,0.0,76.1,136.0,7.4
2024-05-10 10:00:00,31.1,0.0,73.8,133.0,7.1
2024-05-10 11:00:00,28.4,0.0,82.0,209.0,5.5
2024-05-10 12:00:00,27.2,0.6,93.3,171.0,5.8
2024-05-10 13:00:00,28.4,0.0,90.4,108.0,1.0
2024-05-10 14:00:00,28.9,0.0,85.8,133.0,6.2
2024-05-10 15:00:00,29.4,0.2,77.2,142.0,10.6
2024-05-10 16:00:00,29.5,0.0,76.2,157.0,3.8
2024-05-10 17:00:00,29.8,0.0,74.1,167.0,3.9
2024-05-10 18:00:00,30.3,0.0,76.1,185.0,2.6
2024-05-10 19:00:00,28.8,0.0,78.9,126.0,7.0
2024-05-10 20:00:00,29.4,0.0,77.4,118.0,2.6
2024-05-10 21:00:00,29.3,0.0,82.0,121.0,3.2
2024-05-10 22:00:00,29.3,0.0,80.6,123.0,3.5
2024-05-10 23:00:00,29.4,0.0,77.8,143.0,3.6
2024-05-11 00:00:00,29.1,0.0,80.7,143.0,2.6
2024-05-11 01:00:00,29.1,0.0,80.7,170.0,2.6
2024-05-11 02:00:00,29.0,0.0,82.4,156.0,3.0
2024-05-11 03:00:00,28.6,0.0,84.4,166.0,2.7
2024-05-11 04:00:00,28.5,0.0,84.8,165.0,2.3
2024-05-11 05:00:00,28.9,0.0,83.3,180.0,2.8
2024-05-11 06:00:00,28.4,0.0,86.1,146.0,3.0
2024-05-11 07:00:00,28.7,0.0,83.5,149.0,3.5
2024-05-11 08:00:00,29.4,0.0,81.0,175.0,3.1
2024-05-11 09:00:00,30.3,0.0,79.0,182.0,2.6
2024-05-11 10:00:00,31.1,0.0,71.6,146.0,4.9
2024-05-11 11:00:00,31.7,0.0,69.2,186.0,3.4
2024-05-11 12:00:00,32.2,0.0,66.9,168.0,4.3
2024-05-11 13:00:00,32.1,0.0,68.1,176.0,5.6
2024-05-11 14:00:00,31.9,0.0,69.3,158.0,6.9
2024-05-11 15:00:00,31.0,0.0,69.1,146.0,5.0
2024-05-11 16:00:00,31.0,0.0,65.0,122.0,7.3
2024-05-11 17:00:00,31.0,0.0,71.3,117.0,7.6
2024-05-11 18:00:00,30.0,0.0,76.0,118.0,5.2
2024-05-11 19:00:00,30.0,0.0,76.6,113.0,5.9
2024-05-11 20:00:00,30.2,0.0,70.5,111.0,7.8
2024-05-11 21:00:00,30.0,0.0,76.0,107.0,6.5
2024-05-11 22:00:00,29.3,0.0,81.4,107.0,4.2
2024-05-11 23:00:00,29.2,0.0,83.8,135.0,6.6
2024-05-12 00:00:00,29.2,0.0,82.0,117.0,5.6
2024-05-12 01:00:00,28.6,0.0,83.8,159.0,3.3
2024-05-12 02:00:00,28.7,0.0,82.7,137.0,5.6
2024-05-12 03:00:00,28.7,0.0,82.0,146.0,4.5
2024-05-12 04:00:00,28.6,0.0,83.7,142.0,2.9
2024-05-12 05:00:00,28.4,0.0,85.9,208.0,1.1
2024-05-12 06:00:00,28.6,0.0,84.6,182.0,2.7
2024-05-12 07:00:00,28.5,0.0,84.2,188.0,2.1
2024-05-12 08:00:00,28.9,0.0,84.0,187.0,2.6
2024-05-12 09:00:00,30.1,0.0,77.9,258.0,2.6
2024-05-12 10:00:00,28.5,0.0,79.0,334.0,3.0
2024-05-12 11:00:00,30.1,0.0,76.0,270.0,3.8
2024-05-12 12:00:00,31.0,0.0,73.0,273.0,2.4
2024-05-12 13:00:00,31.5,0.0,70.3,253.0,5.5
2024-05-12 14:00:00,31.5,0.0,72.1,244.0,5.8
2024-05-12 15:00:00,30.8,0.0,69.3,178.0,3.8
2024-05-12 16:00:00,31.0,0.0,67.1,172.0,4.2
2024-05-12 17:00:00,29.9,0.0,77.4,134.0,7.0
2024-05-12 18:00:00,29.2,0.0,79.0,125.0,6.5
2024-05-12 19:00:00,29.1,0.0,79.8,135.0,6.2
2024-05-12 20:00:00,29.0,0.0,81.2,124.0,2.8
2024-05-12 21:00:00,29.1,0.0,78.0,116.0,3.2
2024-05-12 22:00:00,28.9,0.0,79.5,154.0,3.5
2024-05-12 23:00:00,29.1,0.0,79.2,99.0,2.9
2024-05-13 00:00:00,28.8,0.0,82.4,165.0,4.0
2024-05-13 01:00:00,28.7,0.0,82.7,162.0,3.8
2024-05-13 02:00:00,28.6,0.0,84.6,164.0,3.6
2024-05-13 03:00:00,28.7,0.0,84.1,156.0,3.0
2024-05-13 04:00:00,28.7,0.0,85.5,164.0,1.9
2024-05-13 05:00:00,28.5,0.0,85.8,209.0,2.4
2024-05-13 06:00:00,28.5,0.0,81.9,268.0,1.5
2024-05-13 07:00:00,28.1,0.0,85.7,3.0,2.4
2024-05-13 08:00:00,28.4,0.0,83.5,340.0,1.8
2024-05-13 09:00:00,29.2,0.0,79.3,296.0,0.9
2024-05-13 10:00:00,30.2,0.0,77.6,220.0,1.0
2024-05-13 11:00:00,29.5,0.0,83.5,225.0,2.5
2024-05-13 12:00:00,28.8,0.0,75.9,40.0,2.0
2024-05-13 13:00:00,30.1,0.0,77.2,150.0,2.3
2024-05-13 14:00:00,30.8,0.0,75.3,205.0,4.1
2024-05-13 15:00:00,31.0,0.0,73.9,189.0,5.1
2024-05-13 16:00:00,31.0,0.0,75.0,232.0,5.9
2024-05-13 17:00:00,28.6,0.0,79.8,109.0,7.3
2024-05-13 18:00:00,29.0,0.0,72.4,118.0,5.1
2024-05-13 19:00:00,30.1,0.0,72.4,72.0,2.7
2024-05-13 20:00:00,28.9,0.0,76.5,28.0,2.7
2024-05-13 21:00:00,28.2,0.0,74.3,18.0,2.0
2024-05-13 22:00:00,28.5,0.0,71.9,22.0,1.4
2024-05-13 23:00:00,27.7,0.0,78.0,6.0,4.3
2024-05-14 00:00:00,27.3,0.0,85.5,316.0,2.1
2024-05-14 01:00:00,27.5,0.0,85.6,354.0,1.4
2024-05-14 02:00:00,27.6,0.0,83.8,331.0,1.4
2024-05-14 03:00:00,27.3,0.0,85.7,64.0,0.6
2024-05-14 04:00:00,27.4,0.0,83.3,289.0,1.4
2024-05-14 05:00:00,27.5,0.0,82.2,355.0,0.6
2024-05-14 06:00:00,27.7,0.0,76.7,1.0,1.8
2024-05-14 07:00:00,27.6,0.0,78.7,346.0,2.0
2024-05-14 08:00:00,27.9,0.0,75.6,1.0,5.8
2024-05-14 09:00:00,29.0,0.0,71.6,351.0,4.7
2024-05-14 10:00:00,30.1,0.0,68.4,4.0,5.6
2024-05-14 11:00:00,32.0,0.0,62.2,336.0,2.6
2024-05-14 12:00:00,33.1,0.0,57.1,355.0,3.6
2024-05-14 13:00:00,32.8,0.0,64.8,267.0,7.6
2024-05-14 14:00:00,33.1,0.0,63.7,267.0,8.10001
2024-05-14 15:00:00,32.0,0.0,65.6,270.0,6.7
2024-05-14 16:00:00,32.0,0.0,63.9,264.0,4.6
2024-05-14 17:00:00,31.6,0.0,67.4,266.0,6.0
2024-05-14 18:00:00,24.5,1.4,95.7,7.0,9.60001
2024-05-14 19:00:00,25.1,0.0,97.2,146.0,3.4
2024-05-14 20:00:00,26.5,0.0,92.4,94.0,3.0
2024-05-14 21:00:00,27.1,0.0,90.0,114.0,0.5
2024-05-14 22:00:00,27.5,0.0,88.7,155.0,2.7
2024-05-14 23:00:00,28.1,0.0,85.6,126.0,3.6
2024-05-15 00:00:00,28.7,0.0,84.4,164.0,2.4
2024-05-15 01:00:00,27.8,0.0,90.4,185.0,2.6
2024-05-15 02:00:00,28.1,0.0,89.2,172.0,2.9
2024-05-15 03:00:00,28.4,0.0,87.8,158.0,3.4
2024-05-15 04:00:00,28.4,0.0,87.4,167.0,3.8
2024-05-15 05:00:00,28.5,0.0,86.7,171.0,3.7
2024-05-15 06:00:00,28.5,0.0,86.2,238.0,5.4
2024-05-15 07:00:00,28.1,0.0,76.6,192.0,1.9
2024-05-15 08:00:00,27.7,0.0,90.2,162.0,1.2
2024-05-15 09:00:00,29.5,0.0,80.4,198.0,2.2
2024-05-15 10:00:00,30.0,0.0,76.2,215.0,2.1
2024-05-15 11:00:00,29.8,0.0,84.7,243.0,6.9
2024-05-15 12:00:00,30.4,0.0,81.0,226.0,7.3
2024-05-15 13:00:00,31.2,0.0,74.2,239.0,5.4
2024-05-15 14:00:00,31.0,0.0,75.5,241.0,6.0
2024-05-15 15:00:00,29.2,0.0,78.8,162.0,10.5
2024-05-15 16:00:00,29.3,0.0,76.2,161.0,5.7
2024-05-15 17:00:00,29.0,0.0,85.5,117.0,3.9
2024-05-15 18:00:00,29.4,0.0,81.5,149.0,4.2
2024-05-15 19:00:00,29.4,0.0,82.1,158.0,3.7
2024-05-15 20:00:00,29.5,0.0,81.3,135.0,3.6
2024-05-15 21:00:00,29.3,0.0,84.4,176.0,2.7
2024-05-15 22:00:00,29.4,0.0,80.2,168.0,3.9
2024-05-15 23:00:00,29.4,0.0,83.1,148.0,2.5
2024-05-16 00:00:00,29.1,0.0,84.4,160.0,2.9
2024-05-16 01:00:00,29.2,0.0,81.8,164.0,4.3
2024-05-16 02:00:00,29.1,0.0,83.0,162.0,3.7
2024-05-16 03:00:00,28.1,0.2,91.0,167.0,4.0
2024-05-16 04:00:00,27.8,0.0,89.9,334.0,1.3
2024-05-16 05:00:00,26.9,0.0,91.0,7.0,7.3
2024-05-16 06:00:00,27.0,0.0,88.7,334.0,2.8
2024-05-16 07:00:00,27.3,0.0,91.0,314.0,0.7
2024-05-16 08:00:00,28.2,0.0,86.5,207.0,1.2
2024-05-16 09:00:00,29.7,0.0,83.1,248.0,3.8
2024-05-16 10:00:00,29.8,0.0,80.2,268.0,4.4
2024-05-16 11:00:00,30.5,0.0,76.4,234.0,5.3
2024-05-16 12:00:00,26.7,0.0,92.1,158.0,7.4
2024-05-16 13:00:00,26.1,0.2,95.0,144.0,4.5
2024-05-16 14:00:00,25.4,1.4,96.6,153.0,8.0
2024-05-16 15:00:00,26.4,0.0,91.3,101.0,1.9
2024-05-16 16:00:00,26.1,0.4,95.1,116.0,4.7
2024-05-16 17:00:00,26.7,0.0,95.9,255.0,0.8
2024-05-16 18:00:00,27.4,0.0,93.2,174.0,1.5
2024-05-16 19:00:00,27.9,0.0,88.4,163.0,2.2
2024-05-16 20:00:00,28.3,0.0,86.1,148.0,2.5
2024-05-16 21:00:00,27.5,0.0,92.3,60.0,2.0
2024-05-16 22:00:00,27.6,0.0,92.2,154.0,1.2
2024-05-16 23:00:00,27.7,0.0,88.8,208.0,2.1
2024-05-17 00:00:00,28.5,0.0,83.4,138.0,2.5
2024-05-17 01:00:00,27.1,0.0,92.4,343.0,3.9
2024-05-17 02:00:00,27.0,0.0,91.7,338.0,2.2
2024-05-17 03:00:00,27.1,0.0,91.1,341.0,1.9
2024-05-17 04:00:00,26.7,0.0,93.3,7.0,1.6
2024-05-17 05:00:00,26.2,0.0,93.6,64.0,0.8
2024-05-17 06:00:00,26.4,0.0,92.6,8.0,0.6
2024-05-17 07:00:00,26.7,0.0,91.9,2.0,0.8
2024-05-17 08:00:00,27.9,0.0,89.3,277.0,1.2
2024-05-17 09:00:00,29.8,0.0,81.5,263.0,1.4
2024-05-17 10:00:00,30.2,0.0,80.0,257.0,3.7
2024-05-17 11:00:00,30.7,0.0,75.7,257.0,3.3
2024-05-17 12:00:00,31.4,0.0,70.5,262.0,4.8
2024-05-17 13:00:00,31.9,0.0,69.3,244.0,4.4
2024-05-17 14:00:00,31.6,0.0,69.9,235.0,4.8
2024-05-17 15:00:00,32.7,0.0,66.3,259.0,5.4
2024-05-17 16:00:00,32.7,0.0,65.4,245.0,5.2
2024-05-17 17:00:00,31.7,0.0,66.5,198.0,4.9
2024-05-17 18:00:00,31.1,0.0,70.3,183.0,4.1
2024-05-17 19:00:00,30.7,0.0,71.8,161.0,4.6
2024-05-17 20:00:00,30.0,0.0,75.0,157.0,4.1
2024-05-17 21:00:00,29.7,0.0,77.7,144.0,4.1
2024-05-17 22:00:00,29.7,0.0,79.4,129.0,3.9
2024-05-17 23:00:00,29.5,0.0,80.4,130.0,5.0
2024-05-18 00:00:00,29.5,0.0,79.1,135.0,3.3
2024-05-18 01:00:00,29.5,0.0,79.4,134.0,4.8
2024-05-18 02:00:00,29.3,0.0,80.5,134.0,5.2
2024-05-18 03:00:00,29.1,0.0,81.9,117.0,3.7
2024-05-18 04:00:00,29.0,0.0,81.6,160.0,3.3
2024-05-18 05:00:00,28.7,0.0,82.0,148.0,3.3
2024-05-18 06:00:00,28.6,0.0,84.0,145.0,3.2
2024-05-18 07:00:00,28.8,0.0,83.9,143.0,3.4
2024-05-18 08:00:00,29.2,0.0,84.0,147.0,3.3
2024-05-18 09:00:00,30.4,0.0,77.9,138.0,4.9
2024-05-18 10:00:00,31.0,0.0,76.9,163.0,4.0
2024-05-18 11:00:00,31.3,0.0,74.1,156.0,5.4
2024-05-18 12:00:00,32.0,0.0,68.5,166.0,5.3
2024-05-18 13:00:00,32.2,0.0,67.8,200.0,4.1
2024-05-18 14:00:00,32.5,0.0,64.5,241.0,6.0
2024-05-18 15:00:00,31.4,0.0,72.5,220.0,4.6
2024-05-18 16:00:00,26.5,0.0,90.8,94.0,7.8
2024-05-18 17:00:00,26.1,0.0,96.5,305.0,2.0
2024-05-18 18:00:00,26.1,0.0,94.5,203.0,1.4
2024-05-18 19:00:00,27.1,0.0,93.4,267.0,0.6
2024-05-18 20:00:00,27.6,0.0,89.7,157.0,4.2
2024-05-18 21:00:00,27.4,0.0,88.4,154.0,2.8
2024-05-18 22:00:00,27.8,0.0,87.0,131.0,4.0
2024-05-18 23:00:00,28.3,0.0,88.0,136.0,4.6
2024-05-19 00:00:00,28.2,0.0,89.6,143.0,4.1
2024-05-19 01:00:00,28.3,0.0,87.2,149.0,4.4
2024-05-19 02:00:00,28.1,0.0,86.7,153.0,3.2
2024-05-19 03:00:00,28.2,0.0,88.2,147.0,4.0
2024-05-19 04:00:00,28.4,0.0,87.3,163.0,3.8
2024-05-19 05:00:00,28.4,0.0,85.1,169.0,4.5
2024-05-19 06:00:00,28.5,0.0,82.6,164.0,3.9
2024-05-19 07:00:00,28.5,0.0,81.9,172.0,3.7
2024-05-19 08:00:00,29.0,0.0,81.6,170.0,3.9
2024-05-19 09:00:00,30.0,0.0,80.4,166.0,4.6
2024-05-19 10:00:00,30.7,0.0,76.7,157.0,5.0
2024-05-19 11:00:00,31.5,0.0,74.7,169.0,5.0
2024-05-19 12:00:00,31.9,0.0,71.1,194.0,5.1
2024-05-19 13:00:00,31.5,0.0,76.2,240.0,6.5
2024-05-19 14:00:00,31.9,0.0,72.8,222.0,6.2
2024-05-19 15:00:00,32.2,0.0,71.1,179.0,6.0
2024-05-19 16:00:00,27.4,0.0,89.3,185.0,2.9
2024-05-19 17:00:00,27.5,1.8,91.7,151.0,9.3
2024-05-19 18:00:00,27.7,0.0,87.4,144.0,6.9
2024-05-19 19:00:00,27.8,0.0,87.4,143.0,4.1
2024-05-19 20:00:00,28.3,0.0,86.0,144.0,4.7
2024-05-19 21:00:00,28.3,0.0,87.3,147.0,3.5
2024-05-19 22:00:00,28.5,0.0,86.4,177.0,4.4
2024-05-19 23:00:00,28.6,0.0,85.2,156.0,4.0
2024-05-20 00:00:00,28.4,0.0,86.4,158.0,4.4
2024-05-20 01:00:00,28.5,0.0,86.6,129.0,3.3
2024-05-20 02:00:00,28.4,0.0,88.3,171.0,3.6
2024-05-20 03:00:00,28.5,0.0,86.9,135.0,3.7
2024-05-20 04:00:00,28.5,0.0,87.6,136.0,3.7
2024-05-20 05:00:00,28.2,0.0,83.9,139.0,7.9
2024-05-20 06:00:00,28.2,0.0,80.0,141.0,4.0
2024-05-20 07:00:00,26.5,0.0,93.3,156.0,6.2
2024-05-20 08:00:00,26.7,0.0,92.4,176.0,6.1
2024-05-20 09:00:00,27.0,0.0,91.1,179.0,6.1
2024-05-20 10:00:00,27.5,0.0,86.8,176.0,6.6
2024-05-20 11:00:00,27.7,0.0,81.9,179.0,3.0
2024-05-20 12:00:00,27.9,0.0,81.9,133.0,6.7
2024-05-20 13:00:00,28.0,0.0,86.4,134.0,5.6
2024-05-20 14:00:00,28.9,0.0,80.5,116.0,5.8
2024-05-20 15:00:00,29.0,0.0,81.8,157.0,6.4
2024-05-20 16:00:00,29.1,0.0,78.3,142.0,5.6
2024-05-20 17:00:00,29.5,0.0,78.0,125.0,4.2
2024-05-20 18:00:00,28.9,0.0,80.9,137.0,5.0
2024-05-20 19:00:00,28.7,0.0,76.0,153.0,4.9
2024-05-20 20:00:00,28.3,0.0,77.5,147.0,3.4
2024-05-20 21:00:00,28.3,0.0,78.4,136.0,2.9
2024-05-20 22:00:00,28.4,0.0,86.6,129.0,4.0
2024-05-20 23:00:00,28.5,0.0,81.6,151.0,3.4
2024-05-21 00:00:00,28.8,0.0,83.1,159.0,2.7
2024-05-21 01:00:00,28.7,0.0,85.0,154.0,3.3
2024-05-21 02:00:00,28.6,0.0,86.8,164.0,3.4
2024-05-21 03:00:00,28.5,0.0,86.3,157.0,2.6
2024-05-21 04:00:00,28.4,0.0,86.6,155.0,3.9
2024-05-21 05:00:00,28.5,0.0,85.2,151.0,3.5
2024-05-21 06:00:00,28.5,0.0,86.5,164.0,3.8
2024-05-21 07:00:00,28.4,0.0,87.2,157.0,3.9
2024-05-21 08:00:00,28.8,0.0,82.1,129.0,6.4
2024-05-21 09:00:00,28.0,0.0,82.9,166.0,6.8
2024-05-21 10:00:00,29.0,0.0,80.2,222.0,3.2
2024-05-21 11:00:00,30.0,0.0,80.8,228.0,6.3
2024-05-21 12:00:00,29.6,0.0,82.1,177.0,5.1
2024-05-21 13:00:00,30.4,0.0,74.3,178.0,6.3
2024-05-21 14:00:00,30.6,0.0,75.0,173.0,5.9
2024-05-21 15:00:00,30.5,0.0,77.6,182.0,6.9
2024-05-21 16:00:00,30.4,0.0,77.1,170.0,5.5
2024-05-21 17:00:00,29.7,0.0,78.6,133.0,6.1
2024-05-21 18:00:00,29.7,0.0,80.6,137.0,5.4
2024-05-21 19:00:00,29.0,0.0,83.9,102.0,5.4
2024-05-21 20:00:00,29.2,0.0,78.2,125.0,4.0
2024-05-21 21:00:00,29.2,0.0,79.7,121.0,2.9
2024-05-21 22:00:00,29.1,0.0,81.0,132.0,2.5
2024-05-21 23:00:00,29.2,0.0,80.9,142.0,2.1
2024-05-22 00:00:00,29.4,0.0,81.1,160.0,1.9
2024-05-22 01:00:00,29.2,0.0,82.3,129.0,2.9
2024-05-22 02:00:00,28.9,0.0,84.9,195.0,1.6
2024-05-22 03:00:00,29.0,0.0,83.4,164.0,3.2
2024-05-22 04:00:00,28.8,0.0,85.7,155.0,3.2
2024-05-22 05:00:00,28.9,0.0,83.7,153.0,4.1
2024-05-22 06:00:00,28.7,0.0,86.7,166.0,3.3
2024-05-22 07:00:00,28.6,0.0,87.4,182.0,2.7
2024-05-22 08:00:00,29.2,0.0,86.0,139.0,2.2
2024-05-22 09:00:00,29.7,0.0,84.7,172.0,2.6
2024-05-22 10:00:00,29.7,0.0,83.8,251.0,3.6
2024-05-22 11:00:00,25.8,5.6,95.7,40.0,3.3
2024-05-22 12:00:00,25.5,0.4,98.6,275.0,2.6
2024-05-22 13:00:00,26.7,0.0,98.5,298.0,2.2
2024-05-22 14:00:00,29.9,0.0,74.6,285.0,3.7
2024-05-22 15:00:00,29.6,0.0,78.1,263.0,5.8
2024-05-22 16:00:00,29.4,0.0,80.1,262.0,4.6
2024-05-22 17:00:00,28.8,0.0,82.5,235.0,3.1
2024-05-22 18:00:00,28.9,0.0,83.4,211.0,2.3
2024-05-22 19:00:00,28.6,0.0,81.9,175.0,3.2
2024-05-22 20:00:00,28.3,0.0,85.6,162.0,3.7
2024-05-22 21:00:00,28.2,0.0,85.0,133.0,2.9
2024-05-22 22:00:00,28.0,0.0,88.0,133.0,5.3
2024-05-22 23:00:00,27.9,0.0,87.9,154.0,3.3
2024-05-23 00:00:00,27.9,0.0,89.0,162.0,3.0
2024-05-23 01:00:00,28.1,0.0,86.9,119.0,0.8
2024-05-23 02:00:00,28.3,0.0,85.9,174.0,1.1
2024-05-23 03:00:00,28.3,0.0,86.0,180.0,1.1
2024-05-23 04:00:00,28.2,0.0,87.6,187.0,1.9
2024-05-23 05:00:00,27.9,0.0,86.4,156.0,3.3
2024-05-23 06:00:00,28.0,0.0,84.1,194.0,2.4
2024-05-23 07:00:00,28.0,0.0,87.1,224.0,3.7
2024-05-23 08:00:00,28.3,0.0,86.1,242.0,3.8
2024-05-23 09:00:00,29.7,0.0,76.7,216.0,3.4
2024-05-23 10:00:00,30.4,0.0,75.6,242.0,4.6
2024-05-23 11:00:00,30.8,0.0,71.8,253.0,5.6
2024-05-23 12:00:00,30.5,0.0,77.6,243.0,4.3
2024-05-23 13:00:00,31.4,0.0,72.9,190.0,3.1
2024-05-23 14:00:00,31.6,0.0,66.5,241.0,5.4
2024-05-23 15:00:00,32.3,0.0,62.7,207.0,5.1
2024-05-23 16:00:00,32.2,0.0,60.9,193.0,4.3
2024-05-23 17:00:00,30.9,0.0,69.7,171.0,4.2
2024-05-23 18:00:00,30.2,0.0,78.3,154.0,3.9
2024-05-23 19:00:00,26.9,2.8,93.7,16.0,4.9
2024-05-23 20:00:00,26.2,0.0,95.9,96.0,5.6
2024-05-23 21:00:00,27.2,0.0,92.5,104.0,3.2
2024-05-23 22:00:00,27.3,0.0,91.8,29.0,1.3
2024-05-23 23:00:00,27.2,0.0,90.3,44.0,1.1
2024-05-24 00:00:00,27.6,0.0,89.2,66.0,0.9
2024-05-24 01:00:00,27.6,0.0,91.1,5.0,0.8
2024-05-24 02:00:00,27.4,0.0,92.0,1.0,0.5
2024-05-24 03:00:00,27.1,0.0,89.4,6.0,3.0
2024-05-24 04:00:00,27.3,0.0,85.4,355.0,4.5
2024-05-24 05:00:00,26.7,0.0,87.2,4.0,3.9
2024-05-24 06:00:00,27.0,0.0,83.0,8.0,3.7
2024-05-24 07:00:00,27.1,0.0,85.7,356.0,1.0
2024-05-24 08:00:00,27.1,0.0,84.2,43.0,3.1
2024-05-24 09:00:00,27.1,0.0,79.9,19.0,3.0
2024-05-24 10:00:00,26.9,0.0,82.2,62.0,3.3
2024-05-24 11:00:00,27.4,0.0,86.7,153.0,2.7
2024-05-24 12:00:00,29.1,0.0,76.3,187.0,2.8
2024-05-24 13:00:00,29.4,0.0,74.4,196.0,3.1
2024-05-24 14:00:00,29.4,0.0,72.3,204.0,3.3
2024-05-24 15:00:00,30.1,0.0,71.7,163.0,4.2
2024-05-24 16:00:00,30.2,0.0,71.3,178.0,2.7
2024-05-24 17:00:00,30.2,0.0,74.2,229.0,2.1
2024-05-24 18:00:00,29.5,0.0,76.6,239.0,3.6
2024-05-24 19:00:00,29.4,0.0,77.1,202.0,1.4
2024-05-24 20:00:00,29.0,0.0,77.7,222.0,1.8
2024-05-24 21:00:00,29.2,0.0,76.9,163.0,2.2
2024-05-24 22:00:00,29.5,0.0,75.7,193.0,2.5
2024-05-24 23:00:00,29.2,0.0,77.5,196.0,1.9
2024-05-25 00:00:00,28.8,0.0,84.1,134.0,1.8
2024-05-25 01:00:00,28.7,0.0,85.5,95.0,1.0
2024-05-25 02:00:00,28.8,0.0,83.4,313.0,1.3
2024-05-25 03:00:00,28.6,0.0,84.1,93.0,1.2
2024-05-25 04:00:00,28.7,0.0,83.3,209.0,1.1
2024-05-25 05:00:00,28.6,0.0,84.5,193.0,3.1
2024-05-25 06:00:00,28.6,0.0,84.6,241.0,2.2
2024-05-25 07:00:00,28.4,0.0,85.6,148.0,1.5
2024-05-25 08:00:00,28.8,0.0,83.3,85.0,1.7
2024-05-25 09:00:00,29.3,0.0,82.6,155.0,1.7
2024-05-25 10:00:00,29.7,0.0,82.6,181.0,1.3
2024-05-25 11:00:00,29.5,0.0,83.3,238.0,2.7
2024-05-25 12:00:00,29.6,0.0,85.6,179.0,2.2
2024-05-25 13:00:00,30.8,0.0,75.5,257.0,4.5
2024-05-25 14:00:00,28.3,1.4,91.3,194.0,4.4
2024-05-25 15:00:00,24.2,0.8,97.8,128.0,6.1
2024-05-25 16:00:00,26.0,0.0,98.2,41.0,3.2
2024-05-25 17:00:00,27.2,0.0,77.5,2.0,4.0
2024-05-25 18:00:00,26.6,0.2,78.2,126.0,2.5
2024-05-25 19:00:00,26.2,0.0,93.2,132.0,3.2
2024-05-25 20:00:00,26.6,0.0,94.0,129.0,6.7
2024-05-25 21:00:00,26.6,0.0,90.8,121.0,7.3
2024-05-25 22:00:00,27.1,0.0,87.1,135.0,2.5
2024-05-25 23:00:00,27.0,0.0,90.6,258.0,0.9
2024-05-26 00:00:00,27.6,0.0,86.8,172.0,2.5
2024-05-26 01:00:00,27.4,0.0,86.4,178.0,2.8
2024-05-26 02:00:00,28.0,0.0,81.6,197.0,1.9
2024-05-26 03:00:00,28.0,0.0,82.4,181.0,3.4
2024-05-26 04:00:00,28.4,0.0,84.7,210.0,2.7
2024-05-26 05:00:00,28.0,0.0,89.8,156.0,2.7
2024-05-26 06:00:00,27.5,0.0,95.3,155.0,2.2
2024-05-26 07:00:00,27.5,0.0,95.2,168.0,2.9
2024-05-26 08:00:00,28.1,0.0,93.3,207.0,2.0
2024-05-26 09:00:00,27.0,0.0,93.7,178.0,2.1
2024-05-26 10:00:00,29.2,0.0,86.6,179.0,1.7
2024-05-26 11:00:00,30.5,0.0,76.0,159.0,4.7
2024-05-26 12:00:00,30.3,0.0,78.3,188.0,3.2
2024-05-26 13:00:00,30.9,0.0,78.9,161.0,3.9
2024-05-26 14:00:00,30.6,0.0,79.2,159.0,7.0
2024-05-26 15:00:00,30.6,0.0,79.1,146.0,4.9
2024-05-26 16:00:00,30.8,0.0,79.6,141.0,6.1
2024-05-26 17:00:00,30.6,0.0,78.5,166.0,5.3
2024-05-26 18:00:00,30.3,0.0,80.6,166.0,4.6
2024-05-26 19:00:00,30.0,0.0,82.2,156.0,4.5
2024-05-26 20:00:00,29.9,0.0,79.6,164.0,5.2
2024-05-26 21:00:00,29.7,0.0,81.9,151.0,5.5
2024-05-26 22:00:00,29.5,0.0,81.7,145.0,3.9
2024-05-26 23:00:00,29.6,0.0,80.1,136.0,2.9
2024-05-27 00:00:00,29.4,0.0,84.4,144.0,3.3
2024-05-27 01:00:00,29.2,0.0,85.9,131.0,2.5
2024-05-27 02:00:00,29.0,0.0,87.4,171.0,3.7
2024-05-27 03:00:00,29.0,0.0,86.9,145.0,2.5
2024-05-27 04:00:00,28.9,0.0,87.8,206.0,1.7
2024-05-27 05:00:00,28.9,0.0,85.3,162.0,2.9
2024-05-27 06:00:00,29.0,0.0,82.7,158.0,3.6
2024-05-27 07:00:00,29.0,0.0,84.3,145.0,4.5
2024-05-27 08:00:00,29.1,0.0,85.0,146.0,3.8
2024-05-27 09:00:00,29.8,0.0,82.2,164.0,4.0
2024-05-27 10:00:00,30.6,0.0,77.7,165.0,4.7
2024-05-27 11:00:00,31.1,0.0,73.5,152.0,6.8
2024-05-27 12:00:00,32.2,0.0,71.4,157.0,3.7
2024-05-27 13:00:00,31.8,0.0,72.0,192.0,4.2
2024-05-27 14:00:00,31.7,0.0,70.4,188.0,3.9
2024-05-27 15:00:00,30.9,0.0,75.6,171.0,6.0
2024-05-27 16:00:00,30.4,0.0,76.8,136.0,6.3
2024-05-27 17:00:00,31.0,0.0,74.3,112.0,6.2
2024-05-27 18:00:00,31.3,0.0,75.0,175.0,4.3
2024-05-27 19:00:00,30.1,0.0,81.2,180.0,6.2
2024-05-27 20:00:00,30.0,0.0,81.6,186.0,5.3
2024-05-27 21:00:00,29.9,0.0,83.7,171.0,4.9
2024-05-27 22:00:00,29.8,0.0,83.4,164.0,4.1
2024-05-27 23:00:00,29.7,0.0,85.0,177.0,3.6
2024-05-28 00:00:00,29.6,0.0,85.5,165.0,2.6
2024-05-28 01:00:00,29.4,0.0,87.1,169.0,2.9
2024-05-28 02:00:00,29.3,0.0,88.0,173.0,2.2
2024-05-28 03:00:00,29.1,0.0,88.5,215.0,1.5
2024-05-28 04:00:00,29.2,0.0,85.7,163.0,3.3
2024-05-28 05:00:00,29.2,0.0,84.1,155.0,3.1
2024-05-28 06:00:00,29.2,0.0,84.1,142.0,4.2
2024-05-28 07:00:00,29.1,0.0,85.7,165.0,4.1
2024-05-28 08:00:00,29.4,0.0,84.6,143.0,3.9
2024-05-28 09:00:00,30.0,0.0,81.8,166.0,4.8
2024-05-28 10:00:00,30.7,0.0,79.0,160.0,5.0
2024-05-28 11:00:00,31.1,0.0,77.6,166.0,3.7
2024-05-28 12:00:00,30.9,0.0,76.6,164.0,5.2
2024-05-28 13:00:00,31.0,0.0,77.0,237.0,5.8
2024-05-28 14:00:00,31.5,0.0,79.7,253.0,4.5
2024-05-28 15:00:00,29.4,0.0,76.5,170.0,6.8
2024-05-28 16:00:00,30.2,0.0,79.7,185.0,4.8
2024-05-28 17:00:00,30.3,0.0,76.6,243.0,7.0
2024-05-28 18:00:00,30.0,0.0,70.4,259.0,2.5
2024-05-28 19:00:00,30.3,0.0,70.9,273.0,1.3
2024-05-28 20:00:00,30.3,0.0,69.9,281.0,0.6
2024-05-28 21:00:00,30.2,0.0,72.7,42.0,0.6
2024-05-28 22:00:00,29.7,0.0,73.5,211.0,0.5
2024-05-28 23:00:00,29.2,0.0,80.4,72.0,1.1
2024-05-29 00:00:00,29.5,0.0,83.9,91.0,3.0
2024-05-29 01:00:00,29.3,0.0,83.7,128.0,5.4
2024-05-29 02:00:00,29.3,0.0,84.1,115.0,4.0
2024-05-29 03:00:00,29.3,0.0,84.7,131.0,4.4
2024-05-29 04:00:00,29.3,0.0,85.3,134.0,5.5
2024-05-29 05:00:00,29.1,0.0,88.1,152.0,3.5
2024-05-29 06:00:00,28.9,0.0,89.5,145.0,2.5
2024-05-29 07:00:00,29.0,0.0,87.6,207.0,1.7
2024-05-29 08:00:00,29.3,0.0,88.0,171.0,2.9
2024-05-29 09:00:00,30.1,0.0,82.2,176.0,3.5
2024-05-29 10:00:00,31.2,0.0,77.5,178.0,4.5
2024-05-29 11:00:00,31.8,0.0,73.2,176.0,4.1
2024-05-29 12:00:00,32.2,0.0,71.0,165.0,4.7
2024-05-29 13:00:00,32.2,0.0,71.6,209.0,5.1
2024-05-29 14:00:00,33.0,0.0,67.9,247.0,5.8
2024-05-29 15:00:00,33.1,0.0,64.5,207.0,5.1
2024-05-29 16:00:00,32.9,0.0,64.6,204.0,5.0
2024-05-29 17:00:00,32.7,0.0,64.2,168.0,6.6
2024-05-29 18:00:00,31.3,0.0,70.8,163.0,6.8
2024-05-29 19:00:00,30.3,0.0,73.9,149.0,6.3
2024-05-29 20:00:00,30.1,0.0,75.1,136.0,3.4
2024-05-29 21:00:00,29.9,0.0,79.7,136.0,2.9
2024-05-29 22:00:00,29.7,0.0,80.8,157.0,3.1
2024-05-29 23:00:00,29.8,0.0,83.0,128.0,4.0
2024-05-30 00:00:00,29.6,0.0,84.6,143.0,3.8
2024-05-30 01:00:00,29.7,0.0,80.3,124.0,4.9
2024-05-30 02:00:00,29.4,0.0,84.2,148.0,3.1
2024-05-30 03:00:00,29.1,0.0,86.3,146.0,3.7
2024-05-30 04:00:00,29.3,0.0,85.1,147.0,3.2
2024-05-30 05:00:00,29.1,0.0,86.5,151.0,2.9
2024-05-30 06:00:00,29.0,0.0,86.9,155.0,3.4
2024-05-30 07:00:00,28.9,0.0,89.1,176.0,3.3
2024-05-30 08:00:00,29.4,0.0,87.6,144.0,3.1
2024-05-30 09:00:00,30.7,0.0,82.2,163.0,4.2
2024-05-30 10:00:00,29.3,0.0,78.8,265.0,7.0
2024-05-30 11:00:00,28.6,0.0,82.4,230.0,11.9
2024-05-30 12:00:00,28.4,0.0,83.2,219.0,7.8
2024-05-30 13:00:00,29.7,0.0,73.5,194.0,9.3
2024-05-30 14:00:00,30.1,0.0,75.9,177.0,5.5
2024-05-30 15:00:00,30.2,0.0,73.4,168.0,7.0
2024-05-30 16:00:00,31.3,0.0,65.9,228.0,7.3
2024-05-30 17:00:00,31.1,0.0,64.3,233.0,7.2
2024-05-30 18:00:00,30.4,0.0,67.9,216.0,4.8
2024-05-30 19:00:00,29.5,0.0,74.9,169.0,3.9
2024-05-30 20:00:00,29.2,0.0,77.1,148.0,4.4
2024-05-30 21:00:00,29.1,0.0,80.7,164.0,3.0
2024-05-30 22:00:00,29.2,0.0,80.6,147.0,4.3
2024-05-30 23:00:00,29.1,0.0,80.6,169.0,3.1
2024-05-31 00:00:00,28.9,0.0,81.1,110.0,2.2
2024-05-31 01:00:00,29.1,0.0,79.6,158.0,1.7
2024-05-31 02:00:00,28.7,0.0,81.6,169.0,2.3
2024-05-31 03:00:00,28.1,0.0,85.9,171.0,1.7
2024-05-31 04:00:00,28.6,0.0,80.9,178.0,2.4
2024-05-31 05:00:00,28.0,0.0,84.5,153.0,2.2
2024-05-31 06:00:00,28.3,0.0,84.9,152.0,4.3
2024-05-31 07:00:00,28.3,0.0,86.3,155.0,3.1
2024-05-31 08:00:00,28.8,0.0,86.0,133.0,3.8
2024-05-31 09:00:00,29.5,0.0,83.3,168.0,4.0
2024-05-31 10:00:00,30.3,0.0,80.6,161.0,5.8
2024-05-31 11:00:00,30.6,0.0,78.1,165.0,4.6
2024-05-31 12:00:00,31.4,0.0,72.6,167.0,4.0
2024-05-31 13:00:00,31.5,0.0,71.1,186.0,4.3
2024-05-31 14:00:00,31.6,0.0,69.1,180.0,6.0
2024-05-31 15:00:00,31.6,0.0,69.4,166.0,6.8
2024-05-31 16:00:00,30.8,0.0,73.0,129.0,7.7
2024-05-31 17:00:00,31.2,0.0,73.2,142.0,7.1
2024-05-31 18:00:00,30.9,0.0,73.9,134.0,5.7
2024-05-31 19:00:00,30.7,0.0,74.4,167.0,4.7
2024-05-31 20:00:00,29.8,0.0,79.2,161.0,2.9
2024-05-31 21:00:00,29.4,0.0,75.9,148.0,3.9
2024-05-31 22:00:00,29.5,0.0,74.1,152.0,2.6
2024-05-31 23:00:00,29.2,0.0,77.9,176.0,3.2
2024-06-01 00:00:00,29.4,0.0,79.8,206.0,2.3
2024-06-01 01:00:00,29.2,0.0,81.5,171.0,3.1
2024-06-01 02:00:00,29.2,0.0,82.4,234.0,2.1
2024-06-01 03:00:00,29.3,0.0,81.6,160.0,1.1
2024-06-01 04:00:00,24.4,0.2,96.4,269.0,3.6
2024-06-01 05:00:00,25.6,0.0,91.5,280.0,2.3
2024-06-01 06:00:00,27.2,0.0,91.0,304.0,1.8
2024-06-01 07:00:00,26.0,0.6,93.7,27.0,3.2
2024-06-01 08:00:00,25.9,0.0,96.7,99.0,1.6
2024-06-01 09:00:00,25.5,0.4,96.6,129.0,9.39999
2024-06-01 10:00:00,25.8,0.0,92.6,154.0,5.0
2024-06-01 11:00:00,26.3,0.0,89.5,129.0,8.5
2024-06-01 12:00:00,26.1,0.0,91.6,121.0,4.5
2024-06-01 13:00:00,26.3,0.0,87.7,171.0,3.9
2024-06-01 14:00:00,26.8,0.0,89.3,218.0,4.4
2024-06-01 15:00:00,27.1,0.0,87.5,231.0,4.0
2024-06-01 16:00:00,27.6,0.0,83.4,197.0,4.1
2024-06-01 17:00:00,27.8,0.0,86.4,180.0,4.1
2024-06-01 18:00:00,27.7,0.0,85.8,175.0,3.5
2024-06-01 19:00:00,27.7,0.0,81.2,173.0,4.5
2024-06-01 20:00:00,27.3,0.0,81.3,204.0,2.0
2024-06-01 21:00:00,27.5,0.0,81.5,218.0,3.0
2024-06-01 22:00:00,27.6,0.0,80.6,187.0,2.2
2024-06-01 23:00:00,27.6,0.0,82.8,236.0,2.2
2024-06-02 00:00:00,27.6,0.0,85.6,212.0,1.8
2024-06-02 01:00:00,27.6,0.0,84.2,222.0,1.9
2024-06-02 02:00:00,27.5,0.0,83.7,218.0,1.8
2024-06-02 03:00:00,27.2,0.0,83.7,262.0,1.8
2024-06-02 04:00:00,27.1,0.0,85.0,264.0,1.9
2024-06-02 05:00:00,27.3,0.0,84.3,234.0,2.0
2024-06-02 06:00:00,27.4,0.0,83.8,270.0,1.5
2024-06-02 07:00:00,27.4,0.0,83.3,170.0,0.6
2024-06-02 08:00:00,28.1,0.0,79.7,208.0,1.3
2024-06-02 09:00:00,28.9,0.0,80.6,258.0,1.3
2024-06-02 10:00:00,29.5,0.0,79.7,257.0,2.7
2024-06-02 11:00:00,29.8,0.0,77.8,264.0,4.3
2024-06-02 12:00:00,29.4,0.0,77.2,238.0,4.2
2024-06-02 13:00:00,29.1,0.0,80.8,236.0,5.4
2024-06-02 14:00:00,28.8,0.0,80.9,224.0,4.1
2024-06-02 15:00:00,28.9,0.0,82.4,185.0,2.7
2024-06-02 16:00:00,28.1,0.2,88.8,172.0,3.5
2024-06-02 17:00:00,26.0,0.2,94.4,46.0,2.3
2024-06-02 18:00:00,26.2,0.2,95.3,69.0,0.9
2024-06-02 19:00:00,26.3,0.0,90.9,132.0,6.4
2024-06-02 20:00:00,26.5,0.0,91.6,164.0,3.9
2024-06-02 21:00:00,26.6,0.0,90.9,171.0,3.0
2024-06-02 22:00:00,27.1,0.0,90.4,120.0,4.1
2024-06-02 23:00:00,27.1,0.0,88.2,135.0,6.0
2024-06-03 00:00:00,27.1,0.0,88.5,144.0,3.2
2024-06-03 01:00:00,27.1,0.0,88.9,15.0,0.9
2024-06-03 02:00:00,26.8,0.0,89.2,9.0,0.8
2024-06-03 03:00:00,26.7,0.0,91.0,8.0,1.0
2024-06-03 04:00:00,26.3,0.0,94.3,335.0,1.0
2024-06-03 05:00:00,26.4,0.0,93.8,315.0,1.0
2024-06-03 06:00:00,26.5,0.0,93.1,257.0,0.7
2024-06-03 07:00:00,26.9,0.0,91.3,244.0,1.7
2024-06-03 08:00:00,27.5,0.0,90.1,6.0,0.3
2024-06-03 09:00:00,28.9,0.0,83.3,178.0,2.1
2024-06-03 10:00:00,29.2,0.0,80.7,144.0,2.5
2024-06-03 11:00:00,29.0,0.0,80.4,184.0,3.2
2024-06-03 12:00:00,30.2,0.0,67.6,172.0,4.9
2024-06-03 13:00:00,31.3,0.0,60.1,178.0,4.3
2024-06-03 14:00:00,31.8,0.0,62.1,204.0,3.2
2024-06-03 15:00:00,31.7,0.0,58.8,209.0,4.4
2024-06-03 16:00:00,30.9,0.0,65.4,241.0,6.3
2024-06-03 17:00:00,31.7,0.0,66.5,223.0,3.1
2024-06-03 18:00:00,30.4,0.0,70.0,86.0,2.1
2024-06-03 19:00:00,29.1,0.0,66.3,75.0,2.1
2024-06-03 20:00:00,28.5,0.0,73.0,357.0,4.2
2024-06-03 21:00:00,28.1,0.0,77.8,4.0,2.3
2024-06-03 22:00:00,28.4,0.0,75.9,7.0,2.6
2024-06-03 23:00:00,28.3,0.0,77.1,55.0,1.1
2024-06-04 00:00:00,28.6,0.0,75.8,5.0,1.5
2024-06-04 01:00:00,28.5,0.0,75.0,72.0,1.1
2024-06-04 02:00:00,28.4,0.0,76.4,25.0,1.1
2024-06-04 03:00:00,27.8,0.0,83.6,156.0,0.7
2024-06-04 04:00:00,27.9,0.0,82.8,63.0,2.1
2024-06-04 05:00:00,28.0,0.0,83.7,18.0,1.6
2024-06-04 06:00:00,27.9,0.0,85.1,60.0,0.7
2024-06-04 07:00:00,28.0,0.0,85.2,154.0,1.8
2024-06-04 08:00:00,28.5,0.0,82.9,111.0,1.8
2024-06-04 09:00:00,29.2,0.0,81.9,147.0,2.2
2024-06-04 10:00:00,29.4,0.0,82.1,140.0,5.5
2024-06-04 11:00:00,29.8,0.0,79.1,166.0,4.5
2024-06-04 12:00:00,30.4,0.0,76.1,149.0,6.3
2024-06-04 13:00:00,31.7,0.0,73.7,191.0,4.9
2024-06-04 14:00:00,31.3,0.0,68.6,185.0,6.5
2024-06-04 15:00:00,31.1,0.0,71.9,221.0,6.0
2024-06-04 16:00:00,32.1,0.0,70.3,181.0,5.1
2024-06-04 17:00:00,31.1,0.0,73.0,171.0,7.6
2024-06-04 18:00:00,26.1,0.2,89.4,352.0,7.4
2024-06-04 19:00:00,25.9,0.0,89.8,283.0,2.7
2024-06-04 20:00:00,27.2,0.0,85.3,73.0,0.7
2024-06-04 21:00:00,27.7,0.0,86.6,77.0,1.1
2024-06-04 22:00:00,28.2,0.0,84.4,54.0,0.6
2024-06-04 23:00:00,28.6,0.0,79.3,130.0,1.4
2024-06-05 00:00:00,28.6,0.0,81.4,169.0,2.8
2024-06-05 01:00:00,28.5,0.0,84.9,156.0,3.6
2024-06-05 02:00:00,28.5,0.0,86.1,150.0,3.3
2024-06-05 03:00:00,28.3,0.0,87.1,159.0,3.5
2024-06-05 04:00:00,28.5,0.0,84.6,135.0,2.5
2024-06-05 05:00:00,28.3,0.0,87.2,245.0,2.5
2024-06-05 06:00:00,24.3,4.8,82.9,314.0,4.9
2024-06-05 07:00:00,23.3,0.0,88.2,76.0,2.1
2024-06-05 08:00:00,27.5,0.0,73.6,14.0,0.8
2024-06-05 09:00:00,29.0,0.0,74.1,178.0,2.2
2024-06-05 10:00:00,29.3,0.0,84.0,197.0,3.7
2024-06-05 11:00:00,29.6,0.0,82.7,233.0,4.4
2024-06-05 12:00:00,29.4,0.0,82.4,240.0,7.0
2024-06-05 13:00:00,30.4,0.0,78.7,203.0,4.6
2024-06-05 14:00:00,31.1,0.0,73.1,206.0,5.1
2024-06-05 15:00:00,31.8,0.0,70.2,243.0,5.6
2024-06-05 16:00:00,31.4,0.0,71.5,208.0,5.8
2024-06-05 17:00:00,31.7,0.0,68.8,182.0,4.8
2024-06-05 18:00:00,31.5,0.0,70.6,182.0,4.9
2024-06-05 19:00:00,30.8,0.0,69.6,172.0,4.5
2024-06-05 20:00:00,30.3,0.0,67.0,156.0,5.5
2024-06-05 21:00:00,29.9,0.0,72.2,141.0,5.0
2024-06-05 22:00:00,29.6,0.0,78.7,145.0,4.7
2024-06-05 23:00:00,29.4,0.0,80.9,145.0,3.9
2024-06-06 00:00:00,29.6,0.0,81.7,136.0,5.4
2024-06-06 01:00:00,29.5,0.0,81.9,125.0,6.8
2024-06-06 02:00:00,29.5,0.0,80.5,130.0,7.2
2024-06-06 03:00:00,29.4,0.0,80.8,134.0,6.6
2024-06-06 04:00:00,29.2,0.0,79.8,127.0,6.0
2024-06-06 05:00:00,29.0,0.0,81.5,127.0,6.0
2024-06-06 06:00:00,29.0,0.0,80.8,129.0,5.7
2024-06-06 07:00:00,29.0,0.0,81.5,127.0,5.1
2024-06-06 08:00:00,29.3,0.0,80.8,130.0,6.6
2024-06-06 09:00:00,29.9,0.0,77.6,119.0,5.1
2024-06-06 10:00:00,30.8,0.0,77.6,124.0,5.8
2024-06-06 11:00:00,31.2,0.0,73.3,134.0,8.60001
2024-06-06 12:00:00,32.3,0.0,69.3,154.0,5.1
2024-06-06 13:00:00,31.3,0.0,71.3,161.0,7.0
2024-06-06 14:00:00,30.5,0.0,67.7,162.0,6.2
2024-06-06 15:00:00,30.8,0.0,66.7,133.0,1.3
2024-06-06 16:00:00,28.5,0.0,78.3,7.0,2.9
2024-06-06 17:00:00,29.0,0.0,71.4,12.0,2.2
2024-06-06 18:00:00,29.2,0.0,70.8,27.0,2.1
2024-06-06 19:00:00,28.6,0.0,78.8,226.0,2.2
2024-06-06 20:00:00,28.9,0.0,77.4,228.0,1.0
2024-06-06 21:00:00,28.7,0.0,74.9,8.0,0.8
2024-06-06 22:00:00,28.5,0.0,76.6,254.0,0.7
2024-06-06 23:00:00,28.4,0.0,79.4,4.0,1.8
2024-06-07 00:00:00,28.1,0.0,81.6,286.0,0.7
2024-06-07 01:00:00,28.2,0.0,80.4,350.0,1.6
2024-06-07 02:00:00,27.6,0.0,81.9,8.0,2.8
2024-06-07 03:00:00,27.5,0.0,82.0,335.0,1.2
2024-06-07 04:00:00,28.0,0.0,79.7,343.0,1.0
2024-06-07 05:00:00,27.7,0.0,80.6,298.0,1.4
2024-06-07 06:00:00,27.7,0.0,79.7,45.0,0.9
2024-06-07 07:00:00,28.0,0.0,79.7,359.0,1.5
2024-06-07 08:00:00,27.9,0.0,83.4,32.0,1.0
2024-06-07 09:00:00,28.5,0.0,83.2,268.0,2.0
2024-06-07 10:00:00,30.3,0.0,73.8,286.0,1.3
2024-06-07 11:00:00,31.7,0.0,68.4,196.0,1.8
2024-06-07 12:00:00,30.1,0.0,74.7,265.0,3.9
2024-06-07 13:00:00,29.4,0.0,77.8,230.0,4.9
2024-06-07 14:00:00,30.0,0.0,76.3,239.0,4.4
2024-06-07 15:00:00,30.0,0.0,74.1,250.0,4.2
2024-06-07 16:00:00,30.6,0.0,73.4,221.0,2.6
2024-06-07 17:00:00,30.1,0.0,72.8,179.0,3.7
2024-06-07 18:00:00,29.9,0.0,76.6,204.0,3.3
2024-06-07 19:00:00,29.0,0.0,81.4,184.0,2.6
2024-06-07 20:00:00,29.1,0.0,79.0,176.0,3.4
2024-06-07 21:00:00,29.2,0.0,77.8,163.0,3.6
2024-06-07 22:00:00,28.9,0.0,80.0,156.0,3.6
2024-06-07 23:00:00,28.8,0.0,78.8,160.0,3.2
2024-06-08 00:00:00,28.8,0.0,81.4,155.0,2.8
2024-06-08 01:00:00,28.6,0.0,81.9,159.0,3.0
2024-06-08 02:00:00,28.6,0.0,83.3,156.0,2.9
2024-06-08 03:00:00,28.4,0.0,86.0,150.0,4.0
2024-06-08 04:00:00,28.5,0.0,83.6,161.0,3.3
2024-06-08 05:00:00,28.5,0.0,83.5,167.0,2.5
2024-06-08 06:00:00,28.4,0.0,84.8,168.0,3.2
2024-06-08 07:00:00,28.5,0.0,83.0,175.0,3.2
2024-06-08 08:00:00,28.9,0.0,81.9,206.0,2.4
2024-06-08 09:00:00,29.0,0.0,82.9,196.0,1.5
2024-06-08 10:00:00,29.8,0.0,76.1,200.0,4.9
2024-06-08 11:00:00,27.4,0.0,94.7,126.0,2.1
2024-06-08 12:00:00,29.9,0.0,74.9,290.0,3.1
2024-06-08 13:00:00,30.7,0.0,65.9,268.0,3.6
2024-06-08 14:00:00,31.4,0.0,65.6,256.0,5.1
2024-06-08 15:00:00,31.3,0.0,68.2,251.0,4.1
2024-06-08 16:00:00,30.8,0.0,68.8,258.0,3.3
2024-06-08 17:00:00,30.2,0.0,68.5,239.0,2.9
2024-06-08 18:00:00,30.4,0.0,69.0,193.0,2.5
2024-06-08 19:00:00,30.1,0.0,73.1,261.0,0.4
2024-06-08 20:00:00,29.7,0.0,72.9,175.0,1.4
2024-06-08 21:00:00,29.6,0.0,75.4,155.0,0.9
2024-06-08 22:00:00,28.5,0.0,84.0,133.0,4.4
2024-06-08 23:00:00,28.8,0.0,80.5,131.0,4.1
2024-06-09 00:00:00,28.6,0.0,83.4,109.0,3.3
2024-06-09 01:00:00,28.7,0.0,78.5,124.0,4.0
2024-06-09 02:00:00,28.5,0.0,78.8,130.0,4.4
2024-06-09 03:00:00,28.3,0.0,79.4,144.0,3.1
2024-06-09 04:00:00,28.4,0.0,78.9,157.0,1.7
2024-06-09 05:00:00,28.0,0.0,83.6,168.0,3.3
2024-06-09 06:00:00,28.2,0.0,85.4,137.0,3.0
2024-06-09 07:00:00,28.3,0.0,86.2,148.0,3.0
2024-06-09 08:00:00,28.2,0.0,78.6,176.0,4.9
2024-06-09 09:00:00,29.9,0.0,70.2,222.0,1.4
2024-06-09 10:00:00,30.7,0.0,73.8,222.0,2.7
2024-06-09 11:00:00,30.2,0.0,79.6,243.0,7.6
2024-06-09 12:00:00,28.7,0.0,72.8,293.0,4.7
2024-06-09 13:00:00,27.1,0.0,80.3,255.0,8.60001
2024-06-09 14:00:00,29.4,0.0,69.6,291.0,0.8
2024-06-09 15:00:00,30.6,0.0,71.9,238.0,4.4
2024-06-09 16:00:00,31.1,0.0,71.6,244.0,4.1
2024-06-09 17:00:00,31.5,0.0,63.7,237.0,3.6
2024-06-09 18:00:00,30.4,0.0,75.8,164.0,3.3
2024-06-09 19:00:00,29.7,0.0,79.0,210.0,1.8
2024-06-09 20:00:00,29.3,0.0,82.8,201.0,2.1
2024-06-09 21:00:00,29.6,0.0,75.0,191.0,2.9
2024-06-09 22:00:00,29.1,0.0,81.2,160.0,3.3
2024-06-09 23:00:00,29.0,0.0,81.3,171.0,3.3
2024-06-10 00:00:00,29.1,0.0,78.3,168.0,2.8
2024-06-10 01:00:00,28.8,0.0,78.6,165.0,3.3
2024-06-10 02:00:00,28.7,0.0,80.6,173.0,3.5
2024-06-10 03:00:00,28.7,0.0,81.4,178.0,3.5
2024-06-10 04:00:00,28.5,0.0,82.6,171.0,3.1
2024-06-10 05:00:00,28.4,0.0,83.8,174.0,2.5
2024-06-10 06:00:00,28.4,0.0,84.7,204.0,2.0
2024-06-10 07:00:00,28.4,0.0,85.2,176.0,3.4
2024-06-10 08:00:00,28.4,0.0,80.0,236.0,6.3
2024-06-10 09:00:00,28.7,0.0,74.2,220.0,3.3
2024-06-10 10:00:00,29.2,0.0,80.6,238.0,4.8
2024-06-10 11:00:00,28.9,0.0,80.3,237.0,4.6
2024-06-10 12:00:00,29.8,0.0,75.5,223.0,6.3
2024-06-10 13:00:00,30.6,0.0,73.4,253.0,5.9
2024-06-10 14:00:00,31.1,0.0,71.1,246.0,6.3
2024-06-10 15:00:00,30.7,0.0,72.8,229.0,6.2
2024-06-10 16:00:00,30.6,0.0,72.7,242.0,4.2
2024-06-10 17:00:00,30.2,0.0,72.9,183.0,2.6
2024-06-10 18:00:00,30.7,0.0,71.9,171.0,2.9
2024-06-10 19:00:00,29.9,0.0,73.1,132.0,4.3
2024-06-10 20:00:00,29.8,0.0,76.2,148.0,3.0
2024-06-10 21:00:00,29.5,0.0,80.4,158.0,3.8
2024-06-10 22:00:00,29.4,0.0,77.6,165.0,4.0
2024-06-10 23:00:00,29.1,0.0,80.2,146.0,3.5
2024-06-11 00:00:00,29.3,0.0,81.1,143.0,5.0
2024-06-11 01:00:00,29.1,0.0,83.2,137.0,3.5
2024-06-11 02:00:00,29.3,0.0,79.6,135.0,4.9
2024-06-11 03:00:00,29.0,0.0,81.6,126.0,2.9
2024-06-11 04:00:00,28.9,0.0,82.8,66.0,1.9
2024-06-11 05:00:00,28.0,0.0,87.7,2.0,0.6
2024-06-11 06:00:00,27.9,0.0,88.3,191.0,0.5
2024-06-11 07:00:00,28.8,0.0,86.3,131.0,1.3
2024-06-11 08:00:00,28.8,0.0,85.7,189.0,1.7
2024-06-11 09:00:00,30.0,0.0,81.6,146.0,4.2
2024-06-11 10:00:00,30.6,0.0,73.2,138.0,5.0
2024-06-11 11:00:00,31.3,0.0,70.7,174.0,4.5
2024-06-11 12:00:00,31.8,0.0,64.4,173.0,5.2
2024-06-11 13:00:00,33.3,0.0,62.4,206.0,3.1
2024-06-11 14:00:00,32.9,0.0,60.2,194.0,4.3
2024-06-11 15:00:00,31.3,0.0,72.3,234.0,6.4
2024-06-11 16:00:00,32.8,0.0,64.7,253.0,5.8
2024-06-11 17:00:00,29.8,0.0,65.8,27.0,3.8
2024-06-11 18:00:00,30.6,0.0,57.0,15.0,2.8
2024-06-11 19:00:00,29.3,0.0,67.3,18.0,1.9
2024-06-11 20:00:00,29.1,0.0,71.2,69.0,1.9
2024-06-11 21:00:00,28.9,0.0,76.4,106.0,2.5
2024-06-11 22:00:00,29.3,0.0,76.6,119.0,3.9
2024-06-11 23:00:00,29.4,0.0,76.6,107.0,2.3
2024-06-12 00:00:00,29.6,0.0,74.7,117.0,1.7
2024-06-12 01:00:00,29.4,0.0,78.3,110.0,2.5
2024-06-12 02:00:00,29.2,0.0,80.5,109.0,1.4
2024-06-12 03:00:00,28.9,0.0,81.8,161.0,2.3
2024-06-12 04:00:00,28.6,0.0,83.6,146.0,3.7
2024-06-12 05:00:00,28.6,0.0,85.6,159.0,2.9
2024-06-12 06:00:00,28.4,0.0,84.7,148.0,3.6
2024-06-12 07:00:00,28.5,0.0,85.6,166.0,3.4
2024-06-12 08:00:00,29.2,0.0,83.3,138.0,3.3
2024-06-12 09:00:00,28.4,0.0,79.1,234.0,3.7
2024-06-12 10:00:00,29.7,0.0,70.7,254.0,1.2
2024-06-12 11:00:00,29.7,0.0,64.9,275.0,1.1
2024-06-12 12:00:00,29.3,0.0,76.6,13.0,0.8
2024-06-12 13:00:00,29.8,0.0,79.4,275.0,1.9
2024-06-12 14:00:00,29.2,0.0,81.1,178.0,3.9
2024-06-12 15:00:00,28.7,0.0,79.4,153.0,5.7
2024-06-12 16:00:00,31.0,0.0,70.0,180.0,3.6
2024-06-12 17:00:00,30.9,0.0,70.3,169.0,3.9
2024-06-12 18:00:00,30.2,0.0,67.0,158.0,5.4
2024-06-12 19:00:00,29.6,0.0,70.6,160.0,4.4
2024-06-12 20:00:00,29.2,0.0,72.8,179.0,3.0
2024-06-12 21:00:00,29.2,0.0,74.3,169.0,2.9
2024-06-12 22:00:00,29.4,0.0,74.7,151.0,2.0
2024-06-12 23:00:00,28.8,0.0,82.2,164.0,3.5
2024-06-13 00:00:00,28.8,0.0,82.1,93.0,1.4
2024-06-13 01:00:00,28.3,0.0,81.2,150.0,1.9
2024-06-13 02:00:00,28.4,0.0,83.2,315.0,0.7
2024-06-13 03:00:00,28.4,0.0,78.7,348.0,1.5
2024-06-13 04:00:00,27.8,0.0,81.9,61.0,1.1
2024-06-13 05:00:00,28.0,0.0,82.6,151.0,0.6
2024-06-13 06:00:00,28.0,0.0,84.4,266.0,1.5
2024-06-13 07:00:00,27.9,0.0,84.5,348.0,0.4
2024-06-13 08:00:00,28.7,0.0,80.2,51.0,1.0
2024-06-13 09:00:00,30.3,0.0,76.8,124.0,0.9
2024-06-13 10:00:00,30.3,0.0,75.0,152.0,3.9
2024-06-13 11:00:00,31.2,0.0,69.3,120.0,4.7
2024-06-13 12:00:00,32.8,0.0,58.5,212.0,2.6
2024-06-13 13:00:00,31.9,0.0,58.5,245.0,5.5
2024-06-13 14:00:00,31.8,0.0,60.2,233.0,5.1
2024-06-13 15:00:00,32.5,0.0,61.9,235.0,6.2
2024-06-13 16:00:00,32.7,0.0,59.1,246.0,5.2
2024-06-13 17:00:00,32.5,0.0,64.2,240.0,6.0
2024-06-13 18:00:00,32.0,0.0,64.1,186.0,3.4
2024-06-13 19:00:00,30.7,0.0,72.8,163.0,3.7
2024-06-13 20:00:00,30.2,0.0,76.8,176.0,3.8
2024-06-13 21:00:00,27.5,0.0,85.3,94.0,4.9
2024-06-13 22:00:00,29.2,0.0,81.8,137.0,3.5
2024-06-13 23:00:00,27.9,0.0,83.7,101.0,3.9
2024-06-14 00:00:00,28.5,0.0,79.3,109.0,2.3
2024-06-14 01:00:00,29.2,0.0,76.7,138.0,3.6
2024-06-14 02:00:00,29.0,0.0,80.4,152.0,3.4
2024-06-14 03:00:00,28.5,0.0,83.8,142.0,3.4
2024-06-14 04:00:00,28.7,0.0,82.0,142.0,3.4
2024-06-14 05:00:00,28.8,0.0,79.7,123.0,4.3
2024-06-14 06:00:00,28.9,0.0,77.7,134.0,4.6
2024-06-14 07:00:00,28.4,0.0,82.4,77.0,2.1
2024-06-14 08:00:00,29.1,0.0,80.8,89.0,3.7
2024-06-14 09:00:00,30.2,0.0,75.5,131.0,3.2
2024-06-14 10:00:00,30.6,0.0,72.0,184.0,3.2
2024-06-14 11:00:00,31.2,0.0,71.3,196.0,4.5
2024-06-14 12:00:00,31.4,0.0,67.4,246.0,4.6
2024-06-14 13:00:00,31.7,0.0,73.0,228.0,5.2
2024-06-14 14:00:00,31.0,0.0,71.3,252.0,4.7
2024-06-14 15:00:00,30.8,0.0,72.3,267.0,4.4
2024-06-14 16:00:00,30.4,0.0,75.0,315.0,1.9
2024-06-14 17:00:00,29.7,0.0,78.0,63.0,2.7
2024-06-14 18:00:00,30.4,0.0,72.6,5.0,2.0
2024-06-14 19:00:00,29.7,0.0,77.0,70.0,1.7
2024-06-14 20:00:00,29.2,0.0,80.9,103.0,2.6
2024-06-14 21:00:00,28.8,0.0,82.2,115.0,3.6
2024-06-14 22:00:00,28.5,0.0,81.5,58.0,3.3
2024-06-14 23:00:00,28.3,0.0,85.8,151.0,1.9
2024-06-15 00:00:00,28.4,0.0,85.6,160.0,3.1
2024-06-15 01:00:00,28.1,0.0,88.0,166.0,2.6
2024-06-15 02:00:00,28.6,0.0,83.4,143.0,1.7
2024-06-15 03:00:00,28.5,0.0,83.0,176.0,1.8
2024-06-15 04:00:00,28.6,0.0,82.8,199.0,2.1
2024-06-15 05:00:00,28.3,0.0,83.8,176.0,3.2
2024-06-15 06:00:00,28.5,0.0,84.0,177.0,2.9
2024-06-15 07:00:00,28.5,0.0,82.9,173.0,3.3
2024-06-15 08:00:00,27.7,0.0,85.6,261.0,3.0
2024-06-15 09:00:00,28.3,0.0,86.1,212.0,0.7
2024-06-15 10:00:00,29.2,0.0,84.2,264.0,2.6
2024-06-15 11:00:00,30.6,0.0,74.4,269.0,3.9
2024-06-15 12:00:00,30.1,0.0,78.8,242.0,6.1
2024-06-15 13:00:00,31.7,0.0,68.3,269.0,4.6
2024-06-15 14:00:00,31.8,0.0,66.2,280.0,4.2
2024-06-15 15:00:00,31.2,0.0,65.4,264.0,4.3
2024-06-15 16:00:00,31.1,0.0,68.2,265.0,5.2
2024-06-15 17:00:00,30.7,0.0,71.0,294.0,3.3
2024-06-15 18:00:00,30.1,0.0,74.1,299.0,3.1
2024-06-15 19:00:00,29.9,0.0,73.9,277.0,3.5
2024-06-15 20:00:00,29.4,0.0,75.5,277.0,2.6
2024-06-15 21:00:00,29.4,0.0,77.4,312.0,1.2
2024-06-15 22:00:00,29.3,0.0,79.6,186.0,1.4
2024-06-15 23:00:00,29.3,0.0,78.4,263.0,2.6
2024-06-16 00:00:00,29.2,0.0,78.7,201.0,2.9
2024-06-16 01:00:00,28.4,0.0,86.9,180.0,4.2
2024-06-16 02:00:00,28.1,0.0,86.9,211.0,5.0
2024-06-16 03:00:00,25.5,0.0,82.8,304.0,3.4
2024-06-16 04:00:00,25.3,0.0,90.0,27.0,2.2
2024-06-16 05:00:00,25.5,0.0,90.4,1.0,1.1
2024-06-16 06:00:00,25.8,0.0,90.3,42.0,0.7
2024-06-16 07:00:00,25.6,0.0,91.2,63.0,1.1
2024-06-16 08:00:00,26.3,0.0,89.2,58.0,2.1
2024-06-16 09:00:00,27.0,0.0,87.1,120.0,3.9
2024-06-16 10:00:00,28.0,0.0,83.5,138.0,3.6
2024-06-16 11:00:00,28.8,0.0,77.9,174.0,4.5
2024-06-16 12:00:00,29.8,0.0,71.2,214.0,4.3
2024-06-16 13:00:00,30.0,0.0,71.5,191.0,4.1
2024-06-16 14:00:00,31.0,0.0,70.8,240.0,4.4
2024-06-16 15:00:00,30.5,0.0,72.1,243.0,6.3
2024-06-16 16:00:00,30.6,0.0,71.7,237.0,5.8
2024-06-16 17:00:00,30.8,0.0,72.7,217.0,4.7
2024-06-16 18:00:00,30.8,0.0,67.5,193.0,3.9
2024-06-16 19:00:00,29.8,0.0,72.6,189.0,2.7
2024-06-16 20:00:00,29.5,0.0,75.1,232.0,3.4
2024-06-16 21:00:00,29.3,0.0,77.1,173.0,2.7
2024-06-16 22:00:00,29.2,0.0,78.6,170.0,3.2
2024-06-16 23:00:00,29.1,0.0,81.1,181.0,2.2
2024-06-17 00:00:00,29.1,0.0,79.8,172.0,3.1
2024-06-17 01:00:00,28.8,0.0,79.6,167.0,3.4
2024-06-17 02:00:00,29.0,0.0,79.6,198.0,2.2
2024-06-17 03:00:00,28.1,0.0,72.3,244.0,7.2
2024-06-17 04:00:00,28.5,0.0,78.8,274.0,2.3
2024-06-17 05:00:00,26.8,0.0,86.7,355.0,2.8
2024-06-17 06:00:00,26.5,0.0,89.9,53.0,1.9
2024-06-17 07:00:00,27.0,0.0,86.8,280.0,0.6
2024-06-17 08:00:00,26.9,0.0,88.2,300.0,2.3
2024-06-17 09:00:00,27.8,0.0,85.7,319.0,2.5
2024-06-17 10:00:00,29.4,0.0,76.4,291.0,3.5
2024-06-17 11:00:00,30.6,0.0,72.7,270.0,6.0
2024-06-17 12:00:00,30.9,0.0,70.4,270.0,5.9
2024-06-17 13:00:00,31.0,0.0,70.0,273.0,6.7
2024-06-17 14:00:00,32.4,0.0,64.1,290.0,4.7
2024-06-17 15:00:00,32.0,0.0,64.5,290.0,5.8
2024-06-17 16:00:00,32.5,0.0,64.0,267.0,5.4
2024-06-17 17:00:00,26.0,0.0,87.6,265.0,8.2
2024-06-17 18:00:00,27.1,0.0,83.6,283.0,4.5
2024-06-17 19:00:00,27.3,0.0,79.9,269.0,2.2
2024-06-17 20:00:00,27.4,0.0,79.4,265.0,1.6
2024-06-17 21:00:00,27.4,0.0,82.0,74.0,1.0
2024-06-17 22:00:00,27.9,0.0,76.7,171.0,2.4
2024-06-17 23:00:00,28.3,0.0,75.9,231.0,2.7
2024-06-18 00:00:00,28.3,0.0,77.0,266.0,2.6
2024-06-18 01:00:00,28.2,0.0,78.4,317.0,1.5
2024-06-18 02:00:00,27.7,0.0,82.5,329.0,0.6
2024-06-18 03:00:00,27.5,0.0,83.4,72.0,1.1
2024-06-18 04:00:00,27.6,0.0,85.2,270.0,2.8
2024-06-18 05:00:00,28.3,0.0,80.1,236.0,2.3
2024-06-18 06:00:00,28.2,0.0,80.8,259.0,1.9
2024-06-18 07:00:00,27.4,0.0,87.6,169.0,1.3
2024-06-18 08:00:00,28.5,0.0,79.7,214.0,3.2
2024-06-18 09:00:00,29.6,0.0,73.6,230.0,3.6
2024-06-18 10:00:00,30.0,0.0,75.3,223.0,4.4
2024-06-18 11:00:00,30.4,0.0,76.8,241.0,5.4
2024-06-18 12:00:00,30.7,0.0,72.2,209.0,5.1
2024-06-18 13:00:00,31.5,0.0,72.3,224.0,4.9
2024-06-18 14:00:00,30.2,0.0,76.6,177.0,5.1
2024-06-18 15:00:00,30.1,0.0,69.9,220.0,4.5
2024-06-18 16:00:00,30.4,0.0,71.0,190.0,4.9
2024-06-18 17:00:00,30.4,0.0,71.8,212.0,4.2
2024-06-18 18:00:00,29.0,0.0,78.2,232.0,4.3
2024-06-18 19:00:00,29.4,0.0,76.5,169.0,3.1
2024-06-18 20:00:00,29.4,0.0,74.9,165.0,2.8
2024-06-18 21:00:00,29.3,0.0,77.8,196.0,2.0
2024-06-18 22:00:00,29.5,0.0,73.3,200.0,2.1
2024-06-18 23:00:00,29.4,0.0,76.9,184.0,2.0
2024-06-19 00:00:00,28.4,0.0,80.5,8.0,2.0
2024-06-19 01:00:00,28.2,0.0,81.2,12.0,1.1
2024-06-19 02:00:00,28.2,0.0,84.5,307.0,1.0
2024-06-19 03:00:00,28.1,0.0,86.4,260.0,1.5
2024-06-19 04:00:00,28.0,0.0,81.5,177.0,2.6
2024-06-19 05:00:00,28.9,0.0,78.7,236.0,5.3
2024-06-19 06:00:00,28.8,0.0,79.6,233.0,4.4
2024-06-19 07:00:00,28.7,0.0,82.6,237.0,4.3
2024-06-19 08:00:00,27.1,0.0,86.8,144.0,8.5
2024-06-19 09:00:00,27.8,0.0,91.6,206.0,3.0
2024-06-19 10:00:00,28.9,0.0,86.1,184.0,2.9
2024-06-19 11:00:00,29.1,0.0,80.5,227.0,5.4
2024-06-19 12:00:00,29.8,0.0,76.7,187.0,5.0
2024-06-19 13:00:00,29.7,0.0,76.6,210.0,5.9
2024-06-19 14:00:00,29.3,0.0,79.5,219.0,5.6
2024-06-19 15:00:00,29.8,0.0,77.3,236.0,5.0
2024-06-19 16:00:00,29.4,0.0,76.1,244.0,6.0
2024-06-19 17:00:00,29.6,0.0,75.7,251.0,6.1
2024-06-19 18:00:00,29.7,0.0,74.8,234.0,6.0
2024-06-19 19:00:00,29.4,0.0,74.3,227.0,3.5
2024-06-19 20:00:00,29.2,0.0,74.8,208.0,3.0
2024-06-19 21:00:00,28.9,0.0,78.6,169.0,4.0
2024-06-19 22:00:00,28.9,0.0,79.5,172.0,3.7
2024-06-19 23:00:00,28.8,0.0,80.5,173.0,3.2
2024-06-20 00:00:00,28.6,0.0,81.5,154.0,2.0
2024-06-20 01:00:00,28.9,0.0,78.4,175.0,0.5
2024-06-20 02:00:00,28.8,0.0,78.8,176.0,1.5
2024-06-20 03:00:00,29.0,0.0,78.4,137.0,1.4
2024-06-20 04:00:00,28.2,0.0,83.2,274.0,1.6
2024-06-20 05:00:00,26.9,0.0,77.7,265.0,3.5
2024-06-20 06:00:00,27.4,0.0,84.9,262.0,3.3
2024-06-20 07:00:00,27.0,0.0,79.9,271.0,2.5
2024-06-20 08:00:00,27.7,0.0,81.7,262.0,3.9
2024-06-20 09:00:00,29.1,0.0,74.4,268.0,2.5
2024-06-20 10:00:00,29.6,0.0,73.6,349.0,2.6
2024-06-20 11:00:00,31.1,0.0,68.5,271.0,2.0
2024-06-20 12:00:00,30.1,0.0,72.3,218.0,6.0
2024-06-20 13:00:00,31.4,0.0,71.4,234.0,6.5
2024-06-20 14:00:00,31.4,0.0,72.1,221.0,4.9
2024-06-20 15:00:00,31.3,0.0,70.3,227.0,5.5
2024-06-20 16:00:00,31.4,0.0,66.7,249.0,5.8
2024-06-20 17:00:00,31.3,0.0,66.0,239.0,4.1
2024-06-20 18:00:00,30.2,0.0,69.3,230.0,2.6
2024-06-20 19:00:00,29.8,0.0,74.3,170.0,4.1
2024-06-20 20:00:00,28.2,0.0,80.8,156.0,3.9
2024-06-20 21:00:00,28.8,0.0,76.7,179.0,3.7
2024-06-20 22:00:00,29.4,0.0,72.0,238.0,3.5
2024-06-20 23:00:00,27.7,0.0,81.9,333.0,1.3
2024-06-21 00:00:00,28.1,0.0,81.8,274.0,1.6
2024-06-21 01:00:00,28.1,0.0,82.7,277.0,1.8
2024-06-21 02:00:00,28.4,0.0,83.6,267.0,3.8
2024-06-21 03:00:00,28.6,0.0,81.5,255.0,8.3
2024-06-21 04:00:00,28.5,0.0,81.0,247.0,8.7
2024-06-21 05:00:00,24.6,0.0,91.6,279.0,10.4
2024-06-21 06:00:00,23.7,0.4,93.6,282.0,5.1
2024-06-21 07:00:00,24.4,0.4,95.0,272.0,4.2
2024-06-21 08:00:00,24.6,0.0,93.4,269.0,3.9
2024-06-21 09:00:00,25.6,0.2,91.2,267.0,4.7
2024-06-21 10:00:00,26.7,0.0,82.4,262.0,6.3
2024-06-21 11:00:00,27.7,0.0,80.0,269.0,4.8
2024-06-21 12:00:00,28.6,0.0,73.6,261.0,6.1
2024-06-21 13:00:00,29.3,0.0,63.6,254.0,4.7
2024-06-21 14:00:00,29.0,0.0,69.0,246.0,5.2
2024-06-21 15:00:00,28.8,0.0,67.4,243.0,4.7
2024-06-21 16:00:00,29.3,0.0,66.9,244.0,5.0
2024-06-21 17:00:00,29.1,0.0,70.5,225.0,4.7
2024-06-21 18:00:00,29.0,0.0,73.7,191.0,4.5
2024-06-21 19:00:00,28.7,0.0,76.8,206.0,3.8
2024-06-21 20:00:00,28.5,0.0,77.7,181.0,5.0
2024-06-21 21:00:00,28.6,0.0,79.0,178.0,3.7
2024-06-21 22:00:00,28.5,0.0,81.8,184.0,3.3
2024-06-21 23:00:00,28.6,0.0,82.1,175.0,5.6
2024-06-22 00:00:00,28.3,0.0,83.3,175.0,5.9
2024-06-22 01:00:00,28.3,0.0,82.1,189.0,3.6
2024-06-22 02:00:00,28.4,0.0,83.0,176.0,5.0
2024-06-22 03:00:00,24.4,1.2,95.6,288.0,6.8
2024-06-22 04:00:00,24.4,0.2,97.6,275.0,7.7
2024-06-22 05:00:00,24.4,0.2,93.6,270.0,8.89999
2024-06-22 06:00:00,24.5,0.0,93.8,269.0,6.3
2024-06-22 07:00:00,24.7,0.0,89.5,269.0,7.9
2024-06-22 08:00:00,25.6,0.0,83.9,265.0,9.3
2024-06-22 09:00:00,25.1,0.0,87.7,260.0,7.8
2024-06-22 10:00:00,24.9,0.2,90.8,236.0,7.5
2024-06-22 11:00:00,,0.0,,,
2024-06-22 12:00:00,25.2,0.0,84.2,238.0,8.39999
2024-06-22 13:00:00,26.7,0.0,77.4,229.0,4.8
2024-06-22 14:00:00,28.2,0.0,70.4,286.0,1.7
2024-06-22 15:00:00,28.5,0.0,64.4,308.0,1.8
2024-06-22 16:00:00,28.1,0.0,68.4,112.0,2.1
2024-06-22 17:00:00,27.2,0.0,82.0,174.0,4.8
2024-06-22 18:00:00,26.9,0.0,80.4,173.0,5.0
2024-06-22 19:00:00,26.9,0.0,79.3,164.0,3.5
2024-06-22 20:00:00,27.7,0.0,70.4,189.0,4.1
2024-06-22 21:00:00,27.9,0.0,72.9,212.0,2.9
2024-06-22 22:00:00,27.9,0.0,75.3,185.0,4.1
2024-06-22 23:00:00,27.5,0.0,82.2,240.0,6.0
2024-06-23 00:00:00,27.1,0.0,84.2,242.0,5.5
2024-06-23 01:00:00,27.0,0.0,86.7,251.0,3.5
2024-06-23 02:00:00,26.9,0.0,87.8,223.0,2.5
2024-06-23 03:00:00,27.0,0.0,87.8,240.0,3.8
2024-06-23 04:00:00,26.9,0.0,89.3,263.0,3.2
2024-06-23 05:00:00,27.1,0.0,88.4,266.0,3.0
2024-06-23 06:00:00,27.5,0.0,86.1,211.0,1.9
2024-06-23 07:00:00,27.2,0.0,87.3,189.0,2.4
2024-06-23 08:00:00,27.5,0.0,89.3,250.0,2.8
2024-06-23 09:00:00,28.0,0.0,86.2,234.0,4.4
2024-06-23 10:00:00,28.9,0.0,82.2,224.0,5.3
2024-06-23 11:00:00,29.3,0.0,81.5,197.0,6.0
2024-06-23 12:00:00,29.7,0.0,77.9,186.0,4.6
2024-06-23 13:00:00,29.8,0.0,76.3,180.0,5.2
2024-06-23 14:00:00,30.2,0.0,73.3,185.0,4.9
2024-06-23 15:00:00,31.2,0.0,66.3,166.0,6.1
2024-06-23 16:00:00,30.7,0.0,69.8,195.0,4.7
2024-06-23 17:00:00,31.2,0.0,68.6,184.0,4.7
2024-06-23 18:00:00,31.0,0.0,68.0,176.0,4.7
2024-06-23 19:00:00,29.6,0.0,70.8,169.0,4.6
2024-06-23 20:00:00,29.4,0.0,71.3,162.0,4.7
2024-06-23 21:00:00,29.1,0.0,73.3,178.0,3.3
2024-06-23 22:00:00,28.9,0.0,74.1,170.0,4.1
2024-06-23 23:00:00,28.9,0.0,71.8,167.0,4.6
2024-06-24 00:00:00,28.9,0.0,73.7,167.0,4.9
2024-06-24 01:00:00,28.7,0.0,78.8,157.0,4.5
2024-06-24 02:00:00,28.8,0.0,75.7,144.0,4.2
2024-06-24 03:00:00,28.6,0.0,76.3,157.0,4.2
2024-06-24 04:00:00,28.5,0.0,78.8,165.0,4.4
2024-06-24 05:00:00,28.5,0.0,79.1,159.0,3.7
2024-06-24 06:00:00,28.3,0.0,80.1,165.0,3.5
2024-06-24 07:00:00,28.4,0.0,78.2,172.0,4.1
2024-06-24 08:00:00,28.8,0.0,78.5,167.0,3.5
2024-06-24 09:00:00,29.9,0.0,74.9,173.0,4.6
2024-06-24 10:00:00,31.1,0.0,70.3,193.0,3.6
2024-06-24 11:00:00,30.8,0.0,71.7,206.0,5.1
2024-06-24 12:00:00,30.8,0.0,71.9,233.0,7.4
2024-06-24 13:00:00,30.3,0.0,74.1,238.0,6.1
2024-06-24 14:00:00,30.8,0.0,71.4,246.0,7.8
2024-06-24 15:00:00,31.7,0.0,69.1,223.0,7.1
2024-06-24 16:00:00,31.3,0.0,70.2,216.0,5.2
2024-06-24 17:00:00,30.1,0.0,70.8,165.0,5.4
2024-06-24 18:00:00,29.9,0.0,75.6,166.0,4.4
2024-06-24 19:00:00,29.8,0.0,75.2,157.0,4.8
2024-06-24 20:00:00,29.6,0.0,76.1,149.0,3.8
2024-06-24 21:00:00,29.4,0.0,79.5,156.0,4.6
2024-06-24 22:00:00,29.3,0.0,79.3,144.0,5.2
2024-06-24 23:00:00,29.3,0.0,79.3,144.0,5.9
2024-06-25 00:00:00,29.4,0.0,78.2,136.0,5.5
2024-06-25 01:00:00,29.1,0.0,80.6,154.0,4.1
2024-06-25 02:00:00,29.2,0.0,79.9,128.0,5.2
2024-06-25 03:00:00,29.0,0.0,81.1,124.0,5.7
2024-06-25 04:00:00,28.8,0.0,81.1,128.0,4.1
2024-06-25 05:00:00,28.5,0.0,83.9,150.0,3.4
2024-06-25 06:00:00,28.6,0.0,83.4,144.0,4.1
2024-06-25 07:00:00,28.4,0.0,83.7,168.0,3.6
2024-06-25 08:00:00,28.7,0.0,83.3,148.0,4.1
2024-06-25 09:00:00,29.7,0.0,80.5,174.0,4.1
2024-06-25 10:00:00,29.7,0.0,78.7,200.0,6.0
2024-06-25 11:00:00,30.3,0.0,79.1,178.0,5.1
2024-06-25 12:00:00,30.2,0.0,75.2,192.0,5.5
2024-06-25 13:00:00,31.3,0.0,75.0,176.0,4.5
2024-06-25 14:00:00,31.4,0.0,72.7,184.0,5.4
2024-06-25 15:00:00,32.0,0.0,69.5,166.0,4.8
2024-06-25 16:00:00,31.4,0.0,71.3,184.0,7.2
2024-06-25 17:00:00,30.7,0.0,71.2,163.0,6.8
2024-06-25 18:00:00,29.9,0.0,72.2,109.0,6.7
2024-06-25 19:00:00,29.4,0.0,79.6,113.0,5.6
2024-06-25 20:00:00,29.3,0.0,81.2,121.0,5.7
2024-06-25 21:00:00,29.3,0.0,79.9,117.0,4.7
2024-06-25 22:00:00,29.4,0.0,79.5,122.0,6.1
2024-06-25 23:00:00,29.5,0.0,78.5,119.0,6.8
2024-06-26 00:00:00,29.4,0.0,73.5,124.0,7.4
2024-06-26 01:00:00,29.1,0.0,77.5,117.0,5.0
2024-06-26 02:00:00,29.0,0.0,76.6,126.0,6.0
2024-06-26 03:00:00,28.8,0.0,79.2,130.0,5.3
2024-06-26 04:00:00,28.9,0.0,78.1,123.0,6.0
2024-06-26 05:00:00,28.7,0.0,78.5,125.0,6.3
2024-06-26 06:00:00,28.7,0.0,80.3,130.0,5.5
2024-06-26 07:00:00,28.5,0.0,81.2,127.0,4.3
2024-06-26 08:00:00,29.2,0.0,78.2,126.0,3.9
2024-06-26 09:00:00,29.7,0.0,75.7,130.0,6.0
2024-06-26 10:00:00,30.2,0.0,73.3,118.0,6.6
2024-06-26 11:00:00,31.5,0.0,69.0,118.0,5.4
2024-06-26 12:00:00,31.5,0.0,69.3,133.0,5.1
2024-06-26 13:00:00,32.1,0.0,59.8,136.0,6.9
2024-06-26 14:00:00,32.6,0.0,58.3,115.0,8.0
2024-06-26 15:00:00,32.9,0.0,58.0,132.0,7.8
2024-06-26 16:00:00,31.0,0.0,67.5,131.0,12.5
2024-06-26 17:00:00,30.9,0.0,67.3,130.0,9.10001
2024-06-26 18:00:00,30.8,0.0,62.6,87.0,4.1
2024-06-26 19:00:00,25.7,0.6,94.7,6.0,2.6
2024-06-26 20:00:00,26.8,0.0,86.8,81.0,3.4
2024-06-26 21:00:00,27.9,0.0,87.4,134.0,4.9
2024-06-26 22:00:00,27.5,0.0,82.3,118.0,1.9
2024-06-26 23:00:00,28.0,0.0,83.7,158.0,3.2
2024-06-27 00:00:00,28.4,0.0,83.0,9.0,1.5
2024-06-27 01:00:00,27.6,0.0,89.4,15.0,0.8
2024-06-27 02:00:00,27.8,0.0,88.8,335.0,0.7
2024-06-27 03:00:00,27.6,0.0,87.8,45.0,1.0
2024-06-27 04:00:00,28.0,0.0,77.4,124.0,5.4
2024-06-27 05:00:00,28.0,0.0,82.4,224.0,1.5
2024-06-27 06:00:00,27.2,0.0,89.6,348.0,2.9
2024-06-27 07:00:00,27.1,0.0,90.7,319.0,1.1
2024-06-27 08:00:00,27.7,0.0,87.8,264.0,1.0
2024-06-27 09:00:00,29.0,0.0,82.9,26.0,1.0
2024-06-27 10:00:00,29.0,0.0,79.1,126.0,3.9
2024-06-27 11:00:00,29.3,0.0,81.2,125.0,5.3
2024-06-27 12:00:00,30.7,0.0,76.2,124.0,8.39999
2024-06-27 13:00:00,30.4,0.0,70.9,134.0,8.5
2024-06-27 14:00:00,31.1,0.0,66.2,101.0,5.7
2024-06-27 15:00:00,30.5,0.0,75.3,112.0,8.0
2024-06-27 16:00:00,30.3,0.0,70.9,115.0,6.9
2024-06-27 17:00:00,30.3,0.0,66.9,113.0,7.1
2024-06-27 18:00:00,30.1,0.0,68.7,128.0,5.8
2024-06-27 19:00:00,29.7,0.0,72.0,125.0,5.4
2024-06-27 20:00:00,29.5,0.0,72.1,129.0,4.7
2024-06-27 21:00:00,29.2,0.0,76.6,115.0,3.8
2024-06-27 22:00:00,29.0,0.0,78.9,123.0,3.7
2024-06-27 23:00:00,29.0,0.0,77.5,99.0,1.9
2024-06-28 00:00:00,28.7,0.0,79.1,74.0,1.7
2024-06-28 01:00:00,28.9,0.0,77.9,119.0,2.5
2024-06-28 02:00:00,28.6,0.0,81.2,321.0,0.6
2024-06-28 03:00:00,28.5,0.0,75.1,33.0,1.0
2024-06-28 04:00:00,28.5,0.0,77.1,79.0,2.1
2024-06-28 05:00:00,28.4,0.0,77.6,15.0,0.6
2024-06-28 06:00:00,28.0,0.0,76.2,341.0,0.6
2024-06-28 07:00:00,28.5,0.0,72.3,33.0,0.9
2024-06-28 08:00:00,29.7,0.0,71.0,149.0,0.7
2024-06-28 09:00:00,29.2,0.0,77.4,140.0,2.7
2024-06-28 10:00:00,30.6,0.0,75.4,161.0,0.8
2024-06-28 11:00:00,29.6,0.0,78.5,149.0,4.8
2024-06-28 12:00:00,29.6,0.0,75.3,170.0,3.6
2024-06-28 13:00:00,24.9,0.4,95.2,228.0,3.5
2024-06-28 14:00:00,28.2,0.0,71.2,68.0,3.9
2024-06-28 15:00:00,29.8,0.0,79.3,170.0,3.7
2024-06-28 16:00:00,28.5,0.0,79.4,159.0,5.7
2024-06-28 17:00:00,28.9,0.0,74.5,143.0,6.2
2024-06-28 18:00:00,28.9,0.0,77.5,134.0,2.8
2024-06-28 19:00:00,29.1,0.0,74.9,91.0,1.9
2024-06-28 20:00:00,28.9,0.0,76.4,352.0,0.8
2024-06-28 21:00:00,28.8,0.0,77.8,86.0,0.8
2024-06-28 22:00:00,28.7,0.0,79.9,303.0,1.0
2024-06-28 23:00:00,25.2,0.6,95.6,357.0,1.7
2024-06-29 00:00:00,26.3,0.0,87.8,14.0,1.5
2024-06-29 01:00:00,26.6,0.0,89.5,328.0,1.5
2024-06-29 02:00:00,27.1,0.0,86.9,315.0,0.9
2024-06-29 03:00:00,27.0,0.0,87.9,288.0,0.9
2024-06-29 04:00:00,26.9,0.0,90.2,292.0,1.4
2024-06-29 05:00:00,27.1,0.0,90.2,336.0,1.4
2024-06-29 06:00:00,27.1,0.0,90.7,314.0,1.1
2024-06-29 07:00:00,26.7,0.0,89.7,234.0,4.4
2024-06-29 08:00:00,27.0,0.0,88.7,292.0,2.1
2024-06-29 09:00:00,27.5,0.0,83.9,198.0,1.9
2024-06-29 10:00:00,28.1,0.0,82.9,271.0,3.2
2024-06-29 11:00:00,27.4,0.0,84.7,182.0,7.1
2024-06-29 12:00:00,28.0,0.0,80.6,177.0,4.3
2024-06-29 13:00:00,28.8,0.0,77.3,223.0,6.2
2024-06-29 14:00:00,30.0,0.0,77.0,224.0,4.0
2024-06-29 15:00:00,30.3,0.0,73.2,236.0,5.6
2024-06-29 16:00:00,30.1,0.0,73.2,164.0,4.8
2024-06-29 17:00:00,29.9,0.0,76.9,172.0,4.4
2024-06-29 18:00:00,29.8,0.0,75.4,164.0,3.7
2024-06-29 19:00:00,29.5,0.0,70.1,166.0,4.5
2024-06-29 20:00:00,29.0,0.0,72.8,159.0,3.7
2024-06-29 21:00:00,29.2,0.0,70.0,173.0,3.8
2024-06-29 22:00:00,28.8,0.0,74.7,153.0,4.2
2024-06-29 23:00:00,28.8,0.0,76.6,144.0,3.3
2024-06-30 00:00:00,28.8,0.0,78.4,114.0,3.2
2024-06-30 01:00:00,28.6,0.0,78.0,135.0,3.6
2024-06-30 02:00:00,28.8,0.0,78.8,133.0,4.0
2024-06-30 03:00:00,28.5,0.0,80.6,162.0,2.7
2024-06-30 04:00:00,28.7,0.0,80.0,116.0,4.6
2024-06-30 05:00:00,28.5,0.0,81.3,127.0,3.8
2024-06-30 06:00:00,28.4,0.0,81.9,137.0,3.3
2024-06-30 07:00:00,25.5,1.8,90.0,160.0,7.1
2024-06-30 08:00:00,25.4,0.0,91.0,282.0,5.3
2024-06-30 09:00:00,25.1,0.0,89.4,280.0,5.0
2024-06-30 10:00:00,23.9,2.4,96.8,243.0,11.9
2024-06-30 11:00:00,24.3,0.2,97.8,265.0,3.9
2024-06-30 12:00:00,24.5,0.2,96.4,262.0,1.6
2024-06-30 13:00:00,24.5,0.2,93.9,251.0,2.5
2024-06-30 14:00:00,25.4,0.2,88.7,235.0,3.1
2024-06-30 15:00:00,26.2,0.0,84.0,271.0,3.6
2024-06-30 16:00:00,27.2,0.0,81.4,225.0,2.6
2024-06-30 17:00:00,27.6,0.0,80.2,262.0,1.8
2024-06-30 18:00:00,27.5,0.0,82.2,264.0,1.4
2024-06-30 19:00:00,26.9,0.0,85.7,205.0,3.4
2024-06-30 20:00:00,26.6,0.0,84.1,199.0,0.8
2024-06-30 21:00:00,26.9,0.0,83.5,233.0,1.8
2024-06-30 22:00:00,27.4,0.0,81.4,193.0,1.1
2024-06-30 23:00:00,27.1,0.0,83.9,268.0,1.9
2024-07-01 00:00:00,26.8,0.0,87.6,348.0,2.1
2024-07-01 01:00:00,26.6,0.0,88.2,13.0,1.8
2024-07-01 02:00:00,26.2,0.0,90.3,31.0,0.8
2024-07-01 03:00:00,26.7,0.0,88.4,359.0,1.9
2024-07-01 04:00:00,26.5,0.0,88.1,12.0,1.3
2024-07-01 05:00:00,26.2,0.0,89.2,10.0,1.2
2024-07-01 06:00:00,26.4,0.0,85.4,7.0,2.5
2024-07-01 07:00:00,26.1,0.0,86.4,84.0,0.9
2024-07-01 08:00:00,26.4,0.0,84.4,61.0,0.8
2024-07-01 09:00:00,27.4,0.0,84.4,54.0,0.9
2024-07-01 10:00:00,29.0,0.0,76.3,359.0,2.0
2024-07-01 11:00:00,30.0,0.0,69.7,180.0,3.1
2024-07-01 12:00:00,31.3,0.0,67.9,195.0,2.4
2024-07-01 13:00:00,29.9,0.0,74.2,253.0,3.5
2024-07-01 14:00:00,29.9,0.0,74.7,156.0,3.7
2024-07-01 15:00:00,31.0,0.0,70.4,238.0,3.6
2024-07-01 16:00:00,31.1,0.0,70.9,247.0,3.1
2024-07-01 17:00:00,29.9,0.0,68.8,58.0,2.9
2024-07-01 18:00:00,26.2,1.2,93.1,94.0,6.7
2024-07-01 19:00:00,26.8,0.0,91.7,76.0,2.4
2024-07-01 20:00:00,27.2,0.0,86.9,152.0,1.6
2024-07-01 21:00:00,27.3,0.0,86.5,148.0,3.0
2024-07-01 22:00:00,27.8,0.0,86.9,142.0,3.9
2024-07-01 23:00:00,27.9,0.0,86.3,143.0,3.3
2024-07-02 00:00:00,27.9,0.0,84.2,146.0,2.9
2024-07-02 01:00:00,27.7,0.0,84.2,167.0,3.1
2024-07-02 02:00:00,27.6,0.0,89.8,159.0,2.8
2024-07-02 03:00:00,27.7,0.0,84.7,168.0,3.0
2024-07-02 04:00:00,27.8,0.0,81.8,155.0,2.7
2024-07-02 05:00:00,28.1,0.0,83.1,157.0,2.0
2024-07-02 06:00:00,28.0,0.0,84.4,136.0,1.9
2024-07-02 07:00:00,28.1,0.0,84.1,138.0,3.3
2024-07-02 08:00:00,27.8,0.0,87.4,137.0,2.5
2024-07-02 09:00:00,27.3,0.0,91.3,239.0,2.9
2024-07-02 10:00:00,28.0,0.0,85.5,254.0,1.9
2024-07-02 11:00:00,28.3,0.0,82.6,229.0,3.3
2024-07-02 12:00:00,29.0,0.0,75.1,208.0,2.3
2024-07-02 13:00:00,29.5,0.0,77.0,238.0,4.4
2024-07-02 14:00:00,29.9,0.0,72.0,220.0,5.2
2024-07-02 15:00:00,30.6,0.0,73.7,235.0,5.4
2024-07-02 16:00:00,30.7,0.0,73.6,210.0,5.0
2024-07-02 17:00:00,31.5,0.0,59.4,256.0,4.2
2024-07-02 18:00:00,31.4,0.0,65.0,245.0,2.9
2024-07-02 19:00:00,30.0,0.0,69.2,207.0,2.4
2024-07-02 20:00:00,29.5,0.0,75.7,186.0,2.2
2024-07-02 21:00:00,29.0,0.0,78.2,165.0,4.2
2024-07-02 22:00:00,28.8,0.0,80.9,148.0,4.0
2024-07-02 23:00:00,28.6,0.0,84.8,150.0,3.4
2024-07-03 00:00:00,28.5,0.0,84.1,144.0,3.4
2024-07-03 01:00:00,28.6,0.0,83.9,140.0,3.0
2024-07-03 02:00:00,28.3,0.0,83.6,162.0,3.2
2024-07-03 03:00:00,28.1,0.0,87.4,152.0,3.9
2024-07-03 04:00:00,28.2,0.0,86.8,141.0,4.0
2024-07-03 05:00:00,28.1,0.0,86.4,155.0,3.5
2024-07-03 06:00:00,28.1,0.0,89.1,163.0,2.9
2024-07-03 07:00:00,27.9,0.0,85.1,171.0,3.3
2024-07-03 08:00:00,28.8,0.0,80.0,167.0,4.1
2024-07-03 09:00:00,30.0,0.0,76.3,180.0,4.1
2024-07-03 10:00:00,30.5,0.0,74.6,191.0,4.8
2024-07-03 11:00:00,31.4,0.0,72.0,187.0,5.5
2024-07-03 12:00:00,29.0,0.0,89.0,151.0,2.9
2024-07-03 13:00:00,28.8,0.0,84.3,237.0,7.6
2024-07-03 14:00:00,31.1,0.0,72.0,213.0,4.8
2024-07-03 15:00:00,29.6,0.0,78.8,211.0,4.5
2024-07-03 16:00:00,30.0,0.0,77.9,196.0,1.6
2024-07-03 17:00:00,31.0,0.0,69.7,158.0,5.3
2024-07-03 18:00:00,30.3,0.0,71.0,163.0,5.0
2024-07-03 19:00:00,29.5,0.0,77.4,164.0,4.6
2024-07-03 20:00:00,29.5,0.0,80.3,145.0,5.8
2024-07-03 21:00:00,29.2,0.0,80.8,148.0,6.6
2024-07-03 22:00:00,28.7,0.0,82.6,130.0,6.4
2024-07-03 23:00:00,28.9,0.0,78.5,134.0,7.6
2024-07-04 00:00:00,29.1,0.0,71.8,136.0,8.39999
2024-07-04 01:00:00,29.0,0.0,77.9,138.0,9.5
2024-07-04 02:00:00,28.8,0.0,84.0,132.0,9.7
2024-07-04 03:00:00,27.6,0.0,80.6,145.0,6.2
2024-07-04 04:00:00,28.0,0.0,68.3,167.0,4.3
2024-07-04 05:00:00,28.6,0.0,73.4,176.0,7.2
2024-07-04 06:00:00,28.2,0.0,77.2,175.0,9.2
2024-07-04 07:00:00,27.8,0.0,78.8,151.0,7.8
2024-07-04 08:00:00,27.9,0.0,81.4,167.0,4.8
2024-07-04 09:00:00,28.6,0.0,73.7,195.0,5.8
2024-07-04 10:00:00,29.2,0.0,69.5,199.0,4.9
2024-07-04 11:00:00,29.1,0.0,73.7,243.0,4.9
2024-07-04 12:00:00,30.0,0.0,70.7,274.0,3.9
2024-07-04 13:00:00,30.7,0.0,65.5,259.0,5.2
2024-07-04 14:00:00,31.1,0.0,63.7,246.0,5.3
2024-07-04 15:00:00,31.9,0.0,62.8,267.0,4.4
2024-07-04 16:00:00,32.3,0.0,56.6,267.0,4.3
2024-07-04 17:00:00,32.1,0.0,58.6,266.0,4.3
2024-07-04 18:00:00,31.6,0.0,61.7,260.0,3.4
2024-07-04 19:00:00,30.4,0.0,65.5,260.0,2.8
2024-07-04 20:00:00,30.3,0.0,65.2,267.0,1.7
2024-07-04 21:00:00,29.5,0.0,71.9,229.0,2.6
2024-07-04 22:00:00,29.4,0.0,72.7,168.0,3.1
2024-07-04 23:00:00,29.0,0.0,77.9,199.0,1.9
2024-07-05 00:00:00,28.6,0.0,80.9,174.0,3.1
2024-07-05 01:00:00,28.6,0.0,79.5,170.0,3.8
2024-07-05 02:00:00,28.6,0.0,79.6,158.0,3.3
2024-07-05 03:00:00,28.1,0.0,86.3,180.0,1.7
2024-07-05 04:00:00,28.2,0.0,85.5,147.0,2.7
2024-07-05 05:00:00,28.5,0.0,83.7,145.0,2.1
2024-07-05 06:00:00,27.8,0.0,85.2,271.0,1.3
2024-07-05 07:00:00,28.3,0.0,82.6,263.0,0.9
2024-07-05 08:00:00,28.5,0.0,81.8,320.0,0.6
2024-07-05 09:00:00,28.5,0.0,83.7,44.0,0.8
2024-07-05 10:00:00,24.6,2.2,98.2,47.0,3.0
2024-07-05 11:00:00,25.6,0.0,98.5,74.0,0.8
2024-07-05 12:00:00,26.3,0.0,95.7,196.0,2.6
2024-07-05 13:00:00,28.7,0.0,75.5,240.0,4.1
2024-07-05 14:00:00,30.1,0.0,70.3,252.0,3.1
2024-07-05 15:00:00,31.6,0.0,63.6,255.0,3.1
2024-07-05 16:00:00,31.0,0.0,65.4,165.0,3.5
2024-07-05 17:00:00,30.1,0.0,68.5,253.0,3.7
2024-07-05 18:00:00,29.7,0.0,71.0,242.0,2.9
2024-07-05 19:00:00,29.3,0.0,73.5,162.0,2.4
2024-07-05 20:00:00,29.1,0.0,71.0,157.0,2.7
2024-07-05 21:00:00,29.3,0.0,68.5,265.0,1.1
2024-07-05 22:00:00,29.3,0.0,71.9,336.0,1.8
2024-07-05 23:00:00,28.9,0.0,74.2,3.0,3.0
2024-07-06 00:00:00,28.3,0.0,79.1,35.0,1.5
2024-07-06 01:00:00,28.2,0.0,81.6,11.0,2.5
2024-07-06 02:00:00,27.8,0.0,83.3,11.0,4.4
2024-07-06 03:00:00,27.9,0.0,84.6,10.0,3.8
2024-07-06 04:00:00,27.7,0.0,84.4,58.0,0.9
2024-07-06 05:00:00,27.2,0.0,86.5,303.0,0.6
2024-07-06 06:00:00,27.1,0.0,85.0,346.0,1.8
2024-07-06 07:00:00,27.4,0.0,82.5,344.0,2.0
2024-07-06 08:00:00,27.6,0.0,76.7,297.0,2.7
2024-07-06 09:00:00,27.7,0.0,82.7,304.0,2.8
2024-07-06 10:00:00,28.2,0.0,81.6,299.0,2.4
2024-07-06 11:00:00,29.0,0.0,76.3,283.0,2.1
2024-07-06 12:00:00,29.8,0.0,74.2,274.0,3.0
2024-07-06 13:00:00,30.6,0.0,63.2,275.0,4.8
2024-07-06 14:00:00,29.4,0.0,73.6,243.0,4.7
2024-07-06 15:00:00,29.2,0.0,75.6,245.0,5.9
2024-07-06 16:00:00,29.6,0.0,77.8,229.0,4.5
2024-07-06 17:00:00,29.6,0.0,75.9,241.0,4.4
2024-07-06 18:00:00,29.1,0.0,78.0,224.0,4.0
2024-07-06 19:00:00,28.8,0.0,79.0,227.0,3.7
2024-07-06 20:00:00,28.6,0.0,80.5,197.0,3.1
2024-07-06 21:00:00,28.6,0.0,79.8,174.0,2.9
2024-07-06 22:00:00,28.3,0.0,84.2,159.0,4.1
2024-07-06 23:00:00,28.3,0.0,84.8,158.0,4.0
2024-07-07 00:00:00,28.0,0.0,85.1,178.0,3.2
2024-07-07 01:00:00,28.0,0.0,82.6,180.0,2.3
2024-07-07 02:00:00,27.9,0.0,83.8,205.0,2.0
2024-07-07 03:00:00,27.8,0.0,83.3,177.0,2.2
2024-07-07 04:00:00,28.1,0.0,80.8,227.0,3.2
2024-07-07 05:00:00,28.1,0.0,80.3,205.0,2.0
2024-07-07 06:00:00,28.0,0.0,86.9,251.0,6.3
2024-07-07 07:00:00,26.3,0.4,94.8,242.0,4.7
2024-07-07 08:00:00,25.4,0.0,91.7,306.0,3.2
2024-07-07 09:00:00,26.0,0.0,91.9,353.0,1.4
2024-07-07 10:00:00,27.6,0.0,88.1,182.0,0.9
2024-07-07 11:00:00,27.8,0.0,85.3,251.0,3.8
2024-07-07 12:00:00,26.7,0.0,87.2,299.0,4.1
2024-07-07 13:00:00,27.7,0.0,82.1,151.0,1.6
2024-07-07 14:00:00,29.2,0.0,72.7,273.0,3.3
2024-07-07 15:00:00,29.2,0.0,73.8,246.0,4.1
2024-07-07 16:00:00,29.8,0.0,69.9,243.0,5.6
2024-07-07 17:00:00,28.9,0.0,74.1,227.0,4.1
2024-07-07 18:00:00,29.5,0.0,72.5,166.0,4.5
2024-07-07 19:00:00,28.4,0.0,81.3,136.0,5.5
2024-07-07 20:00:00,28.2,0.0,78.8,121.0,4.4
2024-07-07 21:00:00,28.0,0.0,81.9,138.0,4.6
2024-07-07 22:00:00,28.1,0.0,84.1,122.0,3.1
2024-07-07 23:00:00,28.2,0.0,84.4,99.0,1.8
2024-07-08 00:00:00,28.2,0.0,82.0,174.0,2.7
2024-07-08 01:00:00,27.8,0.0,85.7,154.0,2.5
2024-07-08 02:00:00,28.1,0.0,79.4,134.0,5.3
2024-07-08 03:00:00,27.5,0.0,84.5,159.0,3.8
2024-07-08 04:00:00,27.7,0.0,86.8,173.0,1.6
2024-07-08 05:00:00,27.7,0.0,87.2,161.0,1.7
2024-07-08 06:00:00,27.8,0.0,88.2,170.0,2.7
2024-07-08 07:00:00,27.2,0.0,90.4,65.0,1.0
2024-07-08 08:00:00,26.6,0.0,83.5,308.0,3.3
2024-07-08 09:00:00,24.3,0.4,97.4,298.0,3.6
2024-07-08 10:00:00,25.5,0.0,92.0,303.0,4.6
2024-07-08 11:00:00,25.5,0.0,88.8,302.0,3.1
2024-07-08 12:00:00,26.1,0.0,89.7,304.0,3.7
2024-07-08 13:00:00,26.7,0.0,88.8,293.0,5.0
2024-07-08 14:00:00,26.9,0.2,90.0,272.0,4.9
2024-07-08 15:00:00,26.3,0.0,90.1,268.0,6.5
2024-07-08 16:00:00,25.2,0.2,91.7,267.0,4.1
2024-07-08 17:00:00,25.3,0.0,91.6,263.0,3.9
2024-07-08 18:00:00,25.9,0.0,87.4,257.0,3.4
2024-07-08 19:00:00,26.4,0.0,81.9,208.0,2.6
2024-07-08 20:00:00,26.3,0.0,85.8,176.0,2.4
2024-07-08 21:00:00,26.4,0.0,86.6,98.0,1.9
2024-07-08 22:00:00,26.7,0.0,83.5,234.0,1.4
2024-07-08 23:00:00,27.2,0.0,81.6,205.0,2.8
2024-07-09 00:00:00,27.2,0.0,79.3,164.0,2.4
2024-07-09 01:00:00,27.4,0.0,77.6,116.0,1.3
2024-07-09 02:00:00,27.6,0.0,77.3,128.0,1.3
2024-07-09 03:00:00,27.5,0.0,77.1,145.0,2.6
2024-07-09 04:00:00,27.7,0.0,74.1,138.0,3.6
2024-07-09 05:00:00,26.9,0.0,83.1,196.0,2.4
2024-07-09 06:00:00,27.6,0.0,75.3,132.0,2.3
2024-07-09 07:00:00,27.7,0.0,74.5,139.0,3.1
2024-07-09 08:00:00,27.6,0.0,78.3,176.0,2.5
2024-07-09 09:00:00,28.1,0.0,84.4,170.0,3.5
2024-07-09 10:00:00,29.2,0.0,81.8,152.0,3.2
2024-07-09 11:00:00,29.2,0.0,80.3,169.0,4.2
2024-07-09 12:00:00,27.6,0.4,90.4,190.0,5.4
2024-07-09 13:00:00,27.5,0.2,91.1,174.0,5.2
2024-07-09 14:00:00,28.0,0.0,82.0,175.0,7.3
2024-07-09 15:00:00,27.8,0.0,84.7,147.0,7.5
2024-07-09 16:00:00,28.9,0.0,77.5,169.0,5.8
2024-07-09 17:00:00,28.3,0.0,78.6,156.0,5.1
2024-07-09 18:00:00,28.5,0.0,76.8,146.0,3.8
2024-07-09 19:00:00,28.4,0.0,78.1,173.0,3.1
2024-07-09 20:00:00,27.7,0.0,80.5,160.0,3.4
2024-07-09 21:00:00,27.5,0.0,78.5,155.0,3.8
2024-07-09 22:00:00,27.6,0.0,78.4,174.0,3.4
2024-07-09 23:00:00,27.5,0.0,77.4,170.0,3.2
2024-07-10 00:00:00,27.4,0.0,81.0,153.0,2.7
2024-07-10 01:00:00,27.5,0.0,82.3,167.0,2.4
2024-07-10 02:00:00,27.8,0.0,83.7,203.0,1.8
2024-07-10 03:00:00,27.6,0.0,84.7,245.0,4.7
2024-07-10 04:00:00,27.4,0.0,85.8,232.0,3.9
2024-07-10 05:00:00,27.2,0.0,86.5,239.0,2.8
2024-07-10 06:00:00,27.1,0.0,87.7,209.0,2.0
2024-07-10 07:00:00,26.9,0.0,88.8,217.0,3.1
2024-07-10 08:00:00,27.2,0.0,88.3,244.0,4.3
2024-07-10 09:00:00,28.2,0.0,84.0,251.0,3.5
2024-07-10 10:00:00,28.5,0.0,84.8,250.0,4.7
2024-07-10 11:00:00,28.2,0.0,84.5,240.0,4.8
2024-07-10 12:00:00,28.1,0.0,86.2,173.0,2.8
2024-07-10 13:00:00,28.5,0.0,84.6,217.0,4.8
2024-07-10 14:00:00,28.8,0.0,81.4,255.0,5.2
2024-07-10 15:00:00,29.1,0.0,74.0,215.0,5.1
2024-07-10 16:00:00,30.7,0.0,71.1,268.0,5.2
2024-07-10 17:00:00,30.6,0.0,73.2,265.0,4.3
2024-07-10 18:00:00,29.1,0.0,76.5,264.0,3.7
2024-07-10 19:00:00,28.8,0.0,80.8,276.0,2.1
2024-07-10 20:00:00,28.8,0.0,79.8,261.0,2.6
2024-07-10 21:00:00,28.4,0.0,82.8,196.0,2.0
2024-07-10 22:00:00,28.2,0.0,82.3,230.0,2.6
2024-07-10 23:00:00,28.4,0.0,81.1,181.0,2.1
2024-07-11 00:00:00,28.1,0.0,82.5,244.0,3.2
2024-07-11 01:00:00,28.4,0.0,75.5,206.0,2.5
2024-07-11 02:00:00,28.2,0.0,78.8,217.0,2.6
2024-07-11 04:00:00,,0.0,,,
2024-07-11 05:00:00,27.5,0.0,85.0,243.0,4.0
2024-07-11 06:00:00,27.7,0.0,83.6,236.0,5.7
2024-07-11 07:00:00,27.6,0.0,80.9,221.0,4.3
2024-07-11 08:00:00,27.8,0.0,82.0,224.0,4.6
2024-07-11 09:00:00,28.4,0.0,81.3,228.0,5.7
2024-07-11 10:00:00,28.5,0.0,80.7,231.0,7.0
2024-07-11 11:00:00,29.4,0.0,74.6,234.0,8.8
2024-07-11 12:00:00,29.9,0.0,71.7,224.0,7.6
2024-07-11 13:00:00,29.7,0.0,73.7,209.0,7.1
2024-07-11 14:00:00,30.6,0.0,68.2,209.0,6.5
2024-07-11 15:00:00,30.8,0.0,62.1,180.0,8.89999
2024-07-11 16:00:00,31.4,0.0,60.1,193.0,7.5
2024-07-11 17:00:00,31.1,0.0,62.9,189.0,5.2
2024-07-11 18:00:00,30.1,0.0,66.0,171.0,5.3
2024-07-11 19:00:00,29.6,0.0,69.0,162.0,5.3
2024-07-11 20:00:00,29.4,0.0,65.4,162.0,5.7
2024-07-11 21:00:00,29.0,0.0,73.4,162.0,5.1
2024-07-11 22:00:00,28.9,0.0,76.3,158.0,6.6
2024-07-11 23:00:00,28.8,0.0,77.8,157.0,5.2
2024-07-12 00:00:00,28.7,0.0,79.8,160.0,4.9
2024-07-12 01:00:00,29.0,0.0,76.6,170.0,4.4
2024-07-12 02:00:00,28.7,0.0,80.0,144.0,7.6
2024-07-12 03:00:00,28.5,0.0,81.1,145.0,5.9
2024-07-12 04:00:00,28.2,0.0,82.9,142.0,4.9
2024-07-12 05:00:00,28.1,0.0,81.0,157.0,4.0
2024-07-12 07:00:00,28.0,0.0,83.8,82.0,1.8
2024-07-12 08:00:00,28.5,0.0,79.8,125.0,2.7
2024-07-12 09:00:00,28.9,0.0,80.2,137.0,2.3
2024-07-12 10:00:00,29.5,0.0,72.7,130.0,3.5
2024-07-12 11:00:00,29.8,0.0,69.8,142.0,5.1
2024-07-12 12:00:00,30.5,0.0,70.4,168.0,5.3
2024-07-12 13:00:00,30.3,0.0,66.1,274.0,4.3
2024-07-12 14:00:00,28.1,0.0,71.1,293.0,2.8
2024-07-12 15:00:00,28.0,0.0,73.7,264.0,3.0
2024-07-12 16:00:00,26.9,0.0,76.6,240.0,4.3
2024-07-12 17:00:00,26.6,0.0,85.9,82.0,1.7
2024-07-12 18:00:00,26.5,0.0,85.5,32.0,1.6
2024-07-12 19:00:00,26.1,0.0,88.7,348.0,1.5
2024-07-12 20:00:00,26.4,0.0,87.4,82.0,2.7
2024-07-12 21:00:00,26.6,0.0,88.1,129.0,3.1
2024-07-12 22:00:00,26.8,0.0,86.5,95.0,5.5
2024-07-12 23:00:00,27.1,0.0,86.8,91.0,4.8
2024-07-13 00:00:00,27.2,0.0,82.7,128.0,6.3
2024-07-13 01:00:00,26.8,0.0,85.3,113.0,1.7
2024-07-13 02:00:00,26.9,0.0,83.8,121.0,2.4
2024-07-13 03:00:00,27.1,0.0,80.6,155.0,3.3
2024-07-13 04:00:00,27.5,0.0,77.4,126.0,4.0
2024-07-13 05:00:00,27.6,0.0,80.1,131.0,4.4
2024-07-13 06:00:00,27.5,0.0,83.5,147.0,3.5
2024-07-13 07:00:00,27.4,0.0,85.1,159.0,4.0
2024-07-13 08:00:00,27.9,0.0,85.3,163.0,3.8
2024-07-13 09:00:00,29.1,0.0,80.7,155.0,3.7
2024-07-13 10:00:00,29.0,0.0,80.2,164.0,5.0
2024-07-13 11:00:00,30.0,0.0,72.3,179.0,5.7
2024-07-13 12:00:00,30.7,0.0,69.2,168.0,6.0
2024-07-13 13:00:00,31.4,0.0,65.4,207.0,7.5
2024-07-13 14:00:00,31.2,0.0,71.7,195.0,6.8
2024-07-13 15:00:00,30.9,0.0,70.8,176.0,8.10001
2024-07-13 16:00:00,31.1,0.0,68.7,171.0,6.5
2024-07-13 17:00:00,31.0,0.0,66.2,158.0,7.2
2024-07-13 18:00:00,30.4,0.0,70.6,159.0,6.6
2024-07-13 19:00:00,30.0,0.0,71.1,172.0,6.1
2024-07-13 20:00:00,29.6,0.0,71.3,166.0,5.5
2024-07-13 21:00:00,29.4,0.0,72.7,150.0,5.1
2024-07-13 22:00:00,29.1,0.0,76.7,146.0,4.3
2024-07-13 23:00:00,29.1,0.0,73.6,124.0,5.8
2024-07-14 00:00:00,28.9,0.0,76.1,131.0,6.0
2024-07-14 01:00:00,28.7,0.0,76.6,131.0,5.7
2024-07-14 02:00:00,28.5,0.0,77.8,141.0,5.0
2024-07-14 03:00:00,28.4,0.0,78.5,143.0,5.6
2024-07-14 04:00:00,28.2,0.0,81.9,149.0,3.5
2024-07-14 05:00:00,28.4,0.0,80.7,133.0,4.7
2024-07-14 07:00:00,28.4,0.0,82.8,155.0,4.3
2024-07-14 08:00:00,26.4,0.0,90.5,128.0,6.2
2024-07-14 09:00:00,27.7,0.0,85.6,166.0,5.4
2024-07-14 10:00:00,28.7,0.0,78.1,166.0,6.4
2024-07-14 11:00:00,29.5,0.0,75.1,176.0,5.1
2024-07-14 12:00:00,30.8,0.0,67.0,153.0,6.2
2024-07-14 13:00:00,30.5,0.0,65.4,172.0,4.9
2024-07-14 14:00:00,30.8,0.0,59.1,167.0,6.9
2024-07-14 15:00:00,30.9,0.0,57.1,185.0,7.1
2024-07-14 16:00:00,28.0,0.0,75.3,233.0,9.89999
2024-07-14 17:00:00,28.5,0.0,72.7,185.0,5.4
2024-07-14 18:00:00,29.0,0.0,70.5,158.0,3.0
2024-07-14 19:00:00,28.9,0.0,71.5,134.0,3.0
2024-07-14 20:00:00,28.6,0.0,75.7,168.0,3.9
2024-07-14 21:00:00,29.0,0.0,72.1,171.0,5.0
2024-07-14 22:00:00,28.9,0.0,71.8,173.0,4.1
2024-07-14 23:00:00,28.8,0.0,73.3,169.0,4.1
2024-07-15 00:00:00,28.5,0.0,76.6,126.0,3.1
2024-07-15 01:00:00,28.4,0.0,78.6,135.0,3.6
2024-07-15 02:00:00,28.2,0.0,77.7,136.0,4.5
2024-07-15 03:00:00,28.1,0.0,79.6,147.0,3.3
2024-07-15 04:00:00,28.0,0.0,78.5,153.0,4.4
2024-07-15 07:00:00,27.7,0.0,82.2,166.0,4.5
2024-07-15 08:00:00,28.1,0.0,79.4,168.0,4.0
2024-07-15 09:00:00,28.5,0.0,77.4,170.0,5.1
2024-07-15 10:00:00,29.8,0.0,76.1,173.0,5.8
2024-07-15 11:00:00,30.3,0.0,70.3,176.0,6.4
2024-07-15 12:00:00,31.0,0.0,67.4,166.0,6.9
2024-07-15 13:00:00,31.0,0.0,67.5,188.0,7.1
2024-07-15 14:00:00,31.5,0.0,64.0,183.0,6.4
2024-07-15 15:00:00,31.4,0.0,61.2,179.0,7.4
2024-07-15 16:00:00,31.2,0.0,63.3,177.0,6.8
2024-07-15 17:00:00,30.6,0.0,65.3,169.0,4.9
2024-07-15 18:00:00,30.1,0.0,66.5,171.0,5.7
2024-07-15 19:00:00,29.7,0.0,69.7,177.0,5.3
2024-07-15 20:00:00,29.2,0.0,75.5,157.0,6.2
2024-07-15 21:00:00,29.0,0.0,75.3,161.0,4.9
2024-07-15 22:00:00,28.9,0.0,75.9,165.0,4.9
2024-07-15 23:00:00,28.9,0.0,76.7,165.0,5.5
2024-07-16 00:00:00,28.8,0.0,75.4,170.0,5.2
2024-07-16 01:00:00,28.6,0.0,77.3,167.0,4.0
2024-07-16 02:00:00,28.4,0.0,79.3,143.0,4.4
2024-07-16 03:00:00,28.0,0.0,80.3,158.0,3.9
2024-07-16 04:00:00,28.0,0.0,79.2,148.0,4.1
2024-07-16 05:00:00,28.0,0.0,82.3,149.0,3.9
2024-07-16 06:00:00,,0.0,,,
2024-07-16 07:00:00,28.0,0.0,80.4,151.0,4.3
2024-07-16 08:00:00,28.6,0.0,77.6,166.0,5.9
2024-07-16 09:00:00,29.1,0.0,74.6,179.0,5.9
2024-07-16 10:00:00,29.6,0.0,67.9,171.0,8.3
2024-07-16 11:00:00,30.5,0.0,66.6,184.0,6.9
2024-07-16 12:00:00,30.4,0.0,66.1,195.0,7.6
2024-07-16 13:00:00,30.7,0.0,67.3,179.0,8.89999
2024-07-16 14:00:00,30.4,0.0,64.3,191.0,8.5
2024-07-16 15:00:00,30.1,0.0,67.1,173.0,8.2
2024-07-16 16:00:00,30.5,0.0,64.3,172.0,7.8
2024-07-16 17:00:00,30.5,0.0,65.9,165.0,5.5
2024-07-16 18:00:00,29.8,0.0,65.9,178.0,5.8
2024-07-16 19:00:00,29.1,0.0,72.9,171.0,4.3
2024-07-16 20:00:00,28.9,0.0,75.5,171.0,4.2
2024-07-16 21:00:00,28.7,0.0,79.6,168.0,3.9
2024-07-16 22:00:00,28.8,0.0,79.0,166.0,5.1
2024-07-16 23:00:00,28.7,0.0,78.8,163.0,4.0
2024-07-17 00:00:00,28.5,0.0,79.2,158.0,4.2
2024-07-17 01:00:00,28.4,0.0,77.9,156.0,3.7
2024-07-17 02:00:00,28.1,0.0,83.2,146.0,3.7
2024-07-17 03:00:00,27.9,0.0,83.9,156.0,3.9
2024-07-17 04:00:00,27.9,0.0,82.5,155.0,4.5
2024-07-17 05:00:00,27.7,0.0,86.1,153.0,4.3
2024-07-17 06:00:00,28.0,0.0,80.7,153.0,5.3
2024-07-17 07:00:00,28.0,0.0,80.9,159.0,4.6
2024-07-17 08:00:00,28.3,0.0,82.3,153.0,4.9
2024-07-17 09:00:00,29.3,0.0,77.2,158.0,4.8
2024-07-17 10:00:00,30.0,0.0,75.3,178.0,3.9
2024-07-17 11:00:00,30.1,0.0,74.0,175.0,5.3
2024-07-17 12:00:00,29.5,0.0,78.2,216.0,6.8
2024-07-17 13:00:00,29.9,0.0,77.6,201.0,4.2
2024-07-17 14:00:00,29.9,0.0,78.1,180.0,7.5
2024-07-17 15:00:00,30.3,0.0,69.9,176.0,6.3
2024-07-17 16:00:00,31.0,0.0,69.6,176.0,7.7
2024-07-17 17:00:00,30.6,0.0,72.8,192.0,6.9
2024-07-17 18:00:00,30.7,0.0,66.3,172.0,4.9
2024-07-17 19:00:00,29.6,0.0,71.9,169.0,4.5
2024-07-17 20:00:00,29.4,0.0,72.1,169.0,4.3
2024-07-17 21:00:00,29.0,0.0,73.9,163.0,5.0
2024-07-17 22:00:00,29.0,0.0,72.9,159.0,6.1
2024-07-17 23:00:00,28.9,0.0,75.7,162.0,5.0
2024-07-18 00:00:00,28.6,0.0,79.4,153.0,4.0
2024-07-18 01:00:00,28.6,0.0,78.4,165.0,4.8
2024-07-18 03:00:00,28.5,0.0,76.8,165.0,4.4
2024-07-18 04:00:00,28.3,0.0,79.6,165.0,3.1
2024-07-18 05:00:00,28.1,0.0,83.0,170.0,3.1
2024-07-18 06:00:00,,0.0,,,
2024-07-18 07:00:00,28.0,0.0,85.6,183.0,2.1
2024-07-18 08:00:00,28.6,0.0,82.5,168.0,4.6
2024-07-18 09:00:00,29.5,0.0,78.5,161.0,5.6
2024-07-18 10:00:00,29.0,0.0,80.3,182.0,8.0
2024-07-18 11:00:00,29.6,0.0,75.5,165.0,6.5
2024-07-18 12:00:00,31.1,0.0,71.6,188.0,5.5
2024-07-18 13:00:00,31.3,0.0,68.9,224.0,6.1
2024-07-18 14:00:00,31.7,0.0,68.6,184.0,8.5
2024-07-18 15:00:00,31.5,0.0,66.2,176.0,9.8
2024-07-18 16:00:00,31.6,0.0,66.7,176.0,8.60001
2024-07-18 17:00:00,31.4,0.0,66.1,165.0,7.8
2024-07-18 18:00:00,31.0,0.0,66.5,158.0,6.5
2024-07-18 19:00:00,30.1,0.0,71.5,148.0,7.0
2024-07-18 20:00:00,29.5,0.0,74.8,153.0,5.3
2024-07-18 21:00:00,29.5,0.0,74.1,157.0,5.3
2024-07-18 22:00:00,29.3,0.0,77.0,149.0,4.9
2024-07-18 23:00:00,29.3,0.0,78.0,127.0,6.2
2024-07-19 00:00:00,29.1,0.0,79.0,139.0,7.0
2024-07-19 01:00:00,28.8,0.0,81.5,136.0,7.5
2024-07-19 02:00:00,28.6,0.0,83.4,140.0,6.5
2024-07-19 03:00:00,28.6,0.0,83.2,138.0,6.3
2024-07-19 04:00:00,28.5,0.0,83.5,135.0,6.1
2024-07-19 05:00:00,28.7,0.0,79.2,136.0,6.6
2024-07-19 06:00:00,28.6,0.0,80.9,129.0,4.7
2024-07-19 07:00:00,28.3,0.0,84.4,151.0,4.9
2024-07-19 08:00:00,28.5,0.0,82.4,154.0,4.6
2024-07-19 09:00:00,29.4,0.0,76.1,156.0,7.3
2024-07-19 10:00:00,30.1,0.0,74.3,181.0,6.8
2024-07-19 11:00:00,30.4,0.0,73.7,149.0,6.0
2024-07-19 12:00:00,30.9,0.0,72.0,159.0,8.10001
2024-07-19 13:00:00,31.9,0.0,66.7,172.0,5.3
2024-07-19 14:00:00,31.3,0.0,67.4,152.0,7.6
2024-07-19 15:00:00,31.1,0.0,67.6,158.0,8.89999
2024-07-19 16:00:00,31.8,0.0,63.9,168.0,6.7
2024-07-19 17:00:00,30.9,0.0,68.5,165.0,7.6
2024-07-19 18:00:00,30.4,0.0,66.6,161.0,8.2
2024-07-19 19:00:00,30.1,0.0,70.0,133.0,5.7
2024-07-19 20:00:00,29.7,0.0,72.9,147.0,4.9
2024-07-19 21:00:00,29.5,0.0,74.1,163.0,4.6
2024-07-19 22:00:00,29.2,0.0,77.2,122.0,7.7
2024-07-19 23:00:00,29.2,0.0,74.0,134.0,8.2
2024-07-20 00:00:00,29.0,0.0,73.1,123.0,7.6
2024-07-20 01:00:00,28.9,0.0,73.9,137.0,6.9
2024-07-20 02:00:00,28.7,0.0,75.8,141.0,7.1
2024-07-20 04:00:00,28.5,0.0,79.6,135.0,6.0
2024-07-20 06:00:00,28.4,0.0,82.3,157.0,4.6
2024-07-20 07:00:00,28.4,0.0,83.5,169.0,4.1
2024-07-20 08:00:00,28.9,0.0,80.9,160.0,5.1
2024-07-20 09:00:00,29.0,0.0,80.4,173.0,4.6
2024-07-20 10:00:00,29.6,0.0,77.6,163.0,6.2
2024-07-20 11:00:00,30.7,0.0,73.7,178.0,7.3
2024-07-20 12:00:00,31.4,0.0,68.6,177.0,7.8
2024-07-20 13:00:00,32.0,0.0,63.4,179.0,7.7
2024-07-20 14:00:00,32.0,0.0,63.4,176.0,7.4
2024-07-20 15:00:00,31.9,0.0,63.5,161.0,8.2
2024-07-20 16:00:00,31.3,0.0,68.1,166.0,7.2
2024-07-20 17:00:00,31.3,0.0,63.1,156.0,7.1
2024-07-20 18:00:00,31.0,0.0,64.5,156.0,6.3
2024-07-20 19:00:00,30.2,0.0,69.6,152.0,5.0
2024-07-20 20:00:00,29.7,0.0,75.0,147.0,5.2
2024-07-20 21:00:00,29.5,0.0,77.9,149.0,4.8
2024-07-20 22:00:00,29.5,0.0,74.3,151.0,5.2
2024-07-20 23:00:00,29.4,0.0,75.6,141.0,5.5
2024-07-21 00:00:00,29.3,0.0,77.5,134.0,6.2
2024-07-21 01:00:00,28.9,0.0,81.2,147.0,4.4
2024-07-21 03:00:00,,0.0,,,
2024-07-21 04:00:00,28.4,0.0,85.0,155.0,4.3
2024-07-21 07:00:00,28.4,0.0,83.7,142.0,4.0
2024-07-21 08:00:00,28.7,0.0,80.9,169.0,5.1
2024-07-21 09:00:00,29.2,0.0,79.7,165.0,6.3
2024-07-21 10:00:00,29.9,0.0,76.5,163.0,7.3
2024-07-21 11:00:00,30.3,0.0,70.6,165.0,7.5
2024-07-21 12:00:00,31.1,0.0,62.8,178.0,10.2
2024-07-21 13:00:00,31.4,0.0,62.0,182.0,9.60001
2024-07-21 14:00:00,31.4,0.0,64.8,175.0,9.3
2024-07-21 15:00:00,31.4,0.0,65.7,175.0,8.7
2024-07-21 16:00:00,31.3,0.0,64.6,165.0,8.10001
2024-07-21 17:00:00,30.4,0.0,70.0,161.0,6.8
2024-07-21 18:00:00,30.2,0.0,71.1,159.0,5.8
2024-07-21 19:00:00,29.9,0.0,74.0,149.0,5.7
2024-07-21 20:00:00,29.5,0.0,74.7,166.0,4.8
2024-07-21 21:00:00,29.5,0.0,75.3,158.0,5.0
2024-07-21 22:00:00,29.4,0.0,76.4,152.0,4.9
2024-07-21 23:00:00,29.3,0.0,77.4,131.0,5.8
2024-07-22 00:00:00,29.0,0.0,80.8,130.0,5.3
2024-07-22 01:00:00,28.9,0.0,82.1,130.0,5.8
2024-07-22 02:00:00,28.6,0.0,83.7,128.0,4.3
2024-07-22 04:00:00,,0.0,,,
2024-07-22 06:00:00,28.6,0.0,85.1,138.0,5.5
2024-07-22 07:00:00,28.6,0.0,84.2,132.0,6.2
2024-07-22 08:00:00,28.6,0.0,85.8,161.0,5.0
2024-07-22 09:00:00,29.3,0.0,81.9,156.0,6.3
2024-07-22 10:00:00,30.4,0.0,77.4,170.0,5.6
2024-07-22 11:00:00,30.9,0.0,73.5,166.0,6.7
2024-07-22 12:00:00,31.7,0.0,61.6,184.0,9.3
2024-07-22 13:00:00,31.7,0.0,63.5,193.0,8.89999
2024-07-22 14:00:00,32.3,0.0,65.5,168.0,8.2
2024-07-22 15:00:00,32.1,0.0,63.4,173.0,7.9
2024-07-22 16:00:00,31.7,0.0,65.6,158.0,7.8
2024-07-22 17:00:00,31.5,0.0,66.5,158.0,8.89999
2024-07-22 18:00:00,31.4,0.0,67.0,162.0,5.6
2024-07-22 19:00:00,30.4,0.0,70.1,156.0,7.3
2024-07-22 20:00:00,30.1,0.0,70.2,151.0,5.9
2024-07-22 21:00:00,29.7,0.0,76.7,150.0,6.5
2024-07-22 22:00:00,29.5,0.0,78.3,153.0,4.4
2024-07-22 23:00:00,29.2,0.0,82.3,136.0,5.4
2024-07-23 00:00:00,29.0,0.0,83.3,139.0,4.4
2024-07-23 01:00:00,28.9,0.0,82.3,142.0,4.7
2024-07-23 02:00:00,,0.0,,,
2024-07-23 03:00:00,,0.0,,,
2024-07-23 04:00:00,,0.0,,,
2024-07-23 05:00:00,28.6,0.0,86.1,128.0,3.9
2024-07-23 06:00:00,28.4,0.0,86.9,128.0,3.7
2024-07-23 07:00:00,28.2,0.0,88.3,133.0,4.1
2024-07-23 08:00:00,28.5,0.0,87.7,157.0,4.4
2024-07-23 09:00:00,29.5,0.0,83.6,162.0,4.8
2024-07-23 10:00:00,30.3,0.0,77.3,156.0,5.2
2024-07-23 11:00:00,31.3,0.0,73.0,168.0,5.2
2024-07-23 12:00:00,30.9,0.0,74.2,176.0,6.7
2024-07-23 13:00:00,31.2,0.0,72.0,220.0,6.5
2024-07-23 14:00:00,31.9,0.0,67.0,172.0,6.5
2024-07-23 15:00:00,32.3,0.0,68.6,187.0,6.4
2024-07-23 16:00:00,32.3,0.0,66.4,188.0,5.6
2024-07-23 17:00:00,31.7,0.0,65.7,174.0,6.2
2024-07-23 18:00:00,31.2,0.0,71.5,158.0,6.1
2024-07-23 19:00:00,30.0,0.0,75.0,159.0,5.5
2024-07-23 20:00:00,29.8,0.0,73.5,157.0,5.5
2024-07-23 21:00:00,29.3,0.0,81.0,162.0,5.3
2024-07-23 22:00:00,29.2,0.0,80.9,155.0,5.3
2024-07-23 23:00:00,29.0,0.0,81.8,141.0,5.1
2024-07-24 00:00:00,28.9,0.0,82.8,139.0,6.4
2024-07-24 01:00:00,28.7,0.0,82.7,132.0,6.1
2024-07-24 03:00:00,28.4,0.0,82.7,143.0,3.9
2024-07-24 04:00:00,28.3,0.0,83.3,154.0,3.9
2024-07-24 05:00:00,28.1,0.0,83.1,159.0,3.9
2024-07-24 06:00:00,28.3,0.0,82.6,145.0,3.9
2024-07-24 07:00:00,28.2,0.0,83.0,153.0,3.3
2024-07-24 08:00:00,28.7,0.0,82.1,141.0,3.0
2024-07-24 09:00:00,29.3,0.0,80.1,166.0,4.2
2024-07-24 10:00:00,30.1,0.0,74.4,172.0,4.6
2024-07-24 11:00:00,30.0,0.0,75.7,201.0,4.0
2024-07-24 12:00:00,31.5,0.0,68.1,201.0,6.8
2024-07-24 13:00:00,32.1,0.0,68.0,189.0,8.2
2024-07-24 14:00:00,32.0,0.0,69.4,180.0,6.8
2024-07-24 15:00:00,31.4,0.0,69.7,181.0,8.39999
2024-07-24 16:00:00,32.1,0.0,66.7,161.0,7.2
2024-07-24 17:00:00,31.6,0.0,67.0,179.0,6.4
2024-07-24 18:00:00,30.8,0.0,70.5,158.0,6.4
2024-07-24 19:00:00,30.2,0.0,68.3,180.0,5.2
2024-07-24 20:00:00,29.6,0.0,71.3,167.0,5.6
2024-07-24 21:00:00,29.3,0.0,73.0,151.0,4.4
2024-07-24 22:00:00,29.4,0.0,70.6,142.0,4.1
2024-07-24 23:00:00,29.3,0.0,74.2,124.0,5.2
2024-07-25 00:00:00,29.2,0.0,71.3,118.0,5.1
2024-07-25 01:00:00,29.0,0.0,71.2,130.0,5.7
2024-07-25 02:00:00,28.9,0.0,72.9,131.0,6.8
2024-07-25 03:00:00,28.6,0.0,74.1,128.0,6.9
2024-07-25 05:00:00,28.4,0.0,79.2,128.0,5.0
2024-07-25 06:00:00,28.4,0.0,80.5,135.0,7.9
2024-07-25 07:00:00,28.4,0.0,80.9,137.0,8.0
2024-07-25 08:00:00,28.7,0.0,81.7,131.0,5.5
2024-07-25 09:00:00,29.5,0.0,78.2,140.0,7.0
2024-07-25 10:00:00,30.0,0.0,75.2,151.0,5.8
2024-07-25 11:00:00,31.3,0.0,67.5,180.0,6.8
2024-07-25 12:00:00,31.0,0.0,69.6,165.0,7.5
2024-07-25 13:00:00,31.5,0.0,61.0,180.0,9.3
2024-07-25 14:00:00,31.9,0.0,57.9,194.0,9.10001
2024-07-25 15:00:00,32.0,0.0,59.8,177.0,7.7
2024-07-25 16:00:00,32.1,0.0,58.1,183.0,7.8
2024-07-25 17:00:00,31.6,0.0,59.8,171.0,6.9
2024-07-25 18:00:00,31.3,0.0,57.5,168.0,5.8
2024-07-25 19:00:00,30.3,0.0,63.6,163.0,6.7
2024-07-25 20:00:00,29.7,0.0,71.5,160.0,5.0
2024-07-25 21:00:00,29.3,0.0,74.6,144.0,4.0
2024-07-25 22:00:00,29.3,0.0,72.0,134.0,4.3
2024-07-25 23:00:00,29.0,0.0,74.8,130.0,7.1
2024-07-26 00:00:00,28.8,0.0,76.4,123.0,6.7
2024-07-26 01:00:00,28.8,0.0,75.0,129.0,6.2
2024-07-26 02:00:00,28.7,0.0,77.1,122.0,6.3
2024-07-26 03:00:00,,0.0,,,
2024-07-26 04:00:00,28.5,0.0,79.8,135.0,7.3
2024-07-26 05:00:00,,0.0,,,
2024-07-26 06:00:00,28.5,0.0,78.7,131.0,7.2
2024-07-26 07:00:00,28.3,0.0,79.8,139.0,6.8
2024-07-26 08:00:00,28.6,0.0,79.7,138.0,8.2
2024-07-26 09:00:00,29.5,0.0,77.5,154.0,6.0
2024-07-26 10:00:00,30.0,0.0,71.2,164.0,7.5
2024-07-26 11:00:00,31.1,0.0,66.3,155.0,7.3
2024-07-26 12:00:00,30.8,0.0,68.3,160.0,7.6
2024-07-26 13:00:00,31.5,0.0,66.2,188.0,8.5
2024-07-26 14:00:00,31.9,0.0,62.4,185.0,9.0
2024-07-26 15:00:00,31.6,0.0,61.8,178.0,9.60001
2024-07-26 16:00:00,31.8,0.0,61.3,167.0,8.5
2024-07-26 17:00:00,32.1,0.0,58.8,153.0,7.8
2024-07-26 18:00:00,31.4,0.0,61.8,171.0,7.2
2024-07-26 19:00:00,30.4,0.0,67.8,168.0,6.1
2024-07-26 20:00:00,30.0,0.0,71.9,162.0,4.7
2024-07-26 21:00:00,29.7,0.0,69.8,158.0,4.5
2024-07-26 22:00:00,29.4,0.0,78.5,121.0,7.5
2024-07-26 23:00:00,29.1,0.0,78.9,130.0,6.0
2024-07-27 00:00:00,28.8,0.0,80.4,132.0,7.9
2024-07-27 01:00:00,28.6,0.0,83.4,133.0,6.6
2024-07-27 04:00:00,28.3,0.0,80.5,120.0,6.0
2024-07-27 05:00:00,28.4,0.0,76.4,141.0,7.2
2024-07-27 06:00:00,28.5,0.0,79.0,133.0,7.9
2024-07-27 07:00:00,28.4,0.0,82.3,143.0,4.9
2024-07-27 08:00:00,28.5,0.0,81.4,160.0,4.6
2024-07-27 09:00:00,30.0,0.0,71.1,138.0,6.1
2024-07-27 10:00:00,30.2,0.0,70.2,170.0,6.6
2024-07-27 11:00:00,31.2,0.0,66.7,155.0,8.0
2024-07-27 12:00:00,31.6,0.0,64.6,160.0,9.3
2024-07-27 13:00:00,31.8,0.0,59.9,162.0,8.89999
2024-07-27 14:00:00,32.8,0.0,55.5,164.0,7.3
2024-07-27 15:00:00,32.7,0.0,56.2,203.0,6.9
2024-07-27 16:00:00,32.4,0.0,56.7,193.0,7.4
2024-07-27 17:00:00,31.8,0.0,60.9,168.0,8.3
2024-07-27 18:00:00,31.3,0.0,60.5,158.0,8.7
2024-07-27 19:00:00,30.5,0.0,68.9,156.0,5.1
2024-07-27 20:00:00,30.1,0.0,70.5,160.0,4.5
2024-07-27 21:00:00,29.6,0.0,74.8,157.0,4.2
2024-07-27 22:00:00,29.3,0.0,79.4,135.0,7.6
2024-07-27 23:00:00,29.1,0.0,78.5,128.0,7.9
2024-07-28 00:00:00,28.9,0.0,76.8,131.0,8.10001
2024-07-28 01:00:00,28.8,0.0,79.0,129.0,6.7
2024-07-28 02:00:00,28.6,0.0,79.5,129.0,6.8
2024-07-28 03:00:00,28.6,0.0,78.7,133.0,6.5
2024-07-28 04:00:00,28.6,0.0,77.5,124.0,7.5
2024-07-28 05:00:00,28.4,0.0,78.9,131.0,6.6
2024-07-28 06:00:00,28.5,0.0,79.8,137.0,8.3
2024-07-28 07:00:00,28.5,0.0,82.1,135.0,6.9
2024-07-28 08:00:00,28.6,0.0,83.4,149.0,5.4
2024-07-28 09:00:00,29.9,0.0,72.0,152.0,6.7
2024-07-28 10:00:00,30.2,0.0,74.4,176.0,5.4
2024-07-28 11:00:00,30.9,0.0,69.8,174.0,6.1
2024-07-28 12:00:00,32.0,0.0,62.7,155.0,7.6
2024-07-28 13:00:00,32.4,0.0,58.5,171.0,8.10001
2024-07-28 14:00:00,32.2,0.0,61.4,171.0,7.9
2024-07-28 15:00:00,32.0,0.0,58.4,176.0,9.60001
2024-07-28 16:00:00,32.1,0.0,57.2,156.0,7.9
2024-07-28 17:00:00,32.2,0.0,57.5,158.0,7.4
2024-07-28 18:00:00,31.5,0.0,59.4,153.0,6.9
2024-07-28 19:00:00,30.6,0.0,64.3,158.0,5.8
2024-07-28 20:00:00,30.3,0.0,65.0,143.0,8.2
2024-07-28 21:00:00,29.5,0.0,76.6,128.0,9.2
2024-07-28 22:00:00,29.2,0.0,76.0,122.0,9.5
2024-07-28 23:00:00,29.1,0.0,77.0,124.0,7.3
2024-07-29 00:00:00,29.0,0.0,75.7,133.0,8.5
2024-07-29 01:00:00,28.8,0.0,76.5,122.0,6.3
2024-07-29 02:00:00,28.7,0.0,77.2,124.0,7.2
2024-07-29 04:00:00,28.5,0.0,80.4,128.0,6.9
2024-07-29 05:00:00,,0.0,,,
2024-07-29 06:00:00,28.6,0.0,81.7,139.0,7.4
2024-07-29 07:00:00,28.8,0.0,81.8,133.0,7.5
2024-07-29 08:00:00,28.9,0.0,77.9,152.0,6.6
2024-07-29 09:00:00,30.0,0.0,72.4,136.0,6.5
2024-07-29 10:00:00,30.5,0.0,70.2,159.0,6.3
2024-07-29 11:00:00,31.4,0.0,64.8,154.0,6.2
2024-07-29 12:00:00,31.3,0.0,65.2,171.0,7.2
2024-07-29 13:00:00,31.7,0.0,61.8,164.0,8.2
2024-07-29 14:00:00,31.7,0.0,62.2,165.0,9.10001
2024-07-29 15:00:00,32.6,0.0,60.3,178.0,6.4
2024-07-29 16:00:00,32.1,0.0,61.2,194.0,8.2
2024-07-29 17:00:00,31.6,0.0,62.0,182.0,9.5
2024-07-29 18:00:00,29.8,0.0,71.1,227.0,8.5
2024-07-29 19:00:00,29.8,0.0,70.9,209.0,4.5
2024-07-29 20:00:00,29.4,0.0,74.6,154.0,4.9
2024-07-29 21:00:00,29.7,0.0,74.8,132.0,5.4
2024-07-29 22:00:00,29.3,0.0,75.5,137.0,7.6
2024-07-29 23:00:00,29.2,0.0,74.7,121.0,7.2
2024-07-30 00:00:00,29.0,0.0,73.4,128.0,6.9
2024-07-30 01:00:00,28.8,0.0,76.4,123.0,6.3
2024-07-30 02:00:00,28.6,0.0,78.8,124.0,6.5
2024-07-30 03:00:00,28.4,0.0,80.7,132.0,6.7
2024-07-30 04:00:00,28.3,0.0,81.3,139.0,4.8
2024-07-30 06:00:00,28.3,0.0,81.4,128.0,5.7
2024-07-30 07:00:00,28.3,0.0,81.9,127.0,4.9
2024-07-30 08:00:00,28.8,0.0,79.6,136.0,7.0
2024-07-30 09:00:00,29.9,0.0,75.1,130.0,6.2
2024-07-30 10:00:00,30.1,0.0,74.7,146.0,7.6
2024-07-30 11:00:00,30.8,0.0,66.7,148.0,8.0
2024-07-30 12:00:00,31.8,0.0,62.2,177.0,9.10001
2024-07-30 13:00:00,32.4,0.0,59.8,169.0,6.9
2024-07-30 14:00:00,32.6,0.0,59.7,157.0,7.3
2024-07-30 15:00:00,32.8,0.0,60.7,151.0,7.4
2024-07-30 16:00:00,32.0,0.0,65.1,175.0,7.9
2024-07-30 17:00:00,31.6,0.0,65.9,174.0,6.5
2024-07-30 18:00:00,31.6,0.0,62.9,173.0,6.7
2024-07-30 19:00:00,30.6,0.0,73.3,149.0,6.5
2024-07-30 20:00:00,29.8,0.0,75.5,146.0,7.1
2024-07-30 21:00:00,29.5,0.0,77.7,118.0,6.2
2024-07-30 22:00:00,29.4,0.0,75.6,126.0,7.6
2024-07-30 23:00:00,29.4,0.0,76.8,119.0,6.2
2024-07-31 00:00:00,29.2,0.0,75.5,121.0,8.89999
2024-07-31 01:00:00,29.0,0.0,78.8,119.0,6.1
2024-07-31 02:00:00,28.9,0.0,79.1,112.0,4.5
2024-07-31 03:00:00,,0.0,,,
2024-07-31 04:00:00,28.6,0.0,80.2,126.0,6.3
2024-07-31 05:00:00,28.6,0.0,80.0,127.0,7.6
2024-07-31 06:00:00,28.5,0.0,81.6,132.0,6.4
2024-07-31 07:00:00,28.5,0.0,82.6,126.0,6.6
2024-07-31 08:00:00,28.8,0.0,80.5,126.0,6.5
2024-07-31 09:00:00,29.1,0.0,79.9,131.0,6.1
2024-07-31 10:00:00,30.3,0.0,72.5,123.0,7.7
2024-07-31 11:00:00,29.8,0.0,75.1,124.0,5.8
2024-07-31 12:00:00,31.5,0.0,66.3,119.0,4.7
2024-07-31 13:00:00,32.0,0.0,63.4,136.0,6.5
2024-07-31 14:00:00,32.0,0.0,60.3,180.0,6.7
2024-07-31 15:00:00,31.1,0.0,65.3,139.0,7.3
2024-07-31 16:00:00,30.7,0.0,69.5,295.0,4.4
2024-07-31 17:00:00,27.7,0.0,87.1,308.0,4.0
2024-07-31 18:00:00,26.6,0.0,84.5,357.0,3.6
2024-07-31 19:00:00,26.3,0.0,95.0,268.0,4.0
2024-07-31 20:00:00,25.4,0.0,87.4,199.0,5.1
2024-07-31 21:00:00,25.9,0.0,86.3,205.0,3.6
2024-07-31 22:00:00,25.7,0.0,85.3,156.0,2.9
2024-07-31 23:00:00,26.1,0.0,85.2,73.0,0.9
2024-08-01 00:00:00,26.8,0.0,81.1,11.0,1.1
2024-08-01 01:00:00,26.5,0.0,82.9,135.0,0.4
2024-08-01 02:00:00,27.3,0.0,76.0,162.0,2.0
2024-08-14 14:00:00,27.7,0.0,85.8,352.0,1.4
2024-08-14 15:00:00,29.7,0.0,75.5,203.0,1.8
2024-08-14 16:00:00,25.7,2.2,94.5,12.0,4.7
2024-08-14 17:00:00,24.6,0.8,97.1,307.0,1.9
2024-08-14 18:00:00,25.6,0.0,93.8,344.0,0.7
2024-08-14 19:00:00,25.1,0.2,94.7,128.0,3.9
2024-08-14 20:00:00,25.6,0.0,92.4,163.0,2.8
2024-08-14 21:00:00,25.9,0.0,90.3,184.0,2.9
2024-08-14 22:00:00,26.2,0.0,90.6,269.0,2.2
2024-08-14 23:00:00,26.4,0.0,89.7,248.0,1.2
2024-08-15 00:00:00,27.0,0.0,86.7,130.0,2.1
2024-08-15 01:00:00,27.2,0.0,84.6,146.0,3.2
2024-08-15 02:00:00,27.0,0.0,87.0,139.0,4.6
2024-08-15 03:00:00,27.1,0.0,85.8,110.0,2.9
2024-08-15 04:00:00,27.0,0.0,84.7,163.0,3.2
2024-08-15 05:00:00,27.0,0.0,85.4,158.0,3.4
2024-08-15 06:00:00,27.1,0.0,86.3,143.0,3.0
2024-08-15 07:00:00,27.3,0.0,87.1,195.0,2.1
2024-08-15 08:00:00,27.7,0.0,86.3,151.0,2.9
2024-08-15 09:00:00,28.7,0.0,82.2,153.0,4.1
2024-08-15 10:00:00,30.1,0.0,77.2,143.0,3.1
2024-08-15 11:00:00,30.3,0.0,76.1,176.0,4.4
2024-08-15 12:00:00,31.6,0.0,71.5,158.0,4.1
2024-08-15 13:00:00,31.0,0.0,69.7,185.0,5.7
2024-08-15 14:00:00,31.2,0.0,66.4,178.0,5.5
2024-08-15 15:00:00,30.3,0.0,65.1,143.0,10.0
2024-08-15 16:00:00,29.8,0.0,73.3,112.0,7.3
2024-08-15 17:00:00,28.7,0.0,81.3,135.0,8.39999
2024-08-15 18:00:00,29.1,0.0,77.0,155.0,6.5
2024-08-15 19:00:00,29.4,0.0,72.6,139.0,10.6
2024-08-15 20:00:00,29.1,0.0,75.7,132.0,8.2
2024-08-15 21:00:00,29.0,0.0,79.1,131.0,6.2
2024-08-15 22:00:00,28.3,0.0,82.6,133.0,6.3
2024-08-15 23:00:00,28.3,0.0,83.4,120.0,5.8
2024-08-16 00:00:00,28.4,0.0,81.1,133.0,9.2
2024-08-16 01:00:00,28.4,0.0,80.9,132.0,6.0
2024-08-16 02:00:00,28.4,0.0,80.9,127.0,5.9
2024-08-16 06:00:00,27.8,0.0,84.9,160.0,1.1
2024-08-16 07:00:00,28.0,0.0,83.4,147.0,2.4
2024-08-16 08:00:00,28.6,0.0,81.0,119.0,3.0
2024-08-16 09:00:00,29.0,0.0,78.5,131.0,5.9
2024-08-16 10:00:00,29.8,0.0,74.4,120.0,6.0
2024-08-16 11:00:00,29.4,0.0,69.1,175.0,6.8
2024-08-16 12:00:00,29.9,0.0,74.9,141.0,7.5
2024-08-16 13:00:00,26.4,0.0,92.1,127.0,4.7
2024-08-16 14:00:00,28.8,0.0,80.2,177.0,4.6
2024-08-16 15:00:00,29.6,0.0,77.6,140.0,8.2
2024-08-16 16:00:00,29.8,0.0,74.1,155.0,5.1
2024-08-16 17:00:00,30.0,0.0,73.8,172.0,4.8
2024-08-16 18:00:00,29.7,0.0,72.4,136.0,7.6
2024-08-16 19:00:00,29.5,0.0,70.5,149.0,6.0
2024-08-16 20:00:00,29.3,0.0,74.6,134.0,7.8
2024-08-16 21:00:00,29.0,0.0,77.5,130.0,8.60001
2024-08-16 22:00:00,28.6,0.0,77.1,135.0,8.10001
2024-08-16 23:00:00,28.3,0.0,81.3,129.0,6.9
2024-08-17 00:00:00,28.4,0.0,80.9,124.0,7.3
2024-08-17 01:00:00,28.3,0.0,81.0,133.0,7.5
2024-08-17 02:00:00,28.2,0.0,82.2,124.0,5.8
2024-08-17 07:00:00,28.1,0.0,83.1,135.0,4.9
2024-08-17 08:00:00,28.1,0.0,84.7,138.0,5.0
2024-08-17 09:00:00,28.6,0.0,82.9,125.0,5.7
2024-08-17 10:00:00,29.1,0.0,79.3,125.0,5.6
2024-08-17 11:00:00,30.2,0.0,75.6,142.0,6.1
2024-08-17 12:00:00,31.3,0.0,69.7,118.0,5.6
2024-08-17 13:00:00,29.2,0.0,75.9,156.0,5.9
2024-08-17 14:00:00,28.9,0.0,76.7,142.0,4.2
2024-08-17 15:00:00,27.6,0.0,85.1,129.0,7.2
2024-08-17 16:00:00,29.5,0.0,76.3,130.0,6.6
2024-08-17 17:00:00,29.2,0.0,64.8,148.0,6.4
2024-08-17 18:00:00,29.3,0.0,79.3,108.0,5.7
2024-08-17 19:00:00,29.2,0.0,77.3,89.0,5.5
2024-08-17 20:00:00,29.0,0.0,79.3,127.0,5.8
2024-08-17 21:00:00,29.1,0.0,76.3,135.0,9.2
2024-08-17 22:00:00,28.7,0.0,81.3,133.0,5.6
2024-08-17 23:00:00,28.6,0.0,81.6,132.0,5.5
2024-08-18 00:00:00,28.4,0.0,80.9,131.0,4.7
2024-08-18 02:00:00,28.2,0.0,82.2,125.0,4.2
2024-08-18 03:00:00,28.2,0.0,83.0,129.0,4.9
2024-08-18 05:00:00,28.1,0.0,83.5,106.0,5.0
2024-08-18 07:00:00,28.0,0.0,84.8,133.0,6.0
2024-08-18 08:00:00,28.1,0.0,85.1,129.0,4.7
2024-08-18 09:00:00,29.2,0.0,79.8,112.0,4.6
2024-08-18 10:00:00,29.5,0.0,77.7,132.0,6.1
2024-08-18 11:00:00,30.6,0.0,76.0,137.0,6.0
2024-08-18 12:00:00,31.3,0.0,72.7,142.0,5.3
2024-08-18 13:00:00,31.8,0.0,67.1,158.0,5.7
2024-08-18 14:00:00,31.9,0.0,67.0,194.0,5.7
2024-08-18 15:00:00,30.9,0.0,68.0,169.0,5.1
2024-08-18 16:00:00,30.5,0.0,73.3,171.0,4.7
2024-08-18 17:00:00,30.2,0.0,74.4,163.0,5.3
2024-08-18 18:00:00,28.6,0.0,72.5,158.0,5.2
2024-08-18 19:00:00,28.8,0.0,75.3,166.0,4.5
2024-08-18 20:00:00,28.6,0.0,77.5,137.0,5.0
2024-08-18 21:00:00,28.4,0.0,79.0,165.0,3.6
2024-08-18 22:00:00,28.4,0.0,80.3,129.0,5.0
2024-08-18 23:00:00,28.3,0.0,83.9,122.0,4.4
2024-08-19 00:00:00,28.2,0.0,85.5,124.0,5.2
2024-08-19 01:00:00,28.3,0.0,80.0,130.0,6.1
2024-08-19 02:00:00,27.9,0.0,84.0,154.0,3.5
2024-08-19 03:00:00,27.7,0.0,82.9,144.0,3.0
2024-08-19 05:00:00,28.0,0.0,83.2,132.0,4.0
2024-08-19 06:00:00,,0.0,,,
2024-08-19 07:00:00,28.1,0.0,83.3,125.0,5.3
2024-08-19 08:00:00,28.6,0.0,82.7,125.0,4.0
2024-08-19 09:00:00,29.1,0.0,79.2,136.0,6.0
2024-08-19 10:00:00,30.1,0.0,73.3,189.0,3.6
2024-08-19 11:00:00,30.6,0.0,72.0,144.0,3.2
2024-08-19 12:00:00,30.1,0.0,75.0,168.0,5.4
2024-08-19 13:00:00,31.0,0.0,71.8,163.0,6.8
2024-08-19 14:00:00,31.6,0.0,69.2,162.0,7.3
2024-08-19 15:00:00,31.2,0.0,66.4,156.0,7.6
2024-08-19 16:00:00,31.3,0.0,70.1,130.0,7.9
2024-08-19 17:00:00,31.2,0.0,67.1,120.0,7.0
2024-08-19 18:00:00,30.0,0.0,70.6,141.0,7.5
2024-08-19 19:00:00,29.9,0.0,69.2,130.0,5.0
2024-08-19 20:00:00,29.4,0.0,73.4,157.0,4.4
2024-08-19 21:00:00,29.0,0.0,79.8,153.0,3.6
2024-08-19 22:00:00,29.0,0.0,80.7,139.0,4.1
2024-08-19 23:00:00,28.8,0.0,78.1,136.0,3.5
2024-08-20 00:00:00,28.7,0.0,79.9,132.0,5.2
2024-08-20 01:00:00,28.6,0.0,79.9,119.0,5.9
2024-08-20 04:00:00,28.1,0.0,79.9,122.0,4.8
2024-08-20 06:00:00,27.8,0.0,83.3,152.0,2.1
2024-08-20 07:00:00,27.8,0.0,82.8,154.0,2.6
2024-08-20 08:00:00,27.9,0.0,85.0,162.0,3.4
2024-08-20 09:00:00,29.6,0.0,76.7,120.0,4.8
2024-08-20 10:00:00,29.8,0.0,75.9,135.0,6.4
2024-08-20 11:00:00,29.7,0.0,74.8,125.0,6.5
2024-08-20 12:00:00,31.2,0.0,58.3,218.0,5.1
2024-08-20 13:00:00,30.7,0.0,66.3,185.0,6.0
2024-08-20 14:00:00,29.8,0.0,70.2,202.0,4.8
2024-08-20 15:00:00,30.6,0.0,67.4,262.0,5.1
2024-08-20 16:00:00,29.8,0.0,73.8,274.0,1.8
2024-08-20 17:00:00,24.2,9.8,96.6,261.0,3.3
2024-08-20 18:00:00,23.7,0.0,98.1,284.0,2.8
2024-08-20 19:00:00,24.7,0.0,97.4,55.0,1.0
2024-08-20 20:00:00,25.7,0.0,90.0,339.0,1.2
2024-08-20 21:00:00,26.0,0.0,88.8,355.0,1.0
2024-08-20 22:00:00,25.8,0.0,90.5,258.0,1.8
2024-08-20 23:00:00,26.3,0.0,86.7,262.0,1.9
2024-08-21 00:00:00,26.6,0.0,88.4,325.0,1.9
2024-08-21 01:00:00,26.5,0.0,90.1,346.0,2.8
2024-08-21 02:00:00,26.4,0.0,87.2,9.0,2.4
2024-08-21 03:00:00,26.2,0.0,87.4,346.0,1.8
2024-08-21 06:00:00,26.2,0.0,89.0,55.0,1.8
2024-08-21 07:00:00,26.1,0.0,89.5,30.0,1.0
2024-08-21 08:00:00,26.6,0.0,87.9,63.0,2.0
2024-08-21 09:00:00,28.3,0.0,81.8,278.0,0.8
2024-08-21 10:00:00,29.2,0.0,74.4,140.0,1.5
2024-08-21 11:00:00,30.0,0.0,70.6,163.0,3.9
2024-08-21 12:00:00,30.0,0.0,70.1,125.0,5.8
2024-08-21 13:00:00,29.9,0.0,70.5,153.0,6.9
2024-08-21 14:00:00,30.4,0.0,70.2,159.0,8.60001
2024-08-21 15:00:00,30.3,0.0,69.5,177.0,8.2
2024-08-21 16:00:00,29.1,0.0,72.9,180.0,8.39999
2024-08-21 17:00:00,28.7,0.0,72.3,160.0,7.5
2024-08-21 18:00:00,29.3,0.0,70.6,158.0,5.6
2024-08-21 19:00:00,28.9,0.0,71.8,165.0,5.5
2024-08-21 20:00:00,28.2,0.0,75.5,143.0,5.7
2024-08-21 21:00:00,28.0,0.0,78.9,122.0,3.6
2024-08-21 22:00:00,28.1,0.0,78.0,172.0,1.9
2024-08-21 23:00:00,28.3,0.0,75.6,197.0,2.2
2024-08-22 00:00:00,28.2,0.0,76.0,186.0,2.0
2024-08-22 01:00:00,27.7,0.0,78.9,196.0,1.6
2024-08-22 02:00:00,27.7,0.0,78.7,178.0,1.5
2024-08-22 03:00:00,27.2,0.0,81.8,169.0,2.5
2024-08-22 06:00:00,27.4,0.0,78.2,165.0,2.0
2024-08-22 07:00:00,27.6,0.0,78.2,148.0,2.4
2024-08-22 08:00:00,27.8,0.0,81.0,150.0,2.7
2024-08-22 09:00:00,29.0,0.0,73.3,121.0,2.7
2024-08-22 10:00:00,30.0,0.0,66.5,146.0,5.1
2024-08-22 11:00:00,30.5,0.0,65.1,155.0,4.9
2024-08-22 12:00:00,30.9,0.0,63.0,157.0,4.4
2024-08-22 13:00:00,31.5,0.0,61.8,134.0,4.5
2024-08-22 14:00:00,31.8,0.0,60.9,241.0,5.6
2024-08-22 15:00:00,30.9,0.0,66.1,238.0,6.5
2024-08-22 16:00:00,31.3,0.0,66.9,201.0,5.4
2024-08-22 17:00:00,30.8,0.0,68.7,162.0,4.9
2024-08-22 18:00:00,30.4,0.0,69.2,180.0,5.5
2024-08-22 19:00:00,29.4,0.0,74.1,159.0,4.9
2024-08-22 20:00:00,29.3,0.0,72.1,155.0,5.1
2024-08-22 21:00:00,28.9,0.0,76.1,157.0,3.7
2024-08-22 22:00:00,28.6,0.0,78.5,155.0,4.0
2024-08-22 23:00:00,28.5,0.0,79.8,153.0,3.3
2024-08-23 00:00:00,28.6,0.0,79.0,128.0,5.5
2024-08-23 01:00:00,28.4,0.0,82.9,130.0,7.3
2024-08-23 02:00:00,,0.0,,,
2024-08-23 07:00:00,27.9,0.0,82.7,119.0,3.6
2024-08-23 08:00:00,28.6,0.0,79.9,137.0,6.1
2024-08-23 09:00:00,28.8,0.0,79.7,140.0,6.4
2024-08-23 10:00:00,29.4,0.0,77.0,136.0,7.8
2024-08-23 11:00:00,30.5,0.0,73.0,113.0,5.1
2024-08-23 12:00:00,31.0,0.0,67.2,158.0,5.1
2024-08-23 13:00:00,30.5,0.0,70.9,215.0,6.9
2024-08-23 14:00:00,30.4,0.0,73.4,171.0,7.3
2024-08-23 15:00:00,30.3,0.0,74.5,179.0,6.4
2024-08-23 16:00:00,29.5,0.0,76.2,176.0,3.6
2024-08-23 17:00:00,29.5,0.0,74.4,184.0,3.0
2024-08-23 18:00:00,29.8,0.0,73.8,197.0,1.2
2024-08-23 19:00:00,28.4,0.0,74.1,243.0,4.2
2024-08-23 20:00:00,28.7,0.0,80.6,246.0,2.4
2024-08-23 21:00:00,26.8,0.0,81.2,161.0,4.0
2024-08-23 22:00:00,25.8,0.0,87.7,194.0,0.8
2024-08-23 23:00:00,27.2,0.0,83.0,200.0,0.7
2024-08-24 00:00:00,27.2,0.0,84.0,227.0,1.4
2024-08-24 01:00:00,27.6,0.0,85.2,333.0,1.5
2024-08-24 04:00:00,26.1,0.0,88.6,335.0,2.5
2024-08-24 05:00:00,26.0,0.0,88.7,327.0,2.5
2024-08-24 07:00:00,25.4,0.0,90.4,346.0,2.9
2024-08-24 08:00:00,25.5,0.0,90.0,143.0,0.5
2024-08-24 09:00:00,26.1,0.0,87.5,254.0,1.4
2024-08-24 10:00:00,25.9,0.0,90.9,266.0,1.8
2024-08-24 11:00:00,26.2,0.0,87.0,218.0,7.3
2024-08-24 12:00:00,27.5,0.0,71.8,219.0,10.6
2024-08-24 13:00:00,27.7,0.0,71.6,197.0,10.1
2024-08-24 14:00:00,27.9,0.0,73.2,187.0,6.7
2024-08-24 15:00:00,28.3,0.0,72.0,191.0,5.0
2024-08-24 16:00:00,28.1,0.0,74.0,191.0,5.4
2024-08-24 17:00:00,28.5,0.0,73.1,257.0,4.2
2024-08-24 18:00:00,28.6,0.0,70.6,246.0,2.7
2024-08-24 19:00:00,27.8,0.0,72.9,173.0,3.0
2024-08-24 20:00:00,27.8,0.0,69.1,174.0,2.9
2024-08-24 21:00:00,27.5,0.0,74.4,235.0,1.0
2024-08-24 22:00:00,27.7,0.0,75.7,162.0,2.1
2024-08-24 23:00:00,27.7,0.0,76.1,114.0,0.7
2024-08-25 00:00:00,27.7,0.0,76.2,82.0,0.9
2024-08-25 01:00:00,27.5,0.0,76.9,99.0,0.7
2024-08-25 02:00:00,,0.0,,,
2024-08-25 03:00:00,27.4,0.0,78.6,288.0,0.9
2024-08-25 04:00:00,27.4,0.0,79.4,275.0,1.0
2024-08-25 05:00:00,27.3,0.0,79.1,5.0,0.9
2024-08-25 06:00:00,27.1,0.0,79.6,7.0,2.4
2024-08-25 07:00:00,27.1,0.0,82.2,68.0,1.4
2024-08-25 08:00:00,27.1,0.0,83.1,78.0,1.2
2024-08-25 09:00:00,28.1,0.0,80.6,212.0,1.9
2024-08-25 10:00:00,28.9,0.0,77.9,170.0,3.3
2024-08-25 11:00:00,29.3,0.0,75.1,161.0,4.6
2024-08-25 12:00:00,24.3,3.0,93.4,136.0,8.89999
2024-08-25 13:00:00,26.3,0.0,88.8,184.0,5.0
2024-08-25 14:00:00,27.4,0.0,83.0,186.0,6.2
2024-08-25 15:00:00,28.5,0.0,76.4,175.0,4.2
2024-08-25 16:00:00,28.4,0.0,78.7,165.0,5.2
2024-08-25 17:00:00,28.7,0.0,75.7,171.0,4.5
2024-08-25 18:00:00,28.3,0.0,77.3,174.0,3.9
2024-08-25 19:00:00,28.0,0.0,76.5,162.0,3.9
2024-08-25 20:00:00,27.8,0.0,79.1,157.0,2.4
2024-08-25 21:00:00,28.0,0.0,78.8,172.0,3.1
2024-08-25 22:00:00,28.2,0.0,78.1,176.0,2.3
2024-08-25 23:00:00,28.1,0.0,77.0,158.0,2.4
2024-08-26 00:00:00,28.2,0.0,77.5,151.0,2.1
2024-08-26 01:00:00,28.1,0.0,77.8,175.0,1.6
2024-08-26 02:00:00,27.8,0.0,80.3,188.0,1.3
2024-08-26 04:00:00,27.7,0.0,84.0,247.0,1.8
2024-08-26 06:00:00,,0.0,,,
2024-08-26 07:00:00,27.8,0.0,75.7,185.0,2.4
2024-08-26 08:00:00,27.7,0.0,77.1,182.0,2.3
2024-08-26 09:00:00,28.5,0.0,74.7,180.0,2.0
2024-08-26 10:00:00,28.9,0.0,75.1,162.0,4.5
2024-08-26 11:00:00,29.8,0.0,69.4,189.0,5.1
2024-08-26 12:00:00,30.2,0.0,70.8,159.0,4.3
2024-08-26 13:00:00,30.2,0.0,70.8,184.0,5.0
2024-08-26 14:00:00,30.2,0.0,70.4,227.0,5.5
2024-08-26 15:00:00,30.4,0.0,71.6,238.0,5.2
2024-08-26 16:00:00,30.3,0.0,67.6,245.0,6.2
2024-08-26 17:00:00,31.7,0.0,55.2,244.0,3.5
2024-08-26 18:00:00,30.3,0.0,65.4,246.0,4.3
2024-08-26 19:00:00,29.7,0.0,66.1,235.0,3.6
2024-08-26 20:00:00,29.6,0.0,63.5,184.0,2.5
2024-08-26 21:00:00,28.6,0.0,76.5,159.0,3.3
2024-08-26 22:00:00,28.3,0.0,77.8,148.0,4.3
2024-08-26 23:00:00,28.5,0.0,79.2,146.0,5.0
2024-08-27 00:00:00,28.7,0.0,79.4,125.0,5.0
2024-08-27 01:00:00,28.4,0.0,80.2,172.0,1.7
2024-08-27 02:00:00,28.3,0.0,80.7,197.0,1.5
2024-08-27 03:00:00,28.3,0.0,81.2,239.0,1.8
2024-08-27 04:00:00,,0.0,,,
2024-08-27 05:00:00,28.1,0.0,83.1,178.0,2.6
2024-08-27 07:00:00,27.9,0.0,79.4,173.0,3.4
2024-08-27 08:00:00,28.1,0.0,81.4,186.0,2.6
2024-08-27 09:00:00,28.7,0.0,82.0,262.0,4.7
2024-08-27 10:00:00,29.3,0.0,78.2,267.0,3.8
2024-08-27 11:00:00,24.9,0.6,92.9,153.0,7.7
2024-08-27 12:00:00,26.7,0.0,89.9,266.0,5.9
2024-08-27 13:00:00,27.7,0.0,87.3,309.0,2.0
2024-08-27 14:00:00,28.6,0.0,81.7,276.0,3.7
2024-08-27 15:00:00,27.2,0.0,82.6,268.0,6.0
2024-08-27 16:00:00,29.2,0.0,68.3,250.0,5.6
2024-08-27 17:00:00,30.8,0.0,67.1,270.0,3.2
2024-08-27 18:00:00,30.1,0.0,68.5,267.0,3.7
2024-08-27 19:00:00,29.1,0.0,73.0,266.0,3.6
2024-08-27 20:00:00,28.6,0.0,78.6,264.0,3.2
2024-08-27 21:00:00,28.7,0.0,80.2,278.0,2.2
2024-08-27 22:00:00,28.9,0.0,79.3,272.0,1.5
2024-08-27 23:00:00,28.7,0.0,82.5,270.0,3.0
2024-08-28 00:00:00,28.6,0.0,80.5,270.0,2.5
2024-08-28 01:00:00,28.5,0.0,80.5,264.0,3.0
2024-08-28 02:00:00,28.6,0.0,81.5,265.0,5.7
2024-08-28 04:00:00,26.6,0.0,86.4,306.0,4.8
2024-08-28 05:00:00,24.9,0.0,83.5,299.0,7.0
2024-08-28 06:00:00,24.9,0.2,89.6,302.0,5.3
2024-08-28 07:00:00,25.2,0.0,81.5,316.0,4.9
2024-08-28 08:00:00,25.6,0.0,85.8,298.0,4.3
2024-08-28 09:00:00,26.3,0.0,83.8,293.0,3.4
2024-08-28 10:00:00,28.6,0.0,70.7,303.0,2.7
2024-08-28 11:00:00,28.7,0.0,69.0,265.0,4.5
2024-08-28 12:00:00,29.8,0.0,68.5,269.0,4.8
2024-08-28 13:00:00,30.4,0.0,64.0,252.0,4.1
2024-08-28 14:00:00,30.7,0.0,63.1,266.0,5.1
2024-08-28 15:00:00,30.3,0.0,66.3,267.0,5.6
2024-08-28 16:00:00,30.5,0.0,63.9,267.0,3.3
2024-08-28 17:00:00,30.4,0.0,63.8,304.0,2.2
2024-08-28 18:00:00,30.2,0.0,62.9,254.0,4.0
2024-08-28 19:00:00,30.1,0.0,61.8,166.0,2.6
2024-08-28 20:00:00,28.8,0.0,72.3,169.0,3.4
2024-08-28 21:00:00,28.6,0.0,76.0,166.0,3.2
2024-08-28 22:00:00,28.8,0.0,73.2,158.0,5.2
2024-08-28 23:00:00,28.7,0.0,74.1,125.0,5.4
2024-08-29 00:00:00,28.4,0.0,75.2,130.0,3.8
2024-08-29 01:00:00,28.2,0.0,75.7,138.0,1.1
2024-08-29 03:00:00,27.9,0.0,77.7,187.0,1.4
2024-08-29 04:00:00,27.6,0.0,81.6,343.0,1.9
2024-08-29 05:00:00,27.2,0.0,82.3,40.0,0.8
2024-08-29 06:00:00,26.7,0.0,81.5,10.0,2.9
2024-08-29 07:00:00,26.8,0.0,80.7,15.0,1.4
2024-08-29 08:00:00,27.5,0.0,76.7,7.0,2.0
2024-08-29 09:00:00,29.4,0.0,74.0,220.0,0.9
2024-08-29 10:00:00,29.2,0.0,74.4,241.0,4.0
2024-08-29 11:00:00,30.1,0.0,74.0,223.0,2.7
2024-08-29 12:00:00,30.3,0.0,69.8,229.0,5.2
2024-08-29 13:00:00,29.9,0.0,72.6,181.0,5.7
2024-08-29 14:00:00,30.2,0.0,72.9,203.0,5.7
2024-08-29 15:00:00,30.0,0.0,57.3,180.0,9.2
2024-08-29 16:00:00,29.9,0.0,67.6,171.0,5.7
2024-08-29 17:00:00,29.7,0.0,66.3,162.0,6.0
2024-08-29 18:00:00,29.6,0.0,67.5,159.0,7.0
2024-08-29 19:00:00,29.4,0.0,62.6,172.0,4.2
2024-08-29 20:00:00,29.1,0.0,62.2,166.0,3.9
2024-08-29 21:00:00,29.1,0.0,64.7,156.0,4.5
2024-08-29 22:00:00,29.1,0.0,66.0,121.0,5.5
2024-08-29 23:00:00,28.8,0.0,67.0,129.0,6.0
2024-08-30 00:00:00,28.7,0.0,67.5,129.0,4.4
2024-08-30 01:00:00,28.5,0.0,69.0,134.0,5.1
2024-08-30 02:00:00,28.4,0.0,69.7,134.0,5.4
2024-08-30 03:00:00,28.2,0.0,72.9,143.0,4.9
2024-08-30 04:00:00,,0.0,,,
2024-08-30 05:00:00,28.0,0.0,79.5,131.0,4.7
2024-08-30 06:00:00,27.9,0.0,80.7,134.0,2.5
2024-08-30 07:00:00,27.9,0.0,80.4,146.0,2.7
2024-08-30 08:00:00,28.0,0.0,81.5,150.0,3.4
2024-08-30 09:00:00,28.5,0.0,78.9,168.0,3.2
2024-08-30 10:00:00,29.5,0.0,72.1,176.0,4.6
2024-08-30 11:00:00,29.8,0.0,74.2,139.0,8.10001
2024-08-30 12:00:00,30.6,0.0,67.1,155.0,6.4
2024-08-30 13:00:00,31.2,0.0,65.7,175.0,6.0
2024-08-30 14:00:00,31.2,0.0,61.7,188.0,6.3
2024-08-30 15:00:00,31.7,0.0,58.4,194.0,6.0
2024-08-30 16:00:00,31.0,0.0,66.0,182.0,5.0
2024-08-30 17:00:00,30.4,0.0,67.5,162.0,5.2
2024-08-30 18:00:00,30.2,0.0,69.7,165.0,4.2
2024-08-30 19:00:00,29.6,0.0,73.7,166.0,5.6
2024-08-30 20:00:00,29.3,0.0,74.7,162.0,4.5
2024-08-30 21:00:00,29.1,0.0,75.1,152.0,4.7
2024-08-30 22:00:00,28.9,0.0,77.4,156.0,5.2
2024-08-30 23:00:00,28.8,0.0,77.6,125.0,5.6
2024-08-31 00:00:00,29.0,0.0,70.5,122.0,6.7
2024-08-31 02:00:00,28.3,0.0,77.2,134.0,3.9
2024-08-31 03:00:00,28.1,0.0,80.0,142.0,4.8
2024-08-31 04:00:00,28.1,0.0,81.7,135.0,5.6
2024-08-31 05:00:00,28.1,0.0,80.5,141.0,6.4
2024-08-31 07:00:00,28.0,0.0,84.1,127.0,6.0
2024-08-31 08:00:00,28.5,0.0,79.0,154.0,5.4
2024-08-31 09:00:00,29.2,0.0,76.4,154.0,6.5
2024-08-31 10:00:00,29.7,0.0,75.7,170.0,4.9
2024-08-31 11:00:00,30.2,0.0,72.4,172.0,4.3
2024-08-31 12:00:00,30.3,0.0,70.5,251.0,6.5
2024-08-31 13:00:00,31.6,0.0,63.2,190.0,6.3
2024-08-31 14:00:00,31.9,0.0,61.4,231.0,6.4
2024-08-31 15:00:00,33.0,0.0,53.3,214.0,4.9
2024-08-31 16:00:00,31.3,0.0,55.1,159.0,8.0
2024-08-31 17:00:00,30.1,0.0,65.4,151.0,5.5
2024-08-31 18:00:00,29.8,0.0,70.8,124.0,4.0
2024-08-31 19:00:00,29.7,0.0,73.2,150.0,4.0
2024-08-31 20:00:00,29.3,0.0,76.6,144.0,5.0
2024-08-31 21:00:00,29.2,0.0,80.1,102.0,3.3
2024-08-31 22:00:00,29.2,0.0,79.9,89.0,1.9
2024-08-31 23:00:00,28.4,0.0,79.7,355.0,0.7
2024-09-01 00:00:00,28.3,0.0,85.3,149.0,3.0
2024-09-01 01:00:00,28.3,0.0,84.3,164.0,4.1
2024-09-01 02:00:00,28.4,0.0,84.1,115.0,2.7
2024-09-01 03:00:00,28.2,0.0,84.8,111.0,4.0
2024-09-01 04:00:00,28.2,0.0,84.2,106.0,2.9
2024-09-01 07:00:00,27.8,0.0,86.8,156.0,2.3
2024-09-01 08:00:00,28.2,0.0,85.4,130.0,5.3
2024-09-01 09:00:00,29.2,0.0,80.5,146.0,4.6
2024-09-01 10:00:00,29.6,0.0,78.5,149.0,5.7
2024-09-01 11:00:00,30.5,0.0,71.9,170.0,6.1
2024-09-01 12:00:00,31.2,0.0,66.3,150.0,4.6
2024-09-01 13:00:00,31.0,0.0,67.9,162.0,5.2
2024-09-01 14:00:00,32.1,0.0,66.0,223.0,5.6
2024-09-01 15:00:00,32.1,0.0,65.7,230.0,5.8
2024-09-01 16:00:00,31.9,0.0,63.3,162.0,5.7
2024-09-01 17:00:00,32.0,0.0,62.2,227.0,6.0
2024-09-01 18:00:00,30.8,0.0,69.9,184.0,4.2
2024-09-01 23:00:00,29.2,0.0,81.8,134.0,7.3
2024-09-02 00:00:00,28.9,0.0,84.7,136.0,5.3
2024-09-02 02:00:00,28.6,0.0,85.6,130.0,6.7
2024-09-02 03:00:00,28.4,0.0,85.4,123.0,6.3
2024-09-02 04:00:00,28.5,0.0,83.5,131.0,5.7
2024-09-02 05:00:00,,0.0,,,
2024-09-02 06:00:00,28.4,0.0,84.6,138.0,6.6
2024-09-02 07:00:00,28.3,0.0,82.7,130.0,6.0
2024-09-02 08:00:00,28.7,0.0,82.6,145.0,6.0
2024-09-02 09:00:00,29.0,0.0,83.8,155.0,5.6
2024-09-02 10:00:00,30.1,0.0,76.1,159.0,7.5
2024-09-02 11:00:00,30.8,0.0,70.6,149.0,7.8
2024-09-02 12:00:00,31.5,0.0,67.5,154.0,7.5
2024-09-02 13:00:00,31.6,0.0,68.3,181.0,6.0
2024-09-02 14:00:00,32.4,0.0,64.6,169.0,6.8
2024-09-02 15:00:00,31.9,0.0,60.5,187.0,8.10001
2024-09-02 16:00:00,32.1,0.0,58.9,171.0,6.9
2024-09-02 17:00:00,31.9,0.0,62.2,171.0,6.3
2024-09-02 18:00:00,31.0,0.0,68.3,156.0,4.6
2024-09-02 19:00:00,30.3,0.0,71.5,150.0,5.5
2024-09-02 20:00:00,29.9,0.0,73.4,132.0,4.4
2024-09-02 21:00:00,29.6,0.0,76.5,154.0,5.6
2024-09-02 22:00:00,29.6,0.0,76.3,139.0,5.7
2024-09-02 23:00:00,29.1,0.0,82.5,123.0,7.1
2024-09-03 00:00:00,29.0,0.0,83.7,127.0,6.8
2024-09-03 01:00:00,28.9,0.0,79.3,125.0,5.6
2024-09-03 02:00:00,29.0,0.0,75.7,123.0,4.9
2024-09-03 03:00:00,28.8,0.0,76.7,125.0,7.6
2024-09-03 04:00:00,28.5,0.0,79.4,126.0,5.8
2024-09-03 05:00:00,,0.0,,,
2024-09-03 06:00:00,,0.0,,,
2024-09-03 07:00:00,28.3,0.0,84.4,134.0,7.1
2024-09-03 08:00:00,28.6,0.0,84.4,128.0,5.6
2024-09-03 09:00:00,29.8,0.0,81.3,154.0,4.6
2024-09-03 10:00:00,30.1,0.0,79.0,171.0,4.8
2024-09-03 11:00:00,30.9,0.0,62.2,213.0,8.60001
2024-09-03 12:00:00,27.4,0.0,83.2,277.0,8.3
2024-09-03 13:00:00,30.3,0.0,68.1,298.0,3.4
2024-09-03 14:00:00,31.2,0.0,66.0,260.0,3.8
2024-09-03 15:00:00,31.6,0.0,62.3,267.0,4.7
2024-09-03 16:00:00,31.8,0.0,62.9,264.0,4.3
2024-09-03 17:00:00,31.7,0.0,65.3,266.0,3.9
2024-09-03 18:00:00,31.6,0.0,65.7,253.0,2.1
2024-09-03 19:00:00,30.5,0.0,70.4,267.0,2.3
2024-09-03 20:00:00,29.4,0.0,76.2,236.0,2.7
2024-09-03 21:00:00,29.5,0.0,75.4,151.0,2.9
2024-09-03 22:00:00,29.2,0.0,78.4,146.0,4.0
2024-09-03 23:00:00,29.4,0.0,79.3,110.0,2.7
2024-09-04 00:00:00,29.1,0.0,80.8,103.0,3.2
2024-09-04 01:00:00,29.1,0.0,75.2,123.0,4.3
2024-09-04 02:00:00,28.9,0.0,79.4,77.0,1.3
2024-09-04 07:00:00,28.3,0.0,84.5,99.0,4.1
2024-09-04 08:00:00,28.7,0.0,83.0,100.0,5.1
2024-09-04 09:00:00,26.6,0.0,81.5,210.0,8.5
2024-09-04 10:00:00,24.9,0.0,95.3,242.0,15.7
2024-09-04 11:00:00,24.6,0.2,90.7,245.0,12.5
2024-09-04 12:00:00,24.8,0.4,93.9,235.0,9.2
2024-09-04 13:00:00,25.5,0.0,86.2,238.0,10.0
2024-09-04 14:00:00,26.9,0.0,80.8,224.0,7.7
2024-09-04 15:00:00,27.4,0.0,77.4,219.0,5.9
2024-09-04 16:00:00,27.8,0.0,76.5,180.0,3.4
2024-09-04 17:00:00,30.1,0.0,62.2,248.0,2.9
2024-09-04 18:00:00,29.0,0.0,69.7,249.0,3.1
2024-09-04 19:00:00,28.3,0.0,72.0,227.0,1.8
2024-09-04 20:00:00,27.6,0.0,75.3,220.0,1.8
2024-09-04 21:00:00,27.8,0.0,76.9,239.0,2.4
2024-09-04 22:00:00,27.7,0.0,79.8,264.0,2.2
2024-09-04 23:00:00,27.7,0.0,80.7,262.0,1.8
2024-09-05 00:00:00,27.5,0.0,82.8,257.0,2.3
2024-09-05 01:00:00,27.5,0.0,81.9,242.0,0.5
2024-09-05 02:00:00,27.2,0.0,82.8,255.0,2.5
2024-09-05 03:00:00,27.1,0.0,87.2,266.0,1.3
2024-09-05 06:00:00,27.8,0.0,86.3,328.0,1.8
2024-09-05 07:00:00,27.3,0.0,89.1,306.0,1.4
2024-09-05 08:00:00,28.3,0.0,87.0,183.0,0.9
2024-09-05 09:00:00,28.9,0.0,79.9,237.0,2.7
2024-09-05 10:00:00,29.9,0.0,71.1,242.0,4.7
2024-09-05 11:00:00,29.5,0.0,73.3,227.0,5.9
2024-09-05 12:00:00,30.5,0.0,73.8,166.0,5.8
2024-09-05 13:00:00,31.1,0.0,65.4,154.0,5.1
2024-09-05 14:00:00,31.3,0.0,67.9,206.0,6.2
2024-09-05 15:00:00,31.7,0.0,67.2,215.0,7.5
2024-09-05 16:00:00,31.6,0.0,66.7,198.0,6.8
2024-09-05 17:00:00,31.5,0.0,62.1,183.0,7.0
2024-09-05 18:00:00,30.5,0.0,66.7,172.0,6.9
2024-09-05 19:00:00,29.5,0.0,74.9,158.0,6.5
2024-09-05 20:00:00,29.1,0.0,75.2,165.0,4.8
2024-09-05 21:00:00,28.9,0.0,74.9,166.0,5.2
2024-09-05 22:00:00,28.5,0.0,80.6,149.0,3.9
2024-09-05 23:00:00,28.5,0.0,82.5,147.0,4.2
2024-09-06 00:00:00,28.4,0.0,84.2,152.0,3.3
2024-09-06 01:00:00,28.4,0.0,83.0,122.0,3.6
2024-09-06 02:00:00,28.1,0.0,84.4,143.0,3.3
2024-09-06 03:00:00,28.2,0.0,84.4,136.0,3.4
2024-09-06 04:00:00,28.1,0.0,86.3,139.0,3.4
2024-09-06 05:00:00,28.1,0.0,85.3,122.0,3.9
2024-09-06 06:00:00,27.8,0.0,87.5,160.0,4.3
2024-09-06 07:00:00,28.0,0.0,85.6,151.0,4.8
2024-09-06 08:00:00,28.5,0.0,83.4,152.0,4.6
2024-09-06 09:00:00,29.3,0.0,79.5,133.0,7.8
2024-09-06 10:00:00,30.0,0.0,74.2,153.0,5.9
2024-09-06 11:00:00,30.5,0.0,71.1,174.0,5.2
2024-09-06 12:00:00,30.8,0.0,69.5,168.0,7.9
2024-09-06 13:00:00,31.1,0.0,71.1,156.0,7.2
2024-09-06 14:00:00,30.7,0.0,70.3,161.0,5.9
2024-09-06 15:00:00,32.1,0.0,62.9,182.0,7.4
2024-09-06 16:00:00,31.9,0.0,62.5,171.0,8.10001
2024-09-06 17:00:00,31.7,0.0,64.0,178.0,6.9
2024-09-06 18:00:00,30.6,0.0,70.0,161.0,8.2
2024-09-06 19:00:00,29.9,0.0,76.5,169.0,4.5
2024-09-06 20:00:00,29.5,0.0,78.7,144.0,6.7
2024-09-06 21:00:00,29.3,0.0,77.3,125.0,7.1
2024-09-06 22:00:00,29.1,0.0,79.4,129.0,8.39999
2024-09-06 23:00:00,29.0,0.0,82.0,121.0,5.1
2024-09-07 00:00:00,29.0,0.0,78.8,130.0,7.8
2024-09-07 01:00:00,28.9,0.0,78.4,136.0,8.39999
2024-09-07 02:00:00,28.6,0.0,81.6,127.0,6.8
2024-09-07 03:00:00,28.5,0.0,82.1,124.0,6.5
2024-09-07 04:00:00,28.5,0.0,82.7,125.0,6.6
2024-09-07 05:00:00,28.4,0.0,83.0,127.0,7.4
2024-09-07 06:00:00,28.4,0.0,84.2,130.0,6.6
2024-09-07 07:00:00,28.5,0.0,84.4,131.0,7.1
2024-09-07 08:00:00,29.0,0.0,81.3,145.0,6.4
2024-09-07 09:00:00,29.7,0.0,78.9,136.0,8.2
2024-09-07 10:00:00,30.0,0.0,76.8,138.0,8.0
2024-09-07 11:00:00,30.5,0.0,72.9,163.0,7.3
2024-09-07 12:00:00,30.9,0.0,68.0,167.0,9.10001
2024-09-07 13:00:00,31.9,0.0,66.7,170.0,7.6
2024-09-07 14:00:00,32.1,0.0,66.3,155.0,8.8
2024-09-07 15:00:00,32.7,0.0,59.6,171.0,8.3
2024-09-07 16:00:00,31.2,0.0,69.0,176.0,7.4
2024-09-07 17:00:00,31.5,0.0,66.6,157.0,8.60001
2024-09-07 18:00:00,30.9,0.0,66.6,168.0,6.8
2024-09-07 19:00:00,30.5,0.0,70.1,160.0,6.0
2024-09-07 20:00:00,30.4,0.0,62.8,136.0,6.7
2024-09-07 21:00:00,29.7,0.0,69.1,127.0,9.39999
2024-09-07 22:00:00,29.4,0.0,73.3,125.0,8.60001
2024-09-07 23:00:00,29.2,0.0,76.2,131.0,6.0
2024-09-08 00:00:00,29.2,0.0,76.5,122.0,6.3
2024-09-08 01:00:00,29.1,0.0,77.8,133.0,7.7
2024-09-08 02:00:00,28.8,0.0,80.2,131.0,6.6
2024-09-08 03:00:00,28.8,0.0,79.9,133.0,7.5
2024-09-08 04:00:00,28.8,0.0,80.7,125.0,5.0
2024-09-08 05:00:00,28.5,0.0,82.6,145.0,3.0
2024-09-08 06:00:00,28.6,0.0,80.2,158.0,4.5
2024-09-08 07:00:00,28.5,0.0,81.0,148.0,3.1
2024-09-08 08:00:00,29.2,0.0,78.9,113.0,1.3
2024-09-08 09:00:00,29.5,0.0,78.7,137.0,3.6
2024-09-08 10:00:00,30.3,0.0,73.2,163.0,4.3
2024-09-08 11:00:00,30.6,0.0,73.4,220.0,5.1
2024-09-08 12:00:00,30.9,0.0,73.1,201.0,4.5
2024-09-08 13:00:00,30.2,0.0,76.0,241.0,6.9
2024-09-08 14:00:00,29.8,0.0,78.8,250.0,5.9
2024-09-08 15:00:00,29.7,0.0,75.0,95.0,3.2
2024-09-08 16:00:00,28.6,0.0,74.3,354.0,1.7
2024-09-08 17:00:00,30.4,0.0,67.3,99.0,1.5
2024-09-08 18:00:00,29.5,0.0,67.1,29.0,0.8
2024-09-08 19:00:00,29.6,0.0,66.1,166.0,1.9
2024-09-08 20:00:00,27.7,0.0,82.3,172.0,3.4
2024-09-08 21:00:00,27.5,0.0,83.1,172.0,3.9
2024-09-08 22:00:00,28.0,0.0,77.3,176.0,4.2
2024-09-08 23:00:00,27.7,0.0,82.3,161.0,3.4
2024-09-09 00:00:00,27.7,0.0,80.7,123.0,2.0
2024-09-09 01:00:00,27.8,0.0,81.4,211.0,0.8
2024-09-09 02:00:00,27.9,0.0,83.0,175.0,1.2
2024-09-09 03:00:00,27.7,0.0,84.6,153.0,2.5
2024-09-09 04:00:00,28.0,0.0,81.5,122.0,3.8
2024-09-09 05:00:00,27.8,0.0,85.2,147.0,2.8
2024-09-09 06:00:00,27.9,0.0,85.5,163.0,3.2
2024-09-09 07:00:00,27.9,0.0,85.5,155.0,2.6
2024-09-09 08:00:00,26.9,0.0,92.1,24.0,0.7
2024-09-09 09:00:00,26.1,0.0,84.5,273.0,4.2
2024-09-09 10:00:00,28.5,0.0,69.4,261.0,2.5
2024-09-09 11:00:00,30.4,0.0,59.8,280.0,3.0
2024-09-09 12:00:00,31.1,0.0,64.6,261.0,5.0
2024-09-09 13:00:00,30.7,0.0,70.4,260.0,6.3
2024-09-09 14:00:00,29.5,0.0,73.9,243.0,8.10001
2024-09-09 15:00:00,28.8,0.0,74.9,240.0,7.5
2024-09-09 16:00:00,28.2,0.0,83.7,150.0,4.4
2024-09-09 17:00:00,28.1,0.0,80.6,126.0,4.8
2024-09-09 18:00:00,28.0,0.0,80.6,157.0,4.1
2024-09-09 19:00:00,27.6,0.0,82.2,125.0,3.3
2024-09-09 20:00:00,27.9,0.0,80.6,136.0,5.9
2024-09-09 21:00:00,27.5,0.0,85.4,143.0,6.8
2024-09-09 22:00:00,27.4,0.0,87.8,154.0,4.3
2024-09-09 23:00:00,27.5,0.0,85.1,141.0,4.9
2024-09-10 00:00:00,27.3,0.0,86.9,120.0,3.8
2024-09-10 01:00:00,27.3,0.0,83.9,183.0,4.0
2024-09-10 02:00:00,27.5,0.0,82.1,200.0,4.5
2024-09-10 03:00:00,27.7,0.0,82.4,228.0,6.6
2024-09-10 04:00:00,27.3,0.0,87.0,279.0,4.7
2024-09-10 05:00:00,26.0,0.0,93.5,326.0,2.0
2024-09-10 06:00:00,25.7,0.4,95.8,65.0,1.7
2024-09-10 07:00:00,25.0,0.2,94.4,67.0,1.1
2024-09-10 08:00:00,25.4,0.0,94.3,145.0,1.7
2024-09-10 09:00:00,26.8,0.0,87.9,224.0,4.0
2024-09-10 10:00:00,27.8,0.0,80.3,246.0,4.6
2024-09-10 11:00:00,27.8,0.0,81.2,244.0,7.4
2024-09-10 12:00:00,28.6,0.0,78.7,247.0,7.4
2024-09-10 13:00:00,29.0,0.0,74.7,210.0,4.8
2024-09-10 14:00:00,29.5,0.0,73.4,178.0,3.4
2024-09-10 15:00:00,29.5,0.0,66.8,230.0,4.0
2024-09-10 16:00:00,30.4,0.0,66.0,267.0,4.0
2024-09-10 17:00:00,30.0,0.0,72.0,262.0,4.3
2024-09-10 18:00:00,30.5,0.0,65.8,294.0,3.2
2024-09-10 19:00:00,29.4,0.0,71.9,260.0,3.1
2024-09-10 20:00:00,29.1,0.0,77.0,269.0,2.7
2024-09-10 21:00:00,29.1,0.0,77.9,263.0,3.0
2024-09-10 22:00:00,28.9,0.0,79.9,268.0,2.9
2024-09-10 23:00:00,28.9,0.0,76.4,295.0,2.2
2024-09-11 00:00:00,28.5,0.0,79.2,313.0,1.3
2024-09-11 01:00:00,28.3,0.0,80.9,297.0,1.0
2024-09-11 02:00:00,28.2,0.0,81.0,271.0,1.8
2024-09-11 03:00:00,28.2,0.0,81.7,331.0,0.6
2024-09-11 04:00:00,28.2,0.0,81.9,168.0,1.1
2024-09-11 05:00:00,28.4,0.0,80.6,200.0,1.3
2024-09-11 06:00:00,28.2,0.0,85.6,236.0,1.7
2024-09-11 07:00:00,28.3,0.0,85.6,247.0,2.5
2024-09-11 08:00:00,28.5,0.0,85.8,239.0,1.7
2024-09-11 09:00:00,29.5,0.0,78.4,235.0,4.0
2024-09-11 10:00:00,30.7,0.0,69.7,260.0,4.0
2024-09-11 11:00:00,30.8,0.0,69.4,225.0,5.3
2024-09-11 12:00:00,31.5,0.0,68.4,242.0,5.7
2024-09-11 13:00:00,32.5,0.0,57.0,256.0,4.8
2024-09-11 14:00:00,32.3,0.0,62.2,236.0,6.1
2024-09-11 15:00:00,31.9,0.0,63.7,246.0,7.4
2024-09-11 16:00:00,30.1,0.0,76.3,172.0,6.8
2024-09-11 17:00:00,29.6,0.0,75.4,166.0,4.5
2024-09-11 18:00:00,28.9,0.0,71.9,59.0,4.7
2024-09-11 19:00:00,28.8,0.0,74.3,209.0,1.3
2024-09-11 20:00:00,28.6,0.0,77.8,123.0,5.1
2024-09-11 21:00:00,28.4,0.0,81.0,168.0,2.9
2024-09-11 22:00:00,28.2,0.0,85.5,139.0,3.7
2024-09-11 23:00:00,28.3,0.0,85.2,188.0,2.6
2024-09-12 00:00:00,28.2,0.0,84.9,194.0,2.1
2024-09-12 01:00:00,28.5,0.0,81.6,205.0,2.8
2024-09-12 02:00:00,25.2,0.0,93.1,113.0,2.7
2024-09-12 03:00:00,27.2,0.0,88.3,268.0,6.5
2024-09-12 04:00:00,26.8,0.0,87.4,264.0,6.6
2024-09-12 05:00:00,26.9,0.0,88.5,263.0,5.2
2024-09-12 06:00:00,26.9,0.0,89.7,269.0,4.6
2024-09-12 07:00:00,27.0,0.0,85.7,223.0,2.8
2024-09-12 08:00:00,27.8,0.0,78.0,248.0,6.0
2024-09-12 09:00:00,27.6,0.0,82.0,235.0,5.7
2024-09-12 10:00:00,27.6,0.0,82.7,236.0,5.1
2024-09-12 11:00:00,28.1,0.0,77.1,220.0,5.5
2024-09-12 12:00:00,28.6,0.0,75.1,227.0,8.5
2024-09-12 13:00:00,28.5,0.0,77.0,229.0,7.8
2024-09-12 14:00:00,29.1,0.0,74.6,245.0,7.2
2024-09-12 15:00:00,30.1,0.0,68.5,235.0,8.89999
2024-09-12 16:00:00,30.8,0.0,65.7,222.0,5.0
2024-09-12 17:00:00,29.5,0.0,70.4,242.0,4.1
2024-09-12 18:00:00,29.3,0.0,70.5,219.0,3.9
2024-09-12 19:00:00,29.3,0.0,70.7,185.0,3.2
2024-09-12 20:00:00,28.8,0.0,78.0,165.0,4.0
2024-09-12 21:00:00,28.7,0.0,79.6,171.0,3.7
2024-09-12 22:00:00,28.5,0.0,79.0,215.0,2.2
2024-09-12 23:00:00,28.7,0.0,77.4,215.0,3.6
2024-09-13 00:00:00,28.4,0.0,79.2,252.0,6.7
2024-09-13 01:00:00,28.0,0.0,81.2,235.0,3.9
2024-09-13 02:00:00,28.0,0.0,80.9,239.0,4.3
2024-09-13 03:00:00,27.9,0.0,80.8,255.0,4.2
2024-09-13 04:00:00,27.7,0.0,84.1,264.0,3.7
2024-09-13 05:00:00,27.7,0.0,83.1,245.0,4.0
2024-09-13 06:00:00,27.7,0.0,83.9,248.0,2.5
2024-09-13 07:00:00,27.6,0.0,85.8,252.0,3.1
2024-09-13 08:00:00,28.0,0.0,80.8,247.0,4.5
2024-09-13 09:00:00,29.1,0.0,76.7,243.0,4.7
2024-09-13 10:00:00,29.9,0.0,68.0,243.0,5.3
2024-09-13 11:00:00,30.5,0.0,63.6,247.0,5.8
2024-09-13 12:00:00,30.5,0.0,60.1,248.0,6.9
2024-09-13 13:00:00,31.1,0.0,63.9,253.0,5.3
2024-09-13 14:00:00,31.8,0.0,62.4,235.0,4.9
2024-09-13 15:00:00,31.3,0.0,63.9,241.0,5.7
2024-09-13 16:00:00,30.2,0.0,67.2,238.0,7.1
2024-09-13 17:00:00,31.1,0.0,68.6,228.0,5.0
2024-09-13 18:00:00,30.9,0.0,69.0,209.0,3.4
2024-09-13 19:00:00,29.8,0.0,68.4,182.0,5.2
2024-09-13 20:00:00,29.2,0.0,71.3,164.0,4.2
2024-09-13 21:00:00,29.1,0.0,75.4,150.0,2.5
2024-09-13 22:00:00,29.2,0.0,76.3,172.0,2.3
2024-09-13 23:00:00,29.0,0.0,75.2,140.0,2.9
2024-09-14 00:00:00,28.9,0.0,77.1,161.0,3.0
2024-09-14 01:00:00,28.7,0.0,78.0,169.0,2.5
2024-09-14 02:00:00,28.9,0.0,77.6,176.0,2.4
2024-09-14 03:00:00,27.2,0.2,82.7,267.0,5.4
2024-09-14 04:00:00,24.6,0.2,97.2,278.0,9.10001
2024-09-14 05:00:00,25.2,0.2,85.9,258.0,4.4
2024-09-14 06:00:00,26.0,0.0,84.3,220.0,5.5
2024-09-14 07:00:00,25.7,0.0,85.1,215.0,7.0
2024-09-14 08:00:00,25.6,0.0,90.2,195.0,8.2
2024-09-14 09:00:00,25.4,0.2,89.4,204.0,5.5
2024-09-14 10:00:00,27.6,0.0,78.9,193.0,6.4
2024-09-14 11:00:00,27.2,0.0,84.9,176.0,6.0
2024-09-14 12:00:00,27.8,0.0,78.6,166.0,7.4
2024-09-14 13:00:00,28.8,0.0,75.3,166.0,5.7
2024-09-14 14:00:00,29.4,0.0,67.5,143.0,8.0
2024-09-14 15:00:00,29.4,0.0,67.2,119.0,6.7
2024-09-14 16:00:00,29.9,0.0,68.0,159.0,4.2
2024-09-14 17:00:00,30.3,0.0,65.6,246.0,2.9
2024-09-14 18:00:00,30.3,0.0,63.1,253.0,4.1
2024-09-14 19:00:00,29.7,0.0,63.1,170.0,3.5
2024-09-14 20:00:00,28.8,0.0,69.4,158.0,3.6
2024-09-14 21:00:00,28.8,0.0,68.4,148.0,3.4
2024-09-14 22:00:00,29.0,0.0,64.7,151.0,2.9
2024-09-14 23:00:00,28.7,0.0,70.7,137.0,3.1
2024-09-15 00:00:00,28.7,0.0,73.4,102.0,2.8
2024-09-15 01:00:00,28.7,0.0,76.6,127.0,6.0
2024-09-15 02:00:00,28.6,0.0,77.3,56.0,1.4
2024-09-15 03:00:00,27.5,0.0,79.5,338.0,2.3
2024-09-15 04:00:00,27.2,0.0,80.3,346.0,2.9
2024-09-15 05:00:00,27.0,0.0,82.9,252.0,0.5
2024-09-15 06:00:00,27.4,0.0,79.3,6.0,1.3
2024-09-15 07:00:00,27.3,0.0,82.3,292.0,1.2
2024-09-15 08:00:00,28.1,0.0,79.7,290.0,1.2
2024-09-15 09:00:00,29.3,0.0,74.1,292.0,1.9
2024-09-15 10:00:00,30.0,0.0,72.9,268.0,3.6
2024-09-15 11:00:00,27.6,0.0,81.0,159.0,8.7
2024-09-15 12:00:00,25.6,0.0,96.0,205.0,5.4
2024-09-15 13:00:00,25.8,0.0,93.5,222.0,3.8
2024-09-15 14:00:00,28.4,0.0,78.7,162.0,2.0
2024-09-15 15:00:00,28.7,0.0,75.8,140.0,6.1
2024-09-15 16:00:00,29.3,0.0,75.7,133.0,8.0
2024-09-15 17:00:00,28.9,0.0,72.1,156.0,4.8
2024-09-15 18:00:00,28.6,0.0,75.8,183.0,1.9
2024-09-15 19:00:00,28.3,0.0,75.3,164.0,3.1
2024-09-15 20:00:00,27.8,0.0,80.5,179.0,2.4
2024-09-15 21:00:00,27.4,0.0,84.7,287.0,0.8
2024-09-15 22:00:00,27.8,0.0,81.3,181.0,2.8
2024-09-15 23:00:00,27.3,0.0,85.2,123.0,1.8
2024-09-16 00:00:00,27.2,0.0,85.0,190.0,2.6
2024-09-16 01:00:00,27.6,0.0,83.2,143.0,2.2
2024-09-16 02:00:00,27.3,0.0,83.2,181.0,2.7
2024-09-16 03:00:00,27.5,0.0,79.3,166.0,2.9
2024-09-16 04:00:00,27.4,0.0,81.8,214.0,2.8
2024-09-16 05:00:00,27.5,0.0,80.1,185.0,3.1
2024-09-16 06:00:00,27.4,0.0,82.5,216.0,3.8
2024-09-16 07:00:00,27.3,0.0,84.3,193.0,2.4
2024-09-16 08:00:00,27.7,0.0,83.8,213.0,3.9
2024-09-16 09:00:00,28.4,0.0,81.9,239.0,3.6
2024-09-16 10:00:00,29.3,0.0,78.1,240.0,4.9
2024-09-16 11:00:00,29.4,0.0,77.4,238.0,7.3
2024-09-16 12:00:00,30.3,0.0,73.0,235.0,5.6
2024-09-16 13:00:00,29.8,0.0,76.7,212.0,5.6
2024-09-16 14:00:00,30.8,0.0,68.6,247.0,8.2
2024-09-16 15:00:00,30.5,0.0,70.8,193.0,4.4
2024-09-16 16:00:00,31.4,0.0,65.1,195.0,4.0
2024-09-16 17:00:00,31.6,0.0,65.9,236.0,4.4
2024-09-16 18:00:00,30.6,0.0,70.3,171.0,3.3
2024-09-16 19:00:00,29.6,0.0,76.2,145.0,5.6
2024-09-16 20:00:00,28.8,0.0,79.5,154.0,5.8
2024-09-16 21:00:00,28.6,0.0,79.2,165.0,4.1
2024-09-16 22:00:00,28.4,0.0,80.2,161.0,5.5
2024-09-16 23:00:00,28.3,0.0,80.2,162.0,6.2
2024-09-17 00:00:00,28.2,0.0,81.2,170.0,3.9
2024-09-17 01:00:00,28.3,0.0,81.4,172.0,3.1
2024-09-17 02:00:00,28.4,0.0,80.5,218.0,5.6
2024-09-17 03:00:00,28.0,0.0,81.4,217.0,4.8
2024-09-17 04:00:00,28.1,0.0,78.4,236.0,5.6
2024-09-17 05:00:00,28.2,0.0,78.1,243.0,6.6
2024-09-17 06:00:00,28.0,0.2,80.2,245.0,7.0
2024-09-17 07:00:00,26.8,0.0,84.2,210.0,1.8
2024-09-17 08:00:00,28.8,0.0,73.6,239.0,5.6
2024-09-17 09:00:00,29.5,0.0,71.8,250.0,6.5
2024-09-17 10:00:00,30.0,0.0,67.6,238.0,8.60001
2024-09-17 11:00:00,29.6,0.0,67.7,245.0,6.8
2024-09-17 12:00:00,31.0,0.0,62.1,231.0,5.4
2024-09-17 13:00:00,31.5,0.0,62.7,229.0,5.8
2024-09-17 14:00:00,32.2,0.0,55.7,271.0,7.4
2024-09-17 15:00:00,32.8,0.0,54.5,268.0,7.2
2024-09-17 16:00:00,32.0,0.0,60.5,266.0,5.9
2024-09-17 17:00:00,32.2,0.0,62.3,274.0,4.8
2024-09-17 18:00:00,31.6,0.0,62.5,300.0,4.2
2024-09-17 19:00:00,30.6,0.0,70.0,255.0,5.9
2024-09-17 20:00:00,25.4,0.0,96.7,271.0,3.9
2024-09-17 21:00:00,27.8,0.0,84.6,299.0,5.2
2024-09-17 22:00:00,28.4,0.0,77.6,289.0,6.5
2024-09-17 23:00:00,28.9,0.0,68.1,285.0,6.3
2024-09-18 00:00:00,28.7,0.0,70.1,286.0,4.1
2024-09-18 01:00:00,27.5,0.0,80.0,345.0,3.0
2024-09-18 02:00:00,27.7,0.0,77.8,300.0,2.4
2024-09-18 03:00:00,28.3,0.0,72.4,278.0,4.7
2024-09-18 04:00:00,28.6,0.0,62.1,281.0,5.4
2024-09-18 05:00:00,28.0,0.0,65.0,268.0,5.6
2024-09-18 06:00:00,27.4,0.0,72.1,267.0,5.7
2024-09-18 07:00:00,27.2,0.0,74.6,263.0,3.9
2024-09-18 08:00:00,27.6,0.0,73.0,268.0,5.2
2024-09-18 09:00:00,28.2,0.0,72.8,268.0,4.4
2024-09-18 10:00:00,28.8,0.0,70.9,243.0,6.8
2024-09-18 11:00:00,29.4,0.0,64.2,243.0,6.9
2024-09-18 12:00:00,29.5,0.0,68.7,221.0,7.0
2024-09-18 13:00:00,31.2,0.0,61.8,247.0,5.1
2024-09-18 14:00:00,31.6,0.0,58.0,249.0,6.6
2024-09-18 15:00:00,32.9,0.0,49.7,258.0,7.8
2024-09-18 16:00:00,32.4,0.0,50.1,261.0,7.9
2024-09-18 17:00:00,31.5,0.0,57.1,204.0,5.8
2024-09-18 18:00:00,31.0,0.0,59.7,176.0,5.5
2024-09-18 19:00:00,29.8,0.0,68.7,164.0,5.1
2024-09-18 20:00:00,29.2,0.0,68.8,156.0,4.5
2024-09-18 21:00:00,28.8,0.0,71.8,153.0,3.7
2024-09-18 22:00:00,28.8,0.0,70.4,148.0,3.8
2024-09-18 23:00:00,28.6,0.0,72.9,156.0,3.3
2024-09-19 00:00:00,28.7,0.0,73.3,169.0,3.9
2024-09-19 01:00:00,28.8,0.0,75.5,169.0,2.9
2024-09-19 02:00:00,28.4,0.0,76.6,175.0,2.7
2024-09-19 03:00:00,28.6,0.0,77.9,183.0,1.9
2024-09-19 04:00:00,28.4,0.0,79.3,221.0,2.5
2024-09-19 05:00:00,28.7,0.0,76.3,265.0,3.5
2024-09-19 06:00:00,28.7,0.0,76.8,248.0,4.4
2024-09-19 07:00:00,28.6,0.0,78.8,252.0,4.2
2024-09-19 08:00:00,28.9,0.0,74.1,242.0,5.1
2024-09-19 09:00:00,29.6,0.0,69.7,253.0,4.3
2024-09-19 10:00:00,30.8,0.0,64.2,269.0,4.1
2024-09-19 11:00:00,30.5,0.0,65.4,213.0,6.3
2024-09-19 12:00:00,30.7,0.0,60.5,229.0,9.3
2024-09-19 13:00:00,30.2,0.0,69.7,185.0,6.9
2024-09-19 14:00:00,31.1,0.0,64.1,194.0,7.3
2024-09-19 15:00:00,31.1,0.0,63.4,210.0,6.0
2024-09-19 16:00:00,30.7,0.0,66.1,182.0,5.1
2024-09-19 17:00:00,30.6,0.0,68.2,179.0,4.6
2024-09-19 18:00:00,29.2,0.0,77.1,166.0,4.4
2024-09-19 19:00:00,29.0,0.0,74.9,159.0,4.9
2024-09-19 20:00:00,29.1,0.0,73.5,155.0,3.3
2024-09-19 21:00:00,29.1,0.0,73.8,145.0,5.1
2024-09-19 22:00:00,29.0,0.0,72.5,144.0,4.3
2024-09-19 23:00:00,28.8,0.0,75.9,143.0,4.2
2024-09-20 00:00:00,28.8,0.0,77.0,118.0,4.2
2024-09-20 01:00:00,28.7,0.0,76.9,113.0,3.0
2024-09-20 02:00:00,28.6,0.0,77.6,135.0,3.9
2024-09-20 03:00:00,28.3,0.0,79.3,147.0,3.3
2024-09-20 04:00:00,28.2,0.0,78.2,154.0,3.6
2024-09-20 05:00:00,28.2,0.0,82.6,140.0,4.2
2024-09-20 06:00:00,28.1,0.0,85.4,140.0,4.4
2024-09-20 07:00:00,28.2,0.0,85.8,137.0,4.8
2024-09-20 08:00:00,28.5,0.0,86.4,156.0,4.7
2024-09-20 09:00:00,29.3,0.0,82.0,152.0,5.8
2024-09-20 10:00:00,30.3,0.0,73.5,183.0,4.7
2024-09-20 11:00:00,31.1,0.0,69.9,206.0,3.8
2024-09-20 12:00:00,31.7,0.0,70.0,222.0,4.5
2024-09-20 13:00:00,31.2,0.0,66.8,217.0,6.5
2024-09-20 14:00:00,31.4,0.0,65.5,194.0,7.6
2024-09-20 15:00:00,31.2,0.0,65.8,183.0,6.8
2024-09-20 16:00:00,31.1,0.0,67.9,172.0,5.1
2024-09-20 17:00:00,30.6,0.0,68.3,172.0,4.5
2024-09-20 18:00:00,30.3,0.0,69.3,168.0,4.6
2024-09-20 19:00:00,30.1,0.0,69.4,166.0,4.5
2024-09-20 20:00:00,29.6,0.0,74.9,161.0,4.1
2024-09-20 21:00:00,29.3,0.0,78.4,158.0,3.4
2024-09-20 22:00:00,29.1,0.0,81.7,149.0,3.5
2024-09-20 23:00:00,25.2,0.6,88.0,297.0,7.1
2024-09-21 00:00:00,24.3,0.4,98.1,298.0,8.8
2024-09-21 01:00:00,24.8,0.0,91.6,349.0,3.3
2024-09-21 02:00:00,25.5,0.0,85.9,297.0,2.6
2024-09-21 03:00:00,25.4,0.2,90.4,299.0,2.0
2024-09-21 04:00:00,25.5,0.0,92.3,269.0,3.5
2024-09-21 05:00:00,26.1,0.0,91.4,266.0,3.1
2024-09-21 06:00:00,26.3,0.0,89.5,266.0,2.7
2024-09-21 07:00:00,26.3,0.0,91.0,153.0,3.3
2024-09-21 08:00:00,26.7,0.0,87.9,143.0,4.2
2024-09-21 09:00:00,27.3,0.0,87.6,131.0,3.5
2024-09-21 10:00:00,28.5,0.0,81.6,148.0,2.3
2024-09-21 11:00:00,29.5,0.0,74.6,210.0,3.0
2024-09-21 12:00:00,29.5,0.0,74.2,222.0,3.8
2024-09-21 13:00:00,30.0,0.0,72.7,239.0,4.3
2024-09-21 14:00:00,30.1,0.0,74.0,168.0,2.4
2024-09-21 15:00:00,29.7,0.0,75.4,159.0,3.1
2024-09-21 16:00:00,29.9,0.0,75.6,182.0,3.1
2024-09-21 17:00:00,30.3,0.0,76.4,185.0,3.3
2024-09-21 18:00:00,30.1,0.0,75.3,154.0,2.0
2024-09-21 19:00:00,29.5,0.0,79.3,163.0,3.0
2024-09-21 20:00:00,28.8,0.0,81.8,145.0,2.7
2024-09-21 21:00:00,28.6,0.0,83.3,165.0,3.3
2024-09-21 22:00:00,28.2,0.0,85.3,148.0,3.6
2024-09-21 23:00:00,28.0,0.0,84.8,157.0,3.5
2024-09-22 00:00:00,28.6,0.0,79.6,151.0,3.0
2024-09-22 01:00:00,28.7,0.0,77.8,124.0,1.9
2024-09-22 02:00:00,28.4,0.0,80.6,63.0,1.3
2024-09-22 03:00:00,28.6,0.0,78.5,82.0,1.2
2024-09-22 04:00:00,28.6,0.0,76.8,91.0,2.2
2024-09-22 05:00:00,28.2,0.0,79.6,150.0,1.9
2024-09-22 06:00:00,28.3,0.0,77.5,62.0,1.5
2024-09-22 07:00:00,28.6,0.0,75.8,104.0,2.3
2024-09-22 08:00:00,29.6,0.0,63.1,140.0,2.8
2024-09-22 09:00:00,30.5,0.0,61.8,133.0,4.6
2024-09-22 10:00:00,30.8,0.0,57.4,140.0,6.8
2024-09-22 11:00:00,31.0,0.0,58.9,137.0,8.7
2024-09-22 12:00:00,32.6,0.0,59.5,148.0,5.0
2024-09-22 13:00:00,32.9,0.0,52.7,174.0,5.5
2024-09-22 14:00:00,33.0,0.0,53.6,208.0,5.8
2024-09-22 15:00:00,33.0,0.0,54.2,232.0,6.3
2024-09-22 16:00:00,33.2,0.0,55.0,241.0,3.5
2024-09-22 17:00:00,33.2,0.0,54.6,238.0,4.9
2024-09-22 18:00:00,31.5,0.0,61.9,168.0,2.8
2024-09-22 19:00:00,30.6,0.0,71.5,135.0,4.4
2024-09-22 20:00:00,30.2,0.0,74.4,128.0,4.0
2024-09-22 21:00:00,29.8,0.0,78.8,143.0,5.6
2024-09-22 22:00:00,29.3,0.0,82.9,126.0,6.0
2024-09-22 23:00:00,29.3,0.0,79.2,108.0,5.1
2024-09-23 00:00:00,29.2,0.0,79.4,109.0,5.6
2024-09-23 01:00:00,29.0,0.0,80.9,117.0,7.5
2024-09-23 02:00:00,29.0,0.0,82.7,108.0,5.2
2024-09-23 03:00:00,29.0,0.0,79.6,117.0,7.1
2024-09-23 04:00:00,28.9,0.0,80.5,111.0,5.6
2024-09-23 05:00:00,28.9,0.0,80.4,102.0,5.1
2024-09-23 06:00:00,29.0,0.0,83.7,119.0,5.4
2024-09-23 07:00:00,28.9,0.0,76.5,103.0,4.7
2024-09-23 08:00:00,29.2,0.0,77.2,113.0,3.6
2024-09-23 09:00:00,30.3,0.0,75.2,121.0,5.5
2024-09-23 10:00:00,30.9,0.0,67.8,126.0,7.6
2024-09-23 11:00:00,31.1,0.0,68.3,123.0,9.5
2024-09-23 12:00:00,31.9,0.0,70.6,123.0,7.7
2024-09-23 13:00:00,31.9,0.0,65.6,118.0,7.8
2024-09-23 14:00:00,31.8,0.0,69.1,157.0,8.8
2024-09-23 15:00:00,31.1,0.0,63.5,104.0,6.6
2024-09-23 16:00:00,30.1,0.0,68.9,87.0,3.2
2024-09-23 17:00:00,29.6,0.0,74.8,23.0,2.2
2024-09-23 18:00:00,29.8,0.0,74.9,118.0,4.4
2024-09-23 19:00:00,29.2,0.0,78.5,41.0,2.4
2024-09-23 20:00:00,29.0,0.0,77.4,106.0,5.1
2024-09-23 21:00:00,29.2,0.0,71.2,51.0,4.1
2024-09-23 22:00:00,28.7,0.0,71.6,63.0,1.7
2024-09-23 23:00:00,28.8,0.0,77.0,108.0,1.3
2024-09-24 00:00:00,28.4,0.0,79.4,339.0,1.2
2024-09-24 01:00:00,27.8,0.0,81.1,4.0,3.1
2024-09-24 02:00:00,27.5,0.0,82.9,9.0,2.7
2024-09-24 03:00:00,27.6,0.0,83.8,6.0,2.3
2024-09-24 04:00:00,27.6,0.0,84.9,96.0,0.8
2024-09-24 05:00:00,27.3,0.0,86.8,335.0,1.1
2024-09-24 06:00:00,27.2,0.0,86.9,351.0,3.0
2024-09-24 07:00:00,27.0,0.0,90.2,311.0,1.1
2024-09-24 08:00:00,27.4,0.0,88.3,346.0,1.8
2024-09-24 09:00:00,28.9,0.0,80.9,295.0,2.1
2024-09-24 10:00:00,28.6,0.0,83.1,284.0,2.6
2024-09-24 11:00:00,29.4,0.0,82.9,269.0,2.9
2024-09-24 12:00:00,30.2,0.0,76.2,259.0,4.2
2024-09-24 13:00:00,30.1,0.0,77.3,265.0,5.4
2024-09-24 14:00:00,28.2,0.2,87.5,256.0,5.1
2024-09-24 15:00:00,25.3,1.0,96.2,57.0,3.8
2024-09-24 16:00:00,25.8,0.0,95.4,106.0,0.8
2024-09-24 17:00:00,27.7,0.0,85.1,4.0,1.5
2024-09-24 18:00:00,28.0,0.0,78.7,31.0,1.7
2024-09-24 19:00:00,27.8,0.0,80.4,322.0,0.6
2024-09-24 20:00:00,27.0,0.0,79.8,3.0,3.0
2024-09-24 21:00:00,26.9,0.0,79.6,33.0,0.7
2024-09-24 22:00:00,27.1,0.0,79.5,10.0,1.8
2024-09-24 23:00:00,27.2,0.0,78.5,2.0,0.9
2024-09-25 00:00:00,27.2,0.0,78.7,7.0,1.5
2024-09-25 01:00:00,27.2,0.0,82.3,29.0,1.4
2024-09-25 02:00:00,27.0,0.0,86.7,328.0,0.4
2024-09-25 03:00:00,26.8,0.0,84.5,43.0,1.1
2024-09-25 04:00:00,26.8,0.0,82.6,298.0,0.7
2024-09-25 05:00:00,26.9,0.0,82.1,15.0,0.9
2024-09-25 06:00:00,27.0,0.0,80.5,343.0,0.9
2024-09-25 07:00:00,27.1,0.0,79.0,59.0,1.2
2024-09-25 08:00:00,28.0,0.0,77.9,341.0,1.0
2024-09-25 09:00:00,29.4,0.0,75.5,227.0,3.1
2024-09-25 10:00:00,30.3,0.0,72.4,200.0,4.6
2024-09-25 11:00:00,29.7,0.0,70.9,202.0,5.7
2024-09-25 12:00:00,27.9,0.2,93.0,264.0,2.6
2024-09-25 13:00:00,25.1,0.8,94.5,66.0,2.1
2024-09-25 14:00:00,25.0,0.0,95.8,144.0,3.4
2024-09-25 15:00:00,26.7,0.0,86.7,79.0,2.7
2024-09-25 16:00:00,27.2,0.0,84.6,3.0,2.9
2024-09-25 17:00:00,27.4,0.0,85.5,40.0,2.5
2024-09-25 18:00:00,27.4,0.0,83.0,12.0,1.2
2024-09-25 19:00:00,27.4,0.0,81.2,68.0,2.7
2024-09-25 20:00:00,26.5,0.0,85.3,8.0,5.0
2024-09-25 21:00:00,26.4,0.0,85.9,19.0,1.2
2024-09-25 22:00:00,26.9,0.0,84.1,45.0,2.2
2024-09-25 23:00:00,26.9,0.0,81.4,44.0,2.1
2024-09-26 00:00:00,26.9,0.0,84.5,58.0,2.4
2024-09-26 01:00:00,26.6,0.0,87.9,27.0,1.5
2024-09-26 02:00:00,26.6,0.0,85.9,11.0,2.3
2024-09-26 03:00:00,26.2,0.0,88.0,26.0,2.1
2024-09-26 04:00:00,26.5,0.0,86.9,36.0,1.6
2024-09-26 05:00:00,26.6,0.0,87.1,8.0,1.8
2024-09-26 06:00:00,26.4,0.0,89.1,17.0,0.9
2024-09-26 07:00:00,26.7,0.0,87.0,332.0,1.8
2024-09-26 08:00:00,24.0,0.4,93.5,269.0,11.1
2024-09-26 09:00:00,23.3,0.2,94.9,280.0,6.8
2024-09-26 10:00:00,24.3,0.0,88.9,271.0,9.10001
2024-09-26 11:00:00,24.5,0.0,90.2,266.0,6.8
2024-09-26 12:00:00,25.3,0.0,87.5,262.0,6.5
2024-09-26 13:00:00,26.4,0.0,77.9,270.0,6.4
2024-09-26 14:00:00,27.3,0.0,75.1,276.0,5.9
2024-09-26 15:00:00,27.8,0.0,75.8,277.0,5.1
2024-09-26 16:00:00,27.8,0.0,76.7,289.0,4.6
2024-09-26 17:00:00,28.1,0.0,75.4,305.0,3.9
2024-09-26 18:00:00,28.0,0.0,73.0,294.0,3.8
2024-09-26 19:00:00,27.4,0.0,77.3,309.0,1.0
2024-09-26 20:00:00,27.1,0.0,79.2,231.0,2.5
2024-09-26 21:00:00,27.4,0.0,78.2,261.0,1.4
2024-09-26 22:00:00,27.1,0.0,80.1,56.0,1.4
2024-09-26 23:00:00,27.3,0.0,79.4,60.0,1.3
2024-09-27 00:00:00,27.0,0.0,81.7,16.0,1.2
2024-09-27 01:00:00,27.2,0.0,81.6,3.0,1.3
2024-09-27 02:00:00,26.8,0.0,84.3,1.0,1.9
2024-09-27 03:00:00,26.5,0.0,84.2,358.0,2.3
2024-09-27 04:00:00,26.0,0.0,86.5,45.0,1.2
2024-09-27 05:00:00,26.1,0.0,85.5,54.0,0.4
2024-09-27 06:00:00,26.3,0.0,84.6,9.0,1.1
2024-09-27 07:00:00,26.5,0.0,84.0,9.0,1.2
2024-09-27 08:00:00,26.9,0.0,84.2,54.0,0.6
2024-09-27 09:00:00,28.1,0.0,83.9,222.0,2.1
2024-09-27 10:00:00,28.8,0.0,75.0,245.0,4.3
2024-09-27 11:00:00,29.9,0.0,67.5,221.0,5.0
2024-09-27 12:00:00,30.5,0.0,54.6,232.0,4.3
2024-09-27 13:00:00,31.6,0.0,53.5,246.0,4.4
2024-09-27 14:00:00,32.1,0.0,55.6,246.0,4.7
2024-09-27 15:00:00,31.0,0.0,60.0,236.0,5.8
2024-09-27 16:00:00,31.0,0.0,63.7,238.0,6.0
2024-09-27 17:00:00,30.6,0.0,67.2,223.0,6.5
2024-09-27 18:00:00,29.6,0.0,73.6,175.0,3.2
2024-09-27 19:00:00,29.8,0.0,70.8,130.0,5.4
2024-09-27 20:00:00,29.3,0.0,77.7,124.0,5.4
2024-09-27 21:00:00,29.1,0.0,78.1,124.0,7.0
2024-09-27 22:00:00,28.9,0.0,76.7,128.0,7.0
2024-09-27 23:00:00,28.9,0.0,80.8,116.0,4.7
2024-09-28 00:00:00,28.8,0.0,79.5,123.0,4.9
2024-09-28 01:00:00,28.6,0.0,79.3,125.0,4.7
2024-09-28 02:00:00,28.4,0.0,81.4,96.0,3.6
2024-09-28 03:00:00,28.2,0.0,82.1,81.0,2.7
2024-09-28 04:00:00,28.5,0.0,75.8,87.0,4.2
2024-09-28 05:00:00,28.2,0.0,77.4,96.0,1.7
2024-09-28 06:00:00,27.8,0.0,82.6,86.0,1.5
2024-09-28 07:00:00,28.2,0.0,80.9,113.0,2.4
2024-09-28 08:00:00,28.3,0.0,83.2,134.0,5.0
2024-09-28 09:00:00,29.5,0.0,77.3,137.0,4.7
2024-09-28 10:00:00,30.3,0.0,70.3,116.0,6.7
2024-09-28 11:00:00,30.6,0.0,65.2,123.0,9.7
2024-09-28 12:00:00,31.5,0.0,61.5,98.0,7.5
2024-09-28 13:00:00,31.4,0.0,64.3,117.0,4.3
2024-09-28 14:00:00,30.6,0.0,71.9,159.0,5.9
2024-09-28 15:00:00,28.6,0.0,78.4,160.0,8.10001
2024-09-28 16:00:00,28.5,0.0,74.2,148.0,7.8
2024-09-28 17:00:00,27.6,0.0,73.4,139.0,8.5
2024-09-28 18:00:00,28.4,0.0,70.9,138.0,7.0
2024-09-28 19:00:00,28.0,0.0,76.9,130.0,5.2
2024-09-28 20:00:00,27.9,0.0,80.0,120.0,4.7
2024-09-28 21:00:00,28.1,0.0,82.2,174.0,3.9
2024-09-28 22:00:00,28.3,0.0,82.3,162.0,4.1
2024-09-28 23:00:00,28.1,0.0,83.0,136.0,3.6
2024-09-29 00:00:00,28.1,0.0,84.1,147.0,3.9
2024-09-29 01:00:00,28.0,0.0,84.6,152.0,2.9
2024-09-29 02:00:00,27.8,0.0,86.1,177.0,1.8
2024-09-29 03:00:00,27.5,0.0,85.6,150.0,2.7
2024-09-29 04:00:00,27.7,0.0,83.8,97.0,1.8
2024-09-29 05:00:00,27.4,0.0,86.9,173.0,3.1
2024-09-29 06:00:00,27.5,0.0,87.9,132.0,2.9
2024-09-29 07:00:00,27.4,0.0,86.1,165.0,3.1
2024-09-29 08:00:00,28.2,0.0,84.4,155.0,0.7
2024-09-29 09:00:00,29.1,0.0,80.3,150.0,4.4
2024-09-29 10:00:00,30.1,0.0,72.0,160.0,3.3
2024-09-29 11:00:00,30.8,0.0,64.2,120.0,4.9
2024-09-29 12:00:00,31.0,0.0,68.5,154.0,3.9
2024-09-29 13:00:00,30.9,0.0,68.1,125.0,5.9
2024-09-29 14:00:00,31.2,0.0,69.5,149.0,5.8
2024-09-29 15:00:00,30.5,0.0,68.3,150.0,4.5
2024-09-29 16:00:00,30.9,0.0,64.2,4.0,2.0
2024-09-29 17:00:00,30.2,0.0,73.9,298.0,0.8
2024-09-29 18:00:00,30.3,0.0,70.4,187.0,2.0
2024-09-29 19:00:00,29.4,0.0,71.5,169.0,3.0
2024-09-29 20:00:00,28.8,0.0,76.9,135.0,2.7
2024-09-29 21:00:00,28.8,0.0,76.2,160.0,3.6
2024-09-29 22:00:00,28.5,0.0,82.6,155.0,5.8
2024-09-29 23:00:00,28.3,0.0,85.3,169.0,3.5
2024-09-30 00:00:00,28.2,0.0,83.4,162.0,3.6
2024-09-30 01:00:00,28.3,0.0,81.7,174.0,3.7
2024-09-30 02:00:00,28.2,0.0,80.9,177.0,2.3
2024-09-30 03:00:00,28.2,0.0,80.1,178.0,2.6
2024-09-30 04:00:00,28.2,0.0,80.8,171.0,1.9
2024-09-30 05:00:00,27.2,0.0,83.1,265.0,4.2
2024-09-30 06:00:00,26.1,0.0,83.9,292.0,2.4
2024-09-30 07:00:00,26.7,0.0,79.8,10.0,0.9
2024-09-30 08:00:00,27.2,0.0,82.5,18.0,0.6
2024-09-30 09:00:00,29.4,0.0,75.3,169.0,2.4
2024-09-30 10:00:00,28.8,0.0,82.9,246.0,5.7
2024-09-30 11:00:00,29.1,0.0,80.6,248.0,5.2
2024-09-30 12:00:00,29.6,0.0,76.3,269.0,4.0
2024-09-30 13:00:00,28.5,0.0,84.9,289.0,2.6
2024-09-30 14:00:00,30.4,0.0,74.0,274.0,4.1
2024-09-30 15:00:00,29.1,0.0,79.3,254.0,5.2
2024-09-30 16:00:00,29.2,0.0,74.3,220.0,5.8
2024-09-30 17:00:00,29.4,0.0,73.4,180.0,3.6
2024-09-30 18:00:00,28.7,0.0,81.5,125.0,6.4
2024-09-30 19:00:00,27.7,0.0,86.5,109.0,3.8
2024-09-30 20:00:00,28.2,0.0,82.3,121.0,3.4
2024-09-30 21:00:00,28.1,0.0,83.9,170.0,4.0
2024-09-30 22:00:00,28.0,0.0,84.0,146.0,2.7
2024-09-30 23:00:00,28.1,0.0,79.7,167.0,3.1
2024-10-01 00:00:00,28.2,0.0,79.0,170.0,2.3
2024-10-01 01:00:00,27.9,0.0,81.4,154.0,2.8
2024-10-01 02:00:00,27.9,0.0,84.0,145.0,2.5
2024-10-01 03:00:00,27.9,0.0,83.5,140.0,3.0
2024-10-01 04:00:00,27.8,0.0,83.4,167.0,3.3
2024-10-01 05:00:00,27.8,0.0,82.3,191.0,2.4
2024-10-01 06:00:00,28.0,0.0,82.0,156.0,2.0
2024-10-01 07:00:00,28.0,0.0,83.4,79.0,1.9
2024-10-01 08:00:00,25.7,0.0,84.7,269.0,3.1
2024-10-01 09:00:00,26.2,0.0,86.5,211.0,2.2
2024-10-01 10:00:00,27.9,0.0,76.9,304.0,3.1
2024-10-01 11:00:00,29.7,0.0,73.0,294.0,4.0
2024-10-01 12:00:00,27.2,0.0,79.5,249.0,9.39999
2024-10-01 13:00:00,26.1,0.0,89.2,237.0,5.4
2024-10-01 14:00:00,27.3,0.0,74.6,269.0,5.1
2024-10-01 15:00:00,28.6,0.0,75.5,217.0,2.6
2024-10-01 16:00:00,28.4,0.0,76.7,235.0,3.6
2024-10-01 17:00:00,30.2,0.0,64.0,251.0,4.3
2024-10-01 18:00:00,29.7,0.0,69.2,267.0,2.0
2024-10-01 19:00:00,28.7,0.0,71.5,263.0,3.7
2024-10-01 20:00:00,28.3,0.0,72.4,266.0,3.2
2024-10-01 21:00:00,28.1,0.0,75.9,267.0,2.5
2024-10-01 22:00:00,28.2,0.0,76.8,245.0,2.3
2024-10-01 23:00:00,27.9,0.0,81.6,219.0,2.5
2024-10-02 00:00:00,27.8,0.0,84.0,180.0,2.7
2024-10-02 01:00:00,28.2,0.0,83.0,195.0,2.1
2024-10-02 02:00:00,28.1,0.0,84.0,161.0,1.3
2024-10-02 03:00:00,27.9,0.0,85.9,267.0,1.9
2024-10-02 04:00:00,27.8,0.0,86.2,201.0,1.8
2024-10-02 05:00:00,27.8,0.0,84.6,234.0,1.9
2024-10-02 06:00:00,27.8,0.0,82.8,212.0,2.8
2024-10-02 07:00:00,27.8,0.0,81.8,266.0,2.2
2024-10-02 08:00:00,28.6,0.0,79.1,271.0,2.0
2024-10-02 09:00:00,29.8,0.0,73.5,203.0,2.5
2024-10-02 10:00:00,30.1,0.0,72.2,171.0,2.4
2024-10-02 11:00:00,30.4,0.0,70.3,152.0,3.3
2024-10-02 12:00:00,31.0,0.0,71.0,155.0,3.9
2024-10-02 13:00:00,31.1,0.0,70.0,238.0,4.9
2024-10-02 14:00:00,31.2,0.0,69.6,185.0,4.6
2024-10-02 15:00:00,30.2,0.0,74.6,163.0,4.4
2024-10-02 16:00:00,30.2,0.0,72.7,143.0,6.5
2024-10-02 17:00:00,30.2,0.0,75.1,114.0,6.1
2024-10-02 18:00:00,29.8,0.0,72.6,122.0,6.4
2024-10-02 19:00:00,29.6,0.0,69.8,120.0,6.4
2024-10-02 20:00:00,29.3,0.0,77.8,95.0,5.2
2024-10-02 21:00:00,29.0,0.0,77.4,129.0,4.9
2024-10-02 22:00:00,29.0,0.0,75.6,124.0,4.1
2024-10-02 23:00:00,28.9,0.0,76.8,97.0,2.5
2024-10-03 00:00:00,28.8,0.0,77.1,139.0,2.9
2024-10-03 01:00:00,28.7,0.0,78.8,190.0,2.0
2024-10-03 02:00:00,28.2,0.0,82.1,156.0,3.5
2024-10-03 03:00:00,28.1,0.0,83.2,145.0,3.8
2024-10-03 04:00:00,28.2,0.0,83.8,112.0,3.2
2024-10-03 05:00:00,28.1,0.0,84.0,135.0,4.7
2024-10-03 06:00:00,28.1,0.0,84.4,111.0,3.4
2024-10-03 07:00:00,28.4,0.0,79.2,123.0,5.0
2024-10-03 08:00:00,28.7,0.0,81.2,122.0,5.5
2024-10-03 09:00:00,28.6,0.2,85.4,122.0,6.1
2024-10-03 10:00:00,30.3,0.0,70.4,175.0,3.4
2024-10-03 11:00:00,31.4,0.0,59.7,137.0,3.9
2024-10-03 12:00:00,29.9,0.0,74.9,268.0,5.1
2024-10-03 13:00:00,28.7,0.4,80.9,314.0,3.3
2024-10-03 14:00:00,25.1,0.2,97.5,297.0,3.2
2024-10-03 15:00:00,26.3,0.0,91.6,138.0,2.6
2024-10-03 16:00:00,29.2,0.0,71.9,164.0,3.9
2024-10-03 17:00:00,29.4,0.0,70.3,158.0,3.6
2024-10-03 18:00:00,29.7,0.0,71.0,177.0,3.3
2024-10-03 19:00:00,28.8,0.0,75.3,143.0,1.4
2024-10-03 20:00:00,28.9,0.0,73.6,263.0,1.1
2024-10-03 21:00:00,28.6,0.0,77.3,342.0,2.2
2024-10-03 22:00:00,28.5,0.0,79.7,12.0,1.7
2024-10-03 23:00:00,28.3,0.0,80.7,16.0,2.0
2024-10-04 00:00:00,28.3,0.0,80.9,3.0,2.3
2024-10-04 01:00:00,28.0,0.0,82.2,10.0,2.4
2024-10-04 02:00:00,28.0,0.0,82.7,10.0,3.1
2024-10-04 03:00:00,27.5,0.0,85.7,325.0,1.1
2024-10-04 04:00:00,27.4,0.0,87.6,5.0,3.0
2024-10-04 05:00:00,27.1,0.0,88.3,46.0,0.9
2024-10-04 06:00:00,27.1,0.0,87.0,316.0,1.5
2024-10-04 07:00:00,27.1,0.0,81.9,331.0,2.0
2024-10-04 08:00:00,27.7,0.0,79.2,332.0,1.3
2024-10-04 09:00:00,28.3,0.0,77.5,343.0,1.6
2024-10-04 10:00:00,28.2,0.0,77.4,1.0,4.3
2024-10-04 11:00:00,25.8,0.0,91.7,210.0,7.6
2024-10-04 12:00:00,24.6,0.0,97.6,244.0,6.9
2024-10-04 13:00:00,27.6,0.0,82.4,264.0,4.2
2024-10-04 14:00:00,29.0,0.0,76.5,262.0,4.6
2024-10-04 15:00:00,29.3,0.0,74.9,252.0,5.8
2024-10-04 16:00:00,30.9,0.0,67.8,271.0,3.8
2024-10-04 17:00:00,30.3,0.0,69.5,272.0,3.3
2024-10-04 18:00:00,29.6,0.0,72.8,245.0,3.5
2024-10-04 19:00:00,29.1,0.0,72.7,256.0,1.6
2024-10-04 20:00:00,26.3,2.6,93.1,31.0,3.0
2024-10-04 21:00:00,25.5,0.0,96.2,245.0,1.4
2024-10-04 22:00:00,26.4,0.0,91.2,236.0,2.4
2024-10-04 23:00:00,26.9,0.0,89.0,336.0,1.0
2024-10-05 00:00:00,26.9,0.0,89.5,341.0,1.2
2024-10-05 01:00:00,26.7,0.0,90.1,22.0,0.7
2024-10-05 02:00:00,26.7,0.0,88.5,25.0,0.8
2024-10-05 03:00:00,26.4,0.0,89.5,264.0,1.4
2024-10-05 04:00:00,27.0,0.0,85.9,350.0,1.0
2024-10-05 05:00:00,26.6,0.0,88.7,7.0,1.4
2024-10-05 06:00:00,25.5,0.0,90.0,267.0,4.7
2024-10-05 07:00:00,23.7,0.0,97.2,261.0,3.0
2024-10-05 08:00:00,25.0,0.0,94.4,288.0,1.9
2024-10-05 09:00:00,26.7,0.0,84.4,309.0,1.8
2024-10-05 10:00:00,28.2,0.0,78.2,267.0,2.6
2024-10-05 11:00:00,29.0,0.0,76.6,270.0,3.2
2024-10-05 12:00:00,29.7,0.0,69.5,256.0,4.9
2024-10-05 13:00:00,30.1,0.0,72.2,274.0,3.7
2024-10-05 14:00:00,29.7,0.0,69.7,252.0,4.4
2024-10-05 15:00:00,30.2,0.0,71.2,247.0,4.5
2024-10-05 16:00:00,29.5,0.0,74.0,244.0,3.7
2024-10-05 17:00:00,29.5,0.0,75.1,268.0,2.6
2024-10-05 18:00:00,29.0,0.0,75.9,242.0,2.8
2024-10-05 19:00:00,28.5,0.0,75.8,169.0,2.5
2024-10-05 20:00:00,28.6,0.0,75.9,192.0,2.1
2024-10-05 21:00:00,28.7,0.0,78.0,184.0,1.9
2024-10-05 22:00:00,28.2,0.0,81.7,153.0,2.9
2024-10-05 23:00:00,28.3,0.0,82.7,147.0,2.1
2024-10-06 00:00:00,28.4,0.0,82.5,146.0,2.0
2024-10-06 01:00:00,28.0,0.0,83.9,164.0,3.1
2024-10-06 02:00:00,28.1,0.0,82.3,201.0,2.9
2024-10-06 03:00:00,27.3,0.0,84.2,287.0,4.8
2024-10-06 04:00:00,25.8,0.0,93.4,303.0,3.7
2024-10-06 05:00:00,24.9,0.8,97.8,338.0,4.1
2024-10-06 06:00:00,25.1,0.4,97.4,270.0,5.0
2024-10-06 07:00:00,24.3,1.2,95.7,255.0,12.0
2024-10-06 08:00:00,24.4,0.4,96.1,249.0,8.0
2024-10-06 09:00:00,25.4,0.0,91.2,267.0,6.6
2024-10-06 10:00:00,26.6,0.0,83.2,264.0,4.7
2024-10-06 11:00:00,27.2,0.0,81.9,259.0,4.5
2024-10-06 12:00:00,28.0,0.0,79.8,265.0,3.8
2024-10-06 13:00:00,28.6,0.0,75.0,271.0,3.8
2024-10-06 14:00:00,29.9,0.0,68.4,290.0,1.9
2024-10-06 15:00:00,29.8,0.0,66.4,267.0,3.0
2024-10-06 16:00:00,29.2,0.0,63.0,250.0,3.9
2024-10-06 17:00:00,28.9,0.0,67.9,164.0,4.4
2024-10-06 18:00:00,28.3,0.0,74.7,176.0,3.3
2024-10-06 19:00:00,28.1,0.0,75.7,184.0,3.3
2024-10-06 20:00:00,28.1,0.0,76.8,203.0,2.7
2024-10-06 21:00:00,28.0,0.0,77.9,208.0,1.9
2024-10-06 22:00:00,28.2,0.0,76.0,260.0,0.7
2024-10-06 23:00:00,28.5,0.0,74.9,246.0,2.1
2024-10-07 00:00:00,28.4,0.0,73.1,160.0,2.5
2024-10-07 01:00:00,28.1,0.0,77.9,161.0,1.8
2024-10-07 02:00:00,27.6,0.0,80.9,70.0,1.2
2024-10-07 03:00:00,27.6,0.0,80.6,144.0,1.7
2024-10-07 04:00:00,27.8,0.0,78.4,159.0,1.7
2024-10-07 05:00:00,27.7,0.0,79.2,187.0,1.1
2024-10-07 06:00:00,26.6,0.0,87.4,10.0,1.9
2024-10-07 07:00:00,26.4,0.0,88.4,13.0,1.3
2024-10-07 08:00:00,27.3,0.0,86.1,5.0,0.7
2024-10-07 09:00:00,29.5,0.0,74.4,27.0,0.7
2024-10-07 10:00:00,29.9,0.0,71.0,214.0,2.1
2024-10-07 11:00:00,30.4,0.0,68.0,237.0,3.8
2024-10-07 12:00:00,31.1,0.0,65.0,239.0,4.6
2024-10-07 13:00:00,30.6,0.0,69.2,240.0,6.0
2024-10-07 14:00:00,30.2,0.0,70.7,235.0,7.6
2024-10-07 15:00:00,29.1,0.0,74.6,223.0,7.1
2024-10-07 16:00:00,29.3,0.0,73.0,173.0,4.9
2024-10-07 17:00:00,29.1,0.0,75.5,177.0,4.8
2024-10-07 18:00:00,28.7,0.0,74.6,175.0,4.5
2024-10-07 19:00:00,28.3,0.0,78.6,163.0,4.8
2024-10-07 20:00:00,28.2,0.0,78.4,162.0,4.2
2024-10-07 21:00:00,28.2,0.0,77.8,131.0,4.2
2024-10-07 22:00:00,28.3,0.0,76.8,135.0,4.8
2024-10-07 23:00:00,27.9,0.0,79.2,151.0,3.0
2024-10-08 00:00:00,27.8,0.0,79.2,159.0,3.4
2024-10-08 01:00:00,27.9,0.0,81.3,160.0,2.6
2024-10-08 02:00:00,27.9,0.0,81.2,117.0,2.0
2024-10-08 03:00:00,27.7,0.0,82.9,141.0,3.4
2024-10-08 04:00:00,27.7,0.0,83.3,149.0,3.7
2024-10-08 05:00:00,27.6,0.0,84.9,139.0,2.7
2024-10-08 06:00:00,27.8,0.0,83.5,127.0,4.9
2024-10-08 07:00:00,27.9,0.0,83.3,133.0,4.8
2024-10-08 08:00:00,28.3,0.0,82.8,138.0,3.9
2024-10-08 09:00:00,29.2,0.0,78.7,137.0,5.4
2024-10-08 10:00:00,29.9,0.0,74.1,140.0,6.5
2024-10-08 11:00:00,29.1,0.0,63.5,114.0,8.0
2024-10-08 12:00:00,29.0,0.0,64.4,205.0,8.7
2024-10-08 13:00:00,29.2,0.0,67.6,241.0,6.4
2024-10-08 14:00:00,29.1,0.0,75.6,215.0,4.6
2024-10-08 15:00:00,29.7,0.0,75.5,202.0,3.6
2024-10-08 16:00:00,30.0,0.0,67.9,150.0,5.9
2024-10-08 17:00:00,29.8,0.0,72.8,103.0,3.9
2024-10-08 18:00:00,28.9,0.0,79.8,116.0,7.5
2024-10-08 19:00:00,28.3,0.0,75.1,138.0,5.6
2024-10-08 20:00:00,28.6,0.0,73.9,127.0,5.9
2024-10-08 21:00:00,28.4,0.0,76.7,132.0,5.4
2024-10-08 22:00:00,28.3,0.0,79.8,131.0,3.8
2024-10-08 23:00:00,28.1,0.0,80.8,155.0,3.3
2024-10-09 00:00:00,27.9,0.0,83.2,146.0,2.9
2024-10-09 01:00:00,27.8,0.0,82.0,158.0,3.6
2024-10-09 02:00:00,27.8,0.0,83.2,140.0,3.1
2024-10-09 03:00:00,27.8,0.0,83.7,131.0,4.3
2024-10-09 04:00:00,27.8,0.0,84.0,135.0,1.9
2024-10-09 05:00:00,27.7,0.0,84.1,68.0,1.6
2024-10-09 06:00:00,27.7,0.0,83.4,157.0,2.5
2024-10-09 07:00:00,27.8,0.0,81.1,139.0,3.2
2024-10-09 08:00:00,28.4,0.0,80.3,179.0,1.8
2024-10-09 09:00:00,30.1,0.0,74.3,155.0,2.5
2024-10-09 10:00:00,29.9,0.0,72.8,150.0,4.3
2024-10-09 11:00:00,30.6,0.0,69.2,164.0,6.2
2024-10-09 12:00:00,29.1,0.0,75.4,157.0,8.7
2024-10-09 13:00:00,29.2,0.0,75.1,173.0,5.7
2024-10-09 14:00:00,29.7,0.0,73.2,220.0,7.5
2024-10-09 15:00:00,29.0,0.0,78.3,230.0,7.6
2024-10-09 16:00:00,28.3,0.0,80.8,164.0,4.2
2024-10-09 17:00:00,28.5,0.0,79.4,188.0,4.2
2024-10-09 18:00:00,28.6,0.0,79.5,171.0,4.8
2024-10-09 19:00:00,28.4,0.0,80.8,161.0,2.8
2024-10-09 20:00:00,28.2,0.0,81.3,159.0,4.1
2024-10-09 21:00:00,28.3,0.0,80.8,158.0,2.9
2024-10-09 22:00:00,28.0,0.0,84.2,160.0,4.0
2024-10-09 23:00:00,28.1,0.0,78.6,135.0,3.4
2024-10-10 00:00:00,28.0,0.0,80.1,113.0,2.3
2024-10-10 01:00:00,28.0,0.0,80.7,165.0,2.0
2024-10-10 02:00:00,27.2,0.0,85.1,160.0,2.0
2024-10-10 03:00:00,27.4,0.0,85.4,159.0,2.9
2024-10-10 04:00:00,27.3,0.0,85.8,162.0,2.2
2024-10-10 05:00:00,27.6,0.0,84.3,78.0,0.8
2024-10-10 06:00:00,27.6,0.0,84.3,91.0,1.2
2024-10-10 07:00:00,27.7,0.0,84.5,162.0,1.7
2024-10-10 08:00:00,28.4,0.0,86.2,229.0,1.1
2024-10-10 09:00:00,29.5,0.0,76.6,166.0,3.9
2024-10-10 10:00:00,29.3,0.0,78.7,180.0,3.6
2024-10-10 11:00:00,29.1,0.0,72.5,163.0,5.7
2024-10-10 12:00:00,30.2,0.0,71.3,171.0,6.6
2024-10-10 13:00:00,29.7,0.0,74.4,153.0,7.6
2024-10-10 14:00:00,30.5,0.0,65.8,123.0,6.4
2024-10-10 15:00:00,30.7,0.0,64.4,143.0,5.4
2024-10-10 16:00:00,29.8,0.0,70.7,120.0,7.0
2024-10-10 17:00:00,29.5,0.0,73.1,135.0,5.9
2024-10-10 18:00:00,29.2,0.0,75.1,149.0,5.0
2024-10-10 19:00:00,29.0,0.0,77.9,132.0,3.5
2024-10-10 20:00:00,28.6,0.0,81.6,144.0,3.1
2024-10-10 21:00:00,28.9,0.0,77.6,159.0,3.0
2024-10-10 22:00:00,28.6,0.0,79.0,169.0,3.6
2024-10-10 23:00:00,28.6,0.0,79.9,188.0,2.9
2024-10-11 00:00:00,28.3,0.0,82.6,147.0,2.6
2024-10-11 01:00:00,28.3,0.0,82.8,145.0,3.2
2024-10-11 02:00:00,28.1,0.0,84.4,134.0,2.2
2024-10-11 03:00:00,28.1,0.0,84.2,121.0,2.0
2024-10-11 04:00:00,27.9,0.0,85.3,146.0,1.6
2024-10-11 05:00:00,27.6,0.0,87.2,281.0,1.4
2024-10-11 06:00:00,27.4,0.0,88.1,56.0,0.9
2024-10-11 07:00:00,27.4,0.0,88.3,22.0,0.5
2024-10-11 08:00:00,28.8,0.0,83.2,265.0,0.8
2024-10-11 09:00:00,29.1,0.0,78.0,270.0,3.9
2024-10-11 10:00:00,28.7,0.0,79.2,249.0,5.1
2024-10-11 11:00:00,29.7,0.0,73.9,237.0,5.1
2024-10-11 12:00:00,29.3,0.0,76.0,245.0,3.7
2024-10-11 13:00:00,30.4,0.0,72.5,249.0,4.1
2024-10-11 14:00:00,31.3,0.0,66.2,251.0,4.4
2024-10-11 15:00:00,32.8,0.0,56.5,210.0,3.5
2024-10-11 16:00:00,31.6,0.0,59.8,252.0,4.0
2024-10-11 17:00:00,30.2,0.0,71.1,163.0,4.5
2024-10-11 18:00:00,29.8,0.0,73.3,127.0,6.0
2024-10-11 19:00:00,29.7,0.0,71.2,120.0,2.7
2024-10-11 20:00:00,29.9,0.0,72.2,98.0,2.4
2024-10-11 21:00:00,29.6,0.0,73.0,118.0,5.1
2024-10-11 22:00:00,29.1,0.0,79.2,124.0,5.6
2024-10-11 23:00:00,29.1,0.0,79.4,125.0,4.1
2024-10-12 00:00:00,29.0,0.0,77.9,114.0,4.3
2024-10-12 01:00:00,28.7,0.0,80.0,139.0,3.0
2024-10-12 02:00:00,28.5,0.0,78.0,157.0,3.2
2024-10-12 03:00:00,28.4,0.0,80.5,157.0,2.8
2024-10-12 04:00:00,28.1,0.0,82.9,221.0,1.0
2024-10-12 05:00:00,27.6,0.0,85.7,2.0,3.0
2024-10-12 06:00:00,27.5,0.0,86.8,216.0,0.5
2024-10-12 07:00:00,27.9,0.0,85.8,349.0,1.2
2024-10-12 08:00:00,27.6,0.0,87.8,356.0,2.2
2024-10-12 09:00:00,28.0,0.0,83.7,329.0,3.5
2024-10-12 10:00:00,28.2,0.0,79.3,295.0,2.5
2024-10-12 11:00:00,26.9,0.0,86.4,241.0,6.2
2024-10-12 12:00:00,26.8,0.2,88.5,207.0,3.5
2024-10-12 13:00:00,26.5,0.0,91.6,164.0,6.3
2024-10-12 14:00:00,26.6,0.0,84.0,175.0,5.5
2024-10-12 15:00:00,26.5,0.0,89.0,180.0,2.5
2024-10-12 16:00:00,27.3,0.0,83.9,187.0,2.6
2024-10-12 17:00:00,28.1,0.0,80.4,171.0,1.3
2024-10-12 18:00:00,27.6,0.0,81.7,173.0,2.3
2024-10-12 19:00:00,27.4,0.0,83.2,268.0,2.2
2024-10-12 20:00:00,27.4,0.0,84.7,177.0,1.7
2024-10-12 21:00:00,27.3,0.0,85.1,91.0,0.4
2024-10-12 22:00:00,27.0,0.0,86.5,69.0,0.4
2024-10-12 23:00:00,27.2,0.0,89.6,21.0,0.9
2024-10-13 00:00:00,27.0,0.0,91.3,12.0,3.1
2024-10-13 01:00:00,26.9,0.0,91.5,3.0,1.2
2024-10-13 02:00:00,26.8,0.0,90.7,340.0,1.1
2024-10-13 03:00:00,26.7,0.0,91.4,336.0,1.2
2024-10-13 04:00:00,26.4,0.0,92.8,304.0,1.1
2024-10-13 05:00:00,26.4,0.0,92.6,357.0,2.2
2024-10-13 06:00:00,26.4,0.0,92.0,356.0,1.7
2024-10-13 07:00:00,26.4,0.0,89.8,315.0,2.2
2024-10-13 08:00:00,27.1,0.0,83.4,307.0,3.3
2024-10-13 09:00:00,27.9,0.0,80.1,288.0,4.7
2024-10-13 10:00:00,29.0,0.0,78.6,272.0,5.8
2024-10-13 11:00:00,29.8,0.0,74.5,268.0,6.5
2024-10-13 12:00:00,30.1,0.0,71.8,290.0,4.8
2024-10-13 13:00:00,31.0,0.0,69.3,278.0,4.8
2024-10-13 14:00:00,31.6,0.0,65.9,270.0,6.4
2024-10-13 15:00:00,31.1,0.0,63.0,295.0,4.4
2024-10-13 16:00:00,32.7,0.0,58.3,268.0,4.6
2024-10-13 17:00:00,31.9,0.0,54.6,281.0,3.8
2024-10-13 18:00:00,31.1,0.0,65.1,252.0,4.1
2024-10-13 19:00:00,30.5,0.0,67.7,276.0,2.5
2024-10-13 20:00:00,30.2,0.0,69.4,281.0,2.7
2024-10-13 21:00:00,29.6,0.0,71.2,275.0,2.4
2024-10-13 22:00:00,29.3,0.0,74.0,269.0,2.6
2024-10-13 23:00:00,29.1,0.0,77.5,270.0,3.6
2024-10-14 00:00:00,28.7,0.0,80.4,247.0,4.2
2024-10-14 01:00:00,28.4,0.0,81.6,246.0,5.5
2024-10-14 02:00:00,28.1,0.0,85.9,268.0,3.4
2024-10-14 03:00:00,26.0,0.2,89.5,8.0,1.9
2024-10-14 04:00:00,25.4,0.0,92.7,318.0,0.7
2024-10-14 05:00:00,25.8,0.0,91.7,289.0,0.8
2024-10-14 06:00:00,26.7,0.0,89.8,253.0,3.3
2024-10-14 07:00:00,27.3,0.0,85.8,248.0,6.2
2024-10-14 08:00:00,26.4,0.0,88.2,292.0,6.6
2024-10-14 09:00:00,26.4,0.2,89.9,324.0,3.5
2024-10-14 10:00:00,26.2,0.4,93.4,280.0,3.7
2024-10-14 11:00:00,25.9,0.2,93.0,284.0,4.0
2024-10-14 12:00:00,24.8,0.8,94.8,296.0,3.5
2024-10-14 13:00:00,23.2,0.2,95.8,284.0,2.9
2024-10-14 14:00:00,24.5,0.0,89.1,296.0,4.3
2024-10-14 15:00:00,25.8,0.0,81.1,316.0,3.2
2024-10-14 16:00:00,26.4,0.0,77.6,305.0,2.1
2024-10-14 17:00:00,27.2,0.0,77.3,276.0,1.0
2024-10-14 18:00:00,27.3,0.0,78.7,242.0,0.4
2024-10-14 19:00:00,26.4,0.0,82.8,61.0,0.6
2024-10-14 20:00:00,26.6,0.0,79.2,286.0,0.9
2024-10-14 21:00:00,26.6,0.0,80.6,33.0,0.4
2024-10-14 22:00:00,26.9,0.0,78.9,359.0,1.8
2024-10-14 23:00:00,27.0,0.0,79.0,2.0,1.6
2024-10-15 00:00:00,27.2,0.0,79.0,340.0,1.4
2024-10-15 01:00:00,26.8,0.2,79.9,95.0,1.3
2024-10-15 02:00:00,27.0,0.0,80.0,49.0,0.9
2024-10-15 03:00:00,27.2,0.0,79.5,163.0,2.4
2024-10-15 04:00:00,27.5,0.0,80.5,150.0,2.5
2024-10-15 05:00:00,27.0,0.0,86.2,76.0,1.1
2024-10-15 06:00:00,27.1,0.0,85.2,163.0,3.0
2024-10-15 07:00:00,26.7,0.0,87.6,182.0,3.6
2024-10-15 08:00:00,25.8,0.0,92.4,262.0,9.7
2024-10-15 09:00:00,24.4,3.6,98.4,244.0,13.1
2024-10-15 10:00:00,25.0,0.0,98.6,267.0,7.5
2024-10-15 11:00:00,25.6,0.2,93.9,274.0,4.8
2024-10-15 12:00:00,26.9,0.0,84.4,267.0,6.6
2024-10-15 13:00:00,28.8,0.0,71.6,289.0,3.7
2024-10-15 14:00:00,29.9,0.0,67.4,303.0,3.7
2024-10-15 15:00:00,30.7,0.0,62.4,275.0,4.1
2024-10-15 16:00:00,30.8,0.0,61.3,271.0,4.6
2024-10-15 17:00:00,29.8,0.0,68.8,263.0,5.2
2024-10-15 18:00:00,29.6,0.0,69.3,271.0,4.1
2024-10-15 19:00:00,28.4,0.0,77.1,296.0,3.1
2024-10-15 20:00:00,28.5,0.0,70.6,295.0,3.5
2024-10-15 21:00:00,28.4,0.0,73.8,273.0,1.9
2024-10-15 22:00:00,28.3,0.0,75.4,296.0,2.5
2024-10-15 23:00:00,28.4,0.0,75.6,309.0,2.5
2024-10-16 00:00:00,28.1,0.0,76.5,334.0,2.1
2024-10-16 01:00:00,28.1,0.0,77.6,316.0,1.7
2024-10-16 02:00:00,28.1,0.0,77.1,304.0,2.4
2024-10-16 03:00:00,27.9,0.0,76.9,344.0,1.8
2024-10-16 04:00:00,27.6,0.0,78.3,357.0,3.0
2024-10-16 05:00:00,27.6,0.0,81.4,6.0,2.6
2024-10-16 06:00:00,27.7,0.0,83.1,303.0,1.9
2024-10-16 07:00:00,27.5,0.0,86.3,289.0,1.6
2024-10-16 08:00:00,28.2,0.0,85.1,306.0,1.9
2024-10-16 09:00:00,28.8,0.0,82.0,293.0,2.3
2024-10-16 10:00:00,29.8,0.0,79.8,269.0,3.8
2024-10-16 11:00:00,29.3,0.0,80.7,271.0,5.0
2024-10-16 12:00:00,29.1,0.0,81.4,250.0,4.9
2024-10-16 13:00:00,30.2,0.0,74.5,257.0,5.7
2024-10-16 14:00:00,27.9,0.0,77.8,138.0,5.1
2024-10-16 15:00:00,27.4,0.2,83.9,164.0,2.8
2024-10-16 16:00:00,29.6,0.0,75.8,283.0,2.6
2024-10-16 17:00:00,31.0,0.0,68.5,248.0,2.5
2024-10-16 18:00:00,30.2,0.0,71.1,252.0,4.1
2024-10-16 19:00:00,28.9,0.0,80.3,203.0,2.4
2024-10-16 20:00:00,28.6,0.0,79.7,232.0,3.2
2024-10-16 21:00:00,28.5,0.0,80.9,167.0,2.6
2024-10-16 22:00:00,28.5,0.0,81.6,144.0,2.5
2024-10-16 23:00:00,28.6,0.0,75.9,150.0,3.7
2024-10-17 00:00:00,28.2,0.0,81.6,45.0,0.7
2024-10-17 01:00:00,28.4,0.0,81.7,148.0,0.7
2024-10-17 02:00:00,28.3,0.0,78.1,157.0,1.1
2024-10-17 03:00:00,27.7,0.0,82.1,178.0,1.8
2024-10-17 04:00:00,28.4,0.0,76.6,216.0,0.9
2024-10-17 05:00:00,28.4,0.0,74.5,179.0,1.7
2024-10-17 06:00:00,28.3,0.0,74.7,108.0,2.4
2024-10-17 07:00:00,28.1,0.0,74.8,154.0,3.2
2024-10-17 08:00:00,28.3,0.0,77.6,144.0,3.0
2024-10-17 09:00:00,28.8,0.0,77.9,167.0,3.3
2024-10-17 10:00:00,29.4,0.0,72.7,166.0,3.3
2024-10-17 11:00:00,25.2,0.0,91.9,147.0,6.3
2024-10-17 12:00:00,26.9,0.0,86.8,291.0,0.8
2024-10-17 13:00:00,27.5,0.0,81.1,120.0,2.5
2024-10-17 14:00:00,27.8,0.0,83.7,209.0,3.4
2024-10-17 15:00:00,28.0,0.0,85.4,169.0,4.1
2024-10-17 16:00:00,28.6,0.0,82.1,167.0,1.2
2024-10-17 17:00:00,28.7,0.0,81.3,148.0,2.3
2024-10-17 18:00:00,28.9,0.0,78.8,202.0,0.5
2024-10-17 19:00:00,28.3,0.0,79.6,122.0,2.5
2024-10-17 20:00:00,28.3,0.0,82.0,124.0,3.2
2024-10-17 21:00:00,28.4,0.0,81.5,106.0,1.6
2024-10-17 22:00:00,27.6,0.0,87.0,350.0,1.7
2024-10-17 23:00:00,27.0,0.0,90.9,7.0,1.8
2024-10-18 00:00:00,26.6,0.0,91.0,5.0,3.1
2024-10-18 01:00:00,26.5,0.0,91.1,10.0,2.4
2024-10-18 02:00:00,26.4,0.0,89.2,18.0,1.2
2024-10-18 03:00:00,26.5,0.0,87.1,342.0,2.6
2024-10-18 04:00:00,26.0,0.0,90.0,69.0,1.3
2024-10-18 05:00:00,26.1,0.0,91.0,269.0,3.7
2024-10-18 06:00:00,26.6,0.0,89.6,267.0,6.7
2024-10-18 07:00:00,26.6,0.0,86.6,255.0,2.5
2024-10-18 08:00:00,28.0,0.0,85.0,264.0,1.0
2024-10-18 09:00:00,28.6,0.0,78.0,274.0,3.2
2024-10-18 10:00:00,29.4,0.0,75.7,249.0,5.1
2024-10-18 11:00:00,29.1,0.0,79.3,235.0,6.7
2024-10-18 12:00:00,30.7,0.0,73.4,253.0,6.6
2024-10-18 13:00:00,29.9,0.0,75.7,258.0,5.9
2024-10-18 14:00:00,29.4,0.0,76.5,266.0,5.0
2024-10-18 15:00:00,29.5,0.0,74.1,268.0,3.2
2024-10-18 16:00:00,29.8,0.0,71.2,261.0,2.4
2024-10-18 17:00:00,29.6,0.0,72.2,220.0,3.6
2024-10-18 18:00:00,29.2,0.0,74.7,236.0,3.4
2024-10-18 19:00:00,28.8,0.0,77.5,252.0,2.2
2024-10-18 20:00:00,28.8,0.0,76.3,163.0,2.3
2024-10-18 21:00:00,28.5,0.0,78.2,149.0,2.6
2024-10-18 22:00:00,28.8,0.0,78.9,152.0,1.5
2024-10-18 23:00:00,28.5,0.0,79.1,32.0,0.7
2024-10-19 00:00:00,28.1,0.0,82.8,26.0,1.3
2024-10-19 01:00:00,27.8,0.0,85.2,73.0,1.2
2024-10-19 02:00:00,28.2,0.0,79.0,123.0,2.1
2024-10-19 03:00:00,28.2,0.0,79.0,116.0,2.0
2024-10-19 04:00:00,27.9,0.0,84.2,142.0,4.0
2024-10-19 05:00:00,27.8,0.0,86.6,141.0,3.7
2024-10-19 06:00:00,27.9,0.0,82.4,145.0,3.7
2024-10-19 07:00:00,27.9,0.0,81.5,135.0,2.7
2024-10-19 08:00:00,28.8,0.0,79.7,152.0,2.1
2024-10-19 09:00:00,29.1,0.0,77.5,121.0,4.5
2024-10-19 10:00:00,30.2,0.0,74.1,126.0,6.7
2024-10-19 11:00:00,31.3,0.0,65.0,117.0,6.1
2024-10-19 12:00:00,31.7,0.0,53.5,236.0,6.5
2024-10-19 13:00:00,31.6,0.0,59.9,232.0,7.7
2024-10-19 14:00:00,29.8,0.0,61.9,238.0,4.9
2024-10-19 15:00:00,31.3,0.0,61.8,223.0,4.9
2024-10-19 16:00:00,30.7,0.0,65.0,169.0,4.3
2024-10-19 17:00:00,30.0,0.0,69.0,163.0,5.1
2024-10-19 18:00:00,29.4,0.0,72.9,145.0,4.3
2024-10-19 19:00:00,28.9,0.0,76.4,100.0,4.2
2024-10-19 20:00:00,28.7,0.0,78.4,118.0,5.8
2024-10-19 21:00:00,28.4,0.0,77.0,113.0,5.6
2024-10-19 22:00:00,28.5,0.0,77.1,111.0,4.8
2024-10-19 23:00:00,28.4,0.0,79.0,88.0,4.7
2024-10-20 00:00:00,28.3,0.0,80.2,89.0,2.8
2024-10-20 01:00:00,26.8,0.0,74.6,293.0,7.1
2024-10-20 02:00:00,27.2,0.0,80.3,7.0,1.6
2024-10-20 03:00:00,27.3,0.0,79.3,52.0,1.3
2024-10-20 04:00:00,23.6,0.4,91.7,288.0,8.60001
2024-10-20 05:00:00,23.6,0.2,95.9,266.0,3.5
2024-10-20 06:00:00,25.4,0.0,78.9,339.0,1.9
2024-10-20 07:00:00,24.8,0.0,84.6,281.0,3.5
2024-10-20 08:00:00,25.5,0.0,86.9,329.0,2.0
2024-10-20 09:00:00,25.8,0.0,90.0,289.0,0.8
2024-10-20 10:00:00,25.5,0.0,83.8,10.0,4.7
2024-10-20 11:00:00,27.4,0.0,75.7,358.0,1.4
2024-10-20 12:00:00,28.3,0.0,72.3,9.0,2.0
2024-10-20 13:00:00,30.0,0.0,63.7,255.0,3.5
2024-10-20 14:00:00,30.3,0.0,59.3,259.0,4.9
2024-10-20 15:00:00,31.1,0.0,61.5,261.0,4.6
2024-10-20 16:00:00,30.9,0.0,62.8,264.0,3.2
2024-10-20 17:00:00,30.7,0.0,64.5,251.0,3.3
2024-10-20 18:00:00,30.8,0.0,57.5,327.0,1.4
2024-10-20 19:00:00,30.0,0.0,64.9,342.0,2.9
2024-10-20 20:00:00,29.6,0.0,71.5,17.0,1.4
2024-10-20 21:00:00,29.2,0.0,67.8,11.0,3.0
2024-10-20 22:00:00,29.2,0.0,71.3,21.0,1.0
2024-10-20 23:00:00,29.0,0.0,64.1,61.0,1.8
2024-10-21 00:00:00,28.9,0.0,64.4,101.0,2.2
2024-10-21 01:00:00,28.7,0.0,69.6,105.0,3.4
2024-10-21 02:00:00,28.5,0.0,79.4,107.0,4.0
2024-10-21 03:00:00,28.6,0.0,77.5,70.0,2.2
2024-10-21 04:00:00,28.2,0.0,81.1,144.0,2.1
2024-10-21 05:00:00,28.4,0.0,79.1,87.0,2.6
2024-10-21 06:00:00,28.1,0.0,83.7,63.0,2.1
2024-10-21 07:00:00,28.2,0.0,83.0,96.0,2.6
2024-10-21 08:00:00,28.5,0.0,82.4,88.0,2.5
2024-10-21 09:00:00,29.6,0.0,78.0,115.0,2.3
2024-10-21 10:00:00,29.8,0.0,78.5,146.0,3.9
2024-10-21 11:00:00,30.4,0.0,73.2,135.0,4.6
2024-10-21 12:00:00,31.8,0.0,65.9,184.0,3.4
2024-10-21 13:00:00,32.2,0.0,60.9,292.0,2.8
2024-10-21 14:00:00,33.6,0.0,56.2,272.0,3.9
2024-10-21 15:00:00,33.4,0.0,53.3,291.0,4.8
2024-10-21 16:00:00,33.5,0.0,47.3,288.0,5.0
2024-10-21 17:00:00,33.6,0.0,46.6,284.0,4.7
2024-10-21 18:00:00,33.1,0.0,51.1,280.0,3.8
2024-10-21 19:00:00,31.6,0.0,54.3,295.0,2.7
2024-10-21 20:00:00,31.0,0.0,59.6,319.0,1.6
2024-10-21 21:00:00,31.1,0.0,55.3,328.0,0.7
2024-10-21 22:00:00,30.4,0.0,57.2,64.0,1.1
2024-10-21 23:00:00,29.8,0.0,71.7,99.0,2.7
2024-10-22 00:00:00,29.0,0.0,83.8,114.0,5.1
2024-10-22 01:00:00,28.9,0.0,83.3,123.0,4.2
2024-10-22 02:00:00,28.7,0.0,83.9,110.0,2.7
2024-10-22 03:00:00,28.7,0.0,83.1,114.0,2.4
2024-10-22 04:00:00,28.6,0.0,83.5,97.0,2.2
2024-10-22 05:00:00,28.6,0.0,83.2,96.0,1.9
2024-10-22 06:00:00,28.4,0.0,84.5,109.0,1.8
2024-10-22 07:00:00,28.7,0.0,83.6,28.0,1.1
2024-10-22 08:00:00,29.1,0.0,86.1,224.0,0.7
2024-10-22 09:00:00,29.5,0.0,81.2,143.0,5.6
2024-10-22 10:00:00,30.5,0.0,74.1,164.0,4.8
2024-10-22 11:00:00,30.9,0.0,70.8,160.0,4.8
2024-10-22 12:00:00,31.8,0.0,63.4,232.0,6.6
2024-10-22 13:00:00,32.1,0.0,61.1,221.0,5.7
2024-10-22 14:00:00,32.1,0.0,63.1,236.0,6.8
2024-10-22 15:00:00,32.2,0.0,63.6,230.0,6.9
2024-10-22 16:00:00,33.9,0.0,54.0,265.0,5.1
2024-10-22 17:00:00,33.6,0.0,54.7,257.0,3.9
2024-10-22 18:00:00,30.8,0.0,68.7,228.0,3.5
2024-10-22 19:00:00,30.7,0.0,68.4,70.0,0.8
2024-10-22 20:00:00,31.0,0.0,61.8,235.0,1.1
2024-10-22 21:00:00,29.8,0.0,79.0,122.0,4.7
2024-10-22 22:00:00,29.4,0.0,80.9,112.0,5.6
2024-10-22 23:00:00,29.2,0.0,80.8,90.0,3.8
2024-10-23 00:00:00,29.0,0.0,81.0,96.0,3.7
2024-10-23 01:00:00,28.9,0.0,81.9,135.0,4.8
2024-10-23 02:00:00,28.6,0.0,85.8,107.0,2.7
2024-10-23 03:00:00,28.5,0.0,86.0,124.0,2.2
2024-10-23 04:00:00,28.6,0.0,84.4,102.0,2.6
2024-10-23 05:00:00,28.4,0.0,84.9,145.0,3.2
2024-10-23 06:00:00,28.3,0.0,86.8,109.0,2.5
2024-10-23 07:00:00,28.2,0.0,88.3,279.0,0.9
2024-10-23 08:00:00,25.2,0.2,94.4,65.0,2.3
2024-10-23 09:00:00,28.9,0.0,71.4,297.0,2.2
2024-10-23 10:00:00,30.2,0.0,70.2,252.0,3.5
2024-10-23 11:00:00,30.8,0.0,68.6,222.0,3.4
2024-10-23 12:00:00,31.4,0.0,63.7,227.0,4.4
2024-10-23 13:00:00,32.3,0.0,60.4,251.0,4.7
2024-10-23 14:00:00,31.9,0.0,63.7,222.0,6.2
2024-10-23 15:00:00,32.2,0.0,65.6,248.0,5.8
2024-10-23 16:00:00,32.3,0.0,65.3,252.0,6.4
2024-10-23 17:00:00,30.6,0.0,72.8,237.0,4.7
2024-10-23 18:00:00,30.2,0.0,74.1,230.0,4.0
2024-10-23 19:00:00,29.7,0.0,77.4,244.0,3.6
2024-10-23 20:00:00,29.6,0.0,77.2,220.0,3.5
2024-10-23 21:00:00,29.6,0.0,76.3,175.0,2.5
2024-10-23 22:00:00,29.1,0.0,83.3,164.0,2.8
2024-10-23 23:00:00,29.1,0.0,83.0,155.0,3.4
2024-10-24 00:00:00,28.7,0.0,86.0,149.0,2.5
2024-10-24 01:00:00,29.0,0.0,83.7,79.0,1.3
2024-10-24 02:00:00,28.9,0.0,79.7,67.0,0.7
2024-10-24 03:00:00,28.5,0.0,81.5,281.0,0.6
2024-10-24 04:00:00,28.3,0.0,81.3,4.0,0.9
2024-10-24 05:00:00,28.3,0.0,80.1,89.0,2.1
2024-10-24 06:00:00,28.2,0.0,78.7,64.0,2.7
2024-10-24 07:00:00,28.0,0.0,80.2,144.0,1.3
2024-10-24 08:00:00,28.9,0.0,78.0,49.0,0.9
2024-10-24 09:00:00,29.5,0.0,74.7,150.0,1.6
2024-10-24 10:00:00,29.8,0.0,72.9,132.0,4.3
2024-10-24 11:00:00,31.1,0.0,67.6,254.0,4.5
2024-10-24 12:00:00,31.3,0.0,67.6,228.0,5.6
2024-10-24 13:00:00,31.2,0.0,69.0,200.0,6.2
2024-10-24 14:00:00,31.2,0.0,66.6,244.0,6.4
2024-10-24 15:00:00,31.0,0.0,67.0,244.0,8.60001
2024-10-24 16:00:00,31.8,0.0,63.2,239.0,6.6
2024-10-24 17:00:00,30.1,0.0,71.4,139.0,3.6
2024-10-24 18:00:00,30.6,0.0,70.1,201.0,0.9
2024-10-24 19:00:00,30.3,0.0,71.7,314.0,1.3
2024-10-24 20:00:00,30.4,0.0,71.3,297.0,2.0
2024-10-24 21:00:00,29.0,0.0,81.6,232.0,2.4
2024-10-24 22:00:00,29.1,0.0,77.6,81.0,0.6
2024-10-24 23:00:00,29.0,0.0,79.1,37.0,0.8
2024-10-25 00:00:00,28.7,0.0,81.1,125.0,1.1
2024-10-25 01:00:00,29.0,0.0,79.4,173.0,0.9
2024-10-25 02:00:00,27.8,0.0,85.8,193.0,1.8
2024-10-25 03:00:00,28.2,0.0,85.7,235.0,1.8
2024-10-25 04:00:00,28.4,0.0,84.8,274.0,1.6
2024-10-25 05:00:00,28.3,0.0,85.8,273.0,1.3
2024-10-25 06:00:00,27.4,0.0,81.1,158.0,4.1
2024-10-25 07:00:00,27.0,0.0,81.0,232.0,4.6
2024-10-25 08:00:00,26.9,0.0,76.8,260.0,3.9
2024-10-25 09:00:00,28.9,0.0,76.7,276.0,1.1
2024-10-25 10:00:00,30.2,0.0,75.3,243.0,6.0
2024-10-25 11:00:00,29.8,0.0,79.9,229.0,5.7
2024-10-25 12:00:00,30.6,0.0,77.8,238.0,6.1
2024-10-25 13:00:00,32.1,0.0,68.0,271.0,6.1
2024-10-25 14:00:00,31.8,0.0,65.6,269.0,8.3
2024-10-25 15:00:00,31.0,0.0,73.3,274.0,6.4
2024-10-25 16:00:00,30.9,0.0,70.6,295.0,4.3
2024-10-25 17:00:00,30.5,0.0,68.3,308.0,3.7
2024-10-25 18:00:00,30.8,0.0,71.2,301.0,4.3
2024-10-25 19:00:00,30.1,0.0,74.8,294.0,4.2
2024-10-25 20:00:00,30.0,0.0,74.5,301.0,3.9
2024-10-25 21:00:00,29.8,0.0,75.6,299.0,5.3
2024-10-25 22:00:00,29.4,0.0,77.5,338.0,3.0
2024-10-25 23:00:00,29.5,0.0,77.4,321.0,2.9
2024-10-26 00:00:00,29.0,0.0,79.1,336.0,2.9
2024-10-26 01:00:00,28.8,0.0,78.7,334.0,2.9
2024-10-26 02:00:00,28.8,0.0,76.8,301.0,3.8
2024-10-26 03:00:00,28.6,0.0,77.9,303.0,3.9
2024-10-26 04:00:00,28.3,0.0,79.6,308.0,3.0
2024-10-26 05:00:00,28.4,0.0,80.1,310.0,3.2
2024-10-26 06:00:00,28.2,0.0,83.5,306.0,1.7
2024-10-26 07:00:00,28.4,0.0,83.6,308.0,2.5
2024-10-26 08:00:00,29.4,0.0,78.2,274.0,2.0
2024-10-26 09:00:00,30.5,0.0,71.6,270.0,5.2
2024-10-26 10:00:00,30.6,0.0,72.4,270.0,6.8
2024-10-26 11:00:00,30.8,0.0,71.9,272.0,4.8
2024-10-26 12:00:00,31.6,0.0,67.7,286.0,4.4
2024-10-26 13:00:00,31.7,0.0,65.1,291.0,5.2
2024-10-26 14:00:00,32.5,0.0,58.6,284.0,6.1
2024-10-26 15:00:00,32.4,0.0,57.9,266.0,5.4
2024-10-26 16:00:00,31.7,0.0,63.2,265.0,4.6
2024-10-26 17:00:00,32.5,0.0,60.9,289.0,2.6
2024-10-26 18:00:00,31.6,0.0,65.4,309.0,2.2
2024-10-26 19:00:00,30.8,0.0,69.8,298.0,2.7
2024-10-26 20:00:00,30.4,0.0,71.1,302.0,2.4
2024-10-26 21:00:00,30.1,0.0,72.6,308.0,1.0
2024-10-26 22:00:00,30.0,0.0,74.3,288.0,2.6
2024-10-26 23:00:00,29.9,0.0,75.6,303.0,2.7
2024-10-27 00:00:00,29.7,0.0,78.6,282.0,2.6
2024-10-27 01:00:00,29.6,0.0,79.8,304.0,2.6
2024-10-27 02:00:00,29.6,0.0,79.8,307.0,2.1
2024-10-27 03:00:00,29.0,0.0,77.8,316.0,2.3
2024-10-27 04:00:00,28.7,0.0,78.1,305.0,2.2
2024-10-27 05:00:00,28.6,0.0,82.7,306.0,2.4
2024-10-27 06:00:00,28.5,0.0,82.3,305.0,2.2
2024-10-27 07:00:00,28.6,0.0,83.3,304.0,1.8
2024-10-27 08:00:00,29.3,0.0,81.3,301.0,2.6
2024-10-27 09:00:00,30.7,0.0,70.3,271.0,5.9
2024-10-27 10:00:00,31.0,0.0,69.7,289.0,5.0
2024-10-27 11:00:00,31.7,0.0,64.8,292.0,5.8
2024-10-27 12:00:00,32.2,0.0,62.6,289.0,4.8
2024-10-27 13:00:00,32.8,0.0,58.9,279.0,6.5
2024-10-27 14:00:00,32.4,0.0,60.7,290.0,5.4
2024-10-27 15:00:00,33.2,0.0,57.3,284.0,4.9
2024-10-27 16:00:00,33.0,0.0,54.2,282.0,5.3
2024-10-27 17:00:00,33.5,0.0,54.9,285.0,3.9
2024-10-27 18:00:00,32.9,0.0,57.5,286.0,3.1
2024-10-27 19:00:00,31.0,0.0,69.5,254.0,4.0
2024-10-27 20:00:00,30.4,0.0,73.5,266.0,2.8
2024-10-27 21:00:00,30.6,0.0,71.1,290.0,1.6
2024-10-27 22:00:00,30.1,0.0,74.2,264.0,2.7
2024-10-27 23:00:00,29.5,0.0,77.6,211.0,2.6
2024-10-28 00:00:00,29.2,0.0,80.1,226.0,2.9
2024-10-28 01:00:00,29.3,0.0,80.5,253.0,3.3
2024-10-28 02:00:00,29.1,0.0,83.3,249.0,2.5
2024-10-28 03:00:00,29.0,0.0,84.4,264.0,3.4
2024-10-28 04:00:00,29.0,0.0,84.8,269.0,2.8
2024-10-28 05:00:00,28.9,0.0,86.1,262.0,3.1
2024-10-28 06:00:00,29.0,0.0,86.2,267.0,4.0
2024-10-28 07:00:00,28.6,0.0,81.3,301.0,2.1
2024-10-28 08:00:00,29.5,0.0,79.7,288.0,2.4
2024-10-28 09:00:00,30.2,0.0,75.4,275.0,6.2
2024-10-28 10:00:00,30.2,0.0,65.9,266.0,5.2
2024-10-28 11:00:00,30.6,0.0,67.9,269.0,5.2
2024-10-28 12:00:00,30.9,0.0,66.6,272.0,5.1
2024-10-28 13:00:00,30.8,0.0,69.7,286.0,3.1
2024-10-28 14:00:00,31.8,0.0,65.1,284.0,5.4
2024-10-28 15:00:00,32.4,0.0,60.8,285.0,4.8
2024-10-28 16:00:00,32.4,0.0,59.0,284.0,4.5
2024-10-28 17:00:00,32.4,0.0,60.5,263.0,3.9
2024-10-28 18:00:00,30.9,0.0,66.6,243.0,4.4
2024-10-28 19:00:00,30.0,0.0,71.9,234.0,2.5
2024-10-28 20:00:00,30.1,0.0,72.9,182.0,1.0
2024-10-28 21:00:00,29.5,0.0,77.5,158.0,3.0
2024-10-28 22:00:00,29.5,0.0,79.1,150.0,2.5
2024-10-28 23:00:00,29.4,0.0,80.7,102.0,2.0
2024-10-29 00:00:00,29.2,0.0,79.7,171.0,3.6
2024-10-29 01:00:00,28.6,0.0,80.2,169.0,2.3
2024-10-29 02:00:00,28.8,0.0,78.7,177.0,0.5
2024-10-29 03:00:00,28.6,0.0,81.8,171.0,1.2
2024-10-29 04:00:00,28.5,0.0,84.3,148.0,3.3
2024-10-29 05:00:00,28.2,0.0,86.7,173.0,2.6
2024-10-29 06:00:00,28.0,0.0,86.9,168.0,2.9
2024-10-29 07:00:00,28.4,0.0,87.2,157.0,2.5
2024-10-29 08:00:00,29.6,0.0,83.7,205.0,1.3
2024-10-29 09:00:00,30.7,0.0,77.2,262.0,3.9
2024-10-29 10:00:00,31.3,0.0,70.9,260.0,6.4
2024-10-29 11:00:00,31.9,0.0,62.7,260.0,6.1
2024-10-29 12:00:00,32.2,0.0,65.0,251.0,6.7
2024-10-29 13:00:00,32.3,0.0,68.4,281.0,5.2
2024-10-29 14:00:00,32.8,0.0,63.0,284.0,5.4
2024-10-29 15:00:00,33.8,0.0,57.4,269.0,4.6
2024-10-29 16:00:00,32.2,0.0,66.1,264.0,5.7
2024-10-29 17:00:00,32.5,0.0,65.6,270.0,6.5
2024-10-29 18:00:00,31.1,0.0,69.2,267.0,4.1
2024-10-29 19:00:00,30.4,0.0,71.3,261.0,3.2
2024-10-29 20:00:00,29.8,0.0,70.5,251.0,2.6
2024-10-29 21:00:00,29.8,0.0,71.1,275.0,2.0
2024-10-29 22:00:00,30.0,0.0,71.8,309.0,1.3
2024-10-29 23:00:00,29.8,0.0,78.4,342.0,2.1
2024-10-30 00:00:00,29.1,0.0,79.1,335.0,1.6
2024-10-30 01:00:00,28.9,0.0,80.2,337.0,1.6
2024-10-30 02:00:00,28.9,0.0,77.6,333.0,2.1
2024-10-30 03:00:00,28.5,0.0,80.8,284.0,1.4
2024-10-30 04:00:00,28.9,0.0,81.6,310.0,2.5
2024-10-30 05:00:00,28.8,0.0,84.1,299.0,2.3
2024-10-30 06:00:00,28.8,0.0,86.6,302.0,3.2
2024-10-30 07:00:00,28.3,0.0,86.4,309.0,3.7
2024-10-30 08:00:00,29.0,0.0,80.3,288.0,2.9
2024-10-30 09:00:00,30.3,0.0,69.5,279.0,3.9
2024-10-30 10:00:00,30.7,0.0,66.8,277.0,4.9
2024-10-30 11:00:00,30.9,0.0,66.8,276.0,5.8
2024-10-30 12:00:00,32.1,0.0,58.3,267.0,5.4
2024-10-30 13:00:00,32.3,0.0,57.8,270.0,4.2
2024-10-30 14:00:00,33.1,0.0,52.5,268.0,6.0
2024-10-30 15:00:00,32.3,0.0,54.1,283.0,4.7
2024-10-30 16:00:00,32.3,0.0,58.6,280.0,3.4
2024-10-30 17:00:00,32.5,0.0,59.3,289.0,2.7
2024-10-30 18:00:00,32.0,0.0,62.5,289.0,2.2
2024-10-30 19:00:00,30.9,0.0,68.2,324.0,1.6
2024-10-30 20:00:00,30.6,0.0,67.6,300.0,3.1
2024-10-30 21:00:00,30.3,0.0,69.5,305.0,3.1
2024-10-30 22:00:00,30.2,0.0,73.4,301.0,2.9
2024-10-30 23:00:00,30.1,0.0,74.3,328.0,1.1
2024-10-31 00:00:00,29.7,0.0,76.0,257.0,0.7
2024-10-31 01:00:00,29.5,0.0,77.6,311.0,1.0
2024-10-31 02:00:00,29.5,0.0,69.5,315.0,1.0
2024-10-31 03:00:00,29.0,0.0,73.6,305.0,1.0
2024-10-31 04:00:00,28.9,0.0,73.4,349.0,1.5
2024-10-31 05:00:00,28.8,0.0,73.2,3.0,2.1
2024-10-31 06:00:00,29.3,0.0,69.7,324.0,1.5
2024-10-31 07:00:00,28.3,0.0,72.6,274.0,3.9
2024-10-31 08:00:00,28.8,0.0,68.3,282.0,2.0
2024-10-31 09:00:00,29.8,0.0,71.3,255.0,3.4
2024-10-31 10:00:00,29.4,0.0,75.1,265.0,6.8
2024-10-31 11:00:00,30.1,0.0,72.3,265.0,5.5
2024-10-31 12:00:00,30.6,0.0,66.8,292.0,3.6
2024-10-31 13:00:00,31.6,0.0,61.6,273.0,5.3
2024-10-31 14:00:00,31.6,0.0,64.7,264.0,6.2
2024-10-31 15:00:00,31.4,0.0,68.0,265.0,6.3
2024-10-31 16:00:00,32.0,0.0,65.8,278.0,3.4
2024-10-31 17:00:00,31.8,0.0,63.6,283.0,4.9
2024-10-31 18:00:00,31.0,0.0,67.0,288.0,4.1
2024-10-31 19:00:00,30.3,0.0,71.9,279.0,3.4
2024-10-31 20:00:00,30.2,0.0,70.5,278.0,2.4
2024-10-31 21:00:00,29.4,0.0,76.1,236.0,3.3
2024-10-31 22:00:00,29.5,0.0,76.4,264.0,2.8
2024-10-31 23:00:00,29.4,0.0,78.7,265.0,2.7
2024-11-01 00:00:00,29.6,0.0,76.2,277.0,2.7
2024-11-01 01:00:00,29.4,0.0,73.1,279.0,4.6
2024-11-01 02:00:00,29.0,0.0,75.3,269.0,2.1
2024-11-01 03:00:00,26.7,0.0,76.8,284.0,5.4
2024-11-01 04:00:00,26.2,0.0,85.4,297.0,6.1
2024-11-01 05:00:00,26.5,0.0,86.2,308.0,4.3
2024-11-01 06:00:00,27.3,0.0,87.8,298.0,3.5
2024-11-01 07:00:00,27.1,0.0,86.0,345.0,2.9
2024-11-01 08:00:00,28.4,0.0,80.5,315.0,2.6
2024-11-01 09:00:00,29.0,0.0,77.2,303.0,4.7
2024-11-01 10:00:00,30.1,0.0,69.8,309.0,5.4
2024-11-01 11:00:00,31.3,0.0,66.0,286.0,6.0
2024-11-01 12:00:00,31.9,0.0,65.4,283.0,6.2
2024-11-01 13:00:00,32.0,0.0,67.0,284.0,6.0
2024-11-01 14:00:00,32.2,0.0,64.9,292.0,6.1
2024-11-01 15:00:00,30.8,0.0,63.6,286.0,5.2
2024-11-01 16:00:00,30.2,0.0,69.3,294.0,3.2
2024-11-01 17:00:00,30.1,0.0,71.7,297.0,4.1
2024-11-01 18:00:00,30.2,0.0,70.2,297.0,3.6
2024-11-01 19:00:00,30.2,0.0,69.5,336.0,2.7
2024-11-01 20:00:00,30.1,0.0,69.6,340.0,1.8
2024-11-01 21:00:00,30.0,0.0,70.4,349.0,1.5
2024-11-01 22:00:00,29.4,0.0,72.8,305.0,1.0
2024-11-01 23:00:00,29.3,0.0,75.0,344.0,1.7
2024-11-02 00:00:00,28.9,0.0,77.4,250.0,0.9
2024-11-02 01:00:00,28.6,0.0,80.2,4.0,0.7
2024-11-02 02:00:00,28.6,0.0,78.7,347.0,1.0
2024-11-02 03:00:00,28.3,0.0,79.9,277.0,0.6
2024-11-02 04:00:00,28.5,0.0,78.8,354.0,2.3
2024-11-02 05:00:00,28.3,0.0,82.3,328.0,1.2
2024-11-02 06:00:00,28.3,0.0,80.1,13.0,2.7
2024-11-02 07:00:00,28.4,0.0,80.6,18.0,2.0
2024-11-02 08:00:00,28.8,0.0,81.4,139.0,0.9
2024-11-02 09:00:00,29.1,0.0,78.5,348.0,3.1
2024-11-02 10:00:00,29.7,0.0,73.0,306.0,5.0
2024-11-02 11:00:00,30.2,0.0,69.4,289.0,6.1
2024-11-02 12:00:00,26.8,0.0,93.8,270.0,7.5
2024-11-02 13:00:00,25.7,1.0,96.1,270.0,6.2
2024-11-02 14:00:00,26.5,0.0,91.6,287.0,3.2
2024-11-02 15:00:00,26.6,0.0,85.7,313.0,2.5
2024-11-02 16:00:00,27.1,0.0,89.3,303.0,2.5
2024-11-02 17:00:00,27.8,0.0,83.9,299.0,4.4
2024-11-02 18:00:00,28.1,0.0,78.8,299.0,3.4
2024-11-02 19:00:00,28.0,0.0,80.9,295.0,3.0
2024-11-02 20:00:00,28.1,0.0,81.8,299.0,2.7
2024-11-02 21:00:00,28.4,0.0,82.1,302.0,3.0
2024-11-02 22:00:00,28.6,0.0,80.4,295.0,2.5
2024-11-02 23:00:00,28.5,0.0,80.9,277.0,2.0
2024-11-03 00:00:00,28.6,0.0,80.5,253.0,4.1
2024-11-03 01:00:00,28.6,0.0,81.1,329.0,1.6
2024-11-03 02:00:00,27.7,0.0,86.8,14.0,1.2
2024-11-03 03:00:00,27.6,0.0,86.2,337.0,0.7
2024-11-03 04:00:00,27.3,0.0,86.7,358.0,0.4
2024-11-03 05:00:00,27.6,0.0,84.3,318.0,1.5
2024-11-03 06:00:00,27.8,0.0,84.6,310.0,2.1
2024-11-03 07:00:00,27.6,0.0,82.3,300.0,1.7
2024-11-03 08:00:00,27.8,0.0,78.0,270.0,4.3
2024-11-03 09:00:00,28.4,0.0,79.5,264.0,2.4
2024-11-03 10:00:00,30.1,0.0,74.1,288.0,3.6
2024-11-03 11:00:00,31.0,0.0,73.0,270.0,5.4
2024-11-03 12:00:00,31.1,0.0,72.3,262.0,5.2
2024-11-03 13:00:00,31.7,0.0,63.6,288.0,3.9
2024-11-03 14:00:00,31.3,0.0,59.7,274.0,5.4
2024-11-03 15:00:00,30.9,0.0,65.5,283.0,4.7
2024-11-03 16:00:00,31.0,0.0,66.3,285.0,4.6
2024-11-03 17:00:00,30.9,0.0,65.9,329.0,2.4
2024-11-03 18:00:00,30.8,0.0,60.0,2.0,2.4
2024-11-03 19:00:00,29.2,0.0,74.3,79.0,2.5
2024-11-03 20:00:00,28.7,0.0,73.4,57.0,2.0
2024-11-03 21:00:00,29.1,0.0,73.6,140.0,0.6
2024-11-03 22:00:00,28.4,0.0,74.4,73.0,1.2
2024-11-03 23:00:00,28.6,0.0,74.4,57.0,0.9
2024-11-04 00:00:00,28.4,0.0,75.3,62.0,1.6
2024-11-04 01:00:00,28.5,0.0,75.0,64.0,1.7
2024-11-04 02:00:00,28.3,0.0,76.5,103.0,1.3
2024-11-04 03:00:00,27.8,0.0,79.5,21.0,0.6
2024-11-04 04:00:00,28.1,0.0,77.7,61.0,2.2
2024-11-04 05:00:00,27.9,0.0,80.1,83.0,0.9
2024-11-04 06:00:00,26.9,0.0,81.3,264.0,3.6
2024-11-04 07:00:00,24.5,1.0,96.7,140.0,4.5
2024-11-04 08:00:00,24.4,0.0,94.6,134.0,1.1
2024-11-04 09:00:00,24.8,0.2,92.4,135.0,1.3
2024-11-04 10:00:00,25.9,0.0,92.8,326.0,0.8
2024-11-04 11:00:00,26.4,0.0,92.1,212.0,0.8
2024-11-04 12:00:00,27.7,0.0,81.2,210.0,1.0
2024-11-04 13:00:00,28.5,0.0,76.8,273.0,2.8
2024-11-04 14:00:00,28.4,0.0,78.4,224.0,5.0
2024-11-04 15:00:00,28.5,0.0,76.1,258.0,3.8
2024-11-04 16:00:00,28.9,0.0,74.3,247.0,3.3
2024-11-04 17:00:00,28.7,0.0,73.3,256.0,3.7
2024-11-04 18:00:00,28.1,0.0,77.8,224.0,3.6
2024-11-04 19:00:00,27.9,0.0,78.8,254.0,2.8
2024-11-04 20:00:00,27.8,0.0,79.7,255.0,2.6
2024-11-04 21:00:00,27.9,0.0,79.1,234.0,1.4
2024-11-04 22:00:00,27.7,0.0,78.5,177.0,0.9
2024-11-04 23:00:00,27.9,0.0,76.4,181.0,1.0
2024-11-05 00:00:00,28.0,0.0,78.6,161.0,1.0
2024-11-05 01:00:00,27.4,0.0,82.2,57.0,1.3
2024-11-05 02:00:00,27.5,0.0,82.9,55.0,0.8
2024-11-05 03:00:00,27.1,0.0,83.8,212.0,0.5
2024-11-05 04:00:00,27.4,0.0,81.6,193.0,1.5
2024-11-05 05:00:00,27.8,0.0,75.2,113.0,0.8
2024-11-05 06:00:00,27.4,0.0,80.5,25.0,0.9
2024-11-05 07:00:00,27.0,0.0,83.6,262.0,1.0
2024-11-05 08:00:00,28.5,0.0,76.8,235.0,1.3
2024-11-05 09:00:00,29.6,0.0,72.0,190.0,2.5
2024-11-05 10:00:00,30.2,0.0,70.9,249.0,4.6
2024-11-05 11:00:00,30.1,0.0,71.1,235.0,5.6
2024-11-05 12:00:00,30.9,0.0,70.7,254.0,5.6
2024-11-05 13:00:00,29.6,0.0,74.0,229.0,7.1
2024-11-05 14:00:00,30.3,0.0,69.0,204.0,5.3
2024-11-05 15:00:00,29.3,0.0,72.8,237.0,5.6
2024-11-05 16:00:00,29.5,0.0,72.1,224.0,4.0
2024-11-05 17:00:00,29.3,0.0,74.0,230.0,3.8
2024-11-05 18:00:00,29.5,0.0,73.5,230.0,3.9
2024-11-05 19:00:00,29.5,0.0,73.5,230.0,3.9
2024-11-05 20:00:00,29.5,0.0,73.5,230.0,3.9
2024-11-05 21:00:00,29.5,0.0,73.5,230.0,3.9
2024-11-05 22:00:00,29.5,0.0,73.5,230.0,3.9
2024-11-05 23:00:00,29.5,0.0,73.5,230.0,3.9
2024-11-06 00:00:00,29.5,0.0,73.5,230.0,3.9
2024-11-06 01:00:00,29.5,0.0,73.5,230.0,3.9
2024-11-06 02:00:00,29.5,0.0,73.5,230.0,3.9
2024-11-06 03:00:00,29.5,0.0,73.5,230.0,3.9
2024-11-06 04:00:00,29.5,0.0,73.5,230.0,3.9
2024-11-06 05:00:00,29.5,0.0,73.5,230.0,3.9
2024-11-06 06:00:00,29.5,0.0,73.5,230.0,3.9
2024-11-06 07:00:00,29.5,0.0,73.5,230.0,3.9
2024-11-06 10:00:00,26.0,0.0,88.0,271.0,3.8
2024-11-06 11:00:00,27.5,0.0,81.5,266.0,3.3
2024-11-06 12:00:00,29.0,0.0,70.8,272.0,2.9
2024-11-06 13:00:00,29.2,0.0,75.0,281.0,4.0
2024-11-06 14:00:00,30.4,0.0,69.1,290.0,4.0
2024-11-06 15:00:00,30.1,0.0,67.7,277.0,3.6
2024-11-06 16:00:00,30.3,0.0,67.5,266.0,5.6
2024-11-06 17:00:00,30.2,0.0,69.4,266.0,5.8
2024-11-06 18:00:00,30.2,0.0,70.3,267.0,4.5
2024-11-06 19:00:00,30.2,0.0,70.3,273.0,1.4
2024-11-06 20:00:00,30.2,0.0,70.3,338.0,2.0
2024-11-06 21:00:00,30.2,0.0,70.3,2.0,3.3
2024-11-06 22:00:00,30.2,0.0,70.3,11.0,3.1
2024-11-06 23:00:00,30.2,0.0,70.3,66.0,2.5
2024-11-07 00:00:00,30.2,0.0,70.3,62.0,2.3
2024-11-07 01:00:00,30.2,0.0,70.3,17.0,2.1
2024-11-07 02:00:00,30.2,0.0,70.3,351.0,1.0
2024-11-07 03:00:00,30.2,0.0,70.3,44.0,1.3
2024-11-07 04:00:00,30.2,0.0,70.3,307.0,0.8
2024-11-07 05:00:00,30.2,0.0,70.3,356.0,2.0
2024-11-07 06:00:00,30.2,0.0,70.3,9.0,1.5
2024-11-07 07:00:00,26.6,0.0,83.7,72.0,1.2
2024-11-07 08:00:00,26.4,0.0,84.6,268.0,1.2
2024-11-07 09:00:00,26.4,0.0,84.6,244.0,1.3
2024-11-07 10:00:00,26.4,0.0,84.6,269.0,6.7
2024-11-07 11:00:00,26.4,0.0,84.6,271.0,7.1
2024-11-07 12:00:00,26.4,0.0,84.6,256.0,5.7
2024-11-07 13:00:00,26.4,0.0,84.6,246.0,7.3
2024-11-07 14:00:00,26.4,0.0,84.6,241.0,7.0
2024-11-07 15:00:00,29.3,0.0,75.5,260.0,6.6
2024-11-07 16:00:00,29.0,0.0,76.0,249.0,5.0
2024-11-07 17:00:00,29.2,0.0,75.0,250.0,4.4
2024-11-07 18:00:00,29.0,0.0,75.4,246.0,4.0
2024-11-07 19:00:00,28.5,0.0,76.2,250.0,2.4
2024-11-07 20:00:00,28.8,0.0,72.9,182.0,0.8
2024-11-07 21:00:00,28.0,0.0,78.4,131.0,2.2
2024-11-07 22:00:00,28.2,0.0,74.9,120.0,1.4
2024-11-07 23:00:00,28.3,0.0,78.1,224.0,1.4
2024-11-08 00:00:00,28.4,0.0,78.1,234.0,1.4
2024-11-08 01:00:00,27.7,0.0,84.7,25.0,0.7
2024-11-08 02:00:00,27.5,0.0,85.9,215.0,2.1
2024-11-08 03:00:00,27.7,0.0,84.8,62.0,0.9
2024-11-08 04:00:00,27.7,0.0,84.6,216.0,1.9
2024-11-08 05:00:00,27.7,0.0,84.1,249.0,1.9
2024-11-08 06:00:00,27.7,0.0,81.4,242.0,3.6
2024-11-08 07:00:00,25.1,0.0,87.3,266.0,7.3
2024-11-08 08:00:00,24.9,0.4,91.5,304.0,4.6
2024-11-08 09:00:00,24.7,0.0,93.5,301.0,2.3
2024-11-08 10:00:00,26.2,0.0,89.8,270.0,2.2
2024-11-08 11:00:00,28.4,0.0,81.2,248.0,4.3
2024-11-08 12:00:00,29.0,0.0,76.9,303.0,3.8
2024-11-08 13:00:00,29.8,0.0,72.4,258.0,5.8
2024-11-08 14:00:00,29.7,0.0,70.7,268.0,6.1
2024-11-08 15:00:00,30.0,0.0,68.4,264.0,6.0
2024-11-08 16:00:00,30.4,0.0,67.8,266.0,4.3
2024-11-08 17:00:00,30.8,0.0,65.9,266.0,4.5
2024-11-08 18:00:00,31.3,0.0,62.7,294.0,2.2
2024-11-08 19:00:00,29.7,0.0,67.3,294.0,2.9
2024-11-08 20:00:00,29.3,0.0,68.3,308.0,1.4
2024-11-08 21:00:00,28.9,0.0,71.9,308.0,2.0
2024-11-08 22:00:00,28.5,0.0,76.0,351.0,0.7
2024-11-08 23:00:00,28.6,0.0,75.5,351.0,0.5
2024-11-09 00:00:00,28.6,0.0,76.1,338.0,2.1
2024-11-09 01:00:00,28.3,0.0,80.1,356.0,2.6
2024-11-09 02:00:00,28.4,0.0,77.7,327.0,2.2
2024-11-09 03:00:00,27.8,0.0,81.5,17.0,0.9
2024-11-09 04:00:00,27.3,0.0,83.6,30.0,1.0
2024-11-09 05:00:00,27.2,0.0,83.6,46.0,0.8
2024-11-09 06:00:00,27.5,0.0,82.3,15.0,3.0
2024-11-09 07:00:00,26.9,0.0,85.1,59.0,1.0
2024-11-09 08:00:00,28.4,0.0,78.8,338.0,1.0
2024-11-09 09:00:00,29.4,0.0,74.7,328.0,2.1
2024-11-09 10:00:00,30.7,0.0,71.3,256.0,4.2
2024-11-09 11:00:00,31.5,0.0,68.8,295.0,4.2
2024-11-09 12:00:00,32.6,0.0,64.1,301.0,3.8
2024-11-09 13:00:00,32.7,0.0,61.0,268.0,6.3
2024-11-09 14:00:00,30.5,0.0,72.1,268.0,5.3
2024-11-09 15:00:00,30.4,0.0,71.8,297.0,3.7
2024-11-09 16:00:00,29.6,0.0,74.2,259.0,3.8
2024-11-09 17:00:00,28.1,0.0,83.0,118.0,4.3
2024-11-09 18:00:00,28.3,0.0,80.8,134.0,4.6
2024-11-09 19:00:00,28.2,0.0,82.3,160.0,3.6
2024-11-09 20:00:00,28.3,0.0,83.5,115.0,2.9
2024-11-09 21:00:00,28.7,0.0,81.9,73.0,2.2
2024-11-09 22:00:00,28.5,0.0,80.4,54.0,2.1
2024-11-09 23:00:00,28.4,0.0,81.3,61.0,0.9
2024-11-10 00:00:00,28.0,0.0,85.6,359.0,1.4
2024-11-10 01:00:00,28.1,0.0,84.6,326.0,0.3
2024-11-10 02:00:00,28.1,0.0,84.8,135.0,1.6
2024-11-10 03:00:00,27.8,0.0,86.0,218.0,2.3
2024-11-10 04:00:00,26.9,0.4,91.5,177.0,3.0
2024-11-10 05:00:00,26.9,0.0,85.9,309.0,2.4
2024-11-10 06:00:00,25.8,0.0,86.4,297.0,3.1
2024-11-10 07:00:00,26.7,0.0,86.5,294.0,7.3
2024-11-10 08:00:00,25.4,0.0,92.0,278.0,5.4
2024-11-10 09:00:00,25.6,0.0,90.9,305.0,2.9
2024-11-10 10:00:00,27.2,0.0,82.7,300.0,3.5
2024-11-10 11:00:00,28.3,0.0,76.3,302.0,5.1
2024-11-10 12:00:00,30.2,0.0,70.8,293.0,3.3
2024-11-10 13:00:00,30.5,0.0,67.9,283.0,4.1
2024-11-10 14:00:00,30.9,0.0,66.9,274.0,4.7
2024-11-10 15:00:00,30.7,0.0,69.5,267.0,7.2
2024-11-10 16:00:00,30.8,0.0,69.4,269.0,6.4
2024-11-10 17:00:00,30.7,0.0,70.9,266.0,5.1
2024-11-10 18:00:00,30.5,0.0,73.1,280.0,4.2
2024-11-10 19:00:00,29.6,0.0,75.3,328.0,2.5
2024-11-10 20:00:00,27.6,0.0,82.4,24.0,2.1
2024-11-10 21:00:00,27.9,0.0,81.1,357.0,1.5
2024-11-10 22:00:00,27.9,0.0,79.8,36.0,1.6
2024-11-10 23:00:00,26.9,0.2,92.3,332.0,1.0
2024-11-11 00:00:00,27.1,0.0,88.8,355.0,1.0
2024-11-11 01:00:00,27.2,0.0,85.8,359.0,1.4
2024-11-11 02:00:00,27.3,0.0,85.2,12.0,0.7
2024-11-11 03:00:00,26.7,0.0,87.6,79.0,0.8
2024-11-11 04:00:00,27.1,0.0,84.3,153.0,1.0
2024-11-11 05:00:00,27.0,0.0,86.5,22.0,0.7
2024-11-11 06:00:00,26.9,0.0,86.1,11.0,1.0
2024-11-11 07:00:00,26.9,0.0,85.4,52.0,0.8
2024-11-11 08:00:00,28.3,0.0,82.9,40.0,0.6
2024-11-11 09:00:00,29.9,0.0,76.3,113.0,1.8
2024-11-11 10:00:00,30.3,0.0,73.9,205.0,3.5
2024-11-11 11:00:00,30.7,0.0,71.2,216.0,3.8
2024-11-11 12:00:00,30.8,0.0,69.7,217.0,5.6
2024-11-11 13:00:00,31.4,0.0,68.9,233.0,4.7
2024-11-11 14:00:00,30.4,0.0,73.3,241.0,6.5
2024-11-11 15:00:00,31.4,0.0,69.8,266.0,4.0
2024-11-11 16:00:00,30.9,0.0,71.9,272.0,1.9
2024-11-11 17:00:00,30.1,0.0,76.6,156.0,2.6
2024-11-11 18:00:00,29.3,0.0,75.5,353.0,1.4
2024-11-11 19:00:00,29.0,0.0,77.7,75.0,2.2
2024-11-11 20:00:00,28.5,0.0,75.3,14.0,1.6
2024-11-11 21:00:00,28.1,0.0,78.7,298.0,0.7
2024-11-11 22:00:00,28.3,0.0,74.8,72.0,2.2
2024-11-11 23:00:00,28.1,0.0,75.9,43.0,1.1
2024-11-12 00:00:00,27.8,0.0,77.5,49.0,1.6
2024-11-12 01:00:00,27.8,0.0,78.0,34.0,1.1
2024-11-12 02:00:00,27.7,0.0,80.1,49.0,1.2
2024-11-12 03:00:00,27.8,0.0,78.6,9.0,1.6
2024-11-12 04:00:00,27.6,0.0,79.7,75.0,1.7
2024-11-12 05:00:00,27.1,0.0,83.8,9.0,1.1
2024-11-12 06:00:00,26.8,0.0,84.6,9.0,3.0
2024-11-12 07:00:00,26.9,0.0,85.3,320.0,0.7
2024-11-12 08:00:00,27.9,0.0,85.3,299.0,3.4
2024-11-12 09:00:00,26.6,0.4,91.0,276.0,5.6
2024-11-12 10:00:00,25.9,0.0,96.2,270.0,5.5
2024-11-12 11:00:00,27.6,0.0,89.5,267.0,4.2
2024-11-12 12:00:00,29.7,0.0,76.6,271.0,4.2
2024-11-12 13:00:00,31.2,0.0,65.7,292.0,3.7
2024-11-12 14:00:00,31.2,0.0,70.4,269.0,6.9
2024-11-12 15:00:00,31.2,0.0,66.1,290.0,6.0
2024-11-12 16:00:00,31.3,0.0,65.6,293.0,5.2
2024-11-12 17:00:00,30.6,0.0,65.2,286.0,5.4
2024-11-12 18:00:00,30.4,0.0,68.7,266.0,4.8
2024-11-12 19:00:00,29.4,0.0,72.9,266.0,3.6
2024-11-12 20:00:00,29.2,0.0,75.1,262.0,2.3
2024-11-12 21:00:00,29.1,0.0,76.3,249.0,1.1
2024-11-12 22:00:00,29.1,0.0,75.6,335.0,1.5
2024-11-12 23:00:00,28.7,0.0,79.1,23.0,0.4
2024-11-13 00:00:00,28.3,0.0,80.5,47.0,1.2
2024-11-13 01:00:00,28.1,0.0,83.0,4.0,1.7
2024-11-13 02:00:00,27.7,0.0,84.4,14.0,1.7
2024-11-13 03:00:00,27.5,0.0,86.7,49.0,1.8
2024-11-13 04:00:00,27.0,0.0,86.5,21.0,1.5
2024-11-13 05:00:00,26.9,0.0,86.5,332.0,0.7
2024-11-13 06:00:00,27.0,0.0,85.6,68.0,0.6
2024-11-13 07:00:00,27.2,0.0,83.2,358.0,2.7
2024-11-13 08:00:00,28.2,0.0,80.2,327.0,0.7
2024-11-13 09:00:00,29.0,0.0,76.6,328.0,0.7
2024-11-13 10:00:00,28.3,0.0,76.8,264.0,6.8
2024-11-13 11:00:00,28.4,0.0,83.0,260.0,4.5
2024-11-13 12:00:00,29.9,0.0,71.1,313.0,3.3
2024-11-13 13:00:00,31.1,0.0,65.2,302.0,4.5
2024-11-13 14:00:00,31.3,0.0,66.2,294.0,2.9
2024-11-13 15:00:00,27.3,0.0,91.6,141.0,5.1
2024-11-13 16:00:00,27.2,0.0,86.7,302.0,2.1
2024-11-13 17:00:00,27.8,0.0,85.7,325.0,0.9
2024-11-13 18:00:00,27.9,0.0,85.2,6.0,1.5
2024-11-13 19:00:00,26.3,0.0,89.8,269.0,0.7
2024-11-13 20:00:00,26.5,0.0,83.6,43.0,0.9
2024-11-13 21:00:00,27.0,0.0,79.0,7.0,3.4
2024-11-13 22:00:00,26.9,0.0,80.1,8.0,1.4
2024-11-13 23:00:00,26.6,0.0,84.0,332.0,1.7
2024-11-14 00:00:00,27.0,0.0,81.9,307.0,1.6
2024-11-14 01:00:00,26.8,0.0,81.3,8.0,2.6
2024-11-14 02:00:00,26.5,0.0,85.8,352.0,2.9
2024-11-14 03:00:00,26.6,0.0,84.9,6.0,1.2
2024-11-14 04:00:00,26.8,0.0,81.9,13.0,1.3
2024-11-14 05:00:00,26.0,0.0,87.1,343.0,0.7
2024-11-14 06:00:00,26.1,0.0,86.8,337.0,1.8
2024-11-14 07:00:00,26.2,0.0,89.7,341.0,1.8
2024-11-14 08:00:00,27.6,0.0,85.6,61.0,0.7
2024-11-14 09:00:00,28.4,0.0,80.3,355.0,1.8
2024-11-14 10:00:00,29.2,0.0,78.3,49.0,0.6
2024-11-14 11:00:00,30.5,0.0,66.8,344.0,1.2
2024-11-14 12:00:00,32.1,0.0,62.0,336.0,1.8
2024-11-14 13:00:00,30.9,0.0,65.6,228.0,6.3
2024-11-14 14:00:00,30.7,0.0,67.2,221.0,5.3
2024-11-14 15:00:00,30.3,0.2,69.3,239.0,2.6
2024-11-14 16:00:00,24.8,2.4,94.3,321.0,3.6
2024-11-14 17:00:00,25.9,0.0,93.2,260.0,1.7
2024-11-14 18:00:00,26.7,0.0,90.7,259.0,2.4
2024-11-14 19:00:00,27.2,0.0,86.9,330.0,1.6
2024-11-14 20:00:00,26.5,0.0,88.5,313.0,1.0
2024-11-14 21:00:00,26.4,0.0,90.3,275.0,1.5
2024-11-14 22:00:00,26.8,0.0,88.6,40.0,0.7
2024-11-14 23:00:00,27.0,0.0,87.0,58.0,1.1
2024-11-15 00:00:00,27.2,0.0,87.0,320.0,1.1
2024-11-15 01:00:00,27.5,0.0,83.0,20.0,0.9
2024-11-15 02:00:00,27.1,0.0,87.0,343.0,1.5
2024-11-15 03:00:00,27.0,0.0,85.1,13.0,1.4
2024-11-15 04:00:00,26.9,0.0,85.9,12.0,0.8
2024-11-15 05:00:00,27.0,0.0,85.0,14.0,0.9
2024-11-15 06:00:00,26.8,0.0,86.9,19.0,1.8
2024-11-15 07:00:00,27.1,0.0,86.7,1.0,1.9
2024-11-15 08:00:00,27.7,0.0,82.5,346.0,1.4
2024-11-15 09:00:00,29.1,0.0,78.9,296.0,1.5
2024-11-15 10:00:00,29.4,0.0,75.4,296.0,1.7
2024-11-15 11:00:00,31.3,0.0,62.2,277.0,3.5
2024-11-15 12:00:00,31.0,0.0,65.3,257.0,4.6
2024-11-15 13:00:00,31.1,0.0,72.2,268.0,6.0
2024-11-15 14:00:00,31.2,0.0,70.7,259.0,5.8
2024-11-15 15:00:00,30.8,0.0,69.8,267.0,4.5
2024-11-15 16:00:00,30.5,0.0,70.3,236.0,4.9
2024-11-15 17:00:00,30.8,0.0,67.0,186.0,2.5
2024-11-15 18:00:00,28.8,0.0,79.6,355.0,2.3
2024-11-15 19:00:00,28.4,0.0,77.2,10.0,3.0
2024-11-15 20:00:00,28.3,0.0,80.7,48.0,2.5
2024-11-15 21:00:00,28.2,0.0,79.6,354.0,1.5
2024-11-15 22:00:00,27.7,0.0,83.2,28.0,0.9
2024-11-15 23:00:00,27.6,0.0,83.1,5.0,2.4
2024-11-16 00:00:00,27.2,0.0,81.0,5.0,1.6
2024-11-16 01:00:00,26.8,0.0,81.1,9.0,3.2
2024-11-16 02:00:00,26.9,0.0,81.9,31.0,1.5
2024-11-16 03:00:00,26.7,0.0,82.6,10.0,3.8
2024-11-16 04:00:00,26.6,0.0,83.6,4.0,4.4
2024-11-16 05:00:00,27.0,0.0,79.1,11.0,2.7
2024-11-16 06:00:00,26.3,0.0,82.3,54.0,0.9
2024-11-16 07:00:00,26.4,0.0,82.2,9.0,0.9
2024-11-16 08:00:00,27.8,0.0,73.2,7.0,3.0
2024-11-16 09:00:00,28.9,0.0,73.0,,3.0
2024-11-16 10:00:00,30.9,0.0,62.8,352.0,1.9
2024-11-16 11:00:00,31.1,0.0,60.4,343.0,2.6
2024-11-16 12:00:00,31.0,0.0,64.1,249.0,3.2
2024-11-16 13:00:00,31.5,0.0,65.1,267.0,5.3
2024-11-16 14:00:00,28.8,0.0,79.8,245.0,4.2
2024-11-16 15:00:00,29.5,0.0,72.7,242.0,3.3
2024-11-16 16:00:00,24.1,2.0,97.3,63.0,4.4
2024-11-16 17:00:00,24.7,0.0,93.9,87.0,2.7
2024-11-16 18:00:00,25.5,0.0,94.6,333.0,0.6
2024-11-16 19:00:00,25.5,0.0,94.2,44.0,1.2
2024-11-16 20:00:00,25.8,0.0,93.0,42.0,1.6
2024-11-16 21:00:00,25.7,0.0,92.4,132.0,1.4
2024-11-16 22:00:00,26.0,0.0,90.2,22.0,0.7
2024-11-16 23:00:00,26.1,0.0,89.4,20.0,0.9
2024-11-17 00:00:00,26.1,0.0,84.9,3.0,1.5
2024-11-17 01:00:00,26.5,0.0,83.8,16.0,3.0
2024-11-17 02:00:00,26.9,0.0,80.7,14.0,2.7
2024-11-17 03:00:00,26.4,0.0,86.3,290.0,1.5
2024-11-17 04:00:00,26.6,0.0,85.0,358.0,3.2
2024-11-17 05:00:00,25.9,0.0,90.7,359.0,3.3
2024-11-17 06:00:00,26.0,0.0,89.0,8.0,1.9
2024-11-17 07:00:00,26.0,0.0,87.9,13.0,3.1
2024-11-17 08:00:00,26.7,0.0,86.1,354.0,2.0
2024-11-17 09:00:00,27.7,0.0,80.9,356.0,3.2
2024-11-17 10:00:00,29.2,0.0,71.6,3.0,5.1
2024-11-17 11:00:00,29.7,0.0,71.6,294.0,4.6
2024-11-17 12:00:00,29.9,0.0,72.1,291.0,5.4
2024-11-17 13:00:00,30.0,0.0,75.0,272.0,7.6
2024-11-17 14:00:00,30.0,0.0,73.6,272.0,6.7
2024-11-17 15:00:00,25.1,0.6,95.7,348.0,3.8
2024-11-17 16:00:00,25.6,0.2,92.2,8.0,3.0
2024-11-17 17:00:00,26.5,0.0,88.9,2.0,3.9
2024-11-17 18:00:00,26.6,0.0,89.6,358.0,4.4
2024-11-17 19:00:00,26.6,0.0,86.4,6.0,1.0
2024-11-17 20:00:00,26.4,0.0,85.2,12.0,3.4
2024-11-17 21:00:00,26.2,0.0,87.6,329.0,0.8
2024-11-17 22:00:00,26.3,0.0,84.9,34.0,1.9
2024-11-17 23:00:00,26.4,0.0,86.4,29.0,1.4
2024-11-18 00:00:00,26.3,0.0,87.5,4.0,1.6
2024-11-18 01:00:00,26.3,0.0,87.8,355.0,3.4
2024-11-18 02:00:00,26.3,0.0,88.4,351.0,3.3
2024-11-18 03:00:00,26.3,0.0,88.9,5.0,3.8
2024-11-18 04:00:00,26.4,0.0,86.1,6.0,4.3
2024-11-18 05:00:00,26.2,0.0,85.6,9.0,4.1
2024-11-18 06:00:00,26.3,0.0,85.8,6.0,4.6
2024-11-18 07:00:00,26.0,0.0,87.9,3.0,3.4
2024-11-18 08:00:00,26.8,0.0,85.5,358.0,2.1
2024-11-18 09:00:00,28.4,0.0,78.0,15.0,2.3
2024-11-18 10:00:00,29.1,0.0,74.3,42.0,4.2
2024-11-18 11:00:00,29.2,0.0,72.5,28.0,2.9
2024-11-18 12:00:00,30.1,0.0,70.1,5.0,2.6
2024-11-18 13:00:00,29.7,0.0,72.7,357.0,2.9
2024-11-18 14:00:00,29.7,0.0,76.4,328.0,1.9
2024-11-18 15:00:00,26.0,0.0,96.9,326.0,3.0
2024-11-18 16:00:00,24.6,0.0,98.3,50.0,1.2
2024-11-18 17:00:00,26.0,0.0,95.0,24.0,2.1
2024-11-18 18:00:00,26.5,0.0,87.4,56.0,2.0
2024-11-18 19:00:00,26.6,0.0,86.0,12.0,1.8
2024-11-18 20:00:00,26.4,0.0,88.0,43.0,2.9
2024-11-18 21:00:00,26.3,0.0,89.3,42.0,1.7
2024-11-18 22:00:00,26.5,0.0,88.2,9.0,3.9
2024-11-18 23:00:00,26.4,0.0,86.8,7.0,1.5
2024-11-19 00:00:00,26.2,0.0,87.7,8.0,2.2
2024-11-19 01:00:00,26.0,0.0,88.6,358.0,2.6
2024-11-19 02:00:00,26.0,0.0,88.6,7.0,3.3
2024-11-19 03:00:00,25.8,0.0,90.1,2.0,3.0
2024-11-19 04:00:00,25.7,0.0,91.3,359.0,2.8
2024-11-19 05:00:00,25.5,0.0,91.9,217.0,0.6
2024-11-19 06:00:00,25.7,0.0,92.4,33.0,0.7
2024-11-19 07:00:00,25.4,0.2,95.8,318.0,0.5
2024-11-19 08:00:00,25.5,0.0,96.9,41.0,0.6
2024-11-19 09:00:00,25.8,0.0,94.4,357.0,2.1
2024-11-19 10:00:00,27.1,0.0,86.6,10.0,3.1
2024-11-19 11:00:00,28.2,0.0,79.7,77.0,2.9
2024-11-19 12:00:00,28.5,0.0,80.3,92.0,2.7
2024-11-19 13:00:00,28.2,0.0,80.2,57.0,2.3
2024-11-19 14:00:00,30.2,0.0,71.3,65.0,3.4
2024-11-19 15:00:00,29.6,0.0,73.1,356.0,1.9
2024-11-19 16:00:00,29.5,0.0,74.5,140.0,5.9
2024-11-19 17:00:00,28.1,0.0,79.9,61.0,4.1
2024-11-19 18:00:00,26.9,0.0,85.4,3.0,3.7
2024-11-19 19:00:00,27.3,0.0,85.2,4.0,1.2
2024-11-19 20:00:00,27.3,0.0,83.0,21.0,2.3
2024-11-19 21:00:00,26.9,0.0,86.2,358.0,1.6
2024-11-19 22:00:00,26.9,0.0,88.1,6.0,2.4
2024-11-19 23:00:00,26.8,0.0,89.7,8.0,4.5
2024-11-20 00:00:00,26.6,0.0,89.6,2.0,3.0
2024-11-20 01:00:00,26.5,0.0,89.0,2.0,3.7
2024-11-20 02:00:00,26.3,0.0,89.9,10.0,3.9
2024-11-20 03:00:00,26.3,0.0,89.0,1.0,2.5
2024-11-20 04:00:00,26.2,0.0,89.2,10.0,3.1
2024-11-20 05:00:00,25.9,0.0,90.9,357.0,3.1
2024-11-20 06:00:00,25.7,0.0,91.0,344.0,1.2
2024-11-20 07:00:00,25.7,0.0,92.6,333.0,1.8
2024-11-20 08:00:00,25.7,0.0,93.2,344.0,1.9
2024-11-20 09:00:00,26.1,0.0,91.6,352.0,2.7
2024-11-20 10:00:00,26.9,0.0,85.5,7.0,2.8
2024-11-20 11:00:00,28.2,0.0,78.5,10.0,3.5
2024-11-20 12:00:00,28.8,0.0,77.9,359.0,2.5
2024-11-20 13:00:00,28.8,0.0,76.9,19.0,3.0
2024-11-20 14:00:00,30.4,0.0,69.0,30.0,3.2
2024-11-20 15:00:00,29.6,0.0,72.5,18.0,3.1
2024-11-20 16:00:00,29.8,0.0,70.1,53.0,4.0
2024-11-20 17:00:00,29.7,0.0,64.2,15.0,3.0
2024-11-20 18:00:00,28.5,0.0,74.6,39.0,3.5
2024-11-20 19:00:00,27.9,0.0,76.1,48.0,3.2
2024-11-20 20:00:00,27.7,0.0,78.7,356.0,1.2
2024-11-20 21:00:00,27.4,0.0,80.4,13.0,2.1
2024-11-20 22:00:00,26.8,0.0,84.1,2.0,2.8
2024-11-20 23:00:00,26.7,0.0,86.6,,3.9
2024-11-21 00:00:00,26.7,0.0,87.0,36.0,1.6
2024-11-21 01:00:00,26.6,0.0,87.2,60.0,1.8
2024-11-21 02:00:00,26.5,0.0,86.4,38.0,1.4
2024-11-21 03:00:00,26.3,0.0,86.6,334.0,0.9
2024-11-21 04:00:00,26.1,0.0,88.2,76.0,1.5
2024-11-21 05:00:00,26.3,0.0,86.0,6.0,1.5
2024-11-21 06:00:00,26.2,0.0,87.2,11.0,1.4
2024-11-21 07:00:00,25.9,0.0,90.2,359.0,1.4
2024-11-21 08:00:00,27.1,0.0,84.6,353.0,1.8
2024-11-21 09:00:00,27.7,0.0,82.3,350.0,2.1
2024-11-21 10:00:00,29.2,0.0,73.0,4.0,1.8
2024-11-21 11:00:00,30.8,0.0,62.8,31.0,1.6
2024-11-21 12:00:00,30.2,0.0,69.7,245.0,3.0
2024-11-21 13:00:00,30.3,0.0,72.8,225.0,6.0
2024-11-21 14:00:00,30.5,0.0,71.6,242.0,5.3
2024-11-21 15:00:00,29.6,0.0,72.8,179.0,6.7
2024-11-21 16:00:00,29.3,0.0,71.8,165.0,5.8
2024-11-21 17:00:00,29.5,0.0,71.0,142.0,4.3
2024-11-21 18:00:00,26.9,0.4,86.0,22.0,4.1
2024-11-21 19:00:00,26.3,0.0,91.6,8.0,1.6
2024-11-21 20:00:00,26.3,0.0,88.7,340.0,2.4
2024-11-21 21:00:00,26.5,0.0,86.2,58.0,1.5
2024-11-21 22:00:00,26.7,0.0,85.5,24.0,0.9
2024-11-21 23:00:00,26.8,0.0,87.3,314.0,0.9
2024-11-22 00:00:00,26.6,0.0,86.3,6.0,1.8
2024-11-22 01:00:00,26.9,0.0,85.5,17.0,2.5
2024-11-22 02:00:00,26.7,0.0,85.0,343.0,2.8
2024-11-22 03:00:00,26.6,0.0,86.9,358.0,1.5
2024-11-22 04:00:00,26.4,0.0,88.3,322.0,0.9
2024-11-22 05:00:00,26.8,0.0,84.4,332.0,2.1
2024-11-22 06:00:00,26.2,0.0,89.1,343.0,2.5
2024-11-22 07:00:00,26.0,0.0,90.0,337.0,1.8
2024-11-22 08:00:00,26.5,0.0,89.1,359.0,3.2
2024-11-22 09:00:00,28.5,0.0,78.5,359.0,2.9
2024-11-22 10:00:00,28.5,0.0,79.1,313.0,2.6
2024-11-22 11:00:00,29.3,0.0,76.4,347.0,4.0
2024-11-22 12:00:00,29.9,0.0,73.3,351.0,4.5
2024-11-22 13:00:00,31.2,0.0,66.0,327.0,3.3
2024-11-22 14:00:00,31.8,0.0,64.6,283.0,4.6
2024-11-22 15:00:00,30.8,0.0,72.8,269.0,6.4
2024-11-22 16:00:00,27.2,0.0,82.5,42.0,4.2
2024-11-22 17:00:00,25.6,0.2,97.2,29.0,2.6
2024-11-22 18:00:00,26.1,0.2,93.7,43.0,1.6
2024-11-22 19:00:00,26.0,0.2,94.9,8.0,1.0
2024-11-22 20:00:00,25.9,0.0,94.2,15.0,3.4
2024-11-22 21:00:00,25.5,0.0,94.3,50.0,3.4
2024-11-22 22:00:00,25.8,0.0,91.5,23.0,2.1
2024-11-22 23:00:00,25.5,0.2,94.6,35.0,3.1
2024-11-23 00:00:00,25.4,0.0,92.6,38.0,3.8
2024-11-23 01:00:00,25.5,0.0,93.5,10.0,4.9
2024-11-23 02:00:00,25.4,0.0,90.0,6.0,4.8
2024-11-23 03:00:00,25.0,0.0,92.3,275.0,0.5
2024-11-23 04:00:00,25.0,0.0,91.2,31.0,1.3
2024-11-23 05:00:00,25.6,0.0,87.1,8.0,1.0
2024-11-23 06:00:00,25.6,0.0,87.7,268.0,0.9
2024-11-23 07:00:00,25.5,0.0,88.4,44.0,0.8
2024-11-23 08:00:00,26.5,0.0,85.8,14.0,0.9
2024-11-23 09:00:00,29.0,0.0,72.9,347.0,0.9
2024-11-23 10:00:00,28.6,0.0,76.9,268.0,2.7
2024-11-23 11:00:00,29.5,0.0,71.2,264.0,2.9
2024-11-23 12:00:00,30.2,0.0,68.8,275.0,2.1
2024-11-23 13:00:00,30.1,0.0,71.7,253.0,4.6
2024-11-23 14:00:00,31.3,0.0,65.3,241.0,4.4
2024-11-23 15:00:00,30.8,0.0,69.0,241.0,4.8
2024-11-23 16:00:00,29.0,0.0,76.6,12.0,2.6
2024-11-23 17:00:00,31.8,0.0,64.8,40.0,0.9
2024-11-23 18:00:00,29.5,0.0,73.4,358.0,3.1
2024-11-23 19:00:00,28.5,0.0,80.5,6.0,1.7
2024-11-23 20:00:00,28.0,0.0,77.1,12.0,2.1
2024-11-23 21:00:00,27.9,0.0,82.5,14.0,2.5
2024-11-23 22:00:00,27.4,0.0,85.8,8.0,3.5
2024-11-23 23:00:00,27.4,0.0,86.1,32.0,0.8
2024-11-24 00:00:00,27.5,0.0,83.2,8.0,3.3
2024-11-24 01:00:00,27.0,0.0,87.7,5.0,3.0
2024-11-24 02:00:00,27.0,0.0,85.7,6.0,3.8
2024-11-24 03:00:00,26.9,0.0,87.6,6.0,3.6
2024-11-24 04:00:00,26.9,0.0,86.9,9.0,3.1
2024-11-24 05:00:00,26.7,0.0,86.8,10.0,1.6
2024-11-24 06:00:00,26.8,0.0,86.1,8.0,2.9
2024-11-24 07:00:00,26.6,0.0,87.6,7.0,4.1
2024-11-24 08:00:00,26.9,0.0,87.0,13.0,3.7
2024-11-24 09:00:00,27.7,0.0,83.8,41.0,2.5
2024-11-24 10:00:00,28.4,0.0,78.9,68.0,3.9
2024-11-24 11:00:00,29.4,0.0,76.7,72.0,3.9
2024-11-24 12:00:00,30.1,0.0,72.4,30.0,2.5
2024-11-24 13:00:00,31.1,0.0,65.4,30.0,1.5
2024-11-24 14:00:00,30.5,0.0,70.9,143.0,4.9
2024-11-24 15:00:00,29.1,0.0,82.2,134.0,6.4
2024-11-24 16:00:00,25.4,2.4,97.7,21.0,4.7
2024-11-24 17:00:00,24.9,0.2,98.6,12.0,2.8
2024-11-24 18:00:00,25.7,0.0,89.3,352.0,3.3
2024-11-24 19:00:00,26.3,0.0,89.7,22.0,1.3
2024-11-24 20:00:00,26.3,0.0,92.9,351.0,1.2
2024-11-24 21:00:00,26.8,0.0,89.5,346.0,2.2
2024-11-24 22:00:00,26.5,0.0,88.1,15.0,2.3
2024-11-24 23:00:00,26.8,0.0,89.2,27.0,1.0
2024-11-25 00:00:00,26.6,0.0,89.3,82.0,0.9
2024-11-25 01:00:00,26.7,0.0,89.4,29.0,0.7
2024-11-25 02:00:00,27.2,0.0,87.5,6.0,1.9
2024-11-25 03:00:00,26.8,0.0,89.2,63.0,1.3
2024-11-25 04:00:00,26.8,0.0,89.8,301.0,0.9
2024-11-25 05:00:00,26.4,0.0,92.3,232.0,1.2
2024-11-25 06:00:00,27.0,0.0,89.5,350.0,2.6
2024-11-25 07:00:00,26.3,0.0,94.1,10.0,2.0
2024-11-25 08:00:00,26.5,0.0,94.0,12.0,1.5
2024-11-25 09:00:00,27.0,0.0,93.2,222.0,2.0
2024-11-25 10:00:00,27.9,0.0,88.9,331.0,0.9
2024-11-25 11:00:00,28.4,0.0,88.3,350.0,2.3
2024-11-25 12:00:00,28.1,0.0,90.4,345.0,1.1
2024-11-25 13:00:00,29.2,0.0,81.1,24.0,1.1
2024-11-25 14:00:00,29.6,0.0,76.6,169.0,3.6
2024-11-25 15:00:00,29.5,0.0,79.5,117.0,4.8
2024-11-25 16:00:00,29.1,0.0,75.8,38.0,2.9
2024-11-25 17:00:00,29.2,0.0,74.5,18.0,2.4
2024-11-25 18:00:00,29.4,0.0,71.1,13.0,1.7
2024-11-25 19:00:00,28.5,0.0,77.0,7.0,3.0
2024-11-25 20:00:00,27.9,0.0,83.5,24.0,2.0
2024-11-25 21:00:00,27.9,0.0,84.6,19.0,1.9
2024-11-25 22:00:00,28.1,0.0,82.4,35.0,3.2
2024-11-25 23:00:00,27.8,0.0,85.9,6.0,2.0
2024-11-26 00:00:00,27.6,0.0,86.6,11.0,1.6
2024-11-26 01:00:00,27.4,0.0,87.8,344.0,1.3
2024-11-26 02:00:00,26.8,0.0,90.9,358.0,2.8
2024-11-26 03:00:00,26.7,0.0,90.3,355.0,3.1
2024-11-26 04:00:00,26.6,0.0,89.5,6.0,2.4
2024-11-26 05:00:00,26.4,0.0,90.6,341.0,1.0
2024-11-26 06:00:00,26.8,0.0,87.9,2.0,3.0
2024-11-26 07:00:00,26.7,0.0,88.4,356.0,2.5
2024-11-26 08:00:00,27.3,0.0,86.9,5.0,2.3
2024-11-26 09:00:00,28.6,0.0,80.2,341.0,1.0
2024-11-26 10:00:00,27.5,0.4,88.2,305.0,1.9
2024-11-26 11:00:00,29.0,0.0,79.1,325.0,2.8
2024-11-26 12:00:00,29.8,0.0,74.2,289.0,2.5
2024-11-26 13:00:00,29.7,0.0,80.6,46.0,0.8
2024-11-26 14:00:00,26.3,0.0,92.6,47.0,2.6
2024-11-26 15:00:00,27.2,0.0,88.4,22.0,2.3
2024-11-26 16:00:00,26.0,0.0,84.7,357.0,5.3
2024-11-26 17:00:00,25.0,0.2,91.4,7.0,3.9
2024-11-26 18:00:00,25.3,0.0,91.7,11.0,3.8
2024-11-26 19:00:00,25.4,0.0,92.2,4.0,1.3
2024-11-26 20:00:00,25.5,0.0,91.0,10.0,3.1
2024-11-26 21:00:00,25.5,0.0,91.7,3.0,0.8
2024-11-26 22:00:00,25.6,0.0,91.7,64.0,2.8
2024-11-26 23:00:00,26.3,0.0,86.5,8.0,1.1
2024-11-27 00:00:00,26.3,0.0,86.2,16.0,1.7
2024-11-27 01:00:00,26.2,0.0,87.6,3.0,3.0
2024-11-27 02:00:00,26.0,0.0,89.6,13.0,3.0
2024-11-27 03:00:00,25.8,0.0,90.1,29.0,1.3
2024-11-27 04:00:00,26.1,0.0,89.2,8.0,1.4
2024-11-27 05:00:00,26.2,0.0,85.9,2.0,4.0
2024-11-27 06:00:00,26.4,0.0,87.8,8.0,3.6
2024-11-27 07:00:00,26.5,0.0,87.1,324.0,1.6
2024-11-27 08:00:00,26.7,0.0,87.2,319.0,2.4
2024-11-27 09:00:00,26.9,0.0,85.3,295.0,2.9
2024-11-27 10:00:00,27.5,0.0,80.8,294.0,3.5
2024-11-27 11:00:00,28.0,0.0,83.4,284.0,4.2
2024-11-27 12:00:00,28.3,0.0,81.1,286.0,6.1
2024-11-27 13:00:00,29.0,0.0,76.8,289.0,5.3
2024-11-27 14:00:00,28.4,0.0,81.7,293.0,5.2
2024-11-27 15:00:00,28.0,0.0,84.1,282.0,4.3
2024-11-27 16:00:00,27.3,0.0,91.1,286.0,3.1
2024-11-27 17:00:00,26.6,0.2,93.1,265.0,0.9
2024-11-27 18:00:00,26.5,0.0,93.7,348.0,2.3
2024-11-27 19:00:00,26.3,0.0,88.0,297.0,3.0
2024-11-27 20:00:00,26.1,0.0,86.9,318.0,1.3
2024-11-27 21:00:00,26.4,0.0,86.0,346.0,2.0
2024-11-27 22:00:00,26.2,0.0,86.5,54.0,1.4
2024-11-27 23:00:00,26.4,0.0,89.4,46.0,0.6
2024-11-28 00:00:00,26.3,0.0,90.2,16.0,0.9
2024-11-28 01:00:00,25.9,0.0,93.2,52.0,2.0
2024-11-28 02:00:00,25.3,0.0,96.2,26.0,1.1
2024-11-28 03:00:00,24.9,0.8,97.8,75.0,1.0
2024-11-28 04:00:00,25.0,0.0,98.1,6.0,0.7
2024-11-28 05:00:00,24.9,0.0,98.0,339.0,1.3
2024-11-28 06:00:00,25.0,0.0,97.5,157.0,0.7
2024-11-28 07:00:00,25.4,0.0,94.9,46.0,0.7
2024-11-28 08:00:00,26.5,0.0,91.2,86.0,3.0
2024-11-28 09:00:00,25.9,0.0,93.5,8.0,1.6
2024-11-28 10:00:00,25.4,0.4,95.1,41.0,2.3
2024-11-28 11:00:00,25.8,0.2,94.9,355.0,1.3
2024-11-28 12:00:00,25.9,0.0,94.7,1.0,3.2
2024-11-28 13:00:00,26.4,0.0,93.6,283.0,1.3
2024-11-28 14:00:00,26.7,0.2,93.7,182.0,1.1
2024-11-28 15:00:00,25.5,2.6,98.1,247.0,4.5
2024-11-28 16:00:00,25.6,0.0,98.8,222.0,1.0
2024-11-28 17:00:00,26.7,0.0,92.3,247.0,1.9
2024-11-28 18:00:00,27.0,0.0,91.1,340.0,0.9
2024-11-28 19:00:00,26.8,0.0,90.9,16.0,0.4
2024-11-28 20:00:00,26.6,0.0,92.0,48.0,3.0
2024-11-28 21:00:00,26.6,0.0,92.6,28.0,1.0
2024-11-28 22:00:00,26.6,0.0,92.6,8.0,1.5
2024-11-28 23:00:00,26.5,0.0,93.1,58.0,0.8
2024-11-29 00:00:00,26.5,0.0,93.3,65.0,1.8
2024-11-29 01:00:00,26.5,0.0,93.6,22.0,1.5
2024-11-29 02:00:00,26.4,0.0,92.5,350.0,1.7
2024-11-29 03:00:00,26.0,0.0,94.5,8.0,2.3
2024-11-29 04:00:00,25.8,0.0,94.8,10.0,3.3
2024-11-29 05:00:00,26.0,0.0,93.5,358.0,3.3
2024-11-29 06:00:00,24.5,1.0,98.2,245.0,3.7
2024-11-29 07:00:00,24.6,0.2,98.5,273.0,2.0
2024-11-29 08:00:00,24.5,0.0,97.2,100.0,1.0
2024-11-29 09:00:00,23.8,0.6,98.0,291.0,5.2
2024-11-29 10:00:00,24.8,0.2,97.7,271.0,1.8
2024-11-29 11:00:00,25.1,0.0,96.3,318.0,2.9
2024-11-29 12:00:00,25.2,0.0,94.8,307.0,2.2
2024-11-29 13:00:00,25.7,0.0,91.7,333.0,3.2
2024-11-29 14:00:00,26.0,0.0,90.1,327.0,1.8
2024-11-29 15:00:00,26.4,0.0,87.5,333.0,1.9
2024-11-29 16:00:00,27.0,0.0,84.7,296.0,2.4
2024-11-29 17:00:00,26.7,0.0,84.9,283.0,3.4
2024-11-29 18:00:00,26.6,0.0,85.4,312.0,2.2
2024-11-29 19:00:00,26.5,0.0,84.9,320.0,0.9
2024-11-29 20:00:00,26.0,0.0,84.4,358.0,4.9
2024-11-29 21:00:00,26.4,0.0,82.6,331.0,1.8
2024-11-29 22:00:00,26.0,0.0,85.9,3.0,3.0
2024-11-29 23:00:00,25.6,0.0,88.0,1.0,5.9
2024-11-30 00:00:00,25.8,0.0,85.9,358.0,6.1
2024-11-30 01:00:00,26.0,0.0,82.1,351.0,4.9
2024-11-30 02:00:00,26.0,0.0,82.1,348.0,6.0
2024-11-30 03:00:00,26.0,0.0,83.3,353.0,5.5
2024-11-30 04:00:00,26.0,0.0,80.8,350.0,4.8
2024-11-30 05:00:00,25.8,0.0,80.5,11.0,3.7
2024-11-30 06:00:00,25.2,0.0,85.3,56.0,1.2
2024-11-30 07:00:00,25.7,0.0,85.4,172.0,2.6
2024-11-30 08:00:00,26.3,0.0,83.1,117.0,1.5
2024-11-30 09:00:00,27.5,0.0,78.3,50.0,1.0
2024-11-30 10:00:00,28.5,0.0,71.6,18.0,1.5
2024-11-30 11:00:00,29.3,0.0,68.3,71.0,2.7
2024-11-30 12:00:00,29.9,0.0,66.2,163.0,3.6
2024-11-30 13:00:00,29.6,0.0,70.9,251.0,5.2
2024-11-30 14:00:00,30.8,0.0,68.0,243.0,5.3
2024-11-30 15:00:00,30.6,0.0,69.6,248.0,5.5
2024-11-30 16:00:00,32.0,0.0,59.5,259.0,5.9
2024-11-30 17:00:00,31.9,0.0,60.8,269.0,5.5
2024-11-30 18:00:00,31.2,0.0,61.3,264.0,5.0
2024-11-30 19:00:00,30.3,0.0,65.6,272.0,2.7
2024-11-30 20:00:00,29.8,0.0,66.9,306.0,2.0
2024-11-30 21:00:00,29.7,0.0,63.0,343.0,1.9
2024-11-30 22:00:00,28.7,0.0,80.2,354.0,1.5
2024-11-30 23:00:00,28.1,0.0,83.0,69.0,2.4
2024-12-01 00:00:00,27.8,0.0,83.0,7.0,0.9
2024-12-01 01:00:00,27.7,0.0,82.5,,1.9
2024-12-01 02:00:00,27.5,0.0,85.0,9.0,4.1
2024-12-01 03:00:00,27.0,0.0,88.3,351.0,1.4
2024-12-01 04:00:00,27.2,0.0,85.2,319.0,1.1
2024-12-01 05:00:00,26.2,0.0,83.2,294.0,3.0
2024-12-01 06:00:00,26.9,0.0,83.2,302.0,2.2
2024-12-01 07:00:00,27.1,0.0,83.6,296.0,3.1
2024-12-01 08:00:00,27.2,0.0,85.8,355.0,2.8
2024-12-01 09:00:00,27.9,0.0,81.8,323.0,2.4
2024-12-01 10:00:00,29.2,0.0,77.0,319.0,2.9
2024-12-01 11:00:00,30.4,0.0,70.1,298.0,4.9
2024-12-01 12:00:00,31.2,0.0,61.8,311.0,4.8
2024-12-01 13:00:00,31.8,0.0,63.8,281.0,5.1
2024-12-01 14:00:00,31.3,0.0,65.3,292.0,6.0
2024-12-01 15:00:00,31.7,0.0,62.6,282.0,6.3
2024-12-01 16:00:00,31.4,0.0,66.7,287.0,5.4
2024-12-01 17:00:00,31.6,0.0,62.7,283.0,6.2
2024-12-01 18:00:00,30.6,0.0,68.0,296.0,5.5
2024-12-01 19:00:00,30.1,0.0,71.6,314.0,2.7
2024-12-01 20:00:00,29.4,0.0,74.6,336.0,3.1
2024-12-01 21:00:00,28.8,0.0,76.6,356.0,3.7
2024-12-01 22:00:00,28.0,0.0,79.7,8.0,3.1
2024-12-01 23:00:00,27.8,0.0,78.2,5.0,2.0
2024-12-02 00:00:00,27.9,0.0,75.2,12.0,2.4
2024-12-02 01:00:00,27.6,0.0,76.8,357.0,4.1
2024-12-02 02:00:00,27.4,0.0,77.7,10.0,3.7
2024-12-02 03:00:00,27.0,0.0,78.9,3.0,4.1
2024-12-02 04:00:00,27.0,0.0,78.8,10.0,3.1
2024-12-02 05:00:00,26.9,0.0,78.1,7.0,4.3
2024-12-02 06:00:00,26.6,0.0,79.8,4.0,3.4
2024-12-02 07:00:00,26.6,0.0,81.3,6.0,3.1
2024-12-02 08:00:00,27.1,0.0,80.7,1.0,4.1
2024-12-02 09:00:00,28.5,0.0,74.1,352.0,3.5
2024-12-02 10:00:00,28.9,0.0,73.0,359.0,3.0
2024-12-02 11:00:00,29.8,0.0,68.4,330.0,1.7
2024-12-02 12:00:00,30.8,0.0,66.7,336.0,1.1
2024-12-02 13:00:00,31.3,0.0,62.7,345.0,1.3
2024-12-02 14:00:00,30.7,0.0,70.4,262.0,4.5
2024-12-02 15:00:00,30.0,0.0,75.3,257.0,5.8
2024-12-02 16:00:00,30.2,0.0,72.1,268.0,5.1
2024-12-02 17:00:00,29.7,0.0,70.8,251.0,5.1
2024-12-02 18:00:00,29.8,0.0,69.7,268.0,3.8
2024-12-02 19:00:00,27.7,0.0,81.7,1.0,6.0
2024-12-02 20:00:00,27.6,0.0,81.1,358.0,2.2
2024-12-02 21:00:00,27.3,0.0,83.2,11.0,4.1
2024-12-02 22:00:00,27.1,0.0,84.2,13.0,3.3
2024-12-02 23:00:00,26.8,0.0,86.2,267.0,0.7
2024-12-03 00:00:00,27.0,0.0,84.1,13.0,3.0
2024-12-03 01:00:00,26.9,0.0,82.7,7.0,5.0
2024-12-03 02:00:00,26.6,0.0,85.4,12.0,3.2
2024-12-03 03:00:00,26.7,0.0,82.8,10.0,3.8
2024-12-03 04:00:00,26.7,0.0,82.5,3.0,1.7
2024-12-03 05:00:00,26.4,0.0,84.6,5.0,3.0
2024-12-03 06:00:00,26.4,0.0,84.7,358.0,3.7
2024-12-03 07:00:00,26.6,0.0,84.9,10.0,2.1
2024-12-03 08:00:00,26.8,0.0,86.4,30.0,0.8
2024-12-03 09:00:00,28.1,0.0,78.3,329.0,1.3
2024-12-03 10:00:00,28.7,0.0,70.8,1.0,2.9
2024-12-03 11:00:00,29.2,0.0,69.1,341.0,1.7
2024-12-03 12:00:00,30.7,0.0,65.6,351.0,2.4
2024-12-03 13:00:00,30.9,0.0,65.2,337.0,3.4
2024-12-03 14:00:00,32.1,0.0,58.2,349.0,2.2
2024-12-03 15:00:00,31.3,0.0,59.6,7.0,3.8
2024-12-03 16:00:00,31.7,0.0,59.2,359.0,3.3
2024-12-03 17:00:00,31.2,0.0,66.7,267.0,6.9
2024-12-03 18:00:00,30.1,0.0,71.3,266.0,6.1
2024-12-03 19:00:00,27.5,0.0,83.4,261.0,8.60001
2024-12-03 20:00:00,28.2,0.0,76.7,268.0,4.9
2024-12-03 21:00:00,28.2,0.0,75.8,277.0,3.4
2024-12-03 22:00:00,26.8,0.0,91.2,52.0,0.9
2024-12-03 23:00:00,26.5,0.2,95.6,303.0,0.8
2024-12-04 00:00:00,26.0,0.2,95.6,235.0,2.3
2024-12-04 01:00:00,26.2,0.0,91.5,234.0,2.0
2024-12-04 02:00:00,26.4,0.0,91.3,30.0,0.7
2024-12-04 03:00:00,26.4,0.0,92.0,280.0,1.7
2024-12-04 04:00:00,26.8,0.0,88.2,14.0,2.3
2024-12-04 05:00:00,26.9,0.0,84.3,336.0,1.9
2024-12-04 06:00:00,26.7,0.0,88.4,324.0,1.6
2024-12-04 07:00:00,26.7,0.0,89.7,303.0,1.3
2024-12-04 08:00:00,27.1,0.0,89.1,54.0,0.6
2024-12-04 09:00:00,28.2,0.0,83.3,305.0,2.0
2024-12-04 10:00:00,29.7,0.0,77.3,299.0,2.9
2024-12-04 11:00:00,28.2,0.0,79.0,300.0,4.2
2024-12-04 12:00:00,29.9,0.0,73.8,304.0,3.1
2024-12-04 13:00:00,30.4,0.0,63.4,295.0,3.2
2024-12-04 14:00:00,30.4,0.0,61.7,282.0,4.5
2024-12-04 15:00:00,30.4,0.0,63.2,288.0,4.2
2024-12-04 16:00:00,29.9,0.0,68.5,300.0,3.8
2024-12-04 17:00:00,29.4,0.0,69.6,311.0,4.4
2024-12-04 18:00:00,29.3,0.0,71.6,311.0,3.7
2024-12-04 19:00:00,29.1,0.0,68.5,303.0,3.1
2024-12-04 20:00:00,29.0,0.0,69.2,299.0,3.9
2024-12-04 21:00:00,28.9,0.0,71.6,302.0,3.6
2024-12-04 22:00:00,28.0,0.0,77.0,333.0,2.8
2024-12-04 23:00:00,27.9,0.0,78.9,320.0,2.5
2024-12-05 00:00:00,27.3,0.0,79.2,2.0,5.3
2024-12-05 01:00:00,27.2,0.0,79.2,3.0,5.0
2024-12-05 02:00:00,27.2,0.0,81.1,354.0,1.8
2024-12-05 03:00:00,27.4,0.0,81.8,336.0,2.3
2024-12-05 04:00:00,26.9,0.0,82.7,341.0,2.7
2024-12-05 05:00:00,26.8,0.0,83.3,348.0,3.5
2024-12-05 06:00:00,26.7,0.0,82.8,336.0,2.0
2024-12-05 07:00:00,27.2,0.0,79.2,320.0,2.1
2024-12-05 08:00:00,27.7,0.0,74.4,304.0,3.0
2024-12-05 09:00:00,28.8,0.0,69.8,308.0,2.8
2024-12-05 10:00:00,29.1,0.0,71.8,322.0,2.8
2024-12-05 11:00:00,29.7,0.0,69.0,297.0,4.6
2024-12-05 12:00:00,30.5,0.0,66.7,298.0,4.5
2024-12-05 13:00:00,30.0,0.0,64.9,295.0,5.5
2024-12-05 14:00:00,30.6,0.0,63.1,308.0,6.0
2024-12-05 15:00:00,31.2,0.0,59.3,300.0,5.2
2024-12-05 16:00:00,32.0,0.0,55.2,312.0,4.8
2024-12-05 17:00:00,31.8,0.0,54.4,306.0,5.3
2024-12-05 18:00:00,31.0,0.0,58.5,302.0,5.0
2024-12-05 19:00:00,30.1,0.0,63.7,299.0,4.0
2024-12-05 20:00:00,29.9,0.0,63.0,319.0,2.2
2024-12-05 21:00:00,29.9,0.0,60.9,332.0,2.4
2024-12-05 22:00:00,29.6,0.0,61.7,350.0,3.0
2024-12-05 23:00:00,29.4,0.0,62.1,3.0,5.0
2024-12-06 00:00:00,29.3,0.0,61.6,2.0,3.8
2024-12-06 01:00:00,28.4,0.0,72.5,10.0,4.5
2024-12-06 02:00:00,28.0,0.0,78.5,6.0,2.0
2024-12-06 03:00:00,28.0,0.0,80.2,9.0,1.2
2024-12-06 04:00:00,27.8,0.0,80.8,8.0,1.3
2024-12-06 05:00:00,27.4,0.0,84.7,9.0,2.1
2024-12-06 06:00:00,27.3,0.0,83.8,8.0,1.2
2024-12-06 07:00:00,27.1,0.0,85.0,5.0,1.2
2024-12-06 08:00:00,27.9,0.0,82.3,50.0,1.5
2024-12-06 09:00:00,29.9,0.0,68.6,24.0,2.0
2024-12-06 10:00:00,31.2,0.0,60.1,356.0,1.9
2024-12-06 11:00:00,32.2,0.0,53.6,288.0,3.8
2024-12-06 12:00:00,32.6,0.0,51.4,299.0,4.9
2024-12-06 13:00:00,32.8,0.0,48.2,279.0,6.9
2024-12-06 14:00:00,33.0,0.0,49.8,285.0,6.4
2024-12-06 15:00:00,33.4,0.0,48.1,293.0,6.5
2024-12-06 16:00:00,32.8,0.0,50.6,281.0,6.2
2024-12-06 17:00:00,32.0,0.0,54.6,287.0,5.4
2024-12-06 18:00:00,31.5,0.0,58.3,296.0,3.5
2024-12-06 19:00:00,30.4,0.0,66.2,300.0,2.9
2024-12-06 20:00:00,30.2,0.0,67.5,302.0,2.8
2024-12-06 21:00:00,30.1,0.0,66.7,306.0,2.7
2024-12-06 22:00:00,30.0,0.0,69.1,339.0,2.2
2024-12-06 23:00:00,29.8,0.0,69.9,15.0,2.5
2024-12-07 00:00:00,29.2,0.0,79.0,32.0,2.0
2024-12-07 01:00:00,29.0,0.0,79.1,3.0,1.7
2024-12-07 02:00:00,28.3,0.0,80.2,3.0,2.0
2024-12-07 03:00:00,27.7,0.0,81.9,8.0,4.6
2024-12-07 04:00:00,27.4,0.0,83.9,8.0,3.7
2024-12-07 05:00:00,27.4,0.0,82.1,11.0,3.6
2024-12-07 06:00:00,27.3,0.0,82.8,2.0,1.3
2024-12-07 07:00:00,27.2,0.0,84.2,348.0,1.0
2024-12-07 08:00:00,28.1,0.0,79.7,6.0,2.9
2024-12-07 09:00:00,29.4,0.0,68.4,8.0,4.3
2024-12-07 10:00:00,30.8,0.0,61.4,308.0,3.6
2024-12-07 11:00:00,30.9,0.0,61.5,303.0,5.7
2024-12-07 12:00:00,31.7,0.0,58.9,288.0,5.4
2024-12-07 13:00:00,32.3,0.0,58.2,283.0,6.1
2024-12-07 14:00:00,32.8,0.0,55.4,284.0,6.1
2024-12-07 15:00:00,33.7,0.0,49.2,297.0,5.0
2024-12-07 16:00:00,33.6,0.0,46.9,291.0,6.4
2024-12-07 17:00:00,32.9,0.0,49.8,293.0,5.6
2024-12-07 18:00:00,31.8,0.0,57.6,292.0,4.3
2024-12-07 19:00:00,30.9,0.0,65.2,306.0,3.1
2024-12-07 20:00:00,30.4,0.0,69.8,310.0,2.7
2024-12-07 21:00:00,30.4,0.0,70.3,301.0,3.1
2024-12-07 22:00:00,30.2,0.0,70.0,11.0,4.7
2024-12-07 23:00:00,29.8,0.0,71.0,19.0,1.8
2024-12-08 00:00:00,29.2,0.0,73.2,6.0,4.3
2024-12-08 01:00:00,28.8,0.0,76.9,15.0,4.6
2024-12-08 02:00:00,28.4,0.0,79.6,20.0,2.3
2024-12-08 03:00:00,27.7,0.0,82.2,10.0,3.7
2024-12-08 04:00:00,27.6,0.0,82.2,8.0,5.2
2024-12-08 05:00:00,27.4,0.0,83.5,9.0,2.8
2024-12-08 06:00:00,27.3,0.0,83.5,9.0,4.6
2024-12-08 07:00:00,27.2,0.0,83.7,6.0,3.4
2024-12-08 08:00:00,27.9,0.0,74.8,8.0,3.5
2024-12-08 09:00:00,28.6,0.0,74.2,8.0,6.4
2024-12-08 10:00:00,30.1,0.0,67.5,8.0,4.4
2024-12-08 11:00:00,31.0,0.0,64.6,5.0,4.1
2024-12-08 12:00:00,32.5,0.0,59.9,7.0,4.2
2024-12-08 13:00:00,32.7,0.0,56.7,5.0,6.8
2024-12-08 14:00:00,32.6,0.0,56.2,5.0,6.1
2024-12-08 15:00:00,32.9,0.0,54.5,357.0,5.0
2024-12-08 16:00:00,27.9,0.2,86.3,319.0,6.2
2024-12-08 17:00:00,23.8,1.0,97.9,8.0,7.4
2024-12-08 18:00:00,26.1,0.0,92.1,22.0,0.9
2024-12-08 19:00:00,27.2,0.0,89.8,12.0,0.8
2024-12-08 20:00:00,28.0,0.0,83.8,356.0,3.2
2024-12-08 21:00:00,26.3,0.0,96.3,330.0,2.0
2024-12-08 22:00:00,26.5,0.0,90.5,12.0,2.7
2024-12-08 23:00:00,27.2,0.0,87.6,7.0,3.3
2024-12-09 00:00:00,27.4,0.0,87.2,1.0,5.3
2024-12-09 01:00:00,24.7,0.6,92.6,336.0,5.2
2024-12-09 02:00:00,25.5,0.0,81.9,301.0,4.0
2024-12-09 03:00:00,25.1,0.0,86.1,,5.0
2024-12-09 04:00:00,25.0,0.0,87.6,6.0,7.2
2024-12-09 05:00:00,25.4,0.0,89.2,3.0,4.9
2024-12-09 06:00:00,25.3,0.0,89.7,9.0,3.8
2024-12-09 07:00:00,25.3,0.0,90.7,355.0,5.2
2024-12-09 08:00:00,25.8,0.0,87.2,10.0,5.3
2024-12-09 09:00:00,26.6,0.0,80.4,2.0,8.10001
2024-12-09 10:00:00,26.4,0.0,86.6,338.0,4.7
2024-12-09 11:00:00,26.4,0.0,89.6,322.0,3.2
2024-12-09 12:00:00,26.9,0.0,83.5,355.0,6.6
2024-12-09 13:00:00,28.2,0.0,76.7,350.0,5.4
2024-12-09 14:00:00,29.7,0.0,69.7,349.0,6.1
2024-12-09 15:00:00,29.7,0.0,68.1,327.0,5.8
2024-12-09 16:00:00,28.7,0.0,72.3,357.0,7.1
2024-12-09 17:00:00,28.0,0.0,74.0,347.0,6.9
2024-12-09 18:00:00,28.1,0.0,73.9,319.0,4.7
2024-12-09 19:00:00,28.0,0.0,70.7,314.0,4.6
2024-12-09 20:00:00,26.8,0.0,78.4,,6.3
2024-12-09 21:00:00,26.3,0.0,82.4,354.0,6.4
2024-12-09 22:00:00,26.0,0.0,82.8,357.0,6.7
2024-12-09 23:00:00,25.8,0.0,83.0,349.0,7.1
2024-12-10 00:00:00,25.7,0.0,83.7,348.0,7.0
2024-12-10 01:00:00,25.3,0.0,85.3,348.0,6.0
2024-12-10 02:00:00,25.5,0.0,84.0,355.0,8.0
2024-12-10 03:00:00,25.7,0.0,84.4,347.0,7.1
2024-12-10 04:00:00,25.5,0.0,85.6,358.0,6.7
2024-12-10 05:00:00,25.6,0.0,83.1,336.0,4.0
2024-12-10 06:00:00,25.6,0.0,82.4,353.0,5.2
2024-12-10 07:00:00,25.5,0.0,82.4,352.0,6.6
2024-12-10 08:00:00,25.6,0.0,81.4,347.0,7.5
2024-12-10 09:00:00,25.8,0.0,81.4,347.0,8.5
2024-12-10 10:00:00,26.3,0.0,78.9,354.0,7.5
2024-12-10 11:00:00,27.6,0.0,73.7,353.0,7.4
2024-12-10 12:00:00,28.2,0.0,69.5,358.0,6.8
2024-12-10 13:00:00,28.0,0.0,70.2,353.0,8.0
2024-12-10 14:00:00,29.7,0.0,67.0,331.0,5.5
2024-12-10 15:00:00,29.1,0.0,67.5,343.0,7.1
2024-12-10 16:00:00,30.9,0.0,60.7,330.0,5.5
2024-12-10 17:00:00,30.6,0.0,59.6,304.0,6.1
2024-12-10 18:00:00,29.7,0.0,64.2,336.0,4.9
2024-12-10 19:00:00,28.8,0.0,71.6,358.0,4.1
2024-12-10 20:00:00,28.4,0.0,73.8,356.0,5.9
2024-12-10 21:00:00,28.0,0.0,74.6,352.0,5.8
2024-12-10 22:00:00,27.9,0.0,73.5,350.0,6.0
2024-12-10 23:00:00,27.5,0.0,76.4,316.0,2.6
2024-12-11 00:00:00,26.8,0.0,79.7,3.0,3.1
2024-12-11 01:00:00,27.1,0.0,75.1,1.0,5.8
2024-12-11 02:00:00,26.8,0.0,77.5,351.0,5.1
2024-12-11 03:00:00,26.7,0.0,78.1,350.0,2.9
2024-12-11 04:00:00,26.6,0.0,77.1,7.0,2.9
2024-12-11 05:00:00,26.8,0.0,76.2,11.0,4.8
2024-12-11 06:00:00,26.4,0.0,79.7,359.0,4.6
2024-12-11 07:00:00,26.6,0.0,80.8,355.0,4.7
2024-12-11 08:00:00,27.4,0.0,75.8,332.0,2.5
2024-12-11 09:00:00,28.2,0.0,72.0,357.0,4.6
2024-12-11 10:00:00,28.5,0.0,69.5,296.0,4.7
2024-12-11 11:00:00,30.1,0.0,65.9,318.0,1.9
2024-12-11 12:00:00,31.0,0.0,59.2,301.0,5.1
2024-12-11 13:00:00,31.4,0.0,61.8,300.0,5.2
2024-12-11 14:00:00,31.9,0.0,61.2,299.0,5.2
2024-12-11 15:00:00,32.1,0.0,59.8,286.0,6.0
2024-12-11 16:00:00,32.1,0.0,60.3,284.0,5.1
2024-12-11 17:00:00,31.8,0.0,62.7,293.0,5.9
2024-12-11 18:00:00,30.6,0.0,67.1,295.0,5.3
2024-12-11 19:00:00,30.0,0.0,72.1,302.0,5.4
2024-12-11 20:00:00,29.4,0.0,70.2,2.0,5.9
2024-12-11 21:00:00,29.4,0.0,63.5,307.0,3.6
2024-12-11 22:00:00,28.8,0.0,76.0,300.0,3.4
2024-12-11 23:00:00,28.8,0.0,80.7,303.0,3.5
2024-12-12 00:00:00,28.7,0.0,83.2,299.0,4.8
2024-12-12 01:00:00,29.0,0.0,82.9,287.0,4.9
2024-12-12 02:00:00,28.8,0.0,84.0,288.0,5.3
2024-12-12 03:00:00,24.8,3.4,97.9,349.0,7.5
2024-12-12 04:00:00,25.3,0.2,98.6,298.0,4.4
2024-12-12 05:00:00,26.6,0.4,94.5,297.0,3.6
2024-12-12 06:00:00,26.7,0.2,92.8,303.0,4.1
2024-12-12 07:00:00,26.8,0.0,92.2,296.0,4.1
2024-12-12 08:00:00,26.9,0.0,89.2,358.0,4.9
2024-12-12 09:00:00,27.4,0.0,87.4,333.0,2.9
2024-12-12 10:00:00,28.4,0.0,81.4,312.0,2.4
2024-12-12 11:00:00,28.7,0.0,81.2,305.0,2.7
2024-12-12 12:00:00,29.5,0.0,74.6,290.0,4.7
2024-12-12 13:00:00,28.5,0.0,84.2,269.0,6.3
2024-12-12 14:00:00,29.0,0.0,80.1,280.0,5.4
2024-12-12 15:00:00,28.9,0.0,80.4,282.0,4.7
2024-12-12 16:00:00,29.0,0.0,80.6,310.0,4.1
2024-12-12 17:00:00,29.0,0.0,79.6,307.0,3.5
2024-12-12 18:00:00,29.0,0.0,81.6,299.0,3.4
2024-12-12 19:00:00,28.7,0.0,82.0,295.0,2.7
2024-12-12 20:00:00,28.6,0.0,83.5,292.0,2.2
2024-12-12 21:00:00,28.8,0.0,82.3,291.0,2.8
2024-12-12 22:00:00,28.6,0.0,83.3,300.0,2.9
2024-12-12 23:00:00,28.7,0.0,81.4,304.0,3.3
2024-12-13 00:00:00,28.4,0.0,83.2,298.0,2.3
2024-12-13 01:00:00,28.4,0.0,84.1,311.0,2.3
2024-12-13 02:00:00,28.2,0.0,82.6,282.0,4.8
2024-12-13 03:00:00,23.9,0.8,98.0,323.0,4.2
2024-12-13 04:00:00,25.3,0.2,98.5,278.0,4.4
2024-12-13 05:00:00,24.6,0.2,95.6,304.0,3.7
2024-12-13 06:00:00,25.3,0.0,96.8,268.0,2.9
2024-12-13 07:00:00,25.9,0.0,91.3,263.0,5.5
2024-12-13 08:00:00,26.4,0.0,88.4,267.0,5.6
2024-12-13 09:00:00,27.1,0.0,83.9,277.0,5.1
2024-12-13 10:00:00,27.3,0.0,83.2,266.0,4.4
2024-12-13 11:00:00,27.7,0.0,81.7,266.0,3.7
2024-12-13 12:00:00,28.1,0.0,76.9,324.0,2.6
2024-12-13 13:00:00,28.8,0.0,74.0,293.0,2.3
2024-12-13 14:00:00,28.9,0.0,73.7,285.0,3.6
2024-12-13 15:00:00,28.9,0.0,74.1,280.0,3.2
2024-12-13 16:00:00,28.7,0.0,75.8,277.0,3.8
2024-12-13 17:00:00,28.6,0.0,76.8,277.0,4.1
2024-12-13 18:00:00,28.5,0.0,77.8,293.0,1.9
2024-12-13 19:00:00,28.1,0.0,81.6,318.0,0.7
2024-12-13 20:00:00,28.3,0.0,80.9,281.0,3.0
2024-12-13 21:00:00,28.4,0.0,80.8,293.0,3.3
2024-12-13 22:00:00,28.4,0.0,82.6,293.0,3.0
2024-12-13 23:00:00,28.5,0.0,82.4,299.0,3.0
2024-12-14 00:00:00,28.3,0.0,83.7,328.0,1.9
2024-12-14 01:00:00,27.2,0.0,82.3,302.0,4.7
2024-12-14 02:00:00,26.8,0.0,88.6,335.0,2.5
2024-12-14 03:00:00,27.2,0.0,81.7,356.0,4.0
2024-12-14 04:00:00,27.5,0.0,76.5,310.0,3.2
2024-12-14 05:00:00,27.2,0.0,79.7,290.0,4.2
2024-12-14 06:00:00,27.2,0.0,78.3,309.0,3.6
2024-12-14 07:00:00,26.7,0.0,80.8,357.0,3.4
2024-12-14 08:00:00,27.0,0.0,79.6,358.0,2.6
2024-12-14 09:00:00,28.6,0.0,76.4,324.0,2.9
2024-12-14 10:00:00,29.3,0.0,75.5,284.0,4.4
2024-12-14 11:00:00,30.2,0.0,72.8,267.0,5.7
2024-12-14 12:00:00,30.8,0.0,71.2,262.0,6.2
2024-12-14 13:00:00,31.2,0.0,67.6,301.0,5.1
2024-12-14 14:00:00,32.0,0.0,66.3,289.0,5.4
2024-12-14 15:00:00,31.5,0.0,64.3,280.0,5.8
2024-12-14 16:00:00,31.4,0.0,67.4,283.0,5.6
2024-12-14 17:00:00,31.5,0.0,65.9,283.0,5.1
2024-12-14 18:00:00,31.3,0.0,66.9,288.0,3.4
2024-12-14 19:00:00,31.1,0.0,56.5,297.0,2.8
2024-12-14 20:00:00,30.3,0.0,60.4,340.0,2.4
2024-12-14 21:00:00,30.3,0.0,59.6,28.0,2.0
2024-12-14 22:00:00,28.7,0.0,78.7,55.0,3.8
2024-12-14 23:00:00,28.7,0.0,77.5,48.0,3.4
2024-12-15 00:00:00,28.6,0.0,77.6,40.0,2.4
2024-12-15 01:00:00,28.5,0.0,78.6,12.0,1.6
2024-12-15 02:00:00,28.2,0.0,80.3,49.0,1.5
2024-12-15 03:00:00,28.0,0.0,81.4,14.0,1.5
2024-12-15 04:00:00,27.8,0.0,83.4,18.0,2.0
2024-12-15 05:00:00,27.8,0.0,82.9,20.0,1.9
2024-12-15 06:00:00,27.7,0.0,83.1,28.0,2.0
2024-12-15 07:00:00,27.6,0.0,83.0,33.0,2.0
2024-12-15 08:00:00,28.0,0.0,81.5,17.0,2.5
2024-12-15 09:00:00,29.1,0.0,78.2,51.0,2.4
2024-12-15 10:00:00,30.6,0.0,70.8,2.0,2.4
2024-12-15 11:00:00,31.3,0.0,62.5,334.0,1.8
2024-12-15 12:00:00,31.4,0.0,60.3,338.0,2.8
2024-12-15 13:00:00,31.9,0.0,59.3,357.0,2.4
2024-12-15 14:00:00,33.1,0.0,56.4,317.0,2.0
2024-12-15 15:00:00,32.0,0.0,65.1,267.0,8.39999
2024-12-15 16:00:00,32.1,0.0,64.0,266.0,5.9
2024-12-15 17:00:00,32.1,0.0,64.0,270.0,6.7
2024-12-15 18:00:00,31.5,0.0,64.3,260.0,4.9
2024-12-15 19:00:00,30.0,0.0,73.2,230.0,2.5
2024-12-15 20:00:00,29.2,0.0,80.6,138.0,3.4
2024-12-15 21:00:00,29.4,0.0,75.2,64.0,2.9
2024-12-15 22:00:00,28.7,0.0,78.7,63.0,3.0
2024-12-15 23:00:00,28.6,0.0,79.1,44.0,2.2
2024-12-16 00:00:00,28.4,0.0,82.7,7.0,2.2
2024-12-16 01:00:00,28.3,0.0,82.6,53.0,3.3
2024-12-16 02:00:00,28.1,0.0,85.0,39.0,2.2
2024-12-16 03:00:00,28.1,0.0,85.3,10.0,2.4
2024-12-16 04:00:00,27.9,0.0,86.2,355.0,1.3
2024-12-16 05:00:00,27.8,0.0,85.7,10.0,4.3
2024-12-16 06:00:00,27.3,0.0,89.0,1.0,2.2
2024-12-16 07:00:00,27.3,0.0,88.3,22.0,2.2
2024-12-16 08:00:00,28.1,0.0,84.0,12.0,1.7
2024-12-16 09:00:00,29.2,0.0,78.4,38.0,2.3
2024-12-16 10:00:00,30.0,0.0,72.4,356.0,2.2
2024-12-16 11:00:00,30.9,0.0,66.1,352.0,3.9
2024-12-16 12:00:00,31.6,0.0,62.9,348.0,2.7
2024-12-16 13:00:00,32.8,0.0,58.9,311.0,3.0
2024-12-16 14:00:00,32.3,0.0,66.8,271.0,6.4
2024-12-16 15:00:00,31.3,0.0,64.9,299.0,3.2
2024-12-16 16:00:00,30.2,0.0,70.7,305.0,3.6
2024-12-16 17:00:00,28.7,0.0,74.5,12.0,3.6
2024-12-16 18:00:00,28.0,0.0,79.9,40.0,3.4
2024-12-16 19:00:00,28.1,0.0,77.0,10.0,2.2
2024-12-16 20:00:00,27.9,0.0,78.7,30.0,2.1
2024-12-16 21:00:00,27.7,0.0,81.8,42.0,4.3
2024-12-16 22:00:00,27.7,0.0,81.9,16.0,2.8
2024-12-16 23:00:00,27.4,0.0,83.9,5.0,2.2
2024-12-17 00:00:00,27.3,0.0,82.1,6.0,2.3
2024-12-17 01:00:00,27.0,0.0,84.1,338.0,0.7
2024-12-17 02:00:00,27.2,0.0,83.7,10.0,1.7
2024-12-17 03:00:00,27.1,0.0,83.6,12.0,1.8
2024-12-17 04:00:00,26.5,0.0,87.5,263.0,1.0
2024-12-17 05:00:00,26.9,0.0,85.9,9.0,2.9
2024-12-17 06:00:00,26.5,0.0,88.9,7.0,4.0
2024-12-17 07:00:00,26.5,0.0,89.4,2.0,1.3
2024-12-17 08:00:00,26.9,0.0,88.0,356.0,1.8
2024-12-17 09:00:00,28.5,0.0,80.3,25.0,1.5
2024-12-17 10:00:00,29.0,0.0,74.3,20.0,4.2
2024-12-17 11:00:00,29.3,0.0,74.1,359.0,4.6
2024-12-17 12:00:00,30.1,0.0,70.4,1.0,4.8
2024-12-17 13:00:00,31.9,0.0,64.2,1.0,4.2
2024-12-17 14:00:00,30.9,0.0,70.6,302.0,3.9
2024-12-17 15:00:00,29.1,0.0,80.1,278.0,5.5
2024-12-17 16:00:00,28.7,0.0,77.8,330.0,2.6
2024-12-17 17:00:00,27.3,0.0,91.9,279.0,1.9
2024-12-17 18:00:00,28.7,0.0,76.5,2.0,4.2
2024-12-17 19:00:00,28.6,0.0,75.6,11.0,3.5
2024-12-17 20:00:00,28.0,0.0,76.3,11.0,5.0
2024-12-17 21:00:00,26.9,0.0,80.8,4.0,6.1
2024-12-17 22:00:00,26.9,0.0,82.3,2.0,4.3
2024-12-17 23:00:00,26.7,0.0,83.7,7.0,6.6
2024-12-18 00:00:00,26.5,0.0,85.9,4.0,4.8
2024-12-18 01:00:00,26.6,0.0,85.6,14.0,2.7
2024-12-18 02:00:00,26.6,0.0,85.5,10.0,5.2
2024-12-18 03:00:00,26.6,0.0,86.5,321.0,2.6
2024-12-18 04:00:00,26.6,0.0,84.7,356.0,5.5
2024-12-18 05:00:00,26.2,0.0,87.1,357.0,5.9
2024-12-18 06:00:00,26.2,0.0,86.6,356.0,3.9
2024-12-18 07:00:00,26.2,0.0,86.0,350.0,3.7
2024-12-18 08:00:00,26.6,0.0,82.9,354.0,5.6
2024-12-18 09:00:00,26.8,0.0,82.0,7.0,5.2
2024-12-18 10:00:00,27.7,0.0,78.2,10.0,6.4
2024-12-18 11:00:00,26.4,0.2,87.5,5.0,6.0
2024-12-18 12:00:00,25.9,0.2,92.4,7.0,5.9
2024-12-18 13:00:00,26.9,0.0,87.0,4.0,2.9
2024-12-18 14:00:00,27.5,0.0,82.7,358.0,5.6
2024-12-18 15:00:00,27.6,0.0,81.9,4.0,4.3
2024-12-18 16:00:00,28.2,0.0,76.6,1.0,5.1
2024-12-18 17:00:00,27.1,0.0,81.1,17.0,5.2
2024-12-18 18:00:00,26.9,0.0,81.0,10.0,4.1
2024-12-18 19:00:00,26.7,0.0,83.8,27.0,3.2
2024-12-18 20:00:00,26.6,0.0,82.5,6.0,5.2
2024-12-18 21:00:00,26.5,0.0,79.1,10.0,5.7
2024-12-18 22:00:00,26.3,0.0,81.7,10.0,6.2
2024-12-18 23:00:00,26.2,0.0,83.6,7.0,4.0
2024-12-19 00:00:00,26.2,0.0,84.0,5.0,4.6
2024-12-19 01:00:00,26.3,0.0,83.7,358.0,4.3
2024-12-19 02:00:00,26.3,0.0,83.1,350.0,4.2
2024-12-19 03:00:00,26.1,0.0,84.0,5.0,5.3
2024-12-19 04:00:00,26.6,0.0,81.0,347.0,4.5
2024-12-19 05:00:00,26.9,0.0,79.5,308.0,2.4
2024-12-19 06:00:00,26.4,0.0,85.5,294.0,3.2
2024-12-19 07:00:00,26.7,0.0,83.0,305.0,2.8
2024-12-19 08:00:00,27.0,0.0,82.1,6.0,5.9
2024-12-19 09:00:00,27.3,0.0,78.3,3.0,5.2
2024-12-19 10:00:00,28.4,0.0,75.5,5.0,5.2
2024-12-19 11:00:00,28.2,0.0,74.8,1.0,6.5
2024-12-19 12:00:00,28.6,0.0,73.7,2.0,5.2
2024-12-19 13:00:00,28.7,0.0,71.1,4.0,7.6
2024-12-19 14:00:00,29.6,0.0,66.7,11.0,4.3
2024-12-19 15:00:00,29.0,0.0,70.9,8.0,6.5
2024-12-19 16:00:00,29.1,0.0,65.4,7.0,6.4
2024-12-19 17:00:00,29.4,0.0,64.6,8.0,5.5
2024-12-19 18:00:00,29.0,0.0,68.6,2.0,4.9
2024-12-19 19:00:00,28.6,0.0,70.7,3.0,3.9
2024-12-19 20:00:00,28.3,0.0,72.2,10.0,5.9
2024-12-19 21:00:00,27.8,0.0,75.8,359.0,5.0
2024-12-19 22:00:00,27.9,0.0,76.5,4.0,3.4
2024-12-19 23:00:00,27.5,0.0,79.1,358.0,4.6
2024-12-20 00:00:00,27.3,0.0,78.8,1.0,4.4
2024-12-20 01:00:00,27.5,0.0,77.9,3.0,5.6
2024-12-20 02:00:00,27.4,0.0,78.4,3.0,4.1
2024-12-20 03:00:00,26.9,0.0,80.9,7.0,4.5
2024-12-20 04:00:00,26.3,0.0,80.9,7.0,5.9
2024-12-20 05:00:00,26.1,0.0,82.3,4.0,2.9
2024-12-20 06:00:00,26.1,0.0,82.3,22.0,3.3
2024-12-20 07:00:00,26.1,0.0,83.7,14.0,2.9
2024-12-20 08:00:00,26.4,0.0,83.5,17.0,2.3
2024-12-20 09:00:00,26.7,0.0,81.8,23.0,4.1
2024-12-20 10:00:00,27.4,0.0,79.4,1.0,4.9
2024-12-20 11:00:00,28.3,0.0,71.0,17.0,4.5
2024-12-20 12:00:00,29.1,0.0,66.4,2.0,3.2
2024-12-20 13:00:00,28.9,0.0,68.8,,4.3
2024-12-20 14:00:00,29.0,0.0,68.9,356.0,5.8
2024-12-20 15:00:00,30.4,0.0,62.8,45.0,2.7
2024-12-20 16:00:00,29.6,0.0,67.3,5.0,7.1
2024-12-20 17:00:00,30.2,0.0,65.1,33.0,1.9
2024-12-20 18:00:00,25.6,1.2,93.8,355.0,6.3
2024-12-20 19:00:00,25.6,0.0,97.4,106.0,4.0
2024-12-20 20:00:00,26.8,0.0,88.6,6.0,1.5
2024-12-20 21:00:00,27.0,0.0,83.4,13.0,2.6
2024-12-20 22:00:00,26.9,0.0,84.2,33.0,2.6
2024-12-20 23:00:00,26.8,0.0,84.0,13.0,1.6
2024-12-21 00:00:00,26.5,0.0,82.4,21.0,1.9
2024-12-21 01:00:00,26.6,0.0,83.2,25.0,1.6
2024-12-21 02:00:00,26.6,0.0,83.0,27.0,1.7
2024-12-21 03:00:00,26.7,0.0,83.4,12.0,2.2
2024-12-21 04:00:00,26.6,0.0,84.5,34.0,2.0
2024-12-21 05:00:00,26.4,0.0,86.5,10.0,1.7
2024-12-21 06:00:00,26.3,0.0,85.7,23.0,1.3
2024-12-21 07:00:00,25.9,0.0,88.3,37.0,0.7
2024-12-21 08:00:00,26.4,0.0,86.1,14.0,1.5
2024-12-21 09:00:00,28.1,0.0,78.4,14.0,2.1
2024-12-21 10:00:00,29.2,0.0,72.6,13.0,2.9
2024-12-21 11:00:00,30.4,0.0,65.8,15.0,4.7
2024-12-21 12:00:00,30.2,0.0,65.4,7.0,5.3
2024-12-21 13:00:00,31.9,0.0,59.4,7.0,4.1
2024-12-21 14:00:00,32.7,0.0,53.9,8.0,1.7
2024-12-21 15:00:00,25.3,0.0,97.0,106.0,6.3
2024-12-21 16:00:00,25.3,0.4,98.4,33.0,2.9
2024-12-21 17:00:00,25.9,0.0,96.9,355.0,1.1
2024-12-21 18:00:00,27.4,0.0,87.8,14.0,2.6
2024-12-21 19:00:00,27.1,0.0,85.3,25.0,2.7
2024-12-21 20:00:00,27.1,0.0,81.9,24.0,2.4
2024-12-21 21:00:00,26.8,0.0,80.9,34.0,2.8
2024-12-21 22:00:00,26.8,0.0,81.2,28.0,2.0
2024-12-21 23:00:00,26.9,0.0,79.6,40.0,3.3
2024-12-22 00:00:00,26.9,0.0,80.2,35.0,2.8
2024-12-22 01:00:00,26.8,0.0,81.4,29.0,2.5
2024-12-22 02:00:00,26.7,0.0,82.7,43.0,2.7
2024-12-22 03:00:00,26.7,0.0,82.7,45.0,1.7
2024-12-22 04:00:00,26.7,0.0,82.5,31.0,2.0
2024-12-22 05:00:00,26.5,0.0,84.0,28.0,1.9
2024-12-22 06:00:00,26.5,0.0,84.1,20.0,1.2
2024-12-22 07:00:00,26.5,0.0,84.0,13.0,1.4
2024-12-22 08:00:00,26.7,0.0,82.5,36.0,2.8
2024-12-22 09:00:00,27.0,0.0,81.7,44.0,3.0
2024-12-22 10:00:00,28.1,0.0,72.9,48.0,4.1
2024-12-22 11:00:00,30.0,0.0,59.9,49.0,4.2
2024-12-22 12:00:00,31.1,0.0,54.6,19.0,3.3
2024-12-22 13:00:00,31.8,0.0,52.3,15.0,4.1
2024-12-22 14:00:00,32.0,0.0,53.3,4.0,3.2
2024-12-22 15:00:00,32.1,0.0,57.1,1.0,1.3
2024-12-22 16:00:00,30.0,0.0,67.1,180.0,4.2
2024-12-22 17:00:00,25.2,0.0,95.8,145.0,4.0
2024-12-22 18:00:00,26.6,0.0,90.8,76.0,2.6
2024-12-22 19:00:00,28.0,0.0,76.4,43.0,4.6
2024-12-22 20:00:00,27.7,0.0,73.2,55.0,5.6
2024-12-22 21:00:00,27.4,0.0,73.9,38.0,4.1
2024-12-22 22:00:00,27.3,0.0,75.6,52.0,3.1
2024-12-22 23:00:00,27.1,0.0,76.2,54.0,4.5
2024-12-23 00:00:00,26.9,0.0,77.9,55.0,5.1
2024-12-23 01:00:00,26.9,0.0,78.0,48.0,5.1
2024-12-23 02:00:00,26.8,0.0,79.4,51.0,3.9
2024-12-23 03:00:00,26.7,0.0,79.5,50.0,4.7
2024-12-23 04:00:00,26.5,0.0,80.4,44.0,4.0
2024-12-23 05:00:00,26.4,0.0,82.6,61.0,3.5
2024-12-23 06:00:00,26.6,0.0,79.3,34.0,3.2
2024-12-23 07:00:00,26.5,0.0,81.0,35.0,4.2
2024-12-23 08:00:00,26.6,0.0,81.4,48.0,3.1
2024-12-23 09:00:00,27.2,0.0,79.0,54.0,4.6
2024-12-23 10:00:00,28.3,0.0,75.6,31.0,3.5
2024-12-23 11:00:00,30.4,0.0,67.3,50.0,3.8
2024-12-23 12:00:00,31.0,0.0,62.3,36.0,2.7
2024-12-23 13:00:00,31.1,0.0,65.1,326.0,1.8
2024-12-23 14:00:00,28.0,0.0,79.2,131.0,6.0
2024-12-23 15:00:00,28.2,0.0,83.0,114.0,5.8
2024-12-23 16:00:00,26.4,0.2,94.3,122.0,5.4
2024-12-23 17:00:00,27.8,0.0,88.8,98.0,5.3
2024-12-23 18:00:00,25.9,0.0,89.7,12.0,2.5
2024-12-23 19:00:00,25.0,3.0,96.4,6.0,5.1
2024-12-23 20:00:00,24.6,0.4,98.5,61.0,1.7
2024-12-23 21:00:00,24.3,0.2,98.6,357.0,5.3
2024-12-23 22:00:00,24.4,0.6,98.0,338.0,1.4
2024-12-23 23:00:00,24.4,0.2,97.3,45.0,1.3
2024-12-24 00:00:00,24.7,0.0,97.1,217.0,0.7
2024-12-24 01:00:00,24.7,0.0,97.2,5.0,0.5
2024-12-24 02:00:00,24.5,0.0,97.0,62.0,2.8
2024-12-24 03:00:00,24.7,0.2,95.3,32.0,2.5
2024-12-24 04:00:00,24.8,0.0,94.5,70.0,1.6
2024-12-24 05:00:00,25.1,0.0,91.6,49.0,2.3
2024-12-24 06:00:00,25.3,0.0,91.1,53.0,2.4
2024-12-24 07:00:00,25.2,0.0,91.1,62.0,3.2
2024-12-24 08:00:00,25.6,0.0,90.0,28.0,2.4
2024-12-24 09:00:00,26.2,0.0,87.9,51.0,3.1
2024-12-24 10:00:00,27.2,0.0,82.9,42.0,4.2
2024-12-24 11:00:00,28.8,0.0,75.4,25.0,3.0
2024-12-24 12:00:00,29.2,0.0,71.7,7.0,3.1
2024-12-24 13:00:00,30.1,0.0,65.6,5.0,3.5
2024-12-24 14:00:00,31.4,0.0,58.9,331.0,2.4
2024-12-24 15:00:00,30.5,0.0,66.5,8.0,4.1
2024-12-24 16:00:00,28.8,0.0,76.3,142.0,5.1
2024-12-24 17:00:00,28.8,0.0,75.7,90.0,5.7
2024-12-24 18:00:00,28.2,0.0,80.4,55.0,4.0
2024-12-24 19:00:00,27.8,0.0,79.7,63.0,3.3
2024-12-24 20:00:00,27.7,0.0,76.3,84.0,5.6
2024-12-24 21:00:00,27.5,0.0,75.4,33.0,3.6
2024-12-24 22:00:00,27.0,0.0,80.3,38.0,3.3
2024-12-24 23:00:00,26.8,0.0,81.1,21.0,2.3
2024-12-25 00:00:00,26.6,0.0,79.3,50.0,2.9
2024-12-25 01:00:00,26.7,0.0,75.9,47.0,3.1
2024-12-25 02:00:00,26.2,0.0,79.5,18.0,2.1
2024-12-25 03:00:00,26.0,0.0,81.4,358.0,1.4
2024-12-25 04:00:00,26.2,0.0,77.5,28.0,1.8
2024-12-25 05:00:00,26.1,0.0,76.7,31.0,2.8
2024-12-25 06:00:00,26.3,0.0,74.4,17.0,1.7
2024-12-25 07:00:00,26.4,0.0,74.8,61.0,3.6
2024-12-25 08:00:00,26.6,0.0,73.6,39.0,2.8
2024-12-25 09:00:00,27.7,0.0,70.9,31.0,2.9
2024-12-25 10:00:00,29.1,0.0,65.0,10.0,3.1
2024-12-25 11:00:00,30.1,0.0,55.2,48.0,4.3
2024-12-25 12:00:00,29.9,0.0,61.0,1.0,4.4
2024-12-25 13:00:00,30.1,0.0,62.7,343.0,4.3
2024-12-25 14:00:00,31.5,0.0,53.5,66.0,2.2
2024-12-25 15:00:00,29.3,0.0,69.8,216.0,3.0
2024-12-25 16:00:00,25.4,0.2,92.6,85.0,3.6
2024-12-25 17:00:00,26.0,0.0,88.6,126.0,3.2
2024-12-25 18:00:00,27.7,0.0,75.7,12.0,2.1
2024-12-25 19:00:00,27.4,0.0,74.1,8.0,5.9
2024-12-25 20:00:00,26.8,0.0,74.5,8.0,3.7
2024-12-25 21:00:00,26.8,0.0,73.1,39.0,2.6
2024-12-25 22:00:00,26.9,0.0,70.9,3.0,2.5
2024-12-25 23:00:00,26.7,0.0,73.3,4.0,2.4
2024-12-26 00:00:00,26.2,0.0,77.6,6.0,5.2
2024-12-26 01:00:00,26.0,0.0,76.6,9.0,5.7
2024-12-26 02:00:00,26.2,0.0,72.6,8.0,5.3
2024-12-26 03:00:00,26.3,0.0,71.0,2.0,3.5
2024-12-26 04:00:00,26.3,0.0,72.8,61.0,1.1
2024-12-26 05:00:00,25.9,0.0,76.8,35.0,1.3
2024-12-26 06:00:00,26.4,0.0,76.2,7.0,4.5
2024-12-26 07:00:00,26.3,0.0,78.9,7.0,3.7
2024-12-26 08:00:00,25.5,0.0,87.2,173.0,1.5
2024-12-26 09:00:00,27.1,0.0,78.8,56.0,4.0
2024-12-26 10:00:00,28.6,0.0,66.2,9.0,2.3
2024-12-26 11:00:00,29.6,0.0,62.9,10.0,3.9
2024-12-26 12:00:00,29.8,0.0,63.3,20.0,1.9
2024-12-26 13:00:00,30.9,0.0,61.9,14.0,2.6
2024-12-26 14:00:00,31.9,0.0,57.0,46.0,2.0
2024-12-26 15:00:00,28.6,0.0,74.6,240.0,7.1
2024-12-26 16:00:00,28.0,0.0,80.5,279.0,4.0
2024-12-26 17:00:00,27.4,0.0,82.4,128.0,4.2
2024-12-26 18:00:00,28.3,0.0,76.2,87.0,2.3
2024-12-26 19:00:00,28.7,0.0,76.8,84.0,0.6
2024-12-26 20:00:00,27.7,0.0,83.6,197.0,1.8
2024-12-26 21:00:00,28.0,0.0,77.5,22.0,1.5
2024-12-26 22:00:00,27.8,0.0,74.4,64.0,3.0
2024-12-26 23:00:00,27.6,0.0,75.4,45.0,2.3
2024-12-27 00:00:00,27.3,0.0,79.7,31.0,1.5
2024-12-27 01:00:00,27.1,0.0,82.1,49.0,2.2
2024-12-27 02:00:00,26.8,0.0,85.0,83.0,2.4
2024-12-27 03:00:00,27.0,0.0,84.5,35.0,1.7
2024-12-27 04:00:00,26.9,0.0,86.0,48.0,1.5
2024-12-27 05:00:00,26.8,0.0,85.0,17.0,2.2
2024-12-27 06:00:00,26.7,0.0,87.1,3.0,1.1
2024-12-27 07:00:00,26.6,0.0,87.1,76.0,2.2
2024-12-27 08:00:00,26.8,0.0,85.2,49.0,1.5
2024-12-27 09:00:00,27.6,0.0,82.1,37.0,1.3
2024-12-27 10:00:00,28.6,0.0,71.9,45.0,2.6
2024-12-27 11:00:00,29.9,0.0,66.1,17.0,2.6
2024-12-27 12:00:00,30.7,0.0,60.2,50.0,4.0
2024-12-27 13:00:00,32.5,0.0,50.5,29.0,2.6
2024-12-27 14:00:00,30.9,0.0,62.3,198.0,3.9
2024-12-27 15:00:00,29.6,0.0,72.4,172.0,5.1
2024-12-27 16:00:00,30.2,0.0,70.9,146.0,4.2
2024-12-27 17:00:00,30.2,0.0,66.3,49.0,4.8
2024-12-27 18:00:00,30.2,0.0,67.5,59.0,2.9
2024-12-27 19:00:00,29.8,0.0,65.8,34.0,3.6
2024-12-27 20:00:00,29.1,0.0,69.8,26.0,3.0
2024-12-27 21:00:00,28.6,0.0,67.6,34.0,3.1
2024-12-27 22:00:00,28.0,0.0,69.7,35.0,3.3
2024-12-27 23:00:00,27.7,0.0,73.9,32.0,2.8
2024-12-28 00:00:00,27.5,0.0,73.9,38.0,2.7
2024-12-28 01:00:00,27.1,0.0,79.0,33.0,2.7
2024-12-28 02:00:00,27.0,0.0,79.9,41.0,2.3
2024-12-28 03:00:00,26.8,0.0,80.7,33.0,2.8
2024-12-28 04:00:00,26.6,0.0,83.7,36.0,2.9
2024-12-28 05:00:00,26.5,0.0,82.4,8.0,1.5
2024-12-28 06:00:00,26.2,0.0,82.8,20.0,1.3
2024-12-28 07:00:00,26.5,0.0,82.2,17.0,1.5
2024-12-28 08:00:00,26.8,0.0,82.1,39.0,2.2
2024-12-28 09:00:00,27.8,0.0,76.6,71.0,2.3
2024-12-28 10:00:00,28.7,0.0,73.4,55.0,3.6
2024-12-28 11:00:00,30.4,0.0,64.4,50.0,4.8
2024-12-28 12:00:00,31.9,0.0,57.8,68.0,4.9
2024-12-28 13:00:00,32.3,0.0,56.7,48.0,4.6
2024-12-28 14:00:00,32.4,0.0,58.4,65.0,2.9
2024-12-28 15:00:00,32.1,0.0,56.5,72.0,3.8
2024-12-28 16:00:00,29.9,0.0,72.4,184.0,4.9
2024-12-28 17:00:00,25.2,6.8,97.8,120.0,8.39999
2024-12-28 18:00:00,24.9,0.2,98.7,90.0,4.5
2024-12-28 19:00:00,25.3,3.2,98.5,356.0,7.1
2024-12-28 20:00:00,25.8,0.0,93.6,10.0,4.3
2024-12-28 21:00:00,26.8,0.0,85.9,58.0,5.0
2024-12-28 22:00:00,27.3,0.0,83.2,38.0,3.3
2024-12-28 23:00:00,27.3,0.0,85.3,30.0,2.6
2024-12-29 00:00:00,27.3,0.0,82.5,29.0,2.8
2024-12-29 01:00:00,26.9,0.0,86.0,17.0,1.9
2024-12-29 02:00:00,26.9,0.0,86.8,34.0,1.4
2024-12-29 03:00:00,26.9,0.0,86.6,14.0,2.3
2024-12-29 04:00:00,26.9,0.0,87.3,46.0,2.7
2024-12-29 05:00:00,26.7,0.0,88.3,14.0,1.4
2024-12-29 06:00:00,26.6,0.0,88.3,28.0,1.6
2024-12-29 07:00:00,26.6,0.0,88.0,16.0,2.5
2024-12-29 08:00:00,26.3,0.0,89.8,11.0,2.9
2024-12-29 09:00:00,27.4,0.0,83.4,37.0,3.5
2024-12-29 10:00:00,29.2,0.0,73.5,50.0,4.4
2024-12-29 11:00:00,30.7,0.0,66.4,40.0,3.7
2024-12-29 12:00:00,31.1,0.0,62.7,6.0,4.4
2024-12-29 13:00:00,31.8,0.0,61.3,321.0,3.0
2024-12-29 14:00:00,29.2,0.0,78.3,261.0,6.4
2024-12-29 15:00:00,29.0,0.0,80.5,184.0,2.2
2024-12-29 16:00:00,26.3,0.4,93.5,2.0,2.4
2024-12-29 17:00:00,25.4,0.0,93.5,73.0,4.1
2024-12-29 18:00:00,25.8,0.0,89.0,55.0,2.7
2024-12-29 19:00:00,26.5,0.0,86.4,8.0,4.2
2024-12-29 20:00:00,26.2,0.0,88.8,102.0,1.6
2024-12-29 21:00:00,26.7,0.0,88.2,8.0,1.9
2024-12-29 22:00:00,26.8,0.0,88.5,26.0,2.0
2024-12-29 23:00:00,26.9,0.0,89.0,9.0,1.6
2024-12-30 00:00:00,27.0,0.0,88.0,5.0,2.9
2024-12-30 01:00:00,26.2,0.0,91.2,7.0,3.3
2024-12-30 02:00:00,25.9,0.0,89.4,7.0,4.1
2024-12-30 03:00:00,25.6,0.0,90.6,6.0,4.6
2024-12-30 04:00:00,24.1,0.2,95.2,18.0,4.0
2024-12-30 05:00:00,24.3,0.0,94.2,48.0,2.9
2024-12-30 06:00:00,24.8,0.0,91.6,30.0,1.2
2024-12-30 07:00:00,25.0,0.0,91.2,347.0,5.1
2024-12-30 08:00:00,25.3,0.0,91.1,350.0,3.8
2024-12-30 09:00:00,25.7,0.0,90.7,359.0,2.5
2024-12-30 10:00:00,26.7,0.0,83.7,11.0,1.7
2024-12-30 11:00:00,26.9,0.0,84.5,9.0,4.2
2024-12-30 12:00:00,28.0,0.0,80.7,24.0,2.4
2024-12-30 13:00:00,28.7,0.0,74.9,73.0,3.8
2024-12-30 14:00:00,29.4,0.0,71.5,16.0,2.8
2024-12-30 15:00:00,30.0,0.0,67.9,355.0,4.1
2024-12-30 16:00:00,29.5,0.0,74.3,228.0,3.6
2024-12-30 17:00:00,28.7,0.0,79.2,236.0,7.5
2024-12-30 18:00:00,29.3,0.0,74.8,329.0,1.5
2024-12-30 19:00:00,28.1,0.0,77.4,12.0,2.6
2024-12-30 20:00:00,27.0,0.0,82.1,7.0,4.9
2024-12-30 21:00:00,26.7,0.0,83.1,7.0,5.9
2024-12-30 22:00:00,26.7,0.0,83.1,16.0,2.5
2024-12-30 23:00:00,26.8,0.0,81.6,10.0,2.0
2024-12-31 00:00:00,26.8,0.0,80.3,19.0,3.0
2024-12-31 01:00:00,26.6,0.0,81.8,38.0,2.7
2024-12-31 02:00:00,26.5,0.0,83.0,27.0,2.8
2024-12-31 03:00:00,26.1,0.0,85.6,3.0,2.1
2024-12-31 04:00:00,26.0,0.0,85.7,43.0,0.8
2024-12-31 05:00:00,26.0,0.0,86.3,8.0,3.7
2024-12-31 06:00:00,26.0,0.0,86.8,3.0,2.9
2024-12-31 07:00:00,25.8,0.0,88.1,4.0,2.7
2024-12-31 08:00:00,26.0,0.0,87.3,2.0,2.1
2024-12-31 09:00:00,27.5,0.0,79.8,22.0,2.6
2024-12-31 10:00:00,28.8,0.0,72.6,16.0,4.7
2024-12-31 11:00:00,30.1,0.0,67.5,41.0,3.6
2024-12-31 12:00:00,30.5,0.0,63.9,1.0,6.8
2024-12-31 13:00:00,32.4,0.0,57.9,22.0,4.3
2024-12-31 14:00:00,31.5,0.0,58.8,358.0,5.3
2024-12-31 15:00:00,28.7,0.0,77.9,302.0,4.0
2024-12-31 16:00:00,26.2,0.0,89.6,62.0,4.0
2024-12-31 17:00:00,26.2,0.0,90.0,356.0,1.3
2024-12-31 18:00:00,25.8,0.0,89.2,51.0,2.0
2024-12-31 19:00:00,26.3,0.0,89.3,57.0,2.6
2024-12-31 20:00:00,26.5,0.0,89.3,43.0,2.0
2024-12-31 21:00:00,26.7,0.0,88.0,27.0,1.3
2024-12-31 22:00:00,26.9,0.0,86.9,61.0,2.9
2024-12-31 23:00:00,26.7,0.0,86.5,47.0,1.6
