timestamp,temperature,rainfall,humidity,wind_direction,wind_speed
2024-01-01 00:00:00,25.7,0.0,91.6,,
2024-01-01 01:00:00,25.7,0.0,91.8,,
2024-01-01 02:00:00,25.7,0.0,92.3,,
2024-01-01 03:00:00,25.8,0.0,92.7,,
2024-01-01 04:00:00,25.7,0.0,93.3,,
2024-01-01 05:00:00,25.6,0.0,93.4,,
2024-01-01 06:00:00,25.9,0.0,92.8,68.0,3.8
2024-01-01 07:00:00,25.7,0.0,90.1,,
2024-01-01 08:00:00,26.1,0.0,88.3,,
2024-01-01 09:00:00,26.9,0.0,85.6,66.0,3.0
2024-01-01 10:00:00,26.6,0.2,89.6,,
2024-01-01 11:00:00,27.8,0.0,84.1,324.0,2.5
2024-01-01 12:00:00,28.6,0.0,80.2,334.0,2.7
2024-01-01 13:00:00,25.1,0.6,93.1,112.0,3.3
2024-01-01 14:00:00,24.6,1.2,94.1,161.0,12.1
2024-01-01 15:00:00,24.5,0.6,95.8,,
2024-01-01 16:00:00,24.6,0.2,96.1,,
2024-01-01 17:00:00,24.7,0.2,96.1,,
2024-01-01 18:00:00,24.8,0.4,94.9,,
2024-01-01 19:00:00,24.7,0.2,94.9,,
2024-01-01 20:00:00,25.0,0.0,94.4,,
2024-01-01 21:00:00,24.9,0.2,93.2,,
2024-01-01 22:00:00,25.2,0.0,93.2,,
2024-01-01 23:00:00,25.3,0.0,93.5,,
2024-01-02 00:00:00,25.2,0.0,91.4,,
2024-01-02 01:00:00,25.0,0.0,93.2,,
2024-01-02 02:00:00,24.9,0.0,91.9,,
2024-01-02 03:00:00,24.8,0.0,92.3,,
2024-01-02 04:00:00,25.0,0.0,93.4,,
2024-01-02 05:00:00,25.0,0.0,93.7,,
2024-01-02 06:00:00,24.9,0.0,93.7,,
2024-01-02 07:00:00,24.7,0.0,94.2,,
2024-01-02 08:00:00,25.6,0.0,92.7,,
2024-01-02 09:00:00,27.1,0.0,84.1,353.0,3.6
2024-01-02 10:00:00,28.3,0.0,79.7,355.0,3.0
2024-01-02 11:00:00,28.7,0.0,74.0,31.0,4.7
2024-01-02 12:00:00,29.7,0.0,70.9,29.0,5.8
2024-01-02 13:00:00,30.7,0.0,68.2,41.0,6.9
2024-01-02 14:00:00,29.7,0.0,71.6,46.0,11.5
2024-01-02 15:00:00,30.2,0.0,70.6,29.0,6.6
2024-01-02 16:00:00,29.3,0.0,75.1,38.0,9.60001
2024-01-02 17:00:00,29.3,0.0,75.1,38.0,8.5
2024-01-02 18:00:00,29.1,0.0,71.8,36.0,8.7
2024-01-02 19:00:00,28.3,0.0,72.2,38.0,9.2
2024-01-02 20:00:00,27.5,0.0,76.9,77.0,2.2
2024-01-02 21:00:00,27.1,0.0,79.3,100.0,2.5
2024-01-02 22:00:00,26.8,0.0,82.6,84.0,3.2
2024-01-02 23:00:00,26.6,0.0,84.8,92.0,3.1
2024-01-03 00:00:00,26.7,0.0,86.5,69.0,4.0
2024-01-03 01:00:00,26.5,0.0,85.2,,
2024-01-03 02:00:00,26.1,0.0,88.4,81.0,3.5
2024-01-03 03:00:00,25.9,0.0,86.7,83.0,3.3
2024-01-03 04:00:00,25.8,0.0,88.0,112.0,3.5
2024-01-03 05:00:00,25.8,0.0,88.9,102.0,3.5
2024-01-03 06:00:00,25.5,0.0,88.6,71.0,4.2
2024-01-03 07:00:00,25.4,0.0,88.6,69.0,3.8
2024-01-03 08:00:00,26.1,0.0,88.0,88.0,3.7
2024-01-03 09:00:00,26.8,0.0,87.0,92.0,2.9
2024-01-03 10:00:00,27.5,0.0,84.6,64.0,2.3
2024-01-03 11:00:00,28.4,0.0,80.2,352.0,3.4
2024-01-03 12:00:00,28.8,0.0,78.9,356.0,3.3
2024-01-03 13:00:00,29.9,0.0,72.3,5.0,4.2
2024-01-03 14:00:00,30.3,0.0,68.6,345.0,3.0
2024-01-03 15:00:00,30.8,0.0,65.7,6.0,5.0
2024-01-03 16:00:00,25.4,1.0,89.8,10.0,6.4
2024-01-03 17:00:00,26.6,0.0,87.0,100.0,2.2
2024-01-03 18:00:00,26.9,0.0,83.3,115.0,2.0
2024-01-03 19:00:00,27.3,0.0,84.3,68.0,2.4
2024-01-03 20:00:00,27.3,0.0,83.2,84.0,2.5
2024-01-03 21:00:00,27.1,0.0,84.4,76.0,2.8
2024-01-03 22:00:00,26.8,0.0,86.2,103.0,2.7
2024-01-03 23:00:00,26.8,0.0,85.6,82.0,3.1
2024-01-04 00:00:00,26.7,0.0,85.5,90.0,2.9
2024-01-04 01:00:00,26.1,0.0,90.6,78.0,3.1
2024-01-04 02:00:00,25.6,0.0,90.3,38.0,3.6
2024-01-04 03:00:00,24.9,0.2,92.7,340.0,4.5
2024-01-04 04:00:00,24.8,0.4,94.5,2.0,4.9
2024-01-04 05:00:00,24.7,0.6,94.5,356.0,5.3
2024-01-04 06:00:00,24.3,0.8,94.7,344.0,6.1
2024-01-04 07:00:00,23.4,0.6,95.1,,
2024-01-04 08:00:00,23.9,0.4,95.3,,
2024-01-04 09:00:00,23.9,0.2,94.5,,
2024-01-04 10:00:00,24.0,0.0,95.5,,
2024-01-04 11:00:00,23.7,0.8,95.9,,
2024-01-04 12:00:00,24.6,0.0,95.9,,
2024-01-04 13:00:00,25.8,0.0,88.3,311.0,6.4
2024-01-04 14:00:00,25.5,0.2,88.9,321.0,5.0
2024-01-04 15:00:00,25.2,0.0,91.4,,
2024-01-04 16:00:00,25.8,0.0,88.9,,
2024-01-04 17:00:00,25.4,0.2,91.7,,
2024-01-04 18:00:00,24.1,0.0,93.4,,
2024-01-04 19:00:00,24.5,0.0,90.8,,
2024-01-04 20:00:00,24.6,0.2,92.9,,
2024-01-04 21:00:00,24.9,0.0,92.6,,
2024-01-04 22:00:00,24.9,0.0,92.8,,
2024-01-04 23:00:00,24.7,0.0,93.2,,
2024-01-05 00:00:00,24.7,0.0,93.1,,
2024-01-05 01:00:00,24.6,0.0,92.7,,
2024-01-05 02:00:00,24.4,0.0,93.4,,
2024-01-05 03:00:00,24.7,0.0,92.0,,
2024-01-05 04:00:00,24.8,0.0,91.9,,
2024-01-05 05:00:00,24.7,0.0,91.6,,
2024-01-05 06:00:00,24.6,0.0,91.8,,
2024-01-05 07:00:00,24.9,0.0,92.1,,
2024-01-05 08:00:00,25.6,0.0,91.0,,
2024-01-05 09:00:00,27.0,0.0,84.3,30.0,4.3
2024-01-05 10:00:00,27.2,0.0,83.4,7.0,2.3
2024-01-05 11:00:00,27.9,0.0,84.0,30.0,3.9
2024-01-05 12:00:00,28.4,0.0,77.9,16.0,4.9
2024-01-05 13:00:00,26.8,0.0,89.9,,
2024-01-05 14:00:00,28.4,0.0,86.6,44.0,2.7
2024-01-05 15:00:00,28.6,0.0,80.0,,
2024-01-05 16:00:00,29.4,0.0,73.2,47.0,11.6
2024-01-05 17:00:00,28.9,0.0,75.7,45.0,9.60001
2024-01-05 18:00:00,27.1,0.2,87.5,43.0,10.7
2024-01-05 19:00:00,27.4,0.0,84.1,41.0,9.7
2024-01-05 20:00:00,27.1,0.0,85.4,,
2024-01-05 21:00:00,26.7,0.0,87.1,,
2024-01-05 22:00:00,26.6,0.0,87.8,,
2024-01-05 23:00:00,26.5,0.0,88.8,,
2024-01-06 00:00:00,26.2,0.0,90.8,,
2024-01-06 01:00:00,25.9,0.0,91.7,,
2024-01-06 02:00:00,26.0,0.0,92.0,47.0,3.3
2024-01-06 03:00:00,25.7,0.0,93.2,49.0,2.7
2024-01-06 04:00:00,25.5,0.0,92.4,,
2024-01-06 05:00:00,25.7,0.0,88.9,,
2024-01-06 06:00:00,25.4,0.0,90.1,,
2024-01-06 07:00:00,25.5,0.0,89.7,,
2024-01-06 08:00:00,25.9,0.0,88.6,,
2024-01-06 09:00:00,27.5,0.0,82.1,27.0,3.4
2024-01-06 10:00:00,28.9,0.0,77.7,35.0,5.1
2024-01-06 11:00:00,29.4,0.0,73.2,47.0,5.0
2024-01-06 12:00:00,29.0,0.0,76.1,16.0,5.5
2024-01-06 13:00:00,29.4,0.0,73.1,43.0,7.0
2024-01-06 14:00:00,30.2,0.0,68.3,37.0,7.6
2024-01-06 15:00:00,30.5,0.0,66.0,37.0,8.2
2024-01-06 16:00:00,30.2,0.0,65.6,37.0,6.7
2024-01-06 17:00:00,29.7,0.0,71.1,71.0,10.2
2024-01-06 18:00:00,29.1,0.0,73.7,39.0,7.3
2024-01-06 19:00:00,28.0,0.0,78.3,42.0,4.2
2024-01-06 20:00:00,27.5,0.0,82.2,66.0,2.3
2024-01-06 21:00:00,27.3,0.0,83.7,70.0,2.6
2024-01-06 22:00:00,26.9,0.0,85.8,88.0,2.2
2024-01-06 23:00:00,27.0,0.0,85.8,118.0,2.2
2024-01-07 00:00:00,26.9,0.0,86.2,78.0,2.4
2024-01-07 01:00:00,26.8,0.0,85.5,141.0,2.4
2024-01-07 02:00:00,26.4,0.0,88.9,95.0,2.8
2024-01-07 03:00:00,25.3,0.4,92.0,11.0,4.5
2024-01-07 04:00:00,24.7,1.8,93.9,96.0,8.89999
2024-01-07 05:00:00,24.7,0.0,95.5,326.0,4.3
2024-01-07 06:00:00,24.8,0.0,95.4,79.0,3.0
2024-01-07 07:00:00,25.2,0.0,94.5,271.0,3.9
2024-01-07 09:00:00,24.6,0.6,95.2,288.0,6.3
2024-01-07 10:00:00,24.3,0.4,95.1,287.0,8.39999
2024-01-07 11:00:00,24.1,0.4,93.4,,
2024-01-07 12:00:00,24.2,0.2,94.4,349.0,4.3
2024-01-07 13:00:00,24.9,0.0,92.5,,
2024-01-07 14:00:00,24.7,0.4,93.2,,
2024-01-07 15:00:00,24.7,0.0,93.7,,
2024-01-07 16:00:00,24.1,0.0,93.4,353.0,4.2
2024-01-07 17:00:00,23.9,0.4,94.0,,
2024-01-07 18:00:00,23.9,0.0,94.8,,
2024-01-07 19:00:00,23.8,0.0,94.2,,
2024-01-07 20:00:00,23.5,0.0,93.4,7.0,3.4
2024-01-07 21:00:00,23.4,0.0,93.6,334.0,2.3
2024-01-07 22:00:00,23.4,0.0,93.7,6.0,2.9
2024-01-07 23:00:00,23.3,0.0,93.5,335.0,3.2
2024-01-08 00:00:00,23.4,0.0,92.2,347.0,2.6
2024-01-08 01:00:00,23.8,0.0,90.5,321.0,3.2
2024-01-08 02:00:00,24.0,0.0,88.2,296.0,3.0
2024-01-08 03:00:00,24.1,0.0,87.2,323.0,3.1
2024-01-08 04:00:00,23.8,0.0,89.5,339.0,2.5
2024-01-08 05:00:00,23.5,0.0,91.3,1.0,2.8
2024-01-08 06:00:00,23.9,0.0,88.6,357.0,2.5
2024-01-08 07:00:00,23.4,0.0,91.7,306.0,2.2
2024-01-08 08:00:00,24.4,0.0,91.3,,
2024-01-08 09:00:00,25.8,0.0,84.5,,
2024-01-08 10:00:00,27.0,0.0,82.9,24.0,3.0
2024-01-08 11:00:00,28.6,0.0,78.9,44.0,5.7
2024-01-08 12:00:00,29.2,0.0,75.5,43.0,5.1
2024-01-08 13:00:00,30.7,0.0,67.7,64.0,7.2
2024-01-08 14:00:00,30.4,0.0,67.1,75.0,9.3
2024-01-08 15:00:00,30.8,0.0,67.0,97.0,8.39999
2024-01-08 16:00:00,30.0,0.0,69.4,69.0,8.3
2024-01-08 17:00:00,29.3,0.0,74.5,45.0,7.1
2024-01-08 18:00:00,28.8,0.0,73.1,44.0,7.7
2024-01-08 19:00:00,28.2,0.0,80.0,,
2024-01-08 20:00:00,27.2,0.0,83.9,,
2024-01-08 21:00:00,26.7,0.0,84.2,,
2024-01-08 22:00:00,26.3,0.0,85.5,,
2024-01-08 23:00:00,25.9,0.0,87.4,,
2024-01-09 00:00:00,26.0,0.0,87.6,,
2024-01-09 01:00:00,26.0,0.0,88.2,,
2024-01-09 02:00:00,25.6,0.0,89.3,,
2024-01-09 03:00:00,25.5,0.0,90.4,,
2024-01-09 04:00:00,25.3,0.0,90.0,,
2024-01-09 05:00:00,25.0,0.0,92.9,,
2024-01-09 06:00:00,25.0,0.0,93.3,,
2024-01-09 07:00:00,24.9,0.0,93.3,,
2024-01-09 08:00:00,24.8,0.0,93.6,,
2024-01-09 09:00:00,24.8,0.0,93.9,,
2024-01-09 10:00:00,25.7,0.0,92.3,,
2024-01-09 11:00:00,27.2,0.0,83.1,52.0,1.6
2024-01-09 12:00:00,27.8,0.0,79.6,40.0,4.8
2024-01-09 13:00:00,29.9,0.0,68.2,29.0,3.8
2024-01-09 14:00:00,26.6,0.2,89.8,,
2024-01-09 15:00:00,27.6,0.0,85.9,,
2024-01-09 16:00:00,29.1,0.0,76.1,44.0,4.7
2024-01-09 17:00:00,29.0,0.0,75.7,40.0,7.5
2024-01-09 18:00:00,29.0,0.0,72.8,53.0,8.2
2024-01-09 19:00:00,28.1,0.0,80.4,36.0,5.1
2024-01-09 20:00:00,27.5,0.0,83.4,,
2024-01-09 21:00:00,27.1,0.0,85.9,,
2024-01-09 22:00:00,26.5,0.0,86.7,,
2024-01-09 23:00:00,26.1,0.0,88.7,,
2024-01-10 00:00:00,26.0,0.0,89.8,,
2024-01-10 01:00:00,25.9,0.0,89.9,,
2024-01-10 02:00:00,25.8,0.0,90.4,,
2024-01-10 03:00:00,25.6,0.0,90.7,,
2024-01-10 04:00:00,25.1,0.2,93.1,8.0,2.9
2024-01-10 05:00:00,24.5,1.0,95.1,,
2024-01-10 06:00:00,24.6,0.4,95.6,,
2024-01-10 07:00:00,24.4,0.0,96.0,,
2024-01-10 08:00:00,24.9,0.0,96.1,,
2024-01-10 09:00:00,25.9,0.0,94.9,318.0,2.4
2024-01-10 10:00:00,26.8,0.0,85.5,330.0,2.8
2024-01-10 11:00:00,27.5,0.0,83.8,,
2024-01-10 12:00:00,28.8,0.0,76.4,18.0,4.1
2024-01-10 13:00:00,28.1,0.0,81.9,38.0,5.9
2024-01-10 14:00:00,26.6,0.2,90.4,,
2024-01-10 15:00:00,28.2,0.0,84.6,,
2024-01-10 16:00:00,28.6,0.0,80.0,,
2024-01-10 17:00:00,28.4,0.0,78.6,,
2024-01-10 18:00:00,25.9,0.0,91.8,,
2024-01-10 19:00:00,25.9,0.0,91.5,,
2024-01-10 20:00:00,25.9,0.0,92.0,,
2024-01-10 21:00:00,26.3,0.0,90.2,,
2024-01-10 22:00:00,26.0,0.0,91.5,94.0,2.4
2024-01-10 23:00:00,26.0,0.0,90.7,47.0,2.2
2024-01-11 00:00:00,25.9,0.0,90.7,99.0,2.4
2024-01-11 01:00:00,25.7,0.0,91.6,103.0,2.2
2024-01-11 02:00:00,25.9,0.0,90.9,36.0,2.5
2024-01-11 03:00:00,25.7,0.0,91.6,89.0,2.9
2024-01-11 04:00:00,25.6,0.0,90.7,33.0,3.0
2024-01-11 05:00:00,25.5,0.0,91.7,342.0,2.6
2024-01-11 06:00:00,25.6,0.0,92.0,37.0,2.8
2024-01-11 07:00:00,25.7,0.0,92.1,49.0,2.6
2024-01-11 08:00:00,25.9,0.0,91.4,102.0,2.7
2024-01-11 09:00:00,26.7,0.0,88.3,,
2024-01-11 10:00:00,27.8,0.0,85.1,,
2024-01-11 11:00:00,28.7,0.0,81.6,,
2024-01-11 12:00:00,29.7,0.0,74.0,43.0,5.2
2024-01-11 13:00:00,29.5,0.0,74.2,,
2024-01-11 14:00:00,30.0,0.0,73.3,35.0,7.0
2024-01-11 15:00:00,29.6,0.0,74.2,,
2024-01-11 16:00:00,28.9,0.0,76.6,,
2024-01-11 17:00:00,28.9,0.0,76.0,,
2024-01-11 18:00:00,28.6,0.0,77.7,,
2024-01-11 19:00:00,27.9,0.0,80.6,,
2024-01-11 20:00:00,27.7,0.0,82.5,,
2024-01-11 21:00:00,27.4,0.0,83.0,,
2024-01-11 22:00:00,27.2,0.0,84.7,,
2024-01-11 23:00:00,26.8,0.0,86.6,,
2024-01-12 00:00:00,26.7,0.0,85.8,,
2024-01-12 01:00:00,26.3,0.0,87.8,,
2024-01-12 02:00:00,26.3,0.0,88.3,,
2024-01-12 03:00:00,26.5,0.0,87.0,,
2024-01-12 04:00:00,26.1,0.0,88.7,51.0,2.7
2024-01-12 05:00:00,26.0,0.0,88.0,34.0,3.2
2024-01-12 06:00:00,25.1,0.0,92.3,9.0,3.3
2024-01-12 07:00:00,25.3,0.0,92.2,14.0,3.2
2024-01-12 08:00:00,25.5,0.0,89.6,,
2024-01-12 09:00:00,26.2,0.0,87.7,,
2024-01-12 10:00:00,26.6,0.0,86.7,,
2024-01-12 11:00:00,26.5,0.0,84.3,,
2024-01-12 12:00:00,26.5,0.0,83.5,,
2024-01-12 13:00:00,24.9,0.0,93.1,,
2024-01-12 14:00:00,25.2,0.2,91.2,,
2024-01-12 15:00:00,26.1,0.0,85.3,,
2024-01-12 16:00:00,24.7,0.0,90.7,,
2024-01-12 17:00:00,24.0,0.0,90.0,,
2024-01-12 18:00:00,23.6,0.2,92.6,27.0,5.3
2024-01-12 19:00:00,23.8,0.0,91.5,351.0,3.4
2024-01-12 20:00:00,23.9,0.0,91.5,,
2024-01-12 21:00:00,24.2,0.0,88.8,,
2024-01-12 22:00:00,24.6,0.0,87.1,,
2024-01-12 23:00:00,24.6,0.0,88.8,101.0,2.6
2024-01-13 00:00:00,24.9,0.0,88.7,,
2024-01-13 01:00:00,24.6,0.0,91.3,,
2024-01-13 02:00:00,24.7,0.0,91.6,,
2024-01-13 03:00:00,24.8,0.0,91.1,337.0,2.1
2024-01-13 04:00:00,24.5,0.0,92.8,310.0,1.9
2024-01-13 05:00:00,24.8,0.0,90.2,274.0,2.9
2024-01-13 06:00:00,25.0,0.0,89.5,,
2024-01-13 07:00:00,25.2,0.0,89.8,335.0,2.6
2024-01-13 08:00:00,25.7,0.0,86.9,275.0,3.7
2024-01-13 09:00:00,26.7,0.0,83.0,299.0,4.1
2024-01-13 10:00:00,28.7,0.0,76.2,316.0,4.3
2024-01-13 11:00:00,29.8,0.0,69.0,319.0,4.1
2024-01-13 12:00:00,29.5,0.0,68.6,27.0,4.3
2024-01-13 13:00:00,30.3,0.0,65.5,25.0,4.4
2024-01-13 14:00:00,29.8,0.0,68.2,41.0,8.89999
2024-01-13 15:00:00,28.4,0.0,77.1,41.0,8.60001
2024-01-13 16:00:00,28.2,0.0,77.4,,
2024-01-13 17:00:00,28.3,0.0,75.8,,
2024-01-13 18:00:00,28.1,0.0,75.5,,
2024-01-13 19:00:00,27.5,0.0,77.2,,
2024-01-13 20:00:00,27.1,0.0,81.1,,
2024-01-13 21:00:00,26.9,0.0,83.2,,
2024-01-13 22:00:00,26.8,0.0,84.2,,
2024-01-13 23:00:00,26.6,0.0,85.2,,
2024-01-14 00:00:00,26.6,0.0,84.2,,
2024-01-14 01:00:00,26.4,0.0,85.5,,
2024-01-14 02:00:00,26.3,0.0,86.1,,
2024-01-14 03:00:00,26.2,0.0,86.5,,
2024-01-14 04:00:00,26.0,0.0,87.3,,
2024-01-14 05:00:00,26.0,0.0,86.8,,
2024-01-14 06:00:00,26.0,0.0,86.8,,
2024-01-14 07:00:00,25.8,0.0,87.2,,
2024-01-14 08:00:00,26.0,0.0,87.2,,
2024-01-14 09:00:00,27.0,0.0,82.2,,
2024-01-14 10:00:00,27.8,0.0,79.2,3.0,2.3
2024-01-14 11:00:00,28.8,0.0,73.7,19.0,5.3
2024-01-14 12:00:00,29.5,0.0,68.2,13.0,5.6
2024-01-14 13:00:00,29.4,0.0,71.6,19.0,4.4
2024-01-14 14:00:00,29.4,0.0,64.1,42.0,6.9
2024-01-14 15:00:00,30.0,0.0,65.8,25.0,6.0
2024-01-14 16:00:00,30.1,0.0,67.9,11.0,4.0
2024-01-14 17:00:00,29.9,0.0,69.2,48.0,8.7
2024-01-14 18:00:00,29.3,0.0,70.7,24.0,5.3
2024-01-14 19:00:00,27.9,0.0,77.4,,
2024-01-14 20:00:00,27.0,0.0,78.8,,
2024-01-14 21:00:00,26.8,0.0,81.1,,
2024-01-14 22:00:00,26.7,0.0,82.5,,
2024-01-14 23:00:00,26.5,0.0,83.7,,
2024-01-15 00:00:00,26.3,0.0,85.5,,
2024-01-15 01:00:00,26.3,0.0,86.1,,
2024-01-15 02:00:00,26.2,0.0,87.1,,
2024-01-15 03:00:00,26.1,0.0,87.9,,
2024-01-15 04:00:00,26.2,0.0,87.3,,
2024-01-15 05:00:00,26.0,0.0,88.7,,
2024-01-15 06:00:00,26.0,0.0,88.2,,
2024-01-15 07:00:00,25.9,0.0,89.1,,
2024-01-15 08:00:00,26.5,0.0,87.2,,
2024-01-15 09:00:00,28.0,0.0,80.8,9.0,2.9
2024-01-15 10:00:00,28.0,0.0,78.8,,
2024-01-15 11:00:00,29.9,0.0,71.1,,
2024-01-15 12:00:00,30.5,0.0,65.2,22.0,7.5
2024-01-15 13:00:00,28.5,0.2,77.0,40.0,10.1
2024-01-15 14:00:00,30.6,0.0,66.4,34.0,6.1
2024-01-15 15:00:00,30.6,0.0,67.8,21.0,6.9
2024-01-15 16:00:00,30.7,0.0,65.2,40.0,8.39999
2024-01-15 17:00:00,29.6,0.0,67.3,20.0,7.6
2024-01-15 18:00:00,29.0,0.0,70.9,,
2024-01-15 19:00:00,28.1,0.0,78.3,,
2024-01-15 20:00:00,27.7,0.0,81.1,,
2024-01-15 21:00:00,26.8,0.0,86.3,,
2024-01-15 22:00:00,27.2,0.0,84.6,,
2024-01-15 23:00:00,25.6,0.2,88.5,,
2024-01-16 00:00:00,26.1,0.0,90.5,,
2024-01-16 01:00:00,26.3,0.0,90.5,,
2024-01-16 02:00:00,26.3,0.0,91.3,,
2024-01-16 03:00:00,26.1,0.0,91.2,,
2024-01-16 04:00:00,26.0,0.0,91.0,,
2024-01-16 05:00:00,26.0,0.0,89.9,,
2024-01-16 06:00:00,25.9,0.0,89.4,,
2024-01-16 07:00:00,26.1,0.0,88.4,,
2024-01-16 08:00:00,26.5,0.0,86.4,,
2024-01-16 09:00:00,24.5,0.4,91.6,,
2024-01-16 10:00:00,23.9,2.0,93.9,341.0,2.2
2024-01-16 11:00:00,24.5,0.2,94.2,,
2024-01-16 12:00:00,25.6,0.0,93.0,,
2024-01-16 13:00:00,26.8,0.0,85.3,67.0,3.4
2024-01-16 14:00:00,28.1,0.0,80.0,47.0,4.8
2024-01-16 15:00:00,29.7,0.0,73.6,45.0,6.8
2024-01-16 16:00:00,30.1,0.0,70.1,37.0,8.3
2024-01-16 17:00:00,29.0,0.0,74.8,,
2024-01-16 18:00:00,28.0,0.0,77.1,,
2024-01-16 19:00:00,27.3,0.0,79.6,,
2024-01-16 20:00:00,26.9,0.0,82.2,,
2024-01-16 21:00:00,26.8,0.0,83.7,,
2024-01-16 22:00:00,26.5,0.0,86.2,57.0,2.7
2024-01-16 23:00:00,26.4,0.0,88.1,,
2024-01-17 00:00:00,26.2,0.0,90.3,,
2024-01-17 01:00:00,26.1,0.0,91.0,,
2024-01-17 02:00:00,26.3,0.0,89.1,,
2024-01-17 03:00:00,26.1,0.0,88.6,30.0,5.1
2024-01-17 04:00:00,25.3,0.0,86.7,,
2024-01-17 05:00:00,25.6,0.0,87.6,87.0,3.9
2024-01-17 06:00:00,25.7,0.0,88.2,,
2024-01-17 07:00:00,26.1,0.0,87.6,,
2024-01-17 08:00:00,26.5,0.0,85.3,,
2024-01-17 09:00:00,27.5,0.0,82.3,,
2024-01-17 10:00:00,28.2,0.0,79.5,38.0,6.0
2024-01-17 11:00:00,24.8,1.4,91.3,,
2024-01-17 12:00:00,27.5,0.2,84.5,,
2024-01-17 13:00:00,29.5,0.0,74.0,42.0,8.3
2024-01-17 14:00:00,30.1,0.0,68.5,38.0,13.1
2024-01-17 15:00:00,30.5,0.0,67.3,33.0,9.2
2024-01-17 16:00:00,29.9,0.0,66.2,42.0,11.0
2024-01-17 17:00:00,29.5,0.0,70.0,48.0,10.8
2024-01-17 18:00:00,29.1,0.0,70.9,36.0,11.1
2024-01-17 19:00:00,28.0,0.0,76.1,,
2024-01-17 20:00:00,27.5,0.0,79.6,,
2024-01-17 21:00:00,27.1,0.0,75.9,,
2024-01-17 22:00:00,26.8,0.0,81.4,68.0,2.7
2024-01-17 23:00:00,26.5,0.0,85.9,104.0,2.8
2024-01-18 00:00:00,26.2,0.0,87.7,94.0,2.8
2024-01-18 01:00:00,26.3,0.0,87.0,98.0,2.6
2024-01-18 02:00:00,26.1,0.0,87.7,,
2024-01-18 03:00:00,26.0,0.0,87.9,,
2024-01-18 04:00:00,26.0,0.0,87.6,,
2024-01-18 05:00:00,26.0,0.0,87.6,,
2024-01-18 06:00:00,25.9,0.0,87.7,,
2024-01-18 07:00:00,25.6,0.0,88.3,,
2024-01-18 08:00:00,26.0,0.0,87.3,36.0,3.1
2024-01-18 09:00:00,27.0,0.0,83.6,43.0,2.5
2024-01-18 10:00:00,28.2,0.0,78.3,32.0,4.3
2024-01-18 11:00:00,28.0,0.0,79.2,,
2024-01-18 12:00:00,28.9,0.0,73.9,27.0,6.1
2024-01-18 13:00:00,29.1,0.0,74.4,35.0,6.9
2024-01-18 14:00:00,25.6,0.0,87.8,,
2024-01-18 15:00:00,28.3,0.0,79.7,47.0,4.8
2024-01-18 16:00:00,28.6,0.0,76.3,30.0,4.8
2024-01-18 17:00:00,28.8,0.0,75.0,,
2024-01-18 18:00:00,28.5,0.0,75.8,41.0,6.5
2024-01-18 19:00:00,27.1,0.0,80.4,,
2024-01-18 20:00:00,26.5,0.0,87.7,61.0,2.8
2024-01-18 21:00:00,26.5,0.0,87.2,95.0,2.8
2024-01-18 22:00:00,26.7,0.0,84.2,,
2024-01-18 23:00:00,26.7,0.0,84.2,,
2024-01-19 00:00:00,26.5,0.0,85.6,,
2024-01-19 01:00:00,26.4,0.0,85.7,86.0,2.7
2024-01-19 02:00:00,26.1,0.0,88.0,68.0,3.1
2024-01-19 03:00:00,26.1,0.2,87.5,,
2024-01-19 04:00:00,25.7,0.0,89.1,,
2024-01-19 05:00:00,25.8,0.0,88.2,,
2024-01-19 06:00:00,26.0,0.0,87.1,,
2024-01-19 07:00:00,25.8,0.0,88.6,,
2024-01-19 08:00:00,24.6,0.2,89.4,,
2024-01-19 09:00:00,25.6,0.0,89.8,,
2024-01-19 10:00:00,27.0,0.0,82.7,356.0,2.6
2024-01-19 11:00:00,28.4,0.0,75.1,6.0,4.2
2024-01-19 12:00:00,29.5,0.0,69.4,19.0,4.2
2024-01-19 13:00:00,29.5,0.0,68.7,15.0,4.6
2024-01-19 14:00:00,30.3,0.0,68.8,1.0,4.1
2024-01-19 15:00:00,29.4,0.0,70.3,40.0,7.7
2024-01-19 16:00:00,24.2,0.2,92.8,,
2024-01-19 17:00:00,24.6,0.2,93.8,,
2024-01-19 18:00:00,24.9,0.0,94.2,,
2024-01-19 19:00:00,25.2,0.0,93.4,,
2024-01-19 20:00:00,25.0,0.0,92.5,,
2024-01-19 21:00:00,25.1,0.0,93.2,,
2024-01-19 22:00:00,25.5,0.0,91.5,,
2024-01-19 23:00:00,25.5,0.0,92.1,,
2024-01-20 00:00:00,25.4,0.0,92.6,,
2024-01-20 01:00:00,25.3,0.2,93.7,83.0,2.2
2024-01-20 02:00:00,25.5,0.0,93.7,,
2024-01-20 03:00:00,24.5,0.4,94.1,,
2024-01-20 04:00:00,24.4,0.0,94.1,,
2024-01-20 05:00:00,23.8,0.2,93.1,,
2024-01-20 06:00:00,23.5,1.4,93.5,,
2024-01-20 07:00:00,23.6,0.0,93.4,,
2024-01-20 08:00:00,23.9,0.2,93.0,,
2024-01-20 09:00:00,24.0,0.0,93.0,,
2024-01-20 10:00:00,24.4,0.0,91.5,,
2024-01-20 11:00:00,25.1,0.0,88.6,8.0,3.2
2024-01-20 12:00:00,26.0,0.0,86.8,,
2024-01-20 13:00:00,25.7,0.0,87.3,,
2024-01-20 14:00:00,24.9,0.0,89.9,,
2024-01-20 15:00:00,25.0,0.0,90.0,10.0,2.9
2024-01-20 16:00:00,25.1,0.0,91.2,357.0,4.5
2024-01-20 17:00:00,24.9,0.0,90.5,,
2024-01-20 18:00:00,24.5,0.0,90.2,,
2024-01-20 19:00:00,24.2,0.0,91.7,,
2024-01-20 20:00:00,24.2,0.0,92.2,,
2024-01-20 21:00:00,24.0,0.0,89.3,,
2024-01-20 22:00:00,23.9,0.0,89.9,,
2024-01-20 23:00:00,23.8,0.0,89.1,356.0,2.6
2024-01-21 00:00:00,23.8,0.0,88.1,321.0,1.9
2024-01-21 01:00:00,23.9,0.0,87.3,292.0,2.9
2024-01-21 02:00:00,23.6,0.0,89.8,332.0,2.3
2024-01-21 03:00:00,23.9,0.0,87.1,359.0,3.7
2024-01-21 04:00:00,23.7,0.0,89.5,328.0,3.0
2024-01-21 05:00:00,23.5,0.0,91.0,353.0,3.4
2024-01-21 06:00:00,23.5,0.0,91.8,4.0,4.1
2024-01-21 07:00:00,23.5,0.0,92.5,353.0,3.8
2024-01-21 08:00:00,24.4,0.0,89.6,,
2024-01-21 09:00:00,26.8,0.0,77.7,5.0,2.3
2024-01-21 10:00:00,27.7,0.0,72.9,334.0,3.7
2024-01-21 11:00:00,29.4,0.0,72.3,49.0,6.1
2024-01-21 12:00:00,29.9,0.0,66.5,51.0,10.0
2024-01-21 13:00:00,31.1,0.0,63.5,45.0,6.6
2024-01-21 14:00:00,31.8,0.0,55.0,2.0,3.4
2024-01-21 15:00:00,31.2,0.0,62.6,47.0,10.3
2024-01-21 16:00:00,31.4,0.0,60.4,46.0,6.7
2024-01-21 17:00:00,29.8,0.0,67.7,36.0,6.7
2024-01-21 18:00:00,27.5,0.6,82.1,44.0,9.39999
2024-01-21 19:00:00,26.4,0.0,87.8,63.0,6.2
2024-01-21 20:00:00,26.6,0.0,86.9,68.0,3.2
2024-01-21 21:00:00,26.8,0.0,83.7,59.0,3.6
2024-01-21 22:00:00,26.3,0.0,85.0,43.0,3.5
2024-01-21 23:00:00,26.1,0.0,86.3,20.0,2.3
2024-01-22 00:00:00,25.8,0.0,88.0,68.0,2.6
2024-01-22 01:00:00,25.7,0.0,88.1,84.0,2.6
2024-01-22 02:00:00,25.5,0.0,89.6,53.0,2.8
2024-01-22 03:00:00,25.4,0.0,89.8,15.0,3.6
2024-01-22 04:00:00,25.2,0.0,90.6,6.0,3.3
2024-01-22 05:00:00,25.1,0.0,90.8,39.0,3.1
2024-01-22 06:00:00,24.9,0.0,91.5,25.0,2.9
2024-01-22 07:00:00,24.9,0.0,91.1,,
2024-01-22 08:00:00,25.8,0.0,86.6,77.0,2.4
2024-01-22 09:00:00,27.2,0.0,80.3,2.0,2.9
2024-01-22 10:00:00,28.5,0.0,73.8,354.0,3.4
2024-01-22 11:00:00,29.4,0.0,71.5,61.0,7.0
2024-01-22 12:00:00,29.8,0.0,68.2,59.0,5.4
2024-01-22 13:00:00,30.9,0.0,62.8,55.0,4.8
2024-01-22 14:00:00,30.6,0.0,61.7,58.0,4.5
2024-01-22 15:00:00,30.9,0.0,66.2,187.0,3.6
2024-01-22 16:00:00,30.0,0.0,68.2,188.0,5.2
2024-01-22 17:00:00,30.1,0.0,65.1,174.0,7.9
2024-01-22 18:00:00,28.9,0.0,75.1,,
2024-01-22 19:00:00,28.2,0.0,78.0,,
2024-01-22 20:00:00,27.6,0.0,79.9,,
2024-01-22 21:00:00,27.5,0.0,81.9,,
2024-01-22 22:00:00,27.5,0.0,82.0,,
2024-01-22 23:00:00,27.0,0.0,84.7,,
2024-01-23 00:00:00,26.6,0.0,86.5,,
2024-01-23 01:00:00,26.5,0.0,86.7,,
2024-01-23 02:00:00,26.2,0.0,88.7,105.0,2.9
2024-01-23 03:00:00,26.0,0.0,89.5,,
2024-01-23 04:00:00,25.8,0.0,90.2,,
2024-01-23 05:00:00,25.7,0.0,90.9,,
2024-01-23 06:00:00,25.6,0.0,90.9,,
2024-01-23 07:00:00,25.5,0.0,91.4,,
2024-01-23 08:00:00,26.1,0.0,89.0,,
2024-01-23 09:00:00,27.5,0.0,81.8,,
2024-01-23 10:00:00,28.7,0.0,77.6,25.0,5.1
2024-01-23 11:00:00,29.8,0.0,73.4,60.0,8.0
2024-01-23 12:00:00,30.8,0.0,68.5,,
2024-01-23 13:00:00,32.0,0.0,62.1,,
2024-01-23 14:00:00,32.9,0.0,61.2,55.0,6.9
2024-01-23 15:00:00,31.3,0.0,64.0,62.0,6.3
2024-01-23 16:00:00,26.5,0.0,82.2,,
2024-01-23 17:00:00,23.9,0.8,95.0,,
2024-01-23 18:00:00,24.5,0.0,95.4,,
2024-01-23 19:00:00,25.2,0.0,88.8,,
2024-01-23 20:00:00,25.0,0.0,92.5,,
2024-01-23 21:00:00,25.2,0.0,90.6,,
2024-01-23 22:00:00,25.2,0.0,90.7,,
2024-01-23 23:00:00,25.8,0.0,91.3,,
2024-01-24 00:00:00,26.1,0.0,91.1,,
2024-01-24 01:00:00,25.8,0.0,92.1,,
2024-01-24 02:00:00,25.7,0.0,91.0,,
2024-01-24 03:00:00,25.6,0.0,91.6,,
2024-01-24 04:00:00,25.6,0.0,92.1,,
2024-01-24 05:00:00,25.7,0.0,92.2,,
2024-01-24 06:00:00,25.5,0.0,92.9,130.0,2.3
2024-01-24 07:00:00,25.4,0.0,93.1,127.0,2.1
2024-01-24 08:00:00,26.3,0.0,90.8,92.0,2.8
2024-01-24 09:00:00,27.0,0.0,89.8,57.0,4.5
2024-01-24 10:00:00,28.4,0.0,85.1,41.0,5.4
2024-01-24 11:00:00,28.4,0.0,80.2,49.0,7.4
2024-01-24 12:00:00,28.5,0.0,81.6,45.0,7.0
2024-01-24 13:00:00,26.2,2.6,92.9,99.0,13.6
2024-01-24 14:00:00,29.1,0.0,79.5,33.0,5.0
2024-01-24 15:00:00,28.6,0.0,75.2,75.0,11.5
2024-01-24 16:00:00,29.8,0.0,72.0,63.0,10.4
2024-01-24 17:00:00,28.2,0.0,77.0,82.0,11.7
2024-01-24 18:00:00,28.0,0.0,80.1,,
2024-01-24 19:00:00,27.8,0.0,81.8,62.0,6.3
2024-01-24 20:00:00,26.0,0.0,90.1,55.0,4.6
2024-01-24 21:00:00,25.3,0.4,90.6,38.0,9.3
2024-01-24 22:00:00,25.0,1.2,95.2,334.0,6.0
2024-01-24 23:00:00,24.5,0.0,95.5,,
2024-01-25 00:00:00,24.3,0.0,91.8,,
2024-01-25 01:00:00,24.1,0.0,90.6,,
2024-01-25 02:00:00,24.9,0.0,92.3,,
2024-01-25 03:00:00,25.0,0.0,92.0,,
2024-01-25 04:00:00,25.5,0.0,88.8,,
2024-01-25 05:00:00,25.4,0.0,90.9,,
2024-01-25 06:00:00,25.3,0.0,92.3,63.0,2.2
2024-01-25 07:00:00,25.8,0.0,91.4,,
2024-01-25 08:00:00,26.1,0.0,90.7,,
2024-01-25 09:00:00,27.1,0.0,87.5,60.0,3.1
2024-01-25 10:00:00,28.6,0.0,80.1,32.0,4.9
2024-01-25 11:00:00,29.1,0.0,75.7,,
2024-01-25 12:00:00,27.2,0.0,81.4,,
2024-01-25 13:00:00,28.4,0.0,82.4,40.0,4.9
2024-01-25 14:00:00,25.3,2.6,94.9,,
2024-01-25 15:00:00,24.2,1.2,95.8,,
2024-01-25 16:00:00,24.2,0.0,95.6,,
2024-01-25 17:00:00,25.6,0.0,92.2,,
2024-01-25 18:00:00,25.1,0.0,90.3,,
2024-01-25 19:00:00,24.4,0.0,91.1,,
2024-01-25 20:00:00,24.6,0.0,91.8,,
2024-01-25 21:00:00,24.3,0.0,88.4,,
2024-01-25 22:00:00,25.1,0.0,90.2,,
2024-01-25 23:00:00,25.6,0.0,90.4,,
2024-01-26 00:00:00,25.8,0.0,90.3,,
2024-01-26 01:00:00,25.5,0.0,88.9,,
2024-01-26 02:00:00,25.6,0.0,89.5,,
2024-01-26 03:00:00,25.8,0.0,89.8,,
2024-01-26 04:00:00,26.0,0.0,90.7,,
2024-01-26 05:00:00,26.5,0.0,88.7,,
2024-01-26 06:00:00,26.5,0.0,89.0,,
2024-01-26 07:00:00,26.4,0.0,88.7,,
2024-01-26 08:00:00,26.6,0.0,87.9,,
2024-01-26 09:00:00,27.2,0.0,85.0,53.0,6.0
2024-01-26 10:00:00,28.3,0.0,80.8,48.0,9.2
2024-01-26 11:00:00,29.0,0.0,75.7,43.0,11.2
2024-01-26 12:00:00,30.4,0.0,70.8,48.0,11.3
2024-01-26 13:00:00,31.0,0.0,66.8,42.0,10.6
2024-01-26 14:00:00,30.9,0.0,66.3,35.0,11.1
2024-01-26 15:00:00,30.7,0.0,66.2,38.0,11.8
2024-01-26 16:00:00,30.0,0.0,68.5,41.0,10.7
2024-01-26 17:00:00,30.5,0.0,65.2,42.0,10.9
2024-01-26 18:00:00,29.5,0.0,69.7,49.0,12.2
2024-01-26 19:00:00,28.2,0.0,77.1,,
2024-01-26 20:00:00,27.5,0.0,83.6,,
2024-01-26 21:00:00,27.2,0.0,83.5,,
2024-01-26 22:00:00,27.3,0.0,82.8,,
2024-01-26 23:00:00,27.2,0.0,82.3,,
2024-01-27 00:00:00,27.1,0.0,82.9,,
2024-01-27 01:00:00,27.1,0.0,83.3,,
2024-01-27 02:00:00,27.1,0.0,82.9,,
2024-01-27 03:00:00,27.0,0.0,84.2,,
2024-01-27 04:00:00,26.8,0.0,84.0,,
2024-01-27 05:00:00,26.9,0.0,83.8,,
2024-01-27 06:00:00,26.7,0.0,84.6,,
2024-01-27 07:00:00,26.9,0.0,83.0,,
2024-01-27 08:00:00,27.2,0.0,82.0,,
2024-01-27 09:00:00,28.2,0.0,77.0,46.0,6.0
2024-01-27 10:00:00,28.5,0.0,75.6,38.0,9.3
2024-01-27 11:00:00,29.8,0.0,71.6,46.0,11.7
2024-01-27 12:00:00,29.0,0.0,75.1,35.0,8.10001
2024-01-27 13:00:00,29.5,0.0,70.0,32.0,10.6
2024-01-27 14:00:00,30.3,0.0,67.3,35.0,11.2
2024-01-27 15:00:00,30.9,0.0,66.0,39.0,12.4
2024-01-27 16:00:00,30.6,0.0,66.4,42.0,11.6
2024-01-27 17:00:00,30.2,0.0,66.0,38.0,10.7
2024-01-27 18:00:00,29.4,0.0,69.7,34.0,10.9
2024-01-27 19:00:00,28.4,0.0,73.7,,
2024-01-27 20:00:00,27.8,0.0,79.1,,
2024-01-27 21:00:00,27.4,0.0,80.0,,
2024-01-27 22:00:00,27.3,0.0,80.9,,
2024-01-27 23:00:00,27.2,0.0,81.7,,
2024-01-28 00:00:00,26.9,0.0,82.7,,
2024-01-28 01:00:00,26.9,0.0,83.6,,
2024-01-28 02:00:00,26.8,0.0,84.4,,
2024-01-28 03:00:00,26.5,0.0,85.7,,
2024-01-28 04:00:00,26.4,0.0,85.6,,
2024-01-28 05:00:00,26.0,0.0,87.9,84.0,2.8
2024-01-28 06:00:00,25.8,0.0,89.1,,
2024-01-28 07:00:00,25.6,0.0,90.4,,
2024-01-28 08:00:00,26.0,0.0,88.8,,
2024-01-28 09:00:00,27.4,0.0,81.3,24.0,3.5
2024-01-28 10:00:00,28.7,0.0,76.0,32.0,5.8
2024-01-28 11:00:00,28.5,0.0,74.8,,
2024-01-28 12:00:00,28.6,0.0,80.0,80.0,8.0
2024-01-28 13:00:00,29.7,0.0,69.4,52.0,8.8
2024-01-28 14:00:00,31.2,0.0,63.4,,
2024-01-28 15:00:00,29.7,0.0,68.8,62.0,12.8
2024-01-28 16:00:00,30.7,0.0,63.7,43.0,10.5
2024-01-28 17:00:00,30.1,0.0,68.2,,
2024-01-28 18:00:00,28.7,0.0,71.7,,
2024-01-28 19:00:00,28.0,0.0,75.0,,
2024-01-28 20:00:00,27.6,0.0,78.3,,
2024-01-28 21:00:00,27.5,0.0,78.9,,
2024-01-28 22:00:00,27.2,0.0,80.5,,
2024-01-28 23:00:00,27.2,0.0,81.8,,
2024-01-29 00:00:00,27.0,0.0,81.5,,
2024-01-29 01:00:00,27.0,0.0,80.9,,
2024-01-29 02:00:00,26.8,0.0,82.4,,
2024-01-29 03:00:00,26.6,0.0,83.0,,
2024-01-29 04:00:00,26.5,0.0,83.8,,
2024-01-29 05:00:00,26.5,0.0,84.2,,
2024-01-29 06:00:00,26.2,0.0,84.6,,
2024-01-29 07:00:00,26.4,0.0,84.0,,
2024-01-29 08:00:00,26.8,0.0,83.6,,
2024-01-29 09:00:00,27.4,0.0,79.7,,
2024-01-29 10:00:00,28.8,0.0,73.4,,
2024-01-29 11:00:00,28.4,0.0,73.6,,
2024-01-29 12:00:00,29.2,0.0,68.6,,
2024-01-29 13:00:00,30.1,0.0,69.2,,
2024-01-29 14:00:00,30.7,0.0,62.3,43.0,10.3
2024-01-29 15:00:00,30.8,0.0,61.1,,
2024-01-29 16:00:00,30.5,0.0,62.3,41.0,9.3
2024-01-29 17:00:00,29.6,0.0,67.5,,
2024-01-29 18:00:00,28.5,0.0,70.6,,
2024-01-29 19:00:00,28.1,0.0,74.5,,
2024-01-29 20:00:00,27.6,0.0,75.9,,
2024-01-29 21:00:00,27.3,0.0,79.7,,
2024-01-29 22:00:00,27.2,0.0,79.5,,
2024-01-29 23:00:00,27.1,0.0,77.8,,
2024-01-30 00:00:00,26.7,0.0,80.9,,
2024-01-30 01:00:00,26.2,0.0,84.3,,
2024-01-30 02:00:00,26.1,0.0,83.6,,
2024-01-30 03:00:00,26.0,0.0,84.1,,
2024-01-30 04:00:00,25.8,0.0,83.9,,
2024-01-30 05:00:00,25.6,0.0,85.4,,
2024-01-30 06:00:00,25.6,0.0,85.0,,
2024-01-30 07:00:00,25.7,0.0,83.9,,
2024-01-30 08:00:00,26.1,0.0,83.5,,
2024-01-30 09:00:00,27.1,0.0,79.1,,
2024-01-30 10:00:00,28.5,0.0,73.4,,
2024-01-30 11:00:00,29.3,0.0,66.0,,
2024-01-30 12:00:00,29.8,0.0,65.1,,
2024-01-30 13:00:00,30.6,0.0,62.6,,
2024-01-30 14:00:00,30.7,0.0,58.6,,
2024-01-30 15:00:00,30.7,0.0,60.1,,
2024-01-30 16:00:00,30.4,0.0,60.9,,
2024-01-30 17:00:00,29.9,0.0,61.0,,
2024-01-30 18:00:00,29.2,0.0,65.8,,
2024-01-30 19:00:00,28.3,0.0,70.6,,
2024-01-30 20:00:00,27.6,0.0,75.2,,
2024-01-30 21:00:00,27.2,0.0,77.8,,
2024-01-30 22:00:00,26.8,0.0,80.0,,
2024-01-30 23:00:00,26.8,0.0,81.3,,
2024-01-31 00:00:00,26.6,0.0,82.4,,
2024-01-31 01:00:00,26.6,0.0,83.1,,
2024-01-31 02:00:00,26.2,0.0,82.8,,
2024-01-31 03:00:00,25.9,0.0,85.0,,
2024-01-31 04:00:00,25.7,0.0,85.9,,
2024-01-31 05:00:00,25.6,0.0,85.2,,
2024-01-31 06:00:00,25.5,0.0,85.5,,
2024-01-31 07:00:00,25.6,0.0,83.3,,
2024-01-31 08:00:00,25.9,0.0,83.9,,
2024-01-31 09:00:00,26.7,0.0,81.0,,
2024-01-31 10:00:00,27.7,0.0,77.4,,
2024-01-31 11:00:00,29.2,0.0,72.6,,
2024-01-31 12:00:00,29.8,0.0,68.7,,
2024-01-31 13:00:00,30.7,0.0,65.2,,
2024-01-31 14:00:00,31.0,0.0,59.9,,
2024-01-31 15:00:00,31.0,0.0,60.3,,
2024-01-31 16:00:00,30.9,0.0,59.7,,
2024-01-31 17:00:00,29.4,0.0,66.7,,
2024-01-31 18:00:00,29.1,0.0,70.1,,
2024-01-31 19:00:00,28.2,0.0,71.1,,
2024-01-31 20:00:00,27.2,0.0,78.6,,
2024-01-31 21:00:00,27.1,0.0,80.6,,
2024-01-31 22:00:00,26.9,0.0,80.7,,
2024-01-31 23:00:00,26.9,0.0,81.0,,
2024-02-01 00:00:00,26.6,0.0,81.9,,
2024-02-01 01:00:00,26.4,0.0,83.6,,
2024-02-01 02:00:00,26.1,0.0,84.1,,
2024-02-01 03:00:00,26.4,0.0,84.0,,
2024-02-01 04:00:00,26.4,0.0,84.2,,
2024-02-01 05:00:00,26.4,0.0,82.6,,
2024-02-01 06:00:00,26.4,0.0,83.9,,
2024-02-01 07:00:00,26.5,0.0,83.7,,
2024-02-01 08:00:00,26.6,0.0,84.4,,
2024-02-01 09:00:00,27.1,0.0,82.0,,
2024-02-01 10:00:00,27.8,0.0,78.6,,
2024-02-01 11:00:00,29.8,0.0,71.0,53.0,6.9
2024-02-01 12:00:00,30.7,0.0,64.2,,
2024-02-01 13:00:00,31.0,0.0,62.2,,
2024-02-01 14:00:00,30.7,0.0,60.9,,
2024-02-01 15:00:00,30.5,0.0,61.8,,
2024-02-01 16:00:00,30.5,0.0,61.7,,
2024-02-01 17:00:00,29.9,0.0,62.1,,
2024-02-01 18:00:00,29.7,0.0,68.0,,
2024-02-01 19:00:00,28.3,0.0,73.7,,
2024-02-01 20:00:00,27.8,0.0,77.4,,
2024-02-01 21:00:00,27.3,0.0,79.6,,
2024-02-01 22:00:00,27.0,0.0,81.1,,
2024-02-01 23:00:00,27.0,0.0,82.0,,
2024-02-02 00:00:00,26.9,0.0,83.1,,
2024-02-02 01:00:00,26.4,0.0,85.3,,
2024-02-02 02:00:00,26.3,0.0,85.8,,
2024-02-02 03:00:00,26.4,0.0,86.5,,
2024-02-02 04:00:00,26.2,0.0,87.1,,
2024-02-02 05:00:00,26.1,0.0,87.6,,
2024-02-02 06:00:00,26.1,0.0,88.4,,
2024-02-02 07:00:00,26.2,0.0,88.2,,
2024-02-02 08:00:00,26.8,0.0,85.6,,
2024-02-02 09:00:00,28.1,0.0,79.6,,
2024-02-02 10:00:00,29.1,0.0,75.8,,
2024-02-02 11:00:00,29.9,0.0,67.9,,
2024-02-02 12:00:00,30.8,0.0,67.2,,
2024-02-02 13:00:00,31.3,0.0,65.6,41.0,9.60001
2024-02-02 14:00:00,30.1,0.0,68.3,,
2024-02-02 15:00:00,30.9,0.0,66.2,,
2024-02-02 16:00:00,30.8,0.0,65.1,,
2024-02-02 17:00:00,30.6,0.0,64.9,,
2024-02-02 18:00:00,29.3,0.0,68.0,,
2024-02-02 19:00:00,28.8,0.0,71.4,,
2024-02-02 20:00:00,28.1,0.0,76.6,,
2024-02-02 21:00:00,27.6,0.0,81.3,,
2024-02-02 22:00:00,27.1,0.0,83.8,,
2024-02-02 23:00:00,27.2,0.0,83.3,,
2024-02-03 00:00:00,27.1,0.0,83.0,,
2024-02-03 01:00:00,27.0,0.0,83.3,,
2024-02-03 02:00:00,26.6,0.0,84.7,,
2024-02-03 03:00:00,26.8,0.0,83.9,,
2024-02-03 04:00:00,26.6,0.0,85.3,,
2024-02-03 05:00:00,26.6,0.0,85.1,,
2024-02-03 06:00:00,26.4,0.0,84.8,,
2024-02-03 07:00:00,26.2,0.0,85.9,,
2024-02-03 08:00:00,26.7,0.0,84.1,,
2024-02-03 09:00:00,28.0,0.0,77.9,,
2024-02-03 10:00:00,28.6,0.0,74.1,,
2024-02-03 11:00:00,30.0,0.0,67.8,,
2024-02-03 12:00:00,30.7,0.0,62.4,,
2024-02-03 13:00:00,31.8,0.0,59.6,,
2024-02-03 14:00:00,32.0,0.0,58.8,,
2024-02-03 15:00:00,32.2,0.0,55.3,,
2024-02-03 16:00:00,31.8,0.0,58.0,39.0,9.5
2024-02-03 17:00:00,30.6,0.0,60.0,,
2024-02-03 18:00:00,29.5,0.0,66.4,,
2024-02-03 19:00:00,28.7,0.0,70.5,,
2024-02-03 20:00:00,27.9,0.0,78.1,,
2024-02-03 21:00:00,27.6,0.0,79.2,,
2024-02-03 22:00:00,27.4,0.0,79.9,,
2024-02-03 23:00:00,27.0,0.0,82.3,,
2024-02-04 00:00:00,26.7,0.0,82.8,,
2024-02-04 01:00:00,26.5,0.0,84.1,,
2024-02-04 02:00:00,26.3,0.0,85.3,,
2024-02-04 03:00:00,26.0,0.0,84.9,,
2024-02-04 04:00:00,26.0,0.0,84.6,,
2024-02-04 05:00:00,25.7,0.0,85.4,,
2024-02-04 06:00:00,25.3,0.0,86.7,,
2024-02-04 07:00:00,25.5,0.0,85.6,,
2024-02-04 08:00:00,25.6,0.0,84.9,,
2024-02-04 09:00:00,27.0,0.0,79.4,,
2024-02-04 10:00:00,28.5,0.0,73.3,,
2024-02-04 11:00:00,29.6,0.0,63.8,,
2024-02-04 12:00:00,30.6,0.0,55.4,,
2024-02-04 13:00:00,31.3,0.0,55.8,,
2024-02-04 14:00:00,32.1,0.0,52.5,,
2024-02-04 15:00:00,32.6,0.0,52.9,,
2024-02-04 16:00:00,31.6,0.0,54.0,,
2024-02-04 17:00:00,31.6,0.0,52.1,,
2024-02-04 18:00:00,30.9,0.0,50.5,,
2024-02-04 19:00:00,29.0,0.0,67.1,,
2024-02-04 20:00:00,28.2,0.0,68.9,,
2024-02-04 21:00:00,27.6,0.0,76.7,,
2024-02-04 22:00:00,27.4,0.0,77.1,,
2024-02-04 23:00:00,27.2,0.0,80.1,,
2024-02-05 00:00:00,27.0,0.0,77.9,,
2024-02-05 01:00:00,26.6,0.0,81.2,,
2024-02-05 02:00:00,26.3,0.0,83.0,,
2024-02-05 03:00:00,25.9,0.0,84.7,,
2024-02-05 04:00:00,25.7,0.0,86.7,,
2024-02-05 05:00:00,25.6,0.0,86.3,,
2024-02-05 06:00:00,25.4,0.0,87.5,,
2024-02-05 07:00:00,25.3,0.0,87.0,,
2024-02-05 08:00:00,25.9,0.0,85.3,,
2024-02-05 09:00:00,27.4,0.0,79.3,,
2024-02-05 10:00:00,28.6,0.0,75.3,,
2024-02-05 11:00:00,29.9,0.0,68.2,,
2024-02-05 12:00:00,30.8,0.0,62.7,,
2024-02-05 13:00:00,31.5,0.0,60.7,,
2024-02-05 14:00:00,31.6,0.0,58.4,,
2024-02-05 15:00:00,32.6,0.0,56.7,,
2024-02-05 16:00:00,31.9,0.0,55.9,40.0,10.9
2024-02-05 17:00:00,31.0,0.0,60.8,39.0,12.0
2024-02-05 18:00:00,29.9,0.0,64.5,34.0,10.5
2024-02-05 19:00:00,28.6,0.0,72.7,,
2024-02-05 20:00:00,28.0,0.0,72.7,,
2024-02-05 21:00:00,27.4,0.0,78.1,,
2024-02-05 22:00:00,27.1,0.0,80.2,,
2024-02-05 23:00:00,26.8,0.0,81.1,,
2024-02-06 00:00:00,26.5,0.0,81.3,,
2024-02-06 01:00:00,26.3,0.0,82.2,,
2024-02-06 02:00:00,26.1,0.0,85.2,,
2024-02-06 03:00:00,25.9,0.0,86.4,,
2024-02-06 04:00:00,25.9,0.0,84.8,,
2024-02-06 05:00:00,26.0,0.0,84.0,,
2024-02-06 06:00:00,25.9,0.0,83.7,,
2024-02-06 07:00:00,25.8,0.0,83.8,,
2024-02-06 08:00:00,26.2,0.0,84.0,,
2024-02-06 09:00:00,27.9,0.0,73.5,,
2024-02-06 10:00:00,29.0,0.0,71.4,,
2024-02-06 11:00:00,30.5,0.0,67.5,,
2024-02-06 12:00:00,30.9,0.0,64.7,,
2024-02-06 13:00:00,32.2,0.0,59.0,55.0,9.5
2024-02-06 14:00:00,32.4,0.0,60.6,42.0,8.39999
2024-02-06 15:00:00,32.1,0.0,57.1,,
2024-02-06 16:00:00,31.5,0.0,60.7,,
2024-02-06 17:00:00,30.5,0.0,61.6,,
2024-02-06 18:00:00,28.0,0.0,79.1,,
2024-02-06 19:00:00,26.0,0.8,91.7,,
2024-02-06 20:00:00,26.7,0.0,88.9,,
2024-02-06 21:00:00,27.4,0.0,81.6,,
2024-02-06 22:00:00,27.4,0.0,81.5,,
2024-02-06 23:00:00,27.5,0.0,81.9,,
2024-02-07 00:00:00,27.2,0.0,83.2,,
2024-02-07 01:00:00,27.2,0.0,82.1,,
2024-02-07 02:00:00,26.7,0.0,85.2,,
2024-02-07 03:00:00,26.3,0.0,86.4,,
2024-02-07 04:00:00,26.1,0.0,87.3,,
2024-02-07 05:00:00,25.9,0.0,88.7,,
2024-02-07 06:00:00,25.9,0.0,89.1,,
2024-02-07 07:00:00,25.8,0.0,89.2,,
2024-02-07 08:00:00,26.2,0.0,87.2,,
2024-02-07 09:00:00,27.3,0.0,82.0,,
2024-02-07 10:00:00,28.4,0.0,76.3,,
2024-02-07 11:00:00,29.8,0.0,73.0,,
2024-02-07 12:00:00,30.4,0.0,68.1,,
2024-02-07 13:00:00,31.0,0.0,65.1,,
2024-02-07 14:00:00,32.3,0.0,60.6,,
2024-02-07 15:00:00,31.7,0.0,59.0,37.0,9.60001
2024-02-07 16:00:00,31.2,0.0,61.5,40.0,10.9
2024-02-07 17:00:00,30.9,0.0,63.0,,
2024-02-07 18:00:00,29.3,0.0,71.7,,
2024-02-07 19:00:00,28.6,0.0,75.0,,
2024-02-07 20:00:00,28.0,0.0,76.7,,
2024-02-07 21:00:00,27.8,0.0,78.7,,
2024-02-07 22:00:00,27.5,0.0,81.7,,
2024-02-07 23:00:00,27.0,0.0,84.7,,
2024-02-08 00:00:00,26.9,0.0,85.5,,
2024-02-08 01:00:00,26.8,0.0,85.7,,
2024-02-08 02:00:00,26.6,0.0,86.7,,
2024-02-08 03:00:00,26.3,0.0,88.4,,
2024-02-08 04:00:00,26.2,0.0,89.1,,
2024-02-08 05:00:00,26.2,0.0,89.4,,
2024-02-08 06:00:00,26.0,0.0,90.1,,
2024-02-08 07:00:00,25.9,0.0,90.1,,
2024-02-08 08:00:00,26.4,0.0,88.3,,
2024-02-08 09:00:00,27.9,0.0,79.7,,
2024-02-08 10:00:00,29.4,0.0,73.3,27.0,2.3
2024-02-08 11:00:00,29.4,0.0,73.0,,
2024-02-08 12:00:00,31.4,0.0,64.3,63.0,7.1
2024-02-08 13:00:00,31.3,0.0,65.6,,
2024-02-08 14:00:00,31.3,0.0,63.0,43.0,7.3
2024-02-08 15:00:00,32.5,0.0,58.9,43.0,6.4
2024-02-08 16:00:00,31.1,0.0,63.9,53.0,10.5
2024-02-08 17:00:00,30.2,0.0,67.2,,
2024-02-08 18:00:00,29.5,0.0,68.3,,
2024-02-08 19:00:00,28.7,0.0,74.4,,
2024-02-08 20:00:00,28.1,0.0,78.7,,
2024-02-08 21:00:00,27.8,0.0,79.1,,
2024-02-08 22:00:00,27.7,0.0,80.4,,
2024-02-08 23:00:00,27.6,0.0,81.8,,
2024-02-09 00:00:00,27.5,0.0,82.4,,
2024-02-09 01:00:00,27.2,0.0,84.6,,
2024-02-09 02:00:00,27.1,0.0,83.9,,
2024-02-09 03:00:00,27.0,0.0,84.2,,
2024-02-09 04:00:00,26.8,0.0,85.5,,
2024-02-09 05:00:00,26.7,0.0,86.6,,
2024-02-09 06:00:00,26.6,0.0,87.4,,
2024-02-09 07:00:00,26.5,0.0,87.9,,
2024-02-09 08:00:00,26.9,0.0,86.3,,
2024-02-09 09:00:00,27.9,0.0,81.2,,
2024-02-09 10:00:00,29.9,0.0,73.3,20.0,4.0
2024-02-09 11:00:00,30.5,0.0,69.2,28.0,7.2
2024-02-09 12:00:00,31.5,0.0,62.8,47.0,7.8
2024-02-09 13:00:00,31.4,0.0,61.3,43.0,8.7
2024-02-09 14:00:00,31.8,0.0,61.0,45.0,10.3
2024-02-09 15:00:00,30.4,0.0,64.5,,
2024-02-09 16:00:00,30.4,0.0,62.9,359.0,5.2
2024-02-09 17:00:00,29.9,0.0,65.9,,
2024-02-09 18:00:00,29.2,0.0,69.0,,
2024-02-09 19:00:00,28.5,0.0,71.9,,
2024-02-09 20:00:00,27.9,0.0,77.4,,
2024-02-09 21:00:00,27.5,0.0,75.9,,
2024-02-09 22:00:00,27.2,0.0,76.2,,
2024-02-09 23:00:00,26.9,0.0,77.3,,
2024-02-10 00:00:00,26.7,0.0,79.7,,
2024-02-10 01:00:00,26.1,0.0,82.4,,
2024-02-10 02:00:00,25.6,0.0,84.1,,
2024-02-10 03:00:00,25.1,0.0,86.2,,
2024-02-10 04:00:00,25.1,0.0,84.5,,
2024-02-10 05:00:00,24.6,0.0,86.0,,
2024-02-10 06:00:00,24.5,0.0,85.6,,
2024-02-10 07:00:00,24.5,0.0,85.9,,
2024-02-10 08:00:00,25.3,0.0,82.6,,
2024-02-10 09:00:00,27.3,0.0,74.4,,
2024-02-10 10:00:00,28.9,0.0,69.9,10.0,4.2
2024-02-10 11:00:00,29.5,0.0,68.1,,
2024-02-10 12:00:00,29.6,0.0,65.4,,
2024-02-10 13:00:00,31.3,0.0,58.8,,
2024-02-10 14:00:00,31.2,0.0,58.4,31.0,9.8
2024-02-10 15:00:00,31.4,0.0,55.9,42.0,10.0
2024-02-10 16:00:00,31.7,0.0,53.3,,
2024-02-10 17:00:00,31.0,0.0,58.3,,
2024-02-10 18:00:00,30.0,0.0,63.9,33.0,9.7
2024-02-10 19:00:00,28.8,0.0,69.5,,
2024-02-10 20:00:00,27.1,0.0,81.4,,
2024-02-10 21:00:00,26.9,0.0,80.6,,
2024-02-10 22:00:00,26.0,0.0,89.4,,
2024-02-10 23:00:00,25.6,0.0,90.6,,
2024-02-11 00:00:00,25.4,0.0,92.4,,
2024-02-11 01:00:00,25.5,0.0,91.2,,
2024-02-11 02:00:00,25.9,0.0,88.9,,
2024-02-11 03:00:00,26.5,0.0,82.1,,
2024-02-11 04:00:00,26.1,0.0,83.2,,
2024-02-11 05:00:00,26.2,0.0,81.8,,
2024-02-11 06:00:00,26.3,0.0,81.7,,
2024-02-11 07:00:00,26.6,0.0,79.5,,
2024-02-11 08:00:00,26.8,0.0,79.5,,
2024-02-11 09:00:00,28.1,0.0,75.2,,
2024-02-11 10:00:00,29.0,0.0,73.5,,
2024-02-11 11:00:00,29.4,0.0,70.0,,
2024-02-11 12:00:00,31.2,0.0,59.2,,
2024-02-11 13:00:00,30.3,0.0,60.9,42.0,10.6
2024-02-11 14:00:00,31.3,0.0,57.9,37.0,14.1
2024-02-11 15:00:00,31.5,0.0,58.8,43.0,11.5
2024-02-11 16:00:00,31.3,0.0,61.0,,
2024-02-11 17:00:00,30.4,0.0,64.1,,
2024-02-11 18:00:00,28.5,0.0,71.1,,
2024-02-11 19:00:00,28.0,0.0,72.7,,
2024-02-11 20:00:00,27.5,0.0,75.9,,
2024-02-11 21:00:00,26.4,0.0,84.0,,
2024-02-11 22:00:00,24.7,0.2,91.5,,
2024-02-11 23:00:00,25.0,0.0,94.3,,
2024-02-12 00:00:00,25.3,0.0,94.0,,
2024-02-12 01:00:00,25.7,0.0,91.8,,
2024-02-12 02:00:00,25.7,0.0,90.2,,
2024-02-12 03:00:00,26.1,0.0,86.6,,
2024-02-12 04:00:00,26.2,0.0,84.1,,
2024-02-12 05:00:00,26.7,0.0,80.6,,
2024-02-12 06:00:00,26.6,0.0,81.7,,
2024-02-12 07:00:00,26.4,0.0,82.6,,
2024-02-12 08:00:00,27.0,0.0,79.8,,
2024-02-12 09:00:00,25.4,0.2,87.6,,
2024-02-12 10:00:00,25.4,0.0,91.7,,
2024-02-12 11:00:00,26.7,0.0,88.2,,
2024-02-12 12:00:00,28.2,0.0,79.5,,
2024-02-12 13:00:00,29.2,0.0,69.1,,
2024-02-12 14:00:00,25.4,0.0,91.1,,
2024-02-12 15:00:00,25.6,0.0,86.3,,
2024-02-12 16:00:00,27.4,0.0,80.8,42.0,3.6
2024-02-12 17:00:00,27.6,0.0,74.6,,
2024-02-12 18:00:00,27.6,0.0,76.4,,
2024-02-12 19:00:00,27.1,0.0,76.8,,
2024-02-12 20:00:00,26.8,0.0,81.3,,
2024-02-12 21:00:00,26.6,0.0,81.9,,
2024-02-12 22:00:00,26.7,0.0,81.4,,
2024-02-12 23:00:00,26.8,0.0,82.0,,
2024-02-13 00:00:00,26.4,0.0,86.2,,
2024-02-13 01:00:00,25.8,0.0,90.0,27.0,2.6
2024-02-13 02:00:00,25.6,0.0,89.2,,
2024-02-13 03:00:00,25.8,0.0,88.3,,
2024-02-13 04:00:00,25.9,0.0,86.3,,
2024-02-13 05:00:00,25.9,0.0,86.3,,
2024-02-13 06:00:00,25.8,0.0,86.1,,
2024-02-13 07:00:00,26.0,0.0,85.1,,
2024-02-13 08:00:00,25.8,0.0,85.1,,
2024-02-13 09:00:00,26.2,0.0,84.5,,
2024-02-13 10:00:00,27.3,0.0,81.8,,
2024-02-13 11:00:00,28.3,0.0,78.0,,
2024-02-13 12:00:00,28.9,0.0,75.1,,
2024-02-13 13:00:00,25.5,0.0,89.6,,
2024-02-13 14:00:00,27.9,0.0,83.1,,
2024-02-13 15:00:00,28.0,0.0,82.2,,
2024-02-13 16:00:00,28.7,0.0,75.4,,
2024-02-13 17:00:00,29.0,0.0,73.5,38.0,11.7
2024-02-13 18:00:00,28.3,0.0,78.3,,
2024-02-13 19:00:00,28.0,0.0,79.1,,
2024-02-13 20:00:00,27.7,0.0,79.8,,
2024-02-13 21:00:00,27.4,0.0,80.6,,
2024-02-13 22:00:00,27.5,0.0,81.6,,
2024-02-13 23:00:00,27.6,0.0,80.9,,
2024-02-14 00:00:00,27.3,0.0,82.8,,
2024-02-14 01:00:00,27.2,0.0,83.9,,
2024-02-14 02:00:00,26.4,0.0,90.5,,
2024-02-14 03:00:00,26.4,0.0,89.8,,
2024-02-14 04:00:00,26.1,0.0,85.7,,
2024-02-14 05:00:00,26.0,0.0,88.8,,
2024-02-14 06:00:00,26.1,0.0,89.3,,
2024-02-14 07:00:00,26.4,0.0,88.5,,
2024-02-14 08:00:00,26.6,0.0,87.8,,
2024-02-14 09:00:00,27.4,0.0,84.2,,
2024-02-14 10:00:00,27.4,0.2,87.1,,
2024-02-14 11:00:00,27.0,1.2,86.3,,
2024-02-14 12:00:00,29.7,0.0,73.9,54.0,11.9
2024-02-14 13:00:00,30.9,0.0,65.6,,
2024-02-14 14:00:00,31.2,0.0,63.8,63.0,11.1
2024-02-14 15:00:00,30.7,0.0,65.6,61.0,10.8
2024-02-14 16:00:00,29.9,0.0,67.4,84.0,11.0
2024-02-14 17:00:00,29.5,0.0,74.6,41.0,8.3
2024-02-14 18:00:00,29.2,0.0,72.9,47.0,10.6
2024-02-14 19:00:00,28.5,0.0,75.3,,
2024-02-14 20:00:00,27.9,0.0,80.0,,
2024-02-14 21:00:00,27.7,0.0,80.7,,
2024-02-14 22:00:00,27.8,0.0,79.3,,
2024-02-14 23:00:00,27.4,0.0,82.8,,
2024-02-15 00:00:00,27.0,0.0,85.0,,
2024-02-15 01:00:00,27.0,0.0,85.3,,
2024-02-15 02:00:00,25.9,0.0,89.6,98.0,3.1
2024-02-15 03:00:00,26.1,0.0,90.3,104.0,3.0
2024-02-15 04:00:00,26.1,0.0,90.1,103.0,3.0
2024-02-15 05:00:00,26.1,0.0,88.6,,
2024-02-15 06:00:00,26.0,0.0,88.9,,
2024-02-15 07:00:00,26.0,0.0,88.8,,
2024-02-15 08:00:00,26.1,0.0,89.2,105.0,3.9
2024-02-15 09:00:00,26.6,0.0,86.7,,
2024-02-15 10:00:00,26.5,0.0,85.3,,
2024-02-15 11:00:00,25.9,3.4,91.0,19.0,3.8
2024-02-15 12:00:00,27.2,0.0,86.6,,
2024-02-15 13:00:00,28.6,0.0,78.5,37.0,8.39999
2024-02-15 14:00:00,28.2,0.0,76.6,37.0,11.1
2024-02-15 15:00:00,29.3,0.0,67.7,39.0,11.3
2024-02-15 16:00:00,29.3,0.0,71.9,35.0,8.2
2024-02-15 17:00:00,26.9,0.0,83.0,,
2024-02-15 18:00:00,27.7,0.0,79.3,,
2024-02-15 19:00:00,27.9,0.0,78.1,,
2024-02-15 20:00:00,27.5,0.0,80.8,,
2024-02-15 21:00:00,27.2,0.0,82.0,,
2024-02-15 22:00:00,27.2,0.0,81.1,,
2024-02-15 23:00:00,27.5,0.0,80.6,,
2024-02-16 00:00:00,27.4,0.0,80.5,,
2024-02-16 01:00:00,27.1,0.0,83.1,,
2024-02-16 02:00:00,27.0,0.0,83.6,,
2024-02-16 03:00:00,27.0,0.0,80.7,,
2024-02-16 04:00:00,27.0,0.0,82.1,,
2024-02-16 05:00:00,26.9,0.0,83.6,,
2024-02-16 06:00:00,26.7,0.0,84.4,,
2024-02-16 07:00:00,26.7,0.0,84.8,,
2024-02-16 08:00:00,26.8,0.0,85.2,,
2024-02-16 09:00:00,27.5,0.0,82.9,,
2024-02-16 10:00:00,28.7,0.0,77.4,41.0,8.8
2024-02-16 11:00:00,30.2,0.0,71.1,33.0,3.8
2024-02-16 12:00:00,29.2,0.0,71.8,,
2024-02-16 13:00:00,29.4,0.0,72.5,38.0,8.8
2024-02-16 14:00:00,31.1,0.0,61.3,41.0,11.8
2024-02-16 15:00:00,30.5,0.0,66.5,41.0,12.2
2024-02-16 16:00:00,29.9,0.0,66.8,33.0,13.7
2024-02-16 17:00:00,30.0,0.0,67.3,39.0,11.4
2024-02-16 18:00:00,29.1,0.0,67.7,37.0,12.0
2024-02-16 19:00:00,27.8,0.0,73.8,,
2024-02-16 20:00:00,27.1,0.0,79.2,,
2024-02-16 21:00:00,27.0,0.0,78.0,,
2024-02-16 22:00:00,26.7,0.0,80.3,,
2024-02-16 23:00:00,26.4,0.0,83.1,,
2024-02-17 00:00:00,26.3,0.0,84.8,,
2024-02-17 01:00:00,26.2,0.0,86.0,103.0,3.6
2024-02-17 02:00:00,26.5,0.0,83.2,,
2024-02-17 03:00:00,26.7,0.0,82.2,,
2024-02-17 04:00:00,26.4,0.0,83.8,,
2024-02-17 05:00:00,26.6,0.0,81.2,,
2024-02-17 06:00:00,26.3,0.0,82.8,,
2024-02-17 07:00:00,26.2,0.0,82.4,,
2024-02-17 08:00:00,26.6,0.0,80.9,,
2024-02-17 09:00:00,27.3,0.0,80.3,,
2024-02-17 10:00:00,28.5,0.0,72.5,38.0,5.8
2024-02-17 11:00:00,29.6,0.0,71.1,,
2024-02-17 12:00:00,29.2,0.0,70.1,,
2024-02-17 13:00:00,28.7,0.0,73.8,,
2024-02-17 14:00:00,29.2,0.0,71.1,,
2024-02-17 15:00:00,29.3,0.0,64.5,,
2024-02-17 16:00:00,29.7,0.0,64.3,58.0,10.2
2024-02-17 17:00:00,30.5,0.0,62.7,,
2024-02-17 18:00:00,29.2,0.0,66.5,,
2024-02-17 19:00:00,28.3,0.0,72.5,,
2024-02-17 20:00:00,27.7,0.0,76.6,,
2024-02-17 21:00:00,27.4,0.0,77.2,,
2024-02-17 22:00:00,27.2,0.0,78.0,,
2024-02-17 23:00:00,26.9,0.0,80.5,,
2024-02-18 00:00:00,26.7,0.0,82.4,,
2024-02-18 01:00:00,26.5,0.0,82.8,,
2024-02-18 02:00:00,26.7,0.0,82.6,,
2024-02-18 03:00:00,26.4,0.0,83.5,,
2024-02-18 04:00:00,26.3,0.0,84.6,,
2024-02-18 05:00:00,26.3,0.0,84.6,,
2024-02-18 06:00:00,26.1,0.0,85.6,,
2024-02-18 07:00:00,26.3,0.0,82.8,,
2024-02-18 08:00:00,26.6,0.0,82.8,,
2024-02-18 09:00:00,28.0,0.0,77.4,,
2024-02-18 10:00:00,28.6,0.0,74.4,,
2024-02-18 11:00:00,29.9,0.0,67.1,,
2024-02-18 12:00:00,30.7,0.0,62.7,31.0,5.8
2024-02-18 13:00:00,31.4,0.0,56.8,38.0,7.9
2024-02-18 14:00:00,31.5,0.0,59.1,45.0,9.2
2024-02-18 15:00:00,31.4,0.0,57.8,39.0,10.6
2024-02-18 16:00:00,31.9,0.0,58.2,56.0,10.8
2024-02-18 17:00:00,31.2,0.0,57.9,36.0,8.89999
2024-02-18 18:00:00,30.1,0.0,62.6,46.0,11.9
2024-02-18 19:00:00,28.9,0.0,66.6,,
2024-02-18 20:00:00,28.0,0.0,74.5,,
2024-02-18 21:00:00,27.5,0.0,79.3,,
2024-02-18 22:00:00,27.3,0.0,81.3,,
2024-02-18 23:00:00,27.3,0.0,81.9,,
2024-02-19 00:00:00,27.0,0.0,83.6,,
2024-02-19 01:00:00,26.8,0.0,82.7,,
2024-02-19 02:00:00,26.5,0.0,86.1,,
2024-02-19 03:00:00,26.5,0.0,85.5,,
2024-02-19 04:00:00,26.6,0.0,86.2,,
2024-02-19 05:00:00,26.3,0.0,87.2,,
2024-02-19 06:00:00,26.1,0.0,87.3,,
2024-02-19 07:00:00,26.2,0.0,87.0,,
2024-02-19 08:00:00,26.9,0.0,85.7,,
2024-02-19 09:00:00,28.1,0.0,79.9,47.0,8.39999
2024-02-19 10:00:00,28.9,0.0,75.0,48.0,9.0
2024-02-19 11:00:00,30.2,0.0,68.6,,
2024-02-19 12:00:00,31.4,0.0,59.3,34.0,6.8
2024-02-19 13:00:00,31.3,0.0,61.5,42.0,9.3
2024-02-19 14:00:00,31.8,0.0,57.7,37.0,10.3
2024-02-19 15:00:00,32.0,0.0,58.9,50.0,11.5
2024-02-19 16:00:00,32.2,0.0,59.1,50.0,11.1
2024-02-19 17:00:00,31.5,0.0,58.8,,
2024-02-19 18:00:00,30.4,0.0,66.6,57.0,10.0
2024-02-19 19:00:00,28.9,0.0,72.1,,
2024-02-19 20:00:00,28.2,0.0,79.1,,
2024-02-19 21:00:00,27.9,0.0,80.6,,
2024-02-19 22:00:00,27.7,0.0,81.9,,
2024-02-19 23:00:00,27.4,0.0,82.6,,
2024-02-20 00:00:00,27.5,0.0,83.3,,
2024-02-20 01:00:00,27.3,0.0,85.2,,
2024-02-20 02:00:00,26.8,0.0,86.9,,
2024-02-20 03:00:00,26.6,0.0,88.1,,
2024-02-20 04:00:00,26.5,0.0,88.3,,
2024-02-20 05:00:00,26.8,0.0,87.1,,
2024-02-20 06:00:00,26.7,0.0,86.8,,
2024-02-20 07:00:00,26.6,0.0,85.3,,
2024-02-20 08:00:00,27.1,0.0,82.9,,
2024-02-20 09:00:00,28.4,0.0,76.7,,
2024-02-20 10:00:00,29.4,0.0,72.9,,
2024-02-20 11:00:00,30.3,0.0,68.5,38.0,7.4
2024-02-20 12:00:00,31.8,0.0,64.2,43.0,6.6
2024-02-20 13:00:00,32.1,0.0,61.3,34.0,8.39999
2024-02-20 14:00:00,32.3,0.0,57.9,45.0,9.60001
2024-02-20 15:00:00,32.5,0.0,58.1,49.0,8.5
2024-02-20 16:00:00,32.6,0.0,56.8,44.0,8.2
2024-02-20 17:00:00,32.0,0.0,60.3,73.0,9.89999
2024-02-20 18:00:00,30.6,0.0,65.2,60.0,10.0
2024-02-20 19:00:00,29.1,0.0,71.1,,
2024-02-20 20:00:00,28.2,0.0,76.7,,
2024-02-20 21:00:00,27.9,0.0,79.4,,
2024-02-20 22:00:00,27.8,0.0,80.4,,
2024-02-20 23:00:00,27.6,0.0,82.3,,
2024-02-21 00:00:00,27.7,0.0,82.5,,
2024-02-21 01:00:00,27.5,0.0,82.9,,
2024-02-21 02:00:00,27.3,0.0,83.9,,
2024-02-21 03:00:00,26.8,0.0,85.6,,
2024-02-21 04:00:00,26.7,0.0,86.4,,
2024-02-21 05:00:00,26.8,0.0,85.2,,
2024-02-21 06:00:00,26.5,0.0,86.4,,
2024-02-21 07:00:00,26.3,0.0,87.6,,
2024-02-21 08:00:00,26.6,0.0,85.9,,
2024-02-21 09:00:00,28.6,0.0,77.4,1.0,2.5
2024-02-21 10:00:00,29.0,0.0,74.9,,
2024-02-21 11:00:00,29.8,0.0,70.9,43.0,5.9
2024-02-21 12:00:00,30.9,0.0,65.0,50.0,6.8
2024-02-21 13:00:00,32.1,0.0,61.7,36.0,4.7
2024-02-21 14:00:00,32.3,0.0,64.3,53.0,6.7
2024-02-21 15:00:00,33.4,0.0,61.7,48.0,7.4
2024-02-21 16:00:00,32.0,0.0,63.7,14.0,4.4
2024-02-21 17:00:00,29.7,0.0,70.8,,
2024-02-21 18:00:00,29.6,0.0,71.0,,
2024-02-21 19:00:00,28.7,0.0,71.9,,
2024-02-21 20:00:00,28.3,0.0,73.7,,
2024-02-21 21:00:00,28.0,0.0,76.0,,
2024-02-21 22:00:00,27.7,0.0,78.2,,
2024-02-21 23:00:00,27.4,0.0,81.3,,
2024-02-22 00:00:00,27.3,0.0,81.0,,
2024-02-22 01:00:00,27.2,0.0,81.4,,
2024-02-22 02:00:00,27.1,0.0,82.1,,
2024-02-22 03:00:00,26.9,0.0,82.6,,
2024-02-22 04:00:00,26.7,0.0,82.8,,
2024-02-22 05:00:00,26.6,0.0,83.0,,
2024-02-22 06:00:00,26.5,0.0,84.4,,
2024-02-22 07:00:00,26.5,0.0,82.7,,
2024-02-22 08:00:00,27.2,0.0,80.0,,
2024-02-22 09:00:00,28.9,0.0,71.1,58.0,4.9
2024-02-22 10:00:00,29.8,0.0,66.5,39.0,4.2
2024-02-22 11:00:00,30.2,0.0,69.0,55.0,7.0
2024-02-22 12:00:00,31.4,0.0,63.2,55.0,5.8
2024-02-22 13:00:00,31.5,0.0,62.1,70.0,5.4
2024-02-22 14:00:00,30.3,0.0,70.6,,
2024-02-22 15:00:00,31.4,0.0,67.4,71.0,8.7
2024-02-22 16:00:00,31.4,0.0,65.4,42.0,9.0
2024-02-22 17:00:00,30.3,0.0,67.9,,
2024-02-22 18:00:00,29.4,0.0,69.7,,
2024-02-22 19:00:00,28.6,0.0,69.8,,
2024-02-22 20:00:00,28.3,0.0,72.1,,
2024-02-22 21:00:00,27.9,0.0,75.4,,
2024-02-22 22:00:00,27.6,0.0,78.5,,
2024-02-22 23:00:00,27.5,0.0,79.4,,
2024-02-23 00:00:00,27.4,0.0,80.5,,
2024-02-23 01:00:00,27.1,0.0,81.5,,
2024-02-23 02:00:00,27.0,0.0,82.0,,
2024-02-23 03:00:00,27.0,0.0,81.7,,
2024-02-23 04:00:00,26.8,0.0,82.6,,
2024-02-23 05:00:00,26.5,0.0,84.8,,
2024-02-23 06:00:00,26.7,0.0,84.0,,
2024-02-23 07:00:00,26.8,0.0,83.1,,
2024-02-23 08:00:00,27.1,0.0,82.8,,
2024-02-23 09:00:00,28.2,0.0,78.1,,
2024-02-23 10:00:00,29.0,0.0,74.3,42.0,9.3
2024-02-23 11:00:00,30.8,0.0,66.6,50.0,9.5
2024-02-23 12:00:00,31.5,0.0,63.5,44.0,9.10001
2024-02-23 13:00:00,31.3,0.0,60.7,39.0,10.7
2024-02-23 14:00:00,31.3,0.0,62.4,40.0,10.5
2024-02-23 15:00:00,30.9,0.0,63.9,38.0,12.1
2024-02-23 16:00:00,31.7,0.0,62.7,40.0,9.89999
2024-02-23 17:00:00,31.1,0.0,62.1,43.0,12.3
2024-02-23 18:00:00,30.0,0.0,64.8,41.0,11.0
2024-02-23 19:00:00,28.8,0.0,67.3,,
2024-02-23 20:00:00,28.2,0.0,71.8,,
2024-02-23 21:00:00,27.9,0.0,74.7,,
2024-02-23 22:00:00,27.7,0.0,77.3,,
2024-02-23 23:00:00,27.3,0.0,79.3,,
2024-02-24 00:00:00,27.3,0.0,79.7,,
2024-02-24 01:00:00,27.0,0.0,79.3,,
2024-02-24 02:00:00,27.0,0.0,79.7,,
2024-02-24 03:00:00,27.0,0.0,79.4,,
2024-02-24 04:00:00,26.7,0.0,80.2,,
2024-02-24 05:00:00,26.7,0.0,81.2,,
2024-02-24 06:00:00,26.4,0.0,82.5,,
2024-02-24 07:00:00,26.1,0.0,83.7,,
2024-02-24 08:00:00,26.5,0.0,82.6,,
2024-02-24 09:00:00,28.5,0.0,74.1,46.0,8.0
2024-02-24 10:00:00,29.0,0.0,70.8,43.0,8.7
2024-02-24 11:00:00,30.5,0.0,61.5,41.0,10.1
2024-02-24 12:00:00,30.7,0.0,59.3,43.0,11.0
2024-02-24 13:00:00,31.1,0.0,58.5,41.0,8.10001
2024-02-24 14:00:00,31.2,0.0,56.9,45.0,9.89999
2024-02-24 15:00:00,30.8,0.0,57.9,37.0,9.89999
2024-02-24 16:00:00,30.6,0.0,58.0,38.0,10.8
2024-02-24 17:00:00,30.7,0.0,55.0,40.0,10.7
2024-02-24 18:00:00,29.8,0.0,59.8,37.0,11.9
2024-02-24 19:00:00,28.8,0.0,65.7,,
2024-02-24 20:00:00,28.2,0.0,70.5,,
2024-02-24 21:00:00,27.7,0.0,74.0,,
2024-02-24 22:00:00,27.6,0.0,75.3,,
2024-02-24 23:00:00,27.4,0.0,76.6,,
2024-02-25 00:00:00,27.3,0.0,77.0,,
2024-02-25 01:00:00,27.1,0.0,79.5,,
2024-02-25 02:00:00,27.1,0.0,78.9,,
2024-02-25 03:00:00,27.0,0.0,78.9,,
2024-02-25 04:00:00,26.8,0.0,81.1,,
2024-02-25 05:00:00,26.8,0.0,79.4,,
2024-02-25 06:00:00,26.6,0.0,81.2,,
2024-02-25 07:00:00,26.4,0.0,82.2,,
2024-02-25 08:00:00,27.0,0.0,79.9,,
2024-02-25 09:00:00,28.7,0.0,73.9,46.0,8.10001
2024-02-25 10:00:00,29.1,0.0,71.7,45.0,9.0
2024-02-25 11:00:00,30.8,0.0,62.0,38.0,8.60001
2024-02-25 12:00:00,31.8,0.0,57.9,29.0,6.2
2024-02-25 13:00:00,31.5,0.0,56.9,40.0,8.39999
2024-02-25 14:00:00,31.8,0.0,56.0,47.0,10.0
2024-02-25 15:00:00,32.7,0.0,51.9,40.0,10.0
2024-02-25 16:00:00,32.6,0.0,55.4,43.0,10.4
2024-02-25 17:00:00,31.6,0.0,58.1,45.0,10.4
2024-02-25 18:00:00,30.6,0.0,61.0,34.0,10.1
2024-02-25 19:00:00,29.4,0.0,69.4,42.0,12.3
2024-02-25 20:00:00,28.5,0.0,74.8,,
2024-02-25 21:00:00,28.3,0.0,76.5,,
2024-02-25 22:00:00,28.0,0.0,78.3,,
2024-02-25 23:00:00,27.9,0.0,79.3,,
2024-02-26 00:00:00,27.7,0.0,80.3,,
2024-02-26 01:00:00,27.5,0.0,80.6,,
2024-02-26 02:00:00,27.4,0.0,81.1,,
2024-02-26 03:00:00,27.2,0.0,82.4,,
2024-02-26 04:00:00,27.1,0.0,83.0,,
2024-02-26 05:00:00,26.7,0.0,82.9,,
2024-02-26 06:00:00,26.8,0.0,83.9,,
2024-02-26 07:00:00,26.5,0.0,84.6,,
2024-02-26 08:00:00,27.1,0.0,82.6,,
2024-02-26 09:00:00,28.8,0.0,74.9,49.0,8.89999
2024-02-26 10:00:00,29.8,0.0,69.4,58.0,11.8
2024-02-26 11:00:00,30.9,0.0,63.4,48.0,12.9
2024-02-26 12:00:00,31.2,0.0,59.9,54.0,12.9
2024-02-26 13:00:00,31.3,0.0,62.8,59.0,11.8
2024-02-26 14:00:00,32.2,0.0,58.8,51.0,11.1
2024-02-26 15:00:00,32.9,0.0,56.5,67.0,13.3
2024-02-26 16:00:00,30.2,0.0,66.9,34.0,9.39999
2024-02-26 17:00:00,30.9,0.0,60.7,45.0,10.4
2024-02-26 18:00:00,30.3,0.0,63.5,39.0,11.9
2024-02-26 19:00:00,29.0,0.0,71.0,,
2024-02-26 20:00:00,28.3,0.0,76.3,,
2024-02-26 21:00:00,28.0,0.0,77.4,,
2024-02-26 22:00:00,27.9,0.0,77.3,,
2024-02-26 23:00:00,28.0,0.0,78.1,,
2024-02-27 00:00:00,27.8,0.0,78.5,,
2024-02-27 01:00:00,27.8,0.0,77.9,,
2024-02-27 02:00:00,27.8,0.0,77.8,,
2024-02-27 03:00:00,27.6,0.0,79.3,,
2024-02-27 04:00:00,27.5,0.0,79.7,,
2024-02-27 05:00:00,27.5,0.0,80.5,,
2024-02-27 06:00:00,27.5,0.0,79.5,,
2024-02-27 07:00:00,27.3,0.0,80.2,,
2024-02-27 08:00:00,27.4,0.0,79.7,,
2024-02-27 09:00:00,27.6,0.0,79.6,,
2024-02-27 10:00:00,28.2,0.0,76.6,,
2024-02-27 11:00:00,27.4,0.0,80.9,,
2024-02-27 12:00:00,28.1,0.0,81.7,45.0,3.6
2024-02-27 13:00:00,28.9,0.0,73.4,31.0,8.3
2024-02-27 14:00:00,28.9,0.0,72.9,42.0,4.7
2024-02-27 15:00:00,29.2,0.0,73.7,32.0,10.0
2024-02-27 16:00:00,29.6,0.0,66.7,31.0,7.5
2024-02-27 17:00:00,30.3,0.0,67.5,38.0,7.5
2024-02-27 18:00:00,29.4,0.0,71.0,,
2024-02-27 19:00:00,28.7,0.0,71.8,,
2024-02-27 20:00:00,28.1,0.0,76.8,,
2024-02-27 21:00:00,27.7,0.0,77.8,,
2024-02-27 22:00:00,27.4,0.0,79.3,,
2024-02-27 23:00:00,27.4,0.0,81.6,,
2024-02-28 00:00:00,27.1,0.0,83.1,,
2024-02-28 01:00:00,27.3,0.0,81.8,,
2024-02-28 02:00:00,27.5,0.0,79.9,,
2024-02-28 03:00:00,27.3,0.0,81.1,,
2024-02-28 04:00:00,27.5,0.0,77.5,,
2024-02-28 05:00:00,27.5,0.0,77.7,,
2024-02-28 06:00:00,27.4,0.0,76.2,,
2024-02-28 07:00:00,26.9,0.0,77.8,,
2024-02-28 08:00:00,27.5,0.0,76.5,,
2024-02-28 09:00:00,28.5,0.0,71.2,,
2024-02-28 10:00:00,29.2,0.0,66.3,36.0,12.3
2024-02-28 11:00:00,30.8,0.0,58.5,35.0,11.1
2024-02-28 12:00:00,31.1,0.0,57.2,37.0,10.5
2024-02-28 13:00:00,32.0,0.0,61.0,38.0,9.8
2024-02-28 14:00:00,32.0,0.0,54.9,40.0,10.9
2024-02-28 15:00:00,31.7,0.0,54.2,42.0,12.2
2024-02-28 16:00:00,31.2,0.0,54.9,40.0,10.6
2024-02-28 17:00:00,30.4,0.0,58.9,35.0,12.5
2024-02-28 18:00:00,29.8,0.0,60.0,37.0,10.8
2024-02-28 19:00:00,28.9,0.0,62.7,,
2024-02-28 20:00:00,28.3,0.0,67.3,,
2024-02-28 21:00:00,27.8,0.0,72.7,,
2024-02-28 22:00:00,27.5,0.0,75.4,,
2024-02-28 23:00:00,27.1,0.0,77.3,,
2024-02-29 00:00:00,26.9,0.0,79.2,,
2024-02-29 01:00:00,26.7,0.0,80.3,,
2024-02-29 02:00:00,26.5,0.0,82.0,,
2024-02-29 03:00:00,26.4,0.0,82.1,,
2024-02-29 04:00:00,26.1,0.0,83.2,,
2024-02-29 05:00:00,26.1,0.0,83.1,,
2024-02-29 06:00:00,26.0,0.0,83.6,,
2024-02-29 07:00:00,26.2,0.0,82.8,,
2024-02-29 08:00:00,26.8,0.0,80.7,,
2024-02-29 09:00:00,28.2,0.0,74.9,52.0,6.1
2024-02-29 10:00:00,29.9,0.0,67.6,45.0,8.2
2024-02-29 11:00:00,30.9,0.0,61.1,50.0,10.5
2024-02-29 12:00:00,31.7,0.0,60.1,43.0,10.7
2024-02-29 13:00:00,31.8,0.0,56.7,39.0,9.7
2024-02-29 14:00:00,32.9,0.0,51.2,45.0,11.2
2024-02-29 15:00:00,32.3,0.0,54.1,44.0,11.1
2024-02-29 16:00:00,32.2,0.0,54.1,42.0,10.9
2024-02-29 17:00:00,31.8,0.0,57.3,51.0,12.4
2024-02-29 18:00:00,31.2,0.0,57.1,45.0,10.2
2024-02-29 19:00:00,29.9,0.0,65.6,42.0,10.9
2024-02-29 20:00:00,28.9,0.0,72.1,,
2024-02-29 21:00:00,28.3,0.0,76.2,,
2024-02-29 22:00:00,28.1,0.0,77.5,,
2024-02-29 23:00:00,27.7,0.0,78.7,,
2024-03-01 00:00:00,27.4,0.0,80.6,,
2024-03-01 01:00:00,27.2,0.0,81.0,,
2024-03-01 02:00:00,27.2,0.0,83.2,,
2024-03-01 03:00:00,27.2,0.0,84.2,,
2024-03-01 04:00:00,27.3,0.0,84.3,,
2024-03-01 05:00:00,27.3,0.0,82.7,,
2024-03-01 06:00:00,27.1,0.0,84.0,,
2024-03-01 07:00:00,27.0,0.0,85.0,,
2024-03-01 08:00:00,27.5,0.0,83.9,,
2024-03-01 09:00:00,28.8,0.0,77.6,,
2024-03-01 10:00:00,30.6,0.0,71.3,48.0,6.7
2024-03-01 11:00:00,30.9,0.0,69.4,48.0,9.5
2024-03-01 12:00:00,31.3,0.0,63.0,41.0,9.60001
2024-03-01 13:00:00,32.4,0.0,61.3,44.0,7.8
2024-03-01 14:00:00,32.1,0.0,62.7,43.0,9.60001
2024-03-01 15:00:00,30.5,0.0,70.7,43.0,9.8
2024-03-01 16:00:00,31.6,0.0,61.3,49.0,12.2
2024-03-01 17:00:00,30.2,0.0,70.1,42.0,10.7
2024-03-01 18:00:00,29.4,0.0,71.1,,
2024-03-01 19:00:00,28.9,0.0,76.9,,
2024-03-01 20:00:00,28.7,0.0,74.7,,
2024-03-01 21:00:00,28.5,0.0,77.0,,
2024-03-01 22:00:00,28.2,0.0,79.8,,
2024-03-01 23:00:00,28.1,0.0,81.0,,
2024-03-02 00:00:00,27.9,0.0,81.2,,
2024-03-02 01:00:00,27.5,0.0,83.2,,
2024-03-02 02:00:00,27.3,0.0,84.1,,
2024-03-02 03:00:00,27.4,0.0,83.0,,
2024-03-02 04:00:00,27.2,0.0,84.2,,
2024-03-02 05:00:00,27.2,0.0,83.7,,
2024-03-02 06:00:00,27.0,0.0,85.2,,
2024-03-02 07:00:00,26.6,0.0,86.6,,
2024-03-02 08:00:00,27.1,0.0,85.2,,
2024-03-02 09:00:00,28.1,0.0,79.8,,
2024-03-02 10:00:00,29.3,0.0,72.2,36.0,7.0
2024-03-02 11:00:00,30.5,0.0,68.6,45.0,7.8
2024-03-02 12:00:00,32.1,0.0,63.0,15.0,4.9
2024-03-02 13:00:00,28.2,0.0,86.3,,
2024-03-02 14:00:00,30.7,0.0,73.2,27.0,6.5
2024-03-02 15:00:00,29.5,0.0,72.7,32.0,11.4
2024-03-02 16:00:00,30.8,0.0,63.0,33.0,11.7
2024-03-02 17:00:00,30.6,0.0,65.8,32.0,11.9
2024-03-02 18:00:00,29.8,0.0,68.9,35.0,7.6
2024-03-02 19:00:00,27.3,0.0,80.7,,
2024-03-02 20:00:00,27.2,0.0,80.1,,
2024-03-02 21:00:00,27.0,0.0,81.5,,
2024-03-02 22:00:00,26.9,0.0,84.8,,
2024-03-02 23:00:00,26.9,0.0,85.4,,
2024-03-03 00:00:00,26.8,0.0,85.9,,
2024-03-03 01:00:00,26.6,0.0,87.5,,
2024-03-03 02:00:00,27.1,0.0,84.5,,
2024-03-03 03:00:00,27.0,0.0,84.4,,
2024-03-03 04:00:00,25.9,0.6,91.0,,
2024-03-03 05:00:00,25.3,0.0,92.7,,
2024-03-03 06:00:00,25.5,0.0,91.6,,
2024-03-03 07:00:00,25.2,0.0,92.7,,
2024-03-03 08:00:00,25.5,0.0,91.9,,
2024-03-03 09:00:00,26.0,0.0,91.3,57.0,4.6
2024-03-03 10:00:00,26.7,0.0,87.6,,
2024-03-03 11:00:00,26.3,0.0,88.0,,
2024-03-03 12:00:00,28.6,0.0,78.1,3.0,4.6
2024-03-03 13:00:00,28.2,0.0,78.7,,
2024-03-03 14:00:00,29.2,0.0,74.4,48.0,8.89999
2024-03-03 15:00:00,28.2,0.0,82.6,,
2024-03-03 16:00:00,29.2,0.0,78.6,39.0,8.39999
2024-03-03 17:00:00,29.1,0.0,79.7,36.0,5.7
2024-03-03 18:00:00,28.7,0.0,78.3,,
2024-03-03 19:00:00,28.3,0.0,79.7,,
2024-03-03 20:00:00,28.0,0.0,82.0,,
2024-03-03 21:00:00,27.9,0.0,81.8,,
2024-03-03 22:00:00,27.6,0.0,82.9,,
2024-03-03 23:00:00,27.4,0.0,84.8,,
2024-03-04 00:00:00,27.5,0.0,83.6,,
2024-03-04 01:00:00,27.4,0.0,84.3,,
2024-03-04 02:00:00,27.3,0.0,84.4,,
2024-03-04 03:00:00,27.4,0.0,83.4,,
2024-03-04 04:00:00,27.2,0.0,84.3,,
2024-03-04 05:00:00,26.9,0.0,85.5,,
2024-03-04 06:00:00,26.5,0.0,87.7,,
2024-03-04 07:00:00,26.4,0.0,88.6,,
2024-03-04 08:00:00,26.8,0.0,87.3,,
2024-03-04 09:00:00,28.5,0.0,80.5,347.0,2.9
2024-03-04 10:00:00,29.1,0.0,76.0,36.0,6.9
2024-03-04 11:00:00,30.3,0.0,71.8,37.0,5.5
2024-03-04 12:00:00,31.1,0.0,67.1,40.0,7.1
2024-03-04 13:00:00,29.5,0.0,73.6,41.0,11.1
2024-03-04 14:00:00,30.4,0.0,69.7,37.0,7.7
2024-03-04 15:00:00,31.2,0.0,66.8,34.0,8.0
2024-03-04 16:00:00,31.8,0.0,61.8,56.0,12.5
2024-03-04 17:00:00,30.8,0.0,64.4,61.0,10.4
2024-03-04 18:00:00,28.5,0.0,78.1,,
2024-03-04 19:00:00,28.4,0.0,78.8,,
2024-03-04 20:00:00,28.2,0.0,80.7,,
2024-03-04 21:00:00,28.2,0.0,81.1,,
2024-03-04 22:00:00,27.8,0.2,83.9,,
2024-03-04 23:00:00,26.2,0.0,89.8,,
2024-03-05 00:00:00,24.4,2.6,93.4,,
2024-03-05 01:00:00,24.4,0.2,94.8,,
2024-03-05 02:00:00,24.6,0.0,94.7,,
2024-03-05 03:00:00,24.7,0.0,94.2,,
2024-03-05 04:00:00,24.9,0.0,93.4,,
2024-03-05 05:00:00,25.3,0.0,93.5,,
2024-03-05 06:00:00,25.5,0.0,93.6,121.0,3.2
2024-03-05 07:00:00,25.5,0.0,93.0,128.0,3.7
2024-03-05 08:00:00,26.0,0.0,93.5,135.0,3.9
2024-03-05 09:00:00,27.4,0.0,88.3,74.0,1.4
2024-03-05 10:00:00,28.6,0.0,81.4,,
2024-03-05 11:00:00,29.6,0.0,76.6,38.0,4.4
2024-03-05 12:00:00,30.0,0.0,72.7,40.0,4.8
2024-03-05 13:00:00,30.9,0.0,68.4,63.0,3.5
2024-03-05 14:00:00,29.9,0.0,70.4,,
2024-03-05 15:00:00,29.1,0.0,72.8,49.0,8.39999
2024-03-05 16:00:00,26.6,0.0,85.8,,
2024-03-05 17:00:00,26.1,0.0,92.0,,
2024-03-05 18:00:00,26.7,0.0,88.4,,
2024-03-05 19:00:00,25.4,0.2,93.0,,
2024-03-05 20:00:00,25.4,0.2,93.3,,
2024-03-05 21:00:00,25.5,0.0,92.8,,
2024-03-05 22:00:00,25.4,0.0,93.2,,
2024-03-05 23:00:00,25.3,0.0,92.9,,
2024-03-06 00:00:00,25.1,0.0,92.0,,
2024-03-06 01:00:00,25.3,0.0,92.7,,
2024-03-06 02:00:00,25.3,0.0,92.8,,
2024-03-06 03:00:00,25.6,0.0,92.6,,
2024-03-06 04:00:00,25.5,0.0,93.1,,
2024-03-06 05:00:00,25.6,0.0,93.2,,
2024-03-06 06:00:00,25.6,0.0,90.1,,
2024-03-06 07:00:00,25.8,0.0,89.8,,
2024-03-06 08:00:00,26.2,0.0,89.3,,
2024-03-06 09:00:00,27.4,0.0,83.0,357.0,2.4
2024-03-06 10:00:00,28.5,0.0,77.7,3.0,1.9
2024-03-06 11:00:00,30.3,0.0,70.6,41.0,5.4
2024-03-06 12:00:00,31.6,0.0,64.7,50.0,4.6
2024-03-06 13:00:00,31.9,0.0,61.6,14.0,3.2
2024-03-06 14:00:00,30.3,0.0,71.8,200.0,6.2
2024-03-06 15:00:00,27.4,0.0,87.2,,
2024-03-06 16:00:00,27.4,0.0,79.7,,
2024-03-06 17:00:00,28.5,0.0,80.9,,
2024-03-06 18:00:00,28.8,0.0,75.2,,
2024-03-06 19:00:00,28.1,0.0,77.2,,
2024-03-06 20:00:00,27.8,0.0,82.1,,
2024-03-06 21:00:00,27.5,0.0,84.7,,
2024-03-06 22:00:00,27.0,0.0,85.6,,
2024-03-06 23:00:00,27.1,0.0,87.5,,
2024-03-07 00:00:00,26.9,0.0,88.9,,
2024-03-07 01:00:00,26.9,0.0,89.0,,
2024-03-07 02:00:00,26.8,0.0,89.6,,
2024-03-07 03:00:00,26.9,0.0,89.4,,
2024-03-07 04:00:00,26.9,0.0,89.5,,
2024-03-07 05:00:00,26.8,0.0,90.1,,
2024-03-07 06:00:00,26.5,0.0,90.6,,
2024-03-07 07:00:00,26.5,0.0,91.1,,
2024-03-07 08:00:00,27.0,0.0,88.9,,
2024-03-07 09:00:00,29.1,0.0,82.3,42.0,3.9
2024-03-07 10:00:00,29.9,0.0,77.3,52.0,7.1
2024-03-07 11:00:00,31.0,0.0,71.3,22.0,4.3
2024-03-07 12:00:00,32.0,0.0,63.6,60.0,6.9
2024-03-07 13:00:00,32.6,0.0,61.1,51.0,7.7
2024-03-07 14:00:00,30.1,0.0,76.0,,
2024-03-07 15:00:00,28.2,0.0,74.6,,
2024-03-07 16:00:00,31.5,0.0,68.0,69.0,3.7
2024-03-07 17:00:00,29.8,0.0,75.5,,
2024-03-07 18:00:00,28.2,0.0,80.5,,
2024-03-07 19:00:00,24.9,8.39999,93.4,11.0,5.1
2024-03-07 20:00:00,24.9,0.0,93.9,,
2024-03-07 21:00:00,26.6,0.0,92.3,,
2024-03-07 22:00:00,27.4,0.0,89.1,,
2024-03-07 23:00:00,27.3,0.0,87.4,,
2024-03-08 00:00:00,27.2,0.0,89.2,,
2024-03-08 01:00:00,27.1,0.0,89.6,,
2024-03-08 02:00:00,26.8,0.0,91.4,,
2024-03-08 03:00:00,26.6,0.0,91.2,,
2024-03-08 04:00:00,26.6,0.0,89.8,,
2024-03-08 05:00:00,26.5,0.0,89.5,,
2024-03-08 06:00:00,26.5,0.0,89.4,,
2024-03-08 07:00:00,26.7,0.0,89.0,,
2024-03-08 08:00:00,27.0,0.0,87.6,,
2024-03-08 09:00:00,27.7,0.0,84.3,,
2024-03-08 10:00:00,28.6,0.0,78.6,330.0,2.1
2024-03-08 11:00:00,29.4,0.0,72.9,307.0,3.7
2024-03-08 12:00:00,30.2,0.0,70.4,310.0,3.4
2024-03-08 13:00:00,30.1,0.0,67.2,324.0,3.3
2024-03-08 14:00:00,31.1,0.0,64.0,312.0,3.5
2024-03-08 15:00:00,29.5,0.0,74.6,241.0,3.4
2024-03-08 16:00:00,23.4,0.4,94.6,,
2024-03-08 17:00:00,24.6,0.0,94.2,,
2024-03-08 18:00:00,25.8,0.0,92.2,,
2024-03-08 19:00:00,25.8,0.0,88.5,,
2024-03-08 20:00:00,26.2,0.0,86.0,,
2024-03-08 21:00:00,25.9,0.0,88.5,,
2024-03-08 22:00:00,25.9,0.0,88.4,129.0,3.8
2024-03-08 23:00:00,25.7,0.0,86.5,125.0,4.7
2024-03-09 00:00:00,25.7,0.0,88.3,120.0,4.0
2024-03-09 01:00:00,25.9,0.0,87.1,,
2024-03-09 02:00:00,26.0,0.0,87.7,,
2024-03-09 03:00:00,26.0,0.0,88.9,,
2024-03-09 04:00:00,26.0,0.0,88.7,,
2024-03-09 05:00:00,25.8,0.0,89.7,,
2024-03-09 06:00:00,25.8,0.0,89.0,,
2024-03-09 07:00:00,26.0,0.0,87.9,,
2024-03-09 08:00:00,26.5,0.0,87.7,,
2024-03-09 09:00:00,27.4,0.0,83.0,,
2024-03-09 10:00:00,29.1,0.0,73.7,39.0,5.3
2024-03-09 11:00:00,29.7,0.0,71.7,25.0,4.8
2024-03-09 12:00:00,31.0,0.0,66.5,42.0,5.3
2024-03-09 13:00:00,31.3,0.0,61.1,17.0,4.4
2024-03-09 14:00:00,31.7,0.0,61.7,63.0,10.2
2024-03-09 15:00:00,31.9,0.0,58.0,52.0,7.9
2024-03-09 16:00:00,32.2,0.0,57.2,22.0,6.0
2024-03-09 17:00:00,31.5,0.0,54.5,51.0,9.7
2024-03-09 18:00:00,30.5,0.0,61.9,80.0,9.10001
2024-03-09 19:00:00,29.3,0.0,67.2,,
2024-03-09 20:00:00,28.3,0.0,74.6,,
2024-03-09 21:00:00,27.8,0.0,79.0,,
2024-03-09 22:00:00,28.1,0.0,77.8,,
2024-03-09 23:00:00,27.6,0.0,80.3,,
2024-03-10 00:00:00,27.5,0.0,82.3,,
2024-03-10 01:00:00,27.5,0.0,83.4,,
2024-03-10 02:00:00,27.5,0.0,83.3,,
2024-03-10 03:00:00,27.0,0.0,84.7,,
2024-03-10 04:00:00,26.7,0.0,86.7,,
2024-03-10 05:00:00,26.4,0.0,87.5,,
2024-03-10 06:00:00,26.7,0.0,85.1,,
2024-03-10 07:00:00,26.3,0.0,85.8,,
2024-03-10 08:00:00,26.6,0.0,83.1,,
2024-03-10 09:00:00,27.1,0.0,82.6,,
2024-03-10 10:00:00,27.0,0.0,83.2,,
2024-03-10 11:00:00,28.5,0.0,75.9,359.0,1.9
2024-03-10 12:00:00,28.7,0.0,76.0,348.0,2.4
2024-03-10 13:00:00,31.1,0.0,69.9,34.0,6.1
2024-03-10 14:00:00,30.8,0.0,69.1,41.0,6.7
2024-03-10 15:00:00,31.3,0.0,65.5,48.0,11.7
2024-03-10 16:00:00,31.1,0.0,61.0,34.0,11.3
2024-03-10 17:00:00,29.9,0.0,66.1,33.0,10.6
2024-03-10 18:00:00,29.5,0.0,66.0,39.0,12.1
2024-03-10 19:00:00,28.8,0.0,72.2,,
2024-03-10 20:00:00,28.4,0.0,73.9,,
2024-03-10 21:00:00,28.1,0.0,74.1,,
2024-03-10 22:00:00,27.8,0.0,76.0,,
2024-03-10 23:00:00,27.6,0.0,76.3,,
2024-03-11 00:00:00,27.3,0.0,78.7,,
2024-03-11 01:00:00,27.4,0.0,78.8,,
2024-03-11 02:00:00,27.5,0.0,76.3,,
2024-03-11 03:00:00,27.3,0.0,77.0,,
2024-03-11 04:00:00,26.6,0.0,80.9,,
2024-03-11 05:00:00,26.4,0.0,80.4,,
2024-03-11 06:00:00,26.3,0.0,79.9,,
2024-03-11 07:00:00,26.1,0.0,80.6,,
2024-03-11 08:00:00,26.5,0.0,79.0,,
2024-03-11 09:00:00,28.1,0.0,72.3,253.0,1.8
2024-03-11 10:00:00,29.4,0.0,65.3,30.0,7.1
2024-03-11 11:00:00,30.2,0.0,62.8,33.0,6.9
2024-03-11 12:00:00,31.1,0.0,61.1,49.0,9.10001
2024-03-11 13:00:00,31.7,0.0,59.0,42.0,9.39999
2024-03-11 14:00:00,31.5,0.0,55.3,44.0,10.4
2024-03-11 15:00:00,31.5,0.0,56.9,51.0,10.9
2024-03-11 16:00:00,31.6,0.0,56.8,43.0,8.2
2024-03-11 17:00:00,31.4,0.0,58.1,48.0,10.0
2024-03-11 18:00:00,30.9,0.0,57.5,32.0,6.7
2024-03-11 19:00:00,29.7,0.0,64.5,,
2024-03-11 20:00:00,28.9,0.0,69.4,,
2024-03-11 21:00:00,28.7,0.0,71.6,,
2024-03-11 22:00:00,27.1,0.0,80.1,,
2024-03-11 23:00:00,27.2,0.0,81.5,,
2024-03-12 00:00:00,27.7,0.0,77.5,,
2024-03-12 01:00:00,27.6,0.0,78.6,,
2024-03-12 02:00:00,27.4,0.0,79.5,,
2024-03-12 03:00:00,27.3,0.0,80.2,,
2024-03-12 04:00:00,27.1,0.0,80.7,,
2024-03-12 05:00:00,27.0,0.0,80.5,,
2024-03-12 06:00:00,27.0,0.0,80.7,,
2024-03-12 07:00:00,27.1,0.0,79.1,,
2024-03-12 08:00:00,27.3,0.0,78.3,,
2024-03-12 09:00:00,28.5,0.0,73.4,,
2024-03-12 10:00:00,29.2,0.0,69.7,15.0,7.6
2024-03-12 11:00:00,30.1,0.0,65.1,31.0,7.7
2024-03-12 12:00:00,31.8,0.0,59.1,30.0,6.8
2024-03-12 13:00:00,32.5,0.0,50.5,20.0,7.2
2024-03-12 14:00:00,32.0,0.0,56.3,49.0,10.0
2024-03-12 15:00:00,31.8,0.0,56.8,43.0,9.5
2024-03-12 16:00:00,30.9,0.0,64.6,38.0,10.4
2024-03-12 17:00:00,31.0,0.0,61.0,38.0,11.0
2024-03-12 18:00:00,30.7,0.0,57.0,26.0,7.0
2024-03-12 19:00:00,29.2,0.0,63.3,,
2024-03-12 20:00:00,28.2,0.0,70.9,,
2024-03-12 21:00:00,27.6,0.0,74.4,,
2024-03-12 22:00:00,27.3,0.0,76.7,,
2024-03-12 23:00:00,27.3,0.0,78.1,,
2024-03-13 00:00:00,27.1,0.0,78.8,,
2024-03-13 01:00:00,26.8,0.0,79.4,,
2024-03-13 02:00:00,26.6,0.0,80.0,,
2024-03-13 03:00:00,26.4,0.0,79.9,,
2024-03-13 04:00:00,26.1,0.0,81.7,,
2024-03-13 05:00:00,25.7,0.0,83.1,,
2024-03-13 06:00:00,25.6,0.0,83.1,,
2024-03-13 07:00:00,25.5,0.0,83.8,,
2024-03-13 08:00:00,26.1,0.0,81.4,,
2024-03-13 09:00:00,27.9,0.0,74.7,10.0,2.3
2024-03-13 10:00:00,29.6,0.0,66.1,23.0,5.8
2024-03-13 11:00:00,30.3,0.0,62.7,41.0,9.5
2024-03-13 12:00:00,31.4,0.0,60.4,43.0,9.8
2024-03-13 13:00:00,31.6,0.0,55.8,44.0,10.9
2024-03-13 14:00:00,32.3,0.0,52.9,47.0,11.4
2024-03-13 15:00:00,32.3,0.0,47.9,50.0,13.9
2024-03-13 16:00:00,32.7,0.0,45.3,53.0,12.6
2024-03-13 17:00:00,32.0,0.0,52.8,49.0,11.4
2024-03-13 18:00:00,31.1,0.0,59.2,43.0,10.2
2024-03-13 19:00:00,29.5,0.0,63.1,,
2024-03-13 20:00:00,28.5,0.0,70.4,,
2024-03-13 21:00:00,28.1,0.0,72.6,,
2024-03-13 22:00:00,27.7,0.0,75.9,,
2024-03-13 23:00:00,27.4,0.0,77.8,,
2024-03-14 00:00:00,27.3,0.0,79.1,,
2024-03-14 01:00:00,26.8,0.0,81.6,,
2024-03-14 02:00:00,26.6,0.0,82.6,,
2024-03-14 03:00:00,26.4,0.0,83.8,,
2024-03-14 04:00:00,26.3,0.0,84.4,,
2024-03-14 05:00:00,26.2,0.0,85.1,,
2024-03-14 06:00:00,25.9,0.0,86.4,,
2024-03-14 07:00:00,25.7,0.0,87.0,,
2024-03-14 08:00:00,26.4,0.0,84.2,,
2024-03-14 09:00:00,27.9,0.0,78.2,,
2024-03-14 10:00:00,29.3,0.0,70.8,30.0,6.6
2024-03-14 11:00:00,31.0,0.0,63.7,37.0,7.4
2024-03-14 12:00:00,32.0,0.0,58.7,43.0,10.8
2024-03-14 13:00:00,31.7,0.0,56.5,52.0,11.9
2024-03-14 14:00:00,32.4,0.0,56.9,53.0,11.0
2024-03-14 15:00:00,32.2,0.0,57.2,45.0,10.3
2024-03-14 16:00:00,31.9,0.0,55.0,48.0,11.4
2024-03-14 17:00:00,31.5,0.0,59.2,62.0,10.7
2024-03-14 18:00:00,30.3,0.0,67.2,42.0,9.89999
2024-03-14 19:00:00,28.9,0.0,72.2,,
2024-03-14 20:00:00,28.3,0.0,75.7,,
2024-03-14 21:00:00,27.9,0.0,76.9,,
2024-03-14 22:00:00,27.7,0.0,75.4,,
2024-03-14 23:00:00,27.5,0.0,75.9,,
2024-03-15 00:00:00,27.3,0.0,78.0,,
2024-03-15 01:00:00,27.1,0.0,78.1,,
2024-03-15 02:00:00,26.8,0.0,79.2,,
2024-03-15 03:00:00,26.3,0.0,82.3,,
2024-03-15 04:00:00,26.0,0.0,83.1,,
2024-03-15 05:00:00,25.5,0.0,84.7,,
2024-03-15 06:00:00,25.8,0.0,83.8,,
2024-03-15 07:00:00,25.6,0.0,84.7,,
2024-03-15 08:00:00,26.8,0.0,79.9,,
2024-03-15 09:00:00,28.2,0.0,74.1,,
2024-03-15 10:00:00,29.8,0.0,66.0,28.0,5.1
2024-03-15 11:00:00,29.9,0.0,65.1,41.0,8.60001
2024-03-15 12:00:00,30.5,0.0,59.7,53.0,9.10001
2024-03-15 13:00:00,31.1,0.0,56.7,49.0,8.2
2024-03-15 14:00:00,31.6,0.0,56.5,57.0,7.4
2024-03-15 15:00:00,30.9,0.0,59.5,58.0,10.1
2024-03-15 16:00:00,30.5,0.0,61.0,33.0,9.7
2024-03-15 17:00:00,29.8,0.0,64.5,,
2024-03-15 18:00:00,29.5,0.0,66.9,,
2024-03-15 19:00:00,28.8,0.0,67.1,,
2024-03-15 20:00:00,28.3,0.0,67.2,,
2024-03-15 21:00:00,28.1,0.0,67.1,,
2024-03-15 22:00:00,27.7,0.0,70.8,,
2024-03-15 23:00:00,27.5,0.0,74.8,,
2024-03-16 00:00:00,27.1,0.0,78.3,,
2024-03-16 01:00:00,26.9,0.0,79.7,,
2024-03-16 02:00:00,26.9,0.0,80.9,,
2024-03-16 03:00:00,26.6,0.0,82.7,,
2024-03-16 04:00:00,26.4,0.0,84.5,,
2024-03-16 05:00:00,26.3,0.0,84.5,,
2024-03-16 06:00:00,25.9,0.0,86.1,,
2024-03-16 07:00:00,25.6,0.0,86.7,,
2024-03-16 08:00:00,26.8,0.0,82.4,,
2024-03-16 09:00:00,27.7,0.0,76.3,,
2024-03-16 10:00:00,28.8,0.0,73.1,,
2024-03-16 11:00:00,30.7,0.0,67.0,42.0,7.2
2024-03-16 12:00:00,31.3,0.0,60.9,54.0,8.89999
2024-03-16 13:00:00,32.2,0.0,57.6,66.0,9.39999
2024-03-16 14:00:00,31.9,0.0,57.1,39.0,8.39999
2024-03-16 15:00:00,32.2,0.0,57.8,66.0,10.7
2024-03-16 16:00:00,32.4,0.0,56.7,53.0,11.7
2024-03-16 17:00:00,31.4,0.0,57.6,55.0,12.0
2024-03-16 18:00:00,30.4,0.0,65.1,33.0,9.5
2024-03-16 19:00:00,29.3,0.0,68.1,,
2024-03-16 20:00:00,28.4,0.0,73.9,,
2024-03-16 21:00:00,28.2,0.0,75.3,,
2024-03-16 22:00:00,27.9,0.0,76.2,,
2024-03-16 23:00:00,27.8,0.0,77.2,,
2024-03-17 00:00:00,27.6,0.0,79.0,,
2024-03-17 01:00:00,27.6,0.0,78.6,,
2024-03-17 02:00:00,27.5,0.0,78.9,,
2024-03-17 03:00:00,27.1,0.0,80.3,,
2024-03-17 04:00:00,26.6,0.0,83.0,,
2024-03-17 05:00:00,26.5,0.0,83.5,,
2024-03-17 06:00:00,26.1,0.0,84.2,,
2024-03-17 07:00:00,26.2,0.0,84.5,,
2024-03-17 08:00:00,27.0,0.0,81.4,,
2024-03-17 09:00:00,28.4,0.0,74.9,,
2024-03-17 10:00:00,30.5,0.0,66.8,36.0,5.1
2024-03-17 11:00:00,31.4,0.0,63.1,43.0,8.39999
2024-03-17 12:00:00,31.8,0.0,59.2,47.0,10.6
2024-03-17 13:00:00,32.6,0.0,55.1,45.0,11.5
2024-03-17 14:00:00,33.0,0.0,56.1,48.0,11.8
2024-03-17 15:00:00,32.9,0.0,55.6,45.0,12.5
2024-03-17 16:00:00,32.3,0.0,58.8,41.0,11.9
2024-03-17 17:00:00,31.1,0.0,63.3,40.0,11.5
2024-03-17 18:00:00,30.0,0.0,66.4,,
2024-03-17 19:00:00,29.5,0.0,69.5,,
2024-03-17 20:00:00,28.9,0.0,73.1,,
2024-03-17 21:00:00,28.5,0.0,75.7,,
2024-03-17 22:00:00,28.3,0.0,76.7,,
2024-03-17 23:00:00,28.0,0.0,76.8,,
2024-03-18 00:00:00,27.5,0.0,77.8,,
2024-03-18 01:00:00,27.4,0.0,77.4,,
2024-03-18 02:00:00,27.1,0.0,78.9,,
2024-03-18 03:00:00,26.8,0.0,79.8,,
2024-03-18 04:00:00,26.4,0.0,81.6,,
2024-03-18 05:00:00,26.1,0.0,82.9,,
2024-03-18 06:00:00,26.0,0.0,83.5,,
2024-03-18 07:00:00,25.6,0.0,84.9,,
2024-03-18 08:00:00,27.2,0.0,77.2,,
2024-03-18 09:00:00,28.4,0.0,73.6,,
2024-03-18 10:00:00,29.8,0.0,68.1,47.0,6.3
2024-03-18 11:00:00,30.6,0.0,63.1,44.0,7.6
2024-03-18 12:00:00,32.2,0.0,56.4,41.0,6.0
2024-03-18 13:00:00,32.4,0.0,55.5,58.0,9.10001
2024-03-18 14:00:00,32.9,0.0,52.7,37.0,8.3
2024-03-18 15:00:00,32.9,0.0,54.5,42.0,8.39999
2024-03-18 16:00:00,32.7,0.0,54.0,41.0,9.8
2024-03-18 17:00:00,32.2,0.0,55.0,45.0,10.2
2024-03-18 18:00:00,31.6,0.0,59.1,47.0,10.8
2024-03-18 19:00:00,30.1,0.0,67.3,,
2024-03-18 20:00:00,29.1,0.0,72.1,,
2024-03-18 21:00:00,28.7,0.0,76.8,,
2024-03-18 22:00:00,28.3,0.0,78.5,,
2024-03-18 23:00:00,28.1,0.0,79.8,,
2024-03-19 00:00:00,28.0,0.0,80.2,,
2024-03-19 01:00:00,28.0,0.0,80.3,,
2024-03-19 02:00:00,27.7,0.0,81.8,,
2024-03-19 03:00:00,27.7,0.0,82.4,,
2024-03-19 04:00:00,27.6,0.0,82.1,,
2024-03-19 05:00:00,27.3,0.0,84.1,,
2024-03-19 06:00:00,27.2,0.0,83.4,,
2024-03-19 07:00:00,26.9,0.0,83.4,,
2024-03-19 08:00:00,27.6,0.0,80.0,,
2024-03-19 09:00:00,29.3,0.0,72.9,,
2024-03-19 10:00:00,30.1,0.0,67.7,44.0,8.7
2024-03-19 11:00:00,31.2,0.0,62.5,40.0,9.0
2024-03-19 12:00:00,31.9,0.0,57.3,41.0,9.5
2024-03-19 13:00:00,32.4,0.0,57.2,45.0,11.2
2024-03-19 14:00:00,32.9,0.0,55.0,52.0,10.7
2024-03-19 15:00:00,31.4,0.0,61.5,46.0,10.7
2024-03-19 16:00:00,31.4,0.0,62.0,41.0,11.5
2024-03-19 17:00:00,30.5,0.0,64.3,,
2024-03-19 18:00:00,30.0,0.0,66.4,,
2024-03-19 19:00:00,29.1,0.0,69.4,,
2024-03-19 20:00:00,28.6,0.0,73.1,,
2024-03-19 21:00:00,28.3,0.0,75.1,,
2024-03-19 22:00:00,28.0,0.0,77.8,,
2024-03-19 23:00:00,27.8,0.0,79.8,,
2024-03-20 00:00:00,27.6,0.0,79.7,,
2024-03-20 01:00:00,27.7,0.0,78.4,,
2024-03-20 02:00:00,27.5,0.0,79.0,,
2024-03-20 03:00:00,27.5,0.0,80.3,,
2024-03-20 04:00:00,27.3,0.0,79.9,,
2024-03-20 05:00:00,27.0,0.0,80.5,,
2024-03-20 06:00:00,26.9,0.0,80.9,,
2024-03-20 07:00:00,26.9,0.0,81.2,,
2024-03-20 08:00:00,27.7,0.0,78.3,,
2024-03-20 09:00:00,29.2,0.0,73.4,36.0,8.0
2024-03-20 10:00:00,29.6,0.0,71.0,43.0,8.3
2024-03-20 11:00:00,31.5,0.0,59.6,45.0,11.2
2024-03-20 12:00:00,31.7,0.0,58.8,43.0,9.8
2024-03-20 13:00:00,32.1,0.0,61.5,47.0,12.2
2024-03-20 14:00:00,30.4,0.0,67.7,39.0,9.89999
2024-03-20 15:00:00,31.5,0.0,60.0,50.0,12.7
2024-03-20 16:00:00,30.8,0.0,62.5,35.0,12.2
2024-03-20 17:00:00,30.4,0.0,65.1,34.0,9.5
2024-03-20 18:00:00,30.0,0.0,65.6,36.0,11.0
2024-03-20 19:00:00,29.2,0.0,70.6,,
2024-03-20 20:00:00,28.7,0.0,73.8,,
2024-03-20 21:00:00,28.4,0.0,75.9,,
2024-03-20 22:00:00,28.2,0.0,76.3,,
2024-03-20 23:00:00,27.9,0.0,78.0,,
2024-03-21 00:00:00,28.1,0.0,78.9,,
2024-03-21 01:00:00,28.0,0.0,77.5,,
2024-03-21 02:00:00,27.9,0.0,76.4,,
2024-03-21 03:00:00,27.4,0.0,78.9,,
2024-03-21 04:00:00,27.4,0.0,78.7,,
2024-03-21 05:00:00,27.4,0.0,78.5,,
2024-03-21 06:00:00,27.2,0.0,80.6,,
2024-03-21 07:00:00,27.3,0.0,81.5,,
2024-03-21 08:00:00,27.5,0.0,80.2,,
2024-03-21 09:00:00,27.9,0.0,75.1,,
2024-03-21 10:00:00,29.0,0.0,74.4,,
2024-03-21 11:00:00,29.1,0.0,73.1,,
2024-03-21 12:00:00,31.2,0.0,63.0,58.0,9.60001
2024-03-21 13:00:00,31.6,0.0,62.6,61.0,8.7
2024-03-21 14:00:00,31.5,0.0,64.0,54.0,10.9
2024-03-21 15:00:00,30.5,0.0,61.2,39.0,13.9
2024-03-21 16:00:00,30.5,0.0,65.8,39.0,11.1
2024-03-21 17:00:00,30.2,0.0,66.8,,
2024-03-21 18:00:00,30.2,0.0,62.2,34.0,10.4
2024-03-21 19:00:00,29.2,0.0,68.1,,
2024-03-21 20:00:00,28.4,0.0,72.8,,
2024-03-21 21:00:00,28.1,0.0,75.2,,
2024-03-21 22:00:00,27.8,0.0,78.2,,
2024-03-21 23:00:00,27.7,0.0,78.7,,
2024-03-22 00:00:00,27.5,0.0,79.3,,
2024-03-22 01:00:00,27.6,0.0,79.9,,
2024-03-22 02:00:00,27.5,0.0,80.0,,
2024-03-22 03:00:00,27.4,0.0,80.7,,
2024-03-22 04:00:00,27.4,0.0,79.5,,
2024-03-22 05:00:00,27.1,0.0,81.9,,
2024-03-22 06:00:00,26.8,0.0,83.4,,
2024-03-22 07:00:00,26.8,0.0,82.0,,
2024-03-22 08:00:00,27.6,0.0,78.0,,
2024-03-22 09:00:00,29.0,0.0,70.4,52.0,7.8
2024-03-22 10:00:00,30.5,0.0,63.6,69.0,9.8
2024-03-22 11:00:00,31.2,0.0,56.3,44.0,9.10001
2024-03-22 12:00:00,31.6,0.0,56.5,50.0,9.0
2024-03-22 13:00:00,32.0,0.0,60.2,41.0,10.3
2024-03-22 14:00:00,32.3,0.0,52.3,40.0,10.2
2024-03-22 15:00:00,33.2,0.0,52.8,48.0,10.1
2024-03-22 16:00:00,31.7,0.0,55.0,60.0,11.6
2024-03-22 17:00:00,31.6,0.0,54.1,61.0,10.7
2024-03-22 18:00:00,30.2,0.0,59.8,,
2024-03-22 19:00:00,29.1,0.0,65.8,,
2024-03-22 20:00:00,28.3,0.0,70.0,,
2024-03-22 21:00:00,28.1,0.0,71.2,,
2024-03-22 22:00:00,27.9,0.0,74.8,,
2024-03-22 23:00:00,27.7,0.0,75.3,,
2024-03-23 00:00:00,27.5,0.0,75.9,,
2024-03-23 01:00:00,27.2,0.0,76.4,,
2024-03-23 02:00:00,27.4,0.0,75.8,,
2024-03-23 03:00:00,27.1,0.0,78.3,,
2024-03-23 04:00:00,26.9,0.0,80.0,,
2024-03-23 05:00:00,26.8,0.0,81.4,,
2024-03-23 06:00:00,26.8,0.0,80.7,,
2024-03-23 07:00:00,26.8,0.0,81.5,,
2024-03-23 08:00:00,27.6,0.0,78.3,,
2024-03-23 09:00:00,29.1,0.0,70.5,56.0,7.4
2024-03-23 10:00:00,30.1,0.0,65.2,42.0,4.8
2024-03-23 11:00:00,30.9,0.0,60.6,15.0,4.4
2024-03-23 12:00:00,32.3,0.0,58.5,19.0,4.9
2024-03-23 13:00:00,33.1,0.0,54.1,44.0,7.2
2024-03-23 14:00:00,33.1,0.0,52.6,34.0,6.9
2024-03-23 15:00:00,33.3,0.0,48.7,30.0,7.6
2024-03-23 16:00:00,33.0,0.0,50.5,52.0,11.3
2024-03-23 17:00:00,32.5,0.0,52.4,65.0,10.6
2024-03-23 18:00:00,31.7,0.0,50.6,62.0,7.8
2024-03-23 19:00:00,29.8,0.0,66.4,,
2024-03-23 20:00:00,28.4,0.0,72.6,,
2024-03-23 21:00:00,27.9,0.0,75.4,,
2024-03-23 22:00:00,27.7,0.0,77.1,,
2024-03-23 23:00:00,27.6,0.0,78.1,,
2024-03-24 00:00:00,27.5,0.0,78.2,,
2024-03-24 01:00:00,27.6,0.0,76.8,,
2024-03-24 02:00:00,27.3,0.0,78.4,,
2024-03-24 03:00:00,27.1,0.0,79.3,,
2024-03-24 04:00:00,27.2,0.0,80.3,,
2024-03-24 05:00:00,27.0,0.0,80.0,,
2024-03-24 06:00:00,26.9,0.0,79.1,,
2024-03-24 07:00:00,26.9,0.0,80.0,,
2024-03-24 08:00:00,28.1,0.0,76.4,,
2024-03-24 09:00:00,29.4,0.0,69.0,44.0,7.2
2024-03-24 10:00:00,30.1,0.0,67.7,45.0,6.9
2024-03-24 11:00:00,30.6,0.0,65.2,34.0,4.9
2024-03-24 12:00:00,32.3,0.0,59.0,26.0,5.0
2024-03-24 13:00:00,32.7,0.0,56.6,36.0,7.1
2024-03-24 14:00:00,33.5,0.0,54.6,54.0,8.39999
2024-03-24 15:00:00,33.4,0.0,54.0,34.0,8.5
2024-03-24 16:00:00,33.4,0.0,55.1,37.0,7.7
2024-03-24 17:00:00,32.6,0.0,57.1,66.0,10.2
2024-03-24 18:00:00,31.8,0.0,59.9,61.0,9.10001
2024-03-24 19:00:00,29.6,0.0,69.8,,
2024-03-24 20:00:00,28.8,0.0,74.4,,
2024-03-24 21:00:00,28.6,0.0,76.1,,
2024-03-24 22:00:00,28.2,0.0,76.2,,
2024-03-24 23:00:00,28.1,0.0,77.4,,
2024-03-25 00:00:00,27.8,0.0,78.5,,
2024-03-25 01:00:00,27.8,0.0,77.9,,
2024-03-25 02:00:00,27.4,0.0,81.0,,
2024-03-25 03:00:00,27.2,0.0,81.6,,
2024-03-25 04:00:00,27.1,0.0,82.9,,
2024-03-25 05:00:00,27.2,0.0,82.2,,
2024-03-25 06:00:00,27.0,0.0,82.4,,
2024-03-25 07:00:00,27.0,0.0,83.5,,
2024-03-25 08:00:00,28.0,0.0,79.7,,
2024-03-25 09:00:00,29.6,0.0,72.1,55.0,7.8
2024-03-25 10:00:00,30.7,0.0,67.5,51.0,7.8
2024-03-25 11:00:00,31.3,0.0,62.7,35.0,6.8
2024-03-25 12:00:00,31.5,0.0,59.9,17.0,6.5
2024-03-25 13:00:00,33.0,0.0,56.0,35.0,7.1
2024-03-25 14:00:00,33.6,0.0,53.0,23.0,5.9
2024-03-25 15:00:00,33.6,0.0,51.7,37.0,9.0
2024-03-25 16:00:00,33.5,0.0,51.6,59.0,9.8
2024-03-25 17:00:00,32.7,0.0,53.5,53.0,9.8
2024-03-25 18:00:00,31.8,0.0,56.5,61.0,10.6
2024-03-25 19:00:00,29.9,0.0,62.4,,
2024-03-25 20:00:00,29.0,0.0,70.7,,
2024-03-25 21:00:00,28.7,0.0,72.2,,
2024-03-25 22:00:00,28.3,0.0,76.1,,
2024-03-25 23:00:00,28.1,0.0,78.6,,
2024-03-26 00:00:00,28.0,0.0,79.0,,
2024-03-26 01:00:00,27.9,0.0,80.3,,
2024-03-26 02:00:00,27.9,0.0,81.1,,
2024-03-26 03:00:00,28.0,0.0,80.8,,
2024-03-26 04:00:00,27.9,0.0,79.7,,
2024-03-26 05:00:00,27.7,0.0,81.0,,
2024-03-26 06:00:00,27.5,0.0,83.8,,
2024-03-26 07:00:00,27.5,0.0,83.8,,
2024-03-26 08:00:00,28.5,0.0,80.0,,
2024-03-26 09:00:00,29.7,0.0,74.1,50.0,7.5
2024-03-26 10:00:00,30.9,0.0,66.6,58.0,8.8
2024-03-26 11:00:00,32.1,0.0,60.0,43.0,7.6
2024-03-26 12:00:00,33.0,0.0,54.3,41.0,8.60001
2024-03-26 13:00:00,33.6,0.0,49.5,39.0,6.6
2024-03-26 14:00:00,33.2,0.0,55.3,35.0,8.10001
2024-03-26 15:00:00,33.9,0.0,54.4,26.0,8.39999
2024-03-26 16:00:00,32.9,0.0,56.4,46.0,10.6
2024-03-26 17:00:00,32.1,0.0,57.1,53.0,11.7
2024-03-26 18:00:00,31.7,0.0,60.4,58.0,10.8
2024-03-26 19:00:00,29.8,0.0,66.8,,
2024-03-26 20:00:00,29.0,0.0,69.8,,
2024-03-26 21:00:00,28.7,0.0,71.5,,
2024-03-26 22:00:00,28.4,0.0,73.5,,
2024-03-26 23:00:00,28.0,0.0,77.5,,
2024-03-27 00:00:00,27.9,0.0,78.8,,
2024-03-27 01:00:00,27.9,0.0,78.9,,
2024-03-27 02:00:00,27.6,0.0,80.6,,
2024-03-27 03:00:00,27.4,0.0,83.2,,
2024-03-27 04:00:00,27.5,0.0,83.2,,
2024-03-27 05:00:00,27.3,0.0,84.5,,
2024-03-27 06:00:00,27.1,0.0,84.6,,
2024-03-27 07:00:00,26.8,0.0,86.0,,
2024-03-27 08:00:00,27.4,0.0,82.8,,
2024-03-27 09:00:00,29.6,0.0,74.3,,
2024-03-27 10:00:00,30.4,0.0,69.5,,
2024-03-27 11:00:00,31.3,0.0,61.0,31.0,7.7
2024-03-27 12:00:00,32.5,0.0,56.5,21.0,6.4
2024-03-27 13:00:00,32.6,0.0,54.7,27.0,7.8
2024-03-27 14:00:00,34.1,0.0,51.2,49.0,10.0
2024-03-27 15:00:00,33.2,0.0,53.2,36.0,9.7
2024-03-27 16:00:00,32.7,0.0,56.1,27.0,7.2
2024-03-27 17:00:00,32.2,0.0,58.6,52.0,11.4
2024-03-27 18:00:00,31.1,0.0,62.8,,
2024-03-27 19:00:00,30.2,0.0,66.8,,
2024-03-27 20:00:00,29.2,0.0,72.8,,
2024-03-27 21:00:00,28.9,0.0,74.9,,
2024-03-27 22:00:00,28.8,0.0,76.4,,
2024-03-27 23:00:00,28.7,0.0,77.9,,
2024-03-28 00:00:00,28.7,0.0,77.3,,
2024-03-28 01:00:00,28.5,0.0,79.3,,
2024-03-28 02:00:00,28.3,0.0,80.1,,
2024-03-28 03:00:00,28.0,0.0,82.0,,
2024-03-28 04:00:00,27.8,0.0,83.3,,
2024-03-28 05:00:00,27.5,0.0,85.1,,
2024-03-28 06:00:00,27.4,0.0,86.1,,
2024-03-28 07:00:00,27.3,0.0,86.6,,
2024-03-28 08:00:00,28.6,0.0,81.5,,
2024-03-28 09:00:00,29.8,0.0,73.6,51.0,7.4
2024-03-28 10:00:00,30.7,0.0,69.8,47.0,5.7
2024-03-28 11:00:00,31.7,0.0,62.2,49.0,5.7
2024-03-28 12:00:00,31.5,0.0,62.3,60.0,7.6
2024-03-28 13:00:00,32.9,0.0,58.4,85.0,8.10001
2024-03-28 14:00:00,32.1,0.0,59.6,87.0,11.5
2024-03-28 15:00:00,34.4,0.0,51.4,90.0,9.60001
2024-03-28 16:00:00,31.2,0.0,60.7,,
2024-03-28 17:00:00,31.7,0.0,57.5,91.0,9.2
2024-03-28 18:00:00,31.2,0.0,58.3,70.0,8.39999
2024-03-28 19:00:00,30.0,0.0,63.3,,
2024-03-28 20:00:00,28.9,0.0,73.5,,
2024-03-28 21:00:00,28.5,0.0,77.3,,
2024-03-28 22:00:00,28.7,0.0,76.6,,
2024-03-28 23:00:00,28.5,0.0,77.9,,
2024-03-29 00:00:00,28.4,0.0,78.4,,
2024-03-29 01:00:00,28.5,0.0,78.2,,
2024-03-29 02:00:00,28.3,0.0,79.7,,
2024-03-29 03:00:00,28.1,0.0,80.2,,
2024-03-29 04:00:00,28.0,0.0,80.4,,
2024-03-29 05:00:00,28.0,0.0,80.0,,
2024-03-29 06:00:00,27.9,0.0,81.0,,
2024-03-29 07:00:00,27.6,0.0,83.3,,
2024-03-29 08:00:00,28.9,0.0,77.4,,
2024-03-29 09:00:00,30.8,0.0,69.5,70.0,4.9
2024-03-29 10:00:00,30.8,0.0,67.7,94.0,6.9
2024-03-29 11:00:00,32.6,0.0,58.8,113.0,8.8
2024-03-29 12:00:00,32.4,0.0,63.1,95.0,9.89999
2024-03-29 13:00:00,33.3,0.0,54.3,117.0,11.1
2024-03-29 14:00:00,34.4,0.0,47.4,105.0,11.5
2024-03-29 15:00:00,34.8,0.0,43.9,101.0,10.6
2024-03-29 16:00:00,34.4,0.0,44.3,80.0,8.3
2024-03-29 17:00:00,33.2,0.0,49.2,82.0,8.3
2024-03-29 18:00:00,31.8,0.0,56.7,81.0,10.2
2024-03-29 19:00:00,30.0,0.0,68.5,,
2024-03-29 20:00:00,29.1,0.0,74.5,,
2024-03-29 21:00:00,28.8,0.0,74.2,,
2024-03-29 22:00:00,28.8,0.0,74.3,,
2024-03-29 23:00:00,28.6,0.0,75.3,,
2024-03-30 00:00:00,28.4,0.0,77.0,,
2024-03-30 01:00:00,28.4,0.0,76.9,,
2024-03-30 02:00:00,28.4,0.0,76.6,,
2024-03-30 03:00:00,28.5,0.0,76.9,,
2024-03-30 04:00:00,28.5,0.0,77.8,,
2024-03-30 05:00:00,28.1,0.0,80.5,,
2024-03-30 06:00:00,28.0,0.0,80.7,,
2024-03-30 07:00:00,27.8,0.0,81.1,,
2024-03-30 08:00:00,28.7,0.0,78.4,,
2024-03-30 09:00:00,30.0,0.0,69.8,,
2024-03-30 10:00:00,32.1,0.0,64.5,89.0,5.1
2024-03-30 11:00:00,31.7,0.0,61.7,74.0,5.6
2024-03-30 12:00:00,33.0,0.0,59.6,125.0,7.3
2024-03-30 13:00:00,34.1,0.0,52.7,110.0,8.0
2024-03-30 14:00:00,34.1,0.0,50.6,128.0,7.1
2024-03-30 15:00:00,33.8,0.0,46.8,137.0,16.0
2024-03-30 16:00:00,31.6,0.0,58.3,,
2024-03-30 17:00:00,31.5,0.0,62.1,,
2024-03-30 18:00:00,31.3,0.0,60.6,,
2024-03-30 19:00:00,30.2,0.0,64.8,,
2024-03-30 20:00:00,29.4,0.0,72.8,,
2024-03-30 21:00:00,29.1,0.0,74.7,,
2024-03-30 22:00:00,29.0,0.0,75.3,,
2024-03-30 23:00:00,28.8,0.0,76.4,,
2024-03-31 00:00:00,28.6,0.0,76.4,,
2024-03-31 01:00:00,28.4,0.0,79.0,,
2024-03-31 02:00:00,28.5,0.0,78.3,,
2024-03-31 03:00:00,28.4,0.0,77.3,,
2024-03-31 04:00:00,28.1,0.0,80.6,,
2024-03-31 05:00:00,27.6,0.0,83.3,,
2024-03-31 06:00:00,27.4,0.0,83.8,,
2024-03-31 07:00:00,27.8,0.0,79.7,,
2024-03-31 08:00:00,29.1,0.0,71.6,,
2024-03-31 09:00:00,29.8,0.0,70.5,39.0,4.2
2024-03-31 10:00:00,31.3,0.0,64.0,41.0,2.9
2024-03-31 11:00:00,32.6,0.0,56.3,345.0,2.6
2024-03-31 12:00:00,33.9,0.0,52.1,32.0,5.0
2024-03-31 13:00:00,32.0,0.0,62.1,196.0,3.5
2024-03-31 14:00:00,26.7,0.2,82.1,,
2024-03-31 15:00:00,31.4,0.0,69.1,185.0,2.5
2024-03-31 16:00:00,32.2,0.0,57.4,73.0,3.0
2024-03-31 17:00:00,31.6,0.0,62.2,,
2024-03-31 18:00:00,31.4,0.0,56.5,,
2024-03-31 19:00:00,30.2,0.0,62.4,,
2024-03-31 20:00:00,29.6,0.0,70.0,,
2024-03-31 21:00:00,29.0,0.0,75.2,,
2024-03-31 22:00:00,28.7,0.0,76.6,,
2024-03-31 23:00:00,28.4,0.0,78.7,,
2024-04-01 00:00:00,28.2,0.0,80.4,,
2024-04-01 01:00:00,27.8,0.0,80.6,,
2024-04-01 02:00:00,27.6,0.0,81.0,,
2024-04-01 03:00:00,27.4,0.0,82.2,,
2024-04-01 04:00:00,27.2,0.0,84.3,,
2024-04-01 05:00:00,27.1,0.0,85.6,,
2024-04-01 06:00:00,27.1,0.0,86.8,,
2024-04-01 07:00:00,27.2,0.0,86.6,,
2024-04-01 08:00:00,27.9,0.0,84.8,,
2024-04-01 09:00:00,28.6,0.0,79.8,,
2024-04-01 10:00:00,29.5,0.0,74.9,,
2024-04-01 11:00:00,30.9,0.0,68.9,57.0,5.8
2024-04-01 12:00:00,31.0,0.0,69.1,35.0,4.8
2024-04-01 13:00:00,32.1,0.0,65.5,29.0,4.1
2024-04-01 14:00:00,32.1,0.0,59.3,41.0,4.6
2024-04-01 15:00:00,31.9,0.0,62.9,46.0,5.7
2024-04-01 16:00:00,32.1,0.0,62.7,50.0,5.6
2024-04-01 17:00:00,32.5,0.0,58.3,3.0,1.9
2024-04-01 18:00:00,31.2,0.0,66.8,,
2024-04-01 19:00:00,29.9,0.0,72.4,,
2024-04-01 20:00:00,29.1,0.0,75.7,,
2024-04-01 21:00:00,29.1,0.0,76.9,,
2024-04-01 22:00:00,29.0,0.0,77.7,,
2024-04-01 23:00:00,28.9,0.0,78.4,,
2024-04-02 00:00:00,29.1,0.0,76.8,,
2024-04-02 01:00:00,28.9,0.0,78.0,,
2024-04-02 02:00:00,28.7,0.0,78.1,,
2024-04-02 03:00:00,28.4,0.0,76.9,,
2024-04-02 04:00:00,28.0,0.0,78.9,,
2024-04-02 05:00:00,27.9,0.0,81.2,,
2024-04-02 06:00:00,28.0,0.0,81.7,,
2024-04-02 07:00:00,28.2,0.0,80.1,,
2024-04-02 08:00:00,29.6,0.0,75.2,,
2024-04-02 09:00:00,30.3,0.0,71.8,74.0,4.6
2024-04-02 10:00:00,32.3,0.0,64.8,87.0,5.0
2024-04-02 11:00:00,33.0,0.0,61.7,148.0,6.1
2024-04-02 12:00:00,34.1,0.0,48.9,140.0,5.5
2024-04-02 13:00:00,34.3,0.0,50.4,180.0,5.6
2024-04-02 14:00:00,34.4,0.0,49.3,146.0,5.5
2024-04-02 15:00:00,34.0,0.0,49.4,163.0,6.9
2024-04-02 16:00:00,33.5,0.0,51.8,203.0,5.1
2024-04-02 17:00:00,33.0,0.0,57.2,127.0,8.2
2024-04-02 18:00:00,31.5,0.0,63.2,,
2024-04-02 19:00:00,30.8,0.0,66.0,,
2024-04-02 20:00:00,30.0,0.0,70.4,,
2024-04-02 21:00:00,29.6,0.0,72.8,,
2024-04-02 22:00:00,29.5,0.0,73.6,,
2024-04-02 23:00:00,29.3,0.0,74.7,,
2024-04-03 00:00:00,29.1,0.0,76.8,,
2024-04-03 01:00:00,29.2,0.0,77.4,,
2024-04-03 02:00:00,29.1,0.0,77.7,,
2024-04-03 03:00:00,29.1,0.0,78.8,,
2024-04-03 04:00:00,28.7,0.0,80.4,,
2024-04-03 05:00:00,28.7,0.0,79.0,,
2024-04-03 06:00:00,28.5,0.0,79.2,,
2024-04-03 07:00:00,28.6,0.0,76.2,,
2024-04-03 08:00:00,29.8,0.0,73.2,,
2024-04-03 09:00:00,31.4,0.0,67.9,84.0,5.6
2024-04-03 10:00:00,32.0,0.0,64.1,72.0,5.1
2024-04-03 11:00:00,33.1,0.0,59.1,100.0,5.7
2024-04-03 12:00:00,32.5,0.0,61.4,93.0,5.6
2024-04-03 13:00:00,33.0,0.0,61.2,65.0,8.10001
2024-04-03 14:00:00,32.3,0.0,55.2,68.0,6.6
2024-04-03 15:00:00,32.2,0.0,54.3,8.0,4.2
2024-04-03 16:00:00,32.8,0.0,57.9,334.0,4.5
2024-04-03 17:00:00,30.1,0.0,69.1,,
2024-04-03 18:00:00,29.6,0.0,68.4,,
2024-04-03 19:00:00,29.7,0.0,67.4,,
2024-04-03 20:00:00,29.3,0.0,71.8,,
2024-04-03 21:00:00,29.2,0.0,75.0,,
2024-04-03 22:00:00,29.2,0.0,75.2,,
2024-04-03 23:00:00,29.0,0.0,76.6,,
2024-04-04 00:00:00,28.8,0.0,78.5,,
2024-04-04 01:00:00,28.4,0.0,81.9,,
2024-04-04 02:00:00,28.4,0.0,81.7,,
2024-04-04 03:00:00,28.4,0.0,80.8,,
2024-04-04 04:00:00,27.7,0.0,83.2,,
2024-04-04 05:00:00,27.8,0.0,81.5,,
2024-04-04 06:00:00,27.6,0.0,82.3,,
2024-04-04 07:00:00,27.4,0.0,83.2,,
2024-04-04 08:00:00,27.8,0.0,81.6,,
2024-04-04 09:00:00,29.3,0.0,75.4,,
2024-04-04 10:00:00,30.5,0.0,70.0,41.0,6.8
2024-04-04 11:00:00,32.5,0.0,62.4,11.0,3.4
2024-04-04 12:00:00,33.7,0.0,55.4,58.0,4.7
2024-04-04 13:00:00,34.3,0.0,49.9,337.0,4.7
2024-04-04 14:00:00,31.9,0.0,63.9,190.0,7.1
2024-04-04 15:00:00,27.5,0.4,88.7,,
2024-04-04 16:00:00,27.9,0.0,83.6,,
2024-04-04 17:00:00,29.8,0.0,69.8,,
2024-04-04 18:00:00,29.3,0.0,72.1,,
2024-04-04 19:00:00,28.0,0.0,77.2,,
2024-04-04 20:00:00,26.9,0.0,75.9,,
2024-04-04 21:00:00,26.8,0.0,77.6,,
2024-04-04 22:00:00,27.0,0.0,79.4,,
2024-04-04 23:00:00,26.9,0.0,80.7,,
2024-04-05 00:00:00,27.0,0.0,83.5,,
2024-04-05 01:00:00,26.8,0.0,80.5,,
2024-04-05 02:00:00,26.8,0.0,80.0,,
2024-04-05 03:00:00,26.7,0.0,80.5,,
2024-04-05 04:00:00,26.8,0.0,80.0,,
2024-04-05 05:00:00,27.0,0.0,76.2,,
2024-04-05 06:00:00,26.6,0.0,78.7,,
2024-04-05 07:00:00,26.8,0.0,82.4,,
2024-04-05 08:00:00,27.8,0.0,82.0,,
2024-04-05 09:00:00,30.3,0.0,73.8,38.0,2.5
2024-04-05 10:00:00,30.2,0.0,73.2,47.0,6.7
2024-04-05 11:00:00,32.0,0.0,65.9,47.0,8.2
2024-04-05 12:00:00,32.4,0.0,60.4,41.0,4.4
2024-04-05 13:00:00,33.9,0.0,54.8,22.0,4.4
2024-04-05 14:00:00,33.8,0.0,55.4,53.0,9.8
2024-04-05 15:00:00,33.3,0.0,58.2,47.0,7.6
2024-04-05 16:00:00,33.5,0.0,55.7,52.0,11.0
2024-04-05 17:00:00,32.0,0.0,59.4,,
2024-04-05 18:00:00,31.9,0.0,51.6,54.0,9.60001
2024-04-05 19:00:00,30.2,0.0,62.9,,
2024-04-05 20:00:00,29.2,0.0,70.8,,
2024-04-05 21:00:00,28.8,0.0,73.6,,
2024-04-05 22:00:00,28.4,0.0,75.1,,
2024-04-05 23:00:00,28.4,0.0,75.3,,
2024-04-06 00:00:00,28.4,0.0,74.9,,
2024-04-06 01:00:00,28.1,0.0,77.3,,
2024-04-06 02:00:00,27.8,0.0,79.7,,
2024-04-06 03:00:00,27.3,0.0,83.3,,
2024-04-06 04:00:00,27.2,0.0,84.5,,
2024-04-06 05:00:00,26.9,0.0,85.3,,
2024-04-06 06:00:00,26.8,0.0,87.1,,
2024-04-06 07:00:00,26.9,0.0,85.2,,
2024-04-06 08:00:00,28.2,0.0,83.8,,
2024-04-06 09:00:00,28.7,0.0,79.4,,
2024-04-06 10:00:00,30.9,0.0,66.4,53.0,6.7
2024-04-06 11:00:00,32.2,0.0,58.6,55.0,7.5
2024-04-06 12:00:00,33.4,0.0,56.3,351.0,3.7
2024-04-06 13:00:00,33.3,0.0,53.7,24.0,6.5
2024-04-06 14:00:00,34.1,0.0,51.7,46.0,9.3
2024-04-06 15:00:00,34.7,0.0,52.1,60.0,9.8
2024-04-06 16:00:00,33.3,0.0,53.6,35.0,8.0
2024-04-06 17:00:00,33.7,0.0,53.6,55.0,8.60001
2024-04-06 18:00:00,32.4,0.0,57.8,57.0,10.4
2024-04-06 19:00:00,30.6,0.0,65.3,,
2024-04-06 20:00:00,29.7,0.0,71.4,,
2024-04-06 21:00:00,29.2,0.0,75.5,,
2024-04-06 22:00:00,29.0,0.0,76.9,,
2024-04-06 23:00:00,28.7,0.0,77.7,,
2024-04-07 00:00:00,28.7,0.0,76.4,,
2024-04-07 01:00:00,28.7,0.0,75.5,,
2024-04-07 02:00:00,28.6,0.0,75.6,,
2024-04-07 03:00:00,28.3,0.0,77.8,,
2024-04-07 04:00:00,28.3,0.0,78.2,,
2024-04-07 05:00:00,28.2,0.0,78.8,,
2024-04-07 06:00:00,28.4,0.0,78.0,,
2024-04-07 07:00:00,27.8,0.0,79.9,,
2024-04-07 08:00:00,29.1,0.0,75.5,,
2024-04-07 09:00:00,30.8,0.0,68.5,55.0,5.4
2024-04-07 10:00:00,31.4,0.0,65.1,49.0,5.3
2024-04-07 11:00:00,32.2,0.0,61.7,40.0,4.8
2024-04-07 12:00:00,33.8,0.0,54.6,66.0,6.2
2024-04-07 13:00:00,33.6,0.0,53.5,40.0,6.3
2024-04-07 14:00:00,34.6,0.0,52.9,71.0,10.8
2024-04-07 15:00:00,33.1,0.0,54.6,49.0,11.1
2024-04-07 16:00:00,33.1,0.0,54.4,39.0,10.2
2024-04-07 17:00:00,32.9,0.0,54.2,57.0,10.4
2024-04-07 18:00:00,31.9,0.0,57.7,60.0,8.60001
2024-04-07 19:00:00,30.7,0.0,64.4,,
2024-04-07 20:00:00,29.8,0.0,69.9,,
2024-04-07 21:00:00,29.5,0.0,70.1,,
2024-04-07 22:00:00,29.5,0.0,71.1,,
2024-04-07 23:00:00,29.4,0.0,72.4,,
2024-04-08 00:00:00,29.3,0.0,73.3,,
2024-04-08 01:00:00,29.2,0.0,74.8,,
2024-04-08 02:00:00,28.9,0.0,75.4,,
2024-04-08 03:00:00,29.1,0.0,74.6,,
2024-04-08 04:00:00,29.1,0.0,74.8,,
2024-04-08 05:00:00,29.2,0.0,73.9,,
2024-04-08 06:00:00,29.0,0.0,75.9,,
2024-04-08 07:00:00,28.5,0.0,79.1,,
2024-04-08 08:00:00,29.0,0.0,73.5,,
2024-04-08 09:00:00,30.9,0.0,67.5,23.0,3.0
2024-04-08 10:00:00,32.2,0.0,58.4,38.0,3.0
2024-04-08 11:00:00,32.8,0.0,57.8,47.0,4.4
2024-04-08 12:00:00,33.5,0.0,53.0,46.0,5.0
2024-04-08 13:00:00,31.8,0.0,65.7,204.0,5.3
2024-04-08 14:00:00,29.0,0.0,80.0,,
2024-04-08 15:00:00,27.1,0.2,86.4,,
2024-04-08 16:00:00,28.8,0.0,76.3,,
2024-04-08 17:00:00,30.1,0.0,67.4,327.0,2.8
2024-04-08 18:00:00,30.3,0.0,66.5,323.0,2.1
2024-04-08 19:00:00,29.7,0.0,68.9,,
2024-04-08 20:00:00,29.4,0.0,69.4,,
2024-04-08 21:00:00,29.5,0.0,70.6,,
2024-04-08 22:00:00,28.9,0.0,75.7,,
2024-04-08 23:00:00,28.7,0.0,77.2,,
2024-04-09 00:00:00,28.6,0.0,79.5,,
2024-04-09 01:00:00,28.3,0.0,81.8,,
2024-04-09 02:00:00,28.5,0.0,79.8,,
2024-04-09 03:00:00,28.1,0.0,82.9,,
2024-04-09 04:00:00,28.1,0.0,83.5,,
2024-04-09 05:00:00,27.9,0.0,82.3,,
2024-04-09 06:00:00,27.8,0.0,84.5,,
2024-04-09 07:00:00,27.6,0.0,84.0,,
2024-04-09 08:00:00,28.7,0.0,78.3,,
2024-04-09 09:00:00,30.1,0.0,70.9,353.0,2.3
2024-04-09 10:00:00,31.6,0.0,66.9,53.0,6.4
2024-04-09 11:00:00,32.8,0.0,60.9,33.0,3.6
2024-04-09 12:00:00,33.3,0.0,56.2,41.0,5.5
2024-04-09 13:00:00,33.6,0.0,55.1,46.0,6.8
2024-04-09 14:00:00,34.1,0.0,54.0,43.0,5.9
2024-04-09 15:00:00,35.8,0.0,46.6,51.0,9.39999
2024-04-09 16:00:00,34.7,0.0,49.3,42.0,9.5
2024-04-09 17:00:00,34.1,0.0,52.7,47.0,10.3
2024-04-09 18:00:00,32.7,0.0,58.8,62.0,12.1
2024-04-09 19:00:00,30.8,0.0,67.4,,
2024-04-09 20:00:00,30.2,0.0,71.9,,
2024-04-09 21:00:00,29.8,0.0,74.3,,
2024-04-09 22:00:00,29.6,0.0,75.8,,
2024-04-09 23:00:00,29.5,0.0,75.0,,
2024-04-10 00:00:00,29.4,0.0,77.0,,
2024-04-10 01:00:00,29.1,0.0,78.2,,
2024-04-10 02:00:00,28.6,0.0,79.0,,
2024-04-10 03:00:00,28.3,0.0,80.9,,
2024-04-10 04:00:00,28.3,0.0,81.0,,
2024-04-10 05:00:00,27.8,0.0,80.2,,
2024-04-10 06:00:00,27.8,0.0,78.5,,
2024-04-10 07:00:00,27.8,0.0,80.0,,
2024-04-10 08:00:00,27.7,0.0,84.8,,
2024-04-10 09:00:00,28.0,0.0,85.2,,
2024-04-10 10:00:00,27.9,0.0,81.9,,
2024-04-10 11:00:00,28.4,0.2,79.6,,
2024-04-10 12:00:00,28.8,0.0,81.4,,
2024-04-10 13:00:00,29.7,0.0,73.2,,
2024-04-10 14:00:00,31.2,0.0,64.7,14.0,3.9
2024-04-10 15:00:00,32.2,0.0,60.8,42.0,6.3
2024-04-10 16:00:00,32.4,0.0,58.8,63.0,8.7
2024-04-10 17:00:00,27.8,0.0,86.1,,
2024-04-10 18:00:00,28.6,0.0,81.5,,
2024-04-10 19:00:00,28.5,0.0,77.2,,
2024-04-10 20:00:00,28.6,0.0,77.5,,
2024-04-10 21:00:00,28.2,0.0,80.5,,
2024-04-10 22:00:00,27.9,0.0,82.2,,
2024-04-10 23:00:00,27.8,0.0,82.1,,
2024-04-11 00:00:00,27.6,0.0,82.8,,
2024-04-11 01:00:00,27.6,0.0,81.7,,
2024-04-11 02:00:00,27.5,0.0,81.6,,
2024-04-11 03:00:00,27.7,0.0,81.3,,
2024-04-11 04:00:00,25.9,0.0,88.5,,
2024-04-11 05:00:00,25.3,0.2,87.1,,
2024-04-11 06:00:00,25.8,0.0,90.9,,
2024-04-11 07:00:00,26.1,0.0,91.1,,
2024-04-11 08:00:00,26.6,0.0,88.9,,
2024-04-11 09:00:00,27.5,0.0,86.9,,
2024-04-11 10:00:00,29.3,0.0,78.5,,
2024-04-11 11:00:00,30.1,0.0,75.0,,
2024-04-11 12:00:00,30.1,0.0,77.4,,
2024-04-11 13:00:00,31.8,0.0,66.5,53.0,11.1
2024-04-11 14:00:00,31.6,0.0,64.5,47.0,11.1
2024-04-11 15:00:00,32.7,0.0,55.7,41.0,11.6
2024-04-11 16:00:00,31.7,0.0,60.7,44.0,9.10001
2024-04-11 17:00:00,31.4,0.0,64.5,82.0,11.3
2024-04-11 18:00:00,30.8,0.0,64.8,,
2024-04-11 19:00:00,29.9,0.0,70.0,,
2024-04-11 20:00:00,29.3,0.0,74.2,,
2024-04-11 21:00:00,29.0,0.0,76.6,,
2024-04-11 22:00:00,28.7,0.0,77.7,,
2024-04-11 23:00:00,28.4,0.0,79.7,,
2024-04-12 00:00:00,28.2,0.0,80.4,,
2024-04-12 01:00:00,28.1,0.0,80.0,,
2024-04-12 02:00:00,26.7,0.0,91.1,,
2024-04-12 03:00:00,26.9,0.0,90.9,,
2024-04-12 04:00:00,26.4,0.4,88.3,,
2024-04-12 05:00:00,26.2,0.0,88.8,,
2024-04-12 06:00:00,24.2,0.2,92.4,,
2024-04-12 07:00:00,25.4,0.0,89.1,,
2024-04-12 08:00:00,25.9,0.0,87.6,,
2024-04-12 09:00:00,24.4,3.8,94.1,,
2024-04-12 10:00:00,24.7,0.4,94.8,,
2024-04-12 11:00:00,24.7,0.4,94.9,,
2024-04-12 12:00:00,24.7,0.4,94.6,,
2024-04-12 13:00:00,24.8,0.2,94.6,,
2024-04-12 14:00:00,25.0,0.2,94.5,,
2024-04-12 15:00:00,25.5,0.0,89.3,,
2024-04-12 16:00:00,26.5,0.0,84.4,,
2024-04-12 17:00:00,27.1,0.0,78.1,,
2024-04-12 18:00:00,27.0,0.0,76.5,,
2024-04-12 19:00:00,26.4,0.0,80.9,,
2024-04-12 20:00:00,26.4,0.0,85.5,,
2024-04-12 21:00:00,26.3,0.0,87.3,,
2024-04-12 22:00:00,26.1,0.0,87.1,,
2024-04-12 23:00:00,25.9,0.0,87.8,,
2024-04-13 00:00:00,25.9,0.0,88.3,,
2024-04-13 01:00:00,25.9,0.0,88.6,,
2024-04-13 02:00:00,25.8,0.0,89.2,,
2024-04-13 03:00:00,25.8,0.0,89.5,,
2024-04-13 04:00:00,25.9,0.0,89.1,,
2024-04-13 05:00:00,25.8,0.0,90.1,,
2024-04-13 06:00:00,25.7,0.0,90.9,,
2024-04-13 07:00:00,25.8,0.0,89.8,,
2024-04-13 08:00:00,27.7,0.0,82.4,,
2024-04-13 09:00:00,29.0,0.0,75.7,43.0,5.7
2024-04-13 10:00:00,30.9,0.0,69.5,44.0,6.7
2024-04-13 11:00:00,32.4,0.0,64.6,55.0,7.5
2024-04-13 12:00:00,32.3,0.0,63.7,65.0,5.7
2024-04-13 13:00:00,32.8,0.0,61.0,36.0,6.8
2024-04-13 14:00:00,33.5,0.0,61.9,86.0,8.10001
2024-04-13 15:00:00,33.6,0.0,57.4,73.0,10.9
2024-04-13 16:00:00,32.9,0.0,57.1,67.0,10.5
2024-04-13 17:00:00,32.5,0.0,60.8,73.0,11.0
2024-04-13 18:00:00,30.9,0.0,66.1,,
2024-04-13 19:00:00,29.6,0.0,74.4,,
2024-04-13 20:00:00,29.1,0.0,75.1,,
2024-04-13 21:00:00,29.0,0.0,76.1,,
2024-04-13 22:00:00,28.8,0.0,78.5,,
2024-04-13 23:00:00,28.4,0.0,80.8,,
2024-04-14 00:00:00,28.2,0.0,82.6,,
2024-04-14 01:00:00,28.0,0.0,84.3,,
2024-04-14 02:00:00,28.2,0.0,81.4,,
2024-04-14 03:00:00,27.4,0.2,88.9,,
2024-04-14 04:00:00,27.3,0.0,90.7,,
2024-04-14 05:00:00,26.7,0.0,87.7,,
2024-04-14 06:00:00,26.9,0.0,89.9,,
2024-04-14 07:00:00,27.1,0.0,87.1,,
2024-04-14 08:00:00,27.5,0.0,85.9,,
2024-04-14 09:00:00,27.6,0.0,85.4,,
2024-04-14 10:00:00,29.4,0.0,76.8,51.0,5.6
2024-04-14 11:00:00,30.1,0.0,74.4,84.0,5.9
2024-04-14 12:00:00,30.1,0.0,73.8,,
2024-04-14 13:00:00,30.7,0.0,70.8,,
2024-04-14 14:00:00,28.0,0.0,78.2,,
2024-04-14 15:00:00,27.4,0.0,81.9,,
2024-04-14 16:00:00,28.8,0.0,77.6,,
2024-04-14 17:00:00,29.2,0.0,77.5,,
2024-04-14 18:00:00,29.5,0.0,77.2,,
2024-04-14 19:00:00,28.8,0.0,77.1,,
2024-04-14 20:00:00,28.5,0.0,78.6,,
2024-04-14 21:00:00,28.2,0.0,82.6,,
2024-04-14 22:00:00,28.2,0.0,83.4,,
2024-04-14 23:00:00,27.9,0.0,86.6,,
2024-04-15 00:00:00,28.0,0.0,85.7,,
2024-04-15 01:00:00,27.5,0.0,88.2,,
2024-04-15 02:00:00,27.9,0.0,86.0,,
2024-04-15 03:00:00,27.5,0.0,89.0,,
2024-04-15 04:00:00,27.2,0.0,90.5,,
2024-04-15 05:00:00,27.2,0.0,89.6,,
2024-04-15 06:00:00,27.0,0.0,81.2,,
2024-04-15 07:00:00,27.3,0.0,82.9,,
2024-04-15 08:00:00,27.5,0.0,81.8,,
2024-04-15 09:00:00,28.1,0.0,83.9,,
2024-04-15 10:00:00,27.2,0.0,85.3,,
2024-04-15 11:00:00,27.9,0.0,82.5,,
2024-04-15 12:00:00,29.3,0.0,75.4,44.0,7.1
2024-04-15 13:00:00,30.2,0.0,69.2,42.0,6.4
2024-04-15 14:00:00,31.5,0.0,65.3,39.0,5.5
2024-04-15 15:00:00,32.2,0.0,64.6,88.0,5.9
2024-04-15 16:00:00,31.9,0.0,60.0,58.0,9.0
2024-04-15 17:00:00,30.8,0.0,67.8,,
2024-04-15 18:00:00,30.5,0.0,70.8,,
2024-04-15 19:00:00,29.8,0.0,72.6,,
2024-04-15 20:00:00,29.0,0.0,78.8,,
2024-04-15 21:00:00,28.8,0.0,79.9,,
2024-04-15 22:00:00,28.7,0.0,80.5,,
2024-04-15 23:00:00,28.5,0.0,81.6,,
2024-04-16 00:00:00,28.3,0.0,82.5,,
2024-04-16 01:00:00,28.1,0.0,84.7,,
2024-04-16 02:00:00,28.3,0.0,82.4,,
2024-04-16 03:00:00,28.1,0.0,83.9,,
2024-04-16 04:00:00,28.2,0.0,83.2,,
2024-04-16 05:00:00,28.0,0.0,84.6,,
2024-04-16 06:00:00,27.7,0.0,85.1,,
2024-04-16 07:00:00,27.9,0.0,84.6,,
2024-04-16 08:00:00,29.5,0.0,78.5,,
2024-04-16 09:00:00,28.2,0.0,80.0,,
2024-04-16 10:00:00,29.2,0.0,78.6,,
2024-04-16 11:00:00,24.9,2.8,94.0,,
2024-04-16 12:00:00,25.2,0.0,94.7,,
2024-04-16 13:00:00,26.1,0.0,91.6,,
2024-04-16 14:00:00,26.2,0.2,91.3,,
2024-04-16 15:00:00,26.3,0.0,91.1,141.0,2.6
2024-04-16 16:00:00,26.9,0.0,88.8,,
2024-04-16 17:00:00,26.9,0.0,87.8,,
2024-04-16 18:00:00,27.2,0.0,89.6,,
2024-04-16 19:00:00,27.6,0.0,84.5,,
2024-04-16 20:00:00,26.8,0.0,89.8,,
2024-04-16 21:00:00,26.7,0.0,90.7,,
2024-04-16 22:00:00,27.0,0.0,87.9,,
2024-04-16 23:00:00,26.8,0.0,90.8,,
2024-04-17 00:00:00,26.2,0.0,89.5,,
2024-04-17 01:00:00,26.2,0.0,89.2,,
2024-04-17 02:00:00,26.2,0.0,88.0,,
2024-04-17 03:00:00,25.8,0.0,91.2,,
2024-04-17 04:00:00,25.9,0.0,91.3,,
2024-04-17 05:00:00,26.2,0.0,91.6,,
2024-04-17 06:00:00,25.9,0.0,90.8,,
2024-04-17 07:00:00,26.1,0.0,90.7,,
2024-04-17 08:00:00,27.9,0.0,83.9,,
2024-04-17 09:00:00,29.9,0.0,74.8,307.0,2.5
2024-04-17 10:00:00,29.4,0.0,74.8,,
2024-04-17 11:00:00,27.6,0.0,82.3,,
2024-04-17 12:00:00,28.2,0.0,78.3,,
2024-04-17 13:00:00,29.5,0.0,68.6,284.0,3.2
2024-04-17 14:00:00,29.5,0.0,72.1,118.0,6.0
2024-04-17 17:00:00,30.2,0.0,67.5,,
2024-04-17 18:00:00,29.6,0.0,67.9,,
2024-04-17 19:00:00,29.1,0.0,74.7,,
2024-04-17 20:00:00,28.8,0.0,74.8,,
2024-04-17 21:00:00,28.1,0.0,84.4,,
2024-04-17 22:00:00,27.7,0.0,86.5,,
2024-04-17 23:00:00,27.6,0.0,87.4,,
2024-04-18 00:00:00,27.4,0.0,88.0,,
2024-04-18 01:00:00,27.2,0.0,88.6,,
2024-04-18 02:00:00,26.9,0.0,90.3,,
2024-04-18 03:00:00,26.5,0.0,91.0,,
2024-04-18 04:00:00,26.7,0.0,88.5,,
2024-04-18 05:00:00,26.3,0.0,89.4,,
2024-04-18 06:00:00,26.2,0.0,90.2,,
2024-04-18 07:00:00,26.3,0.0,89.5,,
2024-04-18 08:00:00,27.6,0.0,84.8,,
2024-04-18 09:00:00,29.5,0.0,76.4,358.0,1.9
2024-04-18 10:00:00,30.6,0.0,71.6,317.0,1.9
2024-04-18 11:00:00,26.1,0.4,88.8,,
2024-04-18 12:00:00,29.1,0.0,76.3,,
2024-04-18 13:00:00,31.2,0.0,63.9,198.0,3.9
2024-04-18 14:00:00,31.7,0.0,65.1,145.0,4.0
2024-04-18 15:00:00,31.6,0.0,63.5,104.0,5.5
2024-04-18 16:00:00,31.4,0.0,64.6,119.0,7.4
2024-04-18 17:00:00,31.3,0.0,62.4,,
2024-04-18 18:00:00,30.9,0.0,61.8,,
2024-04-18 19:00:00,30.2,0.0,68.3,,
2024-04-18 20:00:00,29.0,0.0,80.0,,
2024-04-18 21:00:00,28.8,0.0,81.2,,
2024-04-18 22:00:00,28.4,0.0,82.7,,
2024-04-18 23:00:00,28.7,0.0,80.5,,
2024-04-19 00:00:00,28.3,0.0,82.8,,
2024-04-19 01:00:00,27.8,0.0,85.9,,
2024-04-19 02:00:00,27.7,0.0,87.5,,
2024-04-19 03:00:00,27.4,0.0,88.2,,
2024-04-19 04:00:00,27.3,0.0,89.1,,
2024-04-19 05:00:00,27.3,0.0,90.7,,
2024-04-19 06:00:00,27.0,0.0,91.8,,
2024-04-19 07:00:00,27.3,0.0,82.8,,
2024-04-19 08:00:00,28.4,0.0,77.1,,
2024-04-19 09:00:00,29.8,0.0,69.7,199.0,2.9
2024-04-19 10:00:00,29.5,0.0,76.0,,
2024-04-19 11:00:00,30.4,0.0,69.1,,
2024-04-19 12:00:00,31.5,0.0,63.0,258.0,3.5
2024-04-19 13:00:00,32.8,0.0,60.1,144.0,5.0
2024-04-19 14:00:00,32.8,0.0,58.8,193.0,4.9
2024-04-19 15:00:00,30.6,0.0,70.5,,
2024-04-19 16:00:00,30.0,0.0,67.6,,
2024-04-19 17:00:00,30.7,0.0,64.6,,
2024-04-19 18:00:00,30.1,0.0,73.4,,
2024-04-19 19:00:00,29.6,0.0,72.9,,
2024-04-19 20:00:00,29.5,0.0,73.0,,
2024-04-19 21:00:00,29.6,0.0,74.7,,
2024-04-19 22:00:00,29.5,0.0,72.7,,
2024-04-19 23:00:00,28.8,0.0,79.3,,
2024-04-20 00:00:00,28.5,0.0,80.0,,
2024-04-20 01:00:00,29.3,0.0,75.6,,
2024-04-20 02:00:00,28.7,0.0,77.0,,
2024-04-20 03:00:00,28.8,0.0,78.6,,
2024-04-20 04:00:00,28.0,0.0,82.3,,
2024-04-20 05:00:00,28.0,0.0,80.8,,
2024-04-20 06:00:00,28.3,0.0,80.3,,
2024-04-20 07:00:00,27.9,0.0,83.5,,
2024-04-20 08:00:00,29.8,0.0,75.5,,
2024-04-20 09:00:00,30.9,0.0,70.6,57.0,3.9
2024-04-20 10:00:00,31.2,0.0,69.4,71.0,4.2
2024-04-20 11:00:00,25.3,9.0,93.5,262.0,11.5
2024-04-20 12:00:00,26.7,0.2,92.5,,
2024-04-20 13:00:00,29.5,0.0,77.2,249.0,4.2
2024-04-20 14:00:00,29.9,0.0,73.6,195.0,5.2
2024-04-20 15:00:00,29.9,0.0,74.4,,
2024-04-20 16:00:00,29.4,0.0,75.9,,
2024-04-20 17:00:00,24.3,0.2,94.4,,
2024-04-20 18:00:00,25.5,0.0,94.3,,
2024-04-20 19:00:00,25.5,0.0,91.3,,
2024-04-20 20:00:00,26.0,0.0,91.2,,
2024-04-20 21:00:00,26.3,0.0,90.1,,
2024-04-20 22:00:00,26.9,0.0,89.2,,
2024-04-20 23:00:00,27.5,0.0,85.1,,
2024-04-21 00:00:00,27.8,0.0,83.9,,
2024-04-21 01:00:00,27.7,0.2,88.0,189.0,2.9
2024-04-21 02:00:00,27.5,0.0,87.2,,
2024-04-21 03:00:00,26.9,0.0,90.7,,
2024-04-21 04:00:00,27.1,0.0,89.9,,
2024-04-21 05:00:00,27.1,0.0,88.0,,
2024-04-21 06:00:00,27.1,0.0,87.5,,
2024-04-21 07:00:00,27.0,0.0,88.3,,
2024-04-21 08:00:00,28.3,0.0,83.7,,
2024-04-21 09:00:00,29.8,0.0,77.4,354.0,1.3
2024-04-21 10:00:00,30.8,0.0,70.6,263.0,1.2
2024-04-21 11:00:00,31.8,0.0,65.5,352.0,2.5
2024-04-21 12:00:00,30.6,0.0,74.1,,
2024-04-21 13:00:00,33.2,0.0,57.2,168.0,3.5
2024-04-21 14:00:00,31.9,0.0,66.5,83.0,3.1
2024-04-21 15:00:00,32.1,0.0,67.3,193.0,4.9
2024-04-21 16:00:00,31.8,0.0,66.7,212.0,4.4
2024-04-21 17:00:00,28.6,0.0,80.6,,
2024-04-21 18:00:00,28.4,0.0,79.3,,
2024-04-21 19:00:00,28.2,0.0,79.8,,
2024-04-21 20:00:00,28.3,0.0,80.4,,
2024-04-21 21:00:00,28.5,0.0,79.8,,
2024-04-21 22:00:00,28.2,0.0,83.6,,
2024-04-21 23:00:00,28.4,0.0,85.4,,
2024-04-22 00:00:00,28.3,0.0,85.7,,
2024-04-22 01:00:00,27.9,0.0,89.6,,
2024-04-22 02:00:00,27.8,0.0,90.4,,
2024-04-22 03:00:00,27.6,0.0,91.3,,
2024-04-22 04:00:00,27.6,0.0,91.1,,
2024-04-22 05:00:00,27.4,0.0,91.9,,
2024-04-22 06:00:00,27.4,0.0,91.7,,
2024-04-22 07:00:00,27.5,0.0,91.4,,
2024-04-22 08:00:00,28.6,0.0,88.0,,
2024-04-22 09:00:00,30.4,0.0,79.5,26.0,2.0
2024-04-22 10:00:00,31.3,0.0,72.8,76.0,5.3
2024-04-22 11:00:00,32.5,0.0,64.1,80.0,4.8
2024-04-22 12:00:00,33.0,0.0,63.5,48.0,4.1
2024-04-22 13:00:00,33.3,0.0,63.1,129.0,7.2
2024-04-22 14:00:00,32.1,0.0,65.1,148.0,7.9
2024-04-22 15:00:00,31.0,0.0,69.0,,
2024-04-22 16:00:00,30.7,0.0,71.6,,
2024-04-22 17:00:00,30.3,0.0,72.6,,
2024-04-22 18:00:00,30.2,0.0,74.5,,
2024-04-22 19:00:00,29.7,0.0,76.9,,
2024-04-22 20:00:00,29.6,0.0,76.7,,
2024-04-22 21:00:00,29.6,0.0,76.2,,
2024-04-22 22:00:00,29.6,0.0,78.2,,
2024-04-22 23:00:00,29.6,0.0,76.7,,
2024-04-23 00:00:00,29.2,0.0,79.3,,
2024-04-23 01:00:00,29.3,0.0,79.4,,
2024-04-23 02:00:00,28.4,0.0,82.1,,
2024-04-23 03:00:00,28.2,0.0,84.8,,
2024-04-23 04:00:00,28.2,0.0,85.4,,
2024-04-23 05:00:00,28.2,0.0,86.9,,
2024-04-23 06:00:00,28.1,0.0,87.4,,
2024-04-23 07:00:00,28.2,0.0,87.1,,
2024-04-23 08:00:00,29.7,0.0,81.5,,
2024-04-23 09:00:00,31.5,0.0,73.2,77.0,3.0
2024-04-23 10:00:00,31.6,0.0,67.3,150.0,3.8
2024-04-23 11:00:00,32.1,0.0,69.5,114.0,6.0
2024-04-23 12:00:00,32.9,0.0,64.8,62.0,4.3
2024-04-23 13:00:00,33.1,0.0,55.6,100.0,5.2
2024-04-23 14:00:00,29.3,0.0,82.4,,
2024-04-23 15:00:00,31.1,0.0,72.0,140.0,10.2
2024-04-23 16:00:00,32.0,0.0,66.3,122.0,8.39999
2024-04-23 17:00:00,32.2,0.0,63.0,147.0,6.6
2024-04-23 18:00:00,31.2,0.0,65.9,,
2024-04-23 19:00:00,30.3,0.0,70.2,,
2024-04-23 20:00:00,30.2,0.0,73.0,,
2024-04-23 21:00:00,30.0,0.0,73.7,,
2024-04-23 22:00:00,29.8,0.0,76.7,,
2024-04-23 23:00:00,29.5,0.0,78.1,,
2024-04-24 00:00:00,29.6,0.0,77.1,,
2024-04-24 01:00:00,29.3,0.0,79.8,,
2024-04-24 02:00:00,29.4,0.0,79.4,,
2024-04-24 03:00:00,29.3,0.0,79.9,,
2024-04-24 04:00:00,28.8,0.0,83.1,,
2024-04-24 05:00:00,28.4,0.0,85.3,,
2024-04-24 06:00:00,28.1,0.0,90.0,,
2024-04-24 07:00:00,28.0,0.0,89.8,,
2024-04-24 08:00:00,29.7,0.0,78.5,,
2024-04-24 09:00:00,30.6,0.0,73.5,,
2024-04-24 10:00:00,31.1,0.0,70.0,143.0,8.5
2024-04-24 11:00:00,30.7,0.0,72.1,170.0,8.89999
2024-04-24 12:00:00,29.3,0.0,81.6,173.0,8.5
2024-04-24 13:00:00,31.5,0.0,65.8,185.0,4.0
2024-04-24 14:00:00,31.3,0.0,67.5,181.0,5.2
2024-04-24 15:00:00,32.3,0.0,59.6,169.0,6.2
2024-04-24 16:00:00,32.1,0.0,58.8,125.0,6.8
2024-04-24 17:00:00,31.8,0.0,61.0,104.0,5.5
2024-04-24 18:00:00,31.4,0.0,62.0,98.0,5.9
2024-04-24 19:00:00,30.8,0.0,63.1,,
2024-04-24 20:00:00,30.1,0.0,70.6,,
2024-04-24 21:00:00,30.0,0.0,70.6,,
2024-04-24 22:00:00,29.7,0.0,70.5,,
2024-04-24 23:00:00,29.4,0.0,77.5,,
2024-04-25 00:00:00,29.6,0.0,75.9,,
2024-04-25 01:00:00,29.1,0.0,77.8,,
2024-04-25 02:00:00,29.1,0.0,77.4,,
2024-04-25 03:00:00,28.7,0.0,80.3,,
2024-04-25 04:00:00,28.8,0.0,80.2,,
2024-04-25 05:00:00,28.8,0.0,80.4,,
2024-04-25 06:00:00,28.8,0.0,81.2,,
2024-04-25 07:00:00,28.6,0.0,81.8,,
2024-04-25 08:00:00,29.4,0.0,78.2,,
2024-04-25 09:00:00,30.0,0.0,77.4,,
2024-04-25 10:00:00,30.3,0.0,74.2,,
2024-04-25 11:00:00,31.3,0.0,68.7,84.0,6.3
2024-04-25 12:00:00,32.4,0.0,64.5,113.0,7.1
2024-04-25 13:00:00,32.6,0.0,63.4,119.0,7.5
2024-04-25 14:00:00,32.6,0.0,58.7,92.0,3.9
2024-04-25 15:00:00,33.4,0.0,50.3,134.0,7.1
2024-04-25 16:00:00,31.5,0.0,67.6,,
2024-04-25 17:00:00,31.8,0.0,62.2,132.0,12.9
2024-04-25 18:00:00,30.7,0.0,65.1,,
2024-04-25 19:00:00,30.2,0.0,63.8,,
2024-04-25 20:00:00,30.1,0.0,61.0,,
2024-04-25 21:00:00,29.8,0.0,63.1,,
2024-04-25 22:00:00,29.3,0.0,73.9,,
2024-04-25 23:00:00,28.7,0.0,78.5,,
2024-04-26 00:00:00,28.7,0.0,79.1,,
2024-04-26 01:00:00,28.6,0.0,79.2,,
2024-04-26 02:00:00,28.4,0.0,81.4,,
2024-04-26 03:00:00,28.5,0.0,83.6,,
2024-04-26 04:00:00,27.9,0.0,85.3,,
2024-04-26 05:00:00,27.7,0.0,85.4,,
2024-04-26 06:00:00,27.5,0.0,87.3,,
2024-04-26 07:00:00,27.6,0.0,88.0,,
2024-04-26 08:00:00,29.5,0.0,81.6,,
2024-04-26 09:00:00,30.9,0.0,71.1,177.0,2.5
2024-04-26 10:00:00,31.1,0.0,66.2,137.0,3.7
2024-04-26 11:00:00,32.4,0.0,62.1,130.0,5.5
2024-04-26 12:00:00,32.8,0.0,55.0,95.0,4.4
2024-04-26 13:00:00,33.8,0.0,49.9,63.0,5.0
2024-04-26 14:00:00,34.0,0.0,54.2,43.0,4.9
2024-04-26 15:00:00,33.6,0.0,56.9,108.0,10.4
2024-04-26 16:00:00,33.1,0.0,59.4,69.0,5.2
2024-04-26 17:00:00,29.2,0.0,73.8,,
2024-04-26 18:00:00,30.2,0.0,72.5,,
2024-04-26 19:00:00,30.1,0.0,71.6,,
2024-04-26 20:00:00,29.7,0.0,78.1,,
2024-04-26 21:00:00,29.5,0.0,79.9,,
2024-04-26 22:00:00,29.2,0.0,80.9,,
2024-04-26 23:00:00,29.4,0.0,76.4,,
2024-04-27 00:00:00,29.0,0.0,79.7,,
2024-04-27 01:00:00,28.8,0.0,80.9,,
2024-04-27 02:00:00,28.7,0.0,83.4,,
2024-04-27 03:00:00,28.6,0.0,84.5,,
2024-04-27 04:00:00,28.6,0.0,84.3,,
2024-04-27 05:00:00,28.4,0.0,86.5,,
2024-04-27 06:00:00,28.3,0.0,86.8,,
2024-04-27 07:00:00,28.3,0.0,86.1,,
2024-04-27 08:00:00,29.3,0.0,82.6,,
2024-04-27 09:00:00,30.8,0.0,75.6,39.0,2.5
2024-04-27 10:00:00,30.7,0.0,71.7,,
2024-04-27 11:00:00,32.2,0.0,64.3,80.0,4.7
2024-04-27 12:00:00,32.8,0.0,59.5,125.0,2.9
2024-04-27 13:00:00,32.2,0.0,61.8,123.0,4.3
2024-04-27 14:00:00,33.5,0.0,61.0,107.0,6.6
2024-04-27 15:00:00,33.5,0.0,61.0,85.0,6.7
2024-04-27 16:00:00,33.2,0.0,59.1,94.0,6.7
2024-04-27 17:00:00,33.2,0.0,60.3,125.0,9.7
2024-04-27 18:00:00,32.1,0.0,65.7,,
2024-04-27 19:00:00,30.9,0.0,70.1,,
2024-04-27 20:00:00,30.0,0.0,75.2,,
2024-04-27 21:00:00,29.9,0.0,75.1,,
2024-04-27 22:00:00,30.0,0.0,76.5,,
2024-04-27 23:00:00,30.1,0.0,74.7,,
2024-04-28 00:00:00,29.9,0.0,74.2,,
2024-04-28 01:00:00,29.7,0.0,73.1,,
2024-04-28 02:00:00,29.5,0.0,71.8,,
2024-04-28 03:00:00,28.8,0.0,74.2,,
2024-04-28 04:00:00,28.9,0.0,76.6,,
2024-04-28 05:00:00,28.7,0.0,78.5,,
2024-04-28 06:00:00,28.8,0.0,77.2,,
2024-04-28 07:00:00,28.8,0.0,76.9,,
2024-04-28 08:00:00,30.0,0.0,72.2,,
2024-04-28 09:00:00,30.8,0.0,69.3,,
2024-04-28 10:00:00,31.4,0.0,66.1,200.0,2.9
2024-04-28 11:00:00,32.2,0.0,65.9,187.0,7.0
2024-04-28 12:00:00,29.9,0.0,70.6,,
2024-04-28 13:00:00,32.1,0.0,61.6,205.0,6.0
2024-04-28 14:00:00,32.3,0.0,63.6,194.0,7.2
2024-04-28 15:00:00,31.0,0.0,70.1,189.0,9.8
2024-04-28 16:00:00,24.6,1.6,94.5,,
2024-04-28 17:00:00,28.9,0.0,80.7,,
2024-04-28 18:00:00,29.4,0.0,68.8,,
2024-04-28 19:00:00,28.5,0.0,78.3,,
2024-04-28 20:00:00,28.8,0.0,78.8,,
2024-04-28 21:00:00,28.4,0.0,81.1,,
2024-04-28 22:00:00,28.5,0.0,80.2,,
2024-04-28 23:00:00,29.2,0.0,75.7,,
2024-04-29 00:00:00,29.2,0.0,77.0,,
2024-04-29 01:00:00,28.7,0.0,78.7,,
2024-04-29 02:00:00,28.2,0.0,81.4,,
2024-04-29 03:00:00,27.8,0.0,83.8,,
2024-04-29 04:00:00,27.9,0.0,82.1,,
2024-04-29 05:00:00,27.7,0.0,81.8,,
2024-04-29 06:00:00,27.6,0.0,87.5,,
2024-04-29 07:00:00,27.5,0.0,85.6,,
2024-04-29 08:00:00,29.3,0.0,83.4,,
2024-04-29 09:00:00,30.3,0.0,73.6,63.0,3.4
2024-04-29 10:00:00,31.4,0.0,71.1,77.0,5.3
2024-04-29 11:00:00,31.3,0.0,66.4,146.0,8.3
2024-04-29 12:00:00,31.9,0.0,64.1,,
2024-04-29 13:00:00,32.7,0.0,59.0,111.0,7.7
2024-04-29 14:00:00,33.1,0.0,50.8,121.0,6.1
2024-04-29 15:00:00,33.4,0.0,52.7,145.0,8.39999
2024-04-29 16:00:00,33.4,0.0,56.2,127.0,9.89999
2024-04-29 17:00:00,32.7,0.0,60.5,120.0,11.4
2024-04-29 18:00:00,32.2,0.0,60.2,80.0,8.2
2024-04-29 19:00:00,30.7,0.0,64.8,,
2024-04-29 20:00:00,29.7,0.0,74.3,,
2024-04-29 21:00:00,29.6,0.0,76.3,,
2024-04-29 22:00:00,29.7,0.0,73.5,,
2024-04-29 23:00:00,29.1,0.0,77.0,,
2024-04-30 00:00:00,29.3,0.0,77.9,,
2024-04-30 01:00:00,29.7,0.0,76.1,,
2024-04-30 02:00:00,29.3,0.0,77.5,,
2024-04-30 03:00:00,28.9,0.0,79.5,,
2024-04-30 04:00:00,28.7,0.0,80.2,,
2024-04-30 05:00:00,28.6,0.0,80.3,,
2024-04-30 06:00:00,28.7,0.0,83.8,,
2024-04-30 07:00:00,28.8,0.0,83.3,,
2024-04-30 08:00:00,29.6,0.0,76.8,,
2024-04-30 09:00:00,30.5,0.0,75.2,,
2024-04-30 10:00:00,31.6,0.0,65.8,,
2024-04-30 11:00:00,31.9,0.0,63.4,,
2024-04-30 12:00:00,31.8,0.0,66.8,,
2024-04-30 13:00:00,32.4,0.0,67.0,147.0,3.1
2024-04-30 14:00:00,32.3,0.0,64.5,162.0,4.9
2024-04-30 15:00:00,32.7,0.0,65.5,146.0,6.5
2024-04-30 16:00:00,32.5,0.0,63.6,,
2024-04-30 17:00:00,32.4,0.0,65.6,156.0,8.60001
2024-04-30 18:00:00,30.9,0.0,73.0,,
2024-04-30 19:00:00,30.6,0.0,71.3,,
2024-04-30 20:00:00,30.7,0.0,72.7,,
2024-04-30 21:00:00,30.4,0.0,75.5,,
2024-04-30 22:00:00,30.4,0.0,75.2,,
2024-04-30 23:00:00,29.8,0.0,78.3,,
2025-03-01 00:00:00,26.8,0.0,87.3,,
2025-03-01 01:00:00,26.8,0.0,86.4,,
2025-03-01 02:00:00,26.8,0.0,86.6,,
2025-03-01 03:00:00,26.9,0.0,85.1,,
2025-03-01 04:00:00,26.5,0.0,87.2,,
2025-03-01 05:00:00,26.6,0.0,86.3,,
2025-03-01 06:00:00,26.5,0.0,86.6,,
2025-03-01 07:00:00,26.3,0.0,87.6,,
2025-03-01 08:00:00,26.7,0.0,85.4,,
2025-03-01 09:00:00,27.2,0.0,83.4,,
2025-03-01 10:00:00,28.6,0.0,75.9,,
2025-03-01 11:00:00,30.4,0.0,69.6,,
2025-03-01 12:00:00,30.0,0.0,69.3,,
2025-03-01 13:00:00,29.8,0.0,70.6,,
2025-03-01 14:00:00,30.2,0.0,69.9,,
2025-03-01 15:00:00,31.2,0.0,65.6,,
2025-03-01 16:00:00,30.7,0.0,67.1,,
2025-03-01 17:00:00,30.8,0.0,65.4,,
2025-03-01 18:00:00,29.6,0.0,69.1,,
2025-03-01 19:00:00,28.2,0.0,75.2,,
2025-03-01 20:00:00,27.4,0.0,79.2,,
2025-03-01 21:00:00,27.1,0.0,81.7,,
2025-03-01 22:00:00,27.0,0.0,82.7,,
2025-03-01 23:00:00,26.9,0.0,83.0,,
2025-03-02 00:00:00,26.8,0.0,83.3,,
2025-03-02 01:00:00,26.3,0.0,84.6,,
2025-03-02 02:00:00,26.3,0.0,85.2,,
2025-03-02 03:00:00,25.9,0.0,87.2,,
2025-03-02 04:00:00,25.9,0.0,88.2,,
2025-03-02 05:00:00,25.8,0.0,88.5,,
2025-03-02 06:00:00,25.6,0.0,89.0,,
2025-03-02 07:00:00,25.8,0.0,88.3,,
2025-03-02 08:00:00,26.4,0.0,85.9,,
2025-03-02 09:00:00,27.7,0.0,79.8,,
2025-03-02 10:00:00,28.5,0.0,76.0,,
2025-03-02 11:00:00,29.9,0.0,67.1,,
2025-03-02 12:00:00,30.4,0.0,66.7,,
2025-03-02 13:00:00,31.2,0.0,60.1,,
2025-03-02 14:00:00,32.0,0.0,59.2,,
2025-03-02 15:00:00,31.8,0.0,60.4,,
2025-03-02 16:00:00,30.9,0.0,61.8,,
2025-03-02 17:00:00,30.4,0.0,66.9,,
2025-03-02 18:00:00,29.5,0.0,68.3,,
2025-03-02 19:00:00,28.0,0.0,73.4,,
2025-03-02 20:00:00,27.1,0.0,79.6,,
2025-03-02 21:00:00,26.9,0.0,79.4,,
2025-03-02 22:00:00,26.8,0.0,80.4,,
2025-03-02 23:00:00,26.7,0.0,81.5,,
2025-03-03 00:00:00,26.3,0.0,83.2,,
2025-03-03 01:00:00,26.3,0.0,84.4,,
2025-03-03 02:00:00,26.1,0.0,86.0,,
2025-03-03 03:00:00,26.2,0.0,84.0,,
2025-03-03 04:00:00,26.1,0.0,86.1,,
2025-03-03 05:00:00,25.8,0.0,86.6,,
2025-03-03 06:00:00,25.8,0.0,85.9,,
2025-03-03 07:00:00,25.3,0.0,88.8,,
2025-03-03 08:00:00,26.4,0.0,84.8,,
2025-03-03 09:00:00,27.4,0.0,78.3,,
2025-03-03 10:00:00,28.8,0.0,71.8,,
2025-03-03 11:00:00,29.6,0.0,69.2,,
2025-03-03 12:00:00,30.9,0.0,61.8,,
2025-03-03 13:00:00,31.7,0.0,58.5,,
2025-03-03 14:00:00,31.7,0.0,57.0,,
2025-03-03 15:00:00,31.4,0.0,57.5,,
2025-03-03 16:00:00,31.9,0.0,60.1,,
2025-03-03 17:00:00,30.5,0.0,63.6,,
2025-03-03 18:00:00,30.2,0.0,63.8,,
2025-03-03 19:00:00,28.4,0.0,71.4,,
2025-03-03 20:00:00,27.6,0.0,75.7,,
2025-03-03 21:00:00,27.0,0.0,79.1,,
2025-03-03 22:00:00,26.8,0.0,80.1,,
2025-03-03 23:00:00,26.8,0.0,81.0,,
2025-03-04 00:00:00,26.7,0.0,82.3,,
2025-03-04 01:00:00,26.5,0.0,83.2,,
2025-03-04 02:00:00,26.3,0.0,84.5,,
2025-03-04 03:00:00,26.1,0.0,86.3,,
2025-03-04 04:00:00,25.8,0.0,87.1,,
2025-03-04 05:00:00,25.6,0.0,88.0,,
2025-03-04 06:00:00,25.8,0.0,87.5,,
2025-03-04 07:00:00,25.7,0.0,88.1,,
2025-03-04 08:00:00,26.4,0.0,83.7,,
2025-03-04 09:00:00,27.9,0.0,78.3,,
2025-03-04 10:00:00,28.7,0.0,76.1,,
2025-03-04 11:00:00,29.1,0.0,75.5,,
2025-03-04 12:00:00,30.4,0.0,68.3,,
2025-03-04 13:00:00,31.9,0.0,61.5,,
2025-03-04 14:00:00,32.6,0.0,59.7,,
2025-03-04 15:00:00,32.5,0.0,58.9,,
2025-03-04 16:00:00,32.2,0.0,62.7,,
2025-03-04 17:00:00,31.7,0.0,63.9,,
2025-03-04 18:00:00,30.1,0.0,68.6,,
2025-03-04 19:00:00,28.8,0.0,71.3,,
2025-03-04 20:00:00,27.0,0.0,74.7,,
2025-03-04 21:00:00,27.6,0.0,80.6,,
2025-03-04 22:00:00,27.1,0.0,84.5,,
2025-03-04 23:00:00,26.9,0.0,84.6,,
2025-03-05 00:00:00,26.9,0.0,84.6,,
2025-03-05 01:00:00,26.9,0.0,84.1,,
2025-03-05 02:00:00,26.9,0.0,84.8,,
2025-03-05 03:00:00,26.9,0.0,84.9,,
2025-03-05 04:00:00,26.6,0.0,87.5,,
2025-03-05 05:00:00,26.3,0.0,88.9,,
2025-03-05 06:00:00,26.2,0.0,89.6,,
2025-03-05 07:00:00,26.1,0.0,90.3,,
2025-03-05 08:00:00,26.5,0.0,88.1,,
2025-03-05 09:00:00,28.1,0.0,79.9,,
2025-03-05 10:00:00,29.3,0.0,75.3,,
2025-03-05 11:00:00,29.1,0.0,75.6,,
2025-03-05 12:00:00,28.5,0.0,76.7,,
2025-03-05 13:00:00,29.4,0.0,72.4,,
2025-03-05 14:00:00,27.5,0.0,87.2,,
2025-03-05 15:00:00,26.9,0.0,91.8,,
2025-03-05 16:00:00,25.8,0.0,91.9,,
2025-03-05 17:00:00,25.4,0.0,91.2,,
2025-03-05 18:00:00,26.1,0.0,90.3,,
2025-03-05 19:00:00,26.1,0.0,90.0,,
2025-03-05 20:00:00,25.8,0.0,88.7,,
2025-03-05 21:00:00,25.8,0.0,89.4,,
2025-03-05 22:00:00,25.8,0.0,89.5,,
2025-03-05 23:00:00,26.9,0.0,85.5,,
2025-03-06 00:00:00,26.4,0.0,89.5,,
2025-03-06 01:00:00,26.6,0.0,88.4,,
2025-03-06 02:00:00,26.3,0.0,90.9,,
2025-03-06 03:00:00,26.1,0.0,91.4,,
2025-03-06 04:00:00,26.1,0.0,91.6,,
2025-03-06 05:00:00,26.1,0.0,92.0,,
2025-03-06 06:00:00,26.3,0.0,90.7,,
2025-03-06 07:00:00,26.6,0.0,89.4,,
2025-03-06 08:00:00,26.0,0.0,84.7,,
2025-03-06 09:00:00,25.6,0.0,87.3,,
2025-03-06 10:00:00,26.1,0.0,82.9,,
2025-03-06 11:00:00,26.2,0.0,82.1,,
2025-03-06 12:00:00,26.1,0.0,87.6,,
2025-03-06 13:00:00,26.4,0.0,87.2,,
2025-03-06 14:00:00,26.6,0.0,82.6,,
2025-03-06 15:00:00,27.8,0.0,78.7,,
2025-03-06 16:00:00,28.7,0.0,71.7,,
2025-03-06 17:00:00,27.5,0.0,78.9,,
2025-03-06 18:00:00,27.4,0.0,74.2,,
2025-03-06 19:00:00,27.2,0.0,74.8,,
2025-03-06 20:00:00,27.0,0.0,76.6,,
2025-03-06 21:00:00,27.0,0.0,75.9,,
2025-03-06 22:00:00,26.8,0.0,77.2,,
2025-03-06 23:00:00,26.3,0.0,80.4,,
2025-03-07 00:00:00,26.1,0.0,81.9,,
2025-03-07 01:00:00,26.6,0.0,81.3,,
2025-03-07 02:00:00,26.3,0.0,83.9,,
2025-03-07 03:00:00,26.5,0.0,82.7,,
2025-03-07 04:00:00,25.9,0.0,86.5,,
2025-03-07 05:00:00,25.8,0.0,89.0,,
2025-03-07 06:00:00,25.5,0.0,90.6,,
2025-03-07 07:00:00,25.3,0.0,92.0,,
2025-03-07 08:00:00,25.8,0.0,90.8,,
2025-03-07 09:00:00,27.3,0.0,83.1,,
2025-03-07 10:00:00,29.3,0.0,68.6,,
2025-03-07 11:00:00,30.6,0.0,61.0,,
2025-03-07 12:00:00,31.7,0.0,59.8,,
2025-03-07 13:00:00,31.7,0.0,59.4,,
2025-03-07 14:00:00,31.3,0.0,55.8,,
2025-03-07 15:00:00,32.1,0.0,54.6,,
2025-03-07 16:00:00,30.6,0.0,65.3,,
2025-03-07 17:00:00,29.2,0.0,76.8,,
2025-03-07 18:00:00,28.2,0.0,82.0,,
2025-03-07 19:00:00,28.5,0.0,78.2,,
2025-03-07 20:00:00,27.8,0.0,84.4,,
2025-03-07 21:00:00,27.6,0.0,83.7,,
2025-03-07 22:00:00,27.5,0.0,85.2,,
2025-03-07 23:00:00,27.4,0.0,85.2,,
2025-03-08 00:00:00,27.4,0.0,85.3,,
2025-03-08 01:00:00,27.1,0.0,86.3,,
2025-03-08 02:00:00,26.9,0.0,88.5,,
2025-03-08 03:00:00,27.0,0.0,88.1,,
2025-03-08 04:00:00,26.6,0.0,89.8,,
2025-03-08 05:00:00,26.7,0.0,89.8,,
2025-03-08 06:00:00,26.6,0.0,90.0,,
2025-03-08 07:00:00,26.6,0.0,89.5,,
2025-03-08 08:00:00,27.2,0.0,89.1,,
2025-03-08 09:00:00,27.7,0.0,85.3,,
2025-03-08 10:00:00,28.9,0.0,81.5,,
2025-03-08 11:00:00,31.0,0.0,70.0,,
2025-03-08 12:00:00,31.3,0.0,68.4,,
2025-03-08 13:00:00,32.2,0.0,63.1,,
2025-03-08 14:00:00,30.8,0.0,67.1,,
2025-03-08 15:00:00,31.2,0.0,66.3,,
2025-03-08 16:00:00,25.4,0.6,96.8,,
2025-03-08 17:00:00,27.0,0.0,87.9,,
2025-03-08 18:00:00,25.9,0.0,87.9,,
2025-03-08 19:00:00,26.1,0.0,91.7,,
2025-03-08 20:00:00,26.7,0.0,88.3,,
2025-03-08 21:00:00,26.8,0.0,89.7,,
2025-03-08 22:00:00,27.0,0.0,85.5,,
2025-03-08 23:00:00,26.7,0.0,86.5,,
2025-03-09 00:00:00,27.0,0.0,86.8,,
2025-03-09 01:00:00,26.9,0.0,87.1,,
2025-03-09 02:00:00,26.8,0.0,88.1,,
2025-03-09 03:00:00,26.9,0.0,87.8,,
2025-03-09 04:00:00,26.7,0.0,88.4,,
2025-03-09 05:00:00,26.9,0.0,88.4,,
2025-03-09 06:00:00,26.9,0.0,86.8,,
2025-03-09 07:00:00,26.9,0.0,86.8,,
2025-03-09 08:00:00,27.0,0.0,86.2,,
2025-03-09 09:00:00,27.1,0.0,84.7,,
2025-03-09 10:00:00,27.6,0.0,83.4,,
2025-03-09 11:00:00,27.6,0.0,85.1,,
2025-03-09 12:00:00,24.4,2.2,97.2,,
2025-03-09 13:00:00,25.8,0.0,94.0,,
2025-03-09 14:00:00,25.5,0.2,90.6,,
2025-03-09 15:00:00,25.2,0.0,94.5,,
2025-03-09 16:00:00,25.7,0.0,91.2,,
2025-03-09 17:00:00,26.6,0.0,82.8,,
2025-03-09 18:00:00,26.8,0.0,83.9,,
2025-03-09 19:00:00,26.6,0.0,87.9,,
2025-03-09 20:00:00,26.6,0.0,90.7,,
2025-03-09 21:00:00,26.5,0.0,91.3,,
2025-03-09 22:00:00,26.2,0.0,92.3,,
2025-03-09 23:00:00,26.2,0.0,91.7,,
2025-03-10 00:00:00,25.9,0.0,92.7,,
2025-03-10 01:00:00,25.9,0.0,92.0,,
2025-03-10 02:00:00,25.9,0.0,91.7,,
2025-03-10 03:00:00,25.8,0.0,92.2,,
2025-03-10 04:00:00,25.8,0.0,92.4,,
2025-03-10 05:00:00,25.7,0.0,92.8,,
2025-03-10 06:00:00,25.6,0.0,92.9,,
2025-03-10 07:00:00,25.6,0.0,93.1,,
2025-03-10 08:00:00,26.5,0.0,89.4,,
2025-03-10 09:00:00,27.7,0.0,84.8,,
2025-03-10 10:00:00,28.4,0.0,83.1,,
2025-03-10 11:00:00,30.2,0.0,74.2,,
2025-03-10 12:00:00,29.5,0.0,80.1,,
2025-03-10 13:00:00,30.7,0.0,70.9,,
2025-03-10 14:00:00,30.6,0.0,71.8,,
2025-03-10 15:00:00,29.5,0.0,75.6,,
2025-03-10 16:00:00,30.0,0.0,71.4,,
2025-03-10 17:00:00,30.7,0.0,67.1,,
2025-03-10 18:00:00,29.4,0.0,71.6,,
2025-03-10 19:00:00,28.3,0.0,78.5,,
2025-03-10 20:00:00,27.9,0.0,82.8,,
2025-03-10 21:00:00,26.8,0.0,85.4,,
2025-03-10 22:00:00,27.0,0.0,86.1,,
2025-03-10 23:00:00,27.2,0.0,87.3,,
2025-03-11 00:00:00,26.8,0.0,86.8,,
2025-03-11 01:00:00,27.0,0.0,87.5,,
2025-03-11 02:00:00,26.7,0.0,90.3,,
2025-03-11 03:00:00,26.6,0.0,91.4,,
2025-03-11 04:00:00,26.4,0.0,91.5,,
2025-03-11 05:00:00,26.2,0.0,92.9,,
2025-03-11 06:00:00,26.5,0.0,90.9,,
2025-03-11 07:00:00,25.9,0.0,92.3,,
2025-03-11 08:00:00,27.1,0.0,87.8,,
2025-03-11 09:00:00,27.9,0.0,85.4,,
2025-03-11 10:00:00,29.0,0.0,78.1,,
2025-03-11 11:00:00,29.9,0.0,74.2,,
2025-03-11 12:00:00,30.1,0.0,71.4,,
2025-03-11 13:00:00,30.4,0.0,70.6,,
2025-03-11 14:00:00,31.5,0.0,65.7,,
2025-03-11 15:00:00,32.0,0.0,59.9,,
2025-03-11 16:00:00,31.3,0.0,62.1,,
2025-03-11 17:00:00,30.9,0.0,63.9,,
2025-03-11 18:00:00,29.9,0.0,68.0,,
2025-03-11 19:00:00,28.9,0.0,69.9,,
2025-03-11 20:00:00,28.1,0.0,79.2,,
2025-03-11 21:00:00,27.7,0.0,81.0,,
2025-03-11 22:00:00,27.6,0.0,81.9,,
2025-03-11 23:00:00,27.6,0.0,82.2,,
2025-03-12 00:00:00,27.5,0.0,82.9,,
2025-03-12 01:00:00,27.4,0.0,83.2,,
2025-03-12 02:00:00,27.3,0.0,83.5,,
2025-03-12 03:00:00,27.0,0.0,85.6,,
2025-03-12 04:00:00,27.0,0.0,85.6,,
2025-03-12 05:00:00,26.7,0.0,87.4,,
2025-03-12 06:00:00,26.5,0.0,87.9,,
2025-03-12 07:00:00,26.6,0.0,86.8,,
2025-03-12 08:00:00,27.3,0.0,83.2,,
2025-03-12 09:00:00,28.5,0.0,77.4,,
2025-03-12 10:00:00,28.8,0.0,75.7,,
2025-03-12 11:00:00,30.6,0.0,69.2,,
2025-03-12 12:00:00,29.3,0.0,68.5,,
2025-03-12 13:00:00,31.2,0.0,65.2,,
2025-03-12 14:00:00,27.3,0.0,82.9,,
2025-03-12 15:00:00,29.7,0.0,73.2,,
2025-03-12 16:00:00,26.3,0.2,92.0,,
2025-03-12 17:00:00,25.9,0.0,92.8,,
2025-03-12 18:00:00,26.8,0.0,87.9,,
2025-03-12 19:00:00,26.5,0.0,87.4,,
2025-03-12 20:00:00,26.3,0.0,89.3,,
2025-03-12 21:00:00,26.9,0.0,88.3,,
2025-03-12 22:00:00,26.9,0.0,88.9,,
2025-03-12 23:00:00,26.6,0.0,90.1,,
2025-03-13 00:00:00,26.6,0.0,90.6,,
2025-03-13 01:00:00,26.5,0.0,90.7,,
2025-03-13 02:00:00,26.5,0.0,91.4,,
2025-03-13 03:00:00,26.3,0.0,92.0,,
2025-03-13 04:00:00,26.3,0.0,90.8,,
2025-03-13 05:00:00,25.8,0.0,93.0,,
2025-03-13 06:00:00,25.9,0.0,92.0,,
2025-03-13 07:00:00,26.0,0.0,91.4,,
2025-03-13 08:00:00,26.5,0.0,89.3,,
2025-03-13 09:00:00,25.6,0.2,92.1,,
2025-03-13 10:00:00,25.9,0.0,88.9,,
2025-03-13 11:00:00,28.8,0.0,78.4,,
2025-03-13 12:00:00,30.0,0.0,72.5,,
2025-03-13 13:00:00,29.6,0.0,65.5,,
2025-03-13 14:00:00,29.5,0.0,73.6,,
2025-03-13 15:00:00,29.5,0.0,77.0,,
2025-03-13 16:00:00,30.2,0.0,72.7,,
2025-03-13 17:00:00,29.9,0.0,73.9,,
2025-03-13 18:00:00,30.5,0.0,69.3,,
2025-03-13 19:00:00,28.9,0.0,76.6,,
2025-03-13 20:00:00,28.0,0.0,82.0,,
2025-03-13 21:00:00,27.6,0.0,84.8,,
2025-03-13 22:00:00,27.3,0.0,85.1,,
2025-03-13 23:00:00,27.2,0.0,85.3,,
2025-03-14 00:00:00,27.0,0.0,86.2,,
2025-03-14 01:00:00,26.9,0.0,85.2,,
2025-03-14 02:00:00,26.7,0.0,86.6,,
2025-03-14 03:00:00,26.6,0.0,86.8,,
2025-03-14 04:00:00,26.9,0.0,84.5,,
2025-03-14 05:00:00,26.6,0.0,86.0,,
2025-03-14 06:00:00,26.3,0.0,87.3,,
2025-03-14 07:00:00,26.5,0.0,87.1,,
2025-03-14 08:00:00,27.5,0.0,82.8,,
2025-03-14 09:00:00,28.6,0.0,79.2,,
2025-03-14 10:00:00,29.1,0.0,76.3,,
2025-03-14 11:00:00,30.3,0.0,71.3,,
2025-03-14 12:00:00,31.6,0.0,61.1,,
2025-03-14 13:00:00,30.9,0.0,64.2,,
2025-03-14 14:00:00,30.8,0.0,64.7,,
2025-03-14 15:00:00,31.6,0.0,63.5,,
2025-03-14 16:00:00,30.7,0.0,66.0,,
2025-03-14 17:00:00,30.8,0.0,65.5,,
2025-03-14 18:00:00,29.9,0.0,69.1,,
2025-03-14 19:00:00,28.8,0.0,74.3,,
2025-03-14 20:00:00,28.3,0.0,77.6,,
2025-03-14 21:00:00,27.9,0.0,80.1,,
2025-03-14 22:00:00,27.7,0.0,81.3,,
2025-03-14 23:00:00,27.8,0.0,81.9,,
2025-03-15 00:00:00,27.7,0.0,82.5,,
2025-03-15 01:00:00,27.6,0.0,83.0,,
2025-03-15 02:00:00,27.2,0.0,85.1,,
2025-03-15 03:00:00,26.1,0.2,93.8,,
2025-03-15 04:00:00,24.8,0.0,94.0,,
2025-03-15 05:00:00,25.7,0.0,93.3,,
2025-03-15 06:00:00,26.1,0.0,94.3,,
2025-03-15 07:00:00,26.2,0.0,93.9,,
2025-03-15 08:00:00,26.8,0.0,91.8,,
2025-03-15 09:00:00,28.2,0.0,85.0,,
2025-03-15 10:00:00,28.9,0.0,83.2,,
2025-03-15 11:00:00,29.7,0.0,77.3,,
2025-03-15 12:00:00,30.9,0.0,70.3,,
2025-03-15 13:00:00,30.7,0.0,67.1,,
2025-03-15 14:00:00,31.9,0.0,62.7,,
2025-03-15 15:00:00,31.1,0.0,66.0,,
2025-03-15 16:00:00,31.2,0.0,66.3,,
2025-03-15 17:00:00,30.9,0.0,67.1,,
2025-03-15 18:00:00,29.4,0.0,74.8,,
2025-03-15 19:00:00,28.9,0.0,76.1,,
2025-03-15 20:00:00,28.0,0.0,80.4,,
2025-03-15 21:00:00,27.5,0.0,84.1,,
2025-03-15 22:00:00,27.5,0.0,84.5,,
2025-03-15 23:00:00,27.6,0.0,84.5,,
2025-03-16 00:00:00,27.5,0.0,85.3,,
2025-03-16 01:00:00,27.2,0.0,85.6,,
2025-03-16 02:00:00,27.1,0.0,86.8,,
2025-03-16 03:00:00,27.0,0.0,87.8,,
2025-03-16 04:00:00,27.0,0.0,87.5,,
2025-03-16 05:00:00,26.9,0.0,89.1,,
2025-03-16 06:00:00,26.7,0.0,89.0,,
2025-03-16 07:00:00,26.7,0.0,89.1,,
2025-03-16 08:00:00,27.0,0.0,88.0,,
2025-03-16 09:00:00,27.9,0.0,83.3,,
2025-03-16 10:00:00,28.4,0.0,84.0,,
2025-03-16 11:00:00,29.0,0.0,76.4,,
2025-03-16 12:00:00,29.8,0.0,75.0,,
2025-03-16 13:00:00,30.6,0.0,67.5,,
2025-03-16 14:00:00,30.6,0.0,69.3,,
2025-03-16 15:00:00,29.7,0.0,71.2,,
2025-03-16 16:00:00,30.2,0.0,74.1,,
2025-03-16 17:00:00,27.9,0.0,73.1,,
2025-03-16 18:00:00,28.3,0.0,67.1,,
2025-03-16 19:00:00,28.0,0.0,76.8,,
2025-03-16 20:00:00,27.9,0.0,82.8,,
2025-03-16 21:00:00,27.7,0.0,83.6,,
2025-03-16 22:00:00,27.6,0.0,82.4,,
2025-03-16 23:00:00,27.4,0.0,82.9,,
2025-03-17 00:00:00,27.0,0.0,85.6,,
2025-03-17 01:00:00,26.8,0.0,86.0,,
2025-03-17 02:00:00,27.2,0.0,84.7,,
2025-03-17 03:00:00,26.7,0.0,86.7,,
2025-03-17 04:00:00,26.5,0.0,87.0,,
2025-03-17 05:00:00,26.4,0.0,87.2,,
2025-03-17 06:00:00,26.0,0.0,88.1,,
2025-03-17 07:00:00,25.9,0.0,88.7,,
2025-03-17 08:00:00,26.5,0.0,86.0,,
2025-03-17 09:00:00,28.2,0.0,77.1,,
2025-03-17 10:00:00,29.0,0.0,72.2,,
2025-03-17 11:00:00,30.6,0.0,67.8,,
2025-03-17 12:00:00,31.1,0.0,62.0,,
2025-03-17 13:00:00,28.7,0.0,75.5,,
2025-03-17 14:00:00,31.2,0.2,60.2,,
2025-03-17 15:00:00,31.8,0.0,54.6,,
2025-03-17 16:00:00,31.9,0.0,55.0,,
2025-03-17 17:00:00,29.9,0.0,69.9,,
2025-03-17 18:00:00,29.1,0.0,70.2,,
2025-03-17 19:00:00,28.4,0.0,73.2,,
2025-03-17 20:00:00,27.8,0.0,79.7,,
2025-03-17 21:00:00,27.6,0.0,81.2,,
2025-03-17 22:00:00,27.4,0.0,81.3,,
2025-03-17 23:00:00,27.0,0.0,82.9,,
2025-03-18 00:00:00,27.2,0.0,82.9,,
2025-03-18 01:00:00,27.1,0.0,82.0,,
2025-03-18 02:00:00,26.9,0.0,82.5,,
2025-03-18 03:00:00,26.8,0.0,82.0,,
2025-03-18 04:00:00,26.7,0.0,80.4,,
2025-03-18 05:00:00,26.7,0.0,79.8,,
2025-03-18 06:00:00,26.5,0.0,81.9,,
2025-03-18 07:00:00,26.1,0.0,83.5,,
2025-03-18 08:00:00,27.0,0.0,80.4,,
2025-03-18 09:00:00,28.5,0.0,75.0,,
2025-03-18 10:00:00,29.7,0.0,68.6,,
2025-03-18 11:00:00,29.3,0.0,71.0,,
2025-03-18 12:00:00,31.4,0.0,64.6,,
2025-03-18 13:00:00,30.8,0.0,64.4,,
2025-03-18 14:00:00,32.0,0.0,61.4,,
2025-03-18 15:00:00,31.7,0.0,58.6,,
2025-03-18 16:00:00,31.8,0.0,58.9,,
2025-03-18 17:00:00,30.9,0.0,61.1,,
2025-03-18 18:00:00,30.0,0.0,63.6,,
2025-03-18 19:00:00,28.9,0.0,69.6,,
2025-03-18 20:00:00,28.0,0.0,73.1,,
2025-03-18 21:00:00,27.6,0.0,77.2,,
2025-03-18 22:00:00,27.4,0.0,78.1,,
2025-03-18 23:00:00,27.4,0.0,77.6,,
2025-03-19 00:00:00,27.2,0.0,79.6,,
2025-03-19 01:00:00,27.0,0.0,81.1,,
2025-03-19 02:00:00,26.9,0.0,81.3,,
2025-03-19 03:00:00,26.8,0.0,81.5,,
2025-03-19 04:00:00,26.5,0.0,82.6,,
2025-03-19 05:00:00,26.6,0.0,82.1,,
2025-03-19 06:00:00,26.5,0.0,82.6,,
2025-03-19 07:00:00,26.4,0.0,84.1,,
2025-03-19 08:00:00,26.3,0.0,84.1,,
2025-03-19 09:00:00,26.0,0.0,86.4,,
2025-03-19 10:00:00,25.1,0.2,94.7,,
2025-03-19 11:00:00,24.7,0.2,96.0,,
2025-03-19 12:00:00,24.2,0.0,94.7,,
2025-03-19 13:00:00,24.5,0.2,94.2,,
2025-03-19 14:00:00,23.7,0.4,96.9,,
2025-03-19 15:00:00,23.7,0.0,97.3,,
2025-03-19 16:00:00,24.5,0.2,96.0,,
2025-03-19 17:00:00,24.4,1.0,95.2,,
2025-03-19 18:00:00,24.1,0.0,94.1,,
2025-03-19 19:00:00,24.2,0.2,95.0,,
2025-03-19 20:00:00,24.3,0.0,93.9,,
2025-03-19 21:00:00,24.4,0.0,93.5,,
2025-03-19 22:00:00,24.2,0.0,92.2,,
2025-03-19 23:00:00,24.3,0.0,92.8,,
2025-03-20 00:00:00,23.8,0.2,94.9,,
2025-03-20 01:00:00,24.1,0.2,94.4,,
2025-03-20 02:00:00,24.4,0.0,93.7,,
2025-03-20 03:00:00,24.0,0.2,95.9,,
2025-03-20 04:00:00,23.2,0.2,96.8,,
2025-03-20 05:00:00,23.6,1.2,96.5,,
2025-03-20 06:00:00,23.7,0.2,96.1,,
2025-03-20 07:00:00,23.6,1.6,97.1,,
2025-03-20 08:00:00,23.4,0.2,97.6,,
2025-03-20 09:00:00,23.1,1.0,97.7,,
2025-03-20 10:00:00,23.1,0.8,97.8,,
2025-03-28 17:00:00,28.9,0.0,80.7,,
2025-03-28 18:00:00,28.1,0.0,85.4,,
2025-03-28 19:00:00,27.4,0.0,86.3,,
2025-03-28 20:00:00,26.7,0.0,88.8,,
2025-03-28 21:00:00,26.7,0.0,89.4,,
2025-03-28 22:00:00,26.8,0.0,88.7,,
2025-03-28 23:00:00,26.8,0.0,89.1,,
2025-03-29 00:00:00,26.7,0.0,89.6,,
2025-03-29 01:00:00,26.4,0.0,87.9,,
2025-03-29 02:00:00,26.2,0.0,86.2,,
2025-03-29 03:00:00,26.3,0.0,86.1,,
2025-03-29 04:00:00,26.0,0.0,86.2,,
2025-03-29 05:00:00,26.0,0.0,86.0,,
2025-03-29 06:00:00,26.0,0.0,88.8,,
2025-03-29 07:00:00,26.1,0.0,87.6,,
2025-03-29 08:00:00,26.7,0.0,87.8,,
2025-03-29 09:00:00,28.4,0.0,83.7,,
2025-03-29 10:00:00,29.6,0.0,74.8,,
2025-03-29 11:00:00,30.1,0.0,72.9,,
2025-03-29 12:00:00,31.7,0.0,68.0,,
2025-03-29 13:00:00,31.1,0.0,68.5,,
2025-03-29 14:00:00,26.1,1.2,92.6,,
2025-03-29 15:00:00,28.1,0.0,85.2,,
2025-03-29 16:00:00,29.6,0.0,76.9,,
2025-03-29 17:00:00,29.5,0.0,76.2,,
2025-03-29 18:00:00,26.8,0.0,80.4,,
2025-03-29 19:00:00,27.0,0.0,78.9,,
2025-03-29 20:00:00,26.8,0.0,88.7,,
2025-03-29 21:00:00,26.5,0.0,90.9,,
2025-03-29 22:00:00,26.3,0.0,88.0,,
2025-03-29 23:00:00,26.1,0.0,88.7,,
2025-03-30 00:00:00,26.3,0.0,89.4,,
2025-03-30 01:00:00,26.6,0.0,89.4,,
2025-03-30 02:00:00,26.7,0.0,91.1,,
2025-03-30 03:00:00,26.5,0.0,91.9,,
2025-03-30 04:00:00,26.4,0.0,92.7,,
2025-03-30 05:00:00,26.1,0.0,93.0,,
2025-03-30 06:00:00,26.0,0.0,93.0,,
2025-03-30 07:00:00,25.8,0.0,94.5,,
2025-03-30 08:00:00,26.8,0.0,90.5,,
2025-03-30 09:00:00,28.9,0.0,80.5,,
2025-03-30 10:00:00,29.7,0.0,78.2,,
2025-03-30 11:00:00,30.2,0.0,75.6,,
2025-03-30 12:00:00,31.2,0.0,68.0,,
2025-03-30 13:00:00,32.4,0.0,61.4,,
2025-03-30 14:00:00,31.7,0.0,68.8,,
2025-03-30 15:00:00,28.2,0.2,89.5,,
2025-03-30 16:00:00,28.0,0.0,81.9,,
2025-03-30 17:00:00,26.6,0.0,83.0,,
2025-03-30 18:00:00,26.1,0.0,80.5,,
2025-03-30 19:00:00,25.3,0.0,85.7,,
2025-03-30 20:00:00,25.3,0.0,84.6,,
2025-03-30 21:00:00,25.0,0.0,86.4,,
2025-03-30 22:00:00,25.1,0.0,86.1,,
2025-03-30 23:00:00,25.1,0.0,87.9,,
2025-03-31 00:00:00,25.2,0.0,87.7,,
2025-03-31 01:00:00,25.2,0.0,89.6,,
2025-03-31 02:00:00,25.3,0.0,90.7,,
2025-03-31 03:00:00,25.5,0.0,91.5,,
2025-03-31 04:00:00,25.7,0.0,91.5,,
2025-03-31 05:00:00,25.7,0.0,91.4,,
2025-03-31 06:00:00,25.7,0.0,91.0,,
2025-03-31 07:00:00,25.7,0.0,91.8,,
2025-03-31 08:00:00,26.8,0.0,86.3,,
2025-03-31 09:00:00,26.5,0.0,81.3,,
2025-03-31 10:00:00,28.3,0.0,77.3,,
2025-03-31 11:00:00,29.9,0.0,74.7,,
2025-03-31 12:00:00,31.1,0.0,71.0,,
2025-03-31 13:00:00,29.0,0.0,79.9,,
2025-03-31 14:00:00,27.9,0.0,79.8,,
2025-03-31 15:00:00,26.0,0.0,90.7,,
2025-03-31 16:00:00,26.6,0.0,92.7,,
2025-03-31 17:00:00,26.6,0.0,90.1,,
2025-03-31 18:00:00,26.9,0.0,84.6,,
2025-03-31 19:00:00,26.4,0.0,87.6,,
2025-03-31 20:00:00,25.9,0.0,87.1,,
2025-03-31 21:00:00,25.6,0.0,87.9,,
2025-03-31 22:00:00,25.4,0.0,87.5,,
2025-03-31 23:00:00,25.3,0.0,87.0,,
2025-04-01 00:00:00,25.3,0.0,88.5,,
2025-04-01 01:00:00,25.8,0.0,87.5,,
2025-04-01 02:00:00,25.5,0.0,90.6,,
2025-04-01 03:00:00,25.5,0.0,90.7,,
2025-04-01 04:00:00,25.5,0.0,90.5,,
2025-04-01 05:00:00,25.1,0.0,91.9,,
2025-04-01 06:00:00,25.3,0.0,91.7,,
2025-04-01 07:00:00,25.5,0.0,89.9,,
2025-04-01 08:00:00,26.4,0.0,85.9,,
2025-04-01 09:00:00,27.6,0.0,81.5,,
2025-04-01 10:00:00,28.5,0.0,76.1,,
2025-04-01 11:00:00,29.4,0.0,72.3,,
2025-04-01 12:00:00,31.4,0.0,63.7,,
2025-04-01 13:00:00,31.9,0.0,60.6,,
2025-04-01 14:00:00,32.1,0.0,62.7,,
2025-04-01 15:00:00,30.9,0.0,67.2,,
2025-04-01 16:00:00,30.7,0.0,67.3,,
2025-04-01 17:00:00,29.4,0.0,68.2,,
2025-04-01 18:00:00,29.5,0.0,66.0,,
2025-04-01 19:00:00,28.3,0.0,80.1,,
2025-04-01 20:00:00,28.2,0.0,78.6,,
2025-04-01 21:00:00,28.0,0.0,83.4,,
2025-04-01 22:00:00,28.0,0.0,85.2,,
2025-04-01 23:00:00,28.1,0.0,86.0,,
2025-04-02 00:00:00,28.0,0.0,85.0,,
2025-04-02 01:00:00,28.1,0.0,83.9,,
2025-04-02 02:00:00,27.5,0.0,88.4,,
2025-04-02 03:00:00,27.4,0.0,86.9,,
2025-04-02 04:00:00,27.2,0.0,87.0,,
2025-04-02 05:00:00,26.8,0.0,87.9,,
2025-04-02 06:00:00,26.3,0.0,90.2,,
2025-04-02 07:00:00,26.4,0.0,89.7,,
2025-04-02 08:00:00,23.8,0.0,87.4,,
2025-04-02 09:00:00,25.1,0.0,83.6,,
2025-04-02 10:00:00,26.5,0.0,76.1,,
2025-04-02 11:00:00,28.4,0.0,66.2,,
2025-04-02 12:00:00,30.9,0.0,59.2,,
2025-04-02 13:00:00,31.6,0.0,63.0,,
2025-04-02 14:00:00,30.2,0.0,68.2,,
2025-04-02 15:00:00,30.1,0.0,68.9,,
2025-04-02 16:00:00,30.3,0.0,68.3,,
2025-04-02 17:00:00,29.9,0.0,68.9,,
2025-04-02 18:00:00,26.5,0.2,92.6,,
2025-04-02 19:00:00,26.2,0.0,92.4,,
2025-04-02 20:00:00,26.8,0.0,89.9,,
2025-04-02 21:00:00,27.1,0.0,87.0,,
2025-04-02 22:00:00,27.3,0.0,85.1,,
2025-04-02 23:00:00,24.4,1.2,96.0,,
2025-04-03 00:00:00,25.5,0.0,97.5,,
2025-04-03 01:00:00,25.8,0.0,97.6,,
2025-04-03 02:00:00,25.9,0.0,95.9,,
2025-04-03 03:00:00,25.1,0.0,89.4,,
2025-04-03 04:00:00,24.9,0.0,86.2,,
2025-04-03 05:00:00,25.1,0.0,90.5,,
2025-04-03 06:00:00,24.9,0.0,91.2,,
2025-04-03 07:00:00,25.0,0.0,92.1,,
2025-04-03 08:00:00,25.5,0.0,90.4,,
2025-04-03 09:00:00,27.6,0.0,79.2,,
2025-04-03 10:00:00,28.6,0.0,73.6,,
2025-04-03 11:00:00,30.0,0.0,66.8,,
2025-04-03 12:00:00,30.5,0.0,63.1,,
2025-04-03 13:00:00,31.2,0.0,62.2,,
2025-04-03 14:00:00,31.8,0.0,61.2,,
2025-04-03 15:00:00,31.9,0.0,64.4,,
2025-04-03 16:00:00,32.3,0.0,58.3,,
2025-04-03 17:00:00,30.8,0.0,58.0,,
2025-04-03 18:00:00,29.7,0.0,66.3,,
2025-04-03 19:00:00,28.7,0.0,74.0,,
2025-04-03 20:00:00,28.4,0.0,75.8,,
2025-04-03 21:00:00,28.1,0.0,79.1,,
2025-04-03 22:00:00,28.1,0.0,80.7,,
2025-04-03 23:00:00,27.7,0.0,81.7,,
2025-04-04 00:00:00,27.3,0.0,83.9,,
2025-04-04 01:00:00,27.1,0.0,85.3,,
2025-04-04 02:00:00,26.8,0.0,88.2,,
2025-04-04 03:00:00,26.7,0.0,89.5,,
2025-04-04 04:00:00,26.6,0.0,88.3,,
2025-04-04 05:00:00,26.5,0.0,88.1,,
2025-04-04 06:00:00,26.1,0.0,90.1,,
2025-04-04 07:00:00,26.4,0.0,89.5,,
2025-04-04 08:00:00,26.9,0.0,88.4,,
2025-04-04 09:00:00,28.4,0.0,78.8,,
2025-04-04 10:00:00,29.8,0.0,76.1,,
2025-04-04 11:00:00,30.1,0.0,75.4,,
2025-04-04 12:00:00,27.8,0.0,79.1,,
2025-04-04 13:00:00,26.6,0.0,91.3,,
2025-04-04 14:00:00,29.6,0.0,74.8,,
2025-04-04 15:00:00,25.9,0.0,89.7,,
2025-04-04 16:00:00,25.0,0.2,93.9,,
2025-04-04 17:00:00,25.5,0.2,93.8,,
2025-04-04 18:00:00,26.3,0.0,92.2,,
2025-04-04 19:00:00,26.6,0.0,88.8,,
2025-04-04 20:00:00,26.7,0.0,86.1,,
2025-04-04 21:00:00,26.5,0.0,87.8,,
2025-04-04 22:00:00,26.3,0.0,89.7,,
2025-04-04 23:00:00,26.2,0.0,91.1,,
2025-04-05 00:00:00,26.1,0.0,91.3,,
2025-04-05 01:00:00,25.9,0.0,91.6,,
2025-04-05 02:00:00,25.8,0.0,92.1,,
2025-04-05 03:00:00,25.7,0.0,91.7,,
2025-04-05 04:00:00,26.1,0.0,89.8,,
2025-04-05 05:00:00,25.9,0.0,88.3,,
2025-04-05 06:00:00,25.6,0.0,89.5,,
2025-04-05 07:00:00,25.2,0.0,90.4,,
2025-04-05 08:00:00,25.0,0.0,91.6,,
2025-04-05 09:00:00,26.4,0.0,82.6,,
2025-04-05 10:00:00,28.5,0.0,78.0,,
2025-04-05 11:00:00,28.9,0.0,74.7,,
2025-04-05 12:00:00,30.6,0.0,68.5,,
2025-04-05 13:00:00,30.7,0.0,63.6,,
2025-04-05 14:00:00,31.2,0.0,63.1,,
2025-04-05 15:00:00,31.8,0.0,60.4,,
2025-04-05 16:00:00,32.0,0.0,62.6,,
2025-04-05 17:00:00,31.0,0.0,66.9,,
2025-04-05 18:00:00,30.1,0.0,71.7,,
2025-04-05 19:00:00,27.2,0.0,74.8,,
2025-04-05 20:00:00,27.1,0.0,81.5,,
2025-04-05 21:00:00,25.8,0.0,93.2,,
2025-04-05 22:00:00,26.2,0.0,92.8,,
2025-04-05 23:00:00,26.4,0.0,91.6,,
2025-04-06 00:00:00,26.3,0.0,92.5,,
2025-04-06 01:00:00,26.4,0.0,91.7,,
2025-04-06 02:00:00,26.4,0.0,91.4,,
2025-04-06 03:00:00,26.2,0.0,91.8,,
2025-04-06 04:00:00,26.5,0.0,90.3,,
2025-04-06 05:00:00,26.4,0.0,90.4,,
2025-04-06 06:00:00,26.1,0.0,92.2,,
2025-04-06 07:00:00,26.0,0.0,92.3,,
2025-04-06 08:00:00,26.7,0.0,88.4,,
2025-04-06 09:00:00,28.4,0.0,81.0,,
2025-04-06 10:00:00,29.8,0.0,71.8,,
2025-04-06 11:00:00,30.4,0.0,74.3,,
2025-04-06 12:00:00,30.3,0.0,69.8,,
2025-04-06 13:00:00,31.8,0.0,66.5,,
2025-04-06 14:00:00,32.3,0.0,64.6,,
2025-04-06 15:00:00,32.0,0.0,63.0,,
2025-04-06 16:00:00,32.0,0.0,61.7,,
2025-04-06 17:00:00,31.6,0.0,61.0,,
2025-04-06 18:00:00,30.3,0.0,67.9,,
2025-04-06 19:00:00,29.2,0.0,72.1,,
2025-04-06 20:00:00,28.7,0.0,77.6,,
2025-04-06 21:00:00,28.1,0.0,80.8,,
2025-04-06 22:00:00,27.6,0.0,82.8,,
2025-04-06 23:00:00,26.5,0.0,85.7,,
2025-04-07 00:00:00,26.4,0.0,86.2,,
2025-04-07 01:00:00,26.1,0.0,88.3,,
2025-04-07 02:00:00,26.0,0.0,89.1,,
2025-04-07 03:00:00,25.8,0.0,89.7,,
2025-04-07 04:00:00,25.6,0.0,89.2,,
2025-04-07 05:00:00,25.6,0.0,89.0,,
2025-04-07 06:00:00,25.8,0.0,89.4,,
2025-04-07 07:00:00,25.9,0.0,89.8,,
2025-04-07 08:00:00,25.9,0.0,87.7,,
2025-04-07 09:00:00,26.4,0.0,86.8,,
2025-04-07 10:00:00,26.9,0.0,85.4,,
2025-04-07 11:00:00,24.5,0.6,95.3,,
2025-04-07 12:00:00,24.1,0.2,97.1,,
2025-04-07 13:00:00,24.8,0.0,95.4,,
2025-04-07 14:00:00,26.2,0.0,92.6,,
2025-04-07 15:00:00,28.1,0.0,79.1,,
2025-04-07 16:00:00,28.7,0.0,74.8,,
2025-04-07 17:00:00,28.2,0.0,79.4,,
2025-04-07 18:00:00,28.6,0.0,76.2,,
2025-04-07 19:00:00,28.2,0.0,74.2,,
2025-04-07 20:00:00,27.4,0.0,79.9,,
2025-04-07 21:00:00,27.1,0.0,82.5,,
2025-04-07 22:00:00,26.9,0.0,85.2,,
2025-04-07 23:00:00,26.7,0.0,87.5,,
2025-04-08 00:00:00,26.5,0.0,88.4,,
2025-04-08 01:00:00,26.1,0.0,90.6,,
2025-04-08 02:00:00,25.9,0.0,91.3,,
2025-04-08 03:00:00,25.7,0.0,93.1,,
2025-04-08 04:00:00,25.5,0.0,93.4,,
2025-04-08 05:00:00,25.6,0.0,92.5,,
2025-04-08 06:00:00,26.1,0.0,89.9,,
2025-04-08 07:00:00,26.1,0.0,90.0,,
2025-04-08 08:00:00,26.0,0.2,92.7,,
2025-04-08 09:00:00,26.3,0.0,93.2,,
2025-04-08 10:00:00,27.4,0.0,87.3,,
2025-04-08 11:00:00,27.3,0.0,87.5,,
2025-04-08 12:00:00,27.7,0.0,84.7,,
2025-04-08 13:00:00,28.0,0.0,82.3,,
2025-04-08 14:00:00,28.5,0.0,81.2,,
2025-04-08 15:00:00,29.0,0.0,76.1,,
2025-04-08 16:00:00,28.7,0.0,77.1,,
2025-04-08 17:00:00,28.7,0.0,78.8,,
2025-04-08 18:00:00,28.3,0.0,79.2,,
2025-04-08 19:00:00,27.7,0.0,80.5,,
2025-04-08 20:00:00,27.3,0.0,81.9,,
2025-04-08 21:00:00,27.0,0.0,82.1,,
2025-04-08 22:00:00,26.9,0.0,83.2,,
2025-04-08 23:00:00,26.7,0.0,85.0,,
2025-04-09 00:00:00,26.5,0.0,88.1,,
2025-04-09 01:00:00,26.5,0.0,88.4,,
2025-04-09 02:00:00,26.2,0.0,89.8,,
2025-04-09 03:00:00,26.2,0.0,90.3,,
2025-04-09 04:00:00,26.0,0.0,91.8,,
2025-04-09 05:00:00,25.9,0.0,92.6,,
2025-04-09 06:00:00,25.9,0.0,92.1,,
2025-04-09 07:00:00,25.9,0.0,92.8,,
2025-04-09 08:00:00,27.1,0.0,87.5,,
2025-04-09 09:00:00,28.5,0.0,81.4,,
2025-04-09 10:00:00,29.9,0.0,75.9,,
2025-04-09 11:00:00,30.7,0.0,70.9,,
2025-04-09 12:00:00,31.5,0.0,67.2,,
2025-04-09 13:00:00,32.3,0.0,66.0,,
2025-04-09 14:00:00,28.7,0.0,74.0,,
2025-04-09 15:00:00,28.7,0.0,77.4,,
2025-04-09 16:00:00,29.8,0.0,76.8,,
2025-04-09 17:00:00,29.3,0.0,76.9,,
2025-04-09 18:00:00,29.3,0.0,76.2,,
2025-04-09 19:00:00,27.6,0.4,89.1,,
2025-04-09 20:00:00,25.9,0.0,90.0,,
2025-04-09 21:00:00,25.6,0.0,91.1,,
2025-04-09 22:00:00,25.8,0.0,90.5,,
2025-04-09 23:00:00,26.1,0.0,90.8,,
2025-04-10 00:00:00,26.3,0.0,92.2,,
2025-04-10 01:00:00,26.4,0.0,93.4,,
2025-04-10 02:00:00,26.4,0.0,92.1,,
2025-04-10 03:00:00,26.0,0.0,93.8,,
2025-04-10 04:00:00,26.5,0.0,90.6,,
2025-04-10 05:00:00,25.9,0.0,93.2,,
2025-04-10 06:00:00,25.8,0.0,93.0,,
2025-04-10 07:00:00,25.7,0.0,92.8,,
2025-04-10 08:00:00,27.3,0.0,85.6,,
2025-04-10 09:00:00,28.3,0.0,81.1,,
2025-04-10 10:00:00,29.1,0.0,78.1,,
2025-04-10 11:00:00,30.8,0.0,70.4,,
2025-04-10 12:00:00,30.3,0.0,65.3,,
2025-04-10 13:00:00,31.4,0.0,61.3,,
2025-04-10 14:00:00,32.5,0.0,57.6,,
2025-04-10 15:00:00,32.1,0.0,61.1,,
2025-04-10 16:00:00,31.7,0.0,60.6,,
2025-04-10 17:00:00,30.6,0.0,69.3,,
2025-04-10 18:00:00,29.5,0.0,75.2,,
2025-04-10 19:00:00,28.1,0.0,82.8,,
2025-04-10 20:00:00,25.8,0.0,89.5,,
2025-04-10 21:00:00,26.2,0.0,86.4,,
2025-04-10 22:00:00,26.5,0.0,84.8,,
2025-04-10 23:00:00,26.6,0.0,86.0,,
2025-04-11 00:00:00,26.7,0.0,86.3,,
2025-04-11 01:00:00,26.7,0.0,87.8,,
2025-04-11 02:00:00,27.1,0.0,84.9,,
2025-04-11 03:00:00,26.9,0.0,85.7,,
2025-04-11 04:00:00,26.7,0.0,88.3,,
2025-04-11 05:00:00,26.7,0.0,89.1,,
2025-04-11 06:00:00,26.7,0.0,90.9,,
2025-04-11 07:00:00,26.9,0.0,90.9,,
2025-04-11 08:00:00,24.8,2.2,95.5,,
2025-04-11 09:00:00,24.9,0.4,96.9,,
2025-04-11 10:00:00,25.3,0.0,92.2,,
2025-04-11 11:00:00,26.5,0.0,89.5,,
2025-04-11 12:00:00,28.3,0.0,76.3,,
2025-04-11 13:00:00,29.3,0.0,71.5,,
2025-04-11 14:00:00,30.5,0.0,65.8,,
2025-04-11 15:00:00,32.0,0.0,61.6,,
2025-04-11 16:00:00,31.6,0.0,61.2,,
2025-04-11 17:00:00,31.2,0.0,62.7,,
2025-04-11 18:00:00,30.9,0.0,60.7,,
2025-04-11 19:00:00,29.5,0.0,66.4,,
2025-04-11 20:00:00,28.6,0.0,70.7,,
2025-04-11 21:00:00,28.1,0.0,76.5,,
2025-04-11 22:00:00,28.0,0.0,77.0,,
2025-04-11 23:00:00,27.9,0.0,78.6,,
2025-04-12 00:00:00,27.9,0.0,79.5,,
2025-04-12 01:00:00,28.2,0.0,79.4,,
2025-04-12 02:00:00,28.0,0.0,80.9,,
2025-04-12 03:00:00,27.7,0.0,81.8,,
2025-04-12 04:00:00,27.5,0.0,81.6,,
2025-04-12 05:00:00,27.5,0.0,81.5,,
2025-04-12 06:00:00,27.4,0.0,82.5,,
2025-04-12 07:00:00,27.3,0.0,82.7,,
2025-04-12 08:00:00,28.3,0.0,78.8,,
2025-04-12 09:00:00,29.4,0.0,73.7,,
2025-04-12 10:00:00,30.6,0.0,67.7,,
2025-04-12 11:00:00,31.5,0.0,66.4,,
2025-04-12 12:00:00,32.3,0.0,56.6,,
2025-04-12 13:00:00,33.2,0.0,54.7,,
2025-04-12 14:00:00,34.2,0.0,51.4,,
2025-04-12 15:00:00,35.1,0.0,46.4,,
2025-04-12 16:00:00,31.0,0.0,70.7,,
2025-04-12 17:00:00,29.2,0.0,78.9,,
2025-04-12 18:00:00,29.2,0.0,76.2,,
2025-04-12 19:00:00,29.3,0.0,71.2,,
2025-04-12 20:00:00,28.9,0.0,73.5,,
2025-04-12 21:00:00,28.8,0.0,76.1,,
2025-04-12 22:00:00,28.9,0.0,79.2,,
2025-04-12 23:00:00,28.6,0.0,78.7,,
2025-04-13 00:00:00,28.6,0.0,80.3,,
2025-04-13 01:00:00,27.0,0.0,87.5,,
2025-04-13 02:00:00,26.0,0.0,89.5,,
2025-04-13 03:00:00,26.4,0.0,86.6,,
2025-04-13 04:00:00,26.5,0.0,85.9,,
2025-04-13 05:00:00,26.3,0.0,85.5,,
2025-04-13 06:00:00,26.1,0.0,87.9,,
2025-04-13 07:00:00,26.2,0.0,87.6,,
2025-04-13 08:00:00,27.6,0.0,82.2,,
2025-04-13 09:00:00,29.3,0.0,74.7,,
2025-04-13 10:00:00,29.3,0.0,71.3,,
2025-04-13 11:00:00,30.4,0.0,66.8,,
2025-04-13 12:00:00,30.1,0.0,70.6,,
2025-04-13 13:00:00,28.5,0.0,80.3,,
2025-04-13 14:00:00,26.0,0.2,92.5,,
2025-04-13 15:00:00,24.0,0.4,95.3,,
2025-04-13 16:00:00,25.3,0.0,93.1,,
2025-04-13 17:00:00,26.3,0.0,90.7,,
2025-04-13 18:00:00,26.9,0.0,87.0,,
2025-04-13 19:00:00,26.4,0.0,88.8,,
2025-04-13 20:00:00,26.2,0.0,91.0,,
2025-04-13 21:00:00,26.4,0.0,89.1,,
2025-04-13 22:00:00,26.2,0.0,90.9,,
2025-04-13 23:00:00,26.4,0.0,89.2,,
2025-04-14 00:00:00,26.4,0.0,87.8,,
2025-04-14 01:00:00,26.3,0.0,88.6,,
2025-04-14 02:00:00,26.1,0.0,89.8,,
2025-04-14 03:00:00,25.9,0.0,89.3,,
2025-04-14 04:00:00,25.9,0.0,90.2,,
2025-04-14 05:00:00,25.7,0.0,91.2,,
2025-04-14 06:00:00,25.7,0.0,91.9,,
2025-04-14 07:00:00,25.8,0.0,94.2,,
2025-04-14 08:00:00,26.4,0.0,91.5,,
2025-04-14 09:00:00,28.0,0.0,84.1,,
2025-04-14 10:00:00,29.8,0.0,75.3,,
2025-04-14 11:00:00,30.8,0.0,66.5,,
2025-04-14 12:00:00,32.0,0.0,62.1,,
2025-04-14 13:00:00,32.4,0.0,63.0,,
2025-04-14 14:00:00,31.5,0.0,64.5,,
2025-04-14 15:00:00,31.6,0.0,61.9,,
2025-04-14 16:00:00,30.9,0.0,70.3,,
2025-04-14 17:00:00,30.2,0.0,71.1,,
2025-04-14 18:00:00,29.4,0.0,72.5,,
2025-04-14 19:00:00,28.6,0.0,78.4,,
2025-04-14 20:00:00,28.3,0.0,81.7,,
2025-04-14 21:00:00,28.1,0.0,82.6,,
2025-04-14 22:00:00,28.0,0.0,80.7,,
2025-04-14 23:00:00,27.7,0.0,81.8,,
2025-04-15 00:00:00,27.5,0.0,83.8,,
2025-04-15 01:00:00,27.4,0.0,86.3,,
2025-04-15 02:00:00,27.0,0.0,88.0,,
2025-04-15 03:00:00,27.0,0.0,88.0,,
2025-04-15 04:00:00,27.0,0.0,87.0,,
2025-04-15 05:00:00,27.0,0.0,86.6,,
2025-04-15 06:00:00,27.0,0.0,86.2,,
2025-04-15 07:00:00,27.0,0.0,87.4,,
2025-04-15 08:00:00,27.3,0.0,86.5,,
2025-04-15 09:00:00,28.3,0.0,82.1,,
2025-04-15 10:00:00,29.6,0.0,76.8,,
2025-04-15 11:00:00,30.9,0.0,69.3,,
2025-04-15 12:00:00,31.6,0.0,64.2,,
2025-04-15 13:00:00,31.1,0.0,63.5,,
2025-04-15 14:00:00,33.1,0.0,58.3,,
2025-04-15 15:00:00,31.9,0.0,67.2,,
2025-04-15 16:00:00,29.7,0.0,74.7,,
2025-04-15 17:00:00,29.1,0.0,69.3,,
2025-04-15 18:00:00,28.8,0.0,78.3,,
2025-04-15 19:00:00,27.6,0.0,85.9,,
2025-04-15 20:00:00,27.1,0.0,87.4,,
2025-04-15 21:00:00,27.4,0.0,85.8,,
2025-04-15 22:00:00,27.1,0.0,90.7,,
2025-04-15 23:00:00,27.2,0.0,90.5,,
2025-04-16 00:00:00,27.2,0.0,89.2,,
2025-04-16 01:00:00,27.1,0.0,89.9,,
2025-04-16 02:00:00,26.6,0.2,90.6,,
2025-04-16 03:00:00,26.6,0.0,93.0,,
2025-04-16 04:00:00,26.9,0.0,91.5,,
2025-04-16 05:00:00,25.6,0.0,95.6,,
2025-04-16 06:00:00,26.4,0.0,94.0,,
2025-04-16 07:00:00,26.0,0.0,95.1,,
2025-04-16 08:00:00,26.1,0.0,94.0,,
2025-04-16 09:00:00,28.1,0.0,83.5,,
2025-04-16 10:00:00,29.9,0.0,76.4,,
2025-04-16 11:00:00,30.9,0.0,69.6,,
2025-04-16 12:00:00,31.5,0.0,65.0,,
2025-04-16 13:00:00,31.2,0.0,68.8,,
2025-04-16 14:00:00,30.2,0.0,76.0,,
2025-04-16 15:00:00,31.7,0.0,69.0,,
2025-04-16 16:00:00,30.0,0.0,73.7,,
2025-04-16 17:00:00,28.1,0.0,79.9,,
2025-04-16 18:00:00,26.9,0.0,86.0,,
2025-04-16 19:00:00,26.6,0.0,88.1,,
2025-04-16 20:00:00,26.6,0.0,87.5,,
2025-04-16 21:00:00,26.2,0.0,87.4,,
2025-04-16 22:00:00,26.2,0.0,87.2,,
2025-04-16 23:00:00,26.3,0.0,86.7,,
2025-04-17 00:00:00,26.2,0.0,83.5,,
2025-04-17 01:00:00,25.4,0.0,87.5,,
2025-04-17 02:00:00,25.7,0.0,88.4,,
2025-04-17 03:00:00,26.8,0.0,78.7,,
2025-04-17 04:00:00,25.0,0.0,82.6,,
2025-04-17 05:00:00,23.6,0.4,94.6,,
2025-04-17 06:00:00,23.9,0.0,95.4,,
2025-04-17 07:00:00,23.6,0.2,94.5,,
2025-04-17 08:00:00,23.9,0.0,92.5,,
2025-04-17 09:00:00,24.8,0.0,89.4,,
2025-04-17 10:00:00,26.1,0.0,83.1,,
2025-04-17 11:00:00,28.0,0.0,70.2,,
2025-04-17 12:00:00,29.0,0.0,65.5,,
2025-04-17 13:00:00,30.7,0.0,60.9,,
2025-04-17 14:00:00,31.5,0.0,60.0,,
2025-04-17 15:00:00,32.2,0.0,58.7,,
2025-04-17 16:00:00,30.5,0.0,71.1,,
2025-04-17 17:00:00,31.6,0.0,66.0,,
2025-04-17 18:00:00,30.4,0.0,73.8,,
2025-04-17 19:00:00,29.6,0.0,74.8,,
2025-04-17 20:00:00,28.0,0.0,77.8,,
2025-04-17 21:00:00,27.6,0.0,79.2,,
2025-04-17 22:00:00,27.4,0.0,80.1,,
2025-04-17 23:00:00,27.2,0.0,81.5,,
2025-04-18 00:00:00,26.9,0.0,83.7,,
2025-04-18 01:00:00,26.9,0.0,85.0,,
2025-04-18 02:00:00,26.6,0.0,87.0,,
2025-04-18 03:00:00,26.3,0.0,89.4,,
2025-04-18 04:00:00,26.1,0.0,90.7,,
2025-04-18 05:00:00,26.1,0.0,90.1,,
2025-04-18 06:00:00,26.0,0.0,91.5,,
2025-04-18 07:00:00,26.0,0.0,92.3,,
2025-04-18 08:00:00,27.5,0.0,85.9,,
2025-04-18 09:00:00,28.8,0.0,79.2,,
2025-04-18 10:00:00,30.3,0.0,74.6,,
2025-04-18 11:00:00,30.2,0.0,73.5,,
2025-04-18 12:00:00,32.4,0.0,66.1,,
2025-04-18 13:00:00,32.2,0.0,65.5,,
2025-04-18 14:00:00,31.8,0.0,66.2,,
2025-04-18 15:00:00,31.7,0.0,67.3,,
2025-04-18 16:00:00,31.4,0.0,68.3,,
2025-04-18 17:00:00,27.9,0.0,82.4,,
2025-04-18 18:00:00,26.5,0.2,92.0,,
2025-04-18 19:00:00,26.2,0.0,92.4,,
2025-04-18 20:00:00,26.1,0.0,89.4,,
2025-04-18 21:00:00,26.6,0.0,89.0,,
2025-04-18 22:00:00,27.2,0.0,87.0,,
2025-04-18 23:00:00,27.1,0.0,88.8,,
2025-04-19 00:00:00,27.2,0.0,90.9,,
2025-04-19 01:00:00,27.1,0.0,92.1,,
2025-04-19 02:00:00,27.0,0.0,91.9,,
2025-04-19 03:00:00,27.3,0.0,91.0,,
2025-04-19 04:00:00,26.9,0.0,92.9,,
2025-04-19 05:00:00,27.0,0.0,91.6,,
2025-04-19 06:00:00,26.8,0.0,92.1,,
2025-04-19 07:00:00,26.8,0.0,93.6,,
2025-04-19 08:00:00,27.2,0.0,92.1,,
2025-04-19 09:00:00,29.0,0.0,84.5,,
2025-04-19 10:00:00,30.2,0.0,80.0,,
2025-04-19 11:00:00,31.0,0.0,71.2,,
2025-04-19 12:00:00,31.5,0.0,67.6,,
2025-04-19 13:00:00,31.2,0.0,73.8,,
2025-04-19 14:00:00,30.1,0.0,74.0,,
2025-04-19 15:00:00,30.1,0.0,75.1,,
2025-04-19 16:00:00,26.7,0.0,94.3,,
2025-04-19 17:00:00,27.7,0.0,91.4,,
2025-04-19 18:00:00,28.2,0.0,88.2,,
2025-04-19 19:00:00,27.4,0.0,83.7,,
2025-04-19 20:00:00,26.6,0.0,89.2,,
2025-04-19 21:00:00,26.5,0.0,91.0,,
2025-04-19 22:00:00,26.6,0.0,89.1,,
2025-04-19 23:00:00,26.7,0.0,88.3,,
2025-04-20 00:00:00,26.4,0.0,89.1,,
2025-04-20 01:00:00,26.1,0.0,91.3,,
2025-04-20 02:00:00,26.0,0.0,93.0,,
2025-04-20 03:00:00,25.7,0.0,93.9,,
2025-04-20 04:00:00,25.6,0.0,94.5,,
2025-04-20 05:00:00,25.8,0.0,94.2,,
2025-04-20 06:00:00,25.8,0.0,94.4,,
2025-04-20 07:00:00,25.8,0.0,95.3,,
2025-04-20 08:00:00,27.5,0.0,85.9,,
2025-04-20 09:00:00,28.8,0.0,79.2,,
2025-04-20 10:00:00,29.8,0.0,77.2,,
2025-04-20 11:00:00,30.7,0.0,65.5,,
2025-04-20 12:00:00,32.4,0.0,54.0,,
2025-04-20 13:00:00,32.5,0.0,65.2,,
2025-04-20 14:00:00,30.2,0.0,72.7,,
2025-04-20 15:00:00,31.5,0.0,67.2,,
2025-04-20 16:00:00,29.5,0.0,76.7,,
2025-04-20 17:00:00,25.7,0.0,89.1,,
2025-04-20 18:00:00,25.7,0.0,86.7,,
2025-04-20 19:00:00,26.3,0.0,84.7,,
2025-04-20 20:00:00,26.0,0.0,88.3,,
2025-04-20 21:00:00,26.5,0.0,88.6,,
2025-04-20 22:00:00,26.3,0.0,89.5,,
2025-04-20 23:00:00,26.7,0.0,86.5,,
2025-04-21 00:00:00,26.0,0.0,87.3,,
2025-04-21 01:00:00,25.7,0.0,89.0,,
2025-04-21 02:00:00,26.2,0.0,89.6,,
2025-04-21 03:00:00,26.3,0.0,86.7,,
2025-04-21 04:00:00,26.1,0.0,88.3,,
2025-04-21 05:00:00,26.1,0.0,86.8,,
2025-04-21 06:00:00,25.7,0.0,87.3,,
2025-04-21 07:00:00,25.1,0.0,91.0,,
2025-04-21 08:00:00,26.4,0.0,86.8,,
2025-04-21 09:00:00,28.2,0.0,80.1,,
2025-04-21 10:00:00,30.0,0.0,78.1,,
2025-04-21 11:00:00,31.4,0.0,66.2,,
2025-04-21 12:00:00,32.2,0.0,62.2,,
2025-04-21 13:00:00,32.7,0.0,65.2,,
2025-04-21 14:00:00,30.9,0.0,73.5,,
2025-04-21 15:00:00,30.7,0.0,70.1,,
2025-04-21 16:00:00,27.8,0.0,74.8,,
2025-04-21 17:00:00,26.5,0.0,84.5,,
2025-04-21 18:00:00,27.1,0.0,80.0,,
2025-04-21 19:00:00,27.0,0.0,81.3,,
2025-04-21 20:00:00,27.0,0.0,82.0,,
2025-04-21 21:00:00,27.0,0.0,81.9,,
2025-04-21 22:00:00,27.0,0.0,84.5,,
2025-04-21 23:00:00,26.9,0.0,87.5,,
2025-04-22 00:00:00,26.2,0.0,88.0,,
2025-04-22 01:00:00,26.2,0.0,87.5,,
2025-04-22 02:00:00,26.2,0.0,88.5,,
2025-04-22 03:00:00,26.4,0.0,82.9,,
2025-04-22 04:00:00,26.2,0.0,85.9,,
2025-04-22 05:00:00,26.2,0.0,86.2,,
2025-04-22 06:00:00,26.3,0.0,87.4,,
2025-04-22 07:00:00,26.3,0.0,89.1,,
2025-04-22 08:00:00,27.6,0.0,82.1,,
2025-04-22 09:00:00,28.3,0.0,79.2,,
2025-04-22 10:00:00,30.0,0.0,74.7,,
2025-04-22 11:00:00,30.3,0.0,72.9,,
2025-04-22 12:00:00,30.5,0.0,69.5,,
2025-04-22 13:00:00,31.1,0.0,67.8,,
2025-04-22 14:00:00,30.6,0.0,69.3,,
2025-04-22 15:00:00,31.2,0.0,66.6,,
2025-04-22 16:00:00,32.0,0.0,63.0,,
2025-04-22 17:00:00,30.9,0.0,62.5,,
2025-04-22 18:00:00,30.4,0.0,62.8,,
2025-04-22 19:00:00,29.3,0.0,71.8,,
2025-04-22 20:00:00,28.9,0.0,81.6,,
2025-04-22 21:00:00,28.9,0.0,79.5,,
2025-04-22 22:00:00,29.1,0.0,74.5,,
2025-04-22 23:00:00,28.9,0.0,77.5,,
2025-04-23 00:00:00,28.8,0.0,79.3,,
2025-04-23 01:00:00,28.6,0.0,80.3,,
2025-04-23 02:00:00,27.9,0.0,86.5,,
2025-04-23 03:00:00,27.6,0.0,88.7,,
2025-04-23 04:00:00,27.4,0.0,90.4,,
2025-04-23 05:00:00,27.1,0.0,90.0,,
2025-04-23 06:00:00,27.7,0.0,85.1,,
2025-04-23 07:00:00,27.1,0.0,86.2,,
2025-04-23 08:00:00,26.1,0.0,90.3,,
2025-04-23 09:00:00,27.8,0.0,78.7,,
2025-04-23 10:00:00,29.4,0.0,73.3,,
2025-04-23 11:00:00,28.2,0.0,82.7,,
2025-04-23 12:00:00,27.2,0.0,87.8,,
2025-04-23 13:00:00,27.9,0.0,78.7,,
2025-04-23 14:00:00,28.8,0.0,76.8,,
2025-04-23 15:00:00,28.2,0.0,79.4,,
2025-04-23 16:00:00,28.6,0.0,79.5,,
2025-04-23 17:00:00,28.5,0.0,78.9,,
2025-04-23 18:00:00,27.9,0.0,81.0,,
2025-04-23 19:00:00,27.7,0.0,79.3,,
2025-04-23 20:00:00,27.7,0.0,80.0,,
2025-04-23 21:00:00,27.8,0.0,81.0,,
2025-04-23 22:00:00,28.0,0.0,80.1,,
2025-04-23 23:00:00,27.8,0.0,81.9,,
2025-04-24 00:00:00,27.5,0.0,84.4,,
2025-04-24 01:00:00,27.3,0.0,85.6,,
2025-04-24 02:00:00,26.7,0.0,89.4,,
2025-04-24 03:00:00,26.6,0.0,88.5,,
2025-04-24 04:00:00,26.4,0.0,88.7,,
2025-04-24 05:00:00,26.3,0.0,89.2,,
2025-04-24 06:00:00,26.0,0.0,91.1,,
2025-04-24 07:00:00,26.2,0.0,90.8,,
2025-04-24 08:00:00,27.0,0.0,87.2,,
2025-04-24 09:00:00,28.5,0.0,81.3,,
2025-04-24 10:00:00,29.4,0.0,73.8,,
2025-04-24 11:00:00,29.8,0.0,69.6,,
2025-04-24 12:00:00,30.1,0.0,64.8,,
2025-04-24 13:00:00,30.6,0.0,65.5,,
2025-04-24 14:00:00,30.4,0.0,69.8,,
2025-04-24 15:00:00,31.1,0.0,61.4,,
2025-04-24 16:00:00,29.6,0.0,70.8,,
2025-04-24 17:00:00,29.8,0.0,63.7,,
2025-04-24 18:00:00,29.1,0.0,70.7,,
2025-04-24 19:00:00,28.8,0.0,72.9,,
2025-04-24 20:00:00,28.5,0.0,72.8,,
2025-04-24 21:00:00,27.4,0.0,79.0,,
2025-04-24 22:00:00,27.1,0.0,82.7,,
2025-04-24 23:00:00,26.8,0.0,87.9,,
2025-04-25 00:00:00,26.9,0.0,87.3,,
2025-04-25 01:00:00,27.0,0.0,87.2,,
2025-04-25 02:00:00,27.1,0.0,86.0,,
2025-04-25 03:00:00,26.6,0.0,89.0,,
2025-04-25 04:00:00,26.3,0.0,91.2,,
2025-04-25 05:00:00,26.2,0.0,91.8,,
2025-04-25 06:00:00,26.0,0.0,92.6,,
2025-04-25 07:00:00,26.2,0.0,92.4,,
2025-04-25 08:00:00,28.5,0.0,81.7,,
2025-04-25 09:00:00,29.5,0.0,78.5,,
2025-04-25 10:00:00,30.5,0.0,73.6,,
2025-04-25 11:00:00,31.2,0.0,72.6,,
2025-04-25 12:00:00,31.5,0.0,71.1,,
2025-04-25 13:00:00,31.9,0.0,70.3,,
2025-04-25 14:00:00,27.3,0.4,81.2,,
2025-04-25 15:00:00,32.4,0.0,67.6,,
2025-04-25 16:00:00,31.3,0.0,68.6,,
2025-04-25 17:00:00,30.8,0.0,72.7,,
2025-04-25 18:00:00,27.7,0.0,82.0,,
2025-04-25 19:00:00,26.1,0.2,97.3,,
2025-04-25 20:00:00,27.5,0.0,87.6,,
2025-04-25 21:00:00,27.6,0.0,88.7,,
2025-04-25 22:00:00,28.2,0.0,83.1,,
2025-04-25 23:00:00,28.0,0.0,85.0,,
2025-04-26 00:00:00,28.2,0.0,83.8,,
2025-04-26 01:00:00,28.2,0.0,83.8,,
2025-04-26 02:00:00,28.0,0.0,85.0,,
2025-04-26 03:00:00,27.8,0.0,85.4,,
2025-04-26 04:00:00,27.7,0.0,86.4,,
2025-04-26 05:00:00,26.8,0.0,91.8,,
2025-04-26 06:00:00,26.2,0.0,92.6,,
2025-04-26 07:00:00,26.1,0.0,91.8,,
2025-04-26 08:00:00,27.6,0.0,82.7,,
2025-04-26 09:00:00,29.2,0.0,79.2,,
2025-04-26 10:00:00,30.7,0.0,75.0,,
2025-04-26 11:00:00,30.7,0.0,73.0,,
2025-04-26 12:00:00,30.7,0.0,71.7,,
2025-04-26 13:00:00,31.6,0.0,65.1,,
2025-04-26 14:00:00,30.0,0.0,72.4,,
2025-04-26 15:00:00,30.3,0.0,71.0,,
2025-04-26 16:00:00,27.6,0.0,85.1,,
2025-04-26 17:00:00,26.9,0.0,86.7,,
2025-04-26 18:00:00,26.8,0.0,84.6,,
2025-04-26 19:00:00,26.3,0.0,85.6,,
2025-04-26 20:00:00,26.5,0.0,88.3,,
2025-04-26 21:00:00,26.2,0.0,91.5,,
2025-04-26 22:00:00,26.2,0.0,91.9,,
2025-04-26 23:00:00,26.3,0.0,91.4,,
