timestamp,temperature,rainfall,humidity,wind_direction,wind_speed
2024-01-01 00:00:00,26.1,0.0,89.0,54.0,1.6
2024-01-01 01:00:00,26.0,0.0,89.4,135.0,1.2
2024-01-01 02:00:00,26.2,0.0,89.7,14.0,2.2
2024-01-01 03:00:00,26.2,0.0,89.9,20.0,1.3
2024-01-01 04:00:00,25.9,0.0,90.8,28.0,1.1
2024-01-01 05:00:00,26.2,0.0,90.4,8.0,2.5
2024-01-01 06:00:00,26.1,0.0,90.3,17.0,1.8
2024-01-01 07:00:00,25.9,0.0,91.0,31.0,1.0
2024-01-01 08:00:00,26.2,0.0,90.9,24.0,1.1
2024-01-01 09:00:00,26.5,0.0,89.3,12.0,2.5
2024-01-01 10:00:00,26.9,0.0,88.2,25.0,2.1
2024-01-01 11:00:00,27.4,0.0,85.8,27.0,2.5
2024-01-01 12:00:00,27.8,0.0,81.8,11.0,2.3
2024-01-01 13:00:00,28.5,0.0,78.5,295.0,2.9
2024-01-01 14:00:00,25.9,0.0,90.9,41.0,3.5
2024-01-01 15:00:00,25.9,0.0,91.3,253.0,1.4
2024-01-01 16:00:00,26.7,0.0,87.8,326.0,2.0
2024-01-01 17:00:00,26.9,0.0,86.5,53.0,2.1
2024-01-01 18:00:00,26.7,0.0,86.9,56.0,1.7
2024-01-01 19:00:00,26.4,0.0,85.8,34.0,1.8
2024-01-01 20:00:00,26.6,0.0,84.6,58.0,2.8
2024-01-01 21:00:00,26.2,0.0,87.0,42.0,4.2
2024-01-01 22:00:00,25.9,0.0,89.8,187.0,0.9
2024-01-01 23:00:00,25.8,0.0,90.4,140.0,1.0
2024-01-02 00:00:00,25.9,0.0,90.4,67.0,1.5
2024-01-02 01:00:00,25.8,0.0,90.5,237.0,1.2
2024-01-02 02:00:00,25.4,0.0,88.6,190.0,1.1
2024-01-02 03:00:00,25.6,0.0,86.6,166.0,0.8
2024-01-02 04:00:00,25.6,0.0,87.4,142.0,0.9
2024-01-02 05:00:00,25.7,0.0,87.4,147.0,0.6
2024-01-02 06:00:00,25.6,0.0,88.5,258.0,0.8
2024-01-02 07:00:00,25.5,0.0,89.9,155.0,1.0
2024-01-02 08:00:00,25.9,0.0,90.4,33.0,1.1
2024-01-02 09:00:00,26.4,0.0,88.2,13.0,3.1
2024-01-02 10:00:00,27.7,0.0,81.8,34.0,2.9
2024-01-02 11:00:00,28.9,0.0,71.8,38.0,3.1
2024-01-02 12:00:00,29.5,0.0,70.2,32.0,2.8
2024-01-02 13:00:00,30.6,0.0,67.5,39.0,3.2
2024-01-02 14:00:00,32.0,0.0,61.3,35.0,4.0
2024-01-02 15:00:00,32.2,0.0,59.8,19.0,3.9
2024-01-02 16:00:00,30.6,0.0,72.1,244.0,5.3
2024-01-02 17:00:00,27.8,0.0,82.2,202.0,4.0
2024-01-02 18:00:00,28.8,0.0,80.6,250.0,2.4
2024-01-02 19:00:00,29.3,0.0,73.3,49.0,4.2
2024-01-02 20:00:00,28.6,0.0,72.5,45.0,3.7
2024-01-02 21:00:00,27.9,0.0,75.0,49.0,3.5
2024-01-02 22:00:00,27.5,0.0,77.2,43.0,3.1
2024-01-02 23:00:00,27.3,0.0,79.6,24.0,1.7
2024-01-03 00:00:00,27.3,0.0,80.1,68.0,1.5
2024-01-03 01:00:00,26.9,0.0,82.5,120.0,1.0
2024-01-03 02:00:00,26.9,0.0,83.5,146.0,1.2
2024-01-03 03:00:00,26.6,0.0,85.4,28.0,1.9
2024-01-03 04:00:00,26.6,0.0,85.3,38.0,2.0
2024-01-03 05:00:00,26.6,0.0,85.6,34.0,2.3
2024-01-03 06:00:00,26.7,0.0,86.6,34.0,2.7
2024-01-03 07:00:00,26.6,0.0,87.0,33.0,2.7
2024-01-03 08:00:00,26.7,0.0,86.7,26.0,2.4
2024-01-03 09:00:00,26.9,0.0,85.7,19.0,2.9
2024-01-03 10:00:00,27.7,0.0,82.9,20.0,2.3
2024-01-03 11:00:00,28.5,0.0,78.0,31.0,3.2
2024-01-03 12:00:00,29.0,0.0,74.8,25.0,2.7
2024-01-03 13:00:00,29.5,0.0,73.3,34.0,3.2
2024-01-03 14:00:00,29.7,0.0,71.9,44.0,3.2
2024-01-03 15:00:00,28.8,0.0,78.8,81.0,2.5
2024-01-03 16:00:00,29.9,0.0,73.5,73.0,1.8
2024-01-03 17:00:00,30.5,0.0,72.2,55.0,1.9
2024-01-03 18:00:00,25.8,4.0,90.0,36.0,3.8
2024-01-03 19:00:00,26.9,0.0,86.1,51.0,4.4
2024-01-03 20:00:00,27.0,0.0,84.7,10.0,1.1
2024-01-03 21:00:00,27.6,0.0,83.6,22.0,1.4
2024-01-03 22:00:00,27.9,0.0,79.9,36.0,3.1
2024-01-03 23:00:00,27.7,0.0,81.0,29.0,3.0
2024-01-04 00:00:00,27.5,0.0,81.8,29.0,2.8
2024-01-04 01:00:00,27.1,0.0,83.1,35.0,2.7
2024-01-04 02:00:00,27.2,0.0,81.8,28.0,4.2
2024-01-04 03:00:00,26.5,0.0,86.9,22.0,3.3
2024-01-04 04:00:00,26.3,0.0,87.7,16.0,2.8
2024-01-04 05:00:00,25.7,0.2,92.0,4.0,3.4
2024-01-04 06:00:00,25.0,0.2,92.6,27.0,3.7
2024-01-04 07:00:00,24.4,0.6,93.5,32.0,2.5
2024-01-04 08:00:00,24.2,0.2,95.6,4.0,2.5
2024-01-04 09:00:00,24.5,0.2,96.2,334.0,4.6
2024-01-04 10:00:00,24.6,0.2,95.7,323.0,4.3
2024-01-04 11:00:00,24.5,0.6,96.2,317.0,3.6
2024-01-04 12:00:00,24.4,0.2,96.6,291.0,4.2
2024-01-04 13:00:00,25.1,0.0,95.6,310.0,3.9
2024-01-04 14:00:00,25.5,0.4,92.6,355.0,1.9
2024-01-04 15:00:00,26.0,0.0,91.8,319.0,2.3
2024-01-04 16:00:00,26.2,0.0,91.0,4.0,2.2
2024-01-04 17:00:00,26.5,0.0,87.6,48.0,3.5
2024-01-04 18:00:00,26.2,0.0,87.0,49.0,3.3
2024-01-04 19:00:00,26.2,0.0,88.2,42.0,3.9
2024-01-04 20:00:00,26.1,0.0,89.0,30.0,4.2
2024-01-04 21:00:00,25.8,0.0,90.7,36.0,3.7
2024-01-04 22:00:00,25.7,0.0,88.9,50.0,4.8
2024-01-04 23:00:00,25.7,0.0,86.8,52.0,3.6
2024-01-05 00:00:00,25.6,0.0,88.6,54.0,4.2
2024-01-05 01:00:00,25.6,0.0,88.5,51.0,4.9
2024-01-05 02:00:00,25.5,0.0,88.1,55.0,4.4
2024-01-05 03:00:00,25.3,0.0,88.8,52.0,3.4
2024-01-05 04:00:00,25.4,0.0,88.8,51.0,3.4
2024-01-05 05:00:00,25.2,0.0,88.3,55.0,2.5
2024-01-05 06:00:00,25.1,0.0,89.1,15.0,1.3
2024-01-05 07:00:00,24.8,0.0,90.1,201.0,0.9
2024-01-05 08:00:00,25.2,0.0,88.9,56.0,1.6
2024-01-05 09:00:00,25.6,0.0,87.5,17.0,2.9
2024-01-05 10:00:00,26.4,0.0,84.1,23.0,1.8
2024-01-05 11:00:00,27.3,0.0,80.4,22.0,2.5
2024-01-05 12:00:00,28.0,0.0,77.5,29.0,3.0
2024-01-05 13:00:00,27.3,0.0,84.5,34.0,4.0
2024-01-05 14:00:00,27.7,0.0,83.6,57.0,1.9
2024-01-05 15:00:00,28.0,0.0,84.4,48.0,2.4
2024-01-05 16:00:00,27.8,0.0,84.5,41.0,3.8
2024-01-05 17:00:00,29.3,0.0,76.3,52.0,2.0
2024-01-05 18:00:00,27.8,0.0,82.8,54.0,2.3
2024-01-05 19:00:00,28.0,0.0,82.2,50.0,1.6
2024-01-05 20:00:00,27.1,0.0,87.6,75.0,1.9
2024-01-05 21:00:00,26.6,0.0,89.7,70.0,1.4
2024-01-05 22:00:00,26.6,0.0,88.7,73.0,1.1
2024-01-05 23:00:00,26.7,0.0,88.6,156.0,1.1
2024-01-06 00:00:00,26.6,0.0,88.7,53.0,1.1
2024-01-06 01:00:00,26.5,0.0,89.7,345.0,1.3
2024-01-06 02:00:00,26.3,0.0,89.7,16.0,2.6
2024-01-06 03:00:00,26.1,0.0,90.1,28.0,2.5
2024-01-06 04:00:00,26.1,0.0,88.5,48.0,1.5
2024-01-06 05:00:00,25.9,0.0,89.2,106.0,1.1
2024-01-06 06:00:00,25.8,0.0,89.9,164.0,0.9
2024-01-06 07:00:00,25.7,0.0,90.7,16.0,1.4
2024-01-06 08:00:00,25.8,0.0,89.8,47.0,1.9
2024-01-06 09:00:00,26.3,0.0,87.4,24.0,2.8
2024-01-06 10:00:00,27.0,0.0,85.3,25.0,2.7
2024-01-06 11:00:00,28.0,0.0,81.4,28.0,2.8
2024-01-06 12:00:00,28.9,0.0,73.9,44.0,5.0
2024-01-06 13:00:00,27.2,0.0,82.2,50.0,2.4
2024-01-06 14:00:00,28.8,0.0,75.7,18.0,3.2
2024-01-06 15:00:00,27.1,0.4,88.9,221.0,5.1
2024-01-06 16:00:00,26.5,0.0,91.7,242.0,3.3
2024-01-06 17:00:00,27.4,0.0,85.8,261.0,5.0
2024-01-06 18:00:00,27.5,0.0,82.8,350.0,1.8
2024-01-06 19:00:00,26.5,0.0,87.1,27.0,3.6
2024-01-06 20:00:00,26.5,0.0,87.8,35.0,2.1
2024-01-06 21:00:00,26.6,0.0,89.5,21.0,1.7
2024-01-06 22:00:00,27.1,0.0,87.0,19.0,3.0
2024-01-06 23:00:00,26.9,0.0,89.4,48.0,1.5
2024-01-07 00:00:00,26.5,0.0,89.4,55.0,2.9
2024-01-07 01:00:00,26.3,0.0,90.1,32.0,3.1
2024-01-07 02:00:00,26.2,0.0,91.0,28.0,3.5
2024-01-07 03:00:00,25.8,0.0,89.7,12.0,2.5
2024-01-07 04:00:00,25.4,0.0,89.8,27.0,2.2
2024-01-07 05:00:00,25.1,0.4,91.4,43.0,1.6
2024-01-07 06:00:00,25.0,0.2,94.3,348.0,1.9
2024-01-07 07:00:00,25.2,0.0,94.3,297.0,4.3
2024-01-07 08:00:00,24.8,3.4,95.0,251.0,7.8
2024-01-07 09:00:00,23.9,0.2,96.3,311.0,1.8
2024-01-07 10:00:00,23.8,0.0,96.0,344.0,3.9
2024-01-07 11:00:00,24.4,0.2,94.8,29.0,2.5
2024-01-07 12:00:00,24.2,0.2,95.8,342.0,3.3
2024-01-07 13:00:00,24.3,0.2,96.2,320.0,3.6
2024-01-07 14:00:00,25.0,0.0,94.8,8.0,2.7
2024-01-07 15:00:00,25.3,0.0,92.4,32.0,1.7
2024-01-07 16:00:00,24.2,0.2,92.9,52.0,3.1
2024-01-07 17:00:00,24.2,0.0,92.5,57.0,2.9
2024-01-07 18:00:00,24.0,0.0,92.0,55.0,3.1
2024-01-07 19:00:00,24.0,0.0,92.1,59.0,2.7
2024-01-07 20:00:00,24.0,0.0,91.9,44.0,1.9
2024-01-07 21:00:00,24.1,0.0,91.8,101.0,0.9
2024-01-07 22:00:00,24.0,0.0,91.1,49.0,1.5
2024-01-07 23:00:00,24.2,0.0,91.4,50.0,2.1
2024-01-08 00:00:00,24.2,0.0,88.6,18.0,2.3
2024-01-08 01:00:00,24.5,0.0,86.8,10.0,2.4
2024-01-08 02:00:00,24.6,0.0,88.5,30.0,1.3
2024-01-08 03:00:00,24.5,0.0,89.0,20.0,1.1
2024-01-08 04:00:00,24.3,0.0,89.1,27.0,1.6
2024-01-08 05:00:00,24.0,0.0,90.0,18.0,2.4
2024-01-08 06:00:00,23.7,0.0,91.1,159.0,1.0
2024-01-08 07:00:00,24.1,0.0,89.8,202.0,1.5
2024-01-08 08:00:00,24.2,0.0,89.1,36.0,1.2
2024-01-08 09:00:00,25.1,0.0,87.4,41.0,1.2
2024-01-08 10:00:00,26.1,0.0,83.9,92.0,1.5
2024-01-08 11:00:00,26.9,0.0,83.1,99.0,1.5
2024-01-08 12:00:00,28.2,0.0,77.8,90.0,1.3
2024-01-08 13:00:00,28.5,0.0,80.2,238.0,3.3
2024-01-08 14:00:00,28.8,0.0,79.8,236.0,3.6
2024-01-08 15:00:00,28.0,0.0,82.5,264.0,7.4
2024-01-08 16:00:00,25.2,0.0,96.9,309.0,3.8
2024-01-08 17:00:00,25.7,0.0,97.3,270.0,2.0
2024-01-08 18:00:00,26.0,0.0,95.9,249.0,1.5
2024-01-08 19:00:00,26.7,0.0,92.8,229.0,1.2
2024-01-08 20:00:00,26.6,0.0,89.6,63.0,1.3
2024-01-08 21:00:00,26.5,0.0,87.8,210.0,0.9
2024-01-08 22:00:00,26.4,0.0,85.8,40.0,1.4
2024-01-08 23:00:00,26.2,0.0,87.2,110.0,1.0
2024-01-09 00:00:00,26.1,0.0,88.7,260.0,1.0
2024-01-09 01:00:00,25.9,0.0,88.5,204.0,1.3
2024-01-09 02:00:00,25.8,0.0,89.8,18.0,2.6
2024-01-09 03:00:00,25.6,0.0,89.8,255.0,1.3
2024-01-09 04:00:00,25.8,0.0,89.8,305.0,1.1
2024-01-09 05:00:00,25.7,0.0,90.7,41.0,1.6
2024-01-09 06:00:00,25.5,0.0,92.3,48.0,1.1
2024-01-09 07:00:00,25.2,0.0,92.6,49.0,3.1
2024-01-09 08:00:00,24.7,0.2,91.4,46.0,2.6
2024-01-09 09:00:00,24.9,0.0,91.8,42.0,1.4
2024-01-09 10:00:00,24.7,0.2,93.6,58.0,2.2
2024-01-09 11:00:00,25.0,0.0,93.0,35.0,1.9
2024-01-09 12:00:00,26.3,0.0,89.8,47.0,2.3
2024-01-09 13:00:00,27.8,0.0,81.7,36.0,4.0
2024-01-09 14:00:00,28.8,0.0,74.2,42.0,3.3
2024-01-09 15:00:00,29.6,0.0,70.3,37.0,3.6
2024-01-09 16:00:00,30.2,0.0,70.6,42.0,3.6
2024-01-09 17:00:00,30.1,0.0,68.2,54.0,1.9
2024-01-09 18:00:00,29.9,0.0,66.4,54.0,2.4
2024-01-09 19:00:00,29.0,0.0,71.3,50.0,3.2
2024-01-09 20:00:00,28.3,0.0,76.1,51.0,2.3
2024-01-09 21:00:00,27.7,0.0,79.6,62.0,1.5
2024-01-09 22:00:00,27.2,0.0,82.8,46.0,1.5
2024-01-09 23:00:00,26.8,0.0,82.6,53.0,2.9
2024-01-10 00:00:00,26.7,0.0,85.6,28.0,2.2
2024-01-10 01:00:00,26.5,0.0,86.7,18.0,2.2
2024-01-10 02:00:00,26.2,0.0,88.0,9.0,2.7
2024-01-10 03:00:00,26.0,0.0,88.7,28.0,2.0
2024-01-10 04:00:00,25.9,0.0,88.3,43.0,2.7
2024-01-10 05:00:00,25.7,0.0,87.2,47.0,3.0
2024-01-10 06:00:00,25.1,0.0,90.8,45.0,2.2
2024-01-10 07:00:00,25.1,0.4,92.9,28.0,1.8
2024-01-10 08:00:00,24.9,0.0,94.0,170.0,1.0
2024-01-10 09:00:00,25.2,0.2,92.9,357.0,1.6
2024-01-10 10:00:00,25.7,0.0,92.1,23.0,2.7
2024-01-10 11:00:00,27.2,0.0,84.3,40.0,3.5
2024-01-10 12:00:00,28.4,0.0,76.0,36.0,3.1
2024-01-10 13:00:00,30.0,0.0,69.3,58.0,3.9
2024-01-10 14:00:00,27.6,0.0,85.6,30.0,4.0
2024-01-10 15:00:00,28.5,0.0,78.0,31.0,3.9
2024-01-10 16:00:00,25.1,0.2,95.2,2.0,2.6
2024-01-10 17:00:00,26.2,0.0,94.7,23.0,1.5
2024-01-10 18:00:00,25.2,0.0,96.0,45.0,2.2
2024-01-10 19:00:00,24.7,0.0,96.3,352.0,2.2
2024-01-10 20:00:00,25.9,0.0,93.2,5.0,2.5
2024-01-10 21:00:00,25.8,0.0,92.8,210.0,0.8
2024-01-10 22:00:00,26.2,0.0,91.2,47.0,1.0
2024-01-10 23:00:00,26.2,0.0,91.4,37.0,0.9
2024-01-11 00:00:00,26.3,0.0,89.6,15.0,2.6
2024-01-11 01:00:00,26.3,0.0,88.0,17.0,1.7
2024-01-11 02:00:00,26.3,0.0,87.6,32.0,2.2
2024-01-11 03:00:00,26.3,0.0,87.2,12.0,2.3
2024-01-11 04:00:00,25.9,0.0,89.0,8.0,2.2
2024-01-11 05:00:00,25.7,0.0,90.7,7.0,2.8
2024-01-11 06:00:00,25.8,0.0,90.9,9.0,2.6
2024-01-11 07:00:00,25.7,0.0,91.0,14.0,2.6
2024-01-11 08:00:00,25.6,0.0,91.7,22.0,1.9
2024-01-11 09:00:00,26.0,0.0,90.0,26.0,2.6
2024-01-11 10:00:00,26.8,0.0,87.6,17.0,1.5
2024-01-11 11:00:00,27.9,0.0,81.9,21.0,2.6
2024-01-11 12:00:00,28.7,0.0,77.8,21.0,2.9
2024-01-11 13:00:00,29.5,0.0,74.8,42.0,2.0
2024-01-11 14:00:00,28.8,0.0,77.3,93.0,1.2
2024-01-11 15:00:00,27.3,0.0,80.0,122.0,1.3
2024-01-11 16:00:00,29.2,0.0,75.6,75.0,1.0
2024-01-11 17:00:00,29.9,0.0,71.3,52.0,2.2
2024-01-11 18:00:00,29.5,0.0,71.2,64.0,2.0
2024-01-11 19:00:00,28.9,0.0,75.6,61.0,1.4
2024-01-11 20:00:00,28.2,0.0,78.0,85.0,1.0
2024-01-11 21:00:00,27.7,0.0,79.9,220.0,1.1
2024-01-11 22:00:00,27.5,0.0,81.1,46.0,2.0
2024-01-11 23:00:00,27.3,0.0,82.7,68.0,1.0
2024-01-12 00:00:00,27.2,0.0,82.9,32.0,1.6
2024-01-12 01:00:00,26.9,0.0,84.4,60.0,1.2
2024-01-12 02:00:00,26.7,0.0,86.0,29.0,1.9
2024-01-12 03:00:00,26.5,0.0,87.2,9.0,2.9
2024-01-12 04:00:00,26.1,0.0,86.6,19.0,3.2
2024-01-12 05:00:00,26.0,0.0,85.3,35.0,3.3
2024-01-12 06:00:00,25.8,0.0,86.6,28.0,1.3
2024-01-12 07:00:00,25.8,0.0,86.1,25.0,2.9
2024-01-12 08:00:00,25.8,0.0,87.2,20.0,2.6
2024-01-12 09:00:00,26.0,0.0,87.5,32.0,2.5
2024-01-12 10:00:00,26.4,0.0,84.7,51.0,4.4
2024-01-12 11:00:00,26.0,0.0,84.6,42.0,4.9
2024-01-12 12:00:00,26.7,0.0,81.1,33.0,3.6
2024-01-12 13:00:00,26.7,0.0,79.5,26.0,4.9
2024-01-12 14:00:00,26.3,0.0,82.1,42.0,2.6
2024-01-12 15:00:00,26.5,0.0,82.0,45.0,3.2
2024-01-12 16:00:00,26.1,0.0,84.4,76.0,1.8
2024-01-12 17:00:00,26.2,0.0,82.9,53.0,3.6
2024-01-12 18:00:00,25.1,0.0,80.9,52.0,4.0
2024-01-12 19:00:00,24.6,0.0,84.6,53.0,3.5
2024-01-12 20:00:00,24.9,0.0,83.1,44.0,2.4
2024-01-12 21:00:00,25.2,0.0,80.4,45.0,3.2
2024-01-12 22:00:00,25.3,0.0,81.1,56.0,2.4
2024-01-12 23:00:00,25.4,0.0,81.3,39.0,2.3
2024-01-13 00:00:00,25.4,0.0,83.5,41.0,2.0
2024-01-13 01:00:00,25.3,0.0,84.3,52.0,2.0
2024-01-13 02:00:00,25.6,0.0,84.6,10.0,2.1
2024-01-13 03:00:00,25.7,0.0,84.8,20.0,1.6
2024-01-13 04:00:00,25.7,0.0,86.1,12.0,2.2
2024-01-13 05:00:00,25.6,0.0,86.8,45.0,2.1
2024-01-13 06:00:00,25.9,0.0,85.1,38.0,2.2
2024-01-13 07:00:00,25.7,0.0,85.8,24.0,1.0
2024-01-13 08:00:00,25.9,0.0,86.2,21.0,2.5
2024-01-13 09:00:00,26.3,0.0,84.5,28.0,2.4
2024-01-13 10:00:00,26.9,0.0,81.2,68.0,2.0
2024-01-13 11:00:00,27.9,0.0,75.5,70.0,1.9
2024-01-13 12:00:00,30.0,0.0,67.4,297.0,2.6
2024-01-13 13:00:00,30.0,0.0,65.1,36.0,2.9
2024-01-13 14:00:00,30.2,0.0,65.2,25.0,2.0
2024-01-13 15:00:00,29.3,0.0,76.8,293.0,4.8
2024-01-13 16:00:00,29.0,0.0,75.7,336.0,3.0
2024-01-13 17:00:00,28.1,0.0,81.4,317.0,2.5
2024-01-13 18:00:00,27.2,0.0,82.2,206.0,3.2
2024-01-13 19:00:00,27.0,0.0,84.0,191.0,1.4
2024-01-13 20:00:00,27.5,0.0,80.9,43.0,1.2
2024-01-13 21:00:00,27.6,0.0,78.8,23.0,2.0
2024-01-13 22:00:00,27.4,0.0,80.5,34.0,1.9
2024-01-13 23:00:00,27.2,0.0,81.3,36.0,2.2
2024-01-14 00:00:00,27.1,0.0,80.5,38.0,1.4
2024-01-14 01:00:00,26.9,0.0,80.3,46.0,2.4
2024-01-14 02:00:00,26.7,0.0,81.8,51.0,2.3
2024-01-14 03:00:00,26.5,0.0,83.4,50.0,3.1
2024-01-14 04:00:00,26.5,0.0,82.9,55.0,3.3
2024-01-14 05:00:00,26.3,0.0,83.8,55.0,2.8
2024-01-14 06:00:00,26.3,0.0,85.1,43.0,2.1
2024-01-14 07:00:00,26.3,0.0,84.1,3.0,2.3
2024-01-14 08:00:00,26.5,0.0,82.7,16.0,2.5
2024-01-14 09:00:00,26.8,0.0,83.2,34.0,2.7
2024-01-14 10:00:00,27.3,0.0,80.2,30.0,2.8
2024-01-14 11:00:00,28.2,0.0,75.4,36.0,3.6
2024-01-14 12:00:00,29.1,0.0,71.1,35.0,3.8
2024-01-14 13:00:00,30.3,0.0,64.7,39.0,3.7
2024-01-14 14:00:00,30.9,0.0,63.3,35.0,3.9
2024-01-14 15:00:00,29.3,0.0,70.2,36.0,3.6
2024-01-14 16:00:00,30.3,0.0,66.7,47.0,3.2
2024-01-14 17:00:00,30.4,0.0,62.8,42.0,3.0
2024-01-14 18:00:00,30.1,0.0,66.0,44.0,2.5
2024-01-14 19:00:00,29.4,0.0,71.1,36.0,3.2
2024-01-14 20:00:00,28.8,0.0,72.3,51.0,3.1
2024-01-14 21:00:00,28.0,0.0,73.5,54.0,3.4
2024-01-14 22:00:00,27.5,0.0,77.4,49.0,3.3
2024-01-14 23:00:00,27.2,0.0,80.0,46.0,4.0
2024-01-15 00:00:00,26.9,0.0,81.9,47.0,2.9
2024-01-15 01:00:00,26.8,0.0,82.6,52.0,2.9
2024-01-15 02:00:00,26.7,0.0,83.3,12.0,3.1
2024-01-15 03:00:00,26.8,0.0,84.0,22.0,2.7
2024-01-15 04:00:00,26.6,0.0,84.6,13.0,3.0
2024-01-15 05:00:00,26.6,0.0,85.1,16.0,2.4
2024-01-15 06:00:00,26.5,0.0,85.2,10.0,3.2
2024-01-15 07:00:00,26.4,0.0,85.4,6.0,2.9
2024-01-15 08:00:00,26.7,0.0,83.6,48.0,1.9
2024-01-15 09:00:00,27.1,0.0,82.4,15.0,2.5
2024-01-15 10:00:00,28.0,0.0,79.6,24.0,2.5
2024-01-15 11:00:00,29.4,0.0,72.5,24.0,2.6
2024-01-15 12:00:00,30.3,0.0,67.5,45.0,3.4
2024-01-15 13:00:00,30.9,0.0,64.4,32.0,4.6
2024-01-15 14:00:00,28.95,0.8,73.55000000000001,20.5,4.449999999999999
2024-01-15 15:00:00,27.0,1.6,82.7,9.0,4.3
2024-01-15 16:00:00,26.4,0.0,82.2,213.0,4.9
2024-01-15 17:00:00,25.2,0.6,95.1,256.0,1.5
2024-01-15 18:00:00,25.2,0.0,96.6,273.0,5.4
2024-01-15 19:00:00,26.1,0.0,96.0,45.0,1.8
2024-01-15 20:00:00,26.0,0.0,96.3,259.0,1.1
2024-01-15 21:00:00,27.0,0.0,86.6,90.0,1.1
2024-01-15 22:00:00,27.2,0.0,82.5,40.0,1.7
2024-01-15 23:00:00,26.9,0.0,84.2,204.0,0.9
2024-01-16 00:00:00,26.8,0.0,86.5,172.0,0.8
2024-01-16 01:00:00,26.8,0.0,86.4,40.0,2.0
2024-01-16 02:00:00,26.9,0.0,85.8,20.0,1.9
2024-01-16 03:00:00,26.8,0.0,85.3,41.0,2.5
2024-01-16 04:00:00,26.0,0.0,89.2,27.0,3.5
2024-01-16 05:00:00,25.8,0.0,90.7,32.0,2.9
2024-01-16 06:00:00,25.6,0.0,91.4,41.0,3.6
2024-01-16 07:00:00,25.6,0.0,91.0,10.0,3.3
2024-01-16 08:00:00,25.7,0.0,88.9,58.0,2.6
2024-01-16 09:00:00,25.9,0.0,88.1,36.0,3.8
2024-01-16 10:00:00,25.1,0.0,89.0,72.0,1.1
2024-01-16 11:00:00,26.6,0.0,84.2,178.0,0.9
2024-01-16 12:00:00,27.0,0.0,82.4,73.0,2.2
2024-01-16 13:00:00,28.0,0.0,77.2,60.0,1.8
2024-01-16 14:00:00,28.8,0.0,74.3,40.0,2.8
2024-01-16 15:00:00,29.0,0.0,71.9,42.0,3.3
2024-01-16 16:00:00,30.0,0.0,68.7,53.0,1.9
2024-01-16 17:00:00,29.3,0.0,71.4,63.0,1.6
2024-01-16 18:00:00,26.3,0.0,87.7,39.0,4.0
2024-01-16 19:00:00,27.5,0.0,77.2,49.0,4.4
2024-01-16 20:00:00,27.4,0.0,77.1,42.0,2.8
2024-01-16 21:00:00,27.3,0.0,79.9,32.0,2.2
2024-01-16 22:00:00,27.2,0.0,79.8,39.0,2.5
2024-01-16 23:00:00,27.1,0.0,81.4,36.0,2.0
2024-01-17 00:00:00,26.8,0.0,82.3,12.0,2.7
2024-01-17 01:00:00,26.6,0.0,85.1,33.0,1.6
2024-01-17 02:00:00,26.5,0.0,84.7,59.0,1.6
2024-01-17 03:00:00,26.5,0.0,85.3,42.0,1.9
2024-01-17 04:00:00,26.8,0.0,84.7,58.0,2.6
2024-01-17 05:00:00,26.2,0.0,84.8,55.0,2.9
2024-01-17 06:00:00,25.9,0.0,85.3,62.0,1.8
2024-01-17 07:00:00,25.9,0.0,87.0,63.0,1.3
2024-01-17 08:00:00,26.1,0.0,86.6,236.0,1.0
2024-01-17 09:00:00,27.2,0.0,81.8,42.0,1.9
2024-01-17 10:00:00,28.7,0.0,75.0,57.0,2.3
2024-01-17 11:00:00,28.3,0.2,74.6,52.0,3.9
2024-01-17 12:00:00,27.7,0.0,83.8,78.0,2.1
2024-01-17 13:00:00,29.8,0.0,73.9,46.0,1.9
2024-01-17 14:00:00,30.4,0.0,67.3,108.0,1.9
2024-01-17 15:00:00,31.7,0.0,59.5,49.0,3.2
2024-01-17 16:00:00,30.8,0.0,64.6,50.0,3.6
2024-01-17 17:00:00,30.0,0.0,66.9,61.0,2.7
2024-01-17 18:00:00,29.4,0.0,65.5,56.0,3.2
2024-01-17 19:00:00,29.0,0.0,67.3,57.0,2.2
2024-01-17 20:00:00,28.2,0.0,71.5,49.0,2.9
2024-01-17 21:00:00,27.9,0.0,75.8,41.0,2.4
2024-01-17 22:00:00,27.5,0.0,78.8,31.0,2.7
2024-01-17 23:00:00,26.9,0.0,84.4,263.0,1.2
2024-01-18 00:00:00,26.7,0.0,83.7,12.0,1.8
2024-01-18 01:00:00,26.6,0.0,84.3,17.0,2.2
2024-01-18 02:00:00,26.7,0.0,83.2,8.0,2.5
2024-01-18 03:00:00,26.4,0.0,84.0,14.0,2.4
2024-01-18 04:00:00,26.3,0.0,83.5,20.0,3.8
2024-01-18 05:00:00,26.1,0.0,83.5,25.0,2.8
2024-01-18 06:00:00,26.0,0.0,85.3,12.0,2.4
2024-01-18 07:00:00,25.9,0.0,83.7,19.0,2.4
2024-01-18 08:00:00,26.1,0.0,84.6,14.0,2.3
2024-01-18 09:00:00,26.3,0.0,84.3,36.0,2.6
2024-01-18 10:00:00,26.9,0.0,83.3,31.0,2.1
2024-01-18 11:00:00,28.1,0.0,77.4,26.0,2.8
2024-01-18 12:00:00,29.2,0.0,71.9,15.0,2.7
2024-01-18 13:00:00,29.0,0.0,71.9,37.0,3.4
2024-01-18 14:00:00,30.0,0.0,65.6,52.0,3.2
2024-01-18 15:00:00,29.4,0.0,70.0,38.0,3.8
2024-01-18 16:00:00,29.2,0.0,67.4,45.0,4.5
2024-01-18 17:00:00,28.5,0.0,72.5,45.0,2.7
2024-01-18 18:00:00,28.6,0.0,73.6,37.0,2.4
2024-01-18 19:00:00,28.3,0.0,74.3,49.0,4.3
2024-01-18 20:00:00,26.8,0.0,79.4,48.0,2.8
2024-01-18 21:00:00,26.8,0.0,81.2,47.0,3.3
2024-01-18 22:00:00,26.8,0.0,81.5,51.0,2.6
2024-01-18 23:00:00,26.9,0.0,81.6,29.0,2.2
2024-01-19 00:00:00,26.9,0.0,82.4,18.0,2.4
2024-01-19 01:00:00,26.6,0.0,81.6,19.0,3.2
2024-01-19 02:00:00,26.6,0.0,84.8,12.0,2.7
2024-01-19 03:00:00,26.5,0.0,84.7,50.0,2.7
2024-01-19 04:00:00,26.5,0.0,84.0,55.0,3.0
2024-01-19 05:00:00,26.4,0.0,83.7,34.0,3.5
2024-01-19 06:00:00,26.2,0.0,84.6,29.0,4.6
2024-01-19 07:00:00,26.0,0.0,86.9,47.0,3.6
2024-01-19 08:00:00,26.0,0.0,87.0,45.0,4.2
2024-01-19 09:00:00,26.2,0.0,83.7,51.0,3.8
2024-01-19 10:00:00,27.1,0.0,81.0,39.0,3.8
2024-01-19 11:00:00,28.1,0.0,75.6,25.0,3.5
2024-01-19 12:00:00,29.0,0.0,68.9,35.0,3.6
2024-01-19 13:00:00,29.2,0.0,67.4,28.0,3.7
2024-01-19 14:00:00,29.3,0.0,67.3,47.0,4.5
2024-01-19 15:00:00,29.9,0.0,64.6,45.0,3.5
2024-01-19 16:00:00,28.0,0.0,75.9,24.0,1.3
2024-01-19 17:00:00,27.4,0.0,79.8,138.0,1.1
2024-01-19 18:00:00,25.4,0.2,91.7,20.0,2.5
2024-01-19 19:00:00,25.4,0.0,88.8,60.0,2.6
2024-01-19 20:00:00,26.1,0.0,86.4,56.0,3.1
2024-01-19 21:00:00,26.1,0.0,87.1,183.0,1.1
2024-01-19 22:00:00,26.4,0.0,84.4,31.0,0.8
2024-01-19 23:00:00,26.6,0.0,84.5,352.0,1.0
2024-01-20 00:00:00,26.7,0.0,83.6,12.0,2.4
2024-01-20 01:00:00,26.9,0.0,81.6,9.0,2.8
2024-01-20 02:00:00,26.9,0.0,82.4,280.0,3.6
2024-01-20 03:00:00,26.7,0.0,82.5,25.0,1.1
2024-01-20 04:00:00,26.3,0.0,84.6,57.0,1.0
2024-01-20 05:00:00,26.0,0.0,86.2,163.0,0.9
2024-01-20 06:00:00,25.4,0.2,86.6,52.0,2.6
2024-01-20 07:00:00,25.2,0.0,89.2,244.0,1.4
2024-01-20 08:00:00,25.0,0.0,86.8,57.0,2.6
2024-01-20 09:00:00,24.3,0.2,89.8,46.0,4.0
2024-01-20 10:00:00,24.5,0.0,88.6,42.0,2.9
2024-01-20 11:00:00,25.4,0.0,84.3,48.0,3.5
2024-01-20 12:00:00,25.8,0.0,85.4,46.0,3.1
2024-01-20 13:00:00,26.6,0.0,79.1,22.0,3.6
2024-01-20 14:00:00,26.9,0.0,77.8,19.0,3.1
2024-01-20 15:00:00,26.0,0.0,82.7,47.0,3.8
2024-01-20 16:00:00,25.8,0.0,85.0,30.0,3.7
2024-01-20 17:00:00,25.4,0.0,84.7,39.0,4.0
2024-01-20 18:00:00,25.1,0.0,83.6,24.0,3.3
2024-01-20 19:00:00,24.9,0.0,86.2,43.0,3.5
2024-01-20 20:00:00,25.0,0.0,87.2,51.0,3.9
2024-01-20 21:00:00,25.1,0.0,84.6,52.0,4.8
2024-01-20 22:00:00,24.5,0.0,88.5,63.0,2.8
2024-01-20 23:00:00,24.7,0.0,85.9,49.0,3.1
2024-01-21 00:00:00,24.6,0.0,84.3,56.0,1.4
2024-01-21 01:00:00,24.6,0.0,78.8,49.0,3.1
2024-01-21 02:00:00,24.8,0.0,77.8,59.0,3.8
2024-01-21 03:00:00,24.9,0.0,81.9,50.0,4.1
2024-01-21 04:00:00,24.6,0.0,83.5,61.0,4.2
2024-01-21 05:00:00,24.4,0.0,84.9,57.0,3.7
2024-01-21 06:00:00,24.4,0.0,83.3,55.0,2.5
2024-01-21 07:00:00,24.4,0.0,84.0,62.0,1.4
2024-01-21 08:00:00,24.9,0.0,82.6,29.0,2.4
2024-01-21 09:00:00,25.9,0.0,79.0,38.0,3.3
2024-01-21 10:00:00,27.0,0.0,76.0,38.0,3.2
2024-01-21 11:00:00,28.5,0.0,68.4,30.0,2.8
2024-01-21 12:00:00,29.2,0.0,67.4,296.0,4.1
2024-01-21 13:00:00,29.1,0.0,68.2,275.0,5.0
2024-01-21 14:00:00,30.0,0.0,68.1,254.0,4.3
2024-01-21 15:00:00,30.7,0.0,67.9,248.0,4.9
2024-01-21 16:00:00,30.3,0.0,69.1,260.0,5.0
2024-01-21 17:00:00,29.9,0.0,69.9,265.0,6.6
2024-01-21 18:00:00,29.8,0.0,70.5,267.0,8.2
2024-01-21 19:00:00,29.5,0.0,72.7,245.0,4.3
2024-01-21 20:00:00,29.0,0.0,71.9,270.0,3.4
2024-01-21 21:00:00,25.7,2.2,91.9,11.0,2.9
2024-01-21 22:00:00,25.6,0.0,94.8,189.0,1.5
2024-01-21 23:00:00,25.5,0.0,92.9,171.0,1.2
2024-01-22 00:00:00,26.1,0.0,85.9,48.0,1.9
2024-01-22 01:00:00,26.3,0.0,82.3,47.0,3.2
2024-01-22 02:00:00,25.8,0.0,84.8,47.0,2.9
2024-01-22 03:00:00,25.8,0.0,85.6,47.0,3.0
2024-01-22 04:00:00,25.8,0.0,85.7,38.0,2.9
2024-01-22 05:00:00,25.6,0.0,87.1,38.0,2.7
2024-01-22 06:00:00,25.8,0.0,86.6,22.0,2.0
2024-01-22 07:00:00,25.6,0.0,87.4,25.0,2.2
2024-01-22 08:00:00,25.9,0.0,86.2,25.0,1.9
2024-01-22 09:00:00,26.4,0.0,82.4,38.0,2.8
2024-01-22 10:00:00,27.1,0.0,80.2,30.0,2.5
2024-01-22 11:00:00,28.3,0.0,73.8,31.0,2.0
2024-01-22 12:00:00,29.2,0.0,70.7,253.0,3.1
2024-01-22 13:00:00,29.1,0.0,74.5,260.0,6.3
2024-01-22 14:00:00,29.1,0.0,73.2,252.0,6.0
2024-01-22 15:00:00,29.8,0.0,70.3,256.0,6.8
2024-01-22 16:00:00,30.1,0.0,69.6,259.0,7.3
2024-01-22 17:00:00,30.3,0.0,66.8,261.0,6.1
2024-01-22 18:00:00,30.7,0.0,66.0,250.0,5.2
2024-01-22 19:00:00,30.0,0.0,69.7,242.0,3.4
2024-01-22 20:00:00,29.2,0.0,70.5,26.0,1.4
2024-01-22 21:00:00,28.2,0.0,77.0,64.0,1.5
2024-01-22 22:00:00,28.0,0.0,77.8,116.0,1.1
2024-01-22 23:00:00,27.6,0.0,80.0,44.0,1.5
2024-01-23 00:00:00,27.3,0.0,82.0,37.0,2.4
2024-01-23 01:00:00,27.1,0.0,83.5,53.0,1.4
2024-01-23 02:00:00,26.9,0.0,83.2,43.0,2.3
2024-01-23 03:00:00,26.6,0.0,84.0,54.0,3.2
2024-01-23 04:00:00,26.6,0.0,83.1,50.0,2.6
2024-01-23 05:00:00,26.4,0.0,85.1,42.0,2.4
2024-01-23 06:00:00,26.3,0.0,84.7,39.0,1.8
2024-01-23 07:00:00,26.3,0.0,84.4,48.0,2.6
2024-01-23 08:00:00,26.6,0.0,83.2,45.0,2.7
2024-01-23 09:00:00,27.2,0.0,80.1,45.0,1.4
2024-01-23 10:00:00,27.8,0.0,77.9,32.0,3.3
2024-01-23 11:00:00,28.9,0.0,71.5,32.0,3.5
2024-01-23 12:00:00,30.6,0.0,64.7,37.0,3.1
2024-01-23 13:00:00,31.9,0.0,59.2,9.0,4.3
2024-01-23 14:00:00,30.3,0.0,72.2,274.0,6.9
2024-01-23 15:00:00,30.4,0.0,72.1,249.0,6.9
2024-01-23 16:00:00,29.8,0.0,74.3,243.0,3.3
2024-01-23 17:00:00,28.6,0.0,72.7,250.0,0.9
2024-01-23 18:00:00,27.2,0.0,75.9,52.0,1.5
2024-01-23 19:00:00,26.1,0.0,86.7,44.0,3.5
2024-01-23 20:00:00,26.5,0.0,80.6,54.0,1.3
2024-01-23 21:00:00,26.1,0.0,83.7,332.0,1.0
2024-01-23 22:00:00,26.2,0.0,81.5,151.0,1.1
2024-01-23 23:00:00,26.7,0.0,80.4,46.0,2.2
2024-01-24 00:00:00,26.5,0.0,82.0,40.0,1.8
2024-01-24 01:00:00,26.4,0.0,83.1,196.0,1.2
2024-01-24 02:00:00,26.2,0.0,84.9,94.0,1.1
2024-01-24 03:00:00,26.3,0.0,86.1,39.0,1.2
2024-01-24 04:00:00,26.3,0.0,86.8,20.0,1.2
2024-01-24 05:00:00,26.0,0.0,87.9,54.0,2.0
2024-01-24 06:00:00,26.1,0.0,87.6,41.0,1.4
2024-01-24 07:00:00,25.9,0.0,88.4,242.0,1.1
2024-01-24 08:00:00,26.3,0.0,86.5,202.0,1.0
2024-01-24 09:00:00,27.3,0.0,82.5,55.0,2.1
2024-01-24 10:00:00,28.3,0.0,79.9,50.0,2.4
2024-01-24 11:00:00,29.9,0.0,70.3,320.0,2.9
2024-01-24 12:00:00,29.2,0.0,72.9,87.0,1.5
2024-01-24 13:00:00,26.2,0.0,90.7,215.0,1.6
2024-01-24 14:00:00,26.7,0.0,90.3,10.0,2.6
2024-01-24 15:00:00,25.8,2.0,94.2,279.0,2.7
2024-01-24 16:00:00,25.5,0.0,93.1,33.0,3.1
2024-01-24 17:00:00,24.6,0.0,95.3,313.0,2.1
2024-01-24 18:00:00,24.8,0.0,94.8,46.0,2.0
2024-01-24 19:00:00,25.2,0.0,94.3,240.0,1.9
2024-01-24 20:00:00,25.7,0.0,91.8,175.0,0.8
2024-01-24 21:00:00,24.9,0.2,94.4,268.0,0.8
2024-01-24 22:00:00,25.1,0.0,91.8,80.0,1.4
2024-01-24 23:00:00,24.5,0.2,93.4,301.0,1.7
2024-01-25 00:00:00,25.1,0.2,92.2,342.0,3.1
2024-01-25 01:00:00,24.7,0.2,94.0,306.0,3.1
2024-01-25 02:00:00,24.8,0.0,93.6,10.0,3.1
2024-01-25 03:00:00,24.8,0.0,92.7,28.0,2.2
2024-01-25 04:00:00,24.8,0.0,91.8,136.0,1.2
2024-01-25 05:00:00,25.0,0.0,90.3,118.0,1.2
2024-01-25 06:00:00,24.9,0.0,90.0,190.0,0.9
2024-01-25 07:00:00,25.2,0.0,88.9,223.0,1.1
2024-01-25 08:00:00,25.6,0.0,89.6,205.0,0.9
2024-01-25 09:00:00,26.2,0.0,88.7,83.0,1.4
2024-01-25 10:00:00,27.1,0.0,85.5,39.0,2.6
2024-01-25 11:00:00,29.1,0.0,73.6,51.0,1.3
2024-01-25 12:00:00,29.1,0.0,74.4,35.0,2.8
2024-01-25 13:00:00,29.3,0.0,73.3,77.0,1.8
2024-01-25 14:00:00,28.5,0.0,75.2,154.0,0.8
2024-01-25 15:00:00,28.5,0.0,74.9,70.0,1.0
2024-01-25 16:00:00,27.6,0.0,76.6,188.0,0.9
2024-01-25 17:00:00,27.1,0.0,81.9,41.0,1.1
2024-01-25 18:00:00,27.0,0.0,80.5,51.0,2.8
2024-01-25 19:00:00,27.0,0.0,80.0,56.0,3.0
2024-01-25 20:00:00,26.5,0.0,81.5,47.0,2.0
2024-01-25 21:00:00,26.3,0.0,84.0,49.0,1.8
2024-01-25 22:00:00,26.2,0.0,85.5,91.0,1.4
2024-01-25 23:00:00,26.6,0.0,82.6,56.0,2.3
2024-01-26 00:00:00,26.2,0.0,86.2,260.0,1.0
2024-01-26 01:00:00,25.9,0.0,88.5,142.0,1.0
2024-01-26 02:00:00,26.3,0.0,85.5,49.0,2.4
2024-01-26 03:00:00,26.3,0.0,87.2,176.0,1.1
2024-01-26 04:00:00,26.4,0.0,86.9,56.0,2.2
2024-01-26 05:00:00,26.2,0.0,88.8,42.0,1.8
2024-01-26 06:00:00,26.3,0.0,88.2,168.0,1.1
2024-01-26 07:00:00,26.5,0.0,87.0,75.0,1.1
2024-01-26 08:00:00,26.9,0.0,85.1,74.0,1.4
2024-01-26 09:00:00,27.6,0.0,81.9,51.0,2.0
2024-01-26 10:00:00,28.4,0.0,77.9,56.0,2.6
2024-01-26 11:00:00,29.2,0.0,73.7,57.0,3.1
2024-01-26 12:00:00,29.8,0.0,69.5,61.0,2.8
2024-01-26 13:00:00,31.4,0.0,63.9,43.0,3.9
2024-01-26 14:00:00,31.4,0.0,61.7,34.0,4.3
2024-01-26 15:00:00,32.2,0.0,58.2,50.0,5.1
2024-01-26 16:00:00,32.3,0.0,58.8,43.0,4.8
2024-01-26 17:00:00,32.6,0.0,57.1,33.0,3.3
2024-01-26 18:00:00,31.6,0.0,58.6,53.0,5.1
2024-01-26 19:00:00,30.4,0.0,62.4,51.0,3.2
2024-01-26 20:00:00,29.4,0.0,68.5,58.0,1.9
2024-01-26 21:00:00,28.3,0.0,74.5,56.0,2.1
2024-01-26 22:00:00,27.8,0.0,76.2,47.0,3.4
2024-01-26 23:00:00,27.3,0.0,78.5,55.0,2.3
2024-01-27 00:00:00,27.3,0.0,78.5,52.0,1.8
2024-01-27 01:00:00,27.1,0.0,80.0,59.0,2.4
2024-01-27 02:00:00,27.0,0.0,81.1,62.0,1.5
2024-01-27 03:00:00,27.1,0.0,80.6,42.0,2.5
2024-01-27 04:00:00,26.9,0.0,81.0,44.0,2.5
2024-01-27 05:00:00,26.7,0.0,81.8,42.0,1.6
2024-01-27 06:00:00,26.8,0.0,81.8,44.0,2.1
2024-01-27 07:00:00,26.7,0.0,81.9,27.0,1.6
2024-01-27 08:00:00,26.8,0.0,81.6,48.0,2.0
2024-01-27 09:00:00,27.6,0.0,79.4,48.0,2.1
2024-01-27 10:00:00,28.4,0.0,75.4,57.0,2.6
2024-01-27 11:00:00,30.9,0.0,63.2,41.0,3.9
2024-01-27 12:00:00,31.3,0.0,61.2,78.0,2.9
2024-01-27 13:00:00,32.1,0.0,57.9,43.0,4.3
2024-01-27 14:00:00,32.4,0.0,55.7,28.0,2.8
2024-01-27 15:00:00,32.1,0.0,58.0,36.0,4.8
2024-01-27 16:00:00,32.6,0.0,55.1,40.0,4.8
2024-01-27 17:00:00,32.3,0.0,56.3,53.0,5.1
2024-01-27 18:00:00,31.4,0.0,57.2,49.0,4.5
2024-01-27 19:00:00,30.3,0.0,62.2,54.0,3.8
2024-01-27 20:00:00,29.5,0.0,66.4,62.0,3.2
2024-01-27 21:00:00,28.5,0.0,72.1,66.0,2.1
2024-01-27 22:00:00,27.9,0.0,75.0,56.0,2.6
2024-01-27 23:00:00,27.6,0.0,76.1,55.0,2.3
2024-01-28 00:00:00,27.3,0.0,79.0,41.0,2.8
2024-01-28 01:00:00,27.1,0.0,79.6,57.0,1.9
2024-01-28 02:00:00,26.9,0.0,81.3,42.0,2.1
2024-01-28 03:00:00,26.8,0.0,81.3,81.0,1.3
2024-01-28 04:00:00,26.6,0.0,83.0,45.0,2.8
2024-01-28 05:00:00,26.2,0.0,83.2,13.0,3.7
2024-01-28 06:00:00,26.2,0.0,84.2,21.0,1.8
2024-01-28 07:00:00,26.0,0.0,84.3,41.0,2.8
2024-01-28 08:00:00,26.1,0.0,84.3,28.0,2.6
2024-01-28 09:00:00,26.8,0.0,80.1,93.0,1.5
2024-01-28 10:00:00,28.0,0.0,74.8,40.0,3.2
2024-01-28 11:00:00,29.6,0.0,68.1,79.0,1.7
2024-01-28 12:00:00,30.2,0.0,65.5,53.0,3.1
2024-01-28 13:00:00,30.9,0.0,59.5,54.0,3.6
2024-01-28 14:00:00,31.8,0.0,57.8,33.0,4.1
2024-01-28 15:00:00,32.7,0.0,55.7,10.0,3.7
2024-01-28 16:00:00,32.2,0.0,54.9,46.0,3.8
2024-01-28 17:00:00,30.5,0.0,60.6,50.0,4.9
2024-01-28 18:00:00,30.8,0.0,60.3,57.0,4.8
2024-01-28 19:00:00,29.8,0.0,66.2,56.0,2.4
2024-01-28 20:00:00,29.0,0.0,68.1,55.0,3.8
2024-01-28 21:00:00,28.2,0.0,72.5,62.0,2.8
2024-01-28 22:00:00,27.8,0.0,75.3,48.0,1.8
2024-01-28 23:00:00,27.6,0.0,76.1,48.0,2.6
2024-01-29 00:00:00,27.2,0.0,78.1,35.0,3.3
2024-01-29 01:00:00,26.9,0.0,79.3,60.0,2.3
2024-01-29 02:00:00,26.7,0.0,80.8,44.0,2.7
2024-01-29 03:00:00,26.4,0.0,83.4,10.0,1.9
2024-01-29 04:00:00,26.2,0.0,82.8,39.0,1.9
2024-01-29 05:00:00,26.2,0.0,81.4,49.0,2.6
2024-01-29 06:00:00,26.2,0.0,81.7,45.0,2.5
2024-01-29 07:00:00,26.1,0.0,83.9,41.0,2.2
2024-01-29 08:00:00,26.2,0.0,83.9,19.0,1.3
2024-01-29 09:00:00,27.0,0.0,80.3,38.0,2.6
2024-01-29 10:00:00,27.8,0.0,76.9,67.0,1.6
2024-01-29 11:00:00,29.2,0.0,68.3,43.0,3.1
2024-01-29 12:00:00,29.6,0.0,68.0,30.0,3.7
2024-01-29 13:00:00,30.6,0.0,61.2,55.0,3.9
2024-01-29 14:00:00,31.0,0.0,59.8,44.0,4.7
2024-01-29 15:00:00,31.3,0.0,57.8,48.0,4.8
2024-01-29 16:00:00,32.3,0.0,53.2,32.0,4.4
2024-01-29 17:00:00,31.6,0.0,56.0,34.0,3.1
2024-01-29 18:00:00,30.9,0.0,59.6,59.0,2.8
2024-01-29 19:00:00,30.0,0.0,61.2,53.0,3.1
2024-01-29 20:00:00,29.2,0.0,65.6,57.0,1.8
2024-01-29 21:00:00,28.3,0.0,70.3,74.0,1.8
2024-01-29 22:00:00,27.8,0.0,71.4,56.0,2.3
2024-01-29 23:00:00,27.4,0.0,74.2,50.0,1.6
2024-01-30 00:00:00,27.1,0.0,76.5,58.0,1.2
2024-01-30 01:00:00,26.8,0.0,79.9,33.0,2.5
2024-01-30 02:00:00,26.6,0.0,79.0,36.0,2.1
2024-01-30 03:00:00,26.3,0.0,81.5,23.0,2.1
2024-01-30 04:00:00,26.1,0.0,82.2,25.0,2.0
2024-01-30 05:00:00,26.0,0.0,81.6,47.0,1.8
2024-01-30 06:00:00,25.9,0.0,83.5,15.0,2.5
2024-01-30 07:00:00,25.7,0.0,84.2,4.0,3.0
2024-01-30 08:00:00,25.7,0.0,84.9,7.0,2.6
2024-01-30 09:00:00,26.3,0.0,82.2,13.0,2.5
2024-01-30 10:00:00,27.6,0.0,75.5,45.0,3.4
2024-01-30 11:00:00,28.2,0.0,70.8,33.0,2.7
2024-01-30 12:00:00,29.8,0.0,65.3,39.0,3.3
2024-01-30 13:00:00,29.9,0.0,63.3,43.0,2.6
2024-01-30 14:00:00,31.3,0.0,58.3,355.0,3.3
2024-01-30 15:00:00,32.1,0.0,54.6,338.0,2.9
2024-01-30 16:00:00,32.7,0.0,53.6,42.0,3.4
2024-01-30 17:00:00,31.2,0.0,58.9,54.0,3.7
2024-01-30 18:00:00,30.6,0.0,59.7,56.0,3.3
2024-01-30 19:00:00,29.7,0.0,62.0,55.0,2.8
2024-01-30 20:00:00,28.9,0.0,63.7,64.0,1.9
2024-01-30 21:00:00,28.5,0.0,67.3,51.0,2.9
2024-01-30 22:00:00,28.0,0.0,71.6,53.0,1.8
2024-01-30 23:00:00,27.5,0.0,74.3,84.0,1.5
2024-01-31 00:00:00,27.1,0.0,76.6,64.0,1.4
2024-01-31 01:00:00,26.8,0.0,78.2,154.0,1.3
2024-01-31 02:00:00,26.5,0.0,80.0,56.0,1.9
2024-01-31 03:00:00,26.2,0.0,81.6,68.0,1.6
2024-01-31 04:00:00,26.1,0.0,82.3,54.0,3.3
2024-01-31 05:00:00,26.0,0.0,83.9,35.0,2.0
2024-01-31 06:00:00,25.9,0.0,83.1,38.0,2.3
2024-01-31 07:00:00,25.8,0.0,83.1,15.0,2.8
2024-01-31 08:00:00,25.8,0.0,82.8,18.0,1.9
2024-01-31 09:00:00,26.5,0.0,79.7,18.0,2.8
2024-01-31 10:00:00,27.3,0.0,76.2,33.0,2.8
2024-01-31 11:00:00,28.8,0.0,68.4,22.0,3.4
2024-01-31 12:00:00,29.7,0.0,62.3,39.0,3.5
2024-01-31 13:00:00,30.5,0.0,60.5,26.0,3.6
2024-01-31 14:00:00,31.4,0.0,56.8,31.0,4.6
2024-01-31 15:00:00,32.6,0.0,53.3,15.0,4.5
2024-01-31 16:00:00,29.7,0.0,70.3,236.0,3.7
2024-01-31 17:00:00,29.6,0.0,70.5,248.0,3.1
2024-01-31 18:00:00,28.4,0.0,78.8,231.0,2.7
2024-01-31 19:00:00,27.0,0.0,83.7,202.0,1.4
2024-01-31 20:00:00,28.0,0.0,74.8,78.0,1.1
2024-01-31 21:00:00,27.8,0.0,75.1,209.0,0.9
2024-01-31 22:00:00,28.0,0.0,74.2,43.0,1.9
2024-01-31 23:00:00,27.4,0.0,76.7,68.0,1.4
2024-02-01 00:00:00,27.2,0.0,79.1,60.0,1.5
2024-02-01 01:00:00,26.9,0.0,80.1,195.0,0.9
2024-02-01 02:00:00,27.3,0.0,78.0,55.0,2.1
2024-02-01 03:00:00,27.1,0.0,79.5,64.0,2.1
2024-02-01 04:00:00,27.0,0.0,80.8,84.0,1.3
2024-02-01 05:00:00,27.2,0.0,79.4,46.0,1.9
2024-02-01 06:00:00,27.1,0.0,81.0,57.0,1.6
2024-02-01 07:00:00,26.8,0.0,81.5,88.0,1.5
2024-02-01 08:00:00,27.4,0.0,79.2,52.0,2.7
2024-02-01 09:00:00,27.7,0.0,77.8,57.0,2.5
2024-02-01 10:00:00,28.3,0.0,74.1,50.0,2.4
2024-02-01 11:00:00,29.1,0.0,70.3,80.0,1.7
2024-02-01 12:00:00,29.5,0.0,69.3,37.0,2.4
2024-02-01 13:00:00,30.7,0.0,64.8,43.0,2.9
2024-02-01 14:00:00,31.3,0.0,61.5,29.0,2.8
2024-02-01 15:00:00,32.1,0.0,57.7,17.0,3.3
2024-02-01 16:00:00,32.5,0.0,55.5,19.0,3.0
2024-02-01 17:00:00,30.3,0.0,70.4,350.0,2.4
2024-02-01 18:00:00,25.4,0.2,90.2,238.0,2.4
2024-02-01 19:00:00,27.9,0.0,76.9,266.0,1.4
2024-02-01 20:00:00,28.1,0.0,75.9,47.0,2.3
2024-02-01 21:00:00,27.6,0.0,72.9,48.0,3.7
2024-02-01 22:00:00,27.5,0.0,76.1,32.0,2.5
2024-02-01 23:00:00,27.0,0.0,79.4,102.0,1.1
2024-02-02 00:00:00,26.9,0.0,79.7,128.0,1.4
2024-02-02 01:00:00,26.7,0.0,80.5,276.0,1.1
2024-02-02 02:00:00,26.5,0.0,82.1,145.0,1.1
2024-02-02 03:00:00,26.5,0.0,82.0,93.0,1.4
2024-02-02 04:00:00,26.5,0.0,82.6,99.0,1.0
2024-02-02 05:00:00,26.4,0.0,83.5,135.0,1.2
2024-02-02 06:00:00,26.5,0.0,83.3,198.0,0.7
2024-02-02 07:00:00,26.4,0.0,83.6,148.0,0.8
2024-02-02 08:00:00,26.8,0.0,81.9,226.0,1.2
2024-02-02 09:00:00,27.3,0.0,80.3,47.0,2.3
2024-02-02 10:00:00,28.2,0.0,75.0,51.0,2.2
2024-02-02 11:00:00,29.3,0.0,69.8,34.0,3.4
2024-02-02 12:00:00,30.1,0.0,67.2,32.0,3.2
2024-02-02 13:00:00,31.8,0.0,60.5,14.0,4.3
2024-02-02 14:00:00,30.2,0.0,72.3,277.0,8.2
2024-02-02 15:00:00,26.6,6.8,89.1,348.0,2.6
2024-02-02 16:00:00,24.9,0.2,95.3,257.0,4.7
2024-02-02 17:00:00,24.7,1.6,95.7,288.0,1.2
2024-02-02 18:00:00,25.5,0.0,95.7,267.0,1.5
2024-02-02 19:00:00,26.8,0.0,88.5,182.0,0.7
2024-02-02 20:00:00,26.8,0.0,84.6,192.0,0.9
2024-02-02 21:00:00,27.3,0.0,83.2,210.0,0.9
2024-02-02 22:00:00,27.1,0.0,84.0,191.0,0.9
2024-02-02 23:00:00,26.8,0.0,84.0,169.0,0.7
2024-02-03 00:00:00,27.0,0.0,83.4,47.0,2.1
2024-02-03 01:00:00,26.8,0.0,84.1,54.0,1.8
2024-02-03 02:00:00,26.8,0.0,83.7,69.0,1.5
2024-02-03 03:00:00,26.6,0.0,84.3,172.0,0.9
2024-02-03 04:00:00,26.6,0.0,83.0,37.0,1.8
2024-02-03 05:00:00,26.3,0.0,84.6,87.0,1.2
2024-02-03 06:00:00,26.4,0.0,82.9,66.0,1.5
2024-02-03 07:00:00,26.4,0.0,83.0,36.0,1.6
2024-02-03 08:00:00,26.7,0.0,81.5,70.0,1.4
2024-02-03 09:00:00,27.0,0.0,82.3,14.0,2.6
2024-02-03 10:00:00,28.0,0.0,75.4,44.0,3.4
2024-02-03 11:00:00,29.3,0.0,69.5,45.0,3.1
2024-02-03 12:00:00,30.6,0.0,61.7,39.0,3.5
2024-02-03 13:00:00,32.2,0.0,54.6,19.0,4.0
2024-02-03 14:00:00,29.8,0.0,73.3,274.0,9.2
2024-02-03 15:00:00,30.6,0.0,70.6,245.0,6.0
2024-02-03 16:00:00,30.2,0.0,70.4,236.0,3.8
2024-02-03 17:00:00,26.7,1.8,88.1,286.0,7.9
2024-02-03 18:00:00,26.2,0.0,91.5,81.0,1.5
2024-02-03 19:00:00,25.5,0.0,88.5,206.0,0.8
2024-02-03 20:00:00,26.7,0.0,85.0,206.0,1.8
2024-02-03 21:00:00,26.7,0.0,86.4,259.0,1.0
2024-02-03 22:00:00,26.8,0.0,84.3,260.0,1.1
2024-02-03 23:00:00,26.8,0.0,84.3,197.0,0.9
2024-02-04 00:00:00,26.8,0.0,82.2,40.0,2.4
2024-02-04 01:00:00,26.9,0.0,79.9,46.0,3.3
2024-02-04 02:00:00,26.7,0.0,81.5,43.0,3.1
2024-02-04 03:00:00,26.6,0.0,81.6,43.0,3.5
2024-02-04 04:00:00,26.5,0.0,83.2,66.0,1.5
2024-02-04 05:00:00,26.3,0.0,82.5,38.0,1.7
2024-02-04 06:00:00,26.1,0.0,83.2,44.0,2.0
2024-02-04 07:00:00,26.0,0.0,82.9,51.0,2.9
2024-02-04 08:00:00,26.0,0.0,83.0,46.0,1.6
2024-02-04 09:00:00,26.9,0.0,76.3,44.0,2.6
2024-02-04 10:00:00,27.7,0.0,73.4,42.0,3.1
2024-02-04 11:00:00,28.8,0.0,68.7,40.0,3.4
2024-02-04 12:00:00,30.4,0.0,61.5,31.0,3.0
2024-02-04 13:00:00,31.4,0.0,57.6,12.0,4.0
2024-02-04 14:00:00,29.8,0.0,71.4,270.0,7.3
2024-02-04 15:00:00,30.5,0.0,67.0,263.0,5.7
2024-02-04 16:00:00,31.4,0.0,67.1,248.0,4.6
2024-02-04 17:00:00,30.5,0.0,69.3,240.0,4.5
2024-02-04 18:00:00,29.9,0.0,71.7,242.0,3.5
2024-02-04 19:00:00,29.8,0.0,71.4,240.0,2.2
2024-02-04 20:00:00,29.6,0.0,71.9,282.0,3.1
2024-02-04 21:00:00,29.3,0.0,73.0,309.0,1.0
2024-02-04 22:00:00,28.9,0.0,70.3,38.0,1.2
2024-02-04 23:00:00,28.1,0.0,72.1,89.0,1.2
2024-02-05 00:00:00,27.6,0.0,74.7,53.0,1.4
2024-02-05 01:00:00,27.5,0.0,75.1,43.0,2.3
2024-02-05 02:00:00,26.9,0.0,79.4,45.0,1.6
2024-02-05 03:00:00,26.6,0.0,80.6,46.0,3.0
2024-02-05 04:00:00,26.5,0.0,80.8,19.0,2.5
2024-02-05 05:00:00,26.3,0.0,80.6,47.0,1.9
2024-02-05 06:00:00,25.9,0.0,81.9,48.0,3.1
2024-02-05 07:00:00,26.1,0.0,80.7,49.0,1.9
2024-02-05 08:00:00,26.1,0.0,80.4,47.0,3.5
2024-02-05 09:00:00,26.9,0.0,78.0,45.0,3.0
2024-02-05 10:00:00,28.1,0.0,74.3,43.0,3.4
2024-02-05 11:00:00,29.1,0.0,69.7,48.0,3.9
2024-02-05 12:00:00,30.7,0.0,62.3,44.0,4.2
2024-02-05 13:00:00,31.7,0.0,57.9,36.0,3.7
2024-02-05 14:00:00,32.8,0.0,53.7,21.0,4.2
2024-02-05 15:00:00,31.1,0.0,66.5,262.0,7.3
2024-02-05 16:00:00,32.1,0.0,64.2,250.0,5.2
2024-02-05 17:00:00,30.4,0.0,69.3,230.0,4.9
2024-02-05 18:00:00,30.5,0.0,68.2,232.0,3.9
2024-02-05 19:00:00,30.7,0.0,65.1,229.0,3.1
2024-02-05 20:00:00,29.9,0.0,67.5,132.0,2.1
2024-02-05 21:00:00,29.0,0.0,69.4,78.0,1.4
2024-02-05 22:00:00,28.2,0.0,71.4,123.0,1.0
2024-02-05 23:00:00,28.1,0.0,71.6,99.0,1.2
2024-02-06 00:00:00,27.6,0.0,71.6,156.0,1.1
2024-02-06 01:00:00,27.6,0.0,70.3,195.0,1.0
2024-02-06 02:00:00,27.3,0.0,73.9,31.0,2.1
2024-02-06 03:00:00,26.9,0.0,75.9,19.0,2.7
2024-02-06 04:00:00,26.5,0.0,79.4,23.0,2.0
2024-02-06 05:00:00,26.4,0.0,81.6,27.0,2.2
2024-02-06 06:00:00,26.5,0.0,81.7,36.0,2.6
2024-02-06 07:00:00,26.5,0.0,80.7,24.0,2.4
2024-02-06 08:00:00,26.3,0.0,82.5,49.0,3.1
2024-02-06 09:00:00,26.9,0.0,80.2,43.0,3.6
2024-02-06 10:00:00,27.9,0.0,75.8,42.0,3.8
2024-02-06 11:00:00,29.4,0.0,68.0,37.0,3.0
2024-02-06 12:00:00,31.4,0.0,57.7,19.0,3.6
2024-02-06 13:00:00,32.5,0.0,54.6,12.0,4.1
2024-02-06 14:00:00,32.4,0.0,56.3,7.0,3.3
2024-02-06 15:00:00,30.2,0.0,67.6,228.0,4.6
2024-02-06 16:00:00,30.1,0.0,62.4,227.0,4.5
2024-02-06 17:00:00,30.5,0.0,61.6,224.0,3.8
2024-02-06 18:00:00,29.8,0.0,64.4,205.0,3.2
2024-02-06 19:00:00,29.7,0.0,69.4,227.0,3.5
2024-02-06 20:00:00,29.1,0.0,71.0,190.0,1.5
2024-02-06 21:00:00,28.7,0.0,75.4,39.0,2.6
2024-02-06 22:00:00,28.9,0.0,74.9,66.0,1.7
2024-02-06 23:00:00,28.7,0.0,73.6,58.0,2.6
2024-02-07 00:00:00,28.4,0.0,74.7,46.0,3.2
2024-02-07 01:00:00,27.6,0.0,78.4,61.0,1.8
2024-02-07 02:00:00,27.3,0.0,79.1,45.0,1.8
2024-02-07 03:00:00,27.1,0.0,79.8,92.0,1.4
2024-02-07 04:00:00,26.8,0.0,82.7,20.0,1.5
2024-02-07 05:00:00,26.6,0.0,82.9,46.0,2.1
2024-02-07 06:00:00,26.5,0.0,83.9,39.0,1.6
2024-02-07 07:00:00,26.6,0.0,83.9,79.0,1.2
2024-02-07 08:00:00,26.7,0.0,83.0,35.0,1.8
2024-02-07 09:00:00,27.1,0.0,82.6,41.0,2.8
2024-02-07 10:00:00,27.7,0.0,79.3,34.0,3.0
2024-02-07 11:00:00,28.6,0.0,72.9,39.0,3.4
2024-02-07 12:00:00,30.3,0.0,65.1,48.0,2.7
2024-02-07 13:00:00,31.5,0.0,59.9,25.0,3.6
2024-02-07 14:00:00,32.3,0.0,55.6,27.0,4.6
2024-02-07 15:00:00,31.6,0.0,64.8,343.0,3.5
2024-02-07 16:00:00,30.7,0.0,68.3,207.0,4.4
2024-02-07 17:00:00,24.0,7.6,92.6,336.0,5.7
2024-02-07 18:00:00,24.6,0.0,95.2,136.0,0.7
2024-02-07 19:00:00,25.7,0.0,95.6,346.0,1.8
2024-02-07 20:00:00,26.2,0.0,95.6,245.0,1.7
2024-02-07 21:00:00,26.7,0.0,91.7,244.0,1.9
2024-02-07 22:00:00,27.4,0.0,83.7,146.0,1.0
2024-02-07 23:00:00,27.0,0.0,85.5,145.0,0.9
2024-02-08 00:00:00,26.8,0.0,85.7,88.0,0.9
2024-02-08 01:00:00,26.8,0.0,85.8,223.0,1.1
2024-02-08 02:00:00,26.7,0.0,85.5,267.0,1.0
2024-02-08 03:00:00,26.6,0.0,85.2,111.0,1.1
2024-02-08 04:00:00,26.6,0.0,84.7,55.0,1.4
2024-02-08 05:00:00,26.3,0.0,86.9,198.0,1.0
2024-02-08 06:00:00,26.4,0.0,87.2,28.0,2.1
2024-02-08 07:00:00,26.3,0.0,87.3,11.0,1.7
2024-02-08 08:00:00,26.5,0.0,86.0,33.0,1.7
2024-02-08 09:00:00,27.3,0.0,80.6,94.0,1.3
2024-02-08 10:00:00,28.5,0.0,74.4,40.0,1.7
2024-02-08 11:00:00,29.2,0.0,72.3,18.0,3.0
2024-02-08 12:00:00,30.8,0.0,64.5,32.0,3.2
2024-02-08 13:00:00,31.8,0.0,58.8,13.0,4.0
2024-02-08 14:00:00,31.1,0.0,69.3,238.0,4.3
2024-02-08 15:00:00,31.3,0.0,66.3,251.0,4.8
2024-02-08 16:00:00,31.0,0.0,71.0,245.0,4.3
2024-02-08 17:00:00,31.2,0.0,67.5,252.0,4.4
2024-02-08 18:00:00,29.5,0.0,73.6,109.0,1.3
2024-02-08 19:00:00,29.2,0.0,72.4,185.0,0.7
2024-02-08 20:00:00,29.2,0.0,72.9,102.0,1.0
2024-02-08 21:00:00,28.8,0.0,76.5,85.0,1.4
2024-02-08 22:00:00,28.4,0.0,77.5,109.0,1.3
2024-02-08 23:00:00,28.2,0.0,78.1,53.0,2.6
2024-02-09 00:00:00,27.7,0.0,79.6,67.0,1.5
2024-02-09 01:00:00,27.6,0.0,80.7,137.0,0.8
2024-02-09 02:00:00,27.4,0.0,81.6,87.0,0.9
2024-02-09 03:00:00,27.4,0.0,81.5,80.0,1.0
2024-02-09 04:00:00,27.1,0.0,83.0,27.0,1.4
2024-02-09 05:00:00,27.0,0.0,84.7,53.0,1.2
2024-02-09 06:00:00,26.9,0.0,83.5,33.0,2.1
2024-02-09 07:00:00,26.9,0.0,83.1,39.0,1.4
2024-02-09 08:00:00,26.9,0.0,82.5,96.0,1.4
2024-02-09 09:00:00,27.5,0.0,81.1,36.0,1.9
2024-02-09 10:00:00,28.2,0.0,75.9,39.0,3.6
2024-02-09 11:00:00,29.4,0.0,68.5,27.0,3.3
2024-02-09 12:00:00,30.3,0.0,63.3,19.0,2.8
2024-02-09 13:00:00,30.7,0.0,65.8,307.0,3.4
2024-02-09 14:00:00,29.6,0.0,74.1,275.0,7.4
2024-02-09 15:00:00,29.5,0.0,74.7,274.0,8.0
2024-02-09 16:00:00,27.4,0.2,91.8,205.0,3.2
2024-02-09 17:00:00,26.8,0.0,89.0,189.0,1.5
2024-02-09 18:00:00,26.9,0.0,84.6,147.0,1.0
2024-02-09 19:00:00,27.4,0.0,81.7,196.0,0.9
2024-02-09 20:00:00,27.8,0.0,79.5,164.0,0.9
2024-02-09 21:00:00,27.5,0.0,78.6,92.0,1.2
2024-02-09 22:00:00,27.2,0.0,76.8,63.0,1.6
2024-02-09 23:00:00,26.7,0.0,76.6,52.0,1.6
2024-02-10 00:00:00,26.3,0.0,77.1,45.0,3.2
2024-02-10 01:00:00,26.1,0.0,78.2,46.0,3.7
2024-02-10 02:00:00,25.9,0.0,78.5,53.0,3.3
2024-02-10 03:00:00,25.7,0.0,79.3,52.0,4.2
2024-02-10 04:00:00,25.8,0.0,79.0,51.0,4.0
2024-02-10 05:00:00,25.6,0.0,79.9,59.0,3.6
2024-02-10 06:00:00,25.5,0.0,79.5,54.0,4.1
2024-02-10 07:00:00,25.3,0.0,80.6,54.0,3.6
2024-02-10 08:00:00,25.4,0.0,81.8,48.0,2.8
2024-02-10 09:00:00,25.9,0.0,79.6,43.0,2.7
2024-02-10 10:00:00,27.1,0.0,76.4,44.0,3.9
2024-02-10 11:00:00,28.2,0.0,71.8,37.0,4.3
2024-02-10 12:00:00,29.2,0.0,68.0,36.0,2.7
2024-02-10 13:00:00,31.3,0.0,57.1,19.0,2.9
2024-02-10 14:00:00,31.4,0.0,55.6,42.0,3.5
2024-02-10 15:00:00,32.2,0.0,54.9,33.0,4.2
2024-02-10 16:00:00,33.1,0.0,47.9,52.0,4.3
2024-02-10 17:00:00,32.1,0.0,53.7,334.0,2.8
2024-02-10 18:00:00,31.6,0.0,54.0,54.0,4.2
2024-02-10 19:00:00,30.4,0.0,58.6,56.0,2.6
2024-02-10 20:00:00,29.8,0.0,63.3,74.0,1.7
2024-02-10 21:00:00,28.9,0.0,67.7,96.0,1.2
2024-02-10 22:00:00,28.2,0.0,73.2,47.0,1.7
2024-02-10 23:00:00,24.9,1.0,86.4,51.0,4.2
2024-02-11 00:00:00,25.1,0.0,90.5,108.0,1.2
2024-02-11 01:00:00,25.7,0.0,87.9,37.0,1.5
2024-02-11 02:00:00,26.0,0.0,86.5,68.0,1.0
2024-02-11 03:00:00,26.4,0.0,82.7,24.0,3.0
2024-02-11 04:00:00,26.3,0.0,82.9,19.0,2.8
2024-02-11 05:00:00,26.1,0.0,83.3,43.0,1.5
2024-02-11 06:00:00,26.0,0.0,82.3,51.0,2.2
2024-02-11 07:00:00,26.1,0.0,84.1,36.0,2.3
2024-02-11 08:00:00,26.2,0.0,81.2,16.0,2.9
2024-02-11 09:00:00,26.6,0.0,79.7,20.0,2.2
2024-02-11 10:00:00,27.5,0.0,76.5,35.0,2.8
2024-02-11 11:00:00,29.2,0.0,70.1,47.0,2.9
2024-02-11 12:00:00,30.9,0.0,60.5,61.0,3.7
2024-02-11 13:00:00,30.5,0.0,61.5,49.0,3.7
2024-02-11 14:00:00,30.6,0.0,62.0,52.0,3.7
2024-02-11 15:00:00,32.9,0.0,52.4,32.0,3.8
2024-02-11 16:00:00,33.0,0.0,51.8,41.0,4.3
2024-02-11 17:00:00,32.5,0.0,53.2,45.0,5.1
2024-02-11 18:00:00,31.7,0.0,55.5,49.0,4.3
2024-02-11 19:00:00,29.3,0.0,65.0,53.0,3.7
2024-02-11 20:00:00,28.1,0.0,71.5,45.0,2.9
2024-02-11 21:00:00,27.8,0.0,75.0,43.0,3.2
2024-02-11 22:00:00,27.6,0.0,75.9,42.0,2.3
2024-02-11 23:00:00,27.6,0.0,74.9,39.0,2.4
2024-02-12 00:00:00,27.3,0.0,76.9,31.0,1.9
2024-02-12 01:00:00,27.1,0.0,78.0,27.0,3.4
2024-02-12 02:00:00,26.6,0.0,80.5,38.0,3.2
2024-02-12 03:00:00,26.6,0.0,79.8,32.0,3.1
2024-02-12 04:00:00,26.8,0.0,78.5,34.0,1.5
2024-02-12 05:00:00,26.7,0.0,78.3,22.0,3.0
2024-02-12 06:00:00,26.7,0.0,78.8,54.0,3.7
2024-02-12 07:00:00,26.4,0.0,81.9,17.0,2.3
2024-02-12 08:00:00,26.7,0.0,79.9,14.0,3.1
2024-02-12 09:00:00,27.0,0.0,78.2,14.0,2.8
2024-02-12 10:00:00,27.3,0.0,78.0,23.0,2.3
2024-02-12 11:00:00,27.9,0.0,75.4,41.0,2.0
2024-02-12 12:00:00,29.0,0.0,70.0,42.0,3.1
2024-02-12 13:00:00,30.7,0.0,62.6,55.0,2.7
2024-02-12 14:00:00,29.8,0.0,63.6,49.0,5.3
2024-02-12 15:00:00,26.1,0.0,83.5,69.0,5.5
2024-02-12 16:00:00,26.7,0.0,80.9,51.0,4.7
2024-02-12 17:00:00,27.0,0.0,79.2,52.0,2.8
2024-02-12 18:00:00,27.9,0.0,76.5,45.0,4.1
2024-02-12 19:00:00,27.4,0.0,79.2,33.0,3.7
2024-02-12 20:00:00,27.3,0.0,75.4,51.0,3.9
2024-02-12 21:00:00,26.6,0.0,79.8,29.0,3.4
2024-02-12 22:00:00,26.5,0.0,81.4,23.0,3.6
2024-02-12 23:00:00,26.3,0.0,82.4,36.0,3.1
2024-02-13 00:00:00,26.3,0.0,82.8,18.0,2.9
2024-02-13 01:00:00,25.9,0.0,86.0,35.0,2.0
2024-02-13 02:00:00,26.2,0.0,84.2,38.0,1.2
2024-02-13 03:00:00,26.1,0.0,85.0,28.0,2.5
2024-02-13 04:00:00,26.1,0.0,84.5,20.0,2.5
2024-02-13 05:00:00,25.9,0.0,84.3,43.0,3.6
2024-02-13 06:00:00,25.9,0.0,84.6,9.0,3.4
2024-02-13 07:00:00,25.9,0.0,85.2,17.0,2.8
2024-02-13 08:00:00,26.0,0.0,83.7,29.0,2.2
2024-02-13 09:00:00,25.4,0.0,88.6,29.0,2.0
2024-02-13 10:00:00,26.4,0.0,86.0,34.0,2.8
2024-02-13 11:00:00,28.1,0.0,76.6,44.0,4.1
2024-02-13 12:00:00,28.7,0.0,72.3,43.0,4.5
2024-02-13 13:00:00,29.6,0.0,69.0,50.0,4.0
2024-02-13 14:00:00,27.3,0.0,79.8,94.0,1.9
2024-02-13 15:00:00,28.6,0.0,78.6,33.0,3.1
2024-02-13 16:00:00,26.1,0.0,89.9,57.0,2.6
2024-02-13 17:00:00,27.8,0.0,80.4,47.0,2.5
2024-02-13 18:00:00,28.5,0.0,74.1,58.0,2.4
2024-02-13 19:00:00,28.6,0.0,73.4,52.0,2.9
2024-02-13 20:00:00,28.4,0.0,74.5,58.0,3.6
2024-02-13 21:00:00,28.0,0.0,76.5,59.0,1.6
2024-02-13 22:00:00,27.3,0.0,80.3,99.0,1.3
2024-02-13 23:00:00,27.4,0.0,80.0,53.0,2.1
2024-02-14 00:00:00,27.2,0.0,80.8,49.0,2.3
2024-02-14 01:00:00,26.9,0.0,82.2,73.0,1.7
2024-02-14 02:00:00,26.9,0.0,83.1,64.0,1.9
2024-02-14 03:00:00,26.9,0.0,83.7,136.0,1.0
2024-02-14 04:00:00,26.8,0.0,84.3,145.0,1.3
2024-02-14 05:00:00,25.6,0.0,87.9,75.0,1.2
2024-02-14 06:00:00,25.8,0.0,87.3,123.0,0.9
2024-02-14 07:00:00,26.1,0.0,87.8,78.0,1.0
2024-02-14 08:00:00,26.6,0.0,87.1,120.0,1.0
2024-02-14 09:00:00,27.0,0.0,85.4,110.0,1.1
2024-02-14 10:00:00,28.0,0.0,81.5,50.0,1.5
2024-02-14 11:00:00,29.4,0.0,73.4,55.0,2.4
2024-02-14 12:00:00,27.1,0.0,90.0,41.0,3.2
2024-02-14 13:00:00,26.2,0.4,92.6,316.0,1.2
2024-02-14 14:00:00,28.1,0.0,82.4,231.0,1.9
2024-02-14 15:00:00,29.7,0.0,69.7,65.0,2.7
2024-02-14 16:00:00,29.5,0.0,72.8,60.0,3.1
2024-02-14 17:00:00,26.9,3.6,87.7,139.0,1.9
2024-02-14 18:00:00,26.6,0.0,89.2,180.0,0.9
2024-02-14 19:00:00,27.3,0.0,84.5,77.0,1.1
2024-02-14 20:00:00,26.8,0.0,84.8,44.0,1.5
2024-02-14 21:00:00,26.5,0.0,89.5,80.0,1.0
2024-02-14 22:00:00,26.8,0.0,85.7,47.0,2.4
2024-02-14 23:00:00,26.7,0.0,86.6,69.0,1.4
2024-02-15 00:00:00,27.2,0.0,83.1,44.0,3.3
2024-02-15 01:00:00,27.1,0.0,82.5,42.0,1.8
2024-02-15 02:00:00,27.0,0.0,82.1,35.0,1.4
2024-02-15 03:00:00,26.3,0.0,85.5,33.5,1.2
2024-02-15 04:00:00,26.4,0.0,86.6,32.0,1.2
2024-02-15 05:00:00,26.5,0.0,86.6,22.0,1.4
2024-02-15 06:00:00,26.7,0.0,83.9,35.0,2.3
2024-02-15 07:00:00,26.6,0.0,85.5,29.0,2.6
2024-02-15 08:00:00,26.7,0.0,84.3,47.0,2.1
2024-02-15 09:00:00,27.2,0.0,81.7,38.0,3.0
2024-02-15 10:00:00,27.8,0.0,79.0,44.0,2.6
2024-02-15 11:00:00,27.9,0.0,76.8,49.0,2.2
2024-02-15 12:00:00,28.0,0.0,77.9,46.0,2.4
2024-02-15 13:00:00,26.8,0.0,83.9,47.0,1.4
2024-02-15 14:00:00,27.8,0.0,81.5,89.0,1.7
2024-02-15 15:00:00,29.1,0.2,73.8,46.0,2.5
2024-02-15 16:00:00,29.3,0.0,69.6,77.0,1.9
2024-02-15 17:00:00,29.0,0.0,69.2,53.0,4.0
2024-02-15 18:00:00,28.8,0.0,67.9,52.0,3.5
2024-02-15 19:00:00,28.5,0.0,72.5,59.0,2.9
2024-02-15 20:00:00,27.9,0.0,75.1,46.0,3.2
2024-02-15 21:00:00,27.5,0.0,78.1,49.0,3.0
2024-02-15 22:00:00,27.2,0.0,79.3,45.0,3.0
2024-02-15 23:00:00,27.1,0.0,79.6,28.0,1.4
2024-02-16 00:00:00,27.0,0.0,80.9,47.0,2.7
2024-02-16 01:00:00,27.0,0.0,81.7,57.0,1.4
2024-02-16 02:00:00,26.8,0.0,83.5,14.0,1.9
2024-02-16 03:00:00,26.9,0.0,82.4,17.0,3.1
2024-02-16 04:00:00,26.9,0.0,82.1,28.0,2.3
2024-02-16 05:00:00,26.7,0.0,82.8,232.0,1.2
2024-02-16 06:00:00,26.6,0.0,83.3,187.0,0.9
2024-02-16 07:00:00,26.7,0.0,82.7,31.0,1.9
2024-02-16 08:00:00,26.9,0.0,82.0,48.0,1.5
2024-02-16 09:00:00,27.4,0.0,80.1,44.0,1.4
2024-02-16 10:00:00,28.1,0.0,77.4,48.0,3.0
2024-02-16 11:00:00,29.3,0.0,71.8,42.0,3.8
2024-02-16 12:00:00,29.9,0.0,67.8,38.0,3.6
2024-02-16 13:00:00,31.3,0.0,60.9,47.0,4.1
2024-02-16 14:00:00,31.5,0.0,61.9,48.0,3.7
2024-02-16 15:00:00,30.4,0.0,68.4,46.0,4.6
2024-02-16 16:00:00,29.7,0.0,72.5,38.0,3.9
2024-02-16 17:00:00,31.4,0.0,60.2,53.0,4.6
2024-02-16 18:00:00,30.4,0.0,60.6,57.0,4.3
2024-02-16 19:00:00,30.1,0.0,62.6,52.0,3.6
2024-02-16 20:00:00,28.4,0.0,69.4,58.0,4.1
2024-02-16 21:00:00,27.5,0.0,74.0,61.0,2.0
2024-02-16 22:00:00,27.2,0.0,73.0,56.0,2.0
2024-02-16 23:00:00,27.0,0.0,74.8,46.0,1.4
2024-02-17 00:00:00,26.7,0.0,76.7,42.0,3.2
2024-02-17 01:00:00,26.5,0.0,79.7,23.0,1.8
2024-02-17 02:00:00,26.4,0.0,80.0,19.0,2.1
2024-02-17 03:00:00,26.3,0.0,81.8,344.0,1.0
2024-02-17 04:00:00,26.2,0.0,82.6,161.0,0.9
2024-02-17 05:00:00,26.2,0.0,83.1,17.0,1.7
2024-02-17 06:00:00,26.0,0.0,83.9,42.0,1.5
2024-02-17 07:00:00,25.9,0.0,83.2,13.0,2.8
2024-02-17 08:00:00,26.1,0.0,83.3,16.0,1.8
2024-02-17 09:00:00,26.4,0.0,81.7,29.0,3.3
2024-02-17 10:00:00,27.9,0.0,76.1,48.0,1.7
2024-02-17 11:00:00,29.9,0.0,64.6,35.0,2.9
2024-02-17 12:00:00,30.1,0.0,64.8,49.0,3.8
2024-02-17 13:00:00,31.0,0.0,59.0,54.0,2.7
2024-02-17 14:00:00,31.2,0.0,58.5,60.0,3.1
2024-02-17 15:00:00,31.2,0.0,64.0,45.0,2.7
2024-02-17 16:00:00,30.7,0.0,60.9,50.0,4.1
2024-02-17 17:00:00,30.8,0.0,61.0,50.0,2.6
2024-02-17 18:00:00,29.1,0.0,67.8,44.0,3.7
2024-02-17 19:00:00,28.5,0.0,71.2,52.0,2.0
2024-02-17 20:00:00,28.5,0.0,70.8,53.0,2.3
2024-02-17 21:00:00,28.4,0.0,71.2,60.0,2.6
2024-02-17 22:00:00,28.1,0.0,73.4,59.0,1.9
2024-02-17 23:00:00,27.6,0.0,75.6,54.0,1.7
2024-02-18 00:00:00,27.5,0.0,76.3,56.0,1.7
2024-02-18 01:00:00,27.2,0.0,77.6,71.0,1.7
2024-02-18 02:00:00,26.9,0.0,79.4,63.0,1.4
2024-02-18 03:00:00,26.6,0.0,80.8,191.0,0.9
2024-02-18 04:00:00,26.4,0.0,81.8,146.0,0.8
2024-02-18 05:00:00,26.3,0.0,82.4,136.0,0.9
2024-02-18 06:00:00,26.4,0.0,81.7,112.0,1.1
2024-02-18 07:00:00,26.1,0.0,83.4,173.0,1.2
2024-02-18 08:00:00,26.3,0.0,83.9,34.0,1.9
2024-02-18 09:00:00,26.8,0.0,80.8,39.0,2.4
2024-02-18 10:00:00,27.6,0.0,77.3,15.0,2.8
2024-02-18 11:00:00,29.4,0.0,68.2,57.0,2.3
2024-02-18 12:00:00,30.2,0.0,64.7,49.0,3.4
2024-02-18 13:00:00,31.7,0.0,61.6,20.0,4.4
2024-02-18 14:00:00,31.5,0.0,58.6,31.0,3.3
2024-02-18 15:00:00,31.0,0.0,67.4,216.0,3.0
2024-02-18 16:00:00,30.0,0.0,69.5,81.0,1.3
2024-02-18 17:00:00,28.6,0.0,80.3,292.0,3.1
2024-02-18 18:00:00,28.4,0.0,77.9,76.0,1.4
2024-02-18 19:00:00,27.6,0.0,81.2,244.0,2.0
2024-02-18 20:00:00,29.0,0.0,71.7,62.0,1.3
2024-02-18 21:00:00,28.6,0.0,71.7,122.0,1.2
2024-02-18 22:00:00,28.7,0.0,72.3,50.0,3.1
2024-02-18 23:00:00,28.3,0.0,75.5,55.0,2.5
2024-02-19 00:00:00,27.6,0.0,78.8,104.0,1.0
2024-02-19 01:00:00,27.6,0.0,78.9,91.0,1.6
2024-02-19 02:00:00,27.4,0.0,80.2,72.0,1.6
2024-02-19 03:00:00,27.0,0.0,82.3,98.0,1.3
2024-02-19 04:00:00,26.6,0.0,84.1,97.0,0.9
2024-02-19 05:00:00,26.7,0.0,83.0,55.0,2.3
2024-02-19 06:00:00,26.4,0.0,83.6,91.0,1.1
2024-02-19 07:00:00,26.4,0.0,84.2,36.0,2.0
2024-02-19 08:00:00,26.7,0.0,82.4,170.0,1.1
2024-02-19 09:00:00,27.6,0.0,77.6,55.0,2.0
2024-02-19 10:00:00,28.9,0.0,72.2,82.0,1.9
2024-02-19 11:00:00,29.8,0.0,68.4,48.0,2.9
2024-02-19 12:00:00,31.3,0.0,62.6,9.0,4.2
2024-02-19 13:00:00,31.2,0.0,63.2,45.0,2.7
2024-02-19 14:00:00,31.3,0.0,68.2,221.0,3.5
2024-02-19 15:00:00,30.8,0.0,66.8,217.0,4.2
2024-02-19 16:00:00,30.1,0.0,71.7,214.0,2.8
2024-02-19 17:00:00,29.5,0.0,73.8,260.0,3.1
2024-02-19 18:00:00,27.0,0.0,86.9,30.0,3.3
2024-02-19 19:00:00,27.5,0.0,83.9,93.0,1.5
2024-02-19 20:00:00,27.5,0.0,85.2,256.0,1.2
2024-02-19 21:00:00,27.8,0.0,80.8,100.0,0.9
2024-02-19 22:00:00,27.9,0.0,78.8,66.0,1.3
2024-02-19 23:00:00,28.1,0.0,79.7,55.0,1.9
2024-02-20 00:00:00,27.4,0.0,83.0,70.0,1.8
2024-02-20 01:00:00,27.3,0.0,83.5,114.0,1.2
2024-02-20 02:00:00,26.8,0.0,85.7,105.0,0.9
2024-02-20 03:00:00,26.8,0.0,84.6,116.0,1.4
2024-02-20 04:00:00,26.6,0.0,84.2,191.0,1.2
2024-02-20 05:00:00,26.5,0.0,85.9,60.0,1.2
2024-02-20 06:00:00,26.4,0.0,86.7,255.0,1.3
2024-02-20 07:00:00,26.3,0.0,86.9,39.0,1.2
2024-02-20 08:00:00,26.6,0.0,86.3,27.0,2.3
2024-02-20 09:00:00,27.5,0.0,80.4,44.0,1.8
2024-02-20 10:00:00,28.3,0.0,76.0,40.0,2.7
2024-02-20 11:00:00,29.4,0.0,69.8,32.0,3.2
2024-02-20 12:00:00,30.6,0.0,63.1,38.0,3.1
2024-02-20 13:00:00,31.8,0.0,59.4,11.0,4.3
2024-02-20 14:00:00,29.9,0.0,74.9,240.0,5.1
2024-02-20 15:00:00,31.0,0.0,70.5,245.0,4.9
2024-02-20 16:00:00,31.4,0.0,63.8,263.0,4.3
2024-02-20 17:00:00,31.7,0.0,62.3,182.0,2.0
2024-02-20 18:00:00,31.4,0.0,65.4,212.0,4.3
2024-02-20 19:00:00,30.8,0.0,66.9,100.0,1.6
2024-02-20 20:00:00,30.0,0.0,70.4,45.0,3.1
2024-02-20 21:00:00,29.1,0.0,71.3,59.0,2.3
2024-02-20 22:00:00,28.7,0.0,74.1,77.0,1.7
2024-02-20 23:00:00,28.5,0.0,75.1,57.0,1.4
2024-02-21 00:00:00,28.1,0.0,77.2,63.0,1.6
2024-02-21 01:00:00,27.8,0.0,79.7,59.0,2.4
2024-02-21 02:00:00,27.8,0.0,79.2,51.0,2.5
2024-02-21 03:00:00,27.2,0.0,81.9,40.0,2.1
2024-02-21 04:00:00,27.0,0.0,83.0,145.0,1.3
2024-02-21 05:00:00,26.8,0.0,83.5,103.0,1.3
2024-02-21 06:00:00,26.8,0.0,83.6,43.0,1.5
2024-02-21 07:00:00,26.8,0.0,83.7,94.0,1.0
2024-02-21 08:00:00,26.7,0.0,85.1,46.0,1.7
2024-02-21 09:00:00,27.9,0.0,78.3,301.0,1.6
2024-02-21 10:00:00,28.2,0.0,77.5,33.0,2.2
2024-02-21 11:00:00,29.3,0.0,70.8,37.0,2.9
2024-02-21 12:00:00,30.6,0.0,67.1,37.0,3.0
2024-02-21 13:00:00,32.7,0.0,59.7,10.0,3.9
2024-02-21 14:00:00,30.3,0.0,72.9,264.0,6.4
2024-02-21 15:00:00,30.5,0.0,73.8,257.0,6.6
2024-02-21 16:00:00,31.8,0.0,65.9,260.0,4.7
2024-02-21 17:00:00,32.2,0.0,63.7,253.0,4.7
2024-02-21 18:00:00,25.6,0.2,91.5,280.0,2.0
2024-02-21 19:00:00,27.3,0.0,80.5,189.0,1.0
2024-02-21 20:00:00,26.8,0.0,82.9,153.0,0.9
2024-02-21 21:00:00,27.9,0.0,79.3,58.0,1.7
2024-02-21 22:00:00,27.8,0.0,79.3,73.0,1.2
2024-02-21 23:00:00,27.6,0.0,80.0,71.0,1.1
2024-02-22 00:00:00,27.5,0.0,80.8,87.0,1.1
2024-02-22 01:00:00,27.7,0.0,79.5,54.0,2.0
2024-02-22 02:00:00,27.6,0.0,79.4,58.0,2.4
2024-02-22 03:00:00,27.1,0.0,82.2,104.0,1.1
2024-02-22 04:00:00,26.9,0.0,82.3,136.0,0.9
2024-02-22 05:00:00,27.2,0.0,80.7,62.0,1.7
2024-02-22 06:00:00,26.9,0.0,81.6,106.0,1.1
2024-02-22 07:00:00,26.8,0.0,81.9,163.0,0.8
2024-02-22 08:00:00,27.3,0.0,79.2,159.0,0.8
2024-02-22 09:00:00,28.3,0.0,75.0,150.0,0.9
2024-02-22 10:00:00,29.4,0.0,70.6,352.0,1.7
2024-02-22 11:00:00,29.4,0.0,71.0,44.0,1.6
2024-02-22 12:00:00,30.6,0.0,69.3,287.0,3.0
2024-02-22 13:00:00,30.6,0.0,68.9,273.0,4.8
2024-02-22 14:00:00,30.2,0.0,70.3,260.0,6.3
2024-02-22 15:00:00,31.5,0.0,68.7,247.0,5.5
2024-02-22 16:00:00,31.6,0.0,67.8,258.0,5.2
2024-02-22 17:00:00,31.4,0.0,63.8,219.0,4.5
2024-02-22 18:00:00,26.8,0.0,84.9,40.0,2.2
2024-02-22 19:00:00,27.5,0.0,81.5,115.0,1.0
2024-02-22 20:00:00,27.9,0.0,80.2,173.0,0.8
2024-02-22 21:00:00,28.0,0.0,79.2,182.0,1.0
2024-02-22 22:00:00,28.2,0.0,75.8,54.0,2.5
2024-02-22 23:00:00,27.9,0.0,76.5,54.0,1.5
2024-02-23 00:00:00,27.9,0.0,76.7,56.0,1.9
2024-02-23 01:00:00,27.4,0.0,78.9,83.0,1.1
2024-02-23 02:00:00,27.9,0.0,76.2,44.0,2.6
2024-02-23 03:00:00,27.1,0.0,79.9,62.0,2.1
2024-02-23 04:00:00,26.8,0.0,81.4,54.0,2.0
2024-02-23 05:00:00,26.6,0.0,82.2,260.0,1.1
2024-02-23 06:00:00,26.9,0.0,81.6,124.0,1.2
2024-02-23 07:00:00,27.2,0.0,79.6,79.0,1.3
2024-02-23 08:00:00,27.0,0.0,79.5,88.0,1.0
2024-02-23 09:00:00,27.6,0.0,76.3,68.0,1.3
2024-02-23 10:00:00,29.2,0.0,71.3,70.0,1.9
2024-02-23 11:00:00,29.9,0.0,68.5,40.0,3.4
2024-02-23 12:00:00,30.8,0.0,65.6,33.0,4.1
2024-02-23 13:00:00,31.9,0.0,59.3,7.0,4.5
2024-02-23 14:00:00,32.8,0.0,59.7,330.0,2.8
2024-02-23 15:00:00,29.2,0.0,72.3,170.0,0.8
2024-02-23 16:00:00,28.1,0.0,71.8,124.0,0.9
2024-02-23 17:00:00,27.9,0.0,78.2,136.0,0.6
2024-02-23 18:00:00,29.8,0.0,66.2,247.0,1.8
2024-02-23 19:00:00,28.1,0.0,74.2,113.0,1.0
2024-02-23 20:00:00,26.9,0.0,80.0,71.0,1.8
2024-02-23 21:00:00,27.3,0.0,80.9,136.0,1.2
2024-02-23 22:00:00,28.3,0.0,74.2,50.0,2.8
2024-02-23 23:00:00,28.2,0.0,73.8,61.0,2.5
2024-02-24 00:00:00,27.7,0.0,76.4,49.0,2.4
2024-02-24 01:00:00,27.3,0.0,78.5,189.0,1.1
2024-02-24 02:00:00,27.3,0.0,78.7,202.0,0.8
2024-02-24 03:00:00,27.1,0.0,77.9,60.0,1.7
2024-02-24 04:00:00,26.9,0.0,79.4,131.0,0.9
2024-02-24 05:00:00,26.6,0.0,82.2,148.0,1.3
2024-02-24 06:00:00,26.6,0.0,81.7,31.0,1.5
2024-02-24 07:00:00,26.8,0.0,81.5,22.0,1.6
2024-02-24 08:00:00,26.8,0.0,80.7,186.0,1.1
2024-02-24 09:00:00,27.9,0.0,74.6,51.0,2.8
2024-02-24 10:00:00,28.1,0.0,74.8,47.0,2.5
2024-02-24 11:00:00,29.2,0.0,65.9,48.0,3.2
2024-02-24 12:00:00,30.2,0.0,63.3,61.0,2.6
2024-02-24 13:00:00,31.0,0.0,59.3,41.0,2.6
2024-02-24 14:00:00,29.7,0.0,68.1,212.0,4.2
2024-02-24 15:00:00,28.7,0.4,73.5,267.0,3.4
2024-02-24 16:00:00,30.2,0.0,66.2,203.0,4.0
2024-02-24 17:00:00,29.5,0.0,71.4,59.0,2.2
2024-02-24 18:00:00,30.0,0.0,65.1,285.0,1.3
2024-02-24 19:00:00,29.7,0.0,65.4,134.0,1.1
2024-02-24 20:00:00,29.3,0.0,66.5,60.0,2.0
2024-02-24 21:00:00,28.6,0.0,69.8,51.0,2.5
2024-02-24 22:00:00,27.9,0.0,72.2,75.0,1.0
2024-02-24 23:00:00,27.5,0.0,73.8,90.0,1.2
2024-02-25 00:00:00,27.6,0.0,74.8,55.0,1.6
2024-02-25 01:00:00,27.2,0.0,76.7,71.0,1.5
2024-02-25 02:00:00,27.0,0.0,77.1,64.0,1.9
2024-02-25 03:00:00,26.8,0.0,78.5,64.0,1.7
2024-02-25 04:00:00,27.1,0.0,77.5,53.0,1.7
2024-02-25 05:00:00,26.8,0.0,78.1,61.0,1.7
2024-02-25 06:00:00,26.5,0.0,79.4,62.0,1.8
2024-02-25 07:00:00,26.3,0.0,80.9,42.0,1.8
2024-02-25 08:00:00,26.4,0.0,83.1,29.0,1.7
2024-02-25 09:00:00,27.1,0.0,78.4,31.0,2.1
2024-02-25 10:00:00,28.3,0.0,73.6,42.0,2.4
2024-02-25 11:00:00,30.0,0.0,64.9,60.0,2.1
2024-02-25 12:00:00,30.8,0.0,60.8,36.0,3.3
2024-02-25 13:00:00,31.7,0.0,55.0,28.0,3.9
2024-02-25 14:00:00,33.2,0.0,51.1,22.0,4.2
2024-02-25 15:00:00,33.2,0.0,48.9,9.0,3.3
2024-02-25 16:00:00,34.6,0.0,46.3,32.0,1.9
2024-02-25 17:00:00,33.1,0.0,50.4,35.0,3.5
2024-02-25 18:00:00,32.4,0.0,52.9,29.0,3.9
2024-02-25 19:00:00,31.4,0.0,58.6,51.0,3.5
2024-02-25 20:00:00,30.4,0.0,64.2,54.0,3.8
2024-02-25 21:00:00,29.4,0.0,69.7,50.0,2.2
2024-02-25 22:00:00,28.9,0.0,71.3,54.0,3.5
2024-02-25 23:00:00,28.4,0.0,74.9,58.0,2.0
2024-02-26 00:00:00,28.4,0.0,75.5,53.0,2.2
2024-02-26 01:00:00,27.9,0.0,77.2,68.0,1.9
2024-02-26 02:00:00,27.5,0.0,78.8,55.0,2.1
2024-02-26 03:00:00,27.5,0.0,78.8,55.0,1.9
2024-02-26 04:00:00,27.8,0.0,77.4,54.0,2.4
2024-02-26 05:00:00,27.6,0.0,78.5,62.0,2.4
2024-02-26 06:00:00,27.4,0.0,78.9,55.0,2.0
2024-02-26 07:00:00,27.3,0.0,79.9,68.0,1.7
2024-02-26 08:00:00,27.7,0.0,78.7,57.0,1.8
2024-02-26 09:00:00,28.7,0.0,75.2,56.0,3.6
2024-02-26 10:00:00,29.4,0.0,70.3,57.0,3.1
2024-02-26 11:00:00,30.5,0.0,63.6,49.0,3.7
2024-02-26 12:00:00,31.7,0.0,57.4,55.0,3.7
2024-02-26 13:00:00,32.6,0.0,55.5,40.0,3.8
2024-02-26 14:00:00,32.8,0.0,53.2,1.0,2.7
2024-02-26 15:00:00,33.0,0.0,51.3,35.0,4.4
2024-02-26 16:00:00,32.7,0.0,55.1,44.0,4.9
2024-02-26 17:00:00,32.1,0.0,56.0,42.0,4.3
2024-02-26 18:00:00,32.6,0.0,56.6,42.0,4.4
2024-02-26 19:00:00,30.2,0.0,65.0,66.0,1.5
2024-02-26 20:00:00,29.7,0.0,67.7,53.0,2.8
2024-02-26 21:00:00,28.9,0.0,71.8,62.0,2.2
2024-02-26 22:00:00,28.4,0.0,73.6,63.0,1.6
2024-02-26 23:00:00,28.2,0.0,75.1,80.0,1.3
2024-02-27 00:00:00,27.9,0.0,77.0,143.0,0.8
2024-02-27 01:00:00,28.0,0.0,76.4,48.0,2.2
2024-02-27 02:00:00,27.7,0.0,77.8,59.0,1.5
2024-02-27 03:00:00,27.5,0.0,78.8,51.0,2.4
2024-02-27 04:00:00,27.3,0.0,79.2,116.0,0.9
2024-02-27 05:00:00,27.3,0.0,78.0,42.0,1.9
2024-02-27 06:00:00,27.4,0.0,78.4,52.0,1.9
2024-02-27 07:00:00,27.3,0.0,80.6,39.0,1.6
2024-02-27 08:00:00,27.2,0.0,80.6,24.0,2.4
2024-02-27 09:00:00,27.9,0.0,77.7,47.0,1.4
2024-02-27 10:00:00,28.4,0.0,75.0,38.0,3.0
2024-02-27 11:00:00,29.0,0.0,70.8,54.0,2.5
2024-02-27 12:00:00,29.4,0.0,68.8,54.0,2.6
2024-02-27 13:00:00,29.5,0.0,70.2,50.0,2.1
2024-02-27 14:00:00,28.6,0.0,78.6,207.0,3.5
2024-02-27 15:00:00,30.4,0.0,63.8,49.0,1.4
2024-02-27 16:00:00,30.4,0.0,67.4,56.0,2.0
2024-02-27 17:00:00,28.1,0.0,73.9,24.0,3.3
2024-02-27 18:00:00,28.5,0.0,75.9,11.0,2.3
2024-02-27 19:00:00,29.8,0.0,65.0,62.0,2.5
2024-02-27 20:00:00,28.8,0.0,70.8,50.0,3.8
2024-02-27 21:00:00,28.3,0.0,74.7,52.0,4.1
2024-02-27 22:00:00,27.9,0.0,76.5,99.0,1.3
2024-02-27 23:00:00,27.7,0.0,74.9,83.0,1.4
2024-02-28 00:00:00,27.5,0.0,77.0,69.0,1.4
2024-02-28 01:00:00,27.6,0.0,77.6,74.0,1.2
2024-02-28 02:00:00,27.5,0.0,78.8,43.0,1.6
2024-02-28 03:00:00,27.1,0.0,80.3,42.0,1.4
2024-02-28 04:00:00,27.0,0.0,81.9,46.0,3.3
2024-02-28 05:00:00,27.0,0.0,79.6,37.0,2.0
2024-02-28 06:00:00,26.8,0.0,81.2,50.0,1.8
2024-02-28 07:00:00,26.6,0.0,80.7,152.0,1.0
2024-02-28 08:00:00,27.1,0.0,77.8,91.0,1.0
2024-02-28 09:00:00,28.2,0.0,73.5,54.0,1.7
2024-02-28 10:00:00,29.5,0.0,67.2,57.0,2.5
2024-02-28 11:00:00,30.3,0.0,61.0,55.0,3.7
2024-02-28 12:00:00,30.6,0.0,61.9,41.0,3.9
2024-02-28 13:00:00,31.9,0.0,58.6,40.0,4.8
2024-02-28 14:00:00,30.8,0.0,60.4,48.0,3.0
2024-02-28 15:00:00,32.3,0.0,52.6,39.0,5.1
2024-02-28 16:00:00,33.4,0.0,46.9,42.0,5.4
2024-02-28 17:00:00,32.6,0.0,46.7,36.0,4.8
2024-02-28 18:00:00,32.4,0.0,50.3,26.0,3.9
2024-02-28 19:00:00,30.9,0.0,52.6,71.0,1.9
2024-02-28 20:00:00,29.9,0.0,55.5,51.0,2.3
2024-02-28 21:00:00,29.1,0.0,61.3,61.0,1.3
2024-02-28 22:00:00,28.6,0.0,67.0,64.0,1.5
2024-02-28 23:00:00,27.9,0.0,71.1,59.0,1.9
2024-02-29 00:00:00,27.6,0.0,74.7,42.0,1.5
2024-02-29 01:00:00,27.4,0.0,74.8,41.0,1.5
2024-02-29 02:00:00,27.0,0.0,76.2,49.0,3.6
2024-02-29 03:00:00,26.7,0.0,77.8,40.0,3.2
2024-02-29 04:00:00,26.6,0.0,78.5,37.0,2.6
2024-02-29 05:00:00,26.3,0.0,81.0,14.0,2.4
2024-02-29 06:00:00,26.3,0.0,80.1,28.0,2.2
2024-02-29 07:00:00,26.2,0.0,80.4,40.0,1.9
2024-02-29 08:00:00,26.5,0.0,79.4,52.0,1.6
2024-02-29 09:00:00,27.4,0.0,76.0,36.0,2.3
2024-02-29 10:00:00,28.4,0.0,72.3,41.0,3.8
2024-02-29 11:00:00,30.0,0.0,64.2,45.0,3.4
2024-02-29 12:00:00,31.1,0.0,59.3,36.0,4.2
2024-02-29 13:00:00,32.4,0.0,51.5,31.0,5.0
2024-02-29 14:00:00,33.3,0.0,50.4,16.0,4.6
2024-02-29 15:00:00,34.3,0.0,42.1,29.0,3.7
2024-02-29 16:00:00,31.2,0.0,68.1,253.0,6.4
2024-02-29 17:00:00,30.4,0.0,69.3,282.0,7.9
2024-02-29 18:00:00,30.6,0.0,69.0,274.0,6.2
2024-02-29 19:00:00,30.5,0.0,67.1,282.0,2.3
2024-02-29 20:00:00,29.8,0.0,70.4,4.0,2.4
2024-02-29 21:00:00,29.9,0.0,65.8,56.0,1.9
2024-02-29 22:00:00,29.2,0.0,69.0,78.0,1.3
2024-02-29 23:00:00,28.8,0.0,70.7,65.0,1.0
2024-03-01 00:00:00,28.5,0.0,72.5,46.0,1.5
2024-03-01 01:00:00,28.0,0.0,75.8,104.0,1.0
2024-03-01 02:00:00,27.7,0.0,77.1,200.0,0.8
2024-03-01 03:00:00,27.7,0.0,76.6,177.0,0.8
2024-03-01 04:00:00,27.5,0.0,79.2,37.0,1.5
2024-03-01 05:00:00,27.2,0.0,82.0,24.0,2.0
2024-03-01 06:00:00,27.2,0.0,81.8,22.0,2.0
2024-03-01 07:00:00,27.2,0.0,82.1,15.0,1.7
2024-03-01 08:00:00,27.2,0.0,82.3,68.0,1.4
2024-03-01 09:00:00,28.1,0.0,79.0,67.0,1.5
2024-03-01 10:00:00,29.1,0.0,74.9,46.0,2.5
2024-03-01 11:00:00,30.5,0.0,66.4,49.0,3.2
2024-03-01 12:00:00,31.2,0.0,65.3,41.0,3.6
2024-03-01 13:00:00,32.0,0.0,60.9,20.0,4.5
2024-03-01 14:00:00,32.3,0.0,59.7,12.0,4.3
2024-03-01 15:00:00,29.6,0.0,81.2,252.0,5.0
2024-03-01 16:00:00,27.1,0.0,86.7,275.0,8.8
2024-03-01 17:00:00,25.3,0.4,93.2,265.0,7.9
2024-03-01 18:00:00,24.7,1.0,94.7,266.0,8.5
2024-03-01 19:00:00,25.0,0.0,95.2,224.0,5.0
2024-03-01 20:00:00,25.6,0.0,94.3,69.0,1.4
2024-03-01 21:00:00,26.3,0.0,91.1,204.0,1.2
2024-03-01 22:00:00,26.4,0.0,90.0,166.0,1.0
2024-03-01 23:00:00,26.7,0.0,87.7,130.0,1.0
2024-03-02 00:00:00,27.2,0.0,86.2,9.0,2.5
2024-03-02 01:00:00,27.1,0.0,85.2,114.0,0.9
2024-03-02 02:00:00,27.1,0.0,84.1,102.0,1.0
2024-03-02 03:00:00,27.0,0.0,84.0,98.0,1.2
2024-03-02 04:00:00,27.2,0.0,82.7,45.0,1.6
2024-03-02 05:00:00,26.8,0.0,84.4,41.0,1.9
2024-03-02 06:00:00,26.8,0.0,86.1,21.0,1.7
2024-03-02 07:00:00,26.8,0.0,84.7,28.0,1.4
2024-03-02 08:00:00,27.0,0.0,84.9,12.0,1.4
2024-03-02 09:00:00,27.4,0.0,82.3,14.0,2.9
2024-03-02 10:00:00,27.9,0.0,80.6,29.0,2.8
2024-03-02 11:00:00,29.8,0.0,72.6,42.0,2.5
2024-03-02 12:00:00,30.9,0.0,66.0,26.0,3.5
2024-03-02 13:00:00,32.3,0.0,60.0,37.0,5.0
2024-03-02 14:00:00,30.9,0.0,68.2,30.0,5.4
2024-03-02 15:00:00,28.3,0.0,78.5,68.0,2.3
2024-03-02 16:00:00,27.8,0.0,79.5,47.0,4.4
2024-03-02 17:00:00,26.8,1.0,88.1,28.0,5.0
2024-03-02 18:00:00,26.5,0.2,91.8,35.0,1.6
2024-03-02 19:00:00,27.5,0.0,87.0,13.0,3.1
2024-03-02 20:00:00,27.2,0.0,84.0,45.0,2.9
2024-03-02 21:00:00,27.2,0.0,79.5,44.0,2.0
2024-03-02 22:00:00,27.0,0.0,80.6,64.0,1.4
2024-03-02 23:00:00,26.7,0.0,82.3,51.0,1.2
2024-03-03 00:00:00,26.5,0.0,84.0,149.0,0.9
2024-03-03 01:00:00,26.6,0.0,84.6,80.0,1.1
2024-03-03 02:00:00,26.6,0.0,85.2,153.0,0.9
2024-03-03 03:00:00,26.7,0.0,85.1,145.0,1.1
2024-03-03 04:00:00,26.8,0.0,84.9,135.0,1.0
2024-03-03 05:00:00,26.9,0.0,84.7,159.0,0.8
2024-03-03 06:00:00,26.3,0.0,87.2,99.0,1.2
2024-03-03 07:00:00,26.6,0.0,86.3,83.0,1.7
2024-03-03 08:00:00,25.3,0.0,90.7,78.0,1.3
2024-03-03 09:00:00,25.8,0.0,89.8,62.0,1.5
2024-03-03 10:00:00,25.6,1.0,91.1,48.0,3.2
2024-03-03 11:00:00,25.9,0.0,90.8,55.0,2.1
2024-03-03 12:00:00,27.4,0.0,80.1,66.0,2.0
2024-03-03 13:00:00,28.1,0.0,80.1,48.0,3.1
2024-03-03 14:00:00,28.6,0.0,78.0,46.0,2.6
2024-03-03 15:00:00,29.4,0.0,75.6,41.0,2.8
2024-03-03 16:00:00,29.1,0.0,75.2,65.0,2.0
2024-03-03 17:00:00,25.5,1.0,87.1,48.0,4.2
2024-03-03 18:00:00,25.8,0.0,91.7,307.0,1.7
2024-03-03 19:00:00,26.7,0.0,88.1,351.0,0.9
2024-03-03 20:00:00,26.9,0.0,88.9,72.0,1.2
2024-03-03 21:00:00,27.0,0.0,88.1,214.0,1.0
2024-03-03 22:00:00,27.1,0.0,87.2,85.0,1.0
2024-03-03 23:00:00,27.0,0.0,87.6,132.0,1.0
2024-03-04 00:00:00,26.9,0.0,87.9,37.0,1.2
2024-03-04 01:00:00,26.9,0.0,87.5,56.0,1.0
2024-03-04 02:00:00,26.8,0.0,87.0,275.0,1.1
2024-03-04 03:00:00,26.7,0.0,86.5,74.0,1.1
2024-03-04 04:00:00,26.7,0.0,86.8,18.0,2.4
2024-03-04 05:00:00,26.5,0.0,87.8,10.0,1.9
2024-03-04 06:00:00,26.6,0.0,85.6,22.0,1.4
2024-03-04 07:00:00,26.4,0.0,86.4,32.0,1.2
2024-03-04 08:00:00,26.6,0.0,86.8,27.0,1.3
2024-03-04 09:00:00,27.3,0.0,84.7,33.0,1.4
2024-03-04 10:00:00,28.0,0.0,81.9,17.0,3.0
2024-03-04 11:00:00,29.1,0.0,74.9,30.0,3.0
2024-03-04 12:00:00,30.0,0.0,71.2,33.0,3.3
2024-03-04 13:00:00,29.3,0.0,75.4,35.0,2.9
2024-03-04 14:00:00,30.6,0.0,70.5,59.0,2.7
2024-03-04 15:00:00,26.6,0.2,94.8,352.0,1.7
2024-03-04 16:00:00,26.0,1.2,93.0,337.0,3.6
2024-03-04 17:00:00,26.0,1.8,93.3,210.0,3.1
2024-03-04 18:00:00,25.6,3.8,95.6,244.0,4.0
2024-03-04 19:00:00,24.6,0.0,96.0,322.0,4.6
2024-03-04 20:00:00,25.4,0.2,94.1,292.0,4.4
2024-03-04 21:00:00,26.0,0.0,90.6,255.0,2.9
2024-03-04 22:00:00,25.8,0.0,92.4,196.0,3.0
2024-03-04 23:00:00,25.8,0.0,93.2,236.0,0.7
2024-03-05 00:00:00,25.9,0.4,94.2,268.0,1.3
2024-03-05 01:00:00,25.6,0.2,89.0,353.0,2.5
2024-03-05 02:00:00,25.4,0.0,91.5,212.0,1.2
2024-03-05 03:00:00,25.5,0.0,92.2,270.0,1.6
2024-03-05 04:00:00,25.4,0.0,92.8,150.0,1.0
2024-03-05 05:00:00,25.4,0.0,92.7,218.0,1.2
2024-03-05 06:00:00,25.7,0.0,90.9,198.0,1.6
2024-03-05 07:00:00,26.0,0.0,90.3,222.0,1.0
2024-03-05 08:00:00,26.3,0.0,89.9,215.0,1.1
2024-03-05 09:00:00,27.4,0.0,85.8,130.0,1.0
2024-03-05 10:00:00,27.9,0.0,83.3,62.0,1.1
2024-03-05 11:00:00,29.4,0.0,77.0,42.0,2.0
2024-03-05 12:00:00,29.3,0.0,75.4,28.0,2.5
2024-03-05 13:00:00,29.7,0.0,77.0,232.0,2.7
2024-03-05 14:00:00,30.2,0.0,74.6,251.0,4.6
2024-03-05 15:00:00,26.3,0.2,89.2,20.0,3.2
2024-03-05 16:00:00,24.5,0.6,95.2,264.0,1.6
2024-03-05 17:00:00,24.7,0.0,95.6,305.0,3.7
2024-03-05 18:00:00,25.4,0.0,91.1,159.0,1.3
2024-03-05 19:00:00,26.3,0.0,91.6,34.0,2.4
2024-03-05 20:00:00,25.9,0.0,88.0,50.0,3.4
2024-03-05 21:00:00,25.9,0.0,88.6,65.0,1.8
2024-03-05 22:00:00,25.5,0.0,89.6,227.0,1.0
2024-03-05 23:00:00,25.6,0.0,90.7,69.0,1.3
2024-03-06 00:00:00,25.6,0.0,90.3,187.0,0.7
2024-03-06 01:00:00,25.9,0.0,88.8,136.0,0.5
2024-03-06 02:00:00,26.4,0.0,86.7,318.0,1.8
2024-03-06 03:00:00,26.4,0.0,87.5,50.0,1.6
2024-03-06 04:00:00,26.0,0.0,88.2,45.0,2.1
2024-03-06 05:00:00,26.0,0.0,88.4,26.0,1.6
2024-03-06 06:00:00,26.3,0.0,85.2,35.0,1.8
2024-03-06 07:00:00,25.7,0.0,88.0,24.0,1.8
2024-03-06 08:00:00,25.8,0.0,89.4,28.0,1.5
2024-03-06 09:00:00,26.3,0.0,86.9,31.0,2.1
2024-03-06 10:00:00,27.9,0.0,80.7,25.0,2.8
2024-03-06 11:00:00,29.8,0.0,71.4,40.0,2.6
2024-03-06 12:00:00,30.5,0.0,69.5,304.0,4.4
2024-03-06 13:00:00,29.9,0.0,73.6,269.0,7.5
2024-03-06 14:00:00,29.9,0.0,72.1,258.0,7.5
2024-03-06 15:00:00,30.0,0.0,72.9,259.0,8.3
2024-03-06 16:00:00,29.8,0.0,71.2,254.0,4.6
2024-03-06 17:00:00,27.3,0.0,78.3,230.0,0.8
2024-03-06 18:00:00,26.1,0.0,90.9,51.0,2.6
2024-03-06 19:00:00,26.8,0.0,88.3,109.0,0.7
2024-03-06 20:00:00,26.7,0.0,86.2,65.0,1.6
2024-03-06 21:00:00,26.5,0.0,83.6,203.0,0.7
2024-03-06 22:00:00,27.0,0.0,81.6,193.0,0.7
2024-03-06 23:00:00,27.5,0.0,81.2,139.0,0.8
2024-03-07 00:00:00,27.4,0.0,83.3,102.0,0.9
2024-03-07 01:00:00,27.2,0.0,85.4,296.0,1.3
2024-03-07 02:00:00,27.1,0.0,86.4,275.0,2.3
2024-03-07 03:00:00,27.0,0.0,87.0,9.0,1.5
2024-03-07 04:00:00,26.8,0.0,88.6,345.0,1.2
2024-03-07 05:00:00,26.2,0.0,89.9,222.0,0.9
2024-03-07 06:00:00,26.6,0.0,88.8,247.0,1.0
2024-03-07 07:00:00,26.5,0.0,90.5,281.0,0.9
2024-03-07 08:00:00,26.9,0.0,89.7,57.0,1.2
2024-03-07 09:00:00,27.1,0.0,87.4,57.0,1.7
2024-03-07 10:00:00,28.9,0.0,81.4,72.0,1.5
2024-03-07 11:00:00,29.5,0.0,79.2,17.0,3.2
2024-03-07 12:00:00,31.0,0.0,67.1,30.0,3.9
2024-03-07 13:00:00,32.5,0.0,62.2,23.0,3.9
2024-03-07 14:00:00,31.5,0.0,71.8,281.0,8.2
2024-03-07 15:00:00,31.6,0.0,72.8,252.0,4.9
2024-03-07 16:00:00,26.7,0.2,92.8,337.0,3.1
2024-03-07 17:00:00,26.7,0.0,89.2,296.0,5.8
2024-03-07 18:00:00,27.7,0.0,85.1,125.0,0.9
2024-03-07 19:00:00,27.8,0.0,85.7,48.0,0.8
2024-03-07 20:00:00,27.8,0.0,82.9,163.0,0.7
2024-03-07 21:00:00,27.9,0.0,82.5,112.0,0.7
2024-03-07 22:00:00,28.1,0.0,84.0,197.0,1.3
2024-03-07 23:00:00,27.9,0.0,86.8,183.0,0.5
2024-03-08 00:00:00,28.3,0.0,83.6,207.0,1.0
2024-03-08 01:00:00,28.0,0.0,86.7,88.0,0.9
2024-03-08 02:00:00,27.7,0.0,87.3,48.0,1.8
2024-03-08 03:00:00,27.6,0.0,85.4,34.0,1.9
2024-03-08 04:00:00,27.1,0.0,88.7,26.0,3.1
2024-03-08 05:00:00,26.9,0.0,85.8,288.0,6.4
2024-03-08 06:00:00,27.1,0.0,84.7,59.0,2.6
2024-03-08 07:00:00,27.2,0.0,86.1,298.0,4.6
2024-03-08 08:00:00,27.6,0.0,80.8,298.0,4.4
2024-03-08 09:00:00,27.2,0.0,81.4,311.0,1.7
2024-03-08 10:00:00,27.9,0.0,83.5,309.0,4.3
2024-03-08 11:00:00,27.8,0.0,82.6,303.0,6.2
2024-03-08 12:00:00,28.7,0.0,78.5,57.0,2.2
2024-03-08 13:00:00,29.2,0.0,77.7,294.0,3.4
2024-03-08 14:00:00,28.5,0.0,78.4,203.0,1.9
2024-03-08 15:00:00,29.5,0.0,75.6,294.0,5.3
2024-03-08 16:00:00,29.1,0.0,74.9,298.0,6.0
2024-03-08 17:00:00,28.3,0.0,78.1,296.0,3.4
2024-03-08 18:00:00,27.5,0.0,82.2,26.0,1.5
2024-03-08 19:00:00,27.3,0.0,83.2,58.0,1.5
2024-03-08 20:00:00,27.3,0.0,82.5,190.0,1.2
2024-03-08 21:00:00,27.4,0.0,85.7,120.0,1.0
2024-03-08 22:00:00,27.3,0.0,84.7,113.0,1.0
2024-03-08 23:00:00,27.0,0.0,86.0,93.0,0.9
2024-03-09 00:00:00,26.8,0.0,84.7,203.0,0.6
2024-03-09 01:00:00,26.8,0.0,83.3,91.0,1.2
2024-03-09 02:00:00,26.8,0.0,82.2,170.0,0.7
2024-03-09 03:00:00,26.5,0.0,83.8,200.0,0.6
2024-03-09 04:00:00,26.6,0.0,83.3,107.0,1.0
2024-03-09 05:00:00,26.6,0.0,83.5,68.0,1.3
2024-03-09 06:00:00,26.7,0.0,82.7,70.0,1.3
2024-03-09 07:00:00,26.4,0.0,85.5,55.0,1.9
2024-03-09 08:00:00,26.9,0.0,81.1,74.0,1.4
2024-03-09 09:00:00,28.0,0.0,76.2,84.0,1.4
2024-03-09 10:00:00,28.4,0.0,73.4,38.0,2.0
2024-03-09 11:00:00,29.7,0.0,66.5,71.0,2.2
2024-03-09 12:00:00,30.6,0.0,65.5,50.0,2.8
2024-03-09 13:00:00,32.1,0.0,57.0,14.0,4.4
2024-03-09 14:00:00,30.5,0.0,66.0,207.0,4.3
2024-03-09 15:00:00,30.1,0.0,69.1,226.0,3.9
2024-03-09 16:00:00,29.4,0.0,77.2,210.0,3.0
2024-03-09 17:00:00,28.7,0.0,77.2,255.0,4.0
2024-03-09 18:00:00,28.3,0.0,80.0,198.0,2.8
2024-03-09 19:00:00,28.9,0.0,74.5,190.0,1.6
2024-03-09 20:00:00,28.4,0.0,76.7,189.0,1.8
2024-03-09 21:00:00,29.0,0.0,72.5,136.0,0.7
2024-03-09 22:00:00,28.7,0.0,73.7,174.0,0.7
2024-03-09 23:00:00,28.6,0.0,73.5,170.0,0.7
2024-03-10 00:00:00,28.6,0.0,72.9,49.0,3.6
2024-03-10 01:00:00,27.5,0.0,80.1,60.0,1.5
2024-03-10 02:00:00,27.3,0.0,80.8,38.0,1.7
2024-03-10 03:00:00,27.2,0.0,83.4,16.0,2.0
2024-03-10 04:00:00,27.1,0.0,83.5,11.0,2.4
2024-03-10 05:00:00,26.7,0.0,85.2,10.0,2.8
2024-03-10 06:00:00,26.5,0.0,86.2,12.0,2.7
2024-03-10 07:00:00,26.3,0.0,86.8,67.0,2.1
2024-03-10 08:00:00,26.3,0.0,88.4,70.0,1.9
2024-03-10 09:00:00,26.6,0.0,85.3,42.0,3.6
2024-03-10 10:00:00,27.5,0.0,81.0,37.0,2.2
2024-03-10 11:00:00,29.0,0.0,73.1,28.0,2.4
2024-03-10 12:00:00,29.5,0.0,70.0,40.0,2.1
2024-03-10 13:00:00,29.4,0.0,70.8,31.0,3.4
2024-03-10 14:00:00,28.2,0.0,82.0,17.0,1.9
2024-03-10 15:00:00,29.4,0.0,74.6,296.0,3.5
2024-03-10 16:00:00,27.1,0.2,81.4,49.0,4.5
2024-03-10 17:00:00,26.8,0.0,83.4,281.0,3.7
2024-03-10 18:00:00,27.2,0.0,85.6,217.0,1.4
2024-03-10 19:00:00,27.1,0.0,85.6,283.0,3.6
2024-03-10 20:00:00,26.8,0.0,88.5,183.0,0.6
2024-03-10 21:00:00,27.7,0.0,75.1,53.0,1.6
2024-03-10 22:00:00,27.9,0.0,72.0,50.0,3.0
2024-03-10 23:00:00,27.5,0.0,74.2,55.0,1.3
2024-03-11 00:00:00,27.2,0.0,76.3,99.0,0.9
2024-03-11 01:00:00,27.1,0.0,77.5,45.0,2.1
2024-03-11 02:00:00,27.0,0.0,79.4,37.0,2.4
2024-03-11 03:00:00,26.7,0.0,80.6,39.0,2.2
2024-03-11 04:00:00,26.6,0.0,81.2,46.0,2.6
2024-03-11 05:00:00,26.5,0.0,80.5,32.0,3.0
2024-03-11 06:00:00,26.4,0.0,81.0,38.0,3.1
2024-03-11 07:00:00,26.3,0.0,80.2,43.0,3.1
2024-03-11 08:00:00,26.3,0.0,80.5,27.0,3.2
2024-03-11 09:00:00,26.6,0.0,78.1,45.0,3.1
2024-03-11 10:00:00,27.6,0.0,74.2,43.0,3.7
2024-03-11 11:00:00,28.7,0.0,67.7,41.0,3.5
2024-03-11 12:00:00,29.8,0.0,65.3,39.0,4.1
2024-03-11 13:00:00,31.1,0.0,58.8,40.0,4.4
2024-03-11 14:00:00,32.1,0.0,54.4,15.0,4.6
2024-03-11 15:00:00,32.9,0.0,52.0,7.0,4.2
2024-03-11 16:00:00,31.4,0.0,56.6,41.0,2.5
2024-03-11 17:00:00,29.8,0.0,67.2,297.0,5.1
2024-03-11 18:00:00,29.6,0.0,71.9,297.0,4.7
2024-03-11 19:00:00,29.6,0.0,71.7,302.0,4.0
2024-03-11 20:00:00,29.3,0.0,73.5,292.0,4.1
2024-03-11 21:00:00,29.2,0.0,68.0,14.0,1.9
2024-03-11 22:00:00,28.7,0.0,70.3,49.0,3.2
2024-03-11 23:00:00,28.5,0.0,72.1,51.0,2.9
2024-03-12 00:00:00,28.2,0.0,73.5,48.0,3.5
2024-03-12 01:00:00,28.0,0.0,74.2,44.0,2.7
2024-03-12 02:00:00,27.8,0.0,76.3,45.0,3.0
2024-03-12 03:00:00,27.6,0.0,77.8,43.0,2.9
2024-03-12 04:00:00,27.4,0.0,79.5,16.0,2.9
2024-03-12 05:00:00,27.3,0.0,81.2,23.0,2.8
2024-03-12 06:00:00,27.2,0.0,81.4,17.0,2.1
2024-03-12 07:00:00,27.1,0.0,80.1,41.0,2.6
2024-03-12 08:00:00,27.3,0.0,78.5,45.0,2.8
2024-03-12 09:00:00,27.8,0.0,75.1,41.0,2.5
2024-03-12 10:00:00,28.1,0.0,74.6,48.0,3.8
2024-03-12 11:00:00,30.2,0.0,65.7,46.0,3.6
2024-03-12 12:00:00,30.5,0.0,62.5,31.0,2.8
2024-03-12 13:00:00,31.6,0.0,56.8,324.0,3.8
2024-03-12 14:00:00,33.7,0.0,46.9,5.0,1.9
2024-03-12 15:00:00,33.6,0.0,49.4,33.0,3.2
2024-03-12 16:00:00,32.9,0.0,50.8,354.0,3.2
2024-03-12 17:00:00,30.8,0.0,67.5,264.0,6.6
2024-03-12 18:00:00,31.7,0.0,59.0,16.0,2.9
2024-03-12 19:00:00,30.7,0.0,61.0,45.0,2.8
2024-03-12 20:00:00,30.0,0.0,64.0,51.0,3.8
2024-03-12 21:00:00,29.3,0.0,65.1,51.0,2.4
2024-03-12 22:00:00,28.6,0.0,69.2,60.0,1.3
2024-03-12 23:00:00,28.1,0.0,72.0,47.0,2.4
2024-03-13 00:00:00,27.9,0.0,73.2,47.0,1.7
2024-03-13 01:00:00,27.5,0.0,75.2,47.0,2.6
2024-03-13 02:00:00,27.1,0.0,74.6,51.0,4.3
2024-03-13 03:00:00,26.8,0.0,76.0,53.0,2.4
2024-03-13 04:00:00,26.5,0.0,76.8,47.0,3.5
2024-03-13 05:00:00,26.6,0.0,76.3,48.0,4.3
2024-03-13 06:00:00,26.2,0.0,78.6,41.0,2.8
2024-03-13 07:00:00,26.2,0.0,79.3,52.0,3.4
2024-03-13 08:00:00,26.3,0.0,79.4,49.0,2.7
2024-03-13 09:00:00,27.1,0.0,77.7,43.0,3.8
2024-03-13 10:00:00,28.5,0.0,71.1,51.0,3.9
2024-03-13 11:00:00,29.9,0.0,63.5,49.0,4.4
2024-03-13 12:00:00,31.3,0.0,57.5,34.0,4.0
2024-03-13 13:00:00,32.4,0.0,51.8,23.0,5.1
2024-03-13 14:00:00,33.2,0.0,49.1,21.0,5.0
2024-03-13 15:00:00,33.1,0.0,47.6,10.0,4.4
2024-03-13 16:00:00,33.7,0.0,47.7,29.0,3.6
2024-03-13 17:00:00,34.4,0.0,44.4,55.0,2.3
2024-03-13 18:00:00,33.3,0.0,45.9,12.0,3.8
2024-03-13 19:00:00,32.5,0.0,47.3,289.0,2.4
2024-03-13 20:00:00,30.6,0.0,56.5,181.0,0.8
2024-03-13 21:00:00,29.7,0.0,63.1,87.0,1.1
2024-03-13 22:00:00,28.8,0.0,67.4,111.0,1.2
2024-03-13 23:00:00,28.8,0.0,67.0,55.0,3.0
2024-03-14 00:00:00,28.0,0.0,71.3,49.0,2.7
2024-03-14 01:00:00,27.5,0.0,74.0,46.0,2.9
2024-03-14 02:00:00,27.2,0.0,77.3,54.0,2.2
2024-03-14 03:00:00,27.0,0.0,78.4,49.0,2.6
2024-03-14 04:00:00,26.7,0.0,80.8,54.0,3.5
2024-03-14 05:00:00,26.5,0.0,81.8,53.0,3.5
2024-03-14 06:00:00,26.4,0.0,83.0,53.0,2.9
2024-03-14 07:00:00,26.3,0.0,81.4,50.0,2.6
2024-03-14 08:00:00,26.8,0.0,78.9,46.0,3.1
2024-03-14 09:00:00,27.5,0.0,76.6,40.0,3.1
2024-03-14 10:00:00,28.4,0.0,72.7,36.0,3.6
2024-03-14 11:00:00,29.7,0.0,66.5,46.0,3.6
2024-03-14 12:00:00,31.1,0.0,59.2,39.0,3.4
2024-03-14 13:00:00,32.6,0.0,52.3,26.0,4.9
2024-03-14 14:00:00,30.9,0.0,69.3,278.0,7.8
2024-03-14 15:00:00,32.0,0.0,66.1,254.0,6.0
2024-03-14 16:00:00,31.3,0.0,65.9,245.0,5.3
2024-03-14 17:00:00,31.4,0.0,66.1,245.0,5.5
2024-03-14 18:00:00,30.3,0.0,70.5,253.0,4.1
2024-03-14 19:00:00,30.4,0.0,70.3,280.0,3.1
2024-03-14 20:00:00,30.3,0.0,66.9,51.0,2.0
2024-03-14 21:00:00,29.2,0.0,65.6,48.0,2.2
2024-03-14 22:00:00,28.8,0.0,67.6,55.0,2.1
2024-03-14 23:00:00,28.8,0.0,68.0,53.0,2.6
2024-03-15 00:00:00,28.2,0.0,74.0,55.0,1.9
2024-03-15 01:00:00,27.6,0.0,76.5,11.0,1.3
2024-03-15 02:00:00,27.2,0.0,79.4,43.0,2.1
2024-03-15 03:00:00,27.1,0.0,79.2,8.0,2.6
2024-03-15 04:00:00,27.0,0.0,78.9,13.0,1.7
2024-03-15 05:00:00,26.8,0.0,78.8,14.0,1.5
2024-03-15 06:00:00,26.5,0.0,80.5,194.0,1.0
2024-03-15 07:00:00,26.3,0.0,81.4,82.0,1.1
2024-03-15 08:00:00,26.7,0.0,81.7,6.0,1.8
2024-03-15 09:00:00,27.1,0.0,77.8,42.0,2.5
2024-03-15 10:00:00,28.2,0.0,73.9,20.0,3.0
2024-03-15 11:00:00,29.9,0.0,62.2,47.0,2.8
2024-03-15 12:00:00,31.0,0.0,57.2,44.0,3.2
2024-03-15 13:00:00,31.0,0.0,57.3,44.0,3.0
2024-03-15 14:00:00,32.1,0.0,54.3,8.0,4.6
2024-03-15 15:00:00,32.4,0.0,52.3,341.0,4.7
2024-03-15 16:00:00,31.0,0.0,61.9,204.0,3.4
2024-03-15 17:00:00,30.7,0.0,62.8,202.0,3.7
2024-03-15 18:00:00,31.0,0.0,63.0,211.0,2.5
2024-03-15 19:00:00,30.4,0.0,64.3,103.0,1.0
2024-03-15 20:00:00,29.5,0.0,68.0,53.0,2.4
2024-03-15 21:00:00,28.8,0.0,69.6,61.0,1.7
2024-03-15 22:00:00,28.2,0.0,68.6,71.0,1.1
2024-03-15 23:00:00,28.3,0.0,64.3,75.0,1.3
2024-03-16 00:00:00,27.8,0.0,69.6,97.0,1.0
2024-03-16 01:00:00,27.3,0.0,73.3,187.0,0.9
2024-03-16 02:00:00,27.2,0.0,75.3,172.0,0.7
2024-03-16 03:00:00,27.2,0.0,76.1,175.0,0.9
2024-03-16 04:00:00,26.9,0.0,78.0,131.0,0.9
2024-03-16 05:00:00,26.9,0.0,79.1,63.0,1.4
2024-03-16 06:00:00,26.6,0.0,80.2,165.0,1.2
2024-03-16 07:00:00,26.4,0.0,80.7,145.0,1.2
2024-03-16 08:00:00,26.8,0.0,78.7,101.0,1.4
2024-03-16 09:00:00,27.9,0.0,74.6,93.0,1.3
2024-03-16 10:00:00,29.0,0.0,71.3,20.0,2.1
2024-03-16 11:00:00,29.6,0.0,67.6,35.0,3.2
2024-03-16 12:00:00,31.4,0.0,55.7,23.0,4.5
2024-03-16 13:00:00,32.1,0.0,53.2,9.0,4.7
2024-03-16 14:00:00,34.2,0.0,47.5,310.0,2.9
2024-03-16 15:00:00,31.8,0.0,64.0,261.0,6.1
2024-03-16 16:00:00,32.8,0.0,58.6,228.0,5.4
2024-03-16 17:00:00,32.6,0.0,59.5,220.0,5.0
2024-03-16 18:00:00,32.3,0.0,61.2,216.0,5.8
2024-03-16 19:00:00,29.2,0.0,72.0,61.0,1.9
2024-03-16 20:00:00,29.7,0.0,63.1,59.0,1.4
2024-03-16 21:00:00,29.8,0.0,66.6,57.0,1.8
2024-03-16 22:00:00,29.1,0.0,70.8,63.0,1.7
2024-03-16 23:00:00,28.8,0.0,72.2,54.0,2.9
2024-03-17 00:00:00,28.6,0.0,72.7,59.0,2.6
2024-03-17 01:00:00,28.0,0.0,74.8,56.0,2.2
2024-03-17 02:00:00,27.8,0.0,75.6,50.0,2.1
2024-03-17 03:00:00,27.7,0.0,75.6,98.0,1.1
2024-03-17 04:00:00,27.3,0.0,77.1,41.0,1.9
2024-03-17 05:00:00,26.9,0.0,81.2,44.0,3.1
2024-03-17 06:00:00,26.8,0.0,80.7,9.0,2.7
2024-03-17 07:00:00,26.7,0.0,81.8,8.0,1.2
2024-03-17 08:00:00,26.8,0.0,80.9,19.0,2.5
2024-03-17 09:00:00,27.5,0.0,79.3,14.0,2.3
2024-03-17 10:00:00,28.6,0.0,73.9,30.0,3.0
2024-03-17 11:00:00,30.2,0.0,64.2,45.0,4.0
2024-03-17 12:00:00,31.8,0.0,59.1,36.0,4.6
2024-03-17 13:00:00,33.4,0.0,52.1,31.0,4.6
2024-03-17 14:00:00,33.8,0.0,48.7,17.0,4.3
2024-03-17 15:00:00,33.9,0.0,46.2,15.0,3.5
2024-03-17 16:00:00,31.2,0.0,71.3,238.0,5.0
2024-03-17 17:00:00,30.2,0.0,73.3,266.0,7.1
2024-03-17 18:00:00,28.7,0.0,77.9,285.0,5.5
2024-03-17 19:00:00,29.3,0.0,72.9,246.0,2.1
2024-03-17 20:00:00,29.4,0.0,73.4,260.0,1.1
2024-03-17 21:00:00,29.9,0.0,62.6,58.0,1.7
2024-03-17 22:00:00,29.2,0.0,68.3,51.0,1.6
2024-03-17 23:00:00,28.5,0.0,74.1,51.0,4.0
2024-03-18 00:00:00,28.2,0.0,72.1,51.0,4.0
2024-03-18 01:00:00,27.8,0.0,73.8,44.0,2.2
2024-03-18 02:00:00,27.6,0.0,74.7,48.0,2.1
2024-03-18 03:00:00,27.2,0.0,75.4,45.0,3.2
2024-03-18 04:00:00,27.0,0.0,77.2,53.0,3.5
2024-03-18 05:00:00,26.8,0.0,77.8,52.0,1.6
2024-03-18 06:00:00,26.6,0.0,79.0,43.0,2.1
2024-03-18 07:00:00,26.8,0.0,78.0,92.0,1.3
2024-03-18 08:00:00,27.1,0.0,76.7,109.0,1.2
2024-03-18 09:00:00,27.8,0.0,74.0,50.0,1.6
2024-03-18 10:00:00,28.9,0.0,70.6,43.0,2.9
2024-03-18 11:00:00,30.5,0.0,61.3,34.0,3.3
2024-03-18 12:00:00,31.4,0.0,57.4,14.0,4.4
2024-03-18 13:00:00,33.2,0.0,51.4,13.0,5.0
2024-03-18 14:00:00,33.4,0.0,46.2,14.0,4.9
2024-03-18 15:00:00,32.6,0.0,59.5,253.0,6.0
2024-03-18 16:00:00,32.3,0.0,63.2,252.0,6.9
2024-03-18 17:00:00,32.4,0.0,61.2,237.0,6.7
2024-03-18 18:00:00,31.6,0.0,66.4,233.0,5.2
2024-03-18 19:00:00,31.7,0.0,63.5,28.0,2.0
2024-03-18 20:00:00,30.8,0.0,65.4,153.0,1.0
2024-03-18 21:00:00,27.2,0.8,83.9,43.0,3.3
2024-03-18 22:00:00,28.5,0.0,78.4,54.0,1.8
2024-03-18 23:00:00,28.2,0.0,79.2,76.0,1.4
2024-03-19 00:00:00,27.8,0.0,79.6,71.0,1.1
2024-03-19 01:00:00,28.0,0.0,79.3,99.0,1.1
2024-03-19 02:00:00,28.3,0.0,78.0,59.0,2.3
2024-03-19 03:00:00,27.9,0.0,79.8,61.0,1.3
2024-03-19 04:00:00,27.9,0.0,78.9,58.0,1.9
2024-03-19 05:00:00,27.5,0.0,81.0,102.0,1.1
2024-03-19 06:00:00,27.3,0.0,81.1,129.0,0.9
2024-03-19 07:00:00,27.5,0.0,81.2,105.0,1.3
2024-03-19 08:00:00,27.6,0.0,80.2,139.0,0.9
2024-03-19 09:00:00,28.4,0.0,75.6,74.0,2.5
2024-03-19 10:00:00,29.5,0.0,70.1,41.0,3.2
2024-03-19 11:00:00,30.6,0.0,65.3,39.0,3.6
2024-03-19 12:00:00,30.8,0.0,64.5,36.0,3.4
2024-03-19 13:00:00,32.8,0.0,55.9,12.0,4.6
2024-03-19 14:00:00,32.5,0.0,62.2,274.0,4.7
2024-03-19 15:00:00,32.2,0.0,61.5,229.0,6.3
2024-03-19 16:00:00,29.1,0.0,73.1,98.0,1.3
2024-03-19 17:00:00,29.9,0.0,67.5,46.0,1.3
2024-03-19 18:00:00,29.8,0.0,72.5,168.0,1.0
2024-03-19 19:00:00,29.7,0.0,69.7,156.0,0.8
2024-03-19 20:00:00,29.8,0.0,67.4,58.0,2.8
2024-03-19 21:00:00,29.1,0.0,70.3,52.0,2.3
2024-03-19 22:00:00,28.9,0.0,71.3,66.0,2.1
2024-03-19 23:00:00,28.7,0.0,74.2,100.0,1.2
2024-03-20 00:00:00,28.0,0.0,77.1,290.0,0.8
2024-03-20 01:00:00,28.1,0.0,76.4,149.0,0.9
2024-03-20 02:00:00,27.9,0.0,77.5,92.0,1.2
2024-03-20 03:00:00,27.6,0.0,77.6,76.0,1.2
2024-03-20 04:00:00,27.6,0.0,77.2,78.0,1.4
2024-03-20 05:00:00,27.5,0.0,77.5,61.0,1.8
2024-03-20 06:00:00,27.6,0.0,77.1,96.0,1.5
2024-03-20 07:00:00,27.7,0.0,76.8,66.0,2.4
2024-03-20 08:00:00,28.0,0.0,75.9,53.0,1.9
2024-03-20 09:00:00,28.9,0.0,72.3,63.0,2.6
2024-03-20 10:00:00,30.0,0.0,67.1,56.0,2.3
2024-03-20 11:00:00,31.3,0.0,60.1,43.0,3.7
2024-03-20 12:00:00,31.7,0.0,59.4,27.0,3.9
2024-03-20 13:00:00,31.9,0.0,57.5,24.0,4.5
2024-03-20 14:00:00,33.0,0.0,54.7,22.0,3.9
2024-03-20 15:00:00,33.0,0.0,54.6,41.0,4.7
2024-03-20 16:00:00,33.0,0.0,57.7,43.0,3.9
2024-03-20 17:00:00,32.2,0.0,57.9,23.0,4.4
2024-03-20 18:00:00,31.7,0.0,57.3,44.0,3.7
2024-03-20 19:00:00,30.2,0.0,61.8,59.0,3.4
2024-03-20 20:00:00,29.5,0.0,66.0,63.0,1.9
2024-03-20 21:00:00,29.1,0.0,68.1,45.0,3.7
2024-03-20 22:00:00,28.7,0.0,69.1,79.0,1.7
2024-03-20 23:00:00,28.3,0.0,73.7,134.0,0.8
2024-03-21 00:00:00,28.1,0.0,76.5,58.0,2.0
2024-03-21 01:00:00,28.2,0.0,75.9,56.0,2.7
2024-03-21 02:00:00,28.0,0.0,76.1,77.0,1.7
2024-03-21 03:00:00,27.9,0.0,76.5,119.0,0.9
2024-03-21 04:00:00,27.6,0.0,77.6,84.0,1.5
2024-03-21 05:00:00,27.4,0.0,78.5,130.0,1.1
2024-03-21 06:00:00,27.2,0.0,79.5,138.0,0.9
2024-03-21 07:00:00,27.5,0.0,78.3,98.0,1.2
2024-03-21 08:00:00,27.5,0.0,80.5,293.0,1.5
2024-03-21 09:00:00,27.6,0.0,80.3,19.0,2.5
2024-03-21 10:00:00,29.1,0.0,73.5,94.0,1.3
2024-03-21 11:00:00,30.0,0.0,70.1,51.0,2.3
2024-03-21 12:00:00,32.2,0.0,60.0,268.0,1.8
2024-03-21 13:00:00,32.3,0.0,57.6,9.0,4.1
2024-03-21 14:00:00,29.4,0.0,69.1,31.0,5.4
2024-03-21 15:00:00,29.0,0.0,73.9,298.0,4.5
2024-03-21 16:00:00,30.2,0.0,66.6,27.0,1.9
2024-03-21 17:00:00,30.5,0.0,63.5,47.0,2.6
2024-03-21 18:00:00,30.8,0.0,61.3,176.0,0.9
2024-03-21 19:00:00,30.8,0.0,58.9,66.0,2.1
2024-03-21 20:00:00,30.1,0.0,63.3,77.0,1.2
2024-03-21 21:00:00,29.3,0.0,67.2,64.0,1.6
2024-03-21 22:00:00,28.8,0.0,70.2,110.0,1.1
2024-03-21 23:00:00,28.6,0.0,72.5,75.0,1.6
2024-03-22 00:00:00,28.5,0.0,72.8,59.0,1.9
2024-03-22 01:00:00,28.0,0.0,75.6,74.0,1.6
2024-03-22 02:00:00,28.0,0.0,76.1,64.0,1.2
2024-03-22 03:00:00,27.5,0.0,78.3,60.0,1.7
2024-03-22 04:00:00,27.3,0.0,78.8,41.0,2.1
2024-03-22 05:00:00,27.1,0.0,79.9,164.0,0.8
2024-03-22 06:00:00,27.0,0.0,80.5,138.0,1.0
2024-03-22 07:00:00,26.9,0.0,80.9,143.0,1.0
2024-03-22 08:00:00,27.4,0.0,77.7,89.0,1.1
2024-03-22 09:00:00,28.5,0.0,71.4,62.0,3.0
2024-03-22 10:00:00,29.8,0.0,65.2,52.0,2.9
2024-03-22 11:00:00,30.7,0.0,61.6,30.0,3.1
2024-03-22 12:00:00,30.6,0.0,59.0,27.0,3.8
2024-03-22 13:00:00,32.4,0.0,51.1,22.0,4.7
2024-03-22 14:00:00,33.2,0.0,48.0,6.0,4.7
2024-03-22 15:00:00,33.2,0.0,55.7,216.0,5.2
2024-03-22 16:00:00,32.7,0.0,59.9,219.0,6.6
2024-03-22 17:00:00,31.9,0.0,59.0,114.0,2.7
2024-03-22 18:00:00,31.7,0.0,55.6,35.0,3.0
2024-03-22 19:00:00,31.1,0.0,57.2,49.0,2.2
2024-03-22 20:00:00,30.3,0.0,58.4,52.0,3.5
2024-03-22 21:00:00,29.5,0.0,61.4,89.0,1.7
2024-03-22 22:00:00,29.0,0.0,67.0,144.0,0.9
2024-03-22 23:00:00,28.7,0.0,68.2,170.0,1.0
2024-03-23 00:00:00,28.5,0.0,71.1,183.0,0.9
2024-03-23 01:00:00,28.5,0.0,70.9,177.0,1.0
2024-03-23 02:00:00,27.9,0.0,74.1,193.0,0.8
2024-03-23 03:00:00,28.1,0.0,72.6,114.0,1.3
2024-03-23 04:00:00,27.9,0.0,72.2,70.0,1.4
2024-03-23 05:00:00,27.3,0.0,75.5,107.0,1.0
2024-03-23 06:00:00,27.2,0.0,76.3,175.0,0.8
2024-03-23 07:00:00,27.0,0.0,77.8,200.0,0.9
2024-03-23 08:00:00,27.2,0.0,76.7,163.0,0.8
2024-03-23 09:00:00,28.7,0.0,69.9,238.0,1.0
2024-03-23 10:00:00,29.7,0.0,65.7,57.0,1.7
2024-03-23 11:00:00,30.9,0.0,61.8,50.0,3.7
2024-03-23 12:00:00,31.7,0.0,58.7,28.0,4.2
2024-03-23 13:00:00,32.6,0.0,53.0,6.0,4.9
2024-03-23 14:00:00,32.6,0.0,59.1,223.0,6.5
2024-03-23 15:00:00,33.4,0.0,55.2,209.0,4.5
2024-03-23 16:00:00,33.1,0.0,56.1,203.0,4.6
2024-03-23 17:00:00,32.6,0.0,57.4,197.0,4.9
2024-03-23 18:00:00,32.2,0.0,61.6,193.0,2.6
2024-03-23 19:00:00,31.9,0.0,61.0,210.0,2.1
2024-03-23 20:00:00,31.1,0.0,58.5,144.0,1.0
2024-03-23 21:00:00,30.0,0.0,63.7,141.0,1.0
2024-03-23 22:00:00,29.6,0.0,65.0,121.0,1.1
2024-03-23 23:00:00,29.0,0.0,69.9,123.0,1.0
2024-03-24 00:00:00,28.9,0.0,71.8,179.0,1.0
2024-03-24 01:00:00,28.6,0.0,73.5,179.0,1.0
2024-03-24 02:00:00,28.3,0.0,75.0,137.0,1.1
2024-03-24 03:00:00,28.0,0.0,76.0,133.0,1.0
2024-03-24 04:00:00,27.7,0.0,76.6,142.0,0.8
2024-03-24 05:00:00,27.3,0.0,78.4,221.0,0.8
2024-03-24 06:00:00,27.4,0.0,77.0,201.0,0.8
2024-03-24 07:00:00,27.6,0.0,76.4,190.0,0.9
2024-03-24 08:00:00,27.7,0.0,75.8,190.0,0.8
2024-03-24 09:00:00,28.6,0.0,72.3,187.0,0.8
2024-03-24 10:00:00,29.8,0.0,67.3,26.0,2.6
2024-03-24 11:00:00,31.8,0.0,56.1,17.0,4.4
2024-03-24 12:00:00,32.2,0.0,54.9,10.0,4.2
2024-03-24 13:00:00,32.4,0.0,54.0,28.0,5.5
2024-03-24 14:00:00,32.6,0.0,58.2,221.0,6.0
2024-03-24 15:00:00,31.7,0.0,62.4,193.0,3.5
2024-03-24 16:00:00,33.4,0.0,56.7,191.0,3.4
2024-03-24 17:00:00,32.2,0.0,60.5,182.0,2.6
2024-03-24 18:00:00,30.6,0.0,69.3,169.0,1.7
2024-03-24 19:00:00,28.5,0.0,77.4,69.0,2.8
2024-03-24 20:00:00,29.1,0.0,72.1,48.0,1.7
2024-03-24 21:00:00,29.4,0.0,71.6,93.0,1.3
2024-03-24 22:00:00,29.0,0.0,71.7,155.0,1.0
2024-03-24 23:00:00,28.9,0.0,72.2,89.0,1.3
2024-03-25 00:00:00,28.7,0.0,73.9,112.0,1.2
2024-03-25 01:00:00,28.4,0.0,75.2,129.0,0.9
2024-03-25 02:00:00,28.0,0.0,77.3,175.0,0.8
2024-03-25 03:00:00,27.6,0.0,79.4,113.0,1.0
2024-03-25 04:00:00,27.4,0.0,80.2,115.0,1.0
2024-03-25 05:00:00,27.7,0.0,78.7,64.0,1.7
2024-03-25 06:00:00,27.1,0.0,81.3,185.0,0.9
2024-03-25 07:00:00,27.3,0.0,80.2,73.0,1.4
2024-03-25 08:00:00,27.4,0.0,79.6,200.0,0.9
2024-03-25 09:00:00,28.8,0.0,73.9,52.0,1.5
2024-03-25 10:00:00,29.9,0.0,65.5,47.0,3.4
2024-03-25 11:00:00,30.2,0.0,67.5,30.0,3.6
2024-03-25 12:00:00,31.9,0.0,61.1,31.0,4.5
2024-03-25 13:00:00,32.5,0.0,58.6,359.0,4.7
2024-03-25 14:00:00,32.2,0.0,65.9,256.0,5.5
2024-03-25 15:00:00,32.3,0.0,61.1,203.0,5.9
2024-03-25 16:00:00,32.7,0.0,57.7,199.0,3.3
2024-03-25 17:00:00,32.0,0.0,60.3,149.0,2.2
2024-03-25 18:00:00,32.2,0.0,62.7,2.0,3.2
2024-03-25 19:00:00,29.9,0.0,73.0,39.0,2.4
2024-03-25 20:00:00,31.0,0.0,62.7,47.0,2.1
2024-03-25 21:00:00,30.4,0.0,65.3,84.0,1.5
2024-03-25 22:00:00,29.7,0.0,67.0,60.0,2.5
2024-03-25 23:00:00,29.1,0.0,71.2,163.0,1.1
2024-03-26 00:00:00,29.0,0.0,71.8,62.0,1.4
2024-03-26 01:00:00,28.5,0.0,74.9,155.0,0.9
2024-03-26 02:00:00,28.2,0.0,78.7,130.0,1.0
2024-03-26 03:00:00,28.1,0.0,79.6,149.0,1.0
2024-03-26 04:00:00,27.9,0.0,80.6,107.0,0.9
2024-03-26 05:00:00,27.7,0.0,81.5,102.0,0.9
2024-03-26 06:00:00,27.4,0.0,82.5,209.0,0.7
2024-03-26 07:00:00,27.3,0.0,82.4,189.0,0.7
2024-03-26 08:00:00,28.1,0.0,79.9,210.0,0.7
2024-03-26 09:00:00,29.3,0.0,74.7,53.0,2.0
2024-03-26 10:00:00,30.3,0.0,70.0,43.0,2.4
2024-03-26 11:00:00,32.3,0.0,59.9,314.0,2.0
2024-03-26 12:00:00,33.5,0.0,52.5,137.0,2.2
2024-03-26 13:00:00,34.8,0.0,46.8,124.0,1.2
2024-03-26 14:00:00,31.6,0.0,65.1,283.0,4.4
2024-03-26 15:00:00,34.1,0.0,46.3,342.0,2.4
2024-03-26 16:00:00,35.3,0.0,45.5,46.0,3.2
2024-03-26 17:00:00,34.0,0.0,50.2,42.0,4.7
2024-03-26 18:00:00,33.8,0.0,52.4,32.0,3.8
2024-03-26 19:00:00,32.1,0.0,58.2,49.0,3.5
2024-03-26 20:00:00,31.1,0.0,62.3,48.0,3.0
2024-03-26 21:00:00,30.3,0.0,65.6,64.0,1.9
2024-03-26 22:00:00,30.0,0.0,64.7,53.0,3.6
2024-03-26 23:00:00,29.4,0.0,67.6,60.0,1.4
2024-03-27 00:00:00,28.9,0.0,72.9,64.0,1.2
2024-03-27 01:00:00,28.8,0.0,74.0,67.0,1.7
2024-03-27 02:00:00,28.0,0.0,77.5,109.0,0.8
2024-03-27 03:00:00,27.6,0.0,79.6,152.0,0.7
2024-03-27 04:00:00,27.5,0.0,80.1,189.0,1.3
2024-03-27 05:00:00,27.2,0.0,81.7,73.0,1.3
2024-03-27 06:00:00,27.2,0.0,82.0,26.0,1.4
2024-03-27 07:00:00,26.9,0.0,83.3,17.0,2.8
2024-03-27 08:00:00,27.0,0.0,83.6,18.0,2.0
2024-03-27 09:00:00,27.8,0.0,81.0,210.0,1.4
2024-03-27 10:00:00,29.2,0.0,73.9,40.0,2.7
2024-03-27 11:00:00,30.3,0.0,66.9,20.0,3.2
2024-03-27 12:00:00,31.5,0.0,59.6,19.0,4.8
2024-03-27 13:00:00,32.2,0.0,57.6,14.0,4.5
2024-03-27 14:00:00,31.6,0.0,63.2,209.0,6.0
2024-03-27 15:00:00,33.0,0.0,59.5,208.0,3.6
2024-03-27 16:00:00,32.5,0.0,63.8,218.0,5.8
2024-03-27 17:00:00,31.9,0.0,62.2,219.0,5.4
2024-03-27 18:00:00,31.1,0.0,70.9,291.0,4.1
2024-03-27 19:00:00,30.7,0.0,70.9,299.0,4.6
2024-03-27 20:00:00,30.5,0.0,68.2,149.0,0.8
2024-03-27 21:00:00,30.6,0.0,63.7,140.0,0.9
2024-03-27 22:00:00,30.1,0.0,68.1,87.0,1.6
2024-03-27 23:00:00,30.1,0.0,68.5,63.0,2.1
2024-03-28 00:00:00,29.5,0.0,72.3,70.0,1.4
2024-03-28 01:00:00,29.1,0.0,74.3,138.0,1.0
2024-03-28 02:00:00,28.8,0.0,75.3,180.0,0.8
2024-03-28 03:00:00,28.5,0.0,77.3,118.0,0.8
2024-03-28 04:00:00,28.3,0.0,79.1,56.0,1.7
2024-03-28 05:00:00,28.1,0.0,79.9,11.0,1.5
2024-03-28 06:00:00,27.9,0.0,80.4,145.0,0.8
2024-03-28 07:00:00,27.8,0.0,80.1,175.0,0.7
2024-03-28 08:00:00,28.4,0.0,77.5,150.0,0.8
2024-03-28 09:00:00,29.5,0.0,73.6,138.0,1.1
2024-03-28 10:00:00,30.5,0.0,67.8,33.0,2.9
2024-03-28 11:00:00,32.5,0.0,56.6,269.0,3.0
2024-03-28 12:00:00,32.3,0.0,61.9,279.0,3.8
2024-03-28 13:00:00,30.8,0.0,68.8,205.0,6.0
2024-03-28 14:00:00,27.6,0.4,87.3,289.0,3.5
2024-03-28 15:00:00,28.9,0.0,70.8,178.0,1.2
2024-03-28 16:00:00,31.4,0.0,65.5,147.0,1.8
2024-03-28 17:00:00,31.2,0.0,65.8,140.0,2.4
2024-03-28 18:00:00,29.3,0.0,76.2,56.0,2.5
2024-03-28 19:00:00,29.9,0.0,69.3,45.0,1.7
2024-03-28 20:00:00,29.7,0.0,70.0,161.0,0.6
2024-03-28 21:00:00,29.5,0.0,70.3,166.0,0.6
2024-03-28 22:00:00,29.4,0.0,66.7,68.0,1.2
2024-03-28 23:00:00,28.9,0.0,71.5,197.0,0.7
2024-03-29 00:00:00,28.7,0.0,74.3,149.0,0.7
2024-03-29 01:00:00,28.6,0.0,76.2,192.0,1.0
2024-03-29 02:00:00,28.5,0.0,80.6,308.0,1.4
2024-03-29 03:00:00,28.4,0.0,79.1,234.0,1.0
2024-03-29 04:00:00,28.8,0.0,73.6,161.0,0.8
2024-03-29 05:00:00,28.7,0.0,73.4,174.0,0.9
2024-03-29 06:00:00,28.3,0.0,76.8,164.0,0.9
2024-03-29 07:00:00,28.3,0.0,79.3,162.0,1.1
2024-03-29 08:00:00,28.9,0.0,77.0,167.0,0.7
2024-03-29 09:00:00,29.3,0.0,75.4,201.0,0.7
2024-03-29 10:00:00,30.5,0.0,67.4,198.0,2.6
2024-03-29 11:00:00,31.4,0.0,64.5,276.0,2.0
2024-03-29 12:00:00,32.7,0.0,57.2,164.0,1.9
2024-03-29 13:00:00,33.6,0.0,52.6,150.0,1.9
2024-03-29 14:00:00,33.1,0.0,56.8,165.0,2.1
2024-03-29 15:00:00,33.7,0.0,54.7,162.0,2.3
2024-03-29 16:00:00,34.0,0.0,49.4,145.0,1.7
2024-03-29 17:00:00,33.5,0.0,49.8,137.0,1.7
2024-03-29 18:00:00,32.5,0.0,52.1,193.0,2.3
2024-03-29 19:00:00,31.5,0.0,57.3,146.0,1.7
2024-03-29 20:00:00,31.0,0.0,66.3,145.0,1.0
2024-03-29 21:00:00,31.0,0.0,60.2,154.0,1.0
2024-03-29 22:00:00,30.1,0.0,65.8,182.0,0.9
2024-03-29 23:00:00,29.7,0.0,68.2,151.0,0.9
2024-03-30 00:00:00,29.6,0.0,68.8,160.0,0.8
2024-03-30 01:00:00,29.4,0.0,69.0,165.0,0.8
2024-03-30 02:00:00,29.3,0.0,68.1,162.0,1.1
2024-03-30 03:00:00,29.3,0.0,70.2,168.0,0.8
2024-03-30 04:00:00,29.3,0.0,74.5,173.0,0.9
2024-03-30 05:00:00,29.4,0.0,71.5,167.0,0.7
2024-03-30 06:00:00,29.1,0.0,74.2,161.0,0.6
2024-03-30 07:00:00,28.8,0.0,76.8,273.0,1.5
2024-03-30 08:00:00,28.3,0.0,83.5,9.0,1.8
2024-03-30 09:00:00,28.5,0.0,81.5,294.0,3.8
2024-03-30 10:00:00,29.1,0.0,79.1,287.0,3.6
2024-03-30 11:00:00,30.0,0.0,73.7,297.0,2.8
2024-03-30 12:00:00,30.6,0.0,71.4,278.0,5.6
2024-03-30 13:00:00,31.5,0.0,66.2,294.0,4.6
2024-03-30 14:00:00,34.1,0.0,53.2,26.0,2.2
2024-03-30 15:00:00,33.0,0.0,52.3,1.0,3.3
2024-03-30 16:00:00,32.8,0.0,49.4,158.0,2.8
2024-03-30 17:00:00,29.1,0.0,70.9,4.0,3.7
2024-03-30 18:00:00,27.6,0.0,80.1,76.0,2.7
2024-03-30 19:00:00,27.8,0.0,80.1,20.0,2.0
2024-03-30 20:00:00,27.9,0.0,80.4,17.0,2.0
2024-03-30 21:00:00,28.2,0.0,79.9,225.0,1.4
2024-03-30 22:00:00,28.7,0.0,80.5,37.0,1.4
2024-03-30 23:00:00,29.5,0.0,73.3,59.0,1.5
2024-03-31 00:00:00,29.1,0.0,74.9,179.0,0.8
2024-03-31 01:00:00,28.5,0.0,81.4,122.0,1.1
2024-03-31 02:00:00,28.3,0.0,80.4,105.0,1.3
2024-03-31 03:00:00,28.1,0.0,82.7,358.0,2.7
2024-03-31 04:00:00,28.3,0.0,81.2,10.0,1.8
2024-03-31 05:00:00,27.9,0.0,82.8,241.0,1.7
2024-03-31 06:00:00,27.8,0.0,80.9,89.0,1.3
2024-03-31 07:00:00,27.7,0.0,83.5,49.0,2.3
2024-03-31 08:00:00,27.9,0.0,81.5,17.0,2.2
2024-03-31 09:00:00,28.7,0.0,75.0,24.0,2.4
2024-03-31 10:00:00,29.8,0.0,70.6,290.0,3.1
2024-03-31 11:00:00,30.4,0.0,65.4,280.0,4.7
2024-03-31 12:00:00,30.9,0.0,65.9,260.0,5.9
2024-03-31 13:00:00,30.6,0.0,66.0,250.0,6.4
2024-03-31 14:00:00,31.1,0.0,62.7,271.0,6.8
2024-03-31 15:00:00,31.3,0.0,63.0,273.0,5.3
2024-03-31 16:00:00,31.0,0.0,64.8,284.0,4.4
2024-03-31 17:00:00,30.7,0.0,70.4,7.0,2.0
2024-03-31 18:00:00,31.3,0.0,65.9,288.0,4.1
2024-03-31 19:00:00,28.9,0.0,81.5,142.0,0.9
2024-03-31 20:00:00,28.6,0.0,82.1,250.0,1.2
2024-03-31 21:00:00,28.8,0.0,81.7,7.0,1.7
2024-03-31 22:00:00,28.8,0.0,83.7,10.0,1.5
2024-03-31 23:00:00,28.7,0.0,78.2,237.0,1.0
2024-04-01 00:00:00,28.8,0.0,73.8,52.0,1.5
2024-04-01 01:00:00,28.7,0.0,74.8,57.0,2.0
2024-04-01 02:00:00,28.0,0.0,77.2,169.0,0.8
2024-04-01 03:00:00,28.3,0.0,76.0,78.0,1.2
2024-04-01 04:00:00,27.7,0.0,78.8,169.0,0.8
2024-04-01 05:00:00,28.0,0.0,77.9,173.0,0.8
2024-04-01 06:00:00,28.0,0.0,77.5,220.0,0.8
2024-04-01 07:00:00,27.8,0.0,79.8,310.0,0.9
2024-04-01 08:00:00,27.8,0.0,81.3,85.0,1.1
2024-04-01 09:00:00,28.7,0.0,78.0,123.0,1.3
2024-04-01 10:00:00,30.0,0.0,74.2,27.0,2.7
2024-04-01 11:00:00,30.6,0.0,68.0,12.0,4.0
2024-04-01 12:00:00,31.6,0.0,61.9,6.0,4.2
2024-04-01 13:00:00,32.8,0.0,53.6,350.0,3.7
2024-04-01 14:00:00,31.9,0.0,67.0,249.0,5.2
2024-04-01 15:00:00,31.3,0.0,71.5,248.0,5.1
2024-04-01 16:00:00,29.4,0.2,77.2,16.0,2.5
2024-04-01 17:00:00,31.0,0.0,68.9,216.0,3.0
2024-04-01 18:00:00,30.7,0.0,69.0,180.0,1.0
2024-04-01 19:00:00,30.8,0.0,66.0,155.0,0.7
2024-04-01 20:00:00,30.3,0.0,70.6,174.0,1.1
2024-04-01 21:00:00,30.1,0.0,74.0,170.0,0.9
2024-04-01 22:00:00,29.9,0.0,72.8,166.0,0.9
2024-04-01 23:00:00,29.5,0.0,73.9,154.0,0.9
2024-04-02 00:00:00,29.5,0.0,74.8,158.0,1.0
2024-04-02 01:00:00,29.3,0.0,75.4,162.0,1.0
2024-04-02 02:00:00,29.2,0.0,76.3,174.0,0.8
2024-04-02 03:00:00,28.9,0.0,77.7,176.0,0.7
2024-04-02 04:00:00,28.7,0.0,78.2,175.0,0.9
2024-04-02 05:00:00,28.5,0.0,79.8,159.0,0.7
2024-04-02 06:00:00,28.5,0.0,79.1,154.0,0.8
2024-04-02 07:00:00,28.4,0.0,79.4,160.0,0.7
2024-04-02 08:00:00,28.8,0.0,78.2,215.0,1.6
2024-04-02 09:00:00,29.0,0.0,79.0,43.0,1.6
2024-04-02 10:00:00,29.8,0.0,76.2,268.0,1.7
2024-04-02 11:00:00,30.8,0.0,73.0,293.0,3.4
2024-04-02 12:00:00,33.0,0.0,57.9,245.0,4.2
2024-04-02 13:00:00,32.4,0.0,64.4,249.0,5.8
2024-04-02 14:00:00,32.8,0.0,58.2,254.0,5.4
2024-04-02 15:00:00,33.6,0.0,53.2,242.0,4.8
2024-04-02 16:00:00,32.6,0.0,60.3,251.0,6.1
2024-04-02 17:00:00,32.5,0.0,56.1,254.0,5.2
2024-04-02 18:00:00,32.9,0.0,55.6,247.0,4.4
2024-04-02 19:00:00,32.1,0.0,57.7,203.0,3.9
2024-04-02 20:00:00,30.7,0.0,71.5,143.0,0.9
2024-04-02 21:00:00,30.9,0.0,69.5,157.0,1.1
2024-04-02 22:00:00,30.7,0.0,69.7,161.0,0.9
2024-04-02 23:00:00,30.3,0.0,70.6,159.0,0.7
2024-04-03 00:00:00,30.3,0.0,71.7,169.0,0.9
2024-04-03 01:00:00,30.0,0.0,75.2,165.0,0.7
2024-04-03 02:00:00,29.9,0.0,74.3,161.0,0.8
2024-04-03 03:00:00,29.7,0.0,75.6,172.0,0.8
2024-04-03 04:00:00,29.7,0.0,74.3,154.0,0.9
2024-04-03 05:00:00,29.6,0.0,72.7,159.0,0.8
2024-04-03 06:00:00,29.4,0.0,74.0,161.0,0.8
2024-04-03 07:00:00,29.5,0.0,74.6,161.0,0.9
2024-04-03 08:00:00,29.8,0.0,73.9,163.0,0.7
2024-04-03 09:00:00,30.5,0.0,71.8,222.0,2.5
2024-04-03 10:00:00,30.0,0.0,75.1,26.0,2.6
2024-04-03 11:00:00,29.9,0.0,77.4,207.0,2.1
2024-04-03 12:00:00,30.4,0.0,73.2,264.0,2.4
2024-04-03 13:00:00,29.6,0.0,74.2,163.0,0.6
2024-04-03 14:00:00,31.1,0.0,69.7,253.0,3.8
2024-04-03 15:00:00,32.1,0.0,59.6,267.0,6.1
2024-04-03 16:00:00,29.9,0.0,74.0,41.0,2.6
2024-04-03 17:00:00,29.5,0.0,71.6,184.0,1.2
2024-04-03 18:00:00,30.4,0.0,66.0,26.0,1.6
2024-04-03 19:00:00,30.2,0.0,66.0,92.0,1.1
2024-04-03 20:00:00,29.7,0.0,68.8,179.0,0.7
2024-04-03 21:00:00,29.4,0.0,72.7,21.0,1.2
2024-04-03 22:00:00,28.7,0.0,77.2,44.0,1.2
2024-04-03 23:00:00,28.6,0.0,79.2,21.0,1.5
2024-04-04 00:00:00,28.7,0.0,79.6,321.0,1.3
2024-04-04 01:00:00,28.5,0.0,81.3,17.0,1.4
2024-04-04 02:00:00,28.5,0.0,80.0,14.0,1.0
2024-04-04 03:00:00,28.2,0.0,79.9,31.0,1.7
2024-04-04 04:00:00,27.8,0.0,82.7,44.0,1.8
2024-04-04 05:00:00,27.8,0.0,83.1,2.0,1.9
2024-04-04 06:00:00,27.7,0.0,82.4,27.0,1.6
2024-04-04 07:00:00,27.6,0.0,84.0,204.0,0.9
2024-04-04 08:00:00,28.2,0.0,80.1,284.0,1.1
2024-04-04 09:00:00,29.3,0.0,76.4,51.0,1.2
2024-04-04 10:00:00,29.9,0.0,73.0,29.0,2.6
2024-04-04 11:00:00,31.4,0.0,65.4,24.0,3.7
2024-04-04 12:00:00,31.6,0.0,70.2,286.0,5.2
2024-04-04 13:00:00,31.5,0.0,69.9,261.0,5.4
2024-04-04 14:00:00,31.6,0.0,66.4,259.0,8.0
2024-04-04 15:00:00,30.9,0.0,72.0,259.0,8.5
2024-04-04 16:00:00,31.0,0.0,70.6,246.0,5.3
2024-04-04 17:00:00,30.7,0.0,74.2,238.0,2.4
2024-04-04 18:00:00,31.0,0.0,68.5,215.0,2.3
2024-04-04 19:00:00,29.3,0.0,78.1,98.0,1.2
2024-04-04 20:00:00,29.3,0.0,75.5,46.0,2.5
2024-04-04 21:00:00,28.2,0.0,76.9,136.0,0.8
2024-04-04 22:00:00,28.6,0.0,75.6,230.0,0.7
2024-04-04 23:00:00,28.8,0.0,74.9,252.0,1.6
2024-04-05 00:00:00,28.1,0.0,79.0,339.0,1.5
2024-04-05 01:00:00,28.2,0.0,76.0,211.0,1.5
2024-04-05 02:00:00,27.5,0.0,73.5,103.0,0.9
2024-04-05 03:00:00,27.7,0.0,69.8,142.0,1.0
2024-04-05 04:00:00,27.9,0.0,67.6,123.0,0.9
2024-04-05 05:00:00,28.5,0.0,71.7,283.0,2.3
2024-04-05 06:00:00,28.2,0.0,74.9,19.0,1.8
2024-04-05 07:00:00,27.7,0.0,77.8,58.0,0.6
2024-04-05 08:00:00,28.2,0.0,76.4,249.0,1.3
2024-04-05 09:00:00,29.1,0.0,74.8,315.0,1.5
2024-04-05 10:00:00,29.4,0.0,76.6,33.0,2.8
2024-04-05 11:00:00,30.9,0.0,65.8,15.0,3.9
2024-04-05 12:00:00,32.5,0.0,60.6,24.0,4.1
2024-04-05 13:00:00,33.4,0.0,57.5,26.0,3.8
2024-04-05 14:00:00,31.2,0.0,70.8,272.0,7.0
2024-04-05 15:00:00,32.1,0.0,66.3,254.0,5.8
2024-04-05 16:00:00,33.4,0.0,64.8,236.0,4.0
2024-04-05 17:00:00,32.8,0.0,66.2,246.0,4.5
2024-04-05 18:00:00,32.7,0.0,65.5,222.0,5.7
2024-04-05 19:00:00,31.2,0.0,69.2,188.0,2.7
2024-04-05 20:00:00,31.1,0.0,65.8,193.0,2.3
2024-04-05 21:00:00,30.5,0.0,62.5,146.0,1.0
2024-04-05 22:00:00,29.7,0.0,67.0,167.0,1.1
2024-04-05 23:00:00,29.5,0.0,70.1,169.0,0.9
2024-04-06 00:00:00,29.4,0.0,70.2,128.0,1.0
2024-04-06 01:00:00,29.2,0.0,71.2,160.0,0.9
2024-04-06 02:00:00,28.7,0.0,72.5,188.0,0.6
2024-04-06 03:00:00,28.5,0.0,74.2,203.0,0.8
2024-04-06 04:00:00,28.3,0.0,74.9,160.0,0.7
2024-04-06 05:00:00,28.3,0.0,74.7,195.0,0.8
2024-04-06 06:00:00,28.2,0.0,75.4,180.0,0.7
2024-04-06 07:00:00,28.4,0.0,74.8,315.0,1.0
2024-04-06 08:00:00,28.5,0.0,75.3,243.0,0.9
2024-04-06 09:00:00,29.6,0.0,71.1,58.0,1.3
2024-04-06 10:00:00,31.1,0.0,64.5,342.0,2.5
2024-04-06 11:00:00,32.0,0.0,59.1,90.0,2.0
2024-04-06 12:00:00,34.1,0.0,49.8,51.0,3.4
2024-04-06 13:00:00,33.3,0.0,53.2,22.0,4.1
2024-04-06 14:00:00,32.8,0.0,58.9,296.0,3.9
2024-04-06 15:00:00,32.9,0.0,58.4,190.0,3.2
2024-04-06 16:00:00,32.7,0.0,58.7,186.0,3.2
2024-04-06 17:00:00,32.4,0.0,61.3,173.0,2.5
2024-04-06 18:00:00,31.9,0.0,64.8,167.0,2.4
2024-04-06 19:00:00,31.6,0.0,66.4,154.0,2.0
2024-04-06 20:00:00,31.6,0.0,62.9,90.0,1.2
2024-04-06 21:00:00,30.7,0.0,65.5,76.0,1.6
2024-04-06 22:00:00,30.1,0.0,68.9,141.0,0.9
2024-04-06 23:00:00,30.1,0.0,70.4,139.0,0.9
2024-04-07 00:00:00,29.7,0.0,71.5,170.0,0.8
2024-04-07 01:00:00,29.6,0.0,71.1,119.0,1.1
2024-04-07 02:00:00,29.4,0.0,72.0,150.0,0.9
2024-04-07 03:00:00,29.5,0.0,71.7,77.0,1.2
2024-04-07 04:00:00,29.2,0.0,73.7,56.0,1.3
2024-04-07 05:00:00,28.7,0.0,75.8,155.0,0.8
2024-04-07 06:00:00,28.6,0.0,76.9,108.0,0.9
2024-04-07 07:00:00,28.5,0.0,76.8,112.0,0.8
2024-04-07 08:00:00,28.8,0.0,76.1,130.0,1.0
2024-04-07 09:00:00,29.9,0.0,70.4,38.0,2.3
2024-04-07 10:00:00,31.1,0.0,64.9,25.0,3.6
2024-04-07 11:00:00,32.8,0.0,56.7,327.0,2.2
2024-04-07 12:00:00,34.2,0.0,53.3,22.0,2.6
2024-04-07 13:00:00,32.4,0.0,59.8,14.0,4.4
2024-04-07 14:00:00,34.0,0.0,57.4,241.0,4.5
2024-04-07 15:00:00,33.0,0.0,65.0,247.0,5.6
2024-04-07 16:00:00,27.5,0.6,84.0,219.0,1.9
2024-04-07 17:00:00,29.7,0.0,71.2,261.0,0.9
2024-04-07 18:00:00,30.7,0.0,68.1,70.0,1.3
2024-04-07 19:00:00,30.6,0.0,68.1,145.0,0.8
2024-04-07 20:00:00,30.4,0.0,68.9,159.0,1.0
2024-04-07 21:00:00,30.3,0.0,69.2,51.0,2.3
2024-04-07 22:00:00,29.9,0.0,69.8,66.0,1.4
2024-04-07 23:00:00,29.9,0.0,70.2,46.0,2.2
2024-04-08 00:00:00,29.6,0.0,72.2,185.0,0.7
2024-04-08 01:00:00,29.5,0.0,71.4,174.0,0.8
2024-04-08 02:00:00,29.5,0.0,72.0,161.0,1.0
2024-04-08 03:00:00,29.5,0.0,72.8,172.0,0.7
2024-04-08 04:00:00,29.5,0.0,71.8,152.0,0.8
2024-04-08 05:00:00,29.3,0.0,74.0,195.0,0.8
2024-04-08 06:00:00,29.4,0.0,74.3,159.0,0.8
2024-04-08 07:00:00,29.2,0.0,75.3,245.0,1.4
2024-04-08 08:00:00,29.5,0.0,76.5,207.0,3.0
2024-04-08 09:00:00,30.1,0.0,75.3,232.0,2.7
2024-04-08 10:00:00,30.2,0.0,74.3,285.0,4.1
2024-04-08 11:00:00,30.0,0.0,77.3,279.0,6.9
2024-04-08 12:00:00,28.3,0.0,80.9,297.0,3.9
2024-04-08 13:00:00,29.5,0.0,77.3,281.0,7.0
2024-04-08 14:00:00,30.9,0.0,71.8,277.0,7.5
2024-04-08 15:00:00,29.9,0.0,74.6,273.0,9.39999
2024-04-08 16:00:00,24.9,0.6,92.8,33.0,1.9
2024-04-08 17:00:00,26.9,0.0,87.5,15.0,2.5
2024-04-08 18:00:00,28.2,0.0,80.0,31.0,1.9
2024-04-08 19:00:00,27.9,0.0,82.1,62.0,0.8
2024-04-08 20:00:00,27.9,0.0,83.6,187.0,0.7
2024-04-08 21:00:00,28.7,0.0,80.7,330.0,1.1
2024-04-08 22:00:00,28.5,0.0,84.5,329.0,0.8
2024-04-08 23:00:00,28.6,0.0,81.3,295.0,0.8
2024-04-09 00:00:00,28.5,0.0,80.4,198.0,0.7
2024-04-09 01:00:00,28.4,0.0,80.7,283.0,0.9
2024-04-09 02:00:00,28.0,0.0,79.7,170.0,0.9
2024-04-09 03:00:00,28.4,0.0,76.0,26.0,1.6
2024-04-09 04:00:00,28.2,0.0,80.0,92.0,1.0
2024-04-09 05:00:00,28.0,0.0,81.5,29.0,3.1
2024-04-09 06:00:00,27.6,0.0,82.6,17.0,2.1
2024-04-09 07:00:00,27.3,0.0,85.7,46.0,1.2
2024-04-09 08:00:00,27.8,0.0,83.4,20.0,2.4
2024-04-09 09:00:00,28.7,0.0,80.3,81.0,1.1
2024-04-09 10:00:00,29.5,0.0,75.0,22.0,2.4
2024-04-09 11:00:00,31.6,0.0,66.5,41.0,3.5
2024-04-09 12:00:00,32.3,0.0,63.9,42.0,4.0
2024-04-09 13:00:00,32.3,0.0,62.7,38.0,3.4
2024-04-09 14:00:00,32.4,0.0,68.7,247.0,5.1
2024-04-09 15:00:00,31.4,0.0,69.5,277.0,7.8
2024-04-09 16:00:00,29.8,0.0,78.2,219.0,4.7
2024-04-09 17:00:00,31.0,0.0,70.7,228.0,2.9
2024-04-09 18:00:00,30.7,0.0,73.6,266.0,4.7
2024-04-09 19:00:00,29.4,0.0,79.3,289.0,4.2
2024-04-09 20:00:00,29.7,0.0,75.2,38.0,2.0
2024-04-09 21:00:00,29.2,0.0,80.1,23.0,1.8
2024-04-09 22:00:00,29.0,0.0,80.2,102.0,0.8
2024-04-09 23:00:00,29.0,0.0,77.2,200.0,0.7
2024-04-10 00:00:00,29.0,0.0,77.1,179.0,0.7
2024-04-10 01:00:00,29.1,0.0,78.2,161.0,0.7
2024-04-10 02:00:00,29.0,0.0,78.9,128.0,1.0
2024-04-10 03:00:00,28.8,0.0,81.3,95.0,0.7
2024-04-10 04:00:00,28.7,0.0,80.3,30.0,3.0
2024-04-10 05:00:00,28.5,0.0,82.4,11.0,1.8
2024-04-10 06:00:00,28.2,0.0,83.2,41.0,3.8
2024-04-10 07:00:00,28.2,0.0,84.2,26.0,1.7
2024-04-10 08:00:00,27.5,0.0,84.5,280.0,3.4
2024-04-10 09:00:00,27.3,0.0,83.9,262.0,7.1
2024-04-10 10:00:00,26.9,0.0,86.1,308.0,2.2
2024-04-10 11:00:00,27.9,0.0,81.1,27.0,1.4
2024-04-10 12:00:00,28.4,0.0,81.0,19.0,1.7
2024-04-10 13:00:00,29.1,0.0,78.9,287.0,2.5
2024-04-10 14:00:00,29.1,0.0,75.4,279.0,7.4
2024-04-10 15:00:00,28.5,0.0,81.0,220.0,6.3
2024-04-10 16:00:00,28.2,0.0,86.2,242.0,4.5
2024-04-10 17:00:00,24.9,2.8,93.9,333.0,3.2
2024-04-10 18:00:00,25.6,0.0,95.2,270.0,5.6
2024-04-10 19:00:00,25.9,0.0,95.4,276.0,6.1
2024-04-10 20:00:00,27.2,0.0,86.8,32.0,1.9
2024-04-10 21:00:00,27.5,0.0,84.2,19.0,1.8
2024-04-10 22:00:00,27.3,0.0,85.6,15.0,2.5
2024-04-10 23:00:00,27.2,0.0,85.7,14.0,1.7
2024-04-11 00:00:00,27.6,0.0,84.2,37.0,2.2
2024-04-11 01:00:00,27.1,0.0,85.5,162.0,0.9
2024-04-11 02:00:00,27.5,0.0,84.4,42.0,2.0
2024-04-11 03:00:00,27.0,0.0,86.0,100.0,1.0
2024-04-11 04:00:00,26.7,0.0,88.5,79.0,0.7
2024-04-11 05:00:00,27.1,0.0,84.8,195.0,0.9
2024-04-11 06:00:00,27.2,0.0,84.4,241.0,0.9
2024-04-11 07:00:00,26.7,0.0,87.2,160.0,0.9
2024-04-11 08:00:00,26.7,0.0,86.3,153.0,0.9
2024-04-11 09:00:00,27.2,0.0,84.9,146.0,0.7
2024-04-11 10:00:00,27.6,0.0,86.1,197.0,0.7
2024-04-11 11:00:00,28.7,0.0,82.7,30.0,1.3
2024-04-11 12:00:00,28.0,0.0,84.7,92.0,1.7
2024-04-11 13:00:00,26.2,2.8,91.1,124.0,1.4
2024-04-11 14:00:00,28.7,0.0,83.2,164.0,0.9
2024-04-11 15:00:00,30.8,0.0,69.0,59.0,1.7
2024-04-11 16:00:00,31.2,0.0,64.7,103.0,1.5
2024-04-11 17:00:00,31.3,0.0,64.6,178.0,1.8
2024-04-11 18:00:00,31.4,0.0,59.2,48.0,2.6
2024-04-11 19:00:00,30.7,0.0,64.4,62.0,1.6
2024-04-11 20:00:00,29.8,0.0,69.6,82.0,1.4
2024-04-11 21:00:00,29.2,0.0,73.2,44.0,0.9
2024-04-11 22:00:00,28.9,0.0,75.3,206.0,0.9
2024-04-11 23:00:00,28.9,0.0,77.7,33.0,2.2
2024-04-12 00:00:00,28.8,0.0,76.2,13.0,2.7
2024-04-12 01:00:00,28.4,0.0,78.1,12.0,3.1
2024-04-12 02:00:00,28.1,0.0,79.6,15.0,2.1
2024-04-12 03:00:00,27.8,0.0,81.7,9.0,1.8
2024-04-12 04:00:00,27.7,0.0,83.6,16.0,2.0
2024-04-12 05:00:00,27.0,0.0,87.4,359.0,2.0
2024-04-12 06:00:00,27.3,0.0,85.2,8.0,2.9
2024-04-12 07:00:00,27.0,0.0,87.6,189.0,0.9
2024-04-12 08:00:00,26.9,0.0,87.4,52.0,1.1
2024-04-12 09:00:00,26.8,0.2,88.0,154.0,1.1
2024-04-12 10:00:00,25.5,0.6,94.4,280.0,3.3
2024-04-12 11:00:00,25.0,0.4,94.3,285.0,4.8
2024-04-12 12:00:00,25.2,0.2,92.9,276.0,5.2
2024-04-12 13:00:00,25.5,0.2,91.4,311.0,4.9
2024-04-12 14:00:00,25.7,0.0,90.6,278.0,2.8
2024-04-12 15:00:00,25.7,0.0,89.0,39.0,2.1
2024-04-12 16:00:00,26.0,0.0,87.6,39.0,2.1
2024-04-12 17:00:00,26.5,0.0,83.3,24.0,2.4
2024-04-12 18:00:00,27.0,0.0,80.7,30.0,2.6
2024-04-12 19:00:00,26.8,0.0,80.7,81.0,1.6
2024-04-12 20:00:00,26.5,0.0,81.4,206.0,0.7
2024-04-12 21:00:00,26.5,0.0,82.2,89.0,1.0
2024-04-12 22:00:00,26.5,0.0,83.9,248.0,1.6
2024-04-12 23:00:00,26.9,0.0,81.5,245.0,1.3
2024-04-13 00:00:00,26.5,0.0,82.2,191.0,0.9
2024-04-13 01:00:00,26.6,0.0,81.4,164.0,1.4
2024-04-13 02:00:00,26.3,0.0,85.7,226.0,0.9
2024-04-13 03:00:00,26.4,0.0,86.1,136.0,1.1
2024-04-13 04:00:00,26.6,0.0,85.2,73.0,1.4
2024-04-13 05:00:00,26.3,0.0,85.0,151.0,0.8
2024-04-13 06:00:00,26.6,0.0,83.1,149.0,0.9
2024-04-13 07:00:00,26.5,0.0,83.4,176.0,0.8
2024-04-13 08:00:00,27.4,0.0,81.6,160.0,0.8
2024-04-13 09:00:00,28.8,0.0,76.2,5.0,1.1
2024-04-13 10:00:00,30.3,0.0,69.3,8.0,2.8
2024-04-13 11:00:00,31.6,0.0,66.8,344.0,2.9
2024-04-13 12:00:00,32.2,0.0,60.8,347.0,2.1
2024-04-13 13:00:00,32.9,0.0,61.7,1.0,3.0
2024-04-13 14:00:00,31.6,0.0,71.1,244.0,4.2
2024-04-13 15:00:00,29.4,0.2,80.6,244.0,4.4
2024-04-13 16:00:00,26.8,0.0,92.8,221.0,3.7
2024-04-13 17:00:00,27.3,0.6,92.0,277.0,4.8
2024-04-13 18:00:00,27.7,0.0,85.7,284.0,8.8
2024-04-13 19:00:00,25.9,4.2,93.9,27.0,5.1
2024-04-13 20:00:00,24.4,0.0,95.2,252.0,7.5
2024-04-13 21:00:00,24.9,0.0,94.8,230.0,5.3
2024-04-13 22:00:00,25.7,0.0,89.1,267.0,1.1
2024-04-13 23:00:00,25.8,0.0,91.1,295.0,0.5
2024-04-14 00:00:00,26.9,0.0,86.6,321.0,1.5
2024-04-14 01:00:00,26.8,0.0,87.1,200.0,0.8
2024-04-14 02:00:00,27.1,0.0,86.9,211.0,1.1
2024-04-14 03:00:00,27.8,0.0,83.6,274.0,2.0
2024-04-14 04:00:00,27.5,0.0,86.8,237.0,0.9
2024-04-14 05:00:00,27.5,0.0,87.1,249.0,1.4
2024-04-14 06:00:00,27.2,0.0,88.1,192.0,0.7
2024-04-14 07:00:00,27.9,0.0,83.5,49.0,2.5
2024-04-14 08:00:00,27.5,0.0,85.4,120.0,0.9
2024-04-14 09:00:00,28.8,0.0,77.8,200.0,0.8
2024-04-14 10:00:00,29.9,0.0,74.7,257.0,1.9
2024-04-14 11:00:00,30.4,0.0,75.3,324.0,2.3
2024-04-14 12:00:00,30.2,0.0,75.2,87.0,2.1
2024-04-14 13:00:00,29.8,0.0,76.4,223.0,2.7
2024-04-14 14:00:00,29.9,0.0,74.3,197.0,3.3
2024-04-14 15:00:00,29.1,0.0,77.4,130.0,1.1
2024-04-14 16:00:00,29.7,0.0,74.9,106.0,1.0
2024-04-14 17:00:00,30.2,0.0,73.1,67.0,1.6
2024-04-14 18:00:00,29.8,0.0,73.8,119.0,1.1
2024-04-14 19:00:00,29.0,0.0,77.1,198.0,0.9
2024-04-14 20:00:00,28.7,0.0,77.4,145.0,1.2
2024-04-14 21:00:00,28.4,0.0,81.6,58.0,2.0
2024-04-14 22:00:00,28.6,0.0,78.3,48.0,2.1
2024-04-14 23:00:00,28.2,0.0,81.2,143.0,0.8
2024-04-15 00:00:00,28.1,0.0,81.9,143.0,0.7
2024-04-15 01:00:00,28.0,0.0,82.7,168.0,0.6
2024-04-15 02:00:00,28.3,0.0,81.2,258.0,0.9
2024-04-15 03:00:00,28.1,0.0,81.8,89.0,1.0
2024-04-15 04:00:00,27.9,0.0,83.3,328.0,0.7
2024-04-15 05:00:00,27.8,0.0,83.9,251.0,0.8
2024-04-15 06:00:00,27.9,0.0,84.1,249.0,1.1
2024-04-15 07:00:00,26.7,0.0,86.8,197.0,1.1
2024-04-15 08:00:00,27.0,0.0,82.6,68.0,1.0
2024-04-15 09:00:00,28.5,0.0,81.2,169.0,0.6
2024-04-15 10:00:00,29.5,0.0,76.4,105.0,1.2
2024-04-15 11:00:00,29.9,0.0,74.2,66.0,1.3
2024-04-15 12:00:00,31.3,0.0,70.9,24.0,3.0
2024-04-15 13:00:00,31.5,0.0,69.9,24.0,3.7
2024-04-15 14:00:00,30.9,0.0,71.1,46.0,3.3
2024-04-15 15:00:00,31.0,0.0,72.4,222.0,4.1
2024-04-15 16:00:00,31.1,0.0,68.2,194.0,3.3
2024-04-15 17:00:00,26.7,0.4,94.9,246.0,6.4
2024-04-15 18:00:00,28.9,0.0,85.7,193.0,2.5
2024-04-15 19:00:00,29.1,0.0,81.7,194.0,1.8
2024-04-15 20:00:00,28.1,0.0,83.4,110.0,1.4
2024-04-15 21:00:00,28.2,0.0,86.3,7.0,2.8
2024-04-15 22:00:00,27.8,0.0,86.6,215.0,1.0
2024-04-15 23:00:00,28.8,0.0,79.8,53.0,1.7
2024-04-16 00:00:00,28.6,0.0,80.7,135.0,0.9
2024-04-16 01:00:00,28.8,0.0,80.0,150.0,0.8
2024-04-16 02:00:00,28.7,0.0,80.3,173.0,0.6
2024-04-16 03:00:00,28.7,0.0,80.2,215.0,0.9
2024-04-16 04:00:00,28.5,0.0,79.1,125.0,1.0
2024-04-16 05:00:00,28.2,0.0,82.0,170.0,0.7
2024-04-16 06:00:00,28.1,0.0,85.2,48.0,1.2
2024-04-16 07:00:00,28.1,0.0,86.6,13.0,1.2
2024-04-16 08:00:00,27.6,0.2,89.8,221.0,1.4
2024-04-16 09:00:00,28.0,0.0,87.0,168.0,1.2
2024-04-16 10:00:00,28.9,0.0,80.1,147.0,0.7
2024-04-16 11:00:00,29.1,0.0,78.9,229.0,0.8
2024-04-16 12:00:00,29.7,0.0,76.5,356.0,0.8
2024-04-16 13:00:00,29.7,0.0,76.6,171.0,0.9
2024-04-16 14:00:00,29.1,0.0,75.1,51.0,3.0
2024-04-16 15:00:00,28.5,0.0,77.1,89.0,1.4
2024-04-16 16:00:00,28.6,0.0,75.6,151.0,0.8
2024-04-16 17:00:00,27.9,0.0,80.1,143.0,0.7
2024-04-16 18:00:00,28.3,0.0,77.0,160.0,0.8
2024-04-16 19:00:00,28.4,0.0,78.7,168.0,1.0
2024-04-16 20:00:00,28.2,0.0,80.4,166.0,0.5
2024-04-16 21:00:00,28.4,0.0,80.1,220.0,1.0
2024-04-16 22:00:00,28.2,0.0,81.1,268.0,1.0
2024-04-16 23:00:00,27.9,0.0,82.8,194.0,0.7
2024-04-17 00:00:00,28.0,0.0,83.4,94.0,1.2
2024-04-17 01:00:00,27.5,0.0,86.1,177.0,0.6
2024-04-17 02:00:00,27.7,0.0,84.5,260.0,1.1
2024-04-17 03:00:00,27.4,0.0,85.1,200.0,0.5
2024-04-17 04:00:00,27.6,0.0,83.5,54.0,1.0
2024-04-17 05:00:00,27.5,0.0,84.2,250.0,0.5
2024-04-17 06:00:00,27.3,0.0,86.3,26.0,1.3
2024-04-17 07:00:00,27.6,0.0,80.6,243.0,3.0
2024-04-17 08:00:00,27.7,0.0,82.9,230.0,2.2
2024-04-17 09:00:00,28.5,0.0,75.2,281.0,4.3
2024-04-17 10:00:00,26.2,0.8,90.8,277.0,19.2
2024-04-17 11:00:00,25.2,1.0,90.6,276.0,12.5
2024-04-17 12:00:00,26.5,0.2,86.5,278.0,6.8
2024-04-17 13:00:00,27.7,0.0,85.2,302.0,3.7
2024-04-17 14:00:00,28.8,0.0,76.5,288.0,3.2
2024-04-17 15:00:00,29.7,0.0,73.3,270.0,3.1
2024-04-17 16:00:00,30.1,0.0,70.0,251.0,2.9
2024-04-17 17:00:00,30.7,0.0,66.6,267.0,3.5
2024-04-17 18:00:00,30.3,0.0,66.7,224.0,3.4
2024-04-17 19:00:00,30.2,0.0,65.4,212.0,3.4
2024-04-17 20:00:00,29.2,0.0,65.7,105.0,0.5
2024-04-17 21:00:00,29.5,0.0,73.2,269.0,1.2
2024-04-17 22:00:00,28.5,0.0,82.1,56.0,2.1
2024-04-17 23:00:00,28.2,0.0,81.1,32.0,1.8
2024-04-18 00:00:00,27.8,0.0,84.4,55.0,1.8
2024-04-18 01:00:00,27.7,0.0,82.6,77.0,1.9
2024-04-18 02:00:00,27.6,0.0,85.2,38.0,1.3
2024-04-18 03:00:00,27.6,0.0,84.3,20.0,1.6
2024-04-18 04:00:00,27.4,0.0,85.2,42.0,1.0
2024-04-18 05:00:00,27.4,0.0,84.5,52.0,1.5
2024-04-18 06:00:00,27.2,0.0,85.3,43.0,1.5
2024-04-18 07:00:00,27.2,0.0,85.2,75.0,1.0
2024-04-18 08:00:00,27.1,0.0,85.4,48.0,2.3
2024-04-18 09:00:00,28.3,0.0,80.7,24.0,1.4
2024-04-18 10:00:00,28.8,0.0,77.4,216.0,1.8
2024-04-18 11:00:00,29.8,0.0,75.2,226.0,2.7
2024-04-18 12:00:00,30.1,0.0,75.1,245.0,3.6
2024-04-18 13:00:00,30.8,0.0,71.7,256.0,6.1
2024-04-18 14:00:00,32.5,0.0,65.3,244.0,4.7
2024-04-18 15:00:00,32.9,0.0,58.7,235.0,4.0
2024-04-18 16:00:00,32.4,0.0,55.3,211.0,5.3
2024-04-18 17:00:00,32.9,0.0,60.7,235.0,4.3
2024-04-18 18:00:00,31.7,0.0,59.2,213.0,2.8
2024-04-18 19:00:00,31.2,0.0,62.1,195.0,2.4
2024-04-18 20:00:00,30.4,0.0,70.7,198.0,2.5
2024-04-18 21:00:00,30.3,0.0,71.3,198.0,2.9
2024-04-18 22:00:00,30.1,0.0,71.8,183.0,1.5
2024-04-18 23:00:00,30.1,0.0,70.7,213.0,1.4
2024-04-19 00:00:00,29.4,0.0,77.7,39.0,0.7
2024-04-19 01:00:00,29.2,0.0,79.3,16.0,1.0
2024-04-19 02:00:00,28.7,0.0,81.2,111.0,0.8
2024-04-19 03:00:00,28.7,0.0,81.9,20.0,1.5
2024-04-19 04:00:00,28.1,0.0,81.7,72.0,1.1
2024-04-19 05:00:00,28.6,0.0,73.1,272.0,2.9
2024-04-19 06:00:00,27.9,0.0,79.9,159.0,0.6
2024-04-19 07:00:00,26.8,4.2,91.0,224.0,2.9
2024-04-19 08:00:00,26.8,0.0,94.7,315.0,2.3
2024-04-19 09:00:00,27.9,0.0,86.1,63.0,1.0
2024-04-19 10:00:00,28.8,0.0,82.9,271.0,4.0
2024-04-19 11:00:00,29.4,0.0,80.6,245.0,2.6
2024-04-19 12:00:00,30.2,0.0,76.5,255.0,4.9
2024-04-19 13:00:00,31.5,0.0,71.3,253.0,5.2
2024-04-19 14:00:00,31.7,0.0,69.3,258.0,5.6
2024-04-19 15:00:00,31.7,0.0,64.6,259.0,5.1
2024-04-19 16:00:00,32.0,0.0,64.5,251.0,5.1
2024-04-19 17:00:00,32.9,0.0,55.5,212.0,4.6
2024-04-19 18:00:00,32.1,0.0,60.3,183.0,2.2
2024-04-19 19:00:00,30.7,0.0,69.7,191.0,1.9
2024-04-19 20:00:00,30.6,0.0,70.9,185.0,1.8
2024-04-19 21:00:00,30.4,0.0,72.5,180.0,1.3
2024-04-19 22:00:00,30.1,0.0,75.9,186.0,1.1
2024-04-19 23:00:00,29.9,0.0,77.1,190.0,1.2
2024-04-20 00:00:00,29.7,0.0,76.8,183.0,0.9
2024-04-20 01:00:00,29.6,0.0,77.6,289.0,1.7
2024-04-20 02:00:00,29.2,0.0,80.9,45.0,0.7
2024-04-20 03:00:00,28.8,0.0,85.0,359.0,1.7
2024-04-20 04:00:00,28.7,0.0,81.4,175.0,0.7
2024-04-20 05:00:00,28.5,0.0,83.0,168.0,0.8
2024-04-20 06:00:00,28.4,0.0,83.6,209.0,0.9
2024-04-20 07:00:00,28.4,0.0,84.2,22.0,1.1
2024-04-20 08:00:00,28.3,0.0,84.4,27.0,2.5
2024-04-20 09:00:00,26.2,1.8,92.4,294.0,10.4
2024-04-20 10:00:00,26.3,0.0,92.7,237.0,2.6
2024-04-20 11:00:00,28.4,0.0,79.6,280.0,4.9
2024-04-20 12:00:00,29.4,0.0,76.2,274.0,5.2
2024-04-20 13:00:00,29.7,0.0,75.5,256.0,5.5
2024-04-20 14:00:00,30.0,0.0,71.6,269.0,6.7
2024-04-20 15:00:00,30.2,0.0,72.8,262.0,5.3
2024-04-20 16:00:00,31.0,0.0,72.0,251.0,4.5
2024-04-20 17:00:00,30.2,0.0,75.9,259.0,5.6
2024-04-20 18:00:00,29.2,0.0,78.0,58.0,2.2
2024-04-20 19:00:00,28.1,0.2,85.2,168.0,0.6
2024-04-20 20:00:00,27.7,0.0,87.8,208.0,1.0
2024-04-20 21:00:00,28.3,0.0,83.0,195.0,1.4
2024-04-20 22:00:00,29.2,0.0,78.9,234.0,4.7
2024-04-20 23:00:00,28.9,0.0,81.7,262.0,5.1
2024-04-21 00:00:00,28.7,0.0,81.9,215.0,4.3
2024-04-21 01:00:00,28.7,0.0,80.5,253.0,5.0
2024-04-21 02:00:00,28.6,0.0,81.8,222.0,3.2
2024-04-21 03:00:00,28.4,0.0,82.4,224.0,3.9
2024-04-21 04:00:00,28.5,0.0,80.7,253.0,3.2
2024-04-21 05:00:00,28.6,0.0,82.3,252.0,3.6
2024-04-21 06:00:00,28.3,0.0,80.8,241.0,2.7
2024-04-21 07:00:00,28.5,0.0,80.0,258.0,3.2
2024-04-21 08:00:00,28.7,0.0,78.7,265.0,2.2
2024-04-21 09:00:00,29.0,0.0,76.1,297.0,3.2
2024-04-21 10:00:00,29.8,0.0,72.4,292.0,3.0
2024-04-21 11:00:00,30.4,0.0,70.4,291.0,3.1
2024-04-21 12:00:00,31.1,0.0,69.8,275.0,4.2
2024-04-21 13:00:00,31.3,0.0,69.8,264.0,5.3
2024-04-21 14:00:00,32.5,0.0,66.8,243.0,5.0
2024-04-21 15:00:00,32.1,0.0,67.1,253.0,5.4
2024-04-21 16:00:00,31.9,0.0,68.5,256.0,5.0
2024-04-21 17:00:00,31.7,0.0,66.1,254.0,4.5
2024-04-21 18:00:00,31.4,0.0,65.4,268.0,1.6
2024-04-21 19:00:00,29.3,0.0,73.7,69.0,1.8
2024-04-21 20:00:00,29.5,0.0,70.7,313.0,1.1
2024-04-21 21:00:00,29.4,0.0,73.8,177.0,1.2
2024-04-21 22:00:00,29.5,0.0,75.6,225.0,1.7
2024-04-21 23:00:00,29.2,0.0,77.5,15.0,1.2
2024-04-22 00:00:00,28.8,0.0,82.4,48.0,1.9
2024-04-22 01:00:00,28.6,0.0,83.2,41.0,1.7
2024-04-22 02:00:00,28.5,0.0,82.3,212.0,0.8
2024-04-22 03:00:00,28.8,0.0,81.5,340.0,1.2
2024-04-22 04:00:00,28.3,0.0,84.0,18.0,0.6
2024-04-22 05:00:00,28.1,0.0,85.0,128.0,0.4
2024-04-22 06:00:00,28.5,0.0,83.8,249.0,2.1
2024-04-22 07:00:00,28.2,0.0,87.2,4.0,2.3
2024-04-22 08:00:00,28.2,0.0,86.1,27.0,1.5
2024-04-22 09:00:00,28.5,0.0,83.5,342.0,1.0
2024-04-22 10:00:00,29.2,0.0,81.4,303.0,2.5
2024-04-22 11:00:00,30.0,0.0,76.3,275.0,2.3
2024-04-22 12:00:00,30.0,0.0,74.0,238.0,2.9
2024-04-22 13:00:00,28.6,0.0,80.5,172.0,0.8
2024-04-22 14:00:00,30.5,0.0,76.0,223.0,3.7
2024-04-22 15:00:00,32.0,0.0,72.4,239.0,4.8
2024-04-22 16:00:00,31.2,0.0,72.3,219.0,4.5
2024-04-22 17:00:00,29.4,0.0,76.8,84.0,2.6
2024-04-22 18:00:00,30.0,0.0,76.2,205.0,1.7
2024-04-22 19:00:00,30.2,0.0,73.0,218.0,2.1
2024-04-22 20:00:00,29.7,0.0,76.1,193.0,1.1
2024-04-22 21:00:00,29.8,0.0,77.6,202.0,3.2
2024-04-22 22:00:00,29.5,0.0,81.9,201.0,2.8
2024-04-22 23:00:00,29.5,0.0,80.0,194.0,2.1
2024-04-23 00:00:00,29.4,0.0,78.9,176.0,1.1
2024-04-23 01:00:00,29.8,0.0,79.6,220.0,1.3
2024-04-23 02:00:00,28.9,0.0,84.3,336.0,2.1
2024-04-23 03:00:00,28.7,0.0,84.7,219.0,1.2
2024-04-23 04:00:00,28.6,0.0,85.1,181.0,1.0
2024-04-23 05:00:00,28.7,0.0,85.4,350.0,1.5
2024-04-23 06:00:00,26.7,0.2,91.9,265.0,2.2
2024-04-23 07:00:00,26.9,0.0,90.0,164.0,1.0
2024-04-23 08:00:00,28.2,0.0,88.7,219.0,2.2
2024-04-23 09:00:00,28.8,0.0,86.7,81.0,0.7
2024-04-23 10:00:00,29.3,0.0,85.1,273.0,0.9
2024-04-23 11:00:00,28.5,0.4,87.9,176.0,1.3
2024-04-23 12:00:00,29.1,0.0,75.4,36.0,1.1
2024-04-23 13:00:00,30.7,0.0,76.5,292.0,3.6
2024-04-23 14:00:00,31.2,0.0,75.8,268.0,6.1
2024-04-23 15:00:00,30.4,0.0,76.3,230.0,2.7
2024-04-23 16:00:00,31.7,0.0,68.2,241.0,4.1
2024-04-23 17:00:00,31.4,0.0,71.6,261.0,4.7
2024-04-23 18:00:00,31.3,0.0,73.0,218.0,4.1
2024-04-23 19:00:00,30.6,0.0,71.8,193.0,2.3
2024-04-23 20:00:00,30.3,0.0,70.0,197.0,3.0
2024-04-23 21:00:00,30.0,0.0,75.2,193.0,2.5
2024-04-23 22:00:00,30.0,0.0,76.2,166.0,0.9
2024-04-23 23:00:00,29.9,0.0,76.0,167.0,0.7
2024-04-24 00:00:00,28.8,0.0,82.6,38.0,1.7
2024-04-24 01:00:00,28.7,0.0,82.0,30.0,1.2
2024-04-24 02:00:00,28.8,0.0,82.5,28.0,1.1
2024-04-24 03:00:00,28.7,0.0,83.2,19.0,1.5
2024-04-24 04:00:00,27.9,0.0,88.7,14.0,0.6
2024-04-24 05:00:00,27.6,0.0,86.1,90.0,1.1
2024-04-24 06:00:00,27.8,0.0,85.6,174.0,0.8
2024-04-24 07:00:00,27.9,0.0,87.3,40.0,0.9
2024-04-24 08:00:00,26.4,0.4,82.9,179.0,1.0
2024-04-24 09:00:00,27.8,0.0,86.7,195.0,2.0
2024-04-24 10:00:00,29.5,0.0,77.9,199.0,3.3
2024-04-24 11:00:00,30.3,0.0,69.7,159.0,2.2
2024-04-24 12:00:00,30.0,0.0,74.3,188.0,3.2
2024-04-24 13:00:00,30.8,0.0,66.8,198.0,4.1
2024-04-24 14:00:00,31.0,0.0,68.0,202.0,4.7
2024-04-24 15:00:00,31.5,0.0,66.2,202.0,6.7
2024-04-24 16:00:00,31.4,0.0,62.5,205.0,6.3
2024-04-24 17:00:00,30.9,0.0,67.8,212.0,6.1
2024-04-24 18:00:00,30.6,0.0,73.3,229.0,4.0
2024-04-24 19:00:00,30.1,0.0,72.8,227.0,3.7
2024-04-24 20:00:00,30.1,0.0,72.4,227.0,3.1
2024-04-24 21:00:00,30.1,0.0,72.5,208.0,3.6
2024-04-24 22:00:00,29.8,0.0,69.5,202.0,3.2
2024-04-24 23:00:00,29.8,0.0,69.5,198.0,2.5
2024-04-25 00:00:00,29.6,0.0,71.1,181.0,1.0
2024-04-25 01:00:00,29.4,0.0,73.5,190.0,1.6
2024-04-25 02:00:00,29.3,0.0,73.4,189.0,1.1
2024-04-25 03:00:00,29.1,0.0,78.2,194.0,1.5
2024-04-25 04:00:00,29.2,0.0,77.5,175.0,0.8
2024-04-25 05:00:00,29.0,0.0,80.3,167.0,0.9
2024-04-25 06:00:00,29.1,0.0,78.5,147.0,0.7
2024-04-25 07:00:00,29.0,0.0,78.6,159.0,0.7
2024-04-25 08:00:00,29.5,0.0,77.2,178.0,1.0
2024-04-25 09:00:00,30.4,0.0,72.4,172.0,2.2
2024-04-25 10:00:00,31.4,0.0,71.6,337.0,2.7
2024-04-25 11:00:00,31.3,0.0,68.4,249.0,4.8
2024-04-25 12:00:00,30.8,0.0,64.9,194.0,2.7
2024-04-25 13:00:00,32.1,0.0,62.7,289.0,2.3
2024-04-25 14:00:00,33.5,0.0,51.4,164.0,1.9
2024-04-25 15:00:00,33.5,0.0,57.2,195.0,3.8
2024-04-25 16:00:00,33.0,0.0,60.3,208.0,6.1
2024-04-25 17:00:00,31.8,0.0,65.7,193.0,3.1
2024-04-25 18:00:00,31.5,0.0,63.9,197.0,3.8
2024-04-25 19:00:00,31.1,0.0,63.7,184.0,1.3
2024-04-25 20:00:00,28.8,0.0,79.3,8.0,3.8
2024-04-25 21:00:00,29.1,0.0,75.8,21.0,2.1
2024-04-25 22:00:00,29.0,0.0,78.8,300.0,1.6
2024-04-25 23:00:00,28.9,0.0,79.2,126.0,0.5
2024-04-26 00:00:00,29.0,0.0,79.8,94.0,0.5
2024-04-26 01:00:00,28.8,0.0,83.7,73.0,1.1
2024-04-26 02:00:00,28.7,0.0,77.9,321.0,0.5
2024-04-26 03:00:00,28.9,0.0,79.4,24.0,1.0
2024-04-26 04:00:00,28.8,0.0,79.3,243.0,1.2
2024-04-26 05:00:00,28.7,0.0,80.1,257.0,1.1
2024-04-26 06:00:00,28.2,0.0,85.4,99.0,1.3
2024-04-26 07:00:00,27.9,0.0,84.9,114.0,0.7
2024-04-26 08:00:00,28.6,0.0,81.9,1.0,1.0
2024-04-26 09:00:00,29.2,0.0,79.7,305.0,2.0
2024-04-26 10:00:00,30.2,0.0,75.5,289.0,1.9
2024-04-26 11:00:00,30.8,0.0,70.9,263.0,4.3
2024-04-26 12:00:00,31.0,0.0,69.2,265.0,6.1
2024-04-26 13:00:00,31.8,0.0,64.4,277.0,5.0
2024-04-26 14:00:00,33.0,0.0,62.8,237.0,4.3
2024-04-26 15:00:00,32.7,0.0,63.1,245.0,5.2
2024-04-26 16:00:00,30.0,0.0,70.3,327.0,6.2
2024-04-26 17:00:00,29.0,0.0,77.2,10.0,2.9
2024-04-26 18:00:00,29.1,0.0,76.6,81.0,1.3
2024-04-26 19:00:00,29.9,0.0,70.8,188.0,0.7
2024-04-26 20:00:00,30.2,0.0,69.7,165.0,1.2
2024-04-26 21:00:00,30.5,0.0,70.2,111.0,1.3
2024-04-26 22:00:00,29.8,0.0,74.1,152.0,0.7
2024-04-26 23:00:00,29.6,0.0,76.4,220.0,0.7
2024-04-27 00:00:00,29.8,0.0,76.3,251.0,0.7
2024-04-27 01:00:00,29.6,0.0,77.3,270.0,1.5
2024-04-27 02:00:00,29.1,0.0,80.8,20.0,1.8
2024-04-27 03:00:00,28.9,0.0,81.4,23.0,0.9
2024-04-27 04:00:00,28.7,0.0,82.2,340.0,0.9
2024-04-27 05:00:00,28.8,0.0,82.1,23.0,1.1
2024-04-27 06:00:00,28.3,0.0,86.9,38.0,1.3
2024-04-27 07:00:00,28.3,0.0,86.0,23.0,2.0
2024-04-27 08:00:00,28.6,0.0,84.9,81.0,1.0
2024-04-27 09:00:00,29.1,0.0,83.3,32.0,2.0
2024-04-27 10:00:00,29.6,0.0,81.0,31.0,1.2
2024-04-27 11:00:00,30.5,0.0,75.5,302.0,2.0
2024-04-27 12:00:00,31.6,0.0,64.0,289.0,4.3
2024-04-27 13:00:00,32.6,0.0,58.9,331.0,3.9
2024-04-27 14:00:00,32.5,0.0,60.1,263.0,6.3
2024-04-27 15:00:00,32.6,0.0,62.0,241.0,5.4
2024-04-27 16:00:00,32.6,0.0,63.4,252.0,6.3
2024-04-27 17:00:00,33.0,0.0,63.4,240.0,4.8
2024-04-27 18:00:00,32.6,0.0,62.4,222.0,4.0
2024-04-27 19:00:00,31.5,0.0,66.3,192.0,2.2
2024-04-27 20:00:00,29.9,0.0,73.1,166.0,1.2
2024-04-27 21:00:00,30.0,0.0,76.8,178.0,1.1
2024-04-27 22:00:00,29.5,0.0,74.8,180.0,1.3
2024-04-27 23:00:00,29.9,0.0,76.0,159.0,0.8
2024-04-28 00:00:00,29.7,0.0,76.9,185.0,0.5
2024-04-28 01:00:00,29.8,0.0,79.0,19.0,1.4
2024-04-28 02:00:00,29.3,0.0,79.8,27.0,0.7
2024-04-28 03:00:00,29.1,0.0,82.2,18.0,0.9
2024-04-28 04:00:00,29.2,0.0,79.8,185.0,0.9
2024-04-28 05:00:00,29.3,0.0,78.0,196.0,1.9
2024-04-28 06:00:00,29.2,0.0,78.5,196.0,2.2
2024-04-28 07:00:00,29.2,0.0,76.9,199.0,2.3
2024-04-28 08:00:00,29.8,0.0,76.5,196.0,2.2
2024-04-28 09:00:00,29.8,0.0,81.4,219.0,5.4
2024-04-28 10:00:00,29.6,0.0,82.2,220.0,6.2
2024-04-28 11:00:00,30.4,0.0,75.4,211.0,6.3
2024-04-28 12:00:00,31.2,0.0,75.0,216.0,5.8
2024-04-28 13:00:00,31.6,0.0,73.2,227.0,5.4
2024-04-28 14:00:00,32.0,0.0,68.4,244.0,5.9
2024-04-28 15:00:00,29.9,0.0,72.7,168.0,2.6
2024-04-28 16:00:00,30.0,0.0,70.1,187.0,2.7
2024-04-28 17:00:00,30.1,0.0,76.9,162.0,2.3
2024-04-28 18:00:00,30.3,0.0,72.9,188.0,3.1
2024-04-28 19:00:00,29.8,0.0,76.0,173.0,2.0
2024-04-28 20:00:00,29.6,0.0,76.7,190.0,1.6
2024-04-28 21:00:00,29.3,0.0,75.9,194.0,1.9
2024-04-28 22:00:00,29.3,0.0,74.6,199.0,2.4
2024-04-28 23:00:00,29.5,0.0,74.5,168.0,1.2
2024-04-29 00:00:00,29.6,0.0,71.5,149.0,1.0
2024-04-29 01:00:00,29.4,0.0,73.4,176.0,0.7
2024-04-29 02:00:00,29.1,0.0,76.1,196.0,2.4
2024-04-29 03:00:00,28.8,0.0,76.8,191.0,1.1
2024-04-29 04:00:00,28.5,0.0,77.5,111.0,0.7
2024-04-29 05:00:00,28.7,0.0,83.4,9.0,1.8
2024-04-29 06:00:00,27.9,0.0,85.4,50.0,1.6
2024-04-29 07:00:00,27.9,0.0,85.6,40.0,1.8
2024-04-29 08:00:00,28.4,0.0,81.6,229.0,0.7
2024-04-29 09:00:00,29.5,0.0,77.6,222.0,2.6
2024-04-29 10:00:00,31.3,0.0,66.2,200.0,2.0
2024-04-29 11:00:00,31.4,0.0,65.5,199.0,3.4
2024-04-29 12:00:00,32.7,0.0,60.7,200.0,4.1
2024-04-29 13:00:00,32.6,0.0,59.5,204.0,3.5
2024-04-29 14:00:00,32.6,0.0,59.6,206.0,4.6
2024-04-29 15:00:00,32.8,0.0,62.8,209.0,8.0
2024-04-29 16:00:00,32.4,0.0,64.8,205.0,5.7
2024-04-29 17:00:00,31.2,0.0,71.8,188.0,3.5
2024-04-29 18:00:00,31.1,0.0,68.2,181.0,2.1
2024-04-29 19:00:00,32.0,0.0,54.7,149.0,1.5
2024-04-29 20:00:00,31.5,0.0,65.5,178.0,0.9
2024-04-29 21:00:00,30.4,0.0,76.0,333.0,1.8
2024-04-29 22:00:00,29.9,0.0,76.8,28.0,2.1
2024-04-29 23:00:00,29.8,0.0,74.8,9.0,0.9
2024-04-30 00:00:00,29.7,0.0,74.9,11.0,0.8
2024-04-30 01:00:00,29.3,0.0,78.8,168.0,0.6
2024-04-30 02:00:00,29.7,0.0,78.3,181.0,0.8
2024-04-30 03:00:00,29.5,0.0,79.2,198.0,2.2
2024-04-30 04:00:00,29.3,0.0,82.0,39.0,1.3
2024-04-30 05:00:00,29.4,0.0,80.5,327.0,1.0
2024-04-30 06:00:00,29.3,0.0,77.1,195.0,1.6
2024-04-30 07:00:00,29.3,0.0,77.8,184.0,1.1
2024-04-30 08:00:00,29.7,0.0,76.6,198.0,2.0
2024-04-30 09:00:00,30.4,0.0,72.4,191.0,3.2
2024-04-30 10:00:00,31.0,0.0,70.1,183.0,3.6
2024-04-30 11:00:00,32.3,0.0,62.2,211.0,4.1
2024-04-30 12:00:00,32.3,0.0,64.5,209.0,6.4
2024-04-30 13:00:00,33.1,0.0,62.7,211.0,6.3
2024-04-30 14:00:00,33.4,0.0,59.4,201.0,3.8
2024-04-30 15:00:00,32.5,0.0,63.9,209.0,6.3
2024-04-30 16:00:00,32.6,0.0,64.7,212.0,7.0
2024-04-30 17:00:00,32.9,0.0,59.9,190.0,2.8
2024-04-30 18:00:00,32.0,0.0,63.4,195.0,4.4
2024-04-30 19:00:00,31.3,0.0,70.1,195.0,1.8
2024-04-30 20:00:00,31.1,0.0,72.2,155.0,1.1
2024-04-30 21:00:00,31.0,0.0,70.4,181.0,1.8
2024-04-30 22:00:00,30.5,0.0,75.7,172.0,1.5
2024-04-30 23:00:00,30.7,0.0,74.1,162.0,1.0
2024-05-01 00:00:00,30.7,0.0,74.2,206.0,1.0
2024-05-01 01:00:00,30.0,0.0,81.4,356.0,0.7
2024-05-01 02:00:00,30.2,0.0,76.8,182.0,0.8
2024-05-01 03:00:00,29.8,0.0,78.0,170.0,0.6
2024-05-01 04:00:00,29.8,0.0,76.2,167.0,0.7
2024-05-01 05:00:00,29.8,0.0,75.3,165.0,1.0
2024-05-01 06:00:00,29.8,0.0,71.7,163.0,0.9
2024-05-01 07:00:00,29.7,0.0,75.1,178.0,1.0
2024-05-01 08:00:00,29.9,0.0,76.3,202.0,2.7
2024-05-01 09:00:00,30.2,0.0,73.1,176.0,1.0
2024-05-01 10:00:00,31.2,0.0,71.2,168.0,2.2
2024-05-01 11:00:00,31.2,0.0,70.6,32.0,2.6
2024-05-01 12:00:00,30.1,0.0,74.1,289.0,3.9
2024-05-01 13:00:00,31.2,0.0,67.2,273.0,3.7
2024-05-01 14:00:00,31.0,0.0,73.7,220.0,6.7
2024-05-01 15:00:00,31.8,0.0,69.6,241.0,5.4
2024-05-01 16:00:00,31.5,0.0,67.9,254.0,5.6
2024-05-01 17:00:00,30.9,0.0,70.1,237.0,4.7
2024-05-01 18:00:00,30.8,0.0,72.7,247.0,2.4
2024-05-01 19:00:00,30.7,0.0,73.3,223.0,2.8
2024-05-01 20:00:00,29.3,0.0,80.8,22.0,2.0
2024-05-01 21:00:00,29.1,0.0,82.8,50.0,1.8
2024-05-01 22:00:00,27.2,0.0,87.4,327.0,3.7
2024-05-01 23:00:00,29.0,0.0,82.2,221.0,4.5
2024-05-02 00:00:00,29.2,0.0,80.3,238.0,2.9
2024-05-02 01:00:00,29.2,0.0,81.2,237.0,2.8
2024-05-02 02:00:00,28.4,0.0,86.1,47.0,1.8
2024-05-02 03:00:00,29.0,0.0,81.9,205.0,2.8
2024-05-02 04:00:00,28.3,0.0,80.5,197.0,1.7
2024-05-02 05:00:00,28.4,0.0,79.6,192.0,1.3
2024-05-02 06:00:00,28.5,0.0,81.3,195.0,1.5
2024-05-02 07:00:00,28.0,0.0,88.3,30.0,0.8
2024-05-02 08:00:00,28.3,0.0,86.4,74.0,0.6
2024-05-02 09:00:00,29.2,0.0,83.1,355.0,1.2
2024-05-02 10:00:00,30.7,0.0,71.8,239.0,4.0
2024-05-02 11:00:00,30.3,0.0,77.8,249.0,5.3
2024-05-02 12:00:00,31.2,0.0,75.3,245.0,5.3
2024-05-02 13:00:00,32.0,0.0,71.9,246.0,5.1
2024-05-02 14:00:00,31.7,0.0,69.2,252.0,5.8
2024-05-02 15:00:00,30.5,0.0,72.6,191.0,2.4
2024-05-02 16:00:00,30.4,0.0,73.8,189.0,1.6
2024-05-02 17:00:00,30.2,0.0,75.4,176.0,0.8
2024-05-02 18:00:00,29.9,0.0,75.9,49.0,1.5
2024-05-02 19:00:00,30.0,0.0,73.5,190.0,1.6
2024-05-02 20:00:00,29.3,0.0,79.4,13.0,0.9
2024-05-02 21:00:00,29.3,0.0,79.5,17.0,0.9
2024-05-02 22:00:00,28.5,0.0,85.4,41.0,1.6
2024-05-02 23:00:00,28.9,0.0,82.6,181.0,0.9
2024-05-03 00:00:00,29.2,0.0,81.7,185.0,0.7
2024-05-03 01:00:00,28.3,0.0,86.3,25.0,1.5
2024-05-03 02:00:00,28.1,0.0,86.8,43.0,0.7
2024-05-03 03:00:00,28.7,0.0,83.0,180.0,0.7
2024-05-03 04:00:00,29.3,0.0,76.4,179.0,1.0
2024-05-03 05:00:00,29.2,0.0,78.6,163.0,0.5
2024-05-03 06:00:00,28.2,0.0,85.5,33.0,1.8
2024-05-03 07:00:00,29.0,0.0,77.0,221.0,3.6
2024-05-03 08:00:00,27.0,0.2,89.4,249.0,0.8
2024-05-03 09:00:00,28.2,0.0,82.6,171.0,0.9
2024-05-03 10:00:00,29.6,0.0,74.7,196.0,3.1
2024-05-03 11:00:00,31.3,0.0,63.1,205.0,5.9
2024-05-03 12:00:00,31.7,0.0,70.1,217.0,5.7
2024-05-03 13:00:00,32.0,0.0,64.2,210.0,6.6
2024-05-03 14:00:00,32.4,0.0,68.6,249.0,6.0
2024-05-03 15:00:00,32.2,0.0,65.8,225.0,6.4
2024-05-03 16:00:00,29.6,0.0,68.3,66.0,1.9
2024-05-03 17:00:00,28.7,0.0,72.8,184.0,0.9
2024-05-03 18:00:00,30.1,0.0,69.1,185.0,0.7
2024-05-03 19:00:00,29.3,0.0,73.5,43.0,1.0
2024-05-03 20:00:00,29.1,0.0,77.5,53.0,1.7
2024-05-03 21:00:00,29.0,0.0,81.0,191.0,0.9
2024-05-03 22:00:00,30.0,0.0,74.3,171.0,1.0
2024-05-03 23:00:00,30.1,0.0,75.2,176.0,1.1
2024-05-04 00:00:00,30.2,0.0,74.6,157.0,1.1
2024-05-04 01:00:00,29.9,0.0,77.5,182.0,1.0
2024-05-04 02:00:00,27.2,0.4,83.0,185.0,0.9
2024-05-04 03:00:00,25.7,0.0,91.3,233.0,0.6
2024-05-04 04:00:00,27.7,0.0,89.5,207.0,1.9
2024-05-04 05:00:00,27.8,0.0,85.8,22.0,1.3
2024-05-04 06:00:00,27.8,0.0,85.4,30.0,2.2
2024-05-04 07:00:00,27.4,0.0,87.4,59.0,3.2
2024-05-04 08:00:00,25.2,0.0,92.0,198.0,4.1
2024-05-04 09:00:00,25.0,0.2,92.5,223.0,0.7
2024-05-04 10:00:00,26.1,1.8,93.3,286.0,9.60001
2024-05-04 11:00:00,25.6,0.4,94.3,299.0,16.0
2024-05-04 12:00:00,24.9,0.6,91.4,295.0,8.5
2024-05-04 13:00:00,24.5,0.0,92.5,296.0,3.2
2024-05-04 14:00:00,25.1,0.0,88.8,26.0,4.5
2024-05-04 15:00:00,26.3,0.0,78.4,291.0,4.4
2024-05-04 16:00:00,27.0,0.0,79.7,286.0,4.1
2024-05-04 17:00:00,27.4,0.0,76.9,269.0,2.1
2024-05-04 18:00:00,28.1,0.0,73.7,274.0,3.5
2024-05-04 19:00:00,28.1,0.0,75.5,298.0,3.8
2024-05-04 20:00:00,27.1,0.0,84.7,27.0,2.1
2024-05-04 21:00:00,27.2,0.0,83.0,356.0,1.0
2024-05-04 22:00:00,28.8,0.0,74.2,229.0,4.4
2024-05-04 23:00:00,28.5,0.0,79.5,219.0,4.0
2024-05-05 00:00:00,28.5,0.0,75.0,235.0,2.8
2024-05-05 01:00:00,28.5,0.0,75.3,260.0,3.4
2024-05-05 02:00:00,28.4,0.0,76.6,244.0,3.2
2024-05-05 03:00:00,28.5,0.0,73.6,241.0,2.9
2024-05-05 04:00:00,27.6,0.0,80.7,143.0,1.0
2024-05-05 05:00:00,28.3,0.0,78.3,228.0,2.8
2024-05-05 06:00:00,27.8,0.0,79.6,206.0,2.8
2024-05-05 07:00:00,27.9,0.0,80.8,207.0,2.1
2024-05-05 08:00:00,28.4,0.0,77.7,202.0,2.3
2024-05-05 09:00:00,28.9,0.0,79.0,222.0,4.5
2024-05-05 10:00:00,29.5,0.0,75.8,230.0,4.4
2024-05-05 11:00:00,30.2,0.0,70.5,241.0,4.7
2024-05-05 12:00:00,30.5,0.0,69.8,241.0,4.9
2024-05-05 13:00:00,31.1,0.0,66.6,257.0,4.8
2024-05-05 14:00:00,31.9,0.0,63.9,254.0,4.8
2024-05-05 15:00:00,31.8,0.0,64.1,263.0,4.4
2024-05-05 16:00:00,31.4,0.0,64.8,264.0,4.1
2024-05-05 17:00:00,31.5,0.0,65.1,234.0,3.3
2024-05-05 18:00:00,31.5,0.0,63.2,235.0,2.9
2024-05-05 19:00:00,31.1,0.0,59.7,201.0,2.6
2024-05-05 20:00:00,30.3,0.0,67.6,195.0,2.3
2024-05-05 21:00:00,30.0,0.0,72.8,195.0,2.4
2024-05-05 22:00:00,30.1,0.0,72.5,184.0,1.3
2024-05-05 23:00:00,29.8,0.0,79.3,167.0,1.1
2024-05-06 00:00:00,29.8,0.0,76.8,182.0,1.5
2024-05-06 01:00:00,29.7,0.0,78.3,188.0,2.0
2024-05-06 02:00:00,29.4,0.0,80.2,190.0,1.7
2024-05-06 03:00:00,29.2,0.0,82.2,193.0,1.9
2024-05-06 04:00:00,29.1,0.0,83.7,102.0,0.8
2024-05-06 05:00:00,28.9,0.0,82.8,193.0,2.3
2024-05-06 06:00:00,29.1,0.0,79.3,176.0,1.1
2024-05-06 07:00:00,29.0,0.0,81.8,180.0,1.3
2024-05-06 08:00:00,29.3,0.0,77.9,164.0,0.9
2024-05-06 09:00:00,29.8,0.0,77.8,181.0,1.1
2024-05-06 10:00:00,30.9,0.0,68.8,186.0,1.9
2024-05-06 11:00:00,31.8,0.0,67.1,199.0,4.1
2024-05-06 12:00:00,32.5,0.0,62.7,211.0,4.1
2024-05-06 13:00:00,32.3,0.0,56.1,210.0,4.2
2024-05-06 14:00:00,32.7,0.0,63.0,211.0,4.7
2024-05-06 15:00:00,32.2,0.0,62.8,178.0,2.8
2024-05-06 16:00:00,31.6,0.0,63.7,177.0,3.1
2024-05-06 17:00:00,31.1,0.0,63.0,155.0,1.5
2024-05-06 18:00:00,31.3,0.0,69.9,245.0,1.4
2024-05-06 19:00:00,29.9,0.0,77.2,85.0,1.1
2024-05-06 20:00:00,30.8,0.0,70.2,164.0,0.9
2024-05-06 21:00:00,30.6,0.0,66.0,153.0,1.1
2024-05-06 22:00:00,30.6,0.0,66.2,157.0,1.0
2024-05-06 23:00:00,30.0,0.0,76.9,275.0,1.0
2024-05-07 00:00:00,29.7,0.0,76.1,185.0,1.9
2024-05-07 01:00:00,29.7,0.0,77.1,164.0,1.1
2024-05-07 02:00:00,29.0,0.0,82.8,257.0,1.8
2024-05-07 03:00:00,28.7,0.0,84.9,281.0,1.4
2024-05-07 04:00:00,29.3,0.0,77.4,192.0,1.3
2024-05-07 05:00:00,28.5,0.0,86.5,49.0,2.2
2024-05-07 06:00:00,28.3,0.0,77.4,157.0,0.6
2024-05-07 07:00:00,28.5,0.0,79.4,159.0,1.7
2024-05-07 08:00:00,27.3,0.0,83.1,162.0,0.8
2024-05-07 09:00:00,27.6,0.0,81.7,290.0,1.6
2024-05-07 10:00:00,28.6,0.0,78.7,340.0,1.1
2024-05-07 11:00:00,29.8,0.0,74.5,313.0,2.5
2024-05-07 12:00:00,30.5,0.0,72.3,259.0,4.2
2024-05-07 13:00:00,30.3,0.0,74.2,228.0,4.4
2024-05-07 14:00:00,29.6,0.0,77.2,203.0,5.1
2024-05-07 15:00:00,29.2,0.0,73.7,171.0,1.3
2024-05-07 16:00:00,29.5,0.0,73.0,179.0,1.2
2024-05-07 17:00:00,29.1,0.0,75.7,30.0,2.7
2024-05-07 18:00:00,28.2,0.0,82.2,63.0,0.9
2024-05-07 19:00:00,28.7,0.0,79.4,12.0,2.3
2024-05-07 20:00:00,28.3,0.0,82.7,45.0,1.7
2024-05-07 21:00:00,28.4,0.0,82.0,127.0,0.7
2024-05-07 22:00:00,28.4,0.0,81.1,133.0,0.7
2024-05-07 23:00:00,28.6,0.0,80.9,23.0,0.8
2024-05-08 00:00:00,28.4,0.0,84.8,46.0,1.1
2024-05-08 01:00:00,28.6,0.0,81.0,349.0,0.7
2024-05-08 02:00:00,28.5,0.0,78.5,24.0,2.4
2024-05-08 03:00:00,28.4,0.0,79.3,22.0,1.6
2024-05-08 04:00:00,25.5,2.4,93.6,284.0,2.1
2024-05-08 05:00:00,25.0,1.8,95.1,241.0,5.0
2024-05-08 06:00:00,24.9,2.0,95.6,283.0,4.0
2024-05-08 07:00:00,25.2,0.2,95.8,289.0,8.2
2024-05-08 08:00:00,26.2,0.0,87.5,288.0,6.2
2024-05-08 09:00:00,26.8,0.0,84.0,320.0,2.5
2024-05-08 10:00:00,27.7,0.0,81.8,346.0,0.8
2024-05-08 11:00:00,28.4,0.0,78.9,286.0,2.0
2024-05-08 12:00:00,29.0,0.0,77.6,285.0,2.9
2024-05-08 13:00:00,29.2,0.0,76.6,249.0,3.3
2024-05-08 14:00:00,29.9,0.0,75.7,231.0,3.4
2024-05-08 15:00:00,29.6,0.0,76.0,234.0,4.2
2024-05-08 16:00:00,29.9,0.0,74.2,213.0,5.5
2024-05-08 17:00:00,30.1,0.0,72.7,189.0,2.9
2024-05-08 18:00:00,29.3,0.0,76.3,192.0,2.1
2024-05-08 19:00:00,29.1,0.0,76.7,175.0,1.3
2024-05-08 20:00:00,26.5,0.0,85.3,35.0,3.9
2024-05-08 21:00:00,27.0,0.0,82.4,331.0,2.7
2024-05-08 22:00:00,26.5,0.0,87.6,212.0,0.5
2024-05-08 23:00:00,27.0,0.0,87.3,187.0,1.0
2024-05-09 00:00:00,27.9,0.0,82.5,193.0,2.4
2024-05-09 01:00:00,28.3,0.0,79.1,190.0,1.8
2024-05-09 02:00:00,28.0,0.0,80.7,197.0,1.8
2024-05-09 03:00:00,27.1,0.0,80.5,123.0,0.6
2024-05-09 04:00:00,27.6,0.0,74.5,110.0,0.8
2024-05-09 05:00:00,27.7,0.0,83.4,224.0,0.7
2024-05-09 06:00:00,27.8,0.0,85.1,24.0,0.8
2024-05-09 07:00:00,27.6,0.0,84.6,56.0,0.7
2024-05-09 08:00:00,27.9,0.0,83.2,113.0,0.6
2024-05-09 09:00:00,28.6,0.0,82.9,103.0,0.5
2024-05-09 10:00:00,29.6,0.0,72.1,193.0,2.1
2024-05-09 11:00:00,30.6,0.0,67.3,210.0,3.1
2024-05-09 12:00:00,31.2,0.0,67.2,175.0,2.3
2024-05-09 13:00:00,32.3,0.0,60.9,214.0,5.5
2024-05-09 14:00:00,32.2,0.0,58.4,190.0,4.5
2024-05-09 15:00:00,32.8,0.0,59.0,207.0,4.5
2024-05-09 16:00:00,32.2,0.0,63.1,207.0,7.3
2024-05-09 17:00:00,32.0,0.0,67.1,204.0,5.8
2024-05-09 18:00:00,31.2,0.0,68.4,182.0,3.3
2024-05-09 19:00:00,30.7,0.0,69.8,180.0,1.5
2024-05-09 20:00:00,30.6,0.0,67.7,146.0,1.0
2024-05-09 21:00:00,30.3,0.0,72.4,158.0,0.9
2024-05-09 22:00:00,30.2,0.0,71.2,169.0,1.3
2024-05-09 23:00:00,30.0,0.0,71.6,153.0,1.0
2024-05-10 00:00:00,30.0,0.0,73.1,163.0,1.1
2024-05-10 01:00:00,29.8,0.0,74.0,146.0,1.1
2024-05-10 02:00:00,29.7,0.0,74.6,150.0,1.0
2024-05-10 03:00:00,29.4,0.0,76.8,184.0,1.3
2024-05-10 04:00:00,29.0,0.0,78.0,183.0,1.2
2024-05-10 05:00:00,29.2,0.0,75.4,175.0,1.1
2024-05-10 06:00:00,29.5,0.0,72.9,165.0,1.0
2024-05-10 07:00:00,29.4,0.0,74.3,159.0,0.9
2024-05-10 08:00:00,29.7,0.0,75.0,164.0,1.1
2024-05-10 09:00:00,30.5,0.0,72.7,191.0,2.3
2024-05-10 10:00:00,31.1,0.0,69.2,149.0,2.4
2024-05-10 11:00:00,31.4,0.0,66.9,165.0,2.2
2024-05-10 12:00:00,29.0,0.0,77.8,179.0,3.4
2024-05-10 13:00:00,29.1,0.0,78.0,189.0,1.2
2024-05-10 14:00:00,30.5,0.0,72.4,195.0,3.0
2024-05-10 15:00:00,30.3,0.0,73.8,202.0,3.8
2024-05-10 16:00:00,30.0,0.0,67.5,182.0,1.8
2024-05-10 17:00:00,30.1,0.0,65.3,197.0,2.3
2024-05-10 18:00:00,29.9,0.0,72.5,195.0,2.9
2024-05-10 19:00:00,29.7,0.0,75.0,196.0,2.5
2024-05-10 20:00:00,29.4,0.0,74.3,190.0,1.8
2024-05-10 21:00:00,29.6,0.0,75.1,193.0,1.4
2024-05-10 22:00:00,29.7,0.0,74.6,196.0,1.5
2024-05-10 23:00:00,29.7,0.0,73.7,188.0,1.3
2024-05-11 00:00:00,29.4,0.0,75.5,194.0,1.7
2024-05-11 01:00:00,29.3,0.0,77.1,181.0,0.9
2024-05-11 02:00:00,28.9,0.0,80.4,91.0,0.9
2024-05-11 03:00:00,28.5,0.0,85.8,70.0,1.0
2024-05-11 04:00:00,28.4,0.0,85.6,26.0,0.8
2024-05-11 05:00:00,28.1,0.0,88.3,68.0,1.4
2024-05-11 06:00:00,28.1,0.0,84.1,302.0,0.8
2024-05-11 07:00:00,28.0,0.0,84.9,195.0,0.5
2024-05-11 08:00:00,29.1,0.0,79.0,195.0,1.2
2024-05-11 09:00:00,30.1,0.0,74.3,194.0,1.8
2024-05-11 10:00:00,30.9,0.0,68.8,209.0,4.0
2024-05-11 11:00:00,31.6,0.0,68.4,224.0,4.4
2024-05-11 12:00:00,32.5,0.0,63.3,212.0,5.9
2024-05-11 13:00:00,32.1,0.0,68.0,216.0,7.5
2024-05-11 14:00:00,32.5,0.0,62.2,217.0,6.7
2024-05-11 15:00:00,31.2,0.0,66.5,179.0,1.8
2024-05-11 16:00:00,30.1,0.0,68.9,120.0,1.3
2024-05-11 17:00:00,31.0,0.0,65.6,143.0,2.2
2024-05-11 18:00:00,30.8,0.0,67.5,157.0,1.3
2024-05-11 19:00:00,30.6,0.0,68.3,152.0,1.2
2024-05-11 20:00:00,30.6,0.0,63.8,157.0,1.2
2024-05-11 21:00:00,30.5,0.0,67.5,169.0,1.0
2024-05-11 22:00:00,30.2,0.0,72.4,152.0,1.1
2024-05-11 23:00:00,30.0,0.0,72.8,160.0,0.8
2024-05-12 00:00:00,29.8,0.0,74.0,173.0,0.8
2024-05-12 01:00:00,29.1,0.0,79.0,194.0,2.4
2024-05-12 02:00:00,29.0,0.0,79.0,177.0,1.2
2024-05-12 03:00:00,28.9,0.0,79.1,196.0,2.3
2024-05-12 04:00:00,28.8,0.0,78.1,192.0,2.1
2024-05-12 05:00:00,28.8,0.0,79.3,199.0,2.1
2024-05-12 06:00:00,29.0,0.0,80.4,216.0,1.5
2024-05-12 07:00:00,28.3,0.0,84.8,36.0,1.2
2024-05-12 08:00:00,29.0,0.0,82.6,307.0,1.3
2024-05-12 09:00:00,28.7,0.0,84.0,29.0,1.8
2024-05-12 10:00:00,28.4,0.0,77.4,215.0,1.5
2024-05-12 11:00:00,27.6,0.0,83.4,21.0,2.0
2024-05-12 12:00:00,29.1,0.0,75.6,253.0,3.8
2024-05-12 13:00:00,30.9,0.0,69.2,280.0,5.2
2024-05-12 14:00:00,30.9,0.0,71.0,259.0,5.5
2024-05-12 15:00:00,30.6,0.0,74.5,223.0,3.4
2024-05-12 16:00:00,30.7,0.0,70.3,195.0,3.0
2024-05-12 17:00:00,30.6,0.0,67.3,194.0,2.6
2024-05-12 18:00:00,29.6,0.0,71.8,175.0,1.6
2024-05-12 19:00:00,29.5,0.0,75.6,188.0,1.8
2024-05-12 20:00:00,29.3,0.0,76.3,192.0,1.8
2024-05-12 21:00:00,29.3,0.0,75.3,177.0,1.0
2024-05-12 22:00:00,29.1,0.0,76.3,193.0,1.8
2024-05-12 23:00:00,29.0,0.0,76.8,237.0,0.5
2024-05-13 00:00:00,29.1,0.0,78.5,37.0,1.1
2024-05-13 01:00:00,29.0,0.0,78.7,190.0,1.7
2024-05-13 02:00:00,28.9,0.0,79.1,191.0,1.4
2024-05-13 03:00:00,28.9,0.0,79.3,199.0,2.3
2024-05-13 04:00:00,28.9,0.0,78.9,194.0,1.2
2024-05-13 05:00:00,28.5,0.0,80.6,267.0,7.4
2024-05-13 06:00:00,28.7,0.0,80.3,286.0,5.9
2024-05-13 07:00:00,29.1,0.0,73.4,244.0,1.7
2024-05-13 08:00:00,28.1,0.0,82.3,52.0,1.8
2024-05-13 09:00:00,28.9,0.0,76.7,26.0,2.2
2024-05-13 10:00:00,29.8,0.0,73.0,316.0,1.7
2024-05-13 11:00:00,29.9,0.0,73.3,253.0,2.8
2024-05-13 12:00:00,29.6,0.0,77.2,203.0,2.1
2024-05-13 13:00:00,30.0,0.0,74.1,202.0,2.8
2024-05-13 14:00:00,31.0,0.0,70.8,209.0,4.5
2024-05-13 15:00:00,30.7,0.0,74.2,235.0,3.8
2024-05-13 16:00:00,30.7,0.0,71.0,252.0,4.1
2024-05-13 17:00:00,31.3,0.0,68.5,221.0,3.7
2024-05-13 18:00:00,30.6,0.0,70.4,198.0,1.9
2024-05-13 19:00:00,29.8,0.0,74.9,151.0,0.6
2024-05-13 20:00:00,28.8,0.0,75.3,59.0,2.2
2024-05-13 21:00:00,28.0,0.0,72.9,182.0,0.7
2024-05-13 22:00:00,28.4,0.0,71.9,300.0,1.3
2024-05-13 23:00:00,26.9,0.0,83.4,19.0,3.5
2024-05-14 00:00:00,27.1,0.0,84.5,60.0,1.7
2024-05-14 01:00:00,27.2,0.0,84.1,14.0,2.4
2024-05-14 02:00:00,26.9,0.0,84.3,68.0,0.9
2024-05-14 03:00:00,27.6,0.0,79.2,16.0,2.4
2024-05-14 04:00:00,27.7,0.0,76.9,10.0,1.4
2024-05-14 05:00:00,27.6,0.0,76.6,25.0,2.0
2024-05-14 06:00:00,27.5,0.0,79.8,33.0,1.6
2024-05-14 07:00:00,27.4,0.0,79.2,46.0,3.1
2024-05-14 08:00:00,27.8,0.0,72.8,32.0,5.7
2024-05-14 09:00:00,27.9,0.0,75.1,20.0,3.3
2024-05-14 10:00:00,29.4,0.0,71.0,34.0,2.3
2024-05-14 11:00:00,31.0,0.0,66.2,294.0,3.5
2024-05-14 12:00:00,32.6,0.0,59.4,293.0,3.7
2024-05-14 13:00:00,32.0,0.0,66.4,254.0,6.2
2024-05-14 14:00:00,31.6,0.0,69.5,273.0,8.89999
2024-05-14 15:00:00,31.0,0.0,71.3,266.0,9.8
2024-05-14 16:00:00,31.1,0.0,68.8,270.0,4.8
2024-05-14 17:00:00,31.3,0.0,68.6,270.0,8.2
2024-05-14 18:00:00,24.1,5.4,93.7,30.0,3.1
2024-05-14 19:00:00,24.5,0.0,94.7,267.0,3.3
2024-05-14 20:00:00,26.5,0.0,88.8,196.0,3.2
2024-05-14 21:00:00,27.0,0.0,89.6,229.0,1.0
2024-05-14 22:00:00,26.9,0.0,90.3,180.0,0.7
2024-05-14 23:00:00,27.3,0.0,88.7,194.0,1.2
2024-05-15 00:00:00,27.5,0.0,88.3,46.0,0.8
2024-05-15 01:00:00,27.8,0.0,86.7,196.0,1.9
2024-05-15 02:00:00,28.4,0.0,83.8,198.0,2.0
2024-05-15 03:00:00,28.4,0.0,84.1,190.0,1.0
2024-05-15 04:00:00,28.7,0.0,80.3,192.0,1.4
2024-05-15 05:00:00,29.3,0.0,79.2,208.0,5.4
2024-05-15 06:00:00,28.9,0.0,81.3,236.0,3.8
2024-05-15 07:00:00,26.9,0.0,94.9,253.0,4.2
2024-05-15 08:00:00,27.2,0.0,92.3,195.0,1.7
2024-05-15 09:00:00,28.8,0.0,79.9,200.0,2.0
2024-05-15 10:00:00,29.4,0.0,76.7,200.0,2.5
2024-05-15 11:00:00,29.9,0.2,82.1,237.0,3.8
2024-05-15 12:00:00,29.6,0.0,82.1,233.0,4.5
2024-05-15 13:00:00,31.0,0.0,73.9,239.0,4.2
2024-05-15 14:00:00,31.9,0.0,69.8,240.0,4.9
2024-05-15 15:00:00,31.0,0.0,71.2,237.0,4.3
2024-05-15 16:00:00,29.5,0.0,77.0,176.0,1.4
2024-05-15 17:00:00,30.1,0.0,74.6,192.0,1.3
2024-05-15 18:00:00,29.8,0.0,76.6,164.0,0.7
2024-05-15 19:00:00,29.6,0.0,78.0,188.0,1.6
2024-05-15 20:00:00,29.7,0.0,77.7,180.0,1.3
2024-05-15 21:00:00,29.6,0.0,79.4,191.0,1.6
2024-05-15 22:00:00,29.6,0.0,75.8,184.0,1.0
2024-05-15 23:00:00,29.7,0.0,76.3,192.0,1.5
2024-05-16 00:00:00,29.2,0.0,82.7,43.0,1.5
2024-05-16 01:00:00,29.8,0.0,79.3,210.0,2.8
2024-05-16 02:00:00,28.1,0.0,84.1,46.0,2.4
2024-05-16 03:00:00,28.1,0.0,84.5,38.0,2.4
2024-05-16 04:00:00,26.0,0.8,94.5,245.0,4.3
2024-05-16 05:00:00,25.8,0.4,95.2,348.0,4.5
2024-05-16 06:00:00,24.8,0.0,95.5,294.0,7.1
2024-05-16 07:00:00,26.4,0.0,95.6,281.0,3.8
2024-05-16 08:00:00,27.5,0.0,87.6,199.0,1.7
2024-05-16 09:00:00,29.2,0.0,84.0,236.0,3.0
2024-05-16 10:00:00,28.8,0.0,77.4,204.0,2.3
2024-05-16 11:00:00,30.3,0.0,74.2,218.0,4.6
2024-05-16 12:00:00,30.0,0.0,77.3,224.0,5.2
2024-05-16 13:00:00,26.5,0.2,90.0,168.0,1.4
2024-05-16 14:00:00,26.6,0.0,85.8,164.0,2.7
2024-05-16 15:00:00,26.5,0.2,86.8,190.0,0.7
2024-05-16 16:00:00,26.8,0.0,87.0,170.0,1.0
2024-05-16 17:00:00,26.7,0.0,90.3,207.0,2.3
2024-05-16 18:00:00,27.4,0.0,87.8,192.0,3.5
2024-05-16 19:00:00,27.4,0.0,89.9,196.0,1.3
2024-05-16 20:00:00,27.2,0.0,90.1,39.0,1.8
2024-05-16 21:00:00,27.0,0.0,90.7,48.0,2.0
2024-05-16 22:00:00,25.8,1.2,92.2,248.0,5.2
2024-05-16 23:00:00,26.6,0.0,93.9,262.0,0.9
2024-05-17 00:00:00,27.1,0.0,89.1,51.0,2.6
2024-05-17 01:00:00,27.1,0.0,86.5,42.0,2.8
2024-05-17 02:00:00,26.9,0.0,89.2,66.0,1.3
2024-05-17 03:00:00,26.8,0.0,88.0,23.0,2.0
2024-05-17 04:00:00,26.5,0.0,89.7,27.0,1.6
2024-05-17 05:00:00,26.2,0.0,90.6,50.0,1.1
2024-05-17 06:00:00,26.5,0.0,89.0,27.0,1.2
2024-05-17 07:00:00,26.7,0.0,89.3,25.0,1.2
2024-05-17 08:00:00,27.1,0.0,86.7,24.0,1.3
2024-05-17 09:00:00,27.8,0.0,84.2,327.0,1.5
2024-05-17 10:00:00,29.2,0.0,80.6,281.0,1.7
2024-05-17 11:00:00,29.9,0.0,77.9,274.0,3.3
2024-05-17 12:00:00,30.7,0.0,73.0,246.0,4.4
2024-05-17 13:00:00,31.2,0.0,68.0,252.0,5.1
2024-05-17 14:00:00,31.5,0.0,67.8,256.0,5.3
2024-05-17 15:00:00,32.6,0.0,67.9,249.0,5.0
2024-05-17 16:00:00,32.7,0.0,67.4,236.0,4.3
2024-05-17 17:00:00,32.0,0.0,63.6,204.0,6.9
2024-05-17 18:00:00,31.2,0.0,65.5,197.0,3.0
2024-05-17 19:00:00,31.1,0.0,65.4,192.0,2.3
2024-05-17 20:00:00,30.4,0.0,70.3,194.0,2.0
2024-05-17 21:00:00,30.1,0.0,73.6,189.0,1.4
2024-05-17 22:00:00,29.9,0.0,76.4,191.0,1.7
2024-05-17 23:00:00,30.0,0.0,75.4,170.0,1.2
2024-05-18 00:00:00,29.7,0.0,74.6,174.0,0.9
2024-05-18 01:00:00,29.9,0.0,73.4,166.0,1.0
2024-05-18 02:00:00,29.8,0.0,73.4,170.0,1.0
2024-05-18 03:00:00,29.3,0.0,77.1,169.0,0.9
2024-05-18 04:00:00,28.9,0.0,79.4,191.0,1.3
2024-05-18 05:00:00,29.1,0.0,77.0,183.0,1.0
2024-05-18 06:00:00,28.9,0.0,78.6,186.0,1.0
2024-05-18 07:00:00,28.9,0.0,79.4,174.0,0.7
2024-05-18 08:00:00,28.6,0.0,84.6,51.0,0.8
2024-05-18 09:00:00,30.1,0.0,76.0,198.0,1.7
2024-05-18 10:00:00,30.3,0.0,72.3,183.0,1.7
2024-05-18 11:00:00,31.2,0.0,66.9,199.0,3.7
2024-05-18 12:00:00,31.1,0.0,65.9,194.0,3.0
2024-05-18 13:00:00,32.4,0.0,66.2,232.0,5.0
2024-05-18 14:00:00,30.6,0.0,74.6,267.0,7.7
2024-05-18 15:00:00,31.3,0.0,71.7,250.0,4.3
2024-05-18 16:00:00,27.2,0.4,84.6,49.0,3.5
2024-05-18 17:00:00,25.3,0.0,94.6,238.0,2.9
2024-05-18 18:00:00,25.2,0.0,94.6,201.0,1.0
2024-05-18 19:00:00,26.1,0.0,91.7,355.0,0.8
2024-05-18 20:00:00,27.0,0.0,89.7,191.0,1.4
2024-05-18 21:00:00,28.1,0.0,81.2,195.0,1.6
2024-05-18 22:00:00,28.2,0.0,78.7,168.0,0.9
2024-05-18 23:00:00,28.6,0.0,79.6,169.0,0.8
2024-05-19 00:00:00,28.5,0.0,84.7,184.0,1.4
2024-05-19 01:00:00,28.6,0.0,81.8,168.0,1.2
2024-05-19 02:00:00,28.4,0.0,82.6,187.0,1.3
2024-05-19 03:00:00,28.4,0.0,83.5,187.0,1.4
2024-05-19 04:00:00,28.7,0.0,81.7,183.0,1.4
2024-05-19 05:00:00,28.8,0.0,78.0,176.0,1.5
2024-05-19 06:00:00,28.8,0.0,78.2,193.0,1.4
2024-05-19 07:00:00,28.7,0.0,78.7,196.0,1.2
2024-05-19 08:00:00,29.2,0.0,78.6,197.0,1.7
2024-05-19 09:00:00,30.2,0.0,74.8,195.0,2.7
2024-05-19 10:00:00,30.6,0.0,72.6,201.0,4.9
2024-05-19 11:00:00,30.7,0.0,76.2,237.0,5.8
2024-05-19 12:00:00,31.2,0.0,72.1,220.0,5.8
2024-05-19 13:00:00,31.5,0.0,73.3,236.0,5.4
2024-05-19 14:00:00,31.7,0.0,70.1,208.0,6.8
2024-05-19 15:00:00,32.4,0.0,67.3,205.0,5.9
2024-05-19 16:00:00,29.3,0.0,70.6,165.0,2.2
2024-05-19 17:00:00,30.4,0.0,71.9,180.0,1.8
2024-05-19 18:00:00,28.6,0.0,76.4,150.0,2.0
2024-05-19 19:00:00,28.6,0.0,78.9,174.0,1.1
2024-05-19 20:00:00,28.9,0.0,78.7,166.0,1.4
2024-05-19 21:00:00,28.6,0.0,82.0,189.0,1.9
2024-05-19 22:00:00,29.0,0.0,80.0,189.0,1.7
2024-05-19 23:00:00,29.0,0.0,77.4,185.0,1.6
2024-05-20 00:00:00,29.0,0.0,78.7,172.0,1.1
2024-05-20 01:00:00,29.0,0.0,79.9,165.0,1.0
2024-05-20 02:00:00,28.9,0.0,81.6,200.0,2.5
2024-05-20 03:00:00,28.9,0.0,81.3,198.0,1.9
2024-05-20 04:00:00,29.1,0.0,78.5,187.0,1.8
2024-05-20 05:00:00,29.0,0.0,80.9,200.0,2.0
2024-05-20 06:00:00,28.6,0.0,76.8,165.0,0.8
2024-05-20 07:00:00,27.8,0.0,80.2,167.0,2.2
2024-05-20 08:00:00,27.4,0.0,83.5,167.0,1.8
2024-05-20 09:00:00,27.6,0.0,84.2,193.0,3.3
2024-05-20 10:00:00,28.5,0.0,77.5,178.0,1.6
2024-05-20 11:00:00,28.4,0.0,75.6,198.0,2.9
2024-05-20 12:00:00,28.4,0.0,78.0,183.0,2.1
2024-05-20 13:00:00,28.6,0.0,78.3,191.0,2.1
2024-05-20 14:00:00,28.9,0.0,76.8,190.0,1.9
2024-05-20 15:00:00,30.2,0.0,73.2,194.0,3.9
2024-05-20 16:00:00,29.8,0.0,73.9,195.0,3.5
2024-05-20 17:00:00,29.9,0.0,71.6,197.0,2.6
2024-05-20 18:00:00,29.2,0.0,76.8,186.0,1.9
2024-05-20 19:00:00,29.2,0.0,73.8,186.0,1.9
2024-05-20 20:00:00,28.9,0.0,77.0,174.0,1.3
2024-05-20 21:00:00,28.9,0.0,73.7,191.0,1.4
2024-05-20 22:00:00,29.0,0.0,77.7,179.0,0.9
2024-05-20 23:00:00,28.8,0.0,76.6,181.0,1.1
2024-05-21 00:00:00,29.0,0.0,78.0,183.0,1.1
2024-05-21 01:00:00,29.0,0.0,79.8,181.0,1.3
2024-05-21 02:00:00,28.9,0.0,81.0,191.0,1.3
2024-05-21 03:00:00,28.9,0.0,79.8,190.0,1.1
2024-05-21 04:00:00,29.0,0.0,78.7,192.0,1.5
2024-05-21 05:00:00,28.9,0.0,79.7,191.0,1.3
2024-05-21 06:00:00,28.9,0.0,81.1,185.0,0.9
2024-05-21 07:00:00,29.2,0.0,78.9,177.0,0.9
2024-05-21 08:00:00,29.3,0.0,79.7,191.0,1.4
2024-05-21 09:00:00,28.6,0.0,79.5,170.0,2.1
2024-05-21 10:00:00,28.8,0.0,79.1,198.0,2.5
2024-05-21 11:00:00,30.3,0.0,74.0,208.0,6.0
2024-05-21 12:00:00,29.6,0.0,76.0,199.0,5.3
2024-05-21 13:00:00,30.9,0.0,71.9,180.0,3.5
2024-05-21 14:00:00,30.8,0.0,71.5,182.0,3.7
2024-05-21 15:00:00,31.1,0.0,71.7,201.0,3.9
2024-05-21 16:00:00,30.4,0.0,71.3,197.0,4.1
2024-05-21 17:00:00,30.3,0.0,74.2,188.0,2.0
2024-05-21 18:00:00,30.2,0.0,74.5,185.0,2.0
2024-05-21 19:00:00,29.7,0.0,75.8,162.0,1.2
2024-05-21 20:00:00,29.7,0.0,73.6,171.0,1.0
2024-05-21 21:00:00,29.5,0.0,74.9,199.0,2.4
2024-05-21 22:00:00,29.5,0.0,75.9,198.0,2.0
2024-05-21 23:00:00,29.6,0.0,75.0,176.0,0.8
2024-05-22 00:00:00,29.6,0.0,75.5,200.0,2.4
2024-05-22 01:00:00,29.5,0.0,77.5,213.0,1.2
2024-05-22 02:00:00,29.0,0.0,80.7,34.0,1.2
2024-05-22 03:00:00,29.2,0.0,78.5,185.0,0.7
2024-05-22 04:00:00,29.0,0.0,81.1,174.0,0.4
2024-05-22 05:00:00,29.1,0.0,81.2,187.0,0.8
2024-05-22 06:00:00,29.2,0.0,79.0,180.0,0.8
2024-05-22 07:00:00,29.1,0.0,81.0,212.0,1.6
2024-05-22 08:00:00,28.7,0.0,84.5,35.0,0.9
2024-05-22 09:00:00,29.6,0.0,80.4,288.0,1.5
2024-05-22 10:00:00,30.0,0.0,80.6,299.0,3.0
2024-05-22 11:00:00,27.6,0.0,83.5,285.0,2.7
2024-05-22 12:00:00,26.4,0.0,89.1,272.0,1.9
2024-05-22 13:00:00,28.1,0.0,82.8,294.0,3.5
2024-05-22 14:00:00,28.9,0.0,79.5,292.0,5.8
2024-05-22 15:00:00,29.5,0.0,77.1,240.0,2.5
2024-05-22 16:00:00,29.3,0.0,77.8,263.0,3.6
2024-05-22 17:00:00,29.5,0.0,76.2,258.0,2.7
2024-05-22 18:00:00,29.5,0.0,74.8,253.0,2.0
2024-05-22 19:00:00,28.9,0.0,78.1,199.0,2.6
2024-05-22 20:00:00,28.8,0.0,79.4,197.0,1.8
2024-05-22 21:00:00,28.7,0.0,78.3,192.0,1.5
2024-05-22 22:00:00,28.6,0.0,81.8,173.0,0.9
2024-05-22 23:00:00,28.4,0.0,82.7,184.0,1.5
2024-05-23 00:00:00,28.4,0.0,83.6,198.0,2.3
2024-05-23 01:00:00,28.3,0.0,82.2,197.0,1.7
2024-05-23 02:00:00,28.0,0.0,85.4,101.0,0.6
2024-05-23 03:00:00,28.1,0.0,85.0,200.0,0.5
2024-05-23 04:00:00,28.4,0.0,82.9,202.0,1.7
2024-05-23 05:00:00,28.4,0.0,82.1,200.0,2.8
2024-05-23 06:00:00,28.5,0.0,78.1,195.0,2.5
2024-05-23 07:00:00,28.3,0.0,82.7,198.0,3.2
2024-05-23 08:00:00,28.6,0.0,81.6,220.0,3.6
2024-05-23 09:00:00,29.5,0.0,73.9,204.0,3.9
2024-05-23 10:00:00,30.5,0.0,71.8,248.0,4.7
2024-05-23 11:00:00,30.7,0.0,71.6,259.0,5.6
2024-05-23 12:00:00,30.9,0.0,73.0,244.0,4.9
2024-05-23 13:00:00,31.6,0.0,68.2,224.0,5.1
2024-05-23 14:00:00,32.7,0.0,66.0,238.0,4.4
2024-05-23 15:00:00,32.8,0.0,61.4,236.0,4.3
2024-05-23 16:00:00,32.4,0.0,62.9,255.0,4.6
2024-05-23 17:00:00,31.0,0.0,62.9,194.0,2.1
2024-05-23 18:00:00,30.6,0.0,72.7,180.0,1.6
2024-05-23 19:00:00,28.3,0.0,82.9,34.0,3.3
2024-05-23 20:00:00,27.4,0.0,87.9,157.0,1.5
2024-05-23 21:00:00,27.4,0.0,87.4,183.0,1.7
2024-05-23 22:00:00,27.2,0.0,86.4,182.0,1.0
2024-05-23 23:00:00,27.6,0.0,83.3,316.0,1.5
2024-05-24 00:00:00,27.7,0.0,84.2,275.0,1.3
2024-05-24 01:00:00,27.7,0.0,85.4,50.0,1.9
2024-05-24 02:00:00,27.7,0.0,84.0,17.0,2.0
2024-05-24 03:00:00,27.4,0.0,83.9,20.0,3.0
2024-05-24 04:00:00,27.2,0.0,82.3,25.0,4.4
2024-05-24 05:00:00,26.9,0.0,80.2,29.0,3.5
2024-05-24 06:00:00,27.0,0.0,79.6,50.0,1.9
2024-05-24 07:00:00,27.6,0.0,76.3,92.0,0.9
2024-05-24 08:00:00,27.3,0.0,80.8,94.0,1.3
2024-05-24 09:00:00,27.6,0.0,75.1,45.0,2.0
2024-05-24 10:00:00,27.2,0.0,78.3,145.0,0.8
2024-05-24 11:00:00,27.9,0.0,73.4,226.0,1.3
2024-05-24 12:00:00,29.3,0.0,71.7,229.0,3.0
2024-05-24 13:00:00,29.9,0.0,68.4,246.0,4.2
2024-05-24 14:00:00,30.6,0.0,67.5,246.0,3.7
2024-05-24 15:00:00,30.3,0.0,67.1,249.0,3.9
2024-05-24 16:00:00,31.0,0.0,66.0,238.0,3.4
2024-05-24 17:00:00,30.4,0.0,68.7,237.0,3.6
2024-05-24 18:00:00,30.3,0.0,71.5,234.0,2.8
2024-05-24 19:00:00,29.9,0.0,72.2,246.0,2.3
2024-05-24 20:00:00,29.7,0.0,73.1,241.0,1.7
2024-05-24 21:00:00,29.4,0.0,73.8,191.0,1.4
2024-05-24 22:00:00,29.5,0.0,72.7,205.0,1.1
2024-05-24 23:00:00,29.5,0.0,74.9,198.0,1.9
2024-05-25 00:00:00,29.2,0.0,75.0,195.0,1.0
2024-05-25 01:00:00,29.3,0.0,80.2,204.0,3.7
2024-05-25 02:00:00,29.0,0.0,79.9,193.0,1.1
2024-05-25 03:00:00,28.7,0.0,80.8,195.0,1.6
2024-05-25 04:00:00,28.9,0.0,80.2,200.0,3.2
2024-05-25 05:00:00,28.6,0.0,80.3,197.0,2.2
2024-05-25 06:00:00,28.6,0.0,86.1,207.0,2.9
2024-05-25 07:00:00,28.2,0.0,86.3,196.0,1.5
2024-05-25 08:00:00,28.9,0.0,83.4,196.0,1.3
2024-05-25 09:00:00,29.1,0.0,82.9,218.0,4.2
2024-05-25 10:00:00,29.6,0.0,80.0,238.0,3.1
2024-05-25 11:00:00,30.0,0.0,79.2,229.0,3.0
2024-05-25 12:00:00,30.1,0.0,79.1,232.0,3.8
2024-05-25 13:00:00,31.0,0.0,70.3,246.0,4.0
2024-05-25 14:00:00,31.3,0.0,73.0,243.0,4.6
2024-05-25 15:00:00,25.6,0.0,93.3,192.0,0.8
2024-05-25 16:00:00,27.5,0.0,85.5,54.0,2.8
2024-05-25 17:00:00,27.2,0.0,85.9,349.0,3.2
2024-05-25 18:00:00,26.2,0.0,86.1,117.0,1.0
2024-05-25 19:00:00,26.7,0.0,85.7,170.0,0.8
2024-05-25 20:00:00,27.1,0.0,88.4,152.0,1.1
2024-05-25 21:00:00,27.2,0.0,85.4,152.0,0.9
2024-05-25 22:00:00,27.3,0.0,85.4,193.0,1.1
2024-05-25 23:00:00,27.1,0.0,84.7,192.0,1.0
2024-05-26 00:00:00,27.2,0.0,85.0,309.0,0.3
2024-05-26 01:00:00,27.9,0.0,80.3,198.0,2.2
2024-05-26 02:00:00,28.2,0.0,77.8,201.0,2.4
2024-05-26 03:00:00,28.5,0.0,78.6,206.0,2.9
2024-05-26 04:00:00,28.3,0.0,81.1,196.0,1.9
2024-05-26 05:00:00,28.8,0.0,84.1,207.0,3.8
2024-05-26 06:00:00,28.3,0.0,85.7,198.0,2.4
2024-05-26 07:00:00,28.2,0.0,86.7,197.0,1.8
2024-05-26 08:00:00,28.4,0.0,86.0,203.0,2.7
2024-05-26 09:00:00,28.8,0.0,84.9,207.0,3.1
2024-05-26 10:00:00,29.4,0.0,80.5,201.0,2.3
2024-05-26 11:00:00,30.2,0.0,75.0,241.0,2.1
2024-05-26 12:00:00,30.5,0.0,75.2,230.0,3.1
2024-05-26 13:00:00,30.7,0.0,73.7,200.0,4.4
2024-05-26 14:00:00,31.2,0.0,68.7,196.0,3.0
2024-05-26 15:00:00,31.1,0.0,73.8,204.0,4.7
2024-05-26 16:00:00,30.9,0.0,72.8,172.0,2.6
2024-05-26 17:00:00,30.5,0.0,74.7,177.0,1.9
2024-05-26 18:00:00,30.6,0.0,73.2,186.0,1.7
2024-05-26 19:00:00,30.3,0.0,76.7,178.0,1.7
2024-05-26 20:00:00,30.1,0.0,76.4,180.0,1.8
2024-05-26 21:00:00,30.2,0.0,75.7,176.0,1.5
2024-05-26 22:00:00,30.0,0.0,75.7,166.0,1.1
2024-05-26 23:00:00,30.0,0.0,74.1,187.0,1.3
2024-05-27 00:00:00,29.8,0.0,78.1,188.0,1.4
2024-05-27 01:00:00,29.6,0.0,79.9,182.0,1.1
2024-05-27 02:00:00,29.4,0.0,82.0,189.0,1.4
2024-05-27 03:00:00,29.3,0.0,80.9,195.0,1.7
2024-05-27 04:00:00,29.3,0.0,81.1,200.0,2.4
2024-05-27 05:00:00,29.3,0.0,80.8,196.0,1.8
2024-05-27 06:00:00,29.3,0.0,77.4,195.0,1.7
2024-05-27 07:00:00,29.5,0.0,77.5,169.0,1.1
2024-05-27 08:00:00,29.7,0.0,77.8,168.0,1.1
2024-05-27 09:00:00,30.2,0.0,77.0,198.0,2.2
2024-05-27 10:00:00,31.2,0.0,70.7,220.0,3.8
2024-05-27 11:00:00,32.0,0.0,65.0,197.0,2.2
2024-05-27 12:00:00,31.9,0.0,66.9,213.0,6.0
2024-05-27 13:00:00,32.3,0.0,66.2,219.0,4.3
2024-05-27 14:00:00,31.8,0.0,68.4,213.0,3.4
2024-05-27 15:00:00,31.9,0.0,68.0,213.0,3.1
2024-05-27 16:00:00,31.0,0.0,71.5,179.0,2.5
2024-05-27 17:00:00,32.0,0.0,62.6,191.0,2.8
2024-05-27 18:00:00,31.5,0.0,70.9,196.0,2.5
2024-05-27 19:00:00,30.5,0.0,75.8,195.0,3.5
2024-05-27 20:00:00,30.1,0.0,78.9,198.0,3.1
2024-05-27 21:00:00,30.2,0.0,76.9,185.0,2.1
2024-05-27 22:00:00,30.1,0.0,77.8,185.0,1.8
2024-05-27 23:00:00,29.9,0.0,79.5,197.0,2.6
2024-05-28 00:00:00,29.8,0.0,80.8,197.0,2.1
2024-05-28 01:00:00,29.7,0.0,81.4,194.0,1.8
2024-05-28 02:00:00,29.6,0.0,81.9,198.0,2.0
2024-05-28 03:00:00,29.6,0.0,82.0,203.0,2.1
2024-05-28 04:00:00,29.8,0.0,77.8,187.0,1.3
2024-05-28 05:00:00,29.8,0.0,74.5,189.0,1.5
2024-05-28 06:00:00,29.8,0.0,76.9,171.0,1.1
2024-05-28 07:00:00,29.6,0.0,78.0,180.0,1.4
2024-05-28 08:00:00,29.9,0.0,76.6,162.0,1.1
2024-05-28 09:00:00,30.3,0.0,75.4,175.0,1.1
2024-05-28 10:00:00,30.9,0.0,71.7,171.0,1.8
2024-05-28 11:00:00,30.7,0.0,74.5,195.0,2.0
2024-05-28 12:00:00,31.1,0.0,71.7,195.0,2.9
2024-05-28 13:00:00,31.6,0.0,73.7,238.0,4.7
2024-05-28 14:00:00,31.4,0.0,77.8,249.0,5.0
2024-05-28 15:00:00,31.5,0.0,64.4,206.0,4.5
2024-05-28 16:00:00,31.0,0.0,72.3,204.0,5.8
2024-05-28 17:00:00,29.7,0.0,73.7,270.0,10.6
2024-05-28 18:00:00,30.3,0.0,67.1,238.0,2.7
2024-05-28 19:00:00,30.2,0.0,67.7,269.0,2.4
2024-05-28 20:00:00,30.2,0.0,66.7,13.0,0.8
2024-05-28 21:00:00,29.2,0.0,77.0,36.0,1.4
2024-05-28 22:00:00,29.1,0.0,77.4,305.0,1.2
2024-05-28 23:00:00,28.5,0.0,80.4,181.0,0.7
2024-05-29 00:00:00,29.1,0.0,79.6,194.0,0.5
2024-05-29 01:00:00,29.3,0.0,80.2,181.0,0.8
2024-05-29 02:00:00,29.7,0.0,77.4,185.0,1.1
2024-05-29 03:00:00,29.8,0.0,77.6,165.0,1.0
2024-05-29 04:00:00,29.6,0.0,79.0,196.0,1.6
2024-05-29 05:00:00,28.3,0.0,85.9,17.0,2.0
2024-05-29 06:00:00,28.2,0.0,84.7,24.0,1.7
2024-05-29 07:00:00,28.4,0.0,85.2,30.0,1.4
2024-05-29 08:00:00,28.3,0.0,85.9,39.0,1.4
2024-05-29 09:00:00,28.9,0.0,84.4,38.0,1.5
2024-05-29 10:00:00,30.6,0.0,78.1,244.0,2.9
2024-05-29 11:00:00,31.7,0.0,69.5,188.0,2.6
2024-05-29 12:00:00,32.2,0.0,68.6,188.0,2.4
2024-05-29 13:00:00,32.4,0.0,65.7,200.0,3.1
2024-05-29 14:00:00,32.2,0.0,67.6,211.0,6.4
2024-05-29 15:00:00,33.0,0.0,61.4,210.0,5.1
2024-05-29 16:00:00,33.3,0.0,62.1,205.0,4.5
2024-05-29 17:00:00,33.0,0.0,62.3,208.0,5.0
2024-05-29 18:00:00,32.0,0.0,64.3,196.0,2.6
2024-05-29 19:00:00,30.8,0.0,72.2,171.0,1.5
2024-05-29 20:00:00,30.6,0.0,69.5,170.0,1.1
2024-05-29 21:00:00,30.4,0.0,73.8,177.0,0.9
2024-05-29 22:00:00,30.1,0.0,76.9,194.0,2.0
2024-05-29 23:00:00,30.3,0.0,75.6,182.0,1.2
2024-05-30 00:00:00,29.9,0.0,78.9,197.0,2.5
2024-05-30 01:00:00,29.9,0.0,79.8,172.0,1.0
2024-05-30 02:00:00,29.8,0.0,78.1,186.0,1.1
2024-05-30 03:00:00,29.6,0.0,80.4,177.0,1.0
2024-05-30 04:00:00,29.6,0.0,80.6,198.0,2.0
2024-05-30 05:00:00,29.5,0.0,80.8,186.0,1.1
2024-05-30 06:00:00,29.5,0.0,80.9,185.0,1.1
2024-05-30 07:00:00,29.4,0.0,82.1,191.0,1.3
2024-05-30 08:00:00,29.9,0.0,80.4,192.0,1.3
2024-05-30 09:00:00,30.6,0.0,74.1,205.0,5.1
2024-05-30 10:00:00,29.1,0.0,78.1,252.0,6.7
2024-05-30 11:00:00,29.3,0.0,77.3,201.0,9.10001
2024-05-30 12:00:00,29.1,0.0,75.9,208.0,8.60001
2024-05-30 13:00:00,30.3,0.0,72.4,196.0,4.1
2024-05-30 14:00:00,29.5,0.0,71.0,164.0,2.3
2024-05-30 15:00:00,30.2,0.0,69.7,184.0,3.5
2024-05-30 16:00:00,31.0,0.0,67.3,226.0,4.8
2024-05-30 17:00:00,31.5,0.0,57.9,228.0,6.4
2024-05-30 18:00:00,31.3,0.0,61.7,211.0,5.4
2024-05-30 19:00:00,29.9,0.0,69.3,199.0,3.7
2024-05-30 20:00:00,29.6,0.0,71.9,183.0,1.6
2024-05-30 21:00:00,29.6,0.0,73.7,167.0,0.9
2024-05-30 22:00:00,29.6,0.0,75.2,179.0,1.2
2024-05-30 23:00:00,29.5,0.0,76.4,184.0,1.1
2024-05-31 00:00:00,29.4,0.0,76.1,184.0,0.9
2024-05-31 01:00:00,29.0,0.0,77.5,146.0,0.4
2024-05-31 02:00:00,28.7,0.0,78.9,190.0,0.7
2024-05-31 03:00:00,28.9,0.0,78.4,200.0,2.2
2024-05-31 04:00:00,28.9,0.0,76.0,194.0,1.7
2024-05-31 05:00:00,28.9,0.0,76.9,190.0,1.1
2024-05-31 06:00:00,28.9,0.0,78.2,186.0,1.4
2024-05-31 07:00:00,29.0,0.0,79.3,177.0,1.0
2024-05-31 08:00:00,29.2,0.0,79.4,165.0,0.8
2024-05-31 09:00:00,29.8,0.0,78.0,185.0,1.5
2024-05-31 10:00:00,30.5,0.0,74.0,179.0,1.5
2024-05-31 11:00:00,30.8,0.0,72.2,201.0,3.2
2024-05-31 12:00:00,31.2,0.0,69.9,169.0,2.4
2024-05-31 13:00:00,32.0,0.0,64.1,211.0,4.1
2024-05-31 14:00:00,32.2,0.0,62.7,197.0,3.6
2024-05-31 15:00:00,32.4,0.0,66.6,212.0,4.4
2024-05-31 16:00:00,31.8,0.0,64.8,194.0,2.3
2024-05-31 17:00:00,32.0,0.0,65.6,202.0,2.7
2024-05-31 18:00:00,31.2,0.0,70.6,187.0,3.0
2024-05-31 19:00:00,31.1,0.0,68.3,176.0,1.6
2024-05-31 20:00:00,30.5,0.0,72.3,199.0,2.3
2024-05-31 21:00:00,30.3,0.0,66.2,188.0,1.6
2024-05-31 22:00:00,30.0,0.0,69.8,191.0,1.7
2024-05-31 23:00:00,29.8,0.0,71.8,193.0,1.5
2024-06-01 00:00:00,29.8,0.0,74.3,197.0,2.2
2024-06-01 01:00:00,29.7,0.0,76.1,194.0,1.6
2024-06-01 02:00:00,29.6,0.0,76.7,198.0,1.5
2024-06-01 03:00:00,29.9,0.0,81.4,267.0,4.3
2024-06-01 04:00:00,24.1,0.0,93.0,165.0,3.1
2024-06-01 05:00:00,24.8,0.0,94.1,301.0,0.8
2024-06-01 06:00:00,27.6,0.0,89.5,297.0,2.2
2024-06-01 07:00:00,25.7,0.0,90.2,41.0,2.2
2024-06-01 08:00:00,25.5,0.0,91.5,154.0,0.7
2024-06-01 09:00:00,26.4,0.0,91.2,159.0,0.7
2024-06-01 10:00:00,25.9,0.0,91.6,185.0,1.3
2024-06-01 11:00:00,26.5,0.0,86.8,161.0,1.1
2024-06-01 12:00:00,25.9,0.0,85.8,144.0,2.0
2024-06-01 13:00:00,26.4,0.0,83.8,176.0,2.5
2024-06-01 14:00:00,27.2,0.0,80.9,193.0,3.5
2024-06-01 15:00:00,27.4,0.0,85.8,206.0,3.2
2024-06-01 16:00:00,28.2,0.0,77.6,178.0,2.5
2024-06-01 17:00:00,28.0,0.0,80.4,189.0,3.0
2024-06-01 18:00:00,28.1,0.0,80.4,185.0,2.4
2024-06-01 19:00:00,28.4,0.0,76.5,204.0,4.8
2024-06-01 20:00:00,27.8,0.0,75.9,195.0,2.4
2024-06-01 21:00:00,27.8,0.0,79.6,202.0,2.5
2024-06-01 22:00:00,27.7,0.0,77.9,195.0,2.1
2024-06-01 23:00:00,28.0,0.0,77.4,196.0,2.5
2024-06-02 00:00:00,28.2,0.0,80.0,234.0,2.7
2024-06-02 01:00:00,27.6,0.0,81.3,187.0,1.2
2024-06-02 02:00:00,28.0,0.0,78.1,230.0,2.0
2024-06-02 03:00:00,27.8,0.0,76.6,206.0,1.8
2024-06-02 04:00:00,28.0,0.0,75.7,234.0,2.4
2024-06-02 05:00:00,28.2,0.0,76.1,231.0,2.2
2024-06-02 06:00:00,27.9,0.0,77.5,209.0,2.6
2024-06-02 07:00:00,27.8,0.0,77.5,193.0,1.6
2024-06-02 08:00:00,28.3,0.0,76.9,221.0,2.2
2024-06-02 09:00:00,28.2,0.0,80.5,2.0,1.4
2024-06-02 10:00:00,28.9,0.0,77.0,314.0,2.0
2024-06-02 11:00:00,29.6,0.0,74.1,236.0,3.9
2024-06-02 12:00:00,29.5,0.0,75.0,250.0,4.6
2024-06-02 13:00:00,29.7,0.0,74.2,262.0,4.8
2024-06-02 14:00:00,29.4,0.0,75.5,216.0,4.6
2024-06-02 15:00:00,29.2,0.0,75.5,206.0,4.3
2024-06-02 16:00:00,28.5,0.0,80.9,189.0,2.1
2024-06-02 17:00:00,25.0,0.0,92.9,27.0,2.3
2024-06-02 18:00:00,25.2,0.0,93.4,310.0,1.0
2024-06-02 19:00:00,26.4,0.0,90.5,186.0,2.5
2024-06-02 20:00:00,26.7,0.0,89.2,180.0,2.2
2024-06-02 21:00:00,27.0,0.0,86.2,163.0,2.1
2024-06-02 22:00:00,27.0,0.0,85.4,158.0,1.7
2024-06-02 23:00:00,27.2,0.0,85.5,156.0,1.1
2024-06-03 00:00:00,26.7,0.0,88.7,312.0,0.8
2024-06-03 01:00:00,26.9,0.0,86.3,303.0,1.6
2024-06-03 02:00:00,26.7,0.0,88.3,270.0,1.9
2024-06-03 03:00:00,26.4,0.0,90.0,257.0,1.4
2024-06-03 04:00:00,26.2,0.0,89.7,113.0,1.1
2024-06-03 05:00:00,26.5,0.0,88.3,17.0,1.8
2024-06-03 06:00:00,26.9,0.0,86.5,256.0,1.1
2024-06-03 07:00:00,26.4,0.0,89.6,151.0,0.7
2024-06-03 08:00:00,27.2,0.0,88.2,180.0,0.5
2024-06-03 09:00:00,28.5,0.0,82.3,208.0,2.4
2024-06-03 10:00:00,28.7,0.0,81.2,49.0,1.4
2024-06-03 11:00:00,29.2,0.0,77.7,299.0,2.1
2024-06-03 12:00:00,29.8,0.0,71.9,194.0,2.5
2024-06-03 13:00:00,31.2,0.0,63.3,242.0,4.4
2024-06-03 14:00:00,31.8,0.0,59.3,221.0,5.5
2024-06-03 15:00:00,31.9,0.0,57.4,253.0,5.0
2024-06-03 16:00:00,32.6,0.0,59.5,250.0,4.4
2024-06-03 17:00:00,32.0,0.0,59.3,220.0,6.1
2024-06-03 18:00:00,29.4,0.0,67.0,47.0,4.2
2024-06-03 19:00:00,28.6,0.0,65.5,19.0,2.1
2024-06-03 20:00:00,27.2,0.0,78.5,32.0,2.7
2024-06-03 21:00:00,27.6,0.0,79.2,31.0,2.4
2024-06-03 22:00:00,27.8,0.0,80.6,46.0,1.9
2024-06-03 23:00:00,28.0,0.0,79.2,106.0,1.0
2024-06-04 00:00:00,28.2,0.0,79.8,36.0,2.3
2024-06-04 01:00:00,28.3,0.0,73.7,120.0,1.0
2024-06-04 02:00:00,28.1,0.0,74.7,165.0,1.0
2024-06-04 03:00:00,27.8,0.0,81.1,99.0,0.9
2024-06-04 04:00:00,27.8,0.0,80.1,219.0,2.0
2024-06-04 05:00:00,27.5,0.0,81.5,34.0,1.7
2024-06-04 06:00:00,27.4,0.0,82.2,253.0,1.0
2024-06-04 07:00:00,27.6,0.0,83.6,186.0,1.3
2024-06-04 08:00:00,28.1,0.0,82.2,109.0,0.6
2024-06-04 09:00:00,29.2,0.0,78.0,247.0,0.9
2024-06-04 10:00:00,29.8,0.0,76.7,191.0,3.5
2024-06-04 11:00:00,29.9,0.0,75.9,154.0,3.1
2024-06-04 12:00:00,30.7,0.0,68.7,184.0,4.0
2024-06-04 13:00:00,31.9,0.0,62.6,218.0,5.0
2024-06-04 14:00:00,32.4,0.0,59.0,227.0,4.4
2024-06-04 15:00:00,32.0,0.0,65.6,212.0,7.0
2024-06-04 16:00:00,31.8,0.0,67.2,211.0,7.4
2024-06-04 17:00:00,31.1,0.0,72.3,209.0,6.2
2024-06-04 18:00:00,24.1,0.0,92.9,5.0,8.7
2024-06-04 19:00:00,24.9,0.0,94.9,266.0,5.0
2024-06-04 20:00:00,25.2,0.0,95.2,271.0,5.1
2024-06-04 21:00:00,25.8,0.0,95.1,357.0,2.1
2024-06-04 22:00:00,26.2,0.0,93.1,67.0,1.3
2024-06-04 23:00:00,26.8,0.0,91.1,54.0,0.8
2024-06-05 00:00:00,26.9,0.0,91.2,43.0,0.8
2024-06-05 01:00:00,27.2,0.0,89.0,341.0,0.9
2024-06-05 02:00:00,27.6,0.0,90.3,209.0,0.9
2024-06-05 03:00:00,28.4,0.0,85.2,161.0,1.7
2024-06-05 04:00:00,28.5,0.0,84.1,181.0,1.5
2024-06-05 05:00:00,27.8,0.0,81.4,228.0,5.1
2024-06-05 06:00:00,27.0,0.0,85.5,238.0,4.6
2024-06-05 07:00:00,24.2,0.0,89.4,133.0,1.1
2024-06-05 08:00:00,25.8,0.0,87.5,160.0,1.5
2024-06-05 09:00:00,28.3,0.0,75.8,176.0,1.2
2024-06-05 10:00:00,29.4,0.0,80.3,204.0,5.6
2024-06-05 11:00:00,29.7,0.0,79.0,209.0,5.3
2024-06-05 12:00:00,30.4,0.0,78.1,236.0,4.7
2024-06-05 13:00:00,31.5,0.0,69.6,224.0,4.5
2024-06-05 14:00:00,31.9,0.0,67.6,220.0,6.1
2024-06-05 15:00:00,32.4,0.0,64.2,228.0,5.4
2024-06-05 16:00:00,32.2,0.0,64.8,208.0,6.8
2024-06-05 17:00:00,32.0,0.0,66.3,208.0,7.1
2024-06-05 18:00:00,31.4,0.0,66.1,198.0,4.6
2024-06-05 19:00:00,30.9,0.0,68.4,200.0,4.2
2024-06-05 20:00:00,30.6,0.0,67.4,178.0,2.9
2024-06-05 21:00:00,30.4,0.0,69.2,155.0,2.9
2024-06-05 22:00:00,30.1,0.0,71.8,156.0,2.7
2024-06-05 23:00:00,29.8,0.0,75.0,166.0,2.5
2024-06-06 00:00:00,29.9,0.0,76.3,159.0,2.9
2024-06-06 01:00:00,29.8,0.0,75.6,148.0,2.8
2024-06-06 02:00:00,29.7,0.0,76.7,151.0,2.2
2024-06-06 03:00:00,29.7,0.0,76.0,154.0,2.2
2024-06-06 04:00:00,29.8,0.0,70.7,144.0,2.5
2024-06-06 05:00:00,29.5,0.0,74.8,141.0,2.3
2024-06-06 06:00:00,29.2,0.0,76.7,165.0,2.4
2024-06-06 07:00:00,29.4,0.0,75.3,150.0,2.5
2024-06-06 08:00:00,29.6,0.0,75.8,151.0,2.7
2024-06-06 09:00:00,30.3,0.0,72.2,146.0,2.2
2024-06-06 10:00:00,30.9,0.0,71.1,168.0,2.5
2024-06-06 11:00:00,31.8,0.0,67.1,191.0,4.1
2024-06-06 12:00:00,31.9,0.0,63.1,185.0,4.0
2024-06-06 13:00:00,33.0,0.0,66.1,214.0,4.8
2024-06-06 14:00:00,30.7,0.0,70.3,198.0,5.3
2024-06-06 15:00:00,28.0,0.0,80.1,43.0,4.1
2024-06-06 16:00:00,27.0,0.0,82.7,49.0,3.8
2024-06-06 17:00:00,28.5,0.0,73.7,32.0,2.7
2024-06-06 18:00:00,28.2,0.0,74.8,65.0,1.5
2024-06-06 19:00:00,28.4,0.0,71.2,301.0,1.1
2024-06-06 20:00:00,28.0,0.0,76.8,306.0,0.6
2024-06-06 21:00:00,28.4,0.0,70.8,43.0,1.2
2024-06-06 22:00:00,27.8,0.0,80.8,13.0,1.2
2024-06-06 23:00:00,28.0,0.0,77.5,83.0,1.7
2024-06-07 00:00:00,27.6,0.0,82.9,47.0,1.3
2024-06-07 01:00:00,27.8,0.0,79.7,24.0,1.9
2024-06-07 02:00:00,27.7,0.0,75.9,22.0,2.5
2024-06-07 03:00:00,27.9,0.0,76.1,16.0,1.8
2024-06-07 04:00:00,28.0,0.0,75.7,27.0,1.7
2024-06-07 05:00:00,27.8,0.0,74.8,28.0,2.6
2024-06-07 06:00:00,27.3,0.0,78.2,61.0,1.4
2024-06-07 07:00:00,27.7,0.0,77.6,21.0,1.9
2024-06-07 08:00:00,27.7,0.0,81.8,48.0,0.6
2024-06-07 09:00:00,28.6,0.0,77.0,290.0,3.2
2024-06-07 10:00:00,29.4,0.0,72.3,292.0,2.0
2024-06-07 11:00:00,30.5,0.0,67.4,293.0,3.8
2024-06-07 12:00:00,30.3,0.0,70.3,273.0,4.9
2024-06-07 13:00:00,30.9,0.0,68.2,262.0,5.3
2024-06-07 14:00:00,30.7,0.0,71.3,232.0,4.9
2024-06-07 15:00:00,30.5,0.0,70.1,233.0,3.5
2024-06-07 16:00:00,30.4,0.0,71.5,226.0,3.6
2024-06-07 17:00:00,30.5,0.0,67.7,206.0,5.0
2024-06-07 18:00:00,30.3,0.0,71.7,205.0,4.7
2024-06-07 19:00:00,29.9,0.0,73.0,205.0,4.1
2024-06-07 20:00:00,29.2,0.0,75.9,196.0,3.1
2024-06-07 21:00:00,29.4,0.0,76.3,197.0,2.9
2024-06-07 22:00:00,29.4,0.0,75.0,182.0,2.1
2024-06-07 23:00:00,29.4,0.0,74.0,162.0,1.9
2024-06-08 00:00:00,29.1,0.0,76.3,184.0,2.3
2024-06-08 01:00:00,29.1,0.0,77.5,187.0,2.0
2024-06-08 02:00:00,28.9,0.0,79.3,50.0,1.0
2024-06-08 03:00:00,29.1,0.0,77.7,167.0,2.0
2024-06-08 04:00:00,28.9,0.0,80.2,186.0,2.1
2024-06-08 05:00:00,28.7,0.0,82.6,82.0,0.7
2024-06-08 06:00:00,28.4,0.0,82.5,191.0,0.8
2024-06-08 07:00:00,28.7,0.0,79.6,200.0,2.5
2024-06-08 08:00:00,29.1,0.0,78.4,201.0,2.2
2024-06-08 09:00:00,30.0,0.0,73.6,204.0,2.8
2024-06-08 10:00:00,28.8,0.0,71.0,272.0,13.9
2024-06-08 11:00:00,27.8,0.0,79.9,270.0,3.9
2024-06-08 12:00:00,28.5,0.0,73.9,281.0,4.1
2024-06-08 13:00:00,30.1,0.0,68.6,235.0,3.5
2024-06-08 14:00:00,30.8,0.0,63.2,265.0,5.9
2024-06-08 15:00:00,31.3,0.0,61.0,290.0,4.0
2024-06-08 16:00:00,30.5,0.0,64.8,280.0,3.7
2024-06-08 17:00:00,30.4,0.0,65.2,266.0,2.6
2024-06-08 18:00:00,29.9,0.0,74.4,9.0,1.2
2024-06-08 19:00:00,29.6,0.0,75.6,12.0,1.5
2024-06-08 20:00:00,29.3,0.0,78.3,32.0,1.0
2024-06-08 21:00:00,29.3,0.0,75.5,55.0,0.9
2024-06-08 22:00:00,29.0,0.0,78.1,154.0,1.0
2024-06-08 23:00:00,29.3,0.0,78.2,154.0,1.9
2024-06-09 00:00:00,29.1,0.0,80.2,152.0,1.2
2024-06-09 01:00:00,28.6,0.0,80.8,158.0,1.3
2024-06-09 02:00:00,28.6,0.0,77.2,179.0,2.9
2024-06-09 03:00:00,28.6,0.0,76.7,184.0,2.2
2024-06-09 04:00:00,28.5,0.0,75.3,194.0,2.1
2024-06-09 05:00:00,28.4,0.0,78.5,191.0,2.0
2024-06-09 06:00:00,28.4,0.0,81.8,176.0,2.0
2024-06-09 07:00:00,28.7,0.0,80.8,167.0,1.7
2024-06-09 08:00:00,29.1,0.0,78.7,143.0,1.4
2024-06-09 09:00:00,28.5,0.0,72.4,238.0,4.5
2024-06-09 10:00:00,30.2,0.0,68.3,254.0,3.9
2024-06-09 11:00:00,30.6,0.0,76.7,247.0,5.4
2024-06-09 12:00:00,25.9,0.0,82.6,293.0,9.0
2024-06-09 13:00:00,28.9,0.0,65.0,222.0,7.3
2024-06-09 14:00:00,28.8,0.0,62.1,202.0,2.1
2024-06-09 15:00:00,30.8,0.0,61.0,217.0,3.6
2024-06-09 16:00:00,30.5,0.0,64.7,253.0,4.2
2024-06-09 17:00:00,30.9,0.0,62.1,258.0,3.8
2024-06-09 18:00:00,30.5,0.0,68.6,220.0,3.3
2024-06-09 19:00:00,29.6,0.0,75.6,194.0,2.5
2024-06-09 20:00:00,29.3,0.0,78.2,201.0,2.7
2024-06-09 21:00:00,29.3,0.0,76.8,190.0,1.8
2024-06-09 22:00:00,29.6,0.0,73.3,201.0,2.5
2024-06-09 23:00:00,29.4,0.0,76.4,190.0,2.3
2024-06-10 00:00:00,29.2,0.0,76.9,184.0,1.5
2024-06-10 01:00:00,29.2,0.0,75.0,182.0,2.1
2024-06-10 02:00:00,28.8,0.0,80.3,195.0,2.6
2024-06-10 03:00:00,28.9,0.0,77.0,196.0,2.1
2024-06-10 04:00:00,28.9,0.0,78.3,196.0,2.4
2024-06-10 05:00:00,28.5,0.0,80.0,193.0,1.6
2024-06-10 06:00:00,28.7,0.0,80.6,208.0,2.0
2024-06-10 07:00:00,28.6,0.0,80.6,201.0,2.5
2024-06-10 08:00:00,28.9,0.0,81.3,207.0,3.8
2024-06-10 09:00:00,28.5,0.0,80.3,196.0,2.4
2024-06-10 10:00:00,29.8,0.0,75.3,226.0,4.0
2024-06-10 11:00:00,29.4,0.0,74.4,202.0,4.2
2024-06-10 12:00:00,30.4,0.0,70.9,235.0,3.8
2024-06-10 13:00:00,31.0,0.0,70.3,245.0,5.2
2024-06-10 14:00:00,32.2,0.0,66.7,254.0,5.1
2024-06-10 15:00:00,31.2,0.0,69.4,249.0,5.2
2024-06-10 16:00:00,30.6,0.0,70.4,241.0,3.7
2024-06-10 17:00:00,30.2,0.0,71.8,199.0,3.0
2024-06-10 18:00:00,30.3,0.0,70.1,193.0,2.8
2024-06-10 19:00:00,30.2,0.0,70.9,191.0,2.6
2024-06-10 20:00:00,30.1,0.0,67.7,178.0,1.8
2024-06-10 21:00:00,29.9,0.0,73.3,189.0,2.4
2024-06-10 22:00:00,29.6,0.0,75.8,181.0,1.9
2024-06-10 23:00:00,29.7,0.0,72.9,156.0,1.9
2024-06-11 00:00:00,29.6,0.0,75.2,168.0,2.5
2024-06-11 01:00:00,29.4,0.0,77.7,162.0,1.8
2024-06-11 02:00:00,29.4,0.0,74.3,168.0,1.6
2024-06-11 03:00:00,28.7,0.0,81.3,20.0,1.6
2024-06-11 04:00:00,28.3,0.0,82.3,254.0,2.5
2024-06-11 05:00:00,28.1,0.0,82.5,260.0,1.5
2024-06-11 06:00:00,27.6,0.0,84.7,155.0,1.4
2024-06-11 07:00:00,27.9,0.0,84.7,40.0,0.9
2024-06-11 08:00:00,27.8,0.0,86.2,56.0,1.1
2024-06-11 09:00:00,29.1,0.0,82.6,212.0,2.6
2024-06-11 10:00:00,30.9,0.0,67.0,201.0,4.0
2024-06-11 11:00:00,31.6,0.0,64.0,225.0,4.5
2024-06-11 12:00:00,32.1,0.0,63.6,225.0,5.7
2024-06-11 13:00:00,33.3,0.0,48.9,227.0,5.5
2024-06-11 14:00:00,33.8,0.0,57.6,226.0,4.5
2024-06-11 15:00:00,32.6,0.0,63.9,227.0,6.4
2024-06-11 16:00:00,32.7,0.0,61.8,244.0,5.6
2024-06-11 17:00:00,29.4,0.0,64.2,93.0,1.5
2024-06-11 18:00:00,28.6,0.0,62.1,42.0,3.6
2024-06-11 19:00:00,28.2,0.0,71.2,30.0,2.2
2024-06-11 20:00:00,28.2,0.0,71.5,132.0,1.1
2024-06-11 21:00:00,28.4,0.0,72.7,148.0,0.7
2024-06-11 22:00:00,28.8,0.0,71.4,124.0,1.2
2024-06-11 23:00:00,28.7,0.0,75.4,21.0,1.5
2024-06-12 00:00:00,28.3,0.0,76.9,34.0,1.3
2024-06-12 01:00:00,28.1,0.0,78.2,27.0,0.6
2024-06-12 02:00:00,28.0,0.0,81.0,40.0,2.5
2024-06-12 03:00:00,27.2,0.0,87.1,154.0,0.6
2024-06-12 04:00:00,27.1,0.0,86.2,129.0,0.5
2024-06-12 05:00:00,27.2,0.0,85.1,37.0,0.7
2024-06-12 06:00:00,27.5,0.0,84.3,40.0,1.8
2024-06-12 07:00:00,27.4,0.0,84.3,67.0,0.8
2024-06-12 08:00:00,27.9,0.0,84.8,38.0,1.0
2024-06-12 09:00:00,28.3,0.0,72.6,233.0,5.5
2024-06-12 10:00:00,27.7,0.0,77.6,173.0,0.8
2024-06-12 11:00:00,28.7,0.0,75.3,268.0,1.2
2024-06-12 12:00:00,28.8,0.0,81.6,175.0,1.5
2024-06-12 13:00:00,29.4,0.0,81.0,230.0,2.5
2024-06-12 14:00:00,29.4,0.0,78.9,204.0,3.7
2024-06-12 15:00:00,29.7,0.0,75.0,201.0,4.2
2024-06-12 16:00:00,30.6,0.0,69.2,202.0,4.0
2024-06-12 17:00:00,31.0,0.0,67.0,204.0,5.4
2024-06-12 18:00:00,30.6,0.0,65.3,199.0,4.0
2024-06-12 19:00:00,30.0,0.0,64.2,193.0,2.9
2024-06-12 20:00:00,29.5,0.0,68.6,194.0,2.6
2024-06-12 21:00:00,29.5,0.0,68.3,179.0,1.7
2024-06-12 22:00:00,29.0,0.0,71.0,183.0,0.4
2024-06-12 23:00:00,28.3,0.0,75.0,162.0,0.9
2024-06-13 00:00:00,27.8,0.0,76.4,56.0,1.7
2024-06-13 01:00:00,28.3,0.0,74.8,11.0,1.7
2024-06-13 02:00:00,27.9,0.0,78.7,28.0,1.4
2024-06-13 03:00:00,27.4,0.0,76.5,15.0,0.9
2024-06-13 04:00:00,27.6,0.0,77.2,83.0,1.0
2024-06-13 05:00:00,27.3,0.0,79.9,51.0,0.9
2024-06-13 06:00:00,27.5,0.0,81.2,25.0,2.0
2024-06-13 07:00:00,27.3,0.0,82.0,36.0,2.0
2024-06-13 08:00:00,27.6,0.0,81.0,48.0,1.5
2024-06-13 09:00:00,28.6,0.0,78.9,24.0,0.8
2024-06-13 10:00:00,29.4,0.0,76.4,24.0,2.0
2024-06-13 11:00:00,30.0,0.0,74.7,258.0,1.5
2024-06-13 12:00:00,30.0,0.0,74.4,256.0,3.7
2024-06-13 13:00:00,31.4,0.0,66.0,263.0,5.6
2024-06-13 14:00:00,32.7,0.0,62.0,247.0,4.5
2024-06-13 15:00:00,32.7,0.0,64.2,245.0,5.4
2024-06-13 16:00:00,32.7,0.0,60.1,244.0,5.0
2024-06-13 17:00:00,31.9,0.0,62.1,267.0,4.8
2024-06-13 18:00:00,32.1,0.0,65.4,241.0,4.7
2024-06-13 19:00:00,31.3,0.0,66.1,217.0,3.1
2024-06-13 20:00:00,30.4,0.0,71.5,195.0,2.9
2024-06-13 21:00:00,29.5,0.0,71.1,137.0,1.5
2024-06-13 22:00:00,30.0,0.0,67.6,158.0,1.2
2024-06-13 23:00:00,28.9,0.0,76.1,167.0,1.0
2024-06-14 00:00:00,28.9,0.0,78.6,162.0,1.0
2024-06-14 01:00:00,28.3,0.0,78.9,142.0,0.5
2024-06-14 02:00:00,28.5,0.0,78.1,186.0,0.8
2024-06-14 03:00:00,28.5,0.0,79.0,71.0,0.9
2024-06-14 04:00:00,29.1,0.0,75.7,153.0,1.3
2024-06-14 05:00:00,28.5,0.0,79.7,110.0,0.6
2024-06-14 06:00:00,28.7,0.0,78.8,164.0,1.4
2024-06-14 07:00:00,28.4,0.0,80.6,250.0,2.3
2024-06-14 08:00:00,28.4,0.0,80.8,138.0,1.1
2024-06-14 09:00:00,29.4,0.0,78.4,309.0,1.4
2024-06-14 10:00:00,30.1,0.0,76.6,301.0,2.3
2024-06-14 11:00:00,30.5,0.0,69.0,230.0,3.5
2024-06-14 12:00:00,31.8,0.0,66.6,260.0,5.4
2024-06-14 13:00:00,31.2,0.0,69.9,259.0,4.9
2024-06-14 14:00:00,30.9,0.0,70.9,257.0,5.1
2024-06-14 15:00:00,30.7,0.0,66.1,280.0,7.9
2024-06-14 16:00:00,30.1,0.0,75.4,303.0,3.8
2024-06-14 17:00:00,29.3,0.0,77.0,50.0,1.8
2024-06-14 18:00:00,29.5,0.0,76.3,45.0,2.2
2024-06-14 19:00:00,28.8,0.0,78.1,127.0,0.9
2024-06-14 20:00:00,28.3,0.0,80.6,39.0,2.0
2024-06-14 21:00:00,28.5,0.0,78.4,62.0,0.9
2024-06-14 22:00:00,28.4,0.0,78.3,187.0,0.8
2024-06-14 23:00:00,28.0,0.0,81.1,194.0,0.5
2024-06-15 00:00:00,28.7,0.0,79.9,314.0,1.5
2024-06-15 01:00:00,28.7,0.0,82.2,233.0,1.6
2024-06-15 02:00:00,28.5,0.0,83.7,341.0,0.7
2024-06-15 03:00:00,27.9,0.0,85.1,35.0,0.7
2024-06-15 04:00:00,28.1,0.0,84.4,31.0,0.7
2024-06-15 05:00:00,27.8,0.0,84.8,201.0,1.1
2024-06-15 06:00:00,28.5,0.0,81.8,201.0,2.0
2024-06-15 07:00:00,29.1,0.0,78.8,212.0,2.5
2024-06-15 08:00:00,28.3,0.0,80.2,305.0,3.2
2024-06-15 09:00:00,29.2,0.0,77.2,281.0,2.1
2024-06-15 10:00:00,29.9,0.0,77.0,238.0,3.0
2024-06-15 11:00:00,30.2,0.0,74.3,261.0,4.6
2024-06-15 12:00:00,30.8,0.0,71.5,262.0,5.2
2024-06-15 13:00:00,31.3,0.0,68.3,303.0,4.4
2024-06-15 14:00:00,31.4,0.0,67.8,302.0,4.4
2024-06-15 15:00:00,31.1,0.0,66.9,282.0,5.1
2024-06-15 16:00:00,31.0,0.0,67.0,287.0,7.0
2024-06-15 17:00:00,30.5,0.0,70.8,303.0,5.0
2024-06-15 18:00:00,30.6,0.0,68.4,293.0,4.0
2024-06-15 19:00:00,30.1,0.0,73.6,297.0,2.9
2024-06-15 20:00:00,29.7,0.0,72.7,48.0,1.3
2024-06-15 21:00:00,29.6,0.0,75.6,350.0,0.8
2024-06-15 22:00:00,29.8,0.0,74.1,221.0,2.5
2024-06-15 23:00:00,29.6,0.0,74.4,209.0,2.0
2024-06-16 00:00:00,29.5,0.0,75.3,205.0,2.1
2024-06-16 01:00:00,29.6,0.0,74.1,198.0,2.1
2024-06-16 02:00:00,28.8,0.0,81.8,200.0,5.3
2024-06-16 03:00:00,25.0,0.0,82.0,6.0,1.6
2024-06-16 04:00:00,25.2,0.0,87.2,159.0,1.3
2024-06-16 05:00:00,24.7,0.0,89.2,342.0,0.5
2024-06-16 06:00:00,24.8,0.0,89.9,112.0,0.8
2024-06-16 07:00:00,24.9,0.0,88.4,116.0,0.8
2024-06-16 08:00:00,25.6,0.0,84.8,159.0,0.9
2024-06-16 09:00:00,25.62,0.0,84.72111111111111,158.94444444444446,0.9074074074074074
2024-06-16 10:00:00,25.64,0.0,84.64222222222222,158.88888888888889,0.9148148148148149
2024-06-16 11:00:00,25.66,0.0,84.56333333333333,158.83333333333334,0.9222222222222223
2024-06-16 12:00:00,,,,,
2024-06-16 13:00:00,,,,,
2024-06-16 14:00:00,,,,,
2024-06-16 15:00:00,,,,,
2024-06-16 16:00:00,,,,,
2024-06-16 17:00:00,,,,,
2024-06-16 18:00:00,,,,,
2024-06-16 19:00:00,,,,,
2024-06-16 20:00:00,,,,,
2024-06-16 21:00:00,,,,,
2024-06-16 22:00:00,,,,,
2024-06-16 23:00:00,,,,,
2024-06-17 00:00:00,,,,,
2024-06-17 01:00:00,,,,,
2024-06-17 02:00:00,,,,,
2024-06-17 03:00:00,,,,,
2024-06-17 04:00:00,,,,,
2024-06-17 05:00:00,,,,,
2024-06-17 06:00:00,,,,,
2024-06-17 07:00:00,,,,,
2024-06-17 08:00:00,,,,,
2024-06-17 09:00:00,,,,,
2024-06-17 10:00:00,,,,,
2024-06-17 11:00:00,,,,,
2024-06-17 12:00:00,,,,,
2024-06-17 13:00:00,,,,,
2024-06-17 14:00:00,,,,,
2024-06-17 15:00:00,,,,,
2024-06-17 16:00:00,,,,,
2024-06-17 17:00:00,,,,,
2024-06-17 18:00:00,,,,,
2024-06-17 19:00:00,,,,,
2024-06-17 20:00:00,,,,,
2024-06-17 21:00:00,,,,,
2024-06-17 22:00:00,,,,,
2024-06-17 23:00:00,,,,,
2024-06-18 00:00:00,,,,,
2024-06-18 01:00:00,,,,,
2024-06-18 02:00:00,,,,,
2024-06-18 03:00:00,,,,,
2024-06-18 04:00:00,,,,,
2024-06-18 05:00:00,,,,,
2024-06-18 06:00:00,,,,,
2024-06-18 07:00:00,,,,,
2024-06-18 08:00:00,,,,,
2024-06-18 09:00:00,,,,,
2024-06-18 10:00:00,,,,,
2024-06-18 11:00:00,,,,,
2024-06-18 12:00:00,,,,,
2024-06-18 13:00:00,,,,,
2024-06-18 14:00:00,,,,,
2024-06-18 15:00:00,,,,,
2024-06-18 16:00:00,,,,,
2024-06-18 17:00:00,,,,,
2024-06-18 18:00:00,,,,,
2024-06-18 19:00:00,,,,,
2024-06-18 20:00:00,,,,,
2024-06-18 21:00:00,,,,,
2024-06-18 22:00:00,,,,,
2024-06-18 23:00:00,,,,,
2024-06-19 00:00:00,,,,,
2024-06-19 01:00:00,,,,,
2024-06-19 02:00:00,,,,,
2024-06-19 03:00:00,,,,,
2024-06-19 04:00:00,,,,,
2024-06-19 05:00:00,,,,,
2024-06-19 06:00:00,,,,,
2024-06-19 07:00:00,,,,,
2024-06-19 08:00:00,,,,,
2024-06-19 09:00:00,,,,,
2024-06-19 10:00:00,,,,,
2024-06-19 11:00:00,,,,,
2024-06-19 12:00:00,,,,,
2024-06-19 13:00:00,,,,,
2024-06-19 14:00:00,,,,,
2024-06-19 15:00:00,,,,,
2024-06-19 16:00:00,,,,,
2024-06-19 17:00:00,,,,,
2024-06-19 18:00:00,,,,,
2024-06-19 19:00:00,,,,,
2024-06-19 20:00:00,,,,,
2024-06-19 21:00:00,,,,,
2024-06-19 22:00:00,,,,,
2024-06-19 23:00:00,,,,,
2024-06-20 00:00:00,,,,,
2024-06-20 01:00:00,,,,,
2024-06-20 02:00:00,,,,,
2024-06-20 03:00:00,,,,,
2024-06-20 04:00:00,,,,,
2024-06-20 05:00:00,,,,,
2024-06-20 06:00:00,,,,,
2024-06-20 07:00:00,,,,,
2024-06-20 08:00:00,,,,,
2024-06-20 09:00:00,,,,,
2024-06-20 10:00:00,,,,,
2024-06-20 11:00:00,,,,,
2024-06-20 12:00:00,,,,,
2024-06-20 13:00:00,,,,,
2024-06-20 14:00:00,,,,,
2024-06-20 15:00:00,,,,,
2024-06-20 16:00:00,,,,,
2024-06-20 17:00:00,,,,,
2024-06-20 18:00:00,,,,,
2024-06-20 19:00:00,,,,,
2024-06-20 20:00:00,,,,,
2024-06-20 21:00:00,,,,,
2024-06-20 22:00:00,,,,,
2024-06-20 23:00:00,,,,,
2024-06-21 00:00:00,,,,,
2024-06-21 01:00:00,,,,,
2024-06-21 02:00:00,,,,,
2024-06-21 03:00:00,,,,,
2024-06-21 04:00:00,,,,,
2024-06-21 05:00:00,,,,,
2024-06-21 06:00:00,,,,,
2024-06-21 07:00:00,,,,,
2024-06-21 08:00:00,,,,,
2024-06-21 09:00:00,,,,,
2024-06-21 10:00:00,,,,,
2024-06-21 11:00:00,,,,,
2024-06-21 12:00:00,,,,,
2024-06-21 13:00:00,,,,,
2024-06-21 14:00:00,,,,,
2024-06-21 15:00:00,,,,,
2024-06-21 16:00:00,,,,,
2024-06-21 17:00:00,,,,,
2024-06-21 18:00:00,,,,,
2024-06-21 19:00:00,,,,,
2024-06-21 20:00:00,,,,,
2024-06-21 21:00:00,,,,,
2024-06-21 22:00:00,,,,,
2024-06-21 23:00:00,,,,,
2024-06-22 00:00:00,,,,,
2024-06-22 01:00:00,,,,,
2024-06-22 02:00:00,,,,,
2024-06-22 03:00:00,,,,,
2024-06-22 04:00:00,,,,,
2024-06-22 05:00:00,,,,,
2024-06-22 06:00:00,,,,,
2024-06-22 07:00:00,,,,,
2024-06-22 08:00:00,,,,,
2024-06-22 09:00:00,,,,,
2024-06-22 10:00:00,,,,,
2024-06-22 11:00:00,,,,,
2024-06-22 12:00:00,,,,,
2024-06-22 13:00:00,,,,,
2024-06-22 14:00:00,,,,,
2024-06-22 15:00:00,,,,,
2024-06-22 16:00:00,,,,,
2024-06-22 17:00:00,,,,,
2024-06-22 18:00:00,,,,,
2024-06-22 19:00:00,,,,,
2024-06-22 20:00:00,,,,,
2024-06-22 21:00:00,,,,,
2024-06-22 22:00:00,,,,,
2024-06-22 23:00:00,,,,,
2024-06-23 00:00:00,,,,,
2024-06-23 01:00:00,,,,,
2024-06-23 02:00:00,,,,,
2024-06-23 03:00:00,,,,,
2024-06-23 04:00:00,,,,,
2024-06-23 05:00:00,,,,,
2024-06-23 06:00:00,,,,,
2024-06-23 07:00:00,,,,,
2024-06-23 08:00:00,,,,,
2024-06-23 09:00:00,,,,,
2024-06-23 10:00:00,,,,,
2024-06-23 11:00:00,,,,,
2024-06-23 12:00:00,,,,,
2024-06-23 13:00:00,,,,,
2024-06-23 14:00:00,,,,,
2024-06-23 15:00:00,,,,,
2024-06-23 16:00:00,,,,,
2024-06-23 17:00:00,,,,,
2024-06-23 18:00:00,,,,,
2024-06-23 19:00:00,,,,,
2024-06-23 20:00:00,,,,,
2024-06-23 21:00:00,,,,,
2024-06-23 22:00:00,,,,,
2024-06-23 23:00:00,,,,,
2024-06-24 00:00:00,,,,,
2024-06-24 01:00:00,,,,,
2024-06-24 02:00:00,,,,,
2024-06-24 03:00:00,,,,,
2024-06-24 04:00:00,,,,,
2024-06-24 05:00:00,,,,,
2024-06-24 06:00:00,,,,,
2024-06-24 07:00:00,,,,,
2024-06-24 08:00:00,,,,,
2024-06-24 09:00:00,,,,,
2024-06-24 10:00:00,,,,,
2024-06-24 11:00:00,,,,,
2024-06-24 12:00:00,,,,,
2024-06-24 13:00:00,,,,,
2024-06-24 14:00:00,,,,,
2024-06-24 15:00:00,,,,,
2024-06-24 16:00:00,,,,,
2024-06-24 17:00:00,,,,,
2024-06-24 18:00:00,,,,,
2024-06-24 19:00:00,,,,,
2024-06-24 20:00:00,,,,,
2024-06-24 21:00:00,,,,,
2024-06-24 22:00:00,,,,,
2024-06-24 23:00:00,,,,,
2024-06-25 00:00:00,,,,,
2024-06-25 01:00:00,,,,,
2024-06-25 02:00:00,,,,,
2024-06-25 03:00:00,,,,,
2024-06-25 04:00:00,,,,,
2024-06-25 05:00:00,,,,,
2024-06-25 06:00:00,,,,,
2024-06-25 07:00:00,,,,,
2024-06-25 08:00:00,,,,,
2024-06-25 09:00:00,,,,,
2024-06-25 10:00:00,,,,,
2024-06-25 11:00:00,,,,,
2024-06-25 12:00:00,,,,,
2024-06-25 13:00:00,,,,,
2024-06-25 14:00:00,,,,,
2024-06-25 15:00:00,,,,,
2024-06-25 16:00:00,,,,,
2024-06-25 17:00:00,,,,,
2024-06-25 18:00:00,,,,,
2024-06-25 19:00:00,,,,,
2024-06-25 20:00:00,,,,,
2024-06-25 21:00:00,,,,,
2024-06-25 22:00:00,,,,,
2024-06-25 23:00:00,,,,,
2024-06-26 00:00:00,,,,,
2024-06-26 01:00:00,,,,,
2024-06-26 02:00:00,,,,,
2024-06-26 03:00:00,,,,,
2024-06-26 04:00:00,,,,,
2024-06-26 05:00:00,,,,,
2024-06-26 06:00:00,,,,,
2024-06-26 07:00:00,,,,,
2024-06-26 08:00:00,,,,,
2024-06-26 09:00:00,,,,,
2024-06-26 10:00:00,,,,,
2024-06-26 11:00:00,,,,,
2024-06-26 12:00:00,,,,,
2024-06-26 13:00:00,,,,,
2024-06-26 14:00:00,,,,,
2024-06-26 15:00:00,,,,,
2024-06-26 16:00:00,,,,,
2024-06-26 17:00:00,,,,,
2024-06-26 18:00:00,,,,,
2024-06-26 19:00:00,,,,,
2024-06-26 20:00:00,,,,,
2024-06-26 21:00:00,,,,,
2024-06-26 22:00:00,,,,,
2024-06-26 23:00:00,,,,,
2024-06-27 00:00:00,,,,,
2024-06-27 01:00:00,,,,,
2024-06-27 02:00:00,,,,,
2024-06-27 03:00:00,,,,,
2024-06-27 04:00:00,,,,,
2024-06-27 05:00:00,,,,,
2024-06-27 06:00:00,,,,,
2024-06-27 07:00:00,,,,,
2024-06-27 08:00:00,,,,,
2024-06-27 09:00:00,,,,,
2024-06-27 10:00:00,,,,,
2024-06-27 11:00:00,30.94,0.0,63.736666666666665,144.16666666666666,2.8777777777777778
2024-06-27 12:00:00,30.96,0.0,63.65777777777778,144.11111111111111,2.8851851851851853
2024-06-27 13:00:00,30.98,0.0,63.57888888888888,144.05555555555554,2.892592592592593
2024-06-27 14:00:00,31.0,0.0,63.5,144.0,2.9
2024-06-27 15:00:00,31.1,0.0,60.1,146.0,3.2
2024-06-27 16:00:00,31.2,0.0,60.1,157.0,3.0
2024-06-27 17:00:00,31.2,0.0,61.6,134.0,2.9
2024-06-27 18:00:00,30.1,0.0,65.5,147.0,0.9
2024-06-27 19:00:00,29.3,0.0,71.2,2.0,1.9
2024-06-27 20:00:00,29.0,0.0,77.5,80.0,0.7
2024-06-27 21:00:00,28.8,0.0,79.4,27.0,1.8
2024-06-27 22:00:00,28.6,0.0,80.3,38.0,0.9
2024-06-27 23:00:00,28.5,0.0,77.9,160.0,0.9
2024-06-28 00:00:00,28.8,0.0,76.5,76.0,1.2
2024-06-28 01:00:00,28.4,0.0,78.4,144.0,0.9
2024-06-28 02:00:00,28.4,0.0,78.0,22.0,1.1
2024-06-28 03:00:00,28.0,0.0,82.4,80.0,0.9
2024-06-28 04:00:00,28.0,0.0,79.8,211.0,1.0
2024-06-28 05:00:00,28.5,0.0,73.8,268.0,1.5
2024-06-28 06:00:00,27.8,0.0,77.3,43.0,0.8
2024-06-28 07:00:00,27.6,0.0,80.0,85.0,0.8
2024-06-28 08:00:00,28.1,0.0,77.6,77.0,1.0
2024-06-28 09:00:00,29.1,0.0,75.0,302.0,3.8
2024-06-28 10:00:00,30.8,0.0,64.3,196.0,2.1
2024-06-28 11:00:00,31.4,0.0,64.9,316.0,5.1
2024-06-28 12:00:00,30.4,0.0,73.1,282.0,6.4
2024-06-28 13:00:00,30.6,0.0,65.9,185.0,5.4
2024-06-28 14:00:00,29.1,0.0,65.3,137.0,2.3
2024-06-28 15:00:00,31.7,0.0,64.3,157.0,2.9
2024-06-28 16:00:00,29.5,0.0,70.7,165.0,4.2
2024-06-28 17:00:00,28.2,0.0,76.0,148.0,2.0
2024-06-28 18:00:00,28.3,0.0,78.5,78.0,1.7
2024-06-28 19:00:00,28.2,0.0,77.3,26.0,1.8
2024-06-28 20:00:00,28.9,0.0,74.3,246.0,1.7
2024-06-28 21:00:00,28.7,0.0,73.8,230.0,0.8
2024-06-28 22:00:00,28.7,0.0,72.3,49.0,2.6
2024-06-28 23:00:00,27.0,0.2,86.3,161.0,1.4
2024-06-29 00:00:00,27.2,0.0,83.8,28.0,2.4
2024-06-29 01:00:00,27.1,0.0,85.3,39.0,2.0
2024-06-29 02:00:00,27.1,0.0,86.1,14.0,0.8
2024-06-29 03:00:00,27.1,0.0,85.8,38.0,0.7
2024-06-29 04:00:00,27.4,0.0,84.5,22.0,2.1
2024-06-29 05:00:00,27.5,0.0,83.3,10.0,1.9
2024-06-29 06:00:00,27.1,0.0,85.6,30.0,1.6
2024-06-29 07:00:00,27.3,0.0,84.2,308.0,1.2
2024-06-29 08:00:00,27.2,0.0,77.5,288.0,7.1
2024-06-29 09:00:00,27.6,0.0,80.2,284.0,2.5
2024-06-29 10:00:00,28.4,0.0,77.3,284.0,3.5
2024-06-29 11:00:00,28.2,0.0,83.6,275.0,3.5
2024-06-29 12:00:00,26.7,0.0,86.1,181.0,1.4
2024-06-29 13:00:00,29.2,0.0,76.7,243.0,4.4
2024-06-29 14:00:00,30.1,0.0,70.6,233.0,3.9
2024-06-29 15:00:00,30.8,0.0,67.6,230.0,4.7
2024-06-29 16:00:00,31.1,0.0,66.9,218.0,4.9
2024-06-29 17:00:00,30.2,0.0,69.2,202.0,4.0
2024-06-29 18:00:00,29.6,0.0,75.3,195.0,3.3
2024-06-29 19:00:00,29.5,0.0,70.9,200.0,3.0
2024-06-29 20:00:00,29.6,0.0,68.3,186.0,2.2
2024-06-29 21:00:00,29.1,0.0,70.8,185.0,2.1
2024-06-29 22:00:00,29.3,0.0,68.3,174.0,2.0
2024-06-29 23:00:00,29.3,0.0,67.4,171.0,2.4
2024-06-30 00:00:00,28.9,0.0,74.2,174.0,2.1
2024-06-30 01:00:00,28.8,0.0,73.8,175.0,2.1
2024-06-30 02:00:00,28.7,0.0,75.2,170.0,0.6
2024-06-30 03:00:00,28.7,0.0,75.8,190.0,1.2
2024-06-30 04:00:00,28.7,0.0,75.3,158.0,1.0
2024-06-30 05:00:00,28.5,0.0,77.3,25.0,1.2
2024-06-30 06:00:00,27.9,0.0,81.6,32.0,1.3
2024-06-30 07:00:00,25.8,1.4,84.1,196.0,5.6
2024-06-30 08:00:00,26.1,0.0,84.8,288.0,10.4
2024-06-30 09:00:00,26.0,0.0,83.0,280.0,15.4
2024-06-30 10:00:00,25.9,0.0,84.7,238.0,8.3
2024-06-30 11:00:00,24.4,0.2,92.2,236.0,3.2
2024-06-30 12:00:00,24.7,0.0,89.2,205.0,1.6
2024-06-30 13:00:00,24.6,0.4,91.9,163.0,1.1
2024-06-30 14:00:00,25.8,0.0,83.1,202.0,3.2
2024-06-30 15:00:00,26.6,0.0,79.2,245.0,3.7
2024-06-30 16:00:00,27.3,0.0,77.5,207.0,2.6
2024-06-30 17:00:00,27.6,0.0,74.3,208.0,2.0
2024-06-30 18:00:00,27.5,0.0,75.4,231.0,1.8
2024-06-30 19:00:00,26.8,0.0,84.8,24.0,1.0
2024-06-30 20:00:00,27.2,0.0,79.7,226.0,2.3
2024-06-30 21:00:00,27.2,0.0,78.6,188.0,1.6
2024-06-30 22:00:00,27.3,0.0,79.2,193.0,1.5
2024-06-30 23:00:00,27.0,0.0,84.9,32.0,1.6
2024-07-01 00:00:00,26.5,0.0,86.9,47.0,1.7
2024-07-01 01:00:00,26.5,0.0,86.8,38.0,1.3
2024-07-01 02:00:00,26.5,0.0,85.7,30.0,2.0
2024-07-01 03:00:00,26.5,0.0,85.6,38.0,1.7
2024-07-01 04:00:00,26.5,0.0,84.8,50.0,1.2
2024-07-01 05:00:00,26.1,0.0,88.2,69.0,1.9
2024-07-01 06:00:00,26.3,0.0,85.5,48.0,1.2
2024-07-01 07:00:00,26.0,0.0,86.5,108.0,0.8
2024-07-01 08:00:00,26.2,0.0,84.5,105.0,0.9
2024-07-01 09:00:00,27.5,0.0,79.0,93.0,0.8
2024-07-01 10:00:00,27.8,0.0,78.7,16.0,2.5
2024-07-01 11:00:00,29.4,0.0,72.2,66.0,1.8
2024-07-01 12:00:00,30.0,0.0,69.8,297.0,3.0
2024-07-01 13:00:00,30.9,0.0,64.1,285.0,4.6
2024-07-01 14:00:00,30.4,0.0,67.9,234.0,2.0
2024-07-01 15:00:00,30.8,0.0,70.6,230.0,3.8
2024-07-01 16:00:00,30.3,0.0,71.1,251.0,5.0
2024-07-01 17:00:00,29.2,0.0,73.1,4.0,1.9
2024-07-01 18:00:00,27.8,0.0,80.0,118.0,0.8
2024-07-01 19:00:00,27.6,0.0,82.4,153.0,1.3
2024-07-01 20:00:00,27.7,0.0,82.5,163.0,1.6
2024-07-01 21:00:00,28.0,0.0,79.2,179.0,2.2
2024-07-01 22:00:00,28.4,0.0,79.0,157.0,1.7
2024-07-01 23:00:00,28.5,0.0,79.2,158.0,1.9
2024-07-02 00:00:00,28.5,0.0,77.4,162.0,2.0
2024-07-02 01:00:00,28.3,0.0,76.3,168.0,2.1
2024-07-02 02:00:00,28.2,0.0,80.2,195.0,2.2
2024-07-02 03:00:00,28.2,0.0,81.2,194.0,2.2
2024-07-02 04:00:00,28.3,0.0,79.5,202.0,2.2
2024-07-02 05:00:00,28.3,0.0,80.6,228.0,0.9
2024-07-02 06:00:00,27.9,0.0,83.5,33.0,1.2
2024-07-02 07:00:00,27.8,0.0,84.1,13.0,1.6
2024-07-02 08:00:00,27.1,0.0,88.1,33.0,1.6
2024-07-02 09:00:00,27.3,0.0,88.6,96.0,0.5
2024-07-02 10:00:00,28.3,0.0,72.8,223.0,2.4
2024-07-02 11:00:00,28.8,0.0,75.3,220.0,3.9
2024-07-02 12:00:00,29.4,0.0,71.6,210.0,4.6
2024-07-02 13:00:00,29.6,0.0,76.4,230.0,3.2
2024-07-02 14:00:00,30.9,0.0,65.6,212.0,4.7
2024-07-02 15:00:00,31.5,0.0,66.6,257.0,5.6
2024-07-02 16:00:00,31.4,0.0,61.8,215.0,6.1
2024-07-02 17:00:00,31.6,0.0,62.3,279.0,5.2
2024-07-02 18:00:00,31.0,0.0,61.0,255.0,4.3
2024-07-02 19:00:00,30.4,0.0,64.4,259.0,1.7
2024-07-02 20:00:00,29.9,0.0,64.1,200.0,2.3
2024-07-02 21:00:00,29.5,0.0,74.2,194.0,2.5
2024-07-02 22:00:00,29.2,0.0,75.7,165.0,2.4
2024-07-02 23:00:00,29.2,0.0,76.2,161.0,2.2
2024-07-03 00:00:00,29.0,0.0,76.9,166.0,1.8
2024-07-03 01:00:00,29.0,0.0,77.3,164.0,2.0
2024-07-03 02:00:00,28.6,0.0,80.4,168.0,2.1
2024-07-03 03:00:00,28.9,0.0,77.5,160.0,1.7
2024-07-03 04:00:00,28.6,0.0,82.3,155.0,2.3
2024-07-03 05:00:00,28.5,0.0,81.2,173.0,2.4
2024-07-03 06:00:00,28.5,0.0,81.2,187.0,2.0
2024-07-03 07:00:00,28.4,0.0,79.5,196.0,1.9
2024-07-03 08:00:00,28.7,0.0,79.9,181.0,1.8
2024-07-03 09:00:00,29.7,0.0,72.8,194.0,3.2
2024-07-03 10:00:00,30.5,0.0,70.9,207.0,5.6
2024-07-03 11:00:00,29.8,0.0,78.8,228.0,4.3
2024-07-03 12:00:00,30.5,0.0,72.0,169.0,2.8
2024-07-03 13:00:00,29.4,0.0,74.7,222.0,7.1
2024-07-03 14:00:00,30.6,0.0,68.8,195.0,4.6
2024-07-03 15:00:00,30.1,0.0,76.0,236.0,3.2
2024-07-03 16:00:00,28.5,0.0,77.5,30.0,1.5
2024-07-03 17:00:00,31.2,0.0,66.8,204.0,4.4
2024-07-03 18:00:00,30.8,0.0,66.1,159.0,2.8
2024-07-03 19:00:00,29.9,0.0,72.8,167.0,2.9
2024-07-03 20:00:00,29.8,0.0,75.1,163.0,3.4
2024-07-03 21:00:00,29.7,0.0,74.9,151.0,3.9
2024-07-03 22:00:00,29.2,0.0,77.7,149.0,2.5
2024-07-03 23:00:00,29.2,0.0,76.0,152.0,4.4
2024-07-04 00:00:00,29.4,0.0,69.0,152.0,4.1
2024-07-04 01:00:00,29.4,0.0,71.7,155.0,3.3
2024-07-04 02:00:00,29.2,0.0,77.9,152.0,3.8
2024-07-04 03:00:00,27.7,0.0,76.1,171.0,3.9
2024-07-04 04:00:00,28.4,0.0,71.0,170.0,3.4
2024-07-04 05:00:00,28.6,0.0,71.3,187.0,4.0
2024-07-04 06:00:00,28.6,0.0,71.7,176.0,4.9
2024-07-04 07:00:00,28.1,0.0,76.0,170.0,3.9
2024-07-04 08:00:00,28.4,0.0,75.5,175.0,4.4
2024-07-04 09:00:00,28.8,0.0,71.8,191.0,4.7
2024-07-04 10:00:00,29.1,0.0,69.0,207.0,5.9
2024-07-04 11:00:00,28.7,0.0,73.8,275.0,6.8
2024-07-04 12:00:00,29.1,0.0,68.7,270.0,5.3
2024-07-04 13:00:00,29.5,0.0,65.3,268.0,3.9
2024-07-04 14:00:00,30.1,0.0,64.8,262.0,5.8
2024-07-04 15:00:00,31.1,0.0,66.0,270.0,5.7
2024-07-04 16:00:00,30.7,0.0,65.6,282.0,6.0
2024-07-04 17:00:00,31.0,0.0,62.6,276.0,5.1
2024-07-04 18:00:00,31.0,0.0,61.0,227.0,2.8
2024-07-04 19:00:00,30.3,0.0,66.1,234.0,2.3
2024-07-04 20:00:00,30.5,0.0,61.5,252.0,2.0
2024-07-04 21:00:00,30.1,0.0,66.8,203.0,2.6
2024-07-04 22:00:00,30.0,0.0,69.5,220.0,2.8
2024-07-04 23:00:00,29.5,0.0,72.1,195.0,2.3
2024-07-05 00:00:00,29.2,0.0,74.6,200.0,2.4
2024-07-05 01:00:00,28.8,0.0,76.3,185.0,1.8
2024-07-05 02:00:00,28.9,0.0,74.1,197.0,2.0
2024-07-05 03:00:00,28.8,0.0,75.6,85.0,0.7
2024-07-05 04:00:00,28.5,0.0,79.8,51.0,0.8
2024-07-05 05:00:00,28.2,0.0,81.2,36.0,2.1
2024-07-05 06:00:00,28.2,0.0,80.9,40.0,1.2
2024-07-05 07:00:00,27.9,0.0,81.9,58.0,1.1
2024-07-05 08:00:00,27.9,0.0,83.0,52.0,1.8
2024-07-05 09:00:00,28.2,0.0,81.7,23.0,2.5
2024-07-05 10:00:00,24.2,0.6,93.5,129.0,1.5
2024-07-05 11:00:00,25.1,0.0,94.4,196.0,1.1
2024-07-05 12:00:00,26.8,0.0,85.3,195.0,1.3
2024-07-05 13:00:00,28.4,0.0,76.3,266.0,2.0
2024-07-05 14:00:00,30.3,0.0,70.1,231.0,3.9
2024-07-05 15:00:00,30.3,0.0,68.2,264.0,4.2
2024-07-05 16:00:00,30.3,0.0,66.5,256.0,3.3
2024-07-05 17:00:00,30.8,0.0,63.8,235.0,2.6
2024-07-05 18:00:00,30.4,0.0,65.9,224.0,2.3
2024-07-05 19:00:00,29.7,0.0,68.1,202.0,2.0
2024-07-05 20:00:00,29.1,0.0,71.1,167.0,1.8
2024-07-05 21:00:00,29.2,0.0,70.8,323.0,0.7
2024-07-05 22:00:00,29.5,0.0,70.7,30.0,3.1
2024-07-05 23:00:00,28.9,0.0,74.2,25.0,3.1
2024-07-06 00:00:00,28.5,0.0,79.0,16.0,2.2
2024-07-06 01:00:00,28.4,0.0,78.3,16.0,2.0
2024-07-06 02:00:00,27.6,0.0,83.3,17.0,2.9
2024-07-06 03:00:00,27.4,0.0,85.2,22.0,2.1
2024-07-06 04:00:00,27.4,0.0,82.6,121.0,0.7
2024-07-06 05:00:00,27.1,0.0,85.0,52.0,1.4
2024-07-06 06:00:00,27.3,0.0,82.3,12.0,3.1
2024-07-06 07:00:00,27.6,0.0,72.0,45.0,2.9
2024-07-06 08:00:00,27.4,0.0,75.9,59.0,1.5
2024-07-06 09:00:00,27.5,0.0,78.2,306.0,2.9
2024-07-06 10:00:00,27.6,0.0,74.3,31.0,1.9
2024-07-06 11:00:00,28.5,0.0,73.3,29.0,1.9
2024-07-06 12:00:00,29.0,0.0,72.4,33.0,1.9
2024-07-06 13:00:00,30.1,0.0,65.7,273.0,3.4
2024-07-06 14:00:00,29.8,0.0,69.6,242.0,2.8
2024-07-06 15:00:00,30.0,0.0,69.4,230.0,3.2
2024-07-06 16:00:00,30.3,0.0,70.4,238.0,4.0
2024-07-06 17:00:00,30.1,0.0,72.7,228.0,3.6
2024-07-06 18:00:00,29.7,0.0,73.9,224.0,3.5
2024-07-06 19:00:00,29.4,0.0,75.0,220.0,4.0
2024-07-06 20:00:00,29.2,0.0,76.5,206.0,3.7
2024-07-06 21:00:00,28.7,0.0,77.8,194.0,2.4
2024-07-06 22:00:00,28.8,0.0,76.3,197.0,2.3
2024-07-06 23:00:00,28.7,0.0,79.3,186.0,2.5
2024-07-07 00:00:00,28.4,0.0,80.5,177.0,2.2
2024-07-07 01:00:00,28.3,0.0,78.9,198.0,2.3
2024-07-07 02:00:00,28.4,0.0,79.2,198.0,2.5
2024-07-07 03:00:00,28.5,0.0,78.6,207.0,3.4
2024-07-07 04:00:00,28.6,0.0,78.4,210.0,4.0
2024-07-07 05:00:00,28.3,0.0,80.7,211.0,2.7
2024-07-07 06:00:00,28.5,0.0,81.1,235.0,3.8
2024-07-07 07:00:00,27.1,0.4,84.5,207.0,4.2
2024-07-07 08:00:00,24.6,0.2,90.5,311.0,0.5
2024-07-07 09:00:00,25.2,0.0,91.2,40.0,1.4
2024-07-07 10:00:00,26.8,0.0,87.1,272.0,1.0
2024-07-07 11:00:00,28.1,0.0,80.8,268.0,3.4
2024-07-07 12:00:00,26.7,0.0,83.4,303.0,4.0
2024-07-07 13:00:00,27.8,0.0,76.5,311.0,2.8
2024-07-07 14:00:00,29.3,0.0,69.7,231.0,3.0
2024-07-07 15:00:00,29.7,0.0,68.0,262.0,6.0
2024-07-07 16:00:00,30.7,0.0,66.4,233.0,3.8
2024-07-07 17:00:00,29.7,0.0,65.4,211.0,3.9
2024-07-07 18:00:00,30.0,0.0,66.8,211.0,2.9
2024-07-07 19:00:00,29.1,0.0,70.7,198.0,2.7
2024-07-07 20:00:00,28.5,0.0,77.7,148.0,2.0
2024-07-07 21:00:00,28.8,0.0,71.7,162.0,1.6
2024-07-07 22:00:00,28.6,0.0,76.2,164.0,1.8
2024-07-07 23:00:00,28.7,0.0,76.2,162.0,1.1
2024-07-08 00:00:00,28.6,0.0,78.1,177.0,2.0
2024-07-08 01:00:00,28.4,0.0,77.6,170.0,1.0
2024-07-08 02:00:00,27.9,0.0,81.0,111.0,0.8
2024-07-08 03:00:00,28.2,0.0,77.2,174.0,1.8
2024-07-08 04:00:00,27.9,0.0,80.5,181.0,1.2
2024-07-08 05:00:00,27.2,0.0,87.5,17.0,1.9
2024-07-08 06:00:00,26.7,0.0,87.0,24.0,1.7
2024-07-08 07:00:00,26.2,0.0,92.3,23.0,1.9
2024-07-08 08:00:00,24.7,3.2,93.6,289.0,5.9
2024-07-08 09:00:00,24.2,0.2,94.8,255.0,2.9
2024-07-08 10:00:00,24.6,0.0,95.0,298.0,14.2
2024-07-08 11:00:00,26.6,0.0,79.8,277.0,2.9
2024-07-08 12:00:00,26.4,0.0,87.4,298.0,5.1
2024-07-08 13:00:00,27.2,0.0,83.3,298.0,8.10001
2024-07-08 14:00:00,27.3,0.0,80.7,297.0,8.5
2024-07-08 15:00:00,27.1,0.0,80.5,271.0,10.2
2024-07-08 16:00:00,26.8,0.2,80.2,250.0,5.5
2024-07-08 17:00:00,25.9,0.0,86.3,212.0,4.0
2024-07-08 18:00:00,26.1,0.0,84.4,192.0,2.2
2024-07-08 19:00:00,26.3,0.0,79.4,191.0,2.9
2024-07-08 20:00:00,26.5,0.0,80.4,183.0,1.4
2024-07-08 21:00:00,26.8,0.0,79.7,172.0,2.2
2024-07-08 22:00:00,26.5,0.0,79.9,155.0,0.6
2024-07-08 23:00:00,27.1,0.0,77.8,207.0,1.7
2024-07-09 00:00:00,26.7,0.0,79.7,152.0,1.4
2024-07-09 01:00:00,26.4,0.0,81.2,150.0,0.6
2024-07-09 02:00:00,26.2,0.0,84.5,144.0,0.5
2024-07-09 03:00:00,26.1,0.0,86.6,152.0,0.9
2024-07-09 04:00:00,26.5,0.0,85.2,148.0,0.6
2024-07-09 05:00:00,27.2,0.0,78.5,178.0,1.3
2024-07-09 06:00:00,27.1,0.0,78.3,163.0,1.4
2024-07-09 07:00:00,26.9,0.0,78.2,175.0,1.1
2024-07-09 08:00:00,27.7,0.0,73.8,164.0,0.9
2024-07-09 09:00:00,28.4,0.0,78.3,193.0,2.2
2024-07-09 10:00:00,29.2,0.0,75.5,172.0,2.1
2024-07-09 11:00:00,29.4,0.0,75.7,172.0,2.9
2024-07-09 12:00:00,28.8,0.0,78.8,202.0,7.7
2024-07-09 13:00:00,27.5,0.0,87.2,190.0,3.6
2024-07-09 14:00:00,28.2,0.0,79.7,189.0,3.9
2024-07-09 15:00:00,28.6,0.0,77.5,164.0,4.5
2024-07-09 16:00:00,28.5,0.0,76.1,186.0,4.2
2024-07-09 17:00:00,29.2,0.0,73.3,174.0,3.2
2024-07-09 18:00:00,28.8,0.0,73.8,165.0,2.0
2024-07-09 19:00:00,28.4,0.0,75.1,168.0,2.1
2024-07-09 20:00:00,28.3,0.0,74.5,170.0,2.8
2024-07-09 21:00:00,28.1,0.0,72.6,166.0,3.1
2024-07-09 22:00:00,27.8,0.0,74.7,190.0,2.3
2024-07-09 23:00:00,27.7,0.0,73.0,188.0,1.9
2024-07-10 00:00:00,27.8,0.0,74.8,184.0,1.5
2024-07-10 01:00:00,28.1,0.0,75.6,202.0,1.6
2024-07-10 02:00:00,28.4,0.0,77.2,231.0,4.0
2024-07-10 03:00:00,28.1,0.0,80.1,215.0,4.8
2024-07-10 04:00:00,27.8,0.0,80.1,202.0,4.4
2024-07-10 05:00:00,27.5,0.0,81.8,201.0,2.8
2024-07-10 06:00:00,27.3,0.0,82.3,195.0,2.3
2024-07-10 07:00:00,27.5,0.0,83.6,207.0,3.7
2024-07-10 08:00:00,27.7,0.0,82.7,212.0,3.8
2024-07-10 09:00:00,28.2,0.0,81.6,234.0,4.0
2024-07-10 10:00:00,28.6,0.0,80.5,233.0,3.8
2024-07-10 11:00:00,29.4,0.0,75.9,240.0,3.7
2024-07-10 12:00:00,29.6,0.0,75.7,235.0,3.8
2024-07-10 13:00:00,29.3,0.0,76.8,222.0,4.9
2024-07-10 14:00:00,29.8,0.0,75.4,233.0,5.3
2024-07-10 15:00:00,29.7,0.0,73.1,229.0,4.7
2024-07-10 16:00:00,29.9,0.0,70.0,251.0,6.1
2024-07-10 17:00:00,29.2,0.0,73.7,275.0,5.0
2024-07-10 18:00:00,29.2,0.0,74.9,267.0,4.5
2024-07-10 19:00:00,29.1,0.0,75.6,302.0,3.6
2024-07-10 20:00:00,29.2,0.0,73.9,297.0,3.1
2024-07-10 21:00:00,29.1,0.0,75.0,296.0,2.3
2024-07-10 22:00:00,28.7,0.0,78.6,202.0,1.6
2024-07-10 23:00:00,28.5,0.0,76.7,197.0,2.1
2024-07-11 00:00:00,28.5,0.0,78.9,199.0,2.2
2024-07-11 01:00:00,28.6,0.0,74.0,198.0,2.7
2024-07-11 02:00:00,28.5,0.0,73.5,195.0,2.9
2024-07-11 03:00:00,28.7,0.0,77.1,224.0,4.0
2024-07-11 04:00:00,28.1,0.0,76.9,199.0,2.7
2024-07-11 05:00:00,28.3,0.0,76.9,215.0,4.5
2024-07-11 06:00:00,28.4,0.0,80.2,227.0,4.7
2024-07-11 07:00:00,28.0,0.0,80.9,207.0,3.0
2024-07-11 08:00:00,28.0,0.0,76.4,194.0,3.1
2024-07-11 09:00:00,28.7,0.0,74.8,206.0,6.2
2024-07-11 10:00:00,29.1,0.0,73.6,215.0,5.5
2024-07-11 11:00:00,29.4,0.0,72.1,230.0,6.0
2024-07-11 12:00:00,30.1,0.0,69.0,220.0,6.5
2024-07-11 13:00:00,30.3,0.0,66.6,209.0,7.3
2024-07-11 14:00:00,30.8,0.0,62.6,199.0,7.5
2024-07-11 15:00:00,31.1,0.0,62.4,193.0,8.2
2024-07-11 16:00:00,31.1,0.0,59.2,179.0,5.0
2024-07-11 17:00:00,30.6,0.0,60.0,191.0,4.5
2024-07-11 18:00:00,30.2,0.0,63.5,170.0,2.7
2024-07-11 19:00:00,29.9,0.0,65.6,166.0,3.2
2024-07-11 20:00:00,29.7,0.0,66.1,167.0,3.0
2024-07-11 21:00:00,29.4,0.0,67.4,169.0,3.5
2024-07-11 22:00:00,29.4,0.0,69.4,156.0,3.5
2024-07-11 23:00:00,29.3,0.0,71.7,161.0,3.7
2024-07-12 00:00:00,29.3,0.0,72.7,165.0,3.4
2024-07-12 01:00:00,29.2,0.0,72.6,171.0,2.6
2024-07-12 02:00:00,29.0,0.0,75.9,149.0,3.2
2024-07-12 03:00:00,28.9,0.0,75.7,149.0,3.2
2024-07-12 04:00:00,28.8,0.0,76.0,154.0,2.7
2024-07-12 05:00:00,28.6,0.0,75.3,148.0,2.9
2024-07-12 06:00:00,28.4,0.0,76.8,191.0,1.9
2024-07-12 07:00:00,28.4,0.0,76.9,161.0,2.0
2024-07-12 08:00:00,28.6,0.0,77.2,204.0,2.3
2024-07-12 09:00:00,29.3,0.0,72.2,198.0,2.5
2024-07-12 10:00:00,29.9,0.0,71.6,185.0,2.3
2024-07-12 11:00:00,30.3,0.0,65.6,194.0,3.4
2024-07-12 12:00:00,31.1,0.0,62.6,212.0,4.7
2024-07-12 13:00:00,29.3,0.0,70.8,297.0,6.8
2024-07-12 14:00:00,27.4,0.0,74.4,282.0,5.0
2024-07-12 15:00:00,27.3,0.0,80.7,215.0,4.7
2024-07-12 16:00:00,27.4,0.0,77.8,252.0,4.6
2024-07-12 17:00:00,27.2,0.0,76.0,274.0,3.2
2024-07-12 18:00:00,26.1,0.0,86.4,40.0,2.7
2024-07-12 19:00:00,25.7,0.0,85.3,46.0,2.2
2024-07-12 20:00:00,25.9,0.0,85.7,91.0,0.7
2024-07-12 21:00:00,26.2,0.0,84.9,188.0,0.7
2024-07-12 22:00:00,26.8,0.0,82.8,154.0,1.2
2024-07-12 23:00:00,26.9,0.0,82.1,138.0,1.2
2024-07-13 00:00:00,27.1,0.0,82.8,173.0,0.9
2024-07-13 01:00:00,26.9,0.0,82.7,175.0,1.7
2024-07-13 02:00:00,26.5,0.0,86.3,217.0,1.0
2024-07-13 03:00:00,26.9,0.0,81.2,214.0,1.2
2024-07-13 04:00:00,27.6,0.0,74.2,179.0,1.8
2024-07-13 05:00:00,27.6,0.0,75.9,184.0,2.0
2024-07-13 06:00:00,27.6,0.0,78.8,170.0,2.6
2024-07-13 07:00:00,27.9,0.0,78.4,170.0,1.8
2024-07-13 08:00:00,28.1,0.0,80.0,178.0,2.2
2024-07-13 09:00:00,28.9,0.0,77.4,168.0,2.5
2024-07-13 10:00:00,29.2,0.0,74.6,156.0,2.8
2024-07-13 11:00:00,30.1,0.0,69.4,173.0,3.0
2024-07-13 12:00:00,30.5,0.0,66.2,203.0,5.6
2024-07-13 13:00:00,31.3,0.0,62.6,187.0,4.4
2024-07-13 14:00:00,31.0,0.0,70.0,205.0,6.1
2024-07-13 15:00:00,30.2,0.0,72.7,179.0,4.4
2024-07-13 16:00:00,30.8,0.0,64.1,174.0,4.9
2024-07-13 17:00:00,31.1,0.0,64.0,190.0,5.0
2024-07-13 18:00:00,30.5,0.0,66.2,185.0,3.9
2024-07-13 19:00:00,29.9,0.0,69.4,167.0,3.4
2024-07-13 20:00:00,29.7,0.0,70.0,167.0,3.4
2024-07-13 21:00:00,29.6,0.0,68.6,170.0,3.1
2024-07-13 22:00:00,29.6,0.0,69.5,158.0,3.2
2024-07-13 23:00:00,29.5,0.0,69.7,145.0,2.0
2024-07-14 00:00:00,29.2,0.0,70.2,144.0,1.7
2024-07-14 01:00:00,29.0,0.0,70.7,160.0,1.9
2024-07-14 02:00:00,28.6,0.0,75.3,165.0,1.9
2024-07-14 03:00:00,28.7,0.0,74.0,152.0,2.4
2024-07-14 04:00:00,28.5,0.0,76.8,182.0,3.1
2024-07-14 05:00:00,28.7,0.0,75.7,164.0,2.6
2024-07-14 06:00:00,28.6,0.0,76.9,168.0,2.3
2024-07-14 07:00:00,28.5,0.0,78.4,177.0,3.2
2024-07-14 08:00:00,27.5,0.0,80.2,151.0,3.5
2024-07-14 09:00:00,28.5,0.0,76.2,168.0,2.7
2024-07-14 10:00:00,29.3,0.0,73.9,165.0,3.0
2024-07-14 11:00:00,29.5,0.0,71.6,166.0,3.1
2024-07-14 12:00:00,31.0,0.0,63.0,178.0,4.0
2024-07-14 13:00:00,30.8,0.0,60.8,188.0,4.1
2024-07-14 14:00:00,30.7,0.0,60.7,178.0,3.9
2024-07-14 15:00:00,30.9,0.0,57.0,193.0,5.0
2024-07-14 16:00:00,29.0,0.0,71.2,221.0,7.8
2024-07-14 17:00:00,29.0,0.0,66.8,192.0,3.4
2024-07-14 18:00:00,29.5,0.0,64.7,160.0,2.0
2024-07-14 19:00:00,29.3,0.0,66.2,149.0,2.1
2024-07-14 20:00:00,28.9,0.0,71.0,179.0,2.3
2024-07-14 21:00:00,29.1,0.0,70.0,183.0,2.7
2024-07-14 22:00:00,29.2,0.0,69.6,168.0,2.3
2024-07-14 23:00:00,29.1,0.0,69.5,172.0,2.5
2024-07-15 00:00:00,29.0,0.0,70.3,176.0,2.3
2024-07-15 01:00:00,29.0,0.0,70.4,153.0,2.4
2024-07-15 02:00:00,28.7,0.0,73.9,173.0,2.8
2024-07-15 03:00:00,28.7,0.0,73.1,175.0,2.6
2024-07-15 04:00:00,28.5,0.0,73.5,161.0,2.4
2024-07-15 05:00:00,28.6,0.0,72.8,151.0,3.1
2024-07-15 06:00:00,28.3,0.0,74.5,162.0,2.3
2024-07-15 07:00:00,28.0,0.0,77.4,174.0,2.4
2024-07-15 08:00:00,28.4,0.0,73.6,173.0,2.3
2024-07-15 09:00:00,29.1,0.0,70.7,174.0,3.0
2024-07-15 10:00:00,30.0,0.0,68.7,182.0,4.3
2024-07-15 11:00:00,29.9,0.0,68.0,192.0,5.4
2024-07-15 12:00:00,30.5,0.0,68.1,194.0,4.8
2024-07-15 13:00:00,30.8,0.0,65.7,212.0,7.1
2024-07-15 14:00:00,31.1,0.0,66.3,178.0,5.3
2024-07-15 15:00:00,31.1,0.0,61.3,193.0,6.3
2024-07-15 16:00:00,30.9,0.0,62.0,175.0,5.5
2024-07-15 17:00:00,30.5,0.0,63.1,157.0,3.9
2024-07-15 18:00:00,30.1,0.0,65.5,184.0,4.0
2024-07-15 19:00:00,29.9,0.0,66.7,161.0,3.5
2024-07-15 20:00:00,29.5,0.0,71.7,165.0,3.1
2024-07-15 21:00:00,29.3,0.0,73.1,168.0,3.2
2024-07-15 22:00:00,29.3,0.0,69.7,165.0,3.0
2024-07-15 23:00:00,29.2,0.0,72.7,169.0,3.3
2024-07-16 00:00:00,29.1,0.0,72.8,159.0,3.3
2024-07-16 01:00:00,29.0,0.0,72.1,167.0,3.2
2024-07-16 02:00:00,28.8,0.0,74.0,169.0,2.7
2024-07-16 03:00:00,28.4,0.0,75.8,170.0,2.3
2024-07-16 04:00:00,28.4,0.0,75.8,166.0,2.6
2024-07-16 05:00:00,28.5,0.0,75.7,154.0,2.1
2024-07-16 06:00:00,28.5,0.0,76.0,162.0,2.5
2024-07-16 07:00:00,28.6,0.0,74.9,151.0,2.6
2024-07-16 08:00:00,28.2,0.0,78.0,177.0,3.1
2024-07-16 09:00:00,29.0,0.0,74.3,183.0,2.9
2024-07-16 10:00:00,29.9,0.0,65.4,180.0,4.6
2024-07-16 11:00:00,29.9,0.0,66.7,190.0,5.7
2024-07-16 12:00:00,30.5,0.0,64.5,186.0,4.8
2024-07-16 13:00:00,30.4,0.0,63.2,190.0,6.3
2024-07-16 14:00:00,30.4,0.0,63.9,192.0,6.5
2024-07-16 15:00:00,30.2,0.0,64.7,178.0,4.6
2024-07-16 16:00:00,30.5,0.0,63.5,173.0,4.5
2024-07-16 17:00:00,30.4,0.0,61.9,175.0,4.2
2024-07-16 18:00:00,29.9,0.0,65.2,174.0,3.8
2024-07-16 19:00:00,29.6,0.0,65.2,163.0,3.4
2024-07-16 20:00:00,29.3,0.0,68.7,167.0,3.5
2024-07-16 21:00:00,29.0,0.0,73.4,169.0,3.1
2024-07-16 22:00:00,28.9,0.0,74.9,168.0,2.9
2024-07-16 23:00:00,28.9,0.0,74.6,175.0,2.6
2024-07-17 00:00:00,29.2,0.0,70.6,168.0,3.0
2024-07-17 01:00:00,29.0,0.0,70.9,171.0,2.5
2024-07-17 02:00:00,28.7,0.0,74.6,170.0,2.4
2024-07-17 03:00:00,28.5,0.0,77.2,169.0,2.3
2024-07-17 04:00:00,28.3,0.0,77.0,177.0,3.0
2024-07-17 05:00:00,28.3,0.0,79.5,157.0,2.8
2024-07-17 06:00:00,28.4,0.0,76.5,158.0,2.6
2024-07-17 07:00:00,28.3,0.0,77.7,175.0,2.4
2024-07-17 08:00:00,28.6,0.0,75.9,171.0,3.1
2024-07-17 09:00:00,29.5,0.0,70.0,164.0,2.5
2024-07-17 10:00:00,30.0,0.0,70.4,185.0,3.4
2024-07-17 11:00:00,30.5,0.0,68.1,182.0,3.1
2024-07-17 12:00:00,29.8,0.0,73.0,207.0,5.5
2024-07-17 13:00:00,30.0,0.0,73.3,202.0,5.1
2024-07-17 14:00:00,29.6,0.0,73.8,179.0,4.1
2024-07-17 15:00:00,30.6,0.0,66.5,190.0,5.6
2024-07-17 16:00:00,31.1,0.0,67.1,186.0,5.7
2024-07-17 17:00:00,30.9,0.0,66.4,171.0,3.8
2024-07-17 18:00:00,30.6,0.0,66.5,174.0,4.0
2024-07-17 19:00:00,29.8,0.0,69.3,184.0,2.8
2024-07-17 20:00:00,29.6,0.0,69.5,172.0,2.4
2024-07-17 21:00:00,29.5,0.0,68.6,174.0,2.9
2024-07-17 22:00:00,29.5,0.0,66.9,159.0,2.7
2024-07-17 23:00:00,29.3,0.0,70.2,163.0,2.9
2024-07-18 00:00:00,29.1,0.0,71.9,165.0,2.5
2024-07-18 01:00:00,28.9,0.0,74.2,175.0,2.7
2024-07-18 02:00:00,28.8,0.0,76.1,167.0,2.8
2024-07-18 03:00:00,28.8,0.0,76.6,176.0,2.3
2024-07-18 04:00:00,28.7,0.0,74.8,182.0,1.9
2024-07-18 05:00:00,28.6,0.0,73.1,185.0,2.4
2024-07-18 06:00:00,28.7,0.0,75.8,172.0,2.4
2024-07-18 07:00:00,28.6,0.0,77.4,168.0,2.1
2024-07-18 08:00:00,28.9,0.0,77.5,170.0,2.5
2024-07-18 09:00:00,29.7,0.0,74.1,180.0,3.6
2024-07-18 10:00:00,29.2,0.0,76.9,191.0,5.8
2024-07-18 11:00:00,29.9,0.0,70.3,193.0,5.0
2024-07-18 12:00:00,30.5,0.0,69.7,204.0,5.4
2024-07-18 13:00:00,31.3,0.0,66.7,204.0,6.8
2024-07-18 14:00:00,31.1,0.0,68.0,182.0,5.5
2024-07-18 15:00:00,31.1,0.0,68.0,162.0,5.5
2024-07-18 16:00:00,31.6,0.0,64.0,177.0,5.1
2024-07-18 17:00:00,31.6,0.0,63.0,183.0,5.1
2024-07-18 18:00:00,31.2,0.0,61.8,166.0,4.9
2024-07-18 19:00:00,30.5,0.0,65.7,171.0,3.5
2024-07-18 20:00:00,30.0,0.0,71.3,158.0,3.1
2024-07-18 21:00:00,29.9,0.0,68.5,163.0,3.9
2024-07-18 22:00:00,29.8,0.0,70.6,162.0,3.6
2024-07-18 23:00:00,29.6,0.0,73.7,145.0,1.7
2024-07-19 00:00:00,29.4,0.0,74.3,160.0,2.9
2024-07-19 01:00:00,29.2,0.0,74.9,153.0,2.1
2024-07-19 02:00:00,29.0,0.0,78.0,160.0,3.1
2024-07-19 03:00:00,28.9,0.0,78.5,164.0,3.0
2024-07-19 04:00:00,28.8,0.0,78.5,168.0,3.1
2024-07-19 05:00:00,29.1,0.0,75.3,159.0,2.9
2024-07-19 06:00:00,29.1,0.0,74.4,151.0,2.0
2024-07-19 07:00:00,28.8,0.0,78.0,158.0,3.0
2024-07-19 08:00:00,29.1,0.0,76.1,156.0,2.6
2024-07-19 09:00:00,28.7,0.0,82.2,191.0,2.9
2024-07-19 10:00:00,29.6,0.0,70.1,185.0,4.1
2024-07-19 11:00:00,30.5,0.0,70.0,169.0,4.1
2024-07-19 12:00:00,31.1,0.0,67.4,195.0,5.7
2024-07-19 13:00:00,31.2,0.0,64.7,194.0,6.4
2024-07-19 14:00:00,31.4,0.0,62.6,197.0,7.5
2024-07-19 15:00:00,31.6,0.0,57.0,179.0,6.5
2024-07-19 16:00:00,31.8,0.0,59.2,177.0,4.9
2024-07-19 17:00:00,31.0,0.0,63.7,167.0,4.7
2024-07-19 18:00:00,30.5,0.0,67.7,166.0,3.7
2024-07-19 19:00:00,30.4,0.0,66.7,164.0,2.4
2024-07-19 20:00:00,30.1,0.0,68.8,157.0,3.4
2024-07-19 21:00:00,29.9,0.0,69.0,179.0,2.9
2024-07-19 22:00:00,29.6,0.0,73.0,141.0,2.2
2024-07-19 23:00:00,29.4,0.0,71.8,139.0,2.0
2024-07-20 00:00:00,29.4,0.0,67.8,136.0,2.4
2024-07-20 01:00:00,29.2,0.0,70.4,162.0,2.8
2024-07-20 02:00:00,29.0,0.0,71.4,164.0,3.0
2024-07-20 03:00:00,28.9,0.0,73.3,155.0,2.7
2024-07-20 04:00:00,28.8,0.0,73.9,167.0,2.9
2024-07-20 05:00:00,28.8,0.0,75.6,156.0,3.3
2024-07-20 06:00:00,28.7,0.0,78.6,177.0,2.4
2024-07-20 07:00:00,28.8,0.0,75.2,178.0,2.8
2024-07-20 08:00:00,29.1,0.0,76.1,169.0,2.7
2024-07-20 09:00:00,29.3,0.0,75.6,155.0,2.5
2024-07-20 10:00:00,29.8,0.0,72.9,160.0,3.0
2024-07-20 11:00:00,30.4,0.0,71.0,182.0,5.0
2024-07-20 12:00:00,31.0,0.0,68.9,179.0,6.6
2024-07-20 13:00:00,31.8,0.0,65.2,195.0,5.3
2024-07-20 14:00:00,31.4,0.0,65.5,186.0,5.4
2024-07-20 15:00:00,31.7,0.0,60.2,195.0,5.5
2024-07-20 16:00:00,31.9,0.0,64.2,174.0,4.6
2024-07-20 17:00:00,31.6,0.0,62.0,160.0,4.1
2024-07-20 18:00:00,31.1,0.0,62.5,176.0,4.9
2024-07-20 19:00:00,30.4,0.0,64.7,167.0,3.3
2024-07-20 20:00:00,30.2,0.0,68.0,159.0,3.4
2024-07-20 21:00:00,29.7,0.0,73.6,164.0,3.2
2024-07-20 22:00:00,29.8,0.0,72.8,163.0,3.1
2024-07-20 23:00:00,29.9,0.0,70.3,157.0,3.2
2024-07-21 00:00:00,29.6,0.0,73.1,169.0,3.0
2024-07-21 01:00:00,29.4,0.0,74.4,158.0,3.2
2024-07-21 02:00:00,29.2,0.0,75.4,160.0,2.6
2024-07-21 03:00:00,29.1,0.0,77.2,169.0,3.1
2024-07-21 04:00:00,28.9,0.0,78.4,164.0,2.9
2024-07-21 05:00:00,28.9,0.0,78.1,159.0,2.4
2024-07-21 06:00:00,28.9,0.0,78.4,158.0,2.5
2024-07-21 07:00:00,29.0,0.0,76.2,170.0,2.7
2024-07-21 08:00:00,29.2,0.0,75.6,173.0,2.7
2024-07-21 09:00:00,29.6,0.0,75.6,173.0,3.5
2024-07-21 10:00:00,30.0,0.0,71.3,182.0,4.3
2024-07-21 11:00:00,30.6,0.0,66.6,181.0,5.6
2024-07-21 12:00:00,31.1,0.0,60.4,179.0,6.3
2024-07-21 13:00:00,31.5,0.0,61.8,170.0,5.3
2024-07-21 14:00:00,31.3,0.0,63.7,186.0,5.6
2024-07-21 15:00:00,31.7,0.0,62.8,170.0,4.8
2024-07-21 16:00:00,31.4,0.0,63.7,157.0,4.2
2024-07-21 17:00:00,31.0,0.0,64.2,178.0,4.8
2024-07-21 18:00:00,30.6,0.0,66.8,168.0,3.2
2024-07-21 19:00:00,30.2,0.0,67.5,164.0,2.8
2024-07-21 20:00:00,29.9,0.0,68.9,161.0,3.4
2024-07-21 21:00:00,29.8,0.0,71.2,169.0,3.7
2024-07-21 22:00:00,29.8,0.0,70.7,164.0,3.3
2024-07-21 23:00:00,29.8,0.0,69.0,162.0,3.1
2024-07-22 00:00:00,29.5,0.0,73.6,157.0,2.3
2024-07-22 01:00:00,29.2,0.0,76.3,152.0,2.0
2024-07-22 02:00:00,29.1,0.0,77.8,163.0,2.4
2024-07-22 03:00:00,29.0,0.0,78.8,165.0,2.7
2024-07-22 04:00:00,29.0,0.0,76.9,165.0,2.9
2024-07-22 05:00:00,28.9,0.0,78.5,163.0,2.0
2024-07-22 06:00:00,29.0,0.0,79.1,160.0,2.6
2024-07-22 07:00:00,29.0,0.0,79.1,168.0,2.9
2024-07-22 08:00:00,29.1,0.0,79.1,165.0,3.3
2024-07-22 09:00:00,29.6,0.0,75.9,162.0,3.4
2024-07-22 10:00:00,30.3,0.0,73.8,169.0,3.4
2024-07-22 11:00:00,30.9,0.0,69.2,173.0,4.2
2024-07-22 12:00:00,31.5,0.0,64.7,196.0,7.0
2024-07-22 13:00:00,31.9,0.0,57.6,195.0,7.7
2024-07-22 14:00:00,32.2,0.0,59.3,167.0,5.0
2024-07-22 15:00:00,31.8,0.0,63.7,199.0,7.1
2024-07-22 16:00:00,32.2,0.0,60.9,185.0,5.0
2024-07-22 17:00:00,31.4,0.0,65.2,173.0,4.1
2024-07-22 18:00:00,31.5,0.0,61.4,183.0,4.9
2024-07-22 19:00:00,30.8,0.0,67.6,171.0,4.1
2024-07-22 20:00:00,30.5,0.0,66.0,167.0,3.6
2024-07-22 21:00:00,30.1,0.0,70.7,175.0,3.0
2024-07-22 22:00:00,29.9,0.0,72.7,167.0,3.1
2024-07-22 23:00:00,29.7,0.0,75.3,159.0,2.2
2024-07-23 00:00:00,29.4,0.0,77.8,169.0,2.8
2024-07-23 01:00:00,29.3,0.0,76.5,155.0,3.2
2024-07-23 02:00:00,29.3,0.0,75.0,153.0,3.2
2024-07-23 03:00:00,29.2,0.0,76.1,151.0,2.4
2024-07-23 04:00:00,29.2,0.0,76.1,148.0,2.4
2024-07-23 05:00:00,29.1,0.0,76.4,167.0,2.6
2024-07-23 06:00:00,29.0,0.0,78.3,167.0,2.2
2024-07-23 07:00:00,28.8,0.0,80.4,165.0,2.2
2024-07-23 08:00:00,29.0,0.0,80.7,155.0,2.2
2024-07-23 09:00:00,29.4,0.0,78.0,149.0,2.4
2024-07-23 10:00:00,30.4,0.0,73.8,168.0,3.0
2024-07-23 11:00:00,31.2,0.0,70.8,202.0,3.5
2024-07-23 12:00:00,31.3,0.0,70.7,191.0,4.8
2024-07-23 13:00:00,32.1,0.0,64.3,201.0,6.2
2024-07-23 14:00:00,32.1,0.0,62.3,207.0,7.2
2024-07-23 15:00:00,32.3,0.0,62.2,216.0,5.3
2024-07-23 16:00:00,31.8,0.0,64.9,197.0,3.7
2024-07-23 17:00:00,32.2,0.0,62.7,195.0,4.2
2024-07-23 18:00:00,31.1,0.0,68.1,169.0,4.1
2024-07-23 19:00:00,30.5,0.0,71.5,168.0,3.4
2024-07-23 20:00:00,30.1,0.0,69.1,166.0,3.6
2024-07-23 21:00:00,29.7,0.0,74.9,175.0,3.2
2024-07-23 22:00:00,29.5,0.0,75.3,163.0,4.0
2024-07-23 23:00:00,29.5,0.0,75.9,159.0,2.8
2024-07-24 00:00:00,29.3,0.0,75.2,160.0,3.4
2024-07-24 01:00:00,29.2,0.0,76.3,163.0,3.5
2024-07-24 02:00:00,29.2,0.0,75.2,157.0,2.6
2024-07-24 03:00:00,29.0,0.0,76.1,155.0,2.6
2024-07-24 04:00:00,28.9,0.0,77.4,161.0,2.1
2024-07-24 05:00:00,28.7,0.0,78.4,178.0,2.2
2024-07-24 06:00:00,28.8,0.0,76.2,176.0,2.3
2024-07-24 07:00:00,28.7,0.0,75.8,183.0,2.1
2024-07-24 08:00:00,28.9,0.0,76.2,176.0,2.2
2024-07-24 09:00:00,29.8,0.0,72.9,185.0,2.9
2024-07-24 10:00:00,30.1,0.0,73.1,196.0,5.3
2024-07-24 11:00:00,30.6,0.0,73.6,204.0,5.3
2024-07-24 12:00:00,31.2,0.0,67.7,195.0,6.3
2024-07-24 13:00:00,31.1,0.0,72.5,195.0,7.0
2024-07-24 14:00:00,31.7,0.0,66.1,199.0,6.7
2024-07-24 15:00:00,31.3,0.0,65.1,180.0,4.7
2024-07-24 16:00:00,31.4,0.0,64.4,179.0,4.6
2024-07-24 17:00:00,31.9,0.0,60.0,193.0,4.2
2024-07-24 18:00:00,31.2,0.0,64.6,199.0,6.0
2024-07-24 19:00:00,30.3,0.0,64.9,177.0,3.7
2024-07-24 20:00:00,29.9,0.0,67.3,159.0,3.5
2024-07-24 21:00:00,29.7,0.0,66.2,168.0,3.9
2024-07-24 22:00:00,29.8,0.0,66.9,162.0,3.2
2024-07-24 23:00:00,29.7,0.0,67.4,165.0,2.7
2024-07-25 00:00:00,29.6,0.0,68.7,152.0,1.2
2024-07-25 01:00:00,29.5,0.0,67.5,151.0,2.1
2024-07-25 02:00:00,29.3,0.0,68.1,147.0,1.8
2024-07-25 03:00:00,29.1,0.0,67.5,148.0,2.0
2024-07-25 04:00:00,28.9,0.0,70.4,142.0,2.0
2024-07-25 05:00:00,28.8,0.0,73.5,158.0,2.4
2024-07-25 06:00:00,28.6,0.0,74.9,162.0,2.2
2024-07-25 07:00:00,28.7,0.0,75.3,161.0,2.6
2024-07-25 08:00:00,28.9,0.0,76.1,167.0,2.7
2024-07-25 09:00:00,29.6,0.0,74.2,163.0,2.5
2024-07-25 10:00:00,30.2,0.0,72.4,179.0,3.9
2024-07-25 11:00:00,31.0,0.0,65.3,179.0,4.6
2024-07-25 12:00:00,30.6,0.0,69.1,197.0,5.9
2024-07-25 13:00:00,31.5,0.0,62.6,194.0,9.0
2024-07-25 14:00:00,31.8,0.0,58.1,200.0,9.2
2024-07-25 15:00:00,31.7,0.0,58.9,194.0,7.7
2024-07-25 16:00:00,32.1,0.0,54.3,203.0,8.10001
2024-07-25 17:00:00,31.8,0.0,52.8,189.0,5.7
2024-07-25 18:00:00,31.2,0.0,57.4,191.0,5.2
2024-07-25 19:00:00,30.6,0.0,59.9,171.0,3.4
2024-07-25 20:00:00,30.0,0.0,67.9,179.0,3.2
2024-07-25 21:00:00,29.9,0.0,67.7,163.0,3.6
2024-07-25 22:00:00,29.9,0.0,66.1,152.0,3.2
2024-07-25 23:00:00,29.6,0.0,67.9,151.0,2.2
2024-07-26 00:00:00,29.2,0.0,71.0,151.0,1.9
2024-07-26 01:00:00,29.2,0.0,69.2,139.0,1.9
2024-07-26 02:00:00,29.2,0.0,68.7,135.0,1.8
2024-07-26 03:00:00,28.9,0.0,73.5,151.0,2.2
2024-07-26 04:00:00,28.8,0.0,74.9,151.0,3.3
2024-07-26 05:00:00,28.7,0.0,74.6,159.0,3.3
2024-07-26 06:00:00,28.7,0.0,74.6,160.0,2.6
2024-07-26 07:00:00,28.7,0.0,74.5,156.0,4.1
2024-07-26 08:00:00,28.9,0.0,74.9,157.0,3.3
2024-07-26 09:00:00,29.4,0.0,73.4,151.0,3.6
2024-07-26 10:00:00,30.3,0.0,67.8,150.0,3.5
2024-07-26 11:00:00,30.8,0.0,65.2,165.0,4.5
2024-07-26 12:00:00,30.6,0.0,66.9,153.0,3.8
2024-07-26 13:00:00,31.1,0.0,62.6,195.0,8.10001
2024-07-26 14:00:00,32.2,0.0,59.0,193.0,6.6
2024-07-26 15:00:00,32.1,0.0,59.7,205.0,6.1
2024-07-26 16:00:00,31.9,0.0,58.7,201.0,8.60001
2024-07-26 17:00:00,31.8,0.0,55.8,183.0,5.4
2024-07-26 18:00:00,31.6,0.0,58.9,162.0,4.5
2024-07-26 19:00:00,30.7,0.0,64.6,177.0,3.5
2024-07-26 20:00:00,30.4,0.0,64.3,169.0,3.2
2024-07-26 21:00:00,30.1,0.0,67.7,173.0,3.0
2024-07-26 22:00:00,30.0,0.0,69.0,148.0,2.4
2024-07-26 23:00:00,29.6,0.0,72.5,160.0,3.3
2024-07-27 00:00:00,29.4,0.0,72.8,155.0,2.6
2024-07-27 01:00:00,29.0,0.0,76.0,157.0,3.1
2024-07-27 02:00:00,28.9,0.0,76.9,162.0,2.5
2024-07-27 03:00:00,28.9,0.0,76.9,151.0,1.9
2024-07-27 04:00:00,28.7,0.0,76.9,150.0,2.3
2024-07-27 05:00:00,28.8,0.0,72.7,159.0,3.3
2024-07-27 06:00:00,28.8,0.0,73.9,157.0,3.0
2024-07-27 07:00:00,28.7,0.0,76.6,167.0,2.8
2024-07-27 08:00:00,28.9,0.0,75.3,159.0,3.0
2024-07-27 09:00:00,29.7,0.0,71.4,165.0,2.8
2024-07-27 10:00:00,30.2,0.0,68.3,158.0,3.8
2024-07-27 11:00:00,30.8,0.0,64.7,153.0,4.0
2024-07-27 12:00:00,31.5,0.0,63.9,172.0,5.0
2024-07-27 13:00:00,31.8,0.0,59.9,170.0,4.9
2024-07-27 14:00:00,32.2,0.0,58.6,154.0,4.2
2024-07-27 15:00:00,32.0,0.0,60.7,209.0,8.0
2024-07-27 16:00:00,32.1,0.0,59.8,207.0,6.1
2024-07-27 17:00:00,31.9,0.0,57.5,192.0,4.5
2024-07-27 18:00:00,31.4,0.0,59.5,145.0,4.0
2024-07-27 19:00:00,30.8,0.0,63.0,171.0,3.7
2024-07-27 20:00:00,30.4,0.0,66.7,174.0,3.1
2024-07-27 21:00:00,30.0,0.0,68.0,168.0,3.3
2024-07-27 22:00:00,29.8,0.0,71.8,156.0,3.5
2024-07-27 23:00:00,29.6,0.0,72.1,153.0,3.0
2024-07-28 00:00:00,29.3,0.0,71.8,157.0,3.4
2024-07-28 01:00:00,29.1,0.0,73.7,151.0,1.7
2024-07-28 02:00:00,28.9,0.0,74.9,157.0,2.0
2024-07-28 03:00:00,28.9,0.0,74.8,158.0,1.9
2024-07-28 04:00:00,28.9,0.0,70.9,136.0,2.2
2024-07-28 05:00:00,28.8,0.0,73.4,150.0,2.1
2024-07-28 06:00:00,28.8,0.0,74.6,158.0,2.8
2024-07-28 07:00:00,28.8,0.0,76.6,162.0,2.6
2024-07-28 08:00:00,29.0,0.0,77.4,152.0,3.2
2024-07-28 09:00:00,29.7,0.0,69.1,148.0,3.7
2024-07-28 10:00:00,30.9,0.0,68.2,182.0,4.4
2024-07-28 11:00:00,30.7,0.0,70.0,195.0,4.4
2024-07-28 12:00:00,30.9,0.0,65.4,152.0,3.9
2024-07-28 13:00:00,31.7,0.0,59.0,203.0,8.7
2024-07-28 14:00:00,32.1,0.0,58.4,197.0,5.6
2024-07-28 15:00:00,31.5,0.0,61.3,173.0,5.7
2024-07-28 16:00:00,32.1,0.0,53.7,195.0,6.6
2024-07-28 17:00:00,32.1,0.0,54.4,164.0,5.1
2024-07-28 18:00:00,31.7,0.0,57.1,157.0,4.0
2024-07-28 19:00:00,30.8,0.0,60.5,148.0,3.7
2024-07-28 20:00:00,30.6,0.0,62.0,155.0,3.6
2024-07-28 21:00:00,30.1,0.0,70.3,155.0,3.1
2024-07-28 22:00:00,29.6,0.0,70.8,140.0,3.0
2024-07-28 23:00:00,29.4,0.0,71.1,135.0,2.6
2024-07-29 00:00:00,29.3,0.0,70.5,140.0,2.5
2024-07-29 01:00:00,29.2,0.0,70.8,143.0,2.1
2024-07-29 02:00:00,29.0,0.0,71.2,137.0,2.1
2024-07-29 03:00:00,29.0,0.0,72.0,141.0,2.0
2024-07-29 04:00:00,28.8,0.0,74.2,153.0,2.4
2024-07-29 05:00:00,28.8,0.0,76.0,158.0,3.3
2024-07-29 06:00:00,28.9,0.0,76.0,153.0,2.0
2024-07-29 07:00:00,29.0,0.0,76.7,161.0,2.9
2024-07-29 08:00:00,29.1,0.0,75.2,159.0,3.3
2024-07-29 09:00:00,29.9,0.0,69.3,158.0,2.8
2024-07-29 10:00:00,30.3,0.0,68.2,164.0,3.8
2024-07-29 11:00:00,31.1,0.0,63.0,176.0,4.8
2024-07-29 12:00:00,31.6,0.0,61.5,182.0,4.9
2024-07-29 13:00:00,31.5,0.0,60.0,193.0,6.1
2024-07-29 14:00:00,32.1,0.0,59.3,195.0,5.5
2024-07-29 15:00:00,32.7,0.0,57.2,201.0,7.1
2024-07-29 16:00:00,32.5,0.0,53.2,197.0,5.6
2024-07-29 17:00:00,32.3,0.0,56.8,205.0,8.8
2024-07-29 18:00:00,30.6,0.0,66.7,202.0,7.0
2024-07-29 19:00:00,30.0,0.0,66.0,193.0,4.2
2024-07-29 20:00:00,29.8,0.0,69.6,169.0,2.9
2024-07-29 21:00:00,29.9,0.0,70.2,166.0,2.5
2024-07-29 22:00:00,29.8,0.0,71.9,153.0,2.3
2024-07-29 23:00:00,29.6,0.0,70.0,143.0,1.6
2024-07-30 00:00:00,29.4,0.0,70.0,149.0,1.8
2024-07-30 01:00:00,29.2,0.0,68.3,143.0,1.6
2024-07-30 02:00:00,29.0,0.0,70.6,140.0,1.9
2024-07-30 03:00:00,28.8,0.0,75.0,157.0,2.1
2024-07-30 04:00:00,28.7,0.0,75.0,167.0,2.4
2024-07-30 05:00:00,28.7,0.0,75.5,165.0,2.6
2024-07-30 06:00:00,28.8,0.0,75.0,155.0,1.8
2024-07-30 07:00:00,28.7,0.0,76.0,153.0,1.9
2024-07-30 08:00:00,29.1,0.0,73.4,153.0,2.1
2024-07-30 09:00:00,29.4,0.0,71.7,162.0,3.1
2024-07-30 10:00:00,29.9,0.0,71.1,168.0,3.4
2024-07-30 11:00:00,30.8,0.0,65.4,171.0,4.4
2024-07-30 12:00:00,31.5,0.0,61.7,182.0,4.5
2024-07-30 13:00:00,31.7,0.0,61.3,174.0,3.8
2024-07-30 14:00:00,33.2,0.0,56.8,191.0,3.5
2024-07-30 15:00:00,32.7,0.0,56.8,206.0,8.60001
2024-07-30 16:00:00,32.5,0.0,60.3,204.0,6.8
2024-07-30 17:00:00,32.3,0.0,57.7,199.0,7.9
2024-07-30 18:00:00,32.1,0.0,59.1,183.0,5.2
2024-07-30 19:00:00,30.9,0.0,65.8,162.0,4.0
2024-07-30 20:00:00,30.3,0.0,71.3,166.0,3.3
2024-07-30 21:00:00,30.0,0.0,71.7,135.0,2.2
2024-07-30 22:00:00,29.8,0.0,71.8,143.0,2.1
2024-07-30 23:00:00,29.7,0.0,71.1,145.0,2.9
2024-07-31 00:00:00,29.6,0.0,70.4,138.0,2.2
2024-07-31 01:00:00,29.5,0.0,71.9,152.0,2.1
2024-07-31 02:00:00,29.4,0.0,72.0,151.0,1.5
2024-07-31 03:00:00,29.2,0.0,71.9,144.0,1.3
2024-07-31 04:00:00,29.1,0.0,73.9,142.0,1.7
2024-07-31 05:00:00,29.1,0.0,72.8,151.0,2.2
2024-07-31 06:00:00,29.1,0.0,73.2,142.0,2.0
2024-07-31 07:00:00,29.0,0.0,74.3,138.0,1.6
2024-07-31 08:00:00,29.3,0.0,72.9,144.0,2.0
2024-07-31 09:00:00,29.8,0.0,71.0,143.0,2.6
2024-07-31 10:00:00,30.7,0.0,66.9,155.0,3.1
2024-07-31 11:00:00,30.9,0.0,64.4,159.0,2.7
2024-07-31 12:00:00,31.8,0.0,60.9,210.0,3.9
2024-07-31 13:00:00,31.8,0.0,62.9,218.0,6.9
2024-07-31 14:00:00,31.2,0.0,56.4,180.0,2.4
2024-07-31 15:00:00,32.0,0.0,56.9,179.0,4.3
2024-07-31 16:00:00,29.1,0.0,71.5,94.0,1.9
2024-07-31 17:00:00,29.3,0.0,69.8,123.0,2.8
2024-07-31 18:00:00,26.7,0.0,83.2,57.0,3.3
2024-07-31 19:00:00,26.1,0.0,87.0,251.0,2.2
2024-07-31 20:00:00,26.0,0.0,83.2,186.0,4.0
2024-07-31 21:00:00,26.0,0.0,80.7,185.0,2.4
2024-07-31 22:00:00,26.7,0.0,77.9,177.0,1.4
2024-07-31 23:00:00,26.1,0.0,79.1,171.0,1.0
2024-08-01 00:00:00,26.8,0.0,81.7,54.0,1.4
2024-08-01 01:00:00,26.4,0.0,83.5,182.0,0.7
2024-08-01 02:00:00,26.3,0.0,82.9,179.0,0.6
2024-08-01 03:00:00,26.9,0.0,84.2,13.0,2.1
2024-08-01 04:00:00,26.8,0.0,80.9,16.0,1.7
2024-08-01 05:00:00,26.4,0.0,82.8,51.0,1.7
2024-08-01 06:00:00,26.6,0.0,79.6,24.0,1.2
2024-08-01 07:00:00,26.8,0.0,79.4,23.0,1.7
2024-08-01 08:00:00,27.1,0.0,80.9,23.0,1.8
2024-08-01 09:00:00,27.6,0.0,78.8,33.0,1.6
2024-08-01 10:00:00,28.5,0.0,75.7,302.0,1.9
2024-08-01 11:00:00,29.6,0.0,73.7,270.0,3.9
2024-08-01 12:00:00,31.2,0.0,63.2,210.0,5.4
2024-08-01 13:00:00,31.4,0.0,63.0,192.0,4.9
2024-08-01 14:00:00,31.8,0.0,63.1,197.0,5.5
2024-08-01 15:00:00,31.8,0.0,63.6,199.0,5.7
2024-08-01 16:00:00,31.2,0.0,58.5,174.0,5.0
2024-08-01 17:00:00,31.4,0.0,59.5,177.0,4.6
2024-08-01 18:00:00,30.4,0.0,65.2,158.0,3.3
2024-08-01 19:00:00,30.1,0.0,64.3,166.0,3.4
2024-08-01 20:00:00,29.9,0.0,62.0,180.0,2.6
2024-08-01 21:00:00,29.7,0.0,62.8,156.0,2.1
2024-08-01 22:00:00,29.4,0.0,69.4,160.0,1.9
2024-08-01 23:00:00,29.1,0.0,71.1,163.0,2.0
2024-08-02 00:00:00,29.0,0.0,70.3,166.0,1.5
2024-08-02 01:00:00,28.9,0.0,71.7,165.0,1.8
2024-08-02 02:00:00,29.0,0.0,72.7,157.0,1.9
2024-08-02 03:00:00,28.9,0.0,75.5,154.0,1.7
2024-08-02 04:00:00,28.6,0.0,78.0,160.0,1.5
2024-08-02 05:00:00,28.7,0.0,75.8,169.0,1.9
2024-08-02 06:00:00,28.5,0.0,78.8,161.0,1.8
2024-08-02 07:00:00,28.5,0.0,76.2,162.0,1.9
2024-08-02 08:00:00,28.0,0.0,83.9,11.0,1.5
2024-08-02 09:00:00,28.3,0.0,81.7,10.0,1.6
2024-08-02 10:00:00,29.8,0.0,70.4,173.0,2.8
2024-08-02 11:00:00,30.3,0.0,68.4,173.0,3.0
2024-08-02 12:00:00,30.8,0.0,64.9,154.0,3.0
2024-08-02 13:00:00,31.4,0.0,61.9,194.0,4.6
2024-08-02 14:00:00,31.8,0.0,61.6,188.0,5.1
2024-08-02 15:00:00,32.3,0.0,60.6,185.0,3.1
2024-08-02 16:00:00,30.7,0.0,68.7,159.0,4.3
2024-08-02 17:00:00,30.2,0.0,68.8,167.0,3.7
2024-08-02 18:00:00,29.7,0.0,72.4,183.0,3.1
2024-08-02 19:00:00,29.8,0.0,66.8,152.0,1.9
2024-08-02 20:00:00,29.4,0.0,69.6,150.0,2.9
2024-08-02 21:00:00,29.3,0.0,70.5,148.0,1.7
2024-08-02 22:00:00,29.3,0.0,67.8,159.0,1.7
2024-08-02 23:00:00,29.1,0.0,71.7,158.0,1.4
2024-08-03 00:00:00,29.0,0.0,73.9,164.0,1.7
2024-08-03 01:00:00,28.8,0.0,75.2,186.0,1.8
2024-08-03 02:00:00,28.6,0.0,77.3,174.0,2.9
2024-08-03 03:00:00,28.6,0.0,77.2,160.0,2.4
2024-08-03 04:00:00,28.6,0.0,76.6,174.0,2.7
2024-08-03 05:00:00,28.7,0.0,77.6,160.0,2.2
2024-08-03 06:00:00,28.7,0.0,76.3,169.0,2.3
2024-08-03 07:00:00,28.4,0.0,80.9,176.0,2.4
2024-08-03 08:00:00,28.7,0.0,79.5,196.0,2.4
2024-08-03 09:00:00,29.3,0.0,73.4,159.0,2.4
2024-08-03 10:00:00,30.3,0.0,68.9,162.0,2.9
2024-08-03 11:00:00,30.5,0.0,69.3,183.0,4.2
2024-08-03 12:00:00,31.1,0.0,61.3,179.0,4.8
2024-08-03 13:00:00,31.6,0.0,57.7,145.0,3.3
2024-08-03 14:00:00,31.2,0.0,66.0,183.0,5.6
2024-08-03 15:00:00,31.9,0.0,61.2,195.0,6.9
2024-08-03 16:00:00,32.7,0.0,57.6,207.0,5.9
2024-08-03 17:00:00,31.9,0.0,61.0,205.0,6.9
2024-08-03 18:00:00,31.0,0.0,64.0,158.0,2.7
2024-08-03 19:00:00,30.5,0.0,66.7,199.0,3.6
2024-08-03 20:00:00,30.3,0.0,67.5,182.0,2.7
2024-08-03 21:00:00,30.0,0.0,72.4,166.0,3.1
2024-08-03 22:00:00,29.7,0.0,72.2,168.0,2.7
2024-08-03 23:00:00,29.8,0.0,67.7,158.0,2.0
2024-08-04 00:00:00,29.6,0.0,71.5,146.0,1.8
2024-08-04 01:00:00,29.5,0.0,71.4,140.0,1.8
2024-08-04 02:00:00,29.4,0.0,70.0,144.0,2.0
2024-08-04 03:00:00,29.0,0.0,74.7,162.0,2.3
2024-08-04 04:00:00,28.9,0.0,76.5,158.0,2.0
2024-08-04 05:00:00,28.8,0.0,75.9,175.0,3.0
2024-08-04 06:00:00,28.8,0.0,74.6,150.0,1.8
2024-08-04 07:00:00,28.9,0.0,71.8,174.0,3.2
2024-08-04 08:00:00,29.0,0.0,72.7,193.0,3.0
2024-08-04 09:00:00,27.6,0.4,79.4,223.0,5.6
2024-08-04 10:00:00,24.6,0.4,91.7,198.0,3.4
2024-08-04 11:00:00,25.2,0.6,88.4,158.0,4.8
2024-08-04 12:00:00,27.4,0.0,85.5,225.0,4.7
2024-08-04 13:00:00,28.4,0.0,78.7,263.0,7.8
2024-08-04 14:00:00,26.7,0.0,80.9,66.0,5.1
2024-08-04 15:00:00,24.5,0.0,93.7,286.0,7.2
2024-08-04 16:00:00,25.6,0.0,84.5,288.0,3.1
2024-08-04 17:00:00,25.8,0.2,86.0,28.0,1.5
2024-08-04 18:00:00,25.5,0.0,86.4,138.0,0.8
2024-08-04 19:00:00,26.5,0.0,84.1,21.0,0.8
2024-08-04 20:00:00,26.5,0.0,86.0,35.0,1.8
2024-08-04 21:00:00,26.5,0.0,86.9,18.0,1.7
2024-08-04 22:00:00,26.6,0.0,86.2,21.0,1.4
2024-08-04 23:00:00,26.3,0.0,86.3,51.0,1.4
2024-08-05 00:00:00,26.2,0.0,87.3,83.0,0.8
2024-08-05 01:00:00,26.7,0.0,84.7,37.0,1.3
2024-08-05 02:00:00,26.3,0.0,86.9,124.0,0.8
2024-08-05 03:00:00,26.1,0.0,87.7,128.0,0.6
2024-08-05 04:00:00,26.3,0.0,88.3,39.0,2.0
2024-08-05 05:00:00,26.7,0.0,83.6,10.0,2.0
2024-08-05 06:00:00,26.9,0.0,84.7,21.0,1.8
2024-08-05 07:00:00,26.3,0.0,87.0,72.0,1.2
2024-08-05 08:00:00,27.1,0.0,86.2,11.0,2.0
2024-08-05 09:00:00,27.2,0.0,83.6,31.0,1.5
2024-08-05 10:00:00,27.8,0.0,80.6,240.0,4.4
2024-08-05 11:00:00,29.5,0.0,73.2,237.0,3.4
2024-08-05 12:00:00,30.9,0.0,64.7,189.0,3.7
2024-08-05 13:00:00,30.6,0.0,71.3,211.0,5.3
2024-08-05 14:00:00,30.4,0.0,69.4,212.0,7.2
2024-08-05 15:00:00,31.6,0.0,68.4,224.0,5.7
2024-08-05 16:00:00,30.4,0.0,72.4,206.0,6.0
2024-08-05 17:00:00,30.2,0.0,67.7,197.0,4.3
2024-08-05 18:00:00,31.2,0.0,62.5,177.0,4.2
2024-08-05 19:00:00,28.1,0.0,68.5,152.0,1.3
2024-08-05 20:00:00,29.3,0.0,67.3,164.0,2.9
2024-08-05 21:00:00,29.2,0.0,67.3,156.0,2.5
2024-08-05 22:00:00,29.0,0.0,68.5,151.0,2.1
2024-08-05 23:00:00,28.8,0.0,70.2,161.0,2.1
2024-08-06 00:00:00,28.8,0.0,69.1,142.0,1.3
2024-08-06 01:00:00,28.8,0.0,68.8,143.0,1.8
2024-08-06 02:00:00,28.5,0.0,70.2,155.0,1.7
2024-08-06 03:00:00,28.3,0.0,72.6,181.0,2.6
2024-08-06 04:00:00,28.4,0.0,73.0,164.0,2.2
2024-08-06 05:00:00,28.2,0.0,74.9,170.0,2.6
2024-08-06 06:00:00,28.3,0.0,75.6,160.0,1.6
2024-08-06 07:00:00,27.2,0.0,81.8,34.0,1.0
2024-08-06 08:00:00,28.4,0.0,75.7,171.0,2.1
2024-08-06 09:00:00,29.1,0.0,72.8,156.0,2.4
2024-08-06 10:00:00,29.8,0.0,62.3,160.0,4.2
2024-08-06 11:00:00,30.5,0.0,61.9,167.0,4.0
2024-08-06 12:00:00,30.6,0.0,62.7,207.0,5.9
2024-08-06 13:00:00,31.0,0.0,61.5,198.0,5.1
2024-08-06 14:00:00,31.7,0.0,60.2,210.0,6.1
2024-08-06 15:00:00,31.7,0.0,58.0,202.0,6.8
2024-08-06 16:00:00,32.0,0.0,57.0,215.0,5.0
2024-08-06 17:00:00,31.9,0.0,55.0,218.0,5.5
2024-08-06 18:00:00,30.9,0.0,62.2,181.0,4.4
2024-08-06 19:00:00,30.4,0.0,63.7,165.0,3.1
2024-08-06 20:00:00,30.0,0.0,63.3,171.0,2.9
2024-08-06 21:00:00,29.6,0.0,68.9,175.0,3.3
2024-08-06 22:00:00,29.3,0.0,68.5,152.0,2.1
2024-08-06 23:00:00,29.2,0.0,67.3,146.0,1.9
2024-08-07 00:00:00,29.1,0.0,67.1,148.0,2.0
2024-08-07 01:00:00,29.0,0.0,67.0,148.0,2.1
2024-08-07 02:00:00,28.7,0.0,69.9,155.0,1.6
2024-08-07 03:00:00,28.6,0.0,67.9,168.0,2.0
2024-08-07 04:00:00,28.5,0.0,69.7,156.0,1.5
2024-08-07 05:00:00,28.8,0.0,65.8,151.0,2.0
2024-08-07 06:00:00,28.3,0.0,73.0,165.0,2.0
2024-08-07 07:00:00,28.3,0.0,74.4,171.0,2.1
2024-08-07 08:00:00,28.7,0.0,73.0,146.0,1.9
2024-08-07 09:00:00,29.1,0.0,72.1,168.0,2.9
2024-08-07 10:00:00,29.8,0.0,70.0,187.0,3.9
2024-08-07 11:00:00,30.0,0.0,70.4,182.0,3.3
2024-08-07 12:00:00,30.7,0.0,65.5,174.0,3.7
2024-08-07 13:00:00,30.9,0.0,65.9,176.0,4.1
2024-08-07 14:00:00,31.4,0.0,61.6,188.0,4.5
2024-08-07 15:00:00,30.6,0.0,65.4,157.0,3.2
2024-08-07 16:00:00,30.8,0.0,61.9,166.0,3.1
2024-08-07 17:00:00,30.8,0.0,63.2,176.0,3.3
2024-08-07 18:00:00,30.6,0.0,61.7,175.0,3.2
2024-08-07 19:00:00,28.7,0.0,72.9,141.0,2.9
2024-08-07 20:00:00,29.2,0.0,67.6,161.0,3.7
2024-08-07 21:00:00,29.1,0.0,69.6,165.0,3.2
2024-08-07 22:00:00,29.2,0.0,66.1,166.0,2.7
2024-08-07 23:00:00,29.3,0.0,65.2,167.0,2.2
2024-08-08 00:00:00,29.3,0.0,66.3,163.0,2.5
2024-08-08 01:00:00,29.0,0.0,70.6,175.0,2.4
2024-08-08 02:00:00,29.1,0.0,71.5,179.0,2.4
2024-08-08 03:00:00,29.0,0.0,72.8,167.0,2.6
2024-08-08 04:00:00,29.0,0.0,73.3,170.0,2.8
2024-08-08 05:00:00,28.9,0.0,75.0,163.0,2.1
2024-08-08 06:00:00,28.2,0.0,79.1,160.0,3.0
2024-08-08 07:00:00,27.8,0.0,80.9,161.0,2.7
2024-08-08 08:00:00,27.8,0.0,79.1,170.0,2.8
2024-08-08 09:00:00,29.1,0.0,66.4,181.0,2.9
2024-08-08 10:00:00,29.7,0.0,72.8,181.0,3.35
2024-08-08 11:00:00,29.8,0.0,73.8,181.0,3.8
2024-08-08 12:00:00,30.5,0.0,67.7,176.0,4.6
2024-08-08 13:00:00,30.8,0.0,64.9,164.0,4.5
2024-08-08 14:00:00,31.6,0.0,60.1,193.0,6.0
2024-08-08 15:00:00,31.7,0.0,57.9,188.0,4.9
2024-08-08 16:00:00,32.1,0.0,57.7,190.0,3.8
2024-08-08 17:00:00,32.1,0.0,60.4,224.0,3.4
2024-08-08 18:00:00,31.4,0.0,63.7,183.0,5.0
2024-08-08 19:00:00,30.7,0.0,67.2,199.0,4.3
2024-08-08 20:00:00,30.1,0.0,70.9,180.0,3.6
2024-08-08 21:00:00,29.9,0.0,71.4,170.0,3.6
2024-08-08 22:00:00,29.5,0.0,72.2,169.0,3.1
2024-08-08 23:00:00,29.4,0.0,73.2,168.0,3.2
2024-08-09 00:00:00,29.2,0.0,73.9,159.0,2.4
2024-08-09 01:00:00,29.0,0.0,77.3,161.0,3.0
2024-08-09 02:00:00,28.9,0.0,77.9,173.0,3.1
2024-08-09 03:00:00,28.9,0.0,76.0,167.0,2.9
2024-08-09 04:00:00,29.0,0.0,74.0,156.0,3.3
2024-08-09 05:00:00,29.0,0.0,74.4,154.0,2.1
2024-08-09 06:00:00,28.9,0.0,75.4,160.0,2.2
2024-08-09 07:00:00,28.8,0.0,77.6,158.0,1.9
2024-08-09 08:00:00,27.6,0.2,77.1,170.0,3.6
2024-08-09 09:00:00,29.0,0.0,73.5,145.0,1.7
2024-08-09 10:00:00,29.5,0.0,75.3,166.0,2.2
2024-08-09 11:00:00,26.8,0.2,74.2,129.0,2.8
2024-08-09 12:00:00,29.7,0.0,74.1,173.0,1.6
2024-08-09 13:00:00,27.7,0.0,81.8,156.0,1.3
2024-08-09 14:00:00,27.9,0.0,83.2,302.0,7.4
2024-08-09 15:00:00,26.8,3.6,89.9,230.0,4.7
2024-08-09 16:00:00,28.2,0.0,79.5,236.0,5.2
2024-08-09 17:00:00,28.2,0.0,75.9,178.0,4.2
2024-08-09 18:00:00,26.2,0.0,88.0,159.0,2.7
2024-08-09 19:00:00,26.0,0.0,87.6,166.0,1.1
2024-08-09 20:00:00,26.5,0.0,86.4,201.0,1.2
2024-08-09 21:00:00,27.3,0.0,85.4,14.0,1.8
2024-08-09 22:00:00,27.4,0.0,85.8,323.0,1.7
2024-08-09 23:00:00,27.0,0.0,86.5,59.0,1.5
2024-08-10 00:00:00,27.1,0.0,85.8,31.0,1.4
2024-08-10 01:00:00,26.8,0.0,87.2,40.0,2.2
2024-08-10 02:00:00,26.7,0.0,86.5,18.0,2.4
2024-08-10 03:00:00,26.7,0.0,85.6,30.0,2.3
2024-08-10 04:00:00,26.8,0.0,87.8,26.0,2.0
2024-08-10 05:00:00,26.5,0.0,86.7,15.0,2.4
2024-08-10 06:00:00,26.4,0.0,87.8,22.0,2.2
2024-08-10 07:00:00,26.4,0.0,87.7,49.0,1.7
2024-08-10 08:00:00,26.6,0.0,87.5,43.0,2.0
2024-08-10 09:00:00,27.3,0.0,86.5,21.0,2.3
2024-08-10 10:00:00,27.9,0.0,82.2,72.0,1.6
2024-08-10 11:00:00,28.1,0.0,82.6,251.0,7.0
2024-08-10 12:00:00,28.5,0.0,79.2,214.0,6.0
2024-08-10 13:00:00,29.0,0.0,78.7,246.0,4.3
2024-08-10 14:00:00,28.4,0.0,79.3,268.0,4.6
2024-08-10 15:00:00,28.5,0.0,79.4,245.0,3.7
2024-08-10 16:00:00,25.1,0.4,92.4,231.0,9.10001
2024-08-10 17:00:00,26.3,0.0,84.1,197.0,2.9
2024-08-10 18:00:00,27.3,0.0,81.3,174.0,2.0
2024-08-10 19:00:00,27.3,0.0,82.0,185.0,1.6
2024-08-10 20:00:00,27.6,0.0,78.5,241.0,1.3
2024-08-10 21:00:00,27.3,0.0,80.9,189.0,1.2
2024-08-10 22:00:00,27.8,0.0,78.2,197.0,2.3
2024-08-10 23:00:00,27.9,0.0,78.2,191.0,1.2
2024-08-11 00:00:00,28.1,0.0,76.0,199.0,1.9
2024-08-11 01:00:00,28.4,0.0,78.2,172.0,1.9
2024-08-11 02:00:00,28.2,0.0,80.7,191.0,1.2
2024-08-11 03:00:00,28.0,0.0,82.9,197.0,1.6
2024-08-11 04:00:00,28.3,0.0,82.7,186.0,2.0
2024-08-11 05:00:00,28.1,0.0,83.6,175.0,1.8
2024-08-11 06:00:00,27.8,0.0,83.8,185.0,2.2
2024-08-11 07:00:00,27.9,0.0,80.3,155.0,3.5
2024-08-11 08:00:00,27.1,0.0,83.7,192.0,2.4
2024-08-11 09:00:00,28.1,0.0,81.5,183.0,3.1
2024-08-11 10:00:00,28.4,0.0,75.8,194.0,3.3
2024-08-11 11:00:00,28.3,0.0,82.1,176.0,2.5
2024-08-11 12:00:00,29.6,0.0,76.9,185.0,3.0
2024-08-11 13:00:00,30.0,0.0,73.1,210.0,6.4
2024-08-11 14:00:00,29.9,0.0,70.6,205.0,5.8
2024-08-11 15:00:00,30.6,0.0,60.6,212.0,6.9
2024-08-11 16:00:00,30.8,0.0,65.3,192.0,3.9
2024-08-11 17:00:00,30.3,0.0,68.9,180.0,3.5
2024-08-11 18:00:00,29.8,0.0,68.7,187.0,3.2
2024-08-11 19:00:00,29.5,0.0,70.7,167.0,2.5
2024-08-11 20:00:00,29.1,0.0,72.0,169.0,2.9
2024-08-11 21:00:00,29.1,0.0,72.1,160.0,2.3
2024-08-11 22:00:00,28.8,0.0,72.9,175.0,2.7
2024-08-11 23:00:00,28.7,0.0,75.1,181.0,2.3
2024-08-12 00:00:00,28.7,0.0,73.7,166.0,2.5
2024-08-12 01:00:00,28.4,0.0,73.7,163.0,2.3
2024-08-12 02:00:00,28.2,0.0,74.5,187.0,2.5
2024-08-12 03:00:00,28.0,0.0,76.5,170.0,2.2
2024-08-12 04:00:00,27.8,0.0,77.3,175.0,2.0
2024-08-12 05:00:00,27.9,0.0,76.8,172.0,2.2
2024-08-12 06:00:00,27.8,0.0,77.4,175.0,2.3
2024-08-12 07:00:00,28.3,0.0,74.1,166.0,2.7
2024-08-12 08:00:00,28.4,0.0,73.2,176.0,2.4
2024-08-12 09:00:00,29.5,0.0,69.2,187.0,3.0
2024-08-12 10:00:00,30.1,0.0,66.1,184.0,3.8
2024-08-12 11:00:00,30.0,0.0,69.3,202.0,4.2
2024-08-12 12:00:00,31.1,0.0,64.4,230.0,6.3
2024-08-12 13:00:00,30.5,0.0,69.4,251.0,5.7
2024-08-12 14:00:00,30.9,0.0,68.3,257.0,6.0
2024-08-12 15:00:00,30.1,0.0,71.0,191.0,3.9
2024-08-12 16:00:00,29.7,0.0,70.9,196.0,3.2
2024-08-12 17:00:00,30.8,0.0,65.2,199.0,5.5
2024-08-12 18:00:00,30.2,0.0,66.2,189.0,3.1
2024-08-12 19:00:00,29.8,0.0,70.0,183.0,2.3
2024-08-12 20:00:00,29.7,0.0,71.4,166.0,1.9
2024-08-12 21:00:00,29.3,0.0,71.9,144.0,1.8
2024-08-12 22:00:00,29.3,0.0,70.0,147.0,2.2
2024-08-12 23:00:00,29.3,0.0,69.2,143.0,2.8
2024-08-13 00:00:00,29.1,0.0,73.4,148.0,1.7
2024-08-13 01:00:00,29.0,0.0,71.1,142.0,2.0
2024-08-13 02:00:00,29.0,0.0,71.1,148.0,1.8
2024-08-13 03:00:00,28.8,0.0,73.4,163.0,1.8
2024-08-13 04:00:00,28.9,0.0,73.8,157.0,1.7
2024-08-13 05:00:00,28.8,0.0,73.8,151.0,2.0
2024-08-13 06:00:00,28.6,0.0,74.9,154.0,2.2
2024-08-13 07:00:00,28.5,0.0,74.4,146.0,2.4
2024-08-13 08:00:00,28.7,0.0,73.4,139.0,2.4
2024-08-13 09:00:00,29.3,0.0,71.6,142.0,2.5
2024-08-13 10:00:00,30.4,0.0,66.6,156.0,4.0
2024-08-13 11:00:00,31.1,0.0,57.0,155.0,4.3
2024-08-13 12:00:00,31.7,0.0,56.7,152.0,3.4
2024-08-13 13:00:00,30.7,0.0,67.6,176.0,4.8
2024-08-13 14:00:00,30.2,0.0,65.7,158.0,4.1
2024-08-13 15:00:00,30.6,0.0,58.9,174.0,5.1
2024-08-13 16:00:00,31.3,0.0,64.7,179.0,5.9
2024-08-13 17:00:00,30.8,0.0,65.0,183.0,4.2
2024-08-13 18:00:00,30.4,0.0,66.8,175.0,3.6
2024-08-13 19:00:00,30.0,0.0,66.4,178.0,3.7
2024-08-13 20:00:00,29.7,0.0,68.5,180.0,2.9
2024-08-13 21:00:00,28.6,0.0,78.8,168.0,1.7
2024-08-13 22:00:00,28.8,0.0,72.1,155.0,2.0
2024-08-13 23:00:00,28.9,0.0,69.6,159.0,1.9
2024-08-14 00:00:00,28.7,0.0,72.1,169.0,2.7
2024-08-14 01:00:00,28.8,0.0,72.8,160.0,2.1
2024-08-14 02:00:00,28.3,0.0,76.7,166.0,2.0
2024-08-14 03:00:00,28.4,0.0,73.7,153.0,1.8
2024-08-14 04:00:00,28.2,0.0,74.7,166.0,2.3
2024-08-14 05:00:00,28.3,0.0,75.4,153.0,1.6
2024-08-14 06:00:00,28.3,0.0,77.6,160.0,1.9
2024-08-14 07:00:00,28.6,0.0,76.6,159.0,2.1
2024-08-14 08:00:00,28.9,0.0,74.6,152.0,2.0
2024-08-14 09:00:00,29.2,0.0,74.1,178.0,2.9
2024-08-14 10:00:00,29.0,0.0,76.4,168.0,3.1
2024-08-14 11:00:00,28.9,0.0,70.9,199.0,6.0
2024-08-14 12:00:00,25.9,0.0,92.7,218.0,1.9
2024-08-14 13:00:00,25.4,1.2,92.1,193.0,2.7
2024-08-14 14:00:00,26.1,0.0,92.1,305.0,3.5
2024-08-14 15:00:00,26.9,0.0,83.3,46.0,3.3
2024-08-14 16:00:00,26.7,0.2,85.5,177.0,2.5
2024-08-14 17:00:00,24.2,1.2,94.0,224.0,4.8
2024-08-14 18:00:00,24.8,0.0,94.4,263.0,5.0
2024-08-14 19:00:00,25.7,0.0,89.4,184.0,1.6
2024-08-14 20:00:00,25.8,0.0,89.2,165.0,1.5
2024-08-14 21:00:00,26.3,0.0,86.0,189.0,2.0
2024-08-14 22:00:00,26.5,0.0,86.6,201.0,2.0
2024-08-14 23:00:00,25.9,0.0,89.2,87.0,1.1
2024-08-15 00:00:00,26.5,0.0,86.0,304.0,0.8
2024-08-15 01:00:00,26.4,0.0,86.9,233.0,0.8
2024-08-15 02:00:00,26.3,0.0,87.8,184.0,1.5
2024-08-15 03:00:00,27.0,0.0,83.4,151.0,0.9
2024-08-15 04:00:00,27.2,0.0,82.8,197.0,1.9
2024-08-15 05:00:00,27.0,0.0,81.8,170.0,1.7
2024-08-15 06:00:00,27.5,0.0,79.9,161.0,1.5
2024-08-15 07:00:00,27.3,0.0,82.8,185.0,1.7
2024-08-15 08:00:00,27.0,0.0,88.1,42.0,1.2
2024-08-15 09:00:00,28.8,0.0,79.0,174.0,1.9
2024-08-15 10:00:00,29.5,0.0,75.6,193.0,3.7
2024-08-15 11:00:00,30.1,0.0,72.9,206.0,5.6
2024-08-15 12:00:00,30.7,0.0,70.6,210.0,5.0
2024-08-15 13:00:00,31.4,0.0,67.8,211.0,4.7
2024-08-15 14:00:00,31.8,0.0,62.3,204.0,4.7
2024-08-15 15:00:00,31.9,0.0,61.8,197.0,5.2
2024-08-15 16:00:00,29.6,0.0,72.5,178.0,3.5
2024-08-15 17:00:00,28.2,0.0,77.7,48.0,2.6
2024-08-15 18:00:00,29.4,0.0,69.1,170.0,3.1
2024-08-15 19:00:00,29.5,0.0,72.9,157.0,3.3
2024-08-15 20:00:00,29.4,0.0,71.1,157.0,2.2
2024-08-15 21:00:00,29.2,0.0,74.2,169.0,2.0
2024-08-15 22:00:00,28.9,0.0,76.8,149.0,1.7
2024-08-15 23:00:00,28.7,0.0,76.3,156.0,1.6
2024-08-16 00:00:00,28.6,0.0,79.1,162.0,2.0
2024-08-16 01:00:00,28.6,0.0,76.4,161.0,2.7
2024-08-16 02:00:00,28.7,0.0,75.7,155.0,1.4
2024-08-16 03:00:00,28.6,0.0,77.3,164.0,0.9
2024-08-16 04:00:00,27.5,0.0,83.7,81.0,1.9
2024-08-16 05:00:00,27.1,0.0,86.7,85.0,1.1
2024-08-16 06:00:00,27.4,0.0,84.7,22.0,1.2
2024-08-16 07:00:00,27.0,0.0,85.7,57.0,1.4
2024-08-16 08:00:00,27.3,0.0,84.6,33.0,1.9
2024-08-16 09:00:00,28.8,0.0,76.5,198.0,1.2
2024-08-16 10:00:00,29.3,0.0,70.7,238.0,3.9
2024-08-16 11:00:00,29.0,0.0,72.7,212.0,3.9
2024-08-16 12:00:00,30.5,0.0,66.4,183.0,4.7
2024-08-16 13:00:00,26.8,0.0,85.0,174.0,3.3
2024-08-16 14:00:00,29.2,0.0,72.8,176.0,2.8
2024-08-16 15:00:00,29.9,0.0,71.9,175.0,3.1
2024-08-16 16:00:00,29.9,0.0,69.3,176.0,4.1
2024-08-16 17:00:00,29.8,0.0,71.7,176.0,3.1
2024-08-16 18:00:00,30.0,0.0,69.1,180.0,2.9
2024-08-16 19:00:00,29.7,0.0,70.2,169.0,3.4
2024-08-16 20:00:00,29.6,0.0,69.5,149.0,2.0
2024-08-16 21:00:00,29.4,0.0,70.7,149.0,2.4
2024-08-16 22:00:00,28.9,0.0,74.7,162.0,3.3
2024-08-16 23:00:00,28.7,0.0,76.6,166.0,1.9
2024-08-17 00:00:00,28.7,0.0,75.8,149.0,1.6
2024-08-17 01:00:00,28.7,0.0,75.3,145.0,2.0
2024-08-17 02:00:00,28.7,0.0,75.2,161.0,2.3
2024-08-17 03:00:00,28.7,0.0,73.5,147.0,1.9
2024-08-17 04:00:00,28.7,0.0,74.7,151.0,1.9
2024-08-17 05:00:00,28.3,0.0,77.4,166.0,1.1
2024-08-17 06:00:00,28.5,0.0,76.5,153.0,1.4
2024-08-17 07:00:00,28.5,0.0,76.9,159.0,1.8
2024-08-17 08:00:00,28.5,0.0,77.8,158.0,1.9
2024-08-17 09:00:00,29.0,0.0,75.3,154.0,1.6
2024-08-17 10:00:00,29.6,0.0,71.7,148.0,1.8
2024-08-17 11:00:00,30.5,0.0,70.8,178.0,3.8
2024-08-17 12:00:00,31.2,0.0,66.5,209.0,5.1
2024-08-17 13:00:00,30.7,0.0,63.1,170.0,3.7
2024-08-17 14:00:00,29.4,0.0,68.5,158.0,2.4
2024-08-17 15:00:00,29.2,0.0,67.5,157.0,3.8
2024-08-17 16:00:00,30.6,0.0,68.7,167.0,3.4
2024-08-17 17:00:00,29.6,0.0,64.2,156.0,4.5
2024-08-17 18:00:00,29.9,0.0,70.1,146.0,2.2
2024-08-17 19:00:00,29.8,0.0,69.9,153.0,1.4
2024-08-17 20:00:00,29.7,0.0,71.1,151.0,2.3
2024-08-17 21:00:00,29.7,0.0,69.3,139.0,2.2
2024-08-17 22:00:00,29.2,0.0,74.0,158.0,1.9
2024-08-17 23:00:00,29.1,0.0,74.9,154.0,1.6
2024-08-18 00:00:00,28.9,0.0,75.7,155.0,2.1
2024-08-18 01:00:00,28.9,0.0,74.6,158.0,1.7
2024-08-18 02:00:00,28.7,0.0,75.4,164.0,1.3
2024-08-18 03:00:00,28.7,0.0,77.2,144.0,1.3
2024-08-18 04:00:00,28.7,0.0,77.3,158.0,1.6
2024-08-18 05:00:00,28.5,0.0,77.6,150.0,1.1
2024-08-18 06:00:00,28.6,0.0,75.8,153.0,1.4
2024-08-18 07:00:00,28.4,0.0,78.5,153.0,1.3
2024-08-18 08:00:00,28.4,0.0,79.6,174.0,2.0
2024-08-18 09:00:00,29.2,0.0,74.2,147.0,1.5
2024-08-18 10:00:00,30.0,0.0,70.9,171.0,3.3
2024-08-18 11:00:00,30.6,0.0,70.7,192.0,5.1
2024-08-18 12:00:00,30.0,0.0,71.5,199.0,4.1
2024-08-18 13:00:00,31.5,0.0,63.2,193.0,5.1
2024-08-18 14:00:00,31.7,0.0,64.4,225.0,6.5
2024-08-18 15:00:00,31.6,0.0,64.1,202.0,5.3
2024-08-18 16:00:00,30.7,0.0,65.4,185.0,3.9
2024-08-18 17:00:00,30.4,0.0,69.8,197.0,4.6
2024-08-18 18:00:00,29.2,0.0,68.4,176.0,2.9
2024-08-18 19:00:00,29.4,0.0,67.0,173.0,2.6
2024-08-18 20:00:00,29.0,0.0,72.7,162.0,2.3
2024-08-18 21:00:00,28.8,0.0,75.0,179.0,2.2
2024-08-18 22:00:00,29.0,0.0,73.6,177.0,2.7
2024-08-18 23:00:00,28.7,0.0,78.0,175.0,2.5
2024-08-19 00:00:00,28.8,0.0,78.4,155.0,1.7
2024-08-19 01:00:00,28.8,0.0,76.1,161.0,1.8
2024-08-19 02:00:00,28.4,0.0,78.1,170.0,2.5
2024-08-19 03:00:00,28.2,0.0,76.4,171.0,1.5
2024-08-19 04:00:00,28.4,0.0,77.1,163.0,2.4
2024-08-19 05:00:00,28.4,0.0,77.4,175.0,2.5
2024-08-19 06:00:00,28.4,0.0,76.6,158.0,1.7
2024-08-19 07:00:00,28.4,0.0,77.4,163.0,1.8
2024-08-19 08:00:00,28.9,0.0,76.5,176.0,1.9
2024-08-19 09:00:00,29.3,0.0,74.4,187.0,2.8
2024-08-19 10:00:00,30.0,0.0,69.3,186.0,3.3
2024-08-19 11:00:00,31.2,0.0,63.0,206.0,4.7
2024-08-19 12:00:00,31.1,0.0,65.5,210.0,5.7
2024-08-19 13:00:00,31.4,0.0,66.2,207.0,6.2
2024-08-19 14:00:00,32.5,0.0,59.7,199.0,4.6
2024-08-19 15:00:00,31.2,0.0,61.2,179.0,4.2
2024-08-19 16:00:00,31.0,0.0,65.9,168.0,4.6
2024-08-19 17:00:00,29.4,0.0,68.6,28.0,3.0
2024-08-19 18:00:00,28.7,0.0,70.0,15.0,2.6
2024-08-19 19:00:00,30.1,0.0,67.2,179.0,2.5
2024-08-19 20:00:00,29.9,0.0,65.5,173.0,3.0
2024-08-19 21:00:00,29.6,0.0,72.2,174.0,2.2
2024-08-19 22:00:00,28.9,0.0,72.7,10.0,1.8
2024-08-19 23:00:00,29.2,0.0,73.2,129.0,1.2
2024-08-20 00:00:00,29.3,0.0,71.4,154.0,1.8
2024-08-20 01:00:00,28.9,0.0,76.1,160.0,1.6
2024-08-20 02:00:00,28.9,0.0,72.6,157.0,1.7
2024-08-20 03:00:00,28.5,0.0,78.5,167.0,1.9
2024-08-20 04:00:00,28.5,0.0,75.6,159.0,1.9
2024-08-20 05:00:00,28.4,0.0,75.8,175.0,1.4
2024-08-20 06:00:00,27.5,0.0,84.5,37.0,1.6
2024-08-20 07:00:00,27.4,0.0,82.9,77.0,0.8
2024-08-20 08:00:00,27.2,0.0,85.7,44.0,1.5
2024-08-20 09:00:00,27.8,0.0,83.5,50.0,1.6
2024-08-20 10:00:00,28.8,0.0,77.8,239.0,2.3
2024-08-20 11:00:00,30.3,0.0,67.3,189.0,4.3
2024-08-20 12:00:00,30.5,0.0,64.6,196.0,4.8
2024-08-20 13:00:00,31.2,0.0,67.9,254.0,6.4
2024-08-20 14:00:00,30.8,0.0,67.4,223.0,5.0
2024-08-20 15:00:00,30.1,0.0,72.2,273.0,7.8
2024-08-20 16:00:00,28.2,0.0,78.4,30.0,3.0
2024-08-20 17:00:00,23.9,2.2,93.6,179.0,1.5
2024-08-20 18:00:00,23.5,0.0,94.3,263.0,5.8
2024-08-20 19:00:00,24.3,0.0,94.2,24.0,1.5
2024-08-20 20:00:00,25.2,0.0,89.5,30.0,1.4
2024-08-20 21:00:00,25.1,0.0,87.7,70.0,1.2
2024-08-20 22:00:00,26.0,0.0,85.2,226.0,1.6
2024-08-20 23:00:00,26.0,0.0,87.6,27.0,1.6
2024-08-21 00:00:00,26.8,0.0,86.1,306.0,2.0
2024-08-21 01:00:00,26.3,0.0,85.6,43.0,3.1
2024-08-21 02:00:00,25.9,0.0,85.0,38.0,2.1
2024-08-21 03:00:00,26.2,0.0,83.7,26.0,2.9
2024-08-21 04:00:00,25.9,0.0,85.4,34.0,2.8
2024-08-21 05:00:00,25.9,0.0,86.2,58.0,2.1
2024-08-21 06:00:00,26.4,0.0,83.9,30.0,2.1
2024-08-21 07:00:00,26.0,0.0,87.9,94.0,1.1
2024-08-21 08:00:00,26.1,0.0,86.2,168.0,0.8
2024-08-21 09:00:00,27.3,0.0,79.7,99.0,1.0
2024-08-21 10:00:00,28.5,0.0,76.7,63.0,0.9
2024-08-21 11:00:00,29.0,0.0,70.6,296.0,2.2
2024-08-21 12:00:00,30.1,0.0,64.2,184.0,3.3
2024-08-21 13:00:00,29.9,0.0,66.3,185.0,3.9
2024-08-21 14:00:00,30.3,0.0,67.2,182.0,4.9
2024-08-21 15:00:00,30.3,0.0,67.5,194.0,6.1
2024-08-21 16:00:00,29.6,0.0,69.2,187.0,5.0
2024-08-21 17:00:00,29.0,0.0,68.2,169.0,3.6
2024-08-21 18:00:00,29.6,0.0,68.9,185.0,3.2
2024-08-21 19:00:00,28.9,0.0,70.8,189.0,2.8
2024-08-21 20:00:00,28.5,0.0,71.4,176.0,3.4
2024-08-21 21:00:00,28.3,0.0,74.0,185.0,2.1
2024-08-21 22:00:00,28.1,0.0,76.0,191.0,2.1
2024-08-21 23:00:00,28.7,0.0,69.2,228.0,1.5
2024-08-22 00:00:00,28.6,0.0,71.2,233.0,1.7
2024-08-22 01:00:00,28.3,0.0,73.9,202.0,2.3
2024-08-22 02:00:00,28.200000000000003,0.0,73.9,196.0,1.9
2024-08-22 03:00:00,28.1,0.0,73.9,190.0,1.5
2024-08-22 04:00:00,27.9,0.0,75.8,195.0,1.8
2024-08-22 05:00:00,27.9,0.0,77.9,183.0,1.1
2024-08-22 06:00:00,28.0,0.0,76.1,197.0,1.8
2024-08-22 07:00:00,27.9,0.0,76.7,196.0,1.8
2024-08-22 08:00:00,27.9,0.0,81.1,128.0,0.8
2024-08-22 09:00:00,28.6,0.0,75.1,28.0,1.5
2024-08-22 10:00:00,30.0,0.0,67.8,220.0,3.3
2024-08-22 11:00:00,31.1,0.0,54.6,209.0,5.8
2024-08-22 12:00:00,31.7,0.0,46.0,216.0,6.0
2024-08-22 13:00:00,31.9,0.0,49.3,218.0,6.8
2024-08-22 14:00:00,31.6,0.0,62.6,254.0,7.7
2024-08-22 15:00:00,32.5,0.0,57.1,238.0,9.0
2024-08-22 16:00:00,31.4,0.0,59.3,212.0,6.9
2024-08-22 17:00:00,30.8,0.0,66.5,199.0,4.4
2024-08-22 18:00:00,30.4,0.0,69.6,196.0,4.2
2024-08-22 19:00:00,29.8,0.0,67.7,171.0,2.9
2024-08-22 20:00:00,29.7,0.0,68.0,176.0,2.4
2024-08-22 21:00:00,29.4,0.0,71.1,183.0,2.4
2024-08-22 22:00:00,29.1,0.0,72.0,188.0,2.3
2024-08-22 23:00:00,29.2,0.0,71.2,169.0,1.5
2024-08-23 00:00:00,28.3,1.2,80.5,173.0,1.4
2024-08-23 01:00:00,28.3,0.0,80.9,159.0,1.5
2024-08-23 02:00:00,28.3,0.0,78.9,147.0,1.0
2024-08-23 03:00:00,28.7,0.0,76.6,153.0,1.1
2024-08-23 04:00:00,28.4,0.0,78.7,137.0,1.0
2024-08-23 05:00:00,28.4,0.0,77.7,165.0,1.7
2024-08-23 06:00:00,27.8,0.0,84.6,293.0,2.9
2024-08-23 07:00:00,28.4,0.0,80.3,216.0,2.3
2024-08-23 08:00:00,28.9,0.0,74.1,156.0,1.3
2024-08-23 09:00:00,29.2,0.0,72.8,160.0,1.0
2024-08-23 10:00:00,29.9,0.0,71.0,184.0,3.0
2024-08-23 11:00:00,30.7,0.0,63.2,202.0,5.0
2024-08-23 12:00:00,31.8,0.0,54.4,236.0,7.1
2024-08-23 13:00:00,31.4,0.0,65.9,228.0,6.5
2024-08-23 14:00:00,31.5,0.0,65.0,218.0,7.2
2024-08-23 15:00:00,30.3,0.0,70.5,224.0,6.5
2024-08-23 16:00:00,29.6,0.0,69.7,181.0,1.8
2024-08-23 17:00:00,28.3,0.0,76.6,29.0,1.9
2024-08-23 18:00:00,28.5,0.0,77.4,40.0,1.7
2024-08-23 19:00:00,27.4,0.0,83.9,39.0,2.5
2024-08-23 20:00:00,27.5,0.0,83.1,27.0,1.8
2024-08-23 21:00:00,27.7,0.0,83.5,135.0,0.7
2024-08-23 22:00:00,27.0,0.0,79.0,188.0,1.0
2024-08-23 23:00:00,27.6,0.0,77.3,207.0,1.8
2024-08-24 00:00:00,27.3,0.0,84.4,29.0,1.7
2024-08-24 01:00:00,27.4,0.0,85.2,46.0,2.2
2024-08-24 02:00:00,26.7,0.0,84.9,40.0,4.7
2024-08-24 03:00:00,26.2,0.0,82.0,82.0,2.6
2024-08-24 04:00:00,25.8,0.0,85.9,44.0,4.8
2024-08-24 05:00:00,25.6,0.0,87.1,54.0,3.9
2024-08-24 06:00:00,25.5,0.0,86.3,23.0,3.7
2024-08-24 07:00:00,25.4,0.0,85.4,26.0,3.1
2024-08-24 08:00:00,25.8,0.0,81.4,28.0,2.7
2024-08-24 09:00:00,26.0,0.0,80.8,18.0,2.4
2024-08-24 10:00:00,26.1,0.0,82.0,202.0,3.5
2024-08-24 11:00:00,26.5,0.0,81.9,205.0,6.8
2024-08-24 12:00:00,27.9,0.0,72.9,209.0,8.5
2024-08-24 13:00:00,27.5,0.0,70.9,190.0,6.2
2024-08-24 14:00:00,28.3,0.0,70.5,194.0,4.6
2024-08-24 15:00:00,27.9,0.0,70.3,181.0,3.5
2024-08-24 16:00:00,28.6,0.0,72.3,240.0,5.1
2024-08-24 17:00:00,28.4,0.0,73.2,275.0,3.4
2024-08-24 18:00:00,28.6,0.0,71.1,271.0,1.5
2024-08-24 19:00:00,28.2,0.0,67.9,194.0,2.3
2024-08-24 20:00:00,27.9,0.0,69.7,196.0,2.1
2024-08-24 21:00:00,27.9,0.0,67.6,183.0,1.6
2024-08-24 22:00:00,27.8,0.0,69.5,195.0,2.0
2024-08-24 23:00:00,27.9,0.0,70.3,197.0,1.6
2024-08-25 00:00:00,27.8,0.0,73.8,338.0,1.1
2024-08-25 01:00:00,27.3,0.0,78.5,38.0,1.3
2024-08-25 02:00:00,27.0,0.0,77.9,94.0,0.9
2024-08-25 03:00:00,27.4,0.0,77.55000000000001,197.5,1.8000000000000003
2024-08-25 04:00:00,27.8,0.0,77.2,301.0,2.7
2024-08-25 05:00:00,27.0,0.0,77.5,40.0,2.3
2024-08-25 06:00:00,26.9,0.0,80.3,73.0,1.6
2024-08-25 07:00:00,26.5,0.0,81.7,63.0,1.8
2024-08-25 08:00:00,27.0,0.0,79.6,165.0,0.9
2024-08-25 09:00:00,28.3,0.0,76.9,202.0,2.0
2024-08-25 10:00:00,29.3,0.0,73.3,225.0,2.2
2024-08-25 11:00:00,29.9,0.0,71.4,231.0,3.4
2024-08-25 12:00:00,25.8,0.0,81.9,160.0,3.9
2024-08-25 13:00:00,27.9,0.0,75.5,197.0,6.3
2024-08-25 14:00:00,28.4,0.0,74.7,199.0,4.6
2024-08-25 15:00:00,29.7,0.0,68.5,181.0,3.5
2024-08-25 16:00:00,29.0,0.0,72.5,196.0,3.7
2024-08-25 17:00:00,29.2,0.0,69.2,184.0,2.7
2024-08-25 18:00:00,28.6,0.0,70.0,199.0,3.3
2024-08-25 19:00:00,28.5,0.0,70.6,175.0,2.1
2024-08-25 20:00:00,28.4,0.0,73.2,178.0,2.4
2024-08-25 21:00:00,28.3,0.0,75.0,198.0,1.9
2024-08-25 22:00:00,28.4,0.0,75.3,198.0,1.7
2024-08-25 23:00:00,28.4,0.0,71.6,190.0,1.5
2024-08-26 00:00:00,28.4,0.0,72.5,197.0,1.6
2024-08-26 01:00:00,27.3,0.0,85.4,26.0,1.5
2024-08-26 02:00:00,27.1,0.0,87.1,20.0,1.8
2024-08-26 03:00:00,27.5,0.0,81.8,31.0,1.4
2024-08-26 04:00:00,27.2,0.0,82.3,23.0,2.2
2024-08-26 05:00:00,27.3,0.0,81.8,17.0,1.5
2024-08-26 06:00:00,27.0,0.0,84.0,37.0,1.2
2024-08-26 07:00:00,24.9,4.0,84.7,289.0,9.60001
2024-08-26 08:00:00,25.4,0.0,91.8,189.0,1.6
2024-08-26 09:00:00,27.0,0.0,82.8,222.0,1.2
2024-08-26 10:00:00,28.1,0.0,79.9,321.0,1.2
2024-08-26 11:00:00,30.0,0.0,69.7,250.0,3.4
2024-08-26 12:00:00,30.1,0.0,68.7,195.0,2.9
2024-08-26 13:00:00,30.2,0.0,71.3,268.0,6.3
2024-08-26 14:00:00,30.4,0.0,71.8,240.0,5.3
2024-08-26 15:00:00,30.9,0.0,68.2,260.0,5.6
2024-08-26 16:00:00,30.3,0.0,65.3,241.0,5.1
2024-08-26 17:00:00,30.9,0.0,62.2,266.0,5.2
2024-08-26 18:00:00,30.1,0.0,69.0,274.0,8.10001
2024-08-26 19:00:00,29.5,0.0,68.9,268.0,4.1
2024-08-26 20:00:00,29.6,0.0,69.7,271.0,2.7
2024-08-26 21:00:00,29.2,0.0,68.9,186.0,1.8
2024-08-26 22:00:00,29.0,0.0,71.1,181.0,2.1
2024-08-26 23:00:00,29.0,0.0,72.2,170.0,2.0
2024-08-27 00:00:00,28.8,0.0,75.7,185.0,1.9
2024-08-27 01:00:00,28.5,0.0,77.1,198.0,2.4
2024-08-27 02:00:00,28.5,0.0,77.7,203.0,2.3
2024-08-27 03:00:00,28.4,0.0,78.2,217.0,1.3
2024-08-27 04:00:00,27.5,0.0,83.2,58.0,1.5
2024-08-27 05:00:00,27.7,0.0,82.7,40.0,1.0
2024-08-27 06:00:00,27.7,0.0,83.6,41.0,1.1
2024-08-27 07:00:00,27.1,0.0,83.7,178.0,1.1
2024-08-27 08:00:00,28.0,0.0,81.1,200.0,3.1
2024-08-27 09:00:00,28.6,0.0,79.1,267.0,5.3
2024-08-27 10:00:00,28.8,0.0,77.1,281.0,6.2
2024-08-27 11:00:00,28.7,0.0,77.1,267.0,6.8
2024-08-27 12:00:00,26.4,0.0,92.1,245.0,2.8
2024-08-27 13:00:00,25.4,0.0,91.2,53.0,1.8
2024-08-27 14:00:00,27.6,0.2,81.5,284.0,3.0
2024-08-27 15:00:00,28.9,0.0,74.8,224.0,4.5
2024-08-27 16:00:00,29.5,0.0,69.9,258.0,3.9
2024-08-27 17:00:00,30.1,0.0,65.9,237.0,3.6
2024-08-27 18:00:00,29.5,0.0,67.5,269.0,4.2
2024-08-27 19:00:00,29.1,0.0,72.5,273.0,3.4
2024-08-27 20:00:00,28.9,0.0,75.9,272.0,3.9
2024-08-27 21:00:00,29.0,0.0,76.5,284.0,3.6
2024-08-27 22:00:00,29.1,0.0,77.9,278.0,3.2
2024-08-27 23:00:00,29.3,0.0,74.3,244.0,2.6
2024-08-28 00:00:00,29.1,0.0,74.1,255.0,2.7
2024-08-28 01:00:00,29.3,0.0,73.5,263.0,4.2
2024-08-28 02:00:00,29.2,0.0,77.5,286.0,8.3
2024-08-28 03:00:00,27.3,0.0,85.4,302.0,3.6
2024-08-28 04:00:00,26.2,0.0,85.6,144.0,1.8
2024-08-28 05:00:00,24.7,0.0,86.4,303.0,15.8
2024-08-28 06:00:00,25.1,0.0,83.2,302.0,14.3
2024-08-28 07:00:00,25.0,0.0,81.2,123.0,2.1
2024-08-28 08:00:00,24.8,0.8,88.7,296.0,8.5
2024-08-28 09:00:00,25.4,0.0,85.4,98.0,1.3
2024-08-28 10:00:00,27.4,0.0,71.8,301.0,4.0
2024-08-28 11:00:00,27.8,0.0,71.0,283.0,3.8
2024-08-28 12:00:00,29.1,0.0,67.6,261.0,4.1
2024-08-28 13:00:00,30.1,0.0,63.5,277.0,4.2
2024-08-28 14:00:00,30.1,0.0,65.1,282.0,8.3
2024-08-28 15:00:00,29.9,0.0,62.9,275.0,7.9
2024-08-28 16:00:00,29.9,0.0,62.6,282.0,5.3
2024-08-28 17:00:00,30.0,0.0,63.0,295.0,3.1
2024-08-28 18:00:00,30.0,0.0,63.4,275.0,3.3
2024-08-28 19:00:00,29.5,0.0,66.5,212.0,2.4
2024-08-28 20:00:00,29.3,0.0,65.0,194.0,2.1
2024-08-28 21:00:00,28.8,0.0,74.4,182.0,2.2
2024-08-28 22:00:00,29.0,0.0,70.7,166.0,2.2
2024-08-28 23:00:00,29.0,0.0,69.2,165.0,1.4
2024-08-29 00:00:00,28.8,0.0,69.2,170.0,2.3
2024-08-29 01:00:00,28.3,0.0,72.1,186.0,1.5
2024-08-29 02:00:00,27.9,0.0,75.3,170.0,1.1
2024-08-29 03:00:00,27.2,0.0,80.5,60.0,2.1
2024-08-29 04:00:00,27.0,0.0,79.8,34.0,2.5
2024-08-29 05:00:00,26.6,0.0,82.5,58.0,1.8
2024-08-29 06:00:00,26.4,0.0,81.9,50.0,2.1
2024-08-29 07:00:00,26.3,0.0,82.7,63.0,1.2
2024-08-29 08:00:00,26.9,0.0,78.0,53.0,1.5
2024-08-29 09:00:00,28.5,0.0,71.4,292.0,1.5
2024-08-29 10:00:00,29.3,0.0,71.5,277.0,1.7
2024-08-29 11:00:00,29.3,0.0,73.7,259.0,3.7
2024-08-29 12:00:00,30.3,0.0,63.8,217.0,5.1
2024-08-29 13:00:00,30.3,0.0,69.3,203.0,5.9
2024-08-29 14:00:00,30.2,0.0,68.2,202.0,6.1
2024-08-29 15:00:00,30.3,0.0,59.6,186.0,4.5
2024-08-29 16:00:00,30.1,0.0,65.3,201.0,5.0
2024-08-29 17:00:00,29.9,0.0,64.0,193.0,3.6
2024-08-29 18:00:00,30.2,0.0,60.5,174.0,3.7
2024-08-29 19:00:00,29.6,0.0,61.5,174.0,2.8
2024-08-29 20:00:00,29.6,0.0,58.0,176.0,2.4
2024-08-29 21:00:00,29.5,0.0,60.3,173.0,2.5
2024-08-29 22:00:00,29.4,0.0,62.1,157.0,1.6
2024-08-29 23:00:00,29.1,0.0,63.4,163.0,1.7
2024-08-30 00:00:00,28.8,0.0,64.5,188.0,1.7
2024-08-30 01:00:00,28.7,0.0,65.8,185.0,2.1
2024-08-30 02:00:00,28.7,0.0,64.2,164.0,1.8
2024-08-30 03:00:00,28.5,0.0,68.2,166.0,1.6
2024-08-30 04:00:00,28.5,0.0,70.6,172.0,2.3
2024-08-30 05:00:00,28.3,0.0,74.3,171.0,1.7
2024-08-30 06:00:00,28.4,0.0,73.9,179.0,2.0
2024-08-30 07:00:00,28.2,0.0,75.2,186.0,1.4
2024-08-30 08:00:00,27.6,0.0,80.5,92.0,0.6
2024-08-30 09:00:00,28.8,0.0,73.1,189.0,2.0
2024-08-30 10:00:00,29.6,0.0,69.8,178.0,2.2
2024-08-30 11:00:00,29.8,0.0,67.8,174.0,3.0
2024-08-30 12:00:00,30.6,0.0,64.7,168.0,4.6
2024-08-30 13:00:00,31.3,0.0,64.2,172.0,4.2
2024-08-30 14:00:00,31.2,0.0,61.6,186.0,6.1
2024-08-30 15:00:00,31.2,0.0,57.8,197.0,6.8
2024-08-30 16:00:00,31.0,0.0,58.7,189.0,5.1
2024-08-30 17:00:00,30.6,0.0,62.8,175.0,3.0
2024-08-30 18:00:00,30.5,0.0,63.4,185.0,2.7
2024-08-30 19:00:00,30.0,0.0,67.2,188.0,3.1
2024-08-30 20:00:00,29.6,0.0,69.7,171.0,2.7
2024-08-30 21:00:00,29.6,0.0,70.6,164.0,2.1
2024-08-30 22:00:00,29.2,0.0,73.7,174.0,2.4
2024-08-30 23:00:00,29.1,0.0,72.8,149.0,1.5
2024-08-31 00:00:00,29.5,0.0,67.5,159.0,1.7
2024-08-31 01:00:00,29.2,0.0,65.7,163.0,2.3
2024-08-31 02:00:00,28.8,0.0,70.8,172.0,3.0
2024-08-31 03:00:00,28.5,0.0,74.3,169.0,2.3
2024-08-31 04:00:00,28.4,0.0,75.9,168.0,2.6
2024-08-31 05:00:00,28.4,0.0,76.6,166.0,2.6
2024-08-31 06:00:00,28.2,0.0,78.3,166.0,2.4
2024-08-31 07:00:00,28.3,0.0,78.6,165.0,1.7
2024-08-31 08:00:00,28.6,0.0,76.7,177.0,2.6
2024-08-31 09:00:00,29.2,0.0,72.8,172.0,2.2
2024-08-31 10:00:00,29.8,0.0,70.3,217.0,5.1
2024-08-31 11:00:00,30.4,0.0,69.2,262.0,5.3
2024-08-31 12:00:00,31.3,0.0,64.3,247.0,6.3
2024-08-31 13:00:00,31.6,0.0,60.1,210.0,6.1
2024-08-31 14:00:00,32.4,0.0,56.5,232.0,9.5
2024-08-31 15:00:00,32.6,0.0,50.3,212.0,10.7
2024-08-31 16:00:00,32.3,0.0,50.0,198.0,7.3
2024-08-31 17:00:00,30.4,0.0,60.3,170.0,2.7
2024-08-31 18:00:00,30.3,0.0,61.2,165.0,2.2
2024-08-31 19:00:00,30.0,0.0,70.0,180.0,2.5
2024-08-31 20:00:00,29.7,0.0,70.9,176.0,2.4
2024-08-31 21:00:00,29.7,0.0,73.7,168.0,1.4
2024-08-31 22:00:00,28.2,0.0,75.5,18.0,3.5
2024-08-31 23:00:00,27.7,0.0,79.1,97.0,1.1
2024-09-01 00:00:00,28.0,0.0,78.5,196.0,1.5
2024-09-01 01:00:00,28.6,0.0,77.5,185.0,2.5
2024-09-01 02:00:00,28.8,0.0,76.4,171.0,1.6
2024-09-01 03:00:00,28.4,0.0,78.8,255.0,1.2
2024-09-01 04:00:00,27.6,0.0,81.5,196.0,2.0
2024-09-01 05:00:00,27.5,0.0,83.0,165.0,0.8
2024-09-01 06:00:00,28.2,0.0,79.8,178.0,1.9
2024-09-01 07:00:00,28.1,0.0,81.3,187.0,1.8
2024-09-01 08:00:00,28.4,0.0,80.3,177.0,2.4
2024-09-01 09:00:00,29.1,0.0,75.5,172.0,2.4
2024-09-01 10:00:00,30.1,0.0,70.7,199.0,4.4
2024-09-01 11:00:00,30.5,0.0,69.3,176.0,4.4
2024-09-01 12:00:00,31.0,0.0,67.2,201.0,4.9
2024-09-01 13:00:00,31.9,0.0,61.0,222.0,6.3
2024-09-01 14:00:00,32.5,0.0,58.6,225.0,9.39999
2024-09-01 15:00:00,32.7,0.0,59.7,220.0,10.2
2024-09-01 16:00:00,33.0,0.0,54.7,198.0,11.6
2024-09-01 17:00:00,32.5,0.0,56.0,214.0,6.6
2024-09-01 18:00:00,30.7,0.0,67.3,198.0,3.2
2024-09-01 19:00:00,30.6,0.0,66.9,184.0,2.5
2024-09-01 20:00:00,30.4,0.0,68.1,164.0,2.1
2024-09-01 21:00:00,30.1,0.0,69.1,177.0,2.7
2024-09-01 22:00:00,29.8,0.0,73.8,178.0,2.0
2024-09-01 23:00:00,29.9,0.0,74.2,172.0,1.4
2024-09-02 00:00:00,29.2,0.0,78.9,181.0,2.7
2024-09-02 01:00:00,29.2,0.0,79.8,158.0,1.5
2024-09-02 02:00:00,29.1,0.0,78.5,145.0,1.6
2024-09-02 03:00:00,29.1,0.0,77.7,171.0,1.6
2024-09-02 04:00:00,28.9,0.0,77.7,159.0,1.7
2024-09-02 05:00:00,28.6,0.0,78.9,159.0,1.6
2024-09-02 06:00:00,28.6,0.0,79.8,161.0,2.3
2024-09-02 07:00:00,28.8,0.0,76.8,162.0,2.2
2024-09-02 08:00:00,28.9,0.0,77.1,180.0,2.9
2024-09-02 09:00:00,29.4,0.0,76.7,167.0,3.1
2024-09-02 10:00:00,30.2,0.0,72.7,167.0,3.5
2024-09-02 11:00:00,30.9,0.0,68.6,187.0,5.1
2024-09-02 12:00:00,31.1,0.0,68.1,177.0,4.6
2024-09-02 13:00:00,31.5,0.0,65.0,184.0,5.5
2024-09-02 14:00:00,32.5,0.0,61.2,204.0,5.6
2024-09-02 15:00:00,32.0,0.0,62.9,195.0,5.1
2024-09-02 16:00:00,31.9,0.0,58.5,208.0,6.1
2024-09-02 17:00:00,32.0,0.0,57.4,182.0,5.5
2024-09-02 18:00:00,31.2,0.0,64.6,173.0,2.8
2024-09-02 19:00:00,30.7,0.0,66.7,154.0,2.0
2024-09-02 20:00:00,30.5,0.0,68.7,159.0,2.5
2024-09-02 21:00:00,30.0,0.0,73.0,156.0,2.7
2024-09-02 22:00:00,29.9,0.0,71.8,162.0,2.4
2024-09-02 23:00:00,29.8,0.0,74.8,150.0,1.5
2024-09-03 00:00:00,29.6,0.0,74.3,146.0,1.6
2024-09-03 01:00:00,29.4,0.0,72.8,154.0,1.4
2024-09-03 02:00:00,29.6,0.0,68.8,160.0,1.3
2024-09-03 03:00:00,29.3,0.0,69.9,149.0,2.0
2024-09-03 04:00:00,29.1,0.0,71.3,155.0,1.7
2024-09-03 05:00:00,29.0,0.0,72.5,158.0,1.7
2024-09-03 06:00:00,28.8,0.0,75.8,151.0,1.8
2024-09-03 07:00:00,28.7,0.0,77.6,159.0,1.7
2024-09-03 08:00:00,29.0,0.0,77.6,152.0,1.4
2024-09-03 09:00:00,29.6,0.0,77.6,181.0,2.6
2024-09-03 10:00:00,30.2,0.0,74.9,168.0,3.4
2024-09-03 11:00:00,30.1,0.0,72.1,213.0,7.9
2024-09-03 12:00:00,27.6,0.0,81.8,293.0,9.60001
2024-09-03 13:00:00,28.8,0.0,70.1,36.0,3.0
2024-09-03 14:00:00,29.2,0.0,70.5,300.0,3.0
2024-09-03 15:00:00,30.8,0.0,66.5,298.0,3.9
2024-09-03 16:00:00,30.8,0.0,65.4,272.0,5.0
2024-09-03 17:00:00,31.1,0.0,65.9,265.0,4.4
2024-09-03 18:00:00,30.7,0.0,66.6,261.0,4.0
2024-09-03 19:00:00,30.3,0.0,70.1,263.0,3.4
2024-09-03 20:00:00,30.0,0.0,70.9,209.0,2.3
2024-09-03 21:00:00,29.4,0.0,73.4,140.0,1.0
2024-09-03 22:00:00,29.5,0.0,77.4,16.0,1.4
2024-09-03 23:00:00,29.0,0.0,79.2,267.0,1.7
2024-09-04 00:00:00,28.6,0.0,76.9,189.0,0.8
2024-09-04 01:00:00,28.8,0.0,75.6,316.0,1.1
2024-09-04 02:00:00,28.1,0.0,81.2,23.0,2.0
2024-09-04 03:00:00,27.8,0.0,81.7,58.0,1.3
2024-09-04 04:00:00,27.6,0.0,83.1,91.0,1.2
2024-09-04 05:00:00,27.7,0.0,81.9,168.0,1.0
2024-09-04 06:00:00,27.9,0.0,81.8,197.0,1.0
2024-09-04 07:00:00,28.2,0.0,79.7,157.0,1.3
2024-09-04 08:00:00,28.9,0.0,77.0,161.0,0.8
2024-09-04 09:00:00,26.5,0.0,82.2,228.0,9.7
2024-09-04 10:00:00,26.1,0.0,83.9,224.0,11.1
2024-09-04 11:00:00,25.7,0.0,81.6,220.0,9.10001
2024-09-04 12:00:00,25.7,0.2,87.5,217.0,7.5
2024-09-04 13:00:00,25.8,0.0,81.3,211.0,7.6
2024-09-04 14:00:00,27.0,0.0,74.2,211.0,6.9
2024-09-04 15:00:00,27.7,0.0,73.8,205.0,6.4
2024-09-04 16:00:00,29.0,0.0,68.1,206.0,3.3
2024-09-04 17:00:00,29.5,0.0,61.4,236.0,2.6
2024-09-04 18:00:00,28.4,0.0,69.8,226.0,2.8
2024-09-04 19:00:00,28.1,0.0,71.2,214.0,1.7
2024-09-04 20:00:00,27.9,0.0,71.5,200.0,2.5
2024-09-04 21:00:00,28.0,0.0,74.0,231.0,1.6
2024-09-04 22:00:00,27.9,0.0,76.0,227.0,2.1
2024-09-04 23:00:00,28.3,0.0,75.7,273.0,1.9
2024-09-05 00:00:00,28.6,0.0,75.5,286.0,3.3
2024-09-05 01:00:00,27.2,0.0,83.3,61.0,0.7
2024-09-05 02:00:00,27.5,0.0,81.9,29.0,1.6
2024-09-05 03:00:00,28.2,0.0,79.4,291.0,3.8
2024-09-05 04:00:00,28.3,0.0,80.7,296.0,3.5
2024-09-05 05:00:00,27.8,0.0,84.2,45.0,1.1
2024-09-05 06:00:00,27.4,0.0,85.6,28.0,1.4
2024-09-05 07:00:00,27.0,0.0,85.9,23.0,2.3
2024-09-05 08:00:00,27.4,0.0,84.8,31.0,0.6
2024-09-05 09:00:00,27.8,0.0,82.5,33.0,1.7
2024-09-05 10:00:00,28.9,0.0,79.2,279.0,2.2
2024-09-05 11:00:00,30.4,0.0,65.0,246.0,5.2
2024-09-05 12:00:00,31.3,0.0,60.6,208.0,5.4
2024-09-05 13:00:00,31.3,0.0,56.3,217.0,5.5
2024-09-05 14:00:00,31.6,0.0,62.2,232.0,7.2
2024-09-05 15:00:00,31.5,0.0,65.9,210.0,6.3
2024-09-05 16:00:00,31.6,0.0,65.4,209.0,6.8
2024-09-05 17:00:00,30.9,0.0,64.7,185.0,5.5
2024-09-05 18:00:00,30.5,0.0,67.7,185.0,4.4
2024-09-05 19:00:00,29.6,0.0,72.7,175.0,3.8
2024-09-05 20:00:00,29.4,0.0,70.6,170.0,2.9
2024-09-05 21:00:00,29.2,0.0,72.3,165.0,2.8
2024-09-05 22:00:00,29.1,0.0,73.7,177.0,3.0
2024-09-05 23:00:00,29.0,0.0,77.0,168.0,2.0
2024-09-06 00:00:00,29.0,0.0,77.6,165.0,1.7
2024-09-06 01:00:00,28.9,0.0,76.6,170.0,2.1
2024-09-06 02:00:00,28.8,0.0,77.1,169.0,1.7
2024-09-06 03:00:00,28.5,0.0,78.4,165.0,1.7
2024-09-06 04:00:00,28.6,0.0,79.6,183.0,2.2
2024-09-06 05:00:00,28.4,0.0,81.1,181.0,2.0
2024-09-06 06:00:00,28.4,0.0,80.4,165.0,2.3
2024-09-06 07:00:00,28.6,0.0,79.5,154.0,2.3
2024-09-06 08:00:00,28.8,0.0,76.6,164.0,2.5
2024-09-06 09:00:00,29.4,0.0,73.4,172.0,2.9
2024-09-06 10:00:00,29.7,0.0,71.8,187.0,3.7
2024-09-06 11:00:00,30.5,0.0,68.2,165.0,3.8
2024-09-06 12:00:00,31.2,0.0,66.2,170.0,4.1
2024-09-06 13:00:00,31.1,0.0,66.7,184.0,5.8
2024-09-06 14:00:00,31.2,0.0,65.8,192.0,4.8
2024-09-06 15:00:00,31.5,0.0,64.1,201.0,6.9
2024-09-06 16:00:00,31.4,0.0,65.0,196.0,5.6
2024-09-06 17:00:00,31.3,0.0,64.2,196.0,5.7
2024-09-06 18:00:00,31.2,0.0,65.8,182.0,4.5
2024-09-06 19:00:00,30.1,0.0,72.2,183.0,3.1
2024-09-06 20:00:00,30.0,0.0,73.6,166.0,2.8
2024-09-06 21:00:00,29.8,0.0,70.8,148.0,1.7
2024-09-06 22:00:00,29.5,0.0,73.0,141.0,1.8
2024-09-06 23:00:00,29.4,0.0,75.7,143.0,1.5
2024-09-07 00:00:00,29.4,0.0,74.6,149.0,1.7
2024-09-07 01:00:00,29.2,0.0,74.4,164.0,2.5
2024-09-07 02:00:00,29.0,0.0,75.2,149.0,1.6
2024-09-07 03:00:00,29.0,0.0,75.8,152.0,1.7
2024-09-07 04:00:00,28.9,0.0,75.4,140.0,1.7
2024-09-07 05:00:00,28.8,0.0,76.8,155.0,1.7
2024-09-07 06:00:00,28.8,0.0,77.7,151.0,1.6
2024-09-07 07:00:00,28.9,0.0,78.3,146.0,1.8
2024-09-07 08:00:00,29.2,0.0,77.4,161.0,2.1
2024-09-07 09:00:00,29.6,0.0,74.6,160.0,2.7
2024-09-07 10:00:00,30.4,0.0,70.9,174.0,3.7
2024-09-07 11:00:00,31.1,0.0,66.8,171.0,5.0
2024-09-07 12:00:00,31.1,0.0,62.8,168.0,4.8
2024-09-07 13:00:00,31.7,0.0,62.0,177.0,5.5
2024-09-07 14:00:00,32.3,0.0,58.9,164.0,4.4
2024-09-07 15:00:00,32.4,0.0,57.4,175.0,5.1
2024-09-07 16:00:00,31.5,0.0,65.0,198.0,8.2
2024-09-07 17:00:00,32.1,0.0,62.0,180.0,5.2
2024-09-07 18:00:00,31.0,0.0,65.7,175.0,3.6
2024-09-07 19:00:00,30.9,0.0,64.1,165.0,3.5
2024-09-07 20:00:00,30.5,0.0,67.7,158.0,3.3
2024-09-07 21:00:00,30.3,0.0,61.7,152.0,2.5
2024-09-07 22:00:00,29.8,0.0,66.6,140.0,2.1
2024-09-07 23:00:00,29.7,0.0,69.1,156.0,2.3
2024-09-08 00:00:00,29.7,0.0,71.0,152.0,1.4
2024-09-08 01:00:00,29.6,0.0,71.2,153.0,2.3
2024-09-08 02:00:00,29.3,0.0,73.3,154.0,2.0
2024-09-08 03:00:00,29.2,0.0,73.7,159.0,2.5
2024-09-08 04:00:00,29.2,0.0,74.2,163.0,1.5
2024-09-08 05:00:00,28.9,0.0,76.9,167.0,1.8
2024-09-08 06:00:00,28.9,0.0,75.9,173.0,2.2
2024-09-08 07:00:00,29.1,0.0,74.6,176.0,1.4
2024-09-08 08:00:00,29.2,0.0,75.6,173.0,1.2
2024-09-08 09:00:00,29.8,0.0,71.0,205.0,2.8
2024-09-08 10:00:00,30.6,0.0,68.4,188.0,4.1
2024-09-08 11:00:00,30.6,0.0,70.3,209.0,5.7
2024-09-08 12:00:00,31.1,0.0,68.0,202.0,5.2
2024-09-08 13:00:00,31.5,0.0,69.9,248.0,7.3
2024-09-08 14:00:00,29.7,0.0,76.3,230.0,5.5
2024-09-08 15:00:00,28.0,0.0,79.1,182.0,1.0
2024-09-08 16:00:00,25.8,0.0,88.1,90.0,1.5
2024-09-08 17:00:00,27.4,0.0,80.8,35.0,2.4
2024-09-08 18:00:00,27.2,0.0,80.9,42.0,2.1
2024-09-08 19:00:00,27.3,0.0,78.6,59.0,1.2
2024-09-08 20:00:00,27.8,0.0,78.2,191.0,1.9
2024-09-08 21:00:00,27.7,0.0,80.7,188.0,2.9
2024-09-08 22:00:00,28.1,0.0,74.3,184.0,3.2
2024-09-08 23:00:00,28.1,0.0,79.5,176.0,2.6
2024-09-09 00:00:00,28.0,0.0,77.8,186.0,1.7
2024-09-09 01:00:00,28.2,0.0,77.4,213.0,2.6
2024-09-09 02:00:00,28.0,0.0,79.8,183.0,1.6
2024-09-09 03:00:00,28.0,0.0,81.5,186.0,1.4
2024-09-09 04:00:00,28.2,0.0,80.5,167.0,1.3
2024-09-09 05:00:00,28.1,0.0,79.9,178.0,1.9
2024-09-09 06:00:00,28.1,0.0,81.7,180.0,1.2
2024-09-09 07:00:00,27.5,0.0,83.1,56.0,2.7
2024-09-09 08:00:00,27.4,0.0,84.3,45.0,2.0
2024-09-09 09:00:00,27.5,0.0,72.1,210.0,4.0
2024-09-09 10:00:00,28.7,0.0,66.0,262.0,2.6
2024-09-09 11:00:00,29.0,0.0,68.4,296.0,3.9
2024-09-09 12:00:00,30.1,0.0,66.8,253.0,4.0
2024-09-09 13:00:00,29.6,0.0,73.5,265.0,8.5
2024-09-09 14:00:00,29.6,0.0,73.5,237.0,5.3
2024-09-09 15:00:00,29.1,0.0,70.8,226.0,5.5
2024-09-09 16:00:00,28.7,0.0,73.4,181.0,2.6
2024-09-09 17:00:00,28.4,0.0,76.3,161.0,1.6
2024-09-09 18:00:00,28.4,0.0,75.8,195.0,3.3
2024-09-09 19:00:00,28.2,0.0,76.1,174.0,2.0
2024-09-09 20:00:00,28.3,0.0,77.2,166.0,2.4
2024-09-09 21:00:00,28.0,0.0,79.5,163.0,2.6
2024-09-09 22:00:00,27.9,0.0,80.1,182.0,2.9
2024-09-09 23:00:00,28.0,0.0,74.9,169.0,3.1
2024-09-10 00:00:00,27.9,0.0,79.7,179.0,2.0
2024-09-10 01:00:00,27.6,0.0,80.1,185.0,2.5
2024-09-10 02:00:00,28.0,0.0,79.1,199.0,4.4
2024-09-10 03:00:00,27.6,0.0,81.5,259.0,11.5
2024-09-10 04:00:00,26.3,0.0,82.0,89.0,1.9
2024-09-10 05:00:00,26.3,0.0,81.9,297.0,4.0
2024-09-10 06:00:00,24.7,0.2,86.6,45.0,1.1
2024-09-10 07:00:00,24.1,0.2,90.2,283.0,0.3
2024-09-10 08:00:00,25.2,0.2,90.3,169.0,1.1
2024-09-10 09:00:00,27.1,0.0,83.6,210.0,4.6
2024-09-10 10:00:00,28.0,0.0,77.1,224.0,2.9
2024-09-10 11:00:00,28.4,0.0,75.8,230.0,4.8
2024-09-10 12:00:00,29.1,0.0,75.6,214.0,5.1
2024-09-10 13:00:00,29.3,0.0,68.9,201.0,4.8
2024-09-10 14:00:00,29.3,0.0,69.4,197.0,3.4
2024-09-10 15:00:00,30.1,0.0,65.5,242.0,3.2
2024-09-10 16:00:00,30.0,0.0,67.5,267.0,2.8
2024-09-10 17:00:00,29.9,0.0,65.5,286.0,5.9
2024-09-10 18:00:00,30.2,0.0,67.3,297.0,3.8
2024-09-10 19:00:00,29.4,0.0,72.0,278.0,3.3
2024-09-10 20:00:00,29.5,0.0,71.5,288.0,4.5
2024-09-10 21:00:00,29.4,0.0,74.6,295.0,3.5
2024-09-10 22:00:00,29.0,0.0,74.0,160.0,0.9
2024-09-10 23:00:00,28.6,0.0,74.0,76.0,1.7
2024-09-11 00:00:00,28.9,0.0,74.3,298.0,3.0
2024-09-11 01:00:00,28.9,0.0,74.3,298.0,2.9
2024-09-11 02:00:00,28.9,0.0,75.6,286.0,2.9
2024-09-11 03:00:00,28.8,0.0,76.2,308.0,1.3
2024-09-11 04:00:00,28.1,0.0,81.6,55.0,1.2
2024-09-11 05:00:00,27.9,0.0,82.0,246.0,1.0
2024-09-11 06:00:00,28.4,0.0,80.4,238.0,0.9
2024-09-11 07:00:00,28.8,0.0,78.6,268.0,1.5
2024-09-11 08:00:00,28.5,0.0,82.2,27.0,0.9
2024-09-11 09:00:00,29.6,0.0,75.6,226.0,3.3
2024-09-11 10:00:00,30.2,0.0,72.4,273.0,4.6
2024-09-11 11:00:00,30.6,0.0,69.7,278.0,5.4
2024-09-11 12:00:00,31.2,0.0,64.6,259.0,4.7
2024-09-11 13:00:00,31.7,0.0,58.0,292.0,6.3
2024-09-11 14:00:00,31.8,0.0,62.7,289.0,7.0
2024-09-11 15:00:00,31.9,0.0,61.7,279.0,7.4
2024-09-11 16:00:00,30.7,0.0,70.9,204.0,4.4
2024-09-11 17:00:00,29.8,0.0,72.9,198.0,4.5
2024-09-11 18:00:00,29.2,0.0,68.5,155.0,1.2
2024-09-11 19:00:00,29.1,0.0,68.3,182.0,2.0
2024-09-11 20:00:00,29.2,0.0,72.6,164.0,2.3
2024-09-11 21:00:00,29.1,0.0,72.9,181.0,2.3
2024-09-11 22:00:00,28.9,0.0,77.4,180.0,1.9
2024-09-11 23:00:00,28.8,0.0,76.7,194.0,2.1
2024-09-12 00:00:00,28.8,0.0,78.6,199.0,2.7
2024-09-12 01:00:00,28.8,0.0,78.0,199.0,2.9
2024-09-12 02:00:00,28.9,0.0,79.3,217.0,4.9
2024-09-12 03:00:00,28.7,0.0,78.0,247.0,7.4
2024-09-12 04:00:00,27.8,0.0,79.7,237.0,6.1
2024-09-12 05:00:00,27.8,0.0,83.0,246.0,5.8
2024-09-12 06:00:00,27.8,0.0,79.5,240.0,4.4
2024-09-12 07:00:00,28.4,0.0,70.6,284.0,3.1
2024-09-12 08:00:00,28.5,0.0,70.7,216.0,2.7
2024-09-12 09:00:00,28.4,0.0,71.2,234.0,4.7
2024-09-12 10:00:00,28.1,0.0,76.1,221.0,6.4
2024-09-12 11:00:00,28.7,0.0,73.7,229.0,4.7
2024-09-12 12:00:00,29.1,0.0,71.4,231.0,5.1
2024-09-12 13:00:00,29.4,0.0,69.8,219.0,5.3
2024-09-12 14:00:00,31.3,0.0,63.8,245.0,5.2
2024-09-12 15:00:00,31.3,0.0,62.3,246.0,5.7
2024-09-12 16:00:00,31.1,0.0,63.8,219.0,4.8
2024-09-12 17:00:00,30.0,0.0,67.7,259.0,4.4
2024-09-12 18:00:00,30.1,0.0,66.1,204.0,3.0
2024-09-12 19:00:00,29.4,0.0,68.0,198.0,3.7
2024-09-12 20:00:00,29.2,0.0,70.8,190.0,2.9
2024-09-12 21:00:00,29.0,0.0,75.4,193.0,2.4
2024-09-12 22:00:00,29.4,0.0,72.5,211.0,4.8
2024-09-12 23:00:00,29.4,0.0,74.5,230.0,4.2
2024-09-13 00:00:00,29.1,0.0,75.3,245.0,5.5
2024-09-13 01:00:00,28.9,0.0,75.4,228.0,3.7
2024-09-13 02:00:00,28.6,0.0,75.5,210.0,4.3
2024-09-13 03:00:00,28.6,0.0,76.5,242.0,4.3
2024-09-13 04:00:00,28.6,0.0,77.1,263.0,3.6
2024-09-13 05:00:00,28.5,0.0,76.3,298.0,4.5
2024-09-13 06:00:00,28.4,0.0,76.1,295.0,3.0
2024-09-13 07:00:00,28.3,0.0,80.6,276.0,5.1
2024-09-13 08:00:00,28.6,0.0,75.8,218.0,4.3
2024-09-13 09:00:00,29.0,0.0,74.6,237.0,3.4
2024-09-13 10:00:00,29.4,0.0,71.7,245.0,4.0
2024-09-13 11:00:00,29.6,0.0,70.6,250.0,5.2
2024-09-13 12:00:00,30.3,0.0,68.1,250.0,5.1
2024-09-13 13:00:00,30.7,0.0,63.6,267.0,6.1
2024-09-13 14:00:00,30.5,0.0,68.9,269.0,5.8
2024-09-13 15:00:00,30.9,0.0,65.4,272.0,6.4
2024-09-13 16:00:00,31.5,0.0,62.5,286.0,6.7
2024-09-13 17:00:00,31.7,0.0,63.4,250.0,7.0
2024-09-13 18:00:00,30.6,0.0,64.4,203.0,4.1
2024-09-13 19:00:00,30.2,0.0,64.8,192.0,2.6
2024-09-13 20:00:00,29.7,0.0,67.4,173.0,2.2
2024-09-13 21:00:00,29.7,0.0,68.0,181.0,1.8
2024-09-13 22:00:00,29.7,0.0,70.9,197.0,1.9
2024-09-13 23:00:00,29.7,0.0,70.0,197.0,1.8
2024-09-14 00:00:00,29.3,0.0,70.5,187.0,1.4
2024-09-14 01:00:00,29.0,0.0,73.2,193.0,1.5
2024-09-14 02:00:00,29.3,0.0,72.2,208.0,2.1
2024-09-14 03:00:00,26.1,3.0,89.8,300.0,18.8
2024-09-14 04:00:00,26.6,0.0,80.7,301.0,16.9
2024-09-14 05:00:00,26.9,0.0,76.5,273.0,6.7
2024-09-14 06:00:00,27.3,0.0,76.5,276.0,8.0
2024-09-14 07:00:00,26.6,0.0,80.4,199.0,5.7
2024-09-14 08:00:00,26.3,0.0,82.9,201.0,8.8
2024-09-14 09:00:00,25.8,0.0,84.5,190.0,3.5
2024-09-14 10:00:00,27.5,0.0,76.3,204.0,6.5
2024-09-14 11:00:00,28.1,0.0,76.6,192.0,5.1
2024-09-14 12:00:00,28.2,0.0,74.7,173.0,3.5
2024-09-14 13:00:00,29.2,0.0,68.0,158.0,2.6
2024-09-14 14:00:00,29.3,0.0,67.5,194.0,3.4
2024-09-14 15:00:00,30.2,0.0,61.4,197.0,5.1
2024-09-14 16:00:00,30.3,0.0,62.4,174.0,2.6
2024-09-14 17:00:00,31.0,0.0,59.7,210.0,4.6
2024-09-14 18:00:00,30.9,0.0,61.9,228.0,4.1
2024-09-14 19:00:00,29.9,0.0,59.6,185.0,2.3
2024-09-14 20:00:00,29.3,0.0,62.6,189.0,2.1
2024-09-14 21:00:00,29.6,0.0,62.1,166.0,1.7
2024-09-14 22:00:00,29.4,0.0,60.2,176.0,1.6
2024-09-14 23:00:00,29.1,0.0,63.6,196.0,1.8
2024-09-15 00:00:00,29.0,0.0,67.5,160.0,1.1
2024-09-15 01:00:00,29.1,0.0,69.1,162.0,1.3
2024-09-15 02:00:00,28.0,0.0,72.8,35.0,3.2
2024-09-15 03:00:00,27.1,0.0,77.7,63.0,3.5
2024-09-15 04:00:00,26.8,0.0,79.5,64.0,1.6
2024-09-15 05:00:00,27.1,0.0,76.2,7.0,1.1
2024-09-15 06:00:00,27.0,0.0,75.3,32.0,1.0
2024-09-15 07:00:00,27.4,0.0,72.5,20.0,1.7
2024-09-15 08:00:00,27.6,0.0,71.5,37.0,2.2
2024-09-15 09:00:00,27.9,0.0,74.2,65.0,1.6
2024-09-15 10:00:00,29.3,0.0,69.7,294.0,3.2
2024-09-15 11:00:00,30.3,0.0,68.4,303.0,4.0
2024-09-15 12:00:00,28.6,0.0,76.0,228.0,4.0
2024-09-15 13:00:00,27.4,0.0,78.4,204.0,5.6
2024-09-15 14:00:00,29.4,0.0,68.8,231.0,2.0
2024-09-15 15:00:00,29.4,0.0,69.2,183.0,3.5
2024-09-15 16:00:00,29.6,0.0,71.1,186.0,3.7
2024-09-15 17:00:00,29.2,0.0,70.1,201.0,2.5
2024-09-15 18:00:00,28.7,0.0,70.9,184.0,2.1
2024-09-15 19:00:00,29.0,0.0,65.8,196.0,1.9
2024-09-15 20:00:00,28.3,0.0,74.2,188.0,2.3
2024-09-15 21:00:00,28.3,0.0,74.4,231.0,1.1
2024-09-15 22:00:00,28.2,0.0,72.5,198.0,2.1
2024-09-15 23:00:00,28.0,0.0,76.2,190.0,1.8
2024-09-16 00:00:00,28.0,0.0,77.1,198.0,2.4
2024-09-16 01:00:00,27.9,0.0,78.0,186.0,1.2
2024-09-16 02:00:00,27.9,0.0,77.5,192.0,1.5
2024-09-16 03:00:00,27.9,0.0,77.8,197.0,2.6
2024-09-16 04:00:00,27.8,0.0,75.6,191.0,2.2
2024-09-16 05:00:00,27.8,0.0,74.3,194.0,2.9
2024-09-16 06:00:00,28.0,0.0,77.1,207.0,3.5
2024-09-16 07:00:00,27.7,0.0,77.6,194.0,2.9
2024-09-16 08:00:00,28.3,0.0,77.3,210.0,4.1
2024-09-16 09:00:00,28.8,0.0,76.4,224.0,3.5
2024-09-16 10:00:00,30.0,0.0,72.4,232.0,4.0
2024-09-16 11:00:00,30.1,0.0,71.6,237.0,5.3
2024-09-16 12:00:00,30.8,0.0,70.2,246.0,5.1
2024-09-16 13:00:00,31.0,0.0,63.1,244.0,6.5
2024-09-16 14:00:00,31.3,0.0,68.3,248.0,5.9
2024-09-16 15:00:00,31.9,0.0,62.4,237.0,8.39999
2024-09-16 16:00:00,31.7,0.0,63.4,272.0,6.2
2024-09-16 17:00:00,31.5,0.0,64.8,267.0,6.9
2024-09-16 18:00:00,31.7,0.0,63.1,264.0,5.5
2024-09-16 19:00:00,30.1,0.0,68.9,173.0,2.4
2024-09-16 20:00:00,29.4,0.0,74.6,169.0,2.8
2024-09-16 21:00:00,29.1,0.0,73.5,167.0,2.7
2024-09-16 22:00:00,28.9,0.0,76.2,172.0,3.0
2024-09-16 23:00:00,28.8,0.0,74.1,161.0,3.2
2024-09-17 00:00:00,28.6,0.0,75.8,179.0,2.2
2024-09-17 01:00:00,29.0,0.0,75.0,210.0,4.0
2024-09-17 02:00:00,28.8,0.0,77.7,209.0,5.4
2024-09-17 03:00:00,28.5,0.0,73.7,205.0,4.7
2024-09-17 04:00:00,28.4,0.0,73.3,213.0,6.4
2024-09-17 05:00:00,28.4,0.0,74.5,214.0,5.7
2024-09-17 06:00:00,28.4,0.0,73.2,227.0,7.5
2024-09-17 07:00:00,27.2,0.0,77.1,186.0,2.9
2024-09-17 08:00:00,29.1,0.0,70.4,204.0,3.8
2024-09-17 09:00:00,29.3,0.0,69.8,226.0,6.0
2024-09-17 10:00:00,30.1,0.0,63.3,231.0,5.8
2024-09-17 11:00:00,30.5,0.0,64.8,238.0,5.4
2024-09-17 12:00:00,30.8,0.0,61.3,236.0,6.3
2024-09-17 13:00:00,31.5,0.0,58.6,244.0,6.5
2024-09-17 14:00:00,31.3,0.0,56.9,276.0,9.5
2024-09-17 15:00:00,31.1,0.0,61.0,279.0,8.0
2024-09-17 16:00:00,31.3,0.0,63.1,282.0,7.6
2024-09-17 17:00:00,31.6,0.0,62.0,289.0,6.5
2024-09-17 18:00:00,31.4,0.0,65.3,299.0,5.3
2024-09-17 19:00:00,26.4,0.2,78.8,279.0,14.6
2024-09-17 20:00:00,28.8,0.0,74.5,281.0,11.2
2024-09-17 21:00:00,28.1,0.0,80.0,275.0,3.2
2024-09-17 22:00:00,28.6,0.0,76.7,298.0,8.39999
2024-09-17 23:00:00,29.3,0.0,68.6,295.0,10.1
2024-09-18 00:00:00,29.1,0.0,68.4,303.0,6.3
2024-09-18 01:00:00,26.6,0.0,83.1,47.0,2.9
2024-09-18 02:00:00,27.8,0.0,77.5,307.0,2.9
2024-09-18 03:00:00,28.9,0.0,67.8,279.0,8.7
2024-09-18 04:00:00,29.2,0.0,60.8,291.0,14.8
2024-09-18 05:00:00,28.8,0.0,63.0,275.0,10.7
2024-09-18 06:00:00,28.5,0.0,67.0,250.0,7.7
2024-09-18 07:00:00,28.0,0.0,70.7,236.0,3.7
2024-09-18 08:00:00,28.3,0.0,68.0,241.0,4.7
2024-09-18 09:00:00,28.7,0.0,67.0,245.0,6.0
2024-09-18 10:00:00,29.4,0.0,65.6,237.0,4.9
2024-09-18 11:00:00,30.0,0.0,64.7,229.0,4.7
2024-09-18 12:00:00,29.9,0.0,65.6,227.0,5.5
2024-09-18 13:00:00,31.1,0.0,60.7,247.0,5.7
2024-09-18 14:00:00,31.2,0.0,58.7,254.0,7.0
2024-09-18 15:00:00,32.1,0.0,54.9,255.0,7.7
2024-09-18 16:00:00,31.7,0.0,57.0,263.0,6.3
2024-09-18 17:00:00,32.1,0.0,55.4,244.0,7.2
2024-09-18 18:00:00,31.2,0.0,58.7,203.0,5.7
2024-09-18 19:00:00,30.1,0.0,65.1,173.0,2.8
2024-09-18 20:00:00,29.7,0.0,65.9,161.0,2.2
2024-09-18 21:00:00,29.5,0.0,66.0,171.0,2.3
2024-09-18 22:00:00,29.4,0.0,66.3,182.0,2.6
2024-09-18 23:00:00,29.3,0.0,64.9,183.0,2.1
2024-09-19 00:00:00,29.1,0.0,69.3,175.0,2.1
2024-09-19 01:00:00,29.2,0.0,71.2,176.0,2.2
2024-09-19 02:00:00,28.9,0.0,72.8,194.0,2.2
2024-09-19 03:00:00,29.2,0.0,71.4,206.0,2.0
2024-09-19 04:00:00,29.2,0.0,74.6,214.0,2.5
2024-09-19 05:00:00,29.7,0.0,70.2,250.0,4.1
2024-09-19 06:00:00,29.4,0.0,75.3,244.0,2.6
2024-09-19 07:00:00,28.1,0.0,80.0,115.0,0.8
2024-09-19 08:00:00,28.2,0.0,80.4,39.0,1.6
2024-09-19 09:00:00,28.2,0.0,78.4,39.0,2.0
2024-09-19 10:00:00,29.4,0.0,73.9,294.0,2.7
2024-09-19 11:00:00,30.6,0.0,67.5,243.0,5.1
2024-09-19 12:00:00,31.5,0.0,61.1,240.0,6.3
2024-09-19 13:00:00,30.4,0.0,66.0,199.0,6.5
2024-09-19 14:00:00,30.9,0.0,63.3,207.0,6.2
2024-09-19 15:00:00,31.5,0.0,60.5,231.0,5.4
2024-09-19 16:00:00,31.0,0.0,62.3,274.0,5.5
2024-09-19 17:00:00,31.3,0.0,61.1,212.0,3.7
2024-09-19 18:00:00,29.8,0.0,72.0,194.0,2.9
2024-09-19 19:00:00,29.5,0.0,70.1,164.0,2.5
2024-09-19 20:00:00,29.6,0.0,67.2,180.0,2.7
2024-09-19 21:00:00,29.6,0.0,67.6,155.0,2.4
2024-09-19 22:00:00,29.6,0.0,66.6,162.0,2.5
2024-09-19 23:00:00,29.5,0.0,68.5,162.0,2.5
2024-09-20 00:00:00,29.3,0.0,71.9,159.0,1.6
2024-09-20 01:00:00,29.2,0.0,70.9,167.0,1.6
2024-09-20 02:00:00,29.0,0.0,72.6,157.0,1.1
2024-09-20 03:00:00,28.8,0.0,74.5,174.0,2.0
2024-09-20 04:00:00,28.6,0.0,74.2,175.0,1.9
2024-09-20 05:00:00,28.7,0.0,75.1,162.0,1.8
2024-09-20 06:00:00,28.6,0.0,78.4,164.0,2.8
2024-09-20 07:00:00,28.6,0.0,79.5,170.0,2.5
2024-09-20 08:00:00,28.9,0.0,79.4,180.0,2.3
2024-09-20 09:00:00,29.6,0.0,74.6,190.0,3.5
2024-09-20 10:00:00,30.4,0.0,69.5,193.0,4.0
2024-09-20 11:00:00,30.7,0.0,68.2,217.0,4.9
2024-09-20 12:00:00,31.5,0.0,65.2,225.0,5.0
2024-09-20 13:00:00,30.9,0.0,62.9,195.0,6.1
2024-09-20 14:00:00,31.2,0.0,64.7,210.0,6.5
2024-09-20 15:00:00,31.2,0.0,65.2,205.0,5.6
2024-09-20 16:00:00,31.3,0.0,64.5,227.0,5.9
2024-09-20 17:00:00,31.4,0.0,62.1,198.0,3.5
2024-09-20 18:00:00,30.7,0.0,64.9,190.0,3.0
2024-09-20 19:00:00,30.4,0.0,65.7,172.0,2.4
2024-09-20 20:00:00,30.0,0.0,69.3,179.0,2.6
2024-09-20 21:00:00,29.8,0.0,72.2,155.0,2.0
2024-09-20 22:00:00,29.7,0.0,73.8,160.0,2.3
2024-09-20 23:00:00,25.0,0.6,90.2,303.0,18.9
2024-09-21 00:00:00,25.7,0.6,90.5,301.0,19.3
2024-09-21 01:00:00,24.5,0.2,89.8,288.0,3.2
2024-09-21 02:00:00,25.0,0.2,88.8,106.0,1.3
2024-09-21 03:00:00,25.8,0.0,84.9,294.0,5.7
2024-09-21 04:00:00,26.5,0.0,83.4,254.0,5.8
2024-09-21 05:00:00,27.2,0.0,81.7,232.0,4.9
2024-09-21 06:00:00,26.2,0.0,85.2,204.0,1.2
2024-09-21 07:00:00,26.8,0.0,83.7,159.0,0.9
2024-09-21 08:00:00,27.4,0.0,81.5,164.0,2.1
2024-09-21 09:00:00,27.8,0.0,79.8,168.0,1.2
2024-09-21 10:00:00,28.7,0.0,77.1,184.0,1.5
2024-09-21 11:00:00,29.7,0.0,70.3,221.0,3.4
2024-09-21 12:00:00,29.8,0.0,71.4,240.0,2.7
2024-09-21 13:00:00,30.0,0.0,71.5,223.0,3.1
2024-09-21 14:00:00,30.0,0.0,70.2,251.0,2.2
2024-09-21 15:00:00,30.6,0.0,66.0,221.0,2.9
2024-09-21 16:00:00,30.9,0.0,65.7,215.0,4.0
2024-09-21 17:00:00,30.3,0.0,70.2,199.0,2.8
2024-09-21 18:00:00,30.1,0.0,70.8,207.0,2.2
2024-09-21 19:00:00,29.3,0.0,73.8,186.0,1.0
2024-09-21 20:00:00,29.1,0.0,74.8,188.0,1.2
2024-09-21 21:00:00,29.0,0.0,76.2,194.0,2.0
2024-09-21 22:00:00,28.8,0.0,77.9,189.0,1.8
2024-09-21 23:00:00,28.7,0.0,80.6,180.0,2.3
2024-09-22 00:00:00,28.7,0.0,75.3,169.0,1.8
2024-09-22 01:00:00,28.4,0.0,75.0,88.0,0.9
2024-09-22 02:00:00,28.4,0.0,78.3,85.0,0.8
2024-09-22 03:00:00,28.2,0.0,78.6,199.0,0.9
2024-09-22 04:00:00,28.4,0.0,77.4,19.0,0.7
2024-09-22 05:00:00,27.9,0.0,82.7,58.0,0.8
2024-09-22 06:00:00,28.0,0.0,84.6,60.0,1.1
2024-09-22 07:00:00,27.6,0.0,82.6,226.0,0.6
2024-09-22 08:00:00,28.1,0.0,81.3,316.0,0.3
2024-09-22 09:00:00,29.4,0.0,63.3,229.0,1.8
2024-09-22 10:00:00,31.5,0.0,54.1,200.0,6.6
2024-09-22 11:00:00,31.9,0.0,53.9,208.0,4.8
2024-09-22 12:00:00,32.6,0.0,51.9,219.0,6.6
2024-09-22 13:00:00,32.9,0.0,52.5,194.0,12.4
2024-09-22 14:00:00,32.7,0.0,58.8,245.0,9.10001
2024-09-22 15:00:00,33.1,0.0,55.7,212.0,10.9
2024-09-22 16:00:00,32.5,0.0,57.9,266.0,7.6
2024-09-22 17:00:00,32.9,0.0,58.3,238.0,9.0
2024-09-22 18:00:00,32.0,0.0,61.0,273.0,4.9
2024-09-22 19:00:00,31.2,0.0,65.9,187.0,2.0
2024-09-22 20:00:00,30.7,0.0,67.4,171.0,2.2
2024-09-22 21:00:00,30.5,0.0,68.3,159.0,1.8
2024-09-22 22:00:00,30.0,0.0,76.3,154.0,2.1
2024-09-22 23:00:00,29.8,0.0,73.1,159.0,1.4
2024-09-23 00:00:00,29.8,0.0,71.2,146.0,1.1
2024-09-23 01:00:00,29.5,0.0,75.6,160.0,0.9
2024-09-23 02:00:00,29.3,0.0,75.3,155.0,1.0
2024-09-23 03:00:00,29.4,0.0,76.0,160.0,1.2
2024-09-23 04:00:00,29.3,0.0,75.7,157.0,1.2
2024-09-23 05:00:00,29.3,0.0,75.5,155.0,1.0
2024-09-23 06:00:00,29.2,0.0,76.7,159.0,1.0
2024-09-23 07:00:00,29.3,0.0,76.2,165.0,1.0
2024-09-23 08:00:00,29.4,0.0,77.4,176.0,0.9
2024-09-23 09:00:00,30.2,0.0,72.5,154.0,1.4
2024-09-23 10:00:00,31.5,0.0,62.6,167.0,5.9
2024-09-23 11:00:00,32.0,0.0,57.8,166.0,2.3
2024-09-23 12:00:00,32.5,0.0,59.6,186.0,3.5
2024-09-23 13:00:00,32.0,0.0,57.6,73.0,6.6
2024-09-23 14:00:00,32.3,0.0,65.8,182.0,3.1
2024-09-23 15:00:00,28.9,0.0,66.0,22.0,2.4
2024-09-23 16:00:00,27.8,0.0,77.6,196.0,2.0
2024-09-23 17:00:00,28.5,0.0,77.1,78.0,1.5
2024-09-23 18:00:00,28.9,0.0,76.5,158.0,1.0
2024-09-23 19:00:00,28.1,0.0,78.9,61.0,2.0
2024-09-23 20:00:00,28.7,0.0,75.6,159.0,1.3
2024-09-23 21:00:00,28.3,0.0,69.4,66.0,2.2
2024-09-23 22:00:00,27.5,0.0,76.8,155.0,1.6
2024-09-23 23:00:00,27.5,0.0,80.0,56.0,1.5
2024-09-24 00:00:00,27.4,0.0,78.8,199.0,1.1
2024-09-24 01:00:00,27.2,0.0,81.3,47.0,1.7
2024-09-24 02:00:00,27.2,0.0,82.9,225.0,1.5
2024-09-24 03:00:00,27.1,0.0,82.3,171.0,1.4
2024-09-24 04:00:00,27.1,0.0,82.3,220.0,1.6
2024-09-24 05:00:00,27.0,0.0,82.5,20.0,1.9
2024-09-24 06:00:00,26.7,0.0,85.2,27.0,2.6
2024-09-24 07:00:00,26.6,0.0,86.0,78.0,1.5
2024-09-24 08:00:00,26.9,0.0,82.8,19.0,2.3
2024-09-24 09:00:00,27.8,0.0,80.3,324.0,2.2
2024-09-24 10:00:00,28.6,0.0,79.0,285.0,2.5
2024-09-24 11:00:00,29.4,0.0,76.7,271.0,3.3
2024-09-24 12:00:00,30.3,0.0,69.4,268.0,6.2
2024-09-24 13:00:00,29.6,0.0,78.1,264.0,8.89999
2024-09-24 14:00:00,29.3,0.0,78.5,244.0,7.3
2024-09-24 15:00:00,24.4,3.6,92.4,35.0,2.9
2024-09-24 16:00:00,25.2,0.0,93.7,256.0,1.2
2024-09-24 17:00:00,25.7,0.0,92.1,59.0,2.5
2024-09-24 18:00:00,26.9,0.0,80.6,40.0,1.8
2024-09-24 19:00:00,26.7,0.0,82.7,53.0,1.4
2024-09-24 20:00:00,27.0,0.0,77.9,25.0,2.1
2024-09-24 21:00:00,26.6,0.0,80.7,99.0,1.4
2024-09-24 22:00:00,26.8,0.0,81.5,51.0,1.5
2024-09-24 23:00:00,27.1,0.0,80.2,32.0,1.8
2024-09-25 00:00:00,26.7,0.0,82.9,72.0,1.1
2024-09-25 01:00:00,27.0,0.0,81.6,37.0,1.4
2024-09-25 02:00:00,26.5,0.0,84.9,157.0,0.6
2024-09-25 03:00:00,26.6,0.0,84.8,137.0,1.1
2024-09-25 04:00:00,26.7,0.0,81.4,159.0,0.8
2024-09-25 05:00:00,26.5,0.0,84.6,161.0,1.0
2024-09-25 06:00:00,26.5,0.0,84.5,80.0,0.7
2024-09-25 07:00:00,26.6,0.0,83.6,87.0,0.7
2024-09-25 08:00:00,27.3,0.0,80.0,341.0,0.8
2024-09-25 09:00:00,28.1,0.0,74.8,269.0,1.3
2024-09-25 10:00:00,29.2,0.0,73.6,290.0,3.4
2024-09-25 11:00:00,26.4,2.2,88.9,212.0,2.2
2024-09-25 12:00:00,26.7,0.0,93.8,247.0,5.5
2024-09-25 13:00:00,25.9,0.0,93.7,259.0,4.8
2024-09-25 14:00:00,24.9,0.0,94.4,267.0,4.4
2024-09-25 15:00:00,25.7,0.0,93.4,240.0,1.9
2024-09-25 16:00:00,25.3,0.0,93.7,55.0,1.8
2024-09-25 17:00:00,24.7,0.0,94.3,94.0,1.6
2024-09-25 18:00:00,25.6,0.0,85.3,81.0,1.3
2024-09-25 19:00:00,26.4,0.0,81.0,57.0,2.5
2024-09-25 20:00:00,25.9,0.0,86.7,48.0,2.2
2024-09-25 21:00:00,26.0,0.0,81.3,227.0,1.1
2024-09-25 22:00:00,26.7,0.0,80.8,45.0,3.0
2024-09-25 23:00:00,26.8,0.0,77.9,49.0,2.8
2024-09-26 00:00:00,26.5,0.0,81.3,46.0,2.6
2024-09-26 01:00:00,25.9,0.0,85.5,67.0,2.5
2024-09-26 02:00:00,25.8,0.0,86.4,92.0,1.3
2024-09-26 03:00:00,25.8,0.0,86.9,91.0,1.7
2024-09-26 04:00:00,25.7,0.0,86.6,152.0,1.1
2024-09-26 05:00:00,26.2,0.0,84.7,83.0,1.5
2024-09-26 06:00:00,25.9,0.0,86.7,202.0,0.9
2024-09-26 07:00:00,26.5,0.0,83.0,248.0,1.3
2024-09-26 08:00:00,24.5,1.4,90.3,258.0,16.1
2024-09-26 09:00:00,24.8,0.2,81.9,267.0,14.5
2024-09-26 10:00:00,25.4,0.2,81.2,277.0,15.7
2024-09-26 11:00:00,25.7,0.2,78.1,253.0,7.9
2024-09-26 12:00:00,26.4,0.0,74.8,249.0,7.3
2024-09-26 13:00:00,27.1,0.0,72.9,288.0,12.7
2024-09-26 14:00:00,27.1,0.0,76.5,292.0,11.0
2024-09-26 15:00:00,27.5,0.0,76.5,291.0,8.39999
2024-09-26 16:00:00,27.7,0.0,73.4,291.0,6.6
2024-09-26 17:00:00,28.3,0.0,70.3,299.0,6.2
2024-09-26 18:00:00,28.1,0.0,70.4,255.0,2.9
2024-09-26 19:00:00,27.4,0.0,75.2,37.0,2.5
2024-09-26 20:00:00,26.8,0.0,79.4,177.0,0.7
2024-09-26 21:00:00,26.9,0.0,78.2,244.0,1.1
2024-09-26 22:00:00,26.7,0.0,79.1,162.0,0.7
2024-09-26 23:00:00,26.7,0.0,80.8,64.0,0.8
2024-09-27 00:00:00,26.9,0.0,79.7,33.0,1.3
2024-09-27 01:00:00,26.8,0.0,81.6,94.0,1.1
2024-09-27 02:00:00,26.4,0.0,84.3,86.0,1.5
2024-09-27 03:00:00,26.416666666666664,0.0,84.3,79.83333333333333,1.3666666666666667
2024-09-27 04:00:00,26.433333333333334,0.0,84.3,73.66666666666667,1.2333333333333334
2024-09-27 05:00:00,26.45,0.0,84.3,67.5,1.1
2024-09-27 06:00:00,26.466666666666665,0.0,84.3,61.33333333333333,0.9666666666666666
2024-09-27 07:00:00,26.483333333333334,0.0,84.3,55.16666666666667,0.8333333333333333
2024-09-27 08:00:00,26.5,0.0,84.3,49.0,0.7
2024-09-27 09:00:00,27.633333333333333,0.0,77.53333333333333,115.66666666666666,1.7666666666666668
2024-09-27 10:00:00,28.766666666666666,0.0,70.76666666666667,182.33333333333331,2.833333333333334
2024-09-27 11:00:00,29.9,0.0,64.0,249.0,3.9
2024-09-27 12:00:00,30.2,0.0,55.9,261.0,4.9
2024-09-27 13:00:00,30.4,0.0,57.8,264.0,5.8
2024-09-27 14:00:00,31.0,0.0,59.7,263.0,6.1
2024-09-27 15:00:00,31.4,0.0,59.2,262.0,6.5
2024-09-27 16:00:00,31.9,0.0,60.8,264.0,6.9
2024-09-27 17:00:00,31.3,0.0,63.1,214.0,6.1
2024-09-27 18:00:00,31.1,0.0,65.4,203.0,4.6
2024-09-27 19:00:00,30.5,0.0,63.9,174.0,2.6
2024-09-27 20:00:00,29.9,0.0,70.7,161.0,1.6
2024-09-27 21:00:00,29.5,0.0,75.3,143.0,1.7
2024-09-27 22:00:00,29.5,0.0,68.5,148.0,2.0
2024-09-27 23:00:00,29.5,0.0,71.1,156.0,1.2
2024-09-28 00:00:00,29.2,0.0,72.2,155.0,0.9
2024-09-28 01:00:00,29.1,0.0,72.9,154.0,1.3
2024-09-28 02:00:00,28.8,0.0,73.6,160.0,0.9
2024-09-28 03:00:00,28.5,0.0,75.1,152.0,0.9
2024-09-28 04:00:00,27.8,0.0,80.2,177.0,0.9
2024-09-28 05:00:00,27.6,0.0,81.6,237.0,0.7
2024-09-28 06:00:00,27.3,0.0,83.9,228.0,0.5
2024-09-28 07:00:00,27.6,0.0,82.9,188.0,0.9
2024-09-28 08:00:00,28.1,0.0,80.4,158.0,0.9
2024-09-28 09:00:00,28.8,0.0,80.7,97.0,1.2
2024-09-28 10:00:00,30.0,0.0,73.1,256.0,2.8
2024-09-28 11:00:00,30.4,0.0,71.5,276.0,2.6
2024-09-28 12:00:00,32.1,0.0,55.7,163.0,3.0
2024-09-28 13:00:00,32.2,0.0,57.6,206.0,5.5
2024-09-28 14:00:00,31.8,0.0,63.7,216.0,7.1
2024-09-28 15:00:00,30.2,0.0,68.2,171.0,4.0
2024-09-28 16:00:00,29.5,0.0,62.8,159.0,3.2
2024-09-28 17:00:00,28.3,0.0,67.6,150.0,3.0
2024-09-28 18:00:00,29.0,0.0,65.4,160.0,1.7
2024-09-28 19:00:00,29.1,0.0,67.6,157.0,1.4
2024-09-28 20:00:00,28.6,0.0,68.9,147.0,1.4
2024-09-28 21:00:00,28.5,0.0,76.7,192.0,2.9
2024-09-28 22:00:00,28.4,0.0,81.0,184.0,2.2
2024-09-28 23:00:00,28.45,0.0,79.6,179.0,2.25
2024-09-29 00:00:00,28.5,0.0,78.2,174.0,2.3
2024-09-29 01:00:00,28.4,0.0,78.7,174.0,1.3
2024-09-29 02:00:00,28.4,0.0,80.5,182.0,1.9
2024-09-29 03:00:00,28.1,0.0,79.9,177.0,1.4
2024-09-29 04:00:00,28.2,0.0,77.3,178.0,1.3
2024-09-29 05:00:00,27.5,0.0,83.6,83.0,0.8
2024-09-29 06:00:00,27.7,0.0,84.7,60.0,0.9
2024-09-29 07:00:00,27.4,0.0,87.5,45.0,1.7
2024-09-29 08:00:00,27.4,0.0,86.5,42.0,1.9
2024-09-29 09:00:00,28.1,0.0,84.0,35.0,1.1
2024-09-29 10:00:00,29.7,0.0,70.7,197.0,2.1
2024-09-29 11:00:00,30.9,0.0,63.7,193.0,4.0
2024-09-29 12:00:00,31.2,0.0,61.8,202.0,6.5
2024-09-29 13:00:00,31.8,0.0,60.4,211.0,6.4
2024-09-29 14:00:00,31.6,0.0,63.3,214.0,7.0
2024-09-29 15:00:00,30.5,0.0,67.5,148.0,1.6
2024-09-29 16:00:00,28.0,0.0,80.4,41.0,2.7
2024-09-29 17:00:00,28.2,0.0,79.2,41.0,2.6
2024-09-29 18:00:00,29.7,0.0,72.6,282.0,1.7
2024-09-29 19:00:00,29.4,0.0,71.4,187.0,2.0
2024-09-29 20:00:00,29.3,0.0,68.9,183.0,1.6
2024-09-29 21:00:00,29.3,0.0,70.5,178.0,2.6
2024-09-29 22:00:00,29.3,0.0,73.2,163.0,2.0
2024-09-29 23:00:00,28.8,0.0,76.7,179.0,2.4
2024-09-30 00:00:00,28.6,0.0,78.9,189.0,2.5
2024-09-30 01:00:00,28.6,0.0,78.2,195.0,2.9
2024-09-30 02:00:00,28.5,0.0,77.1,194.0,2.2
2024-09-30 03:00:00,28.6,0.0,76.8,176.0,1.7
2024-09-30 04:00:00,28.7,0.0,75.8,203.0,2.3
2024-09-30 05:00:00,25.4,3.6,90.7,225.0,7.7
2024-09-30 06:00:00,24.3,0.2,94.2,287.0,3.9
2024-09-30 07:00:00,24.3,0.0,94.7,164.0,0.9
2024-09-30 08:00:00,24.7,0.2,94.7,332.0,0.7
2024-09-30 09:00:00,26.8,0.0,87.0,293.0,1.3
2024-09-30 10:00:00,28.1,0.0,82.0,258.0,5.1
2024-09-30 11:00:00,28.5,0.0,82.2,244.0,4.7
2024-09-30 12:00:00,24.1,1.4,94.1,206.0,1.4
2024-09-30 13:00:00,26.5,0.0,88.3,217.0,3.5
2024-09-30 14:00:00,29.3,0.0,76.9,289.0,4.4
2024-09-30 15:00:00,29.4,0.0,74.1,237.0,3.0
2024-09-30 16:00:00,29.5,0.0,74.2,230.0,3.9
2024-09-30 17:00:00,29.4,0.0,73.9,225.0,2.6
2024-09-30 18:00:00,27.9,0.0,73.4,58.0,2.1
2024-09-30 19:00:00,27.1,0.2,87.7,170.0,1.3
2024-09-30 20:00:00,27.4,0.0,86.7,189.0,1.1
2024-09-30 21:00:00,27.1,0.0,87.5,177.0,1.3
2024-09-30 22:00:00,28.1,0.0,82.1,169.0,1.6
2024-09-30 23:00:00,27.9,0.0,80.7,175.0,1.2
2024-10-01 00:00:00,28.1,0.0,78.9,182.0,1.4
2024-10-01 01:00:00,28.0,0.0,77.4,180.0,1.8
2024-10-01 02:00:00,28.0,0.0,76.6,189.0,2.1
2024-10-01 03:00:00,28.1,0.0,77.7,176.0,1.9
2024-10-01 04:00:00,28.0,0.0,79.6,169.0,1.8
2024-10-01 05:00:00,28.0,0.0,77.3,188.0,1.3
2024-10-01 06:00:00,27.5,0.0,80.5,173.0,0.8
2024-10-01 07:00:00,26.6,0.0,89.4,61.0,2.2
2024-10-01 08:00:00,26.1,0.2,81.7,208.0,4.4
2024-10-01 09:00:00,25.3,0.0,87.7,154.0,0.8
2024-10-01 10:00:00,26.9,0.0,82.0,304.0,4.3
2024-10-01 11:00:00,28.0,0.0,78.4,291.0,4.9
2024-10-01 12:00:00,28.1,0.0,77.6,255.0,8.3
2024-10-01 13:00:00,27.1,0.0,82.4,224.0,5.9
2024-10-01 14:00:00,27.8,0.0,73.7,255.0,4.9
2024-10-01 15:00:00,28.8,0.0,75.8,236.0,2.6
2024-10-01 16:00:00,28.6,0.0,77.8,249.0,3.2
2024-10-01 17:00:00,29.1,0.0,70.7,241.0,3.1
2024-10-01 18:00:00,29.4,0.0,67.8,270.0,3.3
2024-10-01 19:00:00,28.9,0.0,67.9,269.0,3.9
2024-10-01 20:00:00,29.0,0.0,68.0,247.0,2.9
2024-10-01 21:00:00,28.9,0.0,71.1,267.0,3.4
2024-10-01 22:00:00,28.6,0.0,73.3,222.0,1.9
2024-10-01 23:00:00,28.5,0.0,74.5,195.0,1.4
2024-10-02 00:00:00,28.2,0.0,78.6,196.0,2.4
2024-10-02 01:00:00,28.3,0.0,80.4,206.0,2.3
2024-10-02 02:00:00,28.4,0.0,80.4,217.0,1.8
2024-10-02 03:00:00,28.7,0.0,78.3,274.0,2.5
2024-10-02 04:00:00,28.5,0.0,79.7,251.0,1.4
2024-10-02 05:00:00,28.5,0.0,74.9,238.0,1.9
2024-10-02 06:00:00,28.1,0.0,76.9,209.0,2.0
2024-10-02 07:00:00,28.7,0.0,74.7,252.0,3.4
2024-10-02 08:00:00,28.8,0.0,73.5,225.0,2.6
2024-10-02 09:00:00,29.3,0.0,71.1,233.0,2.8
2024-10-02 10:00:00,30.2,0.0,68.3,209.0,3.8
2024-10-02 11:00:00,30.9,0.0,64.4,206.0,5.2
2024-10-02 12:00:00,31.1,0.0,66.8,203.0,4.3
2024-10-02 13:00:00,31.3,0.0,68.5,261.0,6.3
2024-10-02 14:00:00,31.4,0.0,65.7,203.0,5.6
2024-10-02 15:00:00,30.9,0.0,68.5,203.0,4.6
2024-10-02 16:00:00,31.2,0.0,66.9,194.0,4.7
2024-10-02 17:00:00,30.6,0.0,66.8,141.0,1.9
2024-10-02 18:00:00,30.4,0.0,66.5,144.0,1.8
2024-10-02 19:00:00,30.1,0.0,65.7,154.0,1.7
2024-10-02 20:00:00,29.8,0.0,69.2,150.0,1.7
2024-10-02 21:00:00,29.5,0.0,71.5,149.0,1.2
2024-10-02 22:00:00,29.3,0.0,71.8,165.0,1.1
2024-10-02 23:00:00,29.1,0.0,71.6,156.0,0.7
2024-10-03 00:00:00,28.6,0.0,74.2,152.0,0.6
2024-10-03 01:00:00,28.9,0.0,75.2,13.0,1.4
2024-10-03 02:00:00,28.4,0.0,79.9,10.0,1.2
2024-10-03 03:00:00,28.5,0.0,78.1,171.0,1.5
2024-10-03 04:00:00,28.5,0.0,77.5,169.0,1.2
2024-10-03 05:00:00,28.7,0.0,75.4,150.0,1.2
2024-10-03 06:00:00,28.8,0.0,73.4,158.0,1.3
2024-10-03 07:00:00,28.5,0.0,76.0,167.0,1.6
2024-10-03 08:00:00,29.1,0.0,74.1,151.0,1.1
2024-10-03 09:00:00,29.5,0.0,74.2,156.0,1.7
2024-10-03 10:00:00,30.1,0.0,70.6,195.0,3.5
2024-10-03 11:00:00,27.8,0.0,82.3,268.0,10.5
2024-10-03 12:00:00,27.9,0.0,80.4,285.0,2.9
2024-10-03 13:00:00,27.2,0.0,85.1,44.0,1.9
2024-10-03 14:00:00,26.2,0.0,83.6,173.0,3.7
2024-10-03 15:00:00,27.0,0.0,82.0,170.0,1.3
2024-10-03 16:00:00,29.9,0.0,65.8,257.0,2.3
2024-10-03 17:00:00,30.0,0.0,68.0,272.0,3.4
2024-10-03 18:00:00,29.9,0.0,68.3,264.0,3.1
2024-10-03 19:00:00,29.0,0.0,72.5,227.0,3.0
2024-10-03 20:00:00,29.1,0.0,71.1,283.0,2.5
2024-10-03 21:00:00,28.4,0.0,80.8,25.0,2.7
2024-10-03 22:00:00,28.2,0.0,82.4,60.0,0.9
2024-10-03 23:00:00,28.1,0.0,81.3,38.0,1.8
2024-10-04 00:00:00,28.4,0.0,77.0,18.0,2.6
2024-10-04 01:00:00,27.9,0.0,81.8,30.0,1.9
2024-10-04 02:00:00,27.5,0.0,84.6,31.0,2.2
2024-10-04 03:00:00,27.3,0.0,84.3,30.0,3.0
2024-10-04 04:00:00,27.2,0.0,86.3,27.0,2.4
2024-10-04 05:00:00,27.1,0.0,84.8,38.0,2.2
2024-10-04 06:00:00,27.2,0.0,81.0,65.0,2.2
2024-10-04 07:00:00,27.4,0.0,77.3,46.0,3.6
2024-10-04 08:00:00,27.4,0.0,77.0,27.0,2.0
2024-10-04 09:00:00,27.5,0.0,77.6,25.0,2.4
2024-10-04 10:00:00,27.8,0.0,78.6,24.0,3.0
2024-10-04 11:00:00,28.7,0.0,75.3,291.0,4.6
2024-10-04 12:00:00,25.2,0.0,87.5,183.0,2.8
2024-10-04 13:00:00,27.1,0.0,82.6,232.0,3.3
2024-10-04 14:00:00,28.2,0.0,78.5,272.0,3.6
2024-10-04 15:00:00,28.7,0.0,76.5,256.0,4.2
2024-10-04 16:00:00,29.4,0.0,74.5,262.0,4.1
2024-10-04 17:00:00,29.2,0.0,73.2,255.0,3.8
2024-10-04 18:00:00,29.8,0.0,73.4,234.0,2.4
2024-10-04 19:00:00,28.5,0.0,74.5,146.0,1.2
2024-10-04 20:00:00,26.1,0.2,85.9,15.0,2.6
2024-10-04 21:00:00,25.9,0.0,91.7,337.0,0.6
2024-10-04 22:00:00,26.0,0.0,91.4,252.0,0.6
2024-10-04 23:00:00,26.8,0.0,87.1,345.0,0.8
2024-10-05 00:00:00,26.3,0.0,89.4,75.0,1.1
2024-10-05 01:00:00,26.5,0.0,86.5,57.0,1.3
2024-10-05 02:00:00,26.5,0.0,86.7,74.0,1.3
2024-10-05 03:00:00,26.6,0.0,86.4,31.0,1.5
2024-10-05 04:00:00,26.7,0.0,83.5,42.0,1.2
2024-10-05 05:00:00,26.8,0.0,82.6,51.0,1.9
2024-10-05 06:00:00,26.7,0.0,85.9,327.0,3.0
2024-10-05 07:00:00,23.9,0.4,94.2,251.0,4.0
2024-10-05 08:00:00,24.9,0.0,93.1,299.0,2.5
2024-10-05 09:00:00,26.6,0.0,80.1,302.0,2.3
2024-10-05 10:00:00,27.4,0.0,80.1,298.0,3.1
2024-10-05 11:00:00,28.3,0.0,76.6,260.0,3.1
2024-10-05 12:00:00,29.1,0.0,75.4,266.0,3.7
2024-10-05 13:00:00,29.3,0.0,73.9,252.0,5.5
2024-10-05 14:00:00,29.6,0.0,71.0,251.0,4.3
2024-10-05 15:00:00,29.7,0.0,70.8,260.0,5.4
2024-10-05 16:00:00,29.5,0.0,71.05,258.0,3.8
2024-10-05 17:00:00,29.3,0.0,71.3,254.0,2.9
2024-10-05 18:00:00,29.4,0.0,70.2,246.0,2.8
2024-10-05 19:00:00,28.8,0.0,71.5,200.0,2.7
2024-10-05 20:00:00,29.0,0.0,73.1,236.0,1.9
2024-10-05 21:00:00,28.9,0.0,73.05,214.5,1.7999999999999998
2024-10-05 22:00:00,28.8,0.0,73.0,193.0,1.7
2024-10-05 23:00:00,28.6,0.0,76.1,166.0,0.7
2024-10-06 00:00:00,28.6,0.0,76.9,182.0,1.1
2024-10-06 01:00:00,28.2,0.0,80.8,134.0,0.5
2024-10-06 02:00:00,28.3,0.0,75.3,352.0,2.6
2024-10-06 03:00:00,26.4,0.0,82.6,299.0,5.7
2024-10-06 04:00:00,25.9,0.0,90.1,303.0,4.6
2024-10-06 05:00:00,25.4,2.0,93.1,297.0,14.8
2024-10-06 06:00:00,26.0,0.4,88.7,284.0,14.1
2024-10-06 07:00:00,25.3,0.2,88.5,236.0,8.89999
2024-10-06 08:00:00,25.1,0.2,88.3,216.0,6.1
2024-10-06 09:00:00,26.1,0.0,84.4,249.0,8.2
2024-10-06 10:00:00,27.1,0.0,80.5,241.0,5.5
2024-10-06 11:00:00,27.3,0.0,78.7,250.0,5.0
2024-10-06 12:00:00,27.6,0.0,76.2,268.0,4.6
2024-10-06 13:00:00,28.2,0.0,73.6,303.0,2.9
2024-10-06 14:00:00,28.7,0.0,68.1,286.0,2.6
2024-10-06 15:00:00,29.2,0.0,63.1,253.0,2.0
2024-10-06 16:00:00,29.15,0.0,64.5,241.0,2.4
2024-10-06 17:00:00,29.1,0.0,65.9,229.0,2.8
2024-10-06 18:00:00,28.5,0.0,68.2,191.0,2.3
2024-10-06 19:00:00,28.2,0.0,71.9,196.0,2.9
2024-10-06 20:00:00,28.6,0.0,72.8,202.0,3.7
2024-10-06 21:00:00,28.2,0.0,74.9,195.0,2.5
2024-10-06 22:00:00,28.4,0.0,75.2,207.0,1.4
2024-10-06 23:00:00,28.5,0.0,74.0,209.0,1.7
2024-10-07 00:00:00,28.0,0.0,74.9,156.0,0.6
2024-10-07 01:00:00,27.6,0.0,80.3,46.0,1.3
2024-10-07 02:00:00,27.4,0.0,79.7,109.0,0.7
2024-10-07 03:00:00,27.0,0.0,81.9,129.0,0.8
2024-10-07 04:00:00,27.2,0.0,83.5,77.0,1.2
2024-10-07 05:00:00,26.7,0.0,84.8,54.0,1.9
2024-10-07 06:00:00,26.7,0.0,82.9,35.0,1.7
2024-10-07 07:00:00,26.5,0.0,85.6,23.0,1.8
2024-10-07 08:00:00,26.8,0.0,83.3,43.0,1.4
2024-10-07 09:00:00,28.0,0.0,78.3,22.0,2.0
2024-10-07 10:00:00,28.5,0.0,75.5,70.0,1.6
2024-10-07 11:00:00,29.3,0.0,74.0,275.0,4.4
2024-10-07 12:00:00,30.5,0.0,67.8,257.0,4.7
2024-10-07 13:00:00,31.2,0.0,66.5,260.0,6.6
2024-10-07 14:00:00,29.3,0.0,75.4,233.0,6.2
2024-10-07 15:00:00,30.1,0.0,70.1,221.0,5.2
2024-10-07 16:00:00,29.6,0.0,71.0,204.5,4.45
2024-10-07 17:00:00,29.1,0.0,71.9,188.0,3.7
2024-10-07 18:00:00,28.8,0.0,70.9,163.0,3.0
2024-10-07 19:00:00,28.7,0.0,71.0,183.0,3.5
2024-10-07 20:00:00,28.5,0.0,74.8,170.0,2.7
2024-10-07 21:00:00,28.8,0.0,70.8,160.0,1.7
2024-10-07 22:00:00,28.8,0.0,70.9,159.0,1.8
2024-10-07 23:00:00,28.6,0.0,71.7,165.0,1.6
2024-10-08 00:00:00,28.3,0.0,74.5,181.0,2.4
2024-10-08 01:00:00,28.4,0.0,74.5,173.0,2.2
2024-10-08 02:00:00,28.3,0.0,74.2,158.0,1.2
2024-10-08 03:00:00,27.9,0.0,78.2,183.0,2.1
2024-10-08 04:00:00,28.1,0.0,77.0,184.0,3.0
2024-10-08 05:00:00,28.1,0.0,78.1,173.0,2.5
2024-10-08 06:00:00,28.1,0.0,78.4,166.0,1.7
2024-10-08 07:00:00,28.2,0.0,76.8,159.0,1.8
2024-10-08 08:00:00,28.6,0.0,75.8,161.0,1.7
2024-10-08 09:00:00,29.2,0.0,72.0,188.0,2.6
2024-10-08 10:00:00,30.1,0.0,70.6,189.0,3.4
2024-10-08 11:00:00,29.8,0.0,59.4,144.0,2.8
2024-10-08 12:00:00,29.8,0.0,63.4,200.0,6.6
2024-10-08 13:00:00,30.3,0.0,61.7,215.0,5.3
2024-10-08 14:00:00,29.6,0.0,68.3,223.0,4.2
2024-10-08 15:00:00,29.7,0.0,72.0,208.0,5.5
2024-10-08 16:00:00,30.0,0.0,71.9,213.0,4.3
2024-10-08 17:00:00,30.0,0.0,64.6,158.0,2.3
2024-10-08 18:00:00,29.8,0.0,66.7,154.0,1.7
2024-10-08 19:00:00,28.8,0.0,70.5,154.0,1.7
2024-10-08 20:00:00,29.0,0.0,70.6,159.0,1.8
2024-10-08 21:00:00,29.0,0.0,69.5,160.0,1.7
2024-10-08 22:00:00,28.8,0.0,72.0,160.0,1.7
2024-10-08 23:00:00,28.4,0.0,76.2,186.0,2.5
2024-10-09 00:00:00,28.3,0.0,77.5,179.0,1.3
2024-10-09 01:00:00,28.3,0.0,76.1,168.0,1.5
2024-10-09 02:00:00,28.4,0.0,76.0,167.0,1.7
2024-10-09 03:00:00,28.2,0.0,77.8,169.0,1.6
2024-10-09 04:00:00,27.6,0.0,83.9,25.0,0.6
2024-10-09 05:00:00,27.3,0.0,84.4,33.0,1.9
2024-10-09 06:00:00,26.8,0.0,86.4,49.0,1.8
2024-10-09 07:00:00,27.0,0.0,85.0,25.0,1.7
2024-10-09 08:00:00,26.8,0.0,85.5,34.0,1.8
2024-10-09 09:00:00,27.5,0.0,83.2,52.0,2.2
2024-10-09 10:00:00,29.1,0.0,76.5,274.0,2.5
2024-10-09 11:00:00,30.4,0.0,66.4,219.0,3.3
2024-10-09 12:00:00,29.8,0.0,69.6,178.0,5.3
2024-10-09 13:00:00,29.8,0.0,66.7,208.0,6.5
2024-10-09 14:00:00,30.2,0.0,66.5,209.0,6.7
2024-10-09 15:00:00,29.4,0.0,73.4,231.0,5.7
2024-10-09 16:00:00,29.0,0.0,71.4,178.0,3.1
2024-10-09 17:00:00,29.0,0.0,73.8,181.0,2.7
2024-10-09 18:00:00,28.8,0.0,72.6,186.0,3.0
2024-10-09 19:00:00,28.6,0.0,76.1,198.0,2.8
2024-10-09 20:00:00,28.6,0.0,77.0,188.0,2.6
2024-10-09 21:00:00,28.8,0.0,74.7,173.0,2.1
2024-10-09 22:00:00,28.6,0.0,75.9,183.0,2.8
2024-10-09 23:00:00,28.7,0.0,72.0,165.0,1.4
2024-10-10 00:00:00,28.3,0.0,75.5,193.0,2.2
2024-10-10 01:00:00,28.3,0.0,77.3,15.0,1.6
2024-10-10 02:00:00,27.7,0.0,79.8,152.0,0.6
2024-10-10 03:00:00,27.9,0.0,78.0,190.0,1.1
2024-10-10 04:00:00,27.1,0.0,86.7,42.0,1.8
2024-10-10 05:00:00,27.0,0.0,85.6,96.0,1.1
2024-10-10 06:00:00,27.3,0.0,84.1,48.0,1.1
2024-10-10 07:00:00,27.2,0.0,83.4,85.0,0.6
2024-10-10 08:00:00,27.3,0.0,84.9,46.0,2.2
2024-10-10 09:00:00,27.5,0.0,83.9,32.0,1.0
2024-10-10 10:00:00,29.1,0.0,76.2,218.0,2.2
2024-10-10 11:00:00,28.6,0.0,78.6,192.0,3.2
2024-10-10 12:00:00,29.3,0.0,65.8,172.0,2.9
2024-10-10 13:00:00,29.7,0.0,72.7,175.0,4.2
2024-10-10 14:00:00,31.2,0.0,60.2,205.0,5.4
2024-10-10 15:00:00,31.6,0.0,59.4,203.0,5.5
2024-10-10 16:00:00,30.9,0.0,59.4,153.0,1.7
2024-10-10 17:00:00,30.4,0.0,64.7,207.0,2.0
2024-10-10 18:00:00,29.7,0.0,68.7,181.0,2.6
2024-10-10 19:00:00,29.5,0.0,69.1,179.0,1.4
2024-10-10 20:00:00,29.2,0.0,73.6,167.0,1.6
2024-10-10 21:00:00,28.6,0.0,79.5,72.0,0.9
2024-10-10 22:00:00,28.9,0.0,73.5,181.0,0.9
2024-10-10 23:00:00,28.1,0.0,84.0,27.0,1.8
2024-10-11 00:00:00,27.8,0.0,85.0,44.0,1.4
2024-10-11 01:00:00,27.7,0.0,85.9,39.0,1.8
2024-10-11 02:00:00,27.5,0.0,87.2,55.0,1.6
2024-10-11 03:00:00,27.3,0.0,85.5,50.0,1.6
2024-10-11 04:00:00,27.2,0.0,85.2,49.0,2.3
2024-10-11 05:00:00,27.1,0.0,84.7,14.0,2.8
2024-10-11 06:00:00,26.7,0.0,84.6,74.0,1.7
2024-10-11 07:00:00,26.9,0.0,85.2,122.0,0.8
2024-10-11 08:00:00,27.4,0.0,84.5,41.0,1.2
2024-10-11 09:00:00,28.1,0.0,81.4,305.0,3.5
2024-10-11 10:00:00,28.4,0.0,77.80000000000001,282.5,4.05
2024-10-11 11:00:00,28.7,0.0,74.2,260.0,4.6
2024-10-11 12:00:00,28.5,0.0,76.3,244.0,3.1
2024-10-11 13:00:00,29.3,0.0,72.8,254.0,4.3
2024-10-11 14:00:00,29.6,0.0,70.4,270.0,3.9
2024-10-11 15:00:00,30.4,0.0,66.6,274.0,3.8
2024-10-11 16:00:00,31.5,0.0,60.6,288.0,5.9
2024-10-11 17:00:00,30.8,0.0,60.9,178.0,2.4
2024-10-11 18:00:00,30.4,0.0,69.3,169.0,1.7
2024-10-11 19:00:00,29.5,0.0,74.0,168.0,1.0
2024-10-11 20:00:00,28.8,0.0,75.7,143.0,0.8
2024-10-11 21:00:00,28.6,0.0,75.3,192.0,0.6
2024-10-11 22:00:00,28.8,0.0,74.3,149.0,0.9
2024-10-11 23:00:00,28.6,0.0,76.0,183.0,0.7
2024-10-12 00:00:00,28.0,0.0,80.7,69.0,1.2
2024-10-12 01:00:00,28.2,0.0,80.8,280.0,1.1
2024-10-12 02:00:00,28.4,0.0,77.5,234.0,0.8
2024-10-12 03:00:00,28.1,0.0,82.4,43.0,0.8
2024-10-12 04:00:00,27.4,0.0,83.6,43.0,2.2
2024-10-12 05:00:00,27.3,0.0,83.7,37.0,2.3
2024-10-12 06:00:00,27.3,0.0,85.0,9.0,0.9
2024-10-12 07:00:00,27.4,0.0,84.8,184.0,1.3
2024-10-12 08:00:00,27.1,0.0,83.2,27.0,3.3
2024-10-12 09:00:00,27.7,0.0,80.0,49.0,2.9
2024-10-12 10:00:00,27.9,0.0,77.6,296.0,6.2
2024-10-12 11:00:00,28.7,0.0,75.6,276.0,4.9
2024-10-12 12:00:00,28.9,0.0,77.1,224.0,3.9
2024-10-12 13:00:00,27.3,0.0,80.3,194.0,3.3
2024-10-12 14:00:00,26.8,0.0,81.4,182.0,3.7
2024-10-12 15:00:00,27.1,0.0,84.6,183.0,1.5
2024-10-12 16:00:00,27.450000000000003,0.0,81.1,230.0,1.5
2024-10-12 17:00:00,27.8,0.0,77.6,277.0,1.5
2024-10-12 18:00:00,28.0,0.0,77.3,273.0,1.5
2024-10-12 19:00:00,27.65,0.0,81.6,155.0,1.55
2024-10-12 20:00:00,27.3,0.0,85.9,37.0,1.6
2024-10-12 21:00:00,27.0,0.0,85.8,36.0,1.3
2024-10-12 22:00:00,27.15,0.0,85.8,24.5,1.6
2024-10-12 23:00:00,27.3,0.0,85.8,13.0,1.9
2024-10-13 00:00:00,26.8,0.0,87.1,38.0,1.6
2024-10-13 01:00:00,26.7,0.0,88.1,35.0,1.8
2024-10-13 02:00:00,26.6,0.0,88.5,36.0,1.8
2024-10-13 03:00:00,26.2,0.0,88.5,40.0,1.7
2024-10-13 04:00:00,26.4,0.0,88.6,62.0,1.9
2024-10-13 05:00:00,25.9,0.0,89.5,46.0,2.1
2024-10-13 06:00:00,26.0,0.0,88.5,38.0,2.0
2024-10-13 07:00:00,26.2,0.0,86.4,47.0,1.95
2024-10-13 08:00:00,26.4,0.0,84.3,56.0,1.9
2024-10-13 09:00:00,27.5,0.0,84.3,301.0,4.2
2024-10-13 10:00:00,28.2,0.0,80.4,262.0,7.4
2024-10-13 11:00:00,28.7,0.0,77.2,272.0,7.9
2024-10-13 12:00:00,29.3,0.0,74.7,279.0,9.2
2024-10-13 13:00:00,30.1,0.0,70.7,286.0,9.10001
2024-10-13 14:00:00,30.2,0.0,72.5,293.0,7.1
2024-10-13 15:00:00,30.5,0.0,68.1,286.0,7.4
2024-10-13 16:00:00,30.8,0.0,65.1,280.0,6.9
2024-10-13 17:00:00,31.0,0.0,63.4,282.0,6.1
2024-10-13 18:00:00,30.733333333333334,0.0,64.93333333333334,288.0,5.066666666666666
2024-10-13 19:00:00,30.466666666666665,0.0,66.46666666666667,294.0,4.033333333333333
2024-10-13 20:00:00,30.2,0.0,68.0,300.0,3.0
2024-10-13 21:00:00,29.8,0.0,68.5,305.0,2.4
2024-10-13 22:00:00,29.6,0.0,70.5,279.0,3.7
2024-10-13 23:00:00,29.6,0.0,72.2,258.5,3.7
2024-10-14 00:00:00,29.6,0.0,73.9,238.0,3.7
2024-10-14 01:00:00,28.9,0.0,80.9,209.0,5.6
2024-10-14 02:00:00,27.3,0.0,74.6,36.0,3.4
2024-10-14 03:00:00,25.3,0.0,85.1,57.0,3.6
2024-10-14 04:00:00,25.5,0.0,85.3,173.0,1.1
2024-10-14 05:00:00,26.2,0.0,86.8,211.0,1.4
2024-10-14 06:00:00,26.5,0.0,87.6,198.0,1.3
2024-10-14 07:00:00,28.1,0.0,81.8,240.0,5.9
2024-10-14 08:00:00,25.8,0.0,87.8,57.0,8.10001
2024-10-14 09:00:00,25.9,0.0,90.9,1.0,4.1
2024-10-14 10:00:00,26.4,0.2,90.2,294.0,10.9
2024-10-14 11:00:00,26.5,0.4,88.8,275.0,7.5
2024-10-14 12:00:00,24.5,1.4,90.8,302.0,6.4
2024-10-14 13:00:00,24.1,0.2,90.5,284.0,8.0
2024-10-14 14:00:00,24.7,0.0,82.0,300.0,8.5
2024-10-14 15:00:00,25.7,0.0,80.0,304.0,4.1
2024-10-14 16:00:00,26.5,0.0,75.8,319.0,2.5
2024-10-14 17:00:00,27.0,0.0,75.0,293.0,2.2
2024-10-14 18:00:00,26.3,0.0,77.6,40.0,1.5
2024-10-14 19:00:00,25.7,0.0,79.8,100.0,1.1
2024-10-14 20:00:00,26.0,0.0,79.725,79.25,1.375
2024-10-14 21:00:00,26.299999999999997,0.0,79.65,58.5,1.6500000000000001
2024-10-14 22:00:00,26.599999999999998,0.0,79.575,37.75,1.9250000000000003
2024-10-14 23:00:00,26.9,0.0,79.5,17.0,2.2
2024-10-15 00:00:00,26.4,0.0,80.9,131.0,0.7
2024-10-15 01:00:00,26.1,0.0,82.4,159.0,0.5
2024-10-15 02:00:00,25.5,0.0,87.7,173.0,0.7
2024-10-15 03:00:00,26.0,0.0,84.9,170.0,1.1
2024-10-15 04:00:00,26.4,0.0,83.5,151.0,0.5
2024-10-15 05:00:00,25.7,0.0,85.7,101.0,0.9
2024-10-15 06:00:00,26.1,0.0,82.8,142.0,0.8
2024-10-15 07:00:00,26.6,0.0,84.9,196.0,2.5
2024-10-15 08:00:00,26.5,0.0,84.1,261.0,14.2
2024-10-15 09:00:00,25.4,0.4,93.5,214.0,10.2
2024-10-15 10:00:00,25.1,0.2,93.9,236.0,6.0
2024-10-15 11:00:00,24.9,0.2,92.5,248.0,7.0
2024-10-15 12:00:00,26.8,0.0,82.6,277.0,7.1
2024-10-15 13:00:00,27.9,0.0,75.4,292.0,6.2
2024-10-15 14:00:00,28.65,0.0,72.05000000000001,296.0,4.9
2024-10-15 15:00:00,29.4,0.0,68.7,300.0,3.6
2024-10-15 16:00:00,29.9,0.0,64.0,266.0,4.3
2024-10-15 17:00:00,29.5,0.0,67.7,265.0,7.3
2024-10-15 18:00:00,28.85,0.0,70.75,294.5,4.5
2024-10-15 19:00:00,28.2,0.0,73.8,324.0,1.7
2024-10-15 20:00:00,28.2,0.0,71.4,106.0,1.0
2024-10-15 21:00:00,28.1,0.0,73.4,200.0,0.9
2024-10-15 22:00:00,28.05,0.0,73.30000000000001,114.5,1.8000000000000003
2024-10-15 23:00:00,28.0,0.0,73.2,29.0,2.7
2024-10-16 00:00:00,27.9,0.0,74.8,47.0,2.2
2024-10-16 01:00:00,28.0,0.0,73.0,26.0,2.5
2024-10-16 02:00:00,27.9,0.0,72.8,59.0,2.5
2024-10-16 03:00:00,27.6,0.0,74.1,23.0,1.8
2024-10-16 04:00:00,27.4,0.0,77.0,30.0,2.2
2024-10-16 05:00:00,27.3,0.0,79.7,25.0,1.7
2024-10-16 06:00:00,27.5,0.0,81.0,79.0,1.5
2024-10-16 07:00:00,27.5,0.0,82.7,47.0,2.0
2024-10-16 08:00:00,27.6,0.0,82.2,42.0,2.3
2024-10-16 09:00:00,28.6,0.0,80.2,299.0,2.4
2024-10-16 10:00:00,29.4,0.0,77.6,271.0,2.7
2024-10-16 11:00:00,29.7,0.0,74.4,269.0,7.2
2024-10-16 12:00:00,29.3,0.0,74.7,243.0,4.3
2024-10-16 13:00:00,29.450000000000003,0.0,73.15,254.0,3.65
2024-10-16 14:00:00,29.6,0.0,71.6,265.0,3.0
2024-10-16 15:00:00,29.0,0.0,74.1,203.0,2.0
2024-10-16 16:00:00,29.2,0.0,72.2,263.0,2.7
2024-10-16 17:00:00,30.0,0.0,71.6,249.0,2.6
2024-10-16 18:00:00,30.4,0.0,69.2,278.0,2.6
2024-10-16 19:00:00,29.7,0.0,70.0,249.0,1.7
2024-10-16 20:00:00,29.2,0.0,71.7,211.0,1.6
2024-10-16 21:00:00,29.049999999999997,0.0,73.45,197.5,1.55
2024-10-16 22:00:00,28.9,0.0,75.2,184.0,1.5
2024-10-16 23:00:00,28.75,0.0,76.2,136.0,1.15
2024-10-17 00:00:00,28.6,0.0,77.2,88.0,0.8
2024-10-17 01:00:00,28.2,0.0,81.1,174.0,0.7
2024-10-17 02:00:00,27.7,0.0,85.0,67.0,1.1
2024-10-17 03:00:00,27.5,0.0,83.3,147.0,0.5
2024-10-17 04:00:00,27.8,0.0,83.3,50.0,0.7
2024-10-17 05:00:00,27.8,0.0,83.7,211.0,1.1
2024-10-17 06:00:00,27.6,0.0,85.9,36.0,1.4
2024-10-17 07:00:00,27.3,0.0,83.2,74.0,0.9
2024-10-17 08:00:00,28.0,0.0,79.2,29.0,0.5
2024-10-17 09:00:00,29.4,0.0,71.8,208.0,3.0
2024-10-17 10:00:00,29.6,0.0,69.9,190.0,2.2
2024-10-17 11:00:00,24.5,0.2,92.2,161.0,1.7
2024-10-17 12:00:00,25.3,0.0,90.1,31.0,1.7
2024-10-17 13:00:00,25.5,0.0,90.0,23.0,2.8
2024-10-17 14:00:00,25.8,0.0,88.2,38.0,2.1
2024-10-17 15:00:00,27.5,0.0,85.6,221.0,0.8
2024-10-17 16:00:00,27.4,0.0,85.3,25.0,1.7
2024-10-17 17:00:00,27.6,0.0,84.2,32.0,1.3
2024-10-17 18:00:00,27.7,0.0,85.4,15.0,2.5
2024-10-17 19:00:00,27.5,0.0,86.8,48.0,1.4
2024-10-17 20:00:00,27.55,0.0,84.5,179.5,1.5
2024-10-17 21:00:00,27.6,0.0,82.2,311.0,1.6
2024-10-17 22:00:00,27.5,0.0,84.7,291.0,1.4
2024-10-17 23:00:00,27.0,0.0,87.1,25.0,2.3
2024-10-18 00:00:00,26.8,0.0,87.7,33.0,2.1
2024-10-18 01:00:00,26.7,0.0,85.3,4.0,3.3
2024-10-18 02:00:00,26.5,0.0,87.8,16.0,1.8
2024-10-18 03:00:00,26.5,0.0,85.5,22.0,2.0
2024-10-18 04:00:00,26.2,0.0,87.0,106.0,0.8
2024-10-18 05:00:00,27.3,0.0,84.7,293.0,6.8
2024-10-18 06:00:00,27.2,0.0,83.2,250.0,6.6
2024-10-18 07:00:00,27.6,0.0,78.1,255.0,2.6
2024-10-18 08:00:00,27.2,0.0,85.0,19.0,1.5
2024-10-18 09:00:00,27.85,0.0,81.15,158.5,1.95
2024-10-18 10:00:00,28.5,0.0,77.3,298.0,2.4
2024-10-18 11:00:00,29.4,0.0,75.2,270.0,3.7
2024-10-18 12:00:00,29.5,0.0,75.4,248.0,5.1
2024-10-18 13:00:00,29.3,0.0,77.3,261.0,6.8
2024-10-18 14:00:00,28.9,0.0,77.2,259.0,5.3
2024-10-18 15:00:00,28.9,0.0,77.9,299.0,5.1
2024-10-18 16:00:00,29.5,0.0,70.7,293.0,2.5
2024-10-18 17:00:00,29.5,0.0,67.5,271.0,2.0
2024-10-18 18:00:00,29.2,0.0,70.3,270.0,3.1
2024-10-18 19:00:00,29.1,0.0,71.5,271.0,1.3
2024-10-18 20:00:00,28.5,0.0,73.0,32.0,0.5
2024-10-18 21:00:00,28.5,0.0,73.9,208.0,1.0
2024-10-18 22:00:00,28.5,0.0,74.8,157.0,0.9
2024-10-18 23:00:00,28.3,0.0,76.8,188.0,0.9
2024-10-19 00:00:00,28.1,0.0,81.0,271.0,1.7
2024-10-19 01:00:00,27.8,0.0,82.1,217.0,0.9
2024-10-19 02:00:00,27.6,0.0,82.5,75.0,1.0
2024-10-19 03:00:00,27.2,0.0,84.3,116.0,0.7
2024-10-19 04:00:00,27.1,0.0,84.5,132.0,0.6
2024-10-19 05:00:00,27.2,0.0,83.0,179.0,0.7
2024-10-19 06:00:00,27.1,0.0,85.5,63.0,0.7
2024-10-19 07:00:00,27.1,0.0,86.1,45.0,0.8
2024-10-19 08:00:00,27.3,0.0,86.9,46.0,1.8
2024-10-19 09:00:00,28.0,0.0,83.2,30.0,2.0
2024-10-19 10:00:00,29.3,0.0,78.4,297.0,3.0
2024-10-19 11:00:00,30.2,0.0,74.6,282.0,4.1
2024-10-19 12:00:00,29.6,0.0,76.0,239.0,5.1
2024-10-19 13:00:00,30.7,0.0,70.9,260.0,7.4
2024-10-19 14:00:00,30.4,0.0,68.2,240.0,4.3
2024-10-19 15:00:00,30.5,0.0,68.4,261.0,4.1
2024-10-19 16:00:00,31.6,0.0,59.3,221.0,5.9
2024-10-19 17:00:00,30.4,0.0,66.2,171.0,2.7
2024-10-19 18:00:00,29.7,0.0,68.2,165.0,2.3
2024-10-19 19:00:00,29.3,0.0,70.5,131.0,1.0
2024-10-19 20:00:00,28.6,0.0,75.0,147.0,1.0
2024-10-19 21:00:00,28.7,0.0,74.8,133.0,0.9
2024-10-19 22:00:00,28.7,0.0,74.7,157.0,0.9
2024-10-19 23:00:00,28.4,0.0,74.1,138.0,1.1
2024-10-20 00:00:00,28.1,0.0,76.3,193.0,1.4
2024-10-20 01:00:00,25.2,1.4,81.2,331.0,8.0
2024-10-20 02:00:00,25.5,0.0,85.7,185.0,1.1
2024-10-20 03:00:00,26.6,0.0,80.0,265.0,1.3
2024-10-20 04:00:00,23.9,0.0,89.7,307.0,13.1
2024-10-20 05:00:00,25.2,0.2,87.5,243.0,7.6
2024-10-20 06:00:00,26.7,0.0,63.8,285.0,5.6
2024-10-20 07:00:00,25.9,0.0,82.5,301.0,4.4
2024-10-20 08:00:00,25.73333333333333,0.0,82.9,217.66666666666669,3.9333333333333336
2024-10-20 09:00:00,25.566666666666666,0.0,83.3,134.33333333333334,3.466666666666667
2024-10-20 10:00:00,25.4,0.0,83.7,51.0,3.0
2024-10-20 11:00:00,26.2,0.0,79.7,63.0,2.1
2024-10-20 12:00:00,27.7,0.0,72.4,49.0,1.8
2024-10-20 13:00:00,28.7,0.0,72.0,1.0,1.4
2024-10-20 14:00:00,29.4,0.0,65.6,273.0,3.5
2024-10-20 15:00:00,30.2,0.0,63.2,283.0,3.0
2024-10-20 16:00:00,29.9,0.0,64.8,261.0,2.5
2024-10-20 17:00:00,30.6,0.0,63.9,292.0,2.4
2024-10-20 18:00:00,29.7,0.0,64.3,34.0,1.1
2024-10-20 19:00:00,29.4,0.0,70.3,23.0,2.8
2024-10-20 20:00:00,29.0,0.0,72.3,16.0,2.5
2024-10-20 21:00:00,28.6,0.0,70.9,87.0,1.4
2024-10-20 22:00:00,28.700000000000003,0.0,67.1,138.0,1.1
2024-10-20 23:00:00,28.8,0.0,63.3,189.0,0.8
2024-10-21 00:00:00,28.4,0.0,66.4,238.0,1.4
2024-10-21 01:00:00,27.8,0.0,70.0,204.0,1.1
2024-10-21 02:00:00,28.1,0.0,71.4,166.0,2.2
2024-10-21 03:00:00,28.2,0.0,72.6,200.0,0.8
2024-10-21 04:00:00,28.0,0.0,75.9,262.0,1.1
2024-10-21 05:00:00,27.6,0.0,77.9,183.0,0.7
2024-10-21 06:00:00,27.6,0.0,79.1,204.0,0.9
2024-10-21 07:00:00,27.5,0.0,81.9,182.0,0.8
2024-10-21 08:00:00,28.0,0.0,80.5,168.0,0.9
2024-10-21 09:00:00,29.2,0.0,74.8,234.0,1.4
2024-10-21 10:00:00,30.1,0.0,72.3,349.0,1.1
2024-10-21 11:00:00,30.3,0.0,67.9,54.0,2.3
2024-10-21 12:00:00,31.1,0.0,69.0,292.0,5.3
2024-10-21 13:00:00,31.7,0.0,65.6,280.0,6.3
2024-10-21 14:00:00,31.6,0.0,66.0,295.0,6.4
2024-10-21 15:00:00,32.4,0.0,61.8,294.0,6.5
2024-10-21 16:00:00,33.3,0.0,49.2,305.0,6.4
2024-10-21 17:00:00,33.5,0.0,50.1,299.0,5.5
2024-10-21 18:00:00,32.7,0.0,54.3,305.0,4.8
2024-10-21 19:00:00,31.5,0.0,59.8,299.0,3.0
2024-10-21 20:00:00,31.0,0.0,55.3,14.0,1.9
2024-10-21 21:00:00,30.1,0.0,57.4,117.0,0.7
2024-10-21 22:00:00,30.1,0.0,58.3,173.0,0.9
2024-10-21 23:00:00,29.450000000000003,0.0,67.35,167.0,0.9
2024-10-22 00:00:00,28.8,0.0,76.4,161.0,0.9
2024-10-22 01:00:00,28.6,0.0,79.9,99.0,0.5
2024-10-22 02:00:00,28.7,0.0,79.3,176.0,1.2
2024-10-22 03:00:00,28.5,0.0,81.9,167.0,1.0
2024-10-22 04:00:00,28.2,0.0,83.6,145.0,0.8
2024-10-22 05:00:00,28.1,0.0,84.0,134.0,0.7
2024-10-22 06:00:00,28.2,0.0,83.4,209.0,1.1
2024-10-22 07:00:00,28.0,0.0,85.4,331.0,1.5
2024-10-22 08:00:00,28.2,0.0,85.1,63.0,1.5
2024-10-22 09:00:00,28.6,0.0,83.0,283.0,2.2
2024-10-22 10:00:00,29.4,0.0,79.9,277.0,2.6
2024-10-22 11:00:00,30.7,0.0,69.4,285.0,5.8
2024-10-22 12:00:00,32.0,0.0,64.9,264.0,6.5
2024-10-22 13:00:00,31.8,0.0,63.7,286.0,7.1
2024-10-22 14:00:00,32.0,0.0,62.8,288.0,7.2
2024-10-22 15:00:00,31.9,0.0,63.9,294.0,6.6
2024-10-22 16:00:00,32.3,0.0,60.7,281.0,6.8
2024-10-22 17:00:00,32.4,0.0,60.6,253.0,9.39999
2024-10-22 18:00:00,31.6,0.0,63.8,231.0,2.9
2024-10-22 19:00:00,31.0,0.0,66.4,233.0,1.6
2024-10-22 20:00:00,30.8,0.0,68.3,253.0,1.6
2024-10-22 21:00:00,30.2,0.0,69.1,232.0,0.7
2024-10-22 22:00:00,30.1,0.0,74.1,164.0,2.0
2024-10-22 23:00:00,29.8,0.0,74.6,160.0,1.3
2024-10-23 00:00:00,29.5,0.0,75.4,175.0,1.1
2024-10-23 01:00:00,29.2,0.0,75.6,172.0,0.6
2024-10-23 02:00:00,28.7,0.0,81.0,22.0,1.1
2024-10-23 03:00:00,28.6,0.0,80.1,209.0,2.1
2024-10-23 04:00:00,28.5,0.0,82.1,95.0,0.7
2024-10-23 05:00:00,28.2,0.0,84.2,43.0,0.7
2024-10-23 06:00:00,28.1,0.0,85.3,47.0,0.7
2024-10-23 07:00:00,28.1,0.0,85.9,46.0,1.8
2024-10-23 08:00:00,24.8,0.0,86.4,131.0,0.7
2024-10-23 09:00:00,27.9,0.0,68.7,299.0,2.8
2024-10-23 10:00:00,28.7,0.0,71.8,287.0,2.6
2024-10-23 11:00:00,29.9,0.0,70.4,279.0,3.3
2024-10-23 12:00:00,31.1,0.0,65.2,290.0,5.2
2024-10-23 13:00:00,32.2,0.0,62.4,247.0,6.7
2024-10-23 14:00:00,32.5,0.0,62.3,252.0,8.8
2024-10-23 15:00:00,31.8,0.0,63.6,290.0,6.9
2024-10-23 16:00:00,31.8,0.0,64.8,264.0,7.6
2024-10-23 17:00:00,31.4,0.0,67.2,238.0,3.3
2024-10-23 18:00:00,30.8,0.0,69.9,226.0,2.7
2024-10-23 19:00:00,30.7,0.0,69.2,240.0,2.1
2024-10-23 20:00:00,30.3,0.0,70.5,204.0,2.1
2024-10-23 21:00:00,30.0,0.0,72.2,202.0,2.3
2024-10-23 22:00:00,29.6,0.0,77.4,200.0,2.4
2024-10-23 23:00:00,29.4,0.0,78.5,185.0,2.1
2024-10-24 00:00:00,29.4,0.0,79.8,202.0,1.7
2024-10-24 01:00:00,29.0,0.0,74.4,244.0,1.1
2024-10-24 02:00:00,28.7,0.0,74.1,270.0,1.0
2024-10-24 03:00:00,28.6,0.0,70.7,259.0,2.0
2024-10-24 04:00:00,27.9,0.0,75.2,108.0,1.1
2024-10-24 05:00:00,28.0,0.0,76.6,177.0,1.1
2024-10-24 06:00:00,27.9,0.0,79.6,130.0,1.0
2024-10-24 07:00:00,27.8,0.0,78.1,145.0,1.0
2024-10-24 08:00:00,28.3,0.0,77.3,117.0,1.1
2024-10-24 09:00:00,29.3,0.0,73.2,167.0,1.4
2024-10-24 10:00:00,29.8,0.0,73.3,38.0,1.4
2024-10-24 11:00:00,30.7,0.0,64.6,279.0,3.6
2024-10-24 12:00:00,31.7,0.0,65.7,267.0,7.0
2024-10-24 13:00:00,31.5,0.0,67.7,251.0,6.1
2024-10-24 14:00:00,32.0,0.0,66.2,255.0,8.10001
2024-10-24 15:00:00,32.2,0.0,66.2,258.0,6.2
2024-10-24 16:00:00,31.6,0.0,66.1,257.0,6.3
2024-10-24 17:00:00,30.9,0.0,65.5,201.0,2.8
2024-10-24 18:00:00,30.8,0.0,67.3,240.0,1.4
2024-10-24 19:00:00,30.3,0.0,70.7,18.0,1.5
2024-10-24 20:00:00,29.6,0.0,75.9,338.0,4.4
2024-10-24 21:00:00,28.8,0.0,73.2,106.0,0.8
2024-10-24 22:00:00,28.7,0.0,73.2,105.0,0.7
2024-10-24 23:00:00,28.7,0.0,74.9,31.0,0.9
2024-10-25 00:00:00,28.5,0.0,76.0,60.0,1.6
2024-10-25 01:00:00,28.5,0.0,76.3,75.0,1.2
2024-10-25 02:00:00,28.5,0.0,76.9,27.0,0.5
2024-10-25 03:00:00,28.0,0.0,77.9,66.0,1.3
2024-10-25 04:00:00,28.2,0.0,81.9,33.0,1.3
2024-10-25 05:00:00,27.9,0.0,81.8,41.0,1.2
2024-10-25 06:00:00,28.0,0.0,80.9,55.0,1.8
2024-10-25 07:00:00,28.1,0.0,81.1,178.0,0.8
2024-10-25 08:00:00,28.8,0.0,73.5,251.0,3.5
2024-10-25 09:00:00,28.6,0.0,79.5,88.0,1.1
2024-10-25 10:00:00,29.4,0.0,74.3,259.0,2.1
2024-10-25 11:00:00,30.5,0.0,71.0,255.0,4.1
2024-10-25 12:00:00,30.8,0.0,66.8,274.0,5.2
2024-10-25 13:00:00,30.5,0.0,75.8,271.0,8.8
2024-10-25 14:00:00,30.6,0.0,73.0,278.0,9.7
2024-10-25 15:00:00,30.2,0.0,74.3,289.0,8.39999
2024-10-25 16:00:00,31.0,0.0,67.6,300.0,5.4
2024-10-25 17:00:00,30.8,0.0,68.8,283.0,3.2
2024-10-25 18:00:00,30.9,0.0,70.7,140.0,2.0
2024-10-25 19:00:00,29.9,0.0,75.0,103.0,1.6
2024-10-25 20:00:00,29.8,0.0,74.0,119.0,1.6
2024-10-25 21:00:00,29.4,0.0,75.2,43.0,4.3
2024-10-25 22:00:00,29.1,0.0,76.4,65.0,2.6
2024-10-25 23:00:00,29.1,0.0,77.1,60.0,2.2
2024-10-26 00:00:00,28.7,0.0,77.2,34.0,3.8
2024-10-26 01:00:00,28.5,0.0,75.9,60.0,3.6
2024-10-26 02:00:00,28.2,0.0,76.5,61.0,3.5
2024-10-26 03:00:00,28.2,0.0,78.9,83.0,1.5
2024-10-26 04:00:00,28.0,0.0,79.2,56.0,1.6
2024-10-26 05:00:00,27.9,0.0,79.0,79.0,1.5
2024-10-26 06:00:00,28.6,0.0,78.1,310.0,1.9
2024-10-26 07:00:00,28.4,0.0,81.2,305.0,1.4
2024-10-26 08:00:00,29.5,0.0,75.1,286.0,5.3
2024-10-26 09:00:00,30.0,0.0,72.3,279.0,9.5
2024-10-26 10:00:00,30.1,0.0,72.0,270.0,9.3
2024-10-26 11:00:00,30.0,0.0,74.7,278.0,8.89999
2024-10-26 12:00:00,30.1,0.0,74.5,286.0,9.0
2024-10-26 13:00:00,31.0,0.0,65.9,285.0,9.2
2024-10-26 14:00:00,31.8,0.0,59.7,290.0,9.5
2024-10-26 15:00:00,31.8,0.0,62.0,291.0,6.1
2024-10-26 16:00:00,31.8,0.0,61.7,289.0,5.7
2024-10-26 17:00:00,31.9,0.0,64.3,301.0,4.2
2024-10-26 18:00:00,31.3,0.0,64.5,299.0,3.8
2024-10-26 19:00:00,30.9,0.0,67.4,299.0,4.2
2024-10-26 20:00:00,30.7,0.0,69.4,303.0,2.9
2024-10-26 21:00:00,30.4,0.0,70.3,250.0,1.3
2024-10-26 22:00:00,30.3,0.0,70.8,268.0,1.5
2024-10-26 23:00:00,30.3,0.0,73.4,298.0,3.2
2024-10-27 00:00:00,30.2,0.0,74.9,300.0,3.7
2024-10-27 01:00:00,30.0,0.0,76.2,299.0,3.5
2024-10-27 02:00:00,29.4,0.0,76.1,42.0,2.7
2024-10-27 03:00:00,28.3,0.0,78.0,30.0,2.2
2024-10-27 04:00:00,28.4,0.0,78.2,75.0,1.2
2024-10-27 05:00:00,28.4,0.0,80.6,90.0,1.1
2024-10-27 06:00:00,28.3,0.0,79.7,46.0,1.8
2024-10-27 07:00:00,28.3,0.0,80.5,48.0,0.7
2024-10-27 08:00:00,29.0,0.0,79.1,302.0,1.8
2024-10-27 09:00:00,29.4,0.0,75.4,306.0,3.2
2024-10-27 10:00:00,30.5,0.0,69.0,292.0,6.9
2024-10-27 11:00:00,31.1,0.0,65.5,297.0,7.3
2024-10-27 12:00:00,31.1,0.0,66.8,282.0,10.1
2024-10-27 13:00:00,31.2,0.0,67.5,286.0,10.2
2024-10-27 14:00:00,32.3,0.0,62.8,296.0,7.1
2024-10-27 15:00:00,32.5,0.0,61.9,298.0,6.6
2024-10-27 16:00:00,32.8,0.0,58.9,300.0,5.5
2024-10-27 17:00:00,33.1,0.0,57.4,303.0,5.2
2024-10-27 18:00:00,32.4,0.0,59.2,297.0,4.9
2024-10-27 19:00:00,31.5,0.0,62.1,247.0,2.8
2024-10-27 20:00:00,31.2,0.0,65.35,272.0,2.5999999999999996
2024-10-27 21:00:00,30.9,0.0,68.6,297.0,2.4
2024-10-27 22:00:00,30.6,0.0,71.1,302.0,2.7
2024-10-27 23:00:00,30.55,0.0,72.1,282.0,3.05
2024-10-28 00:00:00,30.5,0.0,73.1,262.0,3.4
2024-10-28 01:00:00,30.3,0.0,74.8,274.0,3.3
2024-10-28 02:00:00,30.2,0.0,74.4,264.0,3.6
2024-10-28 03:00:00,30.1,0.0,77.8,264.0,3.9
2024-10-28 04:00:00,30.0,0.0,77.1,274.0,4.0
2024-10-28 05:00:00,29.9,0.0,78.8,260.0,4.1
2024-10-28 06:00:00,29.6,0.0,78.0,267.0,8.3
2024-10-28 07:00:00,26.7,0.8,84.1,27.0,2.3
2024-10-28 08:00:00,27.6,0.0,84.6,26.0,2.6
2024-10-28 09:00:00,29.8,0.0,75.6,291.0,7.7
2024-10-28 10:00:00,29.9,0.0,72.7,268.0,9.5
2024-10-28 11:00:00,29.7,0.0,72.6,273.0,9.60001
2024-10-28 12:00:00,29.9,0.0,71.0,284.0,9.3
2024-10-28 13:00:00,29.7,0.0,72.2,273.0,6.2
2024-10-28 14:00:00,30.7,0.0,70.8,283.0,7.7
2024-10-28 15:00:00,31.6,0.0,62.7,282.0,7.5
2024-10-28 16:00:00,32.0,0.0,61.2,288.0,6.2
2024-10-28 17:00:00,31.9,0.0,60.3,293.0,5.5
2024-10-28 18:00:00,31.6,0.0,63.1,233.0,3.1
2024-10-28 19:00:00,30.950000000000003,0.0,66.35,220.0,2.65
2024-10-28 20:00:00,30.3,0.0,69.6,207.0,2.2
2024-10-28 21:00:00,30.0,0.0,72.15,191.5,1.8
2024-10-28 22:00:00,29.7,0.0,74.7,176.0,1.4
2024-10-28 23:00:00,29.4,0.0,76.2,97.0,0.7
2024-10-29 00:00:00,29.6,0.0,77.7,211.0,1.9
2024-10-29 01:00:00,29.1,0.0,78.4,185.0,1.6
2024-10-29 02:00:00,29.2,0.0,74.7,197.0,1.7
2024-10-29 03:00:00,28.9,0.0,77.3,194.0,1.6
2024-10-29 04:00:00,28.9,0.0,78.1,192.0,1.5
2024-10-29 05:00:00,28.8,0.0,81.1,198.0,2.1
2024-10-29 06:00:00,28.8,0.0,79.7,196.0,2.1
2024-10-29 07:00:00,28.7,0.0,81.7,195.0,1.7
2024-10-29 08:00:00,29.8,0.0,78.1,233.0,2.2
2024-10-29 09:00:00,30.1,0.0,75.6,260.0,4.0
2024-10-29 10:00:00,30.4,0.0,72.2,264.0,6.2
2024-10-29 11:00:00,31.1,0.0,72.8,268.0,5.6
2024-10-29 12:00:00,31.3,0.0,69.9,283.0,7.0
2024-10-29 13:00:00,32.1,0.0,67.4,289.0,6.8
2024-10-29 14:00:00,32.1,0.0,64.8,286.0,6.2
2024-10-29 15:00:00,32.2,0.0,63.9,291.0,5.8
2024-10-29 16:00:00,32.0,0.0,65.65,281.5,6.25
2024-10-29 17:00:00,31.8,0.0,67.4,272.0,6.7
2024-10-29 18:00:00,30.5,0.0,70.1,256.0,4.0
2024-10-29 19:00:00,30.5,0.0,70.6,236.0,2.8
2024-10-29 20:00:00,30.5,0.0,68.1,239.0,2.5
2024-10-29 21:00:00,30.6,0.0,68.9,287.0,2.9
2024-10-29 22:00:00,30.0,0.0,74.8,25.0,2.4
2024-10-29 23:00:00,29.3,0.0,75.9,26.0,2.5
2024-10-30 00:00:00,28.7,0.0,76.9,35.0,2.1
2024-10-30 01:00:00,28.8,0.0,75.1,30.0,1.8
2024-10-30 02:00:00,29.1,0.0,73.4,49.0,2.1
2024-10-30 03:00:00,29.0,0.0,79.7,20.0,1.0
2024-10-30 04:00:00,28.4,0.0,81.5,53.0,2.4
2024-10-30 05:00:00,28.6,0.0,81.8,46.0,1.4
2024-10-30 06:00:00,28.9,0.0,82.5,300.0,3.2
2024-10-30 07:00:00,28.5,0.0,82.3,274.0,2.3
2024-10-30 08:00:00,29.2,0.0,71.6,300.0,5.4
2024-10-30 09:00:00,29.4,0.0,72.0,297.0,5.6
2024-10-30 10:00:00,30.0,0.0,66.1,287.0,7.8
2024-10-30 11:00:00,30.4,0.0,64.3,282.0,8.7
2024-10-30 12:00:00,30.6,0.0,64.2,273.0,7.5
2024-10-30 13:00:00,31.2,0.0,58.3,283.0,6.0
2024-10-30 14:00:00,31.6,0.0,56.0,287.0,7.6
2024-10-30 15:00:00,31.7,0.0,54.8,290.0,7.5
2024-10-30 16:00:00,31.6,0.0,63.8,301.0,6.0
2024-10-30 17:00:00,31.7,0.0,63.0,301.0,5.1
2024-10-30 18:00:00,31.6,0.0,62.4,300.0,4.5
2024-10-30 19:00:00,30.8,0.0,67.1,296.0,4.0
2024-10-30 20:00:00,30.6,0.0,67.1,245.0,1.2
2024-10-30 21:00:00,30.2,0.0,70.2,88.0,1.3
2024-10-30 22:00:00,30.1,0.0,72.3,72.0,2.1
2024-10-30 23:00:00,29.9,0.0,73.8,27.0,1.8
2024-10-31 00:00:00,29.6,0.0,76.6,26.0,2.0
2024-10-31 01:00:00,29.5,0.0,71.8,24.0,1.6
2024-10-31 02:00:00,29.1,0.0,74.3,26.0,2.0
2024-10-31 03:00:00,29.1,0.0,74.6,26.0,1.8
2024-10-31 04:00:00,28.7,0.0,78.8,43.0,2.2
2024-10-31 05:00:00,28.6,0.0,77.5,48.0,2.0
2024-10-31 06:00:00,29.0,0.0,71.3,57.0,1.7
2024-10-31 07:00:00,28.8,0.0,67.1,298.0,4.7
2024-10-31 08:00:00,29.3,0.0,65.4,251.0,3.5
2024-10-31 09:00:00,29.7,0.0,73.4,250.0,4.0
2024-10-31 10:00:00,28.8,0.0,80.0,283.0,5.9
2024-10-31 11:00:00,29.0,0.0,76.2,270.0,6.2
2024-10-31 12:00:00,29.4,0.0,71.6,283.0,7.0
2024-10-31 13:00:00,29.8,0.0,69.0,276.0,9.60001
2024-10-31 14:00:00,30.1,0.0,70.5,279.0,9.0
2024-10-31 15:00:00,30.8,0.0,72.1,260.0,7.0
2024-10-31 16:00:00,30.65,0.0,71.55,271.0,6.7
2024-10-31 17:00:00,30.5,0.0,71.0,282.0,6.4
2024-10-31 18:00:00,30.7,0.0,70.5,300.0,3.6
2024-10-31 19:00:00,30.2,0.0,68.5,303.0,4.4
2024-10-31 20:00:00,30.1,0.0,70.8,289.0,3.2
2024-10-31 21:00:00,30.1,0.0,70.2,261.0,2.2
2024-10-31 22:00:00,30.2,0.0,70.8,296.0,1.4
2024-10-31 23:00:00,29.6,0.0,74.5,73.0,1.2
2024-11-01 00:00:00,29.8,0.0,75.9,311.0,2.4
2024-11-01 01:00:00,29.7,0.0,73.1,289.0,4.7
2024-11-01 02:00:00,29.1,0.0,75.8,16.0,1.3
2024-11-01 03:00:00,27.6,0.0,74.9,255.0,7.3
2024-11-01 04:00:00,24.9,0.6,90.9,2.0,1.9
2024-11-01 05:00:00,26.5,0.0,88.6,148.0,1.1
2024-11-01 06:00:00,26.8,0.0,87.5,117.0,1.5
2024-11-01 07:00:00,26.5,0.0,85.4,33.0,3.0
2024-11-01 08:00:00,27.2,0.0,81.8,56.0,3.7
2024-11-01 09:00:00,28.4,0.0,79.4,263.0,2.0
2024-11-01 10:00:00,29.8,0.0,71.2,305.0,5.5
2024-11-01 11:00:00,30.4,0.0,70.3,299.0,5.8
2024-11-01 12:00:00,31.0,0.0,69.8,300.0,7.2
2024-11-01 13:00:00,31.3,0.0,68.4,299.0,8.7
2024-11-01 14:00:00,30.8,0.0,68.0,286.0,12.4
2024-11-01 15:00:00,30.3,0.0,67.1,298.0,9.5
2024-11-01 16:00:00,29.9,0.0,70.5,299.0,6.2
2024-11-01 17:00:00,30.1,0.0,71.7,300.0,4.8
2024-11-01 18:00:00,30.1,0.0,69.9,100.0,1.2
2024-11-01 19:00:00,30.0,0.0,68.5,56.0,2.7
2024-11-01 20:00:00,29.9,0.0,69.5,44.0,1.8
2024-11-01 21:00:00,29.9,0.0,70.4,20.0,1.7
2024-11-01 22:00:00,29.3,0.0,75.4,18.0,2.0
2024-11-01 23:00:00,28.3,0.0,84.6,52.0,3.1
2024-11-02 00:00:00,28.4,0.0,80.7,121.0,0.7
2024-11-02 01:00:00,28.3,0.0,77.9,83.0,1.3
2024-11-02 02:00:00,28.5,0.0,75.5,104.0,0.8
2024-11-02 03:00:00,28.2,0.0,78.2,72.0,1.6
2024-11-02 04:00:00,28.0,0.0,78.8,75.0,1.3
2024-11-02 05:00:00,28.1,0.0,82.4,66.0,1.5
2024-11-02 06:00:00,27.8,0.0,79.9,83.0,1.2
2024-11-02 07:00:00,27.8,0.0,80.0,96.0,1.1
2024-11-02 08:00:00,28.0,0.0,80.2,50.0,2.8
2024-11-02 09:00:00,28.6,0.0,77.8,31.0,2.9
2024-11-02 10:00:00,29.3,0.0,72.5,275.0,3.3
2024-11-02 11:00:00,29.6,0.0,72.7,298.0,8.10001
2024-11-02 12:00:00,28.0,0.0,81.9,283.0,12.6
2024-11-02 13:00:00,25.7,0.2,93.1,215.0,2.9
2024-11-02 14:00:00,26.2,0.2,91.1,290.0,7.7
2024-11-02 15:00:00,27.0,0.0,82.8,301.0,5.4
2024-11-02 16:00:00,27.1,0.0,86.2,66.0,2.0
2024-11-02 17:00:00,27.7,0.0,82.5,91.0,2.0
2024-11-02 18:00:00,28.0,0.0,77.2,83.0,2.5
2024-11-02 19:00:00,28.3,0.0,78.0,295.0,3.3
2024-11-02 20:00:00,28.6,0.0,77.7,299.0,4.6
2024-11-02 21:00:00,28.8,0.0,78.6,303.0,3.4
2024-11-02 22:00:00,28.6,0.0,78.0,302.0,2.1
2024-11-02 23:00:00,29.2,0.0,75.1,287.0,3.8
2024-11-03 00:00:00,29.2,0.0,77.3,241.0,3.5
2024-11-03 01:00:00,28.3,0.0,80.0,24.0,2.3
2024-11-03 02:00:00,27.6,0.0,82.1,29.0,1.4
2024-11-03 03:00:00,28.0,0.0,78.4,26.0,2.9
2024-11-03 04:00:00,28.0,0.0,78.3,30.0,2.4
2024-11-03 05:00:00,27.9,0.0,79.9,36.0,2.6
2024-11-03 06:00:00,27.9,0.0,80.1,65.0,2.2
2024-11-03 07:00:00,27.4,0.0,82.8,293.0,0.6
2024-11-03 08:00:00,28.1,0.0,74.5,257.0,4.7
2024-11-03 09:00:00,28.7,0.0,74.1,277.0,3.1
2024-11-03 10:00:00,29.4,0.0,75.2,295.0,3.2
2024-11-03 11:00:00,30.6,0.0,66.4,297.0,4.0
2024-11-03 12:00:00,30.3,0.0,73.0,273.0,7.7
2024-11-03 13:00:00,30.7,0.0,66.3,287.0,6.4
2024-11-03 14:00:00,30.9,0.0,62.4,284.0,8.10001
2024-11-03 15:00:00,30.3,0.0,70.2,278.0,8.39999
2024-11-03 16:00:00,30.9,0.0,65.5,278.0,2.9
2024-11-03 17:00:00,30.9,0.0,63.2,3.0,1.6
2024-11-03 18:00:00,30.6,0.0,60.5,25.0,2.0
2024-11-03 19:00:00,28.6,0.0,74.0,99.0,1.3
2024-11-03 20:00:00,28.1,0.0,71.9,184.0,1.0
2024-11-03 21:00:00,28.3,0.0,71.1,199.0,1.3
2024-11-03 22:00:00,28.3,0.0,71.75,220.5,1.25
2024-11-03 23:00:00,28.3,0.0,72.4,242.0,1.2
2024-11-04 00:00:00,28.2,0.0,73.6,202.0,1.1
2024-11-04 01:00:00,28.0,0.0,75.6,187.0,0.8
2024-11-04 02:00:00,27.7,0.0,76.7,201.0,0.7
2024-11-04 03:00:00,27.8,0.0,78.0,129.0,0.9
2024-11-04 04:00:00,27.2,0.0,81.0,196.0,1.3
2024-11-04 05:00:00,27.4,0.0,79.6,221.0,0.7
2024-11-04 06:00:00,26.9,0.0,79.9,265.0,9.7
2024-11-04 07:00:00,26.8,0.0,79.5,223.0,5.2
2024-11-04 08:00:00,26.8,0.0,76.1,289.0,3.5
2024-11-04 09:00:00,25.6,0.2,86.6,31.0,2.5
2024-11-04 10:00:00,25.8,0.0,85.1,27.0,3.0
2024-11-04 11:00:00,26.5,0.0,82.6,42.0,1.3
2024-11-04 12:00:00,26.6,0.0,82.7,35.0,1.6
2024-11-04 13:00:00,27.7,0.0,78.5,299.0,2.5
2024-11-04 14:00:00,28.9,0.0,73.6,250.0,4.7
2024-11-04 15:00:00,29.2,0.0,72.4,238.0,3.4
2024-11-04 16:00:00,28.6,0.0,72.2,265.0,2.8
2024-11-04 17:00:00,28.8,0.0,71.8,261.0,3.1
2024-11-04 18:00:00,28.6,0.0,72.8,268.0,4.3
2024-11-04 19:00:00,28.6,0.0,68.9,279.0,3.2
2024-11-04 20:00:00,28.6,0.0,70.1,261.0,2.2
2024-11-04 21:00:00,28.7,0.0,69.2,289.0,1.7
2024-11-04 22:00:00,28.0,0.0,73.5,67.0,0.7
2024-11-04 23:00:00,27.7,0.0,75.85,86.0,0.8
2024-11-05 00:00:00,27.4,0.0,78.2,105.0,0.9
2024-11-05 01:00:00,27.5,0.0,77.2,62.0,1.2
2024-11-05 02:00:00,27.2,0.0,79.2,145.0,0.8
2024-11-05 03:00:00,26.8,0.0,82.4,99.0,0.6
2024-11-05 04:00:00,26.8,0.0,82.3,176.0,0.7
2024-11-05 05:00:00,26.9,0.0,82.8,65.0,1.4
2024-11-05 06:00:00,26.8,0.0,83.2,136.0,1.0
2024-11-05 07:00:00,26.6,0.0,83.8,103.0,0.9
2024-11-05 08:00:00,27.8,0.0,80.1,97.0,0.4
2024-11-05 09:00:00,28.4,0.0,78.5,285.0,2.1
2024-11-05 10:00:00,29.4,0.0,74.5,246.0,3.6
2024-11-05 11:00:00,30.2,0.0,69.4,252.0,5.6
2024-11-05 12:00:00,30.4,0.0,71.0,242.0,5.8
2024-11-05 13:00:00,30.7,0.0,69.9,236.0,4.7
2024-11-05 14:00:00,30.7,0.0,68.8,261.0,6.9
2024-11-05 15:00:00,30.5,0.0,68.3,236.0,4.4
2024-11-05 16:00:00,30.3,0.0,68.4,238.0,4.0
2024-11-05 17:00:00,29.8,0.0,67.9,228.0,4.3
2024-11-05 18:00:00,29.7,0.0,68.4,225.0,3.6
2024-11-05 19:00:00,29.7,0.0,68.4,225.0,3.6
2024-11-05 20:00:00,29.7,0.0,68.4,225.0,3.6
2024-11-05 21:00:00,29.7,0.0,68.4,225.0,3.6
2024-11-05 22:00:00,29.7,0.0,68.4,225.0,3.6
2024-11-05 23:00:00,29.7,0.0,68.4,225.0,3.6
2024-11-06 00:00:00,29.7,0.0,68.4,225.0,3.6
2024-11-06 01:00:00,29.7,0.0,68.4,225.0,3.6
2024-11-06 02:00:00,29.7,0.0,68.4,225.0,3.6
2024-11-06 03:00:00,29.7,0.0,68.4,225.0,3.6
2024-11-06 04:00:00,29.7,0.0,68.4,225.0,3.6
2024-11-06 05:00:00,29.7,0.0,68.4,225.0,3.6
2024-11-06 06:00:00,29.7,0.0,68.4,225.0,3.6
2024-11-06 07:00:00,29.7,0.0,68.4,225.0,3.6
2024-11-06 08:00:00,28.7,0.0,72.26666666666667,241.0,4.533333333333333
2024-11-06 09:00:00,27.7,0.0,76.13333333333334,257.0,5.466666666666667
2024-11-06 10:00:00,26.7,0.0,80.0,273.0,6.4
2024-11-06 11:00:00,27.3,0.0,78.2,267.0,4.1
2024-11-06 12:00:00,28.1,0.0,76.4,290.0,3.4
2024-11-06 13:00:00,28.7,0.0,72.9,287.0,4.1
2024-11-06 14:00:00,29.4,0.0,69.0,284.0,5.9
2024-11-06 15:00:00,30.0,0.0,64.2,296.0,4.9
2024-11-06 16:00:00,30.0,0.0,69.9,275.0,4.7
2024-11-06 17:00:00,29.7,0.0,68.9,272.0,5.6
2024-11-06 18:00:00,29.8,0.0,69.6,269.0,3.7
2024-11-06 19:00:00,29.8,0.0,69.6,289.0,2.7
2024-11-06 20:00:00,29.8,0.0,69.6,65.0,1.7
2024-11-06 21:00:00,29.8,0.0,69.6,20.0,2.8
2024-11-06 22:00:00,29.8,0.0,69.6,23.0,2.0
2024-11-06 23:00:00,29.8,0.0,69.6,75.0,1.8
2024-11-07 00:00:00,29.8,0.0,69.6,75.0,1.6
2024-11-07 01:00:00,29.8,0.0,69.6,46.0,4.0
2024-11-07 02:00:00,29.8,0.0,69.6,150.0,1.1
2024-11-07 03:00:00,29.8,0.0,69.6,189.0,1.3
2024-11-07 04:00:00,29.8,0.0,69.6,41.0,1.9
2024-11-07 05:00:00,29.8,0.0,69.6,46.0,2.3
2024-11-07 06:00:00,29.8,0.0,69.6,53.0,3.2
2024-11-07 07:00:00,26.7,0.0,80.4,112.0,1.2
2024-11-07 08:00:00,26.7,0.0,80.6,135.0,0.7
2024-11-07 09:00:00,26.7,0.0,80.6,302.0,3.0
2024-11-07 10:00:00,26.7,0.0,80.6,265.0,7.5
2024-11-07 11:00:00,26.7,0.0,80.6,258.0,9.39999
2024-11-07 12:00:00,26.7,0.0,80.6,292.0,3.8
2024-11-07 13:00:00,26.7,0.0,80.6,249.0,4.7
2024-11-07 14:00:00,26.7,0.0,80.6,241.0,4.8
2024-11-07 15:00:00,29.5,0.0,73.0,246.0,5.0
2024-11-07 16:00:00,29.4,0.0,72.8,238.0,4.2
2024-11-07 17:00:00,29.0,0.0,73.9,264.0,4.2
2024-11-07 18:00:00,29.6,0.0,71.1,292.0,3.0
2024-11-07 19:00:00,29.2,0.0,71.1,295.0,3.3
2024-11-07 20:00:00,28.1,0.0,77.5,46.0,2.1
2024-11-07 21:00:00,27.9,0.0,76.5,122.0,1.1
2024-11-07 22:00:00,27.9,0.0,76.4,103.0,1.3
2024-11-07 23:00:00,27.7,0.0,79.2,187.0,0.6
2024-11-08 00:00:00,27.9,0.0,77.8,100.0,0.7
2024-11-08 01:00:00,26.9,0.0,85.3,56.0,2.2
2024-11-08 02:00:00,27.0,0.0,83.8,159.0,0.8
2024-11-08 03:00:00,27.3,0.0,81.8,73.0,1.3
2024-11-08 04:00:00,27.3,0.0,82.3,39.0,0.9
2024-11-08 05:00:00,27.3,0.0,84.5,52.0,1.3
2024-11-08 06:00:00,27.0,1.0,84.5,302.0,3.0
2024-11-08 07:00:00,24.5,2.2,90.6,270.0,10.7
2024-11-08 08:00:00,24.4,0.4,92.1,155.0,1.4
2024-11-08 09:00:00,23.8,0.2,91.2,298.0,2.0
2024-11-08 10:00:00,25.1,0.0,88.0,191.0,1.6
2024-11-08 11:00:00,27.2,0.0,82.8,294.0,3.5
2024-11-08 12:00:00,28.0,0.0,77.9,305.0,4.5
2024-11-08 13:00:00,28.9,0.0,71.5,277.0,3.9
2024-11-08 14:00:00,29.3,0.0,71.2,263.0,5.0
2024-11-08 15:00:00,30.0,0.0,68.5,256.0,5.9
2024-11-08 16:00:00,29.4,0.0,71.4,256.0,4.9
2024-11-08 17:00:00,30.3,0.0,65.7,276.0,4.5
2024-11-08 18:00:00,30.5,0.0,63.1,287.0,2.9
2024-11-08 19:00:00,29.9,0.0,64.3,299.0,3.8
2024-11-08 20:00:00,29.3,0.0,68.9,298.0,3.2
2024-11-08 21:00:00,29.2,0.0,69.6,292.0,2.9
2024-11-08 22:00:00,28.9,0.0,71.7,321.0,1.0
2024-11-08 23:00:00,28.6,0.0,74.9,8.0,1.1
2024-11-09 00:00:00,28.5,0.0,76.2,22.0,1.7
2024-11-09 01:00:00,28.5,0.0,75.0,57.0,1.6
2024-11-09 02:00:00,28.1,0.0,77.3,29.0,3.0
2024-11-09 03:00:00,27.7,0.0,78.1,34.0,1.8
2024-11-09 04:00:00,27.4,0.0,80.4,48.0,2.1
2024-11-09 05:00:00,27.4,0.0,80.5,54.0,1.6
2024-11-09 06:00:00,27.2,0.0,83.7,55.0,2.0
2024-11-09 07:00:00,27.1,0.0,83.3,69.0,1.7
2024-11-09 08:00:00,27.4,0.0,79.5,62.0,1.7
2024-11-09 09:00:00,28.0,0.0,78.9,38.0,2.4
2024-11-09 10:00:00,29.0,0.0,75.3,28.0,2.1
2024-11-09 11:00:00,30.2,0.0,71.3,303.0,3.8
2024-11-09 12:00:00,30.9,0.0,68.7,287.0,6.6
2024-11-09 13:00:00,30.7,0.0,68.9,278.0,8.8
2024-11-09 14:00:00,30.0,0.0,72.3,275.0,10.2
2024-11-09 15:00:00,30.0,0.0,72.7,292.0,6.4
2024-11-09 16:00:00,29.8,0.0,71.9,294.0,4.1
2024-11-09 17:00:00,28.1,0.0,82.8,67.0,1.6
2024-11-09 18:00:00,28.8,0.0,77.4,170.0,1.1
2024-11-09 19:00:00,28.6,0.0,78.1,5.0,1.6
2024-11-09 20:00:00,28.6,0.0,77.7,153.0,1.0
2024-11-09 21:00:00,28.5,0.0,79.3,129.0,0.9
2024-11-09 22:00:00,28.4,0.0,80.0,276.0,1.3
2024-11-09 23:00:00,27.8,0.0,83.6,343.0,1.8
2024-11-10 00:00:00,27.7,0.0,83.7,18.0,1.8
2024-11-10 01:00:00,27.8,0.0,83.0,38.0,0.9
2024-11-10 02:00:00,27.9,0.0,82.6,15.0,1.7
2024-11-10 03:00:00,27.8,0.0,85.1,29.0,1.4
2024-11-10 04:00:00,27.8,0.0,84.0,37.0,1.5
2024-11-10 05:00:00,24.9,0.8,92.3,22.0,5.6
2024-11-10 06:00:00,26.0,0.0,88.9,295.0,5.0
2024-11-10 07:00:00,27.0,0.0,85.5,295.0,14.1
2024-11-10 08:00:00,26.4,0.0,82.4,292.0,11.3
2024-11-10 09:00:00,25.5,0.0,84.9,72.0,2.0
2024-11-10 10:00:00,25.9,0.0,85.7,27.0,3.0
2024-11-10 11:00:00,27.7,0.0,80.2,76.0,1.7
2024-11-10 12:00:00,29.5,0.0,71.8,302.0,5.6
2024-11-10 13:00:00,30.1,0.0,68.1,288.0,5.5
2024-11-10 14:00:00,30.1,0.0,71.4,273.0,6.7
2024-11-10 15:00:00,29.6,0.0,73.4,266.0,9.3
2024-11-10 16:00:00,30.0,0.0,72.0,277.0,9.2
2024-11-10 17:00:00,30.5,0.0,70.2,287.0,5.7
2024-11-10 18:00:00,30.1,0.0,74.1,289.0,7.2
2024-11-10 19:00:00,29.3,0.0,73.4,57.0,3.4
2024-11-10 20:00:00,27.0,0.0,82.6,60.0,2.9
2024-11-10 21:00:00,26.8,0.0,83.4,57.0,2.9
2024-11-10 22:00:00,27.1,0.0,82.3,60.0,2.5
2024-11-10 23:00:00,26.8,0.0,84.1,137.0,0.8
2024-11-11 00:00:00,26.9,0.0,85.2,39.0,1.6
2024-11-11 01:00:00,26.9,0.0,82.4,118.0,1.0
2024-11-11 02:00:00,27.3,0.0,83.9,19.0,1.4
2024-11-11 03:00:00,26.7,0.0,84.5,156.0,0.9
2024-11-11 04:00:00,26.8,0.0,83.8,126.0,0.8
2024-11-11 05:00:00,26.7,0.0,81.9,65.0,1.9
2024-11-11 06:00:00,26.5,0.0,83.5,138.0,0.9
2024-11-11 07:00:00,26.5,0.0,83.4,153.0,1.0
2024-11-11 08:00:00,27.2,0.0,82.0,85.0,0.8
2024-11-11 09:00:00,28.2,0.0,77.6,71.0,1.4
2024-11-11 10:00:00,29.1,0.0,76.2,270.0,2.8
2024-11-11 11:00:00,29.8,0.0,74.8,265.0,3.5
2024-11-11 12:00:00,30.3,0.0,72.8,274.0,5.8
2024-11-11 13:00:00,31.0,0.0,69.4,279.0,5.4
2024-11-11 14:00:00,30.6,0.0,73.6,280.0,6.8
2024-11-11 15:00:00,30.3,0.0,68.5,274.0,4.2
2024-11-11 16:00:00,30.2,0.0,70.1,263.0,2.1
2024-11-11 17:00:00,29.5,0.0,73.4,161.0,0.6
2024-11-11 18:00:00,29.0,0.0,75.1,131.0,1.3
2024-11-11 19:00:00,28.0,0.0,78.6,181.0,1.1
2024-11-11 20:00:00,28.0,0.0,76.1,118.0,1.0
2024-11-11 21:00:00,28.0,0.0,76.7,266.0,1.2
2024-11-11 22:00:00,27.6,0.0,77.4,181.0,0.9
2024-11-11 23:00:00,27.6,0.0,76.2,237.0,1.4
2024-11-12 00:00:00,27.4,0.0,77.4,209.0,1.2
2024-11-12 01:00:00,27.2,0.0,77.6,217.0,1.0
2024-11-12 02:00:00,27.0,0.0,78.8,224.0,0.7
2024-11-12 03:00:00,26.9,0.0,80.0,181.0,1.1
2024-11-12 04:00:00,26.9,0.0,81.0,170.0,1.2
2024-11-12 05:00:00,26.5,0.0,85.2,172.0,1.1
2024-11-12 06:00:00,26.7,0.0,80.4,155.0,1.5
2024-11-12 07:00:00,27.3,0.0,82.7,299.0,4.1
2024-11-12 08:00:00,27.8,0.0,82.6,305.0,4.8
2024-11-12 09:00:00,27.3,0.2,83.7,288.0,9.60001
2024-11-12 10:00:00,27.0,0.0,85.6,224.0,5.5
2024-11-12 11:00:00,27.0,0.0,85.1,249.0,3.1
2024-11-12 12:00:00,28.5,0.0,78.1,288.0,2.9
2024-11-12 13:00:00,29.3,0.0,74.3,275.0,3.5
2024-11-12 14:00:00,30.7,0.0,68.9,289.0,7.3
2024-11-12 15:00:00,31.2,0.0,62.8,294.0,8.39999
2024-11-12 16:00:00,30.1,0.0,71.0,276.0,9.39999
2024-11-12 17:00:00,30.0,0.0,69.1,275.0,9.39999
2024-11-12 18:00:00,29.9,0.0,70.1,270.0,6.2
2024-11-12 19:00:00,29.7,0.0,70.1,283.0,4.5
2024-11-12 20:00:00,29.6,0.0,70.5,270.0,3.7
2024-11-12 21:00:00,29.6,0.0,71.2,281.0,1.9
2024-11-12 22:00:00,29.1,0.0,74.5,24.0,2.3
2024-11-12 23:00:00,28.5,0.0,76.8,134.0,0.6
2024-11-13 00:00:00,27.9,0.0,81.3,52.0,1.8
2024-11-13 01:00:00,27.6,0.0,82.7,100.0,0.9
2024-11-13 02:00:00,27.2,0.0,85.9,63.0,2.1
2024-11-13 03:00:00,27.4,0.0,82.4,45.0,2.3
2024-11-13 04:00:00,26.8,0.0,84.3,76.0,1.8
2024-11-13 05:00:00,26.9,0.0,81.8,83.0,1.4
2024-11-13 06:00:00,26.9,0.0,81.5,105.0,0.9
2024-11-13 07:00:00,27.0,0.0,85.5,84.0,1.2
2024-11-13 08:00:00,27.7,0.0,79.2,56.0,1.7
2024-11-13 09:00:00,28.1,0.0,78.8,37.0,2.2
2024-11-13 10:00:00,28.8,0.0,73.0,300.0,3.2
2024-11-13 11:00:00,29.0,0.0,74.8,303.0,4.8
2024-11-13 12:00:00,28.6,0.0,78.0,80.0,1.9
2024-11-13 13:00:00,29.7,0.0,69.8,294.0,5.2
2024-11-13 14:00:00,30.3,0.0,70.7,300.0,3.3
2024-11-13 15:00:00,29.5,0.0,72.7,283.0,6.3
2024-11-13 16:00:00,26.5,0.2,85.7,215.0,5.7
2024-11-13 17:00:00,27.3,0.0,83.2,73.0,1.2
2024-11-13 18:00:00,26.5,0.0,83.2,31.0,3.1
2024-11-13 19:00:00,26.6,0.0,79.4,46.0,2.6
2024-11-13 20:00:00,26.8,0.0,77.1,189.0,0.9
2024-11-13 21:00:00,26.7,0.0,79.8,54.0,2.4
2024-11-13 22:00:00,26.6,0.0,80.7,58.0,2.0
2024-11-13 23:00:00,27.1,0.0,77.3,33.0,2.5
2024-11-14 00:00:00,27.2,0.0,77.3,37.0,1.9
2024-11-14 01:00:00,26.1,0.0,84.7,58.0,2.2
2024-11-14 02:00:00,26.6,0.0,81.6,27.0,2.0
2024-11-14 03:00:00,26.4,0.0,81.5,38.0,1.3
2024-11-14 04:00:00,26.4,0.0,82.4,62.0,2.1
2024-11-14 05:00:00,26.2,0.0,81.3,13.0,2.7
2024-11-14 06:00:00,26.2,0.0,84.9,28.0,1.8
2024-11-14 07:00:00,26.4,0.0,84.5,26.0,1.5
2024-11-14 08:00:00,27.0,0.0,81.5,21.0,2.4
2024-11-14 09:00:00,27.4,0.0,80.8,27.0,2.4
2024-11-14 10:00:00,28.4,0.0,76.3,39.0,2.6
2024-11-14 11:00:00,29.8,0.0,72.3,303.0,4.2
2024-11-14 12:00:00,30.7,0.0,68.0,299.0,4.0
2024-11-14 13:00:00,30.5,0.0,68.5,279.0,7.4
2024-11-14 14:00:00,30.0,0.0,71.3,246.0,4.2
2024-11-14 15:00:00,29.2,0.0,73.0,237.0,2.2
2024-11-14 16:00:00,24.5,0.0,93.5,85.0,1.8
2024-11-14 17:00:00,26.2,0.0,88.1,242.0,2.5
2024-11-14 18:00:00,27.3,0.0,82.2,18.0,1.7
2024-11-14 19:00:00,26.5,0.0,85.1,65.0,2.3
2024-11-14 20:00:00,26.4,0.0,85.5,46.0,2.5
2024-11-14 21:00:00,26.7,0.0,85.1,310.0,0.8
2024-11-14 22:00:00,26.799999999999997,0.0,84.44999999999999,235.0,1.15
2024-11-14 23:00:00,26.9,0.0,83.8,160.0,1.5
2024-11-15 00:00:00,26.6,0.0,85.8,179.0,0.9
2024-11-15 01:00:00,27.2,0.0,84.4,18.0,1.8
2024-11-15 02:00:00,27.0,0.0,86.7,9.0,1.9
2024-11-15 03:00:00,26.7,0.0,83.7,182.0,0.9
2024-11-15 04:00:00,26.5,0.0,85.5,139.0,1.3
2024-11-15 05:00:00,26.6,0.0,86.5,62.0,0.7
2024-11-15 06:00:00,26.9,0.0,85.9,29.0,1.0
2024-11-15 07:00:00,26.8,0.0,84.3,31.0,0.9
2024-11-15 08:00:00,27.3,0.0,83.7,30.0,1.7
2024-11-15 09:00:00,28.1,0.0,80.3,318.0,2.1
2024-11-15 10:00:00,29.0,0.0,74.4,299.0,3.2
2024-11-15 11:00:00,29.8,0.0,67.9,279.0,2.9
2024-11-15 12:00:00,30.6,0.0,65.6,287.0,4.8
2024-11-15 13:00:00,30.2,0.0,74.4,268.0,8.60001
2024-11-15 14:00:00,30.5,0.0,71.3,277.0,8.8
2024-11-15 15:00:00,30.5,0.0,69.3,254.0,4.7
2024-11-15 16:00:00,30.3,0.0,68.5,264.0,3.9
2024-11-15 17:00:00,29.9,0.0,70.9,270.0,2.9
2024-11-15 18:00:00,28.0,0.0,80.9,45.0,1.5
2024-11-15 19:00:00,27.6,0.0,81.6,47.0,3.3
2024-11-15 20:00:00,27.8,0.0,82.4,149.0,1.1
2024-11-15 21:00:00,27.5,0.0,78.8,228.0,1.2
2024-11-15 22:00:00,27.3,0.0,82.8,45.0,1.5
2024-11-15 23:00:00,27.5,0.0,81.9,350.0,1.7
2024-11-16 00:00:00,26.9,0.0,81.7,85.0,1.0
2024-11-16 01:00:00,26.8,0.0,82.6,106.0,1.1
2024-11-16 02:00:00,26.8,0.0,83.6,75.0,1.4
2024-11-16 03:00:00,26.6,0.0,82.1,20.0,2.4
2024-11-16 04:00:00,26.5,0.0,82.6,28.0,2.9
2024-11-16 05:00:00,26.8,0.0,80.7,18.0,2.8
2024-11-16 06:00:00,26.1,0.0,83.0,111.0,1.0
2024-11-16 07:00:00,26.3,0.0,79.9,160.0,0.9
2024-11-16 08:00:00,27.0,0.0,81.6,52.0,2.3
2024-11-16 09:00:00,27.9,0.0,76.2,25.0,2.6
2024-11-16 10:00:00,29.2,0.0,71.4,22.0,2.2
2024-11-16 11:00:00,30.1,0.0,66.9,307.0,4.1
2024-11-16 12:00:00,31.0,0.0,64.0,291.0,5.7
2024-11-16 13:00:00,30.9,0.0,64.6,278.0,9.10001
2024-11-16 14:00:00,30.3,0.0,68.2,261.0,7.8
2024-11-16 15:00:00,30.2,0.0,67.4,240.0,2.4
2024-11-16 16:00:00,24.5,0.6,91.9,6.0,1.2
2024-11-16 17:00:00,24.7,0.2,93.0,271.0,1.8
2024-11-16 18:00:00,25.2,0.0,92.4,119.0,0.8
2024-11-16 19:00:00,25.7,0.0,91.5,38.0,2.0
2024-11-16 20:00:00,26.3,0.0,90.0,44.0,1.5
2024-11-16 21:00:00,25.8,0.0,89.2,144.0,1.2
2024-11-16 22:00:00,26.1,0.0,87.9,113.0,1.3
2024-11-16 23:00:00,26.3,0.0,86.7,62.0,2.2
2024-11-17 00:00:00,26.4,0.0,87.7,55.0,1.6
2024-11-17 01:00:00,26.3,0.0,85.3,61.0,2.0
2024-11-17 02:00:00,27.1,0.0,79.4,20.0,3.1
2024-11-17 03:00:00,27.2,0.0,78.9,302.0,3.1
2024-11-17 04:00:00,26.6,0.0,81.9,26.0,4.4
2024-11-17 05:00:00,25.8,0.0,87.8,31.0,2.9
2024-11-17 06:00:00,25.6,0.0,88.7,27.0,2.8
2024-11-17 07:00:00,26.2,0.0,84.7,18.0,2.9
2024-11-17 08:00:00,26.6,0.0,83.2,25.0,2.1
2024-11-17 09:00:00,26.9,0.0,81.5,33.0,2.6
2024-11-17 10:00:00,28.8,0.0,73.9,64.0,1.7
2024-11-17 11:00:00,30.1,0.0,69.7,310.0,4.3
2024-11-17 12:00:00,29.2,0.0,73.1,271.0,9.10001
2024-11-17 13:00:00,29.3,0.0,76.4,259.0,10.5
2024-11-17 14:00:00,29.6,0.0,74.4,289.0,7.9
2024-11-17 15:00:00,24.3,0.2,93.5,34.0,2.2
2024-11-17 16:00:00,25.2,0.2,91.4,344.0,3.0
2024-11-17 17:00:00,26.0,0.0,89.5,29.0,3.8
2024-11-17 18:00:00,26.5,0.0,88.0,47.0,2.9
2024-11-17 19:00:00,26.1,0.0,87.5,60.0,2.8
2024-11-17 20:00:00,26.4,0.0,84.8,41.0,2.2
2024-11-17 21:00:00,26.3,0.0,83.6,52.0,2.0
2024-11-17 22:00:00,26.4,0.0,83.3,66.0,2.2
2024-11-17 23:00:00,26.2,0.0,85.1,51.0,3.2
2024-11-18 00:00:00,26.4,0.0,86.5,16.0,3.9
2024-11-18 01:00:00,26.5,0.0,85.6,23.0,2.8
2024-11-18 02:00:00,26.5,0.0,85.2,17.0,2.8
2024-11-18 03:00:00,26.5,0.0,84.2,30.0,2.3
2024-11-18 04:00:00,26.3,0.0,85.1,45.0,2.6
2024-11-18 05:00:00,26.2,0.0,83.7,53.0,3.2
2024-11-18 06:00:00,26.2,0.0,84.6,28.0,2.3
2024-11-18 07:00:00,25.9,0.0,87.2,35.0,2.4
2024-11-18 08:00:00,26.2,0.0,85.1,25.0,1.9
2024-11-18 09:00:00,27.2,0.0,79.5,27.0,2.1
2024-11-18 10:00:00,28.0,0.0,78.1,30.0,3.0
2024-11-18 11:00:00,28.8,0.0,75.6,24.0,3.0
2024-11-18 12:00:00,29.4,0.0,73.1,31.0,2.8
2024-11-18 13:00:00,29.8,0.0,70.0,22.0,3.3
2024-11-18 14:00:00,30.0,0.0,69.1,32.0,2.4
2024-11-18 15:00:00,25.9,0.0,88.3,39.0,2.9
2024-11-18 16:00:00,25.7,0.0,88.9,53.0,1.5
2024-11-18 17:00:00,26.5,0.0,88.1,277.0,1.4
2024-11-18 18:00:00,26.5,0.0,84.5,227.0,1.1
2024-11-18 19:00:00,26.3,0.0,85.9,93.0,1.3
2024-11-18 20:00:00,26.1,0.0,87.4,118.0,1.1
2024-11-18 21:00:00,26.0,0.0,88.4,141.0,1.1
2024-11-18 22:00:00,25.9,0.0,88.3,90.0,1.2
2024-11-18 23:00:00,25.9,0.0,85.8,102.0,1.1
2024-11-19 00:00:00,26.3,0.0,84.8,23.0,2.7
2024-11-19 01:00:00,26.2,0.0,84.0,217.0,0.8
2024-11-19 02:00:00,26.1,0.0,85.0,329.0,1.4
2024-11-19 03:00:00,26.1,0.0,84.4,18.0,3.1
2024-11-19 04:00:00,25.8,0.0,87.0,15.0,3.0
2024-11-19 05:00:00,25.9,0.0,87.2,20.0,1.4
2024-11-19 06:00:00,25.9,0.0,87.3,117.0,1.3
2024-11-19 07:00:00,25.4,0.2,90.4,200.0,1.4
2024-11-19 08:00:00,25.4,0.2,91.7,174.0,0.8
2024-11-19 09:00:00,25.4,0.0,92.0,162.0,1.2
2024-11-19 10:00:00,26.1,0.0,89.1,91.0,1.6
2024-11-19 11:00:00,27.6,0.0,82.7,161.0,0.9
2024-11-19 12:00:00,28.3,0.0,79.2,67.0,1.9
2024-11-19 13:00:00,28.8,0.0,75.5,36.0,2.3
2024-11-19 14:00:00,29.4,0.0,75.7,67.0,2.4
2024-11-19 15:00:00,28.6,0.0,76.1,39.0,3.7
2024-11-19 16:00:00,28.8,0.0,73.7,49.0,2.8
2024-11-19 17:00:00,25.1,1.2,88.8,13.0,3.8
2024-11-19 18:00:00,24.8,0.0,93.4,52.0,2.6
2024-11-19 19:00:00,25.9,0.0,89.7,97.0,1.3
2024-11-19 20:00:00,26.1,0.0,88.2,61.0,1.3
2024-11-19 21:00:00,26.5,0.0,88.4,43.0,2.3
2024-11-19 22:00:00,26.7,0.0,87.6,26.0,2.2
2024-11-19 23:00:00,26.6,0.0,87.6,41.0,2.0
2024-11-20 00:00:00,26.6,0.0,86.5,18.0,2.7
2024-11-20 01:00:00,26.5,0.0,85.4,38.0,2.7
2024-11-20 02:00:00,26.2,0.0,86.4,32.0,2.8
2024-11-20 03:00:00,26.2,0.0,86.6,29.0,2.6
2024-11-20 04:00:00,26.1,0.0,86.5,29.0,3.1
2024-11-20 05:00:00,25.7,0.0,88.4,59.0,3.0
2024-11-20 06:00:00,25.7,0.0,87.5,21.0,2.2
2024-11-20 07:00:00,25.1,0.0,90.4,13.0,3.1
2024-11-20 08:00:00,25.0,0.0,91.5,10.0,3.5
2024-11-20 09:00:00,25.3,0.0,90.2,27.0,2.4
2024-11-20 10:00:00,25.9,0.0,88.4,27.0,2.0
2024-11-20 11:00:00,26.6,0.0,86.0,32.0,2.7
2024-11-20 12:00:00,27.2,0.0,83.4,21.0,2.5
2024-11-20 13:00:00,28.5,0.0,76.7,44.0,2.5
2024-11-20 14:00:00,28.8,0.0,75.5,32.0,3.9
2024-11-20 15:00:00,28.6,0.0,75.5,56.0,2.9
2024-11-20 16:00:00,29.1,0.0,72.9,47.0,2.6
2024-11-20 17:00:00,28.9,0.0,72.3,79.0,2.1
2024-11-20 18:00:00,28.0,0.0,75.0,51.0,3.1
2024-11-20 19:00:00,27.5,0.0,76.3,97.0,1.5
2024-11-20 20:00:00,27.2,0.0,77.8,56.0,2.8
2024-11-20 21:00:00,26.8,0.0,80.9,47.0,3.4
2024-11-20 22:00:00,26.9,0.0,82.2,33.0,3.2
2024-11-20 23:00:00,26.7,0.0,83.7,26.0,2.9
2024-11-21 00:00:00,26.7,0.0,83.6,39.0,1.6
2024-11-21 01:00:00,26.5,0.0,84.0,178.0,1.1
2024-11-21 02:00:00,26.2,0.0,84.5,60.0,2.1
2024-11-21 03:00:00,26.0,0.0,86.0,197.0,1.1
2024-11-21 04:00:00,26.0,0.0,86.7,96.0,1.8
2024-11-21 05:00:00,25.9,0.0,86.3,147.0,1.4
2024-11-21 06:00:00,25.9,0.0,87.4,130.0,1.0
2024-11-21 07:00:00,25.9,0.0,86.8,16.0,1.2
2024-11-21 08:00:00,26.5,0.0,85.3,37.0,2.4
2024-11-21 09:00:00,26.9,0.0,83.6,20.0,3.0
2024-11-21 10:00:00,28.0,0.0,79.1,41.0,1.9
2024-11-21 11:00:00,29.2,0.0,71.7,29.0,3.6
2024-11-21 12:00:00,29.4,0.0,73.2,265.0,3.8
2024-11-21 13:00:00,29.8,0.0,68.6,255.0,4.8
2024-11-21 14:00:00,30.5,0.0,68.3,244.0,4.4
2024-11-21 15:00:00,29.9,0.0,70.7,234.0,4.3
2024-11-21 16:00:00,27.9,0.0,78.0,298.0,3.8
2024-11-21 17:00:00,26.7,0.0,86.1,48.0,2.6
2024-11-21 18:00:00,25.5,0.0,89.9,60.0,3.6
2024-11-21 19:00:00,25.3,0.0,90.5,57.0,2.3
2024-11-21 20:00:00,25.9,0.0,87.6,21.0,2.1
2024-11-21 21:00:00,25.9,0.0,87.6,44.0,2.5
2024-11-21 22:00:00,25.8,0.0,88.5,35.0,0.9
2024-11-21 23:00:00,26.2,0.0,87.4,226.0,0.9
2024-11-22 00:00:00,26.4,0.0,84.9,38.0,1.9
2024-11-22 01:00:00,26.8,0.0,81.9,18.0,2.9
2024-11-22 02:00:00,26.6,0.0,81.6,17.0,2.8
2024-11-22 03:00:00,26.2,0.0,87.1,32.0,1.7
2024-11-22 04:00:00,26.1,0.0,86.6,19.0,1.8
2024-11-22 05:00:00,25.9,0.0,87.9,29.0,2.0
2024-11-22 06:00:00,25.9,0.0,87.9,43.0,2.4
2024-11-22 07:00:00,25.8,0.0,88.2,21.0,2.1
2024-11-22 08:00:00,25.9,0.0,88.6,23.0,2.4
2024-11-22 09:00:00,26.6,0.0,86.1,23.0,2.3
2024-11-22 10:00:00,27.4,0.0,81.5,56.0,2.7
2024-11-22 11:00:00,28.5,0.0,77.1,30.0,2.6
2024-11-22 12:00:00,29.9,0.0,72.7,309.0,3.3
2024-11-22 13:00:00,30.3,0.0,68.3,298.0,4.0
2024-11-22 14:00:00,30.1,0.0,74.2,266.0,6.4
2024-11-22 15:00:00,30.3,0.0,72.4,280.0,9.2
2024-11-22 16:00:00,28.7,0.0,73.1,85.0,2.2
2024-11-22 17:00:00,26.3,0.0,88.0,49.0,1.7
2024-11-22 18:00:00,25.6,0.2,89.7,29.0,2.0
2024-11-22 19:00:00,25.6,0.0,90.5,57.0,1.0
2024-11-22 20:00:00,25.5,0.0,89.2,55.0,3.3
2024-11-22 21:00:00,25.2,0.0,90.7,52.0,2.6
2024-11-22 22:00:00,25.7,0.0,90.5,51.0,3.1
2024-11-22 23:00:00,25.5,0.2,90.0,57.0,2.1
2024-11-23 00:00:00,25.2,0.0,91.3,49.0,2.9
2024-11-23 01:00:00,25.0,0.0,90.8,52.0,3.3
2024-11-23 02:00:00,25.1,0.0,89.0,57.0,4.4
2024-11-23 03:00:00,25.0,0.0,86.4,61.0,2.5
2024-11-23 04:00:00,24.9,0.0,88.1,234.0,0.8
2024-11-23 05:00:00,25.2,0.0,86.5,258.0,1.3
2024-11-23 06:00:00,24.8,0.0,88.2,127.0,1.0
2024-11-23 07:00:00,25.1,0.0,86.8,205.0,0.8
2024-11-23 08:00:00,25.7,0.0,86.6,85.0,1.2
2024-11-23 09:00:00,27.1,0.0,81.4,135.0,1.8
2024-11-23 10:00:00,27.9,0.0,70.6,297.0,2.5
2024-11-23 11:00:00,28.8,0.0,67.6,291.0,3.5
2024-11-23 12:00:00,29.9,0.0,68.1,305.0,4.5
2024-11-23 13:00:00,30.6,0.0,65.4,302.0,5.2
2024-11-23 14:00:00,30.3,0.0,69.2,270.0,6.6
2024-11-23 15:00:00,31.3,0.0,64.9,275.0,6.2
2024-11-23 16:00:00,27.5,0.0,78.4,95.0,1.4
2024-11-23 17:00:00,27.9,0.0,79.1,54.0,2.0
2024-11-23 18:00:00,27.7,0.0,80.4,47.0,3.4
2024-11-23 19:00:00,27.5,0.0,79.7,77.0,1.5
2024-11-23 20:00:00,27.5,0.0,78.9,202.0,0.8
2024-11-23 21:00:00,27.2,0.0,86.0,28.0,2.7
2024-11-23 22:00:00,27.2,0.0,85.0,29.0,2.0
2024-11-23 23:00:00,27.2,0.0,84.7,43.0,2.2
2024-11-24 00:00:00,27.1,0.0,85.0,45.0,2.8
2024-11-24 01:00:00,27.0,0.0,85.3,27.0,2.4
2024-11-24 02:00:00,26.8,0.0,85.8,32.0,2.5
2024-11-24 03:00:00,26.6,0.0,85.3,16.0,3.2
2024-11-24 04:00:00,26.4,0.0,85.7,48.0,2.4
2024-11-24 05:00:00,26.5,0.0,85.5,12.0,1.9
2024-11-24 06:00:00,26.8,0.0,82.5,42.0,1.6
2024-11-24 07:00:00,26.6,0.0,84.3,30.0,2.1
2024-11-24 08:00:00,26.6,0.0,84.1,30.0,3.2
2024-11-24 09:00:00,27.2,0.0,82.9,111.0,1.2
2024-11-24 10:00:00,29.0,0.0,75.6,188.0,0.8
2024-11-24 11:00:00,29.8,0.0,71.1,84.0,1.4
2024-11-24 12:00:00,30.5,0.0,67.0,353.0,4.0
2024-11-24 13:00:00,30.2,0.0,68.8,42.0,3.1
2024-11-24 14:00:00,30.6,0.0,67.4,31.0,3.9
2024-11-24 15:00:00,26.2,3.6,92.8,219.0,1.6
2024-11-24 16:00:00,24.9,3.0,94.7,288.0,11.6
2024-11-24 17:00:00,24.1,0.2,95.4,324.0,3.8
2024-11-24 18:00:00,23.9,0.0,95.6,257.0,3.1
2024-11-24 19:00:00,25.1,0.0,95.0,229.0,2.0
2024-11-24 20:00:00,26.3,0.0,88.0,351.0,0.9
2024-11-24 21:00:00,26.0,0.0,89.6,350.0,0.8
2024-11-24 22:00:00,25.7,0.0,88.7,104.0,1.3
2024-11-24 23:00:00,26.1,0.0,86.5,29.0,2.0
2024-11-25 00:00:00,26.2,0.0,84.7,272.0,1.3
2024-11-25 01:00:00,26.2,0.0,87.7,40.0,1.4
2024-11-25 02:00:00,26.4,0.0,88.5,338.0,1.5
2024-11-25 03:00:00,26.4,0.0,86.9,12.0,1.7
2024-11-25 04:00:00,26.4,0.0,87.9,280.0,1.8
2024-11-25 05:00:00,26.1,0.0,90.8,261.0,0.7
2024-11-25 06:00:00,26.4,0.0,88.4,17.0,1.8
2024-11-25 07:00:00,25.7,1.0,92.6,200.0,1.0
2024-11-25 08:00:00,26.1,0.0,93.2,315.0,3.0
2024-11-25 09:00:00,26.5,0.0,90.2,323.0,1.5
2024-11-25 10:00:00,27.0,0.0,87.2,22.0,1.6
2024-11-25 11:00:00,27.9,0.0,86.0,312.0,1.3
2024-11-25 12:00:00,28.1,0.0,82.9,228.0,1.9
2024-11-25 13:00:00,28.7,0.0,80.9,232.0,2.1
2024-11-25 14:00:00,30.0,0.0,75.5,225.0,2.8
2024-11-25 15:00:00,29.7,0.0,69.9,157.0,0.9
2024-11-25 16:00:00,29.1,0.0,72.9,65.0,2.1
2024-11-25 17:00:00,27.8,0.0,75.6,66.0,1.7
2024-11-25 18:00:00,28.5,0.0,72.8,134.0,1.0
2024-11-25 19:00:00,27.5,0.0,79.6,47.0,2.5
2024-11-25 20:00:00,27.4,0.0,81.8,62.0,1.9
2024-11-25 21:00:00,27.5,0.0,83.0,53.0,2.5
2024-11-25 22:00:00,27.7,0.0,82.0,67.0,2.0
2024-11-25 23:00:00,27.2,0.0,84.6,183.0,1.2
2024-11-26 00:00:00,27.0,0.0,85.8,125.0,1.2
2024-11-26 01:00:00,26.8,0.0,86.9,12.0,3.1
2024-11-26 02:00:00,26.7,0.0,86.7,24.0,2.3
2024-11-26 03:00:00,26.6,0.0,88.1,17.0,2.1
2024-11-26 04:00:00,26.0,0.0,89.7,33.0,2.1
2024-11-26 05:00:00,26.1,0.0,88.9,358.0,1.8
2024-11-26 06:00:00,26.3,0.0,88.1,1.0,2.4
2024-11-26 07:00:00,26.5,0.0,88.0,20.0,2.1
2024-11-26 08:00:00,26.6,0.0,86.8,37.0,1.4
2024-11-26 09:00:00,26.9,0.0,84.3,48.0,2.0
2024-11-26 10:00:00,27.8,0.0,80.3,46.0,0.9
2024-11-26 11:00:00,29.1,0.0,75.6,303.0,3.1
2024-11-26 12:00:00,29.8,0.0,72.8,269.0,4.4
2024-11-26 13:00:00,29.4,0.0,73.4,29.0,2.5
2024-11-26 14:00:00,27.3,0.2,86.5,143.0,1.0
2024-11-26 15:00:00,24.8,0.2,89.3,77.0,3.5
2024-11-26 16:00:00,25.0,0.0,85.2,29.0,2.8
2024-11-26 17:00:00,24.2,0.0,91.3,54.0,2.8
2024-11-26 18:00:00,24.3,0.2,93.5,57.0,2.2
2024-11-26 19:00:00,24.7,0.0,92.7,124.0,0.8
2024-11-26 20:00:00,25.0,0.0,93.1,48.0,2.2
2024-11-26 21:00:00,25.2,0.0,92.0,44.0,2.2
2024-11-26 22:00:00,25.7,0.0,85.9,60.0,2.6
2024-11-26 23:00:00,25.7,0.0,86.0,97.0,1.2
2024-11-27 00:00:00,25.6,0.0,86.2,46.0,2.2
2024-11-27 01:00:00,25.6,0.0,89.5,96.0,1.0
2024-11-27 02:00:00,25.9,0.0,88.0,42.0,1.5
2024-11-27 03:00:00,25.8,0.0,88.2,42.0,1.7
2024-11-27 04:00:00,25.9,0.0,85.8,46.0,2.7
2024-11-27 05:00:00,26.2,0.0,86.6,24.0,2.5
2024-11-27 06:00:00,26.2,0.0,86.1,25.0,2.0
2024-11-27 07:00:00,26.1,0.0,86.5,66.0,3.0
2024-11-27 08:00:00,26.1,0.0,86.2,52.0,4.2
2024-11-27 09:00:00,26.6,0.0,83.7,80.0,2.6
2024-11-27 10:00:00,27.5,0.0,78.9,131.0,1.3
2024-11-27 11:00:00,27.3,0.0,83.9,277.0,10.8
2024-11-27 12:00:00,27.5,0.0,81.9,283.0,9.3
2024-11-27 13:00:00,29.3,0.0,73.1,301.0,8.10001
2024-11-27 14:00:00,28.3,0.0,80.1,296.0,10.8
2024-11-27 15:00:00,27.7,0.0,82.1,270.0,7.1
2024-11-27 16:00:00,27.6,0.0,85.2,306.0,4.0
2024-11-27 17:00:00,26.5,0.2,89.5,40.0,2.4
2024-11-27 18:00:00,26.1,0.0,93.1,43.0,2.1
2024-11-27 19:00:00,25.9,0.0,86.3,286.0,1.7
2024-11-27 20:00:00,26.3,0.0,79.4,28.0,2.6
2024-11-27 21:00:00,26.3,0.0,80.4,28.0,1.9
2024-11-27 22:00:00,26.4,0.0,82.3,93.0,1.5
2024-11-27 23:00:00,26.2,0.0,86.8,64.0,2.3
2024-11-28 00:00:00,26.2,0.0,86.9,75.0,1.2
2024-11-28 01:00:00,25.1,0.0,90.6,97.0,1.3
2024-11-28 02:00:00,24.6,0.0,92.0,146.0,1.0
2024-11-28 03:00:00,24.5,0.0,92.8,8.0,0.7
2024-11-28 04:00:00,24.5,0.0,93.5,92.0,1.0
2024-11-28 05:00:00,24.5,0.0,93.6,218.0,0.7
2024-11-28 06:00:00,24.7,0.0,92.1,51.0,0.9
2024-11-28 07:00:00,24.8,0.0,93.1,83.0,0.6
2024-11-28 08:00:00,25.3,0.0,93.4,105.0,1.1
2024-11-28 09:00:00,26.0,0.0,87.9,170.0,1.8
2024-11-28 10:00:00,26.0,0.0,87.5,198.0,1.0
2024-11-28 11:00:00,25.7,0.0,94.2,71.0,2.0
2024-11-28 12:00:00,26.5,0.0,86.2,123.0,1.3
2024-11-28 13:00:00,26.9,0.0,85.7,54.0,2.1
2024-11-28 14:00:00,26.6,0.0,89.3,298.0,5.5
2024-11-28 15:00:00,25.9,0.8,90.4,246.0,4.1
2024-11-28 16:00:00,26.3,0.0,88.2,256.0,1.9
2024-11-28 17:00:00,27.3,0.0,82.4,298.0,2.0
2024-11-28 18:00:00,27.033333333333335,0.0,83.9,293.3333333333333,1.7
2024-11-28 19:00:00,26.766666666666666,0.0,85.4,288.6666666666667,1.4
2024-11-28 20:00:00,26.5,0.0,86.9,284.0,1.1
2024-11-28 21:00:00,26.5,0.0,87.65,217.0,1.3
2024-11-28 22:00:00,26.5,0.0,88.4,150.0,1.5
2024-11-28 23:00:00,26.5,0.0,89.15,82.99999999999997,1.7
2024-11-29 00:00:00,26.5,0.0,89.9,16.0,1.9
2024-11-29 01:00:00,26.271428571428572,0.0,90.44285714285715,57.285714285714285,2.0
2024-11-29 02:00:00,26.04285714285714,0.0,90.9857142857143,98.57142857142857,2.1
2024-11-29 03:00:00,25.814285714285713,0.0,91.52857142857144,139.85714285714286,2.2
2024-11-29 04:00:00,25.585714285714285,0.0,92.07142857142857,181.14285714285714,2.3
2024-11-29 05:00:00,25.357142857142858,0.0,92.61428571428571,222.42857142857144,2.4
2024-11-29 06:00:00,25.128571428571426,0.0,93.15714285714286,263.7142857142857,2.5
2024-11-29 07:00:00,24.9,0.2,93.7,305.0,2.6
2024-11-29 08:00:00,25.0,0.2,91.5,300.0,2.1
2024-11-29 09:00:00,24.9,0.2,93.1,278.0,10.3
2024-11-29 10:00:00,24.7,0.4,94.0,24.0,2.5
2024-11-29 11:00:00,24.9,0.0,94.1,36.0,3.0
2024-11-29 12:00:00,25.0,0.0,89.7,47.0,4.1
2024-11-29 13:00:00,25.333333333333332,0.0,88.2,47.0,3.433333333333333
2024-11-29 14:00:00,25.666666666666668,0.0,86.7,47.0,2.7666666666666666
2024-11-29 15:00:00,26.0,0.0,85.2,47.0,2.1
2024-11-29 16:00:00,26.6,0.0,82.2,308.0,2.5
2024-11-29 17:00:00,26.6,0.0,81.9,294.0,4.1
2024-11-29 18:00:00,26.6,0.0,81.5,324.0,1.5
2024-11-29 19:00:00,26.2,0.0,80.5,33.0,3.2
2024-11-29 20:00:00,26.2,0.0,80.9,37.0,3.6
2024-11-29 21:00:00,26.3,0.0,80.0,56.0,2.1
2024-11-29 22:00:00,26.1,0.0,81.7,26.0,3.0
2024-11-29 23:00:00,25.5,0.0,88.0,27.0,4.3
2024-11-30 00:00:00,25.6,0.0,84.3,23.0,4.9
2024-11-30 01:00:00,25.6,0.0,84.5,26.0,2.3
2024-11-30 02:00:00,25.9,0.0,79.7,43.0,6.2
2024-11-30 03:00:00,25.5,0.0,83.9,30.0,3.7
2024-11-30 04:00:00,25.9,0.0,80.0,32.0,4.9
2024-11-30 05:00:00,25.6,0.0,81.7,21.0,4.4
2024-11-30 06:00:00,25.7,0.0,82.1,23.0,2.5
2024-11-30 07:00:00,25.2,0.0,84.0,178.0,1.6
2024-11-30 08:00:00,25.9,0.0,80.5,158.0,1.0
2024-11-30 09:00:00,26.8,0.0,75.9,190.0,1.1
2024-11-30 10:00:00,28.1,0.0,69.4,144.0,0.9
2024-11-30 11:00:00,28.2,0.0,72.6,32.0,2.1
2024-11-30 12:00:00,29.3,0.0,67.0,308.0,3.4
2024-11-30 13:00:00,29.3,0.0,68.7,264.0,4.4
2024-11-30 14:00:00,29.9,0.0,70.6,257.0,5.0
2024-11-30 15:00:00,30.4,0.0,66.9,275.0,5.4
2024-11-30 16:00:00,30.4,0.0,62.1,261.0,4.2
2024-11-30 17:00:00,31.4,0.0,63.7,266.0,5.2
2024-11-30 18:00:00,30.5,0.0,63.6,280.0,6.2
2024-11-30 19:00:00,30.3,0.0,63.5,252.0,1.7
2024-11-30 20:00:00,30.1,0.0,66.9,302.0,3.6
2024-11-30 21:00:00,29.3,0.0,68.1,52.0,1.0
2024-11-30 22:00:00,28.7,0.0,75.1,56.0,1.8
2024-11-30 23:00:00,28.0,0.0,80.1,57.0,1.8
2024-12-01 00:00:00,27.4,0.0,81.8,106.0,1.1
2024-12-01 01:00:00,27.2,0.0,83.6,47.0,2.9
2024-12-01 02:00:00,27.4,0.0,84.3,36.0,2.6
2024-12-01 03:00:00,27.0,0.0,84.6,10.0,2.4
2024-12-01 04:00:00,27.4,0.0,82.4,41.0,1.9
2024-12-01 05:00:00,26.4,0.0,78.7,298.0,7.2
2024-12-01 06:00:00,27.4,0.0,77.3,304.0,5.4
2024-12-01 07:00:00,26.9,0.0,81.3,55.0,1.9
2024-12-01 08:00:00,27.0,0.0,83.9,32.0,2.1
2024-12-01 09:00:00,27.1,0.0,79.8,42.0,4.4
2024-12-01 10:00:00,28.2,0.0,78.1,35.0,2.6
2024-12-01 11:00:00,29.7,0.0,70.6,301.0,4.5
2024-12-01 12:00:00,30.9,0.0,65.2,302.0,6.0
2024-12-01 13:00:00,30.9,0.0,66.5,303.0,7.9
2024-12-01 14:00:00,30.6,0.0,68.6,304.0,8.8
2024-12-01 15:00:00,30.8,0.0,67.6,289.0,9.60001
2024-12-01 16:00:00,30.7,0.0,69.6,291.0,7.7
2024-12-01 17:00:00,31.3,0.0,64.2,303.0,8.0
2024-12-01 18:00:00,29.6,0.0,71.2,33.0,4.2
2024-12-01 19:00:00,29.4,0.0,71.0,43.0,3.6
2024-12-01 20:00:00,29.0,0.0,74.5,39.0,2.5
2024-12-01 21:00:00,28.3,0.0,75.1,22.0,3.9
2024-12-01 22:00:00,27.7,0.0,78.3,54.0,4.1
2024-12-01 23:00:00,27.4,0.0,77.1,52.0,3.1
2024-12-02 00:00:00,27.5,0.0,75.0,56.0,3.5
2024-12-02 01:00:00,27.4,0.0,78.9,43.0,3.4
2024-12-02 02:00:00,27.0,0.0,77.8,63.0,3.8
2024-12-02 03:00:00,26.9,0.0,79.0,44.0,2.9
2024-12-02 04:00:00,26.7,0.0,79.8,80.0,1.4
2024-12-02 05:00:00,26.6,0.0,81.4,39.0,2.5
2024-12-02 06:00:00,26.7,0.0,78.7,18.0,3.1
2024-12-02 07:00:00,26.8,0.0,77.2,15.0,3.6
2024-12-02 08:00:00,26.8,0.0,78.6,25.0,2.8
2024-12-02 09:00:00,27.3,0.0,76.5,39.0,2.9
2024-12-02 10:00:00,28.2,0.0,72.1,47.0,1.6
2024-12-02 11:00:00,29.3,0.0,70.9,14.0,2.2
2024-12-02 12:00:00,29.9,0.0,68.3,300.0,2.8
2024-12-02 13:00:00,30.6,0.0,65.1,302.0,3.1
2024-12-02 14:00:00,30.3,0.0,67.5,271.0,4.6
2024-12-02 15:00:00,30.0,0.0,72.4,263.0,5.7
2024-12-02 16:00:00,30.0,0.0,70.1,244.0,4.6
2024-12-02 17:00:00,29.8,0.0,69.8,257.0,4.3
2024-12-02 18:00:00,29.6,0.0,73.5,283.0,5.0
2024-12-02 19:00:00,27.3,0.0,79.9,27.0,3.9
2024-12-02 20:00:00,27.1,0.0,82.6,39.0,2.1
2024-12-02 21:00:00,27.0,0.0,83.7,48.0,2.8
2024-12-02 22:00:00,27.2,0.0,82.1,14.0,2.5
2024-12-02 23:00:00,27.0,0.0,83.1,20.0,3.8
2024-12-03 00:00:00,27.0,0.0,82.9,20.0,2.0
2024-12-03 01:00:00,27.0,0.0,82.7,35.0,2.5
2024-12-03 02:00:00,26.8,0.0,82.1,42.0,2.2
2024-12-03 03:00:00,26.5,0.0,83.8,52.0,2.6
2024-12-03 04:00:00,26.3,0.0,83.2,38.0,2.5
2024-12-03 05:00:00,26.4,0.0,82.4,45.0,2.7
2024-12-03 06:00:00,26.6,0.0,82.0,39.0,1.5
2024-12-03 07:00:00,26.7,0.0,80.1,21.0,1.3
2024-12-03 08:00:00,27.1,0.0,79.35,30.0,1.65
2024-12-03 09:00:00,27.5,0.0,78.6,39.0,2.0
2024-12-03 10:00:00,27.7,0.0,76.0,26.0,2.7
2024-12-03 11:00:00,28.0,0.0,77.1,36.0,2.5
2024-12-03 12:00:00,29.2,0.0,72.7,37.0,2.7
2024-12-03 13:00:00,30.9,0.0,65.5,28.0,3.4
2024-12-03 14:00:00,31.7,0.0,59.6,314.0,4.1
2024-12-03 15:00:00,31.5,0.0,55.5,24.0,5.1
2024-12-03 16:00:00,31.05,0.0,62.05,154.5,6.6499999999999995
2024-12-03 17:00:00,30.6,0.0,68.6,285.0,8.2
2024-12-03 18:00:00,29.8,0.0,72.6,227.0,7.8
2024-12-03 19:00:00,27.9,0.0,81.3,233.0,6.1
2024-12-03 20:00:00,28.5,0.0,73.7,234.0,4.2
2024-12-03 21:00:00,28.5,0.0,73.7,294.0,3.1
2024-12-03 22:00:00,26.4,0.0,90.1,66.0,1.6
2024-12-03 23:00:00,26.3,0.2,91.4,89.0,0.7
2024-12-04 00:00:00,25.9,0.0,92.1,191.0,1.2
2024-12-04 01:00:00,26.4,0.0,89.5,207.0,1.4
2024-12-04 02:00:00,26.1,0.0,89.6,104.0,0.7
2024-12-04 03:00:00,27.0,0.0,84.0,119.0,1.2
2024-12-04 04:00:00,26.5,0.0,87.6,48.0,2.8
2024-12-04 05:00:00,27.0,0.0,82.9,14.0,2.6
2024-12-04 06:00:00,26.7,0.0,85.2,25.0,2.3
2024-12-04 07:00:00,26.8,0.0,86.5,21.0,1.2
2024-12-04 08:00:00,27.1,0.0,84.45,25.0,1.4
2024-12-04 09:00:00,27.4,0.0,82.4,29.0,1.6
2024-12-04 10:00:00,28.6,0.0,78.6,73.0,0.9
2024-12-04 11:00:00,26.9,0.0,83.6,62.0,3.2
2024-12-04 12:00:00,29.1,0.0,75.3,69.0,1.8
2024-12-04 13:00:00,29.7,0.0,64.5,298.0,5.9
2024-12-04 14:00:00,30.4,0.0,60.0,302.0,5.6
2024-12-04 15:00:00,29.9,0.0,63.2,299.0,7.1
2024-12-04 16:00:00,29.3,0.0,67.9,304.0,8.5
2024-12-04 17:00:00,29.4,0.0,72.3,304.0,5.5
2024-12-04 18:00:00,29.2,0.0,69.3,233.0,2.3
2024-12-04 19:00:00,29.4,0.0,66.4,304.0,3.2
2024-12-04 20:00:00,29.1,0.0,68.9,263.0,1.9
2024-12-04 21:00:00,28.3,0.0,76.8,97.0,1.8
2024-12-04 22:00:00,27.5,0.0,75.4,23.0,4.1
2024-12-04 23:00:00,27.3,0.0,77.4,52.0,3.5
2024-12-05 00:00:00,26.8,0.0,77.0,28.0,3.2
2024-12-05 01:00:00,26.9,0.0,77.4,26.0,4.0
2024-12-05 02:00:00,27.1,0.0,79.7,61.0,4.3
2024-12-05 03:00:00,27.1,0.0,79.2,83.0,2.6
2024-12-05 04:00:00,27.0,0.0,79.2,56.0,4.3
2024-12-05 05:00:00,26.4,0.0,80.6,27.0,3.7
2024-12-05 06:00:00,26.8,0.0,79.2,60.0,4.1
2024-12-05 07:00:00,27.1,0.0,76.6,41.0,3.6
2024-12-05 08:00:00,27.0,0.0,76.6,25.0,3.0
2024-12-05 09:00:00,27.6,0.0,73.6,24.0,2.5
2024-12-05 10:00:00,28.1,0.0,72.7,30.0,2.8
2024-12-05 11:00:00,28.7,0.0,71.8,71.0,3.0
2024-12-05 12:00:00,30.0,0.0,67.8,303.0,4.7
2024-12-05 13:00:00,30.3,0.0,65.8,304.0,6.7
2024-12-05 14:00:00,30.6,0.0,65.1,305.0,7.8
2024-12-05 15:00:00,31.0,0.0,60.4,280.0,3.9
2024-12-05 16:00:00,31.9,0.0,53.4,125.0,4.9
2024-12-05 17:00:00,31.6,0.0,55.8,172.0,3.8
2024-12-05 18:00:00,30.9,0.0,60.9,309.0,6.3
2024-12-05 19:00:00,29.9,0.0,64.7,233.0,2.2
2024-12-05 20:00:00,29.5,0.0,64.9,70.0,2.5
2024-12-05 21:00:00,29.5,0.0,63.4,68.0,2.8
2024-12-05 22:00:00,29.7,0.0,59.9,42.0,4.2
2024-12-05 23:00:00,28.9,0.0,67.2,38.0,3.1
2024-12-06 00:00:00,28.6,0.0,67.3,23.0,2.6
2024-12-06 01:00:00,28.0,0.0,72.3,49.0,3.3
2024-12-06 02:00:00,27.6,0.0,78.3,60.0,2.8
2024-12-06 03:00:00,27.6,0.0,79.6,68.0,2.2
2024-12-06 04:00:00,27.6,0.0,78.7,58.0,2.9
2024-12-06 05:00:00,27.2,0.0,83.9,38.0,2.9
2024-12-06 06:00:00,26.9,0.0,83.3,56.0,3.2
2024-12-06 07:00:00,26.8,0.0,83.8,52.0,3.1
2024-12-06 08:00:00,27.2,0.0,81.9,53.0,2.4
2024-12-06 09:00:00,27.9,0.0,79.1,39.0,3.4
2024-12-06 10:00:00,29.1,0.0,71.1,40.0,2.5
2024-12-06 11:00:00,30.2,0.0,66.9,287.0,3.2
2024-12-06 12:00:00,31.7,0.0,59.5,298.0,5.3
2024-12-06 13:00:00,32.5,0.0,52.3,306.0,8.10001
2024-12-06 14:00:00,32.5,0.0,55.0,306.0,8.8
2024-12-06 15:00:00,32.6,0.0,56.2,307.0,7.4
2024-12-06 16:00:00,32.4,0.0,52.7,304.0,9.2
2024-12-06 17:00:00,32.0,0.0,53.7,303.0,6.7
2024-12-06 18:00:00,30.9,0.0,62.7,291.0,7.4
2024-12-06 19:00:00,30.5,0.0,66.4,291.0,5.2
2024-12-06 20:00:00,30.5,0.0,66.4,294.0,2.0
2024-12-06 21:00:00,29.8,0.0,68.3,43.0,1.3
2024-12-06 22:00:00,29.6,0.0,70.2,27.0,2.3
2024-12-06 23:00:00,29.0,0.0,72.8,49.0,3.0
2024-12-07 00:00:00,29.0,0.0,74.7,48.0,1.7
2024-12-07 01:00:00,28.2,0.0,79.5,49.0,2.9
2024-12-07 02:00:00,27.9,0.0,79.3,53.0,3.9
2024-12-07 03:00:00,27.5,0.0,81.6,54.0,3.2
2024-12-07 04:00:00,27.3,0.0,82.1,56.0,3.2
2024-12-07 05:00:00,27.1,0.0,83.0,64.0,2.8
2024-12-07 06:00:00,27.0,0.0,82.2,66.0,3.0
2024-12-07 07:00:00,27.1,0.0,80.7,69.0,2.5
2024-12-07 08:00:00,27.4,0.0,81.9,64.0,2.6
2024-12-07 09:00:00,28.4,0.0,75.0,47.0,2.8
2024-12-07 10:00:00,29.7,0.0,65.2,122.0,1.2
2024-12-07 11:00:00,30.9,0.0,62.7,302.0,5.8
2024-12-07 12:00:00,31.1,0.0,63.9,293.0,8.0
2024-12-07 13:00:00,31.5,0.0,63.2,290.0,7.8
2024-12-07 14:00:00,33.0,0.0,55.4,301.0,7.6
2024-12-07 15:00:00,32.7,0.0,53.5,307.0,9.60001
2024-12-07 16:00:00,33.1,0.0,53.7,304.0,8.10001
2024-12-07 17:00:00,32.5,0.0,57.6,299.0,7.4
2024-12-07 18:00:00,31.6,0.0,60.7,304.0,6.5
2024-12-07 19:00:00,30.9,0.0,64.8,304.0,6.0
2024-12-07 20:00:00,30.7,0.0,70.2,299.0,3.0
2024-12-07 21:00:00,30.1,0.0,69.7,50.0,2.2
2024-12-07 22:00:00,29.5,0.0,72.1,46.0,2.9
2024-12-07 23:00:00,29.1,0.0,73.4,48.0,3.3
2024-12-08 00:00:00,28.7,0.0,74.7,50.0,3.7
2024-12-08 01:00:00,28.4,0.0,78.2,56.0,4.4
2024-12-08 02:00:00,28.0,0.0,80.2,54.0,3.2
2024-12-08 03:00:00,27.7,0.0,79.9,48.0,2.7
2024-12-08 04:00:00,27.6,0.0,78.4,52.0,3.7
2024-12-08 05:00:00,27.3,0.0,80.0,58.0,3.1
2024-12-08 06:00:00,27.3,0.0,81.1,53.0,3.9
2024-12-08 07:00:00,27.0,0.0,80.6,59.0,2.9
2024-12-08 08:00:00,27.6,0.0,75.6,50.0,2.8
2024-12-08 09:00:00,28.0,0.0,74.0,52.0,3.7
2024-12-08 10:00:00,29.4,0.0,70.3,59.0,3.8
2024-12-08 11:00:00,30.0,0.0,67.8,45.0,3.5
2024-12-08 12:00:00,31.8,0.0,61.6,44.0,4.8
2024-12-08 13:00:00,32.3,0.0,58.9,34.0,6.2
2024-12-08 14:00:00,31.7,0.0,64.3,160.0,5.6
2024-12-08 15:00:00,31.1,0.0,69.7,286.0,5.0
2024-12-08 16:00:00,25.6,4.4,87.9,27.0,7.0
2024-12-08 17:00:00,24.1,0.2,94.1,48.0,2.8
2024-12-08 18:00:00,26.4,0.0,85.1,13.0,1.3
2024-12-08 19:00:00,27.5,0.0,82.0,50.0,1.9
2024-12-08 20:00:00,27.2,0.0,82.25,58.0,2.75
2024-12-08 21:00:00,26.9,0.0,82.5,66.0,3.6
2024-12-08 22:00:00,26.8,0.0,85.4,47.0,2.6
2024-12-08 23:00:00,27.3,0.0,84.5,34.0,2.2
2024-12-09 00:00:00,27.1,0.0,82.3,32.0,7.3
2024-12-09 01:00:00,24.7,0.0,87.3,69.0,4.8
2024-12-09 02:00:00,25.3,0.0,82.7,100.0,1.2
2024-12-09 03:00:00,25.2,0.0,83.3,52.0,3.7
2024-12-09 04:00:00,25.5,0.0,85.6,40.0,3.9
2024-12-09 05:00:00,25.4,0.0,86.5,24.0,3.5
2024-12-09 06:00:00,25.1,0.0,88.3,19.0,4.1
2024-12-09 07:00:00,25.5,0.0,87.1,26.0,4.0
2024-12-09 08:00:00,26.1,0.0,83.6,45.0,4.4
2024-12-09 09:00:00,25.9,0.0,82.8,67.0,5.9
2024-12-09 10:00:00,25.7,0.0,86.6,77.0,3.6
2024-12-09 11:00:00,25.9,0.0,86.0,50.0,4.9
2024-12-09 12:00:00,26.8,0.0,79.1,43.0,6.2
2024-12-09 13:00:00,28.3,0.0,73.3,54.0,4.8
2024-12-09 14:00:00,28.6,0.0,71.6,64.0,4.8
2024-12-09 15:00:00,28.9,0.0,70.2,78.0,3.3
2024-12-09 16:00:00,28.5,0.0,70.9,70.0,5.1
2024-12-09 17:00:00,27.7,0.0,73.2,43.0,6.5
2024-12-09 18:00:00,27.6,0.0,74.2,59.0,5.5
2024-12-09 19:00:00,27.4,0.0,73.2,72.0,4.5
2024-12-09 20:00:00,26.7,0.0,76.9,35.0,5.5
2024-12-09 21:00:00,26.2,0.0,79.3,38.0,6.4
2024-12-09 22:00:00,26.0,0.0,78.5,32.0,6.8
2024-12-09 23:00:00,25.9,0.0,78.9,30.0,6.9
2024-12-10 00:00:00,25.7,0.0,81.3,32.0,6.2
2024-12-10 01:00:00,25.4,0.0,82.5,67.0,5.2
2024-12-10 02:00:00,25.9,0.0,81.6,50.0,7.2
2024-12-10 03:00:00,25.7,0.0,80.6,36.0,8.2
2024-12-10 04:00:00,25.5,0.0,82.0,32.0,6.9
2024-12-10 05:00:00,25.7,0.0,80.4,60.0,5.4
2024-12-10 06:00:00,25.8,0.0,78.1,43.0,5.9
2024-12-10 07:00:00,25.7,0.0,78.4,36.0,5.9
2024-12-10 08:00:00,25.7,0.0,79.0,33.0,6.5
2024-12-10 09:00:00,25.9,0.0,78.6,30.0,8.2
2024-12-10 10:00:00,26.2,0.0,76.4,32.0,5.5
2024-12-10 11:00:00,27.2,0.0,73.2,65.0,5.5
2024-12-10 12:00:00,27.7,0.0,68.4,58.0,4.4
2024-12-10 13:00:00,27.7,0.0,70.9,56.0,5.3
2024-12-10 14:00:00,28.3,0.0,69.4,78.0,3.5
2024-12-10 15:00:00,28.5,0.0,67.9,78.0,4.3
2024-12-10 16:00:00,30.7,0.0,62.7,81.0,2.6
2024-12-10 17:00:00,30.3,0.0,61.8,80.0,3.1
2024-12-10 18:00:00,29.3,0.0,66.1,73.0,3.5
2024-12-10 19:00:00,28.6,0.0,69.6,49.0,4.6
2024-12-10 20:00:00,28.3,0.0,72.4,52.0,4.5
2024-12-10 21:00:00,27.8,0.0,72.4,32.0,5.6
2024-12-10 22:00:00,27.5,0.0,74.0,62.0,4.1
2024-12-10 23:00:00,27.3,0.0,75.5,83.0,2.6
2024-12-11 00:00:00,26.5,0.0,79.3,28.0,3.2
2024-12-11 01:00:00,26.9,0.0,75.3,41.0,4.4
2024-12-11 02:00:00,26.4,0.0,78.9,24.0,2.8
2024-12-11 03:00:00,26.3,0.0,78.8,22.0,2.8
2024-12-11 04:00:00,26.4,0.0,78.0,28.0,3.9
2024-12-11 05:00:00,26.4,0.0,76.4,45.0,2.4
2024-12-11 06:00:00,26.3,0.0,78.4,34.0,3.4
2024-12-11 07:00:00,26.0,0.0,80.0,38.0,2.9
2024-12-11 08:00:00,26.9,0.0,76.0,51.0,2.3
2024-12-11 09:00:00,27.65,0.0,73.25,76.0,1.65
2024-12-11 10:00:00,28.4,0.0,70.5,101.0,1.0
2024-12-11 11:00:00,29.0,0.0,68.0,68.0,1.8
2024-12-11 12:00:00,31.5,0.0,59.0,7.0,5.9
2024-12-11 13:00:00,31.1,0.0,65.9,306.0,7.2
2024-12-11 14:00:00,31.6,0.0,62.9,305.0,8.10001
2024-12-11 15:00:00,31.8,0.0,60.5,303.0,6.5
2024-12-11 16:00:00,31.4,0.0,59.5,305.0,9.2
2024-12-11 17:00:00,31.3,0.0,65.8,301.0,9.8
2024-12-11 18:00:00,30.6,0.0,69.0,304.0,6.2
2024-12-11 19:00:00,29.8,0.0,71.1,137.0,1.9
2024-12-11 20:00:00,28.9,0.0,63.7,27.0,3.4
2024-12-11 21:00:00,28.8,0.0,67.1,88.0,1.2
2024-12-11 22:00:00,28.8,0.0,74.7,216.0,1.3
2024-12-11 23:00:00,28.7,0.0,77.1,263.0,1.4
2024-12-12 00:00:00,29.0,0.0,80.6,303.0,4.0
2024-12-12 01:00:00,29.3,0.0,79.9,301.0,8.89999
2024-12-12 02:00:00,29.0,0.0,80.4,302.0,9.2
2024-12-12 03:00:00,24.9,0.2,93.5,18.0,9.89999
2024-12-12 04:00:00,26.1,0.2,93.7,303.0,7.7
2024-12-12 05:00:00,26.9,0.2,89.5,301.0,4.6
2024-12-12 06:00:00,26.7,0.0,90.6,301.0,8.7
2024-12-12 07:00:00,26.8,0.0,89.4,67.0,1.5
2024-12-12 08:00:00,26.8,0.0,85.1,77.0,2.5
2024-12-12 09:00:00,27.1,0.0,83.8,48.0,4.6
2024-12-12 10:00:00,27.8,0.0,82.1,51.0,3.1
2024-12-12 11:00:00,28.5,0.0,80.7,74.0,1.7
2024-12-12 12:00:00,29.4,0.0,74.5,302.0,6.7
2024-12-12 13:00:00,28.5,0.0,82.0,249.0,7.5
2024-12-12 14:00:00,28.9,0.0,78.8,295.0,8.7
2024-12-12 15:00:00,28.9,0.0,77.4,299.0,7.0
2024-12-12 16:00:00,29.1,0.0,75.8,304.0,6.5
2024-12-12 17:00:00,29.2,0.0,77.7,300.0,2.9
2024-12-12 18:00:00,28.9,0.0,78.8,118.0,1.1
2024-12-12 19:00:00,29.0,0.0,78.6,317.0,1.8
2024-12-12 20:00:00,29.0,0.0,78.0,302.0,3.5
2024-12-12 21:00:00,29.1,0.0,78.7,297.0,2.9
2024-12-12 22:00:00,28.7,0.0,80.4,113.0,1.0
2024-12-12 23:00:00,28.3,0.0,80.5,59.0,2.6
2024-12-13 00:00:00,28.4,0.0,79.5,58.0,2.3
2024-12-13 01:00:00,28.2,0.0,81.2,50.0,1.4
2024-12-13 02:00:00,28.0,0.2,83.8,286.0,13.3
2024-12-13 03:00:00,24.2,1.4,94.7,32.0,4.0
2024-12-13 04:00:00,25.6,0.4,95.7,290.0,12.2
2024-12-13 05:00:00,24.7,0.2,95.6,300.0,7.4
2024-12-13 06:00:00,25.6,0.0,95.5,278.0,8.89999
2024-12-13 07:00:00,27.3,0.0,81.2,267.0,9.39999
2024-12-13 08:00:00,27.2,0.0,81.4,270.0,9.8
2024-12-13 09:00:00,27.6,0.0,78.0,274.0,9.8
2024-12-13 10:00:00,27.8,0.0,78.9,250.0,5.2
2024-12-13 11:00:00,27.8,0.0,77.0,283.0,6.6
2024-12-13 12:00:00,28.1,0.0,74.2,300.0,4.2
2024-12-13 13:00:00,28.5,0.0,73.1,298.0,3.6
2024-12-13 14:00:00,28.8,0.0,70.8,297.0,5.1
2024-12-13 15:00:00,29.0,0.0,71.2,301.0,3.1
2024-12-13 16:00:00,28.8,0.0,73.6,300.0,4.4
2024-12-13 17:00:00,28.7,0.0,74.0,295.0,4.1
2024-12-13 18:00:00,28.4,0.0,76.3,42.0,1.1
2024-12-13 19:00:00,28.3,0.0,77.2,347.0,0.8
2024-12-13 20:00:00,28.6,0.0,77.1,305.0,3.8
2024-12-13 21:00:00,28.3,0.0,80.0,157.0,0.8
2024-12-13 22:00:00,28.4,0.0,80.7,166.0,0.8
2024-12-13 23:00:00,28.4,0.0,80.8,61.0,1.4
2024-12-14 00:00:00,28.1,0.0,81.8,36.0,2.6
2024-12-14 01:00:00,26.6,0.0,83.3,91.0,2.1
2024-12-14 02:00:00,26.9,0.0,87.0,92.0,1.5
2024-12-14 03:00:00,27.1,0.0,81.8,45.0,3.0
2024-12-14 04:00:00,27.2,0.0,78.2,54.0,2.1
2024-12-14 05:00:00,26.9,0.0,79.3,74.0,2.3
2024-12-14 06:00:00,26.8,0.0,76.8,47.0,2.8
2024-12-14 07:00:00,26.7,0.0,77.2,27.0,3.0
2024-12-14 08:00:00,26.7,0.0,78.1,48.0,2.5
2024-12-14 09:00:00,27.2,0.0,78.5,32.0,2.5
2024-12-14 10:00:00,28.0,0.0,78.9,38.0,1.5
2024-12-14 11:00:00,29.1,0.0,77.0,246.0,2.9
2024-12-14 12:00:00,29.9,0.0,74.4,268.0,7.1
2024-12-14 13:00:00,30.8,0.0,67.5,304.0,7.1
2024-12-14 14:00:00,30.8,0.0,67.0,296.0,7.6
2024-12-14 15:00:00,31.1,0.0,65.4,295.0,7.7
2024-12-14 16:00:00,31.3,0.0,64.5,298.0,6.9
2024-12-14 17:00:00,31.2,0.0,64.9,290.0,8.0
2024-12-14 18:00:00,31.6,0.0,60.9,302.0,5.6
2024-12-14 19:00:00,30.2,0.0,62.3,123.0,0.7
2024-12-14 20:00:00,30.0,0.0,62.6,47.0,2.9
2024-12-14 21:00:00,29.4,0.0,69.0,56.0,2.6
2024-12-14 22:00:00,28.7,0.0,76.3,58.0,1.6
2024-12-14 23:00:00,28.5,0.0,77.0,179.0,1.2
2024-12-15 00:00:00,28.6,0.0,76.5,55.0,2.2
2024-12-15 01:00:00,28.2,0.0,77.7,46.0,1.5
2024-12-15 02:00:00,28.0,0.0,78.8,58.0,1.4
2024-12-15 03:00:00,27.7,0.0,80.5,99.0,1.1
2024-12-15 04:00:00,28.0,0.0,79.4,52.0,1.8
2024-12-15 05:00:00,27.7,0.0,80.4,98.0,1.2
2024-12-15 06:00:00,27.3,0.0,82.3,109.0,1.2
2024-12-15 07:00:00,27.3,0.0,81.6,75.0,1.7
2024-12-15 08:00:00,27.6,0.0,80.9,122.0,1.5
2024-12-15 09:00:00,28.6,0.0,76.5,62.0,1.7
2024-12-15 10:00:00,28.9,0.0,76.1,21.0,2.9
2024-12-15 11:00:00,29.7,0.0,74.2,39.0,2.3
2024-12-15 12:00:00,30.8,0.0,68.6,287.0,4.1
2024-12-15 13:00:00,31.3,0.0,67.2,300.0,6.2
2024-12-15 14:00:00,31.0,0.0,70.3,279.0,6.0
2024-12-15 15:00:00,31.7,0.0,68.4,265.0,6.3
2024-12-15 16:00:00,30.8,0.0,68.8,276.0,9.5
2024-12-15 17:00:00,31.1,0.0,68.0,283.0,6.3
2024-12-15 18:00:00,30.8,0.0,67.5,275.0,6.1
2024-12-15 19:00:00,30.2,0.0,71.2,262.0,3.0
2024-12-15 20:00:00,30.1,0.0,72.0,249.0,1.8
2024-12-15 21:00:00,29.7,0.0,71.7,243.0,1.5
2024-12-15 22:00:00,29.0,0.0,74.9,106.0,1.0
2024-12-15 23:00:00,28.8,0.0,75.7,56.0,2.2
2024-12-16 00:00:00,28.5,0.0,78.1,72.0,1.4
2024-12-16 01:00:00,28.0,0.0,81.4,62.0,1.9
2024-12-16 02:00:00,27.9,0.0,83.0,99.0,1.3
2024-12-16 03:00:00,27.6,0.0,84.4,46.0,2.9
2024-12-16 04:00:00,27.7,0.0,84.1,38.0,2.1
2024-12-16 05:00:00,27.5,0.0,85.5,65.0,4.1
2024-12-16 06:00:00,27.2,0.0,87.4,37.0,2.2
2024-12-16 07:00:00,27.2,0.0,86.4,34.0,1.9
2024-12-16 08:00:00,27.9,0.0,81.5,78.0,1.2
2024-12-16 09:00:00,28.3,0.0,79.4,41.0,2.9
2024-12-16 10:00:00,29.0,0.0,75.9,34.0,2.3
2024-12-16 11:00:00,29.9,0.0,70.9,31.0,2.7
2024-12-16 12:00:00,31.2,0.0,64.2,3.0,5.3
2024-12-16 13:00:00,30.2,0.0,74.2,278.0,8.10001
2024-12-16 14:00:00,32.3,0.0,59.3,287.0,8.0
2024-12-16 15:00:00,30.6,0.0,67.4,280.0,9.2
2024-12-16 16:00:00,30.0,0.0,68.1,192.0,1.4
2024-12-16 17:00:00,28.2,0.0,76.0,58.0,3.8
2024-12-16 18:00:00,27.6,0.0,77.3,48.0,3.2
2024-12-16 19:00:00,27.1,0.0,80.5,59.0,4.2
2024-12-16 20:00:00,27.4,0.0,77.6,45.0,3.3
2024-12-16 21:00:00,27.2,0.0,82.0,59.0,2.6
2024-12-16 22:00:00,27.1,0.0,82.0,62.0,3.5
2024-12-16 23:00:00,27.2,0.0,81.9,59.0,3.1
2024-12-17 00:00:00,26.9,0.0,82.7,66.0,2.9
2024-12-17 01:00:00,27.3,0.0,80.4,19.0,3.0
2024-12-17 02:00:00,27.3,0.0,78.7,25.0,2.5
2024-12-17 03:00:00,26.9,0.0,81.5,32.0,2.4
2024-12-17 04:00:00,27.1,0.0,81.4,7.0,3.0
2024-12-17 05:00:00,26.8,0.0,83.3,47.0,2.6
2024-12-17 06:00:00,26.6,0.0,84.9,44.0,2.9
2024-12-17 07:00:00,26.6,0.0,84.8,48.0,3.2
2024-12-17 08:00:00,26.8,0.0,85.1,34.0,2.2
2024-12-17 09:00:00,27.2,0.0,82.8,36.0,3.1
2024-12-17 10:00:00,28.4,0.0,76.2,35.0,3.4
2024-12-17 11:00:00,28.9,0.0,73.3,29.0,4.0
2024-12-17 12:00:00,30.2,0.0,69.0,39.0,3.3
2024-12-17 13:00:00,31.6,0.0,65.7,10.0,3.7
2024-12-17 14:00:00,29.3,0.2,78.7,235.0,8.8
2024-12-17 15:00:00,26.5,2.8,87.2,274.0,3.0
2024-12-17 16:00:00,26.6,0.0,90.7,176.0,0.9
2024-12-17 17:00:00,26.9,0.0,88.6,241.0,1.8
2024-12-17 18:00:00,28.3,0.0,80.1,21.0,3.0
2024-12-17 19:00:00,28.3,0.0,75.9,53.0,4.0
2024-12-17 20:00:00,27.65,0.0,77.55000000000001,45.0,4.0
2024-12-17 21:00:00,27.0,0.0,79.2,37.0,4.0
2024-12-17 22:00:00,26.9,0.0,81.25,36.5,3.7
2024-12-17 23:00:00,26.8,0.0,83.3,36.0,3.4
2024-12-18 00:00:00,26.6,0.0,83.3,37.0,3.0
2024-12-18 01:00:00,26.7,0.0,82.7,60.0,3.3
2024-12-18 02:00:00,26.7,0.0,81.7,27.0,3.8
2024-12-18 03:00:00,26.7,0.0,83.0,39.0,2.2
2024-12-18 04:00:00,26.7,0.0,81.4,50.0,4.0
2024-12-18 05:00:00,26.2,0.0,84.0,38.0,5.1
2024-12-18 06:00:00,26.1,0.0,84.4,27.0,2.8
2024-12-18 07:00:00,26.1,0.0,83.3,22.0,4.6
2024-12-18 08:00:00,26.4,0.0,81.7,27.0,5.0
2024-12-18 09:00:00,26.7,0.0,80.9,21.0,3.4
2024-12-18 10:00:00,27.3,0.0,78.3,29.0,4.5
2024-12-18 11:00:00,27.4,0.0,79.7,50.0,3.4
2024-12-18 12:00:00,26.1,0.6,86.8,75.0,2.9
2024-12-18 13:00:00,27.2,0.0,82.9,19.0,2.8
2024-12-18 14:00:00,27.5,0.0,78.8,47.0,3.4
2024-12-18 15:00:00,27.7,0.0,77.8,23.0,3.7
2024-12-18 16:00:00,28.1,0.0,73.4,32.0,5.5
2024-12-18 17:00:00,27.4,0.0,78.2,61.0,3.9
2024-12-18 18:00:00,27.3,0.0,76.3,62.0,4.2
2024-12-18 19:00:00,26.7,0.0,80.0,54.0,4.4
2024-12-18 20:00:00,26.7,0.0,78.6,54.0,4.5
2024-12-18 21:00:00,26.6,0.0,76.6,55.0,5.1
2024-12-18 22:00:00,26.4,0.0,78.8,38.0,3.6
2024-12-18 23:00:00,26.4,0.0,79.3,45.0,3.7
2024-12-19 00:00:00,26.3,0.0,80.9,23.0,3.9
2024-12-19 01:00:00,26.4,0.0,80.6,33.0,4.5
2024-12-19 02:00:00,26.4,0.0,78.9,25.0,4.2
2024-12-19 03:00:00,26.3,0.0,79.4,20.0,4.4
2024-12-19 04:00:00,26.7,0.0,78.6,301.0,2.3
2024-12-19 05:00:00,26.3,0.0,82.5,267.0,3.1
2024-12-19 06:00:00,26.6,0.0,80.0,127.0,1.4
2024-12-19 07:00:00,26.8,0.0,79.4,66.0,2.7
2024-12-19 08:00:00,26.3,0.0,82.2,26.0,3.6
2024-12-19 09:00:00,26.8,0.0,80.6,30.0,4.0
2024-12-19 10:00:00,27.9,0.0,75.0,37.0,3.4
2024-12-19 11:00:00,28.4,0.0,72.1,33.0,4.0
2024-12-19 12:00:00,28.4,0.0,70.2,34.0,4.0
2024-12-19 13:00:00,29.3,0.0,68.2,39.0,4.7
2024-12-19 14:00:00,29.4,0.0,67.6,47.0,4.7
2024-12-19 15:00:00,27.8,0.0,77.9,42.0,4.8
2024-12-19 16:00:00,28.8,0.0,67.2,44.0,4.1
2024-12-19 17:00:00,29.0,0.0,66.1,49.0,4.6
2024-12-19 18:00:00,28.7,0.0,68.1,56.0,4.7
2024-12-19 19:00:00,28.4,0.0,71.3,54.0,3.9
2024-12-19 20:00:00,28.1,0.0,73.75,36.5,3.95
2024-12-19 21:00:00,27.8,0.0,76.2,19.0,4.0
2024-12-19 22:00:00,27.8,0.0,76.1,36.0,3.8
2024-12-19 23:00:00,27.8,0.0,75.3,44.0,4.8
2024-12-20 00:00:00,27.8,0.0,73.3,24.0,4.6
2024-12-20 01:00:00,27.4,0.0,74.3,21.0,4.0
2024-12-20 02:00:00,27.4,0.0,75.6,22.0,2.1
2024-12-20 03:00:00,26.7,0.0,80.1,17.0,4.5
2024-12-20 04:00:00,26.5,0.0,78.8,54.0,3.6
2024-12-20 05:00:00,26.2,0.0,79.7,50.0,4.5
2024-12-20 06:00:00,26.1,0.0,80.0,53.0,4.5
2024-12-20 07:00:00,26.0,0.0,80.5,73.0,2.6
2024-12-20 08:00:00,26.3,0.0,79.6,59.0,3.1
2024-12-20 09:00:00,26.7,0.0,78.8,54.0,3.4
2024-12-20 10:00:00,27.2,0.0,77.1,26.0,4.5
2024-12-20 11:00:00,28.2,0.0,70.2,51.0,3.3
2024-12-20 12:00:00,28.8,0.0,67.4,27.0,3.9
2024-12-20 13:00:00,29.2,0.0,65.8,25.0,3.3
2024-12-20 14:00:00,29.2,0.0,68.4,73.0,2.0
2024-12-20 15:00:00,29.1,0.0,69.5,47.0,4.2
2024-12-20 16:00:00,29.3,0.0,67.7,42.5,3.1
2024-12-20 17:00:00,29.5,0.0,65.9,38.0,2.0
2024-12-20 18:00:00,24.7,0.4,93.2,36.0,0.8
2024-12-20 19:00:00,25.5,0.0,94.4,279.0,0.7
2024-12-20 20:00:00,26.1,0.0,91.1,103.0,1.4
2024-12-20 21:00:00,26.8,0.0,81.5,52.0,3.1
2024-12-20 22:00:00,26.8,0.0,81.3,63.0,2.0
2024-12-20 23:00:00,26.6,0.0,82.0,66.0,1.7
2024-12-21 00:00:00,26.0,0.0,82.1,155.0,1.2
2024-12-21 01:00:00,26.4,0.0,79.6,50.0,2.7
2024-12-21 02:00:00,26.3,0.0,82.3,52.0,1.7
2024-12-21 03:00:00,26.5,0.0,83.2,30.0,1.8
2024-12-21 04:00:00,26.4,0.0,83.2,28.0,1.8
2024-12-21 05:00:00,26.5,0.0,81.6,7.0,2.3
2024-12-21 06:00:00,26.3,0.0,82.4,52.0,0.9
2024-12-21 07:00:00,26.5,0.0,81.7,14.0,2.6
2024-12-21 08:00:00,26.3,0.0,83.4,38.0,2.1
2024-12-21 09:00:00,26.9,0.0,81.4,29.0,2.9
2024-12-21 10:00:00,28.2,0.0,77.3,32.0,3.3
2024-12-21 11:00:00,29.4,0.0,67.7,46.0,3.4
2024-12-21 12:00:00,30.5,0.0,64.5,40.0,3.3
2024-12-21 13:00:00,31.8,0.0,59.4,30.0,4.6
2024-12-21 14:00:00,30.6,0.0,63.1,37.0,3.5
2024-12-21 15:00:00,27.0,2.2,84.3,80.0,2.2
2024-12-21 16:00:00,24.9,0.4,93.9,28.0,1.5
2024-12-21 17:00:00,25.1,0.0,94.9,16.0,1.2
2024-12-21 18:00:00,26.8,0.0,89.9,177.0,1.0
2024-12-21 19:00:00,27.4,0.0,79.3,61.0,2.7
2024-12-21 20:00:00,27.0,0.0,77.2,58.0,3.8
2024-12-21 21:00:00,26.8,0.0,78.7,67.0,1.9
2024-12-21 22:00:00,26.75,0.0,78.95,66.5,2.15
2024-12-21 23:00:00,26.7,0.0,79.2,66.0,2.4
2024-12-22 00:00:00,26.7,0.0,78.7,59.0,2.3
2024-12-22 01:00:00,26.6,0.0,79.5,175.0,1.1
2024-12-22 02:00:00,26.6,0.0,79.6,104.0,1.6
2024-12-22 03:00:00,26.5,0.0,79.8,195.0,1.2
2024-12-22 04:00:00,26.4,0.0,80.7,174.0,1.5
2024-12-22 05:00:00,26.5,0.0,80.1,53.0,1.8
2024-12-22 06:00:00,26.4,0.0,80.2,70.0,1.7
2024-12-22 07:00:00,26.5,0.0,79.9,48.0,2.9
2024-12-22 08:00:00,26.6,0.0,80.9,73.0,1.6
2024-12-22 09:00:00,26.8,0.0,77.2,74.0,2.9
2024-12-22 10:00:00,27.9,0.0,69.3,53.0,3.0
2024-12-22 11:00:00,28.5,0.0,64.3,48.0,4.5
2024-12-22 12:00:00,29.5,0.0,59.0,50.0,4.3
2024-12-22 13:00:00,30.8,0.0,57.3,40.0,3.7
2024-12-22 14:00:00,31.6,0.0,55.9,22.0,4.0
2024-12-22 15:00:00,31.3,0.0,57.9,15.0,4.7
2024-12-22 16:00:00,30.9,0.0,60.0,17.0,3.4
2024-12-22 17:00:00,26.0,0.0,90.5,184.0,1.3
2024-12-22 18:00:00,25.5,0.0,93.4,164.0,1.0
2024-12-22 19:00:00,28.1,0.0,73.6,53.0,2.9
2024-12-22 20:00:00,28.0,0.0,71.2,62.0,2.9
2024-12-22 21:00:00,27.6,0.0,72.0,61.0,2.7
2024-12-22 22:00:00,27.3,0.0,73.6,72.0,2.2
2024-12-22 23:00:00,27.3,0.0,74.2,63.0,2.6
2024-12-23 00:00:00,27.1,0.0,74.9,81.0,1.8
2024-12-23 01:00:00,27.4,0.0,73.4,63.0,3.1
2024-12-23 02:00:00,27.0,0.0,75.4,67.0,2.5
2024-12-23 03:00:00,26.7,0.0,76.7,71.0,1.9
2024-12-23 04:00:00,26.4,0.0,78.3,116.0,1.3
2024-12-23 05:00:00,26.3,0.0,80.0,102.0,1.8
2024-12-23 06:00:00,26.1,0.0,81.0,162.0,1.2
2024-12-23 07:00:00,26.5,0.0,78.7,118.0,1.6
2024-12-23 08:00:00,26.4,0.0,79.5,131.0,1.4
2024-12-23 09:00:00,27.5,0.0,75.6,77.0,1.8
2024-12-23 10:00:00,28.4,0.0,72.2,72.0,2.9
2024-12-23 11:00:00,29.0,0.0,68.9,52.0,4.0
2024-12-23 12:00:00,30.3,0.0,63.9,41.0,3.1
2024-12-23 13:00:00,30.9,0.0,63.9,24.0,3.4
2024-12-23 14:00:00,31.4,0.0,63.1,315.0,5.1
2024-12-23 15:00:00,29.2,0.0,73.3,192.0,2.7
2024-12-23 16:00:00,26.6,0.0,90.3,160.0,1.1
2024-12-23 17:00:00,27.7,0.2,82.3,186.0,1.2
2024-12-23 18:00:00,24.4,1.2,94.7,19.0,1.8
2024-12-23 19:00:00,24.549999999999997,3.6,95.30000000000001,12.0,2.7
2024-12-23 20:00:00,24.7,0.6,95.9,5.0,3.6
2024-12-23 21:00:00,24.1,0.4,96.2,6.0,3.6
2024-12-23 22:00:00,24.3,0.2,96.4,24.0,1.6
2024-12-23 23:00:00,24.0,0.4,96.6,42.0,1.3
2024-12-24 00:00:00,24.2,0.2,96.8,32.0,1.5
2024-12-24 01:00:00,24.3,0.2,97.0,25.0,1.6
2024-12-24 02:00:00,24.1,0.0,97.1,45.0,1.0
2024-12-24 03:00:00,24.0,0.0,97.2,41.0,1.8
2024-12-24 04:00:00,24.3,0.0,97.0,55.0,2.8
2024-12-24 05:00:00,24.7,0.0,93.3,60.0,3.9
2024-12-24 06:00:00,25.2,0.0,87.4,79.0,1.6
2024-12-24 07:00:00,25.4,0.0,88.0,63.0,1.8
2024-12-24 08:00:00,25.4,0.0,89.3,202.0,1.0
2024-12-24 09:00:00,26.1,0.0,84.7,51.0,2.3
2024-12-24 10:00:00,27.0,0.0,81.6,50.0,2.2
2024-12-24 11:00:00,27.8,0.0,77.6,45.0,3.0
2024-12-24 12:00:00,29.3,0.0,71.2,40.0,2.7
2024-12-24 13:00:00,30.1,0.0,64.0,26.0,3.1
2024-12-24 14:00:00,30.7,0.0,60.8,8.0,2.2
2024-12-24 15:00:00,29.5,0.0,66.8,47.0,3.0
2024-12-24 16:00:00,30.1,0.0,65.0,29.0,1.9
2024-12-24 17:00:00,27.0,0.0,86.4,126.0,1.4
2024-12-24 18:00:00,27.6,0.0,80.9,90.0,1.8
2024-12-24 19:00:00,27.3,0.0,79.7,152.0,0.9
2024-12-24 20:00:00,27.3,0.0,76.4,143.0,1.0
2024-12-24 21:00:00,27.4,0.0,75.9,100.0,1.1
2024-12-24 22:00:00,27.2,0.0,77.8,70.0,2.1
2024-12-24 23:00:00,26.4,0.0,79.5,62.0,2.7
2024-12-25 00:00:00,26.5,0.0,78.3,66.0,2.1
2024-12-25 01:00:00,26.3,0.0,76.9,127.0,1.1
2024-12-25 02:00:00,26.1,0.0,78.5,63.0,1.2
2024-12-25 03:00:00,26.0,0.0,77.3,59.0,2.3
2024-12-25 04:00:00,25.9,0.0,75.5,80.0,1.8
2024-12-25 05:00:00,25.8,0.0,75.0,65.0,1.9
2024-12-25 06:00:00,26.0,0.0,74.6,50.0,3.0
2024-12-25 07:00:00,26.2,0.0,74.7,46.0,3.2
2024-12-25 08:00:00,26.3,0.0,74.8,61.0,2.0
2024-12-25 09:00:00,27.1,0.0,73.5,48.0,3.7
2024-12-25 10:00:00,27.9,0.0,68.6,51.0,3.0
2024-12-25 11:00:00,28.8,0.0,64.2,43.0,3.7
2024-12-25 12:00:00,29.3,0.0,62.2,40.0,3.4
2024-12-25 13:00:00,30.0,0.0,59.5,27.0,3.2
2024-12-25 14:00:00,30.9,0.0,57.9,24.0,3.3
2024-12-25 15:00:00,29.7,0.0,58.9,35.0,4.1
2024-12-25 16:00:00,29.0,0.0,63.2,45.0,3.6
2024-12-25 17:00:00,27.7,0.0,74.0,147.0,0.5
2024-12-25 18:00:00,28.4,0.0,67.3,43.0,4.1
2024-12-25 19:00:00,27.9,0.0,68.3,38.0,4.7
2024-12-25 20:00:00,27.0,0.0,71.1,53.0,3.8
2024-12-25 21:00:00,27.0,0.0,68.0,51.0,2.4
2024-12-25 22:00:00,26.9,0.0,68.6,48.0,3.5
2024-12-25 23:00:00,26.6,0.0,72.2,50.0,3.3
2024-12-26 00:00:00,26.4,0.0,75.9,45.0,3.6
2024-12-26 01:00:00,26.4,0.0,72.1,35.0,3.4
2024-12-26 02:00:00,26.5,0.0,69.2,33.0,3.1
2024-12-26 03:00:00,26.3,0.0,70.7,33.0,2.5
2024-12-26 04:00:00,26.5,0.0,70.7,28.0,2.4
2024-12-26 05:00:00,26.5,0.0,71.6,46.0,2.7
2024-12-26 06:00:00,26.2,0.0,74.6,37.0,2.6
2024-12-26 07:00:00,26.5,0.0,76.8,18.0,2.6
2024-12-26 08:00:00,26.5,0.0,78.0,49.0,2.5
2024-12-26 09:00:00,27.15,0.0,75.35,39.5,2.45
2024-12-26 10:00:00,27.8,0.0,72.7,30.0,2.4
2024-12-26 11:00:00,28.7,0.0,67.7,30.0,3.2
2024-12-26 12:00:00,29.1,0.0,65.4,44.0,2.8
2024-12-26 13:00:00,30.6,0.0,60.2,23.0,3.3
2024-12-26 14:00:00,30.9,0.0,60.6,32.0,3.9
2024-12-26 15:00:00,30.0,0.0,62.6,59.0,2.0
2024-12-26 16:00:00,26.3,0.2,83.6,270.0,2.9
2024-12-26 17:00:00,27.8,0.0,77.2,179.0,2.3
2024-12-26 18:00:00,28.4,0.0,76.0,197.0,2.8
2024-12-26 19:00:00,28.4,0.0,73.8,226.0,1.6
2024-12-26 20:00:00,28.1,0.0,75.0,28.0,1.1
2024-12-26 21:00:00,27.9,0.0,78.1,340.0,1.4
2024-12-26 22:00:00,27.6,0.0,78.8,93.0,1.0
2024-12-26 23:00:00,27.0,0.0,79.2,70.0,1.8
2024-12-27 00:00:00,27.1,0.0,80.0,131.0,0.9
2024-12-27 01:00:00,27.1,0.0,78.4,189.0,0.9
2024-12-27 02:00:00,27.0,0.0,80.7,71.0,1.8
2024-12-27 03:00:00,26.9,0.0,83.0,154.0,1.0
2024-12-27 04:00:00,27.0,0.0,80.7,73.0,1.5
2024-12-27 05:00:00,26.9,0.0,81.1,59.0,2.2
2024-12-27 06:00:00,26.5,0.0,82.2,110.0,1.0
2024-12-27 07:00:00,26.5,0.0,82.2,98.0,1.0
2024-12-27 08:00:00,26.8,0.0,81.8,157.0,1.3
2024-12-27 09:00:00,27.5,0.0,78.8,211.0,0.8
2024-12-27 10:00:00,28.6,0.0,72.8,149.0,1.4
2024-12-27 11:00:00,28.5,0.0,75.1,35.0,3.1
2024-12-27 12:00:00,30.0,0.0,56.5,30.0,3.5
2024-12-27 13:00:00,31.0,0.0,57.9,21.0,3.5
2024-12-27 14:00:00,31.9,0.0,51.1,6.0,4.9
2024-12-27 15:00:00,31.7,0.0,63.7,267.0,4.8
2024-12-27 16:00:00,30.5,0.0,66.6,244.0,4.6
2024-12-27 17:00:00,30.3,0.0,63.5,88.0,1.8
2024-12-27 18:00:00,30.6,0.0,65.2,46.0,3.3
2024-12-27 19:00:00,29.9,0.0,66.3,127.0,1.4
2024-12-27 20:00:00,29.6,0.0,66.0,68.0,1.9
2024-12-27 21:00:00,28.6,0.0,64.1,56.0,2.6
2024-12-27 22:00:00,27.9,0.0,66.5,82.0,1.8
2024-12-27 23:00:00,27.9,0.0,72.2,64.0,2.2
2024-12-28 00:00:00,27.4,0.0,75.0,76.0,1.4
2024-12-28 01:00:00,27.4,0.0,75.1,64.0,2.5
2024-12-28 02:00:00,27.1,0.0,76.7,64.0,1.4
2024-12-28 03:00:00,26.6,0.0,76.6,84.0,1.6
2024-12-28 04:00:00,26.1,0.0,80.2,47.0,2.9
2024-12-28 05:00:00,26.1,0.0,82.3,44.0,2.0
2024-12-28 06:00:00,26.1,0.0,81.5,96.0,1.3
2024-12-28 07:00:00,25.9,0.0,82.2,155.0,1.3
2024-12-28 08:00:00,26.5,0.0,79.9,56.0,1.5
2024-12-28 09:00:00,27.6,0.0,76.3,53.0,2.0
2024-12-28 10:00:00,28.8,0.0,71.9,91.0,1.4
2024-12-28 11:00:00,29.2,0.0,70.6,37.0,3.6
2024-12-28 12:00:00,29.9,0.0,66.4,49.0,4.1
2024-12-28 13:00:00,30.6,0.0,63.7,36.0,4.2
2024-12-28 14:00:00,32.3,0.0,57.7,16.0,4.6
2024-12-28 15:00:00,32.0,0.0,56.7,354.0,5.7
2024-12-28 16:00:00,32.0,0.0,58.9,196.0,5.1
2024-12-28 17:00:00,27.3,0.2,82.6,191.0,4.6
2024-12-28 18:00:00,25.1,0.8,95.0,235.0,3.0
2024-12-28 19:00:00,25.7,0.0,95.9,168.0,0.8
2024-12-28 20:00:00,25.4,0.0,88.2,107.0,1.4
2024-12-28 21:00:00,26.4,0.0,87.5,117.0,1.3
2024-12-28 22:00:00,27.6,0.0,80.8,98.0,1.5
2024-12-28 23:00:00,27.3,0.0,79.7,57.0,3.2
2024-12-29 00:00:00,27.0,0.0,80.7,56.0,2.8
2024-12-29 01:00:00,26.9,0.0,82.1,71.0,2.4
2024-12-29 02:00:00,26.6,0.0,84.3,177.0,1.0
2024-12-29 03:00:00,26.5,0.0,84.4,171.0,1.0
2024-12-29 04:00:00,26.5,0.0,84.6,111.0,1.1
2024-12-29 05:00:00,26.4,0.0,86.1,77.0,1.3
2024-12-29 06:00:00,26.4,0.0,86.1,354.0,1.6
2024-12-29 07:00:00,26.4,0.0,85.0,17.0,3.1
2024-12-29 08:00:00,26.3,0.0,85.6,38.0,1.9
2024-12-29 09:00:00,27.7,0.0,78.8,67.0,2.2
2024-12-29 10:00:00,28.4,0.0,73.8,49.0,3.7
2024-12-29 11:00:00,29.5,0.0,69.4,60.0,3.0
2024-12-29 12:00:00,31.0,0.0,63.8,36.0,3.4
2024-12-29 13:00:00,29.0,0.0,78.4,255.0,9.5
2024-12-29 14:00:00,29.5,0.0,76.2,277.0,9.89999
2024-12-29 15:00:00,28.9,0.0,78.4,257.0,5.9
2024-12-29 16:00:00,26.3,0.0,81.8,52.0,2.2
2024-12-29 17:00:00,26.4,0.0,85.8,120.0,1.2
2024-12-29 18:00:00,25.7,0.0,85.7,192.0,1.0
2024-12-29 19:00:00,26.0,0.0,86.7,26.0,3.4
2024-12-29 20:00:00,26.0,0.0,87.3,172.0,0.9
2024-12-29 21:00:00,26.4,0.0,84.7,182.0,1.0
2024-12-29 22:00:00,26.8,0.0,84.2,91.0,1.3
2024-12-29 23:00:00,26.8,0.0,83.2,135.0,1.2
2024-12-30 00:00:00,26.7,0.0,85.6,61.0,3.1
2024-12-30 01:00:00,26.3,0.0,83.5,47.0,3.0
2024-12-30 02:00:00,26.0,0.0,85.0,20.0,3.6
2024-12-30 03:00:00,25.5,0.2,88.5,54.0,4.3
2024-12-30 04:00:00,24.3,0.6,90.7,49.0,4.4
2024-12-30 05:00:00,24.5,0.0,89.6,35.0,1.9
2024-12-30 06:00:00,24.4,0.0,89.9,136.0,1.6
2024-12-30 07:00:00,25.0,0.0,88.1,106.0,1.4
2024-12-30 08:00:00,25.2,0.0,87.3,41.0,3.4
2024-12-30 09:00:00,25.7,0.0,85.2,15.0,3.0
2024-12-30 10:00:00,26.1,0.0,85.4,355.0,1.9
2024-12-30 11:00:00,26.6,0.0,83.7,26.0,2.0
2024-12-30 12:00:00,27.9,0.0,78.5,72.0,1.8
2024-12-30 13:00:00,29.2,0.0,73.7,13.0,2.6
2024-12-30 14:00:00,29.9,0.0,68.8,47.0,4.4
2024-12-30 15:00:00,30.6,0.0,65.3,42.0,2.8
2024-12-30 16:00:00,31.2,0.0,61.9,298.0,3.6
2024-12-30 17:00:00,30.5,0.0,68.7,251.0,4.5
2024-12-30 18:00:00,28.4,0.0,70.3,46.0,3.9
2024-12-30 19:00:00,27.3,0.0,77.4,54.0,4.0
2024-12-30 20:00:00,26.8,0.0,80.7,57.0,3.5
2024-12-30 21:00:00,26.6,0.0,80.0,58.0,5.1
2024-12-30 22:00:00,26.6,0.0,80.9,53.0,4.0
2024-12-30 23:00:00,26.5,0.0,79.1,52.0,4.2
2024-12-31 00:00:00,26.4,0.0,80.2,46.0,3.1
2024-12-31 01:00:00,26.4,0.0,80.4,72.0,2.1
2024-12-31 02:00:00,26.2,0.0,81.6,62.0,2.9
2024-12-31 03:00:00,26.2,0.0,81.5,53.0,3.7
2024-12-31 04:00:00,26.3,0.0,81.2,36.0,2.9
2024-12-31 05:00:00,26.1,0.0,82.5,9.0,3.9
2024-12-31 06:00:00,26.0,0.0,83.2,22.0,2.4
2024-12-31 07:00:00,26.0,0.0,83.8,42.0,2.7
2024-12-31 08:00:00,26.1,0.0,83.5,30.0,2.2
2024-12-31 09:00:00,26.7,0.0,81.5,28.0,3.1
2024-12-31 10:00:00,27.7,0.0,75.8,49.0,4.0
2024-12-31 11:00:00,28.6,0.0,70.9,47.0,4.5
2024-12-31 12:00:00,30.1,0.0,65.2,46.0,3.9
2024-12-31 13:00:00,30.8,0.0,62.2,44.0,3.6
2024-12-31 14:00:00,31.6,0.0,57.8,29.0,3.9
2024-12-31 15:00:00,28.6,0.0,74.8,239.0,4.0
2024-12-31 16:00:00,27.1,0.0,79.7,273.0,1.4
2024-12-31 17:00:00,25.4,0.8,91.2,247.0,2.4
2024-12-31 18:00:00,25.3,0.0,92.4,104.0,1.0
2024-12-31 19:00:00,25.7,0.0,89.9,129.0,1.3
2024-12-31 20:00:00,26.0,0.0,86.8,31.0,1.5
2024-12-31 21:00:00,26.4,0.0,85.5,200.0,1.2
2024-12-31 22:00:00,26.6,0.0,83.6,172.0,1.2
2024-12-31 23:00:00,26.6,0.0,81.4,52.0,2.0
2025-01-01 00:00:00,26.4,0.0,82.3,36.0,1.6
2025-01-01 01:00:00,26.2,0.0,82.9,157.0,1.5
2025-01-01 02:00:00,26.2,0.0,83.7,41.0,2.3
2025-01-01 03:00:00,25.9,0.0,84.3,51.0,3.1
2025-01-01 04:00:00,25.9,0.0,83.6,34.0,2.1
2025-01-01 05:00:00,25.7,0.0,84.8,33.0,1.3
2025-01-01 06:00:00,25.4,0.0,85.7,111.0,1.0
2025-01-01 07:00:00,25.8,0.0,86.0,12.0,1.8
2025-01-01 08:00:00,25.9,0.0,85.8,36.0,1.9
2025-01-01 09:00:00,26.5,0.0,82.3,32.0,2.5
2025-01-01 10:00:00,27.3,0.0,76.9,47.0,4.5
2025-01-01 11:00:00,28.9,0.0,69.0,47.0,3.6
2025-01-01 12:00:00,29.9,0.0,65.6,43.0,3.0
2025-01-01 13:00:00,30.2,0.0,64.5,34.0,2.1
2025-01-01 14:00:00,29.2,0.0,74.9,257.0,6.6
2025-01-01 15:00:00,28.9,0.0,77.7,262.0,2.2
2025-01-01 16:00:00,28.4,0.0,79.6,220.0,1.9
2025-01-01 17:00:00,29.3,0.0,71.8,186.0,1.0
2025-01-01 18:00:00,29.3,0.0,68.6,122.0,1.1
2025-01-01 19:00:00,28.6,0.0,66.9,100.0,0.9
2025-01-01 20:00:00,28.1,0.0,70.6,105.0,1.0
2025-01-01 21:00:00,28.0,0.0,72.9,84.0,1.0
2025-01-01 22:00:00,27.8,0.0,77.0,99.0,1.1
2025-01-01 23:00:00,27.4,0.0,78.3,48.0,1.5
2025-01-02 00:00:00,27.1,0.0,80.0,93.0,1.7
2025-01-02 01:00:00,26.8,0.0,80.2,43.0,1.3
2025-01-02 02:00:00,26.6,0.0,81.6,163.0,1.3
2025-01-02 03:00:00,26.6,0.0,82.4,41.0,1.7
2025-01-02 04:00:00,26.4,0.0,82.8,56.0,3.2
2025-01-02 05:00:00,26.2,0.0,82.4,61.0,2.0
2025-01-02 06:00:00,26.3,0.0,81.7,55.0,2.8
2025-01-02 07:00:00,26.2,0.0,81.7,58.0,3.1
2025-01-02 08:00:00,26.4,0.0,81.8,17.0,2.7
2025-01-02 09:00:00,27.0,0.0,79.5,242.0,1.8
2025-01-02 10:00:00,27.7,0.0,75.5,32.0,2.5
2025-01-02 11:00:00,29.0,0.0,68.0,33.0,3.8
2025-01-02 12:00:00,29.8,0.0,65.1,29.0,2.8
2025-01-02 13:00:00,30.2,0.0,70.0,28.0,2.6
2025-01-02 14:00:00,30.6,0.0,61.9,18.0,4.0
2025-01-02 15:00:00,31.0,0.0,60.1,44.0,3.0
2025-01-02 16:00:00,30.2,0.0,71.0,279.0,7.6
2025-01-02 17:00:00,27.8,0.0,81.1,51.0,4.8
2025-01-02 18:00:00,27.8,0.0,76.4,167.0,0.8
2025-01-02 19:00:00,27.8,0.0,77.7,29.0,2.7
2025-01-02 20:00:00,27.5,0.0,77.4,74.0,1.8
2025-01-02 21:00:00,27.6,0.0,77.5,160.0,1.0
2025-01-02 22:00:00,27.6,0.0,78.2,169.0,0.9
2025-01-02 23:00:00,27.8,0.0,78.0,104.0,1.4
2025-01-03 00:00:00,27.8,0.0,77.0,64.0,2.8
2025-01-03 01:00:00,27.4,0.0,77.0,53.0,3.2
2025-01-03 02:00:00,27.4,0.0,76.8,65.0,2.1
2025-01-03 03:00:00,26.8,0.0,78.8,113.0,1.3
2025-01-03 04:00:00,26.5,0.0,80.3,187.0,1.2
2025-01-03 05:00:00,26.5,0.0,80.5,51.0,2.4
2025-01-03 06:00:00,25.9,0.0,82.9,58.0,2.5
2025-01-03 07:00:00,26.0,0.0,83.0,218.0,1.2
2025-01-03 08:00:00,26.2,0.0,82.1,92.0,1.3
2025-01-03 09:00:00,27.1,0.0,78.6,38.0,2.9
2025-01-03 10:00:00,28.0,0.0,71.6,41.0,3.6
2025-01-03 11:00:00,29.2,0.0,67.0,47.0,3.8
2025-01-03 12:00:00,30.4,0.0,62.0,41.0,3.5
2025-01-03 13:00:00,31.5,0.0,58.9,24.0,4.0
2025-01-03 14:00:00,31.3,0.0,58.7,22.0,3.4
2025-01-03 15:00:00,31.0,0.0,67.3,246.0,4.8
2025-01-03 16:00:00,31.0,0.0,66.0,268.0,5.7
2025-01-03 17:00:00,30.4,0.0,70.6,251.0,4.8
2025-01-03 18:00:00,30.4,0.0,68.8,297.0,3.2
2025-01-03 19:00:00,25.4,0.0,91.6,272.0,1.8
2025-01-03 20:00:00,26.1,0.0,88.2,209.0,0.8
2025-01-03 21:00:00,27.5,0.0,82.5,188.0,1.4
2025-01-03 22:00:00,27.8,0.0,76.8,65.0,1.7
2025-01-03 23:00:00,27.5,0.0,77.3,38.0,2.0
2025-01-04 00:00:00,27.5,0.0,78.5,31.0,1.9
2025-01-04 01:00:00,27.3,0.0,77.9,36.0,1.1
2025-01-04 02:00:00,27.2,0.0,78.2,40.0,1.5
2025-01-04 03:00:00,26.9,0.0,80.6,58.0,2.1
2025-01-04 04:00:00,26.9,0.0,80.4,62.0,1.5
2025-01-04 05:00:00,26.9,0.0,80.9,21.0,2.0
2025-01-04 06:00:00,26.7,0.0,83.5,15.0,2.0
2025-01-04 07:00:00,26.7,0.0,81.9,35.0,2.9
2025-01-04 08:00:00,26.6,0.0,84.3,41.0,2.2
2025-01-04 09:00:00,27.0,0.0,81.5,18.0,3.5
2025-01-04 10:00:00,28.0,0.0,75.6,36.0,3.4
2025-01-04 11:00:00,28.3,0.0,73.5,33.0,3.8
2025-01-04 12:00:00,29.6,0.0,66.3,41.0,3.4
2025-01-04 13:00:00,30.6,0.0,64.3,44.0,4.0
2025-01-04 14:00:00,31.7,0.0,59.8,37.0,4.3
2025-01-04 15:00:00,31.9,0.0,56.9,45.0,5.2
2025-01-04 16:00:00,30.7,0.0,60.3,44.0,4.1
2025-01-04 17:00:00,30.9,0.0,61.1,44.0,3.8
2025-01-04 18:00:00,30.1,0.0,64.1,47.5,3.6
2025-01-04 19:00:00,29.1,0.0,68.6,51.0,3.7
2025-01-04 20:00:00,28.7,0.0,66.9,54.0,4.6
2025-01-04 21:00:00,28.2,0.0,70.3,60.0,1.6
2025-01-04 22:00:00,28.0,0.0,71.2,60.0,2.0
2025-01-04 23:00:00,27.6,0.0,74.3,53.0,2.0
2025-01-05 00:00:00,27.3,0.0,78.4,42.0,2.9
2025-01-05 01:00:00,27.0,0.0,80.1,51.0,3.0
2025-01-05 02:00:00,26.8,0.0,80.2,50.0,2.2
2025-01-05 03:00:00,26.7,0.0,80.2,56.0,1.9
2025-01-05 04:00:00,26.5,0.0,81.3,62.0,2.0
2025-01-05 05:00:00,26.5,0.0,82.3,57.0,3.5
2025-01-05 06:00:00,26.4,0.0,82.1,39.0,3.6
2025-01-05 07:00:00,26.1,0.0,83.3,49.0,3.1
2025-01-05 08:00:00,26.2,0.0,83.2,39.0,2.1
2025-01-05 09:00:00,26.8,0.0,80.3,49.0,3.6
2025-01-05 10:00:00,27.6,0.0,75.5,43.0,3.8
2025-01-05 11:00:00,28.7,0.0,71.2,46.0,3.0
2025-01-05 12:00:00,30.4,0.0,64.4,46.0,3.7
2025-01-05 13:00:00,31.5,0.0,60.3,49.0,4.6
2025-01-05 14:00:00,31.7,0.0,58.9,35.0,4.9
2025-01-05 15:00:00,32.5,0.0,58.5,338.0,5.0
2025-01-05 16:00:00,29.3,0.0,77.1,272.0,4.0
2025-01-05 17:00:00,28.7,0.0,75.7,292.0,6.0
2025-01-05 18:00:00,28.6,0.0,75.6,99.0,1.4
2025-01-05 19:00:00,27.5,0.0,82.3,189.0,1.7
2025-01-05 20:00:00,28.1,0.0,72.6,68.0,2.0
2025-01-05 21:00:00,27.9,0.0,70.9,59.5,4.4
2025-01-05 22:00:00,27.5,0.0,72.7,51.0,3.3
2025-01-05 23:00:00,27.3,0.0,75.1,56.0,2.4
2025-01-06 00:00:00,27.1,0.0,76.4,60.0,2.5
2025-01-06 01:00:00,27.0,0.0,77.2,77.0,1.6
2025-01-06 02:00:00,26.9,0.0,77.7,52.0,4.1
2025-01-06 03:00:00,26.9,0.0,76.8,55.0,3.1
2025-01-06 04:00:00,26.8,0.0,77.4,56.0,2.6
2025-01-06 05:00:00,26.7,0.0,77.9,50.0,2.8
2025-01-06 06:00:00,26.6,0.0,79.1,77.0,1.6
2025-01-06 07:00:00,26.5,0.0,80.1,62.0,2.2
2025-01-06 08:00:00,26.6,0.0,80.2,116.0,1.5
2025-01-06 09:00:00,27.4,0.0,76.9,39.0,2.4
2025-01-06 10:00:00,28.6,0.0,72.1,56.0,3.5
2025-01-06 11:00:00,29.1,0.0,67.8,50.0,3.0
2025-01-06 12:00:00,30.8,0.0,63.5,61.0,3.0
2025-01-06 13:00:00,31.5,0.0,58.3,50.0,4.0
2025-01-06 14:00:00,31.3,0.0,61.2,44.0,4.0
2025-01-06 15:00:00,31.6,0.0,58.3,50.0,4.5
2025-01-06 16:00:00,31.2,0.0,56.7,49.0,4.5
2025-01-06 17:00:00,30.4,0.0,62.7,57.0,3.5
2025-01-06 18:00:00,29.7,0.0,65.8,77.0,2.3
2025-01-06 19:00:00,29.1,0.0,70.1,94.0,1.6
2025-01-06 20:00:00,28.5,0.0,70.0,52.0,3.0
2025-01-06 21:00:00,27.9,0.0,72.5,74.0,2.2
2025-01-06 22:00:00,27.6,0.0,71.7,53.0,3.1
2025-01-06 23:00:00,27.2,0.0,75.0,55.0,2.8
2025-01-07 00:00:00,27.1,0.0,75.7,48.0,2.2
2025-01-07 01:00:00,26.6,0.0,78.2,49.0,3.1
2025-01-07 02:00:00,26.5,0.0,78.7,46.0,3.1
2025-01-07 03:00:00,26.4,0.0,79.2,40.0,3.0
2025-01-07 04:00:00,26.2,0.0,80.2,33.0,2.4
2025-01-07 05:00:00,26.1,0.0,80.5,8.0,2.6
2025-01-07 06:00:00,26.0,0.0,80.3,16.0,2.3
2025-01-07 07:00:00,26.0,0.0,81.1,13.0,2.7
2025-01-07 08:00:00,26.2,0.0,80.5,12.0,3.1
2025-01-07 09:00:00,26.7,0.0,77.9,18.0,3.0
2025-01-07 10:00:00,27.7,0.0,74.7,15.0,3.3
2025-01-07 11:00:00,28.7,0.0,68.6,22.0,3.5
2025-01-07 12:00:00,29.4,0.0,67.5,58.0,2.7
2025-01-07 13:00:00,28.7,0.0,78.0,295.0,4.6
2025-01-07 14:00:00,27.4,0.0,76.1,82.0,2.5
2025-01-07 15:00:00,29.5,0.0,72.8,304.0,6.0
2025-01-07 16:00:00,29.5,0.0,70.8,60.0,3.5
2025-01-07 17:00:00,30.5,0.0,64.7,65.0,1.7
2025-01-07 18:00:00,30.6,0.0,65.1,71.0,2.2
2025-01-07 19:00:00,29.7,0.0,64.6,36.0,5.1
2025-01-07 20:00:00,29.1,0.0,64.5,35.0,3.4
2025-01-07 21:00:00,28.7,0.0,62.5,42.0,2.2
2025-01-07 22:00:00,28.6,0.0,60.6,55.0,3.1
2025-01-07 23:00:00,27.9,0.0,64.8,53.0,3.1
2025-01-08 00:00:00,27.2,0.0,72.6,68.0,1.9
2025-01-08 01:00:00,26.9,0.0,75.5,130.0,1.3
2025-01-08 02:00:00,26.7,0.0,77.8,93.0,1.4
2025-01-08 03:00:00,26.5,0.0,78.7,43.0,2.4
2025-01-08 04:00:00,26.5,0.0,80.0,26.0,2.1
2025-01-08 05:00:00,26.3,0.0,80.4,16.0,2.4
2025-01-08 06:00:00,26.6,0.0,79.2,28.0,2.6
2025-01-08 07:00:00,26.6,0.0,79.5,9.0,2.6
2025-01-08 08:00:00,26.7,0.0,78.7,15.0,2.4
2025-01-08 09:00:00,27.0,0.0,78.7,30.0,2.2
2025-01-08 10:00:00,27.8,0.0,77.3,32.0,2.9
2025-01-08 11:00:00,29.2,0.0,68.4,47.0,4.4
2025-01-08 12:00:00,30.6,0.0,61.7,47.0,4.0
2025-01-08 13:00:00,31.0,0.0,59.0,45.0,4.0
2025-01-08 14:00:00,32.4,0.0,54.0,25.0,3.6
2025-01-08 15:00:00,32.2,0.0,53.1,11.0,4.7
2025-01-08 16:00:00,30.5,0.0,73.0,269.0,7.2
2025-01-08 17:00:00,29.9,0.0,74.8,253.0,5.9
2025-01-08 18:00:00,30.0,0.0,72.2,294.0,3.2
2025-01-08 19:00:00,30.7,0.0,59.5,57.0,2.9
2025-01-08 20:00:00,29.5,0.0,65.5,54.0,3.0
2025-01-08 21:00:00,28.6,0.0,67.2,58.0,3.8
2025-01-08 22:00:00,27.9,0.0,67.1,60.0,5.1
2025-01-08 23:00:00,27.4,0.0,71.4,51.0,4.3
2025-01-09 00:00:00,27.2,0.0,74.7,55.0,4.2
2025-01-09 01:00:00,26.9,0.0,76.4,59.0,3.7
2025-01-09 02:00:00,26.7,0.0,76.0,57.0,4.7
2025-01-09 03:00:00,26.7,0.0,78.0,54.0,4.5
2025-01-09 04:00:00,26.4,0.0,79.1,51.0,4.4
2025-01-09 05:00:00,26.0,0.0,80.5,58.0,3.6
2025-01-09 06:00:00,26.1,0.0,80.0,45.0,3.3
2025-01-09 07:00:00,25.9,0.0,80.7,56.0,3.1
2025-01-09 08:00:00,26.2,0.0,80.0,48.0,3.0
2025-01-09 09:00:00,26.9,0.0,76.4,38.0,3.8
2025-01-09 10:00:00,27.9,0.0,72.1,46.0,4.3
2025-01-09 11:00:00,29.1,0.0,64.3,53.0,3.6
2025-01-09 12:00:00,30.6,0.0,58.3,37.0,4.2
2025-01-09 13:00:00,30.9,0.0,54.6,43.0,3.8
2025-01-09 14:00:00,32.3,0.0,48.8,33.0,5.4
2025-01-09 15:00:00,32.6,0.0,48.5,32.0,5.6
2025-01-09 16:00:00,32.6,0.0,48.6,40.0,4.8
2025-01-09 17:00:00,31.8,0.0,48.5,52.0,5.9
2025-01-09 18:00:00,30.7,0.0,55.3,54.0,4.1
2025-01-09 19:00:00,30.1,0.0,57.7,52.0,2.8
2025-01-09 20:00:00,29.2,0.0,60.9,51.0,3.6
2025-01-09 21:00:00,28.4,0.0,65.3,56.0,3.6
2025-01-09 22:00:00,28.1,0.0,68.6,51.0,3.3
2025-01-09 23:00:00,27.7,0.0,67.8,58.0,3.7
2025-01-10 00:00:00,27.4,0.0,71.5,44.0,3.8
2025-01-10 01:00:00,27.2,0.0,73.2,51.0,3.4
2025-01-10 02:00:00,26.9,0.0,75.0,47.0,3.9
2025-01-10 03:00:00,26.6,0.0,74.7,59.0,3.8
2025-01-10 04:00:00,26.6,0.0,76.3,56.0,3.8
2025-01-10 05:00:00,26.4,0.0,78.2,33.0,3.7
2025-01-10 06:00:00,26.3,0.0,78.1,32.0,2.5
2025-01-10 07:00:00,26.1,0.0,78.5,102.0,1.6
2025-01-10 08:00:00,26.0,0.0,79.4,76.0,3.1
2025-01-10 09:00:00,26.0,0.0,74.8,67.0,2.8
2025-01-10 10:00:00,25.8,0.0,78.3,46.0,2.5
2025-01-10 11:00:00,24.9,0.4,86.5,49.0,3.1
2025-01-10 12:00:00,23.9,0.6,93.5,14.0,4.9
2025-01-10 13:00:00,23.3,0.4,92.0,11.0,4.6
2025-01-10 14:00:00,23.0,0.6,93.0,8.0,4.3
2025-01-10 15:00:00,23.1,0.2,94.1,26.0,2.7
2025-01-10 16:00:00,23.2,0.2,94.4,42.0,3.2
2025-01-10 17:00:00,23.3,0.6,92.9,17.0,6.2
2025-01-10 18:00:00,23.0,0.6,94.4,43.0,5.4
2025-01-10 19:00:00,23.1,0.4,94.8,19.0,6.8
2025-01-10 20:00:00,23.1,0.6,94.8,17.0,4.2
2025-01-10 21:00:00,22.6,0.6,95.3,43.0,4.5
2025-01-10 22:00:00,22.5,0.4,95.7,93.0,2.2
2025-01-10 23:00:00,22.5,0.4,95.9,55.0,2.3
2025-01-11 00:00:00,23.0,0.2,96.2,19.0,2.1
2025-01-11 01:00:00,22.7,0.2,96.3,37.0,3.2
2025-01-11 02:00:00,22.4,0.4,96.2,8.0,4.4
2025-01-11 03:00:00,22.4,0.4,96.1,6.0,4.6
2025-01-11 04:00:00,22.6,0.6,96.1,25.0,3.9
2025-01-11 05:00:00,22.5,0.6,96.1,359.0,5.0
2025-01-11 06:00:00,22.2,1.8,96.2,21.0,6.5
2025-01-11 07:00:00,22.4,0.2,96.4,47.0,3.5
2025-01-11 08:00:00,22.7,0.2,96.3,33.0,8.10001
2025-01-11 09:00:00,22.3,0.0,95.3,88.0,3.2
2025-01-11 10:00:00,22.9,0.2,94.6,59.0,2.9
2025-01-11 11:00:00,23.3,0.0,93.9,73.0,3.6
2025-01-11 12:00:00,23.9,0.0,90.4,30.0,5.3
2025-01-11 13:00:00,23.8,0.2,93.5,24.0,4.4
2025-01-11 14:00:00,24.5,0.0,89.4,17.0,3.8
2025-01-11 15:00:00,23.8,1.0,93.7,21.0,4.4
2025-01-11 16:00:00,23.6,0.6,95.0,17.0,3.5
2025-01-11 17:00:00,23.9,0.2,95.5,8.0,3.6
2025-01-11 18:00:00,24.3,0.0,95.6,22.0,4.3
2025-01-11 19:00:00,24.5,0.0,94.3,146.0,1.2
2025-01-11 20:00:00,24.9,0.0,90.4,56.0,2.1
2025-01-11 21:00:00,25.0,0.0,88.9,60.0,1.5
2025-01-11 22:00:00,25.3,0.0,86.8,12.0,3.5
2025-01-11 23:00:00,25.2,0.0,88.7,35.0,2.2
2025-01-12 00:00:00,25.1,0.0,88.4,15.0,3.5
2025-01-12 01:00:00,25.1,0.0,88.7,16.0,4.3
2025-01-12 02:00:00,25.1,0.0,88.6,37.0,3.4
2025-01-12 03:00:00,25.0,0.0,88.4,24.0,1.5
2025-01-12 04:00:00,25.2,0.0,87.4,13.0,3.3
2025-01-12 05:00:00,25.1,0.0,88.1,9.0,4.0
2025-01-12 06:00:00,25.3,0.0,87.2,24.0,2.1
2025-01-12 07:00:00,25.2,0.0,88.1,12.0,3.4
2025-01-12 08:00:00,25.1,0.0,87.5,16.0,3.0
2025-01-12 09:00:00,25.1,0.0,89.6,19.0,2.5
2025-01-12 10:00:00,25.5,0.2,88.0,42.0,2.8
2025-01-12 11:00:00,26.6,0.0,83.4,49.0,3.6
2025-01-12 12:00:00,26.8,0.0,83.2,42.0,3.6
2025-01-12 13:00:00,27.7,0.0,76.7,59.0,5.6
2025-01-12 14:00:00,28.9,0.0,70.9,64.0,4.5
2025-01-12 15:00:00,27.1,0.0,78.6,54.0,3.5
2025-01-12 16:00:00,28.0,0.0,74.2,68.0,1.6
2025-01-12 17:00:00,26.5,0.0,81.9,60.0,3.3
2025-01-12 18:00:00,26.1,0.0,84.3,154.0,0.9
2025-01-12 19:00:00,25.6,0.0,86.4,11.0,2.1
2025-01-12 20:00:00,24.3,0.0,94.2,7.0,2.2
2025-01-12 21:00:00,24.5,2.0,94.7,43.0,1.6
2025-01-12 22:00:00,24.2,0.2,95.7,352.0,2.3
2025-01-12 23:00:00,24.2,0.2,96.1,319.0,1.4
2025-01-13 00:00:00,23.7,0.6,96.2,214.0,5.0
2025-01-13 01:00:00,23.8,2.8,96.5,234.0,1.7
2025-01-13 02:00:00,24.0,0.6,96.8,28.0,4.3
2025-01-13 03:00:00,23.5,0.4,96.9,26.0,4.1
2025-01-13 04:00:00,23.7,0.0,97.1,24.0,3.4
2025-01-13 05:00:00,24.1,0.0,97.1,18.0,2.3
2025-01-13 06:00:00,25.3,0.0,86.4,55.0,3.9
2025-01-13 07:00:00,25.2,0.0,85.3,66.0,4.1
2025-01-13 08:00:00,25.2,0.0,85.6,61.0,1.7
2025-01-13 09:00:00,24.6,0.0,91.3,61.0,3.0
2025-01-13 10:00:00,24.8,0.0,89.5,46.0,3.6
2025-01-13 11:00:00,24.9,0.2,89.9,39.0,2.8
2025-01-13 12:00:00,25.4,0.0,85.9,62.0,3.9
2025-01-13 13:00:00,26.0,0.0,82.2,50.0,3.8
2025-01-13 14:00:00,26.9,0.0,78.8,56.0,2.8
2025-01-13 15:00:00,25.2,0.6,91.1,49.0,3.2
2025-01-13 16:00:00,25.2,0.2,90.0,59.0,2.3
2025-01-13 17:00:00,25.5,0.0,88.1,94.0,1.3
2025-01-13 18:00:00,24.8,0.0,90.9,52.0,2.3
2025-01-13 19:00:00,24.3,0.0,90.8,48.0,2.5
2025-01-13 20:00:00,25.0,0.0,88.6,65.0,1.5
2025-01-13 21:00:00,25.6,0.0,85.5,77.0,1.8
2025-01-13 22:00:00,25.3,0.0,88.3,143.0,1.1
2025-01-13 23:00:00,25.3,0.0,87.2,76.0,1.8
2025-01-14 00:00:00,25.2,0.0,87.6,50.0,2.2
2025-01-14 01:00:00,25.1,0.0,88.2,242.0,1.1
2025-01-14 02:00:00,25.1,0.0,88.2,100.0,1.2
2025-01-14 03:00:00,24.8,0.0,89.4,54.0,1.0
2025-01-14 04:00:00,24.7,0.0,87.7,63.0,1.5
2025-01-14 05:00:00,24.9,0.0,87.1,7.0,2.6
2025-01-14 06:00:00,24.7,0.0,87.1,20.0,2.0
2025-01-14 07:00:00,24.7,0.0,87.2,12.0,3.3
2025-01-14 08:00:00,24.7,0.0,88.0,15.0,3.2
2025-01-14 09:00:00,24.8,0.0,90.2,17.0,2.8
2025-01-14 10:00:00,26.0,0.0,83.5,45.0,3.6
2025-01-14 11:00:00,26.9,0.0,79.4,42.0,3.0
2025-01-14 12:00:00,27.4,0.0,76.7,50.0,3.2
2025-01-14 13:00:00,25.2,0.0,91.6,33.0,3.7
2025-01-14 14:00:00,26.9,0.0,82.7,74.0,1.9
2025-01-14 15:00:00,25.9,0.0,87.2,115.0,1.1
2025-01-14 16:00:00,24.7,0.6,93.9,35.0,2.9
2025-01-14 17:00:00,24.7,0.2,95.5,37.0,2.3
2025-01-14 18:00:00,25.5,0.0,91.4,16.0,2.3
2025-01-14 19:00:00,25.7,0.0,89.2,38.0,2.3
2025-01-14 20:00:00,25.6,0.0,89.0,22.0,3.2
2025-01-14 21:00:00,25.5,0.0,88.9,77.0,2.7
2025-01-14 22:00:00,25.5,0.0,89.7,41.0,2.8
2025-01-14 23:00:00,24.7,0.0,92.9,36.0,3.9
2025-01-15 00:00:00,25.3,0.0,88.6,16.0,2.2
2025-01-15 01:00:00,25.4,0.0,88.8,23.0,3.7
2025-01-15 02:00:00,25.4,0.0,87.9,50.0,3.1
2025-01-15 03:00:00,25.5,0.0,86.1,38.0,2.5
2025-01-15 04:00:00,25.4,0.0,85.1,26.0,3.6
2025-01-15 05:00:00,25.1,0.0,87.6,63.0,2.8
2025-01-15 06:00:00,25.0,0.0,86.8,28.0,2.5
2025-01-15 07:00:00,24.9,0.0,87.3,24.0,2.6
2025-01-15 08:00:00,25.1,0.0,83.3,50.0,2.8
2025-01-15 09:00:00,25.3,0.0,83.3,28.0,2.5
2025-01-15 10:00:00,25.5,0.0,82.3,20.0,2.8
2025-01-15 11:00:00,26.0,0.0,79.3,23.0,2.8
2025-01-15 12:00:00,26.6,0.0,76.6,307.0,3.1
2025-01-15 13:00:00,27.1,0.0,75.4,300.0,2.9
2025-01-15 14:00:00,27.3,0.0,76.3,287.0,3.6
2025-01-15 15:00:00,27.2,0.0,76.0,270.0,5.4
2025-01-15 16:00:00,27.2,0.0,75.0,285.0,5.1
2025-01-15 17:00:00,27.0,0.0,76.1,291.0,3.3
2025-01-15 18:00:00,26.9,0.0,76.7,277.0,2.1
2025-01-15 19:00:00,26.7,0.0,79.7,30.0,1.8
2025-01-15 20:00:00,26.2,0.0,85.8,68.0,2.0
2025-01-15 21:00:00,25.8,0.0,86.1,123.0,0.7
2025-01-15 22:00:00,26.0,0.0,86.4,101.0,1.1
2025-01-15 23:00:00,26.4,0.0,81.2,206.0,1.4
2025-01-16 00:00:00,26.2,0.0,82.8,232.0,1.1
2025-01-16 01:00:00,26.1,0.0,88.7,41.0,1.3
2025-01-16 02:00:00,26.491666666666667,0.0,86.69166666666666,42.083333333333336,1.4333333333333333
2025-01-16 03:00:00,26.883333333333333,0.0,84.68333333333334,43.166666666666664,1.5666666666666667
2025-01-16 04:00:00,27.275000000000002,0.0,82.675,44.25,1.7
2025-01-16 05:00:00,,,,,
2025-01-16 06:00:00,,,,,
2025-01-16 07:00:00,,,,,
2025-01-16 08:00:00,,,,,
2025-01-16 09:00:00,,,,,
2025-01-16 10:00:00,29.625,0.0,70.625,50.75,2.5
2025-01-16 11:00:00,30.016666666666666,0.0,68.61666666666666,51.833333333333336,2.6333333333333333
2025-01-16 12:00:00,30.408333333333335,0.0,66.60833333333333,52.91666666666667,2.7666666666666666
2025-01-16 13:00:00,30.8,0.0,64.6,54.0,2.9
2025-01-16 14:00:00,30.8,0.0,61.7,68.0,2.1
2025-01-16 15:00:00,30.5,0.0,62.6,57.0,3.5
2025-01-16 16:00:00,30.3,0.0,68.2,64.0,2.5
2025-01-16 17:00:00,30.3,0.0,64.8,74.0,2.2
2025-01-16 18:00:00,29.8,0.0,64.6,56.0,3.3
2025-01-16 19:00:00,28.7,0.0,69.4,52.0,4.3
2025-01-16 20:00:00,27.9,0.0,74.9,61.0,3.5
2025-01-16 21:00:00,27.5,0.0,75.4,62.0,2.8
2025-01-16 22:00:00,27.3,0.0,76.3,60.0,2.8
2025-01-16 23:00:00,27.4,0.0,75.1,54.0,4.1
2025-01-17 00:00:00,27.1,0.0,76.4,63.0,3.5
2025-01-17 01:00:00,26.5,0.0,79.9,57.0,2.1
2025-01-17 02:00:00,26.3,0.0,80.6,50.0,3.3
2025-01-17 03:00:00,26.1,0.0,82.9,33.0,2.9
2025-01-17 04:00:00,25.9,0.0,82.4,69.0,1.8
2025-01-17 05:00:00,26.0,0.0,82.6,55.0,3.8
2025-01-17 06:00:00,25.9,0.0,82.2,32.0,2.7
2025-01-17 07:00:00,25.7,0.0,81.9,48.0,2.3
2025-01-17 08:00:00,25.8,0.0,81.3,56.0,3.8
2025-01-17 09:00:00,26.7,0.0,76.7,62.0,2.7
2025-01-17 10:00:00,27.5,0.0,74.7,51.0,4.3
2025-01-17 11:00:00,28.2,0.0,71.9,58.0,3.8
2025-01-17 12:00:00,28.6,0.0,71.3,57.0,4.2
2025-01-17 13:00:00,29.2,0.0,71.1,51.0,4.7
2025-01-17 14:00:00,28.8,0.0,72.1,57.0,4.7
2025-01-17 15:00:00,29.0,0.0,70.0,56.0,4.4
2025-01-17 16:00:00,28.0,0.0,73.8,53.0,5.0
2025-01-17 17:00:00,27.6,0.0,74.7,60.0,4.9
2025-01-17 18:00:00,25.8,0.4,85.0,50.0,4.8
2025-01-17 19:00:00,26.4,0.0,82.7,62.0,2.4
2025-01-17 20:00:00,26.3,0.0,82.3,56.0,3.6
2025-01-17 21:00:00,26.3,0.0,82.2,53.0,3.9
2025-01-17 22:00:00,25.7,0.0,86.0,55.0,3.8
2025-01-17 23:00:00,25.9,0.0,83.4,54.0,2.5
2025-01-18 00:00:00,25.2,0.0,88.6,45.0,3.4
2025-01-18 01:00:00,25.4,0.0,87.3,49.0,3.5
2025-01-18 02:00:00,25.7,0.0,85.3,41.0,2.9
2025-01-18 03:00:00,25.4,0.0,86.5,17.0,4.0
2025-01-18 04:00:00,25.0,0.0,88.3,56.0,3.2
2025-01-18 05:00:00,25.2,0.0,86.6,35.0,3.3
2025-01-18 06:00:00,24.8,0.0,90.2,39.0,3.0
2025-01-18 07:00:00,24.6,0.4,92.2,33.0,3.5
2025-01-18 08:00:00,24.9,0.0,90.5,21.0,2.8
2025-01-18 09:00:00,25.3,0.0,89.4,16.0,3.3
2025-01-18 10:00:00,26.3,0.0,85.1,23.0,3.0
2025-01-18 11:00:00,26.9,0.4,80.3,42.0,4.3
2025-01-18 12:00:00,26.4,0.0,84.0,57.0,3.2
2025-01-18 13:00:00,28.7,0.0,74.2,48.0,3.4
2025-01-18 14:00:00,28.2,0.0,75.9,58.0,4.0
2025-01-18 15:00:00,28.1,0.0,77.4,33.0,2.3
2025-01-18 16:00:00,27.9,0.0,76.2,35.0,3.5
2025-01-18 17:00:00,26.3,0.0,81.9,57.0,6.1
2025-01-18 18:00:00,27.5,0.0,75.4,54.0,3.4
2025-01-18 19:00:00,27.3,0.0,73.3,58.0,4.1
2025-01-18 20:00:00,25.3,0.0,84.8,41.0,2.0
2025-01-18 21:00:00,25.9,0.0,84.1,42.0,2.2
2025-01-18 22:00:00,25.9,0.0,84.1,31.0,3.0
2025-01-18 23:00:00,25.3,0.0,89.2,31.0,1.9
2025-01-19 00:00:00,25.3,0.0,91.1,14.0,3.2
2025-01-19 01:00:00,25.7,0.0,87.4,20.0,3.5
2025-01-19 02:00:00,25.6,0.0,86.5,25.0,3.0
2025-01-19 03:00:00,25.2,0.0,88.4,77.0,2.0
2025-01-19 04:00:00,25.2,0.0,86.7,42.0,4.5
2025-01-19 05:00:00,25.0,0.0,87.8,42.0,3.8
2025-01-19 06:00:00,24.9,0.0,89.6,29.0,3.6
2025-01-19 07:00:00,24.9,0.0,87.8,27.0,3.7
2025-01-19 08:00:00,25.1,0.0,88.1,19.0,3.0
2025-01-19 09:00:00,25.0,0.0,89.0,45.0,2.9
2025-01-19 10:00:00,25.2,0.0,88.2,48.0,2.9
2025-01-19 11:00:00,25.3,0.2,88.2,46.0,3.4
2025-01-19 12:00:00,25.1,0.2,90.1,57.0,3.4
2025-01-19 13:00:00,26.2,0.2,88.1,298.0,3.5
2025-01-19 14:00:00,25.4,0.4,90.7,28.0,3.3
2025-01-19 15:00:00,26.2,0.0,83.8,26.0,3.7
2025-01-19 16:00:00,25.3,0.0,88.3,225.0,1.6
2025-01-19 17:00:00,25.1,0.0,90.6,78.0,1.6
2025-01-19 18:00:00,25.9,0.0,86.6,28.0,2.4
2025-01-19 19:00:00,26.3,0.0,81.2,54.0,2.3
2025-01-19 20:00:00,26.1,0.0,83.4,38.0,2.2
2025-01-19 21:00:00,26.1,0.0,83.3,24.0,3.1
2025-01-19 22:00:00,25.8,0.0,85.0,12.0,2.4
2025-01-19 23:00:00,25.9,0.0,83.8,13.0,3.2
2025-01-20 00:00:00,25.6,0.0,85.2,44.0,2.5
2025-01-20 01:00:00,25.3,0.0,86.0,47.0,2.5
2025-01-20 02:00:00,25.4,0.0,84.7,38.0,2.6
2025-01-20 03:00:00,25.1,0.0,85.1,42.0,2.2
2025-01-20 04:00:00,25.0,0.0,86.1,37.0,2.7
2025-01-20 05:00:00,25.1,0.0,85.9,30.0,2.4
2025-01-20 06:00:00,25.2,0.0,85.6,46.0,2.6
2025-01-20 07:00:00,25.3,0.0,83.0,55.0,3.0
2025-01-20 08:00:00,25.3,0.0,84.4,51.0,3.4
2025-01-20 09:00:00,25.5,0.0,84.2,47.0,2.4
2025-01-20 10:00:00,26.4,0.0,77.6,41.0,3.8
2025-01-20 11:00:00,27.8,0.0,70.3,53.0,4.4
2025-01-20 12:00:00,28.3,0.0,69.7,38.0,4.7
2025-01-20 13:00:00,29.2,0.0,65.8,54.0,4.3
2025-01-20 14:00:00,29.3,0.0,64.8,43.0,4.6
2025-01-20 15:00:00,29.3,0.0,63.7,49.0,4.5
2025-01-20 16:00:00,29.2,0.0,67.0,46.0,3.6
2025-01-20 17:00:00,28.8,0.0,65.5,59.0,3.6
2025-01-20 18:00:00,28.4,0.0,66.8,57.0,3.9
2025-01-20 19:00:00,28.2,0.0,67.8,53.0,3.4
2025-01-20 20:00:00,27.5,0.0,71.0,49.0,3.4
2025-01-20 21:00:00,27.1,0.0,73.4,54.0,3.7
2025-01-20 22:00:00,26.8,0.0,74.8,52.0,2.6
2025-01-20 23:00:00,26.5,0.0,76.7,51.0,2.8
2025-01-21 00:00:00,26.1,0.0,78.2,42.0,2.2
2025-01-21 01:00:00,26.1,0.0,79.4,27.0,2.6
2025-01-21 02:00:00,26.0,0.0,80.3,31.0,2.3
2025-01-21 03:00:00,25.7,0.0,82.3,21.0,2.7
2025-01-21 04:00:00,25.4,0.0,83.7,10.0,3.6
2025-01-21 05:00:00,25.5,0.0,82.1,33.0,1.6
2025-01-21 06:00:00,25.6,0.0,81.4,8.0,3.2
2025-01-21 07:00:00,25.7,0.0,80.5,11.0,2.1
2025-01-21 08:00:00,25.9,0.0,78.2,18.0,3.0
2025-01-21 09:00:00,26.1,0.0,77.3,21.0,1.9
2025-01-21 10:00:00,26.7,0.0,73.6,40.0,2.7
2025-01-21 11:00:00,27.4,0.0,72.1,45.0,3.2
2025-01-21 12:00:00,28.2,0.0,66.7,50.0,4.0
2025-01-21 13:00:00,27.7,0.0,69.4,54.0,3.2
2025-01-21 14:00:00,27.3,0.0,73.7,49.0,3.2
2025-01-21 15:00:00,26.9,0.0,71.2,49.0,4.2
2025-01-21 16:00:00,25.8,0.0,74.2,55.0,4.1
2025-01-21 17:00:00,26.2,0.0,74.7,55.0,4.2
2025-01-21 18:00:00,26.7,0.0,72.0,55.0,5.0
2025-01-21 19:00:00,26.3,0.0,71.9,55.0,5.4
2025-01-21 20:00:00,25.9,0.0,75.2,53.0,5.5
2025-01-21 21:00:00,26.2,0.0,73.3,52.0,4.7
2025-01-21 22:00:00,26.0,0.0,73.9,56.0,3.1
2025-01-21 23:00:00,26.1,0.0,76.4,62.0,3.3
2025-01-22 00:00:00,25.7,0.0,78.3,57.0,2.2
2025-01-22 01:00:00,25.3,0.0,81.1,45.0,3.2
2025-01-22 02:00:00,25.1,0.0,83.6,42.0,3.0
2025-01-22 03:00:00,25.4,0.0,84.2,26.0,2.6
2025-01-22 04:00:00,25.3,0.0,85.1,38.0,2.1
2025-01-22 05:00:00,25.2,0.0,84.9,45.0,1.2
2025-01-22 06:00:00,25.4,0.0,81.9,50.0,2.2
2025-01-22 07:00:00,25.2,0.0,83.6,229.0,1.0
2025-01-22 08:00:00,25.6,0.0,81.3,342.0,1.4
2025-01-22 09:00:00,26.0,0.0,80.6,170.0,1.5
2025-01-22 10:00:00,26.2,0.0,80.5,26.0,2.6
2025-01-22 11:00:00,26.7,0.0,78.1,31.0,2.4
2025-01-22 12:00:00,27.1,0.0,78.3,14.0,2.6
2025-01-22 13:00:00,27.7,0.0,73.3,24.0,3.0
2025-01-22 14:00:00,28.2,0.0,71.8,75.0,1.8
2025-01-22 15:00:00,28.0,0.0,73.2,83.0,1.7
2025-01-22 16:00:00,27.3,0.0,79.0,86.0,1.2
2025-01-22 17:00:00,27.1,0.0,75.6,54.0,2.9
2025-01-22 18:00:00,27.2,0.0,73.5,50.0,2.5
2025-01-22 19:00:00,27.0,0.0,75.2,67.0,1.7
2025-01-22 20:00:00,26.9,0.0,77.7,128.0,1.2
2025-01-22 21:00:00,26.8,0.0,76.8,113.0,1.3
2025-01-22 22:00:00,26.5,0.0,76.2,62.0,1.3
2025-01-22 23:00:00,26.2,0.0,79.6,96.0,1.0
2025-01-23 00:00:00,26.1,0.0,81.7,51.0,1.9
2025-01-23 01:00:00,25.9,0.0,81.3,33.0,1.8
2025-01-23 02:00:00,25.7,0.0,81.6,47.0,2.6
2025-01-23 03:00:00,25.5,0.0,82.8,83.0,1.2
2025-01-23 04:00:00,25.3,0.0,83.5,168.0,0.8
2025-01-23 05:00:00,25.3,0.0,84.1,175.0,0.9
2025-01-23 06:00:00,25.0,0.0,86.8,96.0,1.3
2025-01-23 07:00:00,25.0,0.0,87.1,58.0,1.8
2025-01-23 08:00:00,25.2,0.0,86.7,177.0,1.4
2025-01-23 09:00:00,25.9,0.0,83.0,71.0,1.4
2025-01-23 10:00:00,26.5,0.0,78.9,52.0,3.0
2025-01-23 11:00:00,27.2,0.0,77.7,69.0,2.1
2025-01-23 12:00:00,27.5,0.0,76.5,44.0,4.0
2025-01-23 13:00:00,27.6,0.0,75.3,39.0,3.0
2025-01-23 14:00:00,28.0,0.0,73.4,28.0,2.3
2025-01-23 15:00:00,27.8,0.0,75.4,17.0,3.1
2025-01-23 16:00:00,28.3,0.0,73.5,32.0,2.0
2025-01-23 17:00:00,28.2,0.0,73.8,31.0,2.4
2025-01-23 18:00:00,26.9,0.0,76.3,56.0,5.3
2025-01-23 19:00:00,26.3,0.0,83.6,32.0,2.5
2025-01-23 20:00:00,26.7,0.0,81.0,13.0,2.7
2025-01-23 21:00:00,26.5,0.0,82.2,12.0,3.0
2025-01-23 22:00:00,26.6,0.0,82.2,31.0,1.8
2025-01-23 23:00:00,26.4,0.0,83.4,17.0,3.2
2025-01-24 00:00:00,26.1,0.0,83.7,23.0,2.6
2025-01-24 01:00:00,25.9,0.0,84.5,45.0,2.7
2025-01-24 02:00:00,25.8,0.0,85.6,46.0,2.7
2025-01-24 03:00:00,25.8,0.0,84.4,51.0,3.1
2025-01-24 04:00:00,25.7,0.0,85.5,46.0,2.3
2025-01-24 05:00:00,25.8,0.0,84.8,40.0,2.4
2025-01-24 06:00:00,25.7,0.0,84.8,24.0,2.2
2025-01-24 07:00:00,25.6,0.0,85.8,26.0,2.4
2025-01-24 08:00:00,25.8,0.0,85.3,35.0,2.3
2025-01-24 09:00:00,26.0,0.0,84.1,20.0,2.7
2025-01-24 10:00:00,26.1,0.0,83.4,49.0,1.9
2025-01-24 11:00:00,26.1,0.0,84.2,37.0,2.0
2025-01-24 12:00:00,26.7,0.0,81.2,116.0,1.1
2025-01-24 13:00:00,26.4,0.0,83.7,33.0,2.0
2025-01-24 14:00:00,26.3,0.0,84.9,35.0,1.8
2025-01-24 15:00:00,26.7,0.0,83.6,320.0,2.2
2025-01-24 16:00:00,27.0,0.0,82.7,218.0,2.4
2025-01-24 17:00:00,27.3,0.0,81.2,276.0,2.3
2025-01-24 18:00:00,27.1,0.0,82.9,43.0,1.1
2025-01-24 19:00:00,26.8,0.0,80.3,47.0,2.5
2025-01-24 20:00:00,26.3,0.0,83.5,53.0,3.2
2025-01-24 21:00:00,26.0,0.0,85.8,45.0,2.8
2025-01-24 22:00:00,25.9,0.0,85.2,32.0,1.7
2025-01-24 23:00:00,26.0,0.0,85.6,23.0,1.5
2025-01-25 00:00:00,26.0,0.0,85.1,14.0,2.1
2025-01-25 01:00:00,26.0,0.0,85.4,10.0,2.7
2025-01-25 02:00:00,25.9,0.0,86.1,11.0,2.7
2025-01-25 03:00:00,25.7,0.0,87.1,23.0,2.0
2025-01-25 04:00:00,25.7,0.0,86.9,10.0,2.4
2025-01-25 05:00:00,25.5,0.0,87.6,39.0,1.9
2025-01-25 06:00:00,25.6,0.0,86.5,24.0,2.3
2025-01-25 07:00:00,25.4,0.0,86.4,62.0,1.5
2025-01-25 08:00:00,25.4,0.0,87.2,15.0,2.5
2025-01-25 09:00:00,25.8,0.0,85.6,54.0,2.2
2025-01-25 10:00:00,26.2,0.0,84.0,41.0,2.0
2025-01-25 11:00:00,27.3,0.0,80.3,29.0,2.2
2025-01-25 12:00:00,28.3,0.0,75.1,68.0,2.0
2025-01-25 13:00:00,27.8,0.0,80.6,281.0,5.8
2025-01-25 14:00:00,27.9,0.0,78.1,245.0,4.0
2025-01-25 15:00:00,27.2,0.4,84.2,249.0,3.2
2025-01-25 16:00:00,26.9,0.2,86.5,168.0,1.5
2025-01-25 17:00:00,27.7,0.0,79.4,282.0,3.0
2025-01-25 18:00:00,28.2,0.0,78.7,289.0,1.9
2025-01-25 19:00:00,26.9,1.0,81.6,18.0,2.8
2025-01-25 20:00:00,26.3,0.0,85.3,35.0,1.4
2025-01-25 21:00:00,25.9,0.0,89.7,182.0,1.1
2025-01-25 22:00:00,26.3,0.0,86.9,21.0,1.0
2025-01-25 23:00:00,26.4,0.0,86.4,20.0,1.2
2025-01-26 00:00:00,26.2,0.0,86.9,50.0,1.9
2025-01-26 01:00:00,26.0,0.0,86.9,41.0,1.9
2025-01-26 02:00:00,26.1,0.0,83.2,53.0,2.1
2025-01-26 03:00:00,25.9,0.0,85.4,129.0,0.9
2025-01-26 04:00:00,25.9,0.0,85.5,75.0,1.9
2025-01-26 05:00:00,26.1,0.0,82.8,43.0,2.3
2025-01-26 06:00:00,25.9,0.0,83.7,54.0,1.7
2025-01-26 07:00:00,25.7,0.0,84.9,131.0,1.1
2025-01-26 08:00:00,26.1,0.0,84.1,3.0,2.1
2025-01-26 09:00:00,26.3,0.0,82.6,19.0,2.1
2025-01-26 10:00:00,26.6,0.0,81.3,25.0,2.0
2025-01-26 11:00:00,27.7,0.0,78.0,24.0,2.9
2025-01-26 12:00:00,28.7,0.0,71.3,32.0,3.7
2025-01-26 13:00:00,30.0,0.0,66.9,60.0,2.6
2025-01-26 14:00:00,30.2,0.0,64.8,24.0,3.6
2025-01-26 15:00:00,30.6,0.0,63.6,32.0,2.6
2025-01-26 16:00:00,28.8,0.0,75.0,209.0,3.8
2025-01-26 17:00:00,24.0,0.2,94.6,281.0,9.0
2025-01-26 18:00:00,24.0,0.0,95.3,171.0,1.6
2025-01-26 19:00:00,25.3,0.0,92.4,11.0,2.9
2025-01-26 20:00:00,25.9,0.0,84.9,38.0,4.1
2025-01-26 21:00:00,26.0,0.0,84.6,35.0,2.0
2025-01-26 22:00:00,26.1,0.0,86.9,94.0,1.3
2025-01-26 23:00:00,25.9,0.0,88.3,247.0,1.3
2025-01-27 00:00:00,26.2,0.0,86.8,46.0,3.0
2025-01-27 01:00:00,26.2,0.0,86.1,37.0,2.1
2025-01-27 02:00:00,26.1,0.0,85.9,49.0,2.5
2025-01-27 03:00:00,25.7,0.0,87.3,49.0,1.9
2025-01-27 04:00:00,25.6,0.0,86.7,74.0,1.5
2025-01-27 05:00:00,25.6,0.0,85.9,45.0,1.7
2025-01-27 06:00:00,25.5,0.0,86.4,43.0,1.3
2025-01-27 07:00:00,25.4,0.0,86.5,137.0,1.1
2025-01-27 08:00:00,25.6,0.0,86.2,192.0,1.0
2025-01-27 09:00:00,26.2,0.0,84.7,63.0,1.6
2025-01-27 10:00:00,27.0,0.0,81.6,36.0,2.2
2025-01-27 11:00:00,28.2,0.0,75.2,69.0,2.1
2025-01-27 12:00:00,29.4,0.0,68.3,29.0,2.7
2025-01-27 13:00:00,30.2,0.0,68.2,42.0,2.8
2025-01-27 14:00:00,27.3,0.0,79.2,49.0,3.3
2025-01-27 15:00:00,26.3,0.0,86.3,66.0,2.0
2025-01-27 16:00:00,25.6,0.0,87.4,54.0,3.6
2025-01-27 17:00:00,24.5,0.0,88.1,53.0,3.6
2025-01-27 18:00:00,24.2,0.0,88.9,78.0,1.6
2025-01-27 19:00:00,24.2,0.0,87.8,57.0,2.3
2025-01-27 20:00:00,24.3,0.0,88.0,89.0,1.5
2025-01-27 21:00:00,24.8,0.0,86.7,99.0,1.4
2025-01-27 22:00:00,25.2,0.0,85.7,76.0,2.1
2025-01-27 23:00:00,25.4,0.0,85.0,47.0,2.4
2025-01-28 00:00:00,25.6,0.0,82.4,71.0,2.2
2025-01-28 01:00:00,25.8,0.0,81.0,64.0,2.9
2025-01-28 02:00:00,25.6,0.0,81.6,64.0,2.4
2025-01-28 03:00:00,25.4,0.0,83.2,48.0,1.7
2025-01-28 04:00:00,25.4,0.0,82.0,46.0,1.9
2025-01-28 05:00:00,25.5,0.0,81.2,67.0,2.9
2025-01-28 06:00:00,25.5,0.0,81.4,68.0,2.8
2025-01-28 07:00:00,25.5,0.0,81.9,80.0,1.8
2025-01-28 08:00:00,25.8,0.0,80.9,51.0,2.3
2025-01-28 09:00:00,26.5,0.0,77.2,56.0,3.0
2025-01-28 10:00:00,26.8,0.0,76.4,49.0,4.2
2025-01-28 11:00:00,27.3,0.0,71.6,58.0,4.6
2025-01-28 12:00:00,28.8,0.0,64.3,56.0,4.0
2025-01-28 13:00:00,28.7,0.0,65.9,61.0,3.8
2025-01-28 14:00:00,29.0,0.0,62.9,52.0,4.8
2025-01-28 15:00:00,29.6,0.0,57.8,62.0,4.0
2025-01-28 16:00:00,28.1,0.0,65.8,55.0,4.7
2025-01-28 17:00:00,26.4,0.0,75.8,50.0,5.6
2025-01-28 18:00:00,25.4,0.0,84.7,42.0,3.7
2025-01-28 19:00:00,24.5,0.0,89.2,129.0,1.2
2025-01-28 20:00:00,25.2,0.0,86.2,41.0,2.1
2025-01-28 21:00:00,25.5,0.0,81.9,46.0,2.6
2025-01-28 22:00:00,25.7,0.0,79.2,21.0,2.9
2025-01-28 23:00:00,25.5,0.0,81.1,29.0,2.5
2025-01-29 00:00:00,25.6,0.0,79.8,17.0,3.1
2025-01-29 01:00:00,25.3,0.0,81.9,18.0,2.8
2025-01-29 02:00:00,25.0,0.0,82.7,32.0,2.1
2025-01-29 03:00:00,25.0,0.0,80.1,47.0,3.3
2025-01-29 04:00:00,25.0,0.0,79.8,47.0,2.0
2025-01-29 05:00:00,25.1,0.0,78.1,45.0,2.8
2025-01-29 06:00:00,25.2,0.0,78.7,32.0,2.1
2025-01-29 07:00:00,25.1,0.0,79.3,46.0,2.5
2025-01-29 08:00:00,25.2,0.0,78.8,55.0,3.5
2025-01-29 09:00:00,25.7,0.0,77.2,29.0,1.7
2025-01-29 10:00:00,26.4,0.0,75.0,58.0,2.3
2025-01-29 11:00:00,27.1,0.0,68.6,58.0,4.7
2025-01-29 12:00:00,27.7,0.0,66.8,50.0,4.5
2025-01-29 13:00:00,28.0,0.0,66.9,55.0,4.5
2025-01-29 14:00:00,27.5,0.0,67.2,53.0,4.8
2025-01-29 15:00:00,28.5,0.0,62.3,53.0,6.0
2025-01-29 16:00:00,28.2,0.0,61.3,58.0,5.5
2025-01-29 17:00:00,28.2,0.0,61.8,58.0,5.0
2025-01-29 18:00:00,27.5,0.0,66.3,61.0,4.3
2025-01-29 19:00:00,27.0,0.0,66.4,55.0,3.9
2025-01-29 20:00:00,26.6,0.0,69.2,59.0,5.8
2025-01-29 21:00:00,25.9,0.0,70.2,54.0,2.9
2025-01-29 22:00:00,25.8,0.0,71.6,41.0,2.2
2025-01-29 23:00:00,25.7,0.0,73.5,51.0,2.3
2025-01-30 00:00:00,25.6,0.0,75.8,48.0,2.5
2025-01-30 01:00:00,25.4,0.0,76.5,44.0,2.8
2025-01-30 02:00:00,25.4,0.0,75.6,53.0,3.6
2025-01-30 03:00:00,25.2,0.0,77.1,18.0,3.8
2025-01-30 04:00:00,25.0,0.0,77.0,31.0,2.3
2025-01-30 05:00:00,24.8,0.0,78.4,41.0,2.7
2025-01-30 06:00:00,24.9,0.0,78.1,48.0,3.0
2025-01-30 07:00:00,24.9,0.0,77.6,14.0,2.8
2025-01-30 08:00:00,24.8,0.0,78.2,26.0,2.7
2025-01-30 09:00:00,25.4,0.0,76.2,22.0,2.8
2025-01-30 10:00:00,25.9,0.0,74.3,40.0,2.9
2025-01-30 11:00:00,27.1,0.0,65.8,53.0,4.2
2025-01-30 12:00:00,28.5,0.0,61.8,43.0,4.2
2025-01-30 13:00:00,28.8,0.0,57.1,53.0,5.6
2025-01-30 14:00:00,29.6,0.0,52.3,53.0,5.4
2025-01-30 15:00:00,30.3,0.0,51.7,48.0,5.0
2025-01-30 16:00:00,30.8,0.0,52.1,52.0,4.5
2025-01-30 17:00:00,30.0,0.0,53.1,38.0,4.0
2025-01-30 18:00:00,29.3,0.0,56.7,52.0,4.1
2025-01-30 19:00:00,28.6,0.0,57.2,49.0,3.4
2025-01-30 20:00:00,28.2,0.0,56.2,56.0,4.4
2025-01-30 21:00:00,27.6,0.0,58.5,60.0,4.3
2025-01-30 22:00:00,27.0,0.0,63.8,58.0,4.0
2025-01-30 23:00:00,26.6,0.0,67.6,54.0,4.0
2025-01-31 00:00:00,26.2,0.0,69.9,51.0,3.9
2025-01-31 01:00:00,25.6,0.0,72.4,55.0,3.9
2025-01-31 02:00:00,25.3,0.0,73.6,53.0,3.1
2025-01-31 03:00:00,25.1,0.0,74.6,50.0,2.9
2025-01-31 04:00:00,24.9,0.0,76.1,47.0,2.0
2025-01-31 05:00:00,24.9,0.0,73.8,50.0,3.2
2025-01-31 06:00:00,24.7,0.0,75.7,49.0,3.1
2025-01-31 07:00:00,24.4,0.0,78.3,53.0,2.9
2025-01-31 08:00:00,24.5,0.0,77.0,50.0,3.7
2025-01-31 09:00:00,25.4,0.0,73.0,50.0,4.6
2025-01-31 10:00:00,26.4,0.0,69.6,55.0,4.3
2025-01-31 11:00:00,27.7,0.0,63.5,52.0,4.7
2025-01-31 12:00:00,28.9,0.0,60.1,43.0,4.4
2025-01-31 13:00:00,29.8,0.0,59.2,47.0,3.7
2025-01-31 14:00:00,30.3,0.0,56.9,41.0,3.5
2025-01-31 15:00:00,29.9,0.0,57.4,23.0,3.0
2025-01-31 16:00:00,29.6,0.0,61.7,294.0,3.2
2025-01-31 17:00:00,30.1,0.0,58.4,35.0,2.8
2025-01-31 18:00:00,29.3,0.0,62.4,49.0,4.2
2025-01-31 19:00:00,28.9,0.0,64.5,76.0,1.7
2025-01-31 20:00:00,27.8,0.0,66.7,64.0,1.7
2025-01-31 21:00:00,27.3,0.0,65.0,55.0,3.0
2025-01-31 22:00:00,26.8,0.0,63.7,55.0,4.8
2025-01-31 23:00:00,26.4,0.0,67.2,61.0,3.5
2025-02-01 00:00:00,26.1,0.0,69.2,62.0,4.0
2025-02-01 01:00:00,26.0,0.0,71.7,55.0,4.0
2025-02-01 02:00:00,25.8,0.0,74.6,56.0,4.5
2025-02-01 03:00:00,25.7,0.0,75.0,60.0,2.9
2025-02-01 04:00:00,25.7,0.0,74.0,46.0,2.7
2025-02-01 05:00:00,25.6,0.0,75.1,16.0,3.8
2025-02-01 06:00:00,25.4,0.0,76.0,61.0,2.6
2025-02-01 07:00:00,25.4,0.0,75.7,19.0,0.8
2025-02-01 08:00:00,25.5,0.0,76.6,32.0,1.8
2025-02-01 09:00:00,25.8,0.0,75.9,47.0,3.1
2025-02-01 10:00:00,26.7,0.0,72.8,49.0,3.6
2025-02-01 11:00:00,28.0,0.0,65.0,57.0,4.4
2025-02-01 12:00:00,29.0,0.0,62.7,48.0,3.4
2025-02-01 13:00:00,30.6,0.0,56.1,40.0,3.2
2025-02-01 14:00:00,31.3,0.0,57.1,28.0,2.7
2025-02-01 15:00:00,29.4,0.0,69.3,239.0,5.2
2025-02-01 16:00:00,28.9,0.0,71.5,270.0,6.3
2025-02-01 17:00:00,28.7,0.0,71.8,284.0,7.8
2025-02-01 18:00:00,28.5,0.0,68.8,284.0,4.5
2025-02-01 19:00:00,28.0,0.0,75.2,269.0,3.1
2025-02-01 20:00:00,27.9,0.0,64.7,155.0,0.9
2025-02-01 21:00:00,27.6,0.0,66.4,127.0,1.0
2025-02-01 22:00:00,27.3,0.0,67.2,84.0,1.4
2025-02-01 23:00:00,26.7,0.0,70.3,94.0,1.5
2025-02-02 00:00:00,26.6,0.0,72.1,42.0,1.7
2025-02-02 01:00:00,26.4,0.0,73.8,53.0,2.7
2025-02-02 02:00:00,26.0,0.0,75.5,51.0,2.3
2025-02-02 03:00:00,25.9,0.0,75.9,56.0,3.7
2025-02-02 04:00:00,25.7,0.0,75.3,56.0,4.4
2025-02-02 05:00:00,25.4,0.0,76.9,61.0,3.3
2025-02-02 06:00:00,25.4,0.0,76.5,54.0,3.3
2025-02-02 07:00:00,25.2,0.0,78.4,57.0,3.0
2025-02-02 08:00:00,25.6,0.0,76.7,38.0,1.7
2025-02-02 09:00:00,25.6,0.0,78.8,46.0,3.2
2025-02-02 10:00:00,26.4,0.0,74.9,49.0,3.1
2025-02-02 11:00:00,27.4,0.0,71.3,48.0,3.3
2025-02-02 12:00:00,29.2,0.0,65.1,36.0,2.9
2025-02-02 13:00:00,30.2,0.0,61.0,47.0,3.2
2025-02-02 14:00:00,30.4,0.0,60.5,301.0,3.4
2025-02-02 15:00:00,29.4,0.0,73.4,235.0,5.3
2025-02-02 16:00:00,29.4,0.0,72.0,243.0,6.2
2025-02-02 17:00:00,29.2,0.0,74.1,257.0,6.1
2025-02-02 18:00:00,29.4,0.0,65.3,275.0,5.6
2025-02-02 19:00:00,28.9,0.0,70.4,287.0,4.6
2025-02-02 20:00:00,28.3,0.0,71.0,342.0,1.7
2025-02-02 21:00:00,28.2,0.0,74.5,171.0,1.2
2025-02-02 22:00:00,28.4,0.0,67.2,59.0,2.4
2025-02-02 23:00:00,27.9,0.0,69.5,54.0,3.0
2025-02-03 00:00:00,27.1,0.0,72.6,55.0,2.9
2025-02-03 01:00:00,26.6,0.0,73.9,56.0,3.6
2025-02-03 02:00:00,26.3,0.0,76.5,52.0,3.5
2025-02-03 03:00:00,26.1,0.0,78.0,60.0,3.5
2025-02-03 04:00:00,25.9,0.0,77.8,57.0,3.7
2025-02-03 05:00:00,25.7,0.0,78.7,59.0,3.4
2025-02-03 06:00:00,25.7,0.0,78.2,57.0,2.6
2025-02-03 07:00:00,25.7,0.0,77.0,49.0,3.1
2025-02-03 08:00:00,25.8,0.0,76.9,49.0,2.8
2025-02-03 09:00:00,26.4,0.0,74.1,52.0,3.0
2025-02-03 10:00:00,27.3,0.0,71.7,42.0,2.8
2025-02-03 11:00:00,28.4,0.0,65.1,54.0,3.6
2025-02-03 12:00:00,29.8,0.0,57.7,46.0,4.0
2025-02-03 13:00:00,31.4,0.0,51.8,32.0,3.4
2025-02-03 14:00:00,32.0,0.0,51.6,40.0,3.5
2025-02-03 15:00:00,29.9,0.0,66.5,264.0,6.5
2025-02-03 16:00:00,29.3,0.0,70.3,257.0,6.9
2025-02-03 17:00:00,28.8,0.0,75.3,237.0,5.5
2025-02-03 18:00:00,29.7,0.0,68.8,239.0,4.1
2025-02-03 19:00:00,28.9,0.0,72.5,270.0,3.7
2025-02-03 20:00:00,28.7,0.0,75.9,298.0,1.6
2025-02-03 21:00:00,28.2,0.0,78.4,46.0,2.1
2025-02-03 22:00:00,27.8,0.0,68.7,48.0,3.1
2025-02-03 23:00:00,27.7,0.0,67.3,69.0,2.3
2025-02-04 00:00:00,27.1,0.0,66.8,152.0,1.1
2025-02-04 01:00:00,26.7,0.0,69.0,64.0,2.4
2025-02-04 02:00:00,26.3,0.0,73.5,95.0,1.6
2025-02-04 03:00:00,26.0,0.0,75.2,65.0,2.1
2025-02-04 04:00:00,25.8,0.0,76.6,33.0,2.1
2025-02-04 05:00:00,25.6,0.0,78.0,42.0,1.9
2025-02-04 06:00:00,25.4,0.0,78.9,39.0,2.0
2025-02-04 07:00:00,25.3,0.0,79.6,47.0,3.2
2025-02-04 08:00:00,25.5,0.0,77.4,52.0,3.5
2025-02-04 09:00:00,26.0,0.0,76.6,55.0,4.2
2025-02-04 10:00:00,27.5,0.0,69.8,57.0,3.3
2025-02-04 11:00:00,28.5,0.0,66.6,57.0,3.2
2025-02-04 12:00:00,30.2,0.0,59.2,46.0,4.3
2025-02-04 13:00:00,31.2,0.0,59.7,36.0,3.2
2025-02-04 14:00:00,32.4,0.0,52.9,36.0,4.2
2025-02-04 15:00:00,32.5,0.0,51.6,25.0,4.2
2025-02-04 16:00:00,27.7,0.0,68.5,21.0,4.3
2025-02-04 17:00:00,27.0,0.0,77.8,51.0,4.8
2025-02-04 18:00:00,27.1,0.0,81.0,45.0,2.5
2025-02-04 19:00:00,27.9,0.0,72.5,63.0,2.6
2025-02-04 20:00:00,27.4,0.0,74.1,56.0,3.6
2025-02-04 21:00:00,27.0,0.0,77.6,106.0,1.1
2025-02-04 22:00:00,27.0,0.0,75.6,105.0,1.3
2025-02-04 23:00:00,26.9,0.0,76.7,63.0,2.4
2025-02-05 00:00:00,26.5,0.0,79.3,124.0,1.2
2025-02-05 01:00:00,26.2,0.0,79.4,103.0,2.0
2025-02-05 02:00:00,25.7,0.0,82.0,47.0,2.4
2025-02-05 03:00:00,25.3,0.0,86.2,60.0,3.0
2025-02-05 04:00:00,25.5,0.0,84.9,54.0,3.3
2025-02-05 05:00:00,24.9,0.0,85.6,40.0,3.9
2025-02-05 06:00:00,24.2,0.2,89.2,64.0,2.9
2025-02-05 07:00:00,24.3,0.2,89.7,45.0,3.4
2025-02-05 08:00:00,24.0,0.4,91.1,41.0,4.0
2025-02-05 09:00:00,23.9,0.0,91.1,45.0,2.9
2025-02-05 10:00:00,24.3,0.0,89.6,53.0,4.9
2025-02-05 11:00:00,24.4,0.0,87.9,64.0,5.7
2025-02-05 12:00:00,24.3,0.0,88.5,38.0,4.5
2025-02-05 13:00:00,24.5,0.0,87.5,41.0,4.6
2025-02-05 14:00:00,25.2,0.0,84.9,46.0,4.4
2025-02-05 15:00:00,25.9,0.0,78.3,64.0,3.3
2025-02-05 16:00:00,26.7,0.0,76.9,47.0,3.7
2025-02-05 17:00:00,27.1,0.0,74.3,41.0,3.8
2025-02-05 18:00:00,27.1,0.0,72.2,52.0,4.7
2025-02-05 19:00:00,26.6,0.0,73.3,64.0,3.0
2025-02-05 20:00:00,26.3,0.0,74.7,60.0,3.8
2025-02-05 21:00:00,26.1,0.0,75.3,56.0,4.1
2025-02-05 22:00:00,26.0,0.0,75.3,56.0,4.2
2025-02-05 23:00:00,25.6,0.0,77.7,59.0,3.0
2025-02-06 00:00:00,25.7,0.0,75.2,16.0,3.5
2025-02-06 01:00:00,25.3,0.0,75.6,41.0,2.3
2025-02-06 02:00:00,25.4,0.0,75.3,13.0,2.8
2025-02-06 03:00:00,25.4,0.0,74.2,13.0,2.2
2025-02-06 04:00:00,25.3,0.0,75.6,11.0,2.4
2025-02-06 05:00:00,25.1,0.0,76.9,12.0,2.5
2025-02-06 06:00:00,24.9,0.0,78.7,48.0,2.0
2025-02-06 07:00:00,25.0,0.0,79.2,35.0,2.3
2025-02-06 08:00:00,25.0,0.0,78.4,43.0,2.3
2025-02-06 09:00:00,25.9,0.0,74.9,47.0,2.0
2025-02-06 10:00:00,26.8,0.0,71.5,49.0,3.9
2025-02-06 11:00:00,28.6,0.0,62.5,58.0,5.1
2025-02-06 12:00:00,29.1,0.0,60.2,52.0,5.2
2025-02-06 13:00:00,30.4,0.0,56.6,41.0,4.0
2025-02-06 14:00:00,31.7,0.0,51.5,54.0,3.9
2025-02-06 15:00:00,31.5,0.0,51.0,40.0,4.0
2025-02-06 16:00:00,31.7,0.0,51.1,38.0,3.8
2025-02-06 17:00:00,30.6,0.0,51.1,54.0,4.9
2025-02-06 18:00:00,30.2,0.0,52.7,47.0,4.9
2025-02-06 19:00:00,29.1,0.0,54.6,52.0,4.4
2025-02-06 20:00:00,28.4,0.0,57.3,58.0,2.2
2025-02-06 21:00:00,27.5,0.0,66.9,118.0,1.4
2025-02-06 22:00:00,26.9,0.0,68.7,106.0,1.5
2025-02-06 23:00:00,26.7,0.0,68.9,76.0,1.9
2025-02-07 00:00:00,26.2,0.0,71.5,100.0,1.5
2025-02-07 01:00:00,25.7,0.0,75.7,43.0,2.4
2025-02-07 02:00:00,25.5,0.0,77.4,29.0,2.7
2025-02-07 03:00:00,25.4,0.0,77.7,140.0,0.9
2025-02-07 04:00:00,25.2,0.0,79.5,119.0,1.2
2025-02-07 05:00:00,25.1,0.0,81.8,46.0,2.1
2025-02-07 06:00:00,24.8,0.0,82.4,13.0,2.9
2025-02-07 07:00:00,24.7,0.0,81.3,51.0,2.6
2025-02-07 08:00:00,25.2,0.0,79.5,107.0,1.2
2025-02-07 09:00:00,26.8,0.0,73.1,66.0,2.2
2025-02-07 10:00:00,27.3,0.0,70.8,53.0,3.8
2025-02-07 11:00:00,28.1,0.0,67.7,40.0,3.3
2025-02-07 12:00:00,29.2,0.0,62.9,37.0,4.2
2025-02-07 13:00:00,31.3,0.0,53.1,35.0,3.6
2025-02-07 14:00:00,31.2,0.0,54.2,29.0,3.9
2025-02-07 15:00:00,31.0,0.0,51.6,26.0,2.9
2025-02-07 16:00:00,28.7,0.0,73.2,265.0,7.9
2025-02-07 17:00:00,29.4,0.0,70.6,236.0,3.9
2025-02-07 18:00:00,27.7,0.0,79.2,215.0,3.5
2025-02-07 19:00:00,27.8,0.0,75.7,176.0,1.6
2025-02-07 20:00:00,27.4,0.0,79.4,228.0,0.9
2025-02-07 21:00:00,27.8,0.0,69.2,63.0,2.0
2025-02-07 22:00:00,27.1,0.0,71.2,72.0,2.5
2025-02-07 23:00:00,26.5,0.0,73.4,62.0,2.8
2025-02-08 00:00:00,26.1,0.0,75.7,74.0,1.6
2025-02-08 01:00:00,25.8,0.0,77.9,64.0,1.8
2025-02-08 02:00:00,25.6,0.0,78.7,72.0,2.3
2025-02-08 03:00:00,25.4,0.0,79.6,67.0,2.1
2025-02-08 04:00:00,25.2,0.0,80.2,71.0,1.8
2025-02-08 05:00:00,25.2,0.0,81.6,55.0,3.0
2025-02-08 06:00:00,25.0,0.0,83.1,51.0,2.6
2025-02-08 07:00:00,24.9,0.0,82.6,44.0,2.7
2025-02-08 08:00:00,25.1,0.0,82.0,48.0,3.1
2025-02-08 09:00:00,25.8,0.0,79.8,35.0,2.6
2025-02-08 10:00:00,27.2,0.0,72.4,47.0,3.1
2025-02-08 11:00:00,28.0,0.0,69.6,60.0,3.2
2025-02-08 12:00:00,29.7,0.0,60.4,41.0,4.1
2025-02-08 13:00:00,30.9,0.0,55.5,39.0,3.3
2025-02-08 14:00:00,31.3,0.0,53.4,31.0,3.4
2025-02-08 15:00:00,32.2,0.0,51.2,45.0,3.3
2025-02-08 16:00:00,29.4,0.0,69.6,222.0,4.4
2025-02-08 17:00:00,30.9,0.0,57.2,57.0,4.7
2025-02-08 18:00:00,30.1,0.0,59.2,59.0,4.3
2025-02-08 19:00:00,29.2,0.0,60.9,50.0,4.3
2025-02-08 20:00:00,28.0,0.0,64.7,62.0,4.5
2025-02-08 21:00:00,27.4,0.0,67.2,56.0,4.8
2025-02-08 22:00:00,26.9,0.0,69.5,62.0,4.5
2025-02-08 23:00:00,26.6,0.0,71.7,59.0,4.3
2025-02-09 00:00:00,26.4,0.0,72.6,60.0,3.8
2025-02-09 01:00:00,26.1,0.0,74.7,61.0,3.4
2025-02-09 02:00:00,26.0,0.0,76.1,61.0,4.1
2025-02-09 03:00:00,25.9,0.0,76.4,62.0,1.7
2025-02-09 04:00:00,25.8,0.0,76.5,58.0,3.0
2025-02-09 05:00:00,25.6,0.0,77.7,57.0,3.6
2025-02-09 06:00:00,25.4,0.0,78.1,98.0,1.7
2025-02-09 07:00:00,25.5,0.0,77.1,59.0,2.0
2025-02-09 08:00:00,25.5,0.0,78.5,51.0,2.7
2025-02-09 09:00:00,25.9,0.0,77.3,45.0,2.7
2025-02-09 10:00:00,26.6,0.0,75.3,42.0,3.6
2025-02-09 11:00:00,28.0,0.0,67.2,33.0,4.6
2025-02-09 12:00:00,29.8,0.0,60.5,47.0,3.8
2025-02-09 13:00:00,31.4,0.0,53.2,50.0,3.3
2025-02-09 14:00:00,30.8,0.0,55.5,42.0,3.6
2025-02-09 15:00:00,31.1,0.0,62.4,54.0,3.7
2025-02-09 16:00:00,29.1,0.0,64.3,42.0,4.7
2025-02-09 17:00:00,28.0,0.0,69.3,52.0,6.8
2025-02-09 18:00:00,28.5,0.0,62.4,58.0,5.9
2025-02-09 19:00:00,27.6,0.0,67.0,55.0,5.8
2025-02-09 20:00:00,27.3,0.0,68.7,59.0,4.5
2025-02-09 21:00:00,27.6,0.0,64.5,61.0,3.6
2025-02-09 22:00:00,27.3,0.0,66.0,63.0,3.4
2025-02-09 23:00:00,27.0,0.0,68.0,70.0,3.0
2025-02-10 00:00:00,26.6,0.0,69.6,61.0,1.7
2025-02-10 01:00:00,26.3,0.0,71.3,76.0,2.5
2025-02-10 02:00:00,26.0,0.0,73.0,73.0,2.1
2025-02-10 03:00:00,25.5,0.0,75.9,55.0,2.7
2025-02-10 04:00:00,25.2,0.0,77.1,49.0,1.9
2025-02-10 05:00:00,25.0,0.0,77.1,55.0,2.3
2025-02-10 06:00:00,25.0,0.0,77.0,53.0,1.4
2025-02-10 07:00:00,25.1,0.0,76.6,15.0,2.9
2025-02-10 08:00:00,25.1,0.0,77.1,19.0,3.0
2025-02-10 09:00:00,25.5,0.0,76.4,24.0,2.5
2025-02-10 10:00:00,26.7,0.0,70.5,48.0,3.8
2025-02-10 11:00:00,27.6,0.0,66.9,46.0,4.8
2025-02-10 12:00:00,29.6,0.0,58.9,47.0,4.4
2025-02-10 13:00:00,29.9,0.0,57.3,43.0,4.5
2025-02-10 14:00:00,32.3,0.0,50.2,42.0,4.3
2025-02-10 15:00:00,32.7,0.0,49.0,48.0,4.3
2025-02-10 16:00:00,31.2,0.0,51.2,48.0,3.7
2025-02-10 17:00:00,28.7,0.0,74.6,232.0,3.0
2025-02-10 18:00:00,25.5,1.6,85.6,78.0,2.2
2025-02-10 19:00:00,26.8,0.0,73.3,61.0,1.8
2025-02-10 20:00:00,26.9,0.0,67.4,61.0,3.2
2025-02-10 21:00:00,26.7,0.0,69.3,62.0,3.0
2025-02-10 22:00:00,26.2,0.0,72.6,59.0,3.6
2025-02-10 23:00:00,26.1,0.0,74.9,57.0,2.7
2025-02-11 00:00:00,25.9,0.0,74.3,53.0,3.1
2025-02-11 01:00:00,26.0,0.0,73.6,74.0,1.8
2025-02-11 02:00:00,25.6,0.0,75.3,221.0,1.1
2025-02-11 03:00:00,25.8,0.0,74.7,79.0,1.7
2025-02-11 04:00:00,25.7,0.0,76.2,79.0,1.5
2025-02-11 05:00:00,25.5,0.0,77.0,50.0,1.9
2025-02-11 06:00:00,25.3,0.0,78.6,57.0,3.0
2025-02-11 07:00:00,25.2,0.0,78.3,55.0,2.4
2025-02-11 08:00:00,25.2,0.0,79.7,43.0,2.6
2025-02-11 09:00:00,25.9,0.0,75.7,54.0,2.6
2025-02-11 10:00:00,27.0,0.0,71.3,64.0,2.7
2025-02-11 11:00:00,28.3,0.0,67.8,46.0,3.6
2025-02-11 12:00:00,28.8,0.0,65.2,36.0,4.4
2025-02-11 13:00:00,30.2,0.0,58.4,43.0,3.8
2025-02-11 14:00:00,31.7,0.0,52.3,35.0,3.4
2025-02-11 15:00:00,31.8,0.0,51.1,22.0,4.2
2025-02-11 16:00:00,29.5,0.0,72.0,238.0,5.8
2025-02-11 17:00:00,30.0,0.0,69.5,249.0,5.0
2025-02-11 18:00:00,29.8,0.0,68.9,309.0,3.4
2025-02-11 19:00:00,27.9,0.0,74.5,54.0,4.3
2025-02-11 20:00:00,27.3,0.0,75.6,60.0,2.4
2025-02-11 21:00:00,27.1,0.0,76.0,159.0,1.0
2025-02-11 22:00:00,27.2,0.0,71.4,145.0,1.0
2025-02-11 23:00:00,27.1,0.0,70.7,80.0,1.9
2025-02-12 00:00:00,26.8,0.0,74.7,69.0,2.3
2025-02-12 01:00:00,26.5,0.0,76.3,64.0,2.5
2025-02-12 02:00:00,26.4,0.0,75.9,66.0,3.6
2025-02-12 03:00:00,26.2,0.0,76.3,89.0,1.9
2025-02-12 04:00:00,25.8,0.0,77.1,87.0,1.8
2025-02-12 05:00:00,25.7,0.0,78.4,106.0,1.5
2025-02-12 06:00:00,25.3,0.0,80.1,139.0,0.8
2025-02-12 07:00:00,25.2,0.0,80.0,111.0,1.3
2025-02-12 08:00:00,25.2,0.0,80.4,192.0,1.4
2025-02-12 09:00:00,25.7,0.0,81.0,106.0,1.4
2025-02-12 10:00:00,27.4,0.0,71.6,236.0,1.4
2025-02-12 11:00:00,28.7,0.0,63.0,93.0,2.5
2025-02-12 12:00:00,30.0,0.0,62.9,89.0,2.1
2025-02-12 13:00:00,29.4,0.0,63.0,27.0,3.8
2025-02-12 14:00:00,31.0,0.0,54.1,34.0,3.6
2025-02-12 15:00:00,30.7,0.0,64.6,245.0,4.9
2025-02-12 16:00:00,31.2,0.0,60.7,183.0,4.4
2025-02-12 17:00:00,30.6,0.0,62.1,155.0,2.5
2025-02-12 18:00:00,30.0,0.0,63.5,151.0,2.5
2025-02-12 19:00:00,30.0,0.0,63.4,164.0,1.0
2025-02-12 20:00:00,29.3,0.0,62.4,116.0,1.3
2025-02-12 21:00:00,28.6,0.0,62.8,75.0,1.9
2025-02-12 22:00:00,27.6,0.0,68.3,140.0,1.1
2025-02-12 23:00:00,27.3,0.0,73.0,72.0,1.9
2025-02-13 00:00:00,27.0,0.0,74.6,85.0,1.8
2025-02-13 01:00:00,26.7,0.0,74.5,156.0,1.1
2025-02-13 02:00:00,26.8,0.0,75.4,116.0,1.5
2025-02-13 03:00:00,26.3,0.0,78.2,103.0,1.2
2025-02-13 04:00:00,26.0,0.0,80.3,155.0,0.9
2025-02-13 05:00:00,25.8,0.0,82.2,144.0,1.0
2025-02-13 06:00:00,25.8,0.0,82.0,160.0,1.0
2025-02-13 07:00:00,25.7,0.0,82.5,193.0,0.8
2025-02-13 08:00:00,26.3,0.0,79.0,69.0,2.0
2025-02-13 09:00:00,27.2,0.0,75.3,60.0,3.1
2025-02-13 10:00:00,27.7,0.0,71.1,74.0,2.7
2025-02-13 11:00:00,28.7,0.0,68.0,75.0,1.9
2025-02-13 12:00:00,28.9,0.0,69.0,61.0,3.1
2025-02-13 13:00:00,29.4,0.0,68.7,51.0,3.5
2025-02-13 14:00:00,31.1,0.0,60.4,291.0,2.7
2025-02-13 15:00:00,30.0,0.0,70.3,254.0,4.8
2025-02-13 16:00:00,30.5,0.0,66.1,247.0,5.6
2025-02-13 17:00:00,31.3,0.0,65.8,252.0,4.3
2025-02-13 18:00:00,30.4,0.0,63.8,159.0,1.9
2025-02-13 19:00:00,30.4,0.0,62.5,120.0,1.2
2025-02-13 20:00:00,29.5,0.0,66.3,141.0,0.8
2025-02-13 21:00:00,28.5,0.0,68.8,61.0,2.7
2025-02-13 22:00:00,27.7,0.0,73.1,97.0,1.6
2025-02-13 23:00:00,27.3,0.0,75.4,138.0,1.2
2025-02-14 00:00:00,27.1,0.0,76.9,114.0,1.2
2025-02-14 01:00:00,27.2,0.0,74.9,68.0,2.1
2025-02-14 02:00:00,26.7,0.0,78.5,130.0,1.4
2025-02-14 03:00:00,26.5,0.0,79.8,99.0,1.9
2025-02-14 04:00:00,26.2,0.0,80.6,83.0,1.8
2025-02-14 05:00:00,25.9,0.0,81.6,129.0,1.2
2025-02-14 06:00:00,26.2,0.0,80.0,75.0,2.0
2025-02-14 07:00:00,25.9,0.0,82.4,104.0,1.2
2025-02-14 08:00:00,26.4,0.0,79.9,86.0,1.1
2025-02-14 09:00:00,27.4,0.0,74.8,78.0,1.7
2025-02-14 10:00:00,28.1,0.0,70.0,75.0,1.9
2025-02-14 11:00:00,28.8,0.0,67.2,41.0,3.8
2025-02-14 12:00:00,30.2,0.0,61.7,32.0,3.5
2025-02-14 13:00:00,31.2,0.0,57.8,27.0,3.2
2025-02-14 14:00:00,31.2,0.0,63.9,242.0,4.2
2025-02-14 15:00:00,31.5,0.0,61.0,213.0,8.39999
2025-02-14 16:00:00,31.8,0.0,59.4,192.0,5.7
2025-02-14 17:00:00,30.8,0.0,64.5,115.0,1.2
2025-02-14 18:00:00,28.1,0.0,73.9,61.0,2.5
2025-02-14 19:00:00,28.4,0.0,69.2,139.0,1.1
2025-02-14 20:00:00,28.0,0.0,73.5,179.0,1.0
2025-02-14 21:00:00,27.8,0.0,74.6,109.0,1.2
2025-02-14 22:00:00,27.5,0.0,77.5,123.0,1.1
2025-02-14 23:00:00,27.3,0.0,77.9,128.0,1.2
2025-02-15 00:00:00,27.3,0.0,77.0,68.0,2.5
2025-02-15 01:00:00,27.0,0.0,77.6,74.0,1.8
2025-02-15 02:00:00,26.9,0.0,78.2,81.0,1.9
2025-02-15 03:00:00,26.1,0.0,82.0,170.0,1.2
2025-02-15 04:00:00,26.3,0.0,81.3,154.0,1.0
2025-02-15 05:00:00,26.1,0.0,82.3,180.0,0.9
2025-02-15 06:00:00,26.2,0.0,81.5,56.0,1.7
2025-02-15 07:00:00,25.9,0.0,82.9,126.0,1.1
2025-02-15 08:00:00,26.4,0.0,81.2,81.0,1.4
2025-02-15 09:00:00,27.1,0.0,77.3,86.0,1.6
2025-02-15 10:00:00,27.8,0.0,73.9,58.0,3.0
2025-02-15 11:00:00,28.9,0.0,70.2,49.0,3.1
2025-02-15 12:00:00,30.8,0.0,60.5,38.0,3.2
2025-02-15 13:00:00,30.9,0.0,60.2,32.0,2.9
2025-02-15 14:00:00,26.4,0.2,86.4,23.0,2.1
2025-02-15 15:00:00,27.1,0.0,86.4,280.0,5.0
2025-02-15 16:00:00,28.4,0.0,78.6,224.0,4.0
2025-02-15 17:00:00,28.2,0.0,78.1,156.0,1.7
2025-02-15 18:00:00,27.9,0.0,77.3,153.0,1.4
2025-02-15 19:00:00,26.4,0.0,84.3,42.0,3.3
2025-02-15 20:00:00,26.3,0.0,87.5,239.0,1.5
2025-02-15 21:00:00,26.4,0.0,86.6,12.0,2.7
2025-02-15 22:00:00,26.7,0.0,85.2,119.0,1.5
2025-02-15 23:00:00,26.7,0.0,81.9,88.0,1.5
2025-02-16 00:00:00,26.7,0.0,81.1,59.0,2.0
2025-02-16 01:00:00,26.5,0.0,82.5,61.0,2.0
2025-02-16 02:00:00,26.2,0.0,82.8,53.0,2.7
2025-02-16 03:00:00,26.1,0.0,82.8,46.0,2.1
2025-02-16 04:00:00,25.9,0.0,83.1,35.0,1.8
2025-02-16 05:00:00,25.7,0.0,84.6,38.0,2.6
2025-02-16 06:00:00,25.6,0.0,83.0,77.0,1.4
2025-02-16 07:00:00,25.7,0.0,81.4,75.0,2.0
2025-02-16 08:00:00,25.8,0.0,81.1,58.0,2.2
2025-02-16 09:00:00,26.4,0.0,79.9,19.0,2.9
2025-02-16 10:00:00,27.3,0.0,73.6,48.0,3.5
2025-02-16 11:00:00,28.5,0.0,67.6,36.0,3.3
2025-02-16 12:00:00,29.9,0.0,60.7,36.0,2.3
2025-02-16 13:00:00,30.9,0.0,56.9,40.0,2.6
2025-02-16 14:00:00,30.0,0.0,64.1,216.0,4.2
2025-02-16 15:00:00,30.4,0.0,61.8,191.0,3.7
2025-02-16 16:00:00,31.2,0.0,59.5,215.0,4.8
2025-02-16 17:00:00,29.5,0.0,71.4,241.0,4.7
2025-02-16 18:00:00,29.1,0.0,69.4,176.0,2.4
2025-02-16 19:00:00,28.8,0.0,71.3,194.0,3.3
2025-02-16 20:00:00,26.9,0.4,77.6,92.0,2.7
2025-02-16 21:00:00,24.6,0.0,71.3,134.0,1.0
2025-02-16 22:00:00,25.7,0.0,74.1,5.0,1.8
2025-02-16 23:00:00,25.7,0.0,76.8,64.0,0.7
2025-02-17 00:00:00,25.9,0.0,80.0,92.0,1.4
2025-02-17 01:00:00,26.2,0.0,82.0,90.0,0.7
2025-02-17 02:00:00,26.1,0.0,83.3,220.0,0.6
2025-02-17 03:00:00,26.4,0.0,85.2,45.0,1.4
2025-02-17 04:00:00,26.3,0.0,86.1,43.0,2.2
2025-02-17 05:00:00,26.2,0.0,83.6,41.0,2.1
2025-02-17 06:00:00,26.2,0.0,82.6,32.0,1.4
2025-02-17 07:00:00,26.4,0.0,78.8,52.0,2.7
2025-02-17 08:00:00,26.6,0.0,77.0,64.0,2.6
2025-02-17 09:00:00,27.5,0.0,73.5,54.0,4.0
2025-02-17 10:00:00,28.1,0.0,73.4,28.0,3.2
2025-02-17 11:00:00,28.9,0.0,66.4,66.0,3.5
2025-02-17 12:00:00,29.9,0.0,64.7,300.0,4.5
2025-02-17 13:00:00,29.4,0.0,71.5,279.0,5.1
2025-02-17 14:00:00,29.2,0.0,69.6,258.0,6.7
2025-02-17 15:00:00,29.5,0.0,72.5,256.0,6.9
2025-02-17 16:00:00,28.0,0.0,72.2,273.0,2.2
2025-02-17 17:00:00,30.0,0.0,68.3,255.0,4.4
2025-02-17 18:00:00,27.4,0.0,70.4,197.0,0.9
2025-02-17 19:00:00,28.8,0.0,65.6,300.0,1.3
2025-02-17 20:00:00,26.2,0.0,85.9,69.0,2.9
2025-02-17 21:00:00,26.6,0.0,77.0,47.0,2.1
2025-02-17 22:00:00,26.3,0.0,81.9,46.0,2.4
2025-02-17 23:00:00,26.5,0.0,82.5,57.0,3.3
2025-02-18 00:00:00,27.0,0.0,78.0,38.0,3.7
2025-02-18 01:00:00,26.5,0.0,80.4,60.0,2.9
2025-02-18 02:00:00,26.2,0.0,81.5,24.0,4.4
2025-02-18 03:00:00,26.2,0.0,81.6,24.0,2.7
2025-02-18 04:00:00,26.2,0.0,82.5,50.0,2.8
2025-02-18 05:00:00,26.0,0.0,82.4,11.0,3.1
2025-02-18 06:00:00,26.1,0.0,83.0,39.0,2.0
2025-02-18 07:00:00,25.7,0.0,84.8,54.0,1.8
2025-02-18 08:00:00,25.8,0.0,83.2,52.0,2.0
2025-02-18 09:00:00,26.4,0.0,81.7,46.0,1.4
2025-02-18 10:00:00,26.5,0.0,80.6,25.0,3.1
2025-02-18 11:00:00,27.4,0.0,77.5,39.0,3.5
2025-02-18 12:00:00,28.1,0.0,73.3,48.0,3.8
2025-02-18 13:00:00,28.8,0.0,70.4,49.0,4.0
2025-02-18 14:00:00,29.6,0.0,66.4,54.0,3.9
2025-02-18 15:00:00,29.6,0.0,66.0,46.0,3.5
2025-02-18 16:00:00,29.8,0.0,67.8,39.0,2.4
2025-02-18 17:00:00,29.6,0.0,67.3,73.0,2.0
2025-02-18 18:00:00,29.0,0.0,68.1,49.0,4.0
2025-02-18 19:00:00,28.7,0.0,69.8,58.0,2.4
2025-02-18 20:00:00,27.8,0.0,69.3,54.0,3.7
2025-02-18 21:00:00,27.3,0.0,73.1,64.0,3.0
2025-02-18 22:00:00,27.0,0.0,76.5,103.0,1.5
2025-02-18 23:00:00,26.7,0.0,78.5,120.0,1.3
2025-02-19 00:00:00,26.6,0.0,79.8,89.0,2.0
2025-02-19 01:00:00,26.5,0.0,80.2,98.0,1.3
2025-02-19 02:00:00,26.4,0.0,80.6,61.0,2.7
2025-02-19 03:00:00,26.2,0.0,81.5,65.0,2.9
2025-02-19 04:00:00,26.0,0.0,82.7,49.0,2.1
2025-02-19 05:00:00,25.7,0.0,83.4,25.0,3.7
2025-02-19 06:00:00,25.7,0.0,83.8,8.0,2.6
2025-02-19 07:00:00,25.7,0.0,83.9,339.0,1.3
2025-02-19 08:00:00,25.9,0.0,83.0,50.0,1.5
2025-02-19 09:00:00,26.7,0.0,79.2,187.0,0.9
2025-02-19 10:00:00,27.9,0.0,72.7,141.0,1.0
2025-02-19 11:00:00,29.0,0.0,67.7,74.0,2.6
2025-02-19 12:00:00,29.4,0.0,64.4,53.0,3.1
2025-02-19 13:00:00,29.9,0.0,62.8,62.0,2.0
2025-02-19 14:00:00,30.8,0.0,59.5,79.0,1.8
2025-02-19 15:00:00,31.2,0.0,56.9,65.0,2.5
2025-02-19 16:00:00,29.8,0.0,64.1,39.0,2.5
2025-02-19 17:00:00,31.1,0.0,55.5,76.0,2.8
2025-02-19 18:00:00,30.4,0.0,57.9,58.0,3.5
2025-02-19 19:00:00,29.4,0.0,61.8,62.0,2.7
2025-02-19 20:00:00,28.5,0.0,65.2,82.0,1.6
2025-02-19 21:00:00,28.0,0.0,69.7,61.0,2.1
2025-02-19 22:00:00,27.6,0.0,72.0,51.0,2.3
2025-02-19 23:00:00,27.2,0.0,75.3,74.0,2.4
2025-02-20 00:00:00,26.8,0.0,77.6,93.0,1.7
2025-02-20 01:00:00,26.6,0.0,79.4,79.0,1.3
2025-02-20 02:00:00,26.6,0.0,80.0,87.0,1.4
2025-02-20 03:00:00,26.3,0.0,81.7,136.0,1.1
2025-02-20 04:00:00,26.2,0.0,82.0,161.0,1.3
2025-02-20 05:00:00,26.1,0.0,82.6,174.0,1.1
2025-02-20 06:00:00,26.1,0.0,82.9,74.0,1.7
2025-02-20 07:00:00,26.0,0.0,84.2,17.0,2.6
2025-02-20 08:00:00,26.1,0.0,82.8,167.0,1.3
2025-02-20 09:00:00,27.1,0.0,77.7,64.0,1.9
2025-02-20 10:00:00,28.7,0.0,70.2,48.0,2.6
2025-02-20 11:00:00,28.5,0.0,70.3,39.0,3.9
2025-02-20 12:00:00,29.9,0.0,64.2,48.0,3.1
2025-02-20 13:00:00,31.8,0.0,56.1,51.0,3.4
2025-02-20 14:00:00,30.9,0.0,59.7,37.0,4.2
2025-02-20 15:00:00,30.7,0.0,58.8,21.0,4.1
2025-02-20 16:00:00,28.9,0.0,73.7,254.0,4.6
2025-02-20 17:00:00,28.6,0.0,76.8,279.0,5.9
2025-02-20 18:00:00,29.2,0.0,74.5,273.0,3.3
2025-02-20 19:00:00,28.6,0.0,75.3,118.0,1.3
2025-02-20 20:00:00,29.1,0.0,67.1,109.0,1.2
2025-02-20 21:00:00,28.6,0.0,69.5,67.0,2.3
2025-02-20 22:00:00,28.0,0.0,73.5,90.0,1.3
2025-02-20 23:00:00,27.4,0.0,76.7,73.0,1.7
2025-02-21 00:00:00,26.9,0.0,79.1,77.0,1.9
2025-02-21 01:00:00,26.6,0.0,80.0,63.0,2.1
2025-02-21 02:00:00,26.4,0.0,81.0,79.0,1.9
2025-02-21 03:00:00,26.1,0.0,83.1,53.0,2.8
2025-02-21 04:00:00,26.0,0.0,82.8,50.0,1.8
2025-02-21 05:00:00,25.8,0.0,83.1,143.0,1.1
2025-02-21 06:00:00,25.7,0.0,83.2,188.0,1.1
2025-02-21 07:00:00,25.6,0.0,83.2,126.0,1.6
2025-02-21 08:00:00,26.0,0.0,81.7,235.0,1.6
2025-02-21 09:00:00,26.9,0.0,78.9,77.0,1.2
2025-02-21 10:00:00,27.5,0.0,75.5,19.0,3.7
2025-02-21 11:00:00,29.1,0.0,66.9,43.0,3.4
2025-02-21 12:00:00,29.6,0.0,65.4,22.0,4.5
2025-02-21 13:00:00,31.1,0.0,57.4,33.0,3.6
2025-02-21 14:00:00,32.0,0.0,53.9,20.0,4.1
2025-02-21 15:00:00,29.6,0.0,73.3,233.0,5.2
2025-02-21 16:00:00,28.85,0.0,75.9,263.5,6.2
2025-02-21 17:00:00,28.1,0.0,78.5,294.0,7.2
2025-02-21 18:00:00,26.1,0.0,94.1,170.0,2.6
2025-02-21 19:00:00,26.1,0.4,87.1,19.0,2.8
2025-02-21 20:00:00,26.3,0.0,86.4,105.0,1.3
2025-02-21 21:00:00,26.3,0.0,85.5,333.0,1.2
2025-02-21 22:00:00,26.9,0.0,79.9,110.0,1.4
2025-02-21 23:00:00,27.0,0.0,76.5,76.0,1.4
2025-02-22 00:00:00,26.7,0.0,77.4,86.0,1.6
2025-02-22 01:00:00,26.2,0.0,79.9,180.0,0.8
2025-02-22 02:00:00,26.2,0.0,80.7,64.0,1.6
2025-02-22 03:00:00,26.1,0.0,81.4,60.0,1.6
2025-02-22 04:00:00,25.9,0.0,82.0,101.0,1.4
2025-02-22 05:00:00,25.8,0.0,82.9,140.0,1.3
2025-02-22 06:00:00,25.7,0.0,83.3,56.0,2.3
2025-02-22 07:00:00,25.7,0.0,82.9,47.0,1.7
2025-02-22 08:00:00,26.1,0.0,81.7,161.0,1.3
2025-02-22 09:00:00,26.9,0.0,77.9,57.0,2.8
2025-02-22 10:00:00,28.0,0.0,72.3,53.0,3.3
2025-02-22 11:00:00,28.9,0.0,67.7,38.0,3.8
2025-02-22 12:00:00,29.8,0.0,63.2,39.0,3.3
2025-02-22 13:00:00,30.7,0.0,59.4,20.0,3.9
2025-02-22 14:00:00,32.2,0.0,55.0,38.0,3.6
2025-02-22 15:00:00,30.2,0.0,65.2,201.0,2.9
2025-02-22 16:00:00,28.5,0.0,69.1,145.0,1.6
2025-02-22 17:00:00,25.5,0.0,92.8,67.0,1.7
2025-02-22 18:00:00,26.7,0.0,85.4,144.0,1.2
2025-02-22 19:00:00,26.3,0.0,85.5,30.0,4.4
2025-02-22 20:00:00,26.1,0.0,87.5,41.0,2.6
2025-02-22 21:00:00,26.8,0.0,83.2,55.0,1.2
2025-02-22 22:00:00,26.8,0.0,79.1,87.0,1.5
2025-02-22 23:00:00,26.8,0.0,79.3,126.0,1.2
2025-02-23 00:00:00,26.5,0.0,81.0,122.0,1.2
2025-02-23 01:00:00,26.4,0.0,81.8,91.0,1.2
2025-02-23 02:00:00,26.4,0.0,81.9,126.0,1.4
2025-02-23 03:00:00,26.4,0.0,82.2,189.0,1.4
2025-02-23 04:00:00,26.4,0.0,82.4,53.0,2.4
2025-02-23 05:00:00,26.2,0.0,82.6,11.0,3.3
2025-02-23 06:00:00,26.1,0.0,82.9,5.0,2.5
2025-02-23 07:00:00,26.2,0.0,82.3,18.0,2.6
2025-02-23 08:00:00,26.2,0.0,83.0,70.0,2.2
2025-02-23 09:00:00,26.5,0.0,81.5,38.0,2.0
2025-02-23 10:00:00,26.9,0.0,80.9,54.0,1.9
2025-02-23 11:00:00,28.4,0.0,72.9,61.0,2.0
2025-02-23 12:00:00,29.8,0.0,67.0,299.0,4.2
2025-02-23 13:00:00,29.5,0.0,71.1,251.0,4.5
2025-02-23 14:00:00,29.0,0.0,76.1,253.0,6.2
2025-02-23 15:00:00,23.1,0.4,94.3,139.0,1.3
2025-02-23 16:00:00,24.4,0.0,94.5,257.0,0.8
2025-02-23 17:00:00,25.5,0.0,92.7,49.0,2.9
2025-02-23 18:00:00,27.6,0.0,75.9,110.0,1.2
2025-02-23 19:00:00,26.8,0.0,79.3,70.0,1.9
2025-02-23 20:00:00,26.4,0.0,82.3,171.0,1.1
2025-02-23 21:00:00,26.6,0.0,83.5,164.0,1.0
2025-02-23 22:00:00,27.1,0.0,81.5,89.0,1.4
2025-02-23 23:00:00,26.6,0.0,84.1,165.0,1.0
2025-02-24 00:00:00,26.8,0.0,84.3,105.0,1.1
2025-02-24 01:00:00,26.6,0.0,85.4,86.0,1.0
2025-02-24 02:00:00,26.4,0.0,85.3,116.0,1.3
2025-02-24 03:00:00,26.1,0.0,87.7,200.0,1.1
2025-02-24 04:00:00,25.8,0.0,88.5,178.0,1.4
2025-02-24 05:00:00,25.7,0.0,87.8,131.0,1.4
2025-02-24 06:00:00,25.7,0.0,87.0,146.0,0.8
2025-02-24 07:00:00,25.9,0.0,86.3,89.0,1.3
2025-02-24 08:00:00,26.4,0.0,84.9,102.0,1.5
2025-02-24 09:00:00,27.2,0.0,80.1,107.0,2.1
2025-02-24 10:00:00,28.1,0.0,75.9,104.0,1.6
2025-02-24 11:00:00,29.8,0.0,66.5,60.0,2.2
2025-02-24 12:00:00,31.1,0.0,62.1,47.0,2.9
2025-02-24 13:00:00,31.4,0.0,60.3,53.0,2.6
2025-02-24 14:00:00,30.3,0.0,66.8,66.0,2.0
2025-02-24 15:00:00,29.6,0.0,69.6,245.0,3.2
2025-02-24 16:00:00,29.1,0.0,72.4,221.0,4.2
2025-02-24 17:00:00,29.4,0.0,72.8,238.0,3.4
2025-02-24 18:00:00,30.8,0.0,58.7,58.0,2.9
2025-02-24 19:00:00,30.1,0.0,61.1,63.0,2.5
2025-02-24 20:00:00,29.1,0.0,67.1,56.0,4.3
2025-02-24 21:00:00,28.1,0.0,70.7,57.0,3.1
2025-02-24 22:00:00,27.6,0.0,75.1,49.0,2.3
2025-02-24 23:00:00,27.0,0.0,78.7,116.0,1.5
2025-02-25 00:00:00,27.2,0.0,79.5,80.0,1.7
2025-02-25 01:00:00,26.9,0.0,80.8,86.0,1.3
2025-02-25 02:00:00,26.6,0.0,82.1,110.0,1.4
2025-02-25 03:00:00,25.6,0.0,81.3,64.0,3.3
2025-02-25 04:00:00,24.7,0.2,83.6,46.0,5.5
2025-02-25 05:00:00,25.7,0.0,82.0,90.0,1.6
2025-02-25 06:00:00,25.7,0.0,84.7,43.0,1.7
2025-02-25 07:00:00,25.6,0.0,85.7,141.0,0.9
2025-02-25 08:00:00,26.5,0.0,80.9,55.0,2.9
2025-02-25 09:00:00,27.4,0.0,78.4,60.0,2.2
2025-02-25 10:00:00,28.5,0.0,71.9,79.0,2.2
2025-02-25 11:00:00,29.4,0.0,68.5,54.0,3.8
2025-02-25 12:00:00,28.3,0.0,73.7,44.0,4.4
2025-02-25 13:00:00,30.1,0.0,66.6,49.0,2.2
2025-02-25 14:00:00,25.8,0.4,91.1,35.0,3.5
2025-02-25 15:00:00,25.3,0.2,89.3,28.0,2.0
2025-02-25 16:00:00,26.2,0.0,83.4,31.0,4.1
2025-02-25 17:00:00,25.9,0.6,87.6,262.0,2.6
2025-02-25 18:00:00,24.7,7.8,95.2,266.0,3.8
2025-02-25 19:00:00,25.0,0.0,96.3,20.0,2.8
2025-02-25 20:00:00,25.5,0.0,96.4,67.0,1.9
2025-02-25 21:00:00,26.1,0.0,85.5,80.0,1.5
2025-02-25 22:00:00,26.4,0.0,83.6,70.0,1.8
2025-02-25 23:00:00,26.3,0.0,85.8,99.0,1.2
2025-02-26 00:00:00,26.5,0.0,84.5,73.0,1.5
2025-02-26 01:00:00,26.3,0.0,85.7,80.0,1.5
2025-02-26 02:00:00,26.2,0.0,86.3,92.0,1.6
2025-02-26 03:00:00,26.3,0.0,87.2,44.0,1.8
2025-02-26 04:00:00,25.3,0.0,93.8,182.0,1.3
2025-02-26 05:00:00,25.4,0.0,92.6,142.0,1.1
2025-02-26 06:00:00,25.4,0.0,91.0,114.0,1.1
2025-02-26 07:00:00,25.9,0.0,87.5,64.0,2.0
2025-02-26 08:00:00,26.3,0.0,85.5,85.0,1.9
2025-02-26 09:00:00,27.1,0.0,82.1,58.0,2.2
2025-02-26 10:00:00,28.0,0.0,77.9,44.0,3.6
2025-02-26 11:00:00,29.2,0.0,70.4,58.0,4.1
2025-02-26 12:00:00,31.1,0.0,65.8,75.0,3.1
2025-02-26 13:00:00,30.7,0.0,63.4,52.0,3.9
2025-02-26 14:00:00,30.2,0.0,66.3,99.0,1.7
2025-02-26 15:00:00,30.1,0.0,65.1,63.0,3.1
2025-02-26 16:00:00,29.6,0.0,69.3,54.0,3.1
2025-02-26 17:00:00,30.1,0.0,66.1,56.0,3.8
2025-02-26 18:00:00,30.5,0.0,64.8,67.0,4.3
2025-02-26 19:00:00,29.2,0.0,67.2,58.0,3.5
2025-02-26 20:00:00,28.4,0.0,73.5,52.0,3.6
2025-02-26 21:00:00,27.7,0.0,76.6,44.0,3.1
2025-02-26 22:00:00,27.8,0.0,77.2,55.0,3.2
2025-02-26 23:00:00,27.3,0.0,78.4,58.0,3.2
2025-02-27 00:00:00,27.0,0.0,80.0,63.0,3.3
2025-02-27 01:00:00,27.4,0.0,77.4,57.0,3.8
2025-02-27 02:00:00,27.3,0.0,77.7,59.0,3.6
2025-02-27 03:00:00,27.2,0.0,77.9,62.0,3.7
2025-02-27 04:00:00,26.7,0.0,80.7,60.0,4.0
2025-02-27 05:00:00,26.6,0.0,80.8,68.0,3.0
2025-02-27 06:00:00,26.4,0.0,80.7,65.0,2.6
2025-02-27 07:00:00,26.2,0.0,81.7,59.0,3.6
2025-02-27 08:00:00,26.7,0.0,79.6,64.0,3.0
2025-02-27 09:00:00,27.7,0.0,75.8,53.0,3.4
2025-02-27 10:00:00,28.7,0.0,70.0,54.0,3.9
2025-02-27 11:00:00,29.7,0.0,65.8,56.0,4.3
2025-02-27 12:00:00,31.5,0.0,58.2,61.0,2.6
2025-02-27 13:00:00,32.5,0.0,55.3,44.0,3.6
2025-02-27 14:00:00,31.6,0.0,57.2,54.0,3.7
2025-02-27 15:00:00,31.9,0.0,55.2,43.0,5.3
2025-02-27 16:00:00,31.9,0.0,57.2,45.0,3.2
2025-02-27 17:00:00,31.4,0.0,56.1,65.0,3.5
2025-02-27 18:00:00,30.1,0.0,61.7,57.0,3.8
2025-02-27 19:00:00,29.4,0.0,63.5,54.0,3.3
2025-02-27 20:00:00,28.9,0.0,64.4,56.0,3.2
2025-02-27 21:00:00,28.4,0.0,69.6,55.0,3.4
2025-02-27 22:00:00,28.0,0.0,74.1,58.0,2.6
2025-02-27 23:00:00,27.4,0.0,77.6,59.0,3.0
2025-02-28 00:00:00,27.2,0.0,78.8,79.0,1.7
2025-02-28 01:00:00,27.1,0.0,79.8,75.0,1.7
2025-02-28 02:00:00,26.8,0.0,82.2,97.0,1.5
2025-02-28 03:00:00,26.6,0.0,82.6,29.0,2.5
2025-02-28 04:00:00,26.3,0.0,84.7,131.0,1.4
2025-02-28 05:00:00,26.4,0.0,83.0,110.0,1.3
2025-02-28 06:00:00,26.3,0.0,84.7,132.0,1.3
2025-02-28 07:00:00,26.4,0.0,83.9,96.0,1.5
2025-02-28 08:00:00,26.6,0.0,82.8,93.0,1.3
2025-02-28 09:00:00,27.4,0.0,79.6,46.0,2.8
2025-02-28 10:00:00,28.4,0.0,75.3,54.0,4.0
2025-02-28 11:00:00,30.0,0.0,68.6,90.0,2.0
2025-02-28 12:00:00,29.5,0.0,70.0,49.0,3.0
2025-02-28 13:00:00,29.2,0.0,71.7,19.0,4.6
2025-02-28 14:00:00,29.4,0.0,73.2,210.0,2.9
2025-02-28 15:00:00,28.9,0.0,76.8,257.0,4.0
2025-02-28 16:00:00,28.9,0.0,74.3,261.0,2.3
2025-02-28 17:00:00,30.8,0.0,62.9,69.0,2.3
2025-02-28 18:00:00,31.3,0.0,61.3,100.0,1.6
2025-02-28 19:00:00,30.0,0.0,66.1,56.0,4.2
2025-02-28 20:00:00,28.6,0.0,70.8,76.0,2.0
2025-02-28 21:00:00,28.1,0.0,73.3,64.0,1.9
2025-02-28 22:00:00,27.7,0.0,76.5,87.0,1.4
2025-02-28 23:00:00,28.0,0.0,75.9,54.0,3.0
2025-03-01 00:00:00,27.6,0.0,77.9,63.0,2.4
2025-03-01 01:00:00,27.4,0.0,79.4,63.0,2.3
2025-03-01 02:00:00,27.0,0.0,81.5,96.0,1.7
2025-03-01 03:00:00,26.8,0.0,82.3,158.0,1.1
2025-03-01 04:00:00,27.0,0.0,81.2,91.0,1.8
2025-03-01 05:00:00,26.6,0.0,82.3,80.0,1.8
2025-03-01 06:00:00,26.4,0.0,83.3,72.0,1.9
2025-03-01 07:00:00,26.3,0.0,83.5,108.0,1.1
2025-03-01 08:00:00,26.4,0.0,83.2,121.0,1.4
2025-03-01 09:00:00,27.5,0.0,78.3,68.0,1.5
2025-03-01 10:00:00,27.8,0.0,77.1,45.0,2.5
2025-03-01 11:00:00,29.1,0.0,71.5,42.0,2.9
2025-03-01 12:00:00,29.1,0.0,68.7,21.0,3.6
2025-03-01 13:00:00,29.5,0.0,68.6,106.0,1.4
2025-03-01 14:00:00,29.7,0.0,71.5,229.0,6.1
2025-03-01 15:00:00,27.6,0.0,84.0,269.0,3.7
2025-03-01 16:00:00,29.1,0.0,78.3,298.0,4.7
2025-03-01 17:00:00,28.7,0.0,79.2,240.0,3.7
2025-03-01 18:00:00,28.6,0.0,80.7,255.0,0.9
2025-03-01 19:00:00,28.3,0.0,78.4,46.0,2.2
2025-03-01 20:00:00,29.0,0.0,69.3,63.0,3.0
2025-03-01 21:00:00,28.0,0.0,73.2,63.0,2.4
2025-03-01 22:00:00,27.5,0.0,75.7,64.0,1.8
2025-03-01 23:00:00,27.0,0.0,78.5,108.0,1.3
2025-03-02 00:00:00,26.7,0.0,79.1,118.0,1.3
2025-03-02 01:00:00,26.7,0.0,78.8,126.0,1.1
2025-03-02 02:00:00,26.9,0.0,79.5,76.0,2.2
2025-03-02 03:00:00,26.6,0.0,81.4,67.0,2.4
2025-03-02 04:00:00,26.3,0.0,82.6,84.0,1.8
2025-03-02 05:00:00,26.3,0.0,82.1,87.0,1.8
2025-03-02 06:00:00,26.4,0.0,81.0,68.0,2.7
2025-03-02 07:00:00,25.9,0.0,83.4,72.0,2.1
2025-03-02 08:00:00,26.2,0.0,81.6,63.0,2.8
2025-03-02 09:00:00,27.0,0.0,78.2,74.0,1.9
2025-03-02 10:00:00,27.8,0.0,74.6,50.0,3.3
2025-03-02 11:00:00,28.7,0.0,69.9,51.0,3.1
2025-03-02 12:00:00,30.1,0.0,64.2,44.0,2.5
2025-03-02 13:00:00,30.9,0.0,60.7,29.0,3.7
2025-03-02 14:00:00,30.0,0.0,68.2,236.0,5.1
2025-03-02 15:00:00,28.2,0.0,78.5,185.0,2.9
2025-03-02 16:00:00,25.4,5.4,91.8,47.0,2.0
2025-03-02 17:00:00,24.9,0.0,95.5,54.0,4.3
2025-03-02 18:00:00,25.9,0.0,90.8,93.0,2.1
2025-03-02 19:00:00,26.1,0.0,87.6,33.0,2.6
2025-03-02 20:00:00,26.3,0.0,87.5,41.0,2.3
2025-03-02 21:00:00,26.2,0.0,86.7,140.0,1.4
2025-03-02 22:00:00,26.6,0.0,79.2,187.0,1.4
2025-03-02 23:00:00,26.2,0.0,79.5,139.0,1.3
2025-03-03 00:00:00,26.7,0.0,78.6,85.0,1.6
2025-03-03 01:00:00,26.3,0.0,81.1,91.0,2.0
2025-03-03 02:00:00,26.4,0.0,82.5,107.0,1.3
2025-03-03 03:00:00,26.3,0.0,81.8,70.0,2.6
2025-03-03 04:00:00,25.8,0.0,84.3,73.0,1.8
2025-03-03 05:00:00,25.9,0.0,83.7,58.0,2.0
2025-03-03 06:00:00,25.2,0.0,87.0,142.0,0.9
2025-03-03 07:00:00,25.1,0.0,86.8,217.0,1.0
2025-03-03 08:00:00,25.5,0.0,84.8,241.0,0.8
2025-03-03 09:00:00,26.3,0.0,80.6,70.0,2.1
2025-03-03 10:00:00,27.0,0.0,76.5,22.0,3.6
2025-03-03 11:00:00,28.4,0.0,70.3,30.0,2.3
2025-03-03 12:00:00,28.9,0.0,69.7,274.0,3.6
2025-03-03 13:00:00,28.8,0.0,73.4,255.0,5.9
2025-03-03 14:00:00,28.9,0.0,71.6,264.0,6.6
2025-03-03 15:00:00,30.3,0.0,67.8,237.0,5.0
2025-03-03 16:00:00,29.9,0.0,68.4,256.0,4.6
2025-03-03 17:00:00,30.4,0.0,64.2,248.0,4.7
2025-03-03 18:00:00,30.5,0.0,58.2,254.0,3.4
2025-03-03 19:00:00,30.2,0.0,57.2,223.0,3.1
2025-03-03 20:00:00,29.0,0.0,71.1,188.0,2.2
2025-03-03 21:00:00,29.0,0.0,67.3,55.0,2.8
2025-03-03 22:00:00,28.2,0.0,71.8,79.0,1.6
2025-03-03 23:00:00,27.9,0.0,72.6,58.0,3.5
2025-03-04 00:00:00,27.5,0.0,74.6,59.0,3.1
2025-03-04 01:00:00,27.2,0.0,76.0,69.0,2.4
2025-03-04 02:00:00,27.0,0.0,77.2,68.0,2.6
2025-03-04 03:00:00,27.1,0.0,77.2,72.0,2.1
2025-03-04 04:00:00,26.4,0.0,80.3,118.0,1.2
2025-03-04 05:00:00,26.1,0.0,81.0,53.0,2.6
2025-03-04 06:00:00,26.1,0.0,81.1,88.0,1.6
2025-03-04 07:00:00,26.1,0.0,81.2,122.0,1.4
2025-03-04 08:00:00,26.1,0.0,81.1,132.0,1.1
2025-03-04 09:00:00,27.0,0.0,77.4,220.0,0.9
2025-03-04 10:00:00,28.2,0.0,72.2,103.0,1.7
2025-03-04 11:00:00,29.1,0.0,70.0,60.0,2.6
2025-03-04 12:00:00,30.0,0.0,66.7,19.0,4.0
2025-03-04 13:00:00,32.0,0.0,58.3,23.0,3.3
2025-03-04 14:00:00,33.3,0.0,53.1,3.0,4.2
2025-03-04 15:00:00,31.0,0.0,72.3,259.0,7.0
2025-03-04 16:00:00,31.1,0.0,68.2,255.0,6.8
2025-03-04 17:00:00,30.8,0.0,66.9,193.0,3.5
2025-03-04 18:00:00,28.4,0.0,71.1,142.0,1.2
2025-03-04 19:00:00,26.8,0.0,72.3,92.0,2.3
2025-03-04 20:00:00,26.9,0.0,73.1,162.0,1.4
2025-03-04 21:00:00,27.2,0.0,69.9,272.0,1.2
2025-03-04 22:00:00,27.3,0.0,72.9,153.0,1.1
2025-03-04 23:00:00,27.2,0.0,76.5,157.0,1.1
2025-03-05 00:00:00,27.2,0.0,78.9,172.0,0.9
2025-03-05 01:00:00,27.3,0.0,80.7,148.0,1.0
2025-03-05 02:00:00,27.3,0.0,81.5,135.0,1.1
2025-03-05 03:00:00,26.9,0.0,83.7,135.0,1.2
2025-03-05 04:00:00,26.8,0.0,85.9,267.0,0.7
2025-03-05 05:00:00,26.9,0.0,83.8,53.0,1.5
2025-03-05 06:00:00,26.5,0.0,86.7,80.0,1.6
2025-03-05 07:00:00,26.3,0.0,86.0,60.0,3.3
2025-03-05 08:00:00,26.6,0.0,85.0,28.0,2.3
2025-03-05 09:00:00,26.8,0.0,83.1,50.0,1.9
2025-03-05 10:00:00,27.2,0.0,80.9,49.0,1.6
2025-03-05 11:00:00,28.0,0.0,79.3,288.0,2.1
2025-03-05 12:00:00,28.9,0.0,74.6,252.0,2.7
2025-03-05 13:00:00,29.5,0.0,73.3,245.0,3.3
2025-03-05 14:00:00,29.2,0.0,74.6,268.0,5.5
2025-03-05 15:00:00,29.0,0.0,77.5,250.0,4.5
2025-03-05 16:00:00,29.0,0.0,76.0,244.0,3.5
2025-03-05 17:00:00,27.8,0.0,82.0,179.0,1.6
2025-03-05 18:00:00,26.9,0.2,88.6,129.0,1.1
2025-03-05 19:00:00,26.0,0.0,91.1,75.0,0.9
2025-03-05 20:00:00,25.9,0.0,90.7,21.0,0.7
2025-03-05 21:00:00,26.2,0.0,89.3,116.0,1.3
2025-03-05 22:00:00,26.2,0.0,89.2,164.0,1.1
2025-03-05 23:00:00,26.6,0.0,85.7,155.0,1.0
2025-03-06 00:00:00,27.0,0.0,83.5,126.0,1.4
2025-03-06 01:00:00,26.5,0.0,85.5,189.0,0.8
2025-03-06 02:00:00,26.8,0.0,83.8,158.0,0.8
2025-03-06 03:00:00,26.8,0.0,84.1,97.0,1.5
2025-03-06 04:00:00,26.9,0.0,83.8,255.0,1.4
2025-03-06 05:00:00,26.7,0.2,85.3,126.0,1.4
2025-03-06 06:00:00,25.4,0.4,89.3,269.0,12.7
2025-03-06 07:00:00,25.5,0.0,87.5,278.0,11.6
2025-03-06 08:00:00,24.4,0.4,91.4,267.0,7.0
2025-03-06 09:00:00,25.4,0.0,85.7,272.0,6.5
2025-03-06 10:00:00,26.2,0.0,80.7,285.0,7.6
2025-03-06 11:00:00,26.8,0.0,77.3,266.0,6.4
2025-03-06 12:00:00,27.0,0.0,79.3,302.0,5.7
2025-03-06 13:00:00,25.7,0.0,85.5,83.0,3.5
2025-03-06 14:00:00,26.4,0.0,82.1,150.0,1.4
2025-03-06 15:00:00,26.8,0.0,76.9,303.0,6.1
2025-03-06 16:00:00,27.0,0.0,76.1,286.0,5.1
2025-03-06 17:00:00,27.2,0.0,75.8,283.0,5.7
2025-03-06 18:00:00,27.2,0.0,77.0,303.0,5.0
2025-03-06 19:00:00,27.1,0.0,75.9,293.0,6.3
2025-03-06 20:00:00,27.2,0.0,74.4,283.0,6.9
2025-03-06 21:00:00,27.3,0.0,77.6,283.0,6.2
2025-03-06 22:00:00,27.4,0.0,78.0,297.0,4.8
2025-03-06 23:00:00,27.5,0.0,76.9,285.0,6.2
2025-03-07 00:00:00,27.5,0.0,77.4,299.0,4.3
2025-03-07 01:00:00,27.3,0.0,79.1,302.0,4.6
2025-03-07 02:00:00,27.3,0.0,78.5,298.0,4.1
2025-03-07 03:00:00,27.3,0.0,79.7,309.0,2.2
2025-03-07 04:00:00,26.7,0.0,84.2,34.0,1.6
2025-03-07 05:00:00,26.4,0.0,85.1,39.0,1.7
2025-03-07 06:00:00,26.3,0.0,85.9,47.0,1.4
2025-03-07 07:00:00,26.0,0.0,87.4,105.0,0.8
2025-03-07 08:00:00,26.2,0.0,86.3,52.0,1.2
2025-03-07 09:00:00,27.4,0.0,81.1,64.0,0.8
2025-03-07 10:00:00,28.1,0.0,78.8,295.0,2.3
2025-03-07 11:00:00,28.6,0.0,77.3,64.0,1.8
2025-03-07 12:00:00,30.1,0.0,65.3,289.0,3.6
2025-03-07 13:00:00,30.3,0.0,72.2,250.0,5.2
2025-03-07 14:00:00,30.4,0.0,70.2,240.0,4.2
2025-03-07 15:00:00,31.0,0.0,66.3,235.0,4.0
2025-03-07 16:00:00,31.1,0.0,64.7,243.0,3.7
2025-03-07 17:00:00,30.5,0.0,67.8,242.0,3.6
2025-03-07 18:00:00,31.2,0.0,64.4,215.0,2.7
2025-03-07 19:00:00,30.4,0.0,62.3,162.0,0.9
2025-03-07 20:00:00,29.1,0.0,70.7,121.0,1.3
2025-03-07 21:00:00,28.4,0.0,73.8,58.0,3.0
2025-03-07 22:00:00,28.0,0.0,77.5,104.0,1.3
2025-03-07 23:00:00,27.9,0.0,78.6,140.0,1.0
2025-03-08 00:00:00,28.0,0.0,78.0,112.0,1.4
2025-03-08 01:00:00,27.7,0.0,79.5,91.0,1.5
2025-03-08 02:00:00,27.5,0.0,80.7,106.0,1.1
2025-03-08 03:00:00,26.9,0.0,85.5,135.0,0.8
2025-03-08 04:00:00,27.1,0.0,84.9,130.0,1.2
2025-03-08 05:00:00,26.9,0.0,85.6,131.0,1.1
2025-03-08 06:00:00,26.9,0.0,85.5,154.0,0.9
2025-03-08 07:00:00,27.1,0.0,83.7,126.0,1.2
2025-03-08 08:00:00,27.2,0.0,84.1,81.0,1.0
2025-03-08 09:00:00,27.8,0.0,80.4,51.0,3.2
2025-03-08 10:00:00,28.6,0.0,75.7,38.0,3.4
2025-03-08 11:00:00,29.1,0.0,74.2,24.0,3.2
2025-03-08 12:00:00,30.7,0.0,66.3,27.0,3.5
2025-03-08 13:00:00,32.8,0.0,59.2,20.0,3.6
2025-03-08 14:00:00,30.5,0.0,69.6,257.0,5.5
2025-03-08 15:00:00,30.0,0.0,70.6,244.0,4.6
2025-03-08 16:00:00,29.9,0.0,65.2,274.0,3.0
2025-03-08 17:00:00,28.0,0.0,77.3,54.0,3.1
2025-03-08 18:00:00,27.6,0.0,76.5,62.0,3.2
2025-03-08 19:00:00,27.8,0.0,75.3,55.0,2.8
2025-03-08 20:00:00,28.1,0.0,77.2,57.0,3.2
2025-03-08 21:00:00,28.0,0.0,78.7,91.0,1.7
2025-03-08 22:00:00,27.8,0.0,75.7,62.0,3.0
2025-03-08 23:00:00,28.0,0.0,75.9,61.0,2.9
2025-03-09 00:00:00,27.9,0.0,74.7,82.0,2.3
2025-03-09 01:00:00,27.6,0.0,78.5,81.0,2.0
2025-03-09 02:00:00,27.7,0.0,79.0,57.0,3.3
2025-03-09 03:00:00,27.7,0.0,80.0,82.0,2.2
2025-03-09 04:00:00,27.6,0.0,80.6,77.0,2.0
2025-03-09 05:00:00,27.1,0.0,82.7,109.0,1.2
2025-03-09 06:00:00,27.2,0.0,82.7,139.0,1.0
2025-03-09 07:00:00,27.1,0.0,82.0,26.0,1.9
2025-03-09 08:00:00,27.2,0.0,81.2,29.0,2.2
2025-03-09 09:00:00,27.3,0.0,81.1,19.0,3.2
2025-03-09 10:00:00,27.7,0.0,79.6,303.0,4.2
2025-03-09 11:00:00,24.1,0.4,91.4,29.0,4.5
2025-03-09 12:00:00,24.4,0.0,90.2,58.0,4.0
2025-03-09 13:00:00,23.4,0.4,91.4,48.0,3.9
2025-03-09 14:00:00,23.8,0.0,84.6,60.0,3.8
2025-03-09 15:00:00,24.5,0.0,87.2,65.0,1.8
2025-03-09 16:00:00,25.0,0.0,86.2,151.0,1.2
2025-03-09 17:00:00,26.1,0.0,82.7,87.0,1.5
2025-03-09 18:00:00,26.3,0.0,81.2,195.0,1.0
2025-03-09 19:00:00,26.7,0.0,79.1,250.0,1.0
2025-03-09 20:00:00,26.7,0.0,82.3,299.0,1.1
2025-03-09 21:00:00,26.5,0.0,83.9,223.0,1.8
2025-03-09 22:00:00,26.5,0.0,83.6,210.0,1.7
2025-03-09 23:00:00,26.6,0.0,85.1,218.0,1.0
2025-03-10 00:00:00,26.3,0.0,86.3,172.0,0.9
2025-03-10 01:00:00,26.1,0.0,87.3,51.0,2.6
2025-03-10 02:00:00,25.8,0.0,88.6,18.0,2.0
2025-03-10 03:00:00,25.7,0.0,88.5,29.0,1.4
2025-03-10 04:00:00,25.7,0.0,87.8,311.0,1.1
2025-03-10 05:00:00,25.7,0.0,88.0,6.0,3.0
2025-03-10 06:00:00,25.6,0.0,88.1,1.0,2.5
2025-03-10 07:00:00,25.6,0.0,88.1,58.0,1.1
2025-03-10 08:00:00,26.1,0.0,86.1,2.0,3.3
2025-03-10 09:00:00,26.7,0.0,84.2,207.0,1.3
2025-03-10 10:00:00,26.9,0.0,82.7,15.0,3.6
2025-03-10 11:00:00,28.9,0.0,74.8,30.0,3.2
2025-03-10 12:00:00,30.6,0.0,68.0,29.0,2.7
2025-03-10 13:00:00,31.4,0.0,62.0,45.0,4.1
2025-03-10 14:00:00,31.5,0.0,63.2,89.0,3.3
2025-03-10 15:00:00,26.3,1.4,88.4,345.0,4.1
2025-03-10 16:00:00,25.9,0.0,94.7,247.0,1.7
2025-03-10 17:00:00,25.9,0.0,95.8,86.0,1.7
2025-03-10 18:00:00,26.5,0.0,96.1,255.0,2.1
2025-03-10 19:00:00,29.2,0.0,72.5,55.0,2.8
2025-03-10 20:00:00,28.4,0.0,75.5,95.0,1.4
2025-03-10 21:00:00,28.1,0.0,77.8,59.0,2.2
2025-03-10 22:00:00,27.5,0.0,81.8,88.0,1.4
2025-03-10 23:00:00,27.4,0.0,82.8,124.0,1.0
2025-03-11 00:00:00,27.7,0.0,80.8,81.0,1.4
2025-03-11 01:00:00,27.2,0.0,83.3,61.0,1.7
2025-03-11 02:00:00,27.0,0.0,85.8,51.0,2.2
2025-03-11 03:00:00,26.8,0.0,85.2,21.0,2.5
2025-03-11 04:00:00,26.7,0.0,85.4,27.0,2.8
2025-03-11 05:00:00,26.4,0.0,87.2,16.0,1.9
2025-03-11 06:00:00,26.1,0.0,89.7,43.0,1.1
2025-03-11 07:00:00,26.1,0.0,88.1,148.0,1.2
2025-03-11 08:00:00,26.7,0.0,86.1,107.0,1.5
2025-03-11 09:00:00,27.2,0.0,82.6,115.0,1.0
2025-03-11 10:00:00,28.4,0.0,78.5,49.0,3.5
2025-03-11 11:00:00,29.2,0.0,74.1,50.0,3.3
2025-03-11 12:00:00,29.8,0.0,70.4,44.0,3.5
2025-03-11 13:00:00,30.3,0.0,68.4,64.0,2.4
2025-03-11 14:00:00,30.8,0.0,63.2,36.0,3.6
2025-03-11 15:00:00,32.0,0.0,57.4,20.0,4.1
2025-03-11 16:00:00,32.9,0.0,52.0,18.0,4.3
2025-03-11 17:00:00,30.6,0.0,75.1,247.0,5.2
2025-03-11 18:00:00,30.1,0.0,73.7,260.0,5.6
2025-03-11 19:00:00,28.7,0.0,78.9,296.0,6.9
2025-03-11 20:00:00,28.0,0.0,80.2,67.0,3.6
2025-03-11 21:00:00,27.9,0.0,79.6,83.0,1.1
2025-03-11 22:00:00,28.5,0.0,73.7,75.0,1.8
2025-03-11 23:00:00,28.0,0.0,76.0,141.0,1.0
2025-03-12 00:00:00,27.8,0.0,77.2,77.0,1.8
2025-03-12 01:00:00,27.9,0.0,77.3,61.0,1.1
2025-03-12 02:00:00,27.5,0.0,79.3,68.0,1.5
2025-03-12 03:00:00,27.3,0.0,81.2,82.0,1.1
2025-03-12 04:00:00,27.3,0.0,79.8,25.0,1.9
2025-03-12 05:00:00,27.2,0.0,80.1,16.0,1.4
2025-03-12 06:00:00,27.1,0.0,80.4,29.0,1.7
2025-03-12 07:00:00,26.9,0.0,81.5,28.0,2.9
2025-03-12 08:00:00,27.0,0.0,81.2,27.0,2.3
2025-03-12 09:00:00,27.5,0.0,78.1,33.0,2.7
2025-03-12 10:00:00,28.4,0.0,74.9,30.0,3.5
2025-03-12 11:00:00,29.7,0.0,70.3,330.0,3.3
2025-03-12 12:00:00,30.9,0.0,62.2,10.0,3.0
2025-03-12 13:00:00,31.1,0.0,64.5,291.0,5.5
2025-03-12 14:00:00,30.0,0.0,72.9,267.0,3.0
2025-03-12 15:00:00,27.9,0.0,72.8,45.0,3.4
2025-03-12 16:00:00,29.7,0.0,71.3,56.0,2.5
2025-03-12 17:00:00,30.2,0.0,65.4,62.0,4.2
2025-03-12 18:00:00,28.0,0.0,71.3,53.0,4.3
2025-03-12 19:00:00,27.6,0.0,75.4,59.0,3.5
2025-03-12 20:00:00,27.8,0.0,73.8,88.0,1.3
2025-03-12 21:00:00,28.2,0.0,76.0,137.0,1.0
2025-03-12 22:00:00,28.2,0.0,77.6,84.0,2.0
2025-03-12 23:00:00,27.5,0.0,82.9,71.0,2.1
2025-03-13 00:00:00,27.1,0.0,85.2,31.0,2.2
2025-03-13 01:00:00,26.9,0.0,86.2,131.0,0.7
2025-03-13 02:00:00,26.8,0.0,86.1,111.0,1.4
2025-03-13 03:00:00,26.8,0.0,84.4,27.0,2.5
2025-03-13 04:00:00,26.8,0.0,84.1,271.0,1.5
2025-03-13 05:00:00,26.8,0.0,83.3,234.0,1.4
2025-03-13 06:00:00,26.5,0.0,84.8,163.0,0.9
2025-03-13 07:00:00,26.9,0.0,83.9,13.0,1.3
2025-03-13 08:00:00,26.6,0.0,88.0,199.0,1.2
2025-03-13 09:00:00,27.2,0.0,85.8,101.0,1.3
2025-03-13 10:00:00,28.2,0.0,80.7,47.0,1.9
2025-03-13 11:00:00,29.2,0.0,71.8,120.0,1.7
2025-03-13 12:00:00,30.7,0.0,63.2,205.0,1.5
2025-03-13 13:00:00,30.0,0.0,67.5,235.0,3.6
2025-03-13 14:00:00,29.5,0.0,65.8,212.0,3.5
2025-03-13 15:00:00,29.6,0.0,69.2,191.0,2.1
2025-03-13 16:00:00,30.1,0.0,69.8,162.0,1.8
2025-03-13 17:00:00,30.6,0.0,70.2,288.0,3.8
2025-03-13 18:00:00,31.7,0.0,63.2,262.0,3.4
2025-03-13 19:00:00,30.0,0.0,72.8,294.0,2.4
2025-03-13 20:00:00,29.3,0.0,71.4,66.0,2.7
2025-03-13 21:00:00,28.7,0.0,75.0,98.0,1.3
2025-03-13 22:00:00,28.5,0.0,74.5,61.0,3.1
2025-03-13 23:00:00,27.7,0.0,79.2,161.0,0.8
2025-03-14 00:00:00,27.7,0.0,80.2,156.0,1.1
2025-03-14 01:00:00,27.4,0.0,81.8,102.0,1.5
2025-03-14 02:00:00,27.0,0.0,82.5,108.0,1.4
2025-03-14 03:00:00,27.0,0.0,81.7,90.0,1.8
2025-03-14 04:00:00,27.1,0.0,80.2,72.0,2.8
2025-03-14 05:00:00,26.9,0.0,80.2,110.0,1.3
2025-03-14 06:00:00,26.5,0.0,81.7,134.0,1.1
2025-03-14 07:00:00,26.4,0.0,84.6,55.0,2.3
2025-03-14 08:00:00,27.0,0.0,80.5,131.0,1.0
2025-03-14 09:00:00,27.8,0.0,78.5,52.0,2.1
2025-03-14 10:00:00,28.1,0.0,77.1,46.0,3.8
2025-03-14 11:00:00,29.1,0.0,72.1,24.0,3.6
2025-03-14 12:00:00,30.5,0.0,62.5,38.0,3.9
2025-03-14 13:00:00,30.7,0.0,62.7,42.0,3.0
2025-03-14 14:00:00,28.5,0.0,75.4,226.0,3.4
2025-03-14 15:00:00,28.5,0.0,75.3,285.0,3.8
2025-03-14 16:00:00,27.5,0.2,84.4,192.0,1.7
2025-03-14 17:00:00,25.3,0.2,94.8,88.0,1.7
2025-03-14 18:00:00,25.1,4.4,96.1,125.0,1.65
2025-03-14 19:00:00,24.5,0.0,96.9,162.0,1.6
2025-03-14 20:00:00,24.6,0.0,96.7,21.0,2.7
2025-03-14 21:00:00,25.1,0.0,89.1,66.0,1.5
2025-03-14 22:00:00,25.8,0.0,86.9,212.0,2.0
2025-03-14 23:00:00,26.0,0.0,86.9,227.0,1.1
2025-03-15 00:00:00,26.6,0.0,87.5,292.0,4.1
2025-03-15 01:00:00,26.6,0.0,87.1,299.0,1.4
2025-03-15 02:00:00,26.3,0.0,87.5,160.0,0.6
2025-03-15 03:00:00,26.5,0.0,83.9,235.0,0.6
2025-03-15 04:00:00,26.0,0.2,88.5,230.0,0.9
2025-03-15 05:00:00,25.6,0.0,91.6,212.0,2.4
2025-03-15 06:00:00,25.8,0.0,90.8,172.0,0.9
2025-03-15 07:00:00,25.9,0.0,91.5,184.0,1.0
2025-03-15 08:00:00,26.2,0.0,89.5,86.0,1.5
2025-03-15 09:00:00,26.6,0.0,86.3,57.0,2.0
2025-03-15 10:00:00,27.6,0.0,82.6,62.0,2.5
2025-03-15 11:00:00,29.0,0.0,77.9,34.0,3.1
2025-03-15 12:00:00,29.7,0.0,73.0,36.0,3.3
2025-03-15 13:00:00,30.5,0.0,70.3,277.0,3.5
2025-03-15 14:00:00,29.4,0.0,78.1,234.0,5.4
2025-03-15 15:00:00,29.1,0.0,76.5,197.0,2.6
2025-03-15 16:00:00,28.6,0.0,81.1,196.0,2.7
2025-03-15 17:00:00,26.7,0.0,90.5,28.0,3.9
2025-03-15 18:00:00,25.9,0.0,90.9,84.0,1.4
2025-03-15 19:00:00,25.7,0.0,89.1,216.0,0.9
2025-03-15 20:00:00,25.6,0.0,85.6,195.0,1.1
2025-03-15 21:00:00,26.2,0.0,76.6,66.0,1.9
2025-03-15 22:00:00,26.8,0.0,78.7,3.0,2.8
2025-03-15 23:00:00,27.0,0.0,79.9,131.0,1.1
2025-03-16 00:00:00,26.6,0.0,83.5,116.0,1.2
2025-03-16 01:00:00,26.7,0.0,85.6,218.0,1.4
2025-03-16 02:00:00,26.7,0.0,86.0,191.0,1.1
2025-03-16 03:00:00,26.5,0.0,88.0,168.0,1.1
2025-03-16 04:00:00,26.4,0.0,88.9,144.0,1.1
2025-03-16 05:00:00,26.7,0.0,87.4,284.0,1.3
2025-03-16 06:00:00,26.5,0.0,88.3,213.0,0.8
2025-03-16 07:00:00,26.4,0.0,87.6,158.0,1.0
2025-03-16 08:00:00,26.9,0.0,85.4,129.0,1.1
2025-03-16 09:00:00,27.9,0.0,81.3,143.0,0.8
2025-03-16 10:00:00,28.5,0.0,77.6,80.0,1.4
2025-03-16 11:00:00,28.7,0.0,74.9,31.0,3.2
2025-03-16 12:00:00,29.3,0.0,74.1,34.0,2.9
2025-03-16 13:00:00,30.1,0.0,68.3,18.0,3.9
2025-03-16 14:00:00,31.1,0.0,59.6,26.0,3.7
2025-03-16 15:00:00,31.6,0.0,58.0,30.0,3.2
2025-03-16 16:00:00,30.2,0.0,73.3,203.0,4.0
2025-03-16 17:00:00,27.6,0.0,76.4,21.0,4.1
2025-03-16 18:00:00,26.5,0.0,74.5,29.0,5.8
2025-03-16 19:00:00,26.9,0.0,70.3,82.0,1.4
2025-03-16 20:00:00,27.2,0.0,72.9,109.0,1.3
2025-03-16 21:00:00,27.1,0.0,77.0,90.0,1.1
2025-03-16 22:00:00,27.1,0.0,79.0,162.0,1.2
2025-03-16 23:00:00,27.0,0.0,77.7,141.0,0.9
2025-03-17 00:00:00,27.7,0.0,78.2,68.0,2.6
2025-03-17 01:00:00,27.0,0.0,81.6,103.0,1.7
2025-03-17 02:00:00,26.9,0.0,82.2,108.0,1.2
2025-03-17 03:00:00,26.9,0.0,82.5,62.0,1.9
2025-03-17 04:00:00,26.8,0.0,83.2,53.0,2.3
2025-03-17 05:00:00,26.5,0.0,84.3,62.0,3.2
2025-03-17 06:00:00,26.3,0.0,85.2,60.0,3.4
2025-03-17 07:00:00,26.1,0.0,85.1,66.0,2.0
2025-03-17 08:00:00,26.4,0.0,82.1,55.0,2.3
2025-03-17 09:00:00,27.2,0.0,79.2,20.0,3.2
2025-03-17 10:00:00,28.3,0.0,72.4,24.0,2.9
2025-03-17 11:00:00,29.3,0.0,67.4,27.0,2.7
2025-03-17 12:00:00,28.1,0.0,79.0,277.0,7.5
2025-03-17 13:00:00,28.2,0.0,76.7,269.0,8.0
2025-03-17 14:00:00,28.7,0.0,76.2,285.0,9.5
2025-03-17 15:00:00,29.3,0.0,74.3,287.0,6.4
2025-03-17 16:00:00,28.9,0.0,76.3,226.0,5.2
2025-03-17 17:00:00,28.6,0.0,73.1,299.0,6.1
2025-03-17 18:00:00,24.1,0.0,93.7,20.0,5.0
2025-03-17 19:00:00,24.8,0.0,87.5,54.0,1.9
2025-03-17 20:00:00,25.7,0.0,84.4,84.0,1.3
2025-03-17 21:00:00,26.7,0.0,80.6,68.0,2.2
2025-03-17 22:00:00,27.1,0.0,80.7,52.0,2.6
2025-03-17 23:00:00,27.0,0.0,81.6,50.0,2.2
2025-03-18 00:00:00,27.0,0.0,80.6,56.0,2.0
2025-03-18 01:00:00,27.0,0.0,81.1,59.0,3.1
2025-03-18 02:00:00,26.8,0.0,81.5,53.0,3.3
2025-03-18 03:00:00,26.5,0.0,83.5,48.0,3.3
2025-03-18 04:00:00,26.3,0.0,84.3,54.0,2.5
2025-03-18 05:00:00,26.4,0.0,81.7,56.0,2.6
2025-03-18 06:00:00,26.2,0.0,82.4,26.0,2.2
2025-03-18 07:00:00,26.1,0.0,82.9,14.0,3.8
2025-03-18 08:00:00,26.2,0.0,83.1,31.0,2.7
2025-03-18 09:00:00,26.7,0.0,79.7,26.0,3.0
2025-03-18 10:00:00,28.3,0.0,73.3,40.0,3.5
2025-03-18 11:00:00,29.7,0.0,65.8,45.0,3.9
2025-03-18 12:00:00,30.4,0.0,61.8,42.0,3.7
2025-03-18 13:00:00,31.1,0.0,59.0,36.0,3.4
2025-03-18 14:00:00,32.2,0.0,57.5,38.0,4.8
2025-03-18 15:00:00,32.8,0.0,51.2,47.0,5.4
2025-03-18 16:00:00,33.4,0.0,48.5,42.0,4.6
2025-03-18 17:00:00,32.3,0.0,49.9,51.0,4.7
2025-03-18 18:00:00,31.9,0.0,51.8,47.0,4.7
2025-03-18 19:00:00,30.7,0.0,55.7,54.0,3.7
2025-03-18 20:00:00,29.8,0.0,62.2,58.0,2.9
2025-03-18 21:00:00,28.9,0.0,65.2,59.0,4.0
2025-03-18 22:00:00,28.1,0.0,68.3,62.0,3.9
2025-03-18 23:00:00,27.9,0.0,73.2,55.0,3.2
2025-03-19 00:00:00,27.7,0.0,73.9,58.0,3.1
2025-03-19 01:00:00,27.5,0.0,76.0,59.0,3.0
2025-03-19 02:00:00,27.3,0.0,76.4,54.0,3.7
2025-03-19 03:00:00,27.1,0.0,77.1,64.0,3.6
2025-03-19 04:00:00,27.1,0.0,77.7,43.0,3.2
2025-03-19 05:00:00,26.8,0.0,79.4,42.0,2.8
2025-03-19 06:00:00,26.8,0.0,79.1,22.0,3.6
2025-03-19 07:00:00,26.8,0.0,78.7,20.0,3.9
2025-03-19 08:00:00,26.5,0.0,79.8,89.0,1.8
2025-03-19 09:00:00,26.0,0.0,83.5,71.0,2.7
2025-03-19 10:00:00,25.8,0.0,85.2,86.0,1.8
2025-03-19 11:00:00,25.1,0.2,90.8,121.0,1.1
2025-03-19 12:00:00,24.7,2.4,92.2,23.0,2.2
2025-03-19 13:00:00,24.6,0.2,95.0,36.0,1.4
2025-03-19 14:00:00,24.5,0.6,95.7,28.0,2.9
2025-03-19 15:00:00,24.3,0.8,96.2,1.0,2.1
2025-03-19 16:00:00,24.1,0.4,96.4,29.0,2.4
2025-03-19 17:00:00,23.7,0.4,96.6,15.0,2.8
2025-03-19 18:00:00,23.5,0.8,96.9,50.0,3.6
2025-03-19 19:00:00,23.0,0.0,97.1,294.0,5.9
2025-03-19 20:00:00,23.5,0.6,97.2,289.0,5.7
2025-03-19 21:00:00,23.7,0.0,97.5,289.0,5.2
2025-03-19 22:00:00,24.4,0.4,97.7,282.0,2.9
2025-03-19 23:00:00,24.6,0.0,95.8,292.0,5.0
2025-03-20 00:00:00,25.4,0.0,88.5,280.0,9.3
2025-03-20 01:00:00,24.6,0.2,91.6,293.0,5.7
2025-03-20 02:00:00,24.5,1.2,93.8,251.0,2.0
2025-03-20 03:00:00,24.6,0.4,96.1,293.0,4.8
2025-03-20 04:00:00,24.6,1.0,97.2,311.0,2.7
2025-03-20 05:00:00,23.6,0.4,97.6,105.0,1.5
2025-03-20 06:00:00,22.9,0.4,97.8,183.0,1.4
2025-03-20 07:00:00,23.1,0.4,98.1,296.0,5.5
2025-03-20 08:00:00,23.4,0.6,98.4,226.0,2.5
2025-03-20 09:00:00,23.0,0.4,98.7,221.0,2.4
2025-03-20 10:00:00,22.0,1.6,98.9,21.0,10.0
2025-03-20 11:00:00,22.7,0.8,99.2,38.0,4.1
2025-03-20 12:00:00,22.7,0.6,99.2,50.0,2.8
2025-03-20 13:00:00,23.0,0.2,99.2,67.0,1.7
2025-03-20 14:00:00,23.4,1.6,99.2,97.0,1.7
2025-03-20 15:00:00,23.3,0.4,99.2,61.0,2.1
2025-03-20 16:00:00,23.3,1.0,99.2,27.0,4.8
2025-03-20 17:00:00,23.0,0.2,99.2,8.0,5.1
2025-03-20 18:00:00,23.3,0.2,99.2,3.0,3.4
2025-03-20 19:00:00,23.6,0.0,99.2,18.0,3.1
2025-03-20 20:00:00,23.6,0.0,99.2,25.0,3.4
2025-03-20 21:00:00,23.8,0.0,98.9,38.0,3.4
2025-03-20 22:00:00,24.1,0.0,93.9,52.0,3.2
2025-03-20 23:00:00,24.3,0.0,87.6,43.0,3.3
2025-03-21 00:00:00,24.3,0.0,86.0,48.0,3.4
2025-03-21 01:00:00,24.2,0.0,86.1,82.0,1.2
2025-03-21 02:00:00,24.7,0.0,83.6,355.0,1.7
2025-03-21 03:00:00,24.7,0.0,84.8,29.0,1.4
2025-03-21 04:00:00,24.6,0.2,86.5,9.0,1.8
2025-03-21 05:00:00,24.7,0.0,87.5,345.0,1.8
2025-03-21 06:00:00,24.6,0.0,88.0,14.0,2.3
2025-03-21 07:00:00,24.2,0.0,91.7,6.0,1.9
2025-03-21 08:00:00,24.6,0.0,89.8,16.0,2.9
2025-03-21 09:00:00,24.9,0.0,90.6,32.0,2.1
2025-03-21 10:00:00,26.1,0.0,85.9,33.0,2.0
2025-03-21 11:00:00,27.9,0.0,76.9,44.0,2.9
2025-03-21 12:00:00,26.8,0.0,81.8,61.0,3.7
2025-03-21 13:00:00,29.2,0.0,72.7,49.0,3.3
2025-03-21 14:00:00,29.0,0.0,69.3,54.0,4.1
2025-03-21 15:00:00,29.3,0.0,70.0,37.0,2.3
2025-03-21 16:00:00,25.8,0.2,87.2,38.0,3.3
2025-03-21 17:00:00,27.8,0.0,81.4,47.0,2.1
2025-03-21 18:00:00,28.3,0.0,74.9,49.0,3.0
2025-03-21 19:00:00,28.0,0.0,73.1,57.0,3.8
2025-03-21 20:00:00,27.6,0.0,77.0,61.0,3.1
2025-03-21 21:00:00,27.3,0.0,77.4,57.0,2.1
2025-03-21 22:00:00,27.2,0.0,77.3,45.0,1.8
2025-03-21 23:00:00,26.2,0.0,85.8,45.0,2.1
2025-03-22 00:00:00,26.0,0.0,87.8,45.0,1.9
2025-03-22 01:00:00,26.0,0.0,86.9,36.0,1.9
2025-03-22 02:00:00,26.0,0.0,87.5,57.0,1.6
2025-03-22 03:00:00,25.9,0.0,87.5,66.0,1.6
2025-03-22 04:00:00,25.7,0.0,89.7,15.0,2.4
2025-03-22 05:00:00,25.4,0.0,90.9,75.0,2.0
2025-03-22 06:00:00,25.4,0.0,92.1,14.0,2.0
2025-03-22 07:00:00,25.4,0.0,91.8,27.0,1.6
2025-03-22 08:00:00,25.6,0.0,91.8,36.0,1.7
2025-03-22 09:00:00,25.9,0.0,88.8,45.0,2.2
2025-03-22 10:00:00,27.2,0.0,83.1,51.0,1.8
2025-03-22 11:00:00,27.8,0.0,80.3,63.0,2.0
2025-03-22 12:00:00,30.1,0.0,69.3,95.0,1.9
2025-03-22 13:00:00,29.1,0.0,75.7,54.0,2.2
2025-03-22 14:00:00,31.2,0.0,62.0,54.0,3.9
2025-03-22 15:00:00,32.1,0.0,58.0,60.0,3.9
2025-03-22 16:00:00,30.5,0.0,65.8,47.0,4.4
2025-03-22 17:00:00,30.8,0.0,63.1,63.0,2.3
2025-03-22 18:00:00,30.1,0.0,65.1,99.0,1.4
2025-03-22 19:00:00,29.6,0.0,67.1,60.0,2.6
2025-03-22 20:00:00,28.8,0.0,72.2,77.0,1.9
2025-03-22 21:00:00,28.2,0.0,75.0,82.0,2.0
2025-03-22 22:00:00,27.8,0.0,78.0,68.0,1.4
2025-03-22 23:00:00,27.6,0.0,78.9,195.0,1.1
2025-03-23 00:00:00,26.7,0.0,85.6,64.0,2.2
2025-03-23 01:00:00,26.4,0.0,84.1,71.0,1.7
2025-03-23 02:00:00,25.4,0.2,94.2,217.0,0.8
2025-03-23 03:00:00,24.8,0.0,92.9,137.0,1.5499999999999998
2025-03-23 04:00:00,23.6,0.0,88.1,57.0,2.3
2025-03-23 05:00:00,24.1,0.0,89.8,53.0,2.6
2025-03-23 06:00:00,23.8,0.2,90.5,64.0,1.0
2025-03-23 07:00:00,23.6,0.0,92.1,214.0,0.9
2025-03-23 08:00:00,24.2,0.0,90.3,74.0,1.5
2025-03-23 09:00:00,24.5,0.0,89.4,201.0,2.0
2025-03-23 10:00:00,25.8,0.0,87.2,200.0,2.0
2025-03-23 11:00:00,26.2,0.0,84.0,25.0,1.4
2025-03-23 12:00:00,27.1,0.0,80.7,257.0,1.7
2025-03-23 13:00:00,28.5,0.0,77.3,82.0,1.9
2025-03-23 14:00:00,31.5,0.0,62.6,47.0,3.3
2025-03-23 15:00:00,29.2,0.0,76.9,227.0,5.9
2025-03-23 16:00:00,28.9,0.0,79.1,238.0,5.2
2025-03-23 17:00:00,29.1,0.0,72.2,205.0,4.7
2025-03-23 18:00:00,26.5,0.4,89.1,54.0,3.0
2025-03-23 19:00:00,24.8,4.2,96.2,10.0,7.9
2025-03-23 20:00:00,25.4,1.4,97.9,150.0,0.9
2025-03-23 21:00:00,25.6,0.0,98.5,262.0,1.1
2025-03-23 22:00:00,25.5,0.0,98.6,223.0,2.9
2025-03-23 23:00:00,24.3,0.2,98.1,28.0,1.6
2025-03-24 00:00:00,24.2,0.0,97.9,206.0,0.7
2025-03-24 01:00:00,24.8,0.0,98.2,252.0,1.0
2025-03-24 02:00:00,25.0,0.0,98.4,51.0,2.4
2025-03-24 03:00:00,24.9,0.0,96.3,51.0,3.0
2025-03-24 04:00:00,25.0,0.0,92.3,37.0,2.5
2025-03-24 05:00:00,24.5,0.2,93.5,130.0,0.7
2025-03-24 06:00:00,24.4,0.0,93.1,168.0,0.8
2025-03-24 07:00:00,25.0,0.0,92.9,51.0,1.6
2025-03-24 08:00:00,25.7,0.0,91.5,20.0,3.0
2025-03-24 09:00:00,25.8,0.0,90.4,21.0,3.0
2025-03-24 10:00:00,26.4,0.0,87.3,70.0,2.8
2025-03-24 11:00:00,27.8,0.0,81.5,295.0,2.9
2025-03-24 12:00:00,27.9,0.0,83.5,299.0,3.6
2025-03-24 13:00:00,30.1,0.0,71.8,300.0,3.6
2025-03-24 14:00:00,28.4,0.0,76.5,17.0,2.0
2025-03-24 15:00:00,29.0,0.0,73.4,237.0,0.9
2025-03-24 16:00:00,28.9,0.0,75.3,307.0,1.0
2025-03-24 17:00:00,28.9,0.0,73.0,48.0,1.4
2025-03-24 18:00:00,29.6,0.0,70.9,289.0,1.3
2025-03-24 19:00:00,28.8,0.0,75.1,306.0,1.1
2025-03-24 20:00:00,28.6,0.0,76.4,198.0,1.3
2025-03-24 21:00:00,28.1,0.0,78.4,147.0,0.8
2025-03-24 22:00:00,27.6,0.0,80.7,171.0,0.7
2025-03-24 23:00:00,27.1,0.0,82.4,157.0,0.9
2025-03-25 00:00:00,26.9,0.0,83.5,159.0,1.0
2025-03-25 01:00:00,27.0,0.0,83.5,108.0,1.7
2025-03-25 02:00:00,26.4,0.0,85.4,146.0,1.1
2025-03-25 03:00:00,26.4,0.0,85.1,80.0,1.8
2025-03-25 04:00:00,26.1,0.0,86.2,133.0,1.2
2025-03-25 05:00:00,25.9,0.0,87.0,174.0,1.2
2025-03-25 06:00:00,26.3,0.0,85.0,134.0,1.2
2025-03-25 07:00:00,25.9,0.0,86.3,140.0,1.2
2025-03-25 08:00:00,26.5,0.0,83.9,71.0,1.7
2025-03-25 09:00:00,26.9,0.0,81.5,72.0,1.6
2025-03-25 10:00:00,27.2,0.0,79.3,12.0,2.9
2025-03-25 11:00:00,28.2,0.0,74.7,38.0,3.1
2025-03-25 12:00:00,29.4,0.0,70.2,31.0,2.0
2025-03-25 13:00:00,29.9,0.0,67.6,277.0,3.4
2025-03-25 14:00:00,29.5,0.0,73.4,251.0,3.8
2025-03-25 15:00:00,30.0,0.0,71.2,254.0,4.9
2025-03-25 16:00:00,30.3,0.0,70.6,243.0,4.4
2025-03-25 17:00:00,29.6,0.0,74.0,249.0,5.5
2025-03-25 18:00:00,29.9,0.0,70.8,259.0,4.3
2025-03-25 19:00:00,29.7,0.0,70.5,249.0,2.0
2025-03-25 20:00:00,28.2,0.0,82.6,46.0,2.7
2025-03-25 21:00:00,28.1,0.0,80.4,77.0,1.1
2025-03-25 22:00:00,27.8,0.0,81.1,167.0,0.7
2025-03-25 23:00:00,27.7,0.0,79.7,123.0,1.2
2025-03-26 00:00:00,27.4,0.0,79.4,91.0,1.3
2025-03-26 01:00:00,27.0,0.0,81.8,158.0,1.1
2025-03-26 02:00:00,26.7,0.0,82.7,134.0,1.0
2025-03-26 03:00:00,26.6,0.0,83.6,142.0,1.1
2025-03-26 04:00:00,26.3,0.0,84.8,152.0,1.0
2025-03-26 05:00:00,26.2,0.0,85.6,159.0,1.4
2025-03-26 06:00:00,25.9,0.0,86.2,225.0,0.8
2025-03-26 07:00:00,26.0,0.0,85.5,208.0,0.7
2025-03-26 08:00:00,26.6,0.0,82.7,177.0,0.9
2025-03-26 09:00:00,27.4,0.0,77.3,81.0,1.5
2025-03-26 10:00:00,29.0,0.0,70.4,60.0,2.1
2025-03-26 11:00:00,29.4,0.0,69.3,29.0,3.7
2025-03-26 12:00:00,30.8,0.0,63.4,39.0,3.0
2025-03-26 13:00:00,31.7,0.0,60.4,31.0,3.3
2025-03-26 14:00:00,31.7,0.0,60.4,26.0,3.5
2025-03-26 15:00:00,30.9,0.0,69.1,246.0,5.4
2025-03-26 16:00:00,31.1,0.0,67.9,265.0,6.2
2025-03-26 17:00:00,30.8,0.0,70.8,263.0,6.5
2025-03-26 18:00:00,31.4,0.0,65.5,268.0,5.1
2025-03-26 19:00:00,31.0,0.0,65.6,242.0,2.7
2025-03-26 20:00:00,29.6,0.0,72.4,186.0,1.6
2025-03-26 21:00:00,28.6,0.0,76.3,140.0,0.9
2025-03-26 22:00:00,28.1,0.0,77.0,137.0,1.0
2025-03-26 23:00:00,28.0,0.0,76.7,145.0,0.9
2025-03-27 00:00:00,27.9,0.0,77.0,108.0,1.2
2025-03-27 01:00:00,27.7,0.0,78.5,106.0,1.1
2025-03-27 02:00:00,27.6,0.0,79.0,95.0,1.7
2025-03-27 03:00:00,27.1,0.0,81.7,163.0,0.8
2025-03-27 04:00:00,26.9,0.0,82.3,193.0,1.1
2025-03-27 05:00:00,27.1,0.0,82.3,107.0,0.9
2025-03-27 06:00:00,26.7,0.0,83.7,185.0,1.4
2025-03-27 07:00:00,26.9,0.0,82.9,227.0,1.1
2025-03-27 08:00:00,27.1,0.0,82.4,162.0,0.9
2025-03-27 09:00:00,27.8,0.0,79.0,98.0,1.5
2025-03-27 10:00:00,28.2,0.0,78.0,15.0,4.1
2025-03-27 11:00:00,29.9,0.0,70.4,39.0,2.1
2025-03-27 12:00:00,30.5,0.0,69.1,272.0,3.3
2025-03-27 13:00:00,30.9,0.0,69.2,261.0,5.1
2025-03-27 14:00:00,30.6,0.0,71.8,249.0,5.1
2025-03-27 15:00:00,30.3,0.0,72.0,243.0,2.9
2025-03-27 16:00:00,31.1,0.0,66.1,272.0,3.9
2025-03-27 17:00:00,30.9,0.0,69.5,20.0,2.9
2025-03-27 18:00:00,30.0,0.0,73.1,21.0,2.7
2025-03-27 19:00:00,30.0,0.0,72.8,13.0,3.0
2025-03-27 20:00:00,29.0,0.0,76.5,47.0,3.3
2025-03-27 21:00:00,28.3,0.0,78.7,17.0,1.8
2025-03-27 22:00:00,28.0,0.0,79.5,29.0,2.7
2025-03-27 23:00:00,27.9,0.0,80.2,27.0,1.6
2025-03-28 00:00:00,27.5,0.0,80.9,65.0,2.0
2025-03-28 01:00:00,27.7,0.0,81.5,24.0,2.1
2025-03-28 02:00:00,27.6,0.0,80.9,34.0,1.4
2025-03-28 03:00:00,27.4,0.0,83.0,29.0,1.8
2025-03-28 04:00:00,27.0,0.0,82.5,42.0,1.9
2025-03-28 05:00:00,27.0,0.0,81.7,29.0,2.7
2025-03-28 06:00:00,24.8,0.4,90.6,62.0,4.2
2025-03-28 07:00:00,25.8,0.0,85.7,28.0,2.8
2025-03-28 08:00:00,26.7,0.0,81.1,17.0,1.6
2025-03-28 09:00:00,27.7,0.0,78.4,332.0,2.8
2025-03-28 10:00:00,28.5,0.0,78.5,298.0,5.1
2025-03-28 11:00:00,29.0,0.0,76.4,292.0,2.9
2025-03-28 12:00:00,30.2,0.0,70.1,301.0,5.5
2025-03-28 13:00:00,30.3,0.0,72.8,298.0,6.1
2025-03-28 14:00:00,29.7,0.0,76.2,283.0,6.9
2025-03-28 15:00:00,30.9,0.0,69.7,300.0,3.4
2025-03-28 16:00:00,30.7,0.0,69.5,300.0,7.2
2025-03-28 17:00:00,31.1,0.0,65.5,299.0,4.9
2025-03-28 18:00:00,30.4,0.0,70.3,205.0,1.2
2025-03-28 19:00:00,29.4,0.0,72.7,71.0,2.1
2025-03-28 20:00:00,29.1,0.0,73.2,56.0,4.5
2025-03-28 21:00:00,29.1,0.0,72.6,81.0,2.8
2025-03-28 22:00:00,29.1,0.0,72.9,219.0,2.9
2025-03-28 23:00:00,28.5,0.0,75.5,41.0,2.4
2025-03-29 00:00:00,28.0,0.0,79.0,52.0,2.1
2025-03-29 01:00:00,28.0,0.0,79.0,44.0,3.1
2025-03-29 02:00:00,28.0,0.0,76.6,31.0,3.6
2025-03-29 03:00:00,27.9,0.0,79.7,138.0,0.8
2025-03-29 04:00:00,27.4,0.0,82.4,42.0,2.3
2025-03-29 05:00:00,27.4,0.0,83.4,40.0,1.7
2025-03-29 06:00:00,27.2,0.0,84.5,66.0,1.5
2025-03-29 07:00:00,27.4,0.0,83.2,34.0,1.9
2025-03-29 08:00:00,27.4,0.0,81.5,23.0,2.1
2025-03-29 09:00:00,27.7,0.0,81.3,44.0,1.7
2025-03-29 10:00:00,28.7,0.0,77.7,31.0,2.2
2025-03-29 11:00:00,30.1,0.0,68.8,294.0,2.5
2025-03-29 12:00:00,30.2,0.0,69.1,254.0,2.8
2025-03-29 13:00:00,31.3,0.0,66.1,248.0,4.5
2025-03-29 14:00:00,30.5,0.0,67.5,261.0,6.1
2025-03-29 15:00:00,30.3,0.0,69.0,275.0,6.8
2025-03-29 16:00:00,30.9,0.0,63.7,277.0,4.7
2025-03-29 17:00:00,30.5,0.0,68.5,290.0,5.1
2025-03-29 18:00:00,29.4,0.0,69.5,63.0,3.8
2025-03-29 19:00:00,28.8,0.0,73.8,66.0,1.3
2025-03-29 20:00:00,27.7,0.0,78.4,68.0,2.1
2025-03-29 21:00:00,27.5,0.0,77.9,104.0,1.1
2025-03-29 22:00:00,27.9,0.0,74.2,32.0,2.4
2025-03-29 23:00:00,27.9,0.0,72.6,94.0,1.2
2025-03-30 00:00:00,27.4,0.0,79.2,161.0,0.9
2025-03-30 01:00:00,27.6,0.0,79.8,153.0,0.9
2025-03-30 02:00:00,27.8,0.0,79.8,76.0,1.6
2025-03-30 03:00:00,27.4,0.0,83.2,129.0,1.1
2025-03-30 04:00:00,27.0,0.0,85.2,97.0,1.6
2025-03-30 05:00:00,26.8,0.0,85.9,176.0,0.8
2025-03-30 06:00:00,26.7,0.0,86.5,189.0,0.7
2025-03-30 07:00:00,27.0,0.0,84.8,237.0,1.1
2025-03-30 08:00:00,27.2,0.0,86.7,216.0,1.5
2025-03-30 09:00:00,27.9,0.0,82.0,270.0,1.8
2025-03-30 10:00:00,29.6,0.0,72.4,90.0,1.6
2025-03-30 11:00:00,31.7,0.0,63.8,85.0,2.9
2025-03-30 12:00:00,30.4,0.0,67.6,19.0,4.5
2025-03-30 13:00:00,31.2,0.0,64.0,288.0,2.9
2025-03-30 14:00:00,29.8,0.0,74.9,217.0,4.3
2025-03-30 15:00:00,30.8,0.0,71.0,273.0,4.7
2025-03-30 16:00:00,30.1,0.0,72.5,234.0,3.7
2025-03-30 17:00:00,28.5,0.0,78.7,162.0,0.8
2025-03-30 18:00:00,27.3,0.0,79.6,76.0,2.1
2025-03-30 19:00:00,26.8,0.0,78.5,87.0,2.1
2025-03-30 20:00:00,26.9,0.0,79.3,147.0,1.2
2025-03-30 21:00:00,26.8,0.0,80.6,113.0,1.2
2025-03-30 22:00:00,26.5,0.0,81.9,55.0,3.0
2025-03-30 23:00:00,26.5,0.0,81.0,54.0,3.3
2025-03-31 00:00:00,26.4,0.0,83.2,53.0,2.2
2025-03-31 01:00:00,26.5,0.0,82.8,132.0,1.4
2025-03-31 02:00:00,26.6,0.0,83.9,114.0,1.0
2025-03-31 03:00:00,26.7,0.0,82.8,67.0,1.7
2025-03-31 04:00:00,26.4,0.0,85.7,48.0,3.0
2025-03-31 05:00:00,26.5,0.0,85.5,50.0,2.8
2025-03-31 06:00:00,26.4,0.0,85.5,56.0,2.3
2025-03-31 07:00:00,27.0,0.0,84.1,323.0,3.0
2025-03-31 08:00:00,25.4,0.0,79.0,259.0,13.0
2025-03-31 09:00:00,24.3,0.0,94.3,103.0,1.0
2025-03-31 10:00:00,26.0,0.0,88.7,261.0,1.4
2025-03-31 11:00:00,27.7,0.0,80.2,300.0,4.4
2025-03-31 12:00:00,28.2,0.0,80.1,248.0,5.2
2025-03-31 13:00:00,28.6,0.0,78.4,265.0,4.9
2025-03-31 14:00:00,29.4,0.0,76.2,242.0,4.8
2025-03-31 15:00:00,28.7,0.0,77.7,235.0,3.6
2025-03-31 16:00:00,28.7,0.0,77.7,251.0,3.3
2025-03-31 17:00:00,28.9,0.0,76.6,262.0,2.2
2025-03-31 18:00:00,28.5,0.0,74.6,4.0,1.3
2025-03-31 19:00:00,27.0,0.0,75.1,108.0,1.4
2025-03-31 20:00:00,26.9,0.0,77.5,90.0,1.5
2025-03-31 21:00:00,26.8,0.0,77.9,124.0,0.8
2025-03-31 22:00:00,26.5,0.0,81.0,73.0,2.1
2025-03-31 23:00:00,26.5,0.0,82.7,61.0,3.2
2025-04-01 00:00:00,26.7,0.0,79.3,55.0,3.6
2025-04-01 01:00:00,26.4,0.0,81.5,58.0,3.1
2025-04-01 02:00:00,26.4,0.0,81.8,71.0,1.9
2025-04-01 03:00:00,26.2,0.0,84.8,54.0,3.1
2025-04-01 04:00:00,26.4,0.0,84.1,59.0,3.4
2025-04-01 05:00:00,26.4,0.0,84.5,54.0,2.9
2025-04-01 06:00:00,26.4,0.0,84.0,28.0,2.7
2025-04-01 07:00:00,25.7,0.0,86.7,49.0,2.1
2025-04-01 08:00:00,26.1,0.0,85.6,54.0,2.1
2025-04-01 09:00:00,26.7,0.0,81.2,46.0,2.3
2025-04-01 10:00:00,27.6,0.0,77.5,51.0,2.7
2025-04-01 11:00:00,29.5,0.0,69.9,38.0,2.3
2025-04-01 12:00:00,31.6,0.0,61.1,301.0,2.9
2025-04-01 13:00:00,30.7,0.0,65.9,241.0,5.1
2025-04-01 14:00:00,30.7,0.0,68.3,277.0,7.7
2025-04-01 15:00:00,30.1,0.0,68.5,255.0,6.6
2025-04-01 16:00:00,29.9,0.0,71.3,260.0,7.0
2025-04-01 17:00:00,30.2,0.0,70.0,259.0,5.3
2025-04-01 18:00:00,29.9,0.0,70.6,264.0,5.2
2025-04-01 19:00:00,29.8,0.0,71.9,275.0,4.9
2025-04-01 20:00:00,30.0,0.0,70.8,287.0,2.8
2025-04-01 21:00:00,29.3,0.0,75.1,51.0,1.8
2025-04-01 22:00:00,29.4,0.0,73.1,127.0,1.1
2025-04-01 23:00:00,29.3,0.0,70.7,165.0,0.7
2025-04-02 00:00:00,29.0,0.0,75.1,93.0,1.0
2025-04-02 01:00:00,28.6,0.0,77.7,63.0,1.6
2025-04-02 02:00:00,28.4,0.0,78.7,122.0,0.9
2025-04-02 03:00:00,28.0,0.0,81.3,109.0,1.1
2025-04-02 04:00:00,28.0,0.0,80.5,115.0,1.2
2025-04-02 05:00:00,27.6,0.0,82.3,37.0,2.0
2025-04-02 06:00:00,27.5,0.0,82.3,33.0,2.0
2025-04-02 07:00:00,23.8,0.2,90.7,143.0,1.8
2025-04-02 08:00:00,24.5,0.0,87.4,49.0,5.5
2025-04-02 09:00:00,24.3,0.0,84.8,23.0,3.9
2025-04-02 10:00:00,25.3,0.0,82.7,12.0,1.5
2025-04-02 11:00:00,25.9,0.0,79.2,40.0,2.1
2025-04-02 12:00:00,27.1,0.0,76.2,249.0,2.4
2025-04-02 13:00:00,28.3,0.0,73.5,236.0,4.4
2025-04-02 14:00:00,28.9,0.0,72.6,236.0,4.9
2025-04-02 15:00:00,29.5,0.0,68.2,260.0,5.3
2025-04-02 16:00:00,29.9,0.0,66.3,265.0,6.1
2025-04-02 17:00:00,30.0,0.0,66.2,267.0,5.7
2025-04-02 18:00:00,30.0,0.0,67.8,269.0,7.3
2025-04-02 19:00:00,29.7,0.0,67.3,276.0,5.6
2025-04-02 20:00:00,29.9,0.0,63.6,292.0,2.3
2025-04-02 21:00:00,28.9,0.0,73.6,38.0,2.4
2025-04-02 22:00:00,28.2,0.0,77.3,71.0,1.9
2025-04-02 23:00:00,28.0,0.0,73.7,81.0,1.8
2025-04-03 00:00:00,28.2,0.0,73.5,76.0,1.4
2025-04-03 01:00:00,27.7,0.0,77.8,69.0,2.4
2025-04-03 02:00:00,26.1,0.0,84.0,32.0,5.0
2025-04-03 03:00:00,25.3,0.0,81.4,57.0,4.1
2025-04-03 04:00:00,25.9,0.0,77.0,22.0,1.5
2025-04-03 05:00:00,26.1,0.0,73.3,254.0,1.0
2025-04-03 06:00:00,25.9,0.0,72.8,116.0,1.5
2025-04-03 07:00:00,25.7,0.0,77.9,56.0,1.6
2025-04-03 08:00:00,26.0,0.0,79.3,5.0,1.7
2025-04-03 09:00:00,27.1,0.0,72.1,299.0,1.1
2025-04-03 10:00:00,29.2,0.0,63.6,58.0,1.4
2025-04-03 11:00:00,29.4,0.0,64.8,25.0,4.2
2025-04-03 12:00:00,30.8,0.0,58.4,33.0,3.7
2025-04-03 13:00:00,32.0,0.0,54.9,28.0,3.6
2025-04-03 14:00:00,31.4,0.0,64.2,250.0,5.3
2025-04-03 15:00:00,31.4,0.0,65.4,245.0,5.0
2025-04-03 16:00:00,31.3,0.0,62.6,255.0,4.2
2025-04-03 17:00:00,30.6,0.0,65.1,192.0,2.2
2025-04-03 18:00:00,30.7,0.0,63.9,144.0,1.5
2025-04-03 19:00:00,24.8,6.0,91.4,66.0,3.4
2025-04-03 20:00:00,25.0,0.0,95.5,60.0,1.8
2025-04-03 21:00:00,25.1,0.0,95.9,221.0,0.8
2025-04-03 22:00:00,25.2,0.0,96.1,131.0,0.6
2025-04-03 23:00:00,25.9,0.0,93.9,89.0,1.1
2025-04-04 00:00:00,26.6,0.0,89.2,147.0,1.2
2025-04-04 01:00:00,26.7,0.0,86.1,134.0,1.6
2025-04-04 02:00:00,26.6,0.0,85.6,168.0,1.2
2025-04-04 03:00:00,27.1,0.0,81.7,74.0,2.1
2025-04-04 04:00:00,26.9,0.0,84.4,61.0,1.3
2025-04-04 05:00:00,26.5,0.0,86.4,168.0,1.0
2025-04-04 06:00:00,26.4,0.0,87.5,139.0,1.3
2025-04-04 07:00:00,26.5,0.0,87.6,352.0,0.9
2025-04-04 08:00:00,26.9,0.0,86.1,179.0,0.9
2025-04-04 09:00:00,27.2,0.0,83.9,91.0,1.3
2025-04-04 10:00:00,27.3,0.0,83.1,48.0,2.4
2025-04-04 11:00:00,29.3,0.0,75.8,229.0,2.1
2025-04-04 12:00:00,29.1,0.0,75.6,280.0,3.2
2025-04-04 13:00:00,28.6,0.0,76.2,209.0,1.7
2025-04-04 14:00:00,27.8,0.0,78.4,70.0,1.2
2025-04-04 15:00:00,27.6,0.0,80.2,54.0,3.1
2025-04-04 16:00:00,27.3,0.0,79.7,171.0,0.9
2025-04-04 17:00:00,26.8,0.0,82.9,52.0,1.5
2025-04-04 18:00:00,27.3,0.0,81.1,114.0,1.0
2025-04-04 19:00:00,27.3,0.0,82.0,88.0,1.5
2025-04-04 20:00:00,27.2,0.0,82.5,149.0,1.0
2025-04-04 21:00:00,27.4,0.0,81.5,162.0,1.0
2025-04-04 22:00:00,27.0,0.0,83.7,160.0,0.8
2025-04-04 23:00:00,27.2,0.0,82.3,132.0,1.0
2025-04-05 00:00:00,27.0,0.0,85.1,53.0,2.4
2025-04-05 01:00:00,26.7,0.0,85.4,59.0,1.9
2025-04-05 02:00:00,26.7,0.0,86.5,37.0,2.1
2025-04-05 03:00:00,26.4,0.0,84.6,17.0,3.1
2025-04-05 04:00:00,26.4,0.0,84.4,43.0,2.1
2025-04-05 05:00:00,26.4,0.0,82.2,30.0,2.3
2025-04-05 06:00:00,26.2,0.0,85.2,44.0,3.0
2025-04-05 07:00:00,25.1,0.2,90.6,22.0,3.8
2025-04-05 08:00:00,24.2,0.4,90.6,246.0,7.4
2025-04-05 09:00:00,24.8,0.0,89.3,203.0,1.5
2025-04-05 10:00:00,25.5,0.0,88.3,221.0,1.0
2025-04-05 11:00:00,28.9,0.0,71.9,25.0,2.1
2025-04-05 12:00:00,29.4,0.0,68.9,37.0,3.2
2025-04-05 13:00:00,30.5,0.0,66.8,35.0,1.7
2025-04-05 14:00:00,29.2,0.0,75.7,260.0,4.5
2025-04-05 15:00:00,30.1,0.0,73.3,241.0,5.0
2025-04-05 16:00:00,29.7,0.0,73.0,254.0,5.3
2025-04-05 17:00:00,29.7,0.0,73.4,250.0,5.3
2025-04-05 18:00:00,29.7,0.0,72.0,242.0,4.1
2025-04-05 19:00:00,29.6,0.0,72.2,289.0,3.9
2025-04-05 20:00:00,24.4,0.8,92.9,324.0,3.1
2025-04-05 21:00:00,25.2,0.2,90.85,164.5,2.3
2025-04-05 22:00:00,26.0,0.0,88.8,5.0,1.5
2025-04-05 23:00:00,26.1,0.0,87.9,135.0,1.3
2025-04-06 00:00:00,26.7,0.0,84.9,191.0,1.1
2025-04-06 01:00:00,27.0,0.0,84.5,204.0,1.5
2025-04-06 02:00:00,26.6,0.0,87.1,209.0,0.7
2025-04-06 03:00:00,26.5,0.0,87.6,145.0,0.7
2025-04-06 04:00:00,26.6,0.0,86.4,173.0,1.2
2025-04-06 05:00:00,26.5,0.0,87.1,199.0,0.9
2025-04-06 06:00:00,26.5,0.0,87.7,161.0,0.9
2025-04-06 07:00:00,26.6,0.0,86.6,74.0,1.6
2025-04-06 08:00:00,26.7,0.0,86.2,41.0,2.4
2025-04-06 09:00:00,27.4,0.0,82.2,34.0,2.2
2025-04-06 10:00:00,28.5,0.0,75.4,44.0,3.6
2025-04-06 11:00:00,30.4,0.0,67.7,47.0,2.0
2025-04-06 12:00:00,30.6,0.0,64.1,25.0,3.7
2025-04-06 13:00:00,31.6,0.0,60.2,34.0,3.5
2025-04-06 14:00:00,30.8,0.0,69.4,200.0,3.5
2025-04-06 15:00:00,31.1,0.0,66.6,176.0,3.5
2025-04-06 16:00:00,30.1,0.0,73.0,189.0,3.2
2025-04-06 17:00:00,29.4,0.0,75.5,13.0,2.6
2025-04-06 18:00:00,28.7,0.0,79.9,264.0,5.0
2025-04-06 19:00:00,29.2,0.0,78.9,256.0,4.4
2025-04-06 20:00:00,29.2,0.0,78.0,236.0,1.9
2025-04-06 21:00:00,28.7,0.0,75.5,141.0,1.1
2025-04-06 22:00:00,28.0,0.0,83.9,85.0,2.4
2025-04-06 23:00:00,27.8,0.0,84.3,131.0,1.5
2025-04-07 00:00:00,27.5,0.0,75.7,80.0,1.8
2025-04-07 01:00:00,27.0,0.0,79.7,59.0,2.1
2025-04-07 02:00:00,26.6,0.0,82.0,151.0,1.1
2025-04-07 03:00:00,26.6,0.0,81.2,153.0,1.0
2025-04-07 04:00:00,26.3,0.0,83.7,48.0,2.4
2025-04-07 05:00:00,26.4,0.0,82.3,281.0,0.8
2025-04-07 06:00:00,26.4,0.0,82.8,167.0,1.1
2025-04-07 07:00:00,26.2,0.0,84.4,32.0,3.1
2025-04-07 08:00:00,26.0,0.0,85.6,35.0,2.5
2025-04-07 09:00:00,26.3,0.0,84.0,17.0,3.4
2025-04-07 10:00:00,26.1,0.0,86.4,21.0,3.2
2025-04-07 11:00:00,26.3,0.0,87.2,26.0,2.9
2025-04-07 12:00:00,26.4,0.2,85.5,36.0,2.4
2025-04-07 13:00:00,26.2,0.2,86.4,40.0,3.0
2025-04-07 14:00:00,24.9,0.4,94.9,37.0,1.8
2025-04-07 15:00:00,26.1,0.0,92.7,27.0,3.2
2025-04-07 16:00:00,28.2,0.0,74.6,38.0,3.9
2025-04-07 17:00:00,28.4,0.0,74.8,34.0,3.8
2025-04-07 18:00:00,28.9,0.0,72.7,59.0,2.7
2025-04-07 19:00:00,28.5,0.0,73.8,51.0,2.0
2025-04-07 20:00:00,28.2,0.0,74.4,109.0,1.1
2025-04-07 21:00:00,27.7,0.0,78.3,52.0,1.0
2025-04-07 22:00:00,27.4,0.0,79.4,200.0,1.0
2025-04-07 23:00:00,27.0,0.0,81.5,132.0,1.1
2025-04-08 00:00:00,26.9,0.0,84.0,114.0,1.2
2025-04-08 01:00:00,26.7,0.0,84.4,46.0,2.2
2025-04-08 02:00:00,26.6,0.0,84.1,24.0,2.3
2025-04-08 03:00:00,26.3,0.0,84.6,14.0,0.8
2025-04-08 04:00:00,26.2,0.0,85.3,15.0,1.3
2025-04-08 05:00:00,26.0,0.4,90.1,275.0,1.7
2025-04-08 06:00:00,25.7,0.2,91.3,157.0,0.6
2025-04-08 07:00:00,25.4,0.2,92.4,333.0,0.6
2025-04-08 08:00:00,25.7,0.2,92.9,168.0,0.5
2025-04-08 09:00:00,25.8,0.0,93.4,286.0,1.6
2025-04-08 10:00:00,26.3,0.0,92.6,340.0,0.9
2025-04-08 11:00:00,27.0,0.0,88.5,292.0,1.1
2025-04-08 12:00:00,27.8,0.0,83.7,145.0,1.3
2025-04-08 13:00:00,28.8,0.0,76.3,96.0,1.5
2025-04-08 14:00:00,29.1,0.0,75.8,67.0,1.6
2025-04-08 15:00:00,29.4,0.0,72.2,127.0,1.1
2025-04-08 16:00:00,29.5,0.0,71.1,148.0,1.3
2025-04-08 17:00:00,28.9,0.0,71.9,106.0,1.6
2025-04-08 18:00:00,29.5,0.0,68.1,235.0,1.4
2025-04-08 19:00:00,28.5,0.0,78.4,171.0,1.3
2025-04-08 20:00:00,28.3,0.0,76.6,145.0,0.7
2025-04-08 21:00:00,27.9,0.0,79.2,150.0,0.9
2025-04-08 22:00:00,27.5,0.0,81.3,115.0,1.2
2025-04-08 23:00:00,27.3,0.0,82.1,180.0,1.4
2025-04-09 00:00:00,27.2,0.0,82.4,81.0,1.2
2025-04-09 01:00:00,27.0,0.0,83.2,81.0,1.3
2025-04-09 02:00:00,27.0,0.0,82.7,147.0,1.2
2025-04-09 03:00:00,26.9,0.0,83.0,78.0,1.6
2025-04-09 04:00:00,26.8,0.0,83.6,85.0,1.3
2025-04-09 05:00:00,26.5,0.0,85.5,138.0,1.2
2025-04-09 06:00:00,26.4,0.0,85.5,232.0,1.1
2025-04-09 07:00:00,26.4,0.0,85.8,152.0,1.2
2025-04-09 08:00:00,26.8,0.0,84.1,83.0,1.5
2025-04-09 09:00:00,27.6,0.0,80.9,72.0,1.9
2025-04-09 10:00:00,28.6,0.0,73.1,36.0,3.1
2025-04-09 11:00:00,29.9,0.0,64.1,18.0,4.1
2025-04-09 12:00:00,30.2,0.0,64.1,20.0,3.9
2025-04-09 13:00:00,29.9,0.0,68.3,153.0,0.9
2025-04-09 14:00:00,30.5,0.0,66.0,220.0,3.9
2025-04-09 15:00:00,29.4,0.0,68.8,144.0,0.9
2025-04-09 16:00:00,29.9,0.0,66.6,156.0,1.2
2025-04-09 17:00:00,29.3,0.0,68.8,151.0,1.0
2025-04-09 18:00:00,29.7,0.0,69.3,162.0,0.7
2025-04-09 19:00:00,29.0,0.0,76.6,19.0,2.2
2025-04-09 20:00:00,28.4,0.0,77.2,30.0,1.8
2025-04-09 21:00:00,25.6,0.0,91.4,164.0,0.7
2025-04-09 22:00:00,25.8,0.0,90.7,175.0,0.8
2025-04-09 23:00:00,26.6,0.0,87.3,6.0,1.4
2025-04-10 00:00:00,26.7,0.0,86.8,162.0,0.9
2025-04-10 01:00:00,26.0,0.0,86.4,217.0,1.1
2025-04-10 02:00:00,27.0,0.0,84.6,267.0,2.3
2025-04-10 03:00:00,27.3,0.0,86.1,290.0,2.3
2025-04-10 04:00:00,26.9,0.0,85.1,39.0,2.7
2025-04-10 05:00:00,26.5,0.0,87.0,61.0,2.0
2025-04-10 06:00:00,26.6,0.0,84.9,57.0,1.5
2025-04-10 07:00:00,27.1,0.0,83.2,292.0,3.9
2025-04-10 08:00:00,27.7,0.0,78.5,275.0,5.6
2025-04-10 09:00:00,28.0,0.0,76.6,236.0,2.6
2025-04-10 10:00:00,28.3,0.0,77.4,241.0,3.7
2025-04-10 11:00:00,28.8,0.0,73.2,260.0,3.2
2025-04-10 12:00:00,29.2,0.0,73.9,249.0,3.7
2025-04-10 13:00:00,30.0,0.0,72.1,243.0,4.5
2025-04-10 14:00:00,30.7,0.0,67.3,245.0,4.8
2025-04-10 15:00:00,31.1,0.0,63.8,250.0,5.5
2025-04-10 16:00:00,31.4,0.0,64.1,252.0,5.2
2025-04-10 17:00:00,31.7,0.0,63.8,258.0,5.0
2025-04-10 18:00:00,30.3,0.0,67.6,269.0,3.7
2025-04-10 19:00:00,30.2,0.0,66.8,284.0,2.0
2025-04-10 20:00:00,28.8,0.0,73.9,73.0,1.4
2025-04-10 21:00:00,28.0,0.0,77.0,158.0,1.1
2025-04-10 22:00:00,28.3,0.0,75.3,169.0,1.1
2025-04-10 23:00:00,28.4,0.0,76.5,123.0,1.1
2025-04-11 00:00:00,28.0,0.0,78.7,152.0,1.0
2025-04-11 01:00:00,28.3,0.0,77.9,163.0,1.4
2025-04-11 02:00:00,28.3,0.0,77.6,150.0,1.0
2025-04-11 03:00:00,28.3,0.0,77.6,165.0,1.0
2025-04-11 04:00:00,27.8,0.0,78.7,217.0,0.9
2025-04-11 05:00:00,27.5,0.0,82.1,21.0,2.3
2025-04-11 06:00:00,26.6,0.0,83.8,268.0,9.8
2025-04-11 07:00:00,26.9,0.0,79.5,269.0,8.60001
2025-04-11 08:00:00,27.5,0.0,78.2,275.0,8.5
2025-04-11 09:00:00,27.3,0.0,80.2,296.0,4.0
2025-04-11 10:00:00,27.5,0.0,77.5,304.0,6.6
2025-04-11 11:00:00,27.8,0.0,78.0,305.0,4.9
2025-04-11 12:00:00,28.5,0.0,75.2,306.0,7.5
2025-04-11 13:00:00,29.0,0.0,74.4,301.0,6.0
2025-04-11 14:00:00,29.1,0.0,73.1,302.0,8.39999
2025-04-11 15:00:00,29.9,0.0,68.8,304.0,9.0
2025-04-11 16:00:00,29.9,0.0,70.0,303.0,6.6
2025-04-11 17:00:00,30.2,0.0,68.4,302.0,6.0
2025-04-11 18:00:00,29.8,0.0,67.1,302.0,7.1
2025-04-11 19:00:00,28.9,0.0,73.8,302.0,6.0
2025-04-11 20:00:00,28.6,0.0,76.1,303.0,7.3
2025-04-11 21:00:00,28.5,0.0,75.9,298.0,4.6
2025-04-11 22:00:00,28.8,0.0,76.4,300.0,5.1
2025-04-11 23:00:00,28.9,0.0,77.9,296.0,4.7
2025-04-12 00:00:00,29.0,0.0,77.9,290.0,6.2
2025-04-12 01:00:00,28.8,0.0,76.7,301.0,6.4
2025-04-12 02:00:00,28.6,0.0,77.0,297.0,6.1
2025-04-12 03:00:00,28.5,0.0,77.0,301.0,6.0
2025-04-12 04:00:00,28.6,0.0,77.2,299.0,6.0
2025-04-12 05:00:00,28.5,0.0,79.6,298.0,6.6
2025-04-12 06:00:00,28.4,0.0,78.2,297.0,3.6
2025-04-12 07:00:00,28.0,0.0,78.6,49.0,1.9
2025-04-12 08:00:00,28.5,0.0,78.3,302.0,2.8
2025-04-12 09:00:00,28.7,0.0,78.5,307.0,4.0
2025-04-12 10:00:00,30.2,0.0,69.4,298.0,4.0
2025-04-12 11:00:00,30.4,0.0,70.5,308.0,7.5
2025-04-12 12:00:00,31.6,0.0,61.3,308.0,3.9
2025-04-12 13:00:00,31.8,0.0,61.4,303.0,7.6
2025-04-12 14:00:00,31.7,0.0,63.4,297.0,9.3
2025-04-12 15:00:00,31.0,0.0,66.8,286.0,10.4
2025-04-12 16:00:00,30.9,0.0,67.7,277.0,8.10001
2025-04-12 17:00:00,31.1,0.0,68.8,284.0,7.3
2025-04-12 18:00:00,31.4,0.0,68.7,248.0,2.6
2025-04-12 19:00:00,27.5,0.0,80.8,90.0,2.2
2025-04-12 20:00:00,27.6,0.0,82.3,129.0,1.3
2025-04-12 21:00:00,28.3,0.0,77.6,52.0,1.1
2025-04-12 22:00:00,27.7,0.6,82.1,60.0,2.2
2025-04-12 23:00:00,24.8,0.0,88.3,49.0,7.7
2025-04-13 00:00:00,24.5,0.2,93.5,16.0,4.1
2025-04-13 01:00:00,25.1,0.0,92.1,234.0,3.4
2025-04-13 02:00:00,25.4,0.0,89.8,206.0,1.8
2025-04-13 03:00:00,26.8,0.0,84.6,298.0,3.5
2025-04-13 04:00:00,26.3,0.0,85.9,17.0,2.9
2025-04-13 05:00:00,25.8,0.0,87.6,79.0,1.2
2025-04-13 06:00:00,25.6,0.0,90.0,171.0,0.7
2025-04-13 07:00:00,25.9,0.0,87.1,53.0,0.9
2025-04-13 08:00:00,26.8,0.0,85.0,30.0,1.6
2025-04-13 09:00:00,27.3,0.0,81.3,56.0,1.4
2025-04-13 10:00:00,28.2,0.0,79.6,285.0,2.2
2025-04-13 11:00:00,28.9,0.0,74.9,289.0,3.8
2025-04-13 12:00:00,27.0,0.0,79.7,274.0,9.5
2025-04-13 13:00:00,26.1,0.0,91.8,285.0,12.2
2025-04-13 14:00:00,27.0,0.0,85.2,284.0,13.0
2025-04-13 15:00:00,26.5,0.2,83.0,285.0,4.2
2025-04-13 16:00:00,25.9,0.4,88.2,355.0,2.5
2025-04-13 17:00:00,26.3,0.0,83.6,301.0,3.3
2025-04-13 18:00:00,26.4,0.0,86.1,45.0,2.7
2025-04-13 19:00:00,26.5,0.0,87.3,20.0,1.0
2025-04-13 20:00:00,26.8,0.0,84.7,270.0,1.8
2025-04-13 21:00:00,26.8,0.0,84.1,297.0,1.2
2025-04-13 22:00:00,27.1,0.0,85.6,22.0,1.3
2025-04-13 23:00:00,27.1,0.0,83.7,59.0,0.7
2025-04-14 00:00:00,27.1,0.0,85.2,8.0,0.6
2025-04-14 01:00:00,27.5,0.0,83.3,287.0,2.2
2025-04-14 02:00:00,27.3,0.0,87.4,10.0,1.0
2025-04-14 03:00:00,27.0,0.0,87.9,21.0,1.6
2025-04-14 04:00:00,26.9,0.0,89.1,39.0,1.1
2025-04-14 05:00:00,26.8,0.0,86.6,36.0,1.9
2025-04-14 06:00:00,26.6,0.0,83.7,38.0,2.2
2025-04-14 07:00:00,26.2,0.0,84.4,40.0,2.2
2025-04-14 08:00:00,26.5,0.0,83.8,32.0,1.4
2025-04-14 09:00:00,27.1,0.0,84.9,40.0,2.1
2025-04-14 10:00:00,27.9,0.0,83.5,31.0,2.1
2025-04-14 11:00:00,29.5,0.0,76.4,33.0,1.9
2025-04-14 12:00:00,30.5,0.0,68.5,291.0,3.6
2025-04-14 13:00:00,30.5,0.0,71.7,268.0,7.0
2025-04-14 14:00:00,30.7,0.0,70.5,261.0,6.1
2025-04-14 15:00:00,30.3,0.0,73.3,258.0,5.8
2025-04-14 16:00:00,30.3,0.0,75.5,263.0,5.0
2025-04-14 17:00:00,30.1,0.0,73.4,206.0,3.0
2025-04-14 18:00:00,30.2,0.0,74.4,192.0,2.2
2025-04-14 19:00:00,30.5,0.0,70.4,161.0,0.9
2025-04-14 20:00:00,29.7,0.0,71.0,98.0,1.1
2025-04-14 21:00:00,29.5,0.0,71.2,67.0,2.0
2025-04-14 22:00:00,28.9,0.0,73.8,54.0,2.6
2025-04-14 23:00:00,28.4,0.0,78.3,99.0,1.2
2025-04-15 00:00:00,27.9,0.0,81.3,119.0,0.9
2025-04-15 01:00:00,27.8,0.0,81.5,126.0,1.1
2025-04-15 02:00:00,27.5,0.0,82.9,155.0,1.0
2025-04-15 03:00:00,27.5,0.0,82.1,205.0,0.8
2025-04-15 04:00:00,27.5,0.0,81.8,159.0,1.1
2025-04-15 05:00:00,27.6,0.0,81.4,253.0,1.6
2025-04-15 06:00:00,27.5,0.0,82.1,204.0,1.1
2025-04-15 07:00:00,27.8,0.0,80.2,254.0,1.6
2025-04-15 08:00:00,27.9,0.0,81.8,20.0,1.7
2025-04-15 09:00:00,28.2,0.0,81.0,349.0,1.2
2025-04-15 10:00:00,28.9,0.0,77.5,301.0,1.7
2025-04-15 11:00:00,30.6,0.0,69.8,8.0,2.0
2025-04-15 12:00:00,30.3,0.0,68.5,308.0,4.6
2025-04-15 13:00:00,32.3,0.0,60.3,307.0,3.1
2025-04-15 14:00:00,30.3,0.0,72.8,252.0,6.1
2025-04-15 15:00:00,30.0,0.0,73.2,249.0,5.5
2025-04-15 16:00:00,28.1,0.0,76.5,167.0,1.2
2025-04-15 17:00:00,28.3,0.0,74.0,160.0,0.9
2025-04-15 18:00:00,28.9,0.0,71.7,167.0,1.0
2025-04-15 19:00:00,28.1,0.0,74.5,130.0,1.1
2025-04-15 20:00:00,27.0,0.0,81.4,135.0,1.2
2025-04-15 21:00:00,26.5,0.0,83.8,154.0,0.9
2025-04-15 22:00:00,26.7,0.0,83.3,116.0,1.1
2025-04-15 23:00:00,26.7,0.0,84.4,135.0,0.5
2025-04-16 00:00:00,27.7,0.0,79.8,267.0,1.1
2025-04-16 01:00:00,27.8,0.0,80.9,276.0,1.4
2025-04-16 02:00:00,27.0,0.0,86.5,156.0,1.1
2025-04-16 03:00:00,27.0,0.0,85.0,186.0,1.1
2025-04-16 04:00:00,28.1,0.0,80.4,243.0,2.1
2025-04-16 05:00:00,27.2,0.0,84.5,180.0,1.0
2025-04-16 06:00:00,27.7,0.0,81.4,246.0,3.3
2025-04-16 07:00:00,27.2,0.0,83.2,55.0,2.9
2025-04-16 08:00:00,26.5,0.0,88.3,37.0,2.6
2025-04-16 09:00:00,27.7,0.0,83.5,286.0,2.6
2025-04-16 10:00:00,28.6,0.0,79.7,297.0,4.1
2025-04-16 11:00:00,29.7,0.0,73.0,286.0,3.9
2025-04-16 12:00:00,30.0,0.0,73.7,270.0,4.2
2025-04-16 13:00:00,30.5,0.0,72.5,253.0,5.1
2025-04-16 14:00:00,30.7,0.0,71.9,254.0,7.4
2025-04-16 15:00:00,30.8,0.0,70.8,267.0,7.7
2025-04-16 16:00:00,30.9,0.0,71.3,267.0,7.1
2025-04-16 17:00:00,30.4,0.0,70.4,266.0,5.3
2025-04-16 18:00:00,30.5,0.0,70.9,273.0,3.3
2025-04-16 19:00:00,30.4,0.0,64.7,32.0,3.1
2025-04-16 20:00:00,29.4,0.0,71.9,80.0,0.8
2025-04-16 21:00:00,28.1,0.0,79.0,60.0,3.2
2025-04-16 22:00:00,27.7,0.0,79.0,60.0,3.3
2025-04-16 23:00:00,27.8,0.0,76.5,69.0,1.7
2025-04-17 00:00:00,27.4,0.0,78.9,65.0,1.7
2025-04-17 01:00:00,27.2,0.0,76.8,54.0,2.9
2025-04-17 02:00:00,27.1,0.0,81.2,289.0,11.3
2025-04-17 03:00:00,24.6,1.8,94.3,311.0,9.0
2025-04-17 04:00:00,24.3,0.0,95.3,302.0,8.2
2025-04-17 05:00:00,25.3,0.0,86.5,334.0,2.3
2025-04-17 06:00:00,24.6,0.2,91.8,56.0,3.9
2025-04-17 07:00:00,24.4,0.0,89.1,65.0,2.6
2025-04-17 08:00:00,24.6,0.0,84.8,126.0,1.0
2025-04-17 09:00:00,26.0,0.0,67.3,79.0,1.5
2025-04-17 10:00:00,27.4,0.0,63.6,28.0,1.1
2025-04-17 11:00:00,27.1,0.0,74.1,43.0,2.7
2025-04-17 12:00:00,28.5,0.0,68.5,47.0,2.7
2025-04-17 13:00:00,29.6,0.0,66.1,290.0,2.6
2025-04-17 14:00:00,30.0,0.0,70.4,279.0,4.5
2025-04-17 15:00:00,30.7,0.0,67.6,295.0,8.0
2025-04-17 16:00:00,31.0,0.0,68.1,296.0,7.9
2025-04-17 17:00:00,31.8,0.0,62.2,300.0,7.8
2025-04-17 18:00:00,32.0,0.0,58.9,303.0,5.8
2025-04-17 19:00:00,30.8,0.0,65.0,303.0,5.3
2025-04-17 20:00:00,29.9,0.0,67.7,74.0,1.4
2025-04-17 21:00:00,29.6,0.0,72.0,60.0,1.7
2025-04-17 22:00:00,29.3,0.0,73.0,33.0,1.5
2025-04-17 23:00:00,28.7,0.0,74.6,59.0,1.7
2025-04-18 00:00:00,28.2,0.0,75.0,121.0,1.3
2025-04-18 01:00:00,27.8,0.0,76.2,147.0,1.0
2025-04-18 02:00:00,27.5,0.0,79.1,89.0,1.4
2025-04-18 03:00:00,27.3,0.0,82.0,70.0,2.1
2025-04-18 04:00:00,27.2,0.0,82.0,129.0,1.0
2025-04-18 05:00:00,27.1,0.0,82.3,60.0,2.2
2025-04-18 06:00:00,27.0,0.0,83.6,52.0,2.2
2025-04-18 07:00:00,27.0,0.0,82.4,70.0,1.8
2025-04-18 08:00:00,27.5,0.0,81.0,121.0,0.9
2025-04-18 09:00:00,28.1,0.0,78.9,43.0,2.2
2025-04-18 10:00:00,29.2,0.0,75.1,36.0,2.9
2025-04-18 11:00:00,30.4,0.0,70.5,22.0,2.7
2025-04-18 12:00:00,31.2,0.0,68.9,275.0,5.3
2025-04-18 13:00:00,31.1,0.0,68.5,268.0,6.3
2025-04-18 14:00:00,31.3,0.0,67.1,269.0,7.3
2025-04-18 15:00:00,31.0,0.0,70.0,270.0,7.9
2025-04-18 16:00:00,31.2,0.0,71.3,267.0,7.9
2025-04-18 17:00:00,31.1,0.0,72.6,266.0,7.2
2025-04-18 18:00:00,30.7,0.0,72.3,276.0,6.5
2025-04-18 19:00:00,29.7,0.2,77.4,3.0,2.5
2025-04-18 20:00:00,25.6,0.2,85.9,201.0,0.9
2025-04-18 21:00:00,26.2,0.0,86.3,129.0,1.1
2025-04-18 22:00:00,27.5,0.0,81.9,53.0,1.3
2025-04-18 23:00:00,27.9,0.0,79.9,83.0,1.3
2025-04-19 00:00:00,27.7,0.0,82.1,189.0,0.8
2025-04-19 01:00:00,28.1,0.0,82.2,46.0,1.5
2025-04-19 02:00:00,27.8,0.0,84.1,195.0,0.7
2025-04-19 03:00:00,27.8,0.0,84.3,140.0,1.0
2025-04-19 04:00:00,27.7,0.0,85.6,119.0,1.1
2025-04-19 05:00:00,27.8,0.0,85.0,161.0,1.0
2025-04-19 06:00:00,27.5,0.0,85.9,153.0,1.0
2025-04-19 07:00:00,27.4,0.0,87.0,179.0,0.7
2025-04-19 08:00:00,27.8,0.0,85.8,135.0,0.7
2025-04-19 09:00:00,29.1,0.0,78.4,41.0,1.6
2025-04-19 10:00:00,29.6,0.0,76.3,40.0,3.4
2025-04-19 11:00:00,31.0,0.0,68.5,34.0,3.7
2025-04-19 12:00:00,31.7,0.0,64.0,12.0,4.0
2025-04-19 13:00:00,28.9,1.0,86.7,273.0,9.4
2025-04-19 14:00:00,25.7,0.0,94.7,170.0,1.2
2025-04-19 15:00:00,25.3,0.0,95.9,184.0,1.3
2025-04-19 16:00:00,26.2,0.0,96.7,224.0,1.3
2025-04-19 17:00:00,27.8,0.0,83.6,20.0,1.1
2025-04-19 18:00:00,27.6,0.0,80.0,207.0,1.9
2025-04-19 19:00:00,26.6,0.0,90.1,78.0,1.3
2025-04-19 20:00:00,26.8,0.0,88.4,42.0,0.8
2025-04-19 21:00:00,26.8,0.0,88.7,65.0,0.9
2025-04-19 22:00:00,27.2,0.0,86.5,109.0,1.1
2025-04-19 23:00:00,27.5,0.0,85.5,258.0,2.1
2025-04-20 00:00:00,27.2,0.0,83.4,330.0,1.3
2025-04-20 01:00:00,27.2,0.0,86.3,19.0,1.9
2025-04-20 02:00:00,26.9,0.0,86.2,47.0,2.0
2025-04-20 03:00:00,26.6,0.0,87.6,126.0,1.0
2025-04-20 04:00:00,26.3,0.0,89.0,177.0,0.9
2025-04-20 05:00:00,26.7,0.0,87.6,106.0,0.8
2025-04-20 06:00:00,26.9,0.0,88.0,12.0,1.8
2025-04-20 07:00:00,26.6,0.0,87.5,26.0,1.9
2025-04-20 08:00:00,27.3,0.0,83.6,190.0,1.0
2025-04-20 09:00:00,27.6,0.0,82.8,300.0,5.3
2025-04-20 10:00:00,28.6,0.0,79.6,298.0,3.9
2025-04-20 11:00:00,28.9,0.0,77.1,264.0,5.0
2025-04-20 12:00:00,30.0,0.0,72.5,275.0,4.8
2025-04-20 13:00:00,31.1,0.0,66.8,284.0,6.5
2025-04-20 14:00:00,30.9,0.0,68.5,267.0,7.8
2025-04-20 15:00:00,30.8,0.0,68.6,279.0,9.8
2025-04-20 16:00:00,31.1,0.0,70.6,281.0,9.6
2025-04-20 17:00:00,30.4,0.0,72.8,286.0,9.8
2025-04-20 18:00:00,25.2,1.0,88.9,128.0,1.2
2025-04-20 19:00:00,25.4,0.0,89.9,138.0,1.1
2025-04-20 20:00:00,26.0,0.0,88.7,37.0,3.4
2025-04-20 21:00:00,26.1,0.0,87.2,56.0,2.9
2025-04-20 22:00:00,26.6,0.0,82.2,85.0,1.5
2025-04-20 23:00:00,26.7,0.0,76.5,73.0,1.7
2025-04-21 00:00:00,26.9,0.0,75.6,56.0,1.8
2025-04-21 01:00:00,26.9,0.0,75.5,75.0,1.5
2025-04-21 02:00:00,26.8,0.0,77.5,56.0,2.7
2025-04-21 03:00:00,27.2,0.0,73.6,80.0,1.5
2025-04-21 04:00:00,26.9,0.0,76.3,59.0,2.3
2025-04-21 05:00:00,26.9,0.0,75.7,60.0,2.2
2025-04-21 06:00:00,26.2,0.0,83.2,93.0,0.9
2025-04-21 07:00:00,26.9,0.0,80.1,220.0,1.9
2025-04-21 08:00:00,27.2,0.0,81.0,33.0,1.1
2025-04-21 09:00:00,27.8,0.0,79.2,79.0,1.5
2025-04-21 10:00:00,29.5,0.0,73.2,134.0,1.9
2025-04-21 11:00:00,30.5,0.0,70.0,39.0,3.2
2025-04-21 12:00:00,31.3,0.0,64.2,22.0,4.1
2025-04-21 13:00:00,31.4,0.0,66.1,244.0,3.4
2025-04-21 14:00:00,30.8,0.0,65.4,266.0,7.2
2025-04-21 15:00:00,29.0,0.0,68.5,163.0,2.3
2025-04-21 16:00:00,25.9,0.0,82.6,48.0,3.9
2025-04-21 17:00:00,27.0,0.0,76.9,86.0,1.7
2025-04-21 18:00:00,27.6,0.0,71.3,159.0,1.1
2025-04-21 19:00:00,27.4,0.0,71.7,195.0,2.0
2025-04-21 20:00:00,27.3,0.0,79.5,215.0,4.8
2025-04-21 21:00:00,27.2,0.0,78.1,169.0,1.2
2025-04-21 22:00:00,27.0,0.0,76.2,216.0,1.5
2025-04-21 23:00:00,26.5,0.0,83.7,169.0,0.7
2025-04-22 00:00:00,26.8,0.0,84.4,29.0,1.1
2025-04-22 01:00:00,26.8,0.0,80.3,110.0,1.2
2025-04-22 02:00:00,26.9,0.0,78.7,38.0,2.8
2025-04-22 03:00:00,26.6,0.0,81.5,57.0,1.7
2025-04-22 04:00:00,26.5,0.0,83.6,65.0,0.8
2025-04-22 05:00:00,26.4,0.0,85.3,33.0,0.8
2025-04-22 06:00:00,26.3,0.0,83.9,35.0,1.3
2025-04-22 07:00:00,26.3,0.0,87.0,48.0,1.3
2025-04-22 08:00:00,26.7,0.0,83.4,215.0,0.7
2025-04-22 09:00:00,27.7,0.0,76.9,244.0,1.2
2025-04-22 10:00:00,28.5,0.0,76.6,18.0,1.2
2025-04-22 11:00:00,28.8,0.0,75.9,94.0,0.9
2025-04-22 12:00:00,28.9,0.0,76.0,273.0,4.4
2025-04-22 13:00:00,29.6,0.0,74.4,285.0,4.8
2025-04-22 14:00:00,30.7,0.0,70.7,244.0,4.3
2025-04-22 15:00:00,31.1,0.0,68.4,263.0,6.5
2025-04-22 16:00:00,31.1,0.0,68.6,249.0,5.0
2025-04-22 17:00:00,30.9,0.0,69.5,231.0,5.0
2025-04-22 18:00:00,29.9,0.0,70.7,199.0,2.5
2025-04-22 19:00:00,29.2,0.0,72.9,114.0,1.3
2025-04-22 20:00:00,29.3,0.0,74.2,258.0,1.7
2025-04-22 21:00:00,28.8,0.0,79.3,265.0,1.9
2025-04-22 22:00:00,28.2,0.0,79.2,32.0,1.6
2025-04-22 23:00:00,28.1,0.0,80.9,66.0,0.8
2025-04-23 00:00:00,28.0,0.0,81.1,131.0,0.4
2025-04-23 01:00:00,27.8,0.0,85.0,43.0,2.2
2025-04-23 02:00:00,27.4,0.0,84.7,21.0,2.2
2025-04-23 03:00:00,27.4,0.0,84.9,43.0,1.0
2025-04-23 04:00:00,27.4,0.0,86.1,60.0,1.1
2025-04-23 05:00:00,27.3,0.0,86.3,181.0,0.8
2025-04-23 06:00:00,26.9,0.0,77.3,222.0,7.0
2025-04-23 07:00:00,26.5,0.0,86.7,286.0,8.7
2025-04-23 08:00:00,26.5,0.0,84.4,289.0,2.1
2025-04-23 09:00:00,27.6,0.0,78.7,288.0,1.6
2025-04-23 10:00:00,28.6,0.0,75.4,272.0,3.5
2025-04-23 11:00:00,28.5,0.0,78.5,239.0,4.1
2025-04-23 12:00:00,26.6,0.2,89.0,232.0,4.6
2025-04-23 13:00:00,26.9,0.0,89.9,240.0,3.7
2025-04-23 14:00:00,27.4,0.0,83.9,217.0,4.3
2025-04-23 15:00:00,28.0,0.0,77.4,216.0,2.8
2025-04-23 16:00:00,29.2,0.0,70.2,213.0,2.7
2025-04-23 17:00:00,29.2,0.0,71.6,213.0,3.3
2025-04-23 18:00:00,28.4,0.0,75.8,234.0,3.7
2025-04-23 19:00:00,28.0,0.0,76.2,223.0,3.2
2025-04-23 20:00:00,27.5,0.0,77.6,192.0,1.9
2025-04-23 21:00:00,27.4,0.0,80.3,177.0,1.8
2025-04-23 22:00:00,27.6,0.0,78.8,178.0,2.0
2025-04-23 23:00:00,28.1,0.0,77.2,279.0,1.5
2025-04-24 00:00:00,27.7,0.0,78.3,76.0,1.5
2025-04-24 01:00:00,27.7,0.0,81.8,58.0,1.1
2025-04-24 02:00:00,27.2,0.0,83.9,31.0,2.5
2025-04-24 03:00:00,26.9,0.0,86.5,94.0,1.1
2025-04-24 04:00:00,26.8,0.0,87.2,112.0,1.0
2025-04-24 05:00:00,26.7,0.0,86.4,56.0,1.3
2025-04-24 06:00:00,26.8,0.0,87.0,31.0,1.7
2025-04-24 07:00:00,26.7,0.0,88.3,49.0,1.4
2025-04-24 08:00:00,27.2,0.0,85.8,20.0,1.5
2025-04-24 09:00:00,27.1,0.0,84.2,30.0,2.5
2025-04-24 10:00:00,27.5,0.0,83.2,29.0,2.4
2025-04-24 11:00:00,29.7,0.0,73.4,317.0,2.2
2025-04-24 12:00:00,29.6,0.0,72.8,269.0,3.0
2025-04-24 13:00:00,29.9,0.0,68.9,274.0,6.3
2025-04-24 14:00:00,30.4,0.0,69.3,280.0,6.9
2025-04-24 15:00:00,30.3,0.0,69.1,277.0,8.1
2025-04-24 16:00:00,31.1,0.0,66.5,291.0,7.0
2025-04-24 17:00:00,31.2,0.0,64.9,295.0,4.5
2025-04-24 18:00:00,30.4,0.0,64.2,278.0,2.2
2025-04-24 19:00:00,30.1,0.0,68.1,289.0,3.1
2025-04-24 20:00:00,29.4,0.0,71.9,39.0,2.3
2025-04-24 21:00:00,29.3,0.0,71.7,124.0,1.1
2025-04-24 22:00:00,28.9,0.0,73.8,98.0,1.4
2025-04-24 23:00:00,28.6,0.0,74.9,100.0,1.2
2025-04-25 00:00:00,28.0,0.0,77.6,156.0,0.8
2025-04-25 01:00:00,28.1,0.0,77.3,175.0,0.8
2025-04-25 02:00:00,28.1,0.0,76.5,155.0,0.8
2025-04-25 03:00:00,27.9,0.0,78.0,191.0,0.8
2025-04-25 04:00:00,27.6,0.0,80.7,161.0,0.8
2025-04-25 05:00:00,27.4,0.0,82.3,163.0,1.0
2025-04-25 06:00:00,27.5,0.0,83.8,222.0,1.3
2025-04-25 07:00:00,27.3,0.0,84.9,28.0,1.4
2025-04-25 08:00:00,27.7,0.0,82.7,174.0,0.7
2025-04-25 09:00:00,29.4,0.0,75.4,246.0,1.5
2025-04-25 10:00:00,29.4,0.0,76.5,206.0,2.7
2025-04-25 11:00:00,29.1,0.0,73.1,156.0,0.7
2025-04-25 12:00:00,30.4,0.0,68.9,148.0,1.6
2025-04-25 13:00:00,31.2,0.0,69.3,275.0,5.7
2025-04-25 14:00:00,31.8,0.0,66.8,256.0,5.1
2025-04-25 15:00:00,31.7,0.0,66.0,276.0,7.2
2025-04-25 16:00:00,33.1,0.0,57.2,254.0,5.8
2025-04-25 17:00:00,32.4,0.0,59.9,260.0,6.3
2025-04-25 18:00:00,31.2,0.0,67.2,240.0,3.1
2025-04-25 19:00:00,30.7,0.0,72.0,236.0,3.0
2025-04-25 20:00:00,30.0,0.0,72.2,165.0,1.1
2025-04-25 21:00:00,28.8,0.0,73.0,112.0,1.3
2025-04-25 22:00:00,29.1,0.0,73.1,72.0,1.6
2025-04-25 23:00:00,28.6,0.0,76.8,159.0,0.9
2025-04-26 00:00:00,28.9,0.0,76.6,158.0,1.0
2025-04-26 01:00:00,29.0,0.0,76.8,160.0,0.8
2025-04-26 02:00:00,29.1,0.0,75.8,57.0,2.0
2025-04-26 03:00:00,28.1,0.0,80.8,159.0,1.3
2025-04-26 04:00:00,28.7,0.0,78.7,84.0,1.2
2025-04-26 05:00:00,27.8,0.0,84.2,145.0,1.0
2025-04-26 06:00:00,27.6,0.0,84.1,67.0,2.1
2025-04-26 07:00:00,27.6,0.0,81.6,90.0,1.6
2025-04-26 08:00:00,27.6,0.0,80.4,135.0,0.9
2025-04-26 09:00:00,29.1,0.0,75.5,68.0,1.1
2025-04-26 10:00:00,30.4,0.0,69.5,141.0,2.7
2025-04-26 11:00:00,31.3,0.0,65.0,152.0,3.4
2025-04-26 12:00:00,31.6,0.0,66.5,195.0,4.9
2025-04-26 13:00:00,29.3,0.0,73.5,203.0,5.9
2025-04-26 14:00:00,29.0,0.0,72.7,195.0,3.7
2025-04-26 15:00:00,29.2,0.0,71.9,221.0,4.7
2025-04-26 16:00:00,27.8,0.0,77.9,222.0,5.6
2025-04-26 17:00:00,28.0,0.0,75.7,269.0,2.5
2025-04-26 18:00:00,26.7,0.0,84.7,43.0,2.1
2025-04-26 19:00:00,26.5,0.0,85.6,176.0,0.6
2025-04-26 20:00:00,26.6,0.0,87.4,55.0,1.7
2025-04-26 21:00:00,26.6,0.0,86.0,188.0,0.7
2025-04-26 22:00:00,27.7,0.0,82.3,189.0,1.7
2025-04-26 23:00:00,27.5,0.0,86.1,32.0,1.7
