timestamp,temperature,rainfall,humidity,wind_direction,wind_speed
2024-01-01 00:00:00,25.4,0.0,99.3,79.0,5.6
2024-01-01 01:00:00,25.5,0.0,99.3,75.0,6.6
2024-01-01 02:00:00,25.4,0.0,99.3,70.0,5.8
2024-01-01 03:00:00,25.1,0.0,99.3,75.0,6.2
2024-01-01 04:00:00,25.0,0.0,99.3,78.0,6.5
2024-01-01 05:00:00,24.9,0.0,99.3,75.0,6.1
2024-01-01 06:00:00,25.0,0.0,99.3,73.0,6.4
2024-01-01 07:00:00,24.8,0.0,99.3,104.0,6.4
2024-01-01 08:00:00,25.1,0.0,99.3,70.0,6.6
2024-01-01 09:00:00,25.8,0.0,99.3,68.0,6.1
2024-01-01 10:00:00,26.7,0.0,99.2,72.0,6.3
2024-01-01 11:00:00,26.8,0.0,99.2,71.0,7.5
2024-01-01 12:00:00,27.6,0.0,96.1,81.0,6.1
2024-01-01 13:00:00,25.5,3.4,99.2,67.0,10.2
2024-01-01 14:00:00,26.6,0.0,99.2,73.0,7.6
2024-01-01 15:00:00,27.2,0.0,97.5,116.0,8.10001
2024-01-01 16:00:00,26.5,0.0,97.4,75.0,6.6
2024-01-01 17:00:00,26.3,0.0,99.2,77.0,9.10001
2024-01-01 18:00:00,26.1,0.0,99.1,73.0,8.60001
2024-01-01 19:00:00,25.8,0.0,99.2,77.0,9.60001
2024-01-01 20:00:00,25.6,0.0,99.2,77.0,8.60001
2024-01-01 21:00:00,25.4,0.0,99.3,73.0,8.7
2024-01-01 22:00:00,25.3,0.2,99.3,74.0,6.8
2024-01-01 23:00:00,25.4,0.0,99.3,71.0,8.5
2024-01-02 00:00:00,25.5,0.0,99.3,66.0,7.8
2024-01-02 01:00:00,25.1,0.0,99.2,69.0,6.2
2024-01-02 02:00:00,24.9,0.0,99.3,83.0,7.5
2024-01-02 03:00:00,24.6,0.0,99.3,76.0,7.5
2024-01-02 04:00:00,24.6,0.0,99.3,149.0,4.9
2024-01-02 05:00:00,24.8,0.0,99.3,133.0,5.0
2024-01-02 06:00:00,24.7,0.0,99.3,159.0,3.9
2024-01-02 07:00:00,24.8,0.0,99.3,68.0,7.0
2024-01-02 08:00:00,25.4,0.0,99.3,82.0,5.5
2024-01-02 09:00:00,27.1,0.0,97.0,50.0,4.8
2024-01-02 10:00:00,28.7,0.0,87.2,58.0,5.5
2024-01-02 11:00:00,28.9,0.0,82.9,54.0,5.7
2024-01-02 12:00:00,29.6,0.0,81.4,51.0,5.9
2024-01-02 13:00:00,30.4,0.0,76.9,45.0,5.2
2024-01-02 14:00:00,32.2,0.0,67.1,66.0,6.5
2024-01-02 15:00:00,31.8,0.0,63.0,47.0,7.5
2024-01-02 16:00:00,30.1,0.0,75.8,60.0,8.10001
2024-01-02 17:00:00,30.9,0.0,75.5,49.0,5.4
2024-01-02 18:00:00,29.8,0.0,80.4,65.0,9.0
2024-01-02 19:00:00,28.9,0.0,80.5,56.0,9.10001
2024-01-02 20:00:00,27.7,0.0,87.2,63.0,5.9
2024-01-02 21:00:00,27.1,0.0,90.3,68.0,6.4
2024-01-02 22:00:00,27.0,0.0,91.6,70.0,6.5
2024-01-02 23:00:00,26.5,0.0,96.6,77.0,8.10001
2024-01-03 00:00:00,26.6,0.0,96.7,83.0,7.8
2024-01-03 01:00:00,26.6,0.0,96.5,72.0,9.60001
2024-01-03 02:00:00,26.3,0.0,95.5,66.0,10.0
2024-01-03 03:00:00,25.9,0.0,99.0,88.0,7.4
2024-01-03 04:00:00,26.0,0.0,98.6,79.0,7.2
2024-01-03 05:00:00,26.0,0.0,99.2,78.0,8.3
2024-01-03 06:00:00,26.0,0.0,98.9,67.0,6.9
2024-01-03 07:00:00,26.0,0.0,99.0,55.0,6.7
2024-01-03 08:00:00,26.0,0.0,99.2,64.0,6.5
2024-01-03 09:00:00,27.1,0.0,95.2,62.0,5.6
2024-01-03 10:00:00,27.5,0.0,94.9,62.0,5.7
2024-01-03 11:00:00,28.5,0.0,88.2,58.0,6.4
2024-01-03 12:00:00,28.9,0.0,84.4,48.0,6.0
2024-01-03 13:00:00,29.4,0.0,81.8,58.0,6.3
2024-01-03 14:00:00,29.7,0.0,77.7,56.0,8.5
2024-01-03 15:00:00,30.5,0.0,73.5,55.0,7.7
2024-01-03 16:00:00,31.0,0.0,72.0,43.0,4.6
2024-01-03 17:00:00,28.8,0.0,88.2,83.0,6.3
2024-01-03 18:00:00,28.7,0.0,91.9,75.0,7.2
2024-01-03 19:00:00,28.4,0.0,93.9,72.0,6.2
2024-01-03 20:00:00,28.0,0.0,92.0,75.0,6.1
2024-01-03 21:00:00,27.7,0.0,93.7,65.0,6.3
2024-01-03 22:00:00,27.6,0.0,87.9,65.0,6.1
2024-01-03 23:00:00,27.3,0.0,89.1,68.0,6.6
2024-01-04 00:00:00,26.9,0.0,91.3,64.0,6.1
2024-01-04 01:00:00,26.6,0.0,95.4,69.0,6.6
2024-01-04 02:00:00,26.2,0.0,99.2,65.0,6.4
2024-01-04 03:00:00,25.9,0.2,99.3,71.0,5.9
2024-01-04 04:00:00,25.4,0.4,99.3,75.0,6.2
2024-01-04 05:00:00,25.1,0.4,99.3,70.0,6.7
2024-01-04 06:00:00,24.0,0.2,99.3,63.0,9.10001
2024-01-04 07:00:00,24.2,0.2,99.3,72.0,6.6
2024-01-04 08:00:00,24.4,0.2,99.3,66.0,5.4
2024-01-04 09:00:00,24.3,2.2,99.3,56.0,6.0
2024-01-04 10:00:00,24.9,0.4,99.3,66.0,7.0
2024-01-04 11:00:00,24.6,0.8,99.3,76.0,5.8
2024-01-04 12:00:00,23.9,0.0,99.3,77.0,5.0
2024-01-04 13:00:00,25.2,0.0,99.3,80.0,4.7
2024-01-04 14:00:00,25.7,0.0,99.3,71.0,6.4
2024-01-04 15:00:00,25.7,0.2,99.2,72.0,5.0
2024-01-04 16:00:00,26.1,0.0,99.2,74.0,4.7
2024-01-04 17:00:00,26.3,0.0,98.9,62.0,8.10001
2024-01-04 18:00:00,25.7,0.0,99.3,68.0,5.2
2024-01-04 19:00:00,25.5,0.0,99.3,71.0,4.9
2024-01-04 20:00:00,25.3,0.4,99.3,65.0,6.4
2024-01-04 21:00:00,25.1,0.0,99.3,66.0,5.7
2024-01-04 22:00:00,25.0,0.0,99.2,63.0,6.2
2024-01-04 23:00:00,24.9,0.0,99.2,58.0,6.3
2024-01-05 00:00:00,24.9,0.0,99.3,64.0,8.2
2024-01-05 01:00:00,24.9,0.0,99.2,54.0,6.5
2024-01-05 02:00:00,24.8,0.0,99.2,71.0,8.8
2024-01-05 03:00:00,24.6,0.0,99.3,73.0,8.89999
2024-01-05 04:00:00,24.7,0.0,99.2,69.0,9.89999
2024-01-05 05:00:00,24.7,0.0,99.3,75.0,9.2
2024-01-05 06:00:00,24.7,0.0,99.2,75.0,9.60001
2024-01-05 07:00:00,24.8,0.0,99.2,72.0,10.3
2024-01-05 08:00:00,25.1,0.0,99.2,68.0,10.5
2024-01-05 09:00:00,26.0,0.0,98.1,63.0,9.3
2024-01-05 10:00:00,26.8,0.0,95.7,67.0,6.5
2024-01-05 11:00:00,27.6,0.0,88.1,68.0,5.8
2024-01-05 12:00:00,27.0,0.2,93.3,53.0,6.4
2024-01-05 13:00:00,28.7,0.0,87.0,53.0,6.1
2024-01-05 14:00:00,27.6,0.0,99.2,70.0,5.2
2024-01-05 15:00:00,27.9,0.0,92.1,55.0,8.10001
2024-01-05 16:00:00,28.5,0.0,94.0,59.0,9.5
2024-01-05 17:00:00,29.7,0.0,81.9,75.0,8.0
2024-01-05 18:00:00,29.0,0.0,86.8,58.0,9.60001
2024-01-05 19:00:00,28.1,0.0,89.4,63.0,10.1
2024-01-05 20:00:00,27.1,0.0,97.4,64.0,11.6
2024-01-05 21:00:00,27.0,0.0,98.4,74.0,9.0
2024-01-05 22:00:00,26.8,0.0,98.1,63.0,11.2
2024-01-05 23:00:00,26.6,0.0,98.9,73.0,9.3
2024-01-06 00:00:00,26.5,0.0,99.2,72.0,10.2
2024-01-06 01:00:00,25.9,0.0,99.2,77.0,7.7
2024-01-06 02:00:00,25.8,0.0,99.2,66.0,6.8
2024-01-06 03:00:00,25.6,0.0,99.3,73.0,7.1
2024-01-06 04:00:00,25.6,0.0,99.2,77.0,8.7
2024-01-06 05:00:00,25.7,0.0,99.2,76.0,8.8
2024-01-06 06:00:00,25.5,0.0,99.2,77.0,8.5
2024-01-06 07:00:00,25.3,0.0,99.2,69.0,7.2
2024-01-06 08:00:00,26.0,0.0,99.2,89.0,5.6
2024-01-06 09:00:00,27.2,0.0,94.9,66.0,6.0
2024-01-06 10:00:00,28.3,0.0,88.6,67.0,6.0
2024-01-06 11:00:00,29.0,0.0,81.6,59.0,6.4
2024-01-06 12:00:00,26.5,0.0,96.0,54.0,8.2
2024-01-06 13:00:00,28.5,0.0,86.7,51.0,6.3
2024-01-06 14:00:00,30.3,0.0,74.8,33.0,5.2
2024-01-06 15:00:00,29.0,0.0,85.5,141.0,5.0
2024-01-06 16:00:00,28.2,0.0,93.2,154.0,5.0
2024-01-06 17:00:00,28.6,0.0,90.2,169.0,4.8
2024-01-06 18:00:00,27.7,0.0,94.8,146.0,4.9
2024-01-06 19:00:00,27.0,0.0,96.4,91.0,6.2
2024-01-06 20:00:00,26.7,0.0,99.2,74.0,6.7
2024-01-06 21:00:00,26.7,0.0,99.2,103.0,6.6
2024-01-06 22:00:00,26.5,0.0,99.2,145.0,5.4
2024-01-06 23:00:00,26.4,0.0,99.2,138.0,5.6
2024-01-07 00:00:00,26.1,0.0,99.2,107.0,6.6
2024-01-07 01:00:00,25.9,0.0,99.3,92.0,6.7
2024-01-07 02:00:00,25.5,0.0,99.3,54.0,6.2
2024-01-07 03:00:00,25.1,0.2,99.2,73.0,8.10001
2024-01-07 04:00:00,24.7,0.0,99.3,69.0,6.9
2024-01-07 05:00:00,24.9,0.6,99.3,80.0,6.8
2024-01-07 06:00:00,24.7,0.0,99.3,115.0,5.1
2024-01-07 07:00:00,24.7,0.0,99.3,68.0,5.1
2024-01-07 08:00:00,24.8,0.8,99.3,126.0,5.0
2024-01-07 09:00:00,24.0,3.8,99.3,131.0,4.3
2024-01-07 10:00:00,23.2,0.2,99.3,104.0,4.7
2024-01-07 11:00:00,23.2,0.0,99.3,79.0,5.1
2024-01-07 12:00:00,23.8,0.4,99.3,73.0,6.0
2024-01-07 13:00:00,24.5,0.0,99.3,74.0,5.0
2024-01-07 14:00:00,25.0,0.0,99.3,67.0,5.6
2024-01-07 15:00:00,24.4,0.4,99.3,70.0,6.2
2024-01-07 16:00:00,24.0,0.0,99.3,73.0,5.8
2024-01-07 17:00:00,24.1,0.0,99.3,67.0,7.8
2024-01-07 18:00:00,24.0,0.2,99.3,75.0,7.4
2024-01-07 19:00:00,24.1,0.0,99.3,73.0,6.4
2024-01-07 20:00:00,24.1,0.0,99.3,76.0,6.9
2024-01-07 21:00:00,23.8,0.0,99.3,76.0,4.8
2024-01-07 22:00:00,23.8,0.0,99.3,80.0,5.9
2024-01-07 23:00:00,23.5,0.0,99.3,70.0,5.8
2024-01-08 00:00:00,23.5,0.0,99.3,71.0,6.6
2024-01-08 01:00:00,23.4,0.0,99.3,82.0,6.9
2024-01-08 02:00:00,23.4,0.0,99.3,68.0,7.2
2024-01-08 03:00:00,23.4,0.0,99.3,81.0,8.7
2024-01-08 04:00:00,23.3,0.0,99.3,78.0,8.8
2024-01-08 05:00:00,23.4,0.0,99.3,78.0,8.60001
2024-01-08 06:00:00,23.2,0.0,99.3,94.0,7.2
2024-01-08 07:00:00,23.4,0.0,99.3,76.0,7.8
2024-01-08 08:00:00,23.8,0.0,99.2,72.0,7.2
2024-01-08 09:00:00,25.5,0.0,98.1,72.0,6.3
2024-01-08 10:00:00,26.6,0.0,94.4,72.0,6.4
2024-01-08 11:00:00,28.0,0.0,89.9,65.0,8.89999
2024-01-08 12:00:00,29.4,0.0,79.2,59.0,10.3
2024-01-08 13:00:00,30.7,0.0,77.3,120.0,6.3
2024-01-08 14:00:00,31.1,0.0,73.6,109.0,5.7
2024-01-08 15:00:00,27.9,0.0,92.1,53.0,10.3
2024-01-08 16:00:00,27.8,0.0,90.4,54.0,10.7
2024-01-08 17:00:00,28.2,0.0,91.0,75.0,6.5
2024-01-08 18:00:00,28.4,0.0,88.7,72.0,8.3
2024-01-08 19:00:00,27.8,0.0,90.8,62.0,11.4
2024-01-08 20:00:00,27.2,0.0,91.4,64.0,10.9
2024-01-08 21:00:00,26.5,0.0,94.9,65.0,10.4
2024-01-08 22:00:00,26.3,0.0,96.2,68.0,10.3
2024-01-08 23:00:00,25.9,0.0,99.2,76.0,7.8
2024-01-09 00:00:00,25.7,0.0,99.2,74.0,7.3
2024-01-09 01:00:00,25.5,0.0,99.2,79.0,9.39999
2024-01-09 02:00:00,25.4,0.0,99.2,81.0,8.60001
2024-01-09 03:00:00,25.5,0.0,99.3,84.0,7.5
2024-01-09 04:00:00,25.6,0.0,99.3,77.0,9.5
2024-01-09 05:00:00,24.7,0.2,99.3,65.0,8.0
2024-01-09 06:00:00,24.6,0.0,99.3,78.0,6.4
2024-01-09 07:00:00,24.4,0.0,99.3,63.0,7.6
2024-01-09 08:00:00,24.3,0.2,99.3,69.0,7.7
2024-01-09 09:00:00,24.5,0.2,99.3,71.0,8.39999
2024-01-09 10:00:00,24.5,0.0,99.3,70.0,6.0
2024-01-09 11:00:00,25.5,0.0,99.3,77.0,5.5
2024-01-09 12:00:00,27.8,0.0,91.0,55.0,7.3
2024-01-09 13:00:00,28.2,0.0,84.9,50.0,7.2
2024-01-09 14:00:00,29.1,0.0,78.7,34.0,5.7
2024-01-09 15:00:00,29.7,0.0,76.8,57.0,8.3
2024-01-09 16:00:00,29.9,0.0,77.0,70.0,7.0
2024-01-09 17:00:00,29.3,0.0,80.5,67.0,8.3
2024-01-09 18:00:00,29.9,0.0,77.8,79.0,6.5
2024-01-09 19:00:00,28.5,0.0,83.4,69.0,8.89999
2024-01-09 20:00:00,27.8,0.0,89.9,69.0,8.89999
2024-01-09 21:00:00,27.3,0.0,93.5,68.0,9.39999
2024-01-09 22:00:00,26.9,0.0,94.7,67.0,9.89999
2024-01-09 23:00:00,26.6,0.0,96.9,74.0,9.0
2024-01-10 00:00:00,26.2,0.0,98.3,76.0,7.1
2024-01-10 01:00:00,25.8,0.0,99.2,75.0,7.7
2024-01-10 02:00:00,25.7,0.0,99.2,75.0,7.2
2024-01-10 03:00:00,25.4,0.0,99.2,79.0,8.89999
2024-01-10 04:00:00,25.3,0.0,99.2,84.0,8.10001
2024-01-10 05:00:00,25.1,0.2,99.2,66.0,7.9
2024-01-10 06:00:00,25.0,0.2,99.3,82.0,7.1
2024-01-10 07:00:00,24.8,0.4,99.3,63.0,9.5
2024-01-10 08:00:00,25.6,0.6,99.3,87.0,5.7
2024-01-10 09:00:00,24.8,0.0,99.3,82.0,6.2
2024-01-10 10:00:00,26.6,0.0,95.0,54.0,12.4
2024-01-10 11:00:00,28.3,0.0,87.1,52.0,9.0
2024-01-10 12:00:00,28.8,0.0,84.5,60.0,6.7
2024-01-10 13:00:00,28.0,0.0,87.1,63.0,11.9
2024-01-10 14:00:00,28.1,0.0,92.7,61.0,6.6
2024-01-10 15:00:00,27.5,2.0,93.6,55.0,9.10001
2024-01-10 16:00:00,26.4,0.0,99.3,57.0,6.2
2024-01-10 17:00:00,27.1,0.0,94.4,62.0,10.8
2024-01-10 18:00:00,26.4,0.0,99.2,62.0,6.1
2024-01-10 19:00:00,25.8,0.0,99.2,58.0,6.9
2024-01-10 20:00:00,26.2,0.0,99.2,66.0,8.3
2024-01-10 21:00:00,26.3,0.0,99.2,76.0,8.89999
2024-01-10 22:00:00,26.2,0.0,99.2,71.0,10.6
2024-01-10 23:00:00,25.8,0.0,99.2,71.0,7.8
2024-01-11 00:00:00,25.6,0.0,99.3,72.0,7.5
2024-01-11 01:00:00,25.3,0.0,99.3,78.0,8.3
2024-01-11 02:00:00,25.3,0.0,99.3,86.0,7.4
2024-01-11 03:00:00,25.2,0.0,99.3,87.0,7.2
2024-01-11 04:00:00,25.1,0.0,99.3,77.0,7.0
2024-01-11 05:00:00,25.1,0.0,99.3,65.0,6.5
2024-01-11 06:00:00,25.2,0.0,99.3,73.0,7.1
2024-01-11 07:00:00,25.0,0.0,99.3,81.0,7.8
2024-01-11 08:00:00,25.2,0.0,99.3,74.0,7.4
2024-01-11 09:00:00,25.7,0.0,99.3,72.0,6.9
2024-01-11 10:00:00,27.4,0.0,98.6,61.0,6.6
2024-01-11 11:00:00,28.2,0.0,90.5,47.0,6.4
2024-01-11 12:00:00,29.1,0.0,86.3,56.0,4.8
2024-01-11 13:00:00,29.4,0.0,78.3,50.0,10.5
2024-01-11 14:00:00,29.0,0.0,87.3,65.0,6.4
2024-01-11 15:00:00,29.2,0.0,81.6,56.0,9.39999
2024-01-11 16:00:00,29.6,0.0,80.1,56.0,9.89999
2024-01-11 17:00:00,29.3,0.0,80.8,54.0,9.7
2024-01-11 18:00:00,29.0,0.0,82.6,56.0,10.1
2024-01-11 19:00:00,28.3,0.0,87.4,61.0,10.5
2024-01-11 20:00:00,27.9,0.0,90.3,62.0,10.6
2024-01-11 21:00:00,27.6,0.0,92.6,65.0,9.60001
2024-01-11 22:00:00,27.4,0.0,94.6,70.0,8.5
2024-01-11 23:00:00,27.2,0.0,94.8,68.0,9.3
2024-01-12 00:00:00,26.8,0.0,98.2,74.0,9.10001
2024-01-12 01:00:00,26.6,0.0,98.4,70.0,9.8
2024-01-12 02:00:00,26.1,0.0,99.2,78.0,8.39999
2024-01-12 03:00:00,25.9,0.0,99.2,64.0,6.8
2024-01-12 04:00:00,25.6,0.0,99.2,65.0,7.2
2024-01-12 05:00:00,25.5,0.0,99.2,69.0,8.0
2024-01-12 06:00:00,25.3,0.0,99.2,72.0,7.6
2024-01-12 07:00:00,24.9,0.0,99.2,70.0,7.4
2024-01-12 08:00:00,25.0,0.0,99.3,66.0,6.7
2024-01-12 09:00:00,25.5,0.0,99.2,57.0,6.6
2024-01-12 10:00:00,25.5,0.0,99.2,44.0,7.7
2024-01-12 11:00:00,26.0,0.0,98.3,54.0,6.7
2024-01-12 12:00:00,26.5,0.0,95.1,37.0,5.5
2024-01-12 13:00:00,25.8,0.0,94.8,46.0,7.7
2024-01-12 14:00:00,25.5,0.0,99.2,64.0,7.2
2024-01-12 15:00:00,25.3,0.2,99.2,59.0,8.60001
2024-01-12 16:00:00,25.8,0.0,97.8,51.0,8.39999
2024-01-12 17:00:00,25.4,0.0,90.3,53.0,12.7
2024-01-12 18:00:00,24.4,0.2,99.3,64.0,8.2
2024-01-12 19:00:00,23.9,0.2,99.2,67.0,7.2
2024-01-12 20:00:00,24.1,0.0,99.2,71.0,8.8
2024-01-12 21:00:00,24.3,0.0,99.2,73.0,8.2
2024-01-12 22:00:00,24.6,0.0,99.2,83.0,8.8
2024-01-12 23:00:00,24.2,0.0,99.2,90.0,8.39999
2024-01-13 00:00:00,24.2,0.0,99.2,82.0,8.3
2024-01-13 01:00:00,24.2,0.0,99.2,78.0,8.39999
2024-01-13 02:00:00,24.4,0.0,99.2,77.0,7.7
2024-01-13 03:00:00,24.2,0.0,99.3,114.0,5.8
2024-01-13 04:00:00,24.1,0.0,99.3,112.0,5.9
2024-01-13 05:00:00,24.3,0.0,99.2,97.0,6.9
2024-01-13 06:00:00,24.4,0.0,99.3,79.0,8.0
2024-01-13 07:00:00,24.4,0.0,99.3,81.0,8.5
2024-01-13 08:00:00,24.9,0.0,99.2,88.0,7.2
2024-01-13 09:00:00,25.8,0.0,98.3,63.0,6.2
2024-01-13 10:00:00,28.0,0.0,87.2,56.0,4.4
2024-01-13 11:00:00,29.1,0.0,78.8,52.0,4.1
2024-01-13 12:00:00,29.9,0.0,72.8,42.0,4.5
2024-01-13 13:00:00,30.0,0.0,72.8,34.0,5.4
2024-01-13 14:00:00,29.5,0.0,74.5,51.0,7.0
2024-01-13 15:00:00,30.2,0.0,73.6,44.0,5.0
2024-01-13 16:00:00,28.9,0.0,79.1,52.0,7.3
2024-01-13 17:00:00,28.4,0.0,79.1,69.0,7.3
2024-01-13 18:00:00,28.2,0.0,83.6,62.0,5.7
2024-01-13 19:00:00,28.0,0.0,84.2,72.0,6.6
2024-01-13 20:00:00,27.5,0.0,86.9,72.0,7.1
2024-01-13 21:00:00,27.2,0.0,88.1,69.0,6.7
2024-01-13 22:00:00,26.8,0.0,94.8,78.0,7.4
2024-01-13 23:00:00,26.7,0.0,92.2,68.0,6.9
2024-01-14 00:00:00,26.5,0.0,95.0,75.0,8.0
2024-01-14 01:00:00,26.2,0.0,97.7,77.0,8.39999
2024-01-14 02:00:00,26.2,0.0,96.0,77.0,7.6
2024-01-14 03:00:00,26.0,0.0,96.0,71.0,7.2
2024-01-14 04:00:00,25.9,0.0,97.7,69.0,7.7
2024-01-14 05:00:00,25.8,0.0,97.0,70.0,6.9
2024-01-14 06:00:00,25.6,0.0,98.3,70.0,7.1
2024-01-14 07:00:00,25.3,0.0,99.2,107.0,5.9
2024-01-14 08:00:00,25.7,0.0,98.7,117.0,5.9
2024-01-14 09:00:00,26.3,0.0,97.8,65.0,6.2
2024-01-14 10:00:00,27.6,0.0,88.8,63.0,5.5
2024-01-14 11:00:00,28.0,0.0,84.7,51.0,6.2
2024-01-14 12:00:00,29.5,0.0,71.7,38.0,6.7
2024-01-14 13:00:00,30.3,0.0,70.5,42.0,5.9
2024-01-14 14:00:00,28.6,0.0,81.4,61.0,10.2
2024-01-14 15:00:00,29.9,0.0,75.4,50.0,6.8
2024-01-14 16:00:00,30.0,0.0,72.1,45.0,6.9
2024-01-14 17:00:00,30.6,0.0,66.3,52.0,7.8
2024-01-14 18:00:00,30.5,0.0,69.8,55.0,5.1
2024-01-14 19:00:00,29.1,0.0,76.3,62.0,7.1
2024-01-14 20:00:00,28.1,0.0,86.5,71.0,8.7
2024-01-14 21:00:00,27.6,0.0,86.1,68.0,7.5
2024-01-14 22:00:00,27.0,0.0,88.6,66.0,6.6
2024-01-14 23:00:00,26.9,0.0,90.5,64.0,7.8
2024-01-15 00:00:00,26.5,0.0,93.7,77.0,7.9
2024-01-15 01:00:00,26.2,0.0,96.7,76.0,8.5
2024-01-15 02:00:00,26.3,0.0,96.1,73.0,7.3
2024-01-15 03:00:00,26.1,0.0,96.4,65.0,6.7
2024-01-15 04:00:00,26.0,0.0,98.1,77.0,7.5
2024-01-15 05:00:00,26.0,0.0,97.9,55.0,5.9
2024-01-15 06:00:00,25.9,0.0,98.2,60.0,6.4
2024-01-15 07:00:00,25.6,0.0,99.2,80.0,8.3
2024-01-15 08:00:00,26.5,0.0,95.3,85.0,6.6
2024-01-15 09:00:00,27.0,0.0,93.2,65.0,5.6
2024-01-15 10:00:00,28.2,0.0,86.5,56.0,5.5
2024-01-15 11:00:00,29.4,0.0,77.4,44.0,6.4
2024-01-15 12:00:00,30.5,0.0,70.8,44.0,10.0
2024-01-15 13:00:00,31.2,0.0,67.6,46.0,10.3
2024-01-15 14:00:00,31.3,0.0,73.7,63.0,8.0
2024-01-15 15:00:00,30.7,0.0,73.5,49.0,8.5
2024-01-15 16:00:00,27.0,0.2,99.2,122.0,3.6
2024-01-15 17:00:00,26.7,0.0,99.2,205.0,5.9
2024-01-15 18:00:00,27.5,0.0,98.9,117.0,6.5
2024-01-15 19:00:00,28.3,0.0,88.7,41.0,6.2
2024-01-15 20:00:00,28.1,0.0,86.0,56.0,8.8
2024-01-15 21:00:00,27.7,0.0,89.4,61.0,7.6
2024-01-15 22:00:00,27.5,0.0,92.1,68.0,8.10001
2024-01-15 23:00:00,26.9,0.0,97.3,63.0,8.8
2024-01-16 00:00:00,26.6,0.0,99.2,75.0,8.89999
2024-01-16 01:00:00,26.4,0.0,99.2,69.0,7.0
2024-01-16 02:00:00,26.3,0.0,99.2,66.0,6.8
2024-01-16 03:00:00,26.2,0.0,99.2,81.0,7.0
2024-01-16 04:00:00,26.0,0.0,99.2,82.0,7.4
2024-01-16 05:00:00,25.9,0.0,99.2,91.0,7.0
2024-01-16 06:00:00,25.8,0.0,99.2,85.0,7.3
2024-01-16 07:00:00,25.7,0.0,99.2,76.0,7.5
2024-01-16 08:00:00,25.8,0.0,99.2,63.0,6.5
2024-01-16 09:00:00,24.6,0.2,99.2,58.0,9.7
2024-01-16 10:00:00,24.9,0.0,99.3,58.0,9.033333333333333
2024-01-16 11:00:00,26.4,0.0,99.2,58.0,8.366666666666667
2024-01-16 12:00:00,27.4,0.0,91.7,58.0,7.7
2024-01-16 13:00:00,27.8,0.0,87.9,65.0,7.4
2024-01-16 14:00:00,28.7,0.0,81.2,57.0,9.3
2024-01-16 15:00:00,29.25,0.0,74.95,48.0,7.800000000000001
2024-01-16 16:00:00,29.8,0.0,68.7,39.0,6.3
2024-01-16 17:00:00,29.7,0.0,72.2,42.0,6.8
2024-01-16 18:00:00,27.8,0.0,78.4,36.0,8.89999
2024-01-16 19:00:00,27.7,0.0,76.4,39.0,6.5
2024-01-16 20:00:00,27.2,0.0,80.4,31.0,3.6
2024-01-16 21:00:00,26.9,0.0,82.7,25.0,4.1
2024-01-16 22:00:00,26.6,0.0,83.9,6.0,2.0
2024-01-16 23:00:00,26.4,0.2,87.7,3.0,1.9
2024-01-17 00:00:00,25.8,0.0,92.2,359.0,2.0
2024-01-17 01:00:00,25.7,0.0,93.1,16.0,2.5
2024-01-17 02:00:00,26.1,0.0,90.7,40.0,5.4
2024-01-17 03:00:00,26.3,0.0,90.1,37.0,7.1
2024-01-17 04:00:00,25.2,0.0,92.6,42.0,6.1
2024-01-17 05:00:00,25.2,0.0,92.7,36.0,3.2
2024-01-17 06:00:00,25.3,0.0,92.8,38.0,5.2
2024-01-17 07:00:00,25.7,0.0,91.1,39.0,6.5
2024-01-17 08:00:00,26.1,0.0,89.8,34.0,5.2
2024-01-17 09:00:00,27.2,0.0,86.5,31.0,6.3
2024-01-17 10:00:00,28.4,0.0,77.7,36.0,7.3
2024-01-17 11:00:00,28.0,0.0,86.4,53.0,2.4
2024-01-17 12:00:00,27.0,0.0,96.1,70.0,2.6
2024-01-17 13:00:00,27.7,0.0,91.0,32.0,2.5
2024-01-17 14:00:00,30.4,0.0,70.1,44.0,7.3
2024-01-17 15:00:00,29.5,0.0,71.3,38.0,9.8
2024-01-17 16:00:00,30.8,0.0,65.9,41.0,8.2
2024-01-17 17:00:00,29.6,0.0,70.4,44.0,6.5
2024-01-17 18:00:00,29.0,0.0,69.3,37.0,9.39999
2024-01-17 19:00:00,28.3,0.0,75.9,42.0,6.5
2024-01-17 20:00:00,27.7,0.0,79.1,37.0,4.1
2024-01-17 21:00:00,27.1,0.0,81.2,354.0,2.2
2024-01-17 22:00:00,26.8,0.0,84.3,9.0,2.5
2024-01-17 23:00:00,26.4,0.0,86.6,342.0,1.6
2024-01-18 00:00:00,26.2,0.0,87.3,351.0,1.8
2024-01-18 01:00:00,26.2,0.0,86.6,353.0,1.5
2024-01-18 02:00:00,25.8,0.0,89.6,334.0,1.4
2024-01-18 03:00:00,25.5,0.0,91.2,344.0,1.1
2024-01-18 04:00:00,25.4,0.2,92.3,325.0,1.9
2024-01-18 05:00:00,25.2,0.0,92.8,346.0,2.9
2024-01-18 06:00:00,25.3,0.0,91.0,352.0,2.2
2024-01-18 07:00:00,25.2,0.0,91.2,4.0,1.7
2024-01-18 08:00:00,25.2,0.0,92.4,8.0,2.1
2024-01-18 09:00:00,26.3,0.0,88.8,354.0,2.8
2024-01-18 10:00:00,27.1,0.0,85.0,358.0,3.7
2024-01-18 11:00:00,27.9,0.0,81.0,15.0,3.7
2024-01-18 12:00:00,29.1,0.0,71.7,22.0,4.3
2024-01-18 13:00:00,28.7,0.0,75.0,354.0,5.3
2024-01-18 14:00:00,29.1,0.0,72.1,29.0,8.60001
2024-01-18 15:00:00,28.8,0.0,75.2,29.0,5.2
2024-01-18 16:00:00,26.5,0.0,89.9,33.0,4.9
2024-01-18 17:00:00,27.7,0.0,82.3,22.0,3.4
2024-01-18 18:00:00,28.0,0.0,82.4,11.0,3.0
2024-01-18 19:00:00,24.3,1.4,95.1,32.0,11.0
2024-01-18 20:00:00,24.8,0.0,96.9,25.0,2.2
2024-01-18 21:00:00,25.0,0.0,96.4,348.0,1.9
2024-01-18 22:00:00,25.2,0.0,95.5,11.0,1.3
2024-01-18 23:00:00,25.5,0.0,93.8,18.0,1.5
2024-01-19 00:00:00,25.5,0.0,94.6,359.0,1.2
2024-01-19 01:00:00,25.5,0.0,93.2,334.0,2.7
2024-01-19 02:00:00,25.3,0.0,93.2,347.0,1.7
2024-01-19 03:00:00,25.4,0.0,93.3,281.0,1.6
2024-01-19 04:00:00,25.2,0.0,94.5,359.0,2.2
2024-01-19 05:00:00,25.3,0.0,94.4,354.0,1.8
2024-01-19 06:00:00,25.4,0.0,93.1,351.0,1.9
2024-01-19 07:00:00,25.3,0.0,92.3,1.0,2.3
2024-01-19 08:00:00,25.6,0.0,91.3,315.0,1.8
2024-01-19 09:00:00,26.2,0.0,89.7,308.0,1.9
2024-01-19 10:00:00,26.6,0.0,86.9,341.0,2.9
2024-01-19 11:00:00,27.7,0.0,80.3,358.0,3.2
2024-01-19 12:00:00,28.8,0.0,72.3,7.0,5.1
2024-01-19 13:00:00,29.4,0.0,68.2,17.0,5.2
2024-01-19 14:00:00,29.3,0.0,69.4,342.0,4.2
2024-01-19 15:00:00,29.4,0.0,69.3,357.0,4.5
2024-01-19 16:00:00,27.6,0.0,82.9,137.0,2.1
2024-01-19 17:00:00,26.2,0.2,93.8,85.0,2.2
2024-01-19 18:00:00,25.4,0.0,93.2,21.0,2.8
2024-01-19 19:00:00,25.4,0.0,93.9,138.0,0.8
2024-01-19 20:00:00,25.6,0.0,94.7,29.0,1.9
2024-01-19 21:00:00,25.6,0.0,93.0,347.0,1.2
2024-01-19 22:00:00,25.5,0.0,93.9,247.0,0.6
2024-01-19 23:00:00,25.8,0.0,91.7,315.0,1.4
2024-01-20 00:00:00,25.8,0.0,93.6,315.0,0.8
2024-01-20 01:00:00,25.6,0.0,95.3,264.0,0.6
2024-01-20 02:00:00,25.5,0.0,95.6,263.0,1.6
2024-01-20 03:00:00,25.5,0.0,95.8,292.0,0.6
2024-01-20 04:00:00,25.4,0.0,96.4,341.0,1.1
2024-01-20 05:00:00,25.2,0.8,97.4,38.0,2.9
2024-01-20 06:00:00,24.7,0.0,97.4,35.0,2.6
2024-01-20 07:00:00,24.3,0.0,96.2,38.0,2.6
2024-01-20 08:00:00,24.1,0.2,95.1,26.0,3.1
2024-01-20 09:00:00,23.8,0.0,96.4,14.0,3.0
2024-01-20 10:00:00,24.0,0.0,95.1,4.0,3.0
2024-01-20 11:00:00,24.8,0.0,93.7,7.0,3.2
2024-01-20 12:00:00,25.8,0.0,91.1,6.0,2.2
2024-01-20 13:00:00,26.2,0.0,85.6,11.0,3.8
2024-01-20 14:00:00,25.8,0.0,88.7,12.0,2.9
2024-01-20 15:00:00,25.3,0.2,93.0,12.0,2.8
2024-01-20 16:00:00,24.9,0.0,94.7,7.0,2.5
2024-01-20 17:00:00,24.8,0.0,95.6,23.0,3.0
2024-01-20 18:00:00,24.5,0.2,95.8,8.0,2.0
2024-01-20 19:00:00,24.3,0.0,94.9,31.0,3.3
2024-01-20 20:00:00,24.1,0.0,95.7,354.0,2.2
2024-01-20 21:00:00,23.7,0.0,96.7,36.0,5.3
2024-01-20 22:00:00,23.5,0.0,95.4,12.0,2.7
2024-01-20 23:00:00,23.6,0.0,94.0,11.0,2.0
2024-01-21 00:00:00,23.3,0.0,93.1,304.0,0.7
2024-01-21 01:00:00,23.6,0.0,90.7,34.0,2.5
2024-01-21 02:00:00,23.4,0.0,91.8,32.0,2.5
2024-01-21 03:00:00,23.5,0.0,90.6,40.0,2.6
2024-01-21 04:00:00,23.8,0.0,89.6,37.0,4.7
2024-01-21 05:00:00,23.6,0.0,91.1,19.0,1.9
2024-01-21 06:00:00,23.5,0.0,91.9,32.0,2.3
2024-01-21 07:00:00,23.7,0.0,92.4,15.0,1.8
2024-01-21 08:00:00,24.1,0.0,92.5,345.0,1.0
2024-01-21 09:00:00,25.7,0.0,83.2,27.0,3.9
2024-01-21 10:00:00,27.2,0.0,74.2,26.0,5.0
2024-01-21 11:00:00,28.6,0.0,70.0,26.0,6.2
2024-01-21 12:00:00,31.3,0.0,62.0,19.0,2.6
2024-01-21 13:00:00,31.3,0.0,58.6,354.0,4.0
2024-01-21 14:00:00,31.0,0.0,56.3,14.0,4.0
2024-01-21 15:00:00,32.1,0.0,53.0,348.0,3.3
2024-01-21 16:00:00,32.1,0.0,53.5,330.0,2.3
2024-01-21 17:00:00,32.9,0.0,56.3,62.0,1.9
2024-01-21 18:00:00,30.2,0.0,68.2,160.0,3.2
2024-01-21 19:00:00,29.2,0.0,73.6,133.0,4.0
2024-01-21 20:00:00,27.8,0.0,78.0,128.0,2.5
2024-01-21 21:00:00,27.9,0.0,79.8,44.0,3.7
2024-01-21 22:00:00,26.6,0.0,92.3,351.0,1.1
2024-01-21 23:00:00,26.5,0.0,84.4,16.0,3.1
2024-01-22 00:00:00,26.2,0.0,85.1,343.0,1.6
2024-01-22 01:00:00,25.7,0.0,89.0,37.0,3.2
2024-01-22 02:00:00,25.6,0.0,89.0,30.0,3.2
2024-01-22 03:00:00,25.2,0.0,90.2,351.0,2.4
2024-01-22 04:00:00,25.0,0.0,91.8,354.0,1.8
2024-01-22 05:00:00,24.8,0.0,93.3,358.0,2.2
2024-01-22 06:00:00,24.7,0.0,93.9,346.0,1.8
2024-01-22 07:00:00,24.6,0.0,94.2,24.0,1.9
2024-01-22 08:00:00,25.1,0.0,93.7,15.0,2.0
2024-01-22 09:00:00,26.8,0.0,85.0,19.0,2.9
2024-01-22 10:00:00,27.7,0.0,79.5,39.0,5.5
2024-01-22 11:00:00,29.7,0.0,68.3,347.0,2.7
2024-01-22 12:00:00,31.3,0.0,59.2,3.0,1.9
2024-01-22 13:00:00,31.4,0.0,59.8,343.0,1.7
2024-01-22 14:00:00,31.7,0.0,63.0,173.0,2.7
2024-01-22 15:00:00,32.2,0.0,61.1,209.0,3.7
2024-01-22 16:00:00,32.9,0.0,57.4,288.0,3.6
2024-01-22 17:00:00,32.4,0.0,57.9,247.0,4.8
2024-01-22 18:00:00,32.4,0.0,55.4,248.0,3.7
2024-01-22 19:00:00,30.1,0.0,71.9,40.0,3.3
2024-01-22 20:00:00,28.2,0.0,78.7,45.0,4.1
2024-01-22 21:00:00,27.9,0.0,80.7,43.0,4.2
2024-01-22 22:00:00,27.4,0.0,83.7,41.0,4.8
2024-01-22 23:00:00,27.0,0.0,87.5,27.0,2.6
2024-01-23 00:00:00,26.7,0.0,88.3,23.0,2.1
2024-01-23 01:00:00,26.6,0.0,90.6,38.0,2.6
2024-01-23 02:00:00,26.2,0.0,90.4,27.0,1.8
2024-01-23 03:00:00,26.0,0.0,90.2,26.0,2.2
2024-01-23 04:00:00,25.9,0.0,92.4,25.0,2.0
2024-01-23 05:00:00,25.7,0.0,91.8,359.0,1.7
2024-01-23 06:00:00,25.6,0.0,92.1,9.0,1.7
2024-01-23 07:00:00,25.4,0.0,93.5,349.0,1.9
2024-01-23 08:00:00,25.9,0.0,91.6,5.0,1.8
2024-01-23 09:00:00,27.1,0.0,85.5,25.0,4.1
2024-01-23 10:00:00,28.6,0.0,76.5,9.0,3.6
2024-01-23 11:00:00,30.5,0.0,69.0,332.0,3.4
2024-01-23 12:00:00,31.6,0.0,62.4,337.0,3.5
2024-01-23 13:00:00,31.2,0.0,60.4,35.0,3.3
2024-01-23 14:00:00,32.8,0.0,55.4,340.0,2.5
2024-01-23 15:00:00,27.7,1.0,87.4,175.0,4.8
2024-01-23 16:00:00,24.2,0.8,95.5,38.0,5.7
2024-01-23 17:00:00,24.3,0.4,97.5,81.0,2.5
2024-01-23 18:00:00,24.5,0.2,96.3,106.0,2.4
2024-01-23 19:00:00,24.6,0.0,96.0,19.0,3.2
2024-01-23 20:00:00,24.8,0.0,96.7,25.0,2.1
2024-01-23 21:00:00,24.7,0.0,96.9,35.0,3.0
2024-01-23 22:00:00,24.7,0.0,96.4,1.0,2.5
2024-01-23 23:00:00,25.0,0.0,94.5,36.0,3.7
2024-01-24 00:00:00,25.1,0.0,93.7,24.0,1.7
2024-01-24 01:00:00,25.0,0.0,94.2,10.0,1.0
2024-01-24 02:00:00,24.9,0.0,95.2,5.0,0.9
2024-01-24 03:00:00,24.9,0.0,96.1,17.0,1.6
2024-01-24 04:00:00,24.9,0.0,97.2,338.0,1.8
2024-01-24 05:00:00,24.9,0.0,97.2,289.0,1.1
2024-01-24 06:00:00,24.9,0.0,97.5,248.0,0.7
2024-01-24 07:00:00,24.8,0.0,97.7,280.0,0.5
2024-01-24 08:00:00,25.2,0.0,97.7,13.0,2.5
2024-01-24 09:00:00,26.2,0.0,94.8,36.0,3.5
2024-01-24 10:00:00,27.8,0.0,87.3,44.0,3.7
2024-01-24 11:00:00,28.9,0.0,79.9,38.0,3.8
2024-01-24 12:00:00,29.6,0.0,77.5,35.0,4.5
2024-01-24 13:00:00,29.4,0.0,79.1,66.0,5.8
2024-01-24 14:00:00,29.7,0.0,78.7,58.0,3.1
2024-01-24 15:00:00,28.8,0.0,79.3,18.0,2.9
2024-01-24 16:00:00,24.8,1.4,96.2,289.0,2.7
2024-01-24 17:00:00,24.0,0.2,98.6,307.0,2.7
2024-01-24 18:00:00,24.2,0.0,98.5,5.0,2.3
2024-01-24 19:00:00,24.9,0.2,98.2,165.0,2.3
2024-01-24 20:00:00,24.3,1.4,98.9,28.0,2.9
2024-01-24 21:00:00,24.9,0.2,99.3,39.0,3.1
2024-01-24 22:00:00,24.4,0.2,99.1,38.0,3.3
2024-01-24 23:00:00,24.7,0.0,98.3,33.0,3.4
2024-01-25 00:00:00,24.8,0.2,98.4,37.0,2.6
2024-01-25 01:00:00,24.6,0.0,97.9,38.0,4.3
2024-01-25 02:00:00,24.4,0.0,98.2,19.0,2.6
2024-01-25 03:00:00,24.5,0.0,98.6,35.0,3.1
2024-01-25 04:00:00,24.5,0.0,97.0,37.0,5.7
2024-01-25 05:00:00,24.7,0.0,95.6,34.0,3.3
2024-01-25 06:00:00,24.7,0.0,96.3,20.0,1.5
2024-01-25 07:00:00,24.8,0.0,96.4,342.0,0.8
2024-01-25 08:00:00,25.1,0.0,96.6,28.0,3.0
2024-01-25 09:00:00,26.0,0.0,95.8,19.0,2.1
2024-01-25 10:00:00,27.7,0.0,85.8,33.0,7.0
2024-01-25 11:00:00,28.8,0.0,76.4,31.0,6.2
2024-01-25 12:00:00,29.1,0.0,75.9,50.0,5.6
2024-01-25 13:00:00,28.3,0.0,77.3,31.0,5.9
2024-01-25 14:00:00,28.2,0.0,83.8,78.0,3.4
2024-01-25 15:00:00,27.3,0.0,85.5,58.0,5.1
2024-01-25 16:00:00,26.3,0.0,90.2,46.0,2.1
2024-01-25 17:00:00,25.7,0.0,94.2,26.0,4.1
2024-01-25 18:00:00,25.8,0.0,92.9,36.0,6.3
2024-01-25 19:00:00,25.8,0.0,91.5,34.0,4.4
2024-01-25 20:00:00,25.4,0.2,91.9,35.0,2.4
2024-01-25 21:00:00,25.1,0.0,96.1,40.0,3.8
2024-01-25 22:00:00,24.9,0.0,96.7,46.0,3.4
2024-01-25 23:00:00,25.2,0.0,94.9,44.0,3.2
2024-01-26 00:00:00,25.3,0.0,95.8,349.0,1.1
2024-01-26 01:00:00,25.2,0.0,95.8,43.0,2.8
2024-01-26 02:00:00,25.4,0.0,95.2,35.0,4.3
2024-01-26 03:00:00,25.4,0.0,96.0,30.0,2.0
2024-01-26 04:00:00,25.6,0.0,96.0,39.0,4.4
2024-01-26 05:00:00,26.0,0.0,94.7,39.0,4.8
2024-01-26 06:00:00,26.1,0.0,92.9,39.0,6.3
2024-01-26 07:00:00,26.1,0.0,92.7,36.0,4.6
2024-01-26 08:00:00,26.3,0.0,92.6,39.0,3.7
2024-01-26 09:00:00,26.9,0.0,90.3,45.0,5.1
2024-01-26 10:00:00,27.6,0.0,85.5,38.0,5.5
2024-01-26 11:00:00,28.4,0.0,78.8,42.0,7.5
2024-01-26 12:00:00,28.9,0.0,76.4,36.0,10.6
2024-01-26 13:00:00,29.7,0.0,72.1,36.0,8.39999
2024-01-26 14:00:00,29.7,0.0,70.6,31.0,9.5
2024-01-26 15:00:00,30.9,0.0,64.5,40.0,8.5
2024-01-26 16:00:00,31.0,0.0,67.3,52.0,7.8
2024-01-26 17:00:00,30.6,0.0,66.4,47.0,8.39999
2024-01-26 18:00:00,30.2,0.0,67.6,48.0,5.6
2024-01-26 19:00:00,28.9,0.0,73.1,39.0,7.5
2024-01-26 20:00:00,28.0,0.0,77.2,43.0,7.8
2024-01-26 21:00:00,27.4,0.0,81.8,34.0,6.5
2024-01-26 22:00:00,27.1,0.0,83.8,37.0,6.7
2024-01-26 23:00:00,27.0,0.0,84.6,40.0,7.2
2024-01-27 00:00:00,26.7,0.0,86.8,40.0,6.1
2024-01-27 01:00:00,26.5,0.0,88.1,36.0,6.9
2024-01-27 02:00:00,26.3,0.0,89.3,36.0,5.8
2024-01-27 03:00:00,26.4,0.0,88.7,39.0,5.5
2024-01-27 04:00:00,26.4,0.0,88.0,39.0,7.0
2024-01-27 05:00:00,26.2,0.0,89.2,39.0,5.4
2024-01-27 06:00:00,26.3,0.0,88.2,34.0,6.5
2024-01-27 07:00:00,26.1,0.0,89.2,38.0,4.6
2024-01-27 08:00:00,26.5,0.0,86.6,42.0,6.2
2024-01-27 09:00:00,27.3,0.0,83.6,39.0,5.7
2024-01-27 10:00:00,27.9,0.0,78.9,44.0,8.39999
2024-01-27 11:00:00,29.8,0.0,70.8,48.0,8.0
2024-01-27 12:00:00,30.3,0.0,67.3,45.0,7.8
2024-01-27 13:00:00,30.6,0.0,67.5,50.0,8.0
2024-01-27 14:00:00,31.2,0.0,65.5,45.0,9.2
2024-01-27 15:00:00,30.7,0.0,62.3,40.0,9.2
2024-01-27 16:00:00,30.4,0.0,66.3,43.0,9.10001
2024-01-27 17:00:00,30.6,0.0,62.3,43.0,8.60001
2024-01-27 18:00:00,29.9,0.0,65.4,48.0,8.2
2024-01-27 19:00:00,29.1,0.0,71.3,37.0,6.4
2024-01-27 20:00:00,28.1,0.0,76.4,39.0,7.7
2024-01-27 21:00:00,27.7,0.0,78.9,38.0,7.1
2024-01-27 22:00:00,27.4,0.0,80.5,39.0,6.2
2024-01-27 23:00:00,27.1,0.0,82.7,39.0,6.4
2024-01-28 00:00:00,26.9,0.0,86.3,41.0,3.2
2024-01-28 01:00:00,26.7,0.0,86.4,35.0,3.5
2024-01-28 02:00:00,26.6,0.0,87.5,31.0,2.6
2024-01-28 03:00:00,26.4,0.0,88.0,42.0,5.5
2024-01-28 04:00:00,26.5,0.0,83.9,35.0,6.1
2024-01-28 05:00:00,26.0,0.0,85.8,10.0,3.2
2024-01-28 06:00:00,25.8,0.0,87.8,8.0,1.9
2024-01-28 07:00:00,25.6,0.0,90.0,35.0,3.4
2024-01-28 08:00:00,25.7,0.0,88.9,24.0,2.5
2024-01-28 09:00:00,27.4,0.0,79.3,41.0,5.3
2024-01-28 10:00:00,28.4,0.0,77.7,37.0,7.0
2024-01-28 11:00:00,28.8,0.0,74.0,32.0,6.8
2024-01-28 12:00:00,29.2,0.0,74.0,41.0,7.0
2024-01-28 13:00:00,30.6,0.0,66.0,52.0,5.8
2024-01-28 14:00:00,31.4,0.0,61.0,44.0,7.8
2024-01-28 15:00:00,31.1,0.0,60.8,54.0,8.0
2024-01-28 16:00:00,29.6,0.0,67.4,41.0,10.1
2024-01-28 17:00:00,30.9,0.0,65.2,45.0,6.3
2024-01-28 18:00:00,30.0,0.0,68.1,50.0,6.6
2024-01-28 19:00:00,28.5,0.0,72.7,41.0,7.7
2024-01-28 20:00:00,27.6,0.0,79.4,39.0,11.1
2024-01-28 21:00:00,27.3,0.0,80.7,36.0,8.60001
2024-01-28 22:00:00,27.1,0.0,82.0,35.0,9.0
2024-01-28 23:00:00,26.9,0.0,82.8,37.0,6.8
2024-01-29 00:00:00,26.8,0.0,83.1,35.0,8.60001
2024-01-29 01:00:00,26.4,0.0,85.7,28.0,3.6
2024-01-29 02:00:00,26.3,0.0,85.4,26.0,4.3
2024-01-29 03:00:00,25.9,0.0,87.0,38.0,4.3
2024-01-29 04:00:00,25.7,0.0,89.2,40.0,4.0
2024-01-29 05:00:00,25.6,0.0,89.4,38.0,4.5
2024-01-29 06:00:00,25.6,0.0,88.9,25.0,2.5
2024-01-29 07:00:00,25.7,0.0,88.6,36.0,4.9
2024-01-29 08:00:00,25.8,0.0,88.4,37.0,5.0
2024-01-29 09:00:00,27.0,0.0,85.0,39.0,5.6
2024-01-29 10:00:00,28.1,0.0,75.0,40.0,7.4
2024-01-29 11:00:00,29.5,0.0,71.1,40.0,5.9
2024-01-29 12:00:00,30.9,0.0,64.6,44.0,8.89999
2024-01-29 13:00:00,29.9,0.0,64.9,33.0,10.7
2024-01-29 14:00:00,30.8,0.0,60.8,37.0,9.39999
2024-01-29 15:00:00,31.1,0.0,57.9,37.0,8.3
2024-01-29 16:00:00,30.6,0.0,60.3,38.0,7.5
2024-01-29 17:00:00,30.0,0.0,63.5,45.0,9.39999
2024-01-29 18:00:00,29.7,0.0,65.0,39.0,10.7
2024-01-29 19:00:00,28.9,0.0,69.5,37.0,6.5
2024-01-29 20:00:00,28.1,0.0,74.9,39.0,5.0
2024-01-29 21:00:00,27.3,0.0,77.6,42.0,6.2
2024-01-29 22:00:00,27.0,0.0,80.3,33.0,5.9
2024-01-29 23:00:00,27.0,0.0,80.8,36.0,6.1
2024-01-30 00:00:00,26.7,0.0,81.7,40.0,4.3
2024-01-30 01:00:00,26.4,0.0,83.6,17.0,3.0
2024-01-30 02:00:00,26.0,0.0,84.9,17.0,2.4
2024-01-30 03:00:00,25.7,0.0,86.2,14.0,2.0
2024-01-30 04:00:00,25.5,0.0,87.1,14.0,1.5
2024-01-30 05:00:00,25.4,0.0,88.0,7.0,1.5
2024-01-30 06:00:00,25.2,0.0,88.3,3.0,2.3
2024-01-30 07:00:00,25.0,0.0,89.8,12.0,1.8
2024-01-30 08:00:00,25.2,0.0,89.8,6.0,2.1
2024-01-30 09:00:00,26.5,0.0,84.3,28.0,5.4
2024-01-30 10:00:00,27.8,0.0,75.6,25.0,6.2
2024-01-30 11:00:00,28.6,0.0,69.9,32.0,8.5
2024-01-30 12:00:00,29.2,0.0,70.5,36.0,6.4
2024-01-30 13:00:00,29.5,0.0,69.3,46.0,6.0
2024-01-30 14:00:00,28.7,0.0,72.0,340.0,4.1
2024-01-30 15:00:00,27.8,0.0,81.6,12.0,3.1
2024-01-30 16:00:00,29.6,0.0,68.5,40.0,6.6
2024-01-30 17:00:00,30.5,0.0,64.8,52.0,7.5
2024-01-30 18:00:00,29.7,0.0,67.0,47.0,6.5
2024-01-30 19:00:00,28.4,0.0,71.4,37.0,6.9
2024-01-30 20:00:00,27.8,0.0,71.1,39.0,5.5
2024-01-30 21:00:00,27.3,0.0,76.4,42.0,5.7
2024-01-30 22:00:00,27.0,0.0,80.6,41.0,5.5
2024-01-30 23:00:00,26.7,0.0,82.4,42.0,5.7
2024-01-31 00:00:00,26.3,0.0,84.2,38.0,5.5
2024-01-31 01:00:00,26.2,0.0,85.4,39.0,5.1
2024-01-31 02:00:00,26.0,0.0,86.7,37.0,4.6
2024-01-31 03:00:00,25.9,0.0,86.4,40.0,5.2
2024-01-31 04:00:00,25.6,0.0,88.5,29.0,3.0
2024-01-31 05:00:00,25.2,0.0,90.3,29.0,2.5
2024-01-31 06:00:00,25.2,0.0,89.3,20.0,2.1
2024-01-31 07:00:00,25.0,0.0,89.7,4.0,2.0
2024-01-31 08:00:00,25.2,0.0,87.8,358.0,2.0
2024-01-31 09:00:00,26.2,0.0,85.3,9.0,1.7
2024-01-31 10:00:00,27.4,0.0,78.7,9.0,4.1
2024-01-31 11:00:00,28.4,0.0,72.7,22.0,5.4
2024-01-31 12:00:00,29.3,0.0,66.4,18.0,5.2
2024-01-31 13:00:00,31.0,0.0,62.4,4.0,3.9
2024-01-31 14:00:00,31.1,0.0,63.6,54.0,3.9
2024-01-31 15:00:00,31.3,0.0,61.5,23.0,1.8
2024-01-31 16:00:00,30.7,0.0,62.9,48.0,3.9
2024-01-31 17:00:00,30.5,0.0,62.8,45.0,5.8
2024-01-31 18:00:00,29.5,0.0,68.4,38.0,6.5
2024-01-31 19:00:00,28.8,0.0,72.2,36.0,4.9
2024-01-31 20:00:00,28.2,0.0,74.7,44.0,5.8
2024-01-31 21:00:00,27.7,0.0,77.5,39.0,4.4
2024-01-31 22:00:00,27.1,0.0,80.3,36.0,8.5
2024-01-31 23:00:00,26.8,0.0,83.3,40.0,6.3
2024-02-01 00:00:00,26.6,0.0,84.7,39.0,6.3
2024-02-01 01:00:00,26.8,0.0,83.1,38.0,4.8
2024-02-01 02:00:00,26.5,0.0,85.6,38.0,6.0
2024-02-01 03:00:00,26.4,0.0,86.1,34.0,4.5
2024-02-01 04:00:00,26.4,0.0,86.7,36.0,5.1
2024-02-01 05:00:00,26.3,0.0,87.6,33.0,5.0
2024-02-01 06:00:00,26.3,0.0,87.9,38.0,5.8
2024-02-01 07:00:00,26.3,0.0,87.3,41.0,4.1
2024-02-01 08:00:00,26.5,0.0,86.6,41.0,5.2
2024-02-01 09:00:00,26.9,0.0,84.3,37.0,5.5
2024-02-01 10:00:00,27.3,0.0,81.1,34.0,7.9
2024-02-01 11:00:00,28.8,0.0,75.3,43.0,5.2
2024-02-01 12:00:00,30.1,0.0,66.2,41.0,8.60001
2024-02-01 13:00:00,31.3,0.0,63.6,48.0,6.1
2024-02-01 14:00:00,32.0,0.0,58.3,55.0,5.3
2024-02-01 15:00:00,31.8,0.0,62.6,67.0,4.7
2024-02-01 16:00:00,31.6,0.0,62.3,46.0,4.3
2024-02-01 17:00:00,30.5,0.0,67.6,59.0,7.2
2024-02-01 18:00:00,29.4,0.0,68.8,37.0,8.3
2024-02-01 19:00:00,28.7,0.0,70.6,40.0,7.0
2024-02-01 20:00:00,28.1,0.0,72.7,35.0,5.9
2024-02-01 21:00:00,27.5,0.0,75.7,17.0,3.5
2024-02-01 22:00:00,27.1,0.0,79.6,7.0,2.5
2024-02-01 23:00:00,26.7,0.0,81.8,3.0,1.9
2024-02-02 00:00:00,26.6,0.0,83.5,7.0,1.2
2024-02-02 01:00:00,26.2,0.0,86.8,14.0,1.4
2024-02-02 02:00:00,26.0,0.0,87.5,346.0,1.2
2024-02-02 03:00:00,26.2,0.0,87.8,354.0,2.1
2024-02-02 04:00:00,26.1,0.0,88.9,9.0,1.5
2024-02-02 05:00:00,26.1,0.0,89.0,10.0,1.5
2024-02-02 06:00:00,26.1,0.0,89.2,30.0,3.3
2024-02-02 07:00:00,26.2,0.0,88.3,40.0,5.1
2024-02-02 08:00:00,26.5,0.0,87.3,34.0,4.9
2024-02-02 09:00:00,27.5,0.0,83.0,43.0,6.2
2024-02-02 10:00:00,28.5,0.0,74.9,42.0,7.2
2024-02-02 11:00:00,30.1,0.0,68.9,23.0,4.3
2024-02-02 12:00:00,30.6,0.0,66.1,356.0,4.2
2024-02-02 13:00:00,32.2,0.0,59.5,14.0,5.3
2024-02-02 14:00:00,30.2,0.0,67.9,33.0,9.39999
2024-02-02 15:00:00,30.6,0.0,72.5,50.0,7.7
2024-02-02 16:00:00,26.8,2.0,88.7,255.0,6.0
2024-02-02 17:00:00,25.2,0.6,96.9,318.0,5.4
2024-02-02 18:00:00,25.7,0.4,96.2,354.0,3.2
2024-02-02 19:00:00,25.8,0.4,94.7,45.0,5.0
2024-02-02 20:00:00,26.6,0.0,94.2,36.0,2.5
2024-02-02 21:00:00,26.7,0.0,93.7,353.0,1.1
2024-02-02 22:00:00,26.6,0.0,89.7,39.0,2.6
2024-02-02 23:00:00,26.5,0.0,90.4,39.0,3.3
2024-02-03 00:00:00,26.5,0.0,90.3,39.0,5.5
2024-02-03 01:00:00,26.3,0.0,90.2,41.0,5.9
2024-02-03 02:00:00,26.4,0.0,89.5,34.0,6.5
2024-02-03 03:00:00,26.4,0.0,88.0,35.0,4.2
2024-02-03 04:00:00,26.3,0.0,88.3,38.0,5.7
2024-02-03 05:00:00,25.9,0.0,88.8,41.0,5.2
2024-02-03 06:00:00,25.9,0.0,89.5,43.0,4.5
2024-02-03 07:00:00,25.9,0.0,89.9,40.0,4.1
2024-02-03 08:00:00,26.2,0.0,88.0,39.0,5.1
2024-02-03 09:00:00,27.3,0.0,83.0,39.0,4.4
2024-02-03 10:00:00,29.1,0.0,74.2,25.0,3.7
2024-02-03 11:00:00,29.7,0.0,68.8,29.0,7.2
2024-02-03 12:00:00,31.0,0.0,63.6,40.0,5.6
2024-02-03 13:00:00,32.7,0.0,55.3,21.0,3.4
2024-02-03 14:00:00,33.2,0.0,52.2,22.0,3.1
2024-02-03 15:00:00,31.5,0.0,59.7,311.0,4.7
2024-02-03 16:00:00,30.0,0.0,72.2,166.0,4.1
2024-02-03 17:00:00,29.8,0.0,76.4,136.0,2.1
2024-02-03 18:00:00,25.1,5.0,96.7,183.0,2.6
2024-02-03 19:00:00,24.5,0.0,98.1,154.0,2.3
2024-02-03 20:00:00,24.7,0.0,97.0,182.0,0.9
2024-02-03 21:00:00,25.5,0.0,95.6,247.0,1.1
2024-02-03 22:00:00,25.9,0.0,95.5,31.0,1.8
2024-02-03 23:00:00,26.1,0.0,92.2,42.0,2.7
2024-02-04 00:00:00,25.9,0.0,90.7,14.0,1.3
2024-02-04 01:00:00,25.8,0.0,91.7,14.0,2.4
2024-02-04 02:00:00,25.7,0.0,89.5,331.0,2.4
2024-02-04 03:00:00,25.3,0.0,91.4,357.0,2.8
2024-02-04 04:00:00,25.3,0.0,91.8,350.0,1.7
2024-02-04 05:00:00,25.2,0.0,93.4,358.0,1.5
2024-02-04 06:00:00,25.0,0.0,93.7,226.0,0.6
2024-02-04 07:00:00,25.0,0.0,93.4,12.0,1.6
2024-02-04 08:00:00,24.8,0.0,94.4,214.0,0.5
2024-02-04 09:00:00,26.1,0.0,88.8,38.0,3.6
2024-02-04 10:00:00,28.0,0.0,71.6,36.0,4.4
2024-02-04 11:00:00,29.0,0.0,67.1,34.0,5.8
2024-02-04 12:00:00,30.3,0.0,60.6,30.0,5.8
2024-02-04 13:00:00,31.7,0.0,55.6,31.0,4.7
2024-02-04 14:00:00,31.9,0.0,54.7,35.0,3.9
2024-02-04 15:00:00,32.7,0.0,51.2,27.0,2.3
2024-02-04 16:00:00,32.5,0.0,54.7,346.0,1.9
2024-02-04 17:00:00,30.5,0.0,69.1,179.0,4.8
2024-02-04 18:00:00,30.5,0.0,66.1,179.0,3.4
2024-02-04 19:00:00,29.6,0.0,74.5,261.0,2.5
2024-02-04 20:00:00,29.1,0.0,76.0,275.0,2.4
2024-02-04 21:00:00,28.5,0.0,74.5,37.0,5.5
2024-02-04 22:00:00,27.8,0.0,76.3,37.0,5.8
2024-02-04 23:00:00,27.3,0.0,79.5,36.0,4.2
2024-02-05 00:00:00,27.0,0.0,81.3,39.0,4.9
2024-02-05 01:00:00,26.7,0.0,83.5,36.0,4.0
2024-02-05 02:00:00,26.2,0.0,86.2,38.0,4.3
2024-02-05 03:00:00,25.7,0.0,88.2,11.0,1.9
2024-02-05 04:00:00,25.6,0.0,87.5,345.0,2.4
2024-02-05 05:00:00,25.4,0.0,90.5,10.0,1.2
2024-02-05 06:00:00,25.2,0.0,89.0,20.0,2.0
2024-02-05 07:00:00,25.0,0.0,91.4,30.0,2.7
2024-02-05 08:00:00,25.2,0.0,91.3,31.0,3.0
2024-02-05 09:00:00,27.2,0.0,80.9,30.0,6.2
2024-02-05 10:00:00,28.7,0.0,72.3,23.0,6.4
2024-02-05 11:00:00,29.4,0.0,69.1,26.0,6.1
2024-02-05 12:00:00,30.7,0.0,60.0,18.0,5.6
2024-02-05 13:00:00,32.2,0.0,58.6,6.0,3.6
2024-02-05 14:00:00,33.2,0.0,53.0,13.0,2.4
2024-02-05 15:00:00,33.5,0.0,47.8,336.0,4.0
2024-02-05 16:00:00,32.4,0.0,51.6,44.0,5.7
2024-02-05 17:00:00,32.2,0.0,57.0,36.0,5.1
2024-02-05 18:00:00,29.5,0.0,75.4,51.0,5.0
2024-02-05 19:00:00,29.4,0.0,70.6,41.0,6.3
2024-02-05 20:00:00,28.7,0.0,72.8,45.0,5.8
2024-02-05 21:00:00,27.9,0.0,75.9,45.0,4.5
2024-02-05 22:00:00,27.7,0.0,77.0,41.0,4.1
2024-02-05 23:00:00,27.2,0.0,79.9,40.0,2.8
2024-02-06 00:00:00,26.6,0.0,82.4,220.0,0.5
2024-02-06 01:00:00,26.5,0.0,82.3,356.0,1.0
2024-02-06 02:00:00,26.1,0.0,82.9,358.0,1.5
2024-02-06 03:00:00,25.8,0.0,84.8,358.0,2.3
2024-02-06 04:00:00,25.6,0.0,85.9,9.0,1.6
2024-02-06 05:00:00,25.3,0.0,88.6,11.0,1.4
2024-02-06 06:00:00,25.3,0.0,90.8,5.0,1.8
2024-02-06 07:00:00,25.1,0.0,92.0,33.0,3.2
2024-02-06 08:00:00,25.7,0.0,87.8,9.0,1.9
2024-02-06 09:00:00,26.9,0.0,81.1,24.0,4.2
2024-02-06 10:00:00,28.6,0.0,73.7,359.0,3.7
2024-02-06 11:00:00,29.7,0.0,67.4,18.0,5.2
2024-02-06 12:00:00,31.4,0.0,60.3,23.0,3.7
2024-02-06 13:00:00,32.4,0.0,56.0,9.0,5.1
2024-02-06 14:00:00,32.6,0.0,54.2,354.0,3.7
2024-02-06 15:00:00,33.0,0.0,53.8,348.0,2.9
2024-02-06 16:00:00,31.0,0.0,62.6,234.0,4.2
2024-02-06 17:00:00,31.0,0.0,63.0,221.0,4.0
2024-02-06 18:00:00,30.6,0.0,64.5,154.0,2.2
2024-02-06 19:00:00,29.1,0.0,73.5,138.0,3.6
2024-02-06 20:00:00,28.3,0.0,84.4,75.0,1.7
2024-02-06 21:00:00,28.1,0.0,84.8,41.0,3.1
2024-02-06 22:00:00,28.0,0.0,81.0,43.0,5.2
2024-02-06 23:00:00,27.6,0.0,82.4,39.0,3.4
2024-02-07 00:00:00,27.2,0.0,84.8,42.0,3.3
2024-02-07 01:00:00,27.1,0.0,85.1,32.0,4.6
2024-02-07 02:00:00,26.9,0.0,87.8,39.0,3.4
2024-02-07 03:00:00,26.7,0.0,86.7,6.0,1.5
2024-02-07 04:00:00,26.2,0.0,90.8,27.0,2.0
2024-02-07 05:00:00,26.0,0.0,91.6,32.0,2.4
2024-02-07 06:00:00,26.0,0.0,88.4,338.0,1.5
2024-02-07 07:00:00,25.8,0.0,89.6,355.0,1.6
2024-02-07 08:00:00,25.8,0.0,91.7,352.0,2.0
2024-02-07 09:00:00,27.0,0.0,87.0,9.0,2.3
2024-02-07 10:00:00,27.9,0.0,80.4,22.0,4.8
2024-02-07 11:00:00,28.8,0.0,74.9,25.0,5.2
2024-02-07 12:00:00,30.2,0.0,68.0,38.0,5.6
2024-02-07 13:00:00,30.9,0.0,64.8,50.0,6.1
2024-02-07 14:00:00,31.7,0.0,60.0,30.0,6.0
2024-02-07 15:00:00,32.3,0.0,57.2,15.0,4.0
2024-02-07 16:00:00,32.0,0.0,61.4,33.0,5.4
2024-02-07 17:00:00,30.6,0.0,67.1,47.0,7.0
2024-02-07 18:00:00,27.2,0.4,88.2,229.0,3.3
2024-02-07 19:00:00,26.8,0.0,89.7,173.0,1.9
2024-02-07 20:00:00,27.8,0.0,85.0,340.0,1.9
2024-02-07 21:00:00,27.8,0.0,83.1,30.0,4.4
2024-02-07 22:00:00,27.6,0.0,84.7,42.0,2.4
2024-02-07 23:00:00,27.1,0.0,87.0,30.0,3.3
2024-02-08 00:00:00,26.8,0.0,88.3,29.0,2.6
2024-02-08 01:00:00,26.9,0.0,87.5,38.0,5.1
2024-02-08 02:00:00,26.7,0.0,88.2,29.0,3.1
2024-02-08 03:00:00,26.2,0.0,90.7,274.0,0.7
2024-02-08 04:00:00,26.2,0.0,91.5,354.0,1.9
2024-02-08 05:00:00,25.8,0.0,94.3,16.0,2.5
2024-02-08 06:00:00,25.8,0.0,93.2,357.0,1.5
2024-02-08 07:00:00,25.6,0.0,92.9,5.0,1.0
2024-02-08 08:00:00,26.0,0.0,92.6,15.0,2.0
2024-02-08 09:00:00,27.9,0.0,82.3,28.0,2.6
2024-02-08 10:00:00,29.7,0.0,73.1,36.0,3.5
2024-02-08 11:00:00,29.9,0.0,67.8,25.0,5.5
2024-02-08 12:00:00,32.0,0.0,61.7,355.0,4.2
2024-02-08 13:00:00,31.8,0.0,61.2,22.0,3.6
2024-02-08 14:00:00,32.6,0.0,56.2,346.0,3.1
2024-02-08 15:00:00,31.8,0.0,64.3,183.0,4.3
2024-02-08 16:00:00,32.2,0.0,62.9,157.0,4.6
2024-02-08 17:00:00,27.8,0.0,85.2,34.0,5.2
2024-02-08 18:00:00,26.4,0.0,95.2,17.0,2.4
2024-02-08 19:00:00,27.3,0.0,92.1,87.0,1.7
2024-02-08 20:00:00,27.4,0.0,88.5,38.0,2.1
2024-02-08 21:00:00,27.5,0.0,87.0,36.0,4.1
2024-02-08 22:00:00,27.4,0.0,87.9,33.0,3.1
2024-02-08 23:00:00,27.2,0.0,86.7,37.0,5.8
2024-02-09 00:00:00,27.1,0.0,87.7,40.0,5.3
2024-02-09 01:00:00,26.9,0.0,88.1,37.0,5.9
2024-02-09 02:00:00,26.7,0.0,89.2,38.0,4.1
2024-02-09 03:00:00,26.8,0.0,89.9,40.0,4.0
2024-02-09 04:00:00,26.6,0.0,89.1,35.0,5.5
2024-02-09 05:00:00,26.5,0.0,90.8,35.0,3.9
2024-02-09 06:00:00,26.5,0.0,90.3,30.0,3.4
2024-02-09 07:00:00,26.2,0.0,90.9,348.0,1.8
2024-02-09 08:00:00,26.3,0.0,92.3,32.0,3.7
2024-02-09 09:00:00,27.3,0.0,82.9,30.0,7.3
2024-02-09 10:00:00,28.7,0.0,73.2,27.0,6.7
2024-02-09 11:00:00,30.4,0.0,69.8,23.0,3.6
2024-02-09 12:00:00,31.2,0.0,63.9,345.0,4.3
2024-02-09 13:00:00,31.5,0.0,61.1,355.0,3.1
2024-02-09 14:00:00,32.7,0.0,56.3,299.0,3.9
2024-02-09 15:00:00,31.0,0.0,69.2,37.0,2.7
2024-02-09 16:00:00,27.2,0.8,90.1,193.0,4.5
2024-02-09 17:00:00,25.9,0.8,95.2,142.0,3.1
2024-02-09 18:00:00,26.9,0.0,96.1,87.0,2.5
2024-02-09 19:00:00,26.4,0.0,92.2,145.0,2.2
2024-02-09 20:00:00,26.8,0.0,91.6,25.0,1.7
2024-02-09 21:00:00,26.8,0.0,82.9,43.0,5.0
2024-02-09 22:00:00,26.3,0.0,84.9,40.0,4.3
2024-02-09 23:00:00,25.8,0.0,86.7,34.0,3.7
2024-02-10 00:00:00,25.6,0.0,84.8,37.0,4.9
2024-02-10 01:00:00,25.4,0.0,87.6,30.0,3.1
2024-02-10 02:00:00,25.5,0.0,84.7,37.0,5.7
2024-02-10 03:00:00,25.0,0.0,88.5,19.0,2.6
2024-02-10 04:00:00,24.7,0.0,87.9,26.0,3.6
2024-02-10 05:00:00,24.3,0.0,90.3,32.0,3.1
2024-02-10 06:00:00,24.3,0.0,89.2,353.0,2.5
2024-02-10 07:00:00,24.2,0.0,89.5,16.0,2.2
2024-02-10 08:00:00,24.5,0.0,89.7,26.0,2.1
2024-02-10 09:00:00,26.4,0.0,82.8,25.0,3.2
2024-02-10 10:00:00,27.1,0.0,77.7,28.0,4.9
2024-02-10 11:00:00,28.4,0.0,70.4,31.0,5.4
2024-02-10 12:00:00,29.8,0.0,66.5,35.0,7.1
2024-02-10 13:00:00,30.8,0.0,60.7,44.0,6.8
2024-02-10 14:00:00,31.2,0.0,58.3,43.0,5.8
2024-02-10 15:00:00,31.2,0.0,57.2,50.0,5.3
2024-02-10 16:00:00,31.3,0.0,55.3,44.0,8.2
2024-02-10 17:00:00,30.7,0.0,57.2,36.0,8.2
2024-02-10 18:00:00,30.3,0.0,59.8,39.0,6.6
2024-02-10 19:00:00,29.4,0.0,66.6,40.0,5.1
2024-02-10 20:00:00,28.4,0.0,71.9,42.0,6.8
2024-02-10 21:00:00,27.6,0.0,79.2,38.0,5.5
2024-02-10 22:00:00,26.6,0.2,89.2,48.0,4.6
2024-02-10 23:00:00,24.0,0.0,96.7,354.0,5.2
2024-02-11 00:00:00,24.9,0.0,95.8,355.0,1.4
2024-02-11 01:00:00,25.4,0.0,95.5,9.0,1.7
2024-02-11 02:00:00,25.5,0.0,93.9,23.0,2.9
2024-02-11 03:00:00,25.6,0.0,91.6,27.0,3.0
2024-02-11 04:00:00,25.5,0.0,90.5,22.0,3.1
2024-02-11 05:00:00,25.4,0.0,90.4,24.0,2.7
2024-02-11 06:00:00,25.3,0.0,89.1,357.0,2.1
2024-02-11 07:00:00,25.0,0.0,90.2,359.0,2.4
2024-02-11 08:00:00,25.5,0.0,88.5,351.0,1.7
2024-02-11 09:00:00,26.8,0.0,83.6,349.0,2.1
2024-02-11 10:00:00,27.8,0.0,78.2,20.0,4.7
2024-02-11 11:00:00,29.2,0.0,71.1,23.0,5.7
2024-02-11 12:00:00,30.0,0.0,64.9,44.0,9.3
2024-02-11 13:00:00,30.5,0.0,62.0,29.0,9.8
2024-02-11 14:00:00,31.0,0.0,61.7,38.0,8.3
2024-02-11 15:00:00,31.5,0.0,57.7,47.0,6.7
2024-02-11 16:00:00,30.9,0.0,60.4,34.0,10.5
2024-02-11 17:00:00,30.8,0.0,61.2,46.0,7.8
2024-02-11 18:00:00,29.3,0.0,66.5,37.0,10.9
2024-02-11 19:00:00,28.5,0.0,68.9,39.0,8.39999
2024-02-11 20:00:00,27.6,0.0,76.3,30.0,3.9
2024-02-11 21:00:00,27.3,0.0,78.9,35.0,4.7
2024-02-11 22:00:00,27.1,0.0,80.7,9.0,2.5
2024-02-11 23:00:00,27.0,0.0,80.8,6.0,2.6
2024-02-12 00:00:00,26.8,0.0,82.4,351.0,2.9
2024-02-12 01:00:00,26.3,0.0,84.2,350.0,3.6
2024-02-12 02:00:00,26.0,0.0,85.7,357.0,2.5
2024-02-12 03:00:00,25.9,0.0,86.7,352.0,2.1
2024-02-12 04:00:00,26.1,0.0,85.3,346.0,1.8
2024-02-12 05:00:00,26.4,0.0,83.0,348.0,2.3
2024-02-12 06:00:00,26.3,0.0,82.8,345.0,2.1
2024-02-12 07:00:00,26.0,0.0,85.1,337.0,2.2
2024-02-12 08:00:00,26.1,0.0,85.4,341.0,1.9
2024-02-12 09:00:00,26.1,1.2,89.3,32.0,4.0
2024-02-12 10:00:00,26.1,0.0,90.5,15.0,2.7
2024-02-12 11:00:00,28.0,0.0,81.9,32.0,4.0
2024-02-12 12:00:00,28.6,0.0,77.0,35.0,5.5
2024-02-12 13:00:00,29.9,0.0,67.4,41.0,7.8
2024-02-12 14:00:00,29.9,0.0,66.3,47.0,7.3
2024-02-12 15:00:00,25.2,0.2,90.6,43.0,8.7
2024-02-12 16:00:00,25.5,0.2,91.9,32.0,8.2
2024-02-12 17:00:00,27.3,0.0,83.2,33.0,5.0
2024-02-12 18:00:00,28.2,0.0,75.3,32.0,7.6
2024-02-12 19:00:00,27.6,0.0,76.0,36.0,6.6
2024-02-12 20:00:00,27.0,0.0,79.1,35.0,4.8
2024-02-12 21:00:00,26.4,0.0,82.5,344.0,3.0
2024-02-12 22:00:00,26.0,0.0,86.5,355.0,3.0
2024-02-12 23:00:00,25.8,0.0,87.5,332.0,2.8
2024-02-13 00:00:00,25.7,0.0,88.8,4.0,1.5
2024-02-13 01:00:00,25.5,0.0,90.3,353.0,2.0
2024-02-13 02:00:00,25.3,0.0,93.6,15.0,1.7
2024-02-13 03:00:00,25.2,0.0,93.5,347.0,2.6
2024-02-13 04:00:00,25.2,0.0,93.4,344.0,1.7
2024-02-13 05:00:00,25.1,0.0,92.5,352.0,2.0
2024-02-13 06:00:00,25.1,0.0,90.7,353.0,2.3
2024-02-13 07:00:00,25.0,0.0,90.2,343.0,2.6
2024-02-13 08:00:00,25.2,0.4,93.1,32.0,3.7
2024-02-13 09:00:00,25.0,0.0,94.9,4.0,3.4
2024-02-13 10:00:00,26.3,0.0,89.3,31.0,5.3
2024-02-13 11:00:00,27.9,0.0,79.7,36.0,7.6
2024-02-13 12:00:00,28.9,0.0,75.2,25.0,5.8
2024-02-13 13:00:00,27.6,1.2,80.8,34.0,7.4
2024-02-13 14:00:00,25.7,0.2,94.8,36.0,6.6
2024-02-13 15:00:00,26.4,0.0,89.8,41.0,10.7
2024-02-13 16:00:00,26.7,0.0,89.5,37.0,7.4
2024-02-13 17:00:00,28.4,0.0,78.7,43.0,5.4
2024-02-13 18:00:00,28.1,0.0,79.0,38.0,6.9
2024-02-13 19:00:00,28.0,0.0,79.8,40.0,8.0
2024-02-13 20:00:00,27.5,0.0,83.3,42.0,7.4
2024-02-13 21:00:00,27.3,0.0,83.7,37.0,5.2
2024-02-13 22:00:00,27.0,0.0,85.6,35.0,5.3
2024-02-13 23:00:00,26.7,0.0,88.4,39.0,5.6
2024-02-14 00:00:00,26.7,0.0,86.8,36.0,5.5
2024-02-14 01:00:00,26.7,0.0,87.7,37.0,5.6
2024-02-14 02:00:00,26.5,0.0,89.9,44.0,4.6
2024-02-14 03:00:00,26.4,0.0,90.4,40.0,4.8
2024-02-14 04:00:00,26.4,0.0,92.2,22.0,2.2
2024-02-14 05:00:00,25.2,0.0,93.3,29.0,2.8
2024-02-14 06:00:00,25.6,0.0,94.1,37.0,3.4
2024-02-14 07:00:00,25.8,0.0,94.1,20.0,2.1
2024-02-14 08:00:00,26.1,0.0,93.5,22.0,2.7
2024-02-14 09:00:00,27.2,0.0,88.1,33.0,3.7
2024-02-14 10:00:00,27.6,0.0,85.5,34.0,5.9
2024-02-14 11:00:00,28.6,0.0,78.8,30.0,6.3
2024-02-14 12:00:00,27.4,0.0,89.5,354.0,2.6
2024-02-14 13:00:00,28.1,0.0,90.7,337.0,2.4
2024-02-14 14:00:00,30.0,0.0,68.2,59.0,7.7
2024-02-14 15:00:00,30.0,0.0,73.8,68.0,6.5
2024-02-14 16:00:00,28.6,0.0,80.2,43.0,5.8
2024-02-14 17:00:00,26.7,1.2,94.8,69.0,6.1
2024-02-14 18:00:00,27.4,0.0,88.5,40.0,2.8
2024-02-14 19:00:00,28.1,0.0,80.5,39.0,6.6
2024-02-14 20:00:00,27.3,0.0,85.7,35.0,4.1
2024-02-14 21:00:00,27.1,0.0,87.6,34.0,6.0
2024-02-14 22:00:00,27.1,0.0,86.6,37.0,6.8
2024-02-14 23:00:00,27.0,0.0,87.5,34.0,4.7
2024-02-15 00:00:00,26.8,0.0,88.7,15.0,2.8
2024-02-15 01:00:00,26.7,0.0,87.6,30.0,3.5
2024-02-15 02:00:00,26.6,0.0,87.5,37.0,4.3
2024-02-15 03:00:00,25.9,0.0,91.4,20.0,2.2
2024-02-15 04:00:00,25.8,0.0,93.4,351.0,1.4
2024-02-15 05:00:00,25.8,0.0,93.9,7.0,1.7
2024-02-15 06:00:00,25.8,0.0,93.2,356.0,1.8
2024-02-15 07:00:00,25.8,0.0,93.1,26.0,2.9
2024-02-15 08:00:00,26.2,0.0,90.5,29.0,3.8
2024-02-15 09:00:00,26.7,0.0,87.9,27.0,5.3
2024-02-15 10:00:00,27.0,0.0,84.3,31.0,6.5
2024-02-15 11:00:00,27.3,0.0,84.0,26.0,5.6
2024-02-15 12:00:00,26.3,0.2,90.5,32.0,5.3
2024-02-15 13:00:00,26.8,0.0,92.9,354.0,2.4
2024-02-15 14:00:00,27.6,0.0,89.9,34.0,2.4
2024-02-15 15:00:00,28.6,0.0,77.2,40.0,4.3
2024-02-15 16:00:00,29.0,0.0,74.6,40.0,6.8
2024-02-15 17:00:00,28.3,0.0,74.1,35.0,9.39999
2024-02-15 18:00:00,27.9,0.0,79.0,39.0,6.1
2024-02-15 19:00:00,27.6,0.0,81.1,41.0,6.8
2024-02-15 20:00:00,27.3,0.0,80.1,36.0,8.7
2024-02-15 21:00:00,27.0,0.0,82.9,34.0,6.1
2024-02-15 22:00:00,26.9,0.0,84.6,35.0,4.5
2024-02-15 23:00:00,26.8,0.0,84.7,34.0,5.0
2024-02-16 00:00:00,26.7,0.0,85.2,34.0,5.5
2024-02-16 01:00:00,26.5,0.0,87.1,35.0,5.4
2024-02-16 02:00:00,26.5,0.0,87.2,35.0,5.1
2024-02-16 03:00:00,26.2,0.0,88.6,350.0,1.4
2024-02-16 04:00:00,26.6,0.0,87.0,33.0,4.2
2024-02-16 05:00:00,26.5,0.0,87.6,22.0,2.4
2024-02-16 06:00:00,26.4,0.0,88.1,37.0,4.7
2024-02-16 07:00:00,26.4,0.0,88.2,35.0,4.5
2024-02-16 08:00:00,26.5,0.0,89.0,37.0,5.1
2024-02-16 09:00:00,27.8,0.0,82.6,41.0,5.3
2024-02-16 10:00:00,29.0,0.0,77.2,38.0,4.6
2024-02-16 11:00:00,29.0,0.0,74.9,35.0,8.60001
2024-02-16 12:00:00,30.5,0.0,67.3,31.0,8.5
2024-02-16 13:00:00,29.9,0.0,68.9,18.0,6.6
2024-02-16 14:00:00,30.5,0.0,64.1,33.0,11.5
2024-02-16 15:00:00,31.1,0.0,65.0,44.0,8.89999
2024-02-16 16:00:00,29.8,0.0,67.9,41.0,10.2
2024-02-16 17:00:00,29.9,0.0,66.0,38.0,11.4
2024-02-16 18:00:00,29.1,0.0,69.1,39.0,7.6
2024-02-16 19:00:00,28.6,0.0,71.5,37.0,10.0
2024-02-16 20:00:00,27.1,0.0,78.6,39.0,8.89999
2024-02-16 21:00:00,26.6,0.0,82.0,34.0,6.7
2024-02-16 22:00:00,26.6,0.0,80.7,40.0,5.9
2024-02-16 23:00:00,26.5,0.0,82.2,38.0,5.5
2024-02-17 00:00:00,26.0,0.0,84.2,2.0,2.1
2024-02-17 01:00:00,26.0,0.0,83.8,350.0,1.4
2024-02-17 02:00:00,25.7,0.0,86.4,6.0,1.5
2024-02-17 03:00:00,25.5,0.0,88.4,327.0,1.5
2024-02-17 04:00:00,25.4,0.0,89.5,16.0,1.6
2024-02-17 05:00:00,25.2,0.0,90.2,344.0,1.5
2024-02-17 06:00:00,24.9,0.0,91.5,359.0,2.7
2024-02-17 07:00:00,25.0,0.0,91.9,351.0,2.3
2024-02-17 08:00:00,25.2,0.0,90.6,2.0,1.3
2024-02-17 09:00:00,26.6,0.0,86.7,30.0,3.2
2024-02-17 10:00:00,28.5,0.0,76.6,43.0,4.8
2024-02-17 11:00:00,29.5,0.0,70.4,37.0,7.6
2024-02-17 12:00:00,30.0,0.0,67.7,43.0,6.6
2024-02-17 13:00:00,29.9,0.0,65.7,39.0,6.6
2024-02-17 14:00:00,29.0,0.0,71.1,30.0,7.8
2024-02-17 15:00:00,27.4,0.0,87.8,13.0,2.2
2024-02-17 16:00:00,29.2,0.0,68.1,38.0,7.5
2024-02-17 17:00:00,29.3,0.0,70.2,32.0,7.3
2024-02-17 18:00:00,28.7,0.0,71.4,35.0,7.1
2024-02-17 19:00:00,28.1,0.0,73.8,39.0,6.3
2024-02-17 20:00:00,27.7,0.0,76.7,41.0,7.5
2024-02-17 21:00:00,27.2,0.0,80.9,40.0,6.3
2024-02-17 22:00:00,27.0,0.0,82.5,37.0,4.7
2024-02-17 23:00:00,26.8,0.0,82.9,37.0,5.1
2024-02-18 00:00:00,26.5,0.0,84.5,37.0,5.5
2024-02-18 01:00:00,26.2,0.0,86.9,37.0,4.4
2024-02-18 02:00:00,26.1,0.0,88.3,33.0,3.6
2024-02-18 03:00:00,26.0,0.0,88.9,23.0,2.6
2024-02-18 04:00:00,25.8,0.0,89.7,30.0,3.5
2024-02-18 05:00:00,25.6,0.0,90.1,20.0,2.6
2024-02-18 06:00:00,25.7,0.0,89.5,35.0,4.0
2024-02-18 07:00:00,25.8,0.0,89.2,35.0,5.2
2024-02-18 08:00:00,25.9,0.0,89.5,31.0,2.9
2024-02-18 09:00:00,27.4,0.0,82.5,45.0,4.0
2024-02-18 10:00:00,28.2,0.0,77.1,41.0,5.3
2024-02-18 11:00:00,30.4,0.0,65.8,50.0,4.8
2024-02-18 12:00:00,30.8,0.0,63.5,33.0,5.3
2024-02-18 13:00:00,30.8,0.0,64.0,56.0,4.6
2024-02-18 14:00:00,31.5,0.0,61.7,45.0,5.6
2024-02-18 15:00:00,31.2,0.0,61.7,58.0,5.0
2024-02-18 16:00:00,31.1,0.0,66.2,6.0,3.5
2024-02-18 17:00:00,30.7,0.0,68.4,38.0,6.7
2024-02-18 18:00:00,28.1,0.0,81.7,33.0,2.6
2024-02-18 19:00:00,28.9,0.0,73.6,44.0,3.5
2024-02-18 20:00:00,28.3,0.0,76.1,48.0,4.3
2024-02-18 21:00:00,27.8,0.0,79.9,38.0,2.8
2024-02-18 22:00:00,27.6,0.0,82.0,39.0,4.0
2024-02-18 23:00:00,27.3,0.0,84.3,38.0,5.7
2024-02-19 00:00:00,27.2,0.0,84.9,38.0,5.5
2024-02-19 01:00:00,27.0,0.0,86.0,38.0,3.8
2024-02-19 02:00:00,26.7,0.0,87.6,33.0,4.6
2024-02-19 03:00:00,26.3,0.0,89.4,34.0,5.2
2024-02-19 04:00:00,26.1,0.0,90.6,38.0,5.1
2024-02-19 05:00:00,26.0,0.0,91.1,38.0,4.8
2024-02-19 06:00:00,26.1,0.0,90.1,37.0,5.7
2024-02-19 07:00:00,26.0,0.0,89.8,37.0,4.1
2024-02-19 08:00:00,26.7,0.0,89.1,33.0,4.0
2024-02-19 09:00:00,27.6,0.0,83.7,34.0,7.4
2024-02-19 10:00:00,28.4,0.0,78.7,37.0,7.7
2024-02-19 11:00:00,29.0,0.0,75.0,35.0,5.8
2024-02-19 12:00:00,30.2,0.0,69.0,35.0,5.6
2024-02-19 13:00:00,31.8,0.0,62.2,77.0,3.8
2024-02-19 14:00:00,31.2,0.0,63.4,31.0,4.5
2024-02-19 15:00:00,29.9,0.0,67.6,15.0,6.1
2024-02-19 16:00:00,29.4,0.0,81.8,33.0,2.9
2024-02-19 17:00:00,30.3,0.0,68.5,41.0,4.1
2024-02-19 18:00:00,27.7,0.0,85.9,286.0,4.1
2024-02-19 19:00:00,27.9,0.0,85.6,304.0,1.4
2024-02-19 20:00:00,28.5,0.0,78.9,63.0,3.8
2024-02-19 21:00:00,27.9,0.0,80.8,29.0,2.7
2024-02-19 22:00:00,27.6,0.0,84.9,23.0,2.7
2024-02-19 23:00:00,27.2,0.0,88.3,38.0,4.2
2024-02-20 00:00:00,26.9,0.0,89.3,31.0,3.3
2024-02-20 01:00:00,26.9,0.0,89.7,39.0,4.1
2024-02-20 02:00:00,26.8,0.0,89.4,37.0,4.1
2024-02-20 03:00:00,26.6,0.0,89.0,37.0,4.6
2024-02-20 04:00:00,26.4,0.0,90.1,36.0,5.4
2024-02-20 05:00:00,26.3,0.0,91.9,26.0,2.8
2024-02-20 06:00:00,26.1,0.0,92.7,38.0,4.7
2024-02-20 07:00:00,26.1,0.0,91.8,36.0,5.0
2024-02-20 08:00:00,26.8,0.0,88.3,34.0,6.0
2024-02-20 09:00:00,27.9,0.0,80.5,28.0,5.1
2024-02-20 10:00:00,28.8,0.0,76.7,23.0,5.1
2024-02-20 11:00:00,30.2,0.0,67.6,22.0,4.7
2024-02-20 12:00:00,31.2,0.0,63.6,22.0,3.7
2024-02-20 13:00:00,32.0,0.0,58.6,4.0,3.4
2024-02-20 14:00:00,33.1,0.0,55.5,338.0,3.4
2024-02-20 15:00:00,32.2,0.0,64.0,224.0,4.8
2024-02-20 16:00:00,29.9,0.0,77.0,186.0,2.8
2024-02-20 17:00:00,31.5,0.0,68.0,147.0,3.3
2024-02-20 18:00:00,31.1,0.0,71.4,117.0,6.0
2024-02-20 19:00:00,28.2,0.0,88.7,32.0,3.3
2024-02-20 20:00:00,28.0,0.0,84.3,40.0,3.2
2024-02-20 21:00:00,27.7,0.0,83.0,35.0,3.4
2024-02-20 22:00:00,27.4,0.0,84.8,33.0,3.7
2024-02-20 23:00:00,27.5,0.0,84.9,34.0,3.6
2024-02-21 00:00:00,27.3,0.0,86.2,24.0,2.5
2024-02-21 01:00:00,26.9,0.0,87.8,35.0,4.8
2024-02-21 02:00:00,26.9,0.0,88.3,40.0,5.1
2024-02-21 03:00:00,26.7,0.0,89.0,35.0,5.0
2024-02-21 04:00:00,26.5,0.0,91.0,32.0,2.9
2024-02-21 05:00:00,26.3,0.0,90.7,10.0,1.8
2024-02-21 06:00:00,25.9,0.0,92.9,21.0,2.4
2024-02-21 07:00:00,25.9,0.0,93.0,359.0,1.9
2024-02-21 08:00:00,25.9,0.0,92.4,9.0,2.4
2024-02-21 09:00:00,28.0,0.0,84.3,29.0,2.9
2024-02-21 10:00:00,29.5,0.0,74.2,359.0,3.4
2024-02-21 11:00:00,29.7,0.0,72.4,354.0,2.1
2024-02-21 12:00:00,31.0,0.0,64.4,21.0,3.4
2024-02-21 13:00:00,32.1,0.0,63.0,37.0,3.1
2024-02-21 14:00:00,32.5,0.0,59.6,23.0,3.7
2024-02-21 15:00:00,32.4,0.0,62.7,177.0,3.4
2024-02-21 16:00:00,30.9,0.0,70.3,180.0,3.9
2024-02-21 17:00:00,24.5,5.0,94.6,34.0,13.0
2024-02-21 18:00:00,25.1,0.0,96.7,147.0,1.7
2024-02-21 19:00:00,26.1,0.0,90.1,6.0,1.8
2024-02-21 20:00:00,26.9,0.0,91.6,30.0,3.0
2024-02-21 21:00:00,27.2,0.0,87.8,38.0,3.4
2024-02-21 22:00:00,27.0,0.0,87.3,35.0,3.0
2024-02-21 23:00:00,26.9,0.0,87.5,32.0,2.9
2024-02-22 00:00:00,26.7,0.0,88.6,23.0,2.5
2024-02-22 01:00:00,26.6,0.0,89.6,32.0,2.9
2024-02-22 02:00:00,26.5,0.0,88.8,36.0,4.5
2024-02-22 03:00:00,26.2,0.0,90.4,8.0,2.2
2024-02-22 04:00:00,26.3,0.0,89.4,36.0,5.0
2024-02-22 05:00:00,26.2,0.0,89.2,39.0,4.9
2024-02-22 06:00:00,26.0,0.0,90.7,14.0,1.6
2024-02-22 07:00:00,26.1,0.0,90.1,15.0,1.1
2024-02-22 08:00:00,26.7,0.0,87.5,342.0,1.5
2024-02-22 09:00:00,28.5,0.0,81.5,37.0,2.8
2024-02-22 10:00:00,29.6,0.0,76.2,36.0,3.7
2024-02-22 11:00:00,31.2,0.0,65.9,336.0,1.8
2024-02-22 12:00:00,30.9,0.0,66.1,7.0,3.2
2024-02-22 13:00:00,32.5,0.0,58.2,258.0,2.2
2024-02-22 14:00:00,32.1,0.0,63.6,176.0,3.3
2024-02-22 15:00:00,33.6,0.0,57.2,247.0,1.8
2024-02-22 16:00:00,31.1,0.0,71.3,106.0,3.9
2024-02-22 17:00:00,26.1,0.2,95.0,262.0,4.5
2024-02-22 18:00:00,27.3,0.2,90.5,130.0,1.9
2024-02-22 19:00:00,26.9,0.0,92.6,193.0,0.9
2024-02-22 20:00:00,27.2,0.0,91.1,27.0,1.3
2024-02-22 21:00:00,27.2,0.0,84.4,39.0,3.3
2024-02-22 22:00:00,27.3,0.0,82.0,41.0,5.7
2024-02-22 23:00:00,27.1,0.0,83.6,42.0,5.1
2024-02-23 00:00:00,27.0,0.0,84.4,37.0,4.5
2024-02-23 01:00:00,26.6,0.0,86.7,25.0,2.1
2024-02-23 02:00:00,26.5,0.0,87.2,39.0,4.6
2024-02-23 03:00:00,26.4,0.0,87.4,38.0,4.6
2024-02-23 04:00:00,26.2,0.0,88.8,40.0,4.6
2024-02-23 05:00:00,26.1,0.0,89.5,35.0,3.8
2024-02-23 06:00:00,26.3,0.0,88.9,30.0,3.2
2024-02-23 07:00:00,26.5,0.0,87.9,36.0,4.0
2024-02-23 08:00:00,26.6,0.0,87.0,33.0,4.1
2024-02-23 09:00:00,27.4,0.0,84.2,36.0,3.7
2024-02-23 10:00:00,28.8,0.0,75.8,33.0,6.8
2024-02-23 11:00:00,30.5,0.0,70.2,42.0,4.9
2024-02-23 12:00:00,31.1,0.0,64.6,38.0,4.7
2024-02-23 13:00:00,31.5,0.0,63.5,26.0,5.4
2024-02-23 14:00:00,32.5,0.0,62.6,21.0,4.9
2024-02-23 15:00:00,30.4,0.0,67.2,201.0,3.5
2024-02-23 16:00:00,29.0,0.0,73.6,157.0,3.3
2024-02-23 17:00:00,24.7,1.2,96.4,274.0,6.6
2024-02-23 18:00:00,26.7,1.8,93.3,45.0,4.4
2024-02-23 19:00:00,27.4,0.0,87.7,42.0,4.2
2024-02-23 20:00:00,27.6,0.0,82.1,36.0,4.1
2024-02-23 21:00:00,27.4,0.0,82.0,38.0,4.9
2024-02-23 22:00:00,27.1,0.0,82.6,39.0,4.6
2024-02-23 23:00:00,27.0,0.0,82.7,39.0,5.7
2024-02-24 00:00:00,27.0,0.0,83.0,38.0,5.4
2024-02-24 01:00:00,26.6,0.0,85.6,34.0,4.3
2024-02-24 02:00:00,26.6,0.0,85.2,31.0,3.2
2024-02-24 03:00:00,26.5,0.0,84.7,38.0,5.2
2024-02-24 04:00:00,26.4,0.0,85.7,32.0,3.7
2024-02-24 05:00:00,26.2,0.0,87.4,39.0,4.0
2024-02-24 06:00:00,26.2,0.0,87.0,39.0,4.0
2024-02-24 07:00:00,26.0,0.0,87.0,26.0,2.2
2024-02-24 08:00:00,25.9,0.0,90.2,13.0,1.4
2024-02-24 09:00:00,27.3,0.0,80.7,34.0,6.2
2024-02-24 10:00:00,28.1,0.0,73.8,34.0,7.2
2024-02-24 11:00:00,29.8,0.0,66.3,39.0,5.2
2024-02-24 12:00:00,30.3,0.0,64.8,51.0,5.4
2024-02-24 13:00:00,30.3,0.0,65.3,27.0,2.7
2024-02-24 14:00:00,31.0,0.0,63.9,48.0,3.8
2024-02-24 15:00:00,30.7,0.0,63.9,57.0,1.6
2024-02-24 16:00:00,30.9,0.0,61.9,51.0,4.8
2024-02-24 17:00:00,30.5,0.0,62.3,42.0,4.8
2024-02-24 18:00:00,29.7,0.0,66.2,44.0,4.4
2024-02-24 19:00:00,28.9,0.0,70.2,38.0,5.9
2024-02-24 20:00:00,28.2,0.0,73.6,39.0,5.0
2024-02-24 21:00:00,27.6,0.0,77.2,37.0,7.8
2024-02-24 22:00:00,27.3,0.0,80.4,44.0,5.3
2024-02-24 23:00:00,27.1,0.0,80.6,37.0,6.5
2024-02-25 00:00:00,26.7,0.0,82.1,38.0,6.8
2024-02-25 01:00:00,26.6,0.0,83.1,38.0,5.5
2024-02-25 02:00:00,26.5,0.0,83.2,34.0,6.7
2024-02-25 03:00:00,26.3,0.0,84.5,37.0,6.7
2024-02-25 04:00:00,26.2,0.0,85.3,42.0,6.2
2024-02-25 05:00:00,26.0,0.0,85.7,42.0,5.8
2024-02-25 06:00:00,26.0,0.0,86.1,35.0,5.7
2024-02-25 07:00:00,25.8,0.0,87.6,32.0,3.7
2024-02-25 08:00:00,26.2,0.0,85.8,37.0,4.5
2024-02-25 09:00:00,27.7,0.0,78.8,37.0,5.2
2024-02-25 10:00:00,28.9,0.0,72.1,38.0,5.6
2024-02-25 11:00:00,30.5,0.0,65.5,58.0,6.4
2024-02-25 12:00:00,31.2,0.0,59.1,44.0,5.3
2024-02-25 13:00:00,31.6,0.0,56.9,33.0,5.5
2024-02-25 14:00:00,31.8,0.0,55.0,39.0,5.8
2024-02-25 15:00:00,32.8,0.0,52.5,43.0,6.2
2024-02-25 16:00:00,31.7,0.0,56.9,53.0,6.7
2024-02-25 17:00:00,32.9,0.0,54.8,44.0,5.2
2024-02-25 18:00:00,31.2,0.0,60.4,50.0,5.8
2024-02-25 19:00:00,30.0,0.0,64.9,43.0,7.0
2024-02-25 20:00:00,29.1,0.0,73.4,40.0,5.4
2024-02-25 21:00:00,28.4,0.0,75.3,39.0,4.8
2024-02-25 22:00:00,28.0,0.0,79.8,38.0,5.4
2024-02-25 23:00:00,27.7,0.0,81.6,38.0,6.9
2024-02-26 00:00:00,27.4,0.0,83.4,39.0,6.7
2024-02-26 01:00:00,27.2,0.0,84.7,36.0,6.0
2024-02-26 02:00:00,26.9,0.0,86.1,38.0,5.5
2024-02-26 03:00:00,26.7,0.0,87.0,38.0,5.2
2024-02-26 04:00:00,26.6,0.0,87.7,42.0,6.3
2024-02-26 05:00:00,26.5,0.0,87.9,42.0,6.8
2024-02-26 06:00:00,26.3,0.0,88.6,39.0,5.6
2024-02-26 07:00:00,26.3,0.0,89.6,38.0,4.0
2024-02-26 08:00:00,27.1,0.0,86.3,41.0,5.6
2024-02-26 09:00:00,28.2,0.0,78.7,41.0,7.7
2024-02-26 10:00:00,29.3,0.0,73.1,42.0,6.7
2024-02-26 11:00:00,29.5,0.0,71.8,42.0,6.9
2024-02-26 12:00:00,31.1,0.0,63.2,48.0,6.2
2024-02-26 13:00:00,30.9,0.0,63.5,56.0,6.6
2024-02-26 14:00:00,31.7,0.0,57.9,52.0,7.4
2024-02-26 15:00:00,31.5,0.0,60.7,31.0,7.9
2024-02-26 16:00:00,31.2,0.0,61.2,57.0,5.8
2024-02-26 17:00:00,31.1,0.0,61.6,50.0,7.3
2024-02-26 18:00:00,30.0,0.0,69.4,36.0,8.7
2024-02-26 19:00:00,29.6,0.0,68.2,49.0,7.0
2024-02-26 20:00:00,28.7,0.0,75.1,42.0,6.2
2024-02-26 21:00:00,28.2,0.0,78.5,39.0,7.4
2024-02-26 22:00:00,27.8,0.0,80.9,37.0,7.2
2024-02-26 23:00:00,27.6,0.0,81.8,36.0,6.3
2024-02-27 00:00:00,27.5,0.0,82.4,34.0,6.6
2024-02-27 01:00:00,27.2,0.0,83.6,39.0,5.8
2024-02-27 02:00:00,27.1,0.0,84.0,38.0,6.0
2024-02-27 03:00:00,27.0,0.0,85.0,29.0,4.1
2024-02-27 04:00:00,27.1,0.0,83.0,40.0,5.9
2024-02-27 05:00:00,26.8,0.0,84.5,35.0,6.5
2024-02-27 06:00:00,27.0,0.0,84.6,34.0,7.5
2024-02-27 07:00:00,27.0,0.0,85.2,40.0,4.6
2024-02-27 08:00:00,27.3,0.0,83.8,33.0,4.0
2024-02-27 09:00:00,28.0,0.0,81.0,36.0,4.7
2024-02-27 10:00:00,28.5,0.0,76.2,30.0,5.2
2024-02-27 11:00:00,28.7,0.0,75.3,37.0,6.6
2024-02-27 12:00:00,28.0,0.0,84.8,37.0,5.0
2024-02-27 13:00:00,29.3,0.0,72.4,42.0,5.5
2024-02-27 14:00:00,30.0,0.0,69.6,43.0,7.5
2024-02-27 15:00:00,29.3,0.0,75.8,40.0,4.3
2024-02-27 16:00:00,29.3,0.0,74.3,42.0,4.4
2024-02-27 17:00:00,29.4,0.0,70.7,7.0,5.4
2024-02-27 18:00:00,29.2,0.0,69.7,39.0,5.6
2024-02-27 19:00:00,28.7,0.0,73.3,43.0,5.9
2024-02-27 20:00:00,28.2,0.0,77.2,39.0,6.4
2024-02-27 21:00:00,27.7,0.0,81.9,39.0,8.0
2024-02-27 22:00:00,27.4,0.0,80.5,38.0,6.6
2024-02-27 23:00:00,27.1,0.0,83.5,39.0,6.5
2024-02-28 00:00:00,26.9,0.0,85.6,36.0,5.9
2024-02-28 01:00:00,26.9,0.0,85.6,36.0,5.1
2024-02-28 02:00:00,26.8,0.0,86.1,36.0,6.5
2024-02-28 03:00:00,26.6,0.0,86.3,36.0,4.9
2024-02-28 04:00:00,26.7,0.0,84.8,33.0,6.2
2024-02-28 05:00:00,26.6,0.0,85.3,32.0,4.3
2024-02-28 06:00:00,26.6,0.0,84.3,33.0,4.5
2024-02-28 07:00:00,26.6,0.0,83.7,36.0,6.5
2024-02-28 08:00:00,27.0,0.0,81.4,35.0,6.4
2024-02-28 09:00:00,27.9,0.0,77.3,31.0,7.2
2024-02-28 10:00:00,28.6,0.0,72.4,34.0,10.2
2024-02-28 11:00:00,30.0,0.0,65.0,36.0,9.39999
2024-02-28 12:00:00,29.2,0.0,70.1,36.0,9.89999
2024-02-28 13:00:00,29.9,0.0,65.6,45.0,8.7
2024-02-28 14:00:00,30.6,0.0,62.3,41.0,6.1
2024-02-28 15:00:00,31.6,0.0,54.1,46.0,7.0
2024-02-28 16:00:00,31.8,0.0,51.3,50.0,7.5
2024-02-28 17:00:00,31.3,0.0,53.6,47.0,7.2
2024-02-28 18:00:00,30.3,0.0,57.1,43.0,9.0
2024-02-28 19:00:00,29.5,0.0,59.8,42.0,8.3
2024-02-28 20:00:00,28.6,0.0,64.0,45.0,7.4
2024-02-28 21:00:00,28.0,0.0,71.4,40.0,7.0
2024-02-28 22:00:00,27.5,0.0,77.2,38.0,5.4
2024-02-28 23:00:00,27.2,0.0,80.2,30.0,3.4
2024-02-29 00:00:00,26.8,0.0,82.1,34.0,3.2
2024-02-29 01:00:00,26.6,0.0,83.0,27.0,2.5
2024-02-29 02:00:00,26.2,0.0,83.7,14.0,1.6
2024-02-29 03:00:00,26.0,0.0,85.4,26.0,2.3
2024-02-29 04:00:00,25.8,0.0,85.4,17.0,2.1
2024-02-29 05:00:00,25.7,0.0,85.6,8.0,1.8
2024-02-29 06:00:00,25.6,0.0,86.3,5.0,2.2
2024-02-29 07:00:00,25.6,0.0,86.9,17.0,1.7
2024-02-29 08:00:00,26.3,0.0,84.3,9.0,2.2
2024-02-29 09:00:00,27.7,0.0,77.7,37.0,6.6
2024-02-29 10:00:00,29.7,0.0,70.5,37.0,6.1
2024-02-29 11:00:00,31.2,0.0,62.6,53.0,5.3
2024-02-29 12:00:00,31.4,0.0,58.8,41.0,6.4
2024-02-29 13:00:00,32.4,0.0,55.0,41.0,6.3
2024-02-29 14:00:00,32.6,0.0,51.9,25.0,5.7
2024-02-29 15:00:00,32.7,0.0,49.0,46.0,5.6
2024-02-29 16:00:00,33.1,0.0,49.7,45.0,5.6
2024-02-29 17:00:00,33.3,0.0,49.7,38.0,5.2
2024-02-29 18:00:00,31.3,0.0,58.8,43.0,7.5
2024-02-29 19:00:00,30.7,0.0,61.8,44.0,4.8
2024-02-29 20:00:00,29.6,0.0,68.6,40.0,6.3
2024-02-29 21:00:00,28.9,0.0,72.6,41.0,6.7
2024-02-29 22:00:00,28.4,0.0,76.2,42.0,4.9
2024-02-29 23:00:00,28.2,0.0,77.6,32.0,4.6
2024-03-01 00:00:00,27.8,0.0,80.4,37.0,4.9
2024-03-01 01:00:00,27.4,0.0,83.9,43.0,4.8
2024-03-01 02:00:00,27.4,0.0,81.4,36.0,4.7
2024-03-01 03:00:00,27.2,0.0,84.4,39.0,5.4
2024-03-01 04:00:00,27.2,0.0,86.1,38.0,6.2
2024-03-01 05:00:00,27.2,0.0,87.4,35.0,3.7
2024-03-01 06:00:00,26.9,0.0,87.5,353.0,1.6
2024-03-01 07:00:00,26.6,0.0,88.3,347.0,2.1
2024-03-01 08:00:00,26.9,0.0,88.2,3.0,2.0
2024-03-01 09:00:00,28.0,0.0,82.2,27.0,3.4
2024-03-01 10:00:00,29.4,0.0,76.5,34.0,7.1
2024-03-01 11:00:00,30.9,0.0,67.1,42.0,5.8
2024-03-01 12:00:00,31.0,0.0,66.2,28.0,6.7
2024-03-01 13:00:00,31.7,0.0,62.5,39.0,4.2
2024-03-01 14:00:00,32.3,0.0,67.2,37.0,2.6
2024-03-01 15:00:00,30.6,0.0,68.2,32.0,5.9
2024-03-01 16:00:00,30.7,0.0,68.4,44.0,6.6
2024-03-01 17:00:00,30.4,0.0,72.9,43.0,4.6
2024-03-01 18:00:00,27.1,0.0,85.0,259.0,4.1
2024-03-01 19:00:00,28.2,0.0,80.4,18.0,2.9
2024-03-01 20:00:00,28.0,0.0,82.3,19.5,1.8
2024-03-01 21:00:00,28.1,0.0,81.4,21.0,2.3
2024-03-01 22:00:00,28.1,0.0,80.4,39.0,5.0
2024-03-01 23:00:00,28.0,0.0,81.6,37.0,4.6
2024-03-02 00:00:00,27.6,0.0,84.4,353.0,2.7
2024-03-02 01:00:00,27.2,0.0,85.9,348.0,2.1
2024-03-02 02:00:00,27.0,0.0,86.8,353.0,2.3
2024-03-02 03:00:00,26.7,0.0,89.1,29.0,3.3
2024-03-02 04:00:00,27.0,0.0,86.9,36.0,4.0
2024-03-02 05:00:00,27.0,0.0,87.3,35.0,4.1
2024-03-02 06:00:00,26.4,0.0,89.0,354.0,2.1
2024-03-02 07:00:00,26.3,0.0,89.8,343.0,2.6
2024-03-02 08:00:00,26.7,0.0,87.7,353.0,1.6
2024-03-02 09:00:00,27.7,0.0,83.3,351.0,2.3
2024-03-02 10:00:00,28.7,0.0,77.8,30.0,4.1
2024-03-02 11:00:00,30.3,0.0,70.3,28.0,4.0
2024-03-02 12:00:00,31.0,0.0,67.9,12.0,5.0
2024-03-02 13:00:00,31.2,0.0,67.1,12.0,3.5
2024-03-02 14:00:00,27.9,2.0,89.5,74.0,7.9
2024-03-02 15:00:00,28.7,0.0,81.7,50.0,5.4
2024-03-02 16:00:00,26.1,0.0,96.2,335.0,3.0
2024-03-02 17:00:00,25.6,2.6,94.3,322.0,4.8
2024-03-02 18:00:00,26.2,0.0,95.8,269.0,1.9
2024-03-02 19:00:00,26.6,0.0,94.2,351.0,1.8
2024-03-02 20:00:00,26.6,0.0,86.2,359.0,3.0
2024-03-02 21:00:00,26.4,0.0,88.6,22.0,2.8
2024-03-02 22:00:00,26.6,0.0,86.2,23.0,3.5
2024-03-02 23:00:00,26.2,0.0,88.7,355.0,1.3
2024-03-03 00:00:00,26.2,0.0,89.7,21.0,1.9
2024-03-03 01:00:00,26.3,0.0,91.0,29.0,3.9
2024-03-03 02:00:00,26.6,0.0,90.4,34.0,4.0
2024-03-03 03:00:00,26.6,0.0,90.8,34.0,3.5
2024-03-03 04:00:00,26.8,0.0,89.8,33.0,3.1
2024-03-03 05:00:00,26.6,0.0,89.6,37.0,2.7
2024-03-03 06:00:00,25.8,0.0,94.5,37.0,3.7
2024-03-03 07:00:00,25.5,0.0,93.6,56.0,5.8
2024-03-03 08:00:00,25.1,0.0,95.8,17.0,2.3
2024-03-03 09:00:00,25.8,0.0,94.0,34.0,4.7
2024-03-03 10:00:00,25.4,0.0,96.2,33.0,7.0
2024-03-03 11:00:00,24.8,0.4,96.5,35.0,7.1
2024-03-03 12:00:00,26.3,0.0,93.1,34.0,5.7
2024-03-03 13:00:00,27.4,0.0,86.6,35.0,5.5
2024-03-03 14:00:00,27.9,0.0,85.5,23.0,5.2
2024-03-03 15:00:00,29.2,0.0,77.9,36.0,5.4
2024-03-03 16:00:00,29.6,0.0,76.9,17.0,4.6
2024-03-03 17:00:00,25.3,0.0,95.5,298.0,1.2
2024-03-03 18:00:00,26.2,0.0,94.8,7.0,2.3
2024-03-03 19:00:00,26.6,0.0,94.5,343.0,1.5
2024-03-03 20:00:00,26.8,0.0,91.1,31.0,3.3
2024-03-03 21:00:00,26.9,0.0,92.4,33.0,3.5
2024-03-03 22:00:00,26.9,0.0,91.6,38.0,4.5
2024-03-03 23:00:00,26.8,0.0,90.8,35.0,4.1
2024-03-04 00:00:00,26.8,0.0,90.7,33.0,3.7
2024-03-04 01:00:00,26.8,0.0,90.7,36.0,4.6
2024-03-04 02:00:00,26.7,0.0,91.1,38.0,4.1
2024-03-04 03:00:00,26.5,0.0,90.6,35.0,6.3
2024-03-04 04:00:00,26.3,0.0,91.4,37.0,4.1
2024-03-04 05:00:00,26.1,0.0,93.2,31.0,2.9
2024-03-04 06:00:00,25.7,0.0,93.9,355.0,1.7
2024-03-04 07:00:00,25.7,0.0,93.6,3.0,1.7
2024-03-04 08:00:00,25.9,0.0,93.4,3.0,2.0
2024-03-04 09:00:00,27.2,0.0,89.0,347.0,2.3
2024-03-04 10:00:00,28.5,0.0,81.4,31.0,4.5
2024-03-04 11:00:00,29.5,0.0,75.1,40.0,4.0
2024-03-04 12:00:00,29.9,0.0,73.5,7.0,4.1
2024-03-04 13:00:00,30.3,0.0,75.5,334.0,1.7
2024-03-04 14:00:00,27.6,0.0,85.7,33.0,6.9
2024-03-04 15:00:00,28.7,0.0,88.6,226.0,1.5
2024-03-04 16:00:00,28.9,0.0,83.6,281.0,3.0
2024-03-04 17:00:00,26.7,0.0,93.4,259.0,3.6
2024-03-04 18:00:00,26.0,0.8,95.2,178.0,3.5
2024-03-04 19:00:00,25.5,0.0,97.5,209.0,1.1
2024-03-04 20:00:00,25.0,0.0,97.2,252.0,2.6
2024-03-04 21:00:00,25.4,0.0,94.9,215.0,1.1
2024-03-04 22:00:00,25.5,0.2,94.3,171.0,1.5
2024-03-04 23:00:00,25.9,0.0,94.5,200.0,1.6
2024-03-05 00:00:00,25.1,5.6,95.4,154.0,6.8
2024-03-05 01:00:00,25.2,0.2,97.5,28.0,3.4
2024-03-05 02:00:00,25.3,0.0,97.7,44.0,1.4
2024-03-05 03:00:00,25.0,0.0,97.8,301.0,1.0
2024-03-05 04:00:00,24.9,0.0,98.1,351.0,0.8
2024-03-05 05:00:00,24.9,0.0,98.3,223.0,0.8
2024-03-05 06:00:00,24.9,0.0,98.5,252.0,0.5
2024-03-05 07:00:00,25.3,0.0,98.5,345.0,0.9
2024-03-05 08:00:00,25.6,0.0,98.5,288.0,1.1
2024-03-05 09:00:00,26.7,0.0,95.7,15.0,2.9
2024-03-05 10:00:00,28.5,0.0,83.0,26.0,3.6
2024-03-05 11:00:00,30.0,0.0,76.3,44.0,3.5
2024-03-05 12:00:00,31.2,0.0,72.4,338.0,1.6
2024-03-05 13:00:00,32.5,0.0,64.1,205.0,1.2
2024-03-05 14:00:00,28.9,0.0,80.8,30.0,5.3
2024-03-05 15:00:00,27.1,0.2,90.3,241.0,2.9
2024-03-05 16:00:00,25.5,0.0,91.1,358.0,1.5
2024-03-05 17:00:00,26.1,0.0,94.2,23.0,1.6
2024-03-05 18:00:00,26.0,0.0,95.9,345.0,1.9
2024-03-05 19:00:00,25.7,0.0,96.0,346.0,2.9
2024-03-05 20:00:00,25.3,0.0,96.0,357.0,1.9
2024-03-05 21:00:00,25.4,0.0,95.5,32.0,3.3
2024-03-05 22:00:00,25.3,0.0,96.3,6.0,1.2
2024-03-05 23:00:00,25.1,0.0,96.6,346.0,1.5
2024-03-06 00:00:00,25.1,0.0,97.0,312.0,1.4
2024-03-06 01:00:00,25.2,0.0,97.5,233.0,0.9
2024-03-06 02:00:00,25.2,0.0,97.2,252.0,1.2
2024-03-06 03:00:00,25.1,0.0,97.6,5.0,1.0
2024-03-06 04:00:00,25.0,0.0,97.8,322.0,1.0
2024-03-06 05:00:00,25.0,0.0,98.2,220.0,0.7
2024-03-06 06:00:00,24.7,0.0,98.3,4.0,1.5
2024-03-06 07:00:00,24.9,0.0,98.2,28.0,2.4
2024-03-06 08:00:00,25.1,0.0,98.1,343.0,1.5
2024-03-06 09:00:00,27.2,0.0,87.6,336.0,2.1
2024-03-06 10:00:00,28.4,0.0,83.0,29.0,4.1
2024-03-06 11:00:00,30.0,0.0,74.4,14.0,3.3
2024-03-06 12:00:00,32.1,0.0,63.1,324.0,2.4
2024-03-06 13:00:00,32.4,0.0,61.4,97.0,1.9
2024-03-06 14:00:00,31.8,0.0,67.6,233.0,5.2
2024-03-06 15:00:00,31.1,0.0,70.2,239.0,3.2
2024-03-06 16:00:00,25.3,0.2,92.9,34.0,8.3
2024-03-06 17:00:00,24.7,2.0,99.1,22.0,1.5
2024-03-06 18:00:00,24.4,0.0,99.3,339.0,2.1
2024-03-06 19:00:00,25.1,0.0,98.7,331.0,1.9
2024-03-06 20:00:00,25.5,0.0,96.2,19.0,2.5
2024-03-06 21:00:00,25.8,0.0,95.9,29.0,3.0
2024-03-06 22:00:00,25.8,0.0,95.9,232.0,0.6
2024-03-06 23:00:00,25.7,0.0,96.1,312.0,1.9
2024-03-07 00:00:00,25.7,0.0,96.2,3.0,1.6
2024-03-07 01:00:00,25.4,0.0,96.6,302.0,0.5
2024-03-07 02:00:00,25.4,0.0,97.0,256.0,0.5
2024-03-07 03:00:00,25.3,0.0,97.2,8.0,1.3
2024-03-07 04:00:00,25.2,0.0,97.7,14.0,2.1
2024-03-07 05:00:00,25.2,0.0,98.5,21.0,1.9
2024-03-07 06:00:00,25.3,0.0,98.6,307.0,0.9
2024-03-07 07:00:00,25.4,0.0,98.5,19.0,1.9
2024-03-07 08:00:00,25.8,0.0,98.8,17.0,2.1
2024-03-07 09:00:00,27.3,0.0,91.7,357.0,2.1
2024-03-07 10:00:00,29.6,0.0,81.4,37.0,3.0
2024-03-07 11:00:00,30.0,0.0,80.2,16.0,3.1
2024-03-07 12:00:00,30.9,0.0,70.7,35.0,4.9
2024-03-07 13:00:00,32.8,0.0,60.7,3.0,3.4
2024-03-07 14:00:00,33.0,0.0,59.8,17.0,3.6
2024-03-07 15:00:00,30.6,0.0,74.8,97.0,3.9
2024-03-07 16:00:00,28.7,0.0,84.9,298.0,0.9
2024-03-07 17:00:00,28.7,0.0,87.5,281.0,2.7
2024-03-07 18:00:00,28.0,0.0,88.0,267.0,2.1
2024-03-07 19:00:00,28.0,0.0,90.5,337.0,1.0
2024-03-07 20:00:00,27.1,0.0,93.2,358.0,1.2
2024-03-07 21:00:00,27.4,0.0,93.5,271.0,0.7
2024-03-07 22:00:00,27.1,0.0,96.2,253.0,0.9
2024-03-07 23:00:00,27.0,0.0,95.5,217.0,0.6
2024-03-08 00:00:00,27.2,0.0,94.4,293.0,0.8
2024-03-08 01:00:00,26.8,0.0,96.6,341.0,1.5
2024-03-08 02:00:00,26.8,0.0,96.4,27.0,2.3
2024-03-08 03:00:00,26.8,0.0,94.9,28.0,2.7
2024-03-08 04:00:00,26.5,0.0,94.8,12.0,1.7
2024-03-08 05:00:00,26.4,0.0,95.7,340.0,2.2
2024-03-08 06:00:00,26.4,0.0,95.9,316.0,2.0
2024-03-08 07:00:00,26.1,0.0,96.9,296.0,1.6
2024-03-08 08:00:00,26.2,0.0,96.1,259.0,3.0
2024-03-08 09:00:00,26.6,0.0,93.1,296.0,2.8
2024-03-08 10:00:00,27.8,0.0,86.9,284.0,3.3
2024-03-08 11:00:00,29.0,0.0,79.2,285.0,2.9
2024-03-08 12:00:00,29.6,0.0,75.7,321.0,2.0
2024-03-08 13:00:00,29.8,0.0,75.4,295.0,3.0
2024-03-08 14:00:00,29.8,0.0,75.6,269.0,4.1
2024-03-08 15:00:00,29.2,0.0,77.8,291.0,5.3
2024-03-08 16:00:00,28.8,0.0,77.2,267.0,4.3
2024-03-08 17:00:00,27.4,0.0,87.9,242.0,1.3
2024-03-08 18:00:00,27.3,0.2,92.2,308.0,1.1
2024-03-08 19:00:00,27.0,0.0,92.9,148.0,2.4
2024-03-08 20:00:00,26.8,0.0,94.2,30.0,1.5
2024-03-08 21:00:00,26.7,0.0,92.0,31.0,2.9
2024-03-08 22:00:00,26.4,0.0,93.5,7.0,2.2
2024-03-08 23:00:00,26.3,0.0,95.6,23.0,2.5
2024-03-09 00:00:00,26.3,0.0,91.1,34.0,3.7
2024-03-09 01:00:00,26.1,0.0,92.7,4.0,1.4
2024-03-09 02:00:00,26.3,0.0,90.6,27.0,2.5
2024-03-09 03:00:00,26.1,0.0,90.2,26.0,2.7
2024-03-09 04:00:00,26.1,0.0,90.2,36.0,3.8
2024-03-09 05:00:00,26.1,0.0,89.2,37.0,4.1
2024-03-09 06:00:00,26.1,0.0,89.3,35.0,4.1
2024-03-09 07:00:00,25.8,0.0,92.7,12.0,1.6
2024-03-09 08:00:00,25.8,0.0,92.8,24.0,2.6
2024-03-09 09:00:00,26.9,0.0,86.7,24.0,2.7
2024-03-09 10:00:00,28.4,0.0,76.9,35.0,4.9
2024-03-09 11:00:00,29.7,0.0,69.9,31.0,4.9
2024-03-09 12:00:00,30.9,0.0,59.8,38.0,4.3
2024-03-09 13:00:00,32.0,0.0,56.1,42.0,3.7
2024-03-09 14:00:00,32.7,0.0,50.6,22.0,3.9
2024-03-09 15:00:00,31.2,0.0,59.6,52.0,4.1
2024-03-09 16:00:00,31.1,0.0,61.2,44.0,4.2
2024-03-09 17:00:00,30.7,0.0,61.2,58.0,3.0
2024-03-09 18:00:00,30.4,0.0,70.3,342.0,2.7
2024-03-09 19:00:00,29.1,0.0,78.2,315.0,3.0
2024-03-09 20:00:00,28.7,0.0,77.6,2.0,1.0
2024-03-09 21:00:00,28.5,0.0,79.8,171.0,1.0
2024-03-09 22:00:00,28.2,0.0,79.9,326.0,1.0
2024-03-09 23:00:00,27.8,0.0,82.1,356.0,1.1
2024-03-10 00:00:00,27.4,0.0,85.4,26.0,2.7
2024-03-10 01:00:00,27.4,0.0,83.7,40.0,4.7
2024-03-10 02:00:00,27.1,0.0,86.2,36.0,4.8
2024-03-10 03:00:00,26.7,0.0,89.5,17.0,1.8
2024-03-10 04:00:00,26.7,0.0,88.6,299.0,1.8
2024-03-10 05:00:00,26.2,0.0,91.0,326.0,1.8
2024-03-10 06:00:00,25.8,0.0,93.2,353.0,2.0
2024-03-10 07:00:00,25.5,0.0,94.4,336.0,1.3
2024-03-10 08:00:00,25.8,0.0,93.0,326.0,2.2
2024-03-10 09:00:00,27.3,0.0,84.7,4.0,3.0
2024-03-10 10:00:00,28.5,0.0,76.5,25.0,3.8
2024-03-10 11:00:00,29.2,0.0,74.6,2.0,3.8
2024-03-10 12:00:00,29.4,0.0,72.8,359.0,3.7
2024-03-10 13:00:00,27.3,0.0,92.2,294.0,0.9
2024-03-10 14:00:00,29.6,0.0,78.0,286.0,1.6
2024-03-10 15:00:00,28.7,0.0,83.0,321.0,4.1
2024-03-10 16:00:00,25.5,2.0,97.0,358.0,4.7
2024-03-10 17:00:00,26.4,0.0,97.7,304.0,1.2
2024-03-10 18:00:00,26.7,0.0,90.2,258.0,2.0
2024-03-10 19:00:00,27.2,0.0,90.4,257.0,1.0
2024-03-10 20:00:00,27.3,0.0,83.7,39.0,4.4
2024-03-10 21:00:00,27.6,0.0,73.0,31.0,5.4
2024-03-10 22:00:00,26.9,0.0,80.1,2.0,1.7
2024-03-10 23:00:00,26.9,0.0,80.8,3.0,2.3
2024-03-11 00:00:00,26.5,0.0,84.8,9.0,1.9
2024-03-11 01:00:00,26.2,0.0,87.0,12.0,1.8
2024-03-11 02:00:00,26.0,0.0,88.2,353.0,2.1
2024-03-11 03:00:00,26.0,0.0,88.2,13.0,1.7
2024-03-11 04:00:00,26.2,0.0,85.8,33.0,4.8
2024-03-11 05:00:00,25.8,0.0,86.5,29.0,3.2
2024-03-11 06:00:00,25.6,0.0,86.1,13.0,2.5
2024-03-11 07:00:00,25.2,0.0,88.6,14.0,2.4
2024-03-11 08:00:00,25.2,0.0,89.3,19.0,2.7
2024-03-11 09:00:00,25.7,0.0,86.2,359.0,2.1
2024-03-11 10:00:00,27.2,0.0,80.1,31.0,4.9
2024-03-11 11:00:00,28.3,0.0,74.3,24.0,5.6
2024-03-11 12:00:00,29.9,0.0,65.4,16.0,6.6
2024-03-11 13:00:00,31.5,0.0,59.8,28.0,7.0
2024-03-11 14:00:00,32.4,0.0,56.2,2.0,5.3
2024-03-11 15:00:00,31.1,0.0,55.4,28.0,6.0
2024-03-11 16:00:00,31.7,0.0,52.0,37.0,7.4
2024-03-11 17:00:00,31.2,0.0,58.7,17.0,4.1
2024-03-11 18:00:00,29.8,0.0,64.5,28.0,4.9
2024-03-11 19:00:00,29.9,0.0,64.0,359.0,1.4
2024-03-11 20:00:00,29.2,0.0,69.3,345.0,2.5
2024-03-11 21:00:00,28.3,0.0,74.5,15.0,2.2
2024-03-11 22:00:00,27.7,0.0,79.4,33.0,3.4
2024-03-11 23:00:00,27.7,0.0,77.7,9.0,2.4
2024-03-12 00:00:00,27.3,0.0,79.6,5.0,1.7
2024-03-12 01:00:00,27.2,0.0,80.0,350.0,1.6
2024-03-12 02:00:00,26.9,0.0,83.5,358.0,1.6
2024-03-12 03:00:00,26.7,0.0,85.3,348.0,2.0
2024-03-12 04:00:00,26.6,0.0,85.7,10.0,1.7
2024-03-12 05:00:00,26.4,0.0,86.6,348.0,2.3
2024-03-12 06:00:00,26.3,0.0,89.3,28.0,2.5
2024-03-12 07:00:00,26.4,0.0,88.0,11.0,1.9
2024-03-12 08:00:00,26.8,0.0,87.1,31.0,3.4
2024-03-12 09:00:00,27.4,0.0,80.2,34.0,5.5
2024-03-12 10:00:00,29.0,0.0,71.4,20.0,6.8
2024-03-12 11:00:00,29.2,0.0,68.1,34.0,9.39999
2024-03-12 12:00:00,31.0,0.0,64.5,21.0,4.9
2024-03-12 13:00:00,32.4,0.0,53.6,11.0,4.5
2024-03-12 14:00:00,32.5,0.0,46.5,348.0,5.3
2024-03-12 15:00:00,33.7,0.0,45.4,355.0,4.7
2024-03-12 16:00:00,33.1,0.0,48.2,353.0,5.4
2024-03-12 17:00:00,31.2,0.0,62.5,45.0,6.8
2024-03-12 18:00:00,31.0,0.0,58.8,25.0,5.9
2024-03-12 19:00:00,30.3,0.0,65.5,27.0,5.3
2024-03-12 20:00:00,29.1,0.0,68.0,35.0,6.6
2024-03-12 21:00:00,28.3,0.0,72.8,44.0,4.6
2024-03-12 22:00:00,28.0,0.0,73.7,33.0,6.1
2024-03-12 23:00:00,27.7,0.0,77.8,30.0,5.2
2024-03-13 00:00:00,27.4,0.0,78.5,36.0,4.3
2024-03-13 01:00:00,27.3,0.0,78.9,32.0,5.5
2024-03-13 02:00:00,26.7,0.0,81.4,22.0,3.3
2024-03-13 03:00:00,26.6,0.0,79.0,35.0,5.7
2024-03-13 04:00:00,26.1,0.0,82.6,28.0,3.5
2024-03-13 05:00:00,25.9,0.0,83.2,37.0,5.5
2024-03-13 06:00:00,26.1,0.0,83.0,32.0,6.1
2024-03-13 07:00:00,25.8,0.0,87.4,36.0,3.8
2024-03-13 08:00:00,26.0,0.0,85.6,14.0,2.1
2024-03-13 09:00:00,27.5,0.0,78.7,22.0,5.3
2024-03-13 10:00:00,28.8,0.0,72.3,26.0,7.0
2024-03-13 11:00:00,30.4,0.0,61.7,23.0,5.4
2024-03-13 12:00:00,32.1,0.0,54.4,18.0,5.7
2024-03-13 13:00:00,32.8,0.0,48.7,6.0,5.8
2024-03-13 14:00:00,32.2,0.0,51.5,36.0,5.4
2024-03-13 15:00:00,33.5,0.0,47.1,20.0,5.8
2024-03-13 16:00:00,33.5,0.0,47.6,19.0,4.9
2024-03-13 17:00:00,33.4,0.0,45.5,358.0,3.4
2024-03-13 18:00:00,32.4,0.0,47.9,42.0,5.3
2024-03-13 19:00:00,30.9,0.0,57.4,43.0,7.1
2024-03-13 20:00:00,29.6,0.0,63.7,41.0,8.10001
2024-03-13 21:00:00,28.6,0.0,71.2,43.0,6.0
2024-03-13 22:00:00,28.0,0.0,73.0,41.0,5.1
2024-03-13 23:00:00,27.6,0.0,76.4,45.0,4.3
2024-03-14 00:00:00,27.1,0.0,80.6,32.0,3.3
2024-03-14 01:00:00,27.1,0.0,81.5,30.0,5.4
2024-03-14 02:00:00,26.7,0.0,84.9,34.0,5.8
2024-03-14 03:00:00,26.4,0.0,84.8,340.0,2.5
2024-03-14 04:00:00,25.9,0.0,87.5,17.0,2.4
2024-03-14 05:00:00,25.7,0.0,89.9,24.0,3.7
2024-03-14 06:00:00,25.5,0.0,90.1,357.0,2.2
2024-03-14 07:00:00,25.4,0.0,91.1,30.0,2.6
2024-03-14 08:00:00,25.9,0.0,90.2,30.0,3.8
2024-03-14 09:00:00,27.2,0.0,82.8,22.0,5.6
2024-03-14 10:00:00,28.2,0.0,78.3,17.0,3.3
2024-03-14 11:00:00,30.1,0.0,66.4,20.0,5.9
2024-03-14 12:00:00,31.2,0.0,58.3,21.0,6.6
2024-03-14 13:00:00,32.0,0.0,56.2,36.0,3.9
2024-03-14 14:00:00,33.0,0.0,51.6,18.0,3.7
2024-03-14 15:00:00,34.1,0.0,44.5,341.0,1.8
2024-03-14 16:00:00,33.5,0.0,55.7,152.0,2.2
2024-03-14 17:00:00,32.9,0.0,57.5,248.0,1.6
2024-03-14 18:00:00,31.6,0.0,64.0,307.0,2.1
2024-03-14 19:00:00,30.3,0.0,66.1,43.0,5.6
2024-03-14 20:00:00,29.0,0.0,69.1,38.0,8.0
2024-03-14 21:00:00,28.3,0.0,74.8,44.0,5.7
2024-03-14 22:00:00,27.9,0.0,74.9,35.0,4.1
2024-03-14 23:00:00,27.7,0.0,79.0,41.0,5.3
2024-03-15 00:00:00,27.2,0.0,83.6,30.0,3.2
2024-03-15 01:00:00,27.0,0.0,83.1,29.0,3.7
2024-03-15 02:00:00,26.5,0.0,85.4,2.0,2.4
2024-03-15 03:00:00,26.3,0.0,86.4,37.0,3.8
2024-03-15 04:00:00,25.9,0.0,87.4,342.0,1.7
2024-03-15 05:00:00,25.6,0.0,89.1,12.0,1.6
2024-03-15 06:00:00,25.7,0.0,87.8,347.0,1.2
2024-03-15 07:00:00,25.6,0.0,90.3,8.0,1.9
2024-03-15 08:00:00,26.3,0.0,85.1,349.0,1.5
2024-03-15 09:00:00,28.0,0.0,78.4,342.0,2.2
2024-03-15 10:00:00,28.8,0.0,71.1,32.0,3.9
2024-03-15 11:00:00,30.4,0.0,63.8,9.0,3.4
2024-03-15 12:00:00,30.5,0.0,59.1,32.0,6.2
2024-03-15 13:00:00,31.6,0.0,56.5,18.0,4.0
2024-03-15 14:00:00,32.1,0.0,54.1,357.0,2.6
2024-03-15 15:00:00,32.5,0.0,54.4,24.0,4.0
2024-03-15 16:00:00,32.5,0.0,59.7,24.0,2.4
2024-03-15 17:00:00,31.1,0.0,66.5,50.0,4.0
2024-03-15 18:00:00,30.1,0.0,69.3,43.0,4.4
2024-03-15 19:00:00,29.1,0.0,72.5,38.0,6.2
2024-03-15 20:00:00,28.4,0.0,73.0,39.0,7.3
2024-03-15 21:00:00,28.2,0.0,69.9,39.0,6.8
2024-03-15 22:00:00,27.8,0.0,71.5,39.0,5.8
2024-03-15 23:00:00,27.5,0.0,74.2,39.0,4.6
2024-03-16 00:00:00,27.2,0.0,77.1,41.0,4.8
2024-03-16 01:00:00,26.9,0.0,79.7,39.0,5.0
2024-03-16 02:00:00,26.6,0.0,83.9,34.0,4.1
2024-03-16 03:00:00,26.4,0.0,85.9,37.0,3.9
2024-03-16 04:00:00,26.4,0.0,85.0,31.0,4.0
2024-03-16 05:00:00,26.2,0.0,86.7,32.0,3.5
2024-03-16 06:00:00,26.0,0.0,87.7,34.0,4.0
2024-03-16 07:00:00,25.8,0.0,89.1,29.0,2.2
2024-03-16 08:00:00,26.4,0.0,86.3,21.0,2.5
2024-03-16 09:00:00,28.4,0.0,76.4,40.0,5.2
2024-03-16 10:00:00,28.8,0.0,74.3,38.0,5.0
2024-03-16 11:00:00,30.1,0.0,63.6,28.0,7.4
2024-03-16 12:00:00,31.3,0.0,61.7,48.0,5.0
2024-03-16 13:00:00,32.2,0.0,54.2,23.0,5.3
2024-03-16 14:00:00,32.8,0.0,50.8,41.0,4.9
2024-03-16 15:00:00,33.7,0.0,47.0,12.0,3.4
2024-03-16 16:00:00,33.0,0.0,56.0,58.0,4.3
2024-03-16 17:00:00,32.2,0.0,58.7,52.0,4.7
2024-03-16 18:00:00,30.7,0.0,64.8,42.0,4.8
2024-03-16 19:00:00,29.3,0.0,69.8,348.0,1.9
2024-03-16 20:00:00,29.4,0.0,72.1,51.0,3.4
2024-03-16 21:00:00,28.6,0.0,74.0,39.0,6.8
2024-03-16 22:00:00,28.1,0.0,77.6,39.0,6.5
2024-03-16 23:00:00,27.8,0.0,79.6,38.0,7.2
2024-03-17 00:00:00,27.6,0.0,79.8,42.0,7.3
2024-03-17 01:00:00,27.2,0.0,82.1,38.0,5.9
2024-03-17 02:00:00,27.2,0.0,81.8,38.0,5.7
2024-03-17 03:00:00,27.0,0.0,83.1,15.0,2.1
2024-03-17 04:00:00,26.8,0.0,82.5,34.0,3.3
2024-03-17 05:00:00,26.3,0.0,84.8,19.0,3.2
2024-03-17 06:00:00,26.2,0.0,86.2,2.0,1.5
2024-03-17 07:00:00,25.8,0.0,88.3,3.0,1.4
2024-03-17 08:00:00,26.3,0.0,86.5,330.0,1.9
2024-03-17 09:00:00,27.9,0.0,81.4,29.0,3.6
2024-03-17 10:00:00,29.8,0.0,69.3,2.0,4.1
2024-03-17 11:00:00,31.3,0.0,62.6,32.0,5.2
2024-03-17 12:00:00,31.5,0.0,56.7,24.0,7.4
2024-03-17 13:00:00,32.3,0.0,54.7,37.0,5.7
2024-03-17 14:00:00,33.5,0.0,48.9,28.0,5.8
2024-03-17 15:00:00,34.6,0.0,41.5,354.0,4.1
2024-03-17 16:00:00,33.6,0.0,55.0,52.0,3.7
2024-03-17 17:00:00,32.3,0.0,55.1,31.0,6.7
2024-03-17 18:00:00,31.1,0.0,67.4,268.0,2.5
2024-03-17 19:00:00,29.6,0.0,78.0,136.0,2.2
2024-03-17 20:00:00,29.7,0.0,68.5,41.0,5.4
2024-03-17 21:00:00,29.0,0.0,72.5,42.0,5.9
2024-03-17 22:00:00,28.4,0.0,76.8,37.0,4.1
2024-03-17 23:00:00,28.2,0.0,76.7,35.0,5.4
2024-03-18 00:00:00,27.9,0.0,74.5,33.0,5.1
2024-03-18 01:00:00,27.4,0.0,78.6,36.0,4.6
2024-03-18 02:00:00,27.2,0.0,80.3,40.0,5.0
2024-03-18 03:00:00,26.8,0.0,81.7,31.0,3.4
2024-03-18 04:00:00,26.6,0.0,82.2,16.0,2.5
2024-03-18 05:00:00,26.2,0.0,84.2,4.0,2.0
2024-03-18 06:00:00,26.0,0.0,85.5,7.0,1.9
2024-03-18 07:00:00,26.0,0.0,84.5,6.0,2.2
2024-03-18 08:00:00,26.7,0.0,83.9,36.0,3.6
2024-03-18 09:00:00,28.4,0.0,74.2,28.0,4.3
2024-03-18 10:00:00,29.9,0.0,66.7,25.0,4.5
2024-03-18 11:00:00,31.2,0.0,62.7,19.0,3.8
2024-03-18 12:00:00,31.7,0.0,56.4,28.0,4.3
2024-03-18 13:00:00,33.2,0.0,49.4,45.0,3.8
2024-03-18 14:00:00,32.9,0.0,49.7,55.0,3.6
2024-03-18 15:00:00,33.8,0.0,51.9,76.0,2.8
2024-03-18 16:00:00,34.0,0.0,47.2,27.0,4.5
2024-03-18 17:00:00,33.6,0.0,48.5,9.0,5.8
2024-03-18 18:00:00,32.2,0.0,58.3,39.0,5.4
2024-03-18 19:00:00,31.3,0.0,63.2,38.0,5.4
2024-03-18 20:00:00,30.2,0.0,70.5,42.0,5.8
2024-03-18 21:00:00,29.2,0.0,74.5,42.0,7.1
2024-03-18 22:00:00,28.5,0.0,78.6,34.0,6.2
2024-03-18 23:00:00,28.1,0.0,80.2,36.0,7.6
2024-03-19 00:00:00,27.9,0.0,80.9,39.0,7.5
2024-03-19 01:00:00,27.8,0.0,83.5,45.0,4.9
2024-03-19 02:00:00,27.6,0.0,84.9,39.0,4.8
2024-03-19 03:00:00,27.5,0.0,84.4,37.0,6.8
2024-03-19 04:00:00,27.3,0.0,85.6,37.0,5.8
2024-03-19 05:00:00,27.1,0.0,85.6,35.0,6.7
2024-03-19 06:00:00,27.1,0.0,86.4,39.0,4.6
2024-03-19 07:00:00,27.2,0.0,85.2,38.0,5.5
2024-03-19 08:00:00,27.3,0.0,82.9,35.0,5.7
2024-03-19 09:00:00,28.7,0.0,77.3,36.0,5.6
2024-03-19 10:00:00,29.7,0.0,72.2,39.0,9.0
2024-03-19 11:00:00,31.1,0.0,65.0,46.0,6.9
2024-03-19 12:00:00,31.9,0.0,60.4,44.0,5.3
2024-03-19 13:00:00,32.6,0.0,58.1,16.0,4.2
2024-03-19 14:00:00,33.3,0.0,56.8,50.0,4.7
2024-03-19 15:00:00,31.9,0.0,61.6,34.0,9.0
2024-03-19 16:00:00,28.3,0.0,81.7,326.0,3.1
2024-03-19 17:00:00,29.0,0.0,78.6,330.0,2.0
2024-03-19 18:00:00,28.6,0.0,79.4,23.0,4.6
2024-03-19 19:00:00,29.4,0.0,73.0,41.0,5.0
2024-03-19 20:00:00,28.7,0.0,74.3,44.0,7.0
2024-03-19 21:00:00,28.4,0.0,76.2,43.0,6.6
2024-03-19 22:00:00,28.1,0.0,78.2,41.0,4.9
2024-03-19 23:00:00,28.0,0.0,79.8,39.0,5.3
2024-03-20 00:00:00,27.8,0.0,81.0,49.0,3.5
2024-03-20 01:00:00,27.5,0.0,83.9,37.0,3.5
2024-03-20 02:00:00,27.3,0.0,83.6,38.0,4.6
2024-03-20 03:00:00,27.1,0.0,83.0,39.0,6.2
2024-03-20 04:00:00,26.9,0.0,83.9,38.0,6.5
2024-03-20 05:00:00,26.8,0.0,84.8,38.0,5.4
2024-03-20 06:00:00,26.6,0.0,86.9,31.0,3.3
2024-03-20 07:00:00,26.8,0.0,84.8,41.0,4.2
2024-03-20 08:00:00,27.4,0.0,82.9,39.0,4.1
2024-03-20 09:00:00,28.5,0.0,78.0,38.0,6.2
2024-03-20 10:00:00,29.2,0.0,71.2,38.0,8.8
2024-03-20 11:00:00,31.2,0.0,62.2,44.0,6.4
2024-03-20 12:00:00,32.1,0.0,57.4,29.0,4.9
2024-03-20 13:00:00,31.6,0.0,63.8,34.0,7.1
2024-03-20 14:00:00,31.3,0.0,65.1,44.0,6.5
2024-03-20 15:00:00,30.5,0.0,64.7,42.0,8.3
2024-03-20 16:00:00,31.0,0.0,64.8,41.0,7.5
2024-03-20 17:00:00,31.1,0.0,64.1,43.0,7.4
2024-03-20 18:00:00,30.2,0.0,66.2,42.0,8.39999
2024-03-20 19:00:00,29.4,0.0,66.8,41.0,8.2
2024-03-20 20:00:00,28.8,0.0,72.5,40.0,6.3
2024-03-20 21:00:00,28.2,0.0,76.4,35.0,5.8
2024-03-20 22:00:00,27.8,0.0,79.8,41.0,5.6
2024-03-20 23:00:00,27.6,0.0,82.2,37.0,6.3
2024-03-21 00:00:00,27.4,0.0,83.0,38.0,7.3
2024-03-21 01:00:00,27.3,0.0,83.2,39.0,7.1
2024-03-21 02:00:00,27.4,0.0,82.5,37.0,6.1
2024-03-21 03:00:00,27.2,0.0,83.8,36.0,3.5
2024-03-21 04:00:00,27.2,0.0,83.3,35.0,4.7
2024-03-21 05:00:00,26.9,0.0,85.0,35.0,3.9
2024-03-21 06:00:00,26.9,0.0,85.3,37.0,4.8
2024-03-21 07:00:00,27.1,0.0,84.8,35.0,5.2
2024-03-21 08:00:00,27.3,0.0,83.5,32.0,5.3
2024-03-21 09:00:00,27.6,0.0,82.6,27.0,4.9
2024-03-21 10:00:00,28.5,0.0,79.2,30.0,5.2
2024-03-21 11:00:00,29.6,0.0,75.3,50.0,3.8
2024-03-21 12:00:00,31.4,0.0,64.1,50.0,6.3
2024-03-21 13:00:00,31.8,0.0,62.5,42.0,4.4
2024-03-21 14:00:00,31.9,0.0,64.3,63.0,4.2
2024-03-21 15:00:00,31.7,0.0,59.8,43.0,5.4
2024-03-21 16:00:00,30.6,0.0,68.2,35.0,4.8
2024-03-21 17:00:00,30.2,0.0,66.0,27.0,4.3
2024-03-21 18:00:00,30.0,0.0,64.2,42.0,3.4
2024-03-21 19:00:00,29.7,0.0,67.0,44.0,4.3
2024-03-21 20:00:00,28.8,0.0,74.1,41.0,3.3
2024-03-21 21:00:00,28.4,0.0,75.5,39.0,3.4
2024-03-21 22:00:00,28.0,0.0,77.7,42.0,4.6
2024-03-21 23:00:00,27.9,0.0,79.8,40.0,4.3
2024-03-22 00:00:00,27.7,0.0,79.6,37.0,6.5
2024-03-22 01:00:00,27.4,0.0,83.1,37.0,5.1
2024-03-22 02:00:00,26.9,0.0,86.0,33.0,3.2
2024-03-22 03:00:00,27.1,0.0,84.3,33.0,5.9
2024-03-22 04:00:00,26.9,0.0,86.2,40.0,4.5
2024-03-22 05:00:00,26.7,0.0,86.9,36.0,4.0
2024-03-22 06:00:00,26.7,0.0,85.7,38.0,4.4
2024-03-22 07:00:00,26.5,0.0,85.7,37.0,5.0
2024-03-22 08:00:00,27.2,0.0,83.3,34.0,3.5
2024-03-22 09:00:00,28.2,0.0,75.8,39.0,6.0
2024-03-22 10:00:00,28.8,0.0,69.8,34.0,7.5
2024-03-22 11:00:00,30.9,0.0,57.9,33.0,5.7
2024-03-22 12:00:00,31.5,0.0,56.5,47.0,6.0
2024-03-22 13:00:00,32.1,0.0,52.2,35.0,5.0
2024-03-22 14:00:00,33.0,0.0,52.8,58.0,3.7
2024-03-22 15:00:00,33.2,0.0,49.8,28.0,4.4
2024-03-22 16:00:00,32.1,0.0,57.4,45.0,6.8
2024-03-22 17:00:00,31.1,0.0,60.5,45.0,5.1
2024-03-22 18:00:00,30.8,0.0,59.3,48.0,4.2
2024-03-22 19:00:00,29.9,0.0,64.6,46.0,4.5
2024-03-22 20:00:00,29.0,0.0,66.5,43.0,5.0
2024-03-22 21:00:00,28.6,0.0,71.2,48.0,5.4
2024-03-22 22:00:00,28.4,0.0,73.1,49.0,4.9
2024-03-22 23:00:00,28.2,0.0,76.4,50.0,3.1
2024-03-23 00:00:00,27.8,0.0,78.3,15.0,2.2
2024-03-23 01:00:00,27.5,0.0,79.6,40.0,3.6
2024-03-23 02:00:00,27.4,0.0,79.4,48.0,3.3
2024-03-23 03:00:00,27.0,0.0,80.5,39.0,3.1
2024-03-23 04:00:00,27.0,0.0,80.2,35.0,3.9
2024-03-23 05:00:00,26.7,0.0,82.0,29.0,2.6
2024-03-23 06:00:00,26.7,0.0,82.7,35.0,3.4
2024-03-23 07:00:00,26.5,0.0,84.1,32.0,2.9
2024-03-23 08:00:00,27.0,0.0,83.7,33.0,3.3
2024-03-23 09:00:00,29.1,0.0,73.9,44.0,2.9
2024-03-23 10:00:00,29.2,0.0,71.6,43.0,5.0
2024-03-23 11:00:00,30.4,0.0,63.2,28.0,5.8
2024-03-23 12:00:00,32.0,0.0,58.4,53.0,4.0
2024-03-23 13:00:00,33.3,0.0,55.1,44.0,3.3
2024-03-23 14:00:00,33.7,0.0,54.5,78.0,2.6
2024-03-23 15:00:00,33.0,0.0,57.6,242.0,2.7
2024-03-23 16:00:00,31.2,0.0,68.9,139.0,3.5
2024-03-23 17:00:00,32.1,0.0,65.3,197.0,1.0
2024-03-23 18:00:00,32.5,0.0,61.5,339.0,1.6
2024-03-23 19:00:00,30.9,0.0,64.0,49.0,2.7
2024-03-23 20:00:00,29.5,0.0,67.6,45.0,4.4
2024-03-23 21:00:00,28.8,0.0,74.4,52.0,3.7
2024-03-23 22:00:00,28.2,0.0,79.4,35.0,3.9
2024-03-23 23:00:00,27.9,0.0,79.9,40.0,2.7
2024-03-24 00:00:00,27.7,0.0,81.9,39.0,3.0
2024-03-24 01:00:00,27.5,0.0,83.2,32.0,3.6
2024-03-24 02:00:00,27.3,0.0,82.4,40.0,4.6
2024-03-24 03:00:00,27.1,0.0,83.2,32.0,3.2
2024-03-24 04:00:00,26.9,0.0,84.0,37.0,3.8
2024-03-24 05:00:00,26.7,0.0,84.7,35.0,3.6
2024-03-24 06:00:00,26.6,0.0,85.5,27.0,2.4
2024-03-24 07:00:00,26.6,0.0,84.9,39.0,2.6
2024-03-24 08:00:00,27.1,0.0,83.5,25.0,2.3
2024-03-24 09:00:00,29.5,0.0,73.8,51.0,2.8
2024-03-24 10:00:00,29.8,0.0,67.5,38.0,5.3
2024-03-24 11:00:00,31.5,0.0,61.3,52.0,4.6
2024-03-24 12:00:00,32.5,0.0,55.4,36.0,4.8
2024-03-24 13:00:00,33.6,0.0,52.4,32.0,2.8
2024-03-24 14:00:00,33.4,0.0,54.0,44.0,2.6
2024-03-24 15:00:00,33.3,0.0,56.5,103.0,3.8
2024-03-24 16:00:00,33.0,0.0,58.0,125.0,4.6
2024-03-24 17:00:00,32.1,0.0,63.7,116.0,4.6
2024-03-24 18:00:00,31.6,0.0,64.0,74.0,3.3
2024-03-24 19:00:00,29.4,0.0,79.3,35.0,3.6
2024-03-24 20:00:00,29.6,0.0,72.5,52.0,4.3
2024-03-24 21:00:00,28.9,0.0,75.0,51.0,4.7
2024-03-24 22:00:00,28.6,0.0,77.3,48.0,3.5
2024-03-24 23:00:00,28.3,0.0,79.2,55.0,5.0
2024-03-25 00:00:00,28.0,0.0,80.4,45.0,4.0
2024-03-25 01:00:00,27.8,0.0,81.2,50.0,3.2
2024-03-25 02:00:00,27.6,0.0,83.0,51.0,3.6
2024-03-25 03:00:00,27.3,0.0,84.6,25.0,2.4
2024-03-25 04:00:00,27.1,0.0,85.7,13.0,2.2
2024-03-25 05:00:00,26.9,0.0,86.4,37.0,3.9
2024-03-25 06:00:00,26.7,0.0,88.5,23.0,2.7
2024-03-25 07:00:00,26.6,0.0,88.7,30.0,3.1
2024-03-25 08:00:00,27.3,0.0,85.3,33.0,4.3
2024-03-25 09:00:00,29.1,0.0,76.5,35.0,4.4
2024-03-25 10:00:00,29.6,0.0,72.4,31.0,6.0
2024-03-25 11:00:00,30.9,0.0,64.4,41.0,5.1
2024-03-25 12:00:00,31.6,0.0,61.2,35.0,5.5
2024-03-25 13:00:00,33.2,0.0,54.5,33.0,5.1
2024-03-25 14:00:00,34.7,0.0,52.0,84.0,2.7
2024-03-25 15:00:00,33.9,0.0,51.0,68.0,3.9
2024-03-25 16:00:00,33.7,0.0,53.9,41.0,3.8
2024-03-25 17:00:00,32.8,0.0,58.6,75.0,6.1
2024-03-25 18:00:00,32.7,0.0,57.9,60.0,4.6
2024-03-25 19:00:00,31.2,0.0,62.2,39.0,2.9
2024-03-25 20:00:00,29.9,0.0,70.2,40.0,4.6
2024-03-25 21:00:00,29.2,0.0,75.2,47.0,3.6
2024-03-25 22:00:00,28.7,0.0,75.6,41.0,3.9
2024-03-25 23:00:00,28.6,0.0,78.5,44.0,3.4
2024-03-26 00:00:00,28.3,0.0,80.3,25.0,2.1
2024-03-26 01:00:00,28.1,0.0,82.3,45.0,2.9
2024-03-26 02:00:00,27.7,0.0,84.8,33.0,3.3
2024-03-26 03:00:00,27.5,0.0,87.4,33.0,4.0
2024-03-26 04:00:00,27.4,0.0,86.2,35.0,4.9
2024-03-26 05:00:00,27.2,0.0,87.0,38.0,4.9
2024-03-26 06:00:00,27.2,0.0,86.8,39.0,4.3
2024-03-26 07:00:00,27.0,0.0,89.2,31.0,3.0
2024-03-26 08:00:00,27.9,0.0,84.4,22.0,2.9
2024-03-26 09:00:00,29.4,0.0,77.2,49.0,4.4
2024-03-26 10:00:00,30.9,0.0,68.7,52.0,4.8
2024-03-26 11:00:00,31.7,0.0,61.5,61.0,5.4
2024-03-26 12:00:00,33.6,0.0,52.6,48.0,4.9
2024-03-26 13:00:00,33.4,0.0,55.1,64.0,7.3
2024-03-26 14:00:00,33.8,0.0,53.4,59.0,6.3
2024-03-26 15:00:00,33.5,0.0,52.6,49.0,3.7
2024-03-26 16:00:00,33.7,0.0,53.8,62.0,7.0
2024-03-26 17:00:00,32.9,0.0,58.3,59.0,5.9
2024-03-26 18:00:00,31.9,0.0,59.2,57.0,6.5
2024-03-26 19:00:00,30.8,0.0,66.7,38.0,3.6
2024-03-26 20:00:00,29.7,0.0,71.2,45.0,4.3
2024-03-26 21:00:00,29.2,0.0,74.8,53.0,3.9
2024-03-26 22:00:00,28.8,0.0,73.7,38.0,3.6
2024-03-26 23:00:00,28.6,0.0,77.1,47.0,3.7
2024-03-27 00:00:00,28.1,0.0,79.8,35.0,4.0
2024-03-27 01:00:00,27.8,0.0,81.8,36.0,5.1
2024-03-27 02:00:00,27.3,0.0,85.0,28.0,3.9
2024-03-27 03:00:00,27.3,0.0,85.5,38.0,5.2
2024-03-27 04:00:00,27.2,0.0,86.0,37.0,5.5
2024-03-27 05:00:00,26.8,0.0,88.2,9.0,1.6
2024-03-27 06:00:00,26.6,0.0,89.1,328.0,1.7
2024-03-27 07:00:00,26.2,0.0,89.7,323.0,2.7
2024-03-27 08:00:00,26.9,0.0,86.6,329.0,1.7
2024-03-27 09:00:00,28.7,0.0,79.7,26.0,3.0
2024-03-27 10:00:00,30.3,0.0,70.2,43.0,5.4
2024-03-27 11:00:00,30.8,0.0,64.1,34.0,6.7
2024-03-27 12:00:00,32.8,0.0,55.0,57.0,4.8
2024-03-27 13:00:00,33.7,0.0,54.6,53.0,4.9
2024-03-27 14:00:00,32.8,0.0,54.3,45.0,4.5
2024-03-27 15:00:00,33.5,0.0,51.3,29.0,5.0
2024-03-27 16:00:00,34.1,0.0,48.5,42.0,6.0
2024-03-27 17:00:00,32.8,0.0,57.5,52.0,6.1
2024-03-27 18:00:00,31.9,0.0,59.8,58.0,5.3
2024-03-27 19:00:00,31.1,0.0,62.9,20.0,5.0
2024-03-27 20:00:00,30.2,0.0,70.2,56.0,4.9
2024-03-27 21:00:00,29.5,0.0,73.0,50.0,3.6
2024-03-27 22:00:00,29.2,0.0,76.6,47.0,3.7
2024-03-27 23:00:00,29.1,0.0,78.1,41.0,4.0
2024-03-28 00:00:00,28.8,0.0,79.9,28.0,2.7
2024-03-28 01:00:00,28.4,0.0,81.9,25.0,2.3
2024-03-28 02:00:00,28.4,0.0,82.7,35.0,2.9
2024-03-28 03:00:00,28.1,0.0,83.2,5.0,2.0
2024-03-28 04:00:00,27.7,0.0,85.7,343.0,2.7
2024-03-28 05:00:00,27.3,0.0,87.4,347.0,2.2
2024-03-28 06:00:00,27.3,0.0,88.3,25.0,1.5
2024-03-28 07:00:00,27.3,0.0,88.3,32.0,3.4
2024-03-28 08:00:00,28.2,0.0,84.1,37.0,4.4
2024-03-28 09:00:00,29.5,0.0,77.4,26.0,4.9
2024-03-28 10:00:00,30.7,0.0,65.9,41.0,5.1
2024-03-28 11:00:00,32.2,0.0,60.3,32.0,5.1
2024-03-28 12:00:00,32.7,0.0,62.3,74.0,3.9
2024-03-28 13:00:00,33.8,0.0,58.0,50.0,4.0
2024-03-28 14:00:00,28.3,0.0,85.1,165.0,4.6
2024-03-28 15:00:00,31.1,0.0,73.2,164.0,3.8
2024-03-28 16:00:00,32.6,0.0,66.0,138.0,4.0
2024-03-28 17:00:00,31.5,0.0,66.8,90.0,3.6
2024-03-28 18:00:00,31.1,0.0,64.2,40.0,4.1
2024-03-28 19:00:00,29.5,0.0,74.2,351.0,1.8
2024-03-28 20:00:00,29.6,0.0,69.2,65.0,2.2
2024-03-28 21:00:00,29.2,0.0,72.9,46.0,2.5
2024-03-28 22:00:00,28.7,0.0,78.6,114.0,1.7
2024-03-28 23:00:00,28.4,0.0,81.8,176.0,0.9
2024-03-29 00:00:00,28.0,0.0,83.5,135.0,1.2
2024-03-29 01:00:00,27.9,0.0,83.7,180.0,1.0
2024-03-29 02:00:00,27.7,0.0,85.5,267.0,0.7
2024-03-29 03:00:00,27.8,0.0,85.5,116.0,2.1
2024-03-29 04:00:00,27.8,0.0,85.9,113.0,1.2
2024-03-29 05:00:00,27.5,0.0,86.4,223.0,1.2
2024-03-29 06:00:00,27.4,0.0,87.3,244.0,0.8
2024-03-29 07:00:00,27.4,0.0,87.7,108.0,2.1
2024-03-29 08:00:00,28.5,0.0,85.0,104.0,1.8
2024-03-29 09:00:00,28.6,0.0,84.0,112.0,1.7
2024-03-29 10:00:00,31.1,0.0,68.8,78.0,2.8
2024-03-29 11:00:00,31.4,0.0,68.6,148.0,4.0
2024-03-29 12:00:00,31.4,0.0,65.2,112.0,4.7
2024-03-29 13:00:00,32.4,0.0,63.3,81.0,4.2
2024-03-29 14:00:00,33.1,0.0,56.8,101.0,6.1
2024-03-29 15:00:00,33.2,0.0,51.9,124.0,5.1
2024-03-29 16:00:00,33.5,0.0,52.8,86.0,5.4
2024-03-29 17:00:00,32.9,0.0,50.7,87.0,5.8
2024-03-29 18:00:00,33.0,0.0,51.7,62.0,5.6
2024-03-29 19:00:00,31.4,0.0,58.8,78.0,5.3
2024-03-29 20:00:00,30.3,0.0,68.7,77.0,6.4
2024-03-29 21:00:00,29.5,0.0,76.6,78.0,6.9
2024-03-29 22:00:00,29.3,0.0,76.7,63.0,4.5
2024-03-29 23:00:00,29.0,0.0,76.0,89.0,3.5
2024-03-30 00:00:00,28.8,0.0,77.9,55.0,2.0
2024-03-30 01:00:00,28.3,0.0,81.3,119.0,2.9
2024-03-30 02:00:00,28.2,0.0,81.8,110.0,1.3
2024-03-30 03:00:00,28.3,0.0,78.9,137.0,2.4
2024-03-30 04:00:00,28.3,0.0,80.0,68.0,1.4
2024-03-30 05:00:00,28.2,0.0,82.4,104.0,0.9
2024-03-30 06:00:00,27.9,0.0,84.7,10.0,1.5
2024-03-30 07:00:00,27.5,0.0,87.4,318.0,1.2
2024-03-30 08:00:00,28.1,0.0,85.9,5.0,1.0
2024-03-30 09:00:00,29.6,0.0,82.9,13.0,1.7
2024-03-30 10:00:00,30.6,0.0,73.3,57.0,2.1
2024-03-30 11:00:00,32.2,0.0,65.9,80.0,3.7
2024-03-30 12:00:00,33.3,0.0,57.9,149.0,3.4
2024-03-30 13:00:00,33.8,0.0,56.6,82.0,4.8
2024-03-30 14:00:00,33.2,0.0,56.5,50.0,5.7
2024-03-30 15:00:00,33.7,0.0,56.9,61.0,5.4
2024-03-30 16:00:00,28.8,0.0,76.2,24.0,7.0
2024-03-30 17:00:00,30.3,0.0,71.8,20.0,1.7
2024-03-30 18:00:00,29.3,0.0,78.3,340.0,2.8
2024-03-30 19:00:00,28.9,0.0,80.9,327.0,1.9
2024-03-30 20:00:00,28.3,0.0,82.8,352.0,2.8
2024-03-30 21:00:00,29.2,0.0,77.0,36.0,3.2
2024-03-30 22:00:00,29.1,0.0,79.6,38.0,2.7
2024-03-30 23:00:00,28.8,0.0,81.0,28.0,2.8
2024-03-31 00:00:00,28.5,0.0,83.1,21.0,2.3
2024-03-31 01:00:00,28.2,0.0,83.2,313.0,1.1
2024-03-31 02:00:00,27.8,0.0,86.8,329.0,1.2
2024-03-31 03:00:00,27.6,0.0,88.2,5.0,1.0
2024-03-31 04:00:00,27.1,0.0,90.0,9.0,1.6
2024-03-31 05:00:00,27.2,0.0,91.0,14.0,1.7
2024-03-31 06:00:00,27.3,0.0,88.7,6.0,1.4
2024-03-31 07:00:00,27.0,0.0,89.2,351.0,1.0
2024-03-31 08:00:00,27.1,0.0,88.2,339.0,2.3
2024-03-31 09:00:00,30.1,0.0,72.5,305.0,1.1
2024-03-31 10:00:00,31.1,0.0,66.7,18.0,2.0
2024-03-31 11:00:00,32.3,0.0,59.9,351.0,2.4
2024-03-31 12:00:00,33.4,0.0,58.0,36.0,2.6
2024-03-31 13:00:00,31.7,0.0,63.8,170.0,4.3
2024-03-31 14:00:00,32.6,0.0,60.4,234.0,4.0
2024-03-31 15:00:00,30.3,0.0,75.6,159.0,2.8
2024-03-31 16:00:00,29.7,0.0,76.5,311.0,2.2
2024-03-31 17:00:00,33.9,0.0,58.1,304.0,1.5
2024-03-31 18:00:00,31.7,0.0,63.8,269.0,5.7
2024-03-31 19:00:00,25.9,1.2,97.5,23.0,1.9
2024-03-31 20:00:00,26.2,0.0,96.7,223.0,0.8
2024-03-31 21:00:00,27.0,0.0,94.7,13.0,1.6
2024-03-31 22:00:00,26.8,0.0,91.9,349.0,1.5
2024-03-31 23:00:00,27.0,0.0,91.8,20.0,2.4
2024-04-01 00:00:00,27.1,0.0,92.8,25.0,2.6
2024-04-01 01:00:00,26.9,0.0,95.3,27.0,2.2
2024-04-01 02:00:00,26.8,0.0,94.4,17.0,2.3
2024-04-01 03:00:00,26.9,0.0,89.6,354.0,1.6
2024-04-01 04:00:00,26.5,0.0,93.1,17.0,1.9
2024-04-01 05:00:00,26.4,0.0,91.3,345.0,1.3
2024-04-01 06:00:00,26.4,0.0,92.9,342.0,1.0
2024-04-01 07:00:00,26.3,0.0,93.0,347.0,1.2
2024-04-01 08:00:00,26.7,0.0,91.7,4.0,1.7
2024-04-01 09:00:00,28.6,0.0,84.1,13.0,2.5
2024-04-01 10:00:00,29.7,0.0,76.5,29.0,3.8
2024-04-01 11:00:00,31.5,0.0,67.7,356.0,2.7
2024-04-01 12:00:00,32.9,0.0,61.4,339.0,2.6
2024-04-01 13:00:00,32.3,0.0,64.0,11.0,3.2
2024-04-01 14:00:00,32.2,0.0,60.3,6.0,2.0
2024-04-01 15:00:00,32.0,0.0,65.2,212.0,2.3
2024-04-01 16:00:00,32.2,0.0,63.8,255.0,2.9
2024-04-01 17:00:00,29.7,0.0,75.9,137.0,4.2
2024-04-01 18:00:00,30.5,0.0,73.3,172.0,1.4
2024-04-01 19:00:00,30.1,0.0,70.4,138.0,2.5
2024-04-01 20:00:00,29.8,0.0,76.4,277.0,0.5
2024-04-01 21:00:00,29.2,0.0,80.8,114.0,3.2
2024-04-01 22:00:00,29.4,0.0,79.8,59.0,3.9
2024-04-01 23:00:00,28.8,0.0,83.7,116.0,2.2
2024-04-02 00:00:00,28.5,0.0,84.5,114.0,2.4
2024-04-02 01:00:00,28.4,0.0,85.3,106.0,2.2
2024-04-02 02:00:00,28.1,0.0,85.9,207.0,1.2
2024-04-02 03:00:00,27.9,0.0,88.0,359.0,1.3
2024-04-02 04:00:00,27.8,0.0,89.6,20.0,2.6
2024-04-02 05:00:00,27.5,0.0,88.5,67.0,0.8
2024-04-02 06:00:00,27.6,0.0,86.6,139.0,1.8
2024-04-02 07:00:00,27.3,0.0,87.8,220.0,0.8
2024-04-02 08:00:00,28.2,0.0,84.8,336.0,1.6
2024-04-02 09:00:00,29.8,0.0,80.2,32.0,2.2
2024-04-02 10:00:00,32.0,0.0,66.0,117.0,2.8
2024-04-02 11:00:00,33.3,0.0,62.4,99.0,2.9
2024-04-02 12:00:00,33.2,0.0,56.7,169.0,2.9
2024-04-02 13:00:00,33.5,0.0,53.4,138.0,3.2
2024-04-02 14:00:00,34.7,0.0,48.1,185.0,2.0
2024-04-02 15:00:00,35.0,0.0,49.5,222.0,2.5
2024-04-02 16:00:00,33.5,0.0,54.7,175.0,3.7
2024-04-02 17:00:00,33.9,0.0,50.0,192.0,4.0
2024-04-02 18:00:00,33.4,0.0,53.0,158.0,3.2
2024-04-02 19:00:00,31.4,0.0,71.2,117.0,4.4
2024-04-02 20:00:00,30.9,0.0,69.9,122.0,4.6
2024-04-02 21:00:00,30.5,0.0,74.3,101.0,3.0
2024-04-02 22:00:00,30.2,0.0,76.9,61.0,4.4
2024-04-02 23:00:00,29.6,0.0,77.4,110.0,2.6
2024-04-03 00:00:00,29.4,0.0,77.7,134.0,2.2
2024-04-03 01:00:00,29.0,0.0,81.5,109.0,1.6
2024-04-03 02:00:00,28.9,0.0,83.3,338.0,0.7
2024-04-03 03:00:00,28.6,0.0,84.8,147.0,1.0
2024-04-03 04:00:00,28.7,0.0,84.9,1.0,1.6
2024-04-03 05:00:00,28.4,0.0,87.3,227.0,0.8
2024-04-03 06:00:00,28.1,0.0,86.6,153.0,1.3
2024-04-03 07:00:00,28.3,0.0,87.3,70.0,1.1
2024-04-03 08:00:00,29.1,0.0,82.5,30.0,3.2
2024-04-03 09:00:00,30.4,0.0,77.6,6.0,1.8
2024-04-03 10:00:00,31.3,0.0,71.3,19.0,2.7
2024-04-03 11:00:00,33.1,0.0,64.4,39.0,2.8
2024-04-03 12:00:00,30.4,0.0,73.9,221.0,4.9
2024-04-03 13:00:00,27.4,0.0,83.9,238.0,3.8
2024-04-03 14:00:00,30.1,0.0,85.9,273.0,1.4
2024-04-03 15:00:00,28.7,0.0,74.8,25.0,9.2
2024-04-03 16:00:00,28.6,0.0,76.4,27.0,5.4
2024-04-03 17:00:00,29.7,0.0,69.4,288.0,2.3
2024-04-03 18:00:00,30.3,0.0,68.7,351.0,1.2
2024-04-03 19:00:00,29.4,0.0,72.9,8.0,1.7
2024-04-03 20:00:00,28.7,0.0,79.1,14.0,1.7
2024-04-03 21:00:00,28.3,0.0,81.3,5.0,1.8
2024-04-03 22:00:00,28.0,0.0,83.5,339.0,2.5
2024-04-03 23:00:00,27.7,0.0,85.8,334.0,1.9
2024-04-04 00:00:00,27.7,0.0,86.5,329.5,1.7
2024-04-04 01:00:00,27.5,0.0,87.2,325.0,1.0
2024-04-04 02:00:00,27.1,0.0,89.6,4.0,1.3
2024-04-04 03:00:00,26.9,0.0,90.9,10.0,1.3
2024-04-04 04:00:00,26.7,0.0,91.2,8.0,1.6
2024-04-04 05:00:00,26.5,0.0,91.0,5.0,1.7
2024-04-04 06:00:00,26.5,0.0,91.5,1.0,2.1
2024-04-04 07:00:00,26.4,0.0,92.0,3.0,1.7
2024-04-04 08:00:00,26.8,0.0,91.1,355.0,1.6
2024-04-04 09:00:00,28.7,0.0,81.0,24.0,2.5
2024-04-04 10:00:00,31.4,0.0,72.7,4.0,1.5
2024-04-04 11:00:00,32.7,0.0,63.6,38.0,2.1
2024-04-04 12:00:00,32.8,0.0,61.5,340.0,2.5
2024-04-04 13:00:00,33.0,0.0,58.3,289.0,4.0
2024-04-04 14:00:00,33.7,0.0,58.0,325.0,4.2
2024-04-04 15:00:00,31.8,0.0,67.5,249.0,5.9
2024-04-04 16:00:00,29.3,0.0,70.9,155.0,3.4
2024-04-04 17:00:00,27.3,0.0,90.8,170.0,1.6
2024-04-04 18:00:00,28.5,0.0,89.5,61.0,1.9
2024-04-04 19:00:00,28.4,0.0,86.7,32.0,1.2
2024-04-04 20:00:00,27.5,0.0,87.7,21.0,5.1
2024-04-04 21:00:00,27.0,0.0,86.4,269.0,1.3
2024-04-04 22:00:00,27.0,0.0,89.1,29.0,2.7
2024-04-04 23:00:00,27.0,0.0,87.5,347.0,1.7
2024-04-05 00:00:00,26.7,0.0,87.7,326.0,1.5
2024-04-05 01:00:00,26.2,0.0,85.8,341.5,1.9
2024-04-05 02:00:00,26.3,0.0,84.4,357.0,1.3
2024-04-05 03:00:00,26.2,0.0,85.2,15.0,1.7
2024-04-05 04:00:00,26.5,0.0,84.7,6.0,1.4
2024-04-05 05:00:00,26.3,0.0,86.8,2.0,1.3
2024-04-05 06:00:00,26.0,0.0,86.4,19.0,1.8
2024-04-05 07:00:00,26.1,0.0,87.0,6.0,1.2
2024-04-05 08:00:00,26.7,0.0,85.8,8.0,1.8
2024-04-05 09:00:00,28.7,0.0,80.3,349.0,1.5
2024-04-05 10:00:00,29.0,0.0,80.5,21.0,4.0
2024-04-05 11:00:00,31.5,0.0,64.0,337.0,3.6
2024-04-05 12:00:00,32.2,0.0,64.8,352.0,3.2
2024-04-05 13:00:00,33.1,0.0,59.9,6.0,3.7
2024-04-05 14:00:00,33.5,0.0,59.0,349.0,3.6
2024-04-05 15:00:00,34.6,0.0,50.8,347.0,3.5
2024-04-05 16:00:00,33.3,0.0,62.8,138.0,4.4
2024-04-05 17:00:00,33.3,0.0,63.1,206.0,2.9
2024-04-05 18:00:00,32.9,0.0,64.1,167.0,2.8
2024-04-05 19:00:00,31.7,0.0,63.9,54.0,3.2
2024-04-05 20:00:00,30.3,0.0,67.1,49.0,3.8
2024-04-05 21:00:00,29.4,0.0,72.6,45.0,3.6
2024-04-05 22:00:00,29.0,0.0,76.1,49.0,3.4
2024-04-05 23:00:00,28.7,0.0,78.4,42.0,3.3
2024-04-06 00:00:00,28.3,0.0,79.9,36.0,2.6
2024-04-06 01:00:00,28.2,0.0,79.6,34.0,2.8
2024-04-06 02:00:00,27.8,0.0,80.8,9.0,1.6
2024-04-06 03:00:00,27.4,0.0,83.7,351.0,1.3
2024-04-06 04:00:00,27.0,0.0,86.9,340.0,1.5
2024-04-06 05:00:00,27.2,0.0,85.2,31.0,2.9
2024-04-06 06:00:00,26.8,0.0,86.4,296.0,1.0
2024-04-06 07:00:00,26.7,0.0,87.3,299.0,1.3
2024-04-06 08:00:00,27.0,0.0,88.5,2.0,1.7
2024-04-06 09:00:00,29.5,0.0,77.8,41.0,3.2
2024-04-06 10:00:00,30.2,0.0,71.6,38.0,6.2
2024-04-06 11:00:00,31.6,0.0,64.8,51.0,4.6
2024-04-06 12:00:00,32.2,0.0,58.7,41.0,4.8
2024-04-06 13:00:00,33.1,0.0,57.7,26.0,2.8
2024-04-06 14:00:00,34.4,0.0,48.9,17.0,3.5
2024-04-06 15:00:00,35.1,0.0,50.2,339.0,4.4
2024-04-06 16:00:00,33.6,0.0,55.9,29.0,6.5
2024-04-06 17:00:00,33.9,0.0,52.7,27.0,3.0
2024-04-06 18:00:00,32.4,0.0,63.9,78.0,4.9
2024-04-06 19:00:00,31.4,0.0,66.2,49.0,4.2
2024-04-06 20:00:00,30.5,0.0,70.0,35.0,4.0
2024-04-06 21:00:00,29.8,0.0,73.9,49.0,5.6
2024-04-06 22:00:00,29.4,0.0,77.8,36.0,2.8
2024-04-06 23:00:00,29.2,0.0,78.0,48.0,3.7
2024-04-07 00:00:00,29.1,0.0,78.8,42.0,2.2
2024-04-07 01:00:00,29.0,0.0,80.0,28.0,2.3
2024-04-07 02:00:00,28.8,0.0,80.2,44.0,2.8
2024-04-07 03:00:00,28.5,0.0,81.9,23.0,2.2
2024-04-07 04:00:00,28.4,0.0,81.3,33.0,3.1
2024-04-07 05:00:00,28.2,0.0,82.7,27.0,2.2
2024-04-07 06:00:00,28.0,0.0,83.7,28.0,2.9
2024-04-07 07:00:00,27.7,0.0,84.9,35.0,4.6
2024-04-07 08:00:00,28.2,0.0,84.3,32.0,3.9
2024-04-07 09:00:00,29.7,0.0,74.3,33.0,4.1
2024-04-07 10:00:00,30.5,0.0,69.8,37.0,5.6
2024-04-07 11:00:00,31.6,0.0,65.0,52.0,5.0
2024-04-07 12:00:00,32.9,0.0,58.7,74.0,3.8
2024-04-07 13:00:00,33.9,0.0,55.2,71.0,4.0
2024-04-07 14:00:00,34.3,0.0,52.7,33.0,5.1
2024-04-07 15:00:00,31.4,0.0,66.9,75.0,6.7
2024-04-07 16:00:00,28.1,0.0,82.5,26.0,7.0
2024-04-07 17:00:00,27.7,0.2,88.0,15.0,3.3
2024-04-07 18:00:00,28.5,0.0,87.4,161.0,1.3
2024-04-07 19:00:00,28.8,0.0,88.6,7.0,1.9
2024-04-07 20:00:00,28.9,0.0,81.6,29.0,2.3
2024-04-07 21:00:00,28.8,0.0,80.5,36.0,2.4
2024-04-07 22:00:00,28.6,0.0,82.0,24.0,2.4
2024-04-07 23:00:00,28.7,0.0,80.2,34.0,3.0
2024-04-08 00:00:00,28.6,0.0,81.4,39.0,3.0
2024-04-08 01:00:00,28.6,0.0,81.6,20.0,2.1
2024-04-08 02:00:00,28.2,0.0,84.4,175.0,1.2
2024-04-08 03:00:00,28.5,0.0,83.7,128.0,1.8
2024-04-08 04:00:00,28.4,0.0,84.5,131.0,2.1
2024-04-08 05:00:00,28.3,0.0,84.6,239.0,0.5
2024-04-08 06:00:00,28.1,0.0,87.0,216.0,1.0
2024-04-08 07:00:00,28.2,0.0,86.4,335.0,1.0
2024-04-08 08:00:00,29.0,0.0,81.5,185.0,1.0
2024-04-08 09:00:00,30.1,0.0,76.0,358.0,2.1
2024-04-08 10:00:00,30.3,0.0,75.7,344.0,2.5
2024-04-08 11:00:00,32.0,0.0,64.8,341.0,2.7
2024-04-08 12:00:00,30.7,0.0,75.2,277.0,6.6
2024-04-08 13:00:00,32.2,0.0,65.9,269.0,5.9
2024-04-08 14:00:00,32.8,0.0,62.6,299.0,3.3
2024-04-08 15:00:00,25.3,7.4,96.9,28.0,6.4
2024-04-08 16:00:00,25.0,0.0,98.7,191.0,1.1
2024-04-08 17:00:00,26.9,0.0,97.4,32.0,2.8
2024-04-08 18:00:00,28.8,0.0,79.6,348.0,2.1
2024-04-08 19:00:00,28.0,0.0,83.2,354.0,1.0
2024-04-08 20:00:00,27.9,0.0,83.8,222.0,0.7
2024-04-08 21:00:00,27.3,0.0,91.0,291.0,0.8
2024-04-08 22:00:00,27.3,0.0,90.1,329.0,1.0
2024-04-08 23:00:00,27.0,0.0,91.5,21.0,0.9
2024-04-09 00:00:00,27.1,0.0,91.1,267.0,1.1
2024-04-09 01:00:00,26.8,0.0,92.7,346.0,0.7
2024-04-09 02:00:00,26.8,0.0,92.4,339.0,1.2
2024-04-09 03:00:00,26.5,0.0,94.2,22.0,1.8
2024-04-09 04:00:00,26.6,0.0,93.3,306.0,0.6
2024-04-09 05:00:00,26.4,0.0,95.0,350.0,0.9
2024-04-09 06:00:00,26.2,0.0,95.6,10.0,1.5
2024-04-09 07:00:00,26.3,0.0,94.2,2.0,1.7
2024-04-09 08:00:00,27.4,0.0,91.0,356.0,2.0
2024-04-09 09:00:00,29.2,0.0,81.7,328.0,1.8
2024-04-09 10:00:00,30.8,0.0,74.7,6.0,2.6
2024-04-09 11:00:00,31.0,0.0,69.6,25.0,2.3
2024-04-09 12:00:00,33.1,0.0,64.5,41.0,2.6
2024-04-09 13:00:00,33.2,0.0,57.5,25.0,4.0
2024-04-09 14:00:00,33.1,0.0,60.0,45.0,4.3
2024-04-09 15:00:00,33.6,0.0,56.7,15.0,3.5
2024-04-09 16:00:00,32.7,0.0,64.6,276.0,4.0
2024-04-09 17:00:00,33.4,0.0,62.3,252.0,3.0
2024-04-09 18:00:00,32.5,0.0,63.7,40.0,4.3
2024-04-09 19:00:00,31.2,0.0,71.5,340.0,1.9
2024-04-09 20:00:00,30.4,0.0,72.3,41.0,5.4
2024-04-09 21:00:00,29.8,0.0,76.0,37.0,3.8
2024-04-09 22:00:00,29.4,0.0,78.2,37.0,4.0
2024-04-09 23:00:00,29.1,0.0,82.4,32.0,3.1
2024-04-10 00:00:00,29.1,0.0,81.7,358.0,1.4
2024-04-10 01:00:00,28.7,0.0,84.9,3.0,1.6
2024-04-10 02:00:00,28.7,0.0,84.1,340.0,1.0
2024-04-10 03:00:00,28.3,0.0,84.7,351.0,1.7
2024-04-10 04:00:00,28.0,0.0,86.7,304.0,2.2
2024-04-10 05:00:00,27.5,0.0,91.4,15.0,1.8
2024-04-10 06:00:00,27.6,0.0,91.6,320.0,1.4
2024-04-10 07:00:00,27.4,0.0,91.7,340.0,1.1
2024-04-10 08:00:00,27.3,0.0,91.3,30.0,4.0
2024-04-10 09:00:00,27.6,0.0,89.3,355.0,2.2
2024-04-10 10:00:00,28.1,0.0,86.6,282.0,2.2
2024-04-10 11:00:00,28.4,0.0,83.7,11.0,3.2
2024-04-10 12:00:00,28.9,0.0,82.8,30.0,5.5
2024-04-10 13:00:00,29.7,0.0,77.7,33.0,3.4
2024-04-10 14:00:00,30.4,0.0,75.0,345.0,2.6
2024-04-10 15:00:00,29.6,0.0,80.8,188.0,2.2
2024-04-10 16:00:00,28.7,0.0,81.3,71.0,4.0
2024-04-10 17:00:00,26.3,0.0,96.6,263.0,3.0
2024-04-10 18:00:00,26.5,0.0,95.0,256.0,2.8
2024-04-10 19:00:00,26.4,0.0,97.7,339.0,1.2
2024-04-10 20:00:00,26.3,0.0,96.7,304.0,1.5
2024-04-10 21:00:00,26.3,0.0,96.5,246.0,0.7
2024-04-10 22:00:00,26.3,0.0,97.2,347.0,1.4
2024-04-10 23:00:00,26.2,0.0,97.8,253.0,0.8
2024-04-11 00:00:00,26.3,0.0,97.2,297.0,1.2
2024-04-11 01:00:00,26.1,0.0,97.4,270.0,0.8
2024-04-11 02:00:00,26.0,0.0,97.3,246.0,1.5
2024-04-11 03:00:00,25.8,0.0,97.8,270.0,0.6
2024-04-11 04:00:00,25.8,0.0,97.8,173.0,1.7
2024-04-11 05:00:00,26.3,0.0,96.8,239.0,0.8
2024-04-11 06:00:00,26.3,0.0,97.7,84.0,3.8
2024-04-11 07:00:00,26.1,0.0,96.7,80.0,1.4
2024-04-11 08:00:00,26.6,0.0,96.6,47.0,3.0
2024-04-11 09:00:00,26.7,0.0,95.5,153.0,1.7
2024-04-11 10:00:00,27.2,0.0,93.1,170.0,1.5
2024-04-11 11:00:00,28.5,0.0,90.6,5.0,2.7
2024-04-11 12:00:00,27.8,0.0,92.9,140.0,1.8
2024-04-11 13:00:00,27.7,0.0,93.4,73.0,4.5
2024-04-11 14:00:00,30.5,0.0,80.4,46.0,3.8
2024-04-11 15:00:00,31.2,0.0,70.9,46.0,3.4
2024-04-11 16:00:00,31.3,0.0,65.3,58.0,6.1
2024-04-11 17:00:00,31.3,0.0,66.5,58.0,6.7
2024-04-11 18:00:00,30.9,0.0,69.0,31.0,3.1
2024-04-11 19:00:00,29.9,0.0,72.5,40.0,4.1
2024-04-11 20:00:00,28.9,0.0,79.3,32.0,3.3
2024-04-11 21:00:00,28.6,0.0,82.0,26.0,2.9
2024-04-11 22:00:00,28.3,0.0,82.8,10.0,1.5
2024-04-11 23:00:00,28.1,0.0,82.5,345.0,2.4
2024-04-12 00:00:00,27.6,0.0,86.6,14.0,1.7
2024-04-12 01:00:00,27.4,0.0,85.6,348.0,2.4
2024-04-12 02:00:00,27.1,0.0,87.6,1.0,1.5
2024-04-12 03:00:00,26.9,0.0,90.4,356.0,1.3
2024-04-12 04:00:00,26.3,0.0,92.2,17.0,3.5
2024-04-12 05:00:00,26.1,0.0,95.8,270.0,1.0
2024-04-12 06:00:00,26.3,0.0,95.6,14.0,2.3
2024-04-12 07:00:00,26.2,0.2,97.3,338.0,1.7
2024-04-12 08:00:00,26.2,0.0,96.5,287.0,0.8
2024-04-12 09:00:00,26.4,0.6,97.4,359.0,1.9
2024-04-12 10:00:00,25.8,0.6,97.8,45.0,2.5
2024-04-12 11:00:00,25.1,0.4,98.3,20.0,2.1
2024-04-12 12:00:00,25.2,0.4,98.5,351.0,1.8
2024-04-12 13:00:00,25.3,0.2,98.0,29.0,4.3
2024-04-12 14:00:00,25.4,0.0,97.0,19.0,3.0
2024-04-12 15:00:00,25.3,0.0,96.9,22.0,4.3
2024-04-12 16:00:00,26.0,0.0,91.9,28.0,6.4
2024-04-12 17:00:00,26.6,0.0,87.0,20.0,4.6
2024-04-12 18:00:00,26.7,0.0,86.5,16.0,3.0
2024-04-12 19:00:00,26.7,0.0,86.6,33.0,4.1
2024-04-12 20:00:00,26.5,0.0,85.0,38.0,4.9
2024-04-12 21:00:00,26.1,0.0,90.2,32.0,3.1
2024-04-12 22:00:00,26.0,0.0,90.8,5.0,1.4
2024-04-12 23:00:00,25.7,0.0,93.0,163.0,1.3
2024-04-13 00:00:00,25.6,0.0,93.4,240.0,0.9
2024-04-13 01:00:00,25.6,0.0,93.4,320.0,1.1
2024-04-13 02:00:00,25.5,0.0,94.9,9.0,1.5
2024-04-13 03:00:00,25.5,0.0,94.7,23.0,1.9
2024-04-13 04:00:00,25.3,0.0,95.5,270.0,0.6
2024-04-13 05:00:00,25.2,0.0,96.9,330.0,1.2
2024-04-13 06:00:00,25.5,0.0,95.2,20.0,2.4
2024-04-13 07:00:00,25.6,0.0,94.3,326.0,1.3
2024-04-13 08:00:00,27.1,0.0,88.6,5.0,1.5
2024-04-13 09:00:00,28.9,0.0,81.0,45.0,2.9
2024-04-13 10:00:00,30.5,0.0,76.5,38.0,5.4
2024-04-13 11:00:00,31.5,0.0,69.3,45.0,5.3
2024-04-13 12:00:00,31.1,0.0,70.8,35.0,3.4
2024-04-13 13:00:00,32.4,0.0,62.7,61.0,5.7
2024-04-13 14:00:00,33.0,0.0,63.6,11.0,5.0
2024-04-13 15:00:00,32.2,0.0,59.8,33.0,8.7
2024-04-13 16:00:00,32.4,0.0,60.4,32.0,5.6
2024-04-13 17:00:00,32.1,0.0,61.3,43.0,3.0
2024-04-13 18:00:00,31.2,0.0,65.1,56.0,2.7
2024-04-13 19:00:00,27.6,0.0,86.3,290.0,4.3
2024-04-13 20:00:00,27.4,0.0,86.8,265.0,3.0
2024-04-13 21:00:00,27.2,0.0,85.8,217.0,2.6
2024-04-13 22:00:00,27.5,0.0,83.7,223.0,0.7
2024-04-13 23:00:00,27.1,0.0,86.7,263.0,0.7
2024-04-14 00:00:00,26.8,0.0,87.8,357.0,1.6
2024-04-14 01:00:00,27.1,0.0,89.9,356.0,1.6
2024-04-14 02:00:00,27.2,0.0,90.5,21.0,2.0
2024-04-14 03:00:00,27.2,0.0,90.0,243.0,0.4
2024-04-14 04:00:00,27.1,0.0,91.0,347.0,1.4
2024-04-14 05:00:00,27.1,0.0,91.8,359.0,1.0
2024-04-14 06:00:00,26.7,0.0,94.2,11.0,1.5
2024-04-14 07:00:00,26.9,0.0,93.3,34.0,3.6
2024-04-14 08:00:00,27.4,0.0,88.0,1.0,1.5
2024-04-14 09:00:00,28.2,0.0,86.0,27.0,1.3
2024-04-14 10:00:00,28.5,0.0,84.6,26.0,3.1
2024-04-14 11:00:00,30.5,0.0,75.7,38.0,2.2
2024-04-14 12:00:00,32.0,0.0,69.2,122.0,2.1
2024-04-14 13:00:00,31.4,0.0,68.0,19.0,2.9
2024-04-14 14:00:00,30.5,0.0,73.3,52.0,3.7
2024-04-14 15:00:00,29.3,0.0,75.8,78.0,3.4
2024-04-14 16:00:00,28.9,0.0,84.5,23.0,3.2
2024-04-14 17:00:00,29.7,0.0,78.3,44.0,2.5
2024-04-14 18:00:00,29.2,0.0,82.0,28.0,2.8
2024-04-14 19:00:00,28.7,0.0,80.9,5.0,1.6
2024-04-14 20:00:00,28.2,0.0,85.0,357.0,1.4
2024-04-14 21:00:00,28.0,0.0,85.8,34.0,3.2
2024-04-14 22:00:00,27.8,0.0,87.4,29.0,2.9
2024-04-14 23:00:00,27.6,0.0,89.6,29.0,2.7
2024-04-15 00:00:00,27.6,0.0,88.7,25.0,2.4
2024-04-15 01:00:00,27.6,0.0,88.8,21.0,2.0
2024-04-15 02:00:00,27.5,0.0,88.8,290.0,0.5
2024-04-15 03:00:00,27.2,0.0,91.2,348.0,1.1
2024-04-15 04:00:00,26.9,0.0,92.8,355.0,1.4
2024-04-15 05:00:00,26.8,0.0,95.6,333.0,1.1
2024-04-15 06:00:00,26.7,0.0,95.1,354.0,1.5
2024-04-15 07:00:00,26.7,0.0,95.1,339.0,1.2
2024-04-15 08:00:00,26.8,0.0,95.0,17.0,2.3
2024-04-15 09:00:00,28.0,0.0,92.4,37.0,1.6
2024-04-15 10:00:00,28.8,0.0,84.5,30.0,3.2
2024-04-15 11:00:00,28.9,0.0,85.8,37.0,4.1
2024-04-15 12:00:00,29.2,0.0,82.7,47.0,2.7
2024-04-15 13:00:00,31.2,0.0,70.1,34.0,4.4
2024-04-15 14:00:00,32.7,0.0,68.0,51.0,4.1
2024-04-15 15:00:00,31.7,0.0,66.1,49.0,5.4
2024-04-15 16:00:00,29.9,0.0,79.9,36.0,4.2
2024-04-15 17:00:00,31.5,0.0,70.4,88.0,7.3
2024-04-15 18:00:00,31.2,0.0,72.0,62.0,2.7
2024-04-15 19:00:00,30.4,0.0,76.7,90.0,2.9
2024-04-15 20:00:00,28.8,0.0,87.4,35.0,1.7
2024-04-15 21:00:00,28.8,0.0,83.2,44.0,4.5
2024-04-15 22:00:00,28.6,0.0,86.2,13.0,2.2
2024-04-15 23:00:00,28.7,0.0,86.1,27.0,2.1
2024-04-16 00:00:00,28.4,0.0,87.0,23.0,1.7
2024-04-16 01:00:00,28.1,0.0,89.5,107.0,1.7
2024-04-16 02:00:00,28.1,0.0,89.8,124.0,1.6
2024-04-16 03:00:00,27.8,0.0,91.1,358.0,1.7
2024-04-16 04:00:00,27.8,0.0,90.3,33.0,3.5
2024-04-16 05:00:00,27.4,0.0,92.0,344.0,1.3
2024-04-16 06:00:00,27.3,0.0,93.1,350.0,1.6
2024-04-16 07:00:00,27.3,0.0,94.2,351.0,1.3
2024-04-16 08:00:00,28.2,0.0,89.7,351.0,1.2
2024-04-16 09:00:00,28.6,0.0,88.1,85.0,2.4
2024-04-16 10:00:00,28.4,0.0,85.6,123.0,2.4
2024-04-16 11:00:00,28.8,0.0,84.3,154.0,2.0
2024-04-16 12:00:00,29.1,0.0,84.4,130.0,1.4
2024-04-16 13:00:00,28.0,0.0,87.6,44.0,4.0
2024-04-16 14:00:00,28.0,0.0,83.3,32.0,3.5
2024-04-16 15:00:00,28.1,0.0,84.9,22.0,2.3
2024-04-16 16:00:00,27.4,0.0,87.7,100.0,3.0
2024-04-16 17:00:00,27.4,0.0,88.6,178.0,1.1
2024-04-16 18:00:00,28.0,0.0,88.4,1.0,1.9
2024-04-16 19:00:00,27.6,0.0,90.3,130.0,3.2
2024-04-16 20:00:00,27.4,0.0,89.9,142.0,1.5
2024-04-16 21:00:00,27.5,0.0,89.4,275.0,1.0
2024-04-16 22:00:00,27.4,0.0,91.7,23.0,2.1
2024-04-16 23:00:00,27.2,0.0,92.2,346.0,1.8
2024-04-17 00:00:00,26.9,0.0,94.5,334.0,1.5
2024-04-17 01:00:00,26.7,0.0,93.5,19.0,2.7
2024-04-17 02:00:00,26.5,0.0,93.5,250.0,1.0
2024-04-17 03:00:00,26.6,0.0,92.8,184.0,1.0
2024-04-17 04:00:00,26.3,0.0,90.4,345.0,1.5
2024-04-17 05:00:00,26.1,0.0,94.7,356.0,1.2
2024-04-17 06:00:00,26.1,0.0,95.1,272.0,1.2
2024-04-17 07:00:00,26.3,0.0,94.0,226.0,0.7
2024-04-17 08:00:00,27.1,0.0,89.9,278.0,2.2
2024-04-17 09:00:00,28.7,0.0,81.9,271.0,2.9
2024-04-17 10:00:00,28.7,0.0,79.6,259.0,4.5
2024-04-17 11:00:00,25.3,0.8,96.1,217.0,5.7
2024-04-17 12:00:00,25.5,0.0,97.6,264.0,4.0
2024-04-17 13:00:00,29.6,0.0,76.1,238.0,2.0
2024-04-17 14:00:00,31.3,0.0,64.5,223.0,3.9
2024-04-17 15:00:00,31.4,0.0,63.7,261.0,4.3
2024-04-17 16:00:00,31.8,0.0,60.9,303.0,4.5
2024-04-17 17:00:00,32.5,0.0,60.1,312.0,2.6
2024-04-17 18:00:00,31.5,0.0,63.7,355.0,1.2
2024-04-17 19:00:00,29.0,0.0,81.6,56.0,5.2
2024-04-17 20:00:00,27.7,0.0,87.6,136.0,2.1
2024-04-17 21:00:00,27.9,0.0,86.1,355.0,2.4
2024-04-17 22:00:00,27.9,0.0,86.9,323.0,3.1
2024-04-17 23:00:00,27.6,0.0,88.6,359.0,1.6
2024-04-18 00:00:00,27.5,0.0,89.3,2.0,0.6
2024-04-18 01:00:00,27.0,0.0,92.1,10.0,1.5
2024-04-18 02:00:00,26.7,0.0,92.4,332.0,0.9
2024-04-18 03:00:00,26.6,0.0,91.5,16.0,1.5
2024-04-18 04:00:00,26.4,0.0,91.8,17.0,1.6
2024-04-18 05:00:00,26.3,0.0,92.5,343.0,1.0
2024-04-18 06:00:00,26.5,0.0,94.3,21.0,2.5
2024-04-18 07:00:00,26.1,0.0,93.1,17.0,1.7
2024-04-18 08:00:00,26.9,0.0,90.1,347.0,1.7
2024-04-18 09:00:00,29.1,0.0,81.4,22.0,2.2
2024-04-18 10:00:00,30.4,0.0,72.8,176.0,2.3
2024-04-18 11:00:00,30.8,0.0,70.3,163.0,2.5
2024-04-18 12:00:00,31.4,0.0,65.2,154.0,3.4
2024-04-18 13:00:00,32.2,0.0,61.4,196.0,3.8
2024-04-18 14:00:00,33.0,0.0,60.9,173.0,3.1
2024-04-18 15:00:00,33.3,0.0,55.8,143.0,3.0
2024-04-18 16:00:00,33.2,0.0,53.5,171.0,3.3
2024-04-18 17:00:00,33.2,0.0,52.7,166.0,4.1
2024-04-18 18:00:00,32.6,0.0,53.8,150.0,2.9
2024-04-18 19:00:00,31.6,0.0,59.4,158.0,2.2
2024-04-18 20:00:00,30.7,0.0,67.8,131.0,3.7
2024-04-18 21:00:00,29.6,0.0,78.5,28.0,2.2
2024-04-18 22:00:00,29.2,0.0,82.7,349.0,1.4
2024-04-18 23:00:00,28.8,0.0,84.2,354.0,1.6
2024-04-19 00:00:00,28.5,0.0,85.8,359.0,1.4
2024-04-19 01:00:00,28.2,0.0,85.9,349.0,1.1
2024-04-19 02:00:00,27.6,0.0,89.1,355.0,2.1
2024-04-19 03:00:00,27.6,0.0,89.1,350.0,0.7
2024-04-19 04:00:00,27.4,0.0,89.9,357.0,1.0
2024-04-19 05:00:00,26.8,0.0,93.5,21.0,1.9
2024-04-19 06:00:00,26.7,0.0,93.0,141.0,2.1
2024-04-19 07:00:00,27.2,0.0,88.5,156.0,2.1
2024-04-19 08:00:00,28.4,0.0,84.0,280.0,1.4
2024-04-19 09:00:00,29.4,0.0,78.3,261.0,0.9
2024-04-19 10:00:00,30.5,0.0,73.0,335.0,2.3
2024-04-19 11:00:00,30.6,0.0,72.5,287.0,2.0
2024-04-19 12:00:00,30.9,0.0,73.3,236.0,2.5
2024-04-19 13:00:00,32.2,0.0,67.5,250.0,2.8
2024-04-19 14:00:00,31.7,0.0,70.5,172.0,2.2
2024-04-19 15:00:00,29.1,0.0,84.3,21.0,2.9
2024-04-19 16:00:00,29.4,0.0,83.0,356.0,1.8
2024-04-19 17:00:00,30.0,0.0,79.0,38.0,3.7
2024-04-19 18:00:00,30.6,0.0,75.8,21.0,2.8
2024-04-19 19:00:00,30.1,0.0,81.7,26.0,3.0
2024-04-19 20:00:00,29.8,0.0,80.6,32.0,1.0
2024-04-19 21:00:00,29.4,0.0,82.7,295.0,1.3
2024-04-19 22:00:00,29.1,0.0,82.5,141.0,1.4
2024-04-19 23:00:00,28.7,0.0,84.6,265.0,0.7
2024-04-20 00:00:00,28.2,0.0,87.3,260.0,0.6
2024-04-20 01:00:00,28.2,0.0,89.4,334.0,0.9
2024-04-20 02:00:00,28.0,0.0,92.6,5.0,1.3
2024-04-20 03:00:00,27.7,0.0,93.1,335.0,1.1
2024-04-20 04:00:00,27.5,0.0,94.1,357.0,1.3
2024-04-20 05:00:00,27.3,0.0,95.2,5.0,1.5
2024-04-20 06:00:00,27.2,0.0,96.0,6.0,1.5
2024-04-20 07:00:00,27.1,0.0,94.3,357.0,1.6
2024-04-20 08:00:00,27.9,0.0,91.0,344.0,2.0
2024-04-20 09:00:00,28.3,0.0,87.6,289.0,4.2
2024-04-20 10:00:00,29.0,0.0,79.1,259.0,5.1
2024-04-20 11:00:00,29.7,0.0,75.6,260.0,4.7
2024-04-20 12:00:00,31.1,0.0,69.3,258.0,3.3
2024-04-20 13:00:00,31.1,0.0,69.1,259.0,4.4
2024-04-20 14:00:00,32.1,0.0,63.0,243.0,3.7
2024-04-20 15:00:00,32.4,0.0,62.2,272.0,3.4
2024-04-20 16:00:00,31.3,0.0,69.2,270.0,2.6
2024-04-20 17:00:00,27.2,0.0,87.5,29.0,5.0
2024-04-20 18:00:00,27.0,0.2,94.1,35.0,2.7
2024-04-20 19:00:00,26.3,0.0,93.9,122.0,2.2
2024-04-20 20:00:00,27.0,0.0,89.4,215.0,1.4
2024-04-20 21:00:00,27.0,0.0,93.0,13.0,1.8
2024-04-20 22:00:00,27.2,0.0,91.3,313.0,1.0
2024-04-20 23:00:00,27.3,0.0,91.7,273.0,1.7
2024-04-21 00:00:00,27.6,0.0,89.4,287.0,1.9
2024-04-21 01:00:00,27.0,0.0,89.9,323.0,1.4
2024-04-21 02:00:00,26.6,0.0,93.7,339.0,1.1
2024-04-21 03:00:00,26.4,0.0,94.2,4.0,1.4
2024-04-21 04:00:00,26.5,0.0,93.0,338.0,0.9
2024-04-21 05:00:00,26.3,0.0,94.8,352.0,1.0
2024-04-21 06:00:00,26.1,0.0,97.2,21.0,2.3
2024-04-21 07:00:00,26.3,0.0,97.2,356.0,1.1
2024-04-21 08:00:00,27.1,0.0,94.9,12.0,2.2
2024-04-21 09:00:00,28.8,0.0,84.9,317.0,2.0
2024-04-21 10:00:00,30.8,0.0,71.4,273.0,2.5
2024-04-21 11:00:00,31.9,0.0,66.7,269.0,2.2
2024-04-21 12:00:00,32.8,0.0,62.1,339.0,3.0
2024-04-21 13:00:00,32.9,0.0,59.3,296.0,2.2
2024-04-21 14:00:00,34.5,0.0,57.4,351.0,1.1
2024-04-21 15:00:00,33.3,0.0,63.5,174.0,3.2
2024-04-21 16:00:00,28.0,0.0,84.1,176.0,4.7
2024-04-21 17:00:00,30.1,0.0,79.2,153.0,1.8
2024-04-21 18:00:00,28.4,0.0,83.2,55.0,3.1
2024-04-21 19:00:00,27.5,0.0,88.0,16.0,2.4
2024-04-21 20:00:00,27.8,0.0,86.8,335.0,1.5
2024-04-21 21:00:00,27.4,0.0,90.9,340.0,1.4
2024-04-21 22:00:00,27.6,0.0,90.6,354.0,1.3
2024-04-21 23:00:00,27.8,0.0,90.4,342.0,0.9
2024-04-22 00:00:00,27.4,0.0,92.3,326.0,1.6
2024-04-22 01:00:00,27.1,0.0,93.0,337.0,1.7
2024-04-22 02:00:00,27.0,0.0,95.0,30.0,2.7
2024-04-22 03:00:00,27.1,0.0,93.7,306.0,1.7
2024-04-22 04:00:00,26.9,0.0,95.7,22.0,2.1
2024-04-22 05:00:00,26.7,0.0,96.1,304.0,1.0
2024-04-22 06:00:00,26.8,0.0,96.9,357.0,1.5
2024-04-22 07:00:00,26.7,0.0,97.1,312.0,2.1
2024-04-22 08:00:00,26.9,0.0,95.9,20.0,2.6
2024-04-22 09:00:00,29.0,0.0,85.6,324.0,2.0
2024-04-22 10:00:00,31.2,0.0,75.8,352.0,2.2
2024-04-22 11:00:00,30.9,0.0,74.7,235.0,3.9
2024-04-22 12:00:00,27.9,0.6,92.4,170.0,4.1
2024-04-22 13:00:00,31.2,0.0,72.2,174.0,3.7
2024-04-22 14:00:00,33.0,0.0,65.6,203.0,4.0
2024-04-22 15:00:00,32.5,0.0,65.3,172.0,5.0
2024-04-22 16:00:00,29.7,1.0,84.5,134.0,4.5
2024-04-22 17:00:00,27.0,0.0,92.6,237.0,1.3
2024-04-22 18:00:00,27.9,0.0,92.9,195.0,1.6
2024-04-22 19:00:00,27.9,0.0,89.3,333.0,1.3
2024-04-22 20:00:00,27.8,0.0,92.0,332.0,1.0
2024-04-22 21:00:00,28.0,0.0,92.2,228.0,0.8
2024-04-22 22:00:00,27.7,0.0,95.6,297.0,0.7
2024-04-22 23:00:00,27.7,0.0,95.6,296.0,0.9
2024-04-23 00:00:00,27.5,0.0,97.6,349.0,1.5
2024-04-23 01:00:00,27.4,0.0,96.8,358.0,1.3
2024-04-23 02:00:00,27.4,0.0,97.8,353.0,1.6
2024-04-23 03:00:00,27.0,0.0,98.6,268.0,0.7
2024-04-23 04:00:00,26.9,0.0,99.0,347.0,0.8
2024-04-23 05:00:00,26.9,0.0,99.2,11.0,1.8
2024-04-23 06:00:00,26.7,0.0,99.3,346.0,1.6
2024-04-23 07:00:00,27.0,0.0,99.3,353.0,1.6
2024-04-23 08:00:00,27.4,0.0,98.7,289.0,1.4
2024-04-23 09:00:00,29.3,0.0,89.6,334.0,1.8
2024-04-23 10:00:00,31.4,0.0,76.7,51.0,2.0
2024-04-23 11:00:00,30.6,0.0,76.3,205.0,2.2
2024-04-23 12:00:00,32.6,0.0,66.6,192.0,2.2
2024-04-23 13:00:00,32.9,0.0,65.6,255.0,1.7
2024-04-23 14:00:00,33.8,0.0,60.6,166.0,2.5
2024-04-23 15:00:00,26.2,0.0,98.9,244.0,4.8
2024-04-23 16:00:00,32.6,0.0,72.2,199.0,2.5
2024-04-23 17:00:00,30.4,0.0,76.9,339.0,2.5
2024-04-23 18:00:00,30.7,0.0,81.4,358.0,1.4
2024-04-23 19:00:00,30.3,0.0,75.7,179.0,3.3
2024-04-23 20:00:00,29.8,0.0,77.1,178.0,1.9
2024-04-23 21:00:00,29.5,0.0,83.4,131.0,2.6
2024-04-23 22:00:00,29.0,0.0,86.6,339.0,1.2
2024-04-23 23:00:00,29.2,0.0,79.5,144.0,2.0
2024-04-24 00:00:00,27.7,0.0,91.7,7.0,1.7
2024-04-24 01:00:00,27.8,0.0,90.9,341.0,1.1
2024-04-24 02:00:00,27.4,0.0,92.3,287.0,1.1
2024-04-24 03:00:00,27.2,0.0,93.9,352.0,1.2
2024-04-24 04:00:00,27.1,0.0,94.4,20.0,2.1
2024-04-24 05:00:00,26.8,0.0,94.3,358.0,1.9
2024-04-24 06:00:00,26.9,0.0,94.7,337.0,1.4
2024-04-24 07:00:00,26.8,0.0,95.7,279.0,0.8
2024-04-24 08:00:00,27.7,0.0,91.6,256.0,2.0
2024-04-24 09:00:00,30.7,0.0,76.4,312.0,1.0
2024-04-24 10:00:00,29.8,0.0,79.2,178.0,2.9
2024-04-24 11:00:00,31.0,0.0,72.4,178.0,5.0
2024-04-24 12:00:00,31.8,0.0,70.4,216.0,4.2
2024-04-24 13:00:00,32.3,0.0,65.8,164.0,2.4
2024-04-24 14:00:00,31.5,0.0,67.3,184.0,3.6
2024-04-24 15:00:00,33.0,0.0,60.3,167.0,3.4
2024-04-24 16:00:00,33.1,0.0,57.8,167.0,5.0
2024-04-24 17:00:00,32.2,0.0,63.1,190.0,4.5
2024-04-24 18:00:00,31.7,0.0,65.9,169.0,3.5
2024-04-24 19:00:00,30.6,0.0,72.9,176.0,2.6
2024-04-24 20:00:00,30.0,0.0,75.2,254.0,2.0
2024-04-24 21:00:00,29.8,0.0,75.9,171.0,2.2
2024-04-24 22:00:00,29.5,0.0,78.4,176.0,2.7
2024-04-24 23:00:00,29.4,0.0,79.2,177.0,3.6
2024-04-25 00:00:00,29.5,0.0,78.6,176.0,2.2
2024-04-25 01:00:00,28.9,0.0,82.1,188.0,0.5
2024-04-25 02:00:00,28.4,0.0,85.0,320.0,0.9
2024-04-25 03:00:00,28.2,0.0,87.4,142.0,1.0
2024-04-25 04:00:00,28.2,0.0,87.8,135.0,1.6
2024-04-25 05:00:00,28.1,0.0,88.1,130.0,2.7
2024-04-25 06:00:00,27.9,0.0,89.3,126.0,1.2
2024-04-25 07:00:00,27.6,0.0,89.7,249.0,0.5
2024-04-25 08:00:00,29.7,0.0,83.4,54.0,1.2
2024-04-25 09:00:00,31.0,0.0,77.6,109.0,2.5
2024-04-25 10:00:00,32.1,0.0,65.1,59.0,2.6
2024-04-25 11:00:00,31.9,0.0,66.6,128.0,2.6
2024-04-25 12:00:00,30.4,0.0,73.9,164.0,4.6
2024-04-25 13:00:00,32.3,0.0,66.7,122.0,4.8
2024-04-25 14:00:00,33.0,0.0,59.0,121.0,4.6
2024-04-25 15:00:00,34.5,0.0,51.4,96.0,4.0
2024-04-25 16:00:00,34.3,0.0,53.5,159.0,3.3
2024-04-25 17:00:00,32.6,0.0,60.4,116.0,5.2
2024-04-25 18:00:00,31.8,0.0,62.1,143.0,2.9
2024-04-25 19:00:00,31.0,0.0,69.2,270.0,1.5
2024-04-25 20:00:00,28.8,0.0,79.9,352.0,2.9
2024-04-25 21:00:00,29.1,0.0,79.0,329.0,1.4
2024-04-25 22:00:00,28.7,0.0,82.5,5.0,1.5
2024-04-25 23:00:00,28.6,0.0,84.4,268.0,0.5
2024-04-26 00:00:00,28.4,0.0,86.0,317.0,0.9
2024-04-26 01:00:00,27.7,0.0,91.7,14.0,1.8
2024-04-26 02:00:00,27.7,0.0,92.4,15.0,1.7
2024-04-26 03:00:00,27.6,0.0,91.7,14.0,1.6
2024-04-26 04:00:00,27.4,0.0,93.1,352.0,1.0
2024-04-26 05:00:00,27.1,0.0,93.7,25.0,2.0
2024-04-26 06:00:00,27.0,0.0,92.1,321.0,1.7
2024-04-26 07:00:00,27.0,0.0,91.4,354.0,1.9
2024-04-26 08:00:00,28.1,0.0,87.1,326.0,1.4
2024-04-26 09:00:00,30.3,0.0,79.9,311.0,1.2
2024-04-26 10:00:00,31.2,0.0,71.3,138.0,3.7
2024-04-26 11:00:00,32.3,0.0,70.0,347.0,1.5
2024-04-26 12:00:00,33.3,0.0,61.8,275.0,1.0
2024-04-26 13:00:00,33.1,0.0,64.9,324.0,1.2
2024-04-26 14:00:00,34.4,0.0,60.2,354.0,2.0
2024-04-26 15:00:00,33.1,0.0,61.3,164.0,3.0
2024-04-26 16:00:00,30.6,0.0,74.2,264.0,5.6
2024-04-26 17:00:00,27.8,0.0,90.8,3.0,4.2
2024-04-26 18:00:00,25.4,0.4,98.3,117.0,2.6
2024-04-26 19:00:00,27.2,0.0,89.4,358.0,1.2
2024-04-26 20:00:00,27.1,0.0,95.2,214.0,0.6
2024-04-26 21:00:00,27.7,0.0,90.3,345.0,1.1
2024-04-26 22:00:00,27.5,0.0,92.2,7.0,1.3
2024-04-26 23:00:00,27.6,0.0,93.7,225.0,0.7
2024-04-27 00:00:00,27.8,0.0,92.9,17.0,1.6
2024-04-27 01:00:00,27.4,0.0,94.6,301.0,1.4
2024-04-27 02:00:00,27.2,0.0,95.6,326.0,0.7
2024-04-27 03:00:00,26.8,0.0,96.6,307.0,0.6
2024-04-27 04:00:00,26.9,0.0,97.3,21.0,2.1
2024-04-27 05:00:00,27.0,0.0,97.2,322.0,1.0
2024-04-27 06:00:00,26.9,0.0,97.7,358.0,1.2
2024-04-27 07:00:00,26.7,0.0,98.5,18.0,1.7
2024-04-27 08:00:00,27.1,0.0,97.3,329.0,1.5
2024-04-27 09:00:00,29.0,0.0,89.1,14.0,2.4
2024-04-27 10:00:00,30.8,0.0,81.1,31.0,3.2
2024-04-27 11:00:00,31.7,0.0,68.5,99.0,3.2
2024-04-27 12:00:00,32.3,0.0,68.4,33.0,3.7
2024-04-27 13:00:00,33.3,0.0,61.7,226.0,1.8
2024-04-27 14:00:00,34.9,0.0,54.1,296.0,1.9
2024-04-27 15:00:00,33.2,0.0,56.5,171.0,2.5
2024-04-27 16:00:00,34.3,0.0,57.2,158.0,1.6
2024-04-27 17:00:00,33.0,0.0,56.3,179.0,4.2
2024-04-27 18:00:00,29.1,0.0,85.7,10.0,6.6
2024-04-27 19:00:00,29.1,0.0,81.2,259.0,1.3
2024-04-27 20:00:00,28.7,0.0,82.2,229.0,1.0
2024-04-27 21:00:00,28.6,0.0,85.3,163.0,2.2
2024-04-27 22:00:00,28.6,0.0,82.9,157.0,1.3
2024-04-27 23:00:00,28.6,0.0,85.0,133.0,1.4
2024-04-28 00:00:00,28.1,0.0,88.0,265.0,1.6
2024-04-28 01:00:00,27.8,0.0,90.6,13.0,1.4
2024-04-28 02:00:00,28.0,0.0,89.9,331.0,0.7
2024-04-28 03:00:00,27.5,0.0,91.8,269.0,0.7
2024-04-28 04:00:00,27.4,0.0,92.9,329.0,0.7
2024-04-28 05:00:00,27.4,0.0,92.8,353.0,0.9
2024-04-28 06:00:00,27.2,0.0,94.2,283.0,0.7
2024-04-28 07:00:00,27.3,0.0,94.3,310.0,1.1
2024-04-28 08:00:00,28.5,0.0,89.7,1.0,1.6
2024-04-28 09:00:00,31.0,0.0,75.5,139.0,1.8
2024-04-28 10:00:00,30.9,0.0,77.7,228.0,2.8
2024-04-28 11:00:00,31.4,0.0,74.5,214.0,4.0
2024-04-28 12:00:00,32.1,0.0,72.2,158.0,3.9
2024-04-28 13:00:00,32.7,0.0,63.1,166.0,4.3
2024-04-28 14:00:00,33.0,0.0,62.0,189.0,3.9
2024-04-28 15:00:00,29.5,0.0,71.7,177.0,7.1
2024-04-28 16:00:00,29.9,0.0,76.0,169.0,4.2
2024-04-28 17:00:00,29.4,0.0,85.3,171.0,3.4
2024-04-28 18:00:00,30.0,0.0,77.3,169.0,4.3
2024-04-28 19:00:00,29.3,0.0,82.7,152.0,3.0
2024-04-28 20:00:00,28.8,0.0,86.2,140.0,2.2
2024-04-28 21:00:00,28.9,0.0,85.2,317.0,0.7
2024-04-28 22:00:00,28.4,0.0,88.9,158.0,1.2
2024-04-28 23:00:00,28.5,0.0,84.3,146.0,2.7
2024-04-29 00:00:00,28.5,0.0,81.8,135.0,3.0
2024-04-29 01:00:00,28.3,0.0,83.8,150.0,1.6
2024-04-29 02:00:00,27.9,0.0,86.7,308.0,1.3
2024-04-29 03:00:00,27.3,0.0,89.5,347.0,0.9
2024-04-29 04:00:00,26.9,0.0,91.7,338.0,1.4
2024-04-29 05:00:00,26.9,0.0,93.6,347.0,0.6
2024-04-29 06:00:00,26.7,0.0,96.0,14.0,2.0
2024-04-29 07:00:00,26.7,0.0,96.1,30.0,3.1
2024-04-29 08:00:00,28.1,0.0,90.4,19.0,2.2
2024-04-29 09:00:00,30.8,0.0,80.4,318.0,1.6
2024-04-29 10:00:00,32.1,0.0,68.7,135.0,2.9
2024-04-29 11:00:00,33.4,0.0,61.8,112.0,3.1
2024-04-29 12:00:00,34.0,0.0,62.9,68.0,2.7
2024-04-29 13:00:00,33.5,0.0,59.8,135.0,3.3
2024-04-29 14:00:00,34.7,0.0,55.3,174.0,2.5
2024-04-29 15:00:00,34.3,0.0,56.3,73.0,4.0
2024-04-29 16:00:00,33.6,0.0,57.1,75.0,3.3
2024-04-29 17:00:00,33.1,0.0,60.3,103.0,4.8
2024-04-29 18:00:00,32.2,0.0,63.7,120.0,3.4
2024-04-29 19:00:00,31.7,0.0,64.8,43.0,2.9
2024-04-29 20:00:00,31.0,0.0,68.9,38.0,1.2
2024-04-29 21:00:00,30.0,0.0,71.9,28.0,2.6
2024-04-29 22:00:00,29.7,0.0,75.1,25.0,2.2
2024-04-29 23:00:00,29.4,0.0,77.6,335.0,1.1
2024-04-30 00:00:00,29.1,0.0,79.7,258.0,0.6
2024-04-30 01:00:00,28.7,0.0,84.5,59.0,0.8
2024-04-30 02:00:00,28.7,0.0,83.2,263.0,0.7
2024-04-30 03:00:00,28.2,0.0,87.2,355.0,1.2
2024-04-30 04:00:00,27.8,0.0,89.5,337.0,1.3
2024-04-30 05:00:00,27.8,0.0,92.0,4.0,1.2
2024-04-30 06:00:00,27.6,0.0,92.1,292.0,0.8
2024-04-30 07:00:00,27.4,0.0,93.3,244.0,0.7
2024-04-30 08:00:00,28.7,0.0,87.8,339.0,1.1
2024-04-30 09:00:00,31.2,0.0,76.1,108.0,2.8
2024-04-30 10:00:00,31.9,0.0,67.8,168.0,3.8
2024-04-30 11:00:00,33.3,0.0,61.8,153.0,2.4
2024-04-30 12:00:00,33.4,0.0,62.3,189.0,4.2
2024-04-30 13:00:00,34.1,0.0,56.9,175.0,3.6
2024-04-30 14:00:00,33.9,0.0,60.2,161.0,5.1
2024-04-30 15:00:00,33.3,0.0,60.3,176.0,4.6
2024-04-30 16:00:00,33.6,0.0,62.1,171.0,5.1
2024-04-30 17:00:00,33.1,0.0,62.4,176.0,4.2
2024-04-30 18:00:00,32.2,0.0,67.9,191.0,2.3
2024-04-30 19:00:00,29.9,0.0,79.6,9.0,2.1
2024-04-30 20:00:00,30.2,0.0,79.7,137.0,1.3
2024-04-30 21:00:00,30.3,0.0,78.8,87.0,0.9
2024-04-30 22:00:00,30.1,0.0,81.5,115.0,2.6
2024-04-30 23:00:00,30.1,0.0,83.4,82.0,1.4
2024-05-01 00:00:00,29.0,0.0,89.5,349.0,2.2
2024-05-01 01:00:00,28.9,0.0,89.8,169.0,1.1
2024-05-01 02:00:00,28.9,0.0,87.0,119.0,2.2
2024-05-01 03:00:00,28.7,0.0,88.4,178.0,0.8
2024-05-01 04:00:00,28.8,0.0,88.0,146.0,1.9
2024-05-01 05:00:00,28.5,0.0,89.2,136.0,2.0
2024-05-01 06:00:00,28.6,0.0,87.1,118.0,1.7
2024-05-01 07:00:00,28.5,0.0,87.4,99.0,0.7
2024-05-01 08:00:00,29.2,0.0,81.0,126.0,2.7
2024-05-01 09:00:00,31.6,0.0,70.7,95.0,1.5
2024-05-01 10:00:00,32.6,0.0,66.9,137.0,2.4
2024-05-01 11:00:00,34.3,0.0,60.1,122.0,2.0
2024-05-01 12:00:00,31.1,0.0,70.9,231.0,3.9
2024-05-01 13:00:00,30.4,0.0,75.8,255.0,3.6
2024-05-01 14:00:00,31.8,0.0,70.8,241.0,3.4
2024-05-01 15:00:00,32.9,0.0,60.5,215.0,5.7
2024-05-01 16:00:00,31.8,0.0,63.7,179.0,2.2
2024-05-01 17:00:00,31.0,0.0,73.1,275.0,3.0
2024-05-01 18:00:00,28.4,0.0,88.5,22.0,3.3
2024-05-01 19:00:00,28.6,0.0,88.8,7.0,1.7
2024-05-01 20:00:00,28.6,0.0,88.2,1.0,1.1
2024-05-01 21:00:00,26.6,4.8,94.9,213.0,5.2
2024-05-01 22:00:00,27.5,0.0,95.2,345.0,1.3
2024-05-01 23:00:00,26.0,1.2,99.3,206.0,2.3
2024-05-02 00:00:00,26.5,0.0,99.3,305.0,1.5
2024-05-02 01:00:00,26.5,0.0,99.3,181.0,0.8
2024-05-02 02:00:00,26.6,0.0,99.3,335.0,1.3
2024-05-02 03:00:00,26.6,0.0,99.3,352.0,1.0
2024-05-02 04:00:00,26.6,0.0,99.3,8.0,1.9
2024-05-02 05:00:00,26.7,0.0,99.3,16.0,1.9
2024-05-02 06:00:00,26.5,0.0,99.3,327.0,1.6
2024-05-02 07:00:00,26.5,0.0,99.3,4.0,1.8
2024-05-02 08:00:00,27.0,0.0,99.3,324.0,1.4
2024-05-02 09:00:00,30.5,0.0,81.2,173.0,1.1
2024-05-02 10:00:00,30.3,0.0,78.6,175.0,2.5
2024-05-02 11:00:00,31.9,0.0,68.0,168.0,2.9
2024-05-02 12:00:00,31.2,0.0,77.8,252.0,5.2
2024-05-02 13:00:00,30.7,0.0,76.8,225.0,3.6
2024-05-02 14:00:00,30.9,0.0,76.9,178.0,2.9
2024-05-02 15:00:00,30.2,0.0,76.9,163.0,2.8
2024-05-02 16:00:00,27.3,0.0,87.7,250.0,1.1
2024-05-02 17:00:00,28.3,0.0,86.2,356.0,1.9
2024-05-02 18:00:00,29.1,0.0,83.6,26.0,1.4
2024-05-02 19:00:00,28.0,0.0,89.8,346.0,2.0
2024-05-02 20:00:00,27.7,0.0,93.0,353.0,2.1
2024-05-02 21:00:00,27.6,0.0,92.5,356.0,1.4
2024-05-02 22:00:00,27.2,0.0,94.2,21.0,2.2
2024-05-02 23:00:00,27.2,0.0,95.2,319.0,1.0
2024-05-03 00:00:00,27.2,0.0,94.9,346.0,1.3
2024-05-03 01:00:00,26.8,0.0,96.0,359.0,1.8
2024-05-03 02:00:00,26.4,0.0,96.1,9.0,1.2
2024-05-03 03:00:00,26.4,0.0,96.9,246.0,0.6
2024-05-03 04:00:00,26.4,0.0,96.5,358.0,1.4
2024-05-03 05:00:00,26.4,0.0,97.4,345.0,1.0
2024-05-03 06:00:00,26.2,0.0,97.5,20.0,2.1
2024-05-03 07:00:00,26.2,0.0,96.7,290.0,0.8
2024-05-03 08:00:00,27.5,0.0,89.7,220.0,2.9
2024-05-03 09:00:00,29.9,0.0,74.0,175.0,3.0
2024-05-03 10:00:00,30.7,0.0,74.5,172.0,2.4
2024-05-03 11:00:00,31.5,0.0,71.7,175.0,2.6
2024-05-03 12:00:00,31.3,0.0,71.2,152.0,2.8
2024-05-03 13:00:00,33.2,0.0,60.4,179.0,3.1
2024-05-03 14:00:00,33.9,0.0,61.0,217.0,3.6
2024-05-03 15:00:00,31.6,0.0,69.1,160.0,3.7
2024-05-03 16:00:00,25.9,2.6,99.3,188.0,2.9
2024-05-03 17:00:00,25.8,0.0,99.3,200.0,2.0
2024-05-03 18:00:00,27.6,0.0,93.4,347.0,1.3
2024-05-03 19:00:00,27.4,0.0,96.4,8.0,2.1
2024-05-03 20:00:00,27.6,0.0,97.4,32.0,3.2
2024-05-03 21:00:00,27.6,0.0,95.9,20.0,1.3
2024-05-03 22:00:00,27.4,0.0,97.1,3.0,1.7
2024-05-03 23:00:00,27.4,0.0,97.8,22.0,1.9
2024-05-04 00:00:00,27.1,0.0,97.1,354.0,1.5
2024-05-04 01:00:00,27.1,0.0,97.4,18.0,1.7
2024-05-04 02:00:00,26.8,0.0,93.5,144.0,1.5
2024-05-04 03:00:00,26.9,0.0,96.5,335.0,1.1
2024-05-04 04:00:00,26.7,0.0,98.8,330.0,0.9
2024-05-04 05:00:00,26.4,0.0,99.3,2.0,1.7
2024-05-04 06:00:00,26.3,0.0,99.0,338.0,1.2
2024-05-04 07:00:00,26.5,0.0,98.5,319.0,2.2
2024-05-04 08:00:00,26.3,0.0,95.4,225.0,5.4
2024-05-04 09:00:00,25.7,0.0,92.8,254.0,2.4
2024-05-04 10:00:00,25.1,2.6,98.4,343.0,3.6
2024-05-04 11:00:00,24.5,2.2,99.3,292.0,5.2
2024-05-04 12:00:00,24.2,0.2,99.3,288.0,3.8
2024-05-04 13:00:00,23.6,0.0,99.3,285.0,4.2
2024-05-04 14:00:00,24.5,0.0,98.4,315.0,3.7
2024-05-04 15:00:00,24.9,0.0,90.8,326.0,1.7
2024-05-04 16:00:00,25.6,0.0,84.9,251.0,1.7
2024-05-04 17:00:00,26.4,0.0,86.7,266.0,1.7
2024-05-04 18:00:00,26.6,0.0,87.3,302.0,2.1
2024-05-04 19:00:00,25.8,0.0,93.0,2.0,2.1
2024-05-04 20:00:00,25.8,0.0,95.4,13.0,1.8
2024-05-04 21:00:00,25.5,0.0,96.5,204.0,0.6
2024-05-04 22:00:00,25.6,0.0,96.7,206.0,0.5
2024-05-04 23:00:00,25.7,0.0,95.7,3.0,0.9
2024-05-05 00:00:00,25.5,0.0,97.1,3.0,1.2
2024-05-05 01:00:00,25.5,0.0,97.4,317.0,0.4
2024-05-05 02:00:00,25.5,0.0,97.8,16.0,1.1
2024-05-05 03:00:00,25.3,0.0,99.1,339.0,1.5
2024-05-05 04:00:00,25.3,0.0,99.0,337.0,0.7
2024-05-05 05:00:00,25.2,0.0,99.3,268.0,0.5
2024-05-05 06:00:00,25.4,0.0,98.5,216.0,0.6
2024-05-05 07:00:00,25.5,0.0,98.4,5.0,1.2
2024-05-05 08:00:00,26.6,0.0,96.5,353.0,1.2
2024-05-05 09:00:00,28.6,0.0,84.8,303.0,1.2
2024-05-05 10:00:00,30.9,0.0,74.0,307.0,1.4
2024-05-05 11:00:00,31.5,0.0,67.7,206.0,3.4
2024-05-05 12:00:00,32.0,0.0,62.0,255.0,2.8
2024-05-05 13:00:00,32.7,0.0,59.7,223.0,4.0
2024-05-05 14:00:00,33.3,0.0,55.6,197.0,3.2
2024-05-05 15:00:00,33.5,0.0,55.3,280.0,5.2
2024-05-05 16:00:00,33.4,0.0,55.4,228.0,4.2
2024-05-05 17:00:00,33.3,0.0,56.1,216.0,3.2
2024-05-05 18:00:00,32.3,0.0,60.6,181.0,2.9
2024-05-05 19:00:00,31.6,0.0,56.1,161.0,2.0
2024-05-05 20:00:00,30.4,0.0,70.1,152.0,1.7
2024-05-05 21:00:00,30.0,0.0,74.7,176.0,1.8
2024-05-05 22:00:00,29.3,0.0,78.9,127.0,2.0
2024-05-05 23:00:00,29.6,0.0,79.4,156.0,2.3
2024-05-06 00:00:00,29.1,0.0,84.2,97.0,1.3
2024-05-06 01:00:00,28.9,0.0,85.3,176.0,0.8
2024-05-06 02:00:00,28.4,0.0,87.3,222.0,0.9
2024-05-06 03:00:00,28.0,0.0,90.6,254.0,0.6
2024-05-06 04:00:00,27.6,0.0,92.9,1.0,0.8
2024-05-06 05:00:00,27.4,0.0,94.0,274.0,0.7
2024-05-06 06:00:00,27.7,0.0,92.8,153.0,1.6
2024-05-06 07:00:00,27.3,0.0,94.8,281.0,0.7
2024-05-06 08:00:00,28.7,0.0,89.6,333.0,0.8
2024-05-06 09:00:00,30.9,0.0,80.7,38.0,1.2
2024-05-06 10:00:00,32.0,0.0,71.2,93.0,1.7
2024-05-06 11:00:00,32.1,0.0,64.4,131.0,3.7
2024-05-06 12:00:00,31.6,0.4,72.8,192.0,2.5
2024-05-06 13:00:00,31.9,0.0,69.5,188.0,2.1
2024-05-06 14:00:00,34.7,0.0,49.2,189.0,3.7
2024-05-06 15:00:00,32.0,0.0,67.8,167.0,5.1
2024-05-06 16:00:00,31.9,0.0,69.6,124.0,5.0
2024-05-06 17:00:00,29.6,0.0,83.0,14.0,4.1
2024-05-06 18:00:00,28.0,0.0,92.5,15.0,2.9
2024-05-06 19:00:00,28.3,0.0,90.2,10.0,1.8
2024-05-06 20:00:00,28.3,0.0,89.2,343.0,1.8
2024-05-06 21:00:00,28.4,0.0,90.7,33.0,1.3
2024-05-06 22:00:00,28.5,0.0,85.7,357.0,1.5
2024-05-06 23:00:00,28.0,0.0,91.2,11.0,1.6
2024-05-07 00:00:00,28.1,0.0,91.2,337.0,1.2
2024-05-07 01:00:00,27.9,0.0,94.5,12.0,1.3
2024-05-07 02:00:00,27.5,0.0,96.4,316.0,0.9
2024-05-07 03:00:00,27.6,0.0,96.3,311.0,0.8
2024-05-07 04:00:00,27.4,0.0,96.2,328.0,1.2
2024-05-07 05:00:00,27.3,0.0,97.6,354.0,1.3
2024-05-07 06:00:00,27.3,0.0,97.0,335.0,2.0
2024-05-07 07:00:00,27.3,0.0,96.9,310.0,1.9
2024-05-07 08:00:00,27.8,0.0,89.1,286.0,1.8
2024-05-07 09:00:00,27.5,0.0,84.9,345.0,2.3
2024-05-07 10:00:00,27.9,0.0,87.4,351.0,1.7
2024-05-07 11:00:00,30.0,0.0,76.9,319.0,3.5
2024-05-07 12:00:00,31.5,0.0,70.1,64.0,2.6
2024-05-07 13:00:00,28.1,0.4,89.7,265.0,5.5
2024-05-07 14:00:00,27.4,0.0,89.4,251.0,2.7
2024-05-07 15:00:00,27.4,0.2,92.0,171.0,2.2
2024-05-07 16:00:00,27.5,0.0,91.6,13.0,1.8
2024-05-07 17:00:00,28.2,0.0,85.1,4.0,2.9
2024-05-07 18:00:00,28.3,0.0,81.8,351.0,1.9
2024-05-07 19:00:00,27.9,0.0,85.3,355.0,1.8
2024-05-07 20:00:00,27.5,0.0,88.6,345.0,2.1
2024-05-07 21:00:00,27.4,0.0,90.9,322.0,1.2
2024-05-07 22:00:00,27.1,0.0,95.2,26.0,2.3
2024-05-07 23:00:00,27.2,0.0,96.1,349.0,1.8
2024-05-08 00:00:00,27.2,0.0,92.3,346.0,0.9
2024-05-08 01:00:00,27.3,0.0,92.6,318.0,1.5
2024-05-08 02:00:00,27.1,0.0,93.9,355.0,1.4
2024-05-08 03:00:00,27.0,0.0,95.1,10.0,2.1
2024-05-08 04:00:00,26.9,0.0,95.2,28.0,0.8
2024-05-08 05:00:00,25.6,0.0,93.4,265.0,3.8
2024-05-08 06:00:00,25.4,0.0,97.3,238.0,3.2
2024-05-08 07:00:00,25.1,0.2,98.0,254.0,3.3
2024-05-08 08:00:00,25.6,0.0,97.5,317.0,1.4
2024-05-08 09:00:00,27.1,0.0,89.7,355.0,2.2
2024-05-08 10:00:00,27.8,0.0,86.2,75.0,1.6
2024-05-08 11:00:00,29.0,0.0,79.4,354.0,1.6
2024-05-08 12:00:00,30.2,0.0,75.4,339.0,1.6
2024-05-08 13:00:00,31.1,0.0,73.2,94.0,1.3
2024-05-08 14:00:00,31.1,0.0,69.9,351.0,1.3
2024-05-08 15:00:00,31.1,0.0,74.0,128.0,2.2
2024-05-08 16:00:00,30.4,0.0,75.3,170.0,3.6
2024-05-08 17:00:00,30.2,0.0,73.9,188.0,3.3
2024-05-08 18:00:00,29.3,0.0,78.0,168.0,3.3
2024-05-08 19:00:00,29.2,0.0,79.5,138.0,2.5
2024-05-08 20:00:00,26.2,0.0,89.9,318.0,3.6
2024-05-08 21:00:00,25.9,0.0,90.8,173.0,1.0
2024-05-08 22:00:00,26.1,0.0,93.4,222.0,1.1
2024-05-08 23:00:00,26.8,0.0,90.8,203.0,1.9
2024-05-09 00:00:00,27.3,0.0,90.5,140.0,2.4
2024-05-09 01:00:00,27.5,0.0,90.8,214.0,0.7
2024-05-09 02:00:00,27.2,0.0,93.0,11.0,1.3
2024-05-09 03:00:00,27.1,0.0,92.7,347.0,1.5
2024-05-09 04:00:00,26.7,0.0,97.0,285.0,0.8
2024-05-09 05:00:00,26.7,0.0,97.4,320.0,1.3
2024-05-09 06:00:00,26.5,0.0,99.0,23.0,2.2
2024-05-09 07:00:00,26.4,0.0,99.3,323.0,1.0
2024-05-09 08:00:00,26.7,0.0,97.1,1.0,1.6
2024-05-09 09:00:00,28.0,0.0,92.8,334.0,0.9
2024-05-09 10:00:00,30.3,0.0,73.5,133.0,3.0
2024-05-09 11:00:00,32.5,0.0,60.4,127.0,1.9
2024-05-09 12:00:00,32.5,0.0,61.1,207.0,2.5
2024-05-09 13:00:00,33.4,0.0,59.2,144.0,2.0
2024-05-09 14:00:00,34.0,0.0,56.5,43.0,2.6
2024-05-09 15:00:00,33.9,0.0,53.7,126.0,3.1
2024-05-09 16:00:00,34.4,0.0,52.5,131.0,3.9
2024-05-09 17:00:00,32.2,0.0,64.6,154.0,5.0
2024-05-09 18:00:00,31.8,0.0,67.3,149.0,5.0
2024-05-09 19:00:00,30.6,0.0,73.7,149.0,4.3
2024-05-09 20:00:00,30.1,0.0,72.8,150.0,2.8
2024-05-09 21:00:00,29.6,0.0,78.5,116.0,2.4
2024-05-09 22:00:00,29.4,0.0,80.7,118.0,2.9
2024-05-09 23:00:00,29.3,0.0,79.7,135.0,3.0
2024-05-10 00:00:00,29.0,0.0,79.2,124.0,3.1
2024-05-10 01:00:00,28.6,0.0,83.4,88.0,0.8
2024-05-10 02:00:00,28.5,0.0,85.0,35.0,0.9
2024-05-10 03:00:00,28.5,0.0,82.9,147.0,1.5
2024-05-10 04:00:00,28.3,0.0,83.2,137.0,2.0
2024-05-10 05:00:00,28.1,0.0,86.3,137.0,1.7
2024-05-10 06:00:00,28.2,0.0,85.2,138.0,1.9
2024-05-10 07:00:00,27.5,0.0,89.2,292.0,0.7
2024-05-10 08:00:00,28.6,0.0,86.4,134.0,1.4
2024-05-10 09:00:00,31.0,0.0,77.9,113.0,3.0
2024-05-10 10:00:00,32.7,0.0,68.1,139.0,2.4
2024-05-10 11:00:00,32.8,0.0,61.9,118.0,3.9
2024-05-10 12:00:00,28.7,0.0,79.9,161.0,9.0
2024-05-10 13:00:00,29.0,0.0,83.9,163.0,3.4
2024-05-10 14:00:00,31.4,0.0,72.9,172.0,4.0
2024-05-10 15:00:00,30.9,0.0,72.0,155.0,4.1
2024-05-10 16:00:00,30.1,0.0,72.3,178.0,2.3
2024-05-10 17:00:00,31.4,0.0,69.4,171.0,1.7
2024-05-10 18:00:00,30.8,0.0,66.5,171.0,3.6
2024-05-10 19:00:00,30.2,0.0,73.5,160.0,2.2
2024-05-10 20:00:00,27.4,0.0,89.1,88.0,2.1
2024-05-10 21:00:00,28.0,0.0,88.8,135.0,2.3
2024-05-10 22:00:00,27.7,0.0,93.0,288.0,1.1
2024-05-10 23:00:00,28.1,0.0,90.7,266.0,0.9
2024-05-11 00:00:00,27.8,0.0,92.2,243.0,0.8
2024-05-11 01:00:00,27.6,0.0,92.5,359.0,1.6
2024-05-11 02:00:00,27.4,0.0,95.7,350.0,1.2
2024-05-11 03:00:00,27.1,0.0,94.5,340.0,0.9
2024-05-11 04:00:00,26.8,0.0,97.2,348.0,1.2
2024-05-11 05:00:00,26.6,0.0,97.2,357.0,1.5
2024-05-11 06:00:00,26.5,0.0,96.8,5.0,1.6
2024-05-11 07:00:00,26.4,0.0,97.0,296.0,0.7
2024-05-11 08:00:00,28.2,0.0,91.4,322.0,0.7
2024-05-11 09:00:00,30.9,0.0,76.7,285.0,1.1
2024-05-11 10:00:00,32.0,0.0,68.9,102.0,1.8
2024-05-11 11:00:00,32.0,0.0,65.1,125.0,4.6
2024-05-11 12:00:00,33.7,0.0,57.1,73.0,2.5
2024-05-11 13:00:00,35.1,0.0,51.2,188.0,2.9
2024-05-11 14:00:00,33.6,0.0,62.6,178.0,4.6
2024-05-11 15:00:00,28.3,0.0,77.3,24.0,4.3
2024-05-11 16:00:00,30.8,0.0,75.5,72.0,3.7
2024-05-11 17:00:00,30.1,0.0,73.1,109.0,4.8
2024-05-11 18:00:00,30.3,0.0,76.6,131.0,3.6
2024-05-11 19:00:00,29.9,0.0,76.4,127.0,2.6
2024-05-11 20:00:00,29.6,0.0,74.9,128.0,2.6
2024-05-11 21:00:00,29.0,0.0,81.3,23.0,2.9
2024-05-11 22:00:00,29.0,0.0,84.7,98.0,1.3
2024-05-11 23:00:00,28.8,0.0,82.7,129.0,2.4
2024-05-12 00:00:00,28.6,0.0,86.4,135.0,2.2
2024-05-12 01:00:00,28.5,0.0,84.9,170.0,1.1
2024-05-12 02:00:00,28.0,0.0,88.0,92.0,1.5
2024-05-12 03:00:00,28.0,0.0,87.9,150.0,2.7
2024-05-12 04:00:00,27.8,0.0,89.2,142.0,1.7
2024-05-12 05:00:00,27.6,0.0,89.7,314.0,1.0
2024-05-12 06:00:00,27.4,0.0,91.6,318.0,1.2
2024-05-12 07:00:00,26.9,0.0,95.6,15.0,1.9
2024-05-12 08:00:00,27.6,0.0,93.2,351.0,1.2
2024-05-12 09:00:00,28.3,0.0,90.7,19.0,1.2
2024-05-12 10:00:00,29.9,0.0,80.3,341.0,1.5
2024-05-12 11:00:00,29.2,0.0,83.8,210.0,3.1
2024-05-12 12:00:00,32.7,0.0,64.3,206.0,2.3
2024-05-12 13:00:00,30.6,0.0,73.3,219.0,3.4
2024-05-12 14:00:00,30.5,0.0,75.0,162.0,2.9
2024-05-12 15:00:00,29.3,0.0,82.5,334.0,1.3
2024-05-12 16:00:00,29.3,0.0,88.9,114.0,1.0
2024-05-12 17:00:00,29.9,0.0,81.4,127.0,1.6
2024-05-12 18:00:00,29.7,0.0,77.2,114.0,2.0
2024-05-12 19:00:00,29.1,0.0,81.4,139.0,1.5
2024-05-12 20:00:00,28.8,0.0,80.9,258.0,1.2
2024-05-12 21:00:00,28.3,0.0,88.2,330.0,0.8
2024-05-12 22:00:00,27.7,0.0,92.1,73.0,1.0
2024-05-12 23:00:00,27.8,0.0,90.1,319.0,1.2
2024-05-13 00:00:00,27.5,0.0,93.2,299.0,1.5
2024-05-13 01:00:00,27.4,0.0,93.9,244.0,0.6
2024-05-13 02:00:00,27.1,0.0,95.6,310.0,0.8
2024-05-13 03:00:00,27.0,0.0,95.4,335.0,0.9
2024-05-13 04:00:00,26.9,0.0,96.2,316.0,0.7
2024-05-13 05:00:00,26.9,0.0,97.5,26.0,2.1
2024-05-13 06:00:00,26.7,0.0,97.6,302.0,1.9
2024-05-13 07:00:00,25.0,0.0,96.2,171.0,1.2
2024-05-13 08:00:00,26.3,0.0,95.0,4.0,2.0
2024-05-13 09:00:00,29.3,0.0,83.5,331.0,1.4
2024-05-13 10:00:00,31.5,0.0,73.3,250.0,1.1
2024-05-13 11:00:00,31.9,0.0,68.7,5.0,2.6
2024-05-13 12:00:00,28.6,0.0,83.0,171.0,5.4
2024-05-13 13:00:00,30.4,0.0,73.3,173.0,2.0
2024-05-13 14:00:00,33.1,0.0,59.4,168.0,2.6
2024-05-13 15:00:00,31.5,0.0,63.2,322.0,6.2
2024-05-13 16:00:00,32.2,0.0,64.1,296.0,2.2
2024-05-13 17:00:00,28.3,0.0,84.7,151.0,5.5
2024-05-13 18:00:00,29.0,0.0,79.1,210.0,1.2
2024-05-13 19:00:00,28.8,0.0,83.3,58.0,1.9
2024-05-13 20:00:00,26.3,0.0,89.2,34.0,4.1
2024-05-13 21:00:00,26.7,0.0,84.8,33.0,1.5
2024-05-13 22:00:00,26.6,0.0,85.4,347.0,1.6
2024-05-13 23:00:00,26.3,0.0,88.4,332.0,2.3
2024-05-14 00:00:00,26.1,0.0,92.9,12.0,2.0
2024-05-14 01:00:00,26.1,0.0,92.3,3.0,1.5
2024-05-14 02:00:00,26.2,0.0,92.4,336.0,1.0
2024-05-14 03:00:00,25.9,0.0,93.4,308.0,1.1
2024-05-14 04:00:00,26.1,0.0,94.2,337.0,1.2
2024-05-14 05:00:00,26.0,0.0,93.8,336.0,1.2
2024-05-14 06:00:00,25.8,0.0,92.4,357.0,2.1
2024-05-14 07:00:00,26.0,0.0,91.7,338.0,2.1
2024-05-14 08:00:00,27.6,0.0,82.9,351.0,1.2
2024-05-14 09:00:00,28.4,0.0,77.5,19.0,2.4
2024-05-14 10:00:00,30.0,0.0,70.6,337.0,3.6
2024-05-14 11:00:00,31.7,0.0,64.1,349.0,2.8
2024-05-14 12:00:00,33.0,0.0,54.8,354.0,3.6
2024-05-14 13:00:00,33.2,0.0,56.5,301.0,3.1
2024-05-14 14:00:00,34.6,0.0,51.1,228.0,3.0
2024-05-14 15:00:00,34.7,0.0,53.4,256.0,4.7
2024-05-14 16:00:00,31.1,0.0,71.2,164.0,3.3
2024-05-14 17:00:00,30.3,0.0,77.7,132.0,3.5
2024-05-14 18:00:00,24.8,0.2,99.3,240.0,1.8
2024-05-14 19:00:00,25.5,0.0,99.3,155.0,2.4
2024-05-14 20:00:00,25.7,0.0,99.3,175.0,2.1
2024-05-14 21:00:00,26.1,0.0,98.8,11.0,2.1
2024-05-14 22:00:00,26.3,0.0,98.8,173.0,1.4
2024-05-14 23:00:00,26.9,0.0,93.7,102.0,1.6
2024-05-15 00:00:00,26.8,0.0,94.9,322.0,0.9
2024-05-15 01:00:00,26.5,0.0,96.4,164.0,1.3
2024-05-15 02:00:00,26.6,0.0,95.3,74.0,0.7
2024-05-15 03:00:00,26.4,0.0,97.1,349.0,1.0
2024-05-15 04:00:00,26.5,0.0,97.4,303.0,0.8
2024-05-15 05:00:00,26.2,0.0,98.0,18.0,1.8
2024-05-15 06:00:00,26.3,0.0,98.3,343.0,1.3
2024-05-15 07:00:00,26.5,0.0,95.8,170.0,1.4
2024-05-15 08:00:00,27.4,0.0,83.6,225.0,2.4
2024-05-15 09:00:00,28.1,0.0,84.2,231.0,0.6
2024-05-15 10:00:00,30.8,0.0,74.3,317.0,1.1
2024-05-15 11:00:00,30.1,0.0,80.5,240.0,1.9
2024-05-15 12:00:00,31.4,0.0,71.5,217.0,3.1
2024-05-15 13:00:00,31.9,0.0,68.9,208.0,2.3
2024-05-15 14:00:00,31.8,0.0,70.0,270.0,3.1
2024-05-15 15:00:00,30.3,0.0,77.8,237.0,2.7
2024-05-15 16:00:00,28.3,0.2,92.7,115.0,2.5
2024-05-15 17:00:00,27.6,0.0,94.9,350.0,2.2
2024-05-15 18:00:00,28.1,0.0,94.4,15.0,2.0
2024-05-15 19:00:00,27.8,0.0,93.0,11.0,2.2
2024-05-15 20:00:00,27.7,0.0,92.4,8.0,1.9
2024-05-15 21:00:00,27.6,0.0,94.8,357.0,1.4
2024-05-15 22:00:00,27.4,0.0,94.7,329.0,1.0
2024-05-15 23:00:00,27.6,0.0,95.0,323.0,1.0
2024-05-16 00:00:00,27.2,0.0,97.8,329.0,1.1
2024-05-16 01:00:00,27.2,0.0,98.4,348.0,1.2
2024-05-16 02:00:00,26.8,0.0,95.4,266.0,2.3
2024-05-16 03:00:00,26.5,0.0,92.8,351.0,1.2
2024-05-16 04:00:00,26.4,0.0,94.4,340.0,1.2
2024-05-16 05:00:00,26.1,0.0,91.1,267.0,3.9
2024-05-16 06:00:00,25.8,0.0,96.9,252.0,3.4
2024-05-16 07:00:00,26.0,0.0,96.9,317.0,1.3
2024-05-16 08:00:00,26.9,0.0,92.2,196.0,1.6
2024-05-16 09:00:00,30.0,0.0,80.4,214.0,1.2
2024-05-16 10:00:00,28.6,0.0,85.1,250.0,4.7
2024-05-16 11:00:00,29.8,0.0,79.8,235.0,3.1
2024-05-16 12:00:00,27.6,0.2,91.3,122.0,3.5
2024-05-16 13:00:00,27.1,0.0,91.2,177.0,4.5
2024-05-16 14:00:00,27.7,0.0,86.9,164.0,5.8
2024-05-16 15:00:00,25.8,0.0,95.5,179.0,2.3
2024-05-16 16:00:00,25.9,0.2,97.0,155.0,2.3
2024-05-16 17:00:00,26.2,0.0,95.0,179.0,2.3
2024-05-16 18:00:00,26.3,0.0,96.3,350.0,1.6
2024-05-16 19:00:00,26.1,0.0,96.6,11.0,1.8
2024-05-16 20:00:00,26.2,0.0,98.8,11.0,2.1
2024-05-16 21:00:00,26.2,0.0,98.2,359.0,1.6
2024-05-16 22:00:00,26.2,0.0,98.8,268.0,0.7
2024-05-16 23:00:00,26.2,0.0,99.1,19.0,2.2
2024-05-17 00:00:00,26.2,0.0,99.1,335.0,1.1
2024-05-17 01:00:00,25.9,0.0,99.3,342.0,1.0
2024-05-17 02:00:00,25.9,0.0,99.3,344.0,0.8
2024-05-17 03:00:00,25.7,0.0,99.3,359.0,0.8
2024-05-17 04:00:00,25.4,0.0,99.3,14.0,1.7
2024-05-17 05:00:00,25.2,0.0,99.3,221.0,0.5
2024-05-17 06:00:00,25.3,0.0,99.3,278.0,0.5
2024-05-17 07:00:00,25.4,0.0,99.3,11.0,1.5
2024-05-17 08:00:00,26.2,0.0,98.8,355.0,1.5
2024-05-17 09:00:00,29.3,0.0,80.9,264.0,0.8
2024-05-17 10:00:00,30.4,0.0,77.6,261.0,2.6
2024-05-17 11:00:00,30.6,0.0,76.6,256.0,1.1
2024-05-17 12:00:00,32.3,0.0,63.6,189.0,3.7
2024-05-17 13:00:00,32.7,0.0,60.1,178.0,4.1
2024-05-17 14:00:00,33.1,0.0,58.7,164.0,4.3
2024-05-17 15:00:00,32.7,0.0,60.4,144.0,4.2
2024-05-17 16:00:00,32.7,0.0,61.5,159.0,3.9
2024-05-17 17:00:00,31.9,0.0,63.8,176.0,4.0
2024-05-17 18:00:00,31.2,0.0,70.3,169.0,3.3
2024-05-17 19:00:00,30.7,0.0,70.7,139.0,3.7
2024-05-17 20:00:00,30.2,0.0,75.9,146.0,2.7
2024-05-17 21:00:00,29.8,0.0,77.7,158.0,2.6
2024-05-17 22:00:00,29.6,0.0,78.2,168.0,2.0
2024-05-17 23:00:00,28.9,0.0,84.8,216.0,0.6
2024-05-18 00:00:00,28.7,0.0,87.1,158.0,0.8
2024-05-18 01:00:00,28.4,0.0,87.2,303.0,0.6
2024-05-18 02:00:00,28.6,0.0,86.7,132.0,2.4
2024-05-18 03:00:00,27.6,0.0,91.3,337.0,1.5
2024-05-18 04:00:00,27.4,0.0,92.6,312.0,0.7
2024-05-18 05:00:00,27.1,0.0,95.5,3.0,1.3
2024-05-18 06:00:00,26.9,0.0,96.8,20.0,2.1
2024-05-18 07:00:00,26.8,0.0,97.4,16.0,1.6
2024-05-18 08:00:00,28.1,0.0,93.4,354.0,1.2
2024-05-18 09:00:00,30.7,0.0,81.8,147.0,2.0
2024-05-18 10:00:00,31.1,0.0,75.1,157.0,2.5
2024-05-18 11:00:00,32.1,0.0,65.0,180.0,4.1
2024-05-18 12:00:00,32.7,0.0,61.3,161.0,4.0
2024-05-18 13:00:00,33.5,0.0,56.8,147.0,3.3
2024-05-18 14:00:00,33.4,0.0,58.6,184.0,4.4
2024-05-18 15:00:00,32.2,0.0,64.3,202.0,3.0
2024-05-18 16:00:00,26.3,0.0,97.8,238.0,2.3
2024-05-18 17:00:00,27.1,0.0,93.7,224.0,3.1
2024-05-18 18:00:00,27.6,0.0,89.9,351.0,1.5
2024-05-18 19:00:00,27.4,0.0,91.8,246.0,0.7
2024-05-18 20:00:00,27.5,0.0,90.8,255.0,1.2
2024-05-18 21:00:00,27.3,0.0,93.3,233.0,1.3
2024-05-18 22:00:00,27.6,0.0,86.2,132.0,3.0
2024-05-18 23:00:00,27.5,0.0,89.5,284.0,0.7
2024-05-19 00:00:00,27.7,0.0,88.2,151.0,2.0
2024-05-19 01:00:00,27.9,0.0,88.7,168.0,2.7
2024-05-19 02:00:00,27.8,0.0,85.8,174.0,2.7
2024-05-19 03:00:00,28.0,0.0,86.2,163.0,3.2
2024-05-19 04:00:00,27.9,0.0,89.1,149.0,2.4
2024-05-19 05:00:00,27.5,0.0,92.3,115.0,0.9
2024-05-19 06:00:00,27.1,0.0,93.7,327.0,0.9
2024-05-19 07:00:00,26.7,0.0,96.1,358.0,1.3
2024-05-19 08:00:00,28.1,0.0,90.2,347.0,1.0
2024-05-19 09:00:00,29.6,0.0,82.7,322.0,1.3
2024-05-19 10:00:00,30.6,0.0,74.9,173.0,4.2
2024-05-19 11:00:00,30.9,0.0,73.7,165.0,3.1
2024-05-19 12:00:00,33.2,0.0,64.2,169.0,4.9
2024-05-19 13:00:00,33.1,0.0,61.6,172.0,5.8
2024-05-19 14:00:00,33.3,0.0,64.7,163.0,5.1
2024-05-19 15:00:00,30.0,0.0,83.5,165.0,3.0
2024-05-19 16:00:00,29.8,0.0,80.3,177.0,3.7
2024-05-19 17:00:00,30.1,0.0,79.6,136.0,3.6
2024-05-19 18:00:00,27.5,0.0,93.1,164.0,2.1
2024-05-19 19:00:00,27.8,0.0,91.0,161.0,1.8
2024-05-19 20:00:00,27.9,0.0,87.4,172.0,1.7
2024-05-19 21:00:00,28.1,0.0,87.4,173.0,3.2
2024-05-19 22:00:00,28.3,0.0,85.7,171.0,3.7
2024-05-19 23:00:00,28.3,0.0,86.2,168.0,2.9
2024-05-20 00:00:00,28.2,0.0,87.1,181.0,1.9
2024-05-20 01:00:00,28.1,0.0,87.7,161.0,2.4
2024-05-20 02:00:00,27.7,0.0,91.0,131.0,1.2
2024-05-20 03:00:00,28.1,0.0,89.0,177.0,1.4
2024-05-20 04:00:00,27.5,0.0,92.2,259.0,1.4
2024-05-20 05:00:00,27.2,0.0,95.4,307.0,1.4
2024-05-20 06:00:00,27.2,0.0,94.9,172.0,2.0
2024-05-20 07:00:00,28.0,0.0,87.1,118.0,3.3
2024-05-20 08:00:00,27.2,0.2,96.1,1.0,0.7
2024-05-20 09:00:00,27.4,0.0,95.3,182.0,2.6
2024-05-20 10:00:00,27.8,0.0,86.2,174.0,5.1
2024-05-20 11:00:00,28.3,0.0,83.2,180.0,3.2
2024-05-20 12:00:00,28.7,0.0,81.4,129.0,4.0
2024-05-20 13:00:00,28.6,0.0,80.5,148.0,4.7
2024-05-20 14:00:00,31.0,0.0,72.9,169.0,4.0
2024-05-20 15:00:00,31.1,0.0,68.6,140.0,3.4
2024-05-20 16:00:00,30.8,0.0,71.1,148.0,3.1
2024-05-20 17:00:00,30.2,0.0,73.2,166.0,3.7
2024-05-20 18:00:00,29.7,0.0,77.8,162.0,3.4
2024-05-20 19:00:00,29.1,0.0,79.4,177.0,3.4
2024-05-20 20:00:00,28.8,0.0,75.4,159.0,2.9
2024-05-20 21:00:00,28.6,0.0,76.8,150.0,1.9
2024-05-20 22:00:00,28.4,0.0,81.7,129.0,2.3
2024-05-20 23:00:00,28.4,0.0,81.9,138.0,1.3
2024-05-21 00:00:00,28.1,0.0,83.0,140.0,1.6
2024-05-21 01:00:00,28.1,0.0,85.3,138.0,1.6
2024-05-21 02:00:00,27.7,0.0,86.9,349.0,0.8
2024-05-21 03:00:00,27.3,0.0,90.4,335.0,0.5
2024-05-21 04:00:00,27.1,0.0,91.8,254.0,0.5
2024-05-21 05:00:00,27.1,0.0,92.8,296.0,0.6
2024-05-21 06:00:00,26.9,0.0,95.1,272.0,0.8
2024-05-21 07:00:00,26.8,0.0,95.1,342.0,1.1
2024-05-21 08:00:00,27.5,0.0,94.1,356.0,1.7
2024-05-21 09:00:00,30.0,0.0,81.3,139.0,2.8
2024-05-21 10:00:00,30.6,0.0,72.5,175.0,5.4
2024-05-21 11:00:00,31.8,0.0,67.5,191.0,4.6
2024-05-21 12:00:00,29.4,0.2,84.2,223.0,5.7
2024-05-21 13:00:00,31.7,0.0,69.3,189.0,4.5
2024-05-21 14:00:00,32.4,0.0,66.2,158.0,4.3
2024-05-21 15:00:00,31.2,0.0,70.7,196.0,5.6
2024-05-21 16:00:00,30.9,0.0,72.1,175.0,4.1
2024-05-21 17:00:00,30.5,0.0,75.4,165.0,2.9
2024-05-21 18:00:00,30.1,0.0,72.2,150.0,2.7
2024-05-21 19:00:00,29.1,0.0,79.7,128.0,3.7
2024-05-21 20:00:00,28.9,0.0,79.2,159.0,0.9
2024-05-21 21:00:00,28.8,0.0,79.9,174.0,0.9
2024-05-21 22:00:00,28.7,0.0,79.9,164.0,0.7
2024-05-21 23:00:00,28.8,0.0,82.3,129.0,2.0
2024-05-22 00:00:00,28.4,0.0,84.4,323.0,1.4
2024-05-22 01:00:00,28.1,0.0,87.4,21.0,1.3
2024-05-22 02:00:00,27.9,0.0,87.7,299.0,0.3
2024-05-22 03:00:00,27.6,0.0,89.9,7.0,1.4
2024-05-22 04:00:00,27.3,0.0,92.9,356.0,1.5
2024-05-22 05:00:00,27.2,0.0,93.4,336.0,1.0
2024-05-22 06:00:00,27.1,0.0,94.2,321.0,1.3
2024-05-22 07:00:00,27.1,0.0,94.2,296.0,0.9
2024-05-22 08:00:00,27.8,0.0,91.1,350.0,1.4
2024-05-22 09:00:00,28.9,0.0,87.7,318.0,1.6
2024-05-22 10:00:00,30.1,0.0,81.4,288.0,4.8
2024-05-22 11:00:00,25.6,0.2,96.1,241.0,5.4
2024-05-22 12:00:00,25.9,0.0,98.4,250.0,4.4
2024-05-22 13:00:00,27.3,0.0,92.3,255.0,1.6
2024-05-22 14:00:00,28.5,0.0,83.4,274.0,4.0
2024-05-22 15:00:00,29.5,0.0,76.9,275.0,3.7
2024-05-22 16:00:00,29.7,0.0,79.1,290.0,2.4
2024-05-22 17:00:00,29.5,0.0,81.9,295.0,1.7
2024-05-22 18:00:00,28.9,0.0,84.8,158.0,1.1
2024-05-22 19:00:00,27.8,0.2,94.5,26.0,1.0
2024-05-22 20:00:00,27.6,0.0,97.1,291.0,1.0
2024-05-22 21:00:00,27.3,0.0,95.6,192.0,0.9
2024-05-22 22:00:00,27.4,0.0,96.8,299.0,0.9
2024-05-22 23:00:00,27.2,0.0,95.2,154.0,1.5
2024-05-23 00:00:00,27.3,0.0,94.8,256.0,0.8
2024-05-23 01:00:00,27.0,0.0,97.1,253.0,0.6
2024-05-23 02:00:00,26.9,0.0,97.3,272.0,0.6
2024-05-23 03:00:00,26.7,0.0,97.6,241.0,0.6
2024-05-23 04:00:00,26.8,0.0,97.1,260.0,1.0
2024-05-23 05:00:00,26.6,0.0,97.8,312.0,0.6
2024-05-23 06:00:00,26.8,0.0,96.9,323.0,1.2
2024-05-23 07:00:00,26.7,0.0,98.3,313.0,0.7
2024-05-23 08:00:00,27.8,0.0,94.2,341.0,1.3
2024-05-23 09:00:00,30.5,0.0,76.9,200.0,1.6
2024-05-23 10:00:00,31.0,0.0,74.5,151.0,2.1
2024-05-23 11:00:00,32.0,0.0,66.3,254.0,1.7
2024-05-23 12:00:00,31.1,0.0,72.1,157.0,3.8
2024-05-23 13:00:00,31.7,0.0,68.8,171.0,3.8
2024-05-23 14:00:00,32.5,0.0,66.5,166.0,2.4
2024-05-23 15:00:00,31.9,0.0,68.0,160.0,5.1
2024-05-23 16:00:00,31.8,0.0,61.6,174.0,3.7
2024-05-23 17:00:00,29.2,0.0,82.7,1.0,2.8
2024-05-23 18:00:00,28.5,0.0,86.0,35.0,8.8
2024-05-23 19:00:00,27.4,0.0,91.9,34.0,4.9
2024-05-23 20:00:00,27.4,0.2,95.0,107.0,2.8
2024-05-23 21:00:00,27.0,0.0,95.4,107.0,1.7
2024-05-23 22:00:00,26.9,0.0,94.6,8.0,2.1
2024-05-23 23:00:00,26.9,0.0,94.6,356.0,1.9
2024-05-24 00:00:00,26.7,0.0,95.6,355.0,2.0
2024-05-24 01:00:00,26.3,0.0,97.0,355.0,1.8
2024-05-24 02:00:00,26.3,0.0,94.7,338.0,2.4
2024-05-24 03:00:00,26.3,0.0,94.6,341.0,1.1
2024-05-24 04:00:00,26.0,0.0,97.0,22.0,2.2
2024-05-24 05:00:00,26.1,0.0,94.7,13.0,1.9
2024-05-24 06:00:00,26.0,0.0,92.8,20.0,2.0
2024-05-24 07:00:00,26.1,0.0,91.1,37.0,4.7
2024-05-24 08:00:00,26.5,0.0,89.1,23.0,3.2
2024-05-24 09:00:00,26.4,0.0,87.6,23.0,2.8
2024-05-24 10:00:00,26.8,0.0,87.3,262.0,0.8
2024-05-24 11:00:00,27.4,0.0,85.2,174.0,2.1
2024-05-24 12:00:00,29.2,0.0,75.6,209.0,2.2
2024-05-24 13:00:00,30.8,0.0,67.6,152.0,2.4
2024-05-24 14:00:00,31.5,0.0,67.4,107.0,1.7
2024-05-24 15:00:00,32.2,0.0,62.6,184.0,2.4
2024-05-24 16:00:00,31.8,0.0,64.5,192.0,1.6
2024-05-24 17:00:00,30.4,0.0,73.0,179.0,3.2
2024-05-24 18:00:00,30.3,0.0,73.5,176.0,2.8
2024-05-24 19:00:00,29.0,0.0,85.1,150.0,1.5
2024-05-24 20:00:00,28.7,0.0,85.8,36.0,1.4
2024-05-24 21:00:00,28.9,0.0,84.1,167.0,0.5
2024-05-24 22:00:00,28.7,0.0,84.1,170.0,1.0
2024-05-24 23:00:00,28.2,0.0,88.5,315.0,0.5
2024-05-25 00:00:00,27.9,0.0,90.2,356.0,0.9
2024-05-25 01:00:00,27.5,0.0,91.5,241.0,0.6
2024-05-25 02:00:00,27.5,0.0,91.9,325.0,0.9
2024-05-25 03:00:00,27.4,0.0,93.1,259.0,0.6
2024-05-25 04:00:00,27.1,0.0,93.7,308.0,1.8
2024-05-25 05:00:00,27.0,0.0,95.4,232.0,0.5
2024-05-25 06:00:00,26.9,0.0,93.3,348.0,1.0
2024-05-25 07:00:00,26.9,0.0,95.1,13.0,1.6
2024-05-25 08:00:00,27.8,0.0,92.8,320.0,0.9
2024-05-25 09:00:00,29.8,0.0,80.6,220.0,1.1
2024-05-25 10:00:00,30.1,0.0,78.7,323.0,1.5
2024-05-25 11:00:00,30.6,0.0,77.4,323.0,1.4
2024-05-25 12:00:00,31.1,0.0,73.6,124.0,2.1
2024-05-25 13:00:00,32.4,0.0,64.9,357.0,2.5
2024-05-25 14:00:00,28.9,0.0,75.2,108.0,7.7
2024-05-25 15:00:00,26.0,0.0,88.0,145.0,3.0
2024-05-25 16:00:00,24.8,0.2,95.5,17.0,6.3
2024-05-25 17:00:00,25.3,0.0,93.1,322.0,1.8
2024-05-25 18:00:00,25.7,0.0,93.4,303.0,1.0
2024-05-25 19:00:00,26.3,0.0,94.5,160.0,2.0
2024-05-25 20:00:00,26.2,0.0,97.2,123.0,3.2
2024-05-25 21:00:00,26.4,0.0,95.9,121.0,3.8
2024-05-25 22:00:00,26.2,0.0,95.5,182.0,1.0
2024-05-25 23:00:00,26.6,0.0,92.8,142.0,1.2
2024-05-26 00:00:00,26.3,0.0,96.1,271.0,0.5
2024-05-26 01:00:00,26.3,0.0,97.7,315.0,1.3
2024-05-26 02:00:00,26.4,0.0,96.7,325.0,1.0
2024-05-26 03:00:00,26.3,0.0,97.9,274.0,0.6
2024-05-26 04:00:00,26.3,0.0,97.2,2.0,1.2
2024-05-26 05:00:00,26.5,0.0,97.4,10.0,1.6
2024-05-26 06:00:00,26.4,0.0,98.4,337.0,1.1
2024-05-26 07:00:00,26.7,0.0,98.6,17.0,2.1
2024-05-26 08:00:00,26.9,0.0,98.5,6.0,1.5
2024-05-26 09:00:00,27.7,0.0,95.6,11.0,1.9
2024-05-26 10:00:00,29.4,0.0,87.8,331.0,1.5
2024-05-26 11:00:00,30.5,0.0,81.5,299.0,1.6
2024-05-26 12:00:00,32.0,0.0,68.5,219.0,1.4
2024-05-26 13:00:00,32.2,0.0,71.0,174.0,3.2
2024-05-26 14:00:00,32.3,0.0,69.0,167.0,3.1
2024-05-26 15:00:00,33.2,0.0,62.8,112.0,3.1
2024-05-26 16:00:00,31.2,0.0,76.6,151.0,4.5
2024-05-26 17:00:00,30.9,0.0,74.8,143.0,4.8
2024-05-26 18:00:00,30.7,0.0,75.2,142.0,2.7
2024-05-26 19:00:00,30.2,0.0,76.9,150.0,3.7
2024-05-26 20:00:00,30.0,0.0,80.6,171.0,1.8
2024-05-26 21:00:00,29.7,0.0,83.9,156.0,1.4
2024-05-26 22:00:00,29.6,0.0,83.1,159.0,2.8
2024-05-26 23:00:00,29.3,0.0,80.8,131.0,1.9
2024-05-27 00:00:00,29.2,0.0,81.6,137.0,2.6
2024-05-27 01:00:00,28.9,0.0,87.4,137.0,1.3
2024-05-27 02:00:00,28.8,0.0,88.0,145.0,1.7
2024-05-27 03:00:00,28.6,0.0,88.8,159.0,3.1
2024-05-27 04:00:00,28.6,0.0,88.6,208.0,1.0
2024-05-27 05:00:00,28.1,0.0,92.2,320.0,0.4
2024-05-27 06:00:00,28.3,0.0,91.9,137.0,2.1
2024-05-27 07:00:00,28.5,0.0,89.9,130.0,1.7
2024-05-27 08:00:00,29.1,0.0,85.8,172.0,1.5
2024-05-27 09:00:00,30.4,0.0,80.6,156.0,3.1
2024-05-27 10:00:00,31.3,0.0,73.4,157.0,3.4
2024-05-27 11:00:00,33.2,0.0,61.2,167.0,3.7
2024-05-27 12:00:00,33.3,0.0,61.4,207.0,4.2
2024-05-27 13:00:00,33.2,0.0,63.4,191.0,3.9
2024-05-27 14:00:00,33.7,0.0,59.5,217.0,6.0
2024-05-27 15:00:00,32.1,0.0,69.3,175.0,6.2
2024-05-27 16:00:00,31.5,0.0,69.7,170.0,3.2
2024-05-27 17:00:00,31.7,0.0,65.3,153.0,5.0
2024-05-27 18:00:00,31.6,0.0,66.9,137.0,3.5
2024-05-27 19:00:00,30.8,0.0,71.5,173.0,4.5
2024-05-27 20:00:00,30.4,0.0,75.2,169.0,4.2
2024-05-27 21:00:00,30.3,0.0,77.5,168.0,3.0
2024-05-27 22:00:00,30.1,0.0,79.9,159.0,2.9
2024-05-27 23:00:00,30.0,0.0,80.8,151.0,2.2
2024-05-28 00:00:00,29.6,0.0,83.4,135.0,2.9
2024-05-28 01:00:00,29.6,0.0,80.7,172.0,2.5
2024-05-28 02:00:00,29.3,0.0,84.1,354.0,1.1
2024-05-28 03:00:00,29.2,0.0,84.9,283.0,0.8
2024-05-28 04:00:00,29.2,0.0,83.4,173.0,1.8
2024-05-28 05:00:00,29.2,0.0,81.7,177.0,2.6
2024-05-28 06:00:00,29.1,0.0,83.6,140.0,1.9
2024-05-28 07:00:00,29.1,0.0,85.2,146.0,2.3
2024-05-28 08:00:00,29.5,0.0,84.3,159.0,2.4
2024-05-28 09:00:00,30.1,0.0,82.1,158.0,2.3
2024-05-28 10:00:00,31.3,0.0,74.2,176.0,1.9
2024-05-28 11:00:00,31.5,0.0,72.7,171.0,2.5
2024-05-28 12:00:00,31.3,0.0,72.6,189.0,3.3
2024-05-28 13:00:00,32.1,0.0,69.8,186.0,3.4
2024-05-28 14:00:00,33.1,0.0,67.1,222.0,3.2
2024-05-28 15:00:00,31.6,0.0,75.1,154.0,3.4
2024-05-28 16:00:00,31.2,0.0,65.5,187.0,2.5
2024-05-28 17:00:00,31.5,0.0,71.6,226.0,2.4
2024-05-28 18:00:00,29.8,0.0,75.8,257.0,3.3
2024-05-28 19:00:00,28.4,0.0,84.8,346.0,1.7
2024-05-28 20:00:00,28.1,0.0,88.6,23.0,2.8
2024-05-28 21:00:00,28.1,0.0,87.6,4.0,2.2
2024-05-28 22:00:00,27.6,0.0,89.2,349.0,2.1
2024-05-28 23:00:00,27.6,0.0,91.3,7.0,1.7
2024-05-29 00:00:00,27.8,0.0,88.3,131.0,2.4
2024-05-29 01:00:00,27.9,0.0,89.7,55.0,0.7
2024-05-29 02:00:00,28.4,0.0,87.7,131.0,2.2
2024-05-29 03:00:00,27.4,0.0,93.5,352.0,1.5
2024-05-29 04:00:00,27.1,0.0,93.0,2.0,1.1
2024-05-29 05:00:00,27.1,0.0,92.3,349.0,0.9
2024-05-29 06:00:00,26.8,0.0,94.8,308.5,1.6
2024-05-29 07:00:00,26.9,0.0,94.2,268.0,1.2
2024-05-29 08:00:00,27.5,0.0,93.1,12.0,2.2
2024-05-29 09:00:00,29.6,0.0,83.8,352.0,1.9
2024-05-29 10:00:00,30.6,0.0,78.0,178.0,3.6
2024-05-29 11:00:00,32.4,0.0,68.2,174.0,5.1
2024-05-29 12:00:00,33.5,0.0,63.0,184.0,4.1
2024-05-29 13:00:00,33.7,0.0,60.4,177.0,5.2
2024-05-29 14:00:00,33.9,0.0,60.0,175.0,5.6
2024-05-29 15:00:00,33.8,0.0,58.7,185.0,5.1
2024-05-29 16:00:00,34.0,0.0,57.0,171.0,6.6
2024-05-29 17:00:00,33.7,0.0,56.5,186.0,5.4
2024-05-29 18:00:00,32.8,0.0,63.7,158.0,4.2
2024-05-29 19:00:00,31.3,0.0,70.4,173.0,3.5
2024-05-29 20:00:00,30.7,0.0,70.2,152.0,3.9
2024-05-29 21:00:00,30.5,0.0,77.5,79.0,1.1
2024-05-29 22:00:00,30.0,0.0,79.0,146.0,2.3
2024-05-29 23:00:00,29.8,0.0,81.1,293.0,0.9
2024-05-30 00:00:00,29.8,0.0,82.4,262.0,0.7
2024-05-30 01:00:00,29.3,0.0,86.8,118.0,1.3
2024-05-30 02:00:00,29.3,0.0,83.0,169.0,1.4
2024-05-30 03:00:00,29.0,0.0,86.9,137.0,3.3
2024-05-30 04:00:00,28.8,0.0,87.7,65.0,0.7
2024-05-30 05:00:00,28.3,0.0,90.8,275.0,1.0
2024-05-30 06:00:00,27.6,0.0,94.4,8.0,1.5
2024-05-30 07:00:00,27.6,0.0,95.2,236.0,0.8
2024-05-30 08:00:00,29.7,0.0,85.1,138.0,2.7
2024-05-30 09:00:00,31.3,0.0,75.1,185.0,2.5
2024-05-30 10:00:00,32.1,0.0,69.3,192.0,5.5
2024-05-30 11:00:00,29.4,0.0,77.0,219.0,8.89999
2024-05-30 12:00:00,28.9,0.0,78.7,212.0,6.1
2024-05-30 13:00:00,30.8,0.0,70.5,178.0,5.2
2024-05-30 14:00:00,31.0,0.0,71.1,172.0,4.8
2024-05-30 15:00:00,31.9,0.0,64.3,167.0,5.2
2024-05-30 16:00:00,31.5,0.0,59.8,202.0,6.1
2024-05-30 17:00:00,31.9,0.0,57.9,190.0,5.5
2024-05-30 18:00:00,31.8,0.0,57.7,220.0,3.8
2024-05-30 19:00:00,30.0,0.0,71.0,173.0,4.5
2024-05-30 20:00:00,29.6,0.0,74.8,166.0,3.5
2024-05-30 21:00:00,29.2,0.0,78.0,137.0,2.6
2024-05-30 22:00:00,29.3,0.0,77.6,152.0,3.0
2024-05-30 23:00:00,29.1,0.0,78.8,187.0,1.5
2024-05-31 00:00:00,28.8,0.0,81.2,145.0,1.7
2024-05-31 01:00:00,28.1,0.0,85.3,347.0,1.3
2024-05-31 02:00:00,27.6,0.0,87.8,219.0,0.3
2024-05-31 03:00:00,27.7,0.0,88.3,242.0,0.4
2024-05-31 04:00:00,27.4,0.0,90.2,350.0,1.2
2024-05-31 05:00:00,27.2,0.0,90.2,333.0,0.5
2024-05-31 06:00:00,27.2,0.0,92.4,143.0,1.3
2024-05-31 07:00:00,27.8,0.0,89.8,134.0,2.1
2024-05-31 08:00:00,28.6,0.0,86.9,89.0,0.7
2024-05-31 09:00:00,29.6,0.0,81.6,152.0,1.6
2024-05-31 10:00:00,30.4,0.0,76.0,162.0,5.3
2024-05-31 11:00:00,31.3,0.0,72.9,170.0,2.9
2024-05-31 12:00:00,31.5,0.0,70.7,175.0,3.6
2024-05-31 13:00:00,32.8,0.0,61.5,196.0,3.3
2024-05-31 14:00:00,32.4,0.0,65.3,177.0,4.2
2024-05-31 15:00:00,33.8,0.0,61.0,210.0,3.8
2024-05-31 16:00:00,32.6,0.0,64.7,131.0,4.6
2024-05-31 17:00:00,32.1,0.0,63.9,165.0,3.2
2024-05-31 18:00:00,31.4,0.0,68.8,132.0,3.5
2024-05-31 19:00:00,30.8,0.0,73.7,154.0,3.1
2024-05-31 20:00:00,30.7,0.0,72.7,196.0,1.1
2024-05-31 21:00:00,29.8,0.0,77.0,145.0,1.2
2024-05-31 22:00:00,29.7,0.0,77.3,178.0,1.0
2024-05-31 23:00:00,29.7,0.0,75.3,180.0,1.9
2024-06-01 00:00:00,29.5,0.0,78.5,196.0,1.1
2024-06-01 01:00:00,29.3,0.0,81.8,187.0,2.5
2024-06-01 02:00:00,28.8,0.0,84.7,290.0,0.6
2024-06-01 03:00:00,28.3,0.0,88.4,350.0,1.1
2024-06-01 04:00:00,27.7,0.0,72.6,229.0,6.8
2024-06-01 05:00:00,25.6,0.0,90.3,323.0,1.9
2024-06-01 06:00:00,25.8,0.0,91.39999999999999,282.0,2.02
2024-06-01 07:00:00,26.0,0.0,92.5,241.0,2.14
2024-06-01 08:00:00,26.2,0.0,93.6,200.0,2.26
2024-06-01 09:00:00,26.15,0.0,94.1,159.0,2.38
2024-06-01 10:00:00,26.1,0.0,94.6,118.0,2.5
2024-06-01 11:00:00,26.5,0.2,92.2,141.0,2.7
2024-06-01 12:00:00,26.2,0.0,94.8,154.0,2.1
2024-06-01 13:00:00,26.5,0.0,88.7,207.0,2.9
2024-06-01 14:00:00,27.0,0.0,84.6,208.0,2.2
2024-06-01 15:00:00,27.7,0.0,85.7,187.0,2.3
2024-06-01 16:00:00,28.3,0.0,78.9,172.0,4.8
2024-06-01 17:00:00,27.9,0.0,82.9,173.0,3.9
2024-06-01 18:00:00,28.1,0.0,83.5,171.0,3.1
2024-06-01 19:00:00,27.8,0.0,82.7,171.0,3.2
2024-06-01 20:00:00,27.6,0.0,82.9,179.0,2.5
2024-06-01 21:00:00,27.5,0.0,82.7,188.14285714285714,2.442857142857143
2024-06-01 22:00:00,27.646153846153847,0.0,82.24615384615385,197.28571428571428,2.3857142857142857
2024-06-01 23:00:00,27.79230769230769,0.0,81.79230769230769,206.42857142857142,2.3285714285714287
2024-06-02 00:00:00,27.93846153846154,,81.33846153846154,,
2024-06-02 01:00:00,,,,,
2024-06-02 02:00:00,,,,,
2024-06-02 03:00:00,,,,,
2024-06-02 04:00:00,,,,,
2024-06-02 05:00:00,,,,,
2024-06-02 06:00:00,,,,,
2024-06-02 07:00:00,28.96153846153846,0.0,78.16153846153846,279.57142857142856,1.8714285714285714
2024-06-02 08:00:00,29.107692307692307,0.0,77.7076923076923,288.7142857142857,1.8142857142857143
2024-06-02 09:00:00,29.25384615384615,0.0,77.25384615384615,297.8571428571429,1.7571428571428571
2024-06-02 10:00:00,29.4,0.0,76.8,307.0,1.7
2024-06-02 11:00:00,29.7,0.0,75.4,5.0,2.3
2024-06-02 12:00:00,30.0,0.0,77.3,329.0,2.9
2024-06-02 13:00:00,28.5,0.0,78.1,258.0,4.5
2024-06-02 14:00:00,29.6,0.0,81.4,239.0,2.7
2024-06-02 15:00:00,29.0,0.0,79.7,172.0,3.5
2024-06-02 16:00:00,25.2,0.0,89.7,25.0,4.3
2024-06-02 17:00:00,25.3,0.0,93.9,6.0,1.2
2024-06-02 18:00:00,25.400000000000002,0.0,94.5,27.25,1.20625
2024-06-02 19:00:00,25.5,0.0,95.10000000000001,48.5,1.2125
2024-06-02 20:00:00,25.6,0.0,95.7,69.75,1.21875
2024-06-02 21:00:00,25.7,0.0,96.3,,
2024-06-02 22:00:00,25.8,0.0,96.89999999999999,,
2024-06-02 23:00:00,25.9,0.0,97.5,,
2024-06-03 00:00:00,26.0,0.0,98.1,,
2024-06-03 01:00:00,26.233333333333334,0.0,96.87777777777777,,
2024-06-03 02:00:00,26.46666666666667,0.0,95.65555555555555,,
2024-06-03 03:00:00,26.7,0.0,94.43333333333332,,
2024-06-03 04:00:00,,,,,
2024-06-03 05:00:00,,0.0,,,
2024-06-03 06:00:00,27.400000000000002,0.0,90.76666666666667,282.25,1.28125
2024-06-03 07:00:00,27.633333333333333,0.0,89.54444444444444,303.5,1.2875
2024-06-03 08:00:00,27.866666666666667,0.0,88.32222222222222,324.75,1.29375
2024-06-03 09:00:00,28.1,0.0,87.1,346.0,1.3
2024-06-03 10:00:00,30.1,0.0,75.0,330.0,1.8
2024-06-03 11:00:00,30.3,0.0,71.1,326.0,2.4
2024-06-03 12:00:00,31.6,0.0,67.6,172.0,2.6
2024-06-03 13:00:00,32.2,0.0,60.8,202.0,2.6
2024-06-03 14:00:00,33.0,0.0,56.7,233.0,3.4
2024-06-03 15:00:00,32.7,0.0,57.1,185.0,2.0
2024-06-03 16:00:00,31.4,0.0,61.2,182.0,3.4
2024-06-03 17:00:00,31.7,0.0,62.3,194.0,3.4
2024-06-03 18:00:00,25.4,0.2,95.8,50.0,5.4
2024-06-03 19:00:00,25.8,0.0,93.1,339.0,1.1
2024-06-03 20:00:00,25.876923076923077,0.0,93.34615384615384,329.7857142857143,1.092857142857143
2024-06-03 21:00:00,25.953846153846154,0.0,93.59230769230768,320.57142857142856,1.0857142857142859
2024-06-03 22:00:00,26.03076923076923,0.0,93.83846153846153,311.35714285714283,1.0785714285714287
2024-06-03 23:00:00,,0.0,,,
2024-06-04 00:00:00,,0.0,,,
2024-06-04 01:00:00,,0.0,,,
2024-06-04 02:00:00,,0.0,,,
2024-06-04 03:00:00,,,,,
2024-06-04 04:00:00,,,,,
2024-06-04 05:00:00,26.56923076923077,0.0,95.56153846153846,,
2024-06-04 06:00:00,26.646153846153847,0.0,95.8076923076923,237.64285714285714,1.0214285714285714
2024-06-04 07:00:00,26.723076923076924,0.0,96.05384615384615,228.42857142857144,1.0142857142857142
2024-06-04 08:00:00,26.8,0.0,96.3,219.21428571428572,1.0071428571428571
2024-06-04 09:00:00,28.5,0.0,87.0,210.0,1.0
2024-06-04 10:00:00,29.7,0.0,82.7,129.0,3.2
2024-06-04 11:00:00,30.6,0.0,74.6,157.0,2.0
2024-06-04 12:00:00,32.4,0.0,66.6,142.0,1.9
2024-06-04 13:00:00,32.6,0.0,63.8,177.0,3.6
2024-06-04 14:00:00,32.8,0.0,61.6,163.0,3.7
2024-06-04 15:00:00,31.5,0.0,68.2,173.0,4.3
2024-06-04 16:00:00,32.2,0.0,65.0,175.0,3.9
2024-06-04 17:00:00,31.2,0.0,69.1,180.0,3.8
2024-06-04 18:00:00,27.2,0.0,86.1,304.0,4.5
2024-06-04 19:00:00,27.049999999999997,0.0,86.3,295.6,4.373333333333333
2024-06-04 20:00:00,26.9,0.0,86.5,287.2,4.246666666666667
2024-06-04 21:00:00,26.9,0.0,87.94,278.8,4.12
2024-06-04 22:00:00,26.9,0.0,89.38,,
2024-06-04 23:00:00,26.9,0.0,90.82000000000001,,
2024-06-05 00:00:00,26.9,0.0,92.26,,
2024-06-05 01:00:00,26.9,0.0,93.7,,
2024-06-05 02:00:00,27.275,0.0,90.6375,,
2024-06-05 03:00:00,27.65,0.0,87.575,,
2024-06-05 04:00:00,28.025,0.0,84.5125,,
2024-06-05 05:00:00,,0.0,,,
2024-06-05 06:00:00,28.775,0.0,78.3875,203.2,2.9800000000000004
2024-06-05 07:00:00,29.15,0.0,75.325,194.8,2.8533333333333335
2024-06-05 08:00:00,29.525,0.0,72.2625,186.4,2.7266666666666666
2024-06-05 09:00:00,29.9,0.0,69.2,178.0,2.6
2024-06-05 10:00:00,30.8,0.0,74.6,168.0,5.1
2024-06-05 11:00:00,31.9,0.0,67.4,171.0,4.1
2024-06-05 12:00:00,32.5,0.0,62.1,167.0,4.3
2024-06-05 13:00:00,32.4,0.0,66.5,189.0,4.0
2024-06-05 14:00:00,33.5,0.0,57.7,163.0,4.4
2024-06-05 15:00:00,33.7,0.0,58.8,149.0,2.7
2024-06-05 16:00:00,33.3,0.0,60.0,183.0,3.9
2024-06-05 17:00:00,32.5,0.0,65.3,185.0,4.2
2024-06-05 18:00:00,31.8,0.0,64.9,210.0,3.8
2024-06-05 19:00:00,31.4,0.0,67.6,164.0,2.5
2024-06-05 20:00:00,30.7,0.0,71.9,173.0,3.5
2024-06-05 21:00:00,30.1,0.0,77.2,150.0,3.9
2024-06-05 22:00:00,29.8,0.0,77.8,148.0,3.1
2024-06-05 23:00:00,29.6,0.0,77.8,147.0,2.6
2024-06-06 00:00:00,29.2,0.0,82.2,137.0,3.0
2024-06-06 01:00:00,29.0,0.0,84.5,243.0,0.8
2024-06-06 02:00:00,28.9,0.0,85.8,157.0,1.1
2024-06-06 03:00:00,28.8,0.0,86.3,112.0,1.2
2024-06-06 04:00:00,28.6,0.0,86.0,134.0,1.8
2024-06-06 05:00:00,28.3,0.0,87.7,105.0,1.6
2024-06-06 06:00:00,28.2,0.0,88.8,122.0,0.8
2024-06-06 07:00:00,28.0,0.0,90.0,149.0,1.6
2024-06-06 08:00:00,29.6,0.0,84.1,128.0,1.3
2024-06-06 09:00:00,30.4,0.0,77.1,128.0,3.6
2024-06-06 10:00:00,31.9,0.0,69.9,88.0,2.8
2024-06-06 11:00:00,32.6,0.0,67.0,82.0,3.8
2024-06-06 12:00:00,32.57823129251701,0.0,67.08027210884353,82.59863945578232,3.796598639455782
2024-06-06 13:00:00,32.55646258503401,0.0,67.16054421768708,83.19727891156462,3.7931972789115647
2024-06-06 14:00:00,32.53469387755102,0.0,67.2408163265306,83.79591836734694,3.789795918367347
2024-06-06 15:00:00,,,,,
2024-06-06 16:00:00,,,,,
2024-06-06 17:00:00,,,,,
2024-06-06 18:00:00,,,,,
2024-06-06 19:00:00,,,,,
2024-06-06 20:00:00,,,,,
2024-06-06 21:00:00,,,,,
2024-06-06 22:00:00,,,,,
2024-06-06 23:00:00,,,,,
2024-06-07 00:00:00,,,,,
2024-06-07 01:00:00,,,,,
2024-06-07 02:00:00,,,,,
2024-06-07 03:00:00,,,,,
2024-06-07 04:00:00,,,,,
2024-06-07 05:00:00,,,,,
2024-06-07 06:00:00,,,,,
2024-06-07 07:00:00,,,,,
2024-06-07 08:00:00,,,,,
2024-06-07 09:00:00,,,,,
2024-06-07 10:00:00,,,,,
2024-06-07 11:00:00,,,,,
2024-06-07 12:00:00,,,,,
2024-06-07 13:00:00,,,,,
2024-06-07 14:00:00,,,,,
2024-06-07 15:00:00,,,,,
2024-06-07 16:00:00,,,,,
2024-06-07 17:00:00,,,,,
2024-06-07 18:00:00,,,,,
2024-06-07 19:00:00,,,,,
2024-06-07 20:00:00,,,,,
2024-06-07 21:00:00,,,,,
2024-06-07 22:00:00,,,,,
2024-06-07 23:00:00,,,,,
2024-06-08 00:00:00,,,,,
2024-06-08 01:00:00,,,,,
2024-06-08 02:00:00,,,,,
2024-06-08 03:00:00,,,,,
2024-06-08 04:00:00,,,,,
2024-06-08 05:00:00,,,,,
2024-06-08 06:00:00,,,,,
2024-06-08 07:00:00,,,,,
2024-06-08 08:00:00,,,,,
2024-06-08 09:00:00,,,,,
2024-06-08 10:00:00,,,,,
2024-06-08 11:00:00,,,,,
2024-06-08 12:00:00,,,,,
2024-06-08 13:00:00,,,,,
2024-06-08 14:00:00,,,,,
2024-06-08 15:00:00,,,,,
2024-06-08 16:00:00,,,,,
2024-06-08 17:00:00,,,,,
2024-06-08 18:00:00,,,,,
2024-06-08 19:00:00,,,,,
2024-06-08 20:00:00,,,,,
2024-06-08 21:00:00,,,,,
2024-06-08 22:00:00,,,,,
2024-06-08 23:00:00,,,,,
2024-06-09 00:00:00,,,,,
2024-06-09 01:00:00,,,,,
2024-06-09 02:00:00,,,,,
2024-06-09 03:00:00,,,,,
2024-06-09 04:00:00,,,,,
2024-06-09 05:00:00,,,,,
2024-06-09 06:00:00,,,,,
2024-06-09 07:00:00,,,,,
2024-06-09 08:00:00,,,,,
2024-06-09 09:00:00,,,,,
2024-06-09 10:00:00,,,,,
2024-06-09 11:00:00,,,,,
2024-06-09 12:00:00,,,,,
2024-06-09 13:00:00,,,,,
2024-06-09 14:00:00,,,,,
2024-06-09 15:00:00,,,,,
2024-06-09 16:00:00,,,,,
2024-06-09 17:00:00,,,,,
2024-06-09 18:00:00,,,,,
2024-06-09 19:00:00,,,,,
2024-06-09 20:00:00,,,,,
2024-06-09 21:00:00,,,,,
2024-06-09 22:00:00,,,,,
2024-06-09 23:00:00,,,,,
2024-06-10 00:00:00,,,,,
2024-06-10 01:00:00,,,,,
2024-06-10 02:00:00,,,,,
2024-06-10 03:00:00,,,,,
2024-06-10 04:00:00,,,,,
2024-06-10 05:00:00,,,,,
2024-06-10 06:00:00,,,,,
2024-06-10 07:00:00,,,,,
2024-06-10 08:00:00,,,,,
2024-06-10 09:00:00,,,,,
2024-06-10 10:00:00,,,,,
2024-06-10 11:00:00,,,,,
2024-06-10 12:00:00,,,,,
2024-06-10 13:00:00,,,,,
2024-06-10 14:00:00,,,,,
2024-06-10 15:00:00,,,,,
2024-06-10 16:00:00,,,,,
2024-06-10 17:00:00,,,,,
2024-06-10 18:00:00,,,,,
2024-06-10 19:00:00,,,,,
2024-06-10 20:00:00,,,,,
2024-06-10 21:00:00,,,,,
2024-06-10 22:00:00,,,,,
2024-06-10 23:00:00,,,,,
2024-06-11 00:00:00,,,,,
2024-06-11 01:00:00,,,,,
2024-06-11 02:00:00,,,,,
2024-06-11 03:00:00,,,,,
2024-06-11 04:00:00,,,,,
2024-06-11 05:00:00,,,,,
2024-06-11 06:00:00,,,,,
2024-06-11 07:00:00,,,,,
2024-06-11 08:00:00,,,,,
2024-06-11 09:00:00,,,,,
2024-06-11 10:00:00,,,,,
2024-06-11 11:00:00,,,,,
2024-06-11 12:00:00,,,,,
2024-06-11 13:00:00,,,,,
2024-06-11 14:00:00,,,,,
2024-06-11 15:00:00,,,,,
2024-06-11 16:00:00,,,,,
2024-06-11 17:00:00,,,,,
2024-06-11 18:00:00,,,,,
2024-06-11 19:00:00,,,,,
2024-06-11 20:00:00,,,,,
2024-06-11 21:00:00,,,,,
2024-06-11 22:00:00,,,,,
2024-06-11 23:00:00,,,,,
2024-06-12 00:00:00,,,,,
2024-06-12 01:00:00,,,,,
2024-06-12 02:00:00,,,,,
2024-06-12 03:00:00,,,,,
2024-06-12 04:00:00,,,,,
2024-06-12 05:00:00,,,,,
2024-06-12 06:00:00,,,,,
2024-06-12 07:00:00,,,,,
2024-06-12 08:00:00,,,,,
2024-06-12 09:00:00,,,,,
2024-06-12 10:00:00,,,,,
2024-06-12 11:00:00,29.46530612244898,0.0,78.55918367346939,168.20408163265307,3.310204081632653
2024-06-12 12:00:00,29.443537414965984,0.0,78.63945578231292,168.80272108843536,3.3068027210884354
2024-06-12 13:00:00,29.421768707482993,0.0,78.71972789115645,169.40136054421768,3.3034013605442176
2024-06-12 14:00:00,29.4,0.0,78.8,170.0,3.3
2024-06-12 15:00:00,29.7,0.0,81.7,207.0,4.0
2024-06-12 16:00:00,31.3,0.0,68.8,206.0,4.1
2024-06-12 17:00:00,31.0,0.0,69.3,165.0,3.6
2024-06-12 18:00:00,31.0,0.0,67.9,175.0,2.2
2024-06-12 19:00:00,30.0,0.0,68.9,135.0,2.3
2024-06-12 20:00:00,29.7,0.0,67.4,149.0,2.0
2024-06-12 21:00:00,28.9,0.0,73.7,350.0,0.7
2024-06-12 22:00:00,28.4,0.0,78.4,339.0,1.5
2024-06-12 23:00:00,26.7,0.0,81.6,322.0,1.3
2024-06-13 00:00:00,26.4,0.0,86.2,233.0,0.7
2024-06-13 01:00:00,26.5,0.0,86.1,11.0,1.8
2024-06-13 02:00:00,26.3,0.0,86.6,338.0,2.2
2024-06-13 03:00:00,25.9,0.0,89.8,216.0,0.5
2024-06-13 04:00:00,25.7,0.0,88.1,19.0,1.8
2024-06-13 05:00:00,25.7,0.0,90.1,7.0,1.5
2024-06-13 06:00:00,25.8,0.0,84.0,339.0,1.3
2024-06-13 07:00:00,25.4,0.0,90.5,27.0,2.3
2024-06-13 08:00:00,26.2,0.0,86.7,11.0,1.9
2024-06-13 09:00:00,28.1,0.0,83.3,12.0,1.7
2024-06-13 10:00:00,30.8,0.0,72.2,147.0,1.9
2024-06-13 11:00:00,32.7,0.0,61.8,107.0,2.0
2024-06-13 12:00:00,31.9,0.0,65.5,198.0,1.8
2024-06-13 13:00:00,33.4,0.0,60.8,165.0,2.1
2024-06-13 14:00:00,32.8,0.0,59.2,214.0,2.9
2024-06-13 15:00:00,32.3,0.0,61.8,184.0,2.7
2024-06-13 16:00:00,29.3,1.2,77.0,172.0,5.2
2024-06-13 17:00:00,29.3,0.0,83.5,93.0,2.0
2024-06-13 18:00:00,30.7,0.0,72.3,157.0,1.3
2024-06-13 19:00:00,29.8,0.0,80.8,9.0,1.8
2024-06-13 20:00:00,29.6,0.0,78.2,176.0,2.3
2024-06-13 21:00:00,28.9,0.0,86.9,282.0,0.9
2024-06-13 22:00:00,28.1,0.0,86.9,22.0,4.4
2024-06-13 23:00:00,25.9,0.0,94.4,340.0,1.5
2024-06-14 00:00:00,26.1,0.0,93.0,22.0,1.8
2024-06-14 01:00:00,26.3,0.0,90.9,16.0,1.7
2024-06-14 02:00:00,26.2,0.0,95.3,278.0,0.6
2024-06-14 03:00:00,26.0,0.0,95.3,348.0,1.6
2024-06-14 04:00:00,25.9,0.0,96.5,210.0,0.7
2024-06-14 05:00:00,26.0,0.0,97.0,303.0,0.9
2024-06-14 06:00:00,26.1,0.0,97.8,336.0,1.5
2024-06-14 07:00:00,26.2,0.0,98.9,333.0,1.4
2024-06-14 08:00:00,26.8,0.0,97.1,346.0,1.5
2024-06-14 09:00:00,30.1,0.0,81.4,231.0,1.0
2024-06-14 10:00:00,31.1,0.0,73.8,12.0,1.9
2024-06-14 11:00:00,31.2,0.0,74.5,253.0,3.2
2024-06-14 12:00:00,32.8,0.0,62.2,229.0,2.4
2024-06-14 13:00:00,31.6,0.0,65.8,223.0,3.9
2024-06-14 14:00:00,30.2,0.0,78.3,274.0,5.4
2024-06-14 15:00:00,27.9,0.0,87.7,22.0,2.2
2024-06-14 16:00:00,27.6,0.0,91.7,5.0,2.7
2024-06-14 17:00:00,28.2,0.0,87.2,17.0,2.6
2024-06-14 18:00:00,28.4,0.0,88.4,15.0,3.2
2024-06-14 19:00:00,27.4,0.0,87.4,354.0,1.8
2024-06-14 20:00:00,27.2,0.0,91.0,20.0,2.0
2024-06-14 21:00:00,27.2,0.0,90.9,357.0,1.7
2024-06-14 22:00:00,27.0,0.0,91.2,12.0,1.5
2024-06-14 23:00:00,26.6,0.0,91.5,169.0,1.4
2024-06-15 00:00:00,26.7,0.0,91.1,284.0,1.3
2024-06-15 01:00:00,26.2,0.0,92.9,214.0,0.7
2024-06-15 02:00:00,26.0,0.0,96.1,28.0,2.5
2024-06-15 03:00:00,25.9,0.0,96.1,333.0,1.0
2024-06-15 04:00:00,25.9,0.0,94.7,5.0,1.6
2024-06-15 05:00:00,25.8,0.0,95.1,241.0,0.7
2024-06-15 06:00:00,26.0,0.0,94.4,358.0,1.0
2024-06-15 07:00:00,25.9,0.0,95.5,3.0,1.2
2024-06-15 08:00:00,26.3,0.4,90.4,261.0,3.4
2024-06-15 09:00:00,26.1,0.0,96.9,164.0,2.3
2024-06-15 10:00:00,28.1,0.0,88.6,161.0,1.6
2024-06-15 11:00:00,30.1,0.0,78.1,269.0,1.1
2024-06-15 12:00:00,30.1,0.0,76.3,273.0,3.2
2024-06-15 13:00:00,31.4,0.0,68.4,284.0,4.6
2024-06-15 14:00:00,31.9,0.0,69.6,260.0,2.3
2024-06-15 15:00:00,30.9,0.0,66.5,253.0,3.7
2024-06-15 16:00:00,31.2,0.0,70.9,263.0,3.0
2024-06-15 17:00:00,30.4,0.0,73.3,259.0,3.9
2024-06-15 18:00:00,29.7,0.0,77.6,256.0,3.4
2024-06-15 19:00:00,29.3,0.0,78.0,252.0,2.5
2024-06-15 20:00:00,28.4,0.0,84.7,143.0,0.9
2024-06-15 21:00:00,28.4,0.0,84.9,309.0,1.3
2024-06-15 22:00:00,28.4,0.0,83.5,139.0,1.9
2024-06-15 23:00:00,27.9,0.0,88.2,212.0,0.9
2024-06-16 00:00:00,27.9,0.0,86.0,352.0,1.1
2024-06-16 01:00:00,27.7,0.0,88.5,322.0,1.5
2024-06-16 02:00:00,28.0,0.0,89.7,184.0,2.4
2024-06-16 03:00:00,24.8,4.6,96.4,267.0,4.1
2024-06-16 04:00:00,23.4,0.0,99.3,33.0,2.4
2024-06-16 05:00:00,24.0,0.0,97.7,46.0,2.1
2024-06-16 06:00:00,24.2,0.0,98.3,352.0,1.4
2024-06-16 07:00:00,24.4,0.0,98.8,19.0,1.5
2024-06-16 08:00:00,24.6,0.0,98.1,155.0,1.5
2024-06-16 09:00:00,25.5,0.0,96.3,129.0,2.1
2024-06-16 10:00:00,26.9,0.0,86.2,139.0,1.9
2024-06-16 11:00:00,28.8,0.0,78.0,205.0,1.7
2024-06-16 12:00:00,30.3,0.0,71.0,167.0,4.3
2024-06-16 13:00:00,31.1,0.0,66.4,150.0,3.7
2024-06-16 14:00:00,31.7,0.0,64.1,177.0,3.9
2024-06-16 15:00:00,31.7,0.0,67.0,197.0,4.0
2024-06-16 16:00:00,30.7,0.0,69.6,177.0,4.5
2024-06-16 17:00:00,32.2,0.0,62.7,211.0,3.5
2024-06-16 18:00:00,30.9,0.0,68.2,166.0,3.3
2024-06-16 19:00:00,30.0,0.0,73.7,171.0,2.8
2024-06-16 20:00:00,29.6,0.0,75.0,213.0,1.7
2024-06-16 21:00:00,29.3,0.0,76.3,245.0,1.0
2024-06-16 22:00:00,28.7,0.0,82.4,194.0,0.3
2024-06-16 23:00:00,28.3,0.0,84.4,270.0,0.6
2024-06-17 00:00:00,27.5,0.0,88.9,14.0,1.8
2024-06-17 01:00:00,27.5,0.0,91.1,343.0,0.5
2024-06-17 02:00:00,27.3,0.0,78.9,259.0,1.0
2024-06-17 03:00:00,26.1,0.0,90.2,8.0,1.1
2024-06-17 04:00:00,25.1,0.0,98.0,326.0,3.0
2024-06-17 05:00:00,24.9,0.0,97.2,53.0,2.4
2024-06-17 06:00:00,24.9,0.0,99.0,173.0,1.4
2024-06-17 07:00:00,25.2,0.0,99.0,343.0,0.9
2024-06-17 08:00:00,25.5,0.0,98.1,282.0,1.8
2024-06-17 09:00:00,27.5,0.0,85.3,283.0,2.5
2024-06-17 10:00:00,28.6,0.0,79.0,301.0,4.5
2024-06-17 11:00:00,30.9,0.0,67.0,268.0,4.2
2024-06-17 12:00:00,31.4,0.0,65.5,259.0,6.7
2024-06-17 13:00:00,31.5,0.0,66.2,271.0,8.5
2024-06-17 14:00:00,31.7,0.0,67.6,255.0,4.6
2024-06-17 15:00:00,32.2,0.0,60.9,265.0,6.2
2024-06-17 16:00:00,32.3,0.0,60.3,263.0,7.0
2024-06-17 17:00:00,27.0,0.0,84.8,222.0,7.5
2024-06-17 18:00:00,27.0,0.0,82.7,257.0,4.0
2024-06-17 19:00:00,26.7,0.0,85.9,250.0,1.3
2024-06-17 20:00:00,26.6,0.0,86.8,348.0,1.2
2024-06-17 21:00:00,26.2,0.0,90.3,351.0,2.2
2024-06-17 22:00:00,26.6,0.0,89.4,112.0,1.5
2024-06-17 23:00:00,26.5,0.0,89.7,1.0,1.7
2024-06-18 00:00:00,26.0,0.0,92.7,23.0,2.2
2024-06-18 01:00:00,26.0,0.0,94.1,16.0,1.9
2024-06-18 02:00:00,26.0,0.0,92.3,318.0,1.0
2024-06-18 03:00:00,25.8,0.0,91.4,162.0,1.7
2024-06-18 04:00:00,26.3,0.0,88.6,335.0,1.2
2024-06-18 05:00:00,25.9,0.0,90.7,357.0,1.1
2024-06-18 06:00:00,25.9,0.0,93.4,338.0,1.3
2024-06-18 07:00:00,25.7,0.0,94.6,250.0,0.8
2024-06-18 08:00:00,27.1,0.0,89.1,288.0,0.8
2024-06-18 09:00:00,28.9,0.0,81.9,326.0,0.7
2024-06-18 10:00:00,28.5,0.0,84.8,334.0,1.4
2024-06-18 11:00:00,31.0,0.0,68.9,215.0,4.0
2024-06-18 12:00:00,31.9,0.0,65.6,210.0,3.0
2024-06-18 13:00:00,31.2,0.0,68.2,213.0,4.4
2024-06-18 14:00:00,31.6,0.0,65.1,165.0,4.5
2024-06-18 15:00:00,30.6,0.0,69.7,176.0,2.4
2024-06-18 16:00:00,31.2,0.0,64.6,179.0,3.9
2024-06-18 17:00:00,30.6,0.0,68.1,173.0,5.1
2024-06-18 18:00:00,29.9,0.0,73.8,196.0,3.7
2024-06-18 19:00:00,29.7,0.0,72.0,180.0,2.0
2024-06-18 20:00:00,27.6,0.0,87.2,344.0,2.9
2024-06-18 21:00:00,26.6,0.0,86.7,359.0,1.5
2024-06-18 22:00:00,26.3,0.0,89.2,16.0,2.2
2024-06-18 23:00:00,26.3,0.0,91.0,16.0,1.7
2024-06-19 00:00:00,26.3,0.0,91.6,346.0,1.6
2024-06-19 01:00:00,25.9,0.0,93.7,16.0,2.1
2024-06-19 02:00:00,26.2,0.0,90.1,341.0,1.5
2024-06-19 03:00:00,26.3,0.0,89.8,251.0,2.4
2024-06-19 04:00:00,27.2,0.0,88.0,269.0,1.3
2024-06-19 05:00:00,26.7,0.0,90.6,356.0,0.9
2024-06-19 06:00:00,26.6,0.0,93.5,223.0,0.5
2024-06-19 07:00:00,27.0,0.0,92.4,296.0,1.0
2024-06-19 08:00:00,27.5,1.2,95.3,86.0,2.5
2024-06-19 09:00:00,24.9,0.0,99.3,169.0,1.3
2024-06-19 10:00:00,27.0,0.0,99.3,246.0,1.2
2024-06-19 11:00:00,30.1,0.0,74.1,190.0,4.2
2024-06-19 12:00:00,30.6,0.0,72.2,171.0,4.3
2024-06-19 13:00:00,30.3,0.0,71.9,204.0,4.3
2024-06-19 14:00:00,30.0,0.0,75.2,216.0,4.3
2024-06-19 15:00:00,30.6,0.0,73.1,156.0,2.4
2024-06-19 16:00:00,30.4,0.0,69.7,203.0,4.7
2024-06-19 17:00:00,30.2,0.0,73.6,216.0,3.5
2024-06-19 18:00:00,30.6,0.0,71.4,211.0,1.9
2024-06-19 19:00:00,29.7,0.0,73.5,196.0,2.6
2024-06-19 20:00:00,29.2,0.0,76.5,226.0,2.1
2024-06-19 21:00:00,29.0,0.0,78.1,178.0,2.6
2024-06-19 22:00:00,28.8,0.0,79.0,177.0,2.8
2024-06-19 23:00:00,28.5,0.0,80.1,186.0,1.9
2024-06-20 00:00:00,27.5,0.0,87.4,14.0,1.1
2024-06-20 01:00:00,27.1,0.0,92.5,20.0,2.4
2024-06-20 02:00:00,27.0,0.0,93.8,6.0,1.6
2024-06-20 03:00:00,26.8,0.0,93.0,3.0,1.1
2024-06-20 04:00:00,26.6,0.0,93.5,312.0,1.1
2024-06-20 05:00:00,26.2,0.0,96.5,352.0,1.2
2024-06-20 06:00:00,26.3,0.0,96.0,258.0,0.6
2024-06-20 07:00:00,26.3,0.0,96.3,237.0,0.7
2024-06-20 08:00:00,27.1,0.0,93.3,323.0,1.2
2024-06-20 09:00:00,27.8,0.0,85.6,331.0,5.4
2024-06-20 10:00:00,28.9,0.0,69.8,319.0,1.9
2024-06-20 11:00:00,30.2,0.0,66.4,281.0,2.8
2024-06-20 12:00:00,31.4,0.0,65.4,154.0,2.3
2024-06-20 13:00:00,32.7,0.0,60.3,193.0,3.7
2024-06-20 14:00:00,31.0,0.0,71.1,172.0,4.5
2024-06-20 15:00:00,32.5,0.0,64.1,212.0,3.1
2024-06-20 16:00:00,32.6,0.0,62.4,236.0,4.6
2024-06-20 17:00:00,30.6,0.0,74.0,268.0,4.0
2024-06-20 18:00:00,30.2,0.0,73.8,263.0,3.2
2024-06-20 19:00:00,30.5,0.0,71.0,218.0,0.7
2024-06-20 20:00:00,29.4,0.0,80.2,187.0,4.4
2024-06-20 21:00:00,28.6,0.0,77.6,160.0,3.2
2024-06-20 22:00:00,29.1,0.0,75.6,193.0,2.4
2024-06-20 23:00:00,24.7,0.4,94.6,328.0,2.9
2024-06-21 00:00:00,25.4,0.0,95.2,338.0,1.0
2024-06-21 01:00:00,25.3,0.0,96.1,329.0,1.4
2024-06-21 02:00:00,25.0,0.0,96.3,7.0,1.5
2024-06-21 03:00:00,25.1,0.0,96.4,192.0,0.8
2024-06-21 04:00:00,25.4,0.0,98.5,32.0,2.1
2024-06-21 05:00:00,23.6,0.0,99.3,259.0,9.3
2024-06-21 06:00:00,22.8,1.0,99.3,259.0,7.7
2024-06-21 07:00:00,23.2,0.2,99.3,235.0,3.1
2024-06-21 08:00:00,24.1,0.0,97.9,231.0,4.0
2024-06-21 09:00:00,24.8,0.0,96.8,218.0,4.0
2024-06-21 10:00:00,25.6,0.0,94.8,243.0,2.4
2024-06-21 11:00:00,27.4,0.0,88.0,277.0,1.6
2024-06-21 12:00:00,28.9,0.0,73.0,245.0,3.1
2024-06-21 13:00:00,29.4,0.2,68.8,225.0,3.0
2024-06-21 14:00:00,30.4,0.0,59.5,246.0,3.6
2024-06-21 15:00:00,30.4,0.0,59.2,229.0,4.5
2024-06-21 16:00:00,30.2,0.0,65.0,234.0,3.7
2024-06-21 17:00:00,30.3,0.0,61.0,211.0,4.2
2024-06-21 18:00:00,29.3,0.0,71.0,199.0,2.7
2024-06-21 19:00:00,28.9,0.0,73.9,200.0,2.6
2024-06-21 20:00:00,28.5,0.0,77.5,169.0,3.2
2024-06-21 21:00:00,28.2,0.0,82.6,170.0,2.3
2024-06-21 22:00:00,28.3,0.0,82.0,172.0,2.8
2024-06-21 23:00:00,28.2,0.0,84.9,172.0,2.6
2024-06-22 00:00:00,28.2,0.0,86.0,158.0,3.6
2024-06-22 01:00:00,27.9,0.0,85.9,190.0,2.4
2024-06-22 02:00:00,27.9,0.0,85.9,181.0,2.3
2024-06-22 03:00:00,22.8,5.0,97.8,261.0,10.7
2024-06-22 04:00:00,23.7,0.6,99.3,280.0,2.6
2024-06-22 05:00:00,23.9,0.2,99.3,258.0,4.3
2024-06-22 06:00:00,24.0,0.2,99.3,236.0,3.8
2024-06-22 07:00:00,24.2,0.0,98.2,256.0,4.0
2024-06-22 08:00:00,24.6,0.0,93.2,232.0,3.0
2024-06-22 09:00:00,25.3,0.0,86.8,221.0,5.1
2024-06-22 10:00:00,24.8,0.2,90.0,222.0,4.9
2024-06-22 11:00:00,25.0,0.0,92.8,206.0,4.9
2024-06-22 12:00:00,25.2,0.0,86.6,211.0,6.2
2024-06-22 13:00:00,26.5,0.0,80.7,209.0,2.7
2024-06-22 14:00:00,28.3,0.0,71.7,270.0,1.4
2024-06-22 15:00:00,27.3,0.0,78.3,357.0,2.1
2024-06-22 16:00:00,27.6,0.0,77.1,98.0,1.5
2024-06-22 17:00:00,27.9,0.0,77.6,156.0,3.0
2024-06-22 18:00:00,27.0,0.0,77.7,169.0,4.2
2024-06-22 19:00:00,26.9,0.0,80.7,206.0,1.7
2024-06-22 20:00:00,27.1,0.0,79.0,230.0,1.8
2024-06-22 21:00:00,26.5,0.0,84.0,128.0,0.3
2024-06-22 22:00:00,25.8,0.0,90.1,236.0,0.7
2024-06-22 23:00:00,26.0,0.0,89.7,286.0,1.0
2024-06-23 00:00:00,25.8,0.0,91.8,310.0,0.7
2024-06-23 01:00:00,26.2,0.0,89.8,284.0,1.3
2024-06-23 02:00:00,25.6,0.0,94.1,321.0,0.5
2024-06-23 03:00:00,25.2,0.0,95.8,22.0,0.7
2024-06-23 04:00:00,25.8,0.0,94.4,293.0,1.0
2024-06-23 05:00:00,25.4,0.0,96.6,358.0,1.3
2024-06-23 06:00:00,25.1,0.0,98.3,191.0,0.6
2024-06-23 07:00:00,25.3,0.0,98.4,300.0,1.0
2024-06-23 08:00:00,25.7,0.0,98.0,309.0,1.3
2024-06-23 09:00:00,26.5,0.0,95.3,262.0,1.9
2024-06-23 10:00:00,28.4,0.0,87.0,141.0,2.0
2024-06-23 11:00:00,29.6,0.0,75.2,165.0,5.4
2024-06-23 12:00:00,30.2,0.0,74.3,191.0,4.7
2024-06-23 13:00:00,30.3,0.0,73.8,172.0,4.7
2024-06-23 14:00:00,30.8,0.0,63.9,172.0,3.9
2024-06-23 15:00:00,31.7,0.0,62.0,187.0,4.3
2024-06-23 16:00:00,31.1,0.0,65.6,168.0,5.2
2024-06-23 17:00:00,31.6,0.0,61.3,175.0,4.7
2024-06-23 18:00:00,31.7,0.0,59.4,183.0,3.4
2024-06-23 19:00:00,30.1,0.0,66.3,165.0,3.2
2024-06-23 20:00:00,29.4,0.0,74.2,173.0,2.5
2024-06-23 21:00:00,29.0,0.0,74.5,167.0,2.6
2024-06-23 22:00:00,29.0,0.0,71.1,166.0,2.4
2024-06-23 23:00:00,28.6,0.0,72.7,160.0,3.1
2024-06-24 00:00:00,28.5,0.0,75.0,168.0,2.3
2024-06-24 01:00:00,28.3,0.0,77.3,173.0,2.1
2024-06-24 02:00:00,27.6,0.0,84.4,139.0,1.6
2024-06-24 03:00:00,26.9,0.0,87.2,224.0,0.7
2024-06-24 04:00:00,26.5,0.0,90.6,261.0,0.5
2024-06-24 05:00:00,27.1,0.0,88.1,149.0,1.5
2024-06-24 06:00:00,26.3,0.0,92.0,260.0,0.5
2024-06-24 07:00:00,26.3,0.0,93.2,311.0,1.4
2024-06-24 08:00:00,27.2,0.0,90.6,346.0,1.4
2024-06-24 09:00:00,29.8,0.0,76.8,192.0,2.5
2024-06-24 10:00:00,30.8,0.0,70.2,165.0,3.2
2024-06-24 11:00:00,31.5,0.0,60.4,182.0,4.6
2024-06-24 12:00:00,32.3,0.0,62.4,181.0,4.1
2024-06-24 13:00:00,31.6,0.0,65.8,183.0,4.4
2024-06-24 14:00:00,32.6,0.0,61.4,173.0,4.9
2024-06-24 15:00:00,32.2,0.0,64.6,195.0,4.4
2024-06-24 16:00:00,32.6,0.0,62.4,208.0,5.1
2024-06-24 17:00:00,30.5,0.0,70.0,170.0,4.3
2024-06-24 18:00:00,28.5,0.0,81.4,33.0,4.5
2024-06-24 19:00:00,28.8,0.0,80.7,8.0,2.1
2024-06-24 20:00:00,28.7,0.0,80.0,113.0,1.8
2024-06-24 21:00:00,28.7,0.0,76.6,119.0,2.0
2024-06-24 22:00:00,28.3,0.0,83.3,1.0,1.7
2024-06-24 23:00:00,28.2,0.0,86.3,354.0,1.0
2024-06-25 00:00:00,29.0,0.0,80.2,150.0,3.8
2024-06-25 01:00:00,28.8,0.0,81.9,153.0,2.3
2024-06-25 02:00:00,27.8,0.0,89.2,6.0,1.7
2024-06-25 03:00:00,26.9,0.0,95.2,5.0,1.4
2024-06-25 04:00:00,26.6,0.0,96.1,346.0,1.8
2024-06-25 05:00:00,26.3,0.0,96.4,330.0,1.5
2024-06-25 06:00:00,26.5,0.0,96.0,346.0,1.1
2024-06-25 07:00:00,26.3,0.0,96.9,331.0,1.1
2024-06-25 08:00:00,27.0,0.0,95.4,19.0,2.3
2024-06-25 09:00:00,30.5,0.0,78.9,141.0,2.9
2024-06-25 10:00:00,32.1,0.0,70.0,140.0,2.6
2024-06-25 11:00:00,33.1,0.0,63.0,147.0,3.1
2024-06-25 12:00:00,33.0,0.0,64.6,151.0,3.1
2024-06-25 13:00:00,32.0,0.0,67.1,203.0,5.1
2024-06-25 14:00:00,33.0,0.0,65.2,170.0,2.6
2024-06-25 15:00:00,33.2,0.0,63.6,180.0,4.4
2024-06-25 16:00:00,33.0,0.0,64.0,200.0,3.9
2024-06-25 17:00:00,30.3,0.2,81.9,96.0,3.1
2024-06-25 18:00:00,26.1,1.0,97.4,37.0,7.5
2024-06-25 19:00:00,26.5,0.0,97.9,297.0,1.3
2024-06-25 20:00:00,26.6,0.0,98.3,344.0,1.7
2024-06-25 21:00:00,26.5,0.0,97.7,308.0,0.9
2024-06-25 22:00:00,26.4,0.0,97.8,24.0,2.4
2024-06-25 23:00:00,26.5,0.0,98.1,21.0,2.1
2024-06-26 00:00:00,26.9,0.0,96.9,186.0,1.4
2024-06-26 01:00:00,26.8,0.0,96.1,325.0,1.0
2024-06-26 02:00:00,26.9,0.0,94.8,181.0,1.1
2024-06-26 03:00:00,26.7,0.0,96.2,319.0,0.8
2024-06-26 04:00:00,26.4,0.0,97.7,355.0,1.4
2024-06-26 05:00:00,26.8,0.0,93.7,142.0,1.7
2024-06-26 06:00:00,26.3,0.0,96.1,321.0,0.9
2024-06-26 07:00:00,26.3,0.0,98.1,25.0,2.2
2024-06-26 08:00:00,27.0,0.0,96.8,278.0,0.7
2024-06-26 09:00:00,29.5,0.0,84.2,26.0,1.9
2024-06-26 10:00:00,30.9,0.0,70.0,139.0,4.2
2024-06-26 11:00:00,32.1,0.0,63.2,123.0,3.1
2024-06-26 12:00:00,32.2,0.0,61.4,116.0,3.7
2024-06-26 13:00:00,33.4,0.0,57.9,88.0,3.5
2024-06-26 14:00:00,32.5,0.0,59.6,78.0,3.6
2024-06-26 15:00:00,33.9,0.0,54.3,93.0,4.1
2024-06-26 16:00:00,32.8,0.0,63.6,79.0,6.1
2024-06-26 17:00:00,30.9,0.0,69.0,136.0,4.1
2024-06-26 18:00:00,24.2,1.2,98.8,323.0,5.8
2024-06-26 19:00:00,23.8,0.8,99.3,147.0,3.3
2024-06-26 20:00:00,25.7,0.0,91.5,97.0,1.8
2024-06-26 21:00:00,26.1,0.0,92.2,38.0,0.8
2024-06-26 22:00:00,26.0,0.0,93.8,277.0,1.1
2024-06-26 23:00:00,26.0,0.0,94.7,309.0,1.4
2024-06-27 00:00:00,25.8,0.0,94.1,7.0,2.0
2024-06-27 01:00:00,25.8,0.0,94.9,330.0,0.9
2024-06-27 02:00:00,25.9,0.0,94.3,342.0,1.7
2024-06-27 03:00:00,26.0,0.0,95.8,355.0,1.3
2024-06-27 04:00:00,25.8,0.0,97.3,6.0,1.5
2024-06-27 05:00:00,25.7,0.0,98.3,334.0,0.9
2024-06-27 06:00:00,25.6,0.0,98.2,262.0,1.3
2024-06-27 07:00:00,25.6,0.0,97.4,331.0,0.7
2024-06-27 08:00:00,25.9,0.0,95.5,308.0,1.4
2024-06-27 09:00:00,27.0,0.0,92.1,15.0,2.5
2024-06-27 10:00:00,28.1,0.0,88.8,137.0,2.2
2024-06-27 11:00:00,30.9,0.0,77.6,74.0,1.5
2024-06-27 12:00:00,30.2,0.0,74.7,150.0,5.4
2024-06-27 13:00:00,30.6,0.0,72.8,122.0,5.4
2024-06-27 14:00:00,31.0,0.0,70.5,118.0,4.6
2024-06-27 15:00:00,31.1,0.0,68.1,145.0,3.8
2024-06-27 16:00:00,31.4,0.0,72.4,124.0,3.8
2024-06-27 17:00:00,30.5,0.0,76.1,121.0,3.0
2024-06-27 18:00:00,27.7,0.0,91.5,342.0,1.2
2024-06-27 19:00:00,28.3,0.0,92.1,314.0,1.5
2024-06-27 20:00:00,28.0,0.0,90.6,262.0,0.5
2024-06-27 21:00:00,27.6,0.0,93.0,24.0,1.9
2024-06-27 22:00:00,27.6,0.0,90.5,12.0,1.9
2024-06-27 23:00:00,27.3,0.0,92.5,24.0,2.4
2024-06-28 00:00:00,27.2,0.0,91.4,310.0,0.9
2024-06-28 01:00:00,27.1,0.0,91.6,342.0,1.4
2024-06-28 02:00:00,27.0,0.0,92.6,346.0,0.8
2024-06-28 03:00:00,26.9,0.0,93.7,356.0,1.3
2024-06-28 04:00:00,26.7,0.0,96.2,2.0,1.6
2024-06-28 05:00:00,26.5,0.0,97.0,4.0,1.3
2024-06-28 06:00:00,26.6,0.0,93.0,310.0,0.9
2024-06-28 07:00:00,26.3,0.0,96.3,282.0,0.5
2024-06-28 08:00:00,27.6,0.0,86.7,334.0,1.2
2024-06-28 09:00:00,29.9,0.0,76.3,2.0,1.7
2024-06-28 10:00:00,31.1,0.0,70.8,98.0,2.3
2024-06-28 11:00:00,32.3,0.0,65.5,76.0,3.7
2024-06-28 12:00:00,32.5,0.0,60.5,2.0,2.9
2024-06-28 13:00:00,34.3,0.0,53.7,29.0,2.3
2024-06-28 14:00:00,29.2,0.0,74.8,169.0,4.1
2024-06-28 15:00:00,29.9,0.0,71.4,158.0,1.9
2024-06-28 16:00:00,27.3,0.0,83.4,66.0,1.8
2024-06-28 17:00:00,28.7,0.0,75.4,228.0,2.1
2024-06-28 18:00:00,28.0,0.0,83.1,25.0,2.9
2024-06-28 19:00:00,28.1,0.0,82.4,346.0,1.4
2024-06-28 20:00:00,27.7,0.0,84.0,4.0,1.2
2024-06-28 21:00:00,27.7,0.0,86.9,7.0,2.1
2024-06-28 22:00:00,27.5,0.0,86.0,2.0,1.9
2024-06-28 23:00:00,26.9,0.0,90.3,16.0,1.9
2024-06-29 00:00:00,26.7,0.0,90.0,282.0,1.0
2024-06-29 01:00:00,26.5,0.0,91.7,249.0,0.9
2024-06-29 02:00:00,26.5,0.0,91.7,313.0,0.8
2024-06-29 03:00:00,26.3,0.0,93.7,316.0,2.0
2024-06-29 04:00:00,26.1,0.0,94.4,349.0,1.5
2024-06-29 05:00:00,26.1,0.0,95.3,343.0,1.1
2024-06-29 06:00:00,25.9,0.0,97.8,334.0,1.2
2024-06-29 07:00:00,26.0,0.0,97.5,251.0,0.6
2024-06-29 08:00:00,26.0625,0.0,97.14821428571429,249.85714285714286,0.6285714285714286
2024-06-29 09:00:00,26.125,0.0,96.79642857142858,248.71428571428572,0.6571428571428571
2024-06-29 10:00:00,26.1875,0.0,96.44464285714285,247.57142857142858,0.6857142857142857
2024-06-29 11:00:00,,,,,
2024-06-29 12:00:00,,,,,
2024-06-29 13:00:00,,,,,
2024-06-29 14:00:00,,,,,
2024-06-29 15:00:00,,,,,
2024-06-29 16:00:00,,,,,
2024-06-29 17:00:00,,,,,
2024-06-29 18:00:00,,,,,
2024-06-29 19:00:00,,,,,
2024-06-29 20:00:00,,,,,
2024-06-29 21:00:00,,,,,
2024-06-29 22:00:00,,,,,
2024-06-29 23:00:00,,,,,
2024-06-30 00:00:00,,,,,
2024-06-30 01:00:00,,,,,
2024-06-30 02:00:00,,,,,
2024-06-30 03:00:00,,,,,
2024-06-30 04:00:00,,,,,
2024-06-30 05:00:00,,,,,
2024-06-30 06:00:00,,,,,
2024-06-30 07:00:00,,,,,
2024-06-30 08:00:00,,,,,
2024-06-30 09:00:00,,,,,
2024-06-30 10:00:00,,,,,
2024-06-30 11:00:00,,,,,
2024-06-30 12:00:00,,,,,
2024-06-30 13:00:00,,,,,
2024-06-30 14:00:00,,,,,
2024-06-30 15:00:00,,,,,
2024-06-30 16:00:00,,,,,
2024-06-30 17:00:00,,,,,
2024-06-30 18:00:00,,,,,
2024-06-30 19:00:00,,,,,
2024-06-30 20:00:00,,,,,
2024-06-30 21:00:00,,,,,
2024-06-30 22:00:00,,,,,
2024-06-30 23:00:00,,,,,
2024-07-01 00:00:00,,,,,
2024-07-01 01:00:00,,,,,
2024-07-01 02:00:00,,,,,
2024-07-01 03:00:00,,,,,
2024-07-01 04:00:00,,,,,
2024-07-01 05:00:00,,,,,
2024-07-01 06:00:00,,,,,
2024-07-01 07:00:00,,,,,
2024-07-01 08:00:00,,,,,
2024-07-01 09:00:00,,,,,
2024-07-01 10:00:00,,,,,
2024-07-01 11:00:00,,,,,
2024-07-01 12:00:00,29.3125,0.0,78.85535714285714,190.42857142857144,2.1142857142857143
2024-07-01 13:00:00,29.375,0.0,78.50357142857143,189.28571428571428,2.142857142857143
2024-07-01 14:00:00,29.4375,0.0,78.15178571428571,188.14285714285714,2.1714285714285713
2024-07-01 15:00:00,29.5,0.0,77.8,187.0,2.2
2024-07-01 16:00:00,30.0,0.0,72.9,313.0,1.6
2024-07-01 17:00:00,27.2,0.0,79.9,320.0,3.1
2024-07-01 18:00:00,26.9,0.0,91.2,109.0,1.4
2024-07-01 19:00:00,26.2,0.2,93.9,180.0,2.5
2024-07-01 20:00:00,26.0,0.0,95.7,216.0,1.4
2024-07-01 21:00:00,26.1,0.0,97.9,242.0,0.7
2024-07-01 22:00:00,26.4,0.0,91.6,133.0,2.4
2024-07-01 23:00:00,26.1,0.0,93.7,272.0,0.7
2024-07-02 00:00:00,25.9,0.0,96.9,292.0,0.6
2024-07-02 01:00:00,25.9,0.0,97.6,292.0,0.4
2024-07-02 02:00:00,25.8,0.0,98.5,317.0,1.0
2024-07-02 03:00:00,25.9,0.0,98.3,342.0,0.8
2024-07-02 04:00:00,25.9,0.0,99.0,28.0,2.0
2024-07-02 05:00:00,25.9,0.0,99.3,20.0,2.2
2024-07-02 06:00:00,25.8,0.0,99.3,354.0,1.7
2024-07-02 07:00:00,25.9,0.0,99.3,13.0,1.8
2024-07-02 08:00:00,25.9,0.0,99.3,28.0,2.9
2024-07-02 09:00:00,26.3,0.0,99.3,325.0,1.6
2024-07-02 10:00:00,26.9,0.0,97.3,244.0,1.6
2024-07-02 11:00:00,29.5,0.0,84.7,162.0,2.4
2024-07-02 12:00:00,30.4,0.0,76.9,176.0,3.6
2024-07-02 13:00:00,30.8,0.0,68.5,199.0,3.5
2024-07-02 14:00:00,31.9,0.0,60.5,206.0,3.8
2024-07-02 15:00:00,32.0,0.0,58.9,196.0,3.9
2024-07-02 16:00:00,32.3,0.0,61.0,181.0,4.2
2024-07-02 17:00:00,32.0,0.0,54.5,213.0,3.3
2024-07-02 18:00:00,32.1,0.0,54.5,264.0,1.8
2024-07-02 19:00:00,30.6,0.0,63.1,298.0,1.4
2024-07-02 20:00:00,29.5,0.0,69.0,225.0,0.9
2024-07-02 21:00:00,29.5,0.0,73.7,178.0,2.1
2024-07-02 22:00:00,28.9,0.0,78.9,154.0,2.3
2024-07-02 23:00:00,28.3,0.0,82.7,137.0,2.6
2024-07-03 00:00:00,28.1,0.0,87.5,145.0,1.0
2024-07-03 01:00:00,27.6,0.0,89.2,286.0,0.7
2024-07-03 02:00:00,27.2,0.0,91.0,143.0,1.6
2024-07-03 03:00:00,27.6,0.0,90.6,138.0,1.5
2024-07-03 04:00:00,27.6,0.0,90.3,155.0,3.6
2024-07-03 05:00:00,27.7,0.0,88.1,151.0,3.3
2024-07-03 06:00:00,26.7,0.0,92.6,306.0,1.1
2024-07-03 07:00:00,26.3,0.0,94.9,270.0,0.4
2024-07-03 08:00:00,28.1,0.0,88.5,209.0,0.7
2024-07-03 09:00:00,30.0,0.0,77.8,155.0,3.3
2024-07-03 10:00:00,31.1,0.0,71.0,172.0,4.4
2024-07-03 11:00:00,32.2,0.0,65.7,193.0,3.7
2024-07-03 12:00:00,28.9,0.0,72.0,225.0,7.1
2024-07-03 13:00:00,24.6,0.2,89.4,152.0,4.5
2024-07-03 14:00:00,28.5,0.0,75.8,246.0,3.4
2024-07-03 15:00:00,28.0,0.0,81.6,264.0,1.9
2024-07-03 16:00:00,27.5,0.0,85.5,167.0,1.2
2024-07-03 17:00:00,30.3,0.0,76.1,311.0,1.7
2024-07-03 18:00:00,31.0,0.0,73.1,177.0,1.5
2024-07-03 19:00:00,29.8,0.0,74.2,172.0,3.8
2024-07-03 20:00:00,29.2,0.0,80.9,128.0,3.6
2024-07-03 21:00:00,29.3,0.0,81.9,167.0,4.7
2024-07-03 22:00:00,28.7,0.0,85.1,150.0,4.1
2024-07-03 23:00:00,28.6,0.0,83.1,144.0,4.1
2024-07-04 00:00:00,28.5,0.0,80.2,154.0,3.3
2024-07-04 01:00:00,28.4,0.0,77.8,145.0,3.0
2024-07-04 02:00:00,28.0,0.0,85.5,121.0,2.6
2024-07-04 03:00:00,28.1,0.0,86.1,160.0,4.2
2024-07-04 04:00:00,27.6,0.0,81.0,181.0,2.9
2024-07-04 05:00:00,27.9,0.0,74.7,183.0,3.7
2024-07-04 06:00:00,28.2,0.0,77.1,176.0,6.6
2024-07-04 07:00:00,27.7,0.0,79.6,165.0,4.4
2024-07-04 08:00:00,28.2,0.0,74.7,158.0,4.4
2024-07-04 09:00:00,29.2,0.0,71.9,176.0,6.0
2024-07-04 10:00:00,29.9,0.0,70.0,174.0,3.1
2024-07-04 11:00:00,30.8,0.0,67.3,135.0,3.4
2024-07-04 12:00:00,30.5,0.0,69.4,268.0,6.1
2024-07-04 13:00:00,31.4,0.0,63.8,316.0,4.9
2024-07-04 14:00:00,33.2,0.0,54.8,230.0,3.7
2024-07-04 15:00:00,32.9,0.0,52.0,205.0,4.3
2024-07-04 16:00:00,32.9,0.0,53.7,223.0,2.8
2024-07-04 17:00:00,32.4,0.0,55.7,133.0,2.3
2024-07-04 18:00:00,31.7,0.0,60.0,191.0,3.3
2024-07-04 19:00:00,30.5,0.0,65.5,227.0,2.6
2024-07-04 20:00:00,30.2,0.0,68.1,243.0,1.5
2024-07-04 21:00:00,30.0,0.0,67.7,180.0,1.5
2024-07-04 22:00:00,29.8,0.0,67.6,176.0,2.4
2024-07-04 23:00:00,29.3,0.0,71.2,174.0,2.7
2024-07-05 00:00:00,28.6,0.0,76.5,146.0,1.0
2024-07-05 01:00:00,28.1,0.0,80.6,299.0,0.8
2024-07-05 02:00:00,27.6,0.0,85.0,2.0,1.0
2024-07-05 03:00:00,27.6,0.0,85.1,17.0,1.9
2024-07-05 04:00:00,27.3,0.0,90.1,350.0,1.5
2024-07-05 05:00:00,27.1,0.0,89.9,354.0,1.6
2024-07-05 06:00:00,26.7,0.0,90.9,348.0,1.0
2024-07-05 07:00:00,26.8,0.0,91.7,294.0,0.6
2024-07-05 08:00:00,27.1,0.0,90.4,359.0,1.9
2024-07-05 09:00:00,29.1,0.0,83.1,347.0,1.8
2024-07-05 10:00:00,22.3,3.6,97.9,163.0,6.8
2024-07-05 11:00:00,23.6,0.0,98.9,147.0,1.3
2024-07-05 12:00:00,25.3,0.0,96.3,279.0,1.1
2024-07-05 13:00:00,27.3,0.0,89.7,356.0,2.0
2024-07-05 14:00:00,30.5,0.0,75.9,290.0,1.8
2024-07-05 15:00:00,32.1,0.0,59.5,344.0,1.6
2024-07-05 16:00:00,32.0,0.0,65.4,103.0,1.7
2024-07-05 17:00:00,32.8,0.0,59.2,127.0,1.4
2024-07-05 18:00:00,31.0,0.0,67.0,259.0,1.5
2024-07-05 19:00:00,29.8,0.0,71.1,172.0,2.0
2024-07-05 20:00:00,28.8,0.0,77.8,215.0,0.8
2024-07-05 21:00:00,28.4,0.0,79.7,348.0,1.4
2024-07-05 22:00:00,28.1,0.0,84.2,316.0,2.1
2024-07-05 23:00:00,27.6,0.0,87.8,355.0,1.3
2024-07-06 00:00:00,27.2,0.0,90.7,356.0,2.0
2024-07-06 01:00:00,27.0,0.0,89.5,348.0,1.7
2024-07-06 02:00:00,26.8,0.0,91.1,8.0,1.6
2024-07-06 03:00:00,26.4,0.0,93.9,26.0,2.7
2024-07-06 04:00:00,26.2,0.0,93.6,26.0,2.5
2024-07-06 05:00:00,26.1,0.0,91.8,3.0,2.2
2024-07-06 06:00:00,26.1,0.0,91.8,348.0,1.6
2024-07-06 07:00:00,25.9,0.0,92.4,8.0,0.8
2024-07-06 08:00:00,26.4,0.0,90.5,189.0,0.4
2024-07-06 09:00:00,27.2,0.0,77.8,264.0,3.0
2024-07-06 10:00:00,28.1,0.0,72.6,291.0,1.3
2024-07-06 11:00:00,29.0,0.0,71.9,329.0,1.3
2024-07-06 12:00:00,30.2,0.0,69.7,260.0,2.0
2024-07-06 13:00:00,30.4,0.0,65.5,282.0,3.7
2024-07-06 14:00:00,30.9,0.0,63.5,296.0,3.5
2024-07-06 15:00:00,32.5,0.0,59.2,318.0,1.7
2024-07-06 16:00:00,30.6,0.0,71.5,164.0,4.5
2024-07-06 17:00:00,30.8,0.0,70.8,224.0,3.0
2024-07-06 18:00:00,30.4,0.0,73.8,198.0,2.7
2024-07-06 19:00:00,29.2,0.0,78.2,171.0,3.7
2024-07-06 20:00:00,29.0,0.0,78.6,170.0,2.5
2024-07-06 21:00:00,28.8,0.0,80.3,156.0,2.5
2024-07-06 22:00:00,28.5,0.0,83.8,178.0,3.1
2024-07-06 23:00:00,28.0,0.0,87.3,157.0,3.1
2024-07-07 00:00:00,27.9,0.0,88.8,155.0,1.9
2024-07-07 01:00:00,27.7,0.0,87.9,213.0,0.7
2024-07-07 02:00:00,27.7,0.0,88.9,279.0,0.7
2024-07-07 03:00:00,27.5,0.0,90.8,240.0,0.5
2024-07-07 04:00:00,27.6,0.0,86.2,193.0,0.8
2024-07-07 05:00:00,27.1,0.0,94.1,23.0,1.9
2024-07-07 06:00:00,27.1,0.0,94.7,345.0,0.9
2024-07-07 07:00:00,26.6,0.0,89.7,220.0,3.0
2024-07-07 08:00:00,25.0,0.0,92.5,273.0,3.6
2024-07-07 09:00:00,25.6,0.0,93.4,321.0,2.0
2024-07-07 10:00:00,26.1,0.0,92.8,21.0,1.7
2024-07-07 11:00:00,27.1,0.0,89.1,302.0,3.0
2024-07-07 12:00:00,27.5,0.0,80.1,275.0,4.3
2024-07-07 13:00:00,30.5,0.0,66.0,292.0,2.4
2024-07-07 14:00:00,31.2,0.0,63.5,307.0,3.6
2024-07-07 15:00:00,32.6,0.0,52.3,237.0,2.6
2024-07-07 16:00:00,31.0,0.0,65.2,176.0,2.9
2024-07-07 17:00:00,29.9,0.0,69.4,157.0,3.2
2024-07-07 18:00:00,30.4,0.0,67.8,154.0,2.9
2024-07-07 19:00:00,29.8,0.0,69.0,173.0,2.2
2024-07-07 20:00:00,28.4,0.0,81.0,113.0,1.6
2024-07-07 21:00:00,28.2,0.0,84.2,301.0,0.7
2024-07-07 22:00:00,27.9,0.0,84.5,125.0,1.9
2024-07-07 23:00:00,27.7,0.0,85.1,143.0,1.4
2024-07-08 00:00:00,27.8,0.0,85.6,182.0,1.0
2024-07-08 01:00:00,27.2,0.0,89.4,345.0,1.3
2024-07-08 02:00:00,27.1,0.0,90.8,321.0,1.4
2024-07-08 03:00:00,26.8,0.0,93.3,293.0,1.0
2024-07-08 04:00:00,26.5,0.0,94.8,8.0,1.5
2024-07-08 05:00:00,25.9,0.0,97.1,13.0,1.9
2024-07-08 06:00:00,25.8,0.0,96.8,21.0,2.3
2024-07-08 07:00:00,25.8,0.0,94.8,293.0,2.2
2024-07-08 08:00:00,25.9,0.0,96.5,276.0,2.3
2024-07-08 09:00:00,23.9,0.2,99.3,259.0,5.2
2024-07-08 10:00:00,25.0,0.0,99.3,294.0,4.5
2024-07-08 11:00:00,26.5,0.0,90.9,265.0,5.2
2024-07-08 12:00:00,28.9,0.0,72.5,248.0,5.9
2024-07-08 13:00:00,28.0,0.0,82.2,261.0,5.1
2024-07-08 14:00:00,27.2,0.2,90.0,243.0,2.6
2024-07-08 15:00:00,27.4,0.0,85.7,254.0,3.9
2024-07-08 16:00:00,26.2,0.2,89.8,221.0,3.3
2024-07-08 17:00:00,25.4,0.2,92.1,222.0,4.2
2024-07-08 18:00:00,26.0,0.0,92.1,267.0,0.9
2024-07-08 19:00:00,25.9,0.0,93.2,229.0,1.2
2024-07-08 20:00:00,26.1,0.0,92.2,7.0,1.5
2024-07-08 21:00:00,25.5,0.0,96.2,182.0,0.9
2024-07-08 22:00:00,25.6,0.0,92.3,352.0,2.6
2024-07-08 23:00:00,25.7,0.0,95.5,111.0,1.5
2024-07-09 00:00:00,25.7,0.0,92.9,14.0,1.5
2024-07-09 01:00:00,25.7,0.0,93.9,349.0,1.6
2024-07-09 02:00:00,25.6,0.0,97.8,13.0,1.7
2024-07-09 03:00:00,25.5,0.0,95.8,152.0,2.0
2024-07-09 04:00:00,25.8,0.0,92.9,307.0,0.8
2024-07-09 05:00:00,25.8,0.0,94.7,16.0,1.6
2024-07-09 06:00:00,25.7,0.0,96.5,297.0,0.7
2024-07-09 07:00:00,25.7,0.0,97.0,201.0,0.5
2024-07-09 08:00:00,26.1,0.0,95.7,248.0,0.8
2024-07-09 09:00:00,27.4,0.0,91.6,217.0,0.8
2024-07-09 10:00:00,29.3,0.0,77.3,185.0,3.5
2024-07-09 11:00:00,29.7,0.0,75.0,177.0,3.9
2024-07-09 12:00:00,30.4,0.0,72.1,142.0,4.8
2024-07-09 13:00:00,27.3,0.0,93.7,180.0,3.0
2024-07-09 14:00:00,26.4,0.4,94.0,151.0,5.5
2024-07-09 15:00:00,27.4,0.0,87.3,169.0,5.0
2024-07-09 16:00:00,29.5,0.0,76.1,177.0,3.8
2024-07-09 17:00:00,28.9,0.0,75.9,171.0,4.2
2024-07-09 18:00:00,29.6,0.0,71.4,161.0,1.4
2024-07-09 19:00:00,28.9,0.0,72.1,149.0,2.8
2024-07-09 20:00:00,28.1,0.0,78.3,148.0,2.3
2024-07-09 21:00:00,27.7,0.0,78.9,174.0,3.1
2024-07-09 22:00:00,27.6,0.0,77.9,184.0,1.5
2024-07-09 23:00:00,27.4,0.0,80.7,162.0,1.5
2024-07-10 00:00:00,26.3,0.0,87.0,353.0,1.3
2024-07-10 01:00:00,26.3,0.0,88.8,325.0,0.8
2024-07-10 02:00:00,26.2,0.0,89.8,21.0,1.7
2024-07-10 03:00:00,26.1,0.0,91.8,279.0,0.4
2024-07-10 04:00:00,26.0,0.0,92.7,282.75,0.475
2024-07-10 05:00:00,25.9,0.0,93.6,286.5,0.55
2024-07-10 06:00:00,25.8,0.0,94.5,290.25,0.625
2024-07-10 07:00:00,25.7,0.0,95.4,294.0,0.7
2024-07-10 08:00:00,26.0,0.0,94.9,335.0,1.5
2024-07-10 09:00:00,27.5,0.0,89.2,264.0,1.8
2024-07-10 10:00:00,30.0,0.0,74.1,195.0,2.9
2024-07-10 11:00:00,31.1,0.0,70.4,143.0,2.5
2024-07-10 12:00:00,30.2,0.0,74.2,220.0,3.2
2024-07-10 13:00:00,31.0,0.0,71.6,229.0,5.0
2024-07-10 14:00:00,31.0,0.0,69.9,208.0,4.4
2024-07-10 15:00:00,30.7,0.0,71.6,256.0,3.3
2024-07-10 16:00:00,30.9,0.0,65.6,240.0,4.4
2024-07-10 17:00:00,29.0,0.0,76.2,252.0,5.8
2024-07-10 18:00:00,28.8,0.0,79.7,253.0,3.8
2024-07-10 19:00:00,28.5,0.0,81.2,297.0,2.6
2024-07-10 20:00:00,28.3,0.0,80.3,299.0,0.6
2024-07-10 21:00:00,27.7,0.0,86.1,277.0,0.9
2024-07-10 22:00:00,28.1,0.0,82.9,259.0,0.6
2024-07-10 23:00:00,27.6,0.0,88.2,8.0,1.0
2024-07-11 00:00:00,27.5,0.0,88.8,297.0,0.8
2024-07-11 01:00:00,27.3,0.0,89.1,294.0,1.0
2024-07-11 02:00:00,27.1,0.0,90.8,273.0,0.4
2024-07-11 03:00:00,27.0,0.0,90.0,275.0,0.8
2024-07-11 04:00:00,26.9,0.0,89.2,277.0,1.2
2024-07-11 05:00:00,27.0,0.0,89.6,243.0,1.9
2024-07-11 06:00:00,27.0,0.0,87.9,216.0,2.8
2024-07-11 07:00:00,27.0,0.0,87.9,271.0,1.3
2024-07-11 08:00:00,28.1,0.0,80.6,202.0,3.1
2024-07-11 09:00:00,29.6,0.0,72.0,185.0,3.8
2024-07-11 10:00:00,30.8,0.0,64.6,161.0,4.2
2024-07-11 11:00:00,30.2,0.0,69.7,217.0,6.6
2024-07-11 12:00:00,30.2,0.0,68.9,221.0,6.4
2024-07-11 13:00:00,30.8,0.0,66.5,190.0,4.1
2024-07-11 14:00:00,31.6,0.0,65.0,170.0,4.6
2024-07-11 15:00:00,31.3,0.0,57.7,176.0,7.2
2024-07-11 16:00:00,31.0,0.0,56.7,187.0,6.3
2024-07-11 17:00:00,30.6,0.0,63.6,168.0,4.6
2024-07-11 18:00:00,30.2,0.0,63.7,169.0,4.3
2024-07-11 19:00:00,29.8,0.0,66.6,171.0,5.2
2024-07-11 20:00:00,29.6,0.0,64.4,165.0,4.0
2024-07-11 21:00:00,29.3,0.0,67.0,183.0,3.3
2024-07-11 22:00:00,28.9,0.0,76.3,175.0,4.0
2024-07-11 23:00:00,28.7,0.0,78.0,146.0,2.9
2024-07-12 00:00:00,28.7,0.0,78.3,169.0,3.6
2024-07-12 01:00:00,28.9,0.0,77.7,162.0,3.2
2024-07-12 02:00:00,28.599999999999998,0.0,79.525,160.25,3.225
2024-07-12 03:00:00,28.299999999999997,0.0,81.35,158.5,3.25
2024-07-12 04:00:00,28.0,0.0,83.175,156.75,3.275
2024-07-12 05:00:00,27.7,0.0,85.0,155.0,3.3
2024-07-12 06:00:00,27.7,0.0,85.0,202.0,2.466666666666667
2024-07-12 07:00:00,27.7,0.0,85.0,249.0,1.6333333333333333
2024-07-12 08:00:00,27.7,0.0,85.0,296.0,0.8
2024-07-12 09:00:00,29.4,0.0,78.8,171.0,1.2
2024-07-12 10:00:00,30.2,0.0,71.0,177.0,2.1
2024-07-12 11:00:00,30.6,0.0,69.8,177.0,2.7
2024-07-12 12:00:00,31.3,0.0,65.3,176.0,3.1
2024-07-12 13:00:00,30.9,0.0,66.2,233.0,3.0
2024-07-12 14:00:00,27.5,0.0,82.9,1.0,3.7
2024-07-12 15:00:00,26.7,0.0,87.3,345.0,2.8
2024-07-12 16:00:00,26.5,0.0,83.8,344.0,1.4
2024-07-12 17:00:00,25.8,0.0,88.5,329.0,2.0
2024-07-12 18:00:00,25.1,0.0,94.7,5.0,3.2
2024-07-12 19:00:00,25.2,0.0,96.1,152.0,1.2
2024-07-12 20:00:00,25.7,0.0,95.3,116.0,1.1
2024-07-12 21:00:00,26.0,0.0,95.5,109.0,1.7
2024-07-12 22:00:00,25.9,0.0,95.9,110.0,1.8
2024-07-12 23:00:00,25.7,0.0,94.4,162.0,1.7
2024-07-13 00:00:00,25.6,0.0,94.7,6.0,1.0
2024-07-13 01:00:00,25.6,0.0,95.5,322.0,0.7
2024-07-13 02:00:00,25.3,0.0,96.9,298.0,1.1
2024-07-13 03:00:00,25.3,0.0,95.7,324.0,0.9
2024-07-13 04:00:00,25.0,0.0,97.9,276.0,1.1
2024-07-13 05:00:00,25.0,0.0,98.1,213.0,0.5
2024-07-13 06:00:00,25.1,0.0,98.5,338.0,1.1
2024-07-13 07:00:00,25.2,0.0,98.3,26.0,2.1
2024-07-13 08:00:00,25.9,0.0,97.6,273.0,0.9
2024-07-13 09:00:00,29.1,0.0,80.2,156.0,2.8
2024-07-13 10:00:00,30.3,0.0,71.2,153.0,3.6
2024-07-13 11:00:00,31.1,0.0,67.2,175.0,3.8
2024-07-13 12:00:00,31.9,0.0,62.9,165.0,4.1
2024-07-13 13:00:00,31.1,0.0,66.3,167.0,4.1
2024-07-13 14:00:00,32.0,0.0,62.6,170.0,5.0
2024-07-13 15:00:00,30.6,0.0,69.0,172.0,5.0
2024-07-13 16:00:00,31.2,0.0,66.1,169.0,6.2
2024-07-13 17:00:00,31.9,0.0,62.5,182.0,4.0
2024-07-13 18:00:00,31.0,0.0,65.6,171.0,4.5
2024-07-13 19:00:00,30.0,0.0,69.8,180.0,5.6
2024-07-13 20:00:00,29.5,0.0,73.2,167.0,4.0
2024-07-13 21:00:00,29.3,0.0,73.7,174.0,3.1
2024-07-13 22:00:00,28.8,0.0,77.5,132.0,2.8
2024-07-13 23:00:00,28.6,0.0,77.0,126.0,4.0
2024-07-14 00:00:00,28.3,0.0,78.8,127.0,3.1
2024-07-14 01:00:00,28.3,0.0,79.3,131.0,2.8
2024-07-14 02:00:00,28.3,0.0,78.1,170.0,2.6
2024-07-14 03:00:00,28.1,0.0,80.3,148.0,3.1
2024-07-14 04:00:00,27.8,0.0,82.8,178.0,1.9
2024-07-14 05:00:00,27.9,0.0,83.6,138.0,2.6
2024-07-14 06:00:00,27.6,0.0,85.5,131.0,1.1
2024-07-14 07:00:00,27.8,0.0,83.6,154.0,2.8
2024-07-14 08:00:00,27.4,0.0,82.2,186.0,5.6
2024-07-14 09:00:00,28.2,0.0,81.7,161.0,3.8
2024-07-14 10:00:00,29.3,0.0,75.7,153.0,4.3
2024-07-14 11:00:00,30.1,0.0,70.9,169.0,5.1
2024-07-14 12:00:00,31.2,0.0,65.5,182.0,3.8
2024-07-14 13:00:00,31.1,0.0,61.5,187.0,4.0
2024-07-14 14:00:00,30.7,0.0,62.8,185.0,3.3
2024-07-14 15:00:00,30.8,0.0,62.8,170.0,4.9
2024-07-14 16:00:00,31.1,0.0,59.7,168.0,5.3
2024-07-14 17:00:00,29.9,0.0,68.9,179.0,4.4
2024-07-14 18:00:00,29.6,0.0,67.0,174.0,3.1
2024-07-14 19:00:00,29.4,0.0,66.4,173.0,3.7
2024-07-14 20:00:00,29.0,0.0,70.0,174.0,3.4
2024-07-14 21:00:00,28.8,0.0,72.1,177.0,3.1
2024-07-14 22:00:00,28.9,0.0,71.3,175.0,3.9
2024-07-14 23:00:00,28.6,0.0,73.9,142.0,3.2
2024-07-15 00:00:00,27.8,0.0,82.4,94.0,1.6
2024-07-15 01:00:00,27.7,0.0,83.0,130.0,1.3
2024-07-15 02:00:00,27.6,0.0,82.9,132.0,2.4
2024-07-15 03:00:00,27.4,0.0,84.6,143.0,0.7
2024-07-15 04:00:00,27.8,0.0,77.1,156.0,3.0
2024-07-15 05:00:00,27.7,0.0,76.3,143.0,2.8
2024-07-15 06:00:00,27.9,0.0,75.5,167.0,2.4
2024-07-15 07:00:00,27.8,0.0,78.1,161.0,2.7
2024-07-15 08:00:00,28.3,0.0,78.0,152.0,2.6
2024-07-15 09:00:00,29.4,0.0,72.3,180.0,4.2
2024-07-15 10:00:00,29.9,0.0,71.2,162.0,6.6
2024-07-15 11:00:00,30.8,0.0,69.6,174.0,5.3
2024-07-15 12:00:00,31.4,0.0,64.8,184.0,4.6
2024-07-15 13:00:00,31.6,0.0,63.6,179.0,5.8
2024-07-15 14:00:00,31.5,0.0,63.9,164.0,6.4
2024-07-15 15:00:00,31.7,0.0,61.0,184.0,6.4
2024-07-15 16:00:00,31.4,0.0,58.6,179.0,6.3
2024-07-15 17:00:00,31.0,0.0,59.0,172.0,6.0
2024-07-15 18:00:00,30.5,0.0,63.1,184.0,4.4
2024-07-15 19:00:00,30.0,0.0,65.3,167.0,5.2
2024-07-15 20:00:00,29.5,0.0,72.6,165.0,3.5
2024-07-15 21:00:00,29.1,0.0,75.5,181.0,3.3
2024-07-15 22:00:00,29.0,0.0,75.6,171.0,5.2
2024-07-15 23:00:00,28.9,0.0,76.6,163.0,3.3
2024-07-16 00:00:00,28.8,0.0,75.7,175.0,3.7
2024-07-16 01:00:00,28.6,0.0,77.1,179.0,3.3
2024-07-16 02:00:00,28.2,0.0,78.8,165.0,3.2
2024-07-16 03:00:00,28.0,0.0,81.1,154.0,3.3
2024-07-16 04:00:00,27.6,0.0,83.4,169.0,1.9
2024-07-16 05:00:00,27.6,0.0,86.5,146.0,2.8
2024-07-16 06:00:00,27.7,0.0,84.6,150.0,2.8
2024-07-16 07:00:00,27.9,0.0,82.4,159.0,2.6
2024-07-16 08:00:00,28.6,0.0,77.8,167.0,2.7
2024-07-16 09:00:00,28.8,0.0,77.1,157.0,5.3
2024-07-16 10:00:00,29.3,0.0,72.0,176.0,5.3
2024-07-16 11:00:00,30.4,0.0,67.9,186.0,5.2
2024-07-16 12:00:00,30.5,0.0,62.2,175.0,7.0
2024-07-16 13:00:00,30.7,0.0,66.0,202.0,5.5
2024-07-16 14:00:00,30.5,0.0,65.6,172.0,5.7
2024-07-16 15:00:00,30.7,0.0,66.5,169.0,6.5
2024-07-16 16:00:00,30.9,0.0,62.5,168.0,6.0
2024-07-16 17:00:00,30.7,0.0,58.6,171.0,6.7
2024-07-16 18:00:00,30.0,0.0,63.3,173.0,4.1
2024-07-16 19:00:00,29.6,0.0,67.7,162.0,4.0
2024-07-16 20:00:00,29.0,0.0,73.7,176.0,3.1
2024-07-16 21:00:00,29.0,0.0,73.8,173.0,4.4
2024-07-16 22:00:00,28.8,0.0,77.2,164.0,3.9
2024-07-16 23:00:00,28.7,0.0,78.0,159.0,2.9
2024-07-17 00:00:00,28.5,0.0,79.7,140.0,2.4
2024-07-17 01:00:00,28.3,0.0,80.4,152.0,1.9
2024-07-17 02:00:00,28.0,0.0,80.7,142.0,2.5
2024-07-17 03:00:00,27.9,0.0,81.60000000000001,150.0,2.566666666666667
2024-07-17 04:00:00,27.8,0.0,82.5,158.0,2.6333333333333333
2024-07-17 05:00:00,27.7,0.0,83.4,166.0,2.7
2024-07-17 06:00:00,27.7,0.0,83.8,173.0,2.9
2024-07-17 07:00:00,27.9,0.0,83.7,164.0,3.5
2024-07-17 08:00:00,28.4,0.0,82.5,163.0,2.9
2024-07-17 09:00:00,29.9,0.0,71.7,164.0,3.8
2024-07-17 10:00:00,30.4,0.0,69.9,212.0,3.6
2024-07-17 11:00:00,30.5,0.0,70.9,176.0,3.9
2024-07-17 12:00:00,30.7,0.0,70.7,197.0,4.2
2024-07-17 13:00:00,31.6,0.0,64.4,186.0,5.6
2024-07-17 14:00:00,30.2,0.0,71.7,181.0,5.4
2024-07-17 15:00:00,30.6,0.0,69.0,180.0,5.1
2024-07-17 16:00:00,31.0,0.0,65.4,185.0,6.2
2024-07-17 17:00:00,31.4,0.0,65.9,190.0,4.2
2024-07-17 18:00:00,30.6,0.0,69.1,176.0,5.0
2024-07-17 19:00:00,29.9,0.0,66.2,172.0,4.1
2024-07-17 20:00:00,29.4,0.0,72.3,170.0,4.1
2024-07-17 21:00:00,29.2,0.0,73.3,180.0,3.5
2024-07-17 22:00:00,29.2,0.0,70.1,157.0,3.7
2024-07-17 23:00:00,29.0,0.0,73.5,173.0,2.9
2024-07-18 00:00:00,28.7,0.0,76.8,171.0,2.2
2024-07-18 01:00:00,28.6,0.0,78.5,170.0,2.85
2024-07-18 02:00:00,28.5,0.0,80.2,169.0,3.5
2024-07-18 03:00:00,28.2,0.0,82.3,168.0,2.8
2024-07-18 04:00:00,28.1,0.0,84.8,142.0,1.9
2024-07-18 05:00:00,27.75,0.0,86.1,137.5,2.25
2024-07-18 06:00:00,27.4,0.0,87.4,133.0,2.6
2024-07-18 07:00:00,27.6,0.0,87.7,149.0,2.0
2024-07-18 08:00:00,28.6,0.0,85.8,129.0,2.1
2024-07-18 09:00:00,29.5,0.0,78.0,169.0,4.6
2024-07-18 10:00:00,29.7,0.0,75.9,174.0,7.2
2024-07-18 11:00:00,30.7,0.0,69.4,208.0,5.5
2024-07-18 12:00:00,31.2,0.0,65.0,167.0,5.7
2024-07-18 13:00:00,31.7,0.0,63.4,176.0,6.4
2024-07-18 14:00:00,32.3,0.0,63.6,201.0,5.7
2024-07-18 15:00:00,32.5,0.0,63.6,184.0,6.4
2024-07-18 16:00:00,32.2,0.0,62.9,187.0,6.4
2024-07-18 17:00:00,31.2,0.0,65.4,167.0,6.8
2024-07-18 18:00:00,31.0,0.0,65.3,162.0,6.0
2024-07-18 19:00:00,30.4,0.0,67.1,171.0,4.7
2024-07-18 20:00:00,30.0,0.0,68.0,162.0,4.1
2024-07-18 21:00:00,29.8,0.0,71.4,164.0,4.7
2024-07-18 22:00:00,29.4,0.0,75.7,144.0,4.0
2024-07-18 23:00:00,29.1,0.0,76.5,154.0,2.1
2024-07-19 00:00:00,29.0,0.0,75.5,143.0,2.6
2024-07-19 01:00:00,28.8,0.0,78.6,152.0,4.8
2024-07-19 02:00:00,28.5,0.0,82.4,147.0,3.5
2024-07-19 03:00:00,28.4,0.0,83.1,157.0,4.2
2024-07-19 04:00:00,28.2,0.0,83.2,157.0,3.5
2024-07-19 05:00:00,28.2,0.0,82.9,137.0,3.0
2024-07-19 06:00:00,28.1,0.0,85.4,73.0,1.2
2024-07-19 07:00:00,28.3,0.0,82.1,157.0,4.7
2024-07-19 08:00:00,29.0,0.0,80.3,147.0,2.9
2024-07-19 09:00:00,30.2,0.0,73.2,149.0,3.9
2024-07-19 10:00:00,30.5,0.0,73.2,167.0,3.6
2024-07-19 11:00:00,30.8,0.0,71.9,163.0,4.6
2024-07-19 12:00:00,31.6,0.0,65.5,163.0,6.0
2024-07-19 13:00:00,31.7,0.0,63.5,157.0,5.6
2024-07-19 14:00:00,32.1,0.0,63.0,162.0,4.0
2024-07-19 15:00:00,31.8,0.0,61.9,158.0,5.3
2024-07-19 16:00:00,32.0,0.0,60.3,187.0,5.5
2024-07-19 17:00:00,31.7,0.0,61.2,190.0,5.1
2024-07-19 18:00:00,30.7,0.0,66.2,159.0,5.2
2024-07-19 19:00:00,30.1,0.0,70.3,169.0,4.0
2024-07-19 20:00:00,29.7,0.0,74.0,170.0,4.0
2024-07-19 21:00:00,29.7,0.0,74.7,172.0,2.8
2024-07-19 22:00:00,29.3,0.0,74.3,144.0,4.2
2024-07-19 23:00:00,29.2,0.0,73.3,128.0,5.4
2024-07-20 00:00:00,28.9,0.0,73.0,136.0,2.9
2024-07-20 01:00:00,28.8,0.0,72.9,157.0,2.7
2024-07-20 02:00:00,28.4,0.0,76.4,149.0,2.9
2024-07-20 03:00:00,28.3,0.0,78.5,144.0,2.9
2024-07-20 04:00:00,28.3,0.0,79.1,161.0,4.1
2024-07-20 05:00:00,28.3,0.0,80.5,158.0,5.2
2024-07-20 06:00:00,28.4,0.0,80.9,165.0,2.8
2024-07-20 07:00:00,28.3,0.0,82.9,150.0,2.6
2024-07-20 08:00:00,28.6,0.0,82.3,167.0,1.4
2024-07-20 09:00:00,29.1,0.0,78.6,156.0,5.7
2024-07-20 10:00:00,30.1,0.0,75.3,163.0,3.5
2024-07-20 11:00:00,31.1,0.0,70.9,198.0,4.6
2024-07-20 12:00:00,31.3,0.0,66.0,160.0,8.5
2024-07-20 13:00:00,32.2,0.0,61.3,177.0,7.3
2024-07-20 14:00:00,32.9,0.0,57.0,188.0,6.6
2024-07-20 15:00:00,32.8,0.0,58.7,160.0,5.5
2024-07-20 16:00:00,32.0,0.0,61.2,170.0,6.6
2024-07-20 17:00:00,31.8,0.0,59.6,194.0,4.4
2024-07-20 18:00:00,31.1,0.0,60.4,168.0,5.5
2024-07-20 19:00:00,30.6,0.0,66.6,173.0,2.9
2024-07-20 20:00:00,30.2,0.0,68.3,180.0,3.3
2024-07-20 21:00:00,29.9,0.0,72.5,166.0,4.0
2024-07-20 22:00:00,29.6,0.0,74.6,145.0,2.9
2024-07-20 23:00:00,29.6,0.0,74.0,150.0,4.3
2024-07-21 00:00:00,29.4,0.0,74.1,153.0,4.2
2024-07-21 01:00:00,29.0,0.0,75.7,160.0,3.4
2024-07-21 02:00:00,28.6,0.0,79.9,130.0,2.3
2024-07-21 03:00:00,28.6,0.0,82.1,153.0,3.7
2024-07-21 04:00:00,28.5,0.0,80.8,151.0,4.4
2024-07-21 05:00:00,28.4,0.0,81.8,151.0,2.9
2024-07-21 06:00:00,28.5,0.0,81.2,161.0,3.5
2024-07-21 07:00:00,28.5,0.0,81.7,144.0,3.8
2024-07-21 08:00:00,28.8,0.0,81.7,159.0,2.6
2024-07-21 09:00:00,29.5,0.0,77.5,169.0,3.8
2024-07-21 10:00:00,29.7,0.0,75.8,156.0,6.1
2024-07-21 11:00:00,30.6,0.0,71.1,173.0,6.0
2024-07-21 12:00:00,31.1,0.0,66.6,175.0,6.2
2024-07-21 13:00:00,32.2,0.0,58.9,179.0,5.5
2024-07-21 14:00:00,31.8,0.0,61.8,179.0,5.6
2024-07-21 15:00:00,31.8,0.0,59.3,175.0,7.1
2024-07-21 16:00:00,31.7,0.0,64.6,175.0,4.7
2024-07-21 17:00:00,31.3,0.0,65.0,172.0,4.4
2024-07-21 18:00:00,30.6,0.0,67.4,168.0,4.1
2024-07-21 19:00:00,30.2,0.0,69.2,164.0,3.7
2024-07-21 20:00:00,29.9,0.0,67.8,170.0,3.7
2024-07-21 21:00:00,29.7,0.0,71.7,180.0,3.9
2024-07-21 22:00:00,29.5,0.0,73.0,167.0,3.3
2024-07-21 23:00:00,29.2,0.0,76.4,140.0,3.0
2024-07-22 00:00:00,29.0,0.0,78.7,144.0,3.7
2024-07-22 01:00:00,28.6,0.0,80.4,130.0,3.3
2024-07-22 02:00:00,28.7,0.0,78.4,163.0,3.2
2024-07-22 03:00:00,28.5,0.0,80.1,146.0,3.1
2024-07-22 04:00:00,28.3,0.0,81.9,145.0,2.2
2024-07-22 05:00:00,28.35,0.0,82.9,152.5,2.25
2024-07-22 06:00:00,28.4,0.0,83.9,160.0,2.3
2024-07-22 07:00:00,28.5,0.0,83.5,156.0,4.7
2024-07-22 08:00:00,28.8,0.0,82.7,153.0,3.5
2024-07-22 09:00:00,29.7,0.0,80.0,157.0,4.6
2024-07-22 10:00:00,31.2,0.0,71.7,181.0,4.6
2024-07-22 11:00:00,31.3,0.0,70.4,149.0,7.0
2024-07-22 12:00:00,32.0,0.0,67.6,163.0,6.2
2024-07-22 13:00:00,32.0,0.0,67.7,175.0,7.4
2024-07-22 14:00:00,32.6,0.0,64.8,167.0,5.5
2024-07-22 15:00:00,32.3,0.0,62.0,180.0,5.9
2024-07-22 16:00:00,32.7,0.0,63.0,189.0,5.7
2024-07-22 17:00:00,32.9,0.0,60.5,186.0,3.1
2024-07-22 18:00:00,31.7,0.0,63.1,180.0,5.4
2024-07-22 19:00:00,30.8,0.0,67.3,169.0,6.6
2024-07-22 20:00:00,30.3,0.0,67.6,167.0,4.5
2024-07-22 21:00:00,29.9,0.0,74.4,146.0,3.2
2024-07-22 22:00:00,29.6,0.0,77.4,156.0,4.8
2024-07-22 23:00:00,29.3,0.0,79.2,141.0,4.0
2024-07-23 00:00:00,29.0,0.0,81.1,151.0,3.1
2024-07-23 01:00:00,28.8,0.0,82.7,151.0,3.5
2024-07-23 02:00:00,28.6,0.0,85.0,142.0,3.0
2024-07-23 03:00:00,28.3,0.0,86.2,145.0,2.9
2024-07-23 04:00:00,28.4,0.0,86.6,128.0,2.6
2024-07-23 05:00:00,28.2,0.0,88.4,123.0,2.3
2024-07-23 06:00:00,28.2,0.0,85.4,153.0,3.0
2024-07-23 07:00:00,28.2,0.0,85.0,138.0,3.5
2024-07-23 08:00:00,28.9,0.0,83.4,157.0,3.5
2024-07-23 09:00:00,29.5,0.0,78.9,177.0,4.5
2024-07-23 10:00:00,31.2,0.0,70.9,161.0,3.8
2024-07-23 11:00:00,31.9,0.0,66.9,170.0,5.6
2024-07-23 12:00:00,32.3,0.0,65.8,172.0,5.5
2024-07-23 13:00:00,32.7,0.0,63.5,218.0,4.7
2024-07-23 14:00:00,32.4,0.0,66.5,173.0,4.5
2024-07-23 15:00:00,33.4,0.0,62.9,167.0,4.0
2024-07-23 16:00:00,31.9,0.0,66.4,172.0,6.0
2024-07-23 17:00:00,31.7,0.0,66.1,160.0,5.1
2024-07-23 18:00:00,31.5,0.0,65.9,149.0,4.2
2024-07-23 19:00:00,30.7,0.0,71.9,194.0,2.8
2024-07-23 20:00:00,30.0,0.0,71.9,181.0,5.0
2024-07-23 21:00:00,29.5,0.0,77.3,169.0,3.9
2024-07-23 22:00:00,29.3,0.0,78.7,166.0,5.2
2024-07-23 23:00:00,29.2,0.0,79.3,145.0,4.9
2024-07-24 00:00:00,28.9,0.0,80.1,149.0,5.5
2024-07-24 01:00:00,28.7,0.0,78.4,158.0,4.0
2024-07-24 02:00:00,28.45,0.0,78.80000000000001,158.5,3.0
2024-07-24 03:00:00,28.2,0.0,79.2,159.0,2.0
2024-07-24 04:00:00,28.1,0.0,81.4,142.0,2.2
2024-07-24 05:00:00,27.8,0.0,85.0,142.0,2.3
2024-07-24 06:00:00,28.1,0.0,85.1,147.0,3.4
2024-07-24 07:00:00,28.1,0.0,85.4,146.0,3.5
2024-07-24 08:00:00,28.4,0.0,84.2,143.0,2.8
2024-07-24 09:00:00,29.8,0.0,76.7,175.0,3.3
2024-07-24 10:00:00,30.7,0.0,71.7,164.0,5.0
2024-07-24 11:00:00,30.9,0.0,71.5,151.0,3.8
2024-07-24 12:00:00,32.3,0.0,65.9,196.0,4.8
2024-07-24 13:00:00,32.2,0.0,65.8,178.0,4.7
2024-07-24 14:00:00,32.0,0.0,66.5,174.0,6.6
2024-07-24 15:00:00,32.3,0.0,63.6,180.0,5.6
2024-07-24 16:00:00,31.1,0.0,69.5,172.0,6.1
2024-07-24 17:00:00,31.7,0.0,64.4,159.0,4.6
2024-07-24 18:00:00,30.9,0.0,70.0,173.0,5.0
2024-07-24 19:00:00,30.2,0.0,71.2,182.0,5.1
2024-07-24 20:00:00,29.6,0.0,71.2,166.0,4.1
2024-07-24 21:00:00,29.5,0.0,69.5,174.0,4.7
2024-07-24 22:00:00,29.3,0.0,70.1,162.0,2.8
2024-07-24 23:00:00,28.9,0.0,76.3,2.0,1.1
2024-07-25 00:00:00,28.4,0.0,79.3,116.0,2.3
2024-07-25 01:00:00,28.3,0.0,77.4,130.0,2.8
2024-07-25 02:00:00,28.3,0.0,77.1,134.0,2.8
2024-07-25 03:00:00,27.9,0.0,80.8,135.0,2.2
2024-07-25 04:00:00,27.7,0.0,83.4,123.0,1.7
2024-07-25 05:00:00,27.6,0.0,82.1,132.0,2.9
2024-07-25 06:00:00,27.5,0.0,83.5,103.0,1.3
2024-07-25 07:00:00,27.5,0.0,85.0,144.0,2.0
2024-07-25 08:00:00,28.6,0.0,80.0,152.0,3.5
2024-07-25 09:00:00,29.8,0.0,74.3,154.0,4.1
2024-07-25 10:00:00,30.5,0.0,71.2,164.0,4.2
2024-07-25 11:00:00,31.1,0.0,68.5,190.0,4.4
2024-07-25 12:00:00,31.5,0.0,63.1,171.0,5.9
2024-07-25 13:00:00,30.6,0.0,66.0,178.0,7.5
2024-07-25 14:00:00,32.2,0.0,58.2,187.0,6.2
2024-07-25 15:00:00,32.4,0.0,55.2,183.0,6.3
2024-07-25 16:00:00,31.4,0.0,57.9,176.0,6.7
2024-07-25 17:00:00,31.1,0.0,59.4,165.0,7.0
2024-07-25 18:00:00,31.0,0.0,58.3,169.0,6.2
2024-07-25 19:00:00,30.5,0.0,62.5,162.0,4.5
2024-07-25 20:00:00,30.0,0.0,63.6,167.0,5.6
2024-07-25 21:00:00,29.7,0.0,67.6,158.0,6.0
2024-07-25 22:00:00,29.3,0.0,70.3,145.0,3.2
2024-07-25 23:00:00,29.0,0.0,74.5,132.0,3.5
2024-07-26 00:00:00,28.5,0.0,77.7,135.0,2.0
2024-07-26 01:00:00,28.3,0.0,77.6,122.0,2.3
2024-07-26 02:00:00,27.9,0.0,80.8,118.0,1.4
2024-07-26 03:00:00,28.2,0.0,75.1,161.0,3.2
2024-07-26 04:00:00,28.2,0.0,79.1,154.0,3.6
2024-07-26 05:00:00,28.2,0.0,77.9,150.0,3.8
2024-07-26 06:00:00,28.0,0.0,78.0,151.0,3.1
2024-07-26 07:00:00,28.0,0.0,78.8,150.0,4.2
2024-07-26 08:00:00,28.4,0.0,78.5,146.0,4.9
2024-07-26 09:00:00,29.7,0.0,74.6,148.0,4.8
2024-07-26 10:00:00,30.7,0.0,69.8,150.0,4.8
2024-07-26 11:00:00,31.0,0.0,65.6,162.0,5.4
2024-07-26 12:00:00,31.4,0.0,62.8,157.0,6.7
2024-07-26 13:00:00,31.6,0.0,64.0,179.0,6.8
2024-07-26 14:00:00,31.9,0.0,60.7,168.0,7.4
2024-07-26 15:00:00,32.1,0.0,59.7,169.0,7.1
2024-07-26 16:00:00,32.3,0.0,56.5,200.0,6.1
2024-07-26 17:00:00,31.6,0.0,58.5,169.0,6.1
2024-07-26 18:00:00,31.4,0.0,56.7,166.0,6.1
2024-07-26 19:00:00,30.8,0.0,59.6,174.0,5.8
2024-07-26 20:00:00,30.1,0.0,63.8,177.0,3.0
2024-07-26 21:00:00,29.9,0.0,67.1,158.0,1.9
2024-07-26 22:00:00,29.4,0.0,75.4,146.0,4.0
2024-07-26 23:00:00,29.3,0.0,73.2,153.0,4.2
2024-07-27 00:00:00,28.9,0.0,74.1,151.0,4.3
2024-07-27 01:00:00,28.5,0.0,79.4,151.0,3.5
2024-07-27 02:00:00,28.2,0.0,80.8,126.0,3.3
2024-07-27 03:00:00,28.1,0.0,81.2,139.0,2.8
2024-07-27 04:00:00,28.0,0.0,79.8,162.0,2.3
2024-07-27 05:00:00,28.2,0.0,77.3,154.0,4.5
2024-07-27 06:00:00,28.1,0.0,79.4,158.0,2.9
2024-07-27 07:00:00,27.9,0.0,82.0,145.0,2.1
2024-07-27 08:00:00,28.5,0.0,80.7,149.0,4.5
2024-07-27 09:00:00,29.5,0.0,75.2,150.0,6.6
2024-07-27 10:00:00,30.8,0.0,68.2,145.0,4.9
2024-07-27 11:00:00,30.9,0.0,66.1,178.0,6.3
2024-07-27 12:00:00,31.9,0.0,58.6,169.0,6.0
2024-07-27 13:00:00,32.2,0.0,51.5,179.0,8.2
2024-07-27 14:00:00,32.6,0.0,52.2,164.0,7.2
2024-07-27 15:00:00,33.4,0.0,50.2,173.0,5.7
2024-07-27 16:00:00,32.7,0.0,50.1,173.0,5.7
2024-07-27 17:00:00,32.8,0.0,52.0,187.0,4.5
2024-07-27 18:00:00,31.9,0.0,57.8,159.0,5.7
2024-07-27 19:00:00,31.0,0.0,59.5,169.0,4.7
2024-07-27 20:00:00,30.3,0.0,66.2,176.0,3.3
2024-07-27 21:00:00,29.7,0.0,72.5,171.0,3.4
2024-07-27 22:00:00,29.4,0.0,76.2,138.0,5.7
2024-07-27 23:00:00,29.1,0.0,75.0,138.0,4.3
2024-07-28 00:00:00,29.0,0.0,74.9,143.0,3.7
2024-07-28 01:00:00,28.7,0.0,77.3,140.0,3.2
2024-07-28 02:00:00,28.6,0.0,76.8,151.0,3.4
2024-07-28 03:00:00,28.4,0.0,79.3,122.0,3.5
2024-07-28 04:00:00,27.9,0.0,83.3,112.0,1.7
2024-07-28 05:00:00,27.9,0.0,81.2,129.0,3.6
2024-07-28 06:00:00,28.2,0.0,80.2,157.0,3.1
2024-07-28 07:00:00,28.2,0.0,81.4,151.0,4.3
2024-07-28 08:00:00,28.7,0.0,79.7,153.0,4.3
2024-07-28 09:00:00,29.6,0.0,75.6,146.0,6.0
2024-07-28 10:00:00,30.4,0.0,67.6,164.0,5.8
2024-07-28 11:00:00,32.0,0.0,61.0,163.0,4.1
2024-07-28 12:00:00,32.1,0.0,59.7,179.0,6.0
2024-07-28 13:00:00,32.7,0.0,56.6,151.0,4.7
2024-07-28 14:00:00,32.7,0.0,56.9,175.0,4.5
2024-07-28 15:00:00,32.6,0.0,53.1,172.0,6.6
2024-07-28 16:00:00,33.0,0.0,52.2,186.0,5.9
2024-07-28 17:00:00,32.2,0.0,55.4,157.0,7.5
2024-07-28 18:00:00,31.6,0.0,55.4,171.0,5.8
2024-07-28 19:00:00,31.0,0.0,60.1,152.0,3.1
2024-07-28 20:00:00,30.3,0.0,65.3,164.0,3.5
2024-07-28 21:00:00,29.4,0.0,76.1,132.0,5.8
2024-07-28 22:00:00,29.3,0.0,74.5,133.0,4.9
2024-07-28 23:00:00,29.0,0.0,76.5,128.0,5.6
2024-07-29 00:00:00,28.8,0.0,77.4,124.0,2.9
2024-07-29 01:00:00,28.7,0.0,78.0,121.0,3.6
2024-07-29 02:00:00,28.3,0.0,78.7,130.0,2.5
2024-07-29 03:00:00,28.2,0.0,81.5,313.0,0.7
2024-07-29 04:00:00,28.0,0.0,81.5,134.0,1.8
2024-07-29 05:00:00,28.2,0.0,81.3,165.0,4.2
2024-07-29 06:00:00,28.3,0.0,81.8,145.0,3.3
2024-07-29 07:00:00,28.900000000000002,0.0,79.26666666666667,144.0,3.6333333333333333
2024-07-29 08:00:00,29.5,0.0,76.73333333333333,143.0,3.9666666666666663
2024-07-29 09:00:00,30.1,0.0,74.2,142.0,4.3
2024-07-29 10:00:00,31.1,0.0,65.3,162.0,4.4
2024-07-29 11:00:00,31.4,0.0,63.8,174.0,5.6
2024-07-29 12:00:00,32.2,0.0,60.8,157.0,4.2
2024-07-29 13:00:00,32.9,0.0,53.8,182.0,6.5
2024-07-29 14:00:00,32.5,0.0,57.7,167.0,6.6
2024-07-29 15:00:00,32.8,0.0,56.7,176.0,6.2
2024-07-29 16:00:00,33.2,0.0,54.8,187.0,4.9
2024-07-29 17:00:00,32.6,0.0,54.1,154.0,5.0
2024-07-29 18:00:00,31.5,0.0,59.9,189.0,4.9
2024-07-29 19:00:00,30.4,0.0,70.0,170.0,3.8
2024-07-29 20:00:00,29.8,0.0,73.8,169.0,3.8
2024-07-29 21:00:00,29.7,0.0,72.3,129.0,3.7
2024-07-29 22:00:00,29.4,0.0,79.1,75.0,1.1
2024-07-29 23:00:00,29.0,0.0,79.5,129.0,1.9
2024-07-30 00:00:00,28.8,0.0,74.9,132.0,3.0
2024-07-30 01:00:00,28.5,0.0,77.30000000000001,112.0,2.15
2024-07-30 02:00:00,28.2,0.0,79.7,92.0,1.3
2024-07-30 03:00:00,28.0,0.0,82.9,69.0,1.0
2024-07-30 04:00:00,27.8,0.0,82.4,157.0,1.5
2024-07-30 05:00:00,27.7,0.0,83.3,160.0,1.5
2024-07-30 06:00:00,27.8,0.0,84.5,150.0,1.9
2024-07-30 07:00:00,27.8,0.0,83.7,152.0,2.4
2024-07-30 08:00:00,28.6,0.0,79.2,157.0,4.2
2024-07-30 09:00:00,29.9,0.0,74.5,126.0,4.4
2024-07-30 10:00:00,30.3,0.0,69.9,151.0,5.8
2024-07-30 11:00:00,31.3,0.0,65.0,150.0,5.8
2024-07-30 12:00:00,32.6,0.0,59.8,182.0,5.4
2024-07-30 13:00:00,33.4,0.0,56.0,175.0,4.6
2024-07-30 14:00:00,32.9,0.0,55.4,170.0,5.8
2024-07-30 15:00:00,33.9,0.0,53.0,177.0,4.8
2024-07-30 16:00:00,33.3,0.0,56.3,178.0,5.9
2024-07-30 17:00:00,32.9,0.0,59.6,183.0,5.2
2024-07-30 18:00:00,32.2,0.0,59.2,177.0,6.3
2024-07-30 19:00:00,31.1,0.0,67.0,174.0,5.7
2024-07-30 20:00:00,30.2,0.0,74.2,149.0,4.7
2024-07-30 21:00:00,29.7,0.0,75.2,149.0,4.2
2024-07-30 22:00:00,29.4,0.0,80.4,111.0,3.2
2024-07-30 23:00:00,29.0,0.0,78.0,117.0,4.7
2024-07-31 00:00:00,28.9,0.0,79.7,99.0,3.4
2024-07-31 01:00:00,28.5,0.0,81.2,105.0,2.6
2024-07-31 02:00:00,28.4,0.0,80.6,146.0,1.4
2024-07-31 03:00:00,28.5,0.0,79.3,119.0,2.6
2024-07-31 04:00:00,28.3,0.0,81.2,128.0,3.1
2024-07-31 05:00:00,28.3,0.0,83.5,114.0,1.8
2024-07-31 06:00:00,28.0,0.0,83.4,122.0,3.5
2024-07-31 07:00:00,28.3,0.0,84.2,58.0,1.2
2024-07-31 08:00:00,28.9,0.0,83.5,99.0,2.6
2024-07-31 09:00:00,29.4,0.0,81.9,125.0,2.9
2024-07-31 10:00:00,31.3,0.0,69.0,99.0,3.2
2024-07-31 11:00:00,32.0,0.0,65.0,176.0,3.6
2024-07-31 12:00:00,32.1,0.0,61.1,134.0,4.6
2024-07-31 13:00:00,31.6,0.0,64.7,166.0,3.4
2024-07-31 14:00:00,33.6,0.0,56.7,187.0,3.4
2024-07-31 15:00:00,29.9,0.0,74.5,210.0,5.1
2024-07-31 16:00:00,28.6,0.0,77.9,281.0,7.5
2024-07-31 17:00:00,25.9,0.0,92.5,29.0,5.3
2024-07-31 18:00:00,25.3,0.2,99.1,28.0,3.3
2024-07-31 19:00:00,25.1,0.0,91.4,224.0,2.5
2024-07-31 20:00:00,25.7,0.0,88.4,170.0,2.9
2024-07-31 21:00:00,26.0,0.0,87.5,181.0,2.2
2024-07-31 22:00:00,26.1,0.0,86.3,169.0,1.5
2024-07-31 23:00:00,25.7,0.0,90.5,339.0,1.3
2024-08-01 00:00:00,25.5,0.0,90.2,322.0,1.6
2024-08-01 01:00:00,25.3,0.0,93.7,339.0,1.5
2024-08-01 02:00:00,25.2,0.0,94.2,244.0,0.7
2024-08-01 03:00:00,25.133333333333333,0.0,94.93333333333334,274.6666666666667,0.7333333333333333
2024-08-01 04:00:00,25.066666666666666,0.0,95.66666666666667,305.3333333333333,0.7666666666666667
2024-08-01 05:00:00,25.0,0.0,96.4,336.0,0.8
2024-08-01 06:00:00,25.1,0.0,96.3,27.0,1.8
2024-08-01 07:00:00,25.933333333333334,0.0,91.46666666666667,126.0,1.7666666666666666
2024-08-01 08:00:00,26.76666666666667,0.0,86.63333333333333,225.0,1.7333333333333334
2024-08-01 09:00:00,27.6,0.0,81.8,324.0,1.7
2024-08-01 10:00:00,29.5,0.0,74.6,215.0,1.5
2024-08-01 11:00:00,30.7,0.0,68.1,194.0,2.65
2024-08-01 12:00:00,31.9,0.0,61.6,173.0,3.8
2024-08-01 13:00:00,32.3,0.0,60.4,197.0,5.7
2024-08-01 14:00:00,32.4,0.0,62.3,168.0,6.2
2024-08-01 15:00:00,32.4,0.0,62.3,183.0,5.5
2024-08-01 16:00:00,32.2,0.0,59.6,167.0,6.9
2024-08-01 17:00:00,31.525000000000002,0.0,61.575,163.0,6.275
2024-08-01 18:00:00,30.85,0.0,63.55,159.0,5.65
2024-08-01 19:00:00,30.175,0.0,65.525,155.0,5.025
2024-08-01 20:00:00,29.5,0.0,67.5,151.0,4.4
2024-08-01 21:00:00,29.0,0.0,70.3,141.0,2.0
2024-08-01 22:00:00,28.7,0.0,72.6,136.5,2.1
2024-08-01 23:00:00,28.4,0.0,74.9,132.0,2.2
2024-08-02 00:00:00,28.0,0.0,80.4,179.0,0.7
2024-08-02 01:00:00,27.825,0.0,81.9,172.75,0.875
2024-08-02 02:00:00,27.65,0.0,83.4,166.5,1.0499999999999998
2024-08-02 03:00:00,27.475,0.0,84.9,160.25,1.2249999999999999
2024-08-02 04:00:00,27.3,0.0,86.4,154.0,1.4
2024-08-02 05:00:00,27.6,0.0,85.8,134.0,2.3
2024-08-02 06:00:00,27.15,0.0,88.19999999999999,243.0,1.8499999999999999
2024-08-02 07:00:00,26.7,0.0,90.6,352.0,1.4
2024-08-02 08:00:00,27.2,0.0,90.15,345.0,1.5499999999999998
2024-08-02 09:00:00,27.7,0.0,89.7,338.0,1.7
2024-08-02 10:00:00,28.875,0.0,82.45,294.0,2.175
2024-08-02 11:00:00,30.049999999999997,0.0,75.2,250.0,2.65
2024-08-02 12:00:00,31.224999999999998,0.0,67.95,206.0,3.125
2024-08-02 13:00:00,32.4,0.0,60.7,162.0,3.6
2024-08-02 14:00:00,32.5,0.0,60.05,166.0,4.25
2024-08-02 15:00:00,32.6,0.0,59.4,170.0,4.9
2024-08-02 16:00:00,31.733333333333334,0.0,63.03333333333333,160.0,4.2
2024-08-02 17:00:00,30.866666666666667,0.0,66.66666666666666,150.0,3.5
2024-08-02 18:00:00,30.0,0.0,70.3,140.0,2.8
2024-08-02 19:00:00,29.575,0.0,72.7,131.75,2.6999999999999997
2024-08-02 20:00:00,29.15,0.0,75.1,123.5,2.5999999999999996
2024-08-02 21:00:00,28.725,0.0,77.5,115.25,2.5
2024-08-02 22:00:00,28.3,0.0,79.9,107.0,2.4
2024-08-02 23:00:00,28.15,0.0,81.65,112.0,1.7999999999999998
2024-08-03 00:00:00,28.0,0.0,83.4,117.0,1.2
2024-08-03 01:00:00,27.95,0.0,83.4,141.0,1.15
2024-08-03 02:00:00,27.9,0.0,83.4,165.0,1.1
2024-08-03 03:00:00,27.6,0.0,87.0,113.0,1.4
2024-08-03 04:00:00,27.5,0.0,86.5,150.0,2.0
2024-08-03 05:00:00,27.4,0.0,87.9,222.0,0.9
2024-08-03 06:00:00,27.2,0.0,90.6,351.0,0.6
2024-08-03 07:00:00,27.9,0.0,85.375,299.5,1.9500000000000002
2024-08-03 08:00:00,28.6,0.0,80.15,248.0,3.3000000000000003
2024-08-03 09:00:00,29.3,0.0,74.925,196.5,4.6499999999999995
2024-08-03 10:00:00,30.0,0.0,69.7,145.0,6.0
2024-08-03 11:00:00,30.8,0.0,67.6,147.0,5.35
2024-08-03 12:00:00,31.6,0.0,65.5,149.0,4.7
2024-08-03 13:00:00,32.4,0.0,55.5,177.0,6.6
2024-08-03 14:00:00,32.65,0.0,58.0,164.0,6.1
2024-08-03 15:00:00,32.9,0.0,60.5,151.0,5.6
2024-08-03 16:00:00,32.33333333333333,0.0,61.233333333333334,162.0,5.166666666666666
2024-08-03 17:00:00,31.766666666666666,0.0,61.96666666666667,173.0,4.733333333333333
2024-08-03 18:00:00,31.2,0.0,62.7,184.0,4.3
2024-08-03 19:00:00,29.1,0.0,73.5,355.0,2.8
2024-08-03 20:00:00,28.3,0.0,75.3,354.0,2.7
2024-08-03 21:00:00,28.3,0.0,76.2,9.0,2.0
2024-08-03 22:00:00,28.75,0.0,75.65,75.5,2.55
2024-08-03 23:00:00,29.2,0.0,75.1,142.0,3.1
2024-08-04 00:00:00,28.8,0.0,79.6,133.0,2.9
2024-08-04 01:00:00,28.7,0.0,80.6,119.0,3.0
2024-08-04 02:00:00,28.466666666666665,0.0,81.8,126.33333333333333,3.2666666666666666
2024-08-04 03:00:00,28.233333333333334,0.0,83.0,133.66666666666666,3.533333333333333
2024-08-04 04:00:00,28.0,0.0,84.2,141.0,3.8
2024-08-04 05:00:00,28.2,0.0,82.9,156.0,3.0
2024-08-04 06:00:00,28.049999999999997,0.0,82.75,148.0,3.05
2024-08-04 07:00:00,27.9,0.0,82.6,140.0,3.1
2024-08-04 08:00:00,28.4,0.0,79.85,153.5,3.1500000000000004
2024-08-04 09:00:00,28.9,0.0,77.1,167.0,3.2
2024-08-04 10:00:00,28.325,0.0,79.875,189.5,3.0375
2024-08-04 11:00:00,27.75,0.0,82.64999999999999,212.0,2.875
2024-08-04 12:00:00,27.175,0.0,85.425,234.5,2.7125
2024-08-04 13:00:00,,0.0,,,
2024-08-04 14:00:00,26.025,6.8,90.975,279.5,2.3875
2024-08-04 15:00:00,25.45,4.0,93.75,302.0,2.225
2024-08-04 16:00:00,24.875,2.1,96.52499999999999,324.5,2.0625
2024-08-04 17:00:00,24.3,0.2,99.3,347.0,1.9
2024-08-04 18:00:00,24.5,0.0,99.3,326.0,1.2
2024-08-04 19:00:00,24.766666666666666,0.0,98.46666666666667,222.66666666666666,1.4
2024-08-04 20:00:00,25.033333333333335,0.0,97.63333333333333,119.33333333333331,1.6
2024-08-04 21:00:00,25.3,0.0,96.8,16.0,1.8
2024-08-04 22:00:00,25.4,0.0,95.2,13.0,1.8
2024-08-04 23:00:00,25.45,0.0,96.0,12.5,1.35
2024-08-05 00:00:00,25.5,0.0,96.8,12.0,0.9
2024-08-05 01:00:00,25.5,0.0,96.55,11.5,1.05
2024-08-05 02:00:00,25.5,0.0,96.3,11.0,1.2
2024-08-05 03:00:00,25.578048780487805,0.0,95.85975609756098,12.878048780487806,1.2451219512195122
2024-08-05 04:00:00,25.65609756097561,0.0,95.41951219512195,14.75609756097561,1.2902439024390244
2024-08-05 05:00:00,25.734146341463415,0.0,94.97926829268292,16.634146341463413,1.3353658536585367
2024-08-05 06:00:00,,,,,
2024-08-05 07:00:00,,,,,
2024-08-05 08:00:00,,,,,
2024-08-05 09:00:00,,,,,
2024-08-05 10:00:00,,,,,
2024-08-05 11:00:00,,,,,
2024-08-05 12:00:00,,,,,
2024-08-05 13:00:00,,,,,
2024-08-05 14:00:00,,,,,
2024-08-05 15:00:00,,,,,
2024-08-05 16:00:00,,,,,
2024-08-05 17:00:00,,,,,
2024-08-05 18:00:00,,,,,
2024-08-05 19:00:00,,,,,
2024-08-05 20:00:00,,,,,
2024-08-05 21:00:00,,,,,
2024-08-05 22:00:00,,,,,
2024-08-05 23:00:00,,,,,
2024-08-06 00:00:00,,,,,
2024-08-06 01:00:00,,,,,
2024-08-06 02:00:00,,,,,
2024-08-06 03:00:00,,,,,
2024-08-06 04:00:00,,,,,
2024-08-06 05:00:00,,,,,
2024-08-06 06:00:00,,,,,
2024-08-06 07:00:00,,,,,
2024-08-06 08:00:00,,,,,
2024-08-06 09:00:00,,,,,
2024-08-06 10:00:00,,,,,
2024-08-06 11:00:00,,,,,
2024-08-06 12:00:00,,,,,
2024-08-06 13:00:00,,,,,
2024-08-06 14:00:00,,,,,
2024-08-06 15:00:00,,,,,
2024-08-06 16:00:00,,,,,
2024-08-06 17:00:00,,,,,
2024-08-06 18:00:00,,,,,
2024-08-06 19:00:00,,,,,
2024-08-06 20:00:00,,,,,
2024-08-06 21:00:00,,,,,
2024-08-06 22:00:00,,,,,
2024-08-06 23:00:00,,,,,
2024-08-07 00:00:00,,,,,
2024-08-07 01:00:00,,,,,
2024-08-07 02:00:00,,,,,
2024-08-07 03:00:00,,,,,
2024-08-07 04:00:00,,,,,
2024-08-07 05:00:00,,,,,
2024-08-07 06:00:00,,,,,
2024-08-07 07:00:00,,,,,
2024-08-07 08:00:00,,,,,
2024-08-07 09:00:00,,,,,
2024-08-07 10:00:00,,,,,
2024-08-07 11:00:00,,,,,
2024-08-07 12:00:00,,,,,
2024-08-07 13:00:00,,,,,
2024-08-07 14:00:00,,,,,
2024-08-07 15:00:00,,,,,
2024-08-07 16:00:00,,,,,
2024-08-07 17:00:00,,,,,
2024-08-07 18:00:00,,,,,
2024-08-07 19:00:00,,,,,
2024-08-07 20:00:00,,,,,
2024-08-07 21:00:00,,,,,
2024-08-07 22:00:00,,,,,
2024-08-07 23:00:00,,,,,
2024-08-08 00:00:00,,,,,
2024-08-08 01:00:00,,,,,
2024-08-08 02:00:00,,,,,
2024-08-08 03:00:00,,,,,
2024-08-08 04:00:00,,,,,
2024-08-08 05:00:00,,,,,
2024-08-08 06:00:00,,,,,
2024-08-08 07:00:00,,,,,
2024-08-08 08:00:00,,,,,
2024-08-08 09:00:00,31.665853658536584,0.0,61.520731707317076,159.3658536585366,4.764634146341463
2024-08-08 10:00:00,31.74390243902439,0.0,61.08048780487805,161.2439024390244,4.809756097560975
2024-08-08 11:00:00,31.821951219512194,0.0,60.640243902439025,163.1219512195122,4.8548780487804875
2024-08-08 12:00:00,31.9,0.0,60.2,165.0,4.9
2024-08-08 13:00:00,32.4,0.0,60.5,162.0,4.1
2024-08-08 14:00:00,32.4,0.0,54.7,157.0,4.2
2024-08-08 15:00:00,32.0,0.0,57.7,151.0,3.8
2024-08-08 16:00:00,31.3,0.0,66.1,139.0,5.1
2024-08-08 17:00:00,31.5,0.0,62.2,131.0,3.4
2024-08-08 18:00:00,31.8,0.0,60.0,147.0,4.6
2024-08-08 19:00:00,31.2,0.0,61.1,142.0,4.0
2024-08-08 20:00:00,30.2,0.0,70.3,134.0,3.9
2024-08-08 21:00:00,29.7,0.0,73.4,154.0,2.3
2024-08-08 22:00:00,29.2,0.0,74.1,150.0,3.0
2024-08-08 23:00:00,28.9,0.0,76.2,155.0,3.1
2024-08-09 00:00:00,28.6,0.0,77.8,146.0,3.2
2024-08-09 01:00:00,28.5,0.0,80.8,148.0,3.5
2024-08-09 02:00:00,28.4,0.0,83.1,163.0,3.8
2024-08-09 03:00:00,28.4,0.0,81.6,153.0,4.6
2024-08-09 04:00:00,28.0,0.0,84.0,132.0,2.4
2024-08-09 05:00:00,28.3,0.0,82.8,146.0,2.3
2024-08-09 06:00:00,27.9,0.0,84.8,137.0,2.9
2024-08-09 07:00:00,28.1,0.0,84.7,144.0,2.9
2024-08-09 08:00:00,28.3,0.0,86.1,6.0,1.1
2024-08-09 09:00:00,28.2,0.6,86.6,126.0,4.0
2024-08-09 10:00:00,28.3,0.0,88.5,36.0,1.1
2024-08-09 11:00:00,28.9,0.0,86.2,26.0,2.0
2024-08-09 12:00:00,30.3,0.0,76.1,70.0,4.5
2024-08-09 13:00:00,29.1,0.8,80.5,95.0,5.4
2024-08-09 14:00:00,28.8,0.0,81.7,272.0,6.6
2024-08-09 15:00:00,29.7,0.0,75.7,263.0,6.1
2024-08-09 16:00:00,29.7,0.0,77.1,264.0,3.3
2024-08-09 17:00:00,29.1,0.0,79.1,233.0,5.4
2024-08-09 18:00:00,26.5,0.0,91.9,97.0,2.3
2024-08-09 19:00:00,26.7,0.0,92.2,129.0,2.8
2024-08-09 20:00:00,26.7,0.0,89.9,142.0,2.1
2024-08-09 21:00:00,27.1,0.0,88.6,146.0,1.8
2024-08-09 22:00:00,26.7,0.0,92.6,307.0,1.1
2024-08-09 23:00:00,26.4,0.0,94.8,330.0,0.7
2024-08-10 00:00:00,26.0,0.0,97.1,20.0,1.9
2024-08-10 01:00:00,25.7,0.0,97.3,9.0,1.7
2024-08-10 02:00:00,25.7,0.0,97.9,28.0,2.3
2024-08-10 03:00:00,25.5,0.0,98.0,12.0,1.9
2024-08-10 04:00:00,25.4,0.0,97.0,23.0,1.9
2024-08-10 05:00:00,25.2,0.0,97.1,327.0,1.9
2024-08-10 06:00:00,25.2,0.0,96.6,4.0,1.7
2024-08-10 07:00:00,25.3,0.0,96.5,6.0,1.1
2024-08-10 08:00:00,25.6,0.0,96.3,17.0,1.7
2024-08-10 09:00:00,27.3,0.0,89.5,353.0,1.8
2024-08-10 10:00:00,29.7,0.0,79.8,339.0,0.8
2024-08-10 11:00:00,29.4,0.0,78.2,210.0,3.6
2024-08-10 12:00:00,27.4,0.0,91.1,200.0,4.1
2024-08-10 13:00:00,29.6,0.0,79.2,251.0,3.9
2024-08-10 14:00:00,29.6,0.0,76.0,234.0,2.5
2024-08-10 15:00:00,28.6,0.0,80.0,214.0,3.5
2024-08-10 16:00:00,26.6,0.0,87.1,221.0,7.4
2024-08-10 17:00:00,27.0,0.0,82.6,248.0,2.4
2024-08-10 18:00:00,28.2,0.0,78.3,206.0,1.7
2024-08-10 19:00:00,27.8,0.0,83.0,175.0,2.5
2024-08-10 20:00:00,27.2,0.0,86.2,319.0,2.3
2024-08-10 21:00:00,27.3,0.0,88.2,272.0,0.8
2024-08-10 22:00:00,27.0,0.0,88.5,347.0,0.8
2024-08-10 23:00:00,26.6,0.0,91.3,338.0,1.7
2024-08-11 00:00:00,26.6,0.0,93.0,348.0,1.1
2024-08-11 01:00:00,26.5,0.0,93.6,350.0,1.7
2024-08-11 02:00:00,26.7,0.0,93.1,312.0,1.3
2024-08-11 03:00:00,26.4,0.0,95.5,343.0,1.0
2024-08-11 04:00:00,26.4,0.0,94.9,171.0,1.2
2024-08-11 05:00:00,26.8,0.0,97.0,126.0,2.1
2024-08-11 06:00:00,27.3,0.0,91.4,165.0,2.5
2024-08-11 07:00:00,27.0,0.0,85.4,168.0,4.9
2024-08-11 08:00:00,25.9,0.0,90.1,163.0,1.1
2024-08-11 09:00:00,26.8,0.0,89.0,100.0,1.5
2024-08-11 10:00:00,28.1,0.0,84.2,176.0,2.2
2024-08-11 11:00:00,27.8,0.0,84.7,166.0,3.2
2024-08-11 12:00:00,29.9,0.0,75.2,188.0,3.4
2024-08-11 13:00:00,30.5,0.0,73.9,173.0,3.6
2024-08-11 14:00:00,31.6,0.0,62.8,215.0,4.6
2024-08-11 15:00:00,30.8,0.0,68.3,173.0,5.3
2024-08-11 16:00:00,30.6,0.0,66.4,187.0,4.7
2024-08-11 17:00:00,30.5,0.0,67.8,183.0,4.6
2024-08-11 18:00:00,30.3,0.0,65.0,164.0,3.7
2024-08-11 19:00:00,29.5,0.0,71.4,179.0,2.8
2024-08-11 20:00:00,28.9,0.0,74.0,148.0,2.4
2024-08-11 21:00:00,28.4,0.0,76.3,133.0,2.9
2024-08-11 22:00:00,28.4,0.0,74.8,147.0,2.7
2024-08-11 23:00:00,28.0,0.0,77.5,203.0,1.1
2024-08-12 00:00:00,27.4,0.0,82.1,120.0,2.6
2024-08-12 01:00:00,27.3,0.0,83.1,117.0,1.9
2024-08-12 02:00:00,27.0,0.0,83.9,217.0,1.0
2024-08-12 03:00:00,26.6,0.0,86.4,267.0,0.6
2024-08-12 04:00:00,26.7,0.0,87.1,121.0,1.4
2024-08-12 05:00:00,26.0,0.0,88.8,303.0,1.3
2024-08-12 06:00:00,25.7,0.0,91.4,230.0,1.0
2024-08-12 07:00:00,26.2,0.0,89.9,236.0,0.6
2024-08-12 08:00:00,27.5,0.0,84.7,146.0,1.5
2024-08-12 09:00:00,29.7,0.0,70.0,166.0,3.7
2024-08-12 10:00:00,30.7,0.0,66.5,152.0,4.7
2024-08-12 11:00:00,31.9,0.0,59.9,172.0,3.5
2024-08-12 12:00:00,31.0,0.0,63.6,223.0,4.8
2024-08-12 13:00:00,31.7,0.0,60.8,226.0,5.6
2024-08-12 14:00:00,31.9,0.0,61.5,200.0,5.3
2024-08-12 15:00:00,27.6,0.2,83.4,169.0,6.6
2024-08-12 16:00:00,28.3,0.0,76.1,190.0,2.0
2024-08-12 17:00:00,29.6,0.6,77.5,167.0,3.9
2024-08-12 18:00:00,28.4,0.0,86.6,130.0,1.6
2024-08-12 19:00:00,28.3,0.0,86.8,135.0,1.7
2024-08-12 20:00:00,28.2,0.0,83.6,124.0,2.5
2024-08-12 21:00:00,28.0,0.0,84.1,134.0,3.7
2024-08-12 22:00:00,28.2,0.0,80.1,139.0,3.5
2024-08-12 23:00:00,28.1,0.0,82.3,131.0,3.6
2024-08-13 00:00:00,27.9,0.0,85.5,112.0,2.1
2024-08-13 01:00:00,27.7,0.0,86.0,97.0,1.6
2024-08-13 02:00:00,27.7,0.0,86.2,257.0,0.8
2024-08-13 03:00:00,26.8,0.0,90.5,350.0,1.5
2024-08-13 04:00:00,26.7,0.0,92.3,172.0,1.1
2024-08-13 05:00:00,27.4,0.0,87.5,116.0,1.9
2024-08-13 06:00:00,27.5,0.0,85.6,132.0,3.2
2024-08-13 07:00:00,27.5,0.0,88.1,122.0,3.0
2024-08-13 08:00:00,27.9,0.0,84.9,137.0,3.8
2024-08-13 09:00:00,28.9,0.0,80.8,149.0,4.2
2024-08-13 10:00:00,30.4,0.0,71.0,153.0,5.3
2024-08-13 11:00:00,31.2,0.0,66.9,127.0,5.9
2024-08-13 12:00:00,31.7,0.0,60.5,132.0,6.8
2024-08-13 13:00:00,32.1,0.0,57.4,137.0,4.0
2024-08-13 14:00:00,29.3,0.0,79.2,180.0,3.6
2024-08-13 15:00:00,31.2,0.0,65.0,177.0,5.3
2024-08-13 16:00:00,32.1,0.0,59.2,172.0,4.9
2024-08-13 17:00:00,31.6,0.0,57.9,149.0,5.7
2024-08-13 18:00:00,30.8,0.0,62.7,146.0,4.7
2024-08-13 19:00:00,30.4,0.0,65.1,160.0,3.9
2024-08-13 20:00:00,29.6,0.0,74.4,130.0,2.7
2024-08-13 21:00:00,29.1,0.0,73.8,143.0,3.8
2024-08-13 22:00:00,28.9,0.0,72.1,146.0,3.8
2024-08-13 23:00:00,28.6,0.0,72.5,139.0,3.3
2024-08-14 00:00:00,28.5,0.0,74.7,167.0,3.1
2024-08-14 01:00:00,28.2,0.0,77.5,186.0,1.5
2024-08-14 02:00:00,27.7,0.0,84.5,129.0,2.1
2024-08-14 03:00:00,27.5,0.0,81.0,152.0,2.9
2024-08-14 04:00:00,27.6,0.0,81.1,142.0,1.6
2024-08-14 05:00:00,27.1,0.0,83.6,293.0,0.6
2024-08-14 06:00:00,26.9,0.0,86.8,278.0,0.5
2024-08-14 07:00:00,26.9,0.0,87.0,345.0,0.9
2024-08-14 08:00:00,27.9,0.0,87.3,94.0,1.0
2024-08-14 09:00:00,27.4,0.0,82.7,164.0,2.9
2024-08-14 10:00:00,28.6,0.0,80.0,157.0,3.1
2024-08-14 11:00:00,29.9,0.0,77.5,15.0,1.7
2024-08-14 12:00:00,28.2,0.0,84.9,223.0,3.8
2024-08-14 13:00:00,25.2,0.0,97.4,216.0,4.3
2024-08-14 14:00:00,25.9,0.0,95.6,319.0,2.8
2024-08-14 15:00:00,25.8,0.0,94.0,327.0,4.0
2024-08-14 16:00:00,25.3,0.0,98.3,5.0,2.0
2024-08-14 17:00:00,25.8,0.0,97.7,252.0,2.5
2024-08-14 18:00:00,26.0,0.0,92.6,344.0,1.7
2024-08-14 19:00:00,25.6,0.0,94.6,309.0,2.1
2024-08-14 20:00:00,25.9,0.0,96.5,227.0,0.9
2024-08-14 21:00:00,26.0,0.0,96.4,190.0,0.8
2024-08-14 22:00:00,25.9,0.0,97.0,336.0,1.9
2024-08-14 23:00:00,25.7,0.0,98.1,74.0,1.2
2024-08-15 00:00:00,25.7,0.0,98.2,235.0,0.7
2024-08-15 01:00:00,25.7,0.0,97.4,306.0,0.5
2024-08-15 02:00:00,25.7,0.0,97.6,332.0,1.1
2024-08-15 03:00:00,25.7,0.0,98.2,9.0,1.6
2024-08-15 04:00:00,25.5,0.0,98.6,252.0,0.8
2024-08-15 05:00:00,25.3,0.0,99.0,5.0,1.5
2024-08-15 06:00:00,25.3,0.0,99.0,10.0,1.4
2024-08-15 07:00:00,25.1,0.0,99.0,352.0,1.4
2024-08-15 08:00:00,25.8,0.0,98.1,6.0,1.9
2024-08-15 09:00:00,27.9,0.0,87.2,7.0,2.1
2024-08-15 10:00:00,29.2,0.0,80.5,141.0,3.4
2024-08-15 11:00:00,31.0,0.0,69.3,137.0,4.1
2024-08-15 12:00:00,31.8,0.0,66.1,180.0,3.5
2024-08-15 13:00:00,31.8,0.0,66.2,170.0,4.7
2024-08-15 14:00:00,32.5,0.0,60.1,172.0,5.5
2024-08-15 15:00:00,31.9,0.0,63.7,143.0,3.5
2024-08-15 16:00:00,30.0,0.0,66.0,138.0,2.9
2024-08-15 17:00:00,28.0,0.0,81.8,327.0,2.8
2024-08-15 18:00:00,30.3,0.0,68.8,149.0,3.0
2024-08-15 19:00:00,29.5,0.0,76.6,153.0,4.8
2024-08-15 20:00:00,28.9,0.0,76.8,136.0,3.7
2024-08-15 21:00:00,28.8,0.0,80.0,158.0,2.0
2024-08-15 22:00:00,28.2,0.0,86.8,111.0,1.6
2024-08-15 23:00:00,28.0,0.0,87.2,138.0,1.8
2024-08-16 00:00:00,28.2,0.0,84.3,146.0,3.7
2024-08-16 01:00:00,27.9,0.0,86.2,70.0,1.2
2024-08-16 02:00:00,27.8,0.0,88.8,84.0,1.3
2024-08-16 03:00:00,27.6,0.0,88.9,228.0,0.6
2024-08-16 04:00:00,27.0,0.0,92.6,351.0,2.1
2024-08-16 05:00:00,26.4,0.0,95.1,245.0,0.4
2024-08-16 06:00:00,26.2,0.0,94.7,1.0,1.6
2024-08-16 07:00:00,26.0,0.0,96.5,358.0,1.6
2024-08-16 08:00:00,26.4,0.0,94.6,15.0,2.0
2024-08-16 09:00:00,28.0,0.0,87.6,9.0,1.9
2024-08-16 10:00:00,29.3,0.0,82.8,346.0,1.2
2024-08-16 11:00:00,30.7,0.0,67.7,150.0,3.9
2024-08-16 12:00:00,30.4,0.0,74.9,130.0,4.7
2024-08-16 13:00:00,29.0,0.0,76.1,173.0,9.2
2024-08-16 14:00:00,28.9,0.0,79.8,176.0,4.2
2024-08-16 15:00:00,31.8,0.0,64.3,176.0,4.6
2024-08-16 16:00:00,31.7,0.0,63.4,176.0,3.9
2024-08-16 17:00:00,30.7,0.0,65.7,178.0,4.8
2024-08-16 18:00:00,30.3,0.0,70.3,148.0,2.8
2024-08-16 19:00:00,28.8,0.0,75.8,124.0,3.6
2024-08-16 20:00:00,29.1,0.0,74.2,130.0,5.4
2024-08-16 21:00:00,28.9,0.0,78.8,129.0,4.8
2024-08-16 22:00:00,28.3,0.0,83.9,122.0,2.1
2024-08-16 23:00:00,28.2,0.0,86.3,99.0,1.2
2024-08-17 00:00:00,28.0,0.0,87.0,90.0,1.6
2024-08-17 01:00:00,27.7,0.0,87.8,126.0,2.6
2024-08-17 02:00:00,27.7,0.0,88.6,101.0,0.9
2024-08-17 03:00:00,27.3,0.0,92.0,89.0,1.0
2024-08-17 04:00:00,27.3,0.0,90.5,117.0,2.3
2024-08-17 05:00:00,27.3,0.0,89.9,117.0,2.1
2024-08-17 06:00:00,27.2,0.0,90.4,287.0,0.6
2024-08-17 07:00:00,27.4,0.0,90.0,130.0,2.3
2024-08-17 08:00:00,27.8,0.0,89.2,139.0,0.8
2024-08-17 09:00:00,28.8,0.0,85.4,83.0,2.0
2024-08-17 10:00:00,30.2,0.0,77.8,106.0,2.4
2024-08-17 11:00:00,31.0,0.0,69.0,128.0,4.3
2024-08-17 12:00:00,31.5,0.0,66.2,143.0,3.3
2024-08-17 13:00:00,32.6,0.0,61.5,135.0,4.9
2024-08-17 14:00:00,30.0,0.0,71.2,175.0,3.7
2024-08-17 15:00:00,29.0,0.0,76.1,150.0,8.10001
2024-08-17 16:00:00,30.9,0.0,65.9,145.0,4.8
2024-08-17 17:00:00,30.9,0.0,68.5,147.0,6.1
2024-08-17 18:00:00,29.6,0.0,79.1,94.0,4.7
2024-08-17 19:00:00,29.3,0.0,76.2,99.0,3.6
2024-08-17 20:00:00,28.9,0.0,78.6,86.0,2.3
2024-08-17 21:00:00,28.8,0.0,77.6,119.0,3.5
2024-08-17 22:00:00,28.3,0.0,82.5,130.0,1.1
2024-08-17 23:00:00,28.1,0.0,85.6,134.0,1.3
2024-08-18 00:00:00,27.8,0.0,87.3,96.0,1.0
2024-08-18 01:00:00,27.7,0.0,88.1,74.0,1.2
2024-08-18 02:00:00,27.5,0.0,87.3,133.0,2.1
2024-08-18 03:00:00,27.4,0.0,87.3,135.0,2.4
2024-08-18 04:00:00,27.3,0.0,87.8,176.0,0.8
2024-08-18 05:00:00,27.0,0.0,90.8,298.0,0.7
2024-08-18 06:00:00,27.3,0.0,90.1,110.0,1.5
2024-08-18 07:00:00,27.0,0.0,90.9,122.0,0.9
2024-08-18 08:00:00,28.4,0.0,82.8,140.0,1.6
2024-08-18 09:00:00,30.3,0.0,74.6,143.0,1.7
2024-08-18 10:00:00,31.2,0.0,67.6,147.0,2.7
2024-08-18 11:00:00,31.5,0.0,64.7,124.0,4.0
2024-08-18 12:00:00,31.5,0.0,63.2,156.0,4.5
2024-08-18 13:00:00,31.6,0.0,58.6,203.0,4.2
2024-08-18 14:00:00,32.0,0.0,60.7,183.0,4.5
2024-08-18 15:00:00,31.6,0.0,64.3,174.0,4.4
2024-08-18 16:00:00,31.6,0.0,60.9,159.0,3.5
2024-08-18 17:00:00,31.0,0.0,64.5,130.0,5.1
2024-08-18 18:00:00,29.3,0.0,75.4,164.0,3.4
2024-08-18 19:00:00,29.1,0.0,74.7,169.0,1.9
2024-08-18 20:00:00,29.0,0.0,70.2,164.0,3.7
2024-08-18 21:00:00,28.5,0.0,78.8,172.0,2.4
2024-08-18 22:00:00,28.3,0.0,83.5,139.0,2.4
2024-08-18 23:00:00,28.1,0.0,84.8,145.0,2.3
2024-08-19 00:00:00,27.9,0.0,87.1,94.0,1.1
2024-08-19 01:00:00,27.8,0.0,86.4,135.0,1.5
2024-08-19 02:00:00,27.8,0.0,83.2,156.0,0.9
2024-08-19 03:00:00,27.4,0.0,85.9,281.0,0.5
2024-08-19 04:00:00,27.5,0.0,85.0,139.0,2.0
2024-08-19 05:00:00,27.1,0.0,87.7,7.0,1.6
2024-08-19 06:00:00,27.4,0.0,86.4,146.0,1.7
2024-08-19 07:00:00,27.5,0.0,89.6,140.0,2.0
2024-08-19 08:00:00,28.3,0.0,86.2,174.0,1.1
2024-08-19 09:00:00,29.6,0.0,82.2,20.0,2.3
2024-08-19 10:00:00,31.1,0.0,67.7,214.0,2.4
2024-08-19 11:00:00,32.2,0.0,62.7,169.0,3.2
2024-08-19 12:00:00,31.7,0.0,62.4,196.0,4.2
2024-08-19 13:00:00,32.4,0.0,61.0,177.0,5.7
2024-08-19 14:00:00,33.2,0.0,59.1,167.0,3.9
2024-08-19 15:00:00,33.3,0.0,56.3,191.0,5.1
2024-08-19 16:00:00,32.9,0.0,53.6,203.0,4.8
2024-08-19 17:00:00,29.3,0.0,70.9,356.0,3.6
2024-08-19 18:00:00,30.5,0.0,65.5,355.0,1.5
2024-08-19 19:00:00,29.2,0.0,71.4,349.0,2.5
2024-08-19 20:00:00,28.1,0.0,81.3,25.0,2.6
2024-08-19 21:00:00,28.1,0.0,78.4,352.0,2.0
2024-08-19 22:00:00,27.4,0.0,90.4,124.0,0.8
2024-08-19 23:00:00,27.0,0.0,93.9,165.0,1.2
2024-08-20 00:00:00,27.5,0.0,88.7,138.0,1.3
2024-08-20 01:00:00,26.6,0.0,94.6,349.0,1.8
2024-08-20 02:00:00,26.5,0.0,94.0,266.0,0.6
2024-08-20 03:00:00,26.4,0.0,93.8,330.0,1.6
2024-08-20 04:00:00,26.3,0.0,94.2,342.0,0.9
2024-08-20 05:00:00,26.2,0.0,95.3,312.0,2.2
2024-08-20 06:00:00,25.8,0.0,96.7,5.0,1.7
2024-08-20 07:00:00,25.8,0.0,96.6,333.0,1.8
2024-08-20 08:00:00,25.9,0.0,95.0,1.0,1.6
2024-08-20 09:00:00,27.4,0.0,92.1,11.0,2.3
2024-08-20 10:00:00,31.3,0.0,70.7,116.0,2.5
2024-08-20 11:00:00,30.6,0.0,71.8,112.0,3.6
2024-08-20 12:00:00,32.0,0.0,61.1,194.0,3.7
2024-08-20 13:00:00,28.2,2.8,86.5,174.0,5.1
2024-08-20 14:00:00,27.6,0.0,91.1,234.0,1.8
2024-08-20 15:00:00,28.2,0.0,89.1,341.0,3.9
2024-08-20 16:00:00,26.0,0.0,91.2,1.0,3.7
2024-08-20 17:00:00,25.6,1.0,92.7,113.0,1.6
2024-08-20 18:00:00,24.5,0.2,99.3,241.0,2.9
2024-08-20 19:00:00,24.3,0.0,99.3,324.0,2.0
2024-08-20 20:00:00,24.5,0.0,97.9,330.0,1.9
2024-08-20 21:00:00,24.5,0.0,97.3,288.0,1.3
2024-08-20 22:00:00,24.7,0.0,98.5,292.0,0.8
2024-08-20 23:00:00,24.9,0.0,96.8,359.0,1.0
2024-08-21 00:00:00,24.8,0.0,97.6,317.0,1.3
2024-08-21 01:00:00,24.7,0.0,97.6,10.0,3.0
2024-08-21 02:00:00,24.7,0.0,96.6,343.0,0.9
2024-08-21 03:00:00,24.8,0.0,95.9,8.0,2.0
2024-08-21 04:00:00,24.9,0.0,95.1,5.0,1.6
2024-08-21 05:00:00,24.9,0.0,97.0,17.0,1.7
2024-08-21 06:00:00,24.9,0.0,97.6,339.0,1.7
2024-08-21 07:00:00,25.0,0.0,95.8,358.0,1.8
2024-08-21 08:00:00,25.5,0.0,95.4,353.0,1.5
2024-08-21 09:00:00,26.8,0.0,92.0,7.0,1.9
2024-08-21 10:00:00,27.6,0.0,86.3,24.0,2.7
2024-08-21 11:00:00,30.3,0.0,71.0,161.0,1.5
2024-08-21 12:00:00,30.6,0.0,63.3,137.0,3.5
2024-08-21 13:00:00,31.5,0.0,55.5,147.0,4.6
2024-08-21 14:00:00,31.1,0.0,66.1,182.0,4.4
2024-08-21 15:00:00,30.5,0.0,67.0,167.0,7.3
2024-08-21 16:00:00,30.6,0.0,68.9,187.0,5.7
2024-08-21 17:00:00,30.1,0.0,71.9,183.0,5.0
2024-08-21 18:00:00,29.9,0.0,66.3,188.0,4.0
2024-08-21 19:00:00,29.0,0.0,72.7,155.0,4.6
2024-08-21 20:00:00,28.6,0.0,73.5,164.0,4.6
2024-08-21 21:00:00,28.1,0.0,77.2,156.0,2.0
2024-08-21 22:00:00,28.2,0.0,76.7,147.0,1.7
2024-08-21 23:00:00,28.0,0.0,79.1,297.0,1.0
2024-08-22 00:00:00,27.8,0.0,81.4,311.0,1.1
2024-08-22 01:00:00,27.5,0.0,84.4,333.0,0.7
2024-08-22 02:00:00,27.25,0.0,86.25,312.0,0.7
2024-08-22 03:00:00,27.0,0.0,88.1,291.0,0.7
2024-08-22 04:00:00,26.6,0.0,91.9,7.0,1.4
2024-08-22 05:00:00,26.6,0.0,92.1,352.0,1.2
2024-08-22 06:00:00,26.5,0.0,92.3,351.0,1.0
2024-08-22 07:00:00,26.5,0.0,94.6,19.0,1.4
2024-08-22 08:00:00,26.6,0.0,95.7,28.0,3.2
2024-08-22 09:00:00,30.0,0.0,71.3,74.0,1.5
2024-08-22 10:00:00,31.5,0.0,60.7,74.0,1.6
2024-08-22 11:00:00,32.4,0.0,53.4,194.0,3.1
2024-08-22 12:00:00,33.8,0.0,42.2,180.0,2.2
2024-08-22 13:00:00,33.7,0.0,40.9,162.0,3.6
2024-08-22 14:00:00,33.3,0.0,50.0,161.0,4.1
2024-08-22 15:00:00,32.6,0.0,53.7,152.0,7.2
2024-08-22 16:00:00,32.8,0.0,52.3,157.0,5.9
2024-08-22 17:00:00,32.0,0.0,59.9,163.0,3.7
2024-08-22 18:00:00,30.8,0.0,66.2,172.0,5.6
2024-08-22 19:00:00,30.0,0.0,64.9,174.0,3.7
2024-08-22 20:00:00,29.5,0.0,70.4,147.0,3.6
2024-08-22 21:00:00,29.3,0.0,73.7,165.0,2.6
2024-08-22 22:00:00,28.9,0.0,78.0,120.0,1.2
2024-08-22 23:00:00,27.9,0.0,82.3,3.0,2.6
2024-08-23 00:00:00,27.2,0.0,87.0,340.0,1.7
2024-08-23 01:00:00,27.7,0.0,88.0,299.0,1.2
2024-08-23 02:00:00,27.6,0.0,87.0,1.0,1.0
2024-08-23 03:00:00,27.6,0.0,90.0,21.0,0.9
2024-08-23 04:00:00,27.4,0.0,88.9,127.0,2.5
2024-08-23 05:00:00,27.5,0.0,87.9,270.0,0.8
2024-08-23 06:00:00,27.1,0.0,91.4,355.0,1.1
2024-08-23 07:00:00,26.7,0.0,93.3,2.0,1.8
2024-08-23 08:00:00,27.6,0.0,89.5,347.0,1.8
2024-08-23 09:00:00,28.5,0.0,86.9,344.0,2.1
2024-08-23 10:00:00,30.3,0.0,69.8,138.0,2.0
2024-08-23 11:00:00,30.8,0.0,64.4,137.0,3.6
2024-08-23 12:00:00,32.1,0.0,60.5,172.0,2.6
2024-08-23 13:00:00,32.0,0.0,57.9,173.0,3.8
2024-08-23 14:00:00,33.0,0.0,56.0,156.0,3.8
2024-08-23 15:00:00,27.7,0.0,78.9,283.0,5.1
2024-08-23 16:00:00,26.5,0.0,79.8,297.0,3.4
2024-08-23 17:00:00,27.2,0.0,85.0,36.0,4.2
2024-08-23 18:00:00,26.7,0.0,87.0,28.0,4.0
2024-08-23 19:00:00,26.4,0.0,86.4,345.0,2.0
2024-08-23 20:00:00,26.2,0.0,90.3,359.0,1.7
2024-08-23 21:00:00,26.2,0.0,90.4,143.0,2.3
2024-08-23 22:00:00,26.1,0.0,89.6,193.0,1.2
2024-08-23 23:00:00,26.2,0.0,91.1,336.0,1.7
2024-08-24 00:00:00,26.3,0.0,90.4,336.0,0.9
2024-08-24 01:00:00,25.7,0.0,94.7,23.0,2.4
2024-08-24 02:00:00,25.9,0.0,95.2,352.0,2.0
2024-08-24 03:00:00,25.5,0.0,94.5,316.0,3.2
2024-08-24 04:00:00,25.2,0.0,94.2,331.0,1.3
2024-08-24 05:00:00,24.7,0.0,95.7,328.0,2.7
2024-08-24 06:00:00,24.8,0.0,95.6,292.0,3.7
2024-08-24 07:00:00,24.8,0.0,95.2,349.0,1.9
2024-08-24 08:00:00,24.9,0.0,96.3,198.0,1.6
2024-08-24 09:00:00,25.7,0.0,91.3,271.0,1.0
2024-08-24 10:00:00,26.2,0.0,87.0,283.0,0.8
2024-08-24 11:00:00,26.6,0.0,87.3,190.0,2.4
2024-08-24 12:00:00,26.5,0.2,85.0,216.0,5.9
2024-08-24 13:00:00,28.0,0.0,71.4,187.0,6.1
2024-08-24 14:00:00,28.4,0.0,71.3,179.0,5.8
2024-08-24 15:00:00,28.6,0.0,66.3,168.0,6.7
2024-08-24 16:00:00,29.4,0.0,57.4,223.0,4.3
2024-08-24 17:00:00,29.9,0.0,53.9,257.0,2.0
2024-08-24 18:00:00,28.5,0.0,75.7,259.0,3.1
2024-08-24 19:00:00,28.2,0.0,62.4,175.0,3.6
2024-08-24 20:00:00,27.8,0.0,69.0,186.0,1.8
2024-08-24 21:00:00,27.5,0.0,72.6,181.0,2.0
2024-08-24 22:00:00,27.4,0.0,74.4,198.0,1.3
2024-08-24 23:00:00,27.0,0.0,77.5,209.0,0.6
2024-08-25 00:00:00,26.4,0.0,83.0,358.0,1.2
2024-08-25 01:00:00,26.2,0.0,86.9,339.0,1.1
2024-08-25 02:00:00,26.0,0.0,89.4,329.0,0.7
2024-08-25 03:00:00,26.0,0.0,89.75,174.5,1.15
2024-08-25 04:00:00,26.0,0.0,90.1,20.0,1.6
2024-08-25 05:00:00,26.0,0.0,88.0,345.0,1.2
2024-08-25 06:00:00,26.0,0.0,85.6,311.0,0.5
2024-08-25 07:00:00,25.3,0.0,91.5,279.0,0.5
2024-08-25 08:00:00,26.2,0.0,85.5,161.0,1.6
2024-08-25 09:00:00,27.8,0.0,80.6,155.0,1.4
2024-08-25 10:00:00,29.3,0.0,73.2,268.0,1.1
2024-08-25 11:00:00,29.5,0.0,72.2,172.0,4.1
2024-08-25 12:00:00,26.7,0.0,76.8,177.0,8.60001
2024-08-25 13:00:00,24.8,0.0,95.5,162.0,3.0
2024-08-25 14:00:00,26.7,0.0,89.0,157.0,3.8
2024-08-25 15:00:00,28.4,0.0,79.1,176.0,4.3
2024-08-25 16:00:00,28.4,0.0,79.0,172.0,3.3
2024-08-25 17:00:00,28.7,0.0,77.8,178.0,2.8
2024-08-25 18:00:00,28.3,0.0,77.8,180.0,3.2
2024-08-25 19:00:00,27.8,0.0,80.9,176.0,2.8
2024-08-25 20:00:00,27.7,0.0,79.3,174.0,2.7
2024-08-25 21:00:00,27.3,0.0,83.3,246.0,0.6
2024-08-25 22:00:00,26.5,0.0,92.6,355.0,1.8
2024-08-25 23:00:00,26.3,0.0,95.5,7.0,1.8
2024-08-26 00:00:00,26.0,0.0,96.1,346.0,1.6
2024-08-26 01:00:00,25.9,0.0,96.7,3.0,1.2
2024-08-26 02:00:00,25.7,0.0,97.7,4.0,1.6
2024-08-26 03:00:00,25.7,0.0,98.1,358.0,0.8
2024-08-26 04:00:00,25.7,0.0,98.5,329.0,1.2
2024-08-26 05:00:00,25.6,0.0,98.9,11.0,1.4
2024-08-26 06:00:00,25.7,0.0,98.9,316.0,0.9
2024-08-26 07:00:00,25.6,0.0,98.7,349.0,1.4
2024-08-26 08:00:00,26.0,0.0,96.1,307.0,1.0
2024-08-26 09:00:00,26.3,0.0,92.2,349.0,2.0
2024-08-26 10:00:00,27.9,0.0,85.1,353.0,1.5
2024-08-26 11:00:00,30.7,0.0,68.5,159.0,3.8
2024-08-26 12:00:00,31.5,0.0,62.7,158.0,4.2
2024-08-26 13:00:00,30.9,0.0,67.8,154.0,5.0
2024-08-26 14:00:00,31.0,0.0,60.0,167.0,6.0
2024-08-26 15:00:00,32.1,0.0,57.2,188.0,4.2
2024-08-26 16:00:00,31.4,0.0,56.9,162.0,4.2
2024-08-26 17:00:00,31.6,0.0,50.7,146.0,3.5
2024-08-26 18:00:00,31.4,0.0,54.1,163.0,2.9
2024-08-26 19:00:00,30.3,0.0,58.9,191.0,3.0
2024-08-26 20:00:00,29.3,0.0,66.9,213.0,1.5
2024-08-26 21:00:00,29.3,0.0,68.6,177.0,2.2
2024-08-26 22:00:00,28.5,0.0,77.7,242.0,0.5
2024-08-26 23:00:00,28.4,0.0,79.6,133.0,3.1
2024-08-27 00:00:00,28.3,0.0,81.8,231.0,0.6
2024-08-27 01:00:00,27.9,0.0,83.7,298.0,0.6
2024-08-27 02:00:00,26.5,0.0,93.1,15.0,1.8
2024-08-27 03:00:00,26.3,0.0,94.0,8.0,1.3
2024-08-27 04:00:00,26.2,0.0,95.1,1.0,1.7
2024-08-27 05:00:00,26.5,0.0,93.0,299.0,0.6
2024-08-27 06:00:00,26.7,0.0,90.2,344.0,0.6
2024-08-27 07:00:00,26.5,0.0,92.5,342.0,1.2
2024-08-27 08:00:00,26.3,0.0,95.2,359.0,1.9
2024-08-27 09:00:00,27.3,0.0,90.5,333.0,2.1
2024-08-27 10:00:00,26.8,0.0,98.6,26.0,3.2
2024-08-27 11:00:00,24.1,7.0,97.9,152.0,7.2
2024-08-27 12:00:00,24.5,0.0,99.3,343.0,1.7
2024-08-27 13:00:00,26.2,0.0,94.0,292.0,2.7
2024-08-27 14:00:00,27.6,0.0,84.7,289.0,1.6
2024-08-27 15:00:00,30.3,0.0,76.2,267.0,3.1
2024-08-27 16:00:00,30.1,0.0,70.0,254.0,5.1
2024-08-27 17:00:00,31.0,0.0,64.5,199.0,3.0
2024-08-27 18:00:00,30.3,0.0,72.8,319.0,1.5
2024-08-27 19:00:00,28.8,0.0,74.7,267.0,3.9
2024-08-27 20:00:00,28.3,0.0,77.8,219.0,2.4
2024-08-27 21:00:00,27.8,0.0,84.8,285.0,2.1
2024-08-27 22:00:00,27.5,0.0,88.0,271.0,1.1
2024-08-27 23:00:00,27.5,0.0,88.7,303.0,2.1
2024-08-28 00:00:00,27.0,0.0,92.2,13.0,1.9
2024-08-28 01:00:00,26.9,0.0,93.3,349.0,1.1
2024-08-28 02:00:00,26.8,0.0,94.2,307.0,1.5
2024-08-28 03:00:00,24.0,0.2,99.3,74.0,1.7
2024-08-28 04:00:00,24.7,0.0,99.3,5.0,2.5
2024-08-28 05:00:00,24.5,0.0,99.3,268.0,5.6
2024-08-28 06:00:00,23.5,0.0,94.8,267.0,4.8
2024-08-28 07:00:00,23.6,0.0,93.7,285.0,3.4
2024-08-28 08:00:00,24.2,0.0,90.7,279.0,1.6
2024-08-28 09:00:00,25.5,0.0,84.7,314.0,1.8
2024-08-28 10:00:00,28.2,0.0,74.6,216.0,1.8
2024-08-28 11:00:00,29.5,0.0,66.5,270.0,3.3
2024-08-28 12:00:00,31.7,0.0,59.3,251.0,2.6
2024-08-28 13:00:00,32.4,0.0,51.2,268.0,4.8
2024-08-28 14:00:00,33.8,0.0,41.4,202.0,5.2
2024-08-28 15:00:00,31.9,0.0,55.8,260.0,4.8
2024-08-28 16:00:00,30.8,0.0,60.3,258.0,3.8
2024-08-28 17:00:00,30.4,0.0,61.2,266.0,4.1
2024-08-28 18:00:00,30.0,0.0,63.9,278.0,3.2
2024-08-28 19:00:00,29.1,0.0,73.2,139.0,2.1
2024-08-28 20:00:00,29.2,0.0,69.9,176.0,2.5
2024-08-28 21:00:00,28.9,0.0,74.4,174.0,2.2
2024-08-28 22:00:00,28.3,0.0,73.4,136.0,2.7
2024-08-28 23:00:00,28.3,0.0,71.9,145.0,1.9
2024-08-29 00:00:00,27.9,0.0,75.3,269.0,0.5
2024-08-29 01:00:00,27.3,0.0,80.0,296.0,0.8
2024-08-29 02:00:00,26.6,0.0,84.3,328.0,1.0
2024-08-29 03:00:00,26.0,0.0,89.4,3.0,0.8
2024-08-29 04:00:00,25.5,0.0,94.5,13.0,1.9
2024-08-29 05:00:00,25.6,0.0,94.7,17.0,2.2
2024-08-29 06:00:00,25.8,0.0,92.6,1.0,1.7
2024-08-29 07:00:00,25.8,0.0,90.0,4.0,1.6
2024-08-29 08:00:00,25.9,0.0,89.3,357.0,1.4
2024-08-29 09:00:00,27.3,0.0,81.8,326.0,1.5
2024-08-29 10:00:00,29.4,0.0,73.1,317.0,1.3
2024-08-29 11:00:00,30.4,0.0,64.9,196.0,3.3
2024-08-29 12:00:00,31.2,0.0,64.1,193.0,4.7
2024-08-29 13:00:00,30.6,0.0,68.0,165.0,4.9
2024-08-29 14:00:00,30.9,0.0,66.3,177.0,6.1
2024-08-29 15:00:00,31.0,0.0,56.6,193.0,6.2
2024-08-29 16:00:00,30.2,0.0,62.8,178.0,5.9
2024-08-29 17:00:00,30.3,0.0,64.2,169.0,4.3
2024-08-29 18:00:00,29.9,0.0,65.0,162.0,4.1
2024-08-29 19:00:00,29.5,0.0,65.1,171.0,3.3
2024-08-29 20:00:00,29.4,0.0,62.9,180.0,2.6
2024-08-29 21:00:00,29.1,0.0,62.7,170.0,3.0
2024-08-29 22:00:00,28.5,0.0,68.7,150.0,2.2
2024-08-29 23:00:00,27.8,0.0,74.1,112.0,1.4
2024-08-30 00:00:00,27.5,0.0,74.9,294.0,0.6
2024-08-30 01:00:00,27.2,0.0,77.6,273.0,0.6
2024-08-30 02:00:00,26.7,0.0,81.6,6.0,0.6
2024-08-30 03:00:00,27.4,0.0,77.6,142.0,2.5
2024-08-30 04:00:00,27.1,0.0,82.2,127.0,2.9
2024-08-30 05:00:00,26.9,0.0,84.3,333.0,1.2
2024-08-30 06:00:00,26.6,0.0,88.0,354.0,1.3
2024-08-30 07:00:00,26.0,0.0,90.7,354.0,1.7
2024-08-30 08:00:00,25.9,0.0,91.7,342.0,1.2
2024-08-30 09:00:00,27.1,0.0,88.2,3.0,1.9
2024-08-30 10:00:00,28.9,0.0,79.5,240.0,1.7
2024-08-30 11:00:00,30.2,0.0,69.0,141.0,5.8
2024-08-30 12:00:00,30.8,0.0,66.1,170.0,5.6
2024-08-30 13:00:00,31.5,0.0,61.6,178.0,5.9
2024-08-30 14:00:00,32.0,0.0,56.4,180.0,6.0
2024-08-30 15:00:00,32.3,0.0,56.0,164.0,5.4
2024-08-30 16:00:00,31.8,0.0,56.0,181.0,4.9
2024-08-30 17:00:00,31.2,0.0,61.9,183.0,3.0
2024-08-30 18:00:00,30.9,0.0,65.3,157.0,2.2
2024-08-30 19:00:00,30.1,0.0,70.4,177.0,3.5
2024-08-30 20:00:00,29.5,0.0,74.5,160.0,3.4
2024-08-30 21:00:00,29.3,0.0,76.0,160.0,2.9
2024-08-30 22:00:00,28.9,0.0,77.8,152.0,3.9
2024-08-30 23:00:00,28.5,0.0,79.7,124.0,2.9
2024-08-31 00:00:00,28.1,0.0,82.2,268.0,0.7
2024-08-31 01:00:00,28.4,0.0,73.8,160.0,2.5
2024-08-31 02:00:00,27.4,0.0,81.2,183.0,0.8
2024-08-31 03:00:00,27.4,0.0,83.3,137.0,2.4
2024-08-31 04:00:00,27.7,0.0,82.8,170.0,2.9
2024-08-31 05:00:00,27.6,0.0,84.4,150.0,3.2
2024-08-31 06:00:00,27.6,0.0,84.4,150.0,3.8
2024-08-31 07:00:00,27.3,0.0,86.9,146.0,2.4
2024-08-31 08:00:00,28.6,0.0,81.3,173.0,2.0
2024-08-31 09:00:00,29.4,0.0,78.2,178.0,3.6
2024-08-31 10:00:00,30.4,0.0,69.0,209.0,3.9
2024-08-31 11:00:00,32.1,0.0,63.7,154.0,3.4
2024-08-31 12:00:00,31.9,0.0,63.0,164.0,4.4
2024-08-31 13:00:00,32.5,0.0,55.8,198.0,4.8
2024-08-31 14:00:00,33.3,0.0,52.8,239.0,5.6
2024-08-31 15:00:00,33.1,0.0,52.5,204.0,4.9
2024-08-31 16:00:00,31.9,0.0,54.8,164.0,5.1
2024-08-31 17:00:00,30.8,0.0,55.4,170.0,4.6
2024-08-31 18:00:00,30.4,0.0,59.9,148.0,3.1
2024-08-31 19:00:00,28.8,0.0,76.4,354.0,1.3
2024-08-31 20:00:00,29.4,0.0,75.7,130.0,1.1
2024-08-31 21:00:00,27.7,0.0,85.2,2.0,1.9
2024-08-31 22:00:00,27.2,0.0,86.7,345.0,2.3
2024-08-31 23:00:00,27.0,0.0,87.4,329.0,0.9
2024-09-01 00:00:00,26.8,0.0,89.2,317.0,0.9
2024-09-01 01:00:00,26.7,0.0,88.9,344.0,1.1
2024-09-01 02:00:00,26.7,0.0,91.4,16.0,1.8
2024-09-01 03:00:00,26.4,0.0,93.2,5.0,1.6
2024-09-01 04:00:00,26.5,0.0,91.6,296.0,0.8
2024-09-01 05:00:00,26.3,0.0,93.8,311.0,1.0
2024-09-01 06:00:00,26.5,0.0,93.6,334.0,1.2
2024-09-01 07:00:00,26.4,0.0,94.5,274.0,0.9
2024-09-01 08:00:00,27.1,0.0,92.3,16.0,1.7
2024-09-01 09:00:00,29.0,0.0,79.0,137.0,4.3
2024-09-01 10:00:00,30.8,0.0,66.0,174.0,3.9
2024-09-01 11:00:00,31.9,0.0,58.5,201.0,3.7
2024-09-01 12:00:00,32.4,0.0,59.5,166.0,4.1
2024-09-01 13:00:00,32.1,0.0,61.8,162.0,4.5
2024-09-01 14:00:00,32.3,0.0,62.0,173.0,4.1
2024-09-01 15:00:00,33.1,0.0,59.2,187.0,4.4
2024-09-01 16:00:00,32.7,0.0,61.3,185.0,4.4
2024-09-01 17:00:00,32.7,0.0,58.7,173.0,3.7
2024-09-01 18:00:00,31.1,0.0,66.3,168.0,4.0
2024-09-01 19:00:00,30.8,0.0,67.8,176.0,2.1
2024-09-01 20:00:00,30.5,0.0,65.4,166.0,2.1
2024-09-01 21:00:00,29.1,0.0,76.1,14.0,1.8
2024-09-01 22:00:00,28.0,0.0,83.2,35.0,4.2
2024-09-01 23:00:00,28.3,0.0,84.7,13.0,0.9
2024-09-02 00:00:00,28.2,0.0,85.7,212.0,0.6
2024-09-02 01:00:00,28.2,0.0,88.0,162.0,1.3
2024-09-02 02:00:00,28.5,0.0,86.1,168.0,2.4
2024-09-02 03:00:00,28.1,0.0,89.5,219.0,0.7
2024-09-02 04:00:00,27.6,0.0,91.2,332.0,1.3
2024-09-02 05:00:00,28.0,0.0,85.9,168.0,2.4
2024-09-02 06:00:00,28.1,0.0,84.6,159.0,3.9
2024-09-02 07:00:00,28.1,0.0,84.0,133.0,2.7
2024-09-02 08:00:00,28.9,0.0,82.4,162.0,3.2
2024-09-02 09:00:00,29.8,0.0,76.9,161.0,5.9
2024-09-02 10:00:00,31.0,0.0,72.4,153.0,4.9
2024-09-02 11:00:00,31.6,0.0,67.6,182.0,4.7
2024-09-02 12:00:00,31.7,0.0,66.0,163.0,5.2
2024-09-02 13:00:00,32.3,0.0,67.1,176.0,4.1
2024-09-02 14:00:00,32.3,0.0,62.5,153.0,6.6
2024-09-02 15:00:00,32.8,0.0,57.3,174.0,7.7
2024-09-02 16:00:00,32.4,0.0,55.1,191.0,5.5
2024-09-02 17:00:00,32.0,0.0,60.4,173.0,4.9
2024-09-02 18:00:00,31.2,0.0,65.8,176.0,3.7
2024-09-02 19:00:00,30.9,0.0,63.8,181.0,3.4
2024-09-02 20:00:00,30.3,0.0,69.3,178.0,3.6
2024-09-02 21:00:00,30.0,0.0,72.1,146.0,4.6
2024-09-02 22:00:00,29.7,0.0,77.1,134.0,3.0
2024-09-02 23:00:00,28.9,0.0,85.0,125.0,2.2
2024-09-03 00:00:00,28.9,0.0,83.8,136.0,3.7
2024-09-03 01:00:00,28.7,0.0,84.2,142.0,1.5
2024-09-03 02:00:00,28.3,0.0,83.1,225.0,0.5
2024-09-03 03:00:00,28.1,0.0,82.0,89.0,1.5
2024-09-03 04:00:00,27.9,0.0,84.1,218.0,0.6
2024-09-03 05:00:00,28.0,0.0,84.1,140.0,1.2
2024-09-03 06:00:00,27.7,0.0,87.3,161.0,0.8
2024-09-03 07:00:00,27.9,0.0,88.5,124.0,2.0
2024-09-03 08:00:00,28.7,0.0,84.0,162.0,1.5
2024-09-03 09:00:00,29.9,0.0,79.2,146.0,5.9
2024-09-03 10:00:00,30.2,0.0,75.7,160.0,5.2
2024-09-03 11:00:00,31.2,0.0,73.5,150.0,3.8
2024-09-03 12:00:00,25.9,0.0,95.7,264.0,6.9
2024-09-03 13:00:00,26.6,0.0,91.1,343.0,3.0
2024-09-03 14:00:00,29.0,0.0,77.3,317.0,2.0
2024-09-03 15:00:00,30.6,0.0,69.6,325.0,2.6
2024-09-03 16:00:00,30.8,0.0,70.0,270.0,4.0
2024-09-03 17:00:00,32.3,0.0,62.6,186.0,3.1
2024-09-03 18:00:00,31.1,0.0,67.7,167.0,3.3
2024-09-03 19:00:00,30.2,0.0,71.7,147.0,2.0
2024-09-03 20:00:00,29.7,0.0,76.6,302.0,0.7
2024-09-03 21:00:00,28.5,0.0,86.1,9.0,2.3
2024-09-03 22:00:00,28.3,0.0,88.0,15.0,2.6
2024-09-03 23:00:00,27.6,0.0,89.6,354.0,1.7
2024-09-04 00:00:00,27.4,0.0,90.2,15.0,2.2
2024-09-04 01:00:00,27.2,0.0,91.7,262.0,1.0
2024-09-04 02:00:00,27.1,0.0,91.8,338.0,1.4
2024-09-04 03:00:00,27.0,0.0,91.4,344.0,1.0
2024-09-04 04:00:00,26.5,0.0,94.3,2.0,2.0
2024-09-04 05:00:00,26.6,0.0,94.0,15.0,1.6
2024-09-04 06:00:00,26.5,0.0,94.8,319.0,1.1
2024-09-04 07:00:00,26.5,0.0,96.4,354.0,1.4
2024-09-04 08:00:00,27.8,0.0,91.3,145.0,2.1
2024-09-04 09:00:00,29.1,0.0,83.5,154.0,2.1
2024-09-04 10:00:00,24.5,0.4,99.3,241.0,7.4
2024-09-04 11:00:00,24.6,0.0,99.3,224.0,5.4
2024-09-04 12:00:00,24.1,0.4,95.4,205.0,6.0
2024-09-04 13:00:00,24.8,0.0,94.0,221.0,5.3
2024-09-04 14:00:00,27.4,0.0,77.4,218.0,6.3
2024-09-04 15:00:00,28.4,0.0,76.9,185.0,5.7
2024-09-04 16:00:00,28.0,0.0,75.9,152.0,4.8
2024-09-04 17:00:00,30.5,0.0,60.8,220.0,3.4
2024-09-04 18:00:00,29.8,0.0,60.1,186.0,1.9
2024-09-04 19:00:00,28.4,0.0,74.3,270.0,2.4
2024-09-04 20:00:00,27.6,0.0,78.2,264.0,2.7
2024-09-04 21:00:00,27.0,0.0,82.1,290.0,1.1
2024-09-04 22:00:00,26.5,0.0,87.5,6.0,0.9
2024-09-04 23:00:00,26.2,0.0,90.7,159.0,0.9
2024-09-05 00:00:00,26.1,0.0,89.2,322.0,2.1
2024-09-05 01:00:00,25.7,0.0,92.6,53.0,0.5
2024-09-05 02:00:00,25.5,0.0,94.0,2.0,0.8
2024-09-05 03:00:00,25.3,0.0,94.2,239.0,0.4
2024-09-05 04:00:00,25.1,0.0,95.3,183.0,0.4
2024-09-05 05:00:00,25.5,0.0,95.1,337.0,0.8
2024-09-05 06:00:00,25.6,0.0,96.6,17.0,2.1
2024-09-05 07:00:00,25.3,0.0,96.9,356.0,1.4
2024-09-05 08:00:00,26.1,0.0,94.0,329.0,1.4
2024-09-05 09:00:00,29.2,0.0,80.9,339.0,0.7
2024-09-05 10:00:00,30.0,0.0,73.8,218.0,2.8
2024-09-05 11:00:00,30.9,0.0,66.3,198.0,3.8
2024-09-05 12:00:00,31.2,0.0,63.6,183.0,5.4
2024-09-05 13:00:00,31.8,0.0,61.2,164.0,3.8
2024-09-05 14:00:00,32.8,0.0,56.3,174.0,4.6
2024-09-05 15:00:00,31.9,0.0,65.7,171.0,4.9
2024-09-05 16:00:00,31.5,0.0,65.0,167.0,4.7
2024-09-05 17:00:00,31.5,0.0,65.6,204.0,5.4
2024-09-05 18:00:00,30.9,0.0,68.9,161.0,6.2
2024-09-05 19:00:00,29.9,0.0,73.2,168.0,4.7
2024-09-05 20:00:00,29.4,0.0,74.4,177.0,4.1
2024-09-05 21:00:00,29.1,0.0,72.2,179.0,4.1
2024-09-05 22:00:00,28.9,0.0,74.2,161.0,4.5
2024-09-05 23:00:00,28.5,0.0,79.8,156.0,2.1
2024-09-06 00:00:00,28.5,0.0,80.7,174.0,2.7
2024-09-06 01:00:00,28.0,0.0,84.2,121.0,2.4
2024-09-06 02:00:00,27.8,0.0,86.2,151.0,0.9
2024-09-06 03:00:00,27.4,0.0,88.2,136.0,2.0
2024-09-06 04:00:00,27.4,0.0,89.6,127.0,2.0
2024-09-06 05:00:00,27.5,0.0,88.3,154.0,2.6
2024-09-06 06:00:00,27.7,0.0,87.0,162.0,3.4
2024-09-06 07:00:00,27.8,0.0,87.6,128.0,3.4
2024-09-06 08:00:00,28.6,0.0,80.9,145.0,2.7
2024-09-06 09:00:00,29.2,0.0,76.8,146.0,6.3
2024-09-06 10:00:00,29.9,0.0,73.1,142.0,5.8
2024-09-06 11:00:00,31.2,0.0,68.2,169.0,4.6
2024-09-06 12:00:00,31.9,0.0,64.2,172.0,4.1
2024-09-06 13:00:00,32.4,0.0,63.4,200.0,4.4
2024-09-06 14:00:00,31.7,0.0,65.5,173.0,5.2
2024-09-06 15:00:00,32.2,0.0,60.7,190.0,6.7
2024-09-06 16:00:00,32.0,0.0,63.5,180.0,5.6
2024-09-06 17:00:00,32.4,0.0,62.4,190.0,3.6
2024-09-06 18:00:00,31.2,0.0,66.6,178.0,5.3
2024-09-06 19:00:00,30.2,0.0,70.4,169.0,5.7
2024-09-06 20:00:00,29.9,0.0,77.0,158.0,3.0
2024-09-06 21:00:00,29.3,0.0,75.4,131.0,4.9
2024-09-06 22:00:00,29.0,0.0,77.8,137.0,3.7
2024-09-06 23:00:00,28.9,0.0,82.6,48.0,0.9
2024-09-07 00:00:00,28.5,0.0,82.2,145.0,3.0
2024-09-07 01:00:00,28.7,0.0,80.2,170.0,3.6
2024-09-07 02:00:00,28.3,0.0,84.7,129.0,2.2
2024-09-07 03:00:00,28.2,0.0,84.8,137.0,2.5
2024-09-07 04:00:00,28.0,0.0,86.1,134.0,2.5
2024-09-07 05:00:00,27.9,0.0,87.6,134.0,2.5
2024-09-07 06:00:00,27.9,0.0,87.1,130.0,2.7
2024-09-07 07:00:00,28.0,0.0,87.3,136.0,2.7
2024-09-07 08:00:00,29.0,0.0,82.2,139.0,3.0
2024-09-07 09:00:00,29.5,0.0,76.9,154.0,5.5
2024-09-07 10:00:00,30.3,0.0,71.5,152.0,4.6
2024-09-07 11:00:00,31.7,0.0,64.5,149.0,5.0
2024-09-07 12:00:00,30.8,0.0,69.5,158.0,6.2
2024-09-07 13:00:00,30.3,0.0,80.6,133.0,3.7
2024-09-07 14:00:00,31.4,0.0,66.1,141.0,5.7
2024-09-07 15:00:00,27.9,0.0,81.7,145.0,3.9
2024-09-07 16:00:00,31.1,0.0,66.6,162.0,3.8
2024-09-07 17:00:00,31.1,0.0,64.2,149.0,7.0
2024-09-07 18:00:00,30.5,0.0,67.4,149.0,5.6
2024-09-07 19:00:00,29.9,0.0,73.4,127.0,3.7
2024-09-07 20:00:00,29.5,0.0,75.6,158.0,2.9
2024-09-07 21:00:00,29.5,0.0,66.0,157.0,4.2
2024-09-07 22:00:00,28.9,0.0,75.5,138.0,3.1
2024-09-07 23:00:00,29.0,0.0,76.7,162.0,1.7
2024-09-08 00:00:00,29.0,0.0,78.0,146.0,3.2
2024-09-08 01:00:00,28.9,0.0,78.1,144.0,4.0
2024-09-08 02:00:00,28.6,0.0,82.3,120.0,2.7
2024-09-08 03:00:00,28.6,0.0,80.4,164.0,2.7
2024-09-08 04:00:00,28.4,0.0,81.4,160.0,2.7
2024-09-08 05:00:00,28.2,0.0,82.4,163.0,2.6
2024-09-08 06:00:00,27.9,0.0,87.1,107.0,1.7
2024-09-08 07:00:00,27.8,0.0,88.2,168.0,0.7
2024-09-08 08:00:00,28.3,0.0,85.4,169.0,1.3
2024-09-08 09:00:00,30.7,0.0,72.8,61.0,1.4
2024-09-08 10:00:00,30.4,0.0,71.6,169.0,4.0
2024-09-08 11:00:00,31.4,0.0,65.5,165.0,3.6
2024-09-08 12:00:00,31.8,0.0,64.6,199.0,2.3
2024-09-08 13:00:00,31.9,0.0,60.5,183.0,3.4
2024-09-08 14:00:00,26.7,0.0,83.4,130.0,6.9
2024-09-08 15:00:00,25.8,0.0,94.9,23.0,1.2
2024-09-08 16:00:00,26.5,0.0,92.2,49.0,2.0
2024-09-08 17:00:00,27.5,0.0,85.6,15.0,1.5
2024-09-08 18:00:00,27.1,0.0,86.3,2.0,2.0
2024-09-08 19:00:00,27.0,0.0,85.7,171.0,0.7
2024-09-08 20:00:00,27.2,0.0,80.4,202.0,1.3
2024-09-08 21:00:00,27.4,0.0,86.4,180.0,2.8
2024-09-08 22:00:00,27.5,0.0,88.0,179.0,3.2
2024-09-08 23:00:00,27.4,0.0,83.7,178.0,2.1
2024-09-09 00:00:00,27.0,0.0,86.9,237.0,1.1
2024-09-09 01:00:00,26.9,0.0,88.4,347.0,0.6
2024-09-09 02:00:00,26.5,0.0,92.5,303.0,0.8
2024-09-09 03:00:00,26.2,0.0,94.2,222.0,0.7
2024-09-09 04:00:00,26.5,0.0,96.4,2.0,1.7
2024-09-09 05:00:00,26.7,0.0,92.4,175.0,0.9
2024-09-09 06:00:00,26.5,0.0,94.3,316.0,0.9
2024-09-09 07:00:00,25.9,0.0,96.9,23.0,2.7
2024-09-09 08:00:00,26.1,0.0,94.9,13.0,2.2
2024-09-09 09:00:00,27.7,0.0,86.1,338.0,2.0
2024-09-09 10:00:00,28.9,0.0,78.0,314.0,2.3
2024-09-09 11:00:00,30.6,0.0,69.7,299.0,2.1
2024-09-09 12:00:00,32.6,0.0,58.6,289.0,3.0
2024-09-09 13:00:00,31.6,0.0,61.2,158.0,3.0
2024-09-09 14:00:00,30.9,0.0,66.3,254.0,5.2
2024-09-09 15:00:00,29.7,0.0,72.2,206.0,4.4
2024-09-09 16:00:00,27.9,0.0,85.9,165.0,5.5
2024-09-09 17:00:00,28.7,0.0,83.8,133.0,2.4
2024-09-09 18:00:00,27.5,0.0,85.4,207.0,2.8
2024-09-09 19:00:00,27.6,0.0,81.8,172.0,2.8
2024-09-09 20:00:00,27.5,0.0,88.0,76.0,1.8
2024-09-09 21:00:00,27.2,0.0,86.4,156.0,1.9
2024-09-09 22:00:00,27.3,0.0,88.3,167.0,2.8
2024-09-09 23:00:00,27.2,0.0,87.3,172.0,4.0
2024-09-10 00:00:00,27.2,0.0,87.3,168.0,2.3
2024-09-10 01:00:00,27.0,0.0,89.5,175.0,3.3
2024-09-10 02:00:00,27.1,0.0,87.7,175.0,3.0
2024-09-10 03:00:00,27.2,0.0,87.6,172.0,3.4
2024-09-10 04:00:00,23.5,0.6,99.3,211.0,2.3
2024-09-10 05:00:00,23.8,0.2,99.3,300.0,1.6
2024-09-10 06:00:00,23.8,0.0,99.3,240.0,1.5
2024-09-10 07:00:00,23.5,0.2,99.2,345.0,0.9
2024-09-10 08:00:00,24.4,0.0,97.0,174.0,2.3
2024-09-10 09:00:00,25.7,0.0,94.8,190.0,0.8
2024-09-10 10:00:00,26.8,0.0,93.2,269.0,2.2
2024-09-10 11:00:00,28.9,0.0,78.8,257.0,2.3
2024-09-10 12:00:00,29.5,0.0,68.4,217.0,4.5
2024-09-10 13:00:00,30.2,0.0,70.9,206.0,3.6
2024-09-10 14:00:00,29.8,0.0,73.3,172.0,3.1
2024-09-10 15:00:00,30.5,0.0,68.5,188.0,2.7
2024-09-10 16:00:00,30.7,0.0,63.8,259.0,4.2
2024-09-10 17:00:00,30.1,0.0,68.7,247.0,3.3
2024-09-10 18:00:00,30.0,0.0,69.1,259.0,2.6
2024-09-10 19:00:00,29.3,0.0,70.0,257.0,1.7
2024-09-10 20:00:00,28.9,0.0,73.3,235.0,1.1
2024-09-10 21:00:00,28.5,0.0,79.9,285.0,1.5
2024-09-10 22:00:00,28.1,0.0,84.4,284.0,1.6
2024-09-10 23:00:00,28.0,0.0,84.8,302.0,1.6
2024-09-11 00:00:00,27.4,0.0,84.4,274.0,2.1
2024-09-11 01:00:00,27.1,0.0,88.6,223.0,0.4
2024-09-11 02:00:00,27.0,0.0,89.7,326.0,0.3
2024-09-11 03:00:00,26.5,0.0,93.5,347.0,1.7
2024-09-11 04:00:00,26.7,0.0,90.6,16.0,1.7
2024-09-11 05:00:00,26.5,0.0,92.7,244.0,0.7
2024-09-11 06:00:00,26.7,0.0,91.9,217.0,0.5
2024-09-11 07:00:00,26.5,0.0,93.0,336.0,1.0
2024-09-11 08:00:00,27.1,0.0,91.2,13.0,1.8
2024-09-11 09:00:00,29.2,0.0,82.4,334.0,1.2
2024-09-11 10:00:00,31.0,0.0,73.5,308.0,1.2
2024-09-11 11:00:00,30.8,0.0,67.5,300.0,4.8
2024-09-11 12:00:00,32.2,0.0,56.6,274.0,3.6
2024-09-11 13:00:00,32.5,0.0,60.7,160.0,2.6
2024-09-11 14:00:00,32.3,0.0,60.0,182.0,4.4
2024-09-11 15:00:00,32.5,0.0,58.7,168.0,3.6
2024-09-11 16:00:00,29.8,0.0,77.7,154.0,5.0
2024-09-11 17:00:00,28.1,0.0,78.7,71.0,5.6
2024-09-11 18:00:00,24.9,1.6,97.4,128.0,3.4
2024-09-11 19:00:00,25.7,0.0,94.5,194.0,2.5
2024-09-11 20:00:00,26.2,0.0,94.1,208.0,1.1
2024-09-11 21:00:00,26.2,0.0,96.4,237.0,0.6
2024-09-11 22:00:00,26.3,0.0,97.4,196.0,0.8
2024-09-11 23:00:00,26.0,0.0,97.5,358.0,1.1
2024-09-12 00:00:00,26.1,0.0,97.2,309.0,0.9
2024-09-12 01:00:00,26.2,0.0,95.7,263.0,0.8
2024-09-12 02:00:00,26.2,0.0,96.9,331.0,1.2
2024-09-12 03:00:00,26.3,0.0,91.7,140.0,1.7
2024-09-12 04:00:00,26.0,0.0,94.3,193.0,1.7
2024-09-12 05:00:00,26.4,0.0,91.3,254.0,2.0
2024-09-12 06:00:00,26.3,0.0,93.9,210.0,0.6
2024-09-12 07:00:00,26.2,0.0,95.2,289.0,2.0
2024-09-12 08:00:00,26.7,0.0,93.3,302.0,1.1
2024-09-12 09:00:00,28.5,0.0,83.4,239.0,1.0
2024-09-12 10:00:00,28.6,0.0,78.9,220.0,4.1
2024-09-12 11:00:00,29.5,0.0,71.7,220.0,5.6
2024-09-12 12:00:00,30.0,0.0,70.1,227.0,5.3
2024-09-12 13:00:00,30.5,0.0,66.4,204.0,6.2
2024-09-12 14:00:00,30.8,0.0,65.3,203.0,6.1
2024-09-12 15:00:00,30.9,0.0,64.2,195.0,4.7
2024-09-12 16:00:00,31.2,0.0,62.5,215.0,3.4
2024-09-12 17:00:00,30.3,0.0,65.2,171.0,3.6
2024-09-12 18:00:00,30.9,0.0,63.3,214.0,3.3
2024-09-12 19:00:00,29.7,0.0,69.3,215.0,2.6
2024-09-12 20:00:00,29.1,0.0,71.2,175.0,4.6
2024-09-12 21:00:00,28.8,0.0,79.1,181.0,3.6
2024-09-12 22:00:00,28.5,0.0,77.8,177.0,3.5
2024-09-12 23:00:00,28.5,0.0,80.2,166.0,2.4
2024-09-13 00:00:00,26.8,0.0,91.7,159.0,3.1
2024-09-13 01:00:00,26.6,0.0,92.6,216.0,1.8
2024-09-13 02:00:00,26.9,0.0,92.4,230.0,1.5
2024-09-13 03:00:00,27.2,0.0,90.2,245.0,1.7
2024-09-13 04:00:00,27.5,0.0,85.6,276.0,1.8
2024-09-13 05:00:00,27.0,0.0,90.4,323.0,0.7
2024-09-13 06:00:00,26.5,0.0,95.7,15.0,1.8
2024-09-13 07:00:00,26.1,0.0,96.0,149.0,1.8
2024-09-13 08:00:00,27.0,0.0,92.9,284.0,2.0
2024-09-13 09:00:00,29.0,0.0,80.5,248.0,1.8
2024-09-13 10:00:00,30.2,0.0,67.6,221.0,4.5
2024-09-13 11:00:00,30.8,0.0,65.7,229.0,5.1
2024-09-13 12:00:00,31.7,0.0,59.9,208.0,5.6
2024-09-13 13:00:00,32.4,0.0,56.8,231.0,4.7
2024-09-13 14:00:00,31.5,0.0,59.5,182.0,4.7
2024-09-13 15:00:00,32.9,0.0,55.5,224.0,5.1
2024-09-13 16:00:00,32.3,0.0,56.9,221.0,5.3
2024-09-13 17:00:00,31.6,0.0,60.3,172.0,6.4
2024-09-13 18:00:00,30.4,0.0,64.9,175.0,5.4
2024-09-13 19:00:00,30.1,0.0,63.8,175.0,3.7
2024-09-13 20:00:00,29.5,0.0,70.3,169.0,3.4
2024-09-13 21:00:00,29.1,0.0,73.9,181.0,2.6
2024-09-13 22:00:00,29.0,0.0,75.5,247.0,0.7
2024-09-13 23:00:00,29.0,0.0,78.9,145.0,0.6
2024-09-14 00:00:00,28.7,0.0,78.2,134.0,2.1
2024-09-14 01:00:00,28.5,0.0,79.2,142.0,0.9
2024-09-14 02:00:00,28.1,0.0,84.5,248.0,0.7
2024-09-14 03:00:00,27.5,0.0,88.6,296.0,4.3
2024-09-14 04:00:00,23.8,0.4,99.3,282.0,5.7
2024-09-14 05:00:00,24.2,0.0,95.6,176.0,2.0
2024-09-14 06:00:00,24.2,0.0,97.4,170.0,1.3
2024-09-14 07:00:00,25.1,0.0,96.1,179.0,3.8
2024-09-14 08:00:00,25.2,0.4,94.2,217.0,3.6
2024-09-14 09:00:00,25.1,0.0,96.0,191.0,4.0
2024-09-14 10:00:00,26.5,0.0,90.4,211.0,3.3
2024-09-14 11:00:00,27.7,0.0,80.9,170.0,6.4
2024-09-14 12:00:00,28.6,0.0,76.6,160.0,4.6
2024-09-14 13:00:00,29.4,0.0,72.6,176.0,4.9
2024-09-14 14:00:00,29.9,0.0,67.2,168.0,3.2
2024-09-14 15:00:00,30.6,0.0,61.9,133.0,4.2
2024-09-14 16:00:00,30.8,0.0,60.1,195.0,4.2
2024-09-14 17:00:00,31.1,0.0,59.3,205.0,3.1
2024-09-14 18:00:00,30.7,0.0,58.3,176.0,3.8
2024-09-14 19:00:00,29.7,0.0,64.6,166.0,3.4
2024-09-14 20:00:00,29.0,0.0,68.7,174.0,2.3
2024-09-14 21:00:00,28.1,0.0,71.7,261.0,0.6
2024-09-14 22:00:00,28.0,0.0,72.8,120.0,1.2
2024-09-14 23:00:00,27.8,0.0,72.5,172.0,0.5
2024-09-15 00:00:00,27.6,0.0,78.2,128.0,2.6
2024-09-15 01:00:00,27.5,0.0,80.6,171.0,0.9
2024-09-15 02:00:00,27.0,0.0,83.1,339.0,2.1
2024-09-15 03:00:00,26.4,0.0,87.6,11.0,1.5
2024-09-15 04:00:00,26.0,0.0,90.0,269.0,0.8
2024-09-15 05:00:00,26.2,0.0,87.9,64.0,1.6
2024-09-15 06:00:00,26.2,0.0,85.0,353.0,1.0
2024-09-15 07:00:00,26.0,0.0,87.8,2.0,1.5
2024-09-15 08:00:00,26.9,0.0,84.7,334.0,2.0
2024-09-15 09:00:00,28.7,0.0,76.6,314.0,2.0
2024-09-15 10:00:00,30.6,0.0,70.3,169.0,1.9
2024-09-15 11:00:00,30.7,0.0,70.3,255.0,3.6
2024-09-15 12:00:00,26.1,0.0,94.4,153.0,2.6
2024-09-15 13:00:00,27.4,0.0,83.8,210.0,3.4
2024-09-15 14:00:00,29.0,0.0,77.0,172.0,2.0
2024-09-15 15:00:00,30.1,0.0,69.5,196.0,4.0
2024-09-15 16:00:00,30.8,0.0,67.5,141.0,2.7
2024-09-15 17:00:00,30.4,0.0,66.8,227.0,3.0
2024-09-15 18:00:00,29.2,0.0,70.5,169.0,3.1
2024-09-15 19:00:00,28.6,0.0,72.7,170.0,2.7
2024-09-15 20:00:00,28.1,0.0,75.0,168.0,2.1
2024-09-15 21:00:00,27.9,0.0,80.7,177.0,1.8
2024-09-15 22:00:00,26.8,0.0,88.5,14.0,1.6
2024-09-15 23:00:00,26.8,0.0,89.4,337.0,0.9
2024-09-16 00:00:00,26.7,0.0,91.0,337.0,1.1
2024-09-16 01:00:00,26.4,0.0,92.1,332.0,1.3
2024-09-16 02:00:00,26.3,0.0,93.4,347.0,1.0
2024-09-16 03:00:00,26.2,0.0,93.9,332.0,0.8
2024-09-16 04:00:00,26.2,0.0,93.6,265.0,1.2
2024-09-16 05:00:00,26.1,0.0,93.9,227.0,0.8
2024-09-16 06:00:00,26.3,0.0,89.5,194.0,0.9
2024-09-16 07:00:00,27.0,0.0,86.6,188.0,1.6
2024-09-16 08:00:00,27.3,0.0,87.4,307.0,1.2
2024-09-16 09:00:00,29.3,0.0,76.9,221.0,2.9
2024-09-16 10:00:00,31.0,0.0,63.3,209.0,4.2
2024-09-16 11:00:00,31.5,0.0,60.0,179.0,5.3
2024-09-16 12:00:00,31.5,0.0,59.2,225.0,3.9
2024-09-16 13:00:00,32.1,0.0,60.1,210.0,4.5
2024-09-16 14:00:00,31.8,0.0,59.2,243.0,5.1
2024-09-16 15:00:00,32.2,0.0,58.8,207.0,4.5
2024-09-16 16:00:00,32.4,0.0,57.2,220.0,2.9
2024-09-16 17:00:00,32.7,0.0,60.1,202.0,3.3
2024-09-16 18:00:00,32.0,0.0,61.7,254.0,2.9
2024-09-16 19:00:00,30.4,0.0,70.7,177.0,3.5
2024-09-16 20:00:00,29.5,0.0,78.2,163.0,2.9
2024-09-16 21:00:00,28.8,0.0,77.8,178.0,4.0
2024-09-16 22:00:00,28.6,0.0,79.8,175.0,4.2
2024-09-16 23:00:00,28.4,0.0,79.8,175.0,4.5
2024-09-17 00:00:00,28.3,0.0,80.3,179.0,3.8
2024-09-17 01:00:00,28.1,0.0,82.5,172.0,2.5
2024-09-17 02:00:00,28.1,0.0,84.3,172.0,3.4
2024-09-17 03:00:00,28.3,0.0,79.3,226.0,5.1
2024-09-17 04:00:00,28.2,0.0,78.0,224.0,5.8
2024-09-17 05:00:00,28.2,0.0,77.2,218.0,4.1
2024-09-17 06:00:00,28.2,0.0,77.5,213.0,1.8
2024-09-17 07:00:00,27.7,0.0,78.6,213.0,2.1
2024-09-17 08:00:00,28.7,0.0,74.8,218.0,2.9
2024-09-17 09:00:00,30.1,0.0,67.0,228.0,4.2
2024-09-17 10:00:00,30.5,0.0,58.1,225.0,5.3
2024-09-17 11:00:00,32.3,0.0,51.6,230.0,4.7
2024-09-17 12:00:00,31.8,0.0,55.6,232.0,4.3
2024-09-17 13:00:00,32.1,0.0,56.6,234.0,4.7
2024-09-17 14:00:00,32.2,0.0,55.2,252.0,7.3
2024-09-17 15:00:00,32.6,0.0,55.7,244.0,5.6
2024-09-17 16:00:00,32.0,0.0,56.5,263.0,7.8
2024-09-17 17:00:00,32.2,0.0,59.7,273.0,4.9
2024-09-17 18:00:00,31.4,0.0,64.0,262.0,5.3
2024-09-17 19:00:00,30.8,0.0,67.9,284.0,3.1
2024-09-17 20:00:00,25.0,0.0,99.3,244.0,1.6
2024-09-17 21:00:00,26.3,0.0,90.4,286.0,4.3
2024-09-17 22:00:00,26.2,0.0,89.5,288.0,2.8
2024-09-17 23:00:00,26.3,0.0,91.4,291.0,2.3
2024-09-18 00:00:00,25.9,0.0,94.8,25.0,2.3
2024-09-18 01:00:00,25.8,0.0,93.8,20.0,2.0
2024-09-18 02:00:00,25.8,0.0,92.5,279.0,1.0
2024-09-18 03:00:00,26.1,0.0,89.3,251.0,1.3
2024-09-18 04:00:00,27.1,0.0,75.7,263.0,5.0
2024-09-18 05:00:00,27.2,0.0,69.3,250.0,4.1
2024-09-18 06:00:00,27.0,0.0,73.1,254.0,4.1
2024-09-18 07:00:00,27.0,0.0,74.5,226.0,2.4
2024-09-18 08:00:00,27.6,0.0,72.3,242.0,3.4
2024-09-18 09:00:00,28.4,0.0,68.2,248.0,4.3
2024-09-18 10:00:00,30.5,0.0,57.8,216.0,4.4
2024-09-18 11:00:00,31.0,0.0,53.4,225.0,6.0
2024-09-18 12:00:00,31.2,0.0,53.5,234.0,6.5
2024-09-18 13:00:00,32.1,0.0,51.6,214.0,7.0
2024-09-18 14:00:00,33.0,0.0,50.7,232.0,4.2
2024-09-18 15:00:00,32.5,0.0,46.3,240.0,7.8
2024-09-18 16:00:00,32.8,0.0,45.9,253.0,7.8
2024-09-18 17:00:00,32.2,0.0,50.9,229.0,6.3
2024-09-18 18:00:00,31.6,0.0,54.4,198.0,3.9
2024-09-18 19:00:00,30.5,0.0,61.0,181.0,3.6
2024-09-18 20:00:00,29.7,0.0,68.7,167.0,2.9
2024-09-18 21:00:00,29.1,0.0,71.9,143.0,2.1
2024-09-18 22:00:00,29.0,0.0,68.2,168.0,2.3
2024-09-18 23:00:00,29.0,0.0,67.2,177.0,1.9
2024-09-19 00:00:00,28.8,0.0,70.6,148.0,2.3
2024-09-19 01:00:00,28.9,0.0,72.9,191.0,1.2
2024-09-19 02:00:00,28.7,0.0,75.4,172.0,2.5
2024-09-19 03:00:00,28.4,0.0,78.3,300.0,1.1
2024-09-19 04:00:00,27.2,0.0,86.6,359.0,1.1
2024-09-19 05:00:00,27.7,0.0,83.8,320.0,1.2
2024-09-19 06:00:00,27.3,0.0,88.9,5.0,2.2
2024-09-19 07:00:00,27.0,0.0,87.4,355.0,1.9
2024-09-19 08:00:00,27.4,0.0,85.0,338.0,1.2
2024-09-19 09:00:00,28.9,0.0,80.4,331.0,1.2
2024-09-19 10:00:00,30.1,0.0,72.8,257.0,3.7
2024-09-19 11:00:00,31.9,0.0,51.6,192.0,5.4
2024-09-19 12:00:00,31.8,0.0,55.8,214.0,5.3
2024-09-19 13:00:00,30.8,0.0,65.2,171.0,5.0
2024-09-19 14:00:00,31.4,0.0,63.9,212.0,5.5
2024-09-19 15:00:00,31.1,0.0,65.1,185.0,3.6
2024-09-19 16:00:00,31.2,0.0,63.6,170.0,3.1
2024-09-19 17:00:00,31.0,0.0,61.3,169.0,3.5
2024-09-19 18:00:00,30.3,0.0,69.7,150.0,3.0
2024-09-19 19:00:00,29.2,0.0,77.5,173.0,3.7
2024-09-19 20:00:00,29.3,0.0,70.7,153.0,3.6
2024-09-19 21:00:00,29.1,0.0,73.0,162.0,4.1
2024-09-19 22:00:00,29.1,0.0,74.5,164.0,3.2
2024-09-19 23:00:00,28.6,0.0,78.2,155.0,2.2
2024-09-20 00:00:00,28.3,0.0,83.5,188.0,1.0
2024-09-20 01:00:00,28.0,0.0,84.9,32.0,0.5
2024-09-20 02:00:00,27.8,0.0,86.0,126.0,0.9
2024-09-20 03:00:00,27.9,0.0,82.8,152.0,2.3
2024-09-20 04:00:00,28.1,0.0,79.8,158.0,3.0
2024-09-20 05:00:00,27.9,0.0,82.9,151.0,2.9
2024-09-20 06:00:00,27.7,0.0,86.4,150.0,3.0
2024-09-20 07:00:00,28.0,0.0,85.9,157.0,3.9
2024-09-20 08:00:00,28.7,0.0,83.1,158.0,2.7
2024-09-20 09:00:00,29.7,0.0,78.0,175.0,3.9
2024-09-20 10:00:00,30.5,0.0,72.0,170.0,4.0
2024-09-20 11:00:00,31.4,0.0,69.3,176.0,4.3
2024-09-20 12:00:00,31.9,0.0,64.4,182.0,5.3
2024-09-20 13:00:00,31.6,0.0,68.4,184.0,5.7
2024-09-20 14:00:00,32.2,0.0,62.1,166.0,5.1
2024-09-20 15:00:00,31.6,0.0,62.0,169.0,4.8
2024-09-20 16:00:00,31.1,0.0,64.7,168.0,4.0
2024-09-20 17:00:00,30.9,0.0,66.3,170.0,4.2
2024-09-20 18:00:00,30.6,0.0,66.4,171.0,3.8
2024-09-20 19:00:00,30.2,0.0,69.7,172.0,3.5
2024-09-20 20:00:00,30.0,0.0,67.9,168.0,3.8
2024-09-20 21:00:00,29.5,0.0,69.5,163.0,2.0
2024-09-20 22:00:00,29.4,0.0,75.8,138.0,3.3
2024-09-20 23:00:00,25.8,2.2,91.3,282.0,6.1
2024-09-21 00:00:00,24.0,0.8,99.3,251.0,6.9
2024-09-21 01:00:00,23.7,0.2,99.1,278.0,2.6
2024-09-21 02:00:00,24.1,0.0,96.3,306.0,2.6
2024-09-21 03:00:00,24.3,0.0,96.3,247.0,2.5
2024-09-21 04:00:00,24.9,0.0,96.1,243.0,1.5
2024-09-21 05:00:00,25.2,0.0,96.8,164.0,1.1
2024-09-21 06:00:00,25.4,0.0,98.0,216.0,0.5
2024-09-21 07:00:00,25.4,0.0,99.1,198.0,0.7
2024-09-21 08:00:00,25.9,0.0,96.9,132.0,3.3
2024-09-21 09:00:00,26.9,0.0,92.6,151.0,1.6
2024-09-21 10:00:00,28.9,0.0,82.7,172.0,0.8
2024-09-21 11:00:00,29.8,0.0,73.4,180.0,3.0
2024-09-21 12:00:00,31.1,0.0,63.3,190.0,3.6
2024-09-21 13:00:00,31.0,0.0,62.3,244.0,4.6
2024-09-21 14:00:00,30.6,0.0,67.3,190.0,3.0
2024-09-21 15:00:00,30.8,0.0,66.7,163.0,2.9
2024-09-21 16:00:00,30.6,0.0,67.9,168.0,3.2
2024-09-21 17:00:00,30.7,0.0,69.3,188.0,2.5
2024-09-21 18:00:00,30.5,0.0,69.7,201.0,1.7
2024-09-21 19:00:00,29.6,0.0,78.1,93.0,0.6
2024-09-21 20:00:00,28.8,0.0,83.8,340.0,0.7
2024-09-21 21:00:00,28.4,0.0,86.2,232.0,0.9
2024-09-21 22:00:00,28.0,0.0,88.4,213.0,0.8
2024-09-21 23:00:00,27.9,0.0,87.5,171.0,0.7
2024-09-22 00:00:00,27.9,0.0,90.4,131.0,2.3
2024-09-22 01:00:00,27.7,0.0,90.5,261.0,0.6
2024-09-22 02:00:00,27.6,0.0,91.5,7.0,1.2
2024-09-22 03:00:00,27.1,0.0,95.2,12.0,1.5
2024-09-22 04:00:00,27.2,0.0,95.2,329.0,1.0
2024-09-22 05:00:00,27.0,0.0,95.5,355.0,0.8
2024-09-22 06:00:00,26.8,0.0,96.5,349.0,1.7
2024-09-22 07:00:00,26.6,0.0,97.2,299.0,0.6
2024-09-22 08:00:00,28.0,0.0,92.4,344.0,1.1
2024-09-22 09:00:00,30.9,0.0,69.0,135.0,2.1
2024-09-22 10:00:00,32.6,0.0,60.0,87.0,1.4
2024-09-22 11:00:00,32.7,0.0,50.8,126.0,3.5
2024-09-22 12:00:00,33.7,0.0,48.3,179.0,2.3
2024-09-22 13:00:00,34.2,0.0,48.0,209.0,3.2
2024-09-22 14:00:00,32.7,0.0,55.5,136.0,3.3
2024-09-22 15:00:00,33.1,0.0,53.6,162.0,4.7
2024-09-22 16:00:00,34.2,0.0,47.8,227.0,4.3
2024-09-22 17:00:00,34.4,0.0,47.4,223.0,3.7
2024-09-22 18:00:00,32.4,0.0,58.1,168.0,2.9
2024-09-22 19:00:00,31.4,0.0,66.5,179.0,3.0
2024-09-22 20:00:00,30.8,0.0,71.3,177.0,1.9
2024-09-22 21:00:00,29.7,0.0,78.2,82.0,1.9
2024-09-22 22:00:00,29.3,0.0,82.8,107.0,1.8
2024-09-22 23:00:00,29.0,0.0,83.1,116.0,2.0
2024-09-23 00:00:00,28.8,0.0,82.0,110.0,2.9
2024-09-23 01:00:00,28.6,0.0,86.0,120.0,3.4
2024-09-23 02:00:00,28.7,0.0,86.4,70.0,1.5
2024-09-23 03:00:00,28.5,0.0,88.2,117.0,1.0
2024-09-23 04:00:00,28.4,0.0,89.3,252.0,0.9
2024-09-23 05:00:00,28.2,0.0,91.8,138.0,1.6
2024-09-23 06:00:00,28.2,0.0,90.3,350.0,1.2
2024-09-23 07:00:00,28.1,0.0,90.6,28.0,2.0
2024-09-23 08:00:00,28.5,0.0,89.3,1.0,1.6
2024-09-23 09:00:00,31.0,0.0,78.6,80.0,2.2
2024-09-23 10:00:00,32.1,0.0,71.8,80.0,2.9
2024-09-23 11:00:00,33.5,0.0,62.9,110.0,3.4
2024-09-23 12:00:00,33.2,0.0,60.1,142.0,6.1
2024-09-23 13:00:00,34.8,0.0,48.9,137.0,3.0
2024-09-23 14:00:00,32.6,0.0,61.1,40.0,4.2
2024-09-23 15:00:00,25.3,1.2,94.0,250.0,6.9
2024-09-23 16:00:00,26.9,0.2,98.6,126.0,2.9
2024-09-23 17:00:00,26.7,0.0,95.2,26.0,2.8
2024-09-23 18:00:00,26.5,0.0,95.2,27.0,4.7
2024-09-23 19:00:00,26.6,0.0,92.7,32.0,3.3
2024-09-23 20:00:00,26.8,0.0,87.8,35.0,2.9
2024-09-23 21:00:00,26.3,0.0,91.1,20.0,2.5
2024-09-23 22:00:00,26.3,0.0,87.7,203.0,1.3
2024-09-23 23:00:00,25.8,0.0,91.5,7.0,2.1
2024-09-24 00:00:00,25.9,0.0,92.9,18.0,2.2
2024-09-24 01:00:00,25.6,0.0,91.5,342.0,2.4
2024-09-24 02:00:00,25.5,0.0,93.2,349.0,1.4
2024-09-24 03:00:00,25.5,0.0,93.6,16.0,1.6
2024-09-24 04:00:00,25.6,0.0,93.6,20.0,1.7
2024-09-24 05:00:00,25.5,0.0,94.3,2.0,0.9
2024-09-24 06:00:00,25.3,0.0,95.5,1.0,1.8
2024-09-24 07:00:00,25.3,0.0,96.0,193.0,0.6
2024-09-24 08:00:00,26.0,0.0,94.8,350.0,1.1
2024-09-24 09:00:00,28.0,0.0,88.3,17.0,2.6
2024-09-24 10:00:00,30.0,0.0,77.3,19.0,2.5
2024-09-24 11:00:00,31.1,0.0,74.5,356.0,2.1
2024-09-24 12:00:00,33.0,0.0,59.7,124.0,2.0
2024-09-24 13:00:00,31.6,0.0,68.8,167.0,3.7
2024-09-24 14:00:00,26.4,0.4,82.8,213.0,4.1
2024-09-24 15:00:00,24.9,0.0,94.4,280.0,1.9
2024-09-24 16:00:00,25.4,0.0,93.1,10.0,2.6
2024-09-24 17:00:00,26.5,0.0,88.1,24.0,2.8
2024-09-24 18:00:00,27.1,0.0,82.7,7.0,1.6
2024-09-24 19:00:00,26.9,0.0,79.2,346.0,2.0
2024-09-24 20:00:00,26.6,0.0,85.2,9.0,1.6
2024-09-24 21:00:00,26.1,0.0,89.6,359.0,2.4
2024-09-24 22:00:00,26.1,0.0,90.3,324.0,1.4
2024-09-24 23:00:00,25.6,0.0,95.1,34.0,3.2
2024-09-25 00:00:00,25.7,0.0,93.1,354.0,1.7
2024-09-25 01:00:00,25.7,0.0,94.0,276.0,0.8
2024-09-25 02:00:00,25.8,0.0,94.3,315.0,1.2
2024-09-25 03:00:00,25.7,0.0,94.2,339.0,1.2
2024-09-25 04:00:00,25.8,0.0,95.2,4.0,1.5
2024-09-25 05:00:00,25.6,0.0,91.2,351.0,1.4
2024-09-25 06:00:00,25.4,0.0,94.2,24.0,1.9
2024-09-25 07:00:00,25.6,0.0,94.1,229.0,0.7
2024-09-25 08:00:00,26.9,0.0,87.1,287.0,1.1
2024-09-25 09:00:00,29.7,0.0,71.6,145.0,2.0
2024-09-25 10:00:00,31.7,0.0,64.8,143.0,1.6
2024-09-25 11:00:00,31.4,0.0,66.4,354.0,2.6
2024-09-25 12:00:00,24.8,0.8,91.2,182.0,8.2
2024-09-25 13:00:00,24.6,0.0,99.3,200.0,2.1
2024-09-25 14:00:00,25.3,0.0,99.3,234.0,2.3
2024-09-25 15:00:00,26.0,0.0,96.8,358.0,2.2
2024-09-25 16:00:00,25.6,0.0,99.2,8.0,2.5
2024-09-25 17:00:00,25.5,0.0,94.6,356.0,2.5
2024-09-25 18:00:00,26.0,0.0,88.4,20.0,2.6
2024-09-25 19:00:00,26.0,0.0,91.1,341.0,3.2
2024-09-25 20:00:00,25.6,0.0,94.3,9.0,1.7
2024-09-25 21:00:00,25.4,0.0,96.5,358.0,1.4
2024-09-25 22:00:00,25.6,0.0,95.8,20.0,2.2
2024-09-25 23:00:00,25.6,0.0,93.0,19.0,2.1
2024-09-26 00:00:00,25.5,0.0,94.6,23.0,2.1
2024-09-26 01:00:00,25.4,0.0,94.5,356.0,1.9
2024-09-26 02:00:00,25.2,0.0,96.5,357.0,2.2
2024-09-26 03:00:00,25.0,0.0,97.9,4.0,1.5
2024-09-26 04:00:00,25.1,0.0,98.6,8.0,1.3
2024-09-26 05:00:00,25.3,0.0,98.1,77.0,1.2
2024-09-26 06:00:00,25.2,0.0,97.8,211.0,0.8
2024-09-26 07:00:00,25.2,0.0,97.6,299.0,2.1
2024-09-26 08:00:00,24.7,0.0,91.2,256.0,10.7
2024-09-26 09:00:00,23.4,0.2,95.7,246.0,4.9
2024-09-26 10:00:00,24.1,0.0,94.7,250.0,4.4
2024-09-26 11:00:00,24.5,0.0,93.6,237.0,4.6
2024-09-26 12:00:00,25.0,0.0,92.6,250.0,5.5
2024-09-26 13:00:00,25.4,0.0,89.3,255.0,6.4
2024-09-26 14:00:00,26.9,0.0,85.6,270.0,4.2
2024-09-26 15:00:00,27.2,0.0,80.9,254.0,4.2
2024-09-26 16:00:00,27.4,0.0,80.5,255.0,5.3
2024-09-26 17:00:00,28.1,0.0,78.3,279.0,4.3
2024-09-26 18:00:00,27.8,0.0,76.9,288.0,3.7
2024-09-26 19:00:00,27.0,0.0,83.7,37.0,1.6
2024-09-26 20:00:00,26.7,0.0,85.1,260.0,1.2
2024-09-26 21:00:00,26.3,0.0,87.5,324.0,1.5
2024-09-26 22:00:00,25.9,0.0,91.3,287.0,0.5
2024-09-26 23:00:00,25.5,0.0,94.2,355.0,1.6
2024-09-27 00:00:00,25.5,0.0,94.1,19.0,1.6
2024-09-27 01:00:00,25.1,0.0,95.9,11.0,2.0
2024-09-27 02:00:00,25.75,0.0,93.11,39.9,1.93
2024-09-27 03:00:00,26.400000000000002,0.0,90.32000000000001,68.8,1.86
2024-09-27 04:00:00,27.05,0.0,87.53,97.69999999999999,1.79
2024-09-27 05:00:00,,,,,
2024-09-27 06:00:00,,,,,
2024-09-27 07:00:00,,,,,
2024-09-27 08:00:00,29.650000000000002,0.0,76.37,213.29999999999998,1.51
2024-09-27 09:00:00,30.3,0.0,73.58,242.2,1.44
2024-09-27 10:00:00,30.950000000000003,0.0,70.79,271.09999999999997,1.37
2024-09-27 11:00:00,31.6,0.0,68.0,300.0,1.3
2024-09-27 12:00:00,31.4,0.0,61.8,167.0,4.3
2024-09-27 13:00:00,32.5,0.0,55.7,173.0,4.3
2024-09-27 14:00:00,33.4,0.0,54.7,173.0,3.4
2024-09-27 15:00:00,33.4,0.0,54.4,183.0,4.8
2024-09-27 16:00:00,32.9,0.0,56.2,180.0,5.1
2024-09-27 17:00:00,32.5,0.0,58.9,184.0,4.4
2024-09-27 18:00:00,31.4,0.0,65.1,156.0,3.8
2024-09-27 19:00:00,30.3,0.0,71.0,130.0,4.0
2024-09-27 20:00:00,29.5,0.0,76.6,120.0,3.5
2024-09-27 21:00:00,29.3,0.0,81.6,103.0,2.7
2024-09-27 22:00:00,29.1,0.0,84.0,59.0,1.4
2024-09-27 23:00:00,28.5,0.0,85.1,124.0,1.8
2024-09-28 00:00:00,28.2,0.0,85.3,149.0,1.9
2024-09-28 01:00:00,27.8,0.0,87.6,141.0,1.7
2024-09-28 02:00:00,27.5,0.0,88.7,284.0,0.9
2024-09-28 03:00:00,27.1,0.0,91.4,5.0,1.4
2024-09-28 04:00:00,26.4,0.0,95.5,10.0,1.5
2024-09-28 05:00:00,26.4,0.0,95.1,347.0,1.3
2024-09-28 06:00:00,26.1,0.0,96.0,359.0,1.1
2024-09-28 07:00:00,26.1,0.0,96.8,351.0,1.3
2024-09-28 08:00:00,27.9,0.0,89.9,356.0,0.8
2024-09-28 09:00:00,29.1,0.0,84.0,17.0,1.7
2024-09-28 10:00:00,31.4,0.0,70.7,88.0,2.7
2024-09-28 11:00:00,31.9,0.0,68.6,53.0,2.5
2024-09-28 12:00:00,31.8,0.0,63.4,112.0,4.0
2024-09-28 13:00:00,33.6,0.0,52.5,93.0,3.5
2024-09-28 14:00:00,33.1,0.0,52.1,116.0,4.5
2024-09-28 15:00:00,31.6,0.0,67.2,195.0,5.1
2024-09-28 16:00:00,29.9,0.0,62.0,175.0,5.2
2024-09-28 17:00:00,28.3,0.0,76.5,155.0,4.8
2024-09-28 18:00:00,28.4,0.0,75.2,136.0,4.2
2024-09-28 19:00:00,28.2,0.0,75.9,132.0,2.5
2024-09-28 20:00:00,28.5,0.0,75.8,162.0,2.2
2024-09-28 21:00:00,28.3,0.0,79.7,147.0,2.3
2024-09-28 22:00:00,28.4,0.0,82.2,144.0,3.5
2024-09-28 23:00:00,28.4,0.0,78.4,165.0,2.9
2024-09-29 00:00:00,27.9,0.0,82.3,136.0,2.5
2024-09-29 01:00:00,27.7,0.0,84.2,297.0,1.0
2024-09-29 02:00:00,27.1,0.0,88.8,3.0,1.3
2024-09-29 03:00:00,26.8,0.0,90.8,299.0,0.6
2024-09-29 04:00:00,26.7,0.0,93.0,321.0,1.0
2024-09-29 05:00:00,26.4,0.0,95.8,348.0,1.1
2024-09-29 06:00:00,26.0,0.0,97.7,20.0,1.9
2024-09-29 07:00:00,25.9,0.0,98.1,1.0,1.6
2024-09-29 08:00:00,26.6,0.0,96.1,17.0,2.0
2024-09-29 09:00:00,29.2,0.0,85.6,25.0,1.5
2024-09-29 10:00:00,30.3,0.0,73.6,167.0,2.5
2024-09-29 11:00:00,31.7,0.0,61.1,162.0,3.5
2024-09-29 12:00:00,32.5,0.0,60.7,174.0,3.5
2024-09-29 13:00:00,32.2,0.0,61.4,159.0,4.4
2024-09-29 14:00:00,31.8,0.0,61.7,172.0,5.3
2024-09-29 15:00:00,27.7,0.0,86.7,337.0,3.0
2024-09-29 16:00:00,26.8,0.0,93.6,258.0,2.4
2024-09-29 17:00:00,29.5,0.0,73.1,134.0,2.4
2024-09-29 18:00:00,30.1,0.0,71.6,140.0,2.9
2024-09-29 19:00:00,29.0,0.0,79.6,140.0,1.8
2024-09-29 20:00:00,28.9,0.0,79.3,162.0,1.9
2024-09-29 21:00:00,28.5,0.0,81.0,147.0,2.3
2024-09-29 22:00:00,28.1,0.0,82.3,130.0,2.2
2024-09-29 23:00:00,27.9,0.0,86.5,141.0,1.5
2024-09-30 00:00:00,27.9,0.0,88.5,149.0,2.3
2024-09-30 01:00:00,28.0,0.0,84.3,168.0,2.3
2024-09-30 02:00:00,27.8,0.0,86.4,158.0,1.5
2024-09-30 03:00:00,27.2,0.0,90.9,320.0,0.7
2024-09-30 04:00:00,27.1,0.0,92.3,349.0,1.3
2024-09-30 05:00:00,26.7,0.0,93.6,281.0,2.3
2024-09-30 06:00:00,25.2,0.0,95.3,247.0,4.6
2024-09-30 07:00:00,25.6,0.0,98.5,143.0,1.2
2024-09-30 08:00:00,26.2,0.0,95.8,158.0,1.6
2024-09-30 09:00:00,27.4,0.0,88.2,2.0,1.9
2024-09-30 10:00:00,28.9,0.0,79.9,157.0,1.9
2024-09-30 11:00:00,29.2,0.0,79.7,306.0,2.9
2024-09-30 12:00:00,30.1,0.0,76.4,267.0,4.2
2024-09-30 13:00:00,30.8,0.0,68.9,235.0,3.1
2024-09-30 14:00:00,31.4,0.0,59.5,253.0,3.6
2024-09-30 15:00:00,31.6,0.0,61.1,248.0,3.3
2024-09-30 16:00:00,31.3,0.0,65.2,202.0,5.3
2024-09-30 17:00:00,28.1,0.0,79.5,29.0,5.5
2024-09-30 18:00:00,25.7,0.2,95.9,99.0,3.7
2024-09-30 19:00:00,25.7,0.0,95.4,278.0,1.2
2024-09-30 20:00:00,25.9,0.0,97.4,25.0,2.4
2024-09-30 21:00:00,25.9,0.0,97.4,256.0,0.9
2024-09-30 22:00:00,25.8,0.0,97.5,338.0,1.1
2024-09-30 23:00:00,25.9,0.0,96.9,295.0,0.8
2024-10-01 00:00:00,26.0,0.0,96.8,359.0,1.3
2024-10-01 01:00:00,25.9,0.0,97.9,10.0,1.8
2024-10-01 02:00:00,25.9,0.0,97.8,330.0,0.9
2024-10-01 03:00:00,25.8,0.0,97.8,330.0,1.3
2024-10-01 04:00:00,25.7,0.0,98.0,314.0,0.5
2024-10-01 05:00:00,25.6,0.0,98.5,7.0,1.5
2024-10-01 06:00:00,25.4,0.0,98.9,9.0,2.0
2024-10-01 07:00:00,25.4,0.0,99.3,17.0,2.4
2024-10-01 08:00:00,26.4,0.0,93.6,345.0,2.0
2024-10-01 09:00:00,25.4,0.0,92.8,243.0,3.5
2024-10-01 10:00:00,26.8,0.0,87.3,271.0,4.9
2024-10-01 11:00:00,29.4,0.0,77.5,277.0,3.8
2024-10-01 12:00:00,30.0,0.0,70.1,257.0,4.9
2024-10-01 13:00:00,27.9,0.0,82.7,236.0,3.5
2024-10-01 14:00:00,26.7,0.0,88.3,221.0,2.3
2024-10-01 15:00:00,29.4,0.0,73.5,205.0,2.2
2024-10-01 16:00:00,31.1,0.0,63.9,197.0,2.1
2024-10-01 17:00:00,29.4,0.0,70.7,174.0,3.5
2024-10-01 18:00:00,29.4,0.0,67.9,162.0,2.0
2024-10-01 19:00:00,28.6,0.0,77.5,254.0,2.8
2024-10-01 20:00:00,28.2,0.0,72.9,240.0,1.4
2024-10-01 21:00:00,27.9,0.0,75.1,243.0,1.8
2024-10-01 22:00:00,27.1,0.0,83.4,224.0,0.5
2024-10-01 23:00:00,26.9,0.0,87.2,350.0,0.4
2024-10-02 00:00:00,27.1,0.0,85.6,212.0,0.8
2024-10-02 01:00:00,26.9,0.0,89.4,315.0,0.7
2024-10-02 02:00:00,26.7,0.0,90.6,317.0,0.8
2024-10-02 03:00:00,26.6,0.0,91.5,332.0,0.7
2024-10-02 04:00:00,26.2,0.0,96.3,5.0,1.2
2024-10-02 05:00:00,26.3,0.0,96.3,310.0,1.2
2024-10-02 06:00:00,26.2,0.0,96.8,356.0,0.9
2024-10-02 07:00:00,26.1,0.0,95.9,9.0,1.7
2024-10-02 08:00:00,26.7,0.0,96.4,23.0,2.6
2024-10-02 09:00:00,30.7,0.0,74.7,151.0,1.2
2024-10-02 10:00:00,30.4,0.0,74.1,318.0,1.2
2024-10-02 11:00:00,31.3,0.0,64.4,171.0,2.6
2024-10-02 12:00:00,31.7,0.0,64.1,188.0,3.3
2024-10-02 13:00:00,31.9,0.0,66.7,114.0,3.0
2024-10-02 14:00:00,32.5,0.0,63.5,176.0,4.5
2024-10-02 15:00:00,31.3,0.0,67.3,186.0,4.1
2024-10-02 16:00:00,31.7,0.0,62.5,159.0,3.8
2024-10-02 17:00:00,30.5,0.0,68.4,142.0,5.6
2024-10-02 18:00:00,30.2,0.0,69.8,138.0,3.8
2024-10-02 19:00:00,29.9,0.0,79.5,81.0,1.8
2024-10-02 20:00:00,28.9,0.0,77.7,127.0,4.0
2024-10-02 21:00:00,28.7,0.0,79.7,126.0,2.3
2024-10-02 22:00:00,28.3,0.0,81.4,152.0,1.4
2024-10-02 23:00:00,27.8,0.0,86.0,7.0,1.3
2024-10-03 00:00:00,27.7,0.0,87.1,1.0,1.4
2024-10-03 01:00:00,27.4,0.0,88.0,333.0,1.1
2024-10-03 02:00:00,26.9,0.0,91.3,9.0,1.2
2024-10-03 03:00:00,26.8,0.0,91.9,9.0,1.4
2024-10-03 04:00:00,26.5,0.0,95.4,268.0,0.6
2024-10-03 05:00:00,27.0,0.0,93.6,125.0,1.8
2024-10-03 06:00:00,26.8,0.0,93.4,162.0,0.8
2024-10-03 07:00:00,26.6,0.0,95.5,358.0,1.7
2024-10-03 08:00:00,28.4,0.0,90.8,53.0,1.1
2024-10-03 09:00:00,30.4,0.0,82.0,68.0,2.8
2024-10-03 10:00:00,31.2,0.0,66.3,100.0,3.9
2024-10-03 11:00:00,31.6,0.0,62.7,145.0,3.0
2024-10-03 12:00:00,27.8,0.0,86.2,267.0,3.7
2024-10-03 13:00:00,27.1,0.0,93.4,338.0,2.4
2024-10-03 14:00:00,27.9,0.0,81.2,170.0,5.2
2024-10-03 15:00:00,30.7,0.0,65.7,205.0,3.4
2024-10-03 16:00:00,31.9,0.0,60.6,195.0,2.0
2024-10-03 17:00:00,32.9,0.0,60.5,242.0,2.5
2024-10-03 18:00:00,31.9,0.0,62.7,246.0,2.9
2024-10-03 19:00:00,28.2,0.0,81.1,21.0,3.4
2024-10-03 20:00:00,27.9,0.0,82.2,19.0,2.1
2024-10-03 21:00:00,27.8,0.0,85.7,321.0,1.1
2024-10-03 22:00:00,27.4,0.0,89.3,7.0,1.4
2024-10-03 23:00:00,27.2,0.0,92.0,345.0,1.1
2024-10-04 00:00:00,26.9,0.0,93.9,20.0,1.9
2024-10-04 01:00:00,27.0,0.0,93.7,325.0,1.0
2024-10-04 02:00:00,26.7,0.0,94.9,2.0,1.8
2024-10-04 03:00:00,26.5,0.0,96.5,351.0,1.8
2024-10-04 04:00:00,26.2,0.0,98.2,17.0,1.9
2024-10-04 05:00:00,26.0,0.0,99.1,15.0,1.9
2024-10-04 06:00:00,25.9,0.0,99.0,10.0,1.8
2024-10-04 07:00:00,25.9,0.0,99.3,4.0,1.6
2024-10-04 08:00:00,26.2,0.0,98.9,14.0,2.2
2024-10-04 09:00:00,27.2,0.0,89.6,352.0,1.7
2024-10-04 10:00:00,28.3,0.0,83.8,2.0,2.6
2024-10-04 11:00:00,30.5,0.0,71.4,308.0,2.5
2024-10-04 12:00:00,27.5,0.0,86.1,207.0,5.1
2024-10-04 13:00:00,28.1,0.6,85.5,246.0,1.5
2024-10-04 14:00:00,29.6,0.0,72.3,268.0,1.9
2024-10-04 15:00:00,30.0,0.0,74.9,275.0,4.8
2024-10-04 16:00:00,31.1,0.0,65.0,309.0,3.9
2024-10-04 17:00:00,31.2,0.0,67.0,177.0,3.1
2024-10-04 18:00:00,30.4,0.0,69.4,170.0,2.3
2024-10-04 19:00:00,25.1,0.4,99.3,37.0,3.6
2024-10-04 20:00:00,25.0,0.0,99.3,227.0,2.0
2024-10-04 21:00:00,25.7,0.0,99.3,296.0,1.0
2024-10-04 22:00:00,25.5,0.0,99.3,359.0,1.4
2024-10-04 23:00:00,25.4,0.0,99.3,15.0,2.2
2024-10-05 00:00:00,25.6,0.0,95.5,358.0,1.2
2024-10-05 01:00:00,25.7,0.0,93.3,358.0,1.3
2024-10-05 02:00:00,25.6,0.0,96.9,315.0,1.2
2024-10-05 03:00:00,25.4,0.0,98.8,20.0,1.9
2024-10-05 04:00:00,25.3,0.0,98.7,23.0,1.8
2024-10-05 05:00:00,25.2,0.0,98.8,298.0,0.8
2024-10-05 06:00:00,25.2,0.0,99.0,141.0,0.9
2024-10-05 07:00:00,25.0,0.0,98.7,272.0,1.9
2024-10-05 08:00:00,25.4,0.0,93.0,319.0,2.6
2024-10-05 09:00:00,26.1,0.0,90.6,292.0,2.2
2024-10-05 10:00:00,27.5,0.0,80.9,322.0,2.6
2024-10-05 11:00:00,29.4,0.0,73.0,256.0,2.0
2024-10-05 12:00:00,30.3,0.0,64.9,287.0,2.8
2024-10-05 13:00:00,31.2,0.0,64.7,275.0,2.8
2024-10-05 14:00:00,32.2,0.0,58.7,231.0,4.5
2024-10-05 15:00:00,31.4,0.0,61.1,195.0,4.3
2024-10-05 16:00:00,29.9,0.0,67.4,195.0,3.2
2024-10-05 17:00:00,29.3,0.0,74.8,281.0,1.6
2024-10-05 18:00:00,29.3,0.0,75.6,257.0,2.7
2024-10-05 19:00:00,28.8,0.0,75.3,168.0,2.6
2024-10-05 20:00:00,28.5,0.0,77.7,166.0,2.3
2024-10-05 21:00:00,28.4,0.0,80.9,220.0,0.4
2024-10-05 22:00:00,28.0,0.0,85.2,239.0,0.5
2024-10-05 23:00:00,27.5,0.0,89.2,347.0,0.8
2024-10-06 00:00:00,27.3,0.0,92.3,359.0,1.1
2024-10-06 01:00:00,27.2,0.0,93.5,18.0,1.8
2024-10-06 02:00:00,26.8,0.0,97.6,358.0,1.5
2024-10-06 03:00:00,26.1,0.0,94.8,295.0,4.0
2024-10-06 04:00:00,24.8,0.0,99.3,295.0,2.2
2024-10-06 05:00:00,24.6,0.6,99.3,227.0,1.4
2024-10-06 06:00:00,24.3,0.6,99.3,20.0,2.7
2024-10-06 07:00:00,24.4,0.0,99.3,276.0,2.9
2024-10-06 08:00:00,23.9,0.2,99.3,204.0,4.7
2024-10-06 09:00:00,24.8,0.2,99.0,259.0,2.4
2024-10-06 10:00:00,26.2,0.0,91.9,256.0,5.8
2024-10-06 11:00:00,27.2,0.0,86.5,280.0,3.2
2024-10-06 12:00:00,28.1,0.0,81.7,272.0,2.8
2024-10-06 13:00:00,28.7,0.0,77.9,280.0,3.5
2024-10-06 14:00:00,29.9,0.0,70.1,324.0,1.4
2024-10-06 15:00:00,30.0,0.0,69.1,4.0,1.5
2024-10-06 16:00:00,30.0,0.0,70.2,280.0,1.3
2024-10-06 17:00:00,29.4,0.0,66.5,175.0,2.5
2024-10-06 18:00:00,29.1,0.0,69.7,188.0,1.4
2024-10-06 19:00:00,28.3,0.0,75.2,175.0,2.5
2024-10-06 20:00:00,28.2,0.0,77.7,177.0,2.1
2024-10-06 21:00:00,28.0,0.0,80.3,181.0,1.4
2024-10-06 22:00:00,27.3,0.0,85.9,335.0,1.1
2024-10-06 23:00:00,27.0,0.0,88.7,323.0,1.1
2024-10-07 00:00:00,26.6,0.0,93.4,309.0,1.2
2024-10-07 01:00:00,26.6,0.0,92.6,13.0,1.6
2024-10-07 02:00:00,26.4,0.0,94.8,10.0,1.6
2024-10-07 03:00:00,26.2,0.0,94.4,331.0,0.8
2024-10-07 04:00:00,25.9,0.0,94.0,8.0,1.6
2024-10-07 05:00:00,25.6,0.0,96.2,6.0,1.5
2024-10-07 06:00:00,25.4,0.0,97.9,359.0,1.7
2024-10-07 07:00:00,25.4,0.0,98.5,9.0,1.6
2024-10-07 08:00:00,26.2,0.0,96.2,9.0,1.8
2024-10-07 09:00:00,28.3,0.0,86.2,2.0,1.9
2024-10-07 10:00:00,30.3,0.0,71.1,297.0,2.0
2024-10-07 11:00:00,31.8,0.0,59.0,167.0,3.1
2024-10-07 12:00:00,33.3,0.0,50.3,202.0,2.4
2024-10-07 13:00:00,33.1,0.0,54.6,171.0,4.0
2024-10-07 14:00:00,31.2,0.0,64.0,186.0,5.4
2024-10-07 15:00:00,30.4,0.0,66.2,173.0,6.2
2024-10-07 16:00:00,29.7,0.0,69.3,176.0,5.3
2024-10-07 17:00:00,29.3,0.0,76.3,179.0,4.3
2024-10-07 18:00:00,29.0,0.0,74.0,172.0,4.3
2024-10-07 19:00:00,28.5,0.0,77.3,161.0,6.0
2024-10-07 20:00:00,28.3,0.0,77.5,181.0,4.1
2024-10-07 21:00:00,28.3,0.0,79.3,150.0,2.6
2024-10-07 22:00:00,28.1,0.0,77.1,146.0,2.7
2024-10-07 23:00:00,28.0,0.0,78.0,133.0,2.2
2024-10-08 00:00:00,27.8,0.0,79.4,150.0,2.3
2024-10-08 01:00:00,27.2,0.0,85.3,166.0,0.7
2024-10-08 02:00:00,26.8,0.0,87.2,205.0,0.8
2024-10-08 03:00:00,26.4,0.0,90.5,287.0,0.5
2024-10-08 04:00:00,26.4,0.0,90.6,268.0,0.6
2024-10-08 05:00:00,26.4,0.0,92.1,155.0,1.3
2024-10-08 06:00:00,26.0,0.0,94.6,25.0,1.8
2024-10-08 07:00:00,25.9,0.0,95.9,9.0,2.0
2024-10-08 08:00:00,26.8,0.0,91.9,337.0,1.4
2024-10-08 09:00:00,29.1,0.0,81.1,151.0,2.7
2024-10-08 10:00:00,31.1,0.0,69.1,173.0,2.8
2024-10-08 11:00:00,30.3,0.0,57.8,136.0,5.0
2024-10-08 12:00:00,30.0,0.0,74.2,179.0,6.1
2024-10-08 13:00:00,31.3,0.0,65.2,172.0,6.4
2024-10-08 14:00:00,31.1,0.0,56.9,188.0,4.7
2024-10-08 15:00:00,30.5,0.0,68.8,164.0,3.7
2024-10-08 16:00:00,30.4,0.0,67.9,165.0,4.5
2024-10-08 17:00:00,29.9,0.0,72.6,109.0,3.3
2024-10-08 18:00:00,29.6,0.0,75.4,128.0,2.9
2024-10-08 19:00:00,29.0,0.0,72.5,135.0,5.3
2024-10-08 20:00:00,28.6,0.0,79.0,104.0,1.5
2024-10-08 21:00:00,28.4,0.0,77.6,150.0,1.6
2024-10-08 22:00:00,28.2,0.0,81.8,141.0,0.9
2024-10-08 23:00:00,27.8,0.0,84.0,146.0,1.4
2024-10-09 00:00:00,27.8,0.0,82.5,157.0,1.8
2024-10-09 01:00:00,27.2,0.0,87.3,347.0,1.2
2024-10-09 02:00:00,27.1,0.0,90.3,44.0,0.6
2024-10-09 03:00:00,27.1,0.0,89.1,135.0,2.1
2024-10-09 04:00:00,26.7,0.0,90.1,324.0,1.2
2024-10-09 05:00:00,26.2,0.0,95.9,4.0,1.4
2024-10-09 06:00:00,25.9,0.0,96.8,355.0,1.4
2024-10-09 07:00:00,25.8,0.0,96.7,349.0,1.5
2024-10-09 08:00:00,26.9,0.0,90.6,349.0,2.1
2024-10-09 09:00:00,28.3,0.0,84.6,327.0,1.8
2024-10-09 10:00:00,31.1,0.0,67.8,182.0,3.3
2024-10-09 11:00:00,31.3,0.0,64.7,182.0,3.5
2024-10-09 12:00:00,30.1,0.0,71.1,161.0,8.7
2024-10-09 13:00:00,31.8,0.0,61.1,201.0,5.1
2024-10-09 14:00:00,30.4,0.0,71.8,164.0,6.2
2024-10-09 15:00:00,29.8,0.0,72.7,163.0,5.0
2024-10-09 16:00:00,26.3,0.2,94.2,172.0,4.4
2024-10-09 17:00:00,27.4,0.0,88.9,169.0,2.7
2024-10-09 18:00:00,27.9,0.0,86.3,165.0,2.9
2024-10-09 19:00:00,28.1,0.0,89.7,16.0,1.1
2024-10-09 20:00:00,27.8,0.0,85.7,173.0,2.8
2024-10-09 21:00:00,27.6,0.0,89.9,103.0,1.7
2024-10-09 22:00:00,27.4,0.0,85.8,132.0,2.3
2024-10-09 23:00:00,27.3,0.0,87.2,300.0,0.6
2024-10-10 00:00:00,27.1,0.0,90.0,293.0,0.8
2024-10-10 01:00:00,26.9,0.0,91.3,322.0,1.4
2024-10-10 02:00:00,26.3,0.0,95.8,11.0,1.9
2024-10-10 03:00:00,26.1,0.0,97.3,345.0,1.5
2024-10-10 04:00:00,25.7,0.0,97.7,335.0,1.6
2024-10-10 05:00:00,25.6,0.0,98.1,344.0,1.8
2024-10-10 06:00:00,25.6,0.0,98.1,25.0,2.2
2024-10-10 07:00:00,25.7,0.0,97.1,340.0,1.7
2024-10-10 08:00:00,26.8,0.0,90.6,328.0,1.5
2024-10-10 09:00:00,29.2,0.0,79.9,348.0,1.4
2024-10-10 10:00:00,28.8,0.0,83.8,191.0,2.4
2024-10-10 11:00:00,30.4,0.0,76.3,163.0,4.1
2024-10-10 12:00:00,27.4,1.2,95.2,120.0,4.2
2024-10-10 13:00:00,29.4,0.0,78.2,140.0,2.4
2024-10-10 14:00:00,31.9,0.0,67.1,112.0,3.0
2024-10-10 15:00:00,29.2,0.0,84.6,359.0,2.4
2024-10-10 16:00:00,28.4,0.0,87.0,36.0,5.1
2024-10-10 17:00:00,28.6,0.0,85.3,37.0,3.5
2024-10-10 18:00:00,29.5,0.0,80.6,264.0,1.6
2024-10-10 19:00:00,27.7,0.0,90.4,351.0,2.1
2024-10-10 20:00:00,27.4,0.0,90.8,356.0,1.9
2024-10-10 21:00:00,27.2,0.0,95.3,22.0,2.0
2024-10-10 22:00:00,27.1,0.0,95.0,335.0,1.3
2024-10-10 23:00:00,26.8,0.0,96.5,336.0,1.3
2024-10-11 00:00:00,26.5,0.0,98.0,2.0,1.6
2024-10-11 01:00:00,26.3,0.0,98.6,4.0,1.6
2024-10-11 02:00:00,26.1,0.0,99.1,11.0,1.4
2024-10-11 03:00:00,25.8,0.0,99.2,340.0,1.4
2024-10-11 04:00:00,25.8,0.0,98.9,5.0,1.3
2024-10-11 05:00:00,25.7,0.0,97.7,328.0,1.8
2024-10-11 06:00:00,25.6,0.0,98.1,5.0,2.0
2024-10-11 07:00:00,25.7,0.0,98.0,333.0,1.3
2024-10-11 08:00:00,26.7,0.0,93.2,13.0,2.0
2024-10-11 09:00:00,28.3,0.0,89.3,34.0,3.0
2024-10-11 10:00:00,28.5,0.0,87.0,248.0,3.2
2024-10-11 11:00:00,28.0,0.0,90.3,193.0,2.7
2024-10-11 12:00:00,28.5,0.0,84.4,257.0,1.7
2024-10-11 13:00:00,30.9,0.0,74.0,233.0,1.9
2024-10-11 14:00:00,30.9,0.0,72.0,281.0,3.1
2024-10-11 15:00:00,31.7,0.0,67.8,266.0,2.8
2024-10-11 16:00:00,28.7,0.2,92.3,115.0,4.5
2024-10-11 17:00:00,28.3,0.0,90.6,92.0,2.9
2024-10-11 18:00:00,27.8,0.0,89.0,19.0,2.7
2024-10-11 19:00:00,27.4,0.0,89.4,5.0,2.4
2024-10-11 20:00:00,27.3,0.0,89.2,9.0,1.6
2024-10-11 21:00:00,27.2,0.0,91.6,318.0,1.5
2024-10-11 22:00:00,27.0,0.0,92.8,245.0,0.9
2024-10-11 23:00:00,27.0,0.0,93.2,14.0,1.9
2024-10-12 00:00:00,26.7,0.0,94.4,271.0,0.5
2024-10-12 01:00:00,26.7,0.2,94.9,301.0,0.7
2024-10-12 02:00:00,26.2,0.0,98.2,20.0,1.8
2024-10-12 03:00:00,26.1,0.0,98.9,353.0,1.6
2024-10-12 04:00:00,25.9,0.0,98.8,1.0,1.8
2024-10-12 05:00:00,26.0,0.0,99.0,6.0,2.2
2024-10-12 06:00:00,26.0,0.0,99.3,301.0,0.7
2024-10-12 07:00:00,26.0,0.0,99.3,359.0,1.2
2024-10-12 08:00:00,26.2,0.0,99.3,347.0,2.1
2024-10-12 09:00:00,28.3,0.0,88.0,345.0,2.1
2024-10-12 10:00:00,29.3,0.0,81.2,294.0,3.9
2024-10-12 11:00:00,30.0,0.0,75.2,251.0,3.9
2024-10-12 12:00:00,30.4,0.0,72.4,215.0,3.3
2024-10-12 13:00:00,26.1,0.0,94.8,175.0,4.8
2024-10-12 14:00:00,26.6,0.0,96.7,177.0,3.8
2024-10-12 15:00:00,26.2,0.0,91.9,207.0,1.7
2024-10-12 16:00:00,27.3,0.0,89.9,182.0,1.2
2024-10-12 17:00:00,26.8,0.0,92.9,358.0,1.5
2024-10-12 18:00:00,27.0,0.0,95.5,8.0,1.9
2024-10-12 19:00:00,26.4,0.0,97.2,326.0,1.6
2024-10-12 20:00:00,26.1,0.0,97.6,342.0,1.2
2024-10-12 21:00:00,25.9,0.0,98.4,2.0,1.4
2024-10-12 22:00:00,25.8,0.0,99.3,267.0,0.7
2024-10-12 23:00:00,25.7,0.0,99.3,349.0,2.4
2024-10-13 00:00:00,25.6,0.0,99.3,342.0,1.4
2024-10-13 01:00:00,25.6,0.0,99.3,15.0,2.1
2024-10-13 02:00:00,25.3,0.0,99.3,353.0,1.2
2024-10-13 03:00:00,25.1,0.0,99.3,334.0,1.0
2024-10-13 04:00:00,25.0,0.0,99.3,343.0,1.9
2024-10-13 05:00:00,24.8,0.0,99.3,19.0,1.8
2024-10-13 06:00:00,24.8,0.0,99.3,327.0,0.7
2024-10-13 07:00:00,24.7,0.0,99.3,16.0,0.5
2024-10-13 08:00:00,25.6,0.0,98.3,294.0,1.5
2024-10-13 09:00:00,27.1,0.0,89.7,282.0,3.2
2024-10-13 10:00:00,28.8,0.0,80.3,264.0,4.5
2024-10-13 11:00:00,29.5,0.0,74.5,254.0,5.5
2024-10-13 12:00:00,30.8,0.0,70.5,260.0,4.1
2024-10-13 13:00:00,30.9,0.0,70.2,276.0,6.4
2024-10-13 14:00:00,31.1,0.0,70.3,245.0,4.8
2024-10-13 15:00:00,30.8,0.0,71.0,255.0,4.4
2024-10-13 16:00:00,32.1,0.0,60.8,291.0,4.6
2024-10-13 17:00:00,32.6,0.0,60.1,288.0,2.8
2024-10-13 18:00:00,31.2,0.0,64.8,248.0,2.5
2024-10-13 19:00:00,30.2,0.0,69.5,252.0,3.2
2024-10-13 20:00:00,29.5,0.0,73.1,288.0,1.7
2024-10-13 21:00:00,28.9,0.0,78.5,261.0,1.9
2024-10-13 22:00:00,28.5,0.0,81.0,279.0,1.4
2024-10-13 23:00:00,28.3,0.0,82.6,249.0,0.7
2024-10-14 00:00:00,27.7,0.0,87.6,357.0,0.5
2024-10-14 01:00:00,27.5,0.0,90.0,297.0,0.9
2024-10-14 02:00:00,26.7,0.0,88.3,262.0,3.6
2024-10-14 03:00:00,24.4,0.0,96.3,193.0,1.8
2024-10-14 04:00:00,24.9,0.0,98.5,316.0,0.9
2024-10-14 05:00:00,25.0,0.0,95.8,203.0,1.0
2024-10-14 06:00:00,25.4,0.0,96.2,203.0,0.4
2024-10-14 07:00:00,25.3,0.0,95.9,19.0,2.3
2024-10-14 08:00:00,24.9,0.0,97.6,250.0,4.6
2024-10-14 09:00:00,24.4,0.6,99.3,273.0,2.2
2024-10-14 10:00:00,24.6,0.4,99.3,196.0,1.3
2024-10-14 11:00:00,24.9,0.2,99.3,244.0,2.0
2024-10-14 12:00:00,25.3,0.6,99.3,193.0,1.7
2024-10-14 13:00:00,23.2,0.2,99.3,187.0,1.4
2024-10-14 14:00:00,24.1,0.2,99.3,254.0,2.2
2024-10-14 15:00:00,25.1,0.0,89.7,256.0,3.7
2024-10-14 16:00:00,25.8,0.0,86.4,299.0,1.8
2024-10-14 17:00:00,26.0,0.0,84.9,10.0,1.7
2024-10-14 18:00:00,26.1,0.0,84.9,322.0,1.4
2024-10-14 19:00:00,25.7,0.0,88.6,347.0,1.0
2024-10-14 20:00:00,25.4,0.0,93.6,243.0,0.7
2024-10-14 21:00:00,25.4,0.0,83.5,165.0,1.8
2024-10-14 22:00:00,25.5,0.0,89.2,328.0,0.8
2024-10-14 23:00:00,25.6,0.0,87.2,285.0,1.6
2024-10-15 00:00:00,25.0,0.0,94.4,225.0,0.6
2024-10-15 01:00:00,25.2,0.0,92.3,233.0,0.7
2024-10-15 02:00:00,25.0,0.0,95.0,293.0,0.6
2024-10-15 03:00:00,24.7,0.0,96.0,298.0,0.5
2024-10-15 04:00:00,24.8,0.0,96.2,255.0,0.5
2024-10-15 05:00:00,24.7,0.0,98.1,336.0,1.2
2024-10-15 06:00:00,24.6,0.0,98.7,155.0,1.4
2024-10-15 07:00:00,24.7,0.0,98.1,326.0,0.6
2024-10-15 08:00:00,28.5,0.0,81.4,219.0,1.9
2024-10-15 09:00:00,24.3,2.6,99.3,215.0,6.9
2024-10-15 10:00:00,24.6,0.2,99.3,244.0,3.1
2024-10-15 11:00:00,25.2,0.0,99.3,252.0,4.4
2024-10-15 12:00:00,26.0,0.0,95.4,249.0,5.0
2024-10-15 13:00:00,27.9,0.0,86.1,262.0,6.3
2024-10-15 14:00:00,30.1,0.0,69.9,271.0,4.5
2024-10-15 15:00:00,31.5,0.0,60.0,253.0,4.8
2024-10-15 16:00:00,32.4,0.0,53.1,264.0,3.4
2024-10-15 17:00:00,30.5,0.0,60.1,245.0,4.7
2024-10-15 18:00:00,28.9,0.0,73.8,261.0,4.8
2024-10-15 19:00:00,28.1,0.0,80.8,266.0,3.0
2024-10-15 20:00:00,27.6,0.0,81.2,274.0,1.8
2024-10-15 21:00:00,27.5,0.0,81.6,280.0,1.6
2024-10-15 22:00:00,27.3,0.0,83.4,280.0,2.0
2024-10-15 23:00:00,27.1,0.0,83.6,330.0,1.8
2024-10-16 00:00:00,26.7,0.0,88.5,194.0,0.5
2024-10-16 01:00:00,26.3,0.0,91.5,217.0,0.3
2024-10-16 02:00:00,26.2,0.0,92.4,316.0,0.5
2024-10-16 03:00:00,26.2,0.0,91.9,292.0,0.5
2024-10-16 04:00:00,26.3,0.0,88.3,324.0,1.1
2024-10-16 05:00:00,26.0,0.0,92.6,306.0,0.5
2024-10-16 06:00:00,25.7,0.0,94.8,248.0,0.4
2024-10-16 07:00:00,26.1,0.0,93.3,247.0,0.7
2024-10-16 08:00:00,26.9,0.0,91.5,283.0,0.7
2024-10-16 09:00:00,28.2,0.0,86.4,284.0,1.3
2024-10-16 10:00:00,29.3,0.0,83.7,275.0,3.3
2024-10-16 11:00:00,30.0,0.0,76.2,253.0,5.0
2024-10-16 12:00:00,27.9,0.0,83.2,153.0,3.8
2024-10-16 13:00:00,28.8,0.0,86.5,206.0,1.4
2024-10-16 14:00:00,24.6,7.0,99.3,55.0,5.3
2024-10-16 15:00:00,27.0,0.0,87.4,176.0,2.7
2024-10-16 16:00:00,29.6,0.0,78.8,339.0,1.0
2024-10-16 17:00:00,30.3,0.0,74.6,263.0,2.6
2024-10-16 18:00:00,29.7,0.0,77.4,304.0,2.9
2024-10-16 19:00:00,29.1,0.0,79.5,259.0,1.6
2024-10-16 20:00:00,28.3,0.0,86.4,282.0,0.7
2024-10-16 21:00:00,27.9,0.0,87.5,264.0,0.7
2024-10-16 22:00:00,27.9,0.0,87.5,132.0,2.5
2024-10-16 23:00:00,27.8,0.0,88.4,153.0,0.9
2024-10-17 00:00:00,27.3,0.0,89.4,310.0,0.4
2024-10-17 01:00:00,26.7,0.0,94.4,3.0,1.5
2024-10-17 02:00:00,26.5,0.0,97.2,6.0,1.4
2024-10-17 03:00:00,26.1,0.0,99.0,240.0,0.5
2024-10-17 04:00:00,26.1,0.0,98.7,310.0,0.5
2024-10-17 05:00:00,26.1,0.0,99.0,300.0,0.6
2024-10-17 06:00:00,26.1,0.0,99.3,1.0,1.7
2024-10-17 07:00:00,26.1,0.0,99.3,2.0,1.6
2024-10-17 08:00:00,26.7,0.0,99.0,339.0,1.4
2024-10-17 09:00:00,28.6,0.0,86.3,270.0,0.8
2024-10-17 10:00:00,29.3,0.0,81.6,103.0,1.4
2024-10-17 11:00:00,25.6,0.0,90.5,153.0,5.9
2024-10-17 12:00:00,25.0,0.0,95.9,338.0,3.4
2024-10-17 13:00:00,24.9,0.0,98.4,343.0,2.8
2024-10-17 14:00:00,26.4,0.0,93.9,322.0,2.1
2024-10-17 15:00:00,26.7,0.0,93.4,351.0,1.9
2024-10-17 16:00:00,26.3,0.0,95.7,1.0,2.0
2024-10-17 17:00:00,27.1,0.0,94.7,343.0,1.7
2024-10-17 18:00:00,26.8,0.0,95.1,343.0,2.1
2024-10-17 19:00:00,26.7,0.0,94.1,358.0,1.6
2024-10-17 20:00:00,26.5,0.0,97.5,355.0,1.4
2024-10-17 21:00:00,26.5,0.0,98.6,32.0,2.9
2024-10-17 22:00:00,26.0,0.0,99.3,8.0,1.8
2024-10-17 23:00:00,25.8,0.0,99.3,16.0,1.9
2024-10-18 00:00:00,25.4,0.0,99.3,359.0,1.8
2024-10-18 01:00:00,25.2,0.0,99.3,14.0,1.8
2024-10-18 02:00:00,25.1,0.0,99.3,21.0,2.2
2024-10-18 03:00:00,24.9,0.0,99.3,345.0,1.0
2024-10-18 04:00:00,24.5,0.0,99.3,237.0,0.7
2024-10-18 05:00:00,24.6,0.0,99.3,271.0,1.3
2024-10-18 06:00:00,25.1,0.0,99.3,293.0,1.6
2024-10-18 07:00:00,25.1,0.0,99.3,5.0,1.0
2024-10-18 08:00:00,25.9,0.0,99.3,345.0,1.4
2024-10-18 09:00:00,27.5,0.0,91.6,319.0,2.5
2024-10-18 10:00:00,28.2,0.0,84.2,294.0,3.4
2024-10-18 11:00:00,30.5,0.0,68.5,270.0,2.7
2024-10-18 12:00:00,30.7,0.0,68.9,233.0,2.9
2024-10-18 13:00:00,30.5,0.0,69.9,180.0,2.5
2024-10-18 14:00:00,29.0,0.0,81.4,249.0,3.5
2024-10-18 15:00:00,29.0,0.0,81.5,272.0,1.5
2024-10-18 16:00:00,29.5,0.0,78.7,294.0,1.7
2024-10-18 17:00:00,29.3,0.0,75.4,302.0,2.9
2024-10-18 18:00:00,29.3,0.0,76.9,312.0,1.9
2024-10-18 19:00:00,28.4,0.0,83.1,355.0,1.2
2024-10-18 20:00:00,28.0,0.0,84.1,357.0,1.2
2024-10-18 21:00:00,27.4,0.0,90.5,1.0,1.4
2024-10-18 22:00:00,27.2,0.0,91.7,337.0,1.0
2024-10-18 23:00:00,26.7,0.0,97.9,28.0,2.7
2024-10-19 00:00:00,26.6,0.0,97.8,2.0,1.4
2024-10-19 01:00:00,26.3,0.0,98.3,328.0,1.3
2024-10-19 02:00:00,26.1,0.0,98.7,14.0,1.8
2024-10-19 03:00:00,26.2,0.0,97.5,287.0,0.4
2024-10-19 04:00:00,26.0,0.0,98.2,334.0,0.9
2024-10-19 05:00:00,26.0,0.0,99.3,21.0,1.8
2024-10-19 06:00:00,25.8,0.0,99.3,327.0,1.1
2024-10-19 07:00:00,25.6,0.0,99.3,349.0,0.9
2024-10-19 08:00:00,26.3,0.0,98.3,340.0,1.7
2024-10-19 09:00:00,29.3,0.0,81.4,45.0,1.2
2024-10-19 10:00:00,31.6,0.0,71.6,113.0,1.7
2024-10-19 11:00:00,30.0,0.0,77.5,324.0,1.8
2024-10-19 12:00:00,27.4,0.0,80.8,15.0,2.8
2024-10-19 13:00:00,32.5,0.0,61.9,218.0,1.7
2024-10-19 14:00:00,29.9,0.0,75.1,175.0,5.3
2024-10-19 15:00:00,33.4,0.0,62.6,28.0,1.1
2024-10-19 16:00:00,30.7,0.0,68.0,41.0,2.8
2024-10-19 17:00:00,30.0,0.0,73.9,15.0,3.1
2024-10-19 18:00:00,29.3,0.0,79.7,6.0,2.1
2024-10-19 19:00:00,27.7,0.0,85.7,34.0,3.7
2024-10-19 20:00:00,27.6,0.0,88.6,71.0,1.5
2024-10-19 21:00:00,27.2,0.0,90.7,34.0,3.0
2024-10-19 22:00:00,27.0,0.0,90.2,36.0,3.7
2024-10-19 23:00:00,26.9,0.0,91.4,9.0,1.6
2024-10-20 00:00:00,26.6,0.0,93.1,10.0,1.5
2024-10-20 01:00:00,26.2,0.0,89.3,299.0,5.9
2024-10-20 02:00:00,25.9,0.0,86.6,359.0,1.8
2024-10-20 03:00:00,26.2,0.0,86.7,147.0,1.5
2024-10-20 04:00:00,23.0,0.2,95.0,254.0,6.2
2024-10-20 05:00:00,23.3,0.2,95.5,191.0,3.7
2024-10-20 06:00:00,23.9,0.2,97.1,213.0,0.9
2024-10-20 07:00:00,23.8,0.0,99.3,332.0,1.0
2024-10-20 08:00:00,23.9,0.0,99.3,5.0,1.5
2024-10-20 09:00:00,24.2,0.0,98.5,17.0,2.3
2024-10-20 10:00:00,24.5,0.0,95.9,10.0,2.2
2024-10-20 11:00:00,25.8,0.0,88.1,19.0,2.0
2024-10-20 12:00:00,28.3,0.0,74.0,317.0,0.8
2024-10-20 13:00:00,30.2,0.0,63.8,271.0,2.5
2024-10-20 14:00:00,30.6,0.0,60.2,259.0,4.4
2024-10-20 15:00:00,31.7,0.0,54.4,250.0,4.3
2024-10-20 16:00:00,32.0,0.0,53.4,272.0,2.8
2024-10-20 17:00:00,31.9,0.0,51.6,272.0,1.7
2024-10-20 18:00:00,30.6,0.0,62.4,286.0,1.7
2024-10-20 19:00:00,29.5,0.0,69.4,332.0,1.1
2024-10-20 20:00:00,28.5,0.0,75.3,1.0,1.7
2024-10-20 21:00:00,27.8,0.0,83.0,351.0,1.0
2024-10-20 22:00:00,28.0,0.0,76.7,358.0,1.3
2024-10-20 23:00:00,27.7,0.0,78.3,176.0,0.7
2024-10-21 00:00:00,27.1,0.0,82.4,141.0,1.3
2024-10-21 01:00:00,26.5,0.0,89.2,29.0,1.9
2024-10-21 02:00:00,26.7,0.0,87.8,156.0,1.3
2024-10-21 03:00:00,26.7,0.0,87.5,293.0,0.6
2024-10-21 04:00:00,26.1,0.0,94.0,30.0,2.2
2024-10-21 05:00:00,26.2,0.0,92.2,338.0,1.2
2024-10-21 06:00:00,26.3,0.0,95.1,9.0,1.3
2024-10-21 07:00:00,26.4,0.0,95.8,349.0,1.1
2024-10-21 08:00:00,27.1,0.0,94.1,346.0,1.2
2024-10-21 09:00:00,28.6,0.0,88.1,24.0,2.8
2024-10-21 10:00:00,29.9,0.0,71.5,42.0,2.9
2024-10-21 11:00:00,31.0,0.0,69.4,335.0,1.3
2024-10-21 12:00:00,33.2,0.0,50.0,300.0,2.9
2024-10-21 13:00:00,34.0,0.0,51.2,287.0,3.4
2024-10-21 14:00:00,34.2,0.0,47.4,288.0,4.8
2024-10-21 15:00:00,34.3,0.0,45.9,291.0,5.4
2024-10-21 16:00:00,34.2,0.0,42.6,252.0,5.5
2024-10-21 17:00:00,34.0,0.0,43.7,265.0,5.4
2024-10-21 18:00:00,33.1,0.0,47.5,263.0,4.2
2024-10-21 19:00:00,31.7,0.0,53.2,271.0,2.9
2024-10-21 20:00:00,30.4,0.0,63.4,260.0,0.6
2024-10-21 21:00:00,29.0,0.0,72.5,31.0,2.0
2024-10-21 22:00:00,28.8,0.0,83.7,29.0,2.7
2024-10-21 23:00:00,28.2,0.0,88.8,25.0,2.5
2024-10-22 00:00:00,28.1,0.0,89.8,318.0,1.1
2024-10-22 01:00:00,28.1,0.0,91.1,4.0,1.2
2024-10-22 02:00:00,27.9,0.0,93.7,26.0,2.8
2024-10-22 03:00:00,27.7,0.0,95.6,1.0,1.6
2024-10-22 04:00:00,27.6,0.0,94.7,355.0,1.6
2024-10-22 05:00:00,27.7,0.0,94.8,15.0,2.2
2024-10-22 06:00:00,27.3,0.0,95.9,27.0,2.7
2024-10-22 07:00:00,27.2,0.0,96.5,8.0,1.7
2024-10-22 08:00:00,28.3,0.0,91.5,2.0,1.5
2024-10-22 09:00:00,30.9,0.0,78.7,81.0,2.2
2024-10-22 10:00:00,31.6,0.0,64.1,339.0,1.7
2024-10-22 11:00:00,32.0,0.0,56.1,315.0,3.8
2024-10-22 12:00:00,33.1,0.0,55.7,244.0,2.8
2024-10-22 13:00:00,32.0,0.0,66.5,171.0,5.3
2024-10-22 14:00:00,34.5,0.0,53.1,273.0,3.5
2024-10-22 15:00:00,33.8,0.0,53.3,269.0,5.7
2024-10-22 16:00:00,33.8,0.0,51.3,252.0,6.0
2024-10-22 17:00:00,33.1,0.0,52.6,252.0,2.9
2024-10-22 18:00:00,32.0,0.0,59.1,241.0,2.8
2024-10-22 19:00:00,31.6,0.0,60.8,342.0,1.1
2024-10-22 20:00:00,29.7,0.0,77.2,22.0,1.5
2024-10-22 21:00:00,29.4,0.0,83.5,80.0,1.5
2024-10-22 22:00:00,29.1,0.0,85.7,114.0,1.9
2024-10-22 23:00:00,28.8,0.0,85.8,117.0,1.1
2024-10-23 00:00:00,28.4,0.0,87.9,264.0,0.7
2024-10-23 01:00:00,28.3,0.0,89.2,354.0,1.3
2024-10-23 02:00:00,27.9,0.0,91.6,311.0,0.6
2024-10-23 03:00:00,27.5,0.0,94.3,4.0,1.5
2024-10-23 04:00:00,27.4,0.0,95.7,9.0,1.5
2024-10-23 05:00:00,27.2,0.0,95.7,339.0,1.0
2024-10-23 06:00:00,26.9,0.0,96.2,208.0,0.4
2024-10-23 07:00:00,27.1,0.0,96.2,332.0,1.4
2024-10-23 08:00:00,27.1,0.0,94.2,252.0,1.8
2024-10-23 09:00:00,28.9,0.0,71.4,247.0,1.6
2024-10-23 10:00:00,29.4,0.0,69.5,284.0,2.5
2024-10-23 11:00:00,31.4,0.0,64.3,294.0,3.9
2024-10-23 12:00:00,33.2,0.0,55.9,257.0,3.5
2024-10-23 13:00:00,33.7,0.0,54.6,244.0,5.3
2024-10-23 14:00:00,33.4,0.0,52.8,268.0,5.3
2024-10-23 15:00:00,33.9,0.0,53.2,245.0,5.7
2024-10-23 16:00:00,32.4,0.0,59.8,286.0,5.1
2024-10-23 17:00:00,31.3,0.0,68.2,253.0,4.2
2024-10-23 18:00:00,31.1,0.0,70.4,251.0,3.3
2024-10-23 19:00:00,30.4,0.0,74.1,265.0,2.3
2024-10-23 20:00:00,30.1,0.0,75.1,225.0,1.7
2024-10-23 21:00:00,29.9,0.0,74.7,190.0,0.5
2024-10-23 22:00:00,29.0,0.0,83.1,5.0,2.1
2024-10-23 23:00:00,28.4,0.0,85.8,15.0,2.0
2024-10-24 00:00:00,28.2,0.0,85.0,6.0,1.5
2024-10-24 01:00:00,27.4,0.0,92.6,31.0,2.6
2024-10-24 02:00:00,27.5,0.0,83.5,4.0,1.4
2024-10-24 03:00:00,27.4,0.0,79.8,350.0,1.7
2024-10-24 04:00:00,27.4,0.0,80.5,343.0,1.3
2024-10-24 05:00:00,27.0,0.0,83.7,5.0,1.3
2024-10-24 06:00:00,26.9,0.0,86.0,7.0,1.3
2024-10-24 07:00:00,26.6,0.0,89.7,267.0,0.5
2024-10-24 08:00:00,27.8,0.0,84.7,3.0,1.3
2024-10-24 09:00:00,29.6,0.0,79.0,30.0,3.3
2024-10-24 10:00:00,31.1,0.0,70.8,22.0,1.8
2024-10-24 11:00:00,31.9,0.0,66.3,46.0,1.3
2024-10-24 12:00:00,33.1,0.0,57.4,203.0,2.5
2024-10-24 13:00:00,33.2,0.0,59.6,177.0,3.4
2024-10-24 14:00:00,33.3,0.0,59.2,225.0,5.0
2024-10-24 15:00:00,34.2,0.0,51.5,233.0,4.1
2024-10-24 16:00:00,32.8,0.0,52.7,225.0,5.3
2024-10-24 17:00:00,31.1,0.0,66.1,207.0,2.7
2024-10-24 18:00:00,30.5,0.0,72.3,313.0,2.6
2024-10-24 19:00:00,28.6,0.0,77.6,6.0,3.6
2024-10-24 20:00:00,27.9,0.0,80.6,25.0,2.7
2024-10-24 21:00:00,28.1,0.0,78.5,2.0,1.3
2024-10-24 22:00:00,27.7,0.0,83.4,29.0,2.4
2024-10-24 23:00:00,27.8,0.0,84.9,124.0,1.4
2024-10-25 00:00:00,27.6,0.0,86.4,19.0,1.9
2024-10-25 01:00:00,27.6,0.0,86.6,16.0,1.4
2024-10-25 02:00:00,27.2,0.0,90.0,9.0,1.4
2024-10-25 03:00:00,27.2,0.0,88.4,308.0,1.0
2024-10-25 04:00:00,26.8,0.0,89.9,342.0,1.4
2024-10-25 05:00:00,26.7,0.0,91.4,355.0,1.3
2024-10-25 06:00:00,26.5,0.0,91.7,4.0,1.5
2024-10-25 07:00:00,26.7,0.0,92.0,151.0,1.8
2024-10-25 08:00:00,27.8,0.0,81.0,201.0,0.9
2024-10-25 09:00:00,29.2,0.0,79.5,305.0,1.2
2024-10-25 10:00:00,30.9,0.0,69.7,266.0,4.1
2024-10-25 11:00:00,31.3,0.0,68.5,265.0,3.6
2024-10-25 12:00:00,32.8,0.0,59.6,247.0,4.6
2024-10-25 13:00:00,33.1,0.0,60.3,261.0,4.7
2024-10-25 14:00:00,31.2,0.0,71.4,266.0,8.3
2024-10-25 15:00:00,30.6,0.0,77.4,250.0,5.5
2024-10-25 16:00:00,29.9,0.0,73.3,290.0,5.4
2024-10-25 17:00:00,30.0,0.0,71.5,297.0,4.0
2024-10-25 18:00:00,30.3,0.0,75.1,304.0,3.8
2024-10-25 19:00:00,29.5,0.0,81.6,289.0,3.7
2024-10-25 20:00:00,29.3,0.0,82.3,324.0,2.2
2024-10-25 21:00:00,29.0,0.0,80.5,321.0,3.3
2024-10-25 22:00:00,28.8,0.0,81.6,346.0,1.8
2024-10-25 23:00:00,28.3,0.0,84.3,5.0,1.8
2024-10-26 00:00:00,28.2,0.0,84.0,324.0,1.7
2024-10-26 01:00:00,27.8,0.0,84.9,340.0,1.6
2024-10-26 02:00:00,27.7,0.0,80.1,301.0,2.2
2024-10-26 03:00:00,27.5,0.0,80.5,303.0,2.5
2024-10-26 04:00:00,27.0,0.0,84.4,301.0,1.0
2024-10-26 05:00:00,26.7,0.0,87.3,349.0,1.2
2024-10-26 06:00:00,26.7,0.0,86.7,262.0,1.4
2024-10-26 07:00:00,26.4,0.0,89.9,224.0,0.4
2024-10-26 08:00:00,28.3,0.0,81.8,257.0,1.7
2024-10-26 09:00:00,29.5,0.0,78.9,263.0,3.9
2024-10-26 10:00:00,30.9,0.0,65.9,251.0,7.8
2024-10-26 11:00:00,31.5,0.0,60.8,263.0,6.6
2024-10-26 12:00:00,32.1,0.0,61.8,265.0,5.8
2024-10-26 13:00:00,31.9,0.0,59.6,269.0,7.2
2024-10-26 14:00:00,32.8,0.0,56.9,276.0,5.0
2024-10-26 15:00:00,33.0,0.0,54.0,255.0,5.1
2024-10-26 16:00:00,32.3,0.0,58.3,262.0,4.9
2024-10-26 17:00:00,32.0,0.0,60.1,251.0,3.3
2024-10-26 18:00:00,31.2,0.0,66.3,256.0,3.8
2024-10-26 19:00:00,30.8,0.0,70.1,279.0,2.7
2024-10-26 20:00:00,30.0,0.0,76.0,267.0,1.8
2024-10-26 21:00:00,29.7,0.0,78.9,248.0,0.7
2024-10-26 22:00:00,29.4,0.0,80.1,312.0,0.8
2024-10-26 23:00:00,28.9,0.0,82.7,266.0,1.1
2024-10-27 00:00:00,28.3,0.0,87.4,357.0,1.2
2024-10-27 01:00:00,28.0,0.0,88.5,197.0,0.7
2024-10-27 02:00:00,28.0,0.0,88.7,252.0,0.7
2024-10-27 03:00:00,27.5,0.0,90.5,355.0,0.9
2024-10-27 04:00:00,27.0,0.0,88.8,202.0,0.5
2024-10-27 05:00:00,26.6,0.0,89.6,318.0,0.7
2024-10-27 06:00:00,26.2,0.0,91.9,232.0,0.5
2024-10-27 07:00:00,26.0,0.0,93.2,185.0,0.9
2024-10-27 08:00:00,27.7,0.0,86.3,281.0,1.4
2024-10-27 09:00:00,29.4,0.0,79.8,289.0,3.1
2024-10-27 10:00:00,31.2,0.0,70.9,267.0,5.3
2024-10-27 11:00:00,32.0,0.0,60.7,272.0,5.9
2024-10-27 12:00:00,33.2,0.0,56.3,240.0,4.5
2024-10-27 13:00:00,33.1,0.0,55.0,254.0,6.2
2024-10-27 14:00:00,33.4,0.0,52.6,265.0,5.3
2024-10-27 15:00:00,32.8,0.0,55.9,275.0,5.7
2024-10-27 16:00:00,32.9,0.0,54.5,264.0,7.2
2024-10-27 17:00:00,33.3,0.0,54.9,284.0,4.8
2024-10-27 18:00:00,33.2,0.0,54.0,276.0,3.6
2024-10-27 19:00:00,31.8,0.0,60.5,239.0,2.1
2024-10-27 20:00:00,31.1,0.0,64.6,269.0,1.7
2024-10-27 21:00:00,30.0,0.0,71.6,267.0,2.0
2024-10-27 22:00:00,29.9,0.0,73.8,272.0,1.0
2024-10-27 23:00:00,29.3,0.0,77.7,161.0,1.4
2024-10-28 00:00:00,29.3,0.0,79.7,205.0,0.8
2024-10-28 01:00:00,29.0,0.0,82.3,210.0,0.6
2024-10-28 02:00:00,28.9,0.0,85.0,280.0,1.2
2024-10-28 03:00:00,28.7,0.0,87.1,222.0,1.1
2024-10-28 04:00:00,28.4,0.0,89.1,15.0,0.6
2024-10-28 05:00:00,28.1,0.0,91.0,17.0,0.6
2024-10-28 06:00:00,28.1,0.0,91.1,188.0,0.6
2024-10-28 07:00:00,26.2,0.0,94.8,337.0,1.4
2024-10-28 08:00:00,27.1,0.0,88.6,254.0,2.8
2024-10-28 09:00:00,27.9,0.0,89.3,297.0,3.5
2024-10-28 10:00:00,28.3,0.0,86.5,94.0,1.4
2024-10-28 11:00:00,29.8,0.0,80.0,254.0,3.5
2024-10-28 12:00:00,30.1,0.0,73.8,248.0,3.8
2024-10-28 13:00:00,31.1,0.0,70.0,239.0,4.7
2024-10-28 14:00:00,32.2,0.0,59.1,258.0,5.8
2024-10-28 15:00:00,33.0,0.0,55.9,255.0,6.1
2024-10-28 16:00:00,32.3,0.0,58.2,264.0,5.6
2024-10-28 17:00:00,32.0,0.0,62.7,260.0,5.5
2024-10-28 18:00:00,32.1,0.0,61.0,153.0,2.6
2024-10-28 19:00:00,30.8,0.0,65.7,179.0,3.6
2024-10-28 20:00:00,30.1,0.0,72.7,176.0,3.2
2024-10-28 21:00:00,29.8,0.0,76.8,175.0,2.5
2024-10-28 22:00:00,29.5,0.0,81.2,206.0,0.8
2024-10-28 23:00:00,29.1,0.0,82.5,255.0,0.7
2024-10-29 00:00:00,28.5,0.0,87.0,237.0,0.7
2024-10-29 01:00:00,28.3,0.0,87.9,233.0,1.0
2024-10-29 02:00:00,27.9,0.0,89.1,318.0,1.0
2024-10-29 03:00:00,27.7,0.0,89.6,281.0,0.5
2024-10-29 04:00:00,27.3,0.0,91.7,329.0,0.8
2024-10-29 05:00:00,27.2,0.0,91.9,250.0,0.7
2024-10-29 06:00:00,27.1,0.0,92.5,343.0,1.1
2024-10-29 07:00:00,27.2,0.0,92.6,331.0,0.8
2024-10-29 08:00:00,28.5,0.0,85.4,330.0,1.4
2024-10-29 09:00:00,30.4,0.0,80.7,284.0,3.3
2024-10-29 10:00:00,30.7,0.0,75.3,253.0,5.2
2024-10-29 11:00:00,31.5,0.0,67.5,260.0,5.5
2024-10-29 12:00:00,32.4,0.0,66.6,250.0,4.5
2024-10-29 13:00:00,31.4,0.0,72.2,262.0,7.8
2024-10-29 14:00:00,33.1,0.0,63.6,248.0,5.0
2024-10-29 15:00:00,32.2,0.0,63.1,253.0,5.5
2024-10-29 16:00:00,31.6,0.0,69.2,255.0,3.9
2024-10-29 17:00:00,31.7,0.0,67.6,248.0,3.2
2024-10-29 18:00:00,30.6,0.0,75.3,255.0,5.3
2024-10-29 19:00:00,30.0,0.0,78.6,255.0,4.8
2024-10-29 20:00:00,29.6,0.0,80.0,290.0,1.7
2024-10-29 21:00:00,28.9,0.0,85.1,11.0,1.7
2024-10-29 22:00:00,28.9,0.0,85.9,319.0,1.1
2024-10-29 23:00:00,28.2,0.0,90.7,18.0,1.9
2024-10-30 00:00:00,28.2,0.0,88.3,306.0,1.3
2024-10-30 01:00:00,27.7,0.0,91.1,341.0,0.8
2024-10-30 02:00:00,27.3,0.0,93.3,284.0,1.9
2024-10-30 03:00:00,27.0,0.0,94.6,314.0,0.8
2024-10-30 04:00:00,26.6,0.0,95.3,309.0,0.7
2024-10-30 05:00:00,27.1,0.0,90.9,292.0,1.8
2024-10-30 06:00:00,27.0,0.0,91.7,273.0,2.2
2024-10-30 07:00:00,26.8,0.0,92.3,317.0,2.1
2024-10-30 08:00:00,27.8,0.0,88.4,237.0,1.7
2024-10-30 09:00:00,29.7,0.0,76.4,281.0,2.6
2024-10-30 10:00:00,30.9,0.0,70.2,258.0,3.2
2024-10-30 11:00:00,31.8,0.0,61.4,265.0,5.3
2024-10-30 12:00:00,32.7,0.0,55.1,264.0,4.1
2024-10-30 13:00:00,32.5,0.0,56.3,262.0,6.2
2024-10-30 14:00:00,32.6,0.0,57.0,280.0,4.7
2024-10-30 15:00:00,31.6,0.0,60.3,262.0,5.9
2024-10-30 16:00:00,31.9,0.0,62.3,260.0,4.7
2024-10-30 17:00:00,32.3,0.0,62.8,281.0,3.6
2024-10-30 18:00:00,31.7,0.0,65.0,264.0,4.4
2024-10-30 19:00:00,30.7,0.0,70.0,252.0,3.1
2024-10-30 20:00:00,29.9,0.0,74.2,292.0,2.9
2024-10-30 21:00:00,29.4,0.0,76.9,291.0,2.2
2024-10-30 22:00:00,29.2,0.0,79.2,327.0,1.1
2024-10-30 23:00:00,28.5,0.0,84.1,8.0,0.6
2024-10-31 00:00:00,28.3,0.0,85.8,292.0,0.6
2024-10-31 01:00:00,27.7,0.0,88.9,335.0,1.3
2024-10-31 02:00:00,28.0,0.0,86.3,346.0,1.1
2024-10-31 03:00:00,27.8,0.0,88.5,355.0,1.4
2024-10-31 04:00:00,27.5,0.0,89.8,353.0,1.6
2024-10-31 05:00:00,27.3,0.0,88.5,5.0,1.9
2024-10-31 06:00:00,26.9,0.0,92.4,226.0,0.6
2024-10-31 07:00:00,26.8,0.0,91.4,239.0,2.3
2024-10-31 08:00:00,27.6,0.0,80.9,252.0,3.0
2024-10-31 09:00:00,29.4,0.0,74.2,234.0,2.1
2024-10-31 10:00:00,30.0,0.0,67.8,305.0,4.3
2024-10-31 11:00:00,28.8,0.0,77.8,262.0,3.0
2024-10-31 12:00:00,30.5,0.0,75.2,265.0,3.7
2024-10-31 13:00:00,31.0,0.0,69.0,237.0,5.0
2024-10-31 14:00:00,31.6,0.0,66.2,273.0,4.4
2024-10-31 15:00:00,31.2,0.0,68.8,266.0,3.7
2024-10-31 16:00:00,31.0,0.0,69.6,253.0,4.3
2024-10-31 17:00:00,31.0,0.0,70.7,254.0,3.1
2024-10-31 18:00:00,30.7,0.0,65.2,283.0,3.4
2024-10-31 19:00:00,29.9,0.0,72.5,300.0,1.5
2024-10-31 20:00:00,29.5,0.0,77.8,296.0,0.8
2024-10-31 21:00:00,29.1,0.0,81.3,348.0,0.8
2024-10-31 22:00:00,28.9,0.0,79.9,346.0,1.2
2024-10-31 23:00:00,28.7,0.0,82.7,332.0,0.8
2024-11-01 00:00:00,27.8,0.0,90.0,17.0,1.7
2024-11-01 01:00:00,27.8,0.0,90.0,356.0,2.1
2024-11-01 02:00:00,27.3,0.0,91.9,7.0,1.3
2024-11-01 03:00:00,27.2,0.0,88.8,265.0,3.9
2024-11-01 04:00:00,26.5,0.0,87.1,272.0,6.4
2024-11-01 05:00:00,26.0,0.0,86.5,286.0,3.1
2024-11-01 06:00:00,26.0,0.0,90.8,16.0,2.4
2024-11-01 07:00:00,25.9,0.0,92.8,12.0,1.9
2024-11-01 08:00:00,27.5,0.0,85.3,335.0,2.1
2024-11-01 09:00:00,29.2,0.0,78.2,282.0,4.9
2024-11-01 10:00:00,29.6,0.0,74.4,308.0,5.8
2024-11-01 11:00:00,31.1,0.0,68.8,297.0,6.2
2024-11-01 12:00:00,32.1,0.0,63.4,299.0,3.7
2024-11-01 13:00:00,32.3,0.0,63.3,257.0,5.4
2024-11-01 14:00:00,31.1,0.0,70.6,280.0,4.7
2024-11-01 15:00:00,30.0,0.0,68.8,271.0,5.0
2024-11-01 16:00:00,29.2,0.0,74.8,259.0,1.8
2024-11-01 17:00:00,29.4,0.0,77.8,254.0,2.6
2024-11-01 18:00:00,29.2,0.0,79.5,5.0,1.8
2024-11-01 19:00:00,28.7,0.0,85.1,21.0,2.1
2024-11-01 20:00:00,28.3,0.0,87.6,206.0,0.6
2024-11-01 21:00:00,27.7,0.0,90.5,16.0,1.7
2024-11-01 22:00:00,27.5,0.0,91.8,24.0,2.5
2024-11-01 23:00:00,27.3,0.0,92.8,352.0,1.6
2024-11-02 00:00:00,27.3,0.0,92.5,350.0,1.4
2024-11-02 01:00:00,27.3,0.0,91.5,358.0,1.2
2024-11-02 02:00:00,27.2,0.0,91.4,338.0,1.1
2024-11-02 03:00:00,26.8,0.0,94.3,6.0,2.4
2024-11-02 04:00:00,26.8,0.0,94.3,302.0,0.7
2024-11-02 05:00:00,26.7,0.0,93.7,355.0,1.1
2024-11-02 06:00:00,26.6,0.0,94.8,349.0,1.2
2024-11-02 07:00:00,26.7,0.0,95.9,294.0,0.7
2024-11-02 08:00:00,27.3,0.0,94.4,1.0,1.8
2024-11-02 09:00:00,28.5,0.0,86.1,8.0,2.9
2024-11-02 10:00:00,29.6,0.0,75.9,315.0,3.0
2024-11-02 11:00:00,30.1,0.0,71.0,270.0,7.2
2024-11-02 12:00:00,28.9,0.0,73.0,259.0,6.5
2024-11-02 13:00:00,28.2,0.0,81.2,244.0,6.7
2024-11-02 14:00:00,26.1,0.0,89.0,259.0,3.8
2024-11-02 15:00:00,26.4,0.0,95.1,263.0,2.8
2024-11-02 16:00:00,26.7,0.0,92.8,295.0,2.4
2024-11-02 17:00:00,27.6,0.0,90.1,292.0,2.7
2024-11-02 18:00:00,27.8,0.0,84.5,281.0,3.2
2024-11-02 19:00:00,27.3,0.0,85.1,269.0,2.7
2024-11-02 20:00:00,27.0,0.0,87.9,260.0,2.3
2024-11-02 21:00:00,26.8,0.0,90.9,327.0,0.8
2024-11-02 22:00:00,26.4,0.0,92.6,169.0,0.6
2024-11-02 23:00:00,26.6,0.0,92.8,293.0,0.7
2024-11-03 00:00:00,27.1,0.0,90.0,354.0,1.8
2024-11-03 01:00:00,26.8,0.0,93.1,8.0,1.6
2024-11-03 02:00:00,26.9,0.0,93.5,290.0,1.2
2024-11-03 03:00:00,26.7,0.0,93.8,309.0,0.7
2024-11-03 04:00:00,26.4,0.0,95.3,265.0,0.4
2024-11-03 05:00:00,26.0,0.0,97.0,339.0,1.0
2024-11-03 06:00:00,25.8,0.0,96.0,219.0,0.6
2024-11-03 07:00:00,25.7,0.0,96.2,223.0,0.7
2024-11-03 08:00:00,28.0,0.0,85.4,223.0,1.3
2024-11-03 09:00:00,29.3,0.0,79.5,277.0,2.3
2024-11-03 10:00:00,30.3,0.0,72.2,265.0,4.6
2024-11-03 11:00:00,31.1,0.0,66.5,273.0,4.5
2024-11-03 12:00:00,32.2,0.0,61.6,283.0,3.3
2024-11-03 13:00:00,33.1,0.0,59.4,251.0,4.3
2024-11-03 14:00:00,31.9,0.0,53.6,261.0,4.4
2024-11-03 15:00:00,31.1,0.0,61.0,253.0,3.4
2024-11-03 16:00:00,30.5,0.0,70.3,342.0,2.0
2024-11-03 17:00:00,29.7,0.0,74.6,41.0,4.8
2024-11-03 18:00:00,28.4,0.0,81.4,30.0,4.2
2024-11-03 19:00:00,27.5,0.0,82.4,16.0,2.5
2024-11-03 20:00:00,27.0,0.0,85.5,17.0,1.7
2024-11-03 21:00:00,27.2,0.0,84.2,21.0,1.5
2024-11-03 22:00:00,27.1,0.0,86.2,22.0,1.9
2024-11-03 23:00:00,27.2,0.0,86.2,249.0,0.5
2024-11-04 00:00:00,26.8,0.0,90.9,27.0,2.1
2024-11-04 01:00:00,27.1,0.0,88.4,357.0,1.0
2024-11-04 02:00:00,26.8,0.0,89.6,340.0,1.0
2024-11-04 03:00:00,26.4,0.0,94.4,1.0,1.6
2024-11-04 04:00:00,26.2,0.0,91.6,346.0,1.6
2024-11-04 05:00:00,25.9,0.0,93.2,23.0,1.8
2024-11-04 06:00:00,26.1,0.0,93.5,252.0,0.8
2024-11-04 07:00:00,25.7,0.0,90.8,273.0,3.8
2024-11-04 08:00:00,23.8,2.0,99.3,262.0,4.0
2024-11-04 09:00:00,24.4,0.0,99.3,307.0,2.1
2024-11-04 10:00:00,24.4,0.0,99.3,355.0,2.2
2024-11-04 11:00:00,24.6,0.0,99.1,290.0,1.0
2024-11-04 12:00:00,25.7,0.0,93.7,311.0,1.6
2024-11-04 13:00:00,27.3,0.0,88.1,336.0,1.2
2024-11-04 14:00:00,28.9,0.0,81.6,329.0,1.3
2024-11-04 15:00:00,29.0,0.0,80.4,183.0,2.0
2024-11-04 16:00:00,30.3,0.0,70.1,267.0,2.2
2024-11-04 17:00:00,29.5,0.0,69.1,250.0,3.5
2024-11-04 18:00:00,28.7,0.0,75.7,247.0,2.8
2024-11-04 19:00:00,28.0,0.0,80.5,290.0,1.3
2024-11-04 20:00:00,27.6,0.0,82.7,238.0,1.3
2024-11-04 21:00:00,27.3,0.0,86.0,280.0,0.6
2024-11-04 22:00:00,26.6,0.0,90.0,17.0,1.6
2024-11-04 23:00:00,26.4,0.0,93.1,21.0,1.8
2024-11-05 00:00:00,26.5,0.0,93.0,359.0,1.2
2024-11-05 01:00:00,26.3,0.0,93.2,2.0,1.4
2024-11-05 02:00:00,26.1,0.0,96.0,350.0,1.2
2024-11-05 03:00:00,25.9,0.0,97.4,353.0,1.2
2024-11-05 04:00:00,25.4,0.0,98.0,219.0,0.5
2024-11-05 05:00:00,25.6,0.0,98.3,3.0,1.3
2024-11-05 06:00:00,25.5,0.0,99.0,11.0,1.7
2024-11-05 07:00:00,25.4,0.0,99.3,3.0,1.0
2024-11-05 08:00:00,26.6,0.0,94.8,333.0,1.6
2024-11-05 09:00:00,29.0,0.0,80.3,320.0,1.1
2024-11-05 10:00:00,30.8,0.0,70.0,250.0,1.3
2024-11-05 11:00:00,30.4,0.0,70.3,204.0,2.4
2024-11-05 12:00:00,27.4,0.0,89.0,2.0,3.4
2024-11-05 13:00:00,30.3,0.0,76.5,336.0,2.0
2024-11-05 14:00:00,31.9,0.0,65.3,208.0,3.7
2024-11-05 15:00:00,30.5,0.0,70.5,167.0,3.9
2024-11-05 16:00:00,30.4,0.0,70.6,171.0,3.7
2024-11-05 17:00:00,29.8,0.0,72.0,170.0,4.3
2024-11-05 18:00:00,29.6,0.0,71.8,178.0,3.4
2024-11-05 19:00:00,29.6,0.0,71.8,178.0,3.4
2024-11-05 20:00:00,29.6,0.0,71.8,178.0,3.4
2024-11-05 21:00:00,29.6,0.0,71.8,178.0,3.4
2024-11-05 22:00:00,29.6,0.0,71.8,178.0,3.4
2024-11-05 23:00:00,29.6,0.0,71.8,178.0,3.4
2024-11-06 00:00:00,29.6,0.0,71.8,178.0,3.4
2024-11-06 01:00:00,29.6,0.0,71.8,178.0,3.4
2024-11-06 02:00:00,29.6,0.0,71.8,178.0,3.4
2024-11-06 03:00:00,29.6,0.0,71.8,178.0,3.4
2024-11-06 04:00:00,29.6,0.0,71.8,178.0,3.4
2024-11-06 05:00:00,29.6,0.0,71.8,178.0,3.4
2024-11-06 06:00:00,29.6,0.0,71.8,178.0,3.4
2024-11-06 07:00:00,29.6,0.0,71.8,178.0,3.4
2024-11-06 08:00:00,28.26666666666667,0.0,80.36666666666666,205.33333333333334,3.033333333333333
2024-11-06 09:00:00,26.933333333333334,0.0,88.93333333333334,232.66666666666669,2.6666666666666665
2024-11-06 10:00:00,25.6,0.0,97.5,260.0,2.3
2024-11-06 11:00:00,28.0,0.0,79.2,273.0,3.6
2024-11-06 12:00:00,28.7,0.0,74.8,310.0,3.5
2024-11-06 13:00:00,28.8,0.0,74.3,313.0,3.8
2024-11-06 14:00:00,29.9,0.0,71.8,277.0,2.7
2024-11-06 15:00:00,31.4,0.0,66.0,273.0,2.6
2024-11-06 16:00:00,31.0,0.0,65.8,240.0,2.6
2024-11-06 17:00:00,30.3,0.0,69.1,252.0,4.3
2024-11-06 18:00:00,30.2,0.0,70.8,273.0,2.7
2024-11-06 19:00:00,30.2,0.0,70.8,254.0,2.8
2024-11-06 20:00:00,30.2,0.0,70.8,328.0,0.8
2024-11-06 21:00:00,30.2,0.0,70.8,345.0,2.3
2024-11-06 22:00:00,30.2,0.0,70.8,24.0,3.2
2024-11-06 23:00:00,30.2,0.0,70.8,32.0,2.9
2024-11-07 00:00:00,30.2,0.0,70.8,27.0,2.1
2024-11-07 01:00:00,30.2,0.0,70.8,350.0,2.1
2024-11-07 02:00:00,30.2,0.0,70.8,13.0,1.9
2024-11-07 03:00:00,30.2,0.0,70.8,353.0,1.1
2024-11-07 04:00:00,30.2,0.0,70.8,351.0,1.9
2024-11-07 05:00:00,30.2,0.0,70.8,4.0,1.9
2024-11-07 06:00:00,30.2,0.0,70.8,9.0,1.9
2024-11-07 07:00:00,25.5,0.0,94.9,356.0,1.3
2024-11-07 08:00:00,25.6,0.0,94.6,259.0,1.5
2024-11-07 09:00:00,25.6,0.0,94.6,316.0,1.7
2024-11-07 10:00:00,25.6,0.0,94.6,283.0,2.3
2024-11-07 11:00:00,25.6,0.0,94.6,246.0,4.7
2024-11-07 12:00:00,25.6,0.0,94.6,268.0,4.0
2024-11-07 13:00:00,25.6,0.0,94.6,236.0,3.7
2024-11-07 14:00:00,25.6,0.0,94.6,258.0,4.2
2024-11-07 15:00:00,30.2,0.0,71.9,255.0,5.2
2024-11-07 16:00:00,30.0,0.0,73.5,266.0,4.4
2024-11-07 17:00:00,28.0,0.0,81.7,28.0,2.3
2024-11-07 18:00:00,26.8,0.0,89.9,17.0,3.2
2024-11-07 19:00:00,27.2,0.0,84.3,359.0,1.5
2024-11-07 20:00:00,27.0,0.0,87.8,351.0,1.8
2024-11-07 21:00:00,26.8,0.0,91.5,354.0,1.6
2024-11-07 22:00:00,26.8,0.0,89.2,331.0,1.0
2024-11-07 23:00:00,26.6,0.0,88.9,324.0,1.1
2024-11-08 00:00:00,26.4,0.0,93.5,13.0,1.7
2024-11-08 01:00:00,26.4,0.0,92.7,352.0,2.0
2024-11-08 02:00:00,26.3,0.0,95.5,356.0,1.7
2024-11-08 03:00:00,26.2,0.0,94.9,12.0,1.4
2024-11-08 04:00:00,26.2,0.0,93.8,332.0,1.5
2024-11-08 05:00:00,26.0,0.0,96.9,3.0,1.1
2024-11-08 06:00:00,25.8,0.0,98.3,357.0,1.3
2024-11-08 07:00:00,25.1,0.0,98.7,279.0,4.3
2024-11-08 08:00:00,23.5,0.4,99.3,246.0,1.9
2024-11-08 09:00:00,23.9,0.0,99.3,161.0,2.1
2024-11-08 10:00:00,25.3,0.0,99.3,342.0,1.7
2024-11-08 11:00:00,28.4,0.0,73.8,307.0,3.9
2024-11-08 12:00:00,29.4,0.0,72.6,296.0,4.5
2024-11-08 13:00:00,31.0,0.0,65.1,256.0,3.7
2024-11-08 14:00:00,31.4,0.0,60.8,249.0,3.7
2024-11-08 15:00:00,31.0,0.0,63.9,262.0,3.6
2024-11-08 16:00:00,31.0,0.0,63.2,241.0,4.3
2024-11-08 17:00:00,31.3,0.0,60.0,260.0,5.1
2024-11-08 18:00:00,30.5,0.0,62.2,245.0,4.0
2024-11-08 19:00:00,29.5,0.0,64.9,253.0,2.6
2024-11-08 20:00:00,28.7,0.0,72.2,291.0,2.1
2024-11-08 21:00:00,28.2,0.0,75.6,269.0,1.5
2024-11-08 22:00:00,27.6,0.0,83.0,297.0,0.3
2024-11-08 23:00:00,26.9,0.0,87.6,286.0,0.8
2024-11-09 00:00:00,26.9,0.0,87.7,237.0,0.5
2024-11-09 01:00:00,26.4,0.0,91.1,359.0,0.6
2024-11-09 02:00:00,26.5,0.0,90.5,344.0,1.0
2024-11-09 03:00:00,26.0,0.0,93.9,33.0,0.9
2024-11-09 04:00:00,26.1,0.0,96.1,5.0,1.2
2024-11-09 05:00:00,25.7,0.0,96.5,190.0,0.9
2024-11-09 06:00:00,25.9,0.0,95.7,6.0,1.5
2024-11-09 07:00:00,25.7,0.0,97.4,350.0,1.5
2024-11-09 08:00:00,26.8,0.0,91.1,354.0,1.8
2024-11-09 09:00:00,27.5,0.0,88.0,31.0,2.7
2024-11-09 10:00:00,30.4,0.0,74.8,2.0,2.1
2024-11-09 11:00:00,30.4,0.0,74.1,334.0,3.0
2024-11-09 12:00:00,30.5,0.0,72.1,254.0,2.5
2024-11-09 13:00:00,30.2,0.0,71.7,177.0,1.9
2024-11-09 14:00:00,25.6,1.2,99.3,84.0,4.9
2024-11-09 15:00:00,26.2,0.0,99.3,22.0,2.6
2024-11-09 16:00:00,25.8,0.0,99.3,12.0,2.4
2024-11-09 17:00:00,26.4,0.0,99.3,287.0,1.3
2024-11-09 18:00:00,27.2,0.0,99.2,337.0,1.2
2024-11-09 19:00:00,27.1,0.0,98.0,355.0,0.8
2024-11-09 20:00:00,26.8,0.0,99.3,3.0,1.2
2024-11-09 21:00:00,26.8,0.0,99.3,250.0,0.6
2024-11-09 22:00:00,26.8,0.0,98.8,338.0,1.8
2024-11-09 23:00:00,26.2,0.0,98.8,352.0,1.6
2024-11-10 00:00:00,26.2,0.0,98.2,222.0,0.4
2024-11-10 01:00:00,25.9,0.0,99.3,354.0,1.2
2024-11-10 02:00:00,26.1,0.0,99.3,332.0,1.1
2024-11-10 03:00:00,25.9,0.0,99.3,322.0,1.2
2024-11-10 04:00:00,25.9,0.0,99.3,326.0,1.4
2024-11-10 05:00:00,25.7,0.0,99.3,262.0,0.5
2024-11-10 06:00:00,24.8,0.0,99.3,316.0,2.2
2024-11-10 07:00:00,24.7,0.0,99.3,263.0,3.7
2024-11-10 08:00:00,25.2,0.2,96.2,286.0,3.1
2024-11-10 09:00:00,24.8,0.2,98.7,318.0,1.0
2024-11-10 10:00:00,25.7,0.0,99.3,315.0,1.3
2024-11-10 11:00:00,28.0,0.0,84.6,279.0,5.4
2024-11-10 12:00:00,29.2,0.0,76.2,288.0,4.3
2024-11-10 13:00:00,30.2,0.0,70.9,285.0,4.0
2024-11-10 14:00:00,32.7,0.0,59.7,250.0,3.8
2024-11-10 15:00:00,31.5,0.0,65.0,258.0,4.6
2024-11-10 16:00:00,32.0,0.0,65.9,261.0,4.8
2024-11-10 17:00:00,31.6,0.0,70.6,259.0,3.8
2024-11-10 18:00:00,29.7,0.0,74.0,342.0,4.5
2024-11-10 19:00:00,25.5,0.6,99.3,37.0,4.0
2024-11-10 20:00:00,25.5,0.0,99.3,33.0,3.0
2024-11-10 21:00:00,25.5,0.0,98.6,9.0,1.9
2024-11-10 22:00:00,25.8,0.0,98.9,23.0,2.4
2024-11-10 23:00:00,25.8,0.0,98.1,359.0,1.6
2024-11-11 00:00:00,26.0,0.0,95.6,6.0,1.6
2024-11-11 01:00:00,25.9,0.0,95.4,343.0,1.1
2024-11-11 02:00:00,25.8,0.0,97.5,342.0,1.0
2024-11-11 03:00:00,25.8,0.0,98.4,168.0,0.9
2024-11-11 04:00:00,25.8,0.0,97.7,6.0,1.7
2024-11-11 05:00:00,25.6,0.0,99.2,343.0,1.4
2024-11-11 06:00:00,25.4,0.0,97.9,345.0,1.4
2024-11-11 07:00:00,25.4,0.0,98.7,354.0,1.3
2024-11-11 08:00:00,26.8,0.0,92.7,9.0,1.8
2024-11-11 09:00:00,30.1,0.0,79.2,130.0,1.4
2024-11-11 10:00:00,30.9,0.0,72.3,184.0,1.9
2024-11-11 11:00:00,30.9,0.0,70.9,247.0,2.3
2024-11-11 12:00:00,29.7,0.0,78.6,298.0,3.8
2024-11-11 13:00:00,27.1,0.0,85.4,293.0,5.2
2024-11-11 14:00:00,29.9,0.0,79.2,289.0,3.8
2024-11-11 15:00:00,26.9,0.0,89.3,14.0,3.3
2024-11-11 16:00:00,27.3,0.0,88.3,19.0,2.5
2024-11-11 17:00:00,27.4,0.0,88.0,3.0,2.2
2024-11-11 18:00:00,26.7,0.0,91.4,25.0,3.7
2024-11-11 19:00:00,26.6,0.0,89.2,7.0,2.2
2024-11-11 20:00:00,26.6,0.0,90.6,32.0,3.1
2024-11-11 21:00:00,26.3,0.0,92.3,357.0,1.8
2024-11-11 22:00:00,26.0,0.0,93.5,352.0,1.8
2024-11-11 23:00:00,25.7,0.0,94.9,355.0,1.7
2024-11-12 00:00:00,25.6,0.0,97.1,8.0,1.5
2024-11-12 01:00:00,25.6,0.0,96.1,308.0,0.7
2024-11-12 02:00:00,25.4,0.0,97.5,8.0,1.6
2024-11-12 03:00:00,25.3,0.0,98.2,348.0,1.2
2024-11-12 04:00:00,25.2,0.0,99.0,348.0,1.1
2024-11-12 05:00:00,25.0,0.0,99.2,336.0,1.5
2024-11-12 06:00:00,24.9,0.0,98.4,5.0,1.2
2024-11-12 07:00:00,24.9,0.0,99.0,253.0,0.8
2024-11-12 08:00:00,26.1,0.0,95.6,279.0,2.2
2024-11-12 09:00:00,27.7,0.0,88.3,273.0,4.8
2024-11-12 10:00:00,27.1,0.0,91.2,260.0,6.3
2024-11-12 11:00:00,27.1,0.0,95.4,232.0,2.5
2024-11-12 12:00:00,29.8,0.0,76.3,269.0,2.6
2024-11-12 13:00:00,31.5,0.0,67.2,303.0,3.0
2024-11-12 14:00:00,32.6,0.0,61.8,269.0,4.2
2024-11-12 15:00:00,32.8,0.0,63.6,253.0,3.9
2024-11-12 16:00:00,31.5,0.0,63.7,255.0,7.9
2024-11-12 17:00:00,30.1,0.0,72.3,258.0,3.9
2024-11-12 18:00:00,30.2,0.0,73.9,276.0,1.8
2024-11-12 19:00:00,29.3,0.0,75.2,271.0,2.1
2024-11-12 20:00:00,28.8,0.0,80.1,224.0,0.9
2024-11-12 21:00:00,28.0,0.0,89.3,349.0,1.2
2024-11-12 22:00:00,27.6,0.0,91.2,354.0,1.6
2024-11-12 23:00:00,27.2,0.0,95.1,349.0,1.4
2024-11-13 00:00:00,27.0,0.0,94.4,338.0,1.9
2024-11-13 01:00:00,26.3,0.0,98.0,349.0,1.3
2024-11-13 02:00:00,26.0,0.0,97.3,8.0,1.9
2024-11-13 03:00:00,25.8,0.0,98.5,2.0,1.4
2024-11-13 04:00:00,25.6,0.0,98.5,3.0,1.4
2024-11-13 05:00:00,25.5,0.0,99.0,354.0,1.5
2024-11-13 06:00:00,25.7,0.0,95.8,358.0,2.0
2024-11-13 07:00:00,25.6,0.0,95.5,339.0,1.1
2024-11-13 08:00:00,26.8,0.0,89.4,343.0,1.2
2024-11-13 09:00:00,28.7,0.0,80.2,344.0,1.7
2024-11-13 10:00:00,30.3,0.0,74.8,322.0,2.2
2024-11-13 11:00:00,30.5,0.0,71.9,267.0,2.3
2024-11-13 12:00:00,27.3,0.2,91.7,268.0,3.4
2024-11-13 13:00:00,26.6,0.2,98.7,4.0,3.0
2024-11-13 14:00:00,27.0,0.0,97.7,8.0,2.3
2024-11-13 15:00:00,26.9,0.0,98.1,105.0,3.4
2024-11-13 16:00:00,27.3,0.0,97.3,63.0,0.9
2024-11-13 17:00:00,26.8,0.0,95.7,343.0,2.7
2024-11-13 18:00:00,26.7,0.0,88.2,346.0,2.1
2024-11-13 19:00:00,26.3,0.0,90.2,1.0,1.6
2024-11-13 20:00:00,25.9,0.0,92.8,287.0,1.1
2024-11-13 21:00:00,25.6,0.0,95.1,12.0,1.7
2024-11-13 22:00:00,25.7,0.0,93.7,324.0,1.8
2024-11-13 23:00:00,25.4,0.0,94.2,344.0,1.6
2024-11-14 00:00:00,25.2,0.0,96.5,289.0,0.6
2024-11-14 01:00:00,24.7,0.0,99.1,274.0,1.0
2024-11-14 02:00:00,24.8,0.0,98.4,233.0,0.5
2024-11-14 03:00:00,24.7,0.0,99.3,306.0,0.8
2024-11-14 04:00:00,24.7,0.0,98.8,2.0,1.1
2024-11-14 05:00:00,24.7,0.0,99.3,357.0,1.5
2024-11-14 06:00:00,24.5,0.0,99.3,5.0,1.6
2024-11-14 07:00:00,24.6,0.0,98.0,6.0,1.4
2024-11-14 08:00:00,25.5,0.0,98.5,24.0,2.9
2024-11-14 09:00:00,27.8,0.0,86.0,357.0,2.4
2024-11-14 10:00:00,29.9,0.0,74.5,342.0,2.7
2024-11-14 11:00:00,31.1,0.0,67.0,11.0,2.9
2024-11-14 12:00:00,31.6,0.0,62.4,336.0,3.8
2024-11-14 13:00:00,32.0,0.0,59.9,317.0,1.9
2024-11-14 14:00:00,29.3,0.2,79.5,165.0,4.6
2024-11-14 15:00:00,25.8,0.0,99.0,28.0,6.3
2024-11-14 16:00:00,26.1,0.0,94.6,274.0,3.5
2024-11-14 17:00:00,27.0,0.0,87.3,258.0,2.1
2024-11-14 18:00:00,29.3,0.0,75.6,238.0,1.4
2024-11-14 19:00:00,26.7,0.0,93.4,5.0,3.0
2024-11-14 20:00:00,26.6,0.0,94.9,329.0,1.9
2024-11-14 21:00:00,26.4,0.0,96.4,212.0,0.7
2024-11-14 22:00:00,26.3,0.0,97.2,299.0,1.1
2024-11-14 23:00:00,26.2,0.0,97.2,329.0,0.9
2024-11-15 00:00:00,26.1,0.0,99.3,339.0,1.1
2024-11-15 01:00:00,26.0,0.0,99.3,355.0,1.0
2024-11-15 02:00:00,25.7,0.0,98.7,351.0,1.6
2024-11-15 03:00:00,25.5,0.0,99.2,1.0,1.4
2024-11-15 04:00:00,25.4,0.0,99.2,345.0,1.4
2024-11-15 05:00:00,25.0,0.0,99.3,183.0,0.9
2024-11-15 06:00:00,25.2,0.0,98.9,336.0,0.9
2024-11-15 07:00:00,25.2,0.0,99.1,17.0,1.6
2024-11-15 08:00:00,27.4,0.0,88.3,335.0,1.2
2024-11-15 09:00:00,29.2,0.0,80.9,348.0,1.7
2024-11-15 10:00:00,30.2,0.0,76.6,272.0,2.7
2024-11-15 11:00:00,31.2,0.0,64.8,318.0,2.9
2024-11-15 12:00:00,31.8,0.0,62.3,331.0,1.4
2024-11-15 13:00:00,32.5,0.0,55.9,257.0,2.5
2024-11-15 14:00:00,32.1,0.0,65.7,253.0,4.2
2024-11-15 15:00:00,29.6,0.0,86.1,144.0,1.7
2024-11-15 16:00:00,28.5,0.0,91.4,356.0,2.7
2024-11-15 17:00:00,26.1,0.8,99.3,340.0,2.4
2024-11-15 18:00:00,26.3,0.0,99.3,24.0,3.2
2024-11-15 19:00:00,26.2,0.0,98.5,2.0,1.9
2024-11-15 20:00:00,26.2,0.0,98.5,348.0,1.9
2024-11-15 21:00:00,26.2,0.0,97.5,347.0,2.1
2024-11-15 22:00:00,26.1,0.0,98.7,12.0,2.2
2024-11-15 23:00:00,25.6,0.0,98.2,350.0,2.0
2024-11-16 00:00:00,25.5,0.0,97.9,356.0,1.3
2024-11-16 01:00:00,25.4,0.0,96.6,351.0,1.0
2024-11-16 02:00:00,25.2,0.0,99.3,359.0,1.9
2024-11-16 03:00:00,25.1,0.0,98.0,352.0,1.9
2024-11-16 04:00:00,25.0,0.0,97.6,5.0,1.8
2024-11-16 05:00:00,25.1,0.0,95.2,352.0,1.5
2024-11-16 06:00:00,24.9,0.0,98.0,336.0,0.5
2024-11-16 07:00:00,25.0,0.0,96.9,6.0,1.5
2024-11-16 08:00:00,26.4,0.0,87.1,311.0,0.9
2024-11-16 09:00:00,28.3,0.0,83.5,338.0,1.9
2024-11-16 10:00:00,29.6,0.0,76.8,19.0,2.4
2024-11-16 11:00:00,31.9,0.0,62.2,324.0,2.2
2024-11-16 12:00:00,31.9,0.0,60.8,308.0,3.3
2024-11-16 13:00:00,32.4,0.0,60.3,312.0,2.3
2024-11-16 14:00:00,30.0,0.0,73.3,178.0,5.4
2024-11-16 15:00:00,23.9,6.4,99.3,17.0,8.60001
2024-11-16 16:00:00,23.8,0.4,99.4,143.0,1.9
2024-11-16 17:00:00,24.0,0.2,99.4,144.0,2.0
2024-11-16 18:00:00,24.7,0.0,99.4,12.0,1.7
2024-11-16 19:00:00,24.8,0.0,99.3,332.0,1.3
2024-11-16 20:00:00,25.0,0.0,99.3,330.0,0.9
2024-11-16 21:00:00,24.9,0.0,99.3,350.0,1.7
2024-11-16 22:00:00,25.1,0.0,99.3,24.0,2.2
2024-11-16 23:00:00,25.2,0.0,99.3,340.0,1.3
2024-11-17 00:00:00,25.2,0.0,99.3,8.0,1.6
2024-11-17 01:00:00,25.1,0.0,99.3,9.0,1.3
2024-11-17 02:00:00,25.0,0.0,99.3,24.0,2.3
2024-11-17 03:00:00,24.9,0.0,99.3,317.0,1.2
2024-11-17 04:00:00,24.9,0.0,99.3,335.0,1.5
2024-11-17 05:00:00,24.7,0.0,99.3,24.0,1.9
2024-11-17 06:00:00,24.7,0.0,99.3,12.0,1.6
2024-11-17 07:00:00,24.6,0.0,99.3,11.0,1.9
2024-11-17 08:00:00,25.3,0.0,99.3,24.0,2.6
2024-11-17 09:00:00,27.2,0.0,91.0,335.0,1.7
2024-11-17 10:00:00,29.3,0.0,77.6,347.0,2.7
2024-11-17 11:00:00,29.9,0.0,73.9,331.0,3.8
2024-11-17 12:00:00,30.6,0.0,71.5,257.0,3.0
2024-11-17 13:00:00,31.4,0.0,67.5,239.0,3.5
2024-11-17 14:00:00,25.1,0.4,99.3,235.0,1.4
2024-11-17 15:00:00,24.9,0.2,99.3,258.0,2.7
2024-11-17 16:00:00,25.2,0.0,99.3,355.0,2.5
2024-11-17 17:00:00,25.9,0.0,99.3,8.0,3.0
2024-11-17 18:00:00,26.1,0.0,95.7,23.0,3.4
2024-11-17 19:00:00,25.5,0.0,93.9,7.0,2.0
2024-11-17 20:00:00,25.3,0.0,95.4,11.0,1.7
2024-11-17 21:00:00,25.1,0.0,96.2,352.0,2.2
2024-11-17 22:00:00,25.2,0.0,99.3,30.0,3.0
2024-11-17 23:00:00,25.3,0.0,98.4,350.0,1.6
2024-11-18 00:00:00,25.2,0.0,98.5,323.0,1.2
2024-11-18 01:00:00,25.0,0.0,99.3,320.0,2.0
2024-11-18 02:00:00,24.9,0.0,99.3,354.0,1.2
2024-11-18 03:00:00,24.9,0.0,99.3,355.0,1.3
2024-11-18 04:00:00,24.8,0.0,99.3,21.0,1.9
2024-11-18 05:00:00,24.7,0.0,99.3,339.0,1.5
2024-11-18 06:00:00,24.8,0.0,99.3,340.0,2.4
2024-11-18 07:00:00,24.7,0.0,99.3,350.0,1.3
2024-11-18 08:00:00,25.5,0.0,98.8,329.0,1.5
2024-11-18 09:00:00,27.3,0.0,89.2,15.0,3.2
2024-11-18 10:00:00,28.0,0.0,88.2,27.0,3.4
2024-11-18 11:00:00,29.1,0.0,80.5,31.0,4.8
2024-11-18 12:00:00,30.1,0.0,76.1,349.0,2.9
2024-11-18 13:00:00,29.4,0.0,81.0,340.0,2.6
2024-11-18 14:00:00,26.0,0.0,95.8,332.0,2.7
2024-11-18 15:00:00,24.4,3.0,99.3,47.0,7.0
2024-11-18 16:00:00,25.8,0.0,99.3,32.0,2.3
2024-11-18 17:00:00,26.6,0.0,93.6,21.0,2.5
2024-11-18 18:00:00,26.4,0.0,93.0,37.0,3.5
2024-11-18 19:00:00,26.4,0.0,94.8,26.0,3.0
2024-11-18 20:00:00,25.9,0.0,98.6,32.0,3.3
2024-11-18 21:00:00,25.9,0.0,96.7,37.0,5.8
2024-11-18 22:00:00,25.8,0.0,96.7,36.0,4.2
2024-11-18 23:00:00,25.5,0.0,97.2,350.0,1.4
2024-11-19 00:00:00,25.4,0.0,97.5,336.0,1.3
2024-11-19 01:00:00,25.2,0.0,98.8,351.0,1.1
2024-11-19 02:00:00,25.1,0.0,99.3,352.0,1.3
2024-11-19 03:00:00,24.9,0.0,99.3,319.0,1.1
2024-11-19 04:00:00,24.7,0.0,99.3,337.0,1.2
2024-11-19 05:00:00,24.5,0.0,99.3,337.0,1.4
2024-11-19 06:00:00,24.6,0.0,99.3,304.0,0.7
2024-11-19 07:00:00,24.7,0.2,99.3,335.0,1.2
2024-11-19 08:00:00,25.0,0.0,99.3,343.0,1.9
2024-11-19 09:00:00,25.2,0.0,99.3,8.0,1.5
2024-11-19 10:00:00,25.9,0.0,99.3,13.0,2.4
2024-11-19 11:00:00,27.4,0.0,92.7,25.0,2.8
2024-11-19 12:00:00,28.3,0.0,89.3,49.0,2.6
2024-11-19 13:00:00,27.5,0.0,87.7,31.0,5.1
2024-11-19 14:00:00,28.7,0.0,82.8,19.0,2.8
2024-11-19 15:00:00,28.2,0.0,85.1,22.0,3.5
2024-11-19 16:00:00,29.2,0.0,78.8,18.0,3.7
2024-11-19 17:00:00,26.3,0.6,99.3,50.0,3.2
2024-11-19 18:00:00,25.9,0.0,99.1,25.0,3.0
2024-11-19 19:00:00,25.6,0.0,99.2,343.0,1.5
2024-11-19 20:00:00,25.8,0.0,98.4,322.0,1.1
2024-11-19 21:00:00,25.7,0.0,99.3,5.0,1.9
2024-11-19 22:00:00,25.8,0.0,99.3,357.0,1.8
2024-11-19 23:00:00,25.8,0.0,99.3,344.0,1.5
2024-11-20 00:00:00,25.6,0.0,99.3,4.0,1.8
2024-11-20 01:00:00,25.4,0.0,99.3,338.0,2.0
2024-11-20 02:00:00,25.4,0.0,99.3,300.0,1.4
2024-11-20 03:00:00,25.0,0.0,99.3,351.0,1.7
2024-11-20 04:00:00,24.9,0.0,99.3,326.0,0.7
2024-11-20 05:00:00,24.8,0.0,99.3,348.0,2.1
2024-11-20 06:00:00,24.8,0.0,99.3,13.0,1.6
2024-11-20 07:00:00,24.7,0.0,99.3,338.0,1.2
2024-11-20 08:00:00,24.8,0.0,99.3,359.0,1.4
2024-11-20 09:00:00,25.1,0.0,99.3,349.0,1.7
2024-11-20 10:00:00,25.9,0.0,99.0,22.0,3.1
2024-11-20 11:00:00,26.7,0.0,94.4,29.0,4.2
2024-11-20 12:00:00,27.5,0.0,90.3,4.0,2.4
2024-11-20 13:00:00,28.1,0.0,88.1,15.0,3.3
2024-11-20 14:00:00,28.2,0.0,84.1,24.0,4.8
2024-11-20 15:00:00,27.9,0.0,82.8,33.0,5.5
2024-11-20 16:00:00,27.6,0.0,84.4,27.0,4.6
2024-11-20 17:00:00,27.8,0.0,86.5,27.0,4.2
2024-11-20 18:00:00,27.3,0.0,87.4,35.0,5.2
2024-11-20 19:00:00,27.0,0.0,90.1,37.0,3.8
2024-11-20 20:00:00,26.2,0.0,93.5,356.0,1.3
2024-11-20 21:00:00,25.9,0.0,95.4,347.0,2.0
2024-11-20 22:00:00,25.7,0.0,96.5,350.0,1.8
2024-11-20 23:00:00,25.7,0.0,97.3,358.0,1.9
2024-11-21 00:00:00,25.4,0.0,99.3,2.0,1.2
2024-11-21 01:00:00,25.4,0.0,99.3,8.0,1.8
2024-11-21 02:00:00,25.4,0.0,99.1,348.0,1.2
2024-11-21 03:00:00,25.2,0.0,99.3,358.0,1.4
2024-11-21 04:00:00,25.0,0.0,99.3,10.0,1.5
2024-11-21 05:00:00,25.0,0.0,99.3,340.0,1.3
2024-11-21 06:00:00,24.8,0.0,99.3,314.0,1.5
2024-11-21 07:00:00,24.7,0.0,99.3,185.0,0.5
2024-11-21 08:00:00,25.5,0.0,99.3,322.0,2.4
2024-11-21 09:00:00,27.0,0.0,92.2,348.0,2.3
2024-11-21 10:00:00,30.1,0.0,80.3,22.0,2.1
2024-11-21 11:00:00,30.8,0.0,68.7,4.0,2.5
2024-11-21 12:00:00,32.1,0.0,61.2,14.0,1.7
2024-11-21 13:00:00,31.9,0.0,61.1,338.0,2.5
2024-11-21 14:00:00,30.3,0.0,73.3,171.0,3.4
2024-11-21 15:00:00,30.3,0.0,78.1,158.0,2.7
2024-11-21 16:00:00,27.3,0.0,93.6,241.0,3.3
2024-11-21 17:00:00,24.9,0.0,99.3,313.0,5.1
2024-11-21 18:00:00,25.0,0.0,99.3,21.0,4.5
2024-11-21 19:00:00,24.6,0.0,99.3,314.0,1.5
2024-11-21 20:00:00,25.0,0.0,99.3,302.0,0.7
2024-11-21 21:00:00,25.0,0.0,99.3,23.0,2.2
2024-11-21 22:00:00,25.1,0.0,99.3,344.0,1.3
2024-11-21 23:00:00,25.3,0.0,99.3,16.0,2.1
2024-11-22 00:00:00,25.2,0.0,99.3,328.0,0.6
2024-11-22 01:00:00,25.0,0.0,99.3,7.0,1.6
2024-11-22 02:00:00,25.0,0.0,99.3,346.0,1.2
2024-11-22 03:00:00,25.0,0.0,99.3,25.0,2.1
2024-11-22 04:00:00,24.9,0.0,99.3,347.0,1.0
2024-11-22 05:00:00,24.8,0.0,99.3,4.0,1.5
2024-11-22 06:00:00,24.8,0.0,99.3,19.0,1.9
2024-11-22 07:00:00,24.7,0.0,99.3,351.0,1.2
2024-11-22 08:00:00,25.4,0.0,99.3,337.0,1.1
2024-11-22 09:00:00,26.7,0.0,95.6,351.0,2.7
2024-11-22 10:00:00,28.0,0.0,87.6,342.0,2.9
2024-11-22 11:00:00,29.1,0.0,80.1,326.0,3.2
2024-11-22 12:00:00,30.6,0.0,69.8,352.0,4.0
2024-11-22 13:00:00,31.3,0.0,65.7,304.0,2.4
2024-11-22 14:00:00,32.4,0.0,60.6,288.0,3.5
2024-11-22 15:00:00,32.1,0.0,67.0,259.0,5.5
2024-11-22 16:00:00,25.7,0.6,99.4,87.0,4.9
2024-11-22 17:00:00,24.6,0.6,99.4,158.0,2.2
2024-11-22 18:00:00,25.2,0.0,99.4,242.0,1.0
2024-11-22 19:00:00,25.3,0.0,99.3,20.0,2.3
2024-11-22 20:00:00,24.9,0.0,99.3,354.0,2.5
2024-11-22 21:00:00,25.1,0.2,99.3,14.0,2.4
2024-11-22 22:00:00,25.0,0.0,99.3,37.0,4.4
2024-11-22 23:00:00,25.0,0.2,99.3,38.0,3.7
2024-11-23 00:00:00,24.8,0.0,99.3,35.0,5.7
2024-11-23 01:00:00,24.5,0.0,99.3,1.0,2.4
2024-11-23 02:00:00,24.3,0.0,99.3,25.0,3.1
2024-11-23 03:00:00,24.3,0.0,99.3,14.0,1.5
2024-11-23 04:00:00,24.1,0.0,99.3,336.0,1.1
2024-11-23 05:00:00,24.0,0.0,99.3,227.0,0.6
2024-11-23 06:00:00,24.0,0.0,99.3,156.0,1.4
2024-11-23 07:00:00,24.0,0.0,99.3,156.0,1.6
2024-11-23 08:00:00,25.5,0.0,99.3,201.0,0.7
2024-11-23 09:00:00,27.5,0.0,84.7,17.0,1.7
2024-11-23 10:00:00,29.2,0.0,76.7,324.0,2.5
2024-11-23 11:00:00,29.4,0.0,77.7,12.0,3.3
2024-11-23 12:00:00,30.9,0.0,66.6,350.0,3.6
2024-11-23 13:00:00,31.5,0.0,66.1,337.0,2.7
2024-11-23 14:00:00,31.6,0.0,63.1,347.0,3.1
2024-11-23 15:00:00,27.6,0.0,95.6,154.0,2.4
2024-11-23 16:00:00,26.9,0.0,94.2,247.0,2.5
2024-11-23 17:00:00,28.8,0.2,86.6,346.0,1.8
2024-11-23 18:00:00,27.6,0.0,90.6,327.0,2.5
2024-11-23 19:00:00,25.8,0.0,99.3,22.0,2.1
2024-11-23 20:00:00,25.7,0.0,99.3,314.0,1.1
2024-11-23 21:00:00,25.8,0.0,99.3,6.0,1.5
2024-11-23 22:00:00,26.0,0.0,99.3,5.0,1.2
2024-11-23 23:00:00,25.9,0.0,99.3,8.0,1.6
2024-11-24 00:00:00,25.7,0.0,99.3,351.0,2.2
2024-11-24 01:00:00,25.6,0.0,99.3,336.0,1.5
2024-11-24 02:00:00,25.5,0.0,99.3,359.0,1.8
2024-11-24 03:00:00,25.5,0.0,99.3,354.0,2.0
2024-11-24 04:00:00,25.4,0.0,99.3,24.0,2.1
2024-11-24 05:00:00,25.2,0.0,99.3,348.0,1.3
2024-11-24 06:00:00,25.5,0.0,99.3,345.0,1.2
2024-11-24 07:00:00,25.4,0.0,99.3,14.0,1.8
2024-11-24 08:00:00,25.8,0.0,99.3,291.0,1.5
2024-11-24 09:00:00,27.3,0.0,96.2,3.0,2.0
2024-11-24 10:00:00,28.6,0.0,88.5,38.0,2.3
2024-11-24 11:00:00,29.5,0.0,83.0,64.0,5.5
2024-11-24 12:00:00,30.0,0.0,81.0,49.0,4.4
2024-11-24 13:00:00,31.0,0.0,72.8,34.0,1.7
2024-11-24 14:00:00,30.4,0.0,73.5,33.0,2.9
2024-11-24 15:00:00,30.6,0.0,71.2,40.0,3.3
2024-11-24 16:00:00,26.7,1.0,96.7,231.0,2.1
2024-11-24 17:00:00,24.9,1.0,99.4,258.0,3.5
2024-11-24 18:00:00,25.7,0.0,99.4,239.0,1.0
2024-11-24 19:00:00,25.9,0.0,99.3,316.0,0.8
2024-11-24 20:00:00,25.6,0.0,99.3,272.0,1.2
2024-11-24 21:00:00,25.5,0.0,99.3,218.0,0.7
2024-11-24 22:00:00,25.5,0.0,99.3,20.0,2.2
2024-11-24 23:00:00,25.6,0.0,99.3,298.0,0.6
2024-11-25 00:00:00,25.7,0.0,99.3,226.0,0.7
2024-11-25 01:00:00,25.7,0.0,99.3,26.0,1.0
2024-11-25 02:00:00,25.6,0.0,99.3,308.0,1.5
2024-11-25 03:00:00,25.6,0.0,99.3,196.0,0.4
2024-11-25 04:00:00,25.5,0.0,99.3,248.0,1.0
2024-11-25 05:00:00,25.5,0.0,99.3,265.0,0.7
2024-11-25 06:00:00,25.4,0.0,99.3,358.0,0.9
2024-11-25 07:00:00,25.5,0.0,99.3,312.0,1.2
2024-11-25 08:00:00,25.9,0.0,99.3,265.0,0.4
2024-11-25 09:00:00,26.7,0.0,99.3,317.0,1.4
2024-11-25 10:00:00,27.7,0.0,93.6,344.0,1.7
2024-11-25 11:00:00,29.1,0.0,86.2,337.0,1.4
2024-11-25 12:00:00,29.6,0.0,85.7,102.0,1.5
2024-11-25 13:00:00,27.8,0.6,98.2,108.0,2.8
2024-11-25 14:00:00,29.7,0.0,85.2,94.0,2.0
2024-11-25 15:00:00,27.1,0.0,90.7,35.0,4.4
2024-11-25 16:00:00,26.6,0.0,96.0,40.0,4.2
2024-11-25 17:00:00,27.6,0.0,89.5,31.0,2.8
2024-11-25 18:00:00,27.2,0.0,90.2,9.0,2.0
2024-11-25 19:00:00,26.8,0.0,95.1,349.0,1.8
2024-11-25 20:00:00,26.6,0.0,98.4,356.0,1.7
2024-11-25 21:00:00,26.8,0.0,98.4,32.0,3.3
2024-11-25 22:00:00,26.7,0.0,98.0,18.0,2.0
2024-11-25 23:00:00,26.3,0.0,98.8,336.0,1.2
2024-11-26 00:00:00,25.9,0.0,99.3,6.0,1.4
2024-11-26 01:00:00,25.7,0.0,99.3,305.0,1.3
2024-11-26 02:00:00,25.6,0.0,99.3,7.0,1.5
2024-11-26 03:00:00,25.3,0.0,99.3,336.0,1.3
2024-11-26 04:00:00,25.1,0.0,99.3,346.0,0.9
2024-11-26 05:00:00,24.9,0.0,99.3,180.0,0.8
2024-11-26 06:00:00,25.2,0.0,99.3,342.0,1.5
2024-11-26 07:00:00,25.2,0.0,99.3,338.0,1.2
2024-11-26 08:00:00,26.2,0.0,99.3,350.0,1.8
2024-11-26 09:00:00,27.9,0.0,89.8,349.0,2.4
2024-11-26 10:00:00,29.5,0.0,82.0,338.0,2.4
2024-11-26 11:00:00,30.4,0.0,73.2,347.0,3.3
2024-11-26 12:00:00,30.1,0.0,76.1,322.0,3.3
2024-11-26 13:00:00,29.7,0.0,74.3,1.0,2.1
2024-11-26 14:00:00,26.9,1.2,99.3,60.0,2.1
2024-11-26 15:00:00,25.1,0.4,99.3,39.0,4.5
2024-11-26 16:00:00,24.5,0.2,99.3,351.0,2.7
2024-11-26 17:00:00,24.8,0.2,99.3,30.0,3.9
2024-11-26 18:00:00,24.8,0.0,99.3,29.0,3.2
2024-11-26 19:00:00,24.6,0.0,99.3,2.0,2.2
2024-11-26 20:00:00,24.7,0.0,99.3,2.0,1.0
2024-11-26 21:00:00,24.6,0.0,99.3,8.0,1.3
2024-11-26 22:00:00,24.8,0.0,99.3,24.0,2.4
2024-11-26 23:00:00,24.9,0.0,99.3,35.0,3.3
2024-11-27 00:00:00,24.6,0.0,99.3,351.0,1.3
2024-11-27 01:00:00,24.5,0.0,99.3,185.0,0.9
2024-11-27 02:00:00,24.6,0.0,99.3,316.0,1.4
2024-11-27 03:00:00,24.7,0.0,99.3,357.0,1.4
2024-11-27 04:00:00,24.6,0.0,99.3,269.0,0.7
2024-11-27 05:00:00,24.7,0.0,99.3,329.0,1.3
2024-11-27 06:00:00,24.7,0.0,99.3,252.0,1.1
2024-11-27 07:00:00,24.9,0.0,99.3,276.0,0.4
2024-11-27 08:00:00,25.2,0.0,99.3,304.0,3.0
2024-11-27 09:00:00,25.9,0.0,99.0,286.0,2.5
2024-11-27 10:00:00,26.8,0.0,93.0,269.0,2.5
2024-11-27 11:00:00,27.7,0.0,87.6,275.0,3.4
2024-11-27 12:00:00,29.1,0.0,81.3,281.0,4.3
2024-11-27 13:00:00,29.1,0.0,82.2,255.0,5.3
2024-11-27 14:00:00,28.4,0.0,84.0,256.0,6.1
2024-11-27 15:00:00,27.6,0.0,89.7,323.0,4.2
2024-11-27 16:00:00,25.9,0.0,96.8,22.0,3.8
2024-11-27 17:00:00,25.7,0.4,99.3,21.0,2.6
2024-11-27 18:00:00,25.3,0.0,99.3,358.0,2.1
2024-11-27 19:00:00,25.4,0.0,99.3,1.0,1.6
2024-11-27 20:00:00,25.4,0.0,99.3,1.0,1.4
2024-11-27 21:00:00,25.3,0.0,99.3,10.0,1.7
2024-11-27 22:00:00,25.3,0.0,99.3,317.0,1.0
2024-11-27 23:00:00,25.3,0.0,99.3,19.0,2.1
2024-11-28 00:00:00,24.9,0.0,99.3,28.0,3.1
2024-11-28 01:00:00,24.9,0.0,99.3,355.0,1.1
2024-11-28 02:00:00,24.7,0.0,99.3,16.0,1.7
2024-11-28 03:00:00,24.4,0.0,99.3,179.0,1.1
2024-11-28 04:00:00,24.5,0.0,99.3,289.0,0.5
2024-11-28 05:00:00,24.4,0.0,99.3,282.0,0.9
2024-11-28 06:00:00,24.5,0.0,99.3,349.0,1.2
2024-11-28 07:00:00,24.4,0.0,99.3,145.0,1.8
2024-11-28 08:00:00,25.1,0.0,99.3,345.0,1.1
2024-11-28 09:00:00,25.6,0.0,99.3,34.0,3.6
2024-11-28 10:00:00,26.3,0.0,97.4,20.0,2.9
2024-11-28 11:00:00,26.9,0.0,93.1,353.0,2.0
2024-11-28 12:00:00,27.4,0.0,89.6,344.0,2.3
2024-11-28 13:00:00,28.3,0.0,83.9,354.0,2.8
2024-11-28 14:00:00,28.3,0.0,84.9,304.0,2.4
2024-11-28 15:00:00,26.9,0.0,99.3,242.0,4.0
2024-11-28 16:00:00,26.4,0.2,99.3,223.0,2.3
2024-11-28 17:00:00,26.7,0.0,99.3,350.0,1.4
2024-11-28 18:00:00,26.1,0.0,99.3,354.0,1.6
2024-11-28 19:00:00,25.9,0.2,99.3,318.0,1.0
2024-11-28 20:00:00,25.8,0.0,99.3,6.0,1.6
2024-11-28 21:00:00,25.8,0.0,99.3,327.0,1.4
2024-11-28 22:00:00,25.7,0.0,99.3,358.0,1.6
2024-11-28 23:00:00,25.7,0.0,99.3,349.0,1.7
2024-11-29 00:00:00,25.5,0.0,99.3,343.0,1.2
2024-11-29 01:00:00,25.5,0.0,99.4,344.0,1.4
2024-11-29 02:00:00,25.3,0.0,99.3,342.0,1.6
2024-11-29 03:00:00,25.2,0.0,99.4,311.0,1.2
2024-11-29 04:00:00,25.1,0.0,99.4,23.0,2.1
2024-11-29 05:00:00,25.0,0.0,99.4,320.0,1.3
2024-11-29 06:00:00,24.7,0.6,99.4,247.0,3.9
2024-11-29 07:00:00,23.9,0.0,99.4,198.0,1.6
2024-11-29 08:00:00,24.3,0.2,99.4,306.0,1.3
2024-11-29 09:00:00,24.4,0.2,99.4,230.0,2.9
2024-11-29 10:00:00,23.9,0.4,99.4,255.0,1.1
2024-11-29 11:00:00,24.4,0.0,99.4,325.0,2.1
2024-11-29 12:00:00,24.5,0.0,99.4,316.0,3.2
2024-11-29 13:00:00,25.0,0.0,99.3,297.0,3.7
2024-11-29 14:00:00,25.4,0.0,99.3,290.0,1.7
2024-11-29 15:00:00,25.5,0.0,99.3,6.0,2.1
2024-11-29 16:00:00,26.1,0.0,96.2,331.0,2.2
2024-11-29 17:00:00,26.4,0.0,93.2,342.0,1.3
2024-11-29 18:00:00,25.9,0.0,93.1,355.0,2.2
2024-11-29 19:00:00,25.5,0.0,96.8,356.0,1.9
2024-11-29 20:00:00,25.4,0.0,99.3,311.0,1.8
2024-11-29 21:00:00,25.0,0.0,99.3,337.0,2.2
2024-11-29 22:00:00,25.1,0.0,99.3,257.0,1.2
2024-11-29 23:00:00,24.7,0.0,99.3,355.0,2.5
2024-11-30 00:00:00,24.5,0.0,99.3,8.0,2.2
2024-11-30 01:00:00,24.5,0.0,99.3,349.0,1.7
2024-11-30 02:00:00,24.4,0.0,99.3,336.0,2.2
2024-11-30 03:00:00,24.1,0.0,99.3,23.0,1.9
2024-11-30 04:00:00,24.3,0.0,99.3,1.0,1.6
2024-11-30 05:00:00,24.4,0.0,98.6,25.0,2.3
2024-11-30 06:00:00,24.5,0.0,98.4,28.0,2.1
2024-11-30 07:00:00,24.3,0.0,99.3,225.0,1.0
2024-11-30 08:00:00,24.9,0.0,97.9,107.0,1.1
2024-11-30 09:00:00,26.8,0.0,87.0,159.0,1.2
2024-11-30 10:00:00,27.9,0.0,81.3,194.0,1.0
2024-11-30 11:00:00,27.9,0.0,80.3,26.0,4.0
2024-11-30 12:00:00,31.4,0.0,67.8,118.0,1.5
2024-11-30 13:00:00,31.1,0.0,63.4,341.0,1.8
2024-11-30 14:00:00,32.0,0.0,58.8,268.0,3.9
2024-11-30 15:00:00,32.0,0.0,59.5,311.0,3.8
2024-11-30 16:00:00,31.9,0.0,59.3,296.0,4.0
2024-11-30 17:00:00,32.6,0.0,59.2,275.0,3.0
2024-11-30 18:00:00,31.6,0.0,61.2,254.0,4.0
2024-11-30 19:00:00,30.2,0.0,66.3,250.0,3.3
2024-11-30 20:00:00,29.6,0.0,71.4,278.0,1.7
2024-11-30 21:00:00,28.2,0.0,89.8,45.0,2.8
2024-11-30 22:00:00,27.4,0.0,93.7,30.0,2.3
2024-11-30 23:00:00,27.0,0.0,92.9,11.0,1.9
2024-12-01 00:00:00,26.7,0.0,93.1,16.0,1.6
2024-12-01 01:00:00,26.3,0.0,96.1,347.0,1.8
2024-12-01 02:00:00,26.2,0.0,98.4,354.0,1.4
2024-12-01 03:00:00,26.1,0.0,99.0,345.0,1.0
2024-12-01 04:00:00,26.1,0.0,98.3,310.0,1.2
2024-12-01 05:00:00,25.7,0.0,91.4,269.0,4.6
2024-12-01 06:00:00,25.4,0.0,91.8,270.0,1.3
2024-12-01 07:00:00,25.6,0.0,93.8,271.0,1.5
2024-12-01 08:00:00,26.2,0.0,93.7,131.0,0.3
2024-12-01 09:00:00,28.0,0.0,85.6,340.0,2.5
2024-12-01 10:00:00,28.6,0.0,84.0,342.0,2.3
2024-12-01 11:00:00,30.1,0.0,73.0,287.0,5.0
2024-12-01 12:00:00,31.1,0.0,64.4,275.0,6.9
2024-12-01 13:00:00,31.6,0.0,62.8,284.0,6.1
2024-12-01 14:00:00,31.9,0.0,62.9,273.0,7.7
2024-12-01 15:00:00,32.1,0.0,61.8,257.0,5.7
2024-12-01 16:00:00,32.0,0.0,61.8,273.0,7.5
2024-12-01 17:00:00,31.3,0.0,65.1,294.0,5.3
2024-12-01 18:00:00,30.7,0.0,72.7,300.0,5.0
2024-12-01 19:00:00,29.5,0.0,76.1,320.0,1.9
2024-12-01 20:00:00,28.9,0.0,80.0,332.0,1.7
2024-12-01 21:00:00,27.3,0.0,89.5,22.0,4.4
2024-12-01 22:00:00,26.9,0.0,92.8,27.0,3.5
2024-12-01 23:00:00,26.8,0.0,90.8,9.0,1.8
2024-12-02 00:00:00,26.8,0.0,89.9,356.0,2.0
2024-12-02 01:00:00,26.5,0.0,91.9,352.0,1.9
2024-12-02 02:00:00,26.1,0.0,94.0,31.0,2.7
2024-12-02 03:00:00,26.2,0.0,91.0,21.0,2.1
2024-12-02 04:00:00,25.8,0.0,92.6,10.0,1.6
2024-12-02 05:00:00,26.0,0.0,89.0,359.0,1.6
2024-12-02 06:00:00,25.8,0.0,90.1,339.0,2.0
2024-12-02 07:00:00,25.7,0.0,90.9,338.0,1.9
2024-12-02 08:00:00,26.2,0.0,90.2,338.0,1.1
2024-12-02 09:00:00,27.0,0.0,88.9,354.0,2.6
2024-12-02 10:00:00,28.4,0.0,82.2,343.0,2.9
2024-12-02 11:00:00,29.2,0.0,75.6,341.0,2.9
2024-12-02 12:00:00,30.1,0.0,73.9,357.0,1.8
2024-12-02 13:00:00,30.6,0.0,68.2,332.0,1.9
2024-12-02 14:00:00,31.3,0.0,65.9,359.0,1.7
2024-12-02 15:00:00,31.7,0.0,62.6,266.0,2.7
2024-12-02 16:00:00,31.4,0.0,70.2,169.0,3.4
2024-12-02 17:00:00,30.4,0.0,75.3,172.0,3.6
2024-12-02 18:00:00,27.6,0.0,86.2,19.0,4.8
2024-12-02 19:00:00,25.9,0.0,98.1,340.0,2.0
2024-12-02 20:00:00,26.2,0.0,99.3,8.0,1.5
2024-12-02 21:00:00,26.1,0.0,99.3,10.0,1.9
2024-12-02 22:00:00,26.2,0.0,97.7,339.0,1.0
2024-12-02 23:00:00,26.0,0.0,98.9,9.0,1.7
2024-12-03 00:00:00,25.9,0.0,99.3,22.0,2.4
2024-12-03 01:00:00,25.7,0.0,99.3,6.0,1.5
2024-12-03 02:00:00,25.6,0.0,99.1,6.0,1.6
2024-12-03 03:00:00,25.6,0.0,99.3,16.0,1.9
2024-12-03 04:00:00,25.6,0.0,97.8,1.0,1.7
2024-12-03 05:00:00,25.4,0.0,98.7,18.0,1.9
2024-12-03 06:00:00,25.5,0.0,97.5,343.0,1.7
2024-12-03 07:00:00,25.5,0.0,96.7,343.0,1.0
2024-12-03 08:00:00,25.9,0.0,95.5,321.0,1.2
2024-12-03 09:00:00,26.9,0.0,90.4,339.0,1.8
2024-12-03 10:00:00,27.7,0.0,86.5,357.0,1.6
2024-12-03 11:00:00,28.6,0.0,80.2,339.0,2.4
2024-12-03 12:00:00,29.6,0.0,75.2,3.0,3.1
2024-12-03 13:00:00,31.1,0.0,66.8,301.0,3.7
2024-12-03 14:00:00,31.2,0.0,66.3,336.0,3.4
2024-12-03 15:00:00,31.2,0.0,64.4,330.0,3.7
2024-12-03 16:00:00,31.4,0.0,64.1,6.0,2.5
2024-12-03 17:00:00,31.0,0.0,66.7,349.0,2.5
2024-12-03 18:00:00,29.6,0.0,73.3,332.0,3.0
2024-12-03 19:00:00,28.0,0.0,87.6,18.0,2.1
2024-12-03 20:00:00,26.5,0.0,99.3,5.0,2.1
2024-12-03 21:00:00,26.0,0.2,99.3,12.0,2.1
2024-12-03 22:00:00,26.1,0.0,99.3,16.0,2.0
2024-12-03 23:00:00,26.0,0.0,99.3,224.0,1.0
2024-12-04 00:00:00,26.0,0.0,99.3,206.0,1.0
2024-12-04 01:00:00,26.0,0.0,99.3,23.0,2.0
2024-12-04 02:00:00,25.8,0.0,99.3,263.0,0.9
2024-12-04 03:00:00,25.7,0.0,99.3,12.0,1.9
2024-12-04 04:00:00,25.6,0.0,99.3,26.0,2.6
2024-12-04 05:00:00,25.5,0.0,99.4,359.0,1.4
2024-12-04 06:00:00,25.2,0.0,99.3,357.0,1.2
2024-12-04 07:00:00,25.1,0.0,99.3,340.0,1.2
2024-12-04 08:00:00,25.5,0.0,99.3,328.0,1.7
2024-12-04 09:00:00,26.7,0.0,96.5,306.0,2.0
2024-12-04 10:00:00,29.0,0.0,86.1,314.0,2.6
2024-12-04 11:00:00,27.3,0.0,90.4,292.0,5.0
2024-12-04 12:00:00,29.0,0.0,78.9,314.0,3.8
2024-12-04 13:00:00,30.2,0.0,67.0,271.0,5.6
2024-12-04 14:00:00,31.0,0.0,58.3,271.0,4.0
2024-12-04 15:00:00,31.1,0.0,59.1,280.0,4.2
2024-12-04 16:00:00,29.8,0.0,68.7,256.0,5.8
2024-12-04 17:00:00,29.6,0.0,72.8,265.0,3.9
2024-12-04 18:00:00,29.2,0.0,74.1,277.0,4.0
2024-12-04 19:00:00,28.6,0.0,76.9,288.0,2.8
2024-12-04 20:00:00,28.3,0.0,76.4,293.0,2.1
2024-12-04 21:00:00,28.0,0.0,78.4,289.0,1.2
2024-12-04 22:00:00,27.6,0.0,82.0,303.0,2.0
2024-12-04 23:00:00,27.0,0.0,83.9,318.0,1.7
2024-12-05 00:00:00,26.7,0.0,83.4,323.0,2.6
2024-12-05 01:00:00,26.5,0.0,85.6,352.0,1.6
2024-12-05 02:00:00,26.2,0.0,90.3,13.0,1.2
2024-12-05 03:00:00,26.4,0.0,90.9,350.0,1.0
2024-12-05 04:00:00,26.5,0.0,87.5,355.0,1.6
2024-12-05 05:00:00,26.3,0.0,88.6,334.0,1.8
2024-12-05 06:00:00,25.8,0.0,92.1,2.0,2.2
2024-12-05 07:00:00,25.6,0.0,96.4,143.0,1.2
2024-12-05 08:00:00,27.0,0.0,85.3,252.0,2.0
2024-12-05 09:00:00,27.5,0.0,80.6,342.0,2.0
2024-12-05 10:00:00,28.1,0.0,81.7,343.0,2.7
2024-12-05 11:00:00,28.9,0.0,75.8,329.0,3.1
2024-12-05 12:00:00,30.6,0.0,67.4,295.0,5.0
2024-12-05 13:00:00,30.5,0.0,66.6,273.0,6.3
2024-12-05 14:00:00,31.1,0.0,58.0,287.0,8.10001
2024-12-05 15:00:00,31.3,0.0,56.7,290.0,7.9
2024-12-05 16:00:00,32.5,0.0,50.6,296.0,7.1
2024-12-05 17:00:00,32.1,0.0,51.1,292.0,6.4
2024-12-05 18:00:00,31.7,0.0,54.5,280.0,5.4
2024-12-05 19:00:00,30.1,0.0,64.8,265.0,2.6
2024-12-05 20:00:00,29.4,0.0,67.9,350.0,1.6
2024-12-05 21:00:00,29.1,0.0,71.7,289.0,0.8
2024-12-05 22:00:00,28.9,0.0,67.4,305.0,1.5
2024-12-05 23:00:00,27.8,0.0,74.6,7.0,1.8
2024-12-06 00:00:00,27.3,0.0,81.9,11.0,1.7
2024-12-06 01:00:00,27.1,0.0,82.7,352.0,1.4
2024-12-06 02:00:00,26.9,0.0,89.2,2.0,1.5
2024-12-06 03:00:00,26.6,0.0,94.5,22.0,2.0
2024-12-06 04:00:00,26.7,0.0,93.5,6.0,2.3
2024-12-06 05:00:00,26.2,0.0,96.3,352.0,1.8
2024-12-06 06:00:00,26.2,0.0,96.8,14.0,1.3
2024-12-06 07:00:00,26.1,0.0,97.1,10.0,1.6
2024-12-06 08:00:00,26.9,0.0,93.6,19.0,2.1
2024-12-06 09:00:00,28.9,0.0,85.3,2.0,2.0
2024-12-06 10:00:00,30.4,0.0,69.9,4.0,3.2
2024-12-06 11:00:00,31.5,0.0,63.3,291.0,3.5
2024-12-06 12:00:00,32.8,0.0,52.3,275.0,4.0
2024-12-06 13:00:00,33.7,0.0,49.5,313.0,4.3
2024-12-06 14:00:00,33.1,0.0,52.7,326.0,3.5
2024-12-06 15:00:00,32.7,0.0,52.6,266.0,8.5
2024-12-06 16:00:00,33.1,0.0,50.7,268.0,8.0
2024-12-06 17:00:00,32.4,0.0,55.3,262.0,5.5
2024-12-06 18:00:00,31.2,0.0,56.1,258.0,4.8
2024-12-06 19:00:00,30.0,0.0,66.7,256.0,2.4
2024-12-06 20:00:00,29.6,0.0,72.3,313.0,0.9
2024-12-06 21:00:00,29.2,0.0,78.2,229.0,0.5
2024-12-06 22:00:00,28.8,0.0,78.3,12.0,1.4
2024-12-06 23:00:00,28.0,0.0,89.8,21.0,2.1
2024-12-07 00:00:00,27.7,0.0,93.5,23.0,2.1
2024-12-07 01:00:00,27.2,0.0,94.5,349.0,2.2
2024-12-07 02:00:00,26.9,0.0,95.7,19.0,2.1
2024-12-07 03:00:00,26.7,0.0,94.3,7.0,1.5
2024-12-07 04:00:00,26.4,0.0,97.1,17.0,2.6
2024-12-07 05:00:00,26.1,0.0,98.4,23.0,2.5
2024-12-07 06:00:00,26.1,0.0,98.6,340.0,1.2
2024-12-07 07:00:00,26.1,0.0,99.3,32.0,3.2
2024-12-07 08:00:00,26.8,0.0,95.9,29.0,3.5
2024-12-07 09:00:00,28.6,0.0,82.1,353.0,3.5
2024-12-07 10:00:00,30.4,0.0,69.4,330.0,3.6
2024-12-07 11:00:00,31.6,0.0,59.1,307.0,5.6
2024-12-07 12:00:00,32.4,0.0,55.7,290.0,5.1
2024-12-07 13:00:00,32.5,0.0,57.3,291.0,5.2
2024-12-07 14:00:00,33.7,0.0,45.8,294.0,6.7
2024-12-07 15:00:00,34.1,0.0,45.5,271.0,6.9
2024-12-07 16:00:00,33.9,0.0,43.3,290.0,8.7
2024-12-07 17:00:00,33.7,0.0,48.8,285.0,5.3
2024-12-07 18:00:00,32.1,0.0,56.6,254.0,6.6
2024-12-07 19:00:00,31.0,0.0,64.3,272.0,3.3
2024-12-07 20:00:00,30.6,0.0,67.9,286.0,1.6
2024-12-07 21:00:00,30.0,0.0,74.2,291.0,1.4
2024-12-07 22:00:00,29.1,0.0,79.2,350.0,1.6
2024-12-07 23:00:00,28.4,0.0,90.3,36.0,3.5
2024-12-08 00:00:00,28.1,0.0,85.0,359.0,2.3
2024-12-08 01:00:00,27.5,0.0,90.1,30.0,3.4
2024-12-08 02:00:00,27.4,0.0,90.6,31.0,3.7
2024-12-08 03:00:00,26.9,0.0,88.0,29.0,2.9
2024-12-08 04:00:00,26.6,0.0,91.7,27.0,2.5
2024-12-08 05:00:00,26.7,0.0,92.7,6.0,1.7
2024-12-08 06:00:00,26.4,0.0,95.4,6.0,1.8
2024-12-08 07:00:00,26.2,0.0,96.5,2.0,1.7
2024-12-08 08:00:00,26.9,0.0,90.2,12.0,3.7
2024-12-08 09:00:00,28.6,0.0,79.0,22.0,4.6
2024-12-08 10:00:00,29.4,0.0,75.6,32.0,6.8
2024-12-08 11:00:00,30.9,0.0,70.0,24.0,3.7
2024-12-08 12:00:00,31.5,0.0,67.3,21.0,6.3
2024-12-08 13:00:00,32.1,0.0,64.7,29.0,6.8
2024-12-08 14:00:00,32.3,0.0,60.2,5.0,5.2
2024-12-08 15:00:00,29.7,0.0,75.5,33.0,11.2
2024-12-08 16:00:00,30.5,0.0,74.2,16.0,3.8
2024-12-08 17:00:00,26.4,0.0,93.1,257.0,3.0
2024-12-08 18:00:00,27.5,0.0,90.3,89.0,1.1
2024-12-08 19:00:00,28.1,0.0,87.3,350.0,2.2
2024-12-08 20:00:00,27.9,0.0,87.7,354.0,2.8
2024-12-08 21:00:00,27.4,0.0,87.7,297.0,1.8
2024-12-08 22:00:00,27.1,0.0,89.9,358.0,1.1
2024-12-08 23:00:00,27.3,0.0,90.0,334.0,1.7
2024-12-09 00:00:00,27.4,0.0,90.7,359.0,3.1
2024-12-09 01:00:00,24.3,0.2,97.2,288.0,7.4
2024-12-09 02:00:00,24.3,0.0,93.5,325.0,2.3
2024-12-09 03:00:00,24.3,0.0,93.1,7.0,3.1
2024-12-09 04:00:00,24.5,0.0,97.8,6.0,2.5
2024-12-09 05:00:00,24.4,0.0,99.3,355.0,2.8
2024-12-09 06:00:00,24.5,0.0,99.3,1.0,2.3
2024-12-09 07:00:00,24.8,0.0,99.3,1.0,2.2
2024-12-09 08:00:00,25.2,0.2,97.6,2.0,3.3
2024-12-09 09:00:00,24.7,0.0,97.5,357.0,4.6
2024-12-09 10:00:00,24.9,0.0,98.0,313.0,4.5
2024-12-09 11:00:00,25.3,0.0,99.3,332.0,2.8
2024-12-09 12:00:00,26.9,0.0,89.8,307.0,4.4
2024-12-09 13:00:00,28.6,0.0,79.3,337.0,4.4
2024-12-09 14:00:00,29.3,0.0,74.9,288.0,6.5
2024-12-09 15:00:00,29.4,0.0,72.9,297.0,8.3
2024-12-09 16:00:00,29.0,0.0,74.7,314.0,5.7
2024-12-09 17:00:00,28.0,0.0,78.4,319.0,4.2
2024-12-09 18:00:00,27.6,0.0,80.2,312.0,2.7
2024-12-09 19:00:00,27.0,0.0,81.5,291.0,3.7
2024-12-09 20:00:00,26.4,0.0,87.0,291.0,1.8
2024-12-09 21:00:00,26.0,0.0,87.4,309.0,3.3
2024-12-09 22:00:00,25.8,0.0,86.0,330.0,3.3
2024-12-09 23:00:00,25.3,0.0,90.6,324.0,3.6
2024-12-10 00:00:00,25.2,0.0,91.3,316.0,2.3
2024-12-10 01:00:00,25.2,0.0,90.8,302.0,2.9
2024-12-10 02:00:00,25.2,0.0,90.3,300.0,3.3
2024-12-10 03:00:00,24.9,0.0,91.9,314.0,3.5
2024-12-10 04:00:00,24.7,0.0,92.9,336.0,2.6
2024-12-10 05:00:00,25.3,0.0,87.7,299.0,4.0
2024-12-10 06:00:00,25.2,0.0,87.7,315.0,3.7
2024-12-10 07:00:00,25.0,0.0,88.4,298.0,2.6
2024-12-10 08:00:00,25.8,0.0,84.6,316.0,2.9
2024-12-10 09:00:00,26.2,0.0,81.0,325.0,3.5
2024-12-10 10:00:00,26.8,0.0,78.5,324.0,4.1
2024-12-10 11:00:00,28.2,0.0,72.2,326.0,4.5
2024-12-10 12:00:00,28.0,0.0,70.3,308.0,6.6
2024-12-10 13:00:00,27.7,0.0,76.4,302.0,7.0
2024-12-10 14:00:00,28.7,0.0,73.4,320.0,4.0
2024-12-10 15:00:00,29.1,0.0,72.4,308.0,6.5
2024-12-10 16:00:00,29.9,0.0,67.9,319.0,5.7
2024-12-10 17:00:00,30.0,0.0,66.3,327.0,7.5
2024-12-10 18:00:00,29.9,0.0,65.2,307.0,5.4
2024-12-10 19:00:00,28.6,0.0,72.0,317.0,4.4
2024-12-10 20:00:00,27.7,0.0,79.1,357.0,2.7
2024-12-10 21:00:00,27.3,0.0,79.9,348.0,3.1
2024-12-10 22:00:00,27.2,0.0,81.3,265.0,2.3
2024-12-10 23:00:00,26.3,0.0,89.7,16.0,2.5
2024-12-11 00:00:00,26.2,0.0,88.4,3.0,1.1
2024-12-11 01:00:00,26.2,0.0,88.0,289.0,0.9
2024-12-11 02:00:00,25.8,0.0,91.5,356.0,0.9
2024-12-11 03:00:00,25.3,0.0,94.9,2.0,1.7
2024-12-11 04:00:00,25.3,0.0,93.8,16.0,2.2
2024-12-11 05:00:00,25.2,0.0,91.5,14.0,2.2
2024-12-11 06:00:00,24.9,0.0,94.5,27.0,2.2
2024-12-11 07:00:00,25.0,0.0,93.3,10.0,1.7
2024-12-11 08:00:00,25.9,0.0,89.9,52.0,1.2
2024-12-11 09:00:00,27.3,0.0,81.5,351.0,2.0
2024-12-11 10:00:00,29.2,0.0,71.1,344.0,2.0
2024-12-11 11:00:00,29.9,0.0,67.5,295.0,3.0
2024-12-11 12:00:00,31.5,0.0,60.6,295.0,5.0
2024-12-11 13:00:00,31.8,0.0,60.5,300.0,6.9
2024-12-11 14:00:00,32.5,0.0,58.9,276.0,6.9
2024-12-11 15:00:00,32.9,0.0,57.6,266.0,6.8
2024-12-11 16:00:00,29.0,0.0,80.2,130.0,4.3
2024-12-11 17:00:00,30.3,0.0,75.5,58.0,1.6
2024-12-11 18:00:00,30.4,0.0,73.6,288.0,3.0
2024-12-11 19:00:00,29.8,0.0,72.5,296.0,5.0
2024-12-11 20:00:00,28.7,0.0,76.0,9.0,2.4
2024-12-11 21:00:00,28.7,0.0,68.6,306.0,1.9
2024-12-11 22:00:00,28.1,0.0,75.3,270.0,2.3
2024-12-11 23:00:00,27.9,0.0,79.3,262.0,2.6
2024-12-12 00:00:00,27.7,0.0,82.7,310.0,1.9
2024-12-12 01:00:00,27.6,0.0,87.5,306.0,3.2
2024-12-12 02:00:00,27.4,0.0,90.3,291.0,1.6
2024-12-12 03:00:00,26.2,0.0,89.3,258.0,4.2
2024-12-12 04:00:00,26.0,0.0,90.9,289.0,1.9
2024-12-12 05:00:00,26.1,0.0,97.3,298.0,2.0
2024-12-12 06:00:00,26.2,0.0,97.1,351.0,1.4
2024-12-12 07:00:00,26.2,0.0,96.6,356.0,1.9
2024-12-12 08:00:00,26.7,0.0,92.7,323.0,2.2
2024-12-12 09:00:00,27.5,0.0,89.2,333.0,3.9
2024-12-12 10:00:00,28.4,0.0,83.1,317.0,3.0
2024-12-12 11:00:00,29.0,0.0,81.0,293.0,4.6
2024-12-12 12:00:00,30.1,0.0,71.5,275.0,5.6
2024-12-12 13:00:00,30.2,0.0,74.4,284.0,4.8
2024-12-12 14:00:00,30.1,0.0,76.1,288.0,5.0
2024-12-12 15:00:00,30.0,0.0,78.1,273.0,4.7
2024-12-12 16:00:00,29.2,0.0,82.1,273.0,6.6
2024-12-12 17:00:00,29.2,0.0,83.4,282.0,4.3
2024-12-12 18:00:00,29.1,0.0,85.1,279.0,3.1
2024-12-12 19:00:00,28.7,0.0,87.5,268.0,2.6
2024-12-12 20:00:00,28.3,0.0,89.6,255.0,2.1
2024-12-12 21:00:00,28.1,0.0,92.2,350.0,1.1
2024-12-12 22:00:00,27.9,0.0,92.6,262.0,1.6
2024-12-12 23:00:00,27.7,0.0,93.8,292.0,1.3
2024-12-13 00:00:00,27.3,0.0,95.6,356.0,1.2
2024-12-13 01:00:00,27.1,0.0,95.3,13.0,1.2
2024-12-13 02:00:00,26.6,0.0,97.4,223.0,0.4
2024-12-13 03:00:00,23.7,1.0,99.3,281.0,6.6
2024-12-13 04:00:00,24.0,0.2,99.3,266.0,2.5
2024-12-13 05:00:00,23.9,0.0,99.3,261.0,3.6
2024-12-13 06:00:00,24.3,0.0,99.3,250.0,1.4
2024-12-13 07:00:00,25.0,0.0,99.3,242.0,1.9
2024-12-13 08:00:00,25.8,0.0,99.3,239.0,3.5
2024-12-13 09:00:00,26.9,0.0,91.2,250.0,5.9
2024-12-13 10:00:00,27.2,0.0,88.0,256.0,4.5
2024-12-13 11:00:00,27.5,0.0,87.5,253.0,3.0
2024-12-13 12:00:00,27.5,0.0,86.4,306.0,2.8
2024-12-13 13:00:00,28.1,0.0,83.8,314.0,1.8
2024-12-13 14:00:00,28.3,0.0,78.9,293.0,3.8
2024-12-13 15:00:00,28.6,0.0,81.1,296.0,2.9
2024-12-13 16:00:00,28.9,0.0,80.9,267.0,2.0
2024-12-13 17:00:00,28.4,0.0,82.1,249.0,2.5
2024-12-13 18:00:00,28.4,0.0,83.9,291.0,0.9
2024-12-13 19:00:00,27.9,0.0,86.9,259.0,0.9
2024-12-13 20:00:00,27.5,0.0,89.8,244.0,1.5
2024-12-13 21:00:00,27.4,0.0,91.6,301.0,0.6
2024-12-13 22:00:00,27.0,0.0,94.9,235.0,0.5
2024-12-13 23:00:00,26.6,0.0,98.1,242.0,0.6
2024-12-14 00:00:00,26.5,0.0,99.3,2.0,1.7
2024-12-14 01:00:00,26.2,1.4,99.3,279.0,2.1
2024-12-14 02:00:00,25.9,0.0,99.3,294.0,1.7
2024-12-14 03:00:00,25.7,0.0,99.3,157.0,1.0
2024-12-14 04:00:00,25.6,0.0,99.3,223.0,1.1
2024-12-14 05:00:00,25.5,0.0,99.3,4.0,0.6
2024-12-14 06:00:00,25.3,0.0,99.3,273.0,0.9
2024-12-14 07:00:00,25.2,0.0,97.9,9.0,1.5
2024-12-14 08:00:00,26.0,0.0,92.4,332.0,2.1
2024-12-14 09:00:00,27.9,0.0,86.3,352.0,1.9
2024-12-14 10:00:00,29.0,0.0,81.0,325.0,2.8
2024-12-14 11:00:00,30.4,0.0,70.8,287.0,4.6
2024-12-14 12:00:00,30.8,0.0,71.6,281.0,3.7
2024-12-14 13:00:00,31.6,0.0,64.7,269.0,4.1
2024-12-14 14:00:00,32.5,0.0,57.7,271.0,6.5
2024-12-14 15:00:00,32.1,0.0,59.3,277.0,6.8
2024-12-14 16:00:00,33.0,0.0,57.1,269.0,5.4
2024-12-14 17:00:00,32.5,0.0,57.5,268.0,5.7
2024-12-14 18:00:00,32.5,0.0,55.7,264.0,3.7
2024-12-14 19:00:00,31.0,0.0,59.8,331.0,1.8
2024-12-14 20:00:00,28.9,0.0,82.6,20.0,2.8
2024-12-14 21:00:00,28.2,0.0,88.8,43.0,4.2
2024-12-14 22:00:00,27.9,0.0,89.4,24.0,2.6
2024-12-14 23:00:00,27.7,0.0,91.1,29.0,3.3
2024-12-15 00:00:00,27.5,0.0,93.4,23.0,2.4
2024-12-15 01:00:00,27.3,0.0,93.6,28.0,2.8
2024-12-15 02:00:00,27.2,0.0,94.0,23.0,1.8
2024-12-15 03:00:00,27.0,0.0,95.2,23.0,2.3
2024-12-15 04:00:00,26.8,0.0,96.5,31.0,2.9
2024-12-15 05:00:00,26.9,0.0,95.2,30.0,2.5
2024-12-15 06:00:00,26.7,0.0,95.1,33.0,3.4
2024-12-15 07:00:00,26.4,0.0,96.3,21.0,2.5
2024-12-15 08:00:00,26.8,0.0,95.4,14.0,1.9
2024-12-15 09:00:00,28.2,0.0,88.5,34.0,6.9
2024-12-15 10:00:00,30.5,0.0,76.3,330.0,2.4
2024-12-15 11:00:00,30.5,0.0,75.4,340.0,2.4
2024-12-15 12:00:00,31.9,0.0,64.5,305.0,2.3
2024-12-15 13:00:00,33.0,0.0,57.1,282.0,4.5
2024-12-15 14:00:00,33.0,0.0,59.2,346.0,2.4
2024-12-15 15:00:00,33.7,0.0,54.8,264.0,2.7
2024-12-15 16:00:00,31.7,0.0,69.6,162.0,4.7
2024-12-15 17:00:00,32.6,0.0,65.6,180.0,2.3
2024-12-15 18:00:00,31.6,0.0,71.5,126.0,2.9
2024-12-15 19:00:00,29.3,0.0,84.3,89.0,3.0
2024-12-15 20:00:00,29.0,0.0,83.3,110.0,1.3
2024-12-15 21:00:00,28.2,0.0,86.3,28.0,2.4
2024-12-15 22:00:00,27.9,0.0,89.6,40.0,4.0
2024-12-15 23:00:00,27.6,0.0,92.2,26.0,2.3
2024-12-16 00:00:00,27.5,0.0,93.7,22.0,2.1
2024-12-16 01:00:00,27.3,0.0,96.8,34.0,3.2
2024-12-16 02:00:00,27.3,0.0,97.0,23.0,2.5
2024-12-16 03:00:00,27.2,0.0,97.0,2.0,1.8
2024-12-16 04:00:00,26.9,0.0,98.4,16.0,2.5
2024-12-16 05:00:00,26.9,0.0,98.0,339.0,2.3
2024-12-16 06:00:00,26.7,0.0,99.3,11.0,1.7
2024-12-16 07:00:00,26.6,0.0,99.3,13.0,2.1
2024-12-16 08:00:00,27.6,0.0,95.0,6.0,1.5
2024-12-16 09:00:00,28.1,0.0,87.7,23.0,4.3
2024-12-16 10:00:00,29.6,0.0,79.0,20.0,3.0
2024-12-16 11:00:00,30.8,0.0,77.2,36.0,4.8
2024-12-16 12:00:00,31.6,0.0,66.4,342.0,1.9
2024-12-16 13:00:00,32.7,0.0,61.2,279.0,4.8
2024-12-16 14:00:00,33.9,0.0,59.0,245.0,2.7
2024-12-16 15:00:00,27.4,0.0,90.9,40.0,5.1
2024-12-16 16:00:00,27.4,0.0,92.3,32.0,2.4
2024-12-16 17:00:00,26.6,0.0,95.9,31.0,4.7
2024-12-16 18:00:00,26.3,0.2,96.2,28.0,3.6
2024-12-16 19:00:00,26.3,0.0,97.1,32.0,3.8
2024-12-16 20:00:00,26.1,0.0,97.6,36.0,3.5
2024-12-16 21:00:00,26.4,0.0,96.5,29.0,3.7
2024-12-16 22:00:00,26.3,0.0,96.5,8.0,2.2
2024-12-16 23:00:00,26.1,0.0,97.5,3.0,1.6
2024-12-17 00:00:00,26.0,0.0,98.2,31.0,2.8
2024-12-17 01:00:00,26.0,0.0,95.6,347.0,2.0
2024-12-17 02:00:00,26.0,0.0,96.2,332.0,1.8
2024-12-17 03:00:00,25.7,0.0,97.8,260.0,0.5
2024-12-17 04:00:00,25.6,0.0,98.7,14.0,1.3
2024-12-17 05:00:00,25.7,0.0,98.6,359.0,1.4
2024-12-17 06:00:00,25.5,0.0,99.3,355.0,1.4
2024-12-17 07:00:00,25.6,0.0,99.3,346.0,1.4
2024-12-17 08:00:00,26.0,0.0,99.2,338.0,1.6
2024-12-17 09:00:00,27.0,0.0,95.2,13.0,3.0
2024-12-17 10:00:00,28.4,0.0,85.0,358.0,4.0
2024-12-17 11:00:00,29.1,0.0,79.6,10.0,4.2
2024-12-17 12:00:00,30.2,0.0,74.7,8.0,5.6
2024-12-17 13:00:00,31.4,0.0,69.4,352.0,4.3
2024-12-17 14:00:00,31.9,0.0,65.0,1.0,5.5
2024-12-17 15:00:00,30.0,0.0,76.0,17.0,6.7
2024-12-17 16:00:00,29.7,0.0,73.8,9.0,5.0
2024-12-17 17:00:00,29.3,0.0,78.9,26.0,5.8
2024-12-17 18:00:00,28.8,0.0,78.7,14.0,4.1
2024-12-17 19:00:00,28.3,0.0,83.2,35.0,5.8
2024-12-17 20:00:00,27.2,0.0,86.6,1.0,3.7
2024-12-17 21:00:00,26.5,0.0,90.8,2.0,2.7
2024-12-17 22:00:00,26.0,0.0,93.6,355.0,3.1
2024-12-17 23:00:00,25.8,0.0,96.8,11.0,2.6
2024-12-18 00:00:00,25.8,0.0,97.4,17.0,2.1
2024-12-18 01:00:00,25.7,0.0,97.9,16.0,2.5
2024-12-18 02:00:00,25.9,0.0,96.2,345.0,2.4
2024-12-18 03:00:00,25.7,0.0,96.5,352.0,2.3
2024-12-18 04:00:00,25.7,0.0,97.0,320.0,2.0
2024-12-18 05:00:00,25.4,0.0,98.3,15.0,1.7
2024-12-18 06:00:00,25.2,0.0,98.1,6.0,2.2
2024-12-18 07:00:00,25.4,0.0,98.1,28.0,3.4
2024-12-18 08:00:00,25.6,0.0,95.8,352.0,2.5
2024-12-18 09:00:00,26.7,0.0,92.3,19.0,3.5
2024-12-18 10:00:00,26.7,0.0,91.5,15.0,4.5
2024-12-18 11:00:00,27.0,0.0,90.2,356.0,3.1
2024-12-18 12:00:00,25.9,0.0,98.1,3.0,3.5
2024-12-18 13:00:00,26.5,0.0,97.1,7.0,2.9
2024-12-18 14:00:00,27.1,0.0,93.0,358.0,2.4
2024-12-18 15:00:00,27.6,0.0,90.0,358.0,3.2
2024-12-18 16:00:00,27.4,0.0,92.0,4.0,3.0
2024-12-18 17:00:00,25.8,0.0,99.3,22.0,3.3
2024-12-18 18:00:00,26.0,0.0,96.7,20.0,5.4
2024-12-18 19:00:00,26.0,0.0,96.6,13.0,2.9
2024-12-18 20:00:00,25.9,0.0,93.3,3.0,2.7
2024-12-18 21:00:00,25.8,0.0,93.1,35.0,4.3
2024-12-18 22:00:00,25.5,0.0,94.1,32.0,3.3
2024-12-18 23:00:00,25.6,0.0,93.4,16.0,3.2
2024-12-19 00:00:00,25.5,0.0,94.6,348.0,1.8
2024-12-19 01:00:00,25.4,0.0,94.9,345.0,3.2
2024-12-19 02:00:00,25.2,0.0,95.6,340.0,2.3
2024-12-19 03:00:00,25.1,0.0,96.2,22.0,2.2
2024-12-19 04:00:00,25.3,0.0,95.9,11.0,0.6
2024-12-19 05:00:00,25.3,0.0,95.5,264.0,2.9
2024-12-19 06:00:00,25.2,0.0,97.1,297.0,2.2
2024-12-19 07:00:00,25.1,0.0,98.6,30.0,2.5
2024-12-19 08:00:00,25.7,0.0,95.7,29.0,3.3
2024-12-19 09:00:00,26.8,0.0,92.1,30.0,4.3
2024-12-19 10:00:00,27.6,0.0,86.9,14.0,4.2
2024-12-19 11:00:00,27.9,0.0,82.3,30.0,8.60001
2024-12-19 12:00:00,28.4,0.0,79.1,26.0,7.0
2024-12-19 13:00:00,28.4,0.0,78.9,354.0,4.2
2024-12-19 14:00:00,28.4,0.0,80.3,25.0,4.5
2024-12-19 15:00:00,28.3,0.0,77.4,17.0,7.1
2024-12-19 16:00:00,28.8,0.0,71.3,26.0,8.5
2024-12-19 17:00:00,28.7,0.0,74.0,20.0,7.9
2024-12-19 18:00:00,28.2,0.0,76.6,12.0,5.9
2024-12-19 19:00:00,27.9,0.0,80.1,19.0,4.6
2024-12-19 20:00:00,27.3,0.0,84.2,22.0,3.6
2024-12-19 21:00:00,27.1,0.0,84.7,352.0,2.2
2024-12-19 22:00:00,27.0,0.0,86.5,351.0,2.7
2024-12-19 23:00:00,26.7,0.0,89.7,359.0,2.9
2024-12-20 00:00:00,26.6,0.0,89.0,357.0,2.9
2024-12-20 01:00:00,26.5,0.0,89.1,355.0,2.2
2024-12-20 02:00:00,26.4,0.0,89.5,353.0,1.7
2024-12-20 03:00:00,26.0,0.0,93.0,28.0,3.7
2024-12-20 04:00:00,25.7,0.0,90.5,29.0,5.2
2024-12-20 05:00:00,25.4,0.0,93.2,33.0,5.3
2024-12-20 06:00:00,25.4,0.0,93.0,34.0,6.9
2024-12-20 07:00:00,25.4,0.0,94.7,44.0,4.4
2024-12-20 08:00:00,25.6,0.0,94.3,36.0,7.0
2024-12-20 09:00:00,26.3,0.0,90.4,37.0,8.3
2024-12-20 10:00:00,27.3,0.0,85.6,20.0,4.6
2024-12-20 11:00:00,27.9,0.0,79.5,20.0,5.7
2024-12-20 12:00:00,28.7,0.0,74.5,27.0,6.0
2024-12-20 13:00:00,28.9,0.0,74.8,351.0,3.4
2024-12-20 14:00:00,29.7,0.0,72.9,33.0,4.9
2024-12-20 15:00:00,29.7,0.0,68.0,22.0,4.0
2024-12-20 16:00:00,28.7,0.0,78.7,4.0,2.5
2024-12-20 17:00:00,28.6,0.0,75.9,39.0,5.6
2024-12-20 18:00:00,26.9,0.0,94.0,304.0,2.5
2024-12-20 19:00:00,27.8,0.0,89.4,24.0,2.3
2024-12-20 20:00:00,26.6,0.0,91.5,40.0,4.3
2024-12-20 21:00:00,26.5,0.0,93.8,35.0,3.2
2024-12-20 22:00:00,26.3,0.0,95.2,31.0,3.0
2024-12-20 23:00:00,26.3,0.0,88.8,36.0,4.4
2024-12-21 00:00:00,26.0,0.0,91.7,35.0,3.3
2024-12-21 01:00:00,25.8,0.0,92.6,3.0,1.6
2024-12-21 02:00:00,25.9,0.0,94.5,37.0,4.4
2024-12-21 03:00:00,25.7,0.0,96.5,27.0,2.3
2024-12-21 04:00:00,25.8,0.0,95.7,17.0,1.5
2024-12-21 05:00:00,25.7,0.0,95.9,320.0,1.7
2024-12-21 06:00:00,25.3,0.0,98.0,232.0,0.6
2024-12-21 07:00:00,25.3,0.0,98.0,12.0,1.2
2024-12-21 08:00:00,25.9,0.0,96.5,10.0,1.2
2024-12-21 09:00:00,27.3,0.0,89.4,346.0,2.4
2024-12-21 10:00:00,28.9,0.0,78.3,24.0,4.8
2024-12-21 11:00:00,29.6,0.0,73.2,40.0,6.7
2024-12-21 12:00:00,31.0,0.0,66.0,18.0,5.3
2024-12-21 13:00:00,30.5,0.0,65.5,30.0,6.3
2024-12-21 14:00:00,31.5,0.0,65.6,27.0,4.7
2024-12-21 15:00:00,27.6,0.0,87.4,45.0,5.7
2024-12-21 16:00:00,26.2,0.0,99.3,50.0,1.7
2024-12-21 17:00:00,26.5,0.0,98.6,46.5,1.9
2024-12-21 18:00:00,27.0,0.0,93.2,43.0,8.3
2024-12-21 19:00:00,26.9,0.0,91.7,35.0,4.1
2024-12-21 20:00:00,26.6,0.0,88.6,44.0,4.5
2024-12-21 21:00:00,26.5,0.0,89.1,36.0,5.0
2024-12-21 22:00:00,26.5,0.0,89.6,38.0,4.7
2024-12-21 23:00:00,26.4,0.0,88.8,43.0,5.0
2024-12-22 00:00:00,26.3,0.0,90.3,41.0,4.2
2024-12-22 01:00:00,26.1,0.0,92.2,40.0,3.7
2024-12-22 02:00:00,26.0,0.0,93.9,28.0,3.0
2024-12-22 03:00:00,26.0,0.0,94.3,37.0,3.6
2024-12-22 04:00:00,25.9,0.0,94.5,32.0,3.0
2024-12-22 05:00:00,25.9,0.0,94.9,36.0,4.2
2024-12-22 06:00:00,25.8,0.0,95.7,32.0,2.8
2024-12-22 07:00:00,25.6,0.0,97.1,33.0,2.6
2024-12-22 08:00:00,26.1,0.0,94.2,41.0,4.3
2024-12-22 09:00:00,26.8,0.0,89.8,31.0,4.2
2024-12-22 10:00:00,27.8,0.0,76.5,46.0,6.4
2024-12-22 11:00:00,28.6,0.0,68.8,26.0,5.4
2024-12-22 12:00:00,29.6,0.0,63.8,34.0,6.7
2024-12-22 13:00:00,30.4,0.0,63.1,29.0,6.5
2024-12-22 14:00:00,30.9,0.0,62.5,20.0,5.1
2024-12-22 15:00:00,30.7,0.0,65.4,36.0,5.2
2024-12-22 16:00:00,30.3,0.0,68.1,34.0,5.6
2024-12-22 17:00:00,28.2,0.0,81.7,23.0,5.7
2024-12-22 18:00:00,28.7,0.0,71.7,43.0,6.4
2024-12-22 19:00:00,28.3,0.0,77.8,41.0,4.7
2024-12-22 20:00:00,27.5,0.0,78.1,42.0,8.5
2024-12-22 21:00:00,27.0,0.0,83.1,37.0,5.7
2024-12-22 22:00:00,26.7,0.0,84.8,36.0,5.7
2024-12-22 23:00:00,26.5,0.0,85.8,40.0,7.1
2024-12-23 00:00:00,26.6,0.0,85.8,39.0,5.1
2024-12-23 01:00:00,26.5,0.0,86.3,33.0,4.6
2024-12-23 02:00:00,26.2,0.0,88.1,43.0,3.8
2024-12-23 03:00:00,26.0,0.0,89.6,39.0,4.3
2024-12-23 04:00:00,25.8,0.0,91.7,32.0,3.2
2024-12-23 05:00:00,25.9,0.0,91.7,39.0,4.8
2024-12-23 06:00:00,25.8,0.0,93.2,34.0,3.0
2024-12-23 07:00:00,25.8,0.0,93.3,22.0,2.6
2024-12-23 08:00:00,26.3,0.0,92.9,37.0,4.0
2024-12-23 09:00:00,27.3,0.0,86.6,42.0,4.2
2024-12-23 10:00:00,27.7,0.0,82.0,36.0,7.7
2024-12-23 11:00:00,29.5,0.0,74.4,15.0,5.5
2024-12-23 12:00:00,29.9,0.0,70.1,25.0,4.9
2024-12-23 13:00:00,31.3,0.0,64.3,18.0,4.3
2024-12-23 14:00:00,30.5,0.0,70.4,354.0,4.6
2024-12-23 15:00:00,29.1,0.0,80.6,176.0,3.2
2024-12-23 16:00:00,28.5,0.0,85.2,147.0,5.3
2024-12-23 17:00:00,24.2,4.6,99.3,28.0,6.4
2024-12-23 18:00:00,25.0,0.2,99.4,10.0,2.5
2024-12-23 19:00:00,25.3,0.0,99.3,13.0,2.3
2024-12-23 20:00:00,25.0,0.2,99.3,358.0,3.2
2024-12-23 21:00:00,24.0,0.2,99.3,8.0,2.6
2024-12-23 22:00:00,24.2,0.6,99.4,343.0,1.7
2024-12-23 23:00:00,24.4,0.0,99.3,353.0,1.6
2024-12-24 00:00:00,24.5,0.0,99.4,24.0,2.6
2024-12-24 01:00:00,24.4,0.2,99.4,3.0,1.3
2024-12-24 02:00:00,24.4,0.0,99.4,19.0,2.3
2024-12-24 03:00:00,24.5,0.0,99.3,29.0,2.6
2024-12-24 04:00:00,24.4,0.0,99.3,27.0,2.4
2024-12-24 05:00:00,24.4,0.0,99.3,36.0,4.2
2024-12-24 06:00:00,24.5,0.0,99.3,24.0,1.9
2024-12-24 07:00:00,24.5,0.0,99.3,36.0,3.8
2024-12-24 08:00:00,25.1,0.0,99.3,340.0,1.7
2024-12-24 09:00:00,25.8,0.0,98.8,29.0,4.4
2024-12-24 10:00:00,26.6,0.0,91.3,25.0,5.1
2024-12-24 11:00:00,27.8,0.0,83.3,33.0,6.4
2024-12-24 12:00:00,29.5,0.0,76.3,358.0,3.7
2024-12-24 13:00:00,30.0,0.0,71.4,20.0,4.0
2024-12-24 14:00:00,30.4,0.0,68.6,10.0,3.7
2024-12-24 15:00:00,26.4,0.0,98.9,23.0,2.6
2024-12-24 16:00:00,28.5,0.0,88.3,45.0,3.6
2024-12-24 17:00:00,26.9,0.2,95.3,143.0,3.8
2024-12-24 18:00:00,27.2,0.0,97.5,18.0,1.3
2024-12-24 19:00:00,27.2,0.0,96.7,63.0,3.0
2024-12-24 20:00:00,26.7,0.0,89.3,45.0,3.5
2024-12-24 21:00:00,26.6,0.0,89.6,29.0,2.7
2024-12-24 22:00:00,26.1,0.0,91.4,39.0,6.3
2024-12-24 23:00:00,26.0,0.0,91.8,35.0,4.1
2024-12-25 00:00:00,25.7,0.0,91.8,30.0,2.7
2024-12-25 01:00:00,25.9,0.0,85.2,38.0,4.1
2024-12-25 02:00:00,25.7,0.0,88.1,41.0,4.6
2024-12-25 03:00:00,25.2,0.0,93.5,40.0,3.9
2024-12-25 04:00:00,25.1,0.0,94.2,29.0,2.7
2024-12-25 05:00:00,25.0,0.0,94.5,27.0,2.4
2024-12-25 06:00:00,25.0,0.0,93.1,24.0,2.2
2024-12-25 07:00:00,25.1,0.0,92.9,31.0,2.9
2024-12-25 08:00:00,26.1,0.0,87.4,34.0,3.4
2024-12-25 09:00:00,27.5,0.0,79.2,19.0,4.2
2024-12-25 10:00:00,28.1,0.0,72.7,32.0,7.9
2024-12-25 11:00:00,29.9,0.0,67.3,33.0,3.6
2024-12-25 12:00:00,30.0,0.0,63.1,27.0,4.3
2024-12-25 13:00:00,30.0,0.0,60.5,355.0,3.1
2024-12-25 14:00:00,30.8,0.0,64.4,331.0,1.6
2024-12-25 15:00:00,29.0,0.0,71.4,353.0,3.0
2024-12-25 16:00:00,28.8,0.0,70.4,2.0,2.3
2024-12-25 17:00:00,28.4,0.0,74.3,9.0,3.3
2024-12-25 18:00:00,28.1,0.0,72.7,32.0,6.0
2024-12-25 19:00:00,27.0,0.0,80.0,22.0,4.2
2024-12-25 20:00:00,26.4,0.0,80.6,6.0,2.7
2024-12-25 21:00:00,26.3,0.0,84.3,14.0,1.6
2024-12-25 22:00:00,26.2,0.0,81.2,14.0,2.4
2024-12-25 23:00:00,25.9,0.0,82.8,9.0,2.8
2024-12-26 00:00:00,25.5,0.0,87.5,5.0,2.1
2024-12-26 01:00:00,25.3,0.0,88.2,345.0,1.9
2024-12-26 02:00:00,25.1,0.0,86.3,358.0,2.5
2024-12-26 03:00:00,24.8,0.0,89.0,30.0,2.2
2024-12-26 04:00:00,25.0,0.0,88.2,24.0,1.8
2024-12-26 05:00:00,25.1,0.0,87.0,254.0,0.7
2024-12-26 06:00:00,25.5,0.0,85.1,347.0,1.2
2024-12-26 07:00:00,25.4,0.0,86.2,328.0,1.4
2024-12-26 08:00:00,25.3,0.0,95.4,2.0,2.1
2024-12-26 09:00:00,26.8,0.0,92.3,19.0,2.6
2024-12-26 10:00:00,27.9,0.0,81.3,2.0,2.8
2024-12-26 11:00:00,29.9,0.0,70.3,359.0,3.8
2024-12-26 12:00:00,28.9,0.0,72.9,24.0,3.4
2024-12-26 13:00:00,30.0,0.0,70.8,11.0,4.3
2024-12-26 14:00:00,30.6,0.0,68.3,6.0,2.8
2024-12-26 15:00:00,30.0,0.0,71.2,34.0,4.5
2024-12-26 16:00:00,30.1,0.0,72.0,321.0,1.8
2024-12-26 17:00:00,28.1,0.0,84.1,182.0,1.8
2024-12-26 18:00:00,26.0,0.0,97.3,128.0,2.7
2024-12-26 19:00:00,26.7,0.0,98.9,320.0,1.1
2024-12-26 20:00:00,26.5,0.0,97.9,230.0,0.5
2024-12-26 21:00:00,26.5,0.0,97.2,30.0,3.1
2024-12-26 22:00:00,26.3,0.0,96.8,12.0,2.0
2024-12-26 23:00:00,26.1,0.0,96.3,323.0,1.0
2024-12-27 00:00:00,26.0,0.0,98.2,1.0,1.4
2024-12-27 01:00:00,26.2,0.0,98.6,27.0,2.7
2024-12-27 02:00:00,25.8,0.0,99.3,16.0,1.7
2024-12-27 03:00:00,25.8,0.0,99.3,309.0,1.1
2024-12-27 04:00:00,25.9,0.0,99.3,34.0,3.3
2024-12-27 05:00:00,26.0,0.0,98.7,34.0,3.2
2024-12-27 06:00:00,25.7,0.0,99.3,25.0,2.0
2024-12-27 07:00:00,25.7,0.0,99.3,334.0,1.3
2024-12-27 08:00:00,26.1,0.0,97.3,5.0,2.3
2024-12-27 09:00:00,26.8,0.0,94.5,355.0,1.4
2024-12-27 10:00:00,27.8,0.0,86.8,25.0,4.1
2024-12-27 11:00:00,29.0,0.0,76.2,24.0,5.0
2024-12-27 12:00:00,30.1,0.0,65.2,16.0,4.0
2024-12-27 13:00:00,31.2,0.0,61.2,7.0,3.7
2024-12-27 14:00:00,32.4,0.0,56.3,28.0,3.2
2024-12-27 15:00:00,31.3,0.0,62.6,19.0,3.6
2024-12-27 16:00:00,29.7,0.0,71.3,43.0,5.4
2024-12-27 17:00:00,28.7,0.0,88.5,105.0,1.8
2024-12-27 18:00:00,29.4,0.0,77.5,47.0,3.6
2024-12-27 19:00:00,28.9,0.0,84.4,52.0,3.0
2024-12-27 20:00:00,28.0,0.0,80.5,38.0,4.3
2024-12-27 21:00:00,27.5,0.0,78.1,39.0,5.5
2024-12-27 22:00:00,26.9,0.0,87.2,37.0,3.5
2024-12-27 23:00:00,26.6,0.0,89.6,34.0,2.4
2024-12-28 00:00:00,26.5,0.0,89.7,38.0,3.3
2024-12-28 01:00:00,26.0,0.0,93.3,25.0,2.5
2024-12-28 02:00:00,26.1,0.0,92.3,39.0,4.6
2024-12-28 03:00:00,25.9,0.0,93.4,37.0,4.3
2024-12-28 04:00:00,25.4,0.0,95.2,13.0,1.9
2024-12-28 05:00:00,25.2,0.0,95.0,2.0,2.3
2024-12-28 06:00:00,25.3,0.0,97.6,19.0,1.7
2024-12-28 07:00:00,25.3,0.0,98.3,27.0,2.5
2024-12-28 08:00:00,25.9,0.0,96.9,36.0,3.9
2024-12-28 09:00:00,27.4,0.0,89.1,34.0,4.3
2024-12-28 10:00:00,28.8,0.0,76.4,46.0,6.1
2024-12-28 11:00:00,29.7,0.0,75.1,44.0,6.2
2024-12-28 12:00:00,30.7,0.0,70.7,53.0,5.4
2024-12-28 13:00:00,30.9,0.0,66.1,31.0,5.4
2024-12-28 14:00:00,31.6,0.0,64.4,33.0,6.7
2024-12-28 15:00:00,32.4,0.0,64.4,35.0,3.7
2024-12-28 16:00:00,31.3,0.0,67.0,53.0,5.8
2024-12-28 17:00:00,28.7,0.0,81.1,38.0,3.9
2024-12-28 18:00:00,29.3,0.0,76.4,56.0,2.8
2024-12-28 19:00:00,29.1,0.0,80.2,56.0,3.5
2024-12-28 20:00:00,26.5,0.2,99.1,240.0,1.3
2024-12-28 21:00:00,26.5,0.0,99.3,40.0,2.4
2024-12-28 22:00:00,27.0,0.0,94.3,42.0,5.4
2024-12-28 23:00:00,27.1,0.0,91.3,36.0,6.8
2024-12-29 00:00:00,26.9,0.0,92.0,36.0,8.5
2024-12-29 01:00:00,26.7,0.0,94.9,39.0,4.9
2024-12-29 02:00:00,26.6,0.0,95.7,34.0,4.2
2024-12-29 03:00:00,26.6,0.0,96.0,37.0,5.7
2024-12-29 04:00:00,26.4,0.0,97.5,36.0,4.9
2024-12-29 05:00:00,26.3,0.0,98.4,35.0,4.5
2024-12-29 06:00:00,26.1,0.0,98.7,38.0,4.5
2024-12-29 07:00:00,25.6,0.0,99.3,354.0,2.1
2024-12-29 08:00:00,25.9,0.0,99.3,27.0,2.4
2024-12-29 09:00:00,27.8,0.0,87.8,44.0,7.4
2024-12-29 10:00:00,29.0,0.0,80.0,32.0,6.1
2024-12-29 11:00:00,29.8,0.0,77.0,39.0,7.1
2024-12-29 12:00:00,30.8,0.0,69.7,32.0,4.7
2024-12-29 13:00:00,30.8,0.0,67.6,32.0,6.5
2024-12-29 14:00:00,31.0,0.0,70.2,35.0,8.39999
2024-12-29 15:00:00,30.1,0.0,75.7,67.0,3.9
2024-12-29 16:00:00,27.3,0.0,90.2,226.0,4.8
2024-12-29 17:00:00,24.7,0.6,99.3,74.0,2.6
2024-12-29 18:00:00,24.5,0.0,99.3,140.0,2.3
2024-12-29 19:00:00,25.0,0.0,99.3,347.0,1.6
2024-12-29 20:00:00,25.4,0.0,99.3,14.0,2.1
2024-12-29 21:00:00,25.8,0.0,99.3,13.0,1.9
2024-12-29 22:00:00,26.0,0.0,99.3,14.0,2.0
2024-12-29 23:00:00,26.0,0.0,99.3,33.0,2.7
2024-12-30 00:00:00,25.9,0.0,99.3,15.0,2.1
2024-12-30 01:00:00,25.4,0.0,99.3,1.0,2.6
2024-12-30 02:00:00,25.1,0.0,99.3,339.0,3.2
2024-12-30 03:00:00,24.8,0.0,99.3,356.0,3.1
2024-12-30 04:00:00,23.6,0.4,99.3,40.0,5.3
2024-12-30 05:00:00,24.0,0.0,99.3,39.0,4.0
2024-12-30 06:00:00,24.4,0.0,99.3,16.0,1.8
2024-12-30 07:00:00,24.4,0.0,99.3,298.0,1.2
2024-12-30 08:00:00,24.6,0.0,99.3,302.0,2.5
2024-12-30 09:00:00,25.2,0.0,99.3,237.0,1.1
2024-12-30 10:00:00,26.3,0.0,96.2,22.0,2.0
2024-12-30 11:00:00,26.4,0.0,96.5,349.0,2.2
2024-12-30 12:00:00,27.8,0.0,91.1,52.0,5.1
2024-12-30 13:00:00,28.7,0.0,85.0,35.0,6.6
2024-12-30 14:00:00,28.2,0.0,89.3,39.0,5.1
2024-12-30 15:00:00,29.7,0.0,75.9,15.0,4.0
2024-12-30 16:00:00,30.3,0.0,71.1,9.0,3.7
2024-12-30 17:00:00,29.0,0.0,81.2,42.0,5.5
2024-12-30 18:00:00,26.2,0.0,99.3,23.0,3.4
2024-12-30 19:00:00,25.9,0.0,98.9,5.0,3.3
2024-12-30 20:00:00,25.8,0.0,98.7,34.0,4.5
2024-12-30 21:00:00,25.7,0.0,98.9,25.0,3.4
2024-12-30 22:00:00,25.6,0.0,98.6,14.0,2.6
2024-12-30 23:00:00,25.7,0.0,99.0,23.0,1.9
2024-12-31 00:00:00,25.8,0.0,96.4,38.0,4.3
2024-12-31 01:00:00,25.7,0.0,96.6,39.0,3.6
2024-12-31 02:00:00,25.5,0.0,98.5,11.0,1.7
2024-12-31 03:00:00,25.1,0.0,99.3,7.0,2.1
2024-12-31 04:00:00,25.1,0.0,99.3,359.0,1.8
2024-12-31 05:00:00,25.1,0.0,99.1,356.0,1.4
2024-12-31 06:00:00,25.0,0.0,99.3,351.0,1.5
2024-12-31 07:00:00,24.9,0.0,99.3,5.0,1.3
2024-12-31 08:00:00,25.4,0.0,99.3,1.0,2.0
2024-12-31 09:00:00,27.1,0.0,93.4,23.0,3.8
2024-12-31 10:00:00,27.8,0.0,86.2,26.0,6.9
2024-12-31 11:00:00,29.1,0.0,75.7,33.0,6.5
2024-12-31 12:00:00,30.4,0.0,70.4,4.0,3.7
2024-12-31 13:00:00,31.0,0.0,67.1,356.0,5.8
2024-12-31 14:00:00,32.2,0.0,63.8,19.0,4.5
2024-12-31 15:00:00,27.2,1.0,93.8,19.0,5.3
2024-12-31 16:00:00,25.8,0.4,99.3,26.0,4.6
2024-12-31 17:00:00,24.7,0.0,99.3,140.0,2.8
2024-12-31 18:00:00,25.2,0.0,99.3,292.0,2.2
2024-12-31 19:00:00,25.2,0.2,99.3,4.0,2.1
2024-12-31 20:00:00,25.6,0.0,99.3,351.0,1.2
2024-12-31 21:00:00,25.8,0.0,99.3,28.0,2.9
2024-12-31 22:00:00,25.8,0.0,99.3,30.0,2.3
2024-12-31 23:00:00,25.6,0.0,99.3,27.0,2.6
2025-01-01 00:00:00,25.5,0.0,99.3,29.0,2.9
2025-01-01 01:00:00,25.4,0.0,99.3,25.0,2.2
2025-01-01 02:00:00,25.2,0.0,99.3,358.0,1.4
2025-01-01 03:00:00,24.9,0.0,99.3,7.0,1.4
2025-01-01 04:00:00,24.8,0.0,99.3,36.0,3.3
2025-01-01 05:00:00,24.7,0.0,99.3,31.0,2.5
2025-01-01 06:00:00,24.6,0.0,99.3,2.0,1.4
2025-01-01 07:00:00,24.4,0.0,99.3,278.0,0.7
2025-01-01 08:00:00,24.8,0.0,99.3,357.0,1.4
2025-01-01 09:00:00,26.1,0.0,99.3,27.0,3.2
2025-01-01 10:00:00,27.8,0.0,88.6,23.0,4.1
2025-01-01 11:00:00,29.3,0.0,75.4,10.0,5.7
2025-01-01 12:00:00,30.0,0.0,69.4,43.0,5.4
2025-01-01 13:00:00,30.5,0.0,69.7,32.0,4.0
2025-01-01 14:00:00,30.0,0.0,76.7,339.0,3.7
2025-01-01 15:00:00,28.4,0.0,84.0,226.0,3.3
2025-01-01 16:00:00,26.5,0.0,90.6,32.0,7.0
2025-01-01 17:00:00,28.0,0.0,89.8,53.0,2.9
2025-01-01 18:00:00,27.9,0.0,85.1,31.0,3.2
2025-01-01 19:00:00,27.2,0.0,88.2,20.0,2.6
2025-01-01 20:00:00,26.9,0.0,94.0,19.0,1.9
2025-01-01 21:00:00,26.8,0.0,96.1,38.0,3.6
2025-01-01 22:00:00,26.6,0.0,96.5,36.0,3.4
2025-01-01 23:00:00,26.5,0.0,96.0,34.0,3.1
2025-01-02 00:00:00,26.3,0.0,97.4,32.0,2.7
2025-01-02 01:00:00,26.0,0.0,99.3,26.0,2.3
2025-01-02 02:00:00,26.0,0.0,99.3,33.0,2.6
2025-01-02 03:00:00,25.7,0.0,99.3,33.0,3.0
2025-01-02 04:00:00,25.4,0.0,99.3,38.0,3.3
2025-01-02 05:00:00,25.2,0.0,99.3,29.0,2.3
2025-01-02 06:00:00,25.4,0.0,99.3,11.0,1.6
2025-01-02 07:00:00,25.3,0.0,99.3,20.0,2.1
2025-01-02 08:00:00,25.7,0.0,99.3,344.0,1.7
2025-01-02 09:00:00,26.9,0.0,96.0,8.0,2.7
2025-01-02 10:00:00,29.1,0.0,78.5,46.0,4.7
2025-01-02 11:00:00,30.2,0.0,75.0,25.0,3.4
2025-01-02 12:00:00,31.3,0.0,65.2,20.0,4.3
2025-01-02 13:00:00,30.3,0.0,68.7,7.0,2.9
2025-01-02 14:00:00,31.9,0.0,66.9,34.0,3.0
2025-01-02 15:00:00,31.1,0.0,67.5,12.0,2.8
2025-01-02 16:00:00,30.9,0.0,71.9,66.0,4.5
2025-01-02 17:00:00,26.3,0.0,99.3,21.0,2.7
2025-01-02 18:00:00,27.3,0.0,94.6,175.0,1.7
2025-01-02 19:00:00,27.9,0.0,92.6,24.0,3.4
2025-01-02 20:00:00,26.3,0.0,99.3,13.0,2.4
2025-01-02 21:00:00,26.4,0.0,99.3,29.0,2.7
2025-01-02 22:00:00,26.6,0.0,99.3,36.0,3.4
2025-01-02 23:00:00,26.5,0.0,99.3,26.0,2.6
2025-01-03 00:00:00,26.3,0.0,98.4,40.0,4.2
2025-01-03 01:00:00,26.2,0.0,97.5,36.0,3.9
2025-01-03 02:00:00,26.2,0.0,95.8,40.0,4.3
2025-01-03 03:00:00,25.8,0.0,98.8,4.0,1.3
2025-01-03 04:00:00,25.7,0.0,98.8,24.0,2.5
2025-01-03 05:00:00,25.5,0.0,99.3,38.0,3.8
2025-01-03 06:00:00,25.2,0.0,99.3,31.0,2.4
2025-01-03 07:00:00,25.1,0.0,99.3,10.0,1.3
2025-01-03 08:00:00,25.6,0.0,99.3,22.0,2.6
2025-01-03 09:00:00,27.4,0.0,91.5,30.0,4.9
2025-01-03 10:00:00,28.7,0.0,82.6,26.0,4.1
2025-01-03 11:00:00,29.9,0.0,67.9,21.0,5.0
2025-01-03 12:00:00,31.0,0.0,67.1,14.0,4.3
2025-01-03 13:00:00,30.7,0.0,65.2,25.0,4.8
2025-01-03 14:00:00,32.0,0.0,61.1,36.0,4.3
2025-01-03 15:00:00,33.5,0.0,55.1,355.0,2.9
2025-01-03 16:00:00,31.4,0.0,72.1,33.0,2.0
2025-01-03 17:00:00,28.4,0.0,90.2,174.0,3.2
2025-01-03 18:00:00,26.6,0.0,98.2,19.0,4.2
2025-01-03 19:00:00,26.0,0.0,99.3,333.0,1.6
2025-01-03 20:00:00,26.5,0.0,98.0,166.0,1.3
2025-01-03 21:00:00,26.8,0.0,96.4,37.0,3.3
2025-01-03 22:00:00,26.9,0.0,93.9,41.0,3.2
2025-01-03 23:00:00,26.6,0.0,97.3,36.0,3.3
2025-01-04 00:00:00,26.5,0.0,96.9,6.0,1.5
2025-01-04 01:00:00,26.5,0.0,96.4,289.0,0.8
2025-01-04 02:00:00,26.2,0.0,98.4,17.0,1.6
2025-01-04 03:00:00,26.1,0.0,99.3,9.0,1.6
2025-01-04 04:00:00,25.7,0.0,99.3,32.0,2.7
2025-01-04 05:00:00,25.5,0.0,99.3,254.0,1.0
2025-01-04 06:00:00,25.5,0.0,99.3,314.0,1.2
2025-01-04 07:00:00,25.3,0.0,99.3,340.0,1.0
2025-01-04 08:00:00,25.5,0.0,99.3,3.0,1.4
2025-01-04 09:00:00,27.4,0.0,92.2,346.0,3.2
2025-01-04 10:00:00,27.8,0.0,90.0,351.0,3.5
2025-01-04 11:00:00,29.1,0.0,80.6,13.0,4.5
2025-01-04 12:00:00,30.2,0.0,71.6,9.0,4.1
2025-01-04 13:00:00,30.5,0.0,69.8,30.0,4.5
2025-01-04 14:00:00,30.8,0.0,69.7,43.0,6.9
2025-01-04 15:00:00,30.8,0.0,65.9,41.0,7.3
2025-01-04 16:00:00,30.3,0.0,69.4,28.0,7.6
2025-01-04 17:00:00,30.0,0.0,71.9,16.0,4.6
2025-01-04 18:00:00,29.4,0.0,73.4,33.0,6.3
2025-01-04 19:00:00,28.5,0.0,77.0,23.0,5.6
2025-01-04 20:00:00,27.9,0.0,81.7,28.0,4.6
2025-01-04 21:00:00,27.4,0.0,86.0,39.0,4.3
2025-01-04 22:00:00,27.1,0.0,86.9,39.0,4.4
2025-01-04 23:00:00,26.9,0.0,90.5,35.0,3.9
2025-01-05 00:00:00,26.4,0.0,95.7,20.0,2.2
2025-01-05 01:00:00,26.2,0.0,98.0,25.0,2.6
2025-01-05 02:00:00,26.3,0.0,97.8,30.0,3.0
2025-01-05 03:00:00,26.2,0.0,98.2,30.0,3.0
2025-01-05 04:00:00,26.2,0.0,97.1,37.0,4.7
2025-01-05 05:00:00,25.8,0.0,99.3,34.0,3.1
2025-01-05 06:00:00,25.6,0.0,99.3,358.0,1.9
2025-01-05 07:00:00,25.3,0.0,99.3,17.0,1.8
2025-01-05 08:00:00,25.8,0.0,99.3,19.0,2.0
2025-01-05 09:00:00,27.1,0.0,91.2,3.0,3.2
2025-01-05 10:00:00,28.0,0.0,84.6,26.0,6.1
2025-01-05 11:00:00,29.3,0.0,77.1,23.0,5.1
2025-01-05 12:00:00,30.4,0.0,70.7,3.0,4.6
2025-01-05 13:00:00,31.7,0.0,67.2,7.0,5.0
2025-01-05 14:00:00,31.7,0.0,65.4,30.0,6.4
2025-01-05 15:00:00,32.5,0.0,61.4,350.0,3.5
2025-01-05 16:00:00,31.6,0.0,64.2,31.0,6.5
2025-01-05 17:00:00,28.8,0.0,89.7,8.0,2.3
2025-01-05 18:00:00,28.9,0.0,82.4,39.0,6.9
2025-01-05 19:00:00,28.1,0.0,82.2,34.0,7.5
2025-01-05 20:00:00,27.8,0.0,81.9,35.0,8.7
2025-01-05 21:00:00,27.2,0.0,84.5,27.0,5.7
2025-01-05 22:00:00,27.1,0.0,86.9,35.0,7.3
2025-01-05 23:00:00,26.8,0.0,91.2,44.0,5.0
2025-01-06 00:00:00,26.6,0.0,93.1,37.0,6.1
2025-01-06 01:00:00,26.5,0.0,94.6,41.0,6.1
2025-01-06 02:00:00,26.4,0.0,93.9,35.0,6.1
2025-01-06 03:00:00,26.5,0.0,92.5,36.0,7.1
2025-01-06 04:00:00,26.4,0.0,93.1,39.0,5.9
2025-01-06 05:00:00,26.2,0.0,95.0,38.0,7.2
2025-01-06 06:00:00,26.1,0.0,96.5,40.0,5.6
2025-01-06 07:00:00,26.1,0.0,97.5,38.0,5.2
2025-01-06 08:00:00,26.7,0.0,96.5,41.0,5.6
2025-01-06 09:00:00,27.3,0.0,90.9,36.0,8.5
2025-01-06 10:00:00,29.0,0.0,84.7,38.0,5.4
2025-01-06 11:00:00,29.5,0.0,79.0,44.0,6.6
2025-01-06 12:00:00,30.5,0.0,71.0,38.0,6.8
2025-01-06 13:00:00,30.7,0.0,69.7,52.0,7.0
2025-01-06 14:00:00,30.6,0.0,71.8,38.0,6.5
2025-01-06 15:00:00,30.6,0.0,69.6,42.0,6.8
2025-01-06 16:00:00,30.8,0.0,70.0,47.0,6.8
2025-01-06 17:00:00,29.5,0.0,73.7,40.0,9.3
2025-01-06 18:00:00,29.1,0.0,77.3,46.0,7.4
2025-01-06 19:00:00,28.3,0.0,78.6,38.0,8.10001
2025-01-06 20:00:00,27.7,0.0,85.2,33.0,7.2
2025-01-06 21:00:00,27.4,0.0,86.9,39.0,5.4
2025-01-06 22:00:00,27.0,0.0,87.5,37.0,4.5
2025-01-06 23:00:00,26.7,0.0,88.4,23.0,2.5
2025-01-07 00:00:00,26.2,0.0,91.8,26.0,3.0
2025-01-07 01:00:00,25.9,0.0,95.5,33.0,3.3
2025-01-07 02:00:00,25.9,0.0,94.5,354.0,1.9
2025-01-07 03:00:00,25.6,0.0,95.7,336.0,2.1
2025-01-07 04:00:00,25.4,0.0,96.3,358.0,2.1
2025-01-07 05:00:00,25.3,0.0,97.6,348.0,2.0
2025-01-07 06:00:00,25.1,0.0,98.7,356.0,1.7
2025-01-07 07:00:00,25.1,0.0,99.3,15.0,1.4
2025-01-07 08:00:00,25.8,0.0,95.6,359.0,1.7
2025-01-07 09:00:00,27.2,0.0,89.6,28.0,5.2
2025-01-07 10:00:00,29.2,0.0,78.0,346.0,3.9
2025-01-07 11:00:00,29.4,0.0,74.6,4.0,4.2
2025-01-07 12:00:00,29.6,0.0,74.2,22.0,5.6
2025-01-07 13:00:00,30.2,0.0,69.9,352.0,5.1
2025-01-07 14:00:00,26.3,0.0,98.7,259.0,5.3
2025-01-07 15:00:00,29.9,0.0,81.5,290.0,4.0
2025-01-07 16:00:00,29.7,0.0,72.3,304.0,5.0
2025-01-07 17:00:00,31.0,0.0,67.3,351.0,4.0
2025-01-07 18:00:00,30.7,0.0,69.7,353.0,3.7
2025-01-07 19:00:00,29.4,0.0,69.2,33.0,7.4
2025-01-07 20:00:00,28.4,0.0,73.6,32.0,4.2
2025-01-07 21:00:00,28.0,0.0,73.8,39.0,3.6
2025-01-07 22:00:00,27.8,0.0,72.4,40.0,4.6
2025-01-07 23:00:00,27.1,0.0,80.7,40.0,4.7
2025-01-08 00:00:00,26.6,0.0,91.4,38.0,4.9
2025-01-08 01:00:00,26.6,0.0,93.5,34.0,4.1
2025-01-08 02:00:00,26.3,0.0,96.1,28.0,2.6
2025-01-08 03:00:00,25.9,0.0,96.4,347.0,1.4
2025-01-08 04:00:00,25.9,0.0,94.4,348.0,1.7
2025-01-08 05:00:00,25.7,0.0,98.1,309.0,2.0
2025-01-08 06:00:00,25.7,0.0,98.7,319.0,1.4
2025-01-08 07:00:00,25.9,0.0,97.9,318.0,0.8
2025-01-08 08:00:00,26.2,0.0,95.8,345.0,1.5
2025-01-08 09:00:00,26.9,0.0,93.6,28.0,4.4
2025-01-08 10:00:00,28.6,0.0,84.1,12.0,4.2
2025-01-08 11:00:00,29.9,0.0,73.9,34.0,7.5
2025-01-08 12:00:00,30.0,0.0,69.3,26.0,6.5
2025-01-08 13:00:00,30.4,0.0,68.7,24.0,4.2
2025-01-08 14:00:00,32.0,0.0,60.9,45.0,5.7
2025-01-08 15:00:00,31.9,0.0,61.3,35.0,5.0
2025-01-08 16:00:00,31.8,0.0,56.1,20.0,6.7
2025-01-08 17:00:00,32.1,0.0,58.6,20.0,5.4
2025-01-08 18:00:00,31.6,0.0,60.5,22.0,5.3
2025-01-08 19:00:00,29.8,0.0,71.5,35.0,7.0
2025-01-08 20:00:00,28.8,0.0,78.1,35.0,5.5
2025-01-08 21:00:00,27.9,0.0,77.6,32.0,5.8
2025-01-08 22:00:00,27.3,0.0,79.4,31.0,5.8
2025-01-08 23:00:00,27.1,0.0,84.8,29.0,5.8
2025-01-09 00:00:00,26.8,0.0,88.9,19.0,3.9
2025-01-09 01:00:00,26.1,0.0,93.1,13.0,3.1
2025-01-09 02:00:00,25.9,0.0,93.2,32.0,5.1
2025-01-09 03:00:00,25.6,0.0,96.3,24.0,3.1
2025-01-09 04:00:00,25.5,0.0,97.7,36.0,3.8
2025-01-09 05:00:00,25.4,0.0,96.8,21.0,2.4
2025-01-09 06:00:00,25.4,0.0,95.6,37.0,4.7
2025-01-09 07:00:00,25.5,0.0,95.4,37.0,5.2
2025-01-09 08:00:00,26.0,0.0,95.2,27.0,3.6
2025-01-09 09:00:00,27.6,0.0,88.2,24.0,3.7
2025-01-09 10:00:00,28.4,0.0,78.3,19.0,5.5
2025-01-09 11:00:00,29.9,0.0,70.6,30.0,7.5
2025-01-09 12:00:00,30.4,0.0,63.1,31.0,7.1
2025-01-09 13:00:00,30.9,0.0,57.5,22.0,6.9
2025-01-09 14:00:00,31.9,0.0,53.6,32.0,7.7
2025-01-09 15:00:00,31.5,0.0,53.4,19.0,6.1
2025-01-09 16:00:00,31.5,0.0,53.1,35.0,8.39999
2025-01-09 17:00:00,31.2,0.0,55.9,24.0,6.3
2025-01-09 18:00:00,30.0,0.0,61.0,21.0,6.8
2025-01-09 19:00:00,29.2,0.0,65.0,33.0,9.2
2025-01-09 20:00:00,28.5,0.0,70.3,35.0,6.8
2025-01-09 21:00:00,27.8,0.0,77.9,22.0,4.0
2025-01-09 22:00:00,27.3,0.0,80.0,18.0,3.1
2025-01-09 23:00:00,27.1,0.0,79.4,7.0,2.4
2025-01-10 00:00:00,26.6,0.0,83.2,5.0,2.5
2025-01-10 01:00:00,26.4,0.0,85.2,1.0,2.1
2025-01-10 02:00:00,26.1,0.0,88.0,11.0,2.2
2025-01-10 03:00:00,25.9,0.0,91.5,21.0,2.8
2025-01-10 04:00:00,25.8,0.0,91.5,357.0,2.4
2025-01-10 05:00:00,25.6,0.0,93.3,343.0,2.4
2025-01-10 06:00:00,25.6,0.0,95.4,348.0,2.0
2025-01-10 07:00:00,25.7,0.0,95.1,10.0,1.7
2025-01-10 08:00:00,25.5,0.0,96.9,306.0,1.7
2025-01-10 09:00:00,25.3,0.2,99.3,268.0,1.2
2025-01-10 10:00:00,25.1,0.0,99.3,7.0,2.8
2025-01-10 11:00:00,23.8,0.4,99.3,30.0,4.7
2025-01-10 12:00:00,23.5,0.4,99.4,332.0,2.5
2025-01-10 13:00:00,23.3,0.6,99.4,339.0,3.0
2025-01-10 14:00:00,23.2,0.4,99.4,332.0,1.7
2025-01-10 15:00:00,22.9,0.4,99.4,282.0,3.4
2025-01-10 16:00:00,23.0,0.2,99.4,355.0,1.9
2025-01-10 17:00:00,23.0,2.6,99.4,338.0,1.9
2025-01-10 18:00:00,23.1,1.4,99.4,286.0,3.0
2025-01-10 19:00:00,22.8,0.6,99.4,319.0,2.6
2025-01-10 20:00:00,22.3,1.4,99.4,328.0,3.1
2025-01-10 21:00:00,22.6,0.8,99.4,281.0,2.7
2025-01-10 22:00:00,22.1,0.4,99.4,285.0,2.9
2025-01-10 23:00:00,22.2,0.6,99.4,302.0,3.3
2025-01-11 00:00:00,22.3,0.0,99.4,297.0,2.8
2025-01-11 01:00:00,22.3,0.2,99.4,277.0,2.3
2025-01-11 02:00:00,22.3,0.2,99.4,262.0,2.7
2025-01-11 03:00:00,22.3,0.2,99.4,293.0,2.0
2025-01-11 04:00:00,22.5,0.6,99.4,129.0,1.8
2025-01-11 05:00:00,22.5,0.2,99.4,353.0,2.2
2025-01-11 06:00:00,22.4,1.2,99.4,342.0,2.1
2025-01-11 07:00:00,22.2,0.2,99.4,304.0,2.4
2025-01-11 08:00:00,22.1,0.6,99.4,339.0,4.4
2025-01-11 09:00:00,22.1,0.0,99.4,317.0,3.0
2025-01-11 10:00:00,22.5,0.0,99.4,300.0,2.5
2025-01-11 11:00:00,23.0,0.0,99.4,283.0,1.7
2025-01-11 12:00:00,23.5,0.2,99.4,313.0,2.0
2025-01-11 13:00:00,23.5,0.4,99.4,16.0,3.0
2025-01-11 14:00:00,23.9,0.0,99.4,330.0,3.0
2025-01-11 15:00:00,23.7,0.4,99.4,334.0,2.2
2025-01-11 16:00:00,23.7,0.2,99.4,5.0,2.9
2025-01-11 17:00:00,24.0,0.2,99.4,355.0,2.8
2025-01-11 18:00:00,24.3,0.0,99.4,34.0,4.7
2025-01-11 19:00:00,24.4,0.0,99.4,38.0,4.1
2025-01-11 20:00:00,24.5,0.0,99.4,32.0,3.1
2025-01-11 21:00:00,24.8,0.0,99.4,40.0,5.9
2025-01-11 22:00:00,24.9,0.0,99.3,38.0,4.7
2025-01-11 23:00:00,24.9,0.0,99.3,37.0,4.5
2025-01-12 00:00:00,24.6,0.0,99.3,8.0,2.6
2025-01-12 01:00:00,24.4,0.0,99.4,6.0,2.8
2025-01-12 02:00:00,24.7,0.0,99.4,29.0,5.7
2025-01-12 03:00:00,25.0,0.0,99.3,6.0,2.1
2025-01-12 04:00:00,25.1,0.0,99.3,35.0,3.3
2025-01-12 05:00:00,25.4,0.0,99.3,36.0,5.5
2025-01-12 06:00:00,24.8,0.0,99.3,36.0,4.4
2025-01-12 07:00:00,25.0,0.0,99.3,37.0,5.9
2025-01-12 08:00:00,24.5,0.0,99.3,353.0,2.5
2025-01-12 09:00:00,24.9,0.0,99.4,23.0,2.6
2025-01-12 10:00:00,25.6,0.0,99.3,33.0,4.8
2025-01-12 11:00:00,26.7,0.0,99.1,40.0,5.7
2025-01-12 12:00:00,24.9,0.2,99.3,40.0,9.0
2025-01-12 13:00:00,27.1,0.0,94.4,43.0,9.7
2025-01-12 14:00:00,25.2,0.0,99.3,46.0,8.7
2025-01-12 15:00:00,27.1,0.0,94.0,35.0,6.5
2025-01-12 16:00:00,25.3,0.2,99.3,34.0,10.4
2025-01-12 17:00:00,25.4,0.0,99.3,36.0,4.6
2025-01-12 18:00:00,25.5,0.0,99.3,39.0,4.4
2025-01-12 19:00:00,24.8,1.2,99.4,38.0,6.6
2025-01-12 20:00:00,24.7,0.0,99.4,352.0,1.3
2025-01-12 21:00:00,24.4,1.4,99.4,27.0,2.9
2025-01-12 22:00:00,24.4,0.0,99.4,41.0,6.5
2025-01-12 23:00:00,24.3,0.2,99.4,351.0,3.4
2025-01-13 00:00:00,24.1,1.2,99.4,244.0,1.9
2025-01-13 01:00:00,24.1,0.2,99.4,237.0,5.2
2025-01-13 02:00:00,24.2,2.8,99.4,50.0,4.0
2025-01-13 03:00:00,23.5,2.0,99.4,357.0,4.1
2025-01-13 04:00:00,23.7,0.0,99.4,33.0,3.6
2025-01-13 05:00:00,23.9,0.0,99.4,36.0,3.0
2025-01-13 06:00:00,24.1,0.0,99.4,40.0,5.5
2025-01-13 07:00:00,24.4,0.0,99.3,38.0,5.5
2025-01-13 08:00:00,24.5,0.2,99.4,32.0,2.7
2025-01-13 09:00:00,24.0,0.2,99.4,350.0,2.3
2025-01-13 10:00:00,24.0,0.2,99.4,357.0,2.4
2025-01-13 11:00:00,24.3,0.0,99.4,20.0,3.5
2025-01-13 12:00:00,24.5,0.0,99.3,26.0,4.8
2025-01-13 13:00:00,25.5,0.0,99.3,16.0,3.9
2025-01-13 14:00:00,25.1,0.0,99.3,28.0,5.0
2025-01-13 15:00:00,25.2,0.0,99.3,41.0,4.2
2025-01-13 16:00:00,25.3,0.0,99.3,31.0,4.2
2025-01-13 17:00:00,24.8,0.0,99.4,43.0,3.4
2025-01-13 18:00:00,24.3,0.0,99.4,34.0,4.0
2025-01-13 19:00:00,24.4,0.0,99.4,20.0,2.7
2025-01-13 20:00:00,24.6,0.0,99.4,29.0,2.9
2025-01-13 21:00:00,24.7,0.0,99.4,21.0,1.8
2025-01-13 22:00:00,24.7,0.0,99.4,30.0,3.0
2025-01-13 23:00:00,24.6,0.0,99.4,25.0,2.4
2025-01-14 00:00:00,24.5,0.0,99.4,7.0,1.7
2025-01-14 01:00:00,24.4,0.0,99.4,358.0,1.6
2025-01-14 02:00:00,24.6,0.0,99.3,37.0,4.2
2025-01-14 03:00:00,24.3,0.0,99.3,29.0,3.5
2025-01-14 04:00:00,24.3,0.0,99.3,17.0,2.1
2025-01-14 05:00:00,24.0,0.0,99.3,358.0,1.6
2025-01-14 06:00:00,23.9,0.0,99.4,346.0,1.4
2025-01-14 07:00:00,23.9,0.0,99.4,352.0,1.4
2025-01-14 08:00:00,24.1,0.0,99.3,357.0,1.6
2025-01-14 09:00:00,24.116,0.0,99.3,355.72,1.6
2025-01-14 10:00:00,24.132,0.0,99.3,354.44,1.6
2025-01-14 11:00:00,24.148,0.0,99.3,353.16,1.6
2025-01-14 12:00:00,,,,,
2025-01-14 13:00:00,,,,,
2025-01-14 14:00:00,,,,,
2025-01-14 15:00:00,,,,,
2025-01-14 16:00:00,,,,,
2025-01-14 17:00:00,,,,,
2025-01-14 18:00:00,,,,,
2025-01-14 19:00:00,,,,,
2025-01-14 20:00:00,,,,,
2025-01-14 21:00:00,,,,,
2025-01-14 22:00:00,,,,,
2025-01-14 23:00:00,,,,,
2025-01-15 00:00:00,,,,,
2025-01-15 01:00:00,,,,,
2025-01-15 02:00:00,,,,,
2025-01-15 03:00:00,,,,,
2025-01-15 04:00:00,,,,,
2025-01-15 05:00:00,,0.0,,,
2025-01-15 06:00:00,24.452,0.0,99.3,328.84000000000003,1.6
2025-01-15 07:00:00,24.468,0.0,99.3,327.56,1.6
2025-01-15 08:00:00,24.484,0.0,99.3,326.28,1.6
2025-01-15 09:00:00,24.5,0.0,99.3,325.0,1.6
2025-01-15 10:00:00,25.6,0.0,99.3,350.0,1.8
2025-01-15 11:00:00,26.0,0.0,96.1,336.0,1.6
2025-01-15 12:00:00,27.2,0.0,89.6,333.0,2.4
2025-01-15 13:00:00,27.9,0.0,84.7,312.0,1.4
2025-01-15 14:00:00,27.8,0.0,86.7,238.0,2.1
2025-01-15 15:00:00,27.5,0.0,89.3,268.0,4.0
2025-01-15 16:00:00,27.0,0.0,94.8,246.0,2.8
2025-01-15 17:00:00,26.3,0.0,99.3,148.0,2.0
2025-01-15 18:00:00,26.0,0.0,99.3,251.0,1.4
2025-01-15 19:00:00,25.9,0.0,99.3,275.0,0.7
2025-01-15 20:00:00,24.9,0.0,99.3,355.0,1.0
2025-01-15 21:00:00,25.1,0.0,99.4,7.0,1.4
2025-01-15 22:00:00,25.2,0.0,99.4,19.0,1.9
2025-01-15 23:00:00,25.2,0.0,99.4,3.0,1.4
2025-01-16 00:00:00,25.3,0.0,99.4,20.0,1.7
2025-01-16 01:00:00,25.2,0.0,99.4,10.0,1.8
2025-01-16 02:00:00,25.0,0.0,99.4,13.0,2.1
2025-01-16 03:00:00,24.8,0.0,99.4,25.0,2.3
2025-01-16 04:00:00,24.6,0.0,99.4,1.0,2.0
2025-01-16 05:00:00,24.5,0.0,99.4,3.0,2.1
2025-01-16 06:00:00,24.5,0.0,99.4,355.0,1.5
2025-01-16 07:00:00,24.3,0.0,99.4,1.0,1.5
2025-01-16 08:00:00,24.3,0.0,99.4,6.0,1.7
2025-01-16 09:00:00,25.4,0.0,99.4,11.0,2.3
2025-01-16 10:00:00,26.8,0.0,99.3,18.0,4.8
2025-01-16 11:00:00,28.2,0.0,89.2,19.0,5.3
2025-01-16 12:00:00,29.5,0.0,82.7,27.0,5.2
2025-01-16 13:00:00,29.5,0.0,75.8,20.0,6.2
2025-01-16 14:00:00,30.2,0.0,72.9,47.0,7.4
2025-01-16 15:00:00,28.8,0.0,76.7,41.0,11.6
2025-01-16 16:00:00,30.0,0.0,76.6,42.0,9.3
2025-01-16 17:00:00,29.8,0.0,76.6,43.0,6.4
2025-01-16 18:00:00,29.1,0.0,80.0,41.0,9.7
2025-01-16 19:00:00,27.8,0.0,87.0,39.0,7.9
2025-01-16 20:00:00,27.3,0.0,90.6,36.0,7.2
2025-01-16 21:00:00,26.9,0.0,92.7,37.0,8.8
2025-01-16 22:00:00,26.7,0.0,94.9,39.0,7.1
2025-01-16 23:00:00,26.5,0.0,95.8,45.0,7.3
2025-01-17 00:00:00,26.3,0.0,97.5,40.0,7.0
2025-01-17 01:00:00,26.1,0.0,98.1,38.0,6.0
2025-01-17 02:00:00,26.1,0.0,97.6,36.0,7.2
2025-01-17 03:00:00,25.9,0.0,98.5,35.0,3.8
2025-01-17 04:00:00,25.8,0.0,98.6,31.0,5.2
2025-01-17 05:00:00,25.3,0.0,99.3,22.0,2.5
2025-01-17 06:00:00,25.2,0.0,99.3,5.0,2.3
2025-01-17 07:00:00,25.2,0.0,99.3,29.0,3.5
2025-01-17 08:00:00,25.8,0.0,97.4,28.0,3.9
2025-01-17 09:00:00,27.0,0.0,92.4,35.0,6.4
2025-01-17 10:00:00,27.7,0.0,87.2,44.0,6.9
2025-01-17 11:00:00,27.5,0.0,90.5,35.0,10.2
2025-01-17 12:00:00,28.6,0.0,81.8,31.0,8.89999
2025-01-17 13:00:00,28.6,0.0,83.0,41.0,9.8
2025-01-17 14:00:00,27.1,0.0,86.4,41.0,13.3
2025-01-17 15:00:00,25.9,0.0,99.3,43.0,8.60001
2025-01-17 16:00:00,26.3,0.0,99.3,32.0,7.2
2025-01-17 17:00:00,27.1,0.0,93.0,41.0,7.7
2025-01-17 18:00:00,25.3,0.0,99.4,38.0,6.6
2025-01-17 19:00:00,25.9,0.0,99.3,36.0,4.4
2025-01-17 20:00:00,26.0,0.0,99.3,36.0,5.5
2025-01-17 21:00:00,26.1,0.0,98.1,34.0,5.7
2025-01-17 22:00:00,25.0,0.0,99.3,353.0,2.5
2025-01-17 23:00:00,24.9,0.2,99.4,32.0,3.9
2025-01-18 00:00:00,24.6,0.0,99.4,5.0,2.4
2025-01-18 01:00:00,24.5,0.0,99.4,351.0,2.8
2025-01-18 02:00:00,24.6,0.0,99.4,355.0,3.0
2025-01-18 03:00:00,24.6,0.0,99.4,354.0,2.4
2025-01-18 04:00:00,24.6,0.0,99.4,13.0,2.3
2025-01-18 05:00:00,24.5,0.0,99.4,10.0,2.8
2025-01-18 06:00:00,24.3,0.2,99.4,8.0,3.1
2025-01-18 07:00:00,24.2,0.0,99.4,5.0,2.2
2025-01-18 08:00:00,24.4,0.0,99.4,5.0,1.3
2025-01-18 09:00:00,25.0,0.0,99.4,350.0,3.0
2025-01-18 10:00:00,26.1,0.0,99.3,346.0,3.3
2025-01-18 11:00:00,26.6,0.0,99.3,34.0,4.9
2025-01-18 12:00:00,26.1,0.0,99.3,6.0,3.7
2025-01-18 13:00:00,26.6,0.0,92.8,33.0,8.10001
2025-01-18 14:00:00,28.4,0.0,88.1,33.0,5.7
2025-01-18 15:00:00,29.1,0.0,80.7,40.0,7.8
2025-01-18 16:00:00,28.9,0.0,79.6,37.0,6.8
2025-01-18 17:00:00,27.7,0.0,84.8,39.0,7.8
2025-01-18 18:00:00,26.8,0.0,96.6,43.0,5.1
2025-01-18 19:00:00,26.8,0.0,91.1,38.0,4.3
2025-01-18 20:00:00,24.8,0.0,99.4,18.0,2.1
2025-01-18 21:00:00,25.1,0.0,99.4,9.0,1.9
2025-01-18 22:00:00,25.1,0.0,99.4,12.0,2.7
2025-01-18 23:00:00,24.7,0.0,99.4,353.0,2.0
2025-01-19 00:00:00,24.6,0.0,99.4,341.0,2.3
2025-01-19 01:00:00,24.6,0.0,99.4,351.0,1.7
2025-01-19 02:00:00,24.5,0.0,99.4,346.0,1.7
2025-01-19 03:00:00,24.5,0.0,99.4,346.0,1.7
2025-01-19 04:00:00,24.5,0.0,99.4,313.0,1.5
2025-01-19 05:00:00,24.3,0.0,99.4,346.0,1.9
2025-01-19 06:00:00,24.2,0.0,99.4,343.0,2.4
2025-01-19 07:00:00,24.2,0.0,99.4,359.0,2.5
2025-01-19 08:00:00,24.3,0.0,99.4,336.0,2.4
2025-01-19 09:00:00,24.3,0.0,99.4,359.0,2.5
2025-01-19 10:00:00,24.7,0.0,99.4,341.0,2.1
2025-01-19 11:00:00,25.3,0.0,99.4,330.0,2.4
2025-01-19 12:00:00,26.2,0.0,99.3,316.0,3.5
2025-01-19 13:00:00,26.3,0.0,99.3,335.0,3.2
2025-01-19 14:00:00,26.2,0.0,99.4,336.0,2.9
2025-01-19 15:00:00,24.7,0.2,99.4,37.0,6.7
2025-01-19 16:00:00,26.0,0.0,99.3,27.0,4.9
2025-01-19 17:00:00,25.6,0.0,99.4,314.0,2.5
2025-01-19 18:00:00,26.3,0.0,99.3,35.0,4.3
2025-01-19 19:00:00,26.2,0.0,97.1,36.0,5.5
2025-01-19 20:00:00,26.0,0.0,98.8,34.0,4.0
2025-01-19 21:00:00,25.5,0.0,99.3,27.0,3.0
2025-01-19 22:00:00,25.3,0.0,99.3,10.0,2.1
2025-01-19 23:00:00,25.1,0.0,99.3,1.0,1.6
2025-01-20 00:00:00,24.8,0.0,99.3,354.0,1.8
2025-01-20 01:00:00,24.6,0.0,99.3,354.0,1.8
2025-01-20 02:00:00,24.5,0.0,99.3,339.0,2.5
2025-01-20 03:00:00,24.2,0.0,99.3,350.0,2.0
2025-01-20 04:00:00,24.1,0.0,99.4,342.0,2.1
2025-01-20 05:00:00,24.0,0.0,99.4,332.0,2.0
2025-01-20 06:00:00,24.5,0.0,99.3,33.0,3.6
2025-01-20 07:00:00,24.6,0.0,99.3,29.0,3.4
2025-01-20 08:00:00,24.8,0.0,99.3,359.0,2.2
2025-01-20 09:00:00,25.7,0.0,97.4,5.0,3.5
2025-01-20 10:00:00,27.6,0.0,84.0,34.0,6.8
2025-01-20 11:00:00,28.1,0.0,78.2,23.0,7.8
2025-01-20 12:00:00,28.3,0.0,78.9,25.0,6.5
2025-01-20 13:00:00,28.6,0.0,77.1,24.0,7.6
2025-01-20 14:00:00,29.2,0.0,71.1,21.0,6.6
2025-01-20 15:00:00,29.0,0.0,75.0,21.0,6.1
2025-01-20 16:00:00,28.4,0.0,78.8,26.0,5.5
2025-01-20 17:00:00,28.3,0.0,76.5,30.0,6.6
2025-01-20 18:00:00,28.1,0.0,79.7,15.0,3.8
2025-01-20 19:00:00,27.8,0.0,80.8,13.0,3.1
2025-01-20 20:00:00,26.7,0.0,86.4,1.0,2.3
2025-01-20 21:00:00,26.2,0.0,92.2,1.0,1.8
2025-01-20 22:00:00,25.9,0.0,96.6,24.0,2.0
2025-01-20 23:00:00,25.6,0.0,99.3,35.0,3.1
2025-01-21 00:00:00,25.5,0.0,98.6,30.0,2.9
2025-01-21 01:00:00,25.5,0.0,97.1,355.0,1.9
2025-01-21 02:00:00,25.3,0.0,99.2,2.0,2.2
2025-01-21 03:00:00,24.9,0.0,99.3,345.0,1.8
2025-01-21 04:00:00,24.9,0.0,99.3,358.0,1.4
2025-01-21 05:00:00,24.9,0.0,99.3,350.0,2.0
2025-01-21 06:00:00,25.1,0.0,98.0,354.0,1.9
2025-01-21 07:00:00,25.4,0.0,94.9,331.0,1.6
2025-01-21 08:00:00,25.3,0.0,96.4,8.0,1.9
2025-01-21 09:00:00,25.8,0.0,94.5,348.0,2.0
2025-01-21 10:00:00,26.9,0.0,92.2,22.0,2.5
2025-01-21 11:00:00,27.2,0.0,86.9,31.0,5.3
2025-01-21 12:00:00,27.0,0.0,84.5,35.0,6.4
2025-01-21 13:00:00,26.5,0.0,91.1,34.0,4.9
2025-01-21 14:00:00,26.6,0.0,89.8,34.0,7.3
2025-01-21 15:00:00,26.8,0.0,87.2,42.0,6.1
2025-01-21 16:00:00,25.6,0.0,94.8,353.0,3.2
2025-01-21 17:00:00,26.2,0.0,92.7,29.0,5.1
2025-01-21 18:00:00,26.3,0.0,90.2,36.0,6.9
2025-01-21 19:00:00,25.5,0.0,96.6,37.0,5.0
2025-01-21 20:00:00,24.9,0.0,99.3,36.0,4.9
2025-01-21 21:00:00,25.1,0.0,98.0,43.0,4.9
2025-01-21 22:00:00,25.3,0.0,96.3,41.0,5.1
2025-01-21 23:00:00,25.4,0.0,95.7,35.0,3.8
2025-01-22 00:00:00,25.2,0.0,98.1,39.0,6.1
2025-01-22 01:00:00,24.7,0.0,99.3,40.0,4.3
2025-01-22 02:00:00,24.9,0.0,99.3,39.0,4.9
2025-01-22 03:00:00,25.0,0.0,99.3,33.0,3.4
2025-01-22 04:00:00,24.6,0.0,99.3,34.0,2.8
2025-01-22 05:00:00,24.4,0.0,99.4,30.0,2.6
2025-01-22 06:00:00,24.5,0.0,99.4,28.0,2.7
2025-01-22 07:00:00,24.6,0.0,99.3,32.0,2.7
2025-01-22 08:00:00,25.0,0.0,99.3,7.0,2.3
2025-01-22 09:00:00,25.8,0.0,99.3,33.0,4.3
2025-01-22 10:00:00,26.5,0.0,96.7,33.0,4.3
2025-01-22 11:00:00,26.8,0.0,92.2,23.0,4.5
2025-01-22 12:00:00,27.2,0.0,88.6,6.0,3.9
2025-01-22 13:00:00,27.8,0.0,85.1,24.0,4.9
2025-01-22 14:00:00,27.9,0.0,83.6,32.0,4.7
2025-01-22 15:00:00,27.2,0.0,96.6,33.0,2.9
2025-01-22 16:00:00,26.4,0.0,98.4,36.0,5.8
2025-01-22 17:00:00,27.0,0.0,98.3,39.0,5.9
2025-01-22 18:00:00,26.9,0.0,99.3,24.0,3.1
2025-01-22 19:00:00,26.7,0.0,97.7,39.0,5.0
2025-01-22 20:00:00,26.3,0.0,98.7,36.0,3.5
2025-01-22 21:00:00,26.0,0.0,99.3,15.0,1.9
2025-01-22 22:00:00,25.6,0.0,99.1,346.0,1.2
2025-01-22 23:00:00,25.3,0.0,99.3,340.0,1.2
2025-01-23 00:00:00,25.2,0.0,99.3,2.0,1.6
2025-01-23 01:00:00,25.0,0.0,99.3,349.0,1.6
2025-01-23 02:00:00,24.9,0.0,99.3,14.0,1.5
2025-01-23 03:00:00,24.7,0.0,99.4,36.0,3.5
2025-01-23 04:00:00,24.7,0.0,99.4,26.0,2.6
2025-01-23 05:00:00,24.9,0.0,99.4,36.0,3.3
2025-01-23 06:00:00,24.7,0.0,99.4,36.0,3.1
2025-01-23 07:00:00,24.5,0.0,99.4,25.0,2.9
2025-01-23 08:00:00,24.9,0.0,99.4,34.0,3.6
2025-01-23 09:00:00,25.6,0.0,99.3,38.0,4.0
2025-01-23 10:00:00,26.0,0.0,99.3,31.0,3.0
2025-01-23 11:00:00,26.8,0.0,98.0,38.0,4.3
2025-01-23 12:00:00,27.1,0.0,93.0,21.0,4.1
2025-01-23 13:00:00,27.5,0.0,90.6,23.0,4.5
2025-01-23 14:00:00,27.2,0.0,94.0,5.0,2.8
2025-01-23 15:00:00,27.8,0.0,94.3,22.0,3.6
2025-01-23 16:00:00,28.2,0.0,91.6,22.0,2.5
2025-01-23 17:00:00,27.8,0.0,89.6,346.0,2.2
2025-01-23 18:00:00,26.0,0.0,99.3,21.0,2.8
2025-01-23 19:00:00,25.9,0.0,99.3,4.0,2.1
2025-01-23 20:00:00,25.8,0.0,99.3,357.0,1.6
2025-01-23 21:00:00,25.9,0.0,99.3,353.0,1.3
2025-01-23 22:00:00,25.8,0.0,99.3,345.0,1.3
2025-01-23 23:00:00,25.7,0.0,99.3,338.0,2.3
2025-01-24 00:00:00,25.3,0.0,99.4,340.0,2.3
2025-01-24 01:00:00,25.0,0.0,99.4,3.0,1.3
2025-01-24 02:00:00,24.9,0.0,99.4,343.0,1.6
2025-01-24 03:00:00,24.8,0.0,99.4,351.0,1.3
2025-01-24 04:00:00,24.7,0.0,99.4,17.0,1.6
2025-01-24 05:00:00,24.7,0.0,99.4,358.0,1.7
2025-01-24 06:00:00,24.9,0.0,99.4,282.0,1.2
2025-01-24 07:00:00,24.8,0.0,99.4,357.0,1.4
2025-01-24 08:00:00,25.0,0.0,99.4,18.0,3.0
2025-01-24 09:00:00,25.3,0.0,99.4,23.0,2.0
2025-01-24 10:00:00,25.8,0.0,99.4,28.0,3.2
2025-01-24 11:00:00,25.7,0.0,99.4,340.0,1.5
2025-01-24 12:00:00,25.7,0.0,99.4,21.0,2.9
2025-01-24 13:00:00,25.8,0.0,99.4,358.0,2.0
2025-01-24 14:00:00,26.1,0.0,99.4,349.0,2.2
2025-01-24 15:00:00,26.7,0.0,99.3,321.0,1.5
2025-01-24 16:00:00,27.3,0.0,99.3,229.0,1.3
2025-01-24 17:00:00,27.2,0.0,99.3,356.0,1.5
2025-01-24 18:00:00,27.1,0.0,99.3,347.0,1.7
2025-01-24 19:00:00,25.5,0.0,99.4,38.0,5.4
2025-01-24 20:00:00,25.1,0.0,99.4,24.0,4.2
2025-01-24 21:00:00,25.0,0.0,99.4,31.0,3.0
2025-01-24 22:00:00,25.1,0.0,99.4,4.0,1.7
2025-01-24 23:00:00,25.1,0.0,99.4,7.0,1.5
2025-01-25 00:00:00,25.0,0.0,99.4,349.0,1.5
2025-01-25 01:00:00,24.9,0.0,99.4,307.0,1.1
2025-01-25 02:00:00,24.8,0.0,99.4,299.0,0.7
2025-01-25 03:00:00,24.7,0.0,99.4,1.0,1.3
2025-01-25 04:00:00,24.6,0.0,99.4,327.0,1.0
2025-01-25 05:00:00,24.5,0.0,99.4,357.0,1.2
2025-01-25 06:00:00,24.4,0.0,99.4,322.0,1.6
2025-01-25 07:00:00,24.5,0.0,99.4,346.0,1.0
2025-01-25 08:00:00,24.8,0.0,99.4,354.0,1.2
2025-01-25 09:00:00,25.7,0.0,99.3,326.0,1.7
2025-01-25 10:00:00,26.7,0.0,99.3,355.0,2.2
2025-01-25 11:00:00,27.5,0.0,94.7,8.0,3.4
2025-01-25 12:00:00,29.4,0.0,82.4,8.0,3.6
2025-01-25 13:00:00,31.3,0.0,67.3,357.0,1.8
2025-01-25 14:00:00,29.3,0.0,85.3,6.0,1.3
2025-01-25 15:00:00,28.1,0.0,92.8,138.0,2.7
2025-01-25 16:00:00,29.0,0.0,86.7,176.0,1.9
2025-01-25 17:00:00,28.8,0.0,88.2,279.0,2.6
2025-01-25 18:00:00,27.9,0.0,92.3,331.0,4.2
2025-01-25 19:00:00,26.8,0.0,99.3,345.0,1.9
2025-01-25 20:00:00,26.2,0.0,99.3,5.0,1.6
2025-01-25 21:00:00,26.1,0.0,99.3,275.0,0.8
2025-01-25 22:00:00,26.1,0.0,99.4,256.0,0.6
2025-01-25 23:00:00,25.6,0.0,99.4,336.0,1.4
2025-01-26 00:00:00,25.3,0.0,99.4,222.0,0.6
2025-01-26 01:00:00,25.3,0.0,99.4,316.0,0.9
2025-01-26 02:00:00,25.0,0.0,99.4,18.0,1.8
2025-01-26 03:00:00,25.0,0.0,99.4,201.0,0.8
2025-01-26 04:00:00,25.1,0.0,99.4,323.0,1.0
2025-01-26 05:00:00,25.0,0.0,99.4,16.0,1.6
2025-01-26 06:00:00,24.8,0.0,99.4,335.0,1.4
2025-01-26 07:00:00,24.9,0.0,99.4,343.0,1.5
2025-01-26 08:00:00,25.1,0.0,99.4,295.0,0.6
2025-01-26 09:00:00,25.7,0.0,99.4,244.0,0.7
2025-01-26 10:00:00,27.1,0.0,98.6,351.0,2.0
2025-01-26 11:00:00,27.6,0.0,93.3,12.0,3.4
2025-01-26 12:00:00,28.7,0.0,84.0,27.0,3.5
2025-01-26 13:00:00,29.7,0.0,77.3,47.0,3.3
2025-01-26 14:00:00,30.2,0.0,75.5,356.0,2.9
2025-01-26 15:00:00,29.4,0.0,80.8,47.0,4.5
2025-01-26 16:00:00,28.9,0.0,93.9,24.0,2.0
2025-01-26 17:00:00,26.0,0.0,99.3,254.0,3.4
2025-01-26 18:00:00,25.4,0.2,99.4,140.0,2.8
2025-01-26 19:00:00,25.4,0.0,99.4,287.0,1.7
2025-01-26 20:00:00,25.5,0.0,99.4,300.0,1.9
2025-01-26 21:00:00,25.4,0.0,99.4,19.0,2.3
2025-01-26 22:00:00,25.3,0.0,99.4,24.0,2.2
2025-01-26 23:00:00,25.4,0.0,99.4,5.0,1.3
2025-01-27 00:00:00,25.2,0.0,99.4,7.0,1.5
2025-01-27 01:00:00,25.3,0.0,99.4,21.0,2.2
2025-01-27 02:00:00,25.3,0.0,99.4,6.0,1.6
2025-01-27 03:00:00,25.0,0.0,99.4,359.0,1.6
2025-01-27 04:00:00,24.9,0.0,99.4,30.0,2.4
2025-01-27 05:00:00,25.2,0.0,99.4,42.0,4.4
2025-01-27 06:00:00,25.1,0.0,99.4,22.0,2.5
2025-01-27 07:00:00,25.0,0.0,99.4,35.0,3.5
2025-01-27 08:00:00,25.3,0.0,99.4,35.0,3.6
2025-01-27 09:00:00,26.2,0.0,99.3,33.0,4.5
2025-01-27 10:00:00,27.1,0.0,98.9,34.0,5.0
2025-01-27 11:00:00,29.8,0.0,81.9,32.0,5.2
2025-01-27 12:00:00,29.4,0.0,78.5,37.0,6.1
2025-01-27 13:00:00,26.9,0.0,99.3,40.0,6.4
2025-01-27 14:00:00,25.8,0.0,99.3,39.0,6.9
2025-01-27 15:00:00,25.3,0.0,99.4,31.0,4.5
2025-01-27 16:00:00,25.0,0.0,99.3,33.0,6.0
2025-01-27 17:00:00,24.5,0.0,99.4,37.0,5.3
2025-01-27 18:00:00,24.2,0.0,99.4,20.0,2.8
2025-01-27 19:00:00,24.2,0.0,99.4,31.0,3.6
2025-01-27 20:00:00,24.3,0.0,99.4,29.0,2.8
2025-01-27 21:00:00,24.7,0.0,99.4,35.0,4.1
2025-01-27 22:00:00,25.1,0.0,99.4,41.0,5.1
2025-01-27 23:00:00,25.2,0.0,99.3,37.0,5.8
2025-01-28 00:00:00,25.3,0.0,99.3,38.0,7.5
2025-01-28 01:00:00,25.2,0.0,99.3,43.0,6.7
2025-01-28 02:00:00,25.2,0.0,99.3,36.0,4.9
2025-01-28 03:00:00,25.0,0.0,99.3,41.0,5.7
2025-01-28 04:00:00,25.0,0.0,99.3,38.0,5.8
2025-01-28 05:00:00,24.9,0.0,99.3,35.0,5.0
2025-01-28 06:00:00,25.0,0.0,99.3,35.0,6.7
2025-01-28 07:00:00,25.2,0.0,99.3,37.0,6.8
2025-01-28 08:00:00,25.6,0.0,99.3,36.0,6.7
2025-01-28 09:00:00,25.9,0.0,98.7,37.0,8.10001
2025-01-28 10:00:00,26.8,0.0,89.7,39.0,7.1
2025-01-28 11:00:00,27.8,0.0,77.6,37.0,9.39999
2025-01-28 12:00:00,28.0,0.0,78.9,40.0,9.0
2025-01-28 13:00:00,26.7,0.0,97.6,42.0,4.2
2025-01-28 14:00:00,27.9,0.0,77.2,36.0,8.60001
2025-01-28 15:00:00,28.6,0.0,70.8,39.0,11.4
2025-01-28 16:00:00,27.5,0.0,80.5,37.0,8.3
2025-01-28 17:00:00,27.4,0.0,78.9,40.0,8.2
2025-01-28 18:00:00,26.4,0.0,89.0,35.0,8.60001
2025-01-28 19:00:00,24.4,0.0,99.4,12.0,2.3
2025-01-28 20:00:00,25.8,0.0,90.5,36.0,8.0
2025-01-28 21:00:00,25.4,0.0,95.2,33.0,3.8
2025-01-28 22:00:00,25.1,0.0,98.1,6.0,2.2
2025-01-28 23:00:00,25.0,0.0,99.3,24.0,2.9
2025-01-29 00:00:00,25.4,0.0,93.7,39.0,6.0
2025-01-29 01:00:00,24.7,0.0,99.1,11.0,2.0
2025-01-29 02:00:00,24.4,0.0,99.3,346.0,2.2
2025-01-29 03:00:00,24.4,0.0,99.3,2.0,2.0
2025-01-29 04:00:00,24.6,0.0,97.9,16.0,2.1
2025-01-29 05:00:00,25.0,0.0,92.3,38.0,5.2
2025-01-29 06:00:00,24.8,0.0,96.2,38.0,3.8
2025-01-29 07:00:00,24.7,0.0,97.7,34.0,3.9
2025-01-29 08:00:00,24.9,0.0,99.0,37.0,4.0
2025-01-29 09:00:00,25.7,0.0,93.7,33.0,5.3
2025-01-29 10:00:00,26.4,0.0,85.6,42.0,7.2
2025-01-29 11:00:00,26.9,0.0,82.2,37.0,7.6
2025-01-29 12:00:00,27.3,0.0,78.3,46.0,9.7
2025-01-29 13:00:00,28.4,0.0,73.1,22.0,5.8
2025-01-29 14:00:00,27.9,0.0,76.1,32.0,6.1
2025-01-29 15:00:00,28.1,0.0,71.6,33.0,8.8
2025-01-29 16:00:00,28.1,0.0,68.5,39.0,9.39999
2025-01-29 17:00:00,27.4,0.0,76.3,35.0,10.6
2025-01-29 18:00:00,27.1,0.0,71.2,32.0,9.3
2025-01-29 19:00:00,26.6,0.0,80.8,39.0,7.9
2025-01-29 20:00:00,25.6,0.0,85.4,36.0,8.89999
2025-01-29 21:00:00,25.3,0.0,89.0,39.0,6.6
2025-01-29 22:00:00,25.0,0.0,93.9,36.0,5.0
2025-01-29 23:00:00,24.8,0.0,97.1,18.0,1.7
2025-01-30 00:00:00,24.8,0.0,94.7,39.0,3.4
2025-01-30 01:00:00,24.8,0.0,95.3,24.0,2.4
2025-01-30 02:00:00,24.4,0.0,97.8,21.0,2.5
2025-01-30 03:00:00,24.5,0.0,93.1,12.0,2.3
2025-01-30 04:00:00,24.3,0.0,93.7,4.0,2.7
2025-01-30 05:00:00,24.1,0.0,97.2,13.0,2.0
2025-01-30 06:00:00,24.0,0.0,97.4,351.0,2.1
2025-01-30 07:00:00,24.1,0.0,97.7,12.0,2.5
2025-01-30 08:00:00,24.1,0.0,96.4,352.0,2.4
2025-01-30 09:00:00,25.0,0.0,94.5,353.0,2.0
2025-01-30 10:00:00,26.3,0.0,82.9,351.0,3.9
2025-01-30 11:00:00,27.6,0.0,73.3,12.0,4.4
2025-01-30 12:00:00,28.4,0.0,67.2,27.0,6.1
2025-01-30 13:00:00,29.2,0.0,63.4,46.0,7.7
2025-01-30 14:00:00,29.6,0.0,58.3,48.0,7.8
2025-01-30 15:00:00,29.7,0.0,59.7,33.0,8.10001
2025-01-30 16:00:00,30.3,0.0,55.7,30.0,7.1
2025-01-30 17:00:00,29.1,0.0,59.5,27.0,9.0
2025-01-30 18:00:00,28.6,0.0,60.4,29.0,7.3
2025-01-30 19:00:00,28.2,0.0,60.1,23.0,4.4
2025-01-30 20:00:00,27.3,0.0,65.5,27.0,3.9
2025-01-30 21:00:00,26.9,0.0,71.0,33.0,5.2
2025-01-30 22:00:00,26.4,0.0,76.6,30.0,4.2
2025-01-30 23:00:00,25.7,0.0,84.1,30.0,3.1
2025-01-31 00:00:00,25.3,0.0,89.5,33.0,3.8
2025-01-31 01:00:00,25.3,0.0,86.9,35.0,7.2
2025-01-31 02:00:00,25.0,0.0,90.0,37.0,5.8
2025-01-31 03:00:00,24.7,0.0,90.7,34.0,4.2
2025-01-31 04:00:00,24.4,0.0,92.6,35.0,4.3
2025-01-31 05:00:00,24.2,0.0,94.6,22.0,2.2
2025-01-31 06:00:00,23.9,0.0,93.7,4.0,2.3
2025-01-31 07:00:00,23.6,0.0,98.5,26.0,2.4
2025-01-31 08:00:00,23.9,0.0,98.1,28.0,3.7
2025-01-31 09:00:00,25.5,0.0,86.0,22.0,5.0
2025-01-31 10:00:00,27.1,0.0,71.4,30.0,7.3
2025-01-31 11:00:00,28.3,0.0,67.7,27.0,6.8
2025-01-31 12:00:00,28.7,0.0,65.1,38.0,7.5
2025-01-31 13:00:00,29.2,0.0,64.7,29.0,8.3
2025-01-31 14:00:00,29.9,0.0,62.8,3.0,4.9
2025-01-31 15:00:00,30.3,0.0,59.4,352.0,3.7
2025-01-31 16:00:00,30.6,0.0,58.7,344.0,3.7
2025-01-31 17:00:00,29.6,0.0,65.0,18.0,4.9
2025-01-31 18:00:00,28.9,0.0,70.3,12.0,5.2
2025-01-31 19:00:00,28.2,0.0,75.0,17.0,4.9
2025-01-31 20:00:00,27.1,0.0,76.4,11.0,3.3
2025-01-31 21:00:00,26.6,0.0,72.8,28.0,4.6
2025-01-31 22:00:00,26.1,0.0,77.6,34.0,3.6
2025-01-31 23:00:00,25.8,0.0,84.1,26.0,3.5
2025-02-01 00:00:00,25.3,0.0,89.2,34.0,3.8
2025-02-01 01:00:00,25.4,0.0,88.9,25.0,3.3
2025-02-01 02:00:00,25.0,0.0,91.5,8.0,2.7
2025-02-01 03:00:00,25.3,0.0,89.8,11.0,2.9
2025-02-01 04:00:00,25.2,0.0,91.2,8.0,1.8
2025-02-01 05:00:00,25.0,0.0,91.1,358.0,1.8
2025-02-01 06:00:00,24.9,0.0,94.1,316.0,1.4
2025-02-01 07:00:00,24.7,0.0,98.8,24.0,1.8
2025-02-01 08:00:00,24.8,0.0,97.6,13.0,2.6
2025-02-01 09:00:00,25.3,0.0,96.1,25.0,4.1
2025-02-01 10:00:00,26.8,0.0,83.2,23.0,4.9
2025-02-01 11:00:00,27.6,0.0,73.1,33.0,7.0
2025-02-01 12:00:00,28.6,0.0,68.4,9.0,5.1
2025-02-01 13:00:00,30.1,0.0,63.4,25.0,5.3
2025-02-01 14:00:00,30.2,0.0,62.6,30.0,4.7
2025-02-01 15:00:00,30.8,0.0,60.9,347.0,3.1
2025-02-01 16:00:00,32.0,0.0,59.1,5.0,1.3
2025-02-01 17:00:00,29.1,0.0,78.6,109.0,2.5
2025-02-01 18:00:00,25.7,0.2,99.4,82.0,3.2
2025-02-01 19:00:00,26.1,0.0,99.3,33.0,2.2
2025-02-01 20:00:00,26.3,0.0,88.0,35.0,2.4
2025-02-01 21:00:00,26.2,0.0,85.2,40.0,4.9
2025-02-01 22:00:00,26.2,0.0,86.7,41.0,5.2
2025-02-01 23:00:00,25.7,0.0,93.0,41.0,3.7
2025-02-02 00:00:00,25.5,0.0,95.1,28.0,2.9
2025-02-02 01:00:00,25.3,0.0,97.7,23.0,2.0
2025-02-02 02:00:00,25.0,0.0,99.3,32.0,2.8
2025-02-02 03:00:00,25.0,0.0,98.5,6.0,2.3
2025-02-02 04:00:00,24.6,0.0,99.3,35.0,3.4
2025-02-02 05:00:00,24.6,0.0,97.0,5.0,2.5
2025-02-02 06:00:00,24.5,0.0,99.3,28.0,2.2
2025-02-02 07:00:00,24.5,0.0,97.8,3.0,1.9
2025-02-02 08:00:00,24.5,0.0,99.3,34.0,2.9
2025-02-02 09:00:00,25.4,0.0,99.3,22.0,2.5
2025-02-02 10:00:00,27.2,0.0,87.6,30.0,5.3
2025-02-02 11:00:00,28.0,0.0,77.9,27.0,4.7
2025-02-02 12:00:00,29.1,0.0,72.0,6.0,3.2
2025-02-02 13:00:00,30.3,0.0,64.5,346.0,3.4
2025-02-02 14:00:00,31.1,0.0,61.6,306.0,3.3
2025-02-02 15:00:00,31.3,0.0,61.3,9.0,4.1
2025-02-02 16:00:00,33.3,0.0,54.2,326.0,1.8
2025-02-02 17:00:00,32.2,0.0,63.9,237.0,3.0
2025-02-02 18:00:00,30.4,0.0,74.3,255.0,3.9
2025-02-02 19:00:00,29.7,0.0,71.6,272.0,2.4
2025-02-02 20:00:00,27.5,0.0,95.8,101.0,2.0
2025-02-02 21:00:00,27.0,0.0,91.0,32.0,2.6
2025-02-02 22:00:00,26.8,0.0,90.8,30.0,2.4
2025-02-02 23:00:00,26.5,0.0,93.5,34.0,2.9
2025-02-03 00:00:00,26.1,0.0,95.6,34.0,3.6
2025-02-03 01:00:00,25.8,0.0,98.5,14.0,2.0
2025-02-03 02:00:00,25.6,0.0,99.3,27.0,2.5
2025-02-03 03:00:00,25.4,0.0,99.3,358.0,2.1
2025-02-03 04:00:00,25.3,0.0,99.1,35.0,5.2
2025-02-03 05:00:00,25.1,0.0,99.1,30.0,3.4
2025-02-03 06:00:00,25.2,0.0,98.4,37.0,3.7
2025-02-03 07:00:00,25.4,0.0,95.8,29.0,3.6
2025-02-03 08:00:00,25.4,0.0,96.4,34.0,4.7
2025-02-03 09:00:00,26.2,0.0,88.6,35.0,6.5
2025-02-03 10:00:00,27.6,0.0,79.9,32.0,5.3
2025-02-03 11:00:00,28.8,0.0,67.3,16.0,5.8
2025-02-03 12:00:00,30.4,0.0,55.1,24.0,5.5
2025-02-03 13:00:00,30.9,0.0,61.1,31.0,5.4
2025-02-03 14:00:00,32.1,0.0,56.9,43.0,4.5
2025-02-03 15:00:00,32.1,0.0,56.0,359.0,5.2
2025-02-03 16:00:00,32.4,0.0,54.8,14.0,4.8
2025-02-03 17:00:00,31.5,0.0,65.8,226.0,4.6
2025-02-03 18:00:00,30.7,0.0,67.5,221.0,3.6
2025-02-03 19:00:00,29.8,0.0,69.0,249.0,2.9
2025-02-03 20:00:00,28.0,0.0,93.3,27.0,3.1
2025-02-03 21:00:00,27.4,0.0,75.7,42.0,5.8
2025-02-03 22:00:00,26.9,0.0,82.0,41.0,4.1
2025-02-03 23:00:00,26.5,0.0,81.9,40.0,3.9
2025-02-04 00:00:00,26.3,0.0,85.7,39.0,4.8
2025-02-04 01:00:00,25.9,0.0,90.3,36.0,5.1
2025-02-04 02:00:00,25.6,0.0,94.9,32.0,4.3
2025-02-04 03:00:00,25.5,0.0,95.2,38.0,4.6
2025-02-04 04:00:00,25.3,0.0,95.6,16.0,2.6
2025-02-04 05:00:00,24.9,0.0,98.4,1.0,1.6
2025-02-04 06:00:00,24.7,0.0,99.3,358.0,2.0
2025-02-04 07:00:00,24.4,0.0,99.3,20.0,2.3
2025-02-04 08:00:00,24.8,0.0,99.3,21.0,3.1
2025-02-04 09:00:00,26.1,0.0,95.1,24.0,3.5
2025-02-04 10:00:00,27.4,0.0,86.4,29.0,4.3
2025-02-04 11:00:00,29.8,0.0,67.0,43.0,6.7
2025-02-04 12:00:00,30.0,0.0,66.4,44.0,5.9
2025-02-04 13:00:00,31.9,0.0,60.9,8.0,4.1
2025-02-04 14:00:00,31.0,0.0,65.6,42.0,6.4
2025-02-04 15:00:00,29.4,0.0,73.6,2.0,3.3
2025-02-04 16:00:00,26.6,0.0,99.3,36.0,4.6
2025-02-04 17:00:00,25.9,0.0,99.3,337.0,2.2
2025-02-04 18:00:00,26.8,0.2,99.3,34.0,3.2
2025-02-04 19:00:00,26.7,0.0,97.4,43.0,6.2
2025-02-04 20:00:00,26.3,0.0,98.7,41.0,5.6
2025-02-04 21:00:00,25.9,0.0,99.1,39.0,4.0
2025-02-04 22:00:00,25.9,0.0,99.3,36.0,4.1
2025-02-04 23:00:00,26.1,0.0,98.9,37.0,4.7
2025-02-05 00:00:00,25.7,0.0,99.3,42.0,4.4
2025-02-05 01:00:00,25.0,0.0,99.3,41.0,5.7
2025-02-05 02:00:00,24.6,0.2,99.4,18.0,1.7
2025-02-05 03:00:00,24.6,0.0,99.4,13.0,2.0
2025-02-05 04:00:00,24.4,0.0,99.4,30.0,4.4
2025-02-05 05:00:00,24.0,0.0,99.4,26.0,4.3
2025-02-05 06:00:00,23.9,0.0,99.4,341.0,2.9
2025-02-05 07:00:00,23.9,0.2,99.4,23.0,3.0
2025-02-05 08:00:00,23.7,0.0,99.4,15.0,3.7
2025-02-05 09:00:00,23.8,0.0,99.4,20.0,3.6
2025-02-05 10:00:00,23.5,0.0,99.4,26.0,6.0
2025-02-05 11:00:00,23.7,0.0,99.4,12.0,5.5
2025-02-05 12:00:00,24.2,0.0,99.4,8.0,3.6
2025-02-05 13:00:00,24.5,0.0,99.4,359.0,3.7
2025-02-05 14:00:00,25.3,0.0,99.3,352.0,5.1
2025-02-05 15:00:00,25.8,0.0,94.9,355.0,4.1
2025-02-05 16:00:00,26.4,0.0,94.0,15.0,4.0
2025-02-05 17:00:00,26.8,0.0,86.0,32.0,7.0
2025-02-05 18:00:00,26.9,0.0,82.5,24.0,5.7
2025-02-05 19:00:00,26.4,0.0,87.6,25.0,4.7
2025-02-05 20:00:00,25.9,0.0,92.8,34.0,5.7
2025-02-05 21:00:00,25.7,0.0,94.1,34.0,4.6
2025-02-05 22:00:00,25.6,0.0,92.4,38.0,7.5
2025-02-05 23:00:00,25.3,0.0,91.5,31.0,7.2
2025-02-06 00:00:00,25.1,0.0,90.4,335.0,1.9
2025-02-06 01:00:00,24.8,0.0,92.3,332.0,2.2
2025-02-06 02:00:00,24.4,0.0,96.3,338.0,1.5
2025-02-06 03:00:00,24.2,0.0,97.9,331.0,1.1
2025-02-06 04:00:00,24.0,0.0,98.9,8.0,1.5
2025-02-06 05:00:00,24.1,0.0,99.3,5.0,1.2
2025-02-06 06:00:00,23.7,0.0,99.4,25.0,2.0
2025-02-06 07:00:00,23.9,0.0,99.3,31.0,2.2
2025-02-06 08:00:00,24.4,0.0,99.1,7.0,1.8
2025-02-06 09:00:00,26.0,0.0,89.4,32.0,4.8
2025-02-06 10:00:00,27.5,0.0,77.8,45.0,4.6
2025-02-06 11:00:00,27.7,0.0,73.1,24.0,7.2
2025-02-06 12:00:00,29.5,0.0,66.6,37.0,7.1
2025-02-06 13:00:00,30.1,0.0,60.8,29.0,6.8
2025-02-06 14:00:00,31.2,0.0,59.2,41.0,7.3
2025-02-06 15:00:00,30.8,0.0,58.8,36.0,8.7
2025-02-06 16:00:00,30.4,0.0,55.5,25.0,6.6
2025-02-06 17:00:00,30.6,0.0,57.6,43.0,7.4
2025-02-06 18:00:00,29.0,0.0,66.4,44.0,8.8
2025-02-06 19:00:00,28.2,0.0,71.0,37.0,6.4
2025-02-06 20:00:00,27.1,0.0,79.8,43.0,7.8
2025-02-06 21:00:00,26.4,0.0,87.1,32.0,4.8
2025-02-06 22:00:00,26.0,0.0,88.0,42.0,4.0
2025-02-06 23:00:00,25.5,0.0,90.7,38.0,3.6
2025-02-07 00:00:00,25.4,0.0,91.3,36.0,4.8
2025-02-07 01:00:00,25.0,0.0,94.2,36.0,4.2
2025-02-07 02:00:00,24.6,0.0,96.3,2.0,1.5
2025-02-07 03:00:00,24.4,0.0,99.3,11.0,1.8
2025-02-07 04:00:00,24.7,0.0,99.3,34.0,3.7
2025-02-07 05:00:00,24.3,0.0,99.3,11.0,1.8
2025-02-07 06:00:00,24.0,0.0,99.3,359.0,2.2
2025-02-07 07:00:00,24.0,0.0,99.3,18.0,2.1
2025-02-07 08:00:00,24.7,0.0,99.3,29.0,3.3
2025-02-07 09:00:00,26.5,0.0,87.1,41.0,7.0
2025-02-07 10:00:00,27.4,0.0,86.3,35.0,7.8
2025-02-07 11:00:00,28.9,0.0,71.5,37.0,6.0
2025-02-07 12:00:00,29.7,0.0,69.9,32.0,4.9
2025-02-07 13:00:00,31.4,0.0,63.8,57.0,4.7
2025-02-07 14:00:00,30.7,0.0,62.0,35.0,6.0
2025-02-07 15:00:00,31.7,0.0,58.1,44.0,3.4
2025-02-07 16:00:00,31.3,0.0,59.0,31.0,7.2
2025-02-07 17:00:00,30.2,0.0,70.1,46.0,5.6
2025-02-07 18:00:00,28.5,0.0,84.1,331.0,1.6
2025-02-07 19:00:00,29.0,0.0,73.4,44.0,5.3
2025-02-07 20:00:00,27.8,0.0,79.8,39.0,5.4
2025-02-07 21:00:00,26.9,0.0,84.0,42.0,6.7
2025-02-07 22:00:00,26.2,0.0,91.1,42.0,5.4
2025-02-07 23:00:00,26.0,0.0,92.5,44.0,5.2
2025-02-08 00:00:00,25.7,0.0,95.8,37.0,6.0
2025-02-08 01:00:00,25.6,0.0,96.7,35.0,5.1
2025-02-08 02:00:00,25.3,0.0,98.0,39.0,5.4
2025-02-08 03:00:00,25.1,0.0,99.2,35.0,5.1
2025-02-08 04:00:00,24.9,0.0,99.3,37.0,5.5
2025-02-08 05:00:00,24.7,0.0,99.3,35.0,3.9
2025-02-08 06:00:00,24.3,0.0,99.3,38.0,3.7
2025-02-08 07:00:00,24.4,0.0,99.3,38.0,4.5
2025-02-08 08:00:00,25.0,0.0,99.3,37.0,4.8
2025-02-08 09:00:00,26.4,0.0,91.7,32.0,4.6
2025-02-08 10:00:00,27.1,0.0,82.3,35.0,8.3
2025-02-08 11:00:00,28.3,0.0,76.5,15.0,5.7
2025-02-08 12:00:00,30.2,0.0,64.0,36.0,5.4
2025-02-08 13:00:00,30.7,0.0,58.0,22.0,6.0
2025-02-08 14:00:00,30.6,0.0,58.0,23.0,4.5
2025-02-08 15:00:00,30.7,0.0,59.3,26.0,4.9
2025-02-08 16:00:00,30.3,0.0,61.3,50.0,5.7
2025-02-08 17:00:00,29.8,0.0,66.0,41.0,10.1
2025-02-08 18:00:00,28.7,0.0,70.6,42.0,11.2
2025-02-08 19:00:00,28.0,0.0,76.4,40.0,6.6
2025-02-08 20:00:00,27.2,0.0,78.2,33.0,5.4
2025-02-08 21:00:00,26.7,0.0,79.7,31.0,6.2
2025-02-08 22:00:00,26.2,0.0,85.4,29.0,5.4
2025-02-08 23:00:00,26.0,0.0,89.2,29.0,5.4
2025-02-09 00:00:00,26.1,0.0,88.9,33.0,8.10001
2025-02-09 01:00:00,25.9,0.0,90.4,34.0,8.10001
2025-02-09 02:00:00,25.9,0.0,91.7,36.0,7.2
2025-02-09 03:00:00,25.6,0.0,93.7,39.0,4.9
2025-02-09 04:00:00,25.4,0.0,94.6,35.0,6.0
2025-02-09 05:00:00,25.0,0.0,98.6,39.0,3.9
2025-02-09 06:00:00,25.0,0.0,98.9,37.0,4.5
2025-02-09 07:00:00,24.8,0.0,99.3,38.0,5.2
2025-02-09 08:00:00,24.7,0.0,99.3,25.0,2.2
2025-02-09 09:00:00,25.9,0.0,93.9,35.0,4.5
2025-02-09 10:00:00,27.4,0.0,84.4,27.0,5.7
2025-02-09 11:00:00,28.1,0.0,77.1,31.0,5.2
2025-02-09 12:00:00,29.5,0.0,66.7,39.0,8.10001
2025-02-09 13:00:00,30.3,0.0,66.1,43.0,5.9
2025-02-09 14:00:00,29.9,0.0,66.5,38.0,8.5
2025-02-09 15:00:00,30.5,0.0,66.2,47.0,8.60001
2025-02-09 16:00:00,26.2,0.0,89.7,31.0,12.4
2025-02-09 17:00:00,26.2,0.0,95.4,31.0,7.0
2025-02-09 18:00:00,27.3,0.0,81.7,26.0,5.9
2025-02-09 19:00:00,26.5,0.0,90.9,43.0,7.7
2025-02-09 20:00:00,26.4,0.0,89.0,36.0,6.3
2025-02-09 21:00:00,26.4,0.0,82.9,38.0,8.2
2025-02-09 22:00:00,26.1,0.0,84.9,42.0,8.10001
2025-02-09 23:00:00,26.0,0.0,84.7,37.0,7.4
2025-02-10 00:00:00,25.6,0.0,88.8,42.0,6.3
2025-02-10 01:00:00,25.4,0.0,90.0,38.0,6.9
2025-02-10 02:00:00,25.3,0.0,91.7,38.0,6.6
2025-02-10 03:00:00,24.9,0.0,94.7,33.0,4.7
2025-02-10 04:00:00,24.5,0.0,98.9,31.0,2.8
2025-02-10 05:00:00,24.6,0.0,94.3,38.0,5.0
2025-02-10 06:00:00,24.7,0.0,92.3,33.0,4.7
2025-02-10 07:00:00,24.2,0.0,98.0,27.0,2.1
2025-02-10 08:00:00,24.2,0.0,97.5,324.0,1.6
2025-02-10 09:00:00,26.1,0.0,86.8,24.0,4.1
2025-02-10 10:00:00,27.1,0.0,78.7,32.0,6.8
2025-02-10 11:00:00,28.6,0.0,73.1,36.0,7.4
2025-02-10 12:00:00,28.8,0.0,66.8,39.0,8.39999
2025-02-10 13:00:00,30.4,0.0,61.6,21.0,4.3
2025-02-10 14:00:00,30.3,0.0,61.5,28.0,7.3
2025-02-10 15:00:00,30.9,0.0,63.9,37.0,6.2
2025-02-10 16:00:00,30.5,0.0,64.4,34.0,5.0
2025-02-10 17:00:00,29.2,0.0,73.0,38.0,8.2
2025-02-10 18:00:00,27.6,0.0,84.5,44.0,5.7
2025-02-10 19:00:00,27.3,0.0,73.6,33.0,8.3
2025-02-10 20:00:00,26.7,0.0,77.1,37.0,7.9
2025-02-10 21:00:00,26.2,0.0,85.5,38.0,5.4
2025-02-10 22:00:00,25.9,0.0,87.0,30.0,6.0
2025-02-10 23:00:00,25.9,0.0,87.5,40.0,5.7
2025-02-11 00:00:00,25.6,0.0,90.7,39.0,4.4
2025-02-11 01:00:00,25.5,0.0,92.1,44.0,5.0
2025-02-11 02:00:00,25.4,0.0,92.4,36.0,5.5
2025-02-11 03:00:00,25.2,0.0,95.4,40.0,4.9
2025-02-11 04:00:00,25.2,0.0,95.1,38.0,6.0
2025-02-11 05:00:00,25.0,0.0,95.5,38.0,5.5
2025-02-11 06:00:00,24.7,0.0,99.0,36.0,4.3
2025-02-11 07:00:00,24.4,0.0,99.3,31.0,3.0
2025-02-11 08:00:00,24.9,0.0,98.4,36.0,4.4
2025-02-11 09:00:00,26.2,0.0,88.4,38.0,6.1
2025-02-11 10:00:00,27.1,0.0,80.6,38.0,6.9
2025-02-11 11:00:00,28.5,0.0,73.4,35.0,6.5
2025-02-11 12:00:00,29.2,0.0,68.7,41.0,7.7
2025-02-11 13:00:00,30.6,0.0,62.3,38.0,5.4
2025-02-11 14:00:00,31.6,0.0,63.0,48.0,4.8
2025-02-11 15:00:00,30.8,0.0,61.4,39.0,3.7
2025-02-11 16:00:00,30.4,0.0,62.6,33.0,6.4
2025-02-11 17:00:00,29.5,0.0,69.3,42.0,7.0
2025-02-11 18:00:00,29.5,0.0,78.5,61.0,4.7
2025-02-11 19:00:00,28.3,0.0,80.3,38.0,3.9
2025-02-11 20:00:00,25.7,0.0,99.3,36.0,4.7
2025-02-11 21:00:00,26.1,0.0,97.2,39.0,3.3
2025-02-11 22:00:00,26.1,0.0,91.3,30.0,1.8
2025-02-11 23:00:00,25.8,0.0,95.5,36.0,3.3
2025-02-12 00:00:00,25.9,0.0,95.2,44.0,4.2
2025-02-12 01:00:00,25.6,0.0,95.8,31.0,4.3
2025-02-12 02:00:00,25.6,0.0,94.9,40.0,7.1
2025-02-12 03:00:00,25.1,0.0,98.5,37.0,6.1
2025-02-12 04:00:00,24.9,0.0,99.3,38.0,4.8
2025-02-12 05:00:00,24.9,0.0,98.9,40.0,6.1
2025-02-12 06:00:00,24.8,0.0,99.3,36.0,4.0
2025-02-12 07:00:00,24.8,0.0,99.3,37.0,6.1
2025-02-12 08:00:00,25.2,0.0,99.3,37.0,4.3
2025-02-12 09:00:00,25.9,0.0,96.2,30.0,5.8
2025-02-12 10:00:00,27.1,0.0,85.1,37.0,5.6
2025-02-12 11:00:00,28.9,0.0,77.8,56.0,4.8
2025-02-12 12:00:00,29.6,0.0,73.2,43.0,6.4
2025-02-12 13:00:00,31.2,0.0,64.8,92.0,2.7
2025-02-12 14:00:00,31.1,0.0,56.2,8.0,2.4
2025-02-12 15:00:00,32.7,0.0,51.1,6.0,2.3
2025-02-12 16:00:00,31.4,0.0,63.7,91.0,4.1
2025-02-12 17:00:00,31.2,0.0,64.7,75.0,5.5
2025-02-12 18:00:00,30.3,0.0,70.1,77.0,5.7
2025-02-12 19:00:00,29.3,0.0,72.1,53.0,4.3
2025-02-12 20:00:00,27.9,0.0,77.4,53.0,5.0
2025-02-12 21:00:00,27.2,0.0,85.4,45.0,3.4
2025-02-12 22:00:00,26.5,0.0,91.3,42.0,4.8
2025-02-12 23:00:00,26.3,0.0,96.1,39.0,4.0
2025-02-13 00:00:00,26.0,0.0,97.5,41.0,3.8
2025-02-13 01:00:00,25.9,0.0,98.1,44.0,2.7
2025-02-13 02:00:00,25.6,0.0,99.3,40.0,3.5
2025-02-13 03:00:00,25.6,0.0,99.3,29.0,2.0
2025-02-13 04:00:00,25.5,0.0,99.3,34.0,3.0
2025-02-13 05:00:00,25.3,0.0,99.3,37.0,3.2
2025-02-13 06:00:00,25.2,0.0,99.3,33.0,2.3
2025-02-13 07:00:00,25.2,0.0,99.3,32.0,2.7
2025-02-13 08:00:00,25.6,0.0,99.3,37.0,4.1
2025-02-13 09:00:00,27.0,0.0,92.5,39.0,4.4
2025-02-13 10:00:00,26.9,0.0,90.9,35.0,8.60001
2025-02-13 11:00:00,28.4,0.0,83.2,45.0,5.7
2025-02-13 12:00:00,29.1,0.0,77.8,29.0,5.2
2025-02-13 13:00:00,31.3,0.0,68.3,64.0,3.4
2025-02-13 14:00:00,32.5,0.0,54.6,100.0,2.4
2025-02-13 15:00:00,32.2,0.0,61.1,143.0,1.9
2025-02-13 16:00:00,31.7,0.0,63.2,103.0,3.0
2025-02-13 17:00:00,30.5,0.0,71.5,42.0,3.5
2025-02-13 18:00:00,29.9,0.0,73.6,53.0,3.5
2025-02-13 19:00:00,29.1,0.0,76.7,41.0,4.1
2025-02-13 20:00:00,27.9,0.0,86.3,39.0,5.1
2025-02-13 21:00:00,27.2,0.0,91.9,50.0,4.4
2025-02-13 22:00:00,26.8,0.0,94.0,39.0,3.1
2025-02-13 23:00:00,26.6,0.0,97.8,51.0,4.8
2025-02-14 00:00:00,26.2,0.0,97.9,44.0,3.5
2025-02-14 01:00:00,26.0,0.0,97.7,43.0,3.6
2025-02-14 02:00:00,25.8,0.0,99.3,37.0,4.0
2025-02-14 03:00:00,25.6,0.0,99.3,34.0,2.9
2025-02-14 04:00:00,25.4,0.0,99.3,36.0,4.0
2025-02-14 05:00:00,25.4,0.0,99.3,37.0,3.2
2025-02-14 06:00:00,25.3,0.0,99.3,43.0,2.9
2025-02-14 07:00:00,25.4,0.0,99.3,35.0,3.3
2025-02-14 08:00:00,26.0,0.0,99.0,28.0,3.3
2025-02-14 09:00:00,26.9,0.0,91.6,39.0,8.0
2025-02-14 10:00:00,27.9,0.0,80.7,36.0,7.0
2025-02-14 11:00:00,29.8,0.0,76.4,44.0,6.3
2025-02-14 12:00:00,31.5,0.0,62.5,35.0,4.4
2025-02-14 13:00:00,31.8,0.0,58.2,43.0,4.7
2025-02-14 14:00:00,32.5,0.0,61.0,54.0,3.8
2025-02-14 15:00:00,33.0,0.0,58.2,14.0,2.4
2025-02-14 16:00:00,25.7,2.2,99.4,187.0,6.6
2025-02-14 17:00:00,25.5,0.0,99.4,349.0,3.8
2025-02-14 18:00:00,25.2,0.0,99.4,23.0,4.2
2025-02-14 19:00:00,26.4,0.0,99.3,150.0,1.4
2025-02-14 20:00:00,25.9,0.0,99.4,35.0,3.8
2025-02-14 21:00:00,26.3,0.0,99.3,44.0,3.6
2025-02-14 22:00:00,26.3,0.0,99.3,38.0,4.2
2025-02-14 23:00:00,26.0,0.0,99.3,32.0,3.5
2025-02-15 00:00:00,25.9,0.0,99.3,39.0,3.7
2025-02-15 01:00:00,25.8,0.0,99.3,34.0,3.8
2025-02-15 02:00:00,25.7,0.0,99.3,39.0,5.7
2025-02-15 03:00:00,25.5,0.0,99.3,32.0,3.4
2025-02-15 04:00:00,25.4,0.0,99.3,36.0,3.5
2025-02-15 05:00:00,25.2,0.0,99.3,28.0,2.3
2025-02-15 06:00:00,25.1,0.0,99.4,31.0,2.9
2025-02-15 07:00:00,24.8,0.0,99.4,212.0,0.7
2025-02-15 08:00:00,25.3,0.0,99.4,38.0,3.8
2025-02-15 09:00:00,26.4,0.0,99.3,35.0,4.4
2025-02-15 10:00:00,27.6,0.0,90.5,32.0,6.3
2025-02-15 11:00:00,30.0,0.0,75.4,44.0,3.0
2025-02-15 12:00:00,30.0,0.0,71.2,30.0,6.0
2025-02-15 13:00:00,31.1,0.0,64.8,359.0,4.1
2025-02-15 14:00:00,32.6,0.0,63.0,358.0,2.0
2025-02-15 15:00:00,29.1,0.2,90.0,206.0,5.2
2025-02-15 16:00:00,27.1,0.0,99.3,123.0,3.4
2025-02-15 17:00:00,25.6,0.0,99.4,134.0,4.2
2025-02-15 18:00:00,26.1,0.0,99.4,23.0,3.0
2025-02-15 19:00:00,25.8,0.0,99.4,328.0,1.4
2025-02-15 20:00:00,25.8,0.0,99.4,276.0,0.8
2025-02-15 21:00:00,25.6,0.0,99.4,352.0,1.7
2025-02-15 22:00:00,25.8,0.0,99.3,26.0,2.4
2025-02-15 23:00:00,26.0,0.0,99.3,36.0,4.1
2025-02-16 00:00:00,25.9,0.0,99.3,37.0,5.2
2025-02-16 01:00:00,25.8,0.0,99.3,35.0,4.0
2025-02-16 02:00:00,25.6,0.0,99.3,39.0,4.5
2025-02-16 03:00:00,25.5,0.0,99.3,37.0,5.4
2025-02-16 04:00:00,25.3,0.0,99.3,40.0,4.6
2025-02-16 05:00:00,25.1,0.0,99.3,357.0,1.6
2025-02-16 06:00:00,24.7,0.0,99.4,2.0,1.8
2025-02-16 07:00:00,24.6,0.0,99.4,30.0,2.7
2025-02-16 08:00:00,24.9,0.0,99.3,19.0,2.0
2025-02-16 09:00:00,26.1,0.0,97.7,18.0,3.3
2025-02-16 10:00:00,27.7,0.0,84.5,2.0,3.3
2025-02-16 11:00:00,29.4,0.0,69.9,16.0,3.6
2025-02-16 12:00:00,30.2,0.0,63.3,21.0,2.6
2025-02-16 13:00:00,31.2,0.0,61.5,345.0,2.8
2025-02-16 14:00:00,31.3,0.0,60.4,39.0,3.9
2025-02-16 15:00:00,31.2,0.0,64.3,110.0,3.5
2025-02-16 16:00:00,31.4,0.0,62.6,69.0,2.5
2025-02-16 17:00:00,30.8,0.0,68.6,227.0,3.4
2025-02-16 18:00:00,29.5,0.0,82.0,94.0,2.8
2025-02-16 19:00:00,27.2,0.0,99.3,142.0,2.6
2025-02-16 20:00:00,26.6,0.0,99.3,325.0,4.7
2025-02-16 21:00:00,25.9,0.0,90.9,194.0,0.8
2025-02-16 22:00:00,25.9,0.0,93.1,2.0,1.1
2025-02-16 23:00:00,25.6,0.0,93.4,335.0,0.9
2025-02-17 00:00:00,25.1,0.0,99.3,1.0,0.9
2025-02-17 01:00:00,25.2,0.0,99.3,345.0,0.9
2025-02-17 02:00:00,25.1,0.0,99.3,328.0,1.1
2025-02-17 03:00:00,25.3,0.0,99.3,1.0,1.3
2025-02-17 04:00:00,25.2,0.0,99.4,353.0,1.6
2025-02-17 05:00:00,25.4,0.0,99.4,296.0,1.2
2025-02-17 06:00:00,25.2,0.0,99.4,351.0,1.1
2025-02-17 07:00:00,25.2,0.0,99.4,342.0,1.5
2025-02-17 08:00:00,25.8,0.0,99.3,359.0,2.1
2025-02-17 09:00:00,26.9,0.0,93.8,351.0,2.8
2025-02-17 10:00:00,28.4,0.0,79.9,335.0,4.3
2025-02-17 11:00:00,29.2,0.0,74.8,345.0,3.7
2025-02-17 12:00:00,30.9,0.0,73.1,22.0,3.2
2025-02-17 13:00:00,31.6,0.0,65.5,18.0,2.1
2025-02-17 14:00:00,32.6,0.0,56.1,330.0,4.2
2025-02-17 15:00:00,32.4,0.0,58.4,338.0,3.2
2025-02-17 16:00:00,29.3,0.0,84.9,139.0,2.4
2025-02-17 17:00:00,27.2,0.2,97.8,142.0,2.4
2025-02-17 18:00:00,25.7,0.2,99.3,220.0,3.3
2025-02-17 19:00:00,26.7,0.0,99.3,4.0,1.5
2025-02-17 20:00:00,24.6,0.0,99.4,30.0,2.9
2025-02-17 21:00:00,24.7,0.0,99.3,9.0,1.8
2025-02-17 22:00:00,25.1,0.0,99.4,345.0,1.1
2025-02-17 23:00:00,25.4,0.0,99.4,359.0,2.0
2025-02-18 00:00:00,25.5,0.0,99.3,9.0,1.9
2025-02-18 01:00:00,25.2,0.0,99.4,359.0,1.8
2025-02-18 02:00:00,25.2,0.0,99.4,3.0,2.1
2025-02-18 03:00:00,25.3,0.0,99.4,9.0,2.1
2025-02-18 04:00:00,25.2,0.0,99.3,11.0,2.2
2025-02-18 05:00:00,25.3,0.0,99.3,4.0,1.6
2025-02-18 06:00:00,25.1,0.0,99.3,355.0,2.3
2025-02-18 07:00:00,25.2,0.0,99.4,23.0,2.1
2025-02-18 08:00:00,25.5,0.0,99.3,35.0,3.9
2025-02-18 09:00:00,25.9,0.0,99.3,357.0,1.8
2025-02-18 10:00:00,26.7,0.0,96.9,9.0,2.9
2025-02-18 11:00:00,27.2,0.0,91.7,29.0,6.0
2025-02-18 12:00:00,27.7,0.0,88.9,9.0,5.1
2025-02-18 13:00:00,28.3,0.0,85.0,30.0,7.6
2025-02-18 14:00:00,28.8,0.0,86.2,38.0,5.4
2025-02-18 15:00:00,28.6,0.0,84.3,42.0,6.5
2025-02-18 16:00:00,28.6,0.0,88.4,39.0,6.3
2025-02-18 17:00:00,28.8,0.0,78.4,31.0,7.2
2025-02-18 18:00:00,28.2,0.0,79.3,34.0,8.10001
2025-02-18 19:00:00,27.7,0.0,87.1,41.0,5.7
2025-02-18 20:00:00,27.0,0.0,93.0,16.0,2.2
2025-02-18 21:00:00,26.7,0.0,97.4,35.0,3.5
2025-02-18 22:00:00,26.0,0.0,98.2,42.0,6.1
2025-02-18 23:00:00,26.0,0.0,99.3,38.0,5.5
2025-02-19 00:00:00,25.9,0.0,99.3,37.0,5.2
2025-02-19 01:00:00,25.8,0.0,99.3,36.0,5.8
2025-02-19 02:00:00,25.7,0.0,99.3,36.0,5.5
2025-02-19 03:00:00,25.5,0.0,99.3,35.0,6.0
2025-02-19 04:00:00,25.5,0.0,99.3,39.0,5.9
2025-02-19 05:00:00,25.3,0.0,99.3,14.0,2.6
2025-02-19 06:00:00,25.0,0.0,99.3,328.0,1.1
2025-02-19 07:00:00,24.9,0.0,99.4,24.0,2.4
2025-02-19 08:00:00,25.2,0.0,99.3,358.0,1.9
2025-02-19 09:00:00,26.3,0.0,99.3,16.0,2.3
2025-02-19 10:00:00,27.3,0.0,93.3,27.0,5.0
2025-02-19 11:00:00,28.1,0.0,86.1,40.0,6.2
2025-02-19 12:00:00,29.4,0.0,72.9,43.0,4.7
2025-02-19 13:00:00,29.6,0.0,71.5,45.0,5.1
2025-02-19 14:00:00,30.0,0.0,69.9,46.0,4.1
2025-02-19 15:00:00,30.2,0.0,67.7,37.0,4.4
2025-02-19 16:00:00,29.9,0.0,69.7,57.0,4.4
2025-02-19 17:00:00,29.5,0.0,72.3,44.0,5.3
2025-02-19 18:00:00,29.1,0.0,71.3,53.0,5.5
2025-02-19 19:00:00,28.4,0.0,76.4,36.0,6.0
2025-02-19 20:00:00,27.6,0.0,81.9,41.0,5.4
2025-02-19 21:00:00,27.0,0.0,92.9,42.0,4.0
2025-02-19 22:00:00,26.6,0.0,96.6,15.0,2.0
2025-02-19 23:00:00,26.4,0.0,98.5,33.0,3.2
2025-02-20 00:00:00,26.3,0.0,98.1,38.0,5.7
2025-02-20 01:00:00,26.1,0.0,99.3,38.0,4.1
2025-02-20 02:00:00,25.7,0.0,99.3,25.0,2.4
2025-02-20 03:00:00,25.6,0.0,99.4,30.0,2.8
2025-02-20 04:00:00,25.9,0.0,99.3,35.0,4.7
2025-02-20 05:00:00,25.8,0.0,99.3,41.0,4.3
2025-02-20 06:00:00,25.7,0.0,99.3,35.0,5.1
2025-02-20 07:00:00,25.4,0.0,99.3,347.0,2.1
2025-02-20 08:00:00,25.4,0.0,99.4,191.0,1.8
2025-02-20 09:00:00,26.8,0.0,97.5,35.0,4.3
2025-02-20 10:00:00,27.4,0.0,88.5,38.0,7.1
2025-02-20 11:00:00,29.4,0.0,75.9,35.0,4.7
2025-02-20 12:00:00,30.4,0.0,64.0,39.0,5.4
2025-02-20 13:00:00,29.1,0.0,78.7,37.0,6.6
2025-02-20 14:00:00,31.2,0.0,61.6,28.0,5.7
2025-02-20 15:00:00,31.6,0.0,62.5,45.0,5.3
2025-02-20 16:00:00,30.4,0.0,70.0,40.0,6.4
2025-02-20 17:00:00,30.5,0.0,66.0,45.0,5.2
2025-02-20 18:00:00,29.8,0.0,72.8,40.0,5.2
2025-02-20 19:00:00,29.1,0.0,77.3,40.0,6.5
2025-02-20 20:00:00,28.1,0.0,82.2,39.0,5.8
2025-02-20 21:00:00,27.4,0.0,89.6,41.0,5.6
2025-02-20 22:00:00,27.0,0.0,95.5,40.0,6.7
2025-02-20 23:00:00,26.7,0.0,97.6,32.0,6.1
2025-02-21 00:00:00,26.3,0.0,99.2,36.0,6.1
2025-02-21 01:00:00,26.1,0.0,99.3,37.0,4.3
2025-02-21 02:00:00,25.9,0.0,99.3,40.0,4.1
2025-02-21 03:00:00,25.6,0.0,99.3,22.0,2.5
2025-02-21 04:00:00,25.3,0.0,99.3,358.0,1.7
2025-02-21 05:00:00,25.1,0.0,99.3,26.0,1.8
2025-02-21 06:00:00,25.0,0.0,99.3,5.0,1.3
2025-02-21 07:00:00,25.1,0.0,99.3,11.0,1.4
2025-02-21 08:00:00,25.7,0.0,99.3,28.0,2.9
2025-02-21 09:00:00,27.0,0.0,97.6,25.0,3.4
2025-02-21 10:00:00,28.1,0.0,82.4,354.0,4.2
2025-02-21 11:00:00,28.5,0.0,80.4,355.0,4.2
2025-02-21 12:00:00,29.9,0.0,68.7,5.0,5.2
2025-02-21 13:00:00,31.5,0.0,60.7,4.0,4.2
2025-02-21 14:00:00,31.2,0.0,62.5,46.0,5.0
2025-02-21 15:00:00,30.1,0.0,70.5,40.0,8.10001
2025-02-21 16:00:00,30.7,0.0,69.3,30.0,7.4
2025-02-21 17:00:00,30.5,0.0,70.5,45.0,4.7
2025-02-21 18:00:00,29.8,0.0,74.2,43.0,5.1
2025-02-21 19:00:00,28.9,0.0,77.6,44.0,6.9
2025-02-21 20:00:00,28.0,0.0,84.1,42.0,6.0
2025-02-21 21:00:00,27.5,0.0,87.7,38.0,4.7
2025-02-21 22:00:00,27.1,0.0,90.4,32.0,3.4
2025-02-21 23:00:00,26.8,0.0,92.9,36.0,3.7
2025-02-22 00:00:00,26.5,0.0,96.3,39.0,3.7
2025-02-22 01:00:00,26.3,0.0,98.7,30.0,2.9
2025-02-22 02:00:00,26.0,0.0,99.3,12.0,1.4
2025-02-22 03:00:00,25.8,0.0,99.3,23.0,1.7
2025-02-22 04:00:00,25.6,0.0,99.3,18.0,1.6
2025-02-22 05:00:00,25.4,0.0,99.3,33.0,3.2
2025-02-22 06:00:00,25.4,0.0,99.3,39.0,5.4
2025-02-22 07:00:00,25.5,0.0,99.3,38.0,4.8
2025-02-22 08:00:00,25.9,0.0,99.3,35.0,5.1
2025-02-22 09:00:00,27.1,0.0,96.0,36.0,6.4
2025-02-22 10:00:00,28.9,0.0,85.4,40.0,4.9
2025-02-22 11:00:00,28.8,0.0,79.5,34.0,4.8
2025-02-22 12:00:00,30.3,0.0,64.9,26.0,4.2
2025-02-22 13:00:00,32.0,0.0,60.7,20.0,2.6
2025-02-22 14:00:00,29.4,0.0,79.5,17.0,5.3
2025-02-22 15:00:00,29.7,0.0,77.5,40.0,5.2
2025-02-22 16:00:00,25.5,5.2,99.3,353.0,6.2
2025-02-22 17:00:00,25.4,0.4,99.5,148.0,3.3
2025-02-22 18:00:00,26.1,0.0,99.4,323.0,1.1
2025-02-22 19:00:00,26.8,0.0,99.3,16.0,3.3
2025-02-22 20:00:00,26.9,0.0,95.8,40.0,4.1
2025-02-22 21:00:00,26.7,0.0,96.6,42.0,4.6
2025-02-22 22:00:00,26.4,0.0,97.6,43.0,5.1
2025-02-22 23:00:00,26.3,0.0,99.3,40.0,4.5
2025-02-23 00:00:00,26.0,0.0,99.3,39.0,2.5
2025-02-23 01:00:00,26.0,0.0,99.3,32.0,2.8
2025-02-23 02:00:00,26.0,0.0,99.3,37.0,4.0
2025-02-23 03:00:00,26.1,0.0,99.3,32.0,3.6
2025-02-23 04:00:00,25.9,0.0,99.3,31.0,3.1
2025-02-23 05:00:00,25.7,0.0,99.3,11.0,1.3
2025-02-23 06:00:00,25.6,0.0,99.3,345.0,1.8
2025-02-23 07:00:00,25.5,0.0,99.3,356.0,1.6
2025-02-23 08:00:00,25.4,0.0,99.3,299.0,1.3
2025-02-23 09:00:00,27.1,0.0,96.0,328.0,2.2
2025-02-23 10:00:00,28.4,0.0,86.2,354.0,2.1
2025-02-23 11:00:00,28.5,0.0,85.8,344.0,3.2
2025-02-23 12:00:00,30.6,0.0,71.8,343.0,2.2
2025-02-23 13:00:00,31.0,0.0,66.6,282.0,1.9
2025-02-23 14:00:00,25.6,1.4,99.4,346.0,4.2
2025-02-23 15:00:00,25.1,0.0,99.4,167.0,2.4
2025-02-23 16:00:00,26.0,0.0,99.3,243.0,1.7
2025-02-23 17:00:00,25.6,0.0,99.4,27.0,2.5
2025-02-23 18:00:00,25.4,0.0,99.4,298.0,0.9
2025-02-23 19:00:00,25.6,0.0,99.4,26.0,2.2
2025-02-23 20:00:00,25.6,0.0,99.4,269.0,0.9
2025-02-23 21:00:00,25.6,0.0,99.4,59.0,0.9
2025-02-23 22:00:00,25.8,0.0,99.4,27.0,2.7
2025-02-23 23:00:00,25.6,0.0,99.4,246.0,0.8
2025-02-24 00:00:00,25.7,0.0,99.4,1.0,1.3
2025-02-24 01:00:00,25.8,0.0,99.4,10.0,1.9
2025-02-24 02:00:00,25.7,0.0,99.4,30.0,2.9
2025-02-24 03:00:00,25.6,0.0,99.4,39.0,4.4
2025-02-24 04:00:00,25.4,0.0,99.4,25.0,2.4
2025-02-24 05:00:00,25.2,0.0,99.4,30.0,2.7
2025-02-24 06:00:00,25.3,0.0,99.4,38.0,4.2
2025-02-24 07:00:00,25.2,0.0,99.4,32.0,3.3
2025-02-24 08:00:00,25.8,0.0,99.4,23.0,2.5
2025-02-24 09:00:00,27.5,0.0,99.3,39.0,3.5
2025-02-24 10:00:00,28.9,0.0,90.5,38.0,3.8
2025-02-24 11:00:00,30.0,0.0,73.8,56.0,5.2
2025-02-24 12:00:00,31.3,0.0,68.6,51.0,4.9
2025-02-24 13:00:00,31.2,0.0,72.2,33.0,4.4
2025-02-24 14:00:00,31.2,0.0,69.0,62.0,5.4
2025-02-24 15:00:00,32.2,0.0,64.1,48.0,6.1
2025-02-24 16:00:00,31.4,0.0,66.2,55.0,5.6
2025-02-24 17:00:00,30.7,0.0,65.5,40.0,8.60001
2025-02-24 18:00:00,30.6,0.0,67.7,54.0,5.3
2025-02-24 19:00:00,29.0,0.0,78.0,40.0,5.0
2025-02-24 20:00:00,27.8,0.0,89.0,43.0,4.8
2025-02-24 21:00:00,27.1,0.0,94.1,35.0,5.2
2025-02-24 22:00:00,26.8,0.0,97.5,34.0,5.0
2025-02-24 23:00:00,26.6,0.0,99.3,37.0,6.0
2025-02-25 00:00:00,26.5,0.0,99.3,40.0,4.2
2025-02-25 01:00:00,26.5,0.0,99.3,40.0,4.7
2025-02-25 02:00:00,25.7,0.0,98.5,41.0,8.2
2025-02-25 03:00:00,24.3,0.4,99.4,29.0,6.3
2025-02-25 04:00:00,23.7,0.0,99.4,290.0,0.8
2025-02-25 05:00:00,24.5,0.0,99.4,27.0,1.8
2025-02-25 06:00:00,25.2,0.0,99.4,32.0,3.1
2025-02-25 07:00:00,25.3,0.0,99.4,21.0,2.5
2025-02-25 08:00:00,25.9,0.0,99.3,33.0,3.5
2025-02-25 09:00:00,27.1,0.0,99.3,35.0,4.3
2025-02-25 10:00:00,28.4,0.0,87.1,46.0,5.2
2025-02-25 11:00:00,29.7,0.0,80.6,50.0,5.9
2025-02-25 12:00:00,29.3,0.0,87.1,46.0,5.3
2025-02-25 13:00:00,26.6,5.2,99.3,36.0,6.4
2025-02-25 14:00:00,23.3,9.0,99.4,46.0,10.3
2025-02-25 15:00:00,24.9,0.0,99.5,351.0,3.2
2025-02-25 16:00:00,26.2,0.0,99.4,338.0,1.3
2025-02-25 17:00:00,27.6,0.0,99.3,316.0,4.0
2025-02-25 18:00:00,28.2,0.0,87.0,31.0,4.0
2025-02-25 19:00:00,27.9,0.0,90.8,38.0,4.7
2025-02-25 20:00:00,27.3,0.0,91.4,44.0,4.0
2025-02-25 21:00:00,26.6,0.0,97.5,35.0,4.6
2025-02-25 22:00:00,26.5,0.0,99.3,33.0,3.1
2025-02-25 23:00:00,26.6,0.0,99.3,39.0,4.3
2025-02-26 00:00:00,26.2,0.0,99.3,35.0,4.7
2025-02-26 01:00:00,26.1,0.0,99.3,28.0,3.6
2025-02-26 02:00:00,26.1,0.0,99.3,34.0,3.9
2025-02-26 03:00:00,25.7,0.0,99.4,36.0,6.0
2025-02-26 04:00:00,25.7,0.0,99.4,35.0,3.1
2025-02-26 05:00:00,25.6,0.0,99.4,36.0,4.0
2025-02-26 06:00:00,25.7,0.0,99.4,37.0,3.4
2025-02-26 07:00:00,25.6,0.0,99.4,34.0,3.2
2025-02-26 08:00:00,26.2,0.0,99.3,31.0,3.0
2025-02-26 09:00:00,27.3,0.0,99.3,44.0,3.7
2025-02-26 10:00:00,28.0,0.0,95.0,35.0,5.9
2025-02-26 11:00:00,28.8,0.0,83.8,39.0,6.9
2025-02-26 12:00:00,29.2,0.0,81.3,44.0,7.8
2025-02-26 13:00:00,29.6,0.0,78.3,62.0,8.2
2025-02-26 14:00:00,29.5,0.0,80.3,56.0,6.0
2025-02-26 15:00:00,29.1,0.0,85.6,50.0,5.0
2025-02-26 16:00:00,28.1,0.2,93.2,47.0,7.2
2025-02-26 17:00:00,29.0,0.0,84.0,42.0,8.3
2025-02-26 18:00:00,28.8,0.0,83.4,42.0,10.0
2025-02-26 19:00:00,28.1,0.0,88.8,39.0,8.10001
2025-02-26 20:00:00,27.4,0.0,93.6,44.0,7.2
2025-02-26 21:00:00,26.8,0.0,99.2,41.0,6.0
2025-02-26 22:00:00,26.7,0.0,99.3,39.0,4.2
2025-02-26 23:00:00,26.5,0.0,99.3,36.0,8.10001
2025-02-27 00:00:00,26.4,0.0,99.3,35.0,4.8
2025-02-27 01:00:00,26.4,0.0,99.3,41.0,8.5
2025-02-27 02:00:00,26.3,0.0,99.3,41.0,8.0
2025-02-27 03:00:00,26.3,0.0,99.3,38.0,6.5
2025-02-27 04:00:00,26.0,0.0,99.3,35.0,7.6
2025-02-27 05:00:00,25.9,0.0,99.3,39.0,5.5
2025-02-27 06:00:00,25.9,0.0,99.3,40.0,5.0
2025-02-27 07:00:00,25.7,0.0,99.3,37.0,6.1
2025-02-27 08:00:00,26.3,0.0,99.3,35.0,5.6
2025-02-27 09:00:00,26.3,0.0,98.5,33.0,7.3
2025-02-27 10:00:00,28.4,0.0,86.4,43.0,5.1
2025-02-27 11:00:00,29.0,0.0,78.2,50.0,7.4
2025-02-27 12:00:00,30.1,0.0,71.4,50.0,6.7
2025-02-27 13:00:00,31.8,0.0,62.2,40.0,7.0
2025-02-27 14:00:00,31.2,0.0,65.6,41.0,7.8
2025-02-27 15:00:00,30.6,0.0,72.1,61.0,7.0
2025-02-27 16:00:00,30.4,0.0,69.4,51.0,6.8
2025-02-27 17:00:00,30.3,0.0,70.3,38.0,7.5
2025-02-27 18:00:00,30.0,0.0,71.8,42.0,6.5
2025-02-27 19:00:00,28.5,0.0,81.2,45.0,6.3
2025-02-27 20:00:00,27.8,0.0,85.2,40.0,4.0
2025-02-27 21:00:00,27.2,0.0,92.6,31.0,4.9
2025-02-27 22:00:00,27.0,0.0,96.0,37.0,5.7
2025-02-27 23:00:00,26.8,0.0,98.8,36.0,6.4
2025-02-28 00:00:00,26.8,0.0,99.3,35.0,5.6
2025-02-28 01:00:00,26.6,0.0,99.3,30.0,4.2
2025-02-28 02:00:00,26.5,0.0,99.3,31.0,4.2
2025-02-28 03:00:00,26.4,0.0,99.3,32.0,3.6
2025-02-28 04:00:00,26.1,0.0,99.3,33.0,3.5
2025-02-28 05:00:00,26.2,0.0,99.3,38.0,4.1
2025-02-28 06:00:00,26.1,0.0,99.3,33.0,4.5
2025-02-28 07:00:00,26.0,0.0,99.3,34.0,4.4
2025-02-28 08:00:00,26.4,0.0,99.3,34.0,3.2
2025-02-28 09:00:00,27.3,0.0,99.3,32.0,3.1
2025-02-28 10:00:00,28.2,0.0,92.6,47.0,4.2
2025-02-28 11:00:00,29.5,0.0,82.8,56.0,5.8
2025-02-28 12:00:00,31.0,0.0,77.8,36.0,3.7
2025-02-28 13:00:00,30.2,0.0,74.5,41.0,4.1
2025-02-28 14:00:00,29.9,0.0,79.6,343.0,3.8
2025-02-28 15:00:00,30.5,0.0,72.6,73.0,8.10001
2025-02-28 16:00:00,30.9,0.0,69.9,60.0,7.2
2025-02-28 17:00:00,30.7,0.0,72.5,58.0,5.2
2025-02-28 18:00:00,30.2,0.0,75.8,51.0,6.1
2025-02-28 19:00:00,29.0,0.0,81.0,52.0,5.5
2025-02-28 20:00:00,28.0,0.0,88.5,28.0,5.1
2025-02-28 21:00:00,27.5,0.0,93.2,38.0,5.6
2025-02-28 22:00:00,27.2,0.0,95.5,38.0,5.8
2025-02-28 23:00:00,27.0,0.0,98.2,33.0,4.5
2025-03-01 00:00:00,26.8,0.0,99.3,28.0,3.3
2025-03-01 01:00:00,26.9,0.0,99.3,37.0,4.9
2025-03-01 02:00:00,26.8,0.0,99.3,39.0,5.1
2025-03-01 03:00:00,26.4,0.0,99.3,36.0,4.8
2025-03-01 04:00:00,26.4,0.0,99.3,41.0,5.0
2025-03-01 05:00:00,26.2,0.0,99.3,37.0,4.8
2025-03-01 06:00:00,26.1,0.0,99.3,39.0,3.4
2025-03-01 07:00:00,26.0,0.0,99.3,36.0,4.8
2025-03-01 08:00:00,26.4,0.0,99.3,33.0,3.5
2025-03-01 09:00:00,26.9,0.0,98.6,41.0,4.9
2025-03-01 10:00:00,28.0,0.0,88.6,36.0,4.3
2025-03-01 11:00:00,28.9,0.0,83.4,37.0,6.0
2025-03-01 12:00:00,29.7,0.0,74.8,38.0,4.6
2025-03-01 13:00:00,30.4,0.0,71.9,38.0,3.4
2025-03-01 14:00:00,30.1,0.0,74.7,50.0,5.8
2025-03-01 15:00:00,31.3,0.0,65.8,68.0,4.4
2025-03-01 16:00:00,30.8,0.0,66.3,51.0,4.8
2025-03-01 17:00:00,30.6,0.0,67.1,39.0,6.0
2025-03-01 18:00:00,29.8,0.0,70.7,36.0,6.0
2025-03-01 19:00:00,28.9,0.0,78.6,37.0,8.0
2025-03-01 20:00:00,28.1,0.0,85.0,40.0,7.5
2025-03-01 21:00:00,27.4,0.0,91.8,42.0,4.0
2025-03-01 22:00:00,26.9,0.0,96.3,35.0,4.4
2025-03-01 23:00:00,26.5,0.0,99.3,26.0,2.5
2025-03-02 00:00:00,26.5,0.0,98.1,38.0,3.5
2025-03-02 01:00:00,26.2,0.0,99.3,38.0,3.5
2025-03-02 02:00:00,26.1,0.0,99.3,34.0,3.0
2025-03-02 03:00:00,26.0,0.0,99.3,41.0,4.8
2025-03-02 04:00:00,25.8,0.0,99.3,36.0,3.1
2025-03-02 05:00:00,25.5,0.0,99.3,32.0,3.1
2025-03-02 06:00:00,25.5,0.0,99.3,36.0,3.3
2025-03-02 07:00:00,25.4,0.0,99.3,35.0,7.5
2025-03-02 08:00:00,25.7,0.0,99.3,37.0,6.4
2025-03-02 09:00:00,26.3,0.0,97.9,37.0,7.4
2025-03-02 10:00:00,28.1,0.0,87.4,44.0,6.1
2025-03-02 11:00:00,29.0,0.0,79.4,3.0,3.4
2025-03-02 12:00:00,30.9,0.0,67.1,37.0,5.2
2025-03-02 13:00:00,31.4,0.0,63.8,37.0,4.7
2025-03-02 14:00:00,31.3,0.0,64.4,33.0,3.3
2025-03-02 15:00:00,30.5,0.0,69.1,32.0,8.89999
2025-03-02 16:00:00,30.5,0.0,71.3,43.0,5.0
2025-03-02 17:00:00,28.1,0.0,90.8,277.0,2.7
2025-03-02 18:00:00,27.4,0.0,96.6,310.0,4.4
2025-03-02 19:00:00,27.3,0.0,95.6,350.0,2.0
2025-03-02 20:00:00,27.3,0.0,87.1,43.0,4.9
2025-03-02 21:00:00,26.9,0.0,90.3,40.0,4.5
2025-03-02 22:00:00,26.6,0.0,89.4,42.0,5.4
2025-03-02 23:00:00,26.4,0.0,95.0,38.0,3.7
2025-03-03 00:00:00,26.3,0.0,97.3,31.0,2.2
2025-03-03 01:00:00,26.0,0.0,99.3,40.0,3.7
2025-03-03 02:00:00,25.9,0.0,99.3,37.0,3.3
2025-03-03 03:00:00,25.8,0.0,99.3,37.0,4.9
2025-03-03 04:00:00,25.6,0.0,99.3,41.0,4.6
2025-03-03 05:00:00,25.5,0.0,99.3,41.0,5.3
2025-03-03 06:00:00,25.2,0.0,99.3,36.0,4.7
2025-03-03 07:00:00,25.1,0.0,99.3,34.0,3.5
2025-03-03 08:00:00,25.7,0.0,99.3,27.0,2.7
2025-03-03 09:00:00,27.1,0.0,91.1,31.0,4.5
2025-03-03 10:00:00,27.8,0.0,84.1,15.0,4.8
2025-03-03 11:00:00,29.2,0.0,71.1,19.0,3.6
2025-03-03 12:00:00,31.1,0.0,60.6,4.0,1.8
2025-03-03 13:00:00,31.7,0.0,56.9,348.0,2.9
2025-03-03 14:00:00,31.7,0.0,62.7,181.0,4.0
2025-03-03 15:00:00,32.4,0.0,62.1,234.0,3.8
2025-03-03 16:00:00,31.9,0.0,62.6,169.0,3.1
2025-03-03 17:00:00,30.6,0.0,68.5,167.0,3.2
2025-03-03 18:00:00,27.7,0.2,97.3,222.0,1.8
2025-03-03 19:00:00,28.3,0.0,94.7,300.0,1.6
2025-03-03 20:00:00,27.9,0.0,88.5,40.0,3.3
2025-03-03 21:00:00,27.2,0.0,92.3,49.0,4.3
2025-03-03 22:00:00,26.9,0.0,96.1,37.0,2.6
2025-03-03 23:00:00,26.4,0.0,96.8,39.0,4.4
2025-03-04 00:00:00,26.4,0.0,97.5,38.0,5.3
2025-03-04 01:00:00,26.2,0.0,98.4,36.0,3.9
2025-03-04 02:00:00,26.0,0.0,99.3,38.0,4.2
2025-03-04 03:00:00,25.7,0.0,99.3,25.0,2.1
2025-03-04 04:00:00,25.7,0.0,99.3,39.0,4.0
2025-03-04 05:00:00,25.2,0.0,99.3,27.0,2.5
2025-03-04 06:00:00,25.1,0.0,99.3,20.0,2.3
2025-03-04 07:00:00,25.2,0.0,99.3,25.0,2.3
2025-03-04 08:00:00,25.7,0.0,99.3,35.0,4.3
2025-03-04 09:00:00,26.7,0.0,94.4,38.0,5.3
2025-03-04 10:00:00,29.3,0.0,82.4,32.0,4.3
2025-03-04 11:00:00,28.8,0.0,81.5,27.0,6.3
2025-03-04 12:00:00,31.1,0.0,69.7,7.0,3.1
2025-03-04 13:00:00,32.2,0.0,63.5,10.0,3.9
2025-03-04 14:00:00,32.8,0.0,57.7,22.0,3.1
2025-03-04 15:00:00,33.2,0.0,54.2,10.0,3.6
2025-03-04 16:00:00,32.4,0.0,60.0,31.0,3.3
2025-03-04 17:00:00,25.3,5.6,99.4,140.0,8.39999
2025-03-04 18:00:00,24.4,0.0,99.3,11.0,6.0
2025-03-04 19:00:00,23.9,0.0,99.4,34.0,4.9
2025-03-04 20:00:00,24.8,0.0,99.4,332.0,1.5
2025-03-04 21:00:00,25.2,0.0,99.3,145.0,1.1
2025-03-04 22:00:00,25.3,0.0,99.4,320.0,1.1
2025-03-04 23:00:00,25.8,0.0,99.3,341.0,1.2
2025-03-05 00:00:00,25.7,0.0,99.4,279.0,0.9
2025-03-05 01:00:00,25.7,0.0,99.4,359.0,1.3
2025-03-05 02:00:00,25.7,0.0,99.4,4.0,1.8
2025-03-05 03:00:00,25.6,0.0,99.4,312.0,2.1
2025-03-05 04:00:00,25.5,0.0,99.4,293.0,1.1
2025-03-05 05:00:00,25.5,0.0,99.4,336.0,1.6
2025-03-05 06:00:00,25.3,0.0,99.4,355.0,2.4
2025-03-05 07:00:00,25.3,0.0,99.4,18.0,2.3
2025-03-05 08:00:00,25.5,0.0,99.4,350.0,1.9
2025-03-05 09:00:00,26.4,0.0,99.3,345.0,2.1
2025-03-05 10:00:00,28.1,0.0,96.5,345.0,2.1
2025-03-05 11:00:00,29.5,0.0,86.5,98.0,1.4
2025-03-05 12:00:00,29.3,0.0,84.7,333.0,2.1
2025-03-05 13:00:00,30.2,0.0,79.4,160.0,2.9
2025-03-05 14:00:00,30.0,0.0,83.2,169.0,3.2
2025-03-05 15:00:00,28.5,0.0,95.1,259.0,3.5
2025-03-05 16:00:00,27.3,0.0,99.4,330.0,1.7
2025-03-05 17:00:00,25.8,0.2,99.4,162.0,2.0
2025-03-05 18:00:00,26.2,0.6,99.4,48.0,1.9
2025-03-05 19:00:00,25.7,0.0,99.4,32.0,3.8
2025-03-05 20:00:00,25.8,0.0,99.4,27.0,2.0
2025-03-05 21:00:00,25.8,0.0,99.4,22.0,2.3
2025-03-05 22:00:00,25.9,0.0,99.4,28.0,2.4
2025-03-05 23:00:00,26.1,0.0,99.4,130.0,1.4
2025-03-06 00:00:00,25.7,0.0,99.4,21.0,2.5
2025-03-06 01:00:00,25.8,0.0,99.4,239.0,0.6
2025-03-06 02:00:00,25.9,0.0,99.4,349.0,1.3
2025-03-06 03:00:00,25.9,0.0,99.4,337.0,1.4
2025-03-06 04:00:00,25.8,0.0,99.4,322.0,1.3
2025-03-06 05:00:00,25.8,0.0,99.4,4.0,1.7
2025-03-06 06:00:00,26.0,0.0,99.4,280.0,1.5
2025-03-06 07:00:00,25.1,0.0,99.4,251.0,3.4
2025-03-06 08:00:00,24.5,2.0,99.5,250.0,3.0
2025-03-06 09:00:00,24.2,0.0,99.5,271.0,2.5
2025-03-06 10:00:00,25.0,0.0,99.4,272.0,2.8
2025-03-06 11:00:00,26.3,0.0,99.3,248.0,3.4
2025-03-06 12:00:00,26.7,0.0,99.3,282.0,3.5
2025-03-06 13:00:00,25.6,0.0,99.3,295.0,5.5
2025-03-06 14:00:00,26.4,0.0,96.5,271.0,4.6
2025-03-06 15:00:00,27.7,0.0,84.2,272.0,4.6
2025-03-06 16:00:00,27.4,0.0,85.6,251.0,3.5
2025-03-06 17:00:00,27.5,0.0,83.9,245.0,3.9
2025-03-06 18:00:00,27.1,0.0,88.0,293.0,4.3
2025-03-06 19:00:00,26.6,0.0,90.7,255.0,2.9
2025-03-06 20:00:00,26.2,0.0,93.1,253.0,3.0
2025-03-06 21:00:00,26.3,0.0,96.3,269.0,1.4
2025-03-06 22:00:00,26.1,0.0,99.3,255.0,1.8
2025-03-06 23:00:00,26.1,0.0,99.3,278.0,1.7
2025-03-07 00:00:00,25.9,0.0,99.3,272.0,1.5
2025-03-07 01:00:00,25.5,0.0,99.4,187.0,0.5
2025-03-07 02:00:00,25.4,0.0,99.4,339.0,0.7
2025-03-07 03:00:00,25.4,0.0,99.4,12.0,1.0
2025-03-07 04:00:00,25.2,0.0,99.4,3.0,1.4
2025-03-07 05:00:00,25.3,0.0,99.4,321.0,1.7
2025-03-07 06:00:00,25.0,0.0,99.4,301.0,1.1
2025-03-07 07:00:00,25.1,0.0,99.4,12.0,1.6
2025-03-07 08:00:00,25.3,0.0,99.4,23.0,2.8
2025-03-07 09:00:00,27.2,0.0,99.3,356.0,1.6
2025-03-07 10:00:00,30.3,0.0,83.3,87.0,1.8
2025-03-07 11:00:00,30.9,0.0,70.3,335.0,2.4
2025-03-07 12:00:00,31.3,0.0,66.0,349.0,2.8
2025-03-07 13:00:00,31.3,0.0,66.5,239.0,2.4
2025-03-07 14:00:00,32.2,0.0,63.4,206.0,2.6
2025-03-07 15:00:00,32.7,0.0,58.6,179.0,4.1
2025-03-07 16:00:00,31.3,0.0,59.8,154.0,3.9
2025-03-07 17:00:00,30.8,0.0,61.9,168.0,3.4
2025-03-07 18:00:00,30.4,0.0,82.4,57.0,3.4
2025-03-07 19:00:00,28.7,0.0,89.4,41.0,3.7
2025-03-07 20:00:00,27.5,0.0,93.1,46.0,5.6
2025-03-07 21:00:00,27.4,0.0,98.6,31.0,3.2
2025-03-07 22:00:00,27.3,0.0,99.3,33.0,2.7
2025-03-07 23:00:00,27.3,0.0,99.3,35.0,2.1
2025-03-08 00:00:00,27.1,0.0,99.3,40.0,2.7
2025-03-08 01:00:00,26.9,0.0,99.3,37.0,3.5
2025-03-08 02:00:00,26.7,0.0,99.3,29.0,2.9
2025-03-08 03:00:00,26.5,0.0,99.4,33.0,2.8
2025-03-08 04:00:00,26.4,0.0,99.4,29.0,2.9
2025-03-08 05:00:00,26.2,0.0,99.4,19.0,2.1
2025-03-08 06:00:00,26.3,0.0,99.4,27.0,2.5
2025-03-08 07:00:00,26.3,0.0,99.4,29.0,2.8
2025-03-08 08:00:00,26.8,0.0,99.4,35.0,4.4
2025-03-08 09:00:00,27.7,0.0,98.5,35.0,7.2
2025-03-08 10:00:00,28.8,0.0,89.3,19.0,4.9
2025-03-08 11:00:00,29.6,0.0,85.8,11.0,3.1
2025-03-08 12:00:00,30.1,0.0,77.6,10.0,4.6
2025-03-08 13:00:00,32.1,0.0,66.8,359.0,4.4
2025-03-08 14:00:00,31.9,0.0,63.3,350.0,3.4
2025-03-08 15:00:00,28.0,0.0,99.3,123.0,4.5
2025-03-08 16:00:00,26.4,0.0,99.4,23.0,5.3
2025-03-08 17:00:00,25.7,0.0,99.4,20.0,4.2
2025-03-08 18:00:00,25.9,0.0,99.3,39.0,5.1
2025-03-08 19:00:00,26.6,0.0,99.3,50.0,3.0
2025-03-08 20:00:00,26.6,0.0,99.3,38.0,4.0
2025-03-08 21:00:00,26.9,0.0,99.3,42.0,6.8
2025-03-08 22:00:00,26.6,0.0,99.3,40.0,5.0
2025-03-08 23:00:00,26.5,0.0,99.3,41.0,6.5
2025-03-09 00:00:00,26.3,0.0,99.3,44.0,6.7
2025-03-09 01:00:00,26.5,0.0,99.3,37.0,5.5
2025-03-09 02:00:00,26.7,0.0,99.3,40.0,5.5
2025-03-09 03:00:00,26.7,0.0,99.3,40.0,5.4
2025-03-09 04:00:00,26.6,0.0,99.3,41.0,4.7
2025-03-09 05:00:00,26.4,0.0,99.4,35.0,4.6
2025-03-09 06:00:00,26.4,0.0,99.3,40.0,4.9
2025-03-09 07:00:00,26.4,0.0,99.3,38.0,4.8
2025-03-09 08:00:00,26.5,0.0,99.3,1.0,1.6
2025-03-09 09:00:00,26.3,0.0,99.4,20.0,3.8
2025-03-09 10:00:00,26.4,0.0,99.4,293.0,2.0
2025-03-09 11:00:00,25.7,0.0,99.3,286.0,4.8
2025-03-09 12:00:00,24.3,0.2,99.4,34.0,4.7
2025-03-09 13:00:00,23.5,0.2,99.4,19.0,3.1
2025-03-09 14:00:00,24.0,0.2,99.4,18.0,1.7
2025-03-09 15:00:00,23.9,0.0,99.4,43.0,3.0
2025-03-09 16:00:00,25.0,0.0,99.4,44.0,2.3
2025-03-09 17:00:00,26.1,0.0,99.3,55.0,1.5
2025-03-09 18:00:00,26.2,0.0,99.3,329.0,1.3
2025-03-09 19:00:00,26.0,0.0,99.3,352.0,1.5
2025-03-09 20:00:00,25.7,0.0,99.4,284.0,1.4
2025-03-09 21:00:00,25.5,0.0,99.4,302.0,0.9
2025-03-09 22:00:00,25.3,0.0,99.4,250.0,0.6
2025-03-09 23:00:00,25.0,0.0,99.4,313.0,1.6
2025-03-10 00:00:00,24.8,0.0,99.4,319.0,0.9
2025-03-10 01:00:00,24.8,0.0,99.5,359.0,1.5
2025-03-10 02:00:00,24.9,0.0,99.5,33.0,2.6
2025-03-10 03:00:00,24.7,0.0,99.5,10.0,1.7
2025-03-10 04:00:00,25.0,0.0,99.4,19.0,1.7
2025-03-10 05:00:00,24.9,0.0,99.4,358.0,1.5
2025-03-10 06:00:00,24.6,0.0,99.5,296.0,0.8
2025-03-10 07:00:00,24.7,0.0,99.5,323.0,0.9
2025-03-10 08:00:00,25.8,0.0,99.4,28.0,3.1
2025-03-10 09:00:00,27.6,0.0,99.3,26.0,3.8
2025-03-10 10:00:00,28.6,0.0,94.2,39.0,6.7
2025-03-10 11:00:00,29.2,0.0,87.7,42.0,6.7
2025-03-10 12:00:00,30.4,0.0,81.7,46.0,5.3
2025-03-10 13:00:00,31.0,0.0,71.5,39.0,7.6
2025-03-10 14:00:00,32.3,0.0,64.4,29.0,6.5
2025-03-10 15:00:00,26.4,0.0,99.5,62.0,5.7
2025-03-10 16:00:00,28.6,0.0,98.2,40.0,3.9
2025-03-10 17:00:00,29.9,0.0,80.0,41.0,5.6
2025-03-10 18:00:00,29.7,0.0,74.6,37.0,8.0
2025-03-10 19:00:00,28.9,0.0,86.2,42.0,4.8
2025-03-10 20:00:00,27.9,0.0,94.2,36.0,6.2
2025-03-10 21:00:00,27.6,0.0,99.2,36.0,4.9
2025-03-10 22:00:00,27.2,0.0,99.3,39.0,4.5
2025-03-10 23:00:00,27.2,0.0,99.3,39.0,4.9
2025-03-11 00:00:00,27.1,0.0,99.3,25.0,2.3
2025-03-11 01:00:00,27.1,0.0,99.3,34.0,4.7
2025-03-11 02:00:00,26.7,0.0,99.3,16.0,2.4
2025-03-11 03:00:00,26.4,0.0,99.4,11.0,2.2
2025-03-11 04:00:00,26.3,0.0,99.4,341.0,1.6
2025-03-11 05:00:00,25.8,0.0,99.4,1.0,1.4
2025-03-11 06:00:00,25.7,0.0,99.4,358.0,1.3
2025-03-11 07:00:00,25.7,0.0,99.4,15.0,1.8
2025-03-11 08:00:00,25.8,0.0,99.4,22.0,2.8
2025-03-11 09:00:00,27.7,0.0,99.3,39.0,5.4
2025-03-11 10:00:00,27.9,0.0,95.9,33.0,9.2
2025-03-11 11:00:00,29.0,0.0,92.8,28.0,6.0
2025-03-11 12:00:00,29.6,0.0,82.8,27.0,6.6
2025-03-11 13:00:00,30.4,0.0,72.8,35.0,5.7
2025-03-11 14:00:00,31.3,0.0,65.1,44.0,6.0
2025-03-11 15:00:00,31.9,0.0,61.7,43.0,5.3
2025-03-11 16:00:00,31.9,0.0,62.3,33.0,5.2
2025-03-11 17:00:00,32.5,0.0,60.5,45.0,5.7
2025-03-11 18:00:00,31.6,0.0,74.2,43.0,4.8
2025-03-11 19:00:00,29.7,0.0,81.0,43.0,4.0
2025-03-11 20:00:00,28.6,0.0,82.0,39.0,8.5
2025-03-11 21:00:00,28.0,0.0,91.0,41.0,5.8
2025-03-11 22:00:00,27.7,0.0,93.2,36.0,8.60001
2025-03-11 23:00:00,27.6,0.0,95.0,37.0,7.1
2025-03-12 00:00:00,27.3,0.0,97.9,35.0,7.3
2025-03-12 01:00:00,27.2,0.0,99.2,40.0,6.0
2025-03-12 02:00:00,26.9,0.0,99.3,40.0,5.5
2025-03-12 03:00:00,26.8,0.0,99.3,31.0,4.1
2025-03-12 04:00:00,26.6,0.0,99.3,296.0,1.2
2025-03-12 05:00:00,26.3,0.0,99.3,359.0,1.9
2025-03-12 06:00:00,26.2,0.0,99.3,338.0,1.5
2025-03-12 07:00:00,26.1,0.0,99.3,269.0,1.4
2025-03-12 08:00:00,26.9,0.0,99.3,338.0,1.2
2025-03-12 09:00:00,28.1,0.0,92.3,331.0,2.0
2025-03-12 10:00:00,28.7,0.0,85.3,334.0,3.4
2025-03-12 11:00:00,31.0,0.0,72.2,335.0,3.7
2025-03-12 12:00:00,30.4,0.0,72.5,32.0,3.7
2025-03-12 13:00:00,31.6,0.0,69.2,27.0,3.5
2025-03-12 14:00:00,26.1,0.0,99.3,29.0,5.7
2025-03-12 15:00:00,28.7,0.0,86.2,21.0,3.4
2025-03-12 16:00:00,29.9,0.0,78.6,21.0,5.3
2025-03-12 17:00:00,27.0,0.0,99.4,33.0,6.0
2025-03-12 18:00:00,27.6,0.0,91.6,23.0,4.5
2025-03-12 19:00:00,26.7,0.0,97.6,32.0,6.3
2025-03-12 20:00:00,27.1,0.0,98.1,6.0,2.1
2025-03-12 21:00:00,27.0,0.0,99.3,37.0,4.3
2025-03-12 22:00:00,26.9,0.0,99.3,37.0,4.1
2025-03-12 23:00:00,26.9,0.0,99.3,29.0,3.3
2025-03-13 00:00:00,26.5,0.0,99.4,352.0,1.5
2025-03-13 01:00:00,26.3,0.0,99.4,270.0,1.7
2025-03-13 02:00:00,26.1,0.0,99.4,274.0,1.8
2025-03-13 03:00:00,25.8,0.0,99.4,348.0,2.0
2025-03-13 04:00:00,25.7,0.0,99.4,273.0,0.9
2025-03-13 05:00:00,25.6,0.0,99.4,314.0,0.8
2025-03-13 06:00:00,25.6,0.0,99.4,15.0,1.7
2025-03-13 07:00:00,25.8,0.0,99.4,6.0,1.8
2025-03-13 08:00:00,25.8,0.0,99.4,17.0,2.4
2025-03-13 09:00:00,26.6,0.0,99.4,14.0,2.4
2025-03-13 10:00:00,27.8,0.0,99.3,44.0,4.2
2025-03-13 11:00:00,29.5,0.0,85.5,38.0,2.9
2025-03-13 12:00:00,29.6,0.0,77.5,58.0,3.1
2025-03-13 13:00:00,32.3,0.0,62.7,43.0,3.6
2025-03-13 14:00:00,30.9,0.0,76.2,49.0,3.3
2025-03-13 15:00:00,30.2,0.0,72.3,32.0,3.3
2025-03-13 16:00:00,31.4,0.0,73.3,132.0,2.9
2025-03-13 17:00:00,31.4,0.0,64.8,48.0,3.4
2025-03-13 18:00:00,30.5,0.0,82.7,38.0,5.0
2025-03-13 19:00:00,29.6,0.0,82.9,36.0,5.5
2025-03-13 20:00:00,28.8,0.0,86.6,38.0,3.3
2025-03-13 21:00:00,28.1,0.0,97.6,49.0,4.0
2025-03-13 22:00:00,27.7,0.0,98.5,37.0,3.2
2025-03-13 23:00:00,27.4,0.0,99.3,30.0,2.7
2025-03-14 00:00:00,27.2,0.0,99.3,31.0,3.4
2025-03-14 01:00:00,26.9,0.0,99.3,27.0,2.3
2025-03-14 02:00:00,26.7,0.0,99.3,35.0,5.6
2025-03-14 03:00:00,26.6,0.0,99.3,36.0,4.2
2025-03-14 04:00:00,26.5,0.0,99.3,38.0,6.7
2025-03-14 05:00:00,26.3,0.0,99.3,37.0,5.9
2025-03-14 06:00:00,26.2,0.0,99.3,29.0,3.5
2025-03-14 07:00:00,26.0,0.0,99.3,26.0,3.1
2025-03-14 08:00:00,26.8,0.0,99.3,23.0,2.8
2025-03-14 09:00:00,27.7,0.0,96.0,29.0,5.7
2025-03-14 10:00:00,28.9,0.0,86.6,38.0,5.6
2025-03-14 11:00:00,30.7,0.0,76.4,8.0,4.5
2025-03-14 12:00:00,30.8,0.0,70.1,355.0,3.9
2025-03-14 13:00:00,31.8,0.0,64.2,43.0,4.0
2025-03-14 14:00:00,32.3,0.0,62.4,61.0,5.3
2025-03-14 15:00:00,31.6,0.0,64.4,60.0,6.2
2025-03-14 16:00:00,31.5,0.0,63.2,32.0,5.5
2025-03-14 17:00:00,27.9,0.0,94.0,271.0,4.8
2025-03-14 18:00:00,26.2,0.0,99.3,257.0,6.4
2025-03-14 19:00:00,25.6,0.0,99.4,35.0,3.9
2025-03-14 20:00:00,25.2,0.0,99.4,6.0,2.2
2025-03-14 21:00:00,25.2,0.0,99.4,3.0,1.5
2025-03-14 22:00:00,25.7,0.0,99.4,217.0,0.8
2025-03-14 23:00:00,26.0,0.0,99.4,235.0,0.9
2025-03-15 00:00:00,26.1,0.0,99.3,288.0,1.8
2025-03-15 01:00:00,25.9,0.0,99.4,308.0,2.3
2025-03-15 02:00:00,25.8,0.0,99.4,277.0,1.2
2025-03-15 03:00:00,25.7,0.0,99.4,293.0,0.8
2025-03-15 04:00:00,25.6,0.0,99.4,291.0,0.6
2025-03-15 05:00:00,25.7,0.0,99.4,11.0,1.0
2025-03-15 06:00:00,25.8,0.0,99.4,359.0,1.1
2025-03-15 07:00:00,25.9,0.0,99.4,357.0,1.6
2025-03-15 08:00:00,25.9,0.0,99.4,337.0,1.0
2025-03-15 09:00:00,26.6,0.0,99.4,339.0,1.7
2025-03-15 10:00:00,28.3,0.0,98.1,35.0,4.6
2025-03-15 11:00:00,29.4,0.0,89.3,30.0,5.6
2025-03-15 12:00:00,30.1,0.0,81.1,32.0,3.9
2025-03-15 13:00:00,32.4,0.0,65.0,85.0,3.8
2025-03-15 14:00:00,32.1,0.0,65.2,73.0,4.0
2025-03-15 15:00:00,32.6,0.0,60.7,50.0,2.7
2025-03-15 16:00:00,30.6,0.0,82.1,110.0,3.9
2025-03-15 17:00:00,28.2,0.0,84.6,346.0,3.8
2025-03-15 18:00:00,25.5,0.0,94.4,284.0,3.2
2025-03-15 19:00:00,25.8,0.0,93.2,266.0,1.3
2025-03-15 20:00:00,26.2,0.0,93.0,337.0,0.8
2025-03-15 21:00:00,25.9,0.0,94.9,322.0,1.3
2025-03-15 22:00:00,25.9,0.0,99.3,19.0,1.6
2025-03-15 23:00:00,26.2,0.0,99.3,347.0,1.7
2025-03-16 00:00:00,26.5,0.0,99.3,356.0,1.2
2025-03-16 01:00:00,26.8,0.0,99.4,22.0,2.1
2025-03-16 02:00:00,26.3,0.0,99.4,19.0,1.8
2025-03-16 03:00:00,26.4,0.0,99.4,25.0,2.2
2025-03-16 04:00:00,26.5,0.0,99.4,23.0,2.5
2025-03-16 05:00:00,26.4,0.0,99.4,30.0,2.4
2025-03-16 06:00:00,26.3,0.0,99.4,28.0,2.7
2025-03-16 07:00:00,26.1,0.0,99.4,16.0,2.2
2025-03-16 08:00:00,26.5,0.0,99.4,357.0,1.4
2025-03-16 09:00:00,27.4,0.0,99.3,28.0,3.0
2025-03-16 10:00:00,28.4,0.0,92.4,37.0,3.7
2025-03-16 11:00:00,29.2,0.0,85.6,345.0,3.8
2025-03-16 12:00:00,30.2,0.0,80.0,347.0,3.3
2025-03-16 13:00:00,31.0,0.0,69.9,355.0,2.7
2025-03-16 14:00:00,32.6,0.0,63.4,334.0,2.2
2025-03-16 15:00:00,31.5,0.0,72.5,50.0,2.0
2025-03-16 16:00:00,30.2,0.0,81.8,40.0,6.3
2025-03-16 17:00:00,30.6,0.0,61.2,19.0,3.4
2025-03-16 18:00:00,29.1,0.0,79.3,304.0,4.2
2025-03-16 19:00:00,25.0,0.8,99.5,3.0,2.5
2025-03-16 20:00:00,25.4,0.0,99.4,71.0,1.3
2025-03-16 21:00:00,26.0,0.0,99.4,31.0,3.2
2025-03-16 22:00:00,26.2,0.0,99.3,38.0,3.5
2025-03-16 23:00:00,26.4,0.0,99.3,28.0,2.2
2025-03-17 00:00:00,26.5,0.0,99.3,36.0,3.3
2025-03-17 01:00:00,26.4,0.0,99.3,36.0,4.8
2025-03-17 02:00:00,26.3,0.0,99.3,38.0,5.2
2025-03-17 03:00:00,26.5,0.0,99.3,36.0,5.5
2025-03-17 04:00:00,26.4,0.0,99.3,39.0,4.6
2025-03-17 05:00:00,25.9,0.0,99.4,25.0,2.9
2025-03-17 06:00:00,25.7,0.0,99.4,30.0,3.3
2025-03-17 07:00:00,25.5,0.0,99.4,21.0,2.3
2025-03-17 08:00:00,26.5,0.0,99.3,35.0,4.1
2025-03-17 09:00:00,28.0,0.0,91.1,28.0,5.2
2025-03-17 10:00:00,28.7,0.0,81.6,30.0,6.6
2025-03-17 11:00:00,29.4,0.0,72.9,26.0,4.4
2025-03-17 12:00:00,30.4,0.0,67.1,17.0,4.4
2025-03-17 13:00:00,30.5,0.0,64.7,12.0,3.2
2025-03-17 14:00:00,31.5,0.0,62.8,19.0,3.9
2025-03-17 15:00:00,32.4,0.0,60.2,282.0,3.1
2025-03-17 16:00:00,29.9,0.0,76.5,171.0,2.7
2025-03-17 17:00:00,30.1,0.0,73.4,188.0,2.0
2025-03-17 18:00:00,25.6,0.0,97.1,294.0,2.0
2025-03-17 19:00:00,26.0,0.0,99.3,15.0,2.2
2025-03-17 20:00:00,26.3,0.0,97.4,30.0,3.2
2025-03-17 21:00:00,26.5,0.0,99.3,36.0,4.0
2025-03-17 22:00:00,27.1,0.0,99.0,27.0,3.9
2025-03-17 23:00:00,27.1,0.0,98.2,26.0,4.1
2025-03-18 00:00:00,26.8,0.0,98.3,347.0,2.4
2025-03-18 01:00:00,26.5,0.0,99.3,344.0,2.5
2025-03-18 02:00:00,26.1,0.0,99.3,7.0,2.2
2025-03-18 03:00:00,25.9,0.0,99.3,7.0,1.6
2025-03-18 04:00:00,25.8,0.0,99.3,347.0,2.1
2025-03-18 05:00:00,25.8,0.0,99.3,20.0,1.7
2025-03-18 06:00:00,25.7,0.0,99.3,345.0,2.1
2025-03-18 07:00:00,25.4,0.0,99.3,346.0,2.3
2025-03-18 08:00:00,25.8,0.0,99.3,347.0,2.4
2025-03-18 09:00:00,27.5,0.0,93.9,344.0,2.9
2025-03-18 10:00:00,28.9,0.0,80.2,11.0,4.6
2025-03-18 11:00:00,28.7,0.0,81.7,5.0,4.6
2025-03-18 12:00:00,30.7,0.0,66.8,17.0,5.2
2025-03-18 13:00:00,30.8,0.0,65.8,24.0,6.4
2025-03-18 14:00:00,31.8,0.0,61.1,37.0,7.5
2025-03-18 15:00:00,31.9,0.0,56.6,43.0,8.8
2025-03-18 16:00:00,32.0,0.0,54.6,29.0,8.8
2025-03-18 17:00:00,31.8,0.0,54.4,28.0,7.8
2025-03-18 18:00:00,31.2,0.0,58.9,33.0,7.2
2025-03-18 19:00:00,30.2,0.0,67.2,37.0,6.6
2025-03-18 20:00:00,28.8,0.0,77.2,39.0,7.3
2025-03-18 21:00:00,28.2,0.0,80.0,28.0,5.5
2025-03-18 22:00:00,27.5,0.0,88.2,26.0,3.4
2025-03-18 23:00:00,27.2,0.0,90.9,26.0,3.3
2025-03-19 00:00:00,27.1,0.0,92.4,14.0,3.0
2025-03-19 01:00:00,27.0,0.0,93.1,37.0,6.5
2025-03-19 02:00:00,26.8,0.0,96.2,31.0,4.2
2025-03-19 03:00:00,26.6,0.0,97.1,27.0,4.6
2025-03-19 04:00:00,26.5,0.0,97.9,22.0,3.0
2025-03-19 05:00:00,26.4,0.0,97.6,10.0,3.2
2025-03-19 06:00:00,26.2,0.0,99.3,23.0,3.1
2025-03-19 07:00:00,26.1,0.0,99.3,359.0,2.4
2025-03-19 08:00:00,26.2,0.0,99.3,341.0,3.1
2025-03-19 09:00:00,25.7,0.0,99.3,356.0,2.6
2025-03-19 10:00:00,25.6,0.2,99.4,348.0,1.6
2025-03-19 11:00:00,25.4,0.4,99.4,1.0,1.9
2025-03-19 12:00:00,24.8,0.8,99.5,178.0,2.3
2025-03-19 13:00:00,24.3,0.4,99.5,333.0,3.3
2025-03-19 14:00:00,24.2,1.2,99.5,357.0,2.7
2025-03-19 15:00:00,24.4,1.2,99.5,247.0,1.1
2025-03-19 16:00:00,24.1,0.0,99.5,334.0,1.8
2025-03-19 17:00:00,23.7,1.6,99.5,309.0,4.4
2025-03-19 18:00:00,23.4,1.2,99.5,29.0,5.1
2025-03-19 19:00:00,22.9,0.2,99.5,276.0,3.7
2025-03-19 20:00:00,22.5,0.6,99.5,230.0,2.9
2025-03-19 21:00:00,22.9,0.2,99.5,265.0,2.8
2025-03-19 22:00:00,23.3,1.2,99.5,302.0,2.3
2025-03-19 23:00:00,23.5,0.0,99.5,271.0,1.2
2025-03-20 00:00:00,23.7,0.0,99.5,258.0,2.9
2025-03-20 01:00:00,23.9,0.0,99.5,261.0,3.0
2025-03-20 02:00:00,23.9,0.2,99.5,254.0,4.2
2025-03-20 03:00:00,23.9,0.4,99.5,284.0,1.7
2025-03-20 04:00:00,24.0,1.6,99.5,16.0,2.4
2025-03-20 05:00:00,23.8,0.2,99.5,273.0,1.8
2025-03-20 06:00:00,22.8,0.8,99.5,264.0,6.1
2025-03-20 07:00:00,22.7,0.2,99.5,264.0,3.3
2025-03-20 08:00:00,23.0,0.2,99.5,282.0,1.3
2025-03-20 09:00:00,22.9,1.2,99.5,287.0,3.4
2025-03-20 10:00:00,22.8,1.4,99.5,317.0,3.1
2025-03-20 11:00:00,22.5,0.6,99.5,317.0,2.7
2025-03-20 12:00:00,22.7,0.4,99.5,261.0,3.6
2025-03-20 13:00:00,22.8,0.6,99.5,331.0,1.9
2025-03-20 14:00:00,23.1,0.4,99.5,275.0,3.0
2025-03-20 15:00:00,23.1,1.0,99.5,217.0,2.0
2025-03-20 16:00:00,23.1,0.6,99.5,27.0,4.0
2025-03-20 17:00:00,23.0,0.2,99.5,343.0,2.6
2025-03-20 18:00:00,23.1,0.0,99.5,355.0,3.0
2025-03-20 19:00:00,23.3,0.0,99.5,18.0,3.1
2025-03-20 20:00:00,23.4,0.0,99.5,33.0,3.7
2025-03-20 21:00:00,23.4,0.0,99.5,22.0,2.7
2025-03-20 22:00:00,23.4,0.0,99.5,24.0,3.0
2025-03-20 23:00:00,23.4,0.0,99.4,8.0,3.5
2025-03-21 00:00:00,23.6,0.0,99.4,16.0,3.7
2025-03-21 01:00:00,24.1,0.0,99.4,30.0,3.9
2025-03-21 02:00:00,23.8,0.0,99.4,358.0,1.5
2025-03-21 03:00:00,23.5,0.0,99.4,214.0,0.6
2025-03-21 04:00:00,23.4,0.0,99.4,292.0,0.7
2025-03-21 05:00:00,23.5,0.0,99.5,239.0,1.5
2025-03-21 06:00:00,23.5,0.0,99.5,7.0,1.5
2025-03-21 07:00:00,23.5,0.0,99.5,310.0,1.0
2025-03-21 08:00:00,23.7,0.0,99.5,330.0,2.0
2025-03-21 09:00:00,24.4,0.0,99.5,346.0,2.6
2025-03-21 10:00:00,26.4,0.0,99.3,25.0,4.5
2025-03-21 11:00:00,28.2,0.0,90.5,8.0,4.5
2025-03-21 12:00:00,27.0,0.0,99.4,355.0,3.4
2025-03-21 13:00:00,28.3,0.0,85.4,20.0,5.5
2025-03-21 14:00:00,28.8,0.0,83.3,36.0,8.8
2025-03-21 15:00:00,28.8,0.0,84.2,37.0,7.9
2025-03-21 16:00:00,28.835833333333333,0.0,80.9,13.0,3.7
2025-03-21 17:00:00,28.871666666666666,0.0,74.0,34.0,6.9
2025-03-21 18:00:00,28.907500000000002,0.0,73.5,40.0,6.2
2025-03-21 19:00:00,,0.0,76.1,33.0,5.2
2025-03-21 20:00:00,,0.0,81.8,13.0,2.4
2025-03-21 21:00:00,,0.0,80.3,7.0,2.2
2025-03-21 22:00:00,,0.0,81.8,300.0,1.5
2025-03-21 23:00:00,,0.0,87.3,354.0,1.7
2025-03-22 00:00:00,,0.0,91.4,26.0,2.1
2025-03-22 01:00:00,,0.0,90.6,14.0,1.6
2025-03-22 02:00:00,,0.0,92.7,24.0,2.7
2025-03-22 03:00:00,,0.0,92.1,10.0,1.5
2025-03-22 04:00:00,,0.0,92.7,346.0,1.6
2025-03-22 05:00:00,,0.0,95.3,36.0,3.5
2025-03-22 06:00:00,,0.0,95.3,352.0,2.0
2025-03-22 07:00:00,,0.2,95.1,343.0,1.6
2025-03-22 08:00:00,,0.0,95.2,29.0,2.8
2025-03-22 09:00:00,,0.0,93.8,37.0,2.5
2025-03-22 10:00:00,,0.0,88.4,21.0,3.0
2025-03-22 11:00:00,,0.0,78.9,30.0,4.3
2025-03-22 12:00:00,,0.0,77.4,38.0,4.8
2025-03-22 13:00:00,,0.0,71.2,43.0,5.3
2025-03-22 14:00:00,,0.0,64.8,45.0,6.1
2025-03-22 15:00:00,,0.0,65.2,47.0,6.4
2025-03-22 16:00:00,,0.0,67.7,44.0,6.8
2025-03-22 17:00:00,,0.0,67.7,44.0,4.9
2025-03-22 18:00:00,,0.0,70.7,39.0,6.0
2025-03-22 19:00:00,,0.0,75.2,40.0,6.1
2025-03-22 20:00:00,,0.0,78.5,38.0,4.6
2025-03-22 21:00:00,,0.0,80.0,40.0,6.4
2025-03-22 22:00:00,,0.0,81.7,37.0,5.4
2025-03-22 23:00:00,,0.0,82.3,38.0,6.5
2025-03-23 00:00:00,,0.0,91.9,35.0,4.5
2025-03-23 01:00:00,,0.2,92.9,12.0,1.8
2025-03-23 02:00:00,,0.2,91.8,59.0,5.3
2025-03-23 03:00:00,,0.2,91.9,43.0,3.4
2025-03-23 04:00:00,,0.2,92.8,42.0,3.7
2025-03-23 05:00:00,,0.0,91.3,43.0,3.8
2025-03-23 06:00:00,,0.2,93.8,78.0,3.2
2025-03-23 07:00:00,,0.0,93.0,42.0,4.8
2025-03-23 08:00:00,,0.0,90.7,41.0,5.9
2025-03-23 09:00:00,,0.0,91.8,263.0,1.1
2025-03-23 10:00:00,,0.0,88.1,309.0,2.1
2025-03-23 11:00:00,,0.0,80.9,282.0,2.3
2025-03-23 12:00:00,,0.0,74.9,354.0,2.6
2025-03-23 13:00:00,,0.0,72.9,31.0,4.0
2025-03-23 14:00:00,,0.0,67.9,65.0,7.7
2025-03-23 15:00:00,,0.0,64.6,41.0,3.1
2025-03-23 16:00:00,,0.0,64.9,60.0,5.2
2025-03-23 17:00:00,,0.0,71.0,51.0,4.3
2025-03-23 18:00:00,,0.0,72.6,40.0,5.4
2025-03-23 19:00:00,,0.0,76.2,50.0,4.8
2025-03-23 20:00:00,,0.0,79.0,42.0,7.0
2025-03-23 21:00:00,,0.0,82.0,38.0,4.1
2025-03-23 22:00:00,,0.0,82.8,6.0,2.2
2025-03-23 23:00:00,,0.2,91.5,266.0,1.8
2025-03-24 00:00:00,,0.2,93.5,258.0,1.1
2025-03-24 01:00:00,,0.0,92.6,38.0,3.5
2025-03-24 02:00:00,,0.0,93.3,44.0,4.9
2025-03-24 03:00:00,,0.0,92.7,38.0,5.7
2025-03-24 04:00:00,,0.0,90.7,27.0,3.3
2025-03-24 05:00:00,,0.2,93.6,338.0,1.2
2025-03-24 06:00:00,,0.0,93.2,101.0,1.1
2025-03-24 07:00:00,,0.0,94.0,36.0,3.8
2025-03-24 08:00:00,,0.0,93.6,347.0,2.2
2025-03-24 09:00:00,,0.0,92.6,1.0,2.5
2025-03-24 10:00:00,,0.0,86.3,353.0,3.1
2025-03-24 11:00:00,,0.0,83.5,338.0,2.8
2025-03-24 12:00:00,,0.0,73.3,29.0,4.5
2025-03-24 13:00:00,,0.0,86.2,256.0,2.6
2025-03-24 14:00:00,,0.0,86.2,228.0,1.5
2025-03-24 15:00:00,,0.0,78.4,36.0,1.6
2025-03-24 16:00:00,,0.0,79.0,27.0,1.4
2025-03-24 17:00:00,,0.0,78.0,150.0,1.5
2025-03-24 18:00:00,,0.0,75.9,126.0,2.6
2025-03-24 19:00:00,,0.0,78.8,25.0,4.3
2025-03-24 20:00:00,,0.0,82.2,38.0,3.1
2025-03-24 21:00:00,,0.0,84.3,27.0,2.4
2025-03-24 22:00:00,,0.0,85.1,38.0,2.4
2025-03-24 23:00:00,,0.0,86.2,30.0,2.7
2025-03-25 00:00:00,,0.0,87.3,15.0,2.0
2025-03-25 01:00:00,,0.0,89.0,35.0,3.7
2025-03-25 02:00:00,,0.0,87.4,36.0,4.9
2025-03-25 03:00:00,,0.0,88.5,34.0,5.3
2025-03-25 04:00:00,,0.0,87.69444444444444,39.083333333333336,5.211111111111111
2025-03-25 05:00:00,,0.0,86.88888888888889,44.166666666666664,5.122222222222222
2025-03-25 06:00:00,,0.0,86.08333333333333,49.25,5.033333333333333
2025-03-25 07:00:00,,,,,
2025-03-25 08:00:00,,,,,
2025-03-25 09:00:00,,,,,
2025-03-25 10:00:00,,,,,
2025-03-25 11:00:00,,,,,
2025-03-25 12:00:00,,,,,
2025-03-25 13:00:00,,,,,
2025-03-25 14:00:00,,,,,
2025-03-25 15:00:00,,,,,
2025-03-25 16:00:00,,,,,
2025-03-25 17:00:00,,,,,
2025-03-25 18:00:00,,,,,
2025-03-25 19:00:00,,,,,
2025-03-25 20:00:00,,,,,
2025-03-25 21:00:00,,,,,
2025-03-25 22:00:00,,,,,
2025-03-25 23:00:00,,,,,
2025-03-26 00:00:00,,,,,
2025-03-26 01:00:00,,,,,
2025-03-26 02:00:00,,,,,
2025-03-26 03:00:00,,,,,
2025-03-26 04:00:00,,,,,
2025-03-26 05:00:00,,,,,
2025-03-26 06:00:00,,,,,
2025-03-26 07:00:00,,,,,
2025-03-26 08:00:00,,,,,
2025-03-26 09:00:00,,,,,
2025-03-26 10:00:00,,,,,
2025-03-26 11:00:00,,,,,
2025-03-26 12:00:00,32.9925,0.0,61.916666666666664,201.75,2.3666666666666667
2025-03-26 13:00:00,33.028333333333336,0.0,61.111111111111114,206.83333333333331,2.2777777777777777
2025-03-26 14:00:00,33.064166666666665,0.0,60.30555555555556,211.91666666666666,2.1888888888888887
2025-03-26 15:00:00,33.1,0.0,59.5,217.0,2.1
2025-03-26 16:00:00,32.3,0.0,63.8,163.0,4.4
2025-03-26 17:00:00,31.9,0.0,66.0,140.0,3.9
2025-03-26 18:00:00,31.8,0.0,64.1,249.0,1.6
2025-03-26 19:00:00,29.6,0.0,78.5,62.0,3.0
2025-03-26 20:00:00,28.1,0.0,81.4,35.0,3.0
2025-03-26 21:00:00,27.6,0.0,83.9,34.0,3.2
2025-03-26 22:00:00,27.5,0.0,84.8,38.0,3.9
2025-03-26 23:00:00,27.2,0.0,84.0,35.0,3.4
2025-03-27 00:00:00,27.0,0.0,84.6,47.0,3.7
2025-03-27 01:00:00,26.8,0.0,85.8,37.0,3.1
2025-03-27 02:00:00,26.6,0.0,86.8,39.0,3.3
2025-03-27 03:00:00,26.4,0.0,87.6,29.0,2.5
2025-03-27 04:00:00,26.1,0.0,88.6,268.0,1.0
2025-03-27 05:00:00,26.4,0.0,88.1,4.0,1.7
2025-03-27 06:00:00,26.1,0.0,89.5,20.0,1.9
2025-03-27 07:00:00,26.3,0.0,89.4,36.0,3.2
2025-03-27 08:00:00,27.0,0.0,86.6,34.0,4.1
2025-03-27 09:00:00,28.4,0.0,81.3,14.0,2.7
2025-03-27 10:00:00,29.6,0.0,72.2,25.0,4.5
2025-03-27 11:00:00,30.4,0.0,68.9,11.0,3.5
2025-03-27 12:00:00,31.7,0.0,62.4,297.0,3.6
2025-03-27 13:00:00,31.6,0.0,65.2,355.0,3.0
2025-03-27 14:00:00,32.2,0.0,63.4,176.0,2.3
2025-03-27 15:00:00,30.9,0.0,75.1,113.0,5.4
2025-03-27 16:00:00,26.5,0.0,87.6,152.0,2.6
2025-03-27 17:00:00,27.6,0.0,85.6,13.0,2.4
2025-03-27 18:00:00,29.9,0.0,79.9,44.0,3.1
2025-03-27 19:00:00,29.2,0.0,80.8,32.0,3.2
2025-03-27 20:00:00,26.8,0.0,89.7,13.0,2.3
2025-03-27 21:00:00,27.0,0.0,85.5,357.0,1.7
2025-03-27 22:00:00,26.9,0.0,89.3,343.0,1.6
2025-03-27 23:00:00,26.7,0.0,89.8,344.0,1.8
2025-03-28 00:00:00,26.4,0.0,92.4,211.0,0.7
2025-03-28 01:00:00,26.6,0.0,90.1,318.0,1.4
2025-03-28 02:00:00,26.3,0.0,92.0,355.0,0.6
2025-03-28 03:00:00,26.2,0.0,93.2,9.0,1.5
2025-03-28 04:00:00,26.1,0.0,92.2,172.0,0.8
2025-03-28 05:00:00,26.1,0.0,92.4,12.0,1.6
2025-03-28 06:00:00,25.5,0.8,92.1,278.0,6.0
2025-03-28 07:00:00,25.1,0.0,91.2,19.0,2.1
2025-03-28 08:00:00,25.9,0.0,88.5,359.0,2.0
2025-03-28 09:00:00,27.4,0.0,81.1,239.0,2.2
2025-03-28 10:00:00,28.9,0.0,75.9,276.0,3.6
2025-03-28 11:00:00,29.8,0.0,73.7,268.0,2.8
2025-03-28 12:00:00,31.0,0.0,67.6,287.0,4.7
2025-03-28 13:00:00,31.3,0.0,64.3,281.0,7.2
2025-03-28 14:00:00,31.8,0.0,63.7,271.0,7.8
2025-03-28 15:00:00,27.1,0.0,77.8,307.0,2.5
2025-03-28 16:00:00,29.9,0.0,77.7,297.0,4.3
2025-03-28 17:00:00,30.6,0.0,66.4,306.0,7.3
2025-03-28 18:00:00,29.9,0.0,69.7,279.0,4.1
2025-03-28 19:00:00,29.5,0.0,71.6,291.0,2.7
2025-03-28 20:00:00,28.6,0.0,75.0,325.0,3.1
2025-03-28 21:00:00,28.2,0.0,78.4,358.0,1.6
2025-03-28 22:00:00,28.4,0.0,76.2,323.0,2.6
2025-03-28 23:00:00,28.0,0.0,78.0,313.0,2.5
2025-03-29 00:00:00,27.5,0.0,81.4,1.0,1.2
2025-03-29 01:00:00,27.1,0.0,86.0,352.0,1.7
2025-03-29 02:00:00,26.9,0.0,88.8,329.0,1.0
2025-03-29 03:00:00,26.7,0.0,89.1,304.0,1.7
2025-03-29 04:00:00,26.4,0.0,92.9,25.0,2.8
2025-03-29 05:00:00,26.5,0.0,90.6,6.0,1.4
2025-03-29 06:00:00,26.4,0.0,90.4,201.0,0.8
2025-03-29 07:00:00,26.5,0.0,91.1,23.0,2.0
2025-03-29 08:00:00,26.6,0.0,90.7,347.0,1.2
2025-03-29 09:00:00,28.2,0.0,83.3,22.0,2.7
2025-03-29 10:00:00,30.2,0.0,72.1,29.0,1.9
2025-03-29 11:00:00,31.2,0.0,62.2,11.0,1.5
2025-03-29 12:00:00,32.9,0.0,56.6,14.0,2.2
2025-03-29 13:00:00,33.7,0.0,53.8,221.0,2.1
2025-03-29 14:00:00,32.0,0.0,59.8,351.0,2.9
2025-03-29 15:00:00,32.5,0.0,57.7,259.0,1.4
2025-03-29 16:00:00,32.7,0.0,57.2,231.0,3.1
2025-03-29 17:00:00,29.3,0.0,75.5,18.0,7.2
2025-03-29 18:00:00,27.5,0.0,86.3,46.0,3.5
2025-03-29 19:00:00,26.9,0.0,88.7,18.0,3.4
2025-03-29 20:00:00,27.0,0.0,86.4,21.0,2.0
2025-03-29 21:00:00,27.0,0.0,82.9,339.0,0.8
2025-03-29 22:00:00,26.7,0.0,82.6,38.0,3.0
2025-03-29 23:00:00,26.5,0.0,85.8,33.0,2.5
2025-03-30 00:00:00,26.6,0.0,86.2,16.0,1.9
2025-03-30 01:00:00,26.8,0.0,87.0,28.0,2.6
2025-03-30 02:00:00,26.4,0.0,90.6,31.0,2.9
2025-03-30 03:00:00,26.5,0.0,91.2,31.0,3.3
2025-03-30 04:00:00,26.3,0.0,91.7,31.0,3.1
2025-03-30 05:00:00,26.3,0.0,91.7,34.0,3.3
2025-03-30 06:00:00,26.2,0.0,91.7,19.0,2.1
2025-03-30 07:00:00,25.9,0.0,92.1,19.0,2.1
2025-03-30 08:00:00,26.7,0.0,89.7,341.0,1.2
2025-03-30 09:00:00,28.7,0.0,80.4,10.0,1.6
2025-03-30 10:00:00,30.0,0.0,75.1,50.0,3.8
2025-03-30 11:00:00,30.4,0.0,71.5,42.0,4.4
2025-03-30 12:00:00,31.6,0.0,64.9,45.0,2.5
2025-03-30 13:00:00,33.4,0.0,55.1,330.0,2.0
2025-03-30 14:00:00,31.3,0.0,61.6,210.0,5.7
2025-03-30 15:00:00,29.5,0.0,71.9,317.0,3.9
2025-03-30 16:00:00,26.9,0.0,84.0,28.0,3.5
2025-03-30 17:00:00,26.9,0.0,88.0,350.0,1.9
2025-03-30 18:00:00,25.8,0.0,88.4,19.0,3.3
2025-03-30 19:00:00,25.8,0.0,88.1,27.0,2.6
2025-03-30 20:00:00,25.5,0.0,90.0,1.0,2.7
2025-03-30 21:00:00,25.8,0.0,89.4,255.0,0.8
2025-03-30 22:00:00,25.5,0.0,88.8,9.0,2.4
2025-03-30 23:00:00,25.3,0.0,89.8,8.0,1.7
2025-03-31 00:00:00,25.4,0.0,89.2,14.0,2.0
2025-03-31 01:00:00,25.4,0.0,89.6,17.0,1.6
2025-03-31 02:00:00,25.3,0.0,91.8,25.0,1.9
2025-03-31 03:00:00,25.4,0.0,92.6,24.0,2.4
2025-03-31 04:00:00,25.3,0.0,92.2,6.0,2.0
2025-03-31 05:00:00,25.3,0.0,92.6,338.0,1.8
2025-03-31 06:00:00,25.4,0.0,93.0,22.0,2.2
2025-03-31 07:00:00,25.8,0.0,91.2,313.0,1.4
2025-03-31 08:00:00,25.2,0.0,87.1,219.0,3.5
2025-03-31 09:00:00,26.7,0.0,84.4,183.0,1.3
2025-03-31 10:00:00,28.6,0.0,77.7,41.0,4.2
2025-03-31 11:00:00,29.9,0.0,69.9,3.0,3.6
2025-03-31 12:00:00,31.1,0.0,68.1,329.0,2.7
2025-03-31 13:00:00,29.8,0.0,73.4,175.0,3.9
2025-03-31 14:00:00,29.6,0.0,75.1,115.0,2.3
2025-03-31 15:00:00,28.8,0.0,82.6,144.0,2.8
2025-03-31 16:00:00,27.5,0.0,81.9,35.0,7.8
2025-03-31 17:00:00,27.7,0.0,77.2,355.0,2.0
2025-03-31 18:00:00,26.9,0.0,78.0,31.0,4.5
2025-03-31 19:00:00,26.5,0.0,86.2,30.0,2.9
2025-03-31 20:00:00,26.0,0.0,85.7,26.0,2.9
2025-03-31 21:00:00,25.6,0.0,90.2,31.0,2.8
2025-03-31 22:00:00,25.5,0.0,90.5,29.0,2.3
2025-03-31 23:00:00,25.6,0.0,92.1,33.0,3.3
2025-04-01 00:00:00,25.6,0.0,89.2,30.0,3.1
2025-04-01 01:00:00,25.6,0.0,90.6,29.0,2.5
2025-04-01 02:00:00,25.5,0.0,89.8,2.0,1.3
2025-04-01 03:00:00,25.3,0.0,90.5,359.0,1.7
2025-04-01 04:00:00,25.2,0.0,90.8,357.0,2.0
2025-04-01 05:00:00,25.1,0.0,92.1,345.0,1.5
2025-04-01 06:00:00,25.1,0.0,91.1,297.0,1.1
2025-04-01 07:00:00,25.1,0.0,92.1,318.0,2.1
2025-04-01 08:00:00,25.4,0.0,90.2,245.0,1.5
2025-04-01 09:00:00,26.4,0.0,86.6,280.0,2.4
2025-04-01 10:00:00,28.3,0.0,76.2,263.0,2.2
2025-04-01 11:00:00,30.0,0.0,69.3,320.0,2.3
2025-04-01 12:00:00,31.6,0.0,62.5,40.0,2.0
2025-04-01 13:00:00,32.3,0.0,58.3,311.0,2.8
2025-04-01 14:00:00,33.2,0.0,54.9,302.0,4.8
2025-04-01 15:00:00,33.5,0.0,55.3,276.0,3.2
2025-04-01 16:00:00,32.4,0.0,58.7,246.0,5.5
2025-04-01 17:00:00,31.0,0.0,67.3,259.0,3.7
2025-04-01 18:00:00,30.7,0.0,69.1,271.0,2.6
2025-04-01 19:00:00,29.9,0.0,71.5,250.0,3.9
2025-04-01 20:00:00,29.8,0.0,72.6,290.0,2.1
2025-04-01 21:00:00,28.6,0.0,79.6,38.0,4.8
2025-04-01 22:00:00,28.8,0.0,77.3,36.0,3.2
2025-04-01 23:00:00,28.5,0.0,80.0,30.0,2.7
2025-04-02 00:00:00,28.0,0.0,83.3,27.0,2.8
2025-04-02 01:00:00,27.8,0.0,84.8,25.0,2.6
2025-04-02 02:00:00,27.7,0.0,85.4,40.0,4.0
2025-04-02 03:00:00,27.4,0.0,87.4,36.0,3.4
2025-04-02 04:00:00,27.2,0.0,88.4,36.0,4.0
2025-04-02 05:00:00,26.9,0.0,89.8,27.0,2.3
2025-04-02 06:00:00,26.6,0.0,89.7,7.0,1.6
2025-04-02 07:00:00,23.2,0.4,93.7,269.0,6.6
2025-04-02 08:00:00,23.6,0.0,91.5,324.0,4.3
2025-04-02 09:00:00,24.0,0.0,89.5,349.0,3.0
2025-04-02 10:00:00,24.011711711711712,0.0,89.48882882882883,349.0,3.0
2025-04-02 11:00:00,24.023423423423424,0.0,89.47765765765766,349.0,3.0
2025-04-02 12:00:00,24.035135135135135,0.0,89.46648648648649,349.0,3.0
2025-04-02 13:00:00,,,,,
2025-04-02 14:00:00,,,,,
2025-04-02 15:00:00,,,,,
2025-04-02 16:00:00,,,,,
2025-04-02 17:00:00,,,,,
2025-04-02 18:00:00,,,,,
2025-04-02 19:00:00,,,,,
2025-04-02 20:00:00,,,,,
2025-04-02 21:00:00,,,,,
2025-04-02 22:00:00,,,,,
2025-04-02 23:00:00,,,,,
2025-04-03 00:00:00,,,,,
2025-04-03 01:00:00,,,,,
2025-04-03 02:00:00,,,,,
2025-04-03 03:00:00,,,,,
2025-04-03 04:00:00,,,,,
2025-04-03 05:00:00,,,,,
2025-04-03 06:00:00,,,,,
2025-04-03 07:00:00,,,,,
2025-04-03 08:00:00,,,,,
2025-04-03 09:00:00,,,,,
2025-04-03 10:00:00,,,,,
2025-04-03 11:00:00,,,,,
2025-04-03 12:00:00,,,,,
2025-04-03 13:00:00,,,,,
2025-04-03 14:00:00,,,,,
2025-04-03 15:00:00,,,,,
2025-04-03 16:00:00,,,,,
2025-04-03 17:00:00,,,,,
2025-04-03 18:00:00,,,,,
2025-04-03 19:00:00,,,,,
2025-04-03 20:00:00,,,,,
2025-04-03 21:00:00,,,,,
2025-04-03 22:00:00,,,,,
2025-04-03 23:00:00,,,,,
2025-04-04 00:00:00,,,,,
2025-04-04 01:00:00,,,,,
2025-04-04 02:00:00,,,,,
2025-04-04 03:00:00,,,,,
2025-04-04 04:00:00,,,,,
2025-04-04 05:00:00,,,,,
2025-04-04 06:00:00,,,,,
2025-04-04 07:00:00,,,,,
2025-04-04 08:00:00,,,,,
2025-04-04 09:00:00,,,,,
2025-04-04 10:00:00,,,,,
2025-04-04 11:00:00,,,,,
2025-04-04 12:00:00,,,,,
2025-04-04 13:00:00,,,,,
2025-04-04 14:00:00,,,,,
2025-04-04 15:00:00,,,,,
2025-04-04 16:00:00,,,,,
2025-04-04 17:00:00,,,,,
2025-04-04 18:00:00,,,,,
2025-04-04 19:00:00,,,,,
2025-04-04 20:00:00,,,,,
2025-04-04 21:00:00,,,,,
2025-04-04 22:00:00,,,,,
2025-04-04 23:00:00,,,,,
2025-04-05 00:00:00,,,,,
2025-04-05 01:00:00,,,,,
2025-04-05 02:00:00,,,,,
2025-04-05 03:00:00,,,,,
2025-04-05 04:00:00,,,,,
2025-04-05 05:00:00,,,,,
2025-04-05 06:00:00,,,,,
2025-04-05 07:00:00,,,,,
2025-04-05 08:00:00,,,,,
2025-04-05 09:00:00,,,,,
2025-04-05 10:00:00,,,,,
2025-04-05 11:00:00,,,,,
2025-04-05 12:00:00,,,,,
2025-04-05 13:00:00,,,,,
2025-04-05 14:00:00,,,,,
2025-04-05 15:00:00,,,,,
2025-04-05 16:00:00,,,,,
2025-04-05 17:00:00,,,,,
2025-04-05 18:00:00,,,,,
2025-04-05 19:00:00,,,,,
2025-04-05 20:00:00,,,,,
2025-04-05 21:00:00,,,,,
2025-04-05 22:00:00,,,,,
2025-04-05 23:00:00,,,,,
2025-04-06 00:00:00,,,,,
2025-04-06 01:00:00,,,,,
2025-04-06 02:00:00,,,,,
2025-04-06 03:00:00,,,,,
2025-04-06 04:00:00,,,,,
2025-04-06 05:00:00,,,,,
2025-04-06 06:00:00,,,,,
2025-04-06 07:00:00,,,,,
2025-04-06 08:00:00,,,,,
2025-04-06 09:00:00,,,,,
2025-04-06 10:00:00,,,,,
2025-04-06 11:00:00,,,,,
2025-04-06 12:00:00,,,,,
2025-04-06 13:00:00,,,,,
2025-04-06 14:00:00,,,,,
2025-04-06 15:00:00,,,,,
2025-04-06 16:00:00,,,,,
2025-04-06 17:00:00,,,,,
2025-04-06 18:00:00,,,,,
2025-04-06 19:00:00,,,,,
2025-04-06 20:00:00,,,,,
2025-04-06 21:00:00,,,,,
2025-04-06 22:00:00,,,,,
2025-04-06 23:00:00,,,,,
2025-04-07 00:00:00,,,,,
2025-04-07 01:00:00,,,,,
2025-04-07 02:00:00,,,,,
2025-04-07 03:00:00,,,,,
2025-04-07 04:00:00,,,,,
2025-04-07 05:00:00,,,,,
2025-04-07 06:00:00,,,,,
2025-04-07 07:00:00,,,,,
2025-04-07 08:00:00,,,,,
2025-04-07 09:00:00,,,,,
2025-04-07 10:00:00,,,,,
2025-04-07 11:00:00,,,,,
2025-04-07 12:00:00,,,,,
2025-04-07 13:00:00,,,,,
2025-04-07 14:00:00,,,,,
2025-04-07 15:00:00,,,,,
2025-04-07 16:00:00,,,,,
2025-04-07 17:00:00,,,,,
2025-04-07 18:00:00,,,,,
2025-04-07 19:00:00,,,,,
2025-04-07 20:00:00,,,,,
2025-04-07 21:00:00,,,,,
2025-04-07 22:00:00,,,,,
2025-04-07 23:00:00,,,,,
2025-04-08 00:00:00,,,,,
2025-04-08 01:00:00,,,,,
2025-04-08 02:00:00,,,,,
2025-04-08 03:00:00,,,,,
2025-04-08 04:00:00,,,,,
2025-04-08 05:00:00,,,,,
2025-04-08 06:00:00,,,,,
2025-04-08 07:00:00,,,,,
2025-04-08 08:00:00,,,,,
2025-04-08 09:00:00,,,,,
2025-04-08 10:00:00,,,,,
2025-04-08 11:00:00,,,,,
2025-04-08 12:00:00,,,,,
2025-04-08 13:00:00,,,,,
2025-04-08 14:00:00,,,,,
2025-04-08 15:00:00,,,,,
2025-04-08 16:00:00,,,,,
2025-04-08 17:00:00,,,,,
2025-04-08 18:00:00,,,,,
2025-04-08 19:00:00,,,,,
2025-04-08 20:00:00,,,,,
2025-04-08 21:00:00,,,,,
2025-04-08 22:00:00,,,,,
2025-04-08 23:00:00,,,,,
2025-04-09 00:00:00,,,,,
2025-04-09 01:00:00,,,,,
2025-04-09 02:00:00,,,,,
2025-04-09 03:00:00,,,,,
2025-04-09 04:00:00,,,,,
2025-04-09 05:00:00,,,,,
2025-04-09 06:00:00,,,,,
2025-04-09 07:00:00,,,,,
2025-04-09 08:00:00,,,,,
2025-04-09 09:00:00,,,,,
2025-04-09 10:00:00,,,,,
2025-04-09 11:00:00,,,,,
2025-04-09 12:00:00,,,,,
2025-04-09 13:00:00,,,,,
2025-04-09 14:00:00,,,,,
2025-04-09 15:00:00,,,,,
2025-04-09 16:00:00,,,,,
2025-04-09 17:00:00,,,,,
2025-04-09 18:00:00,,,,,
2025-04-09 19:00:00,,,,,
2025-04-09 20:00:00,,,,,
2025-04-09 21:00:00,,,,,
2025-04-09 22:00:00,,,,,
2025-04-09 23:00:00,,,,,
2025-04-10 00:00:00,,,,,
2025-04-10 01:00:00,,,,,
2025-04-10 02:00:00,,,,,
2025-04-10 03:00:00,,,,,
2025-04-10 04:00:00,,,,,
2025-04-10 05:00:00,,,,,
2025-04-10 06:00:00,,,,,
2025-04-10 07:00:00,,,,,
2025-04-10 08:00:00,,,,,
2025-04-10 09:00:00,,,,,
2025-04-10 10:00:00,,,,,
2025-04-10 11:00:00,,,,,
2025-04-10 12:00:00,,,,,
2025-04-10 13:00:00,,,,,
2025-04-10 14:00:00,,,,,
2025-04-10 15:00:00,,,,,
2025-04-10 16:00:00,,,,,
2025-04-10 17:00:00,,,,,
2025-04-10 18:00:00,,,,,
2025-04-10 19:00:00,,,,,
2025-04-10 20:00:00,,,,,
2025-04-10 21:00:00,,,,,
2025-04-10 22:00:00,,,,,
2025-04-10 23:00:00,,,,,
2025-04-11 00:00:00,,,,,
2025-04-11 01:00:00,,,,,
2025-04-11 02:00:00,,,,,
2025-04-11 03:00:00,,,,,
2025-04-11 04:00:00,,,,,
2025-04-11 05:00:00,,,,,
2025-04-11 06:00:00,,,,,
2025-04-11 07:00:00,,,,,
2025-04-11 08:00:00,,,,,
2025-04-11 09:00:00,,,,,
2025-04-11 10:00:00,,,,,
2025-04-11 11:00:00,,,,,
2025-04-11 12:00:00,,,,,
2025-04-11 13:00:00,,,,,
2025-04-11 14:00:00,,,,,
2025-04-11 15:00:00,,,,,
2025-04-11 16:00:00,,,,,
2025-04-11 17:00:00,,,,,
2025-04-11 18:00:00,,,,,
2025-04-11 19:00:00,,,,,
2025-04-11 20:00:00,,,,,
2025-04-11 21:00:00,,,,,
2025-04-11 22:00:00,,,,,
2025-04-11 23:00:00,,,,,
2025-04-12 00:00:00,,,,,
2025-04-12 01:00:00,,,,,
2025-04-12 02:00:00,,,,,
2025-04-12 03:00:00,,,,,
2025-04-12 04:00:00,,,,,
2025-04-12 05:00:00,,,,,
2025-04-12 06:00:00,,,,,
2025-04-12 07:00:00,,,,,
2025-04-12 08:00:00,,,,,
2025-04-12 09:00:00,,,,,
2025-04-12 10:00:00,,,,,
2025-04-12 11:00:00,,,,,
2025-04-12 12:00:00,,,,,
2025-04-12 13:00:00,,,,,
2025-04-12 14:00:00,,,,,
2025-04-12 15:00:00,,,,,
2025-04-12 16:00:00,,,,,
2025-04-12 17:00:00,,,,,
2025-04-12 18:00:00,,,,,
2025-04-12 19:00:00,,,,,
2025-04-12 20:00:00,,,,,
2025-04-12 21:00:00,,,,,
2025-04-12 22:00:00,,,,,
2025-04-12 23:00:00,,,,,
2025-04-13 00:00:00,,,,,
2025-04-13 01:00:00,,,,,
2025-04-13 02:00:00,,,,,
2025-04-13 03:00:00,,,,,
2025-04-13 04:00:00,,,,,
2025-04-13 05:00:00,,,,,
2025-04-13 06:00:00,,,,,
2025-04-13 07:00:00,,,,,
2025-04-13 08:00:00,,,,,
2025-04-13 09:00:00,,,,,
2025-04-13 10:00:00,,,,,
2025-04-13 11:00:00,,,,,
2025-04-13 12:00:00,,,,,
2025-04-13 13:00:00,,,,,
2025-04-13 14:00:00,,,,,
2025-04-13 15:00:00,,,,,
2025-04-13 16:00:00,,,,,
2025-04-13 17:00:00,,,,,
2025-04-13 18:00:00,,,,,
2025-04-13 19:00:00,,,,,
2025-04-13 20:00:00,,,,,
2025-04-13 21:00:00,,,,,
2025-04-13 22:00:00,,,,,
2025-04-13 23:00:00,,,,,
2025-04-14 00:00:00,,,,,
2025-04-14 01:00:00,,,,,
2025-04-14 02:00:00,,,,,
2025-04-14 03:00:00,,,,,
2025-04-14 04:00:00,,,,,
2025-04-14 05:00:00,,,,,
2025-04-14 06:00:00,,,,,
2025-04-14 07:00:00,,,,,
2025-04-14 08:00:00,,,,,
2025-04-14 09:00:00,,,,,
2025-04-14 10:00:00,,,,,
2025-04-14 11:00:00,,,,,
2025-04-14 12:00:00,,,,,
2025-04-14 13:00:00,,,,,
2025-04-14 14:00:00,,,,,
2025-04-14 15:00:00,,,,,
2025-04-14 16:00:00,,,,,
2025-04-14 17:00:00,,,,,
2025-04-14 18:00:00,,,,,
2025-04-14 19:00:00,,,,,
2025-04-14 20:00:00,,,,,
2025-04-14 21:00:00,,,,,
2025-04-14 22:00:00,,,,,
2025-04-14 23:00:00,,,,,
2025-04-15 00:00:00,,,,,
2025-04-15 01:00:00,,,,,
2025-04-15 02:00:00,,,,,
2025-04-15 03:00:00,,,,,
2025-04-15 04:00:00,,,,,
2025-04-15 05:00:00,,,,,
2025-04-15 06:00:00,,,,,
2025-04-15 07:00:00,,,,,
2025-04-15 08:00:00,,,,,
2025-04-15 09:00:00,,,,,
2025-04-15 10:00:00,,,,,
2025-04-15 11:00:00,,,,,
2025-04-15 12:00:00,,,,,
2025-04-15 13:00:00,,,,,
2025-04-15 14:00:00,,,,,
2025-04-15 15:00:00,,,,,
2025-04-15 16:00:00,,,,,
2025-04-15 17:00:00,,,,,
2025-04-15 18:00:00,,,,,
2025-04-15 19:00:00,,,,,
2025-04-15 20:00:00,,,,,
2025-04-15 21:00:00,,,,,
2025-04-15 22:00:00,,,,,
2025-04-15 23:00:00,,,,,
2025-04-16 00:00:00,,,,,
2025-04-16 01:00:00,,,,,
2025-04-16 02:00:00,,,,,
2025-04-16 03:00:00,,,,,
2025-04-16 04:00:00,,,,,
2025-04-16 05:00:00,,,,,
2025-04-16 06:00:00,,,,,
2025-04-16 07:00:00,,,,,
2025-04-16 08:00:00,,,,,
2025-04-16 09:00:00,,,,,
2025-04-16 10:00:00,,,,,
2025-04-16 11:00:00,,,,,
2025-04-16 12:00:00,,,,,
2025-04-16 13:00:00,,,,,
2025-04-16 14:00:00,,,,,
2025-04-16 15:00:00,,,,,
2025-04-16 16:00:00,,,,,
2025-04-16 17:00:00,,,,,
2025-04-16 18:00:00,,,,,
2025-04-16 19:00:00,,,,,
2025-04-16 20:00:00,,,,,
2025-04-16 21:00:00,,,,,
2025-04-16 22:00:00,,,,,
2025-04-16 23:00:00,,,,,
2025-04-17 00:00:00,,,,,
2025-04-17 01:00:00,,,,,
2025-04-17 02:00:00,,,,,
2025-04-17 03:00:00,,,,,
2025-04-17 04:00:00,,,,,
2025-04-17 05:00:00,,,,,
2025-04-17 06:00:00,,,,,
2025-04-17 07:00:00,,,,,
2025-04-17 08:00:00,,,,,
2025-04-17 09:00:00,,,,,
2025-04-17 10:00:00,,,,,
2025-04-17 11:00:00,,,,,
2025-04-17 12:00:00,,,,,
2025-04-17 13:00:00,,,,,
2025-04-17 14:00:00,,,,,
2025-04-17 15:00:00,,,,,
2025-04-17 16:00:00,,,,,
2025-04-17 17:00:00,,,,,
2025-04-17 18:00:00,,,,,
2025-04-17 19:00:00,,,,,
2025-04-17 20:00:00,,,,,
2025-04-17 21:00:00,,,,,
2025-04-17 22:00:00,,,,,
2025-04-17 23:00:00,,,,,
2025-04-18 00:00:00,,,,,
2025-04-18 01:00:00,,,,,
2025-04-18 02:00:00,,,,,
2025-04-18 03:00:00,,,,,
2025-04-18 04:00:00,,,,,
2025-04-18 05:00:00,,,,,
2025-04-18 06:00:00,,,,,
2025-04-18 07:00:00,,,,,
2025-04-18 08:00:00,,,,,
2025-04-18 09:00:00,,,,,
2025-04-18 10:00:00,,,,,
2025-04-18 11:00:00,,,,,
2025-04-18 12:00:00,,,,,
2025-04-18 13:00:00,,,,,
2025-04-18 14:00:00,,,,,
2025-04-18 15:00:00,,,,,
2025-04-18 16:00:00,,,,,
2025-04-18 17:00:00,,,,,
2025-04-18 18:00:00,,,,,
2025-04-18 19:00:00,,,,,
2025-04-18 20:00:00,,,,,
2025-04-18 21:00:00,,,,,
2025-04-18 22:00:00,,,,,
2025-04-18 23:00:00,,,,,
2025-04-19 00:00:00,,,,,
2025-04-19 01:00:00,,,,,
2025-04-19 02:00:00,,,,,
2025-04-19 03:00:00,,,,,
2025-04-19 04:00:00,,,,,
2025-04-19 05:00:00,,,,,
2025-04-19 06:00:00,,,,,
2025-04-19 07:00:00,,,,,
2025-04-19 08:00:00,,,,,
2025-04-19 09:00:00,,,,,
2025-04-19 10:00:00,,,,,
2025-04-19 11:00:00,,,,,
2025-04-19 12:00:00,,,,,
2025-04-19 13:00:00,,,,,
2025-04-19 14:00:00,,,,,
2025-04-19 15:00:00,,,,,
2025-04-19 16:00:00,,,,,
2025-04-19 17:00:00,,,,,
2025-04-19 18:00:00,,,,,
2025-04-19 19:00:00,,,,,
2025-04-19 20:00:00,,,,,
2025-04-19 21:00:00,,,,,
2025-04-19 22:00:00,,,,,
2025-04-19 23:00:00,,,,,
2025-04-20 00:00:00,,,,,
2025-04-20 01:00:00,,,,,
2025-04-20 02:00:00,,,,,
2025-04-20 03:00:00,,,,,
2025-04-20 04:00:00,,,,,
2025-04-20 05:00:00,,,,,
2025-04-20 06:00:00,,,,,
2025-04-20 07:00:00,,,,,
2025-04-20 08:00:00,,,,,
2025-04-20 09:00:00,,,,,
2025-04-20 10:00:00,,,,,
2025-04-20 11:00:00,,,,,
2025-04-20 12:00:00,,,,,
2025-04-20 13:00:00,,,,,
2025-04-20 14:00:00,,,,,
2025-04-20 15:00:00,,,,,
2025-04-20 16:00:00,,,,,
2025-04-20 17:00:00,,,,,
2025-04-20 18:00:00,,,,,
2025-04-20 19:00:00,,,,,
2025-04-20 20:00:00,,,,,
2025-04-20 21:00:00,,,,,
2025-04-20 22:00:00,,,,,
2025-04-20 23:00:00,,,,,
2025-04-21 00:00:00,,,,,
2025-04-21 01:00:00,,,,,
2025-04-21 02:00:00,,,,,
2025-04-21 03:00:00,,,,,
2025-04-21 04:00:00,,,,,
2025-04-21 05:00:00,,,,,
2025-04-21 06:00:00,,,,,
2025-04-21 07:00:00,,,,,
2025-04-21 08:00:00,,,,,
2025-04-21 09:00:00,,,,,
2025-04-21 10:00:00,,,,,
2025-04-21 11:00:00,,,,,
2025-04-21 12:00:00,,,,,
2025-04-21 13:00:00,,,,,
2025-04-21 14:00:00,,,,,
2025-04-21 15:00:00,,,,,
2025-04-21 16:00:00,,,,,
2025-04-21 17:00:00,,,,,
2025-04-21 18:00:00,,,,,
2025-04-21 19:00:00,,,,,
2025-04-21 20:00:00,,,,,
2025-04-21 21:00:00,,,,,
2025-04-21 22:00:00,,,,,
2025-04-21 23:00:00,,,,,
2025-04-22 00:00:00,,,,,
2025-04-22 01:00:00,,,,,
2025-04-22 02:00:00,,,,,
2025-04-22 03:00:00,,,,,
2025-04-22 04:00:00,,,,,
2025-04-22 05:00:00,,,,,
2025-04-22 06:00:00,,,,,
2025-04-22 07:00:00,,,,,
2025-04-22 08:00:00,,,,,
2025-04-22 09:00:00,,,,,
2025-04-22 10:00:00,,,,,
2025-04-22 11:00:00,,,,,
2025-04-22 12:00:00,,,,,
2025-04-22 13:00:00,,,,,
2025-04-22 14:00:00,,,,,
2025-04-22 15:00:00,,,,,
2025-04-22 16:00:00,,,,,
2025-04-22 17:00:00,,,,,
2025-04-22 18:00:00,,,,,
2025-04-22 19:00:00,,,,,
2025-04-22 20:00:00,,,,,
2025-04-22 21:00:00,,,,,
2025-04-22 22:00:00,,,,,
2025-04-22 23:00:00,,,,,
2025-04-23 00:00:00,,,,,
2025-04-23 01:00:00,,,,,
2025-04-23 02:00:00,,,,,
2025-04-23 03:00:00,,,,,
2025-04-23 04:00:00,,,,,
2025-04-23 05:00:00,,,,,
2025-04-23 06:00:00,,,,,
2025-04-23 07:00:00,,,,,
2025-04-23 08:00:00,,,,,
2025-04-23 09:00:00,,,,,
2025-04-23 10:00:00,,,,,
2025-04-23 11:00:00,,,,,
2025-04-23 12:00:00,,,,,
2025-04-23 13:00:00,,,,,
2025-04-23 14:00:00,,,,,
2025-04-23 15:00:00,,,,,
2025-04-23 16:00:00,,,,,
2025-04-23 17:00:00,,,,,
2025-04-23 18:00:00,,,,,
2025-04-23 19:00:00,,,,,
2025-04-23 20:00:00,,,,,
2025-04-23 21:00:00,,,,,
2025-04-23 22:00:00,,,,,
2025-04-23 23:00:00,,,,,
2025-04-24 00:00:00,,,,,
2025-04-24 01:00:00,,,,,
2025-04-24 02:00:00,,,,,
2025-04-24 03:00:00,,,,,
2025-04-24 04:00:00,,,,,
2025-04-24 05:00:00,,,,,
2025-04-24 06:00:00,,,,,
2025-04-24 07:00:00,,,,,
2025-04-24 08:00:00,,,,,
2025-04-24 09:00:00,,,,,
2025-04-24 10:00:00,,,,,
2025-04-24 11:00:00,,,,,
2025-04-24 12:00:00,,,,,
2025-04-24 13:00:00,,,,,
2025-04-24 14:00:00,,,,,
2025-04-24 15:00:00,,,,,
2025-04-24 16:00:00,,,,,
2025-04-24 17:00:00,,,,,
2025-04-24 18:00:00,,,,,
2025-04-24 19:00:00,,,,,
2025-04-24 20:00:00,,,,,
2025-04-24 21:00:00,,,,,
2025-04-24 22:00:00,,,,,
2025-04-24 23:00:00,,,,,
2025-04-25 00:00:00,,,,,
2025-04-25 01:00:00,,,,,
2025-04-25 02:00:00,,,,,
2025-04-25 03:00:00,,,,,
2025-04-25 04:00:00,,,,,
2025-04-25 05:00:00,,,,,
2025-04-25 06:00:00,,,,,
2025-04-25 07:00:00,,,,,
2025-04-25 08:00:00,,,,,
2025-04-25 09:00:00,30.464864864864865,0.0,83.33351351351351,,
2025-04-25 10:00:00,30.476576576576576,0.0,83.32234234234234,,
2025-04-25 11:00:00,30.488288288288288,0.0,83.31117117117117,,
2025-04-25 12:00:00,30.5,0.0,83.3,,
2025-04-25 13:00:00,33.5,0.0,63.5,,
2025-04-25 14:00:00,33.3,0.0,60.4,,
2025-04-25 15:00:00,34.5,0.0,58.9,,
2025-04-25 16:00:00,32.7,0.0,59.0,,
2025-04-25 17:00:00,30.5,0.0,78.4,,
2025-04-25 18:00:00,27.8,0.0,91.3,,
2025-04-25 19:00:00,27.5,0.0,89.7,,
2025-04-25 20:00:00,27.3,0.0,89.3,,
2025-04-25 21:00:00,27.5,0.0,87.7,,
2025-04-25 22:00:00,27.2,0.0,89.9,,
2025-04-25 23:00:00,27.3,0.0,91.8,,
2025-04-26 00:00:00,27.6,0.0,91.3,,
2025-04-26 01:00:00,27.7,0.0,90.9,,
2025-04-26 02:00:00,27.3,0.0,94.1,,
2025-04-26 03:00:00,26.9,0.0,96.0,,
2025-04-26 04:00:00,26.9,0.0,95.7,,
2025-04-26 05:00:00,26.4,0.0,96.4,,
2025-04-26 06:00:00,26.1,0.0,94.7,,
2025-04-26 07:00:00,26.1,0.0,93.9,,
2025-04-26 08:00:00,27.1,0.0,88.8,,
2025-04-26 09:00:00,28.8,0.0,81.9,,
2025-04-26 10:00:00,29.9,0.0,79.9,,
2025-04-26 11:00:00,31.3,0.0,73.1,,
2025-04-26 12:00:00,32.2,0.0,65.0,,
2025-04-26 13:00:00,29.8,0.0,78.8,,
2025-04-26 14:00:00,29.2,0.0,80.0,,
2025-04-26 15:00:00,26.3,0.0,96.1,,
2025-04-26 16:00:00,26.4,0.0,97.2,,
2025-04-26 17:00:00,26.0,0.0,95.2,,
2025-04-26 18:00:00,25.6,0.0,96.8,,
2025-04-26 19:00:00,25.9,0.0,97.4,,
2025-04-26 20:00:00,25.3,0.0,97.0,,
2025-04-26 21:00:00,25.4,0.0,98.0,,
2025-04-26 22:00:00,25.7,0.0,96.9,,
2025-04-26 23:00:00,25.5,0.0,98.3,,
