timestamp,temperature,rainfall,humidity,wind_direction,wind_speed
2024-01-01 00:00:00,25.3,0.0,92.9,2.0,4.1
2024-01-01 01:00:00,25.6,0.0,92.4,12.0,4.3
2024-01-01 02:00:00,25.6,0.0,92.4,14.0,4.4
2024-01-01 03:00:00,25.5,0.0,93.7,12.0,2.4
2024-01-01 04:00:00,25.4,0.0,94.1,21.0,3.7
2024-01-01 05:00:00,25.3,0.0,94.5,52.0,1.7
2024-01-01 06:00:00,25.1,0.0,94.7,194.0,0.7
2024-01-01 07:00:00,25.3,0.0,94.1,5.0,2.4
2024-01-01 08:00:00,25.5,0.0,92.9,7.0,2.3
2024-01-01 09:00:00,26.0,0.0,89.1,2.0,4.0
2024-01-01 10:00:00,26.0,0.0,92.0,358.0,4.0
2024-01-01 11:00:00,26.4,0.0,91.5,278.0,1.6
2024-01-01 12:00:00,27.6,0.0,83.9,6.0,2.6
2024-01-01 13:00:00,26.8,0.0,85.3,125.0,2.4
2024-01-01 14:00:00,26.5,0.0,86.2,59.0,3.4
2024-01-01 15:00:00,25.8,0.0,89.9,121.0,7.0
2024-01-01 16:00:00,25.8,0.0,88.6,43.0,2.2
2024-01-01 17:00:00,25.2,0.0,90.8,59.0,6.3
2024-01-01 18:00:00,25.4,0.0,88.8,30.0,1.5
2024-01-01 19:00:00,25.0,0.0,93.1,60.0,3.9
2024-01-01 20:00:00,25.1,0.0,92.2,46.0,7.5
2024-01-01 21:00:00,24.8,0.0,95.1,58.0,5.3
2024-01-01 22:00:00,24.9,0.0,95.3,60.0,4.4
2024-01-01 23:00:00,25.1,0.0,96.2,26.0,5.8
2024-01-02 00:00:00,25.0,0.0,92.3,37.0,6.3
2024-01-02 01:00:00,24.7,0.0,93.5,29.0,3.4
2024-01-02 02:00:00,24.8,0.0,91.1,52.0,4.7
2024-01-02 03:00:00,24.6,0.0,93.8,36.0,2.4
2024-01-02 04:00:00,24.7,0.0,93.8,86.0,2.1
2024-01-02 05:00:00,24.7,0.0,94.4,271.0,1.4
2024-01-02 06:00:00,24.7,0.0,94.7,203.0,0.7
2024-01-02 07:00:00,24.9,0.0,95.4,356.0,2.2
2024-01-02 08:00:00,25.5,0.0,92.3,22.0,3.5
2024-01-02 09:00:00,26.0,0.0,87.9,10.0,7.2
2024-01-02 10:00:00,27.1,0.0,82.7,13.0,4.8
2024-01-02 11:00:00,29.4,0.0,72.8,47.0,2.9
2024-01-02 12:00:00,28.6,0.0,75.8,6.0,4.7
2024-01-02 13:00:00,29.9,0.0,69.8,357.0,6.7
2024-01-02 14:00:00,31.8,0.0,60.2,350.0,4.1
2024-01-02 15:00:00,26.6,0.0,84.4,2.0,9.89999
2024-01-02 16:00:00,30.1,0.0,68.7,343.0,3.9
2024-01-02 17:00:00,29.7,0.0,68.5,15.0,9.8
2024-01-02 18:00:00,28.9,0.0,74.5,19.0,7.2
2024-01-02 19:00:00,28.3,0.0,74.2,15.0,11.7
2024-01-02 20:00:00,27.6,0.0,76.3,14.0,7.4
2024-01-02 21:00:00,27.1,0.0,80.2,28.0,6.9
2024-01-02 22:00:00,26.6,0.0,82.2,22.0,3.7
2024-01-02 23:00:00,26.5,0.0,82.8,23.0,4.7
2024-01-03 00:00:00,26.4,0.2,86.0,51.0,3.6
2024-01-03 01:00:00,25.9,0.0,88.9,58.0,4.5
2024-01-03 02:00:00,25.7,0.0,87.5,52.0,4.8
2024-01-03 03:00:00,25.3,0.0,90.8,4.0,4.7
2024-01-03 04:00:00,25.8,0.0,88.9,11.0,4.0
2024-01-03 05:00:00,26.0,0.0,88.1,13.0,7.0
2024-01-03 06:00:00,26.2,0.0,87.8,23.0,7.2
2024-01-03 07:00:00,25.6,0.0,90.2,9.0,6.2
2024-01-03 08:00:00,25.9,0.0,89.3,7.0,3.3
2024-01-03 09:00:00,26.7,0.0,85.8,4.0,5.7
2024-01-03 10:00:00,27.3,0.0,83.3,358.0,4.0
2024-01-03 11:00:00,27.9,0.0,80.0,3.0,6.2
2024-01-03 12:00:00,28.6,0.0,76.1,,6.9
2024-01-03 13:00:00,28.7,0.0,72.9,1.0,7.7
2024-01-03 14:00:00,29.7,0.0,66.8,5.0,8.0
2024-01-03 15:00:00,30.1,0.0,66.0,348.0,7.8
2024-01-03 16:00:00,30.8,0.0,65.4,18.0,7.2
2024-01-03 17:00:00,28.1,0.0,84.6,76.0,3.2
2024-01-03 18:00:00,27.9,0.0,81.4,34.0,6.6
2024-01-03 19:00:00,27.8,0.0,81.9,25.0,6.4
2024-01-03 20:00:00,27.8,0.0,81.5,21.0,7.0
2024-01-03 21:00:00,27.3,0.0,83.9,15.0,6.3
2024-01-03 22:00:00,27.2,0.0,82.8,2.0,4.2
2024-01-03 23:00:00,27.0,0.0,81.9,2.0,5.1
2024-01-04 00:00:00,26.5,0.0,83.9,1.0,5.5
2024-01-04 01:00:00,26.4,0.0,85.4,352.0,3.2
2024-01-04 02:00:00,25.9,0.0,90.6,14.0,5.0
2024-01-04 03:00:00,25.3,0.0,94.1,349.0,2.7
2024-01-04 04:00:00,24.8,0.6,96.2,353.0,4.1
2024-01-04 05:00:00,24.6,0.6,97.4,8.0,6.4
2024-01-04 06:00:00,23.9,0.2,94.5,23.0,8.39999
2024-01-04 07:00:00,23.6,0.2,96.1,20.0,4.8
2024-01-04 08:00:00,24.0,0.0,95.3,358.0,5.5
2024-01-04 09:00:00,23.7,0.4,97.2,9.0,4.6
2024-01-04 10:00:00,24.0,1.0,97.5,26.0,7.0
2024-01-04 11:00:00,23.5,4.0,97.3,357.0,6.2
2024-01-04 12:00:00,23.9,0.2,96.9,2.0,2.2
2024-01-04 13:00:00,25.4,0.0,90.6,5.0,5.2
2024-01-04 14:00:00,25.3,0.0,91.0,10.0,3.9
2024-01-04 15:00:00,25.3,0.4,93.0,2.0,5.1
2024-01-04 16:00:00,25.6,0.0,89.1,14.0,5.0
2024-01-04 17:00:00,25.7,0.0,90.2,10.0,6.9
2024-01-04 18:00:00,25.2,0.0,93.9,58.0,2.9
2024-01-04 19:00:00,25.1,0.0,93.9,10.0,6.7
2024-01-04 20:00:00,24.9,0.4,96.5,356.0,5.0
2024-01-04 21:00:00,25.0,0.0,92.9,341.0,6.2
2024-01-04 22:00:00,24.8,0.0,91.6,351.0,6.6
2024-01-04 23:00:00,24.6,0.0,93.0,357.0,5.6
2024-01-05 00:00:00,24.6,0.0,93.5,,6.1
2024-01-05 01:00:00,24.5,0.0,93.9,346.0,4.4
2024-01-05 02:00:00,24.5,0.0,93.3,8.0,6.5
2024-01-05 03:00:00,24.3,0.0,93.9,11.0,6.6
2024-01-05 04:00:00,24.6,0.0,92.3,15.0,5.8
2024-01-05 05:00:00,24.4,0.0,92.9,24.0,6.9
2024-01-05 06:00:00,24.2,0.0,93.8,45.0,5.5
2024-01-05 07:00:00,24.4,0.0,93.0,41.0,7.0
2024-01-05 08:00:00,24.7,0.0,91.6,47.0,7.7
2024-01-05 09:00:00,25.1,0.0,91.3,8.0,7.6
2024-01-05 10:00:00,26.1,0.0,85.7,358.0,5.7
2024-01-05 11:00:00,27.0,0.0,79.1,7.0,7.7
2024-01-05 12:00:00,26.3,0.0,88.4,359.0,6.6
2024-01-05 13:00:00,27.5,0.0,82.6,3.0,5.1
2024-01-05 14:00:00,26.1,0.2,89.4,58.0,7.2
2024-01-05 15:00:00,27.5,0.0,84.6,39.0,6.7
2024-01-05 16:00:00,28.3,0.0,76.9,38.0,10.5
2024-01-05 17:00:00,27.5,0.0,81.9,51.0,11.5
2024-01-05 18:00:00,27.9,0.0,81.1,51.0,11.8
2024-01-05 19:00:00,27.0,0.0,87.4,54.0,9.8
2024-01-05 20:00:00,26.6,0.0,89.3,52.0,11.0
2024-01-05 21:00:00,26.4,0.0,89.8,57.0,6.9
2024-01-05 22:00:00,26.3,0.0,90.6,50.0,4.5
2024-01-05 23:00:00,26.1,0.0,91.7,16.0,3.1
2024-01-06 00:00:00,26.2,0.0,91.0,44.0,3.3
2024-01-06 01:00:00,25.9,0.0,92.7,9.0,4.0
2024-01-06 02:00:00,25.8,0.0,92.1,356.0,5.6
2024-01-06 03:00:00,25.6,0.0,92.1,13.0,6.3
2024-01-06 04:00:00,25.7,0.0,90.0,43.0,6.5
2024-01-06 05:00:00,25.5,0.0,90.9,56.0,6.8
2024-01-06 06:00:00,25.4,0.0,92.1,36.0,3.7
2024-01-06 07:00:00,25.4,0.0,90.8,34.0,3.7
2024-01-06 08:00:00,26.3,0.0,87.2,11.0,1.8
2024-01-06 09:00:00,27.0,0.0,84.3,348.0,3.0
2024-01-06 10:00:00,27.7,0.0,81.1,4.0,4.5
2024-01-06 11:00:00,29.4,0.0,72.2,13.0,4.5
2024-01-06 12:00:00,24.9,0.6,93.1,6.0,9.39999
2024-01-06 13:00:00,28.1,0.0,77.9,354.0,5.9
2024-01-06 14:00:00,29.7,0.0,67.8,7.0,9.2
2024-01-06 15:00:00,29.9,0.0,65.2,60.0,6.5
2024-01-06 16:00:00,30.9,0.0,60.4,66.0,6.3
2024-01-06 17:00:00,29.9,0.0,64.7,74.0,7.3
2024-01-06 18:00:00,28.9,0.0,73.1,52.0,6.9
2024-01-06 19:00:00,28.1,0.0,76.1,11.0,6.4
2024-01-06 20:00:00,27.6,0.0,79.7,11.0,6.8
2024-01-06 21:00:00,27.3,0.0,82.2,6.0,4.8
2024-01-06 22:00:00,27.1,0.0,83.1,339.0,1.9
2024-01-06 23:00:00,27.0,0.0,83.5,347.0,2.8
2024-01-07 00:00:00,26.7,0.0,85.1,350.0,3.1
2024-01-07 01:00:00,26.4,0.0,90.2,296.0,3.9
2024-01-07 02:00:00,25.9,0.0,87.2,350.0,3.5
2024-01-07 03:00:00,25.0,0.0,91.7,12.0,8.89999
2024-01-07 04:00:00,24.4,0.2,96.3,314.0,1.9
2024-01-07 05:00:00,24.4,0.2,96.1,359.0,0.8
2024-01-07 06:00:00,24.6,0.0,94.3,338.0,2.9
2024-01-07 07:00:00,24.4,0.0,94.6,339.0,3.9
2024-01-07 08:00:00,24.2,0.6,96.5,320.0,2.8
2024-01-07 09:00:00,23.9,0.6,98.4,272.0,6.3
2024-01-07 10:00:00,22.9,1.2,99.2,258.0,8.60001
2024-01-07 11:00:00,23.3,0.6,99.3,300.0,3.4
2024-01-07 12:00:00,23.4,0.2,99.3,343.0,3.5
2024-01-07 13:00:00,24.3,0.0,99.3,340.0,3.3
2024-01-07 14:00:00,24.9,0.0,90.2,345.0,4.6
2024-01-07 15:00:00,23.9,0.2,96.7,5.0,6.0
2024-01-07 16:00:00,23.7,0.0,95.6,16.0,4.1
2024-01-07 17:00:00,23.7,0.0,95.3,11.0,7.5
2024-01-07 18:00:00,23.6,0.2,97.9,43.0,2.0
2024-01-07 19:00:00,23.5,0.0,96.1,23.0,4.5
2024-01-07 20:00:00,23.5,0.0,96.6,44.0,2.6
2024-01-07 21:00:00,23.2,0.0,97.2,17.0,2.1
2024-01-07 22:00:00,23.3,0.0,95.2,42.0,2.4
2024-01-07 23:00:00,23.2,0.0,96.2,356.0,2.3
2024-01-08 00:00:00,23.4,0.0,95.2,260.0,1.5
2024-01-08 01:00:00,23.4,0.0,92.1,287.0,3.9
2024-01-08 02:00:00,23.5,0.0,91.2,296.0,3.6
2024-01-08 03:00:00,23.5,0.0,90.5,272.0,3.1
2024-01-08 04:00:00,23.2,0.0,91.8,27.0,2.6
2024-01-08 05:00:00,23.1,0.0,93.2,20.0,3.1
2024-01-08 06:00:00,23.3,0.0,91.7,295.0,0.7
2024-01-08 07:00:00,23.9,0.0,85.3,6.0,1.5
2024-01-08 08:00:00,24.1,0.0,87.0,7.0,1.1
2024-01-08 09:00:00,25.6,0.0,83.6,23.0,2.0
2024-01-08 10:00:00,26.1,0.0,85.1,9.0,3.9
2024-01-08 11:00:00,27.6,0.2,81.3,48.0,8.7
2024-01-08 12:00:00,28.9,0.0,72.7,94.0,7.5
2024-01-08 13:00:00,30.4,0.0,65.4,93.0,6.4
2024-01-08 14:00:00,27.6,0.0,84.1,25.0,9.39999
2024-01-08 15:00:00,27.1,0.0,84.5,43.0,10.4
2024-01-08 16:00:00,26.9,0.0,84.0,39.0,8.3
2024-01-08 17:00:00,27.7,0.0,81.2,57.0,7.6
2024-01-08 18:00:00,27.8,0.0,80.9,43.0,10.6
2024-01-08 19:00:00,27.1,0.0,84.3,26.0,6.3
2024-01-08 20:00:00,26.7,0.0,83.6,57.0,8.3
2024-01-08 21:00:00,26.1,0.0,86.5,49.0,4.9
2024-01-08 22:00:00,25.8,0.0,87.2,45.0,6.5
2024-01-08 23:00:00,25.8,0.0,87.2,33.0,4.2
2024-01-09 00:00:00,25.5,0.0,90.6,5.0,2.9
2024-01-09 01:00:00,25.6,0.0,89.1,9.0,5.2
2024-01-09 02:00:00,25.3,0.0,94.1,16.0,4.0
2024-01-09 03:00:00,25.3,0.0,91.8,78.0,2.5
2024-01-09 04:00:00,24.6,0.8,98.2,76.0,5.9
2024-01-09 05:00:00,24.3,0.0,96.9,298.0,2.4
2024-01-09 06:00:00,24.5,0.8,98.0,2.0,5.6
2024-01-09 07:00:00,23.7,3.6,98.1,3.0,7.7
2024-01-09 08:00:00,23.6,0.2,99.3,26.0,5.6
2024-01-09 09:00:00,23.5,0.2,99.3,19.0,3.9
2024-01-09 10:00:00,24.0,0.0,99.3,33.0,1.3
2024-01-09 11:00:00,24.7,0.0,96.3,342.0,4.2
2024-01-09 12:00:00,26.7,0.0,83.0,7.0,9.60001
2024-01-09 13:00:00,26.8,0.0,82.8,1.0,6.1
2024-01-09 14:00:00,28.7,0.0,74.3,2.0,7.1
2024-01-09 15:00:00,28.3,0.0,75.0,33.0,6.8
2024-01-09 16:00:00,29.1,0.0,72.2,52.0,5.7
2024-01-09 17:00:00,28.9,0.0,71.3,55.0,8.5
2024-01-09 18:00:00,28.2,0.0,76.0,73.0,7.7
2024-01-09 19:00:00,27.7,0.0,79.0,39.0,8.60001
2024-01-09 20:00:00,27.1,0.0,84.3,50.0,6.5
2024-01-09 21:00:00,26.5,0.0,87.6,30.0,5.4
2024-01-09 22:00:00,26.1,0.0,88.7,13.0,5.4
2024-01-09 23:00:00,25.8,0.0,90.2,23.0,4.6
2024-01-10 00:00:00,25.8,0.0,91.2,10.0,6.2
2024-01-10 01:00:00,25.8,0.0,89.8,1.0,4.5
2024-01-10 02:00:00,25.5,0.0,91.0,351.0,2.8
2024-01-10 03:00:00,25.4,0.0,90.8,3.0,4.7
2024-01-10 04:00:00,25.0,0.0,92.6,11.0,6.9
2024-01-10 05:00:00,24.6,0.2,94.2,1.0,4.8
2024-01-10 06:00:00,24.7,0.2,95.9,48.0,3.6
2024-01-10 07:00:00,24.3,1.6,98.8,359.0,4.0
2024-01-10 08:00:00,23.9,5.0,99.3,71.0,6.7
2024-01-10 09:00:00,24.5,0.0,99.3,359.0,5.1
2024-01-10 10:00:00,26.1,0.0,87.9,10.0,5.2
2024-01-10 11:00:00,27.3,0.0,82.0,9.0,7.6
2024-01-10 12:00:00,28.8,0.0,74.6,15.0,8.60001
2024-01-10 13:00:00,26.8,0.0,85.1,18.0,8.89999
2024-01-10 14:00:00,28.2,0.0,77.8,3.0,7.6
2024-01-10 15:00:00,24.8,0.0,98.5,1.0,8.39999
2024-01-10 16:00:00,27.2,0.0,83.8,358.0,7.4
2024-01-10 17:00:00,27.0,0.0,83.7,16.0,10.7
2024-01-10 18:00:00,24.3,0.2,98.3,42.0,14.5
2024-01-10 19:00:00,25.6,0.0,96.3,36.0,4.3
2024-01-10 20:00:00,26.0,0.0,91.1,61.0,4.8
2024-01-10 21:00:00,26.2,0.0,89.1,51.0,6.1
2024-01-10 22:00:00,25.9,0.0,90.3,13.0,4.9
2024-01-10 23:00:00,25.6,0.0,92.8,30.0,1.1
2024-01-11 00:00:00,25.8,0.0,90.7,307.0,3.2
2024-01-11 01:00:00,25.5,0.0,92.5,77.0,1.0
2024-01-11 02:00:00,25.4,0.0,92.4,1.0,2.2
2024-01-11 03:00:00,25.4,0.0,93.1,326.0,2.9
2024-01-11 04:00:00,25.1,0.0,95.0,285.0,0.7
2024-01-11 05:00:00,25.1,0.0,94.8,349.0,2.6
2024-01-11 06:00:00,25.2,0.0,95.0,337.0,3.4
2024-01-11 07:00:00,25.1,0.0,95.1,346.0,1.3
2024-01-11 08:00:00,25.5,0.0,92.5,359.0,3.2
2024-01-11 09:00:00,26.1,0.0,90.2,344.0,1.7
2024-01-11 10:00:00,26.8,0.0,87.1,2.0,6.6
2024-01-11 11:00:00,27.8,0.0,83.2,9.0,6.7
2024-01-11 12:00:00,28.7,0.0,76.6,56.0,9.10001
2024-01-11 13:00:00,29.5,0.0,73.9,50.0,6.1
2024-01-11 14:00:00,29.2,0.0,72.0,48.0,14.7
2024-01-11 15:00:00,29.3,0.0,73.1,54.0,6.5
2024-01-11 16:00:00,29.0,0.0,72.8,45.0,12.0
2024-01-11 17:00:00,29.0,0.0,74.4,34.0,7.7
2024-01-11 18:00:00,28.4,0.0,78.3,56.0,8.8
2024-01-11 19:00:00,27.9,0.0,79.9,45.0,8.2
2024-01-11 20:00:00,27.4,0.0,82.2,47.0,8.5
2024-01-11 21:00:00,27.1,0.0,85.0,19.0,7.0
2024-01-11 22:00:00,27.0,0.0,86.2,13.0,7.5
2024-01-11 23:00:00,26.6,0.0,87.6,10.0,6.7
2024-01-12 00:00:00,26.6,0.0,87.2,46.0,4.4
2024-01-12 01:00:00,26.3,0.0,88.9,24.0,4.2
2024-01-12 02:00:00,26.3,0.0,87.1,13.0,4.4
2024-01-12 03:00:00,25.9,0.0,88.9,350.0,3.7
2024-01-12 04:00:00,25.5,0.0,90.4,346.0,5.6
2024-01-12 05:00:00,25.4,0.0,89.8,1.0,6.6
2024-01-12 06:00:00,24.9,0.0,93.3,329.0,2.0
2024-01-12 07:00:00,24.8,0.0,91.6,1.0,3.7
2024-01-12 08:00:00,25.1,0.0,91.0,2.0,4.6
2024-01-12 09:00:00,24.9,0.0,92.7,5.0,8.10001
2024-01-12 10:00:00,24.9,0.0,94.1,,9.3
2024-01-12 11:00:00,25.0,0.0,92.9,344.0,5.4
2024-01-12 12:00:00,25.7,0.0,84.8,359.0,8.2
2024-01-12 13:00:00,24.6,0.0,93.7,346.0,4.8
2024-01-12 14:00:00,25.0,0.2,91.1,11.0,6.6
2024-01-12 15:00:00,24.6,0.0,92.9,14.0,6.7
2024-01-12 16:00:00,25.2,0.0,88.5,42.0,7.1
2024-01-12 17:00:00,23.6,0.4,93.9,22.0,9.2
2024-01-12 18:00:00,23.4,0.2,93.4,49.0,8.3
2024-01-12 19:00:00,23.6,0.0,91.8,355.0,2.7
2024-01-12 20:00:00,24.1,0.0,87.5,19.0,4.2
2024-01-12 21:00:00,24.7,0.0,83.9,17.0,6.1
2024-01-12 22:00:00,24.5,0.0,86.6,52.0,2.1
2024-01-12 23:00:00,24.6,0.0,86.5,81.0,1.3
2024-01-13 00:00:00,24.4,0.0,88.9,219.0,1.1
2024-01-13 01:00:00,24.3,0.0,91.2,7.0,0.8
2024-01-13 02:00:00,24.2,0.0,92.1,250.0,0.7
2024-01-13 03:00:00,24.2,0.0,93.1,230.0,2.8
2024-01-13 04:00:00,24.3,0.0,92.5,265.0,2.3
2024-01-13 05:00:00,24.3,0.0,92.8,286.0,3.1
2024-01-13 06:00:00,24.5,0.0,92.9,272.0,3.7
2024-01-13 07:00:00,24.8,0.0,90.5,308.0,2.7
2024-01-13 08:00:00,25.0,0.0,89.9,322.0,2.8
2024-01-13 09:00:00,25.9,0.0,84.7,301.0,3.6
2024-01-13 10:00:00,27.9,0.0,75.9,336.0,4.3
2024-01-13 11:00:00,28.5,0.0,70.6,340.0,5.6
2024-01-13 12:00:00,29.3,0.0,66.8,355.0,6.5
2024-01-13 13:00:00,29.7,0.0,65.6,18.0,6.4
2024-01-13 14:00:00,30.0,0.0,64.1,34.0,6.0
2024-01-13 15:00:00,29.8,0.0,65.5,22.0,7.8
2024-01-13 16:00:00,29.3,0.0,66.9,23.0,9.3
2024-01-13 17:00:00,28.4,0.0,70.6,7.0,8.2
2024-01-13 18:00:00,28.2,0.0,71.3,30.0,8.89999
2024-01-13 19:00:00,27.6,0.0,76.4,24.0,6.2
2024-01-13 20:00:00,27.2,0.0,79.3,13.0,5.1
2024-01-13 21:00:00,27.0,0.0,81.0,14.0,6.5
2024-01-13 22:00:00,26.8,0.0,81.7,14.0,6.6
2024-01-13 23:00:00,26.5,0.0,83.6,11.0,7.4
2024-01-14 00:00:00,26.5,0.0,83.3,13.0,6.8
2024-01-14 01:00:00,26.4,0.0,84.0,13.0,6.6
2024-01-14 02:00:00,26.2,0.0,83.5,14.0,8.0
2024-01-14 03:00:00,25.9,0.0,86.2,4.0,5.5
2024-01-14 04:00:00,25.9,0.0,86.2,16.0,7.1
2024-01-14 05:00:00,25.9,0.0,86.5,9.0,6.8
2024-01-14 06:00:00,25.9,0.0,85.2,16.0,5.5
2024-01-14 07:00:00,25.7,0.0,85.6,112.0,0.9
2024-01-14 08:00:00,25.9,0.0,85.5,301.0,3.0
2024-01-14 09:00:00,26.2,0.0,85.6,314.0,3.2
2024-01-14 10:00:00,27.0,0.0,80.1,356.0,4.5
2024-01-14 11:00:00,27.7,0.0,76.0,2.0,7.0
2024-01-14 12:00:00,28.5,0.0,70.4,4.0,7.9
2024-01-14 13:00:00,29.2,0.0,68.5,9.0,5.5
2024-01-14 14:00:00,28.4,0.0,70.8,19.0,10.0
2024-01-14 15:00:00,29.6,0.0,66.3,17.0,8.5
2024-01-14 16:00:00,30.0,0.0,61.4,11.0,9.89999
2024-01-14 17:00:00,30.1,0.0,63.3,24.0,8.10001
2024-01-14 18:00:00,29.1,0.0,68.0,15.0,9.3
2024-01-14 19:00:00,28.4,0.0,73.2,20.0,8.39999
2024-01-14 20:00:00,27.5,0.0,77.6,20.0,8.5
2024-01-14 21:00:00,27.2,0.0,77.9,3.0,6.5
2024-01-14 22:00:00,26.7,0.0,80.4,5.0,7.1
2024-01-14 23:00:00,26.4,0.0,82.4,6.0,5.6
2024-01-15 00:00:00,26.4,0.0,83.7,9.0,5.8
2024-01-15 01:00:00,26.3,0.0,84.4,359.0,4.3
2024-01-15 02:00:00,26.2,0.0,85.7,8.0,7.1
2024-01-15 03:00:00,26.0,0.0,86.4,345.0,4.3
2024-01-15 04:00:00,26.1,0.0,86.2,1.0,5.5
2024-01-15 05:00:00,26.2,0.0,85.3,351.0,4.1
2024-01-15 06:00:00,26.2,0.0,85.1,354.0,5.0
2024-01-15 07:00:00,25.9,0.0,86.2,349.0,3.7
2024-01-15 08:00:00,26.0,0.0,85.6,335.0,3.9
2024-01-15 09:00:00,26.6,0.0,83.6,355.0,4.6
2024-01-15 10:00:00,28.3,0.0,76.1,22.0,8.2
2024-01-15 11:00:00,29.6,0.0,68.8,22.0,10.3
2024-01-15 12:00:00,29.8,0.0,67.8,27.0,10.7
2024-01-15 13:00:00,30.4,0.0,66.3,3.0,8.5
2024-01-15 14:00:00,30.2,0.0,67.0,10.0,11.4
2024-01-15 15:00:00,29.9,0.0,72.2,73.0,8.10001
2024-01-15 16:00:00,29.7,0.0,69.9,23.0,8.8
2024-01-15 17:00:00,29.5,0.0,69.9,14.0,8.5
2024-01-15 18:00:00,29.0,0.0,70.4,49.0,9.0
2024-01-15 19:00:00,28.5,0.0,73.4,31.0,6.6
2024-01-15 20:00:00,27.8,0.0,77.8,49.0,7.4
2024-01-15 21:00:00,27.5,0.0,80.7,30.0,6.9
2024-01-15 22:00:00,26.3,0.0,88.8,19.0,8.0
2024-01-15 23:00:00,26.2,0.0,88.9,68.0,5.8
2024-01-16 00:00:00,26.1,0.0,90.9,31.0,2.4
2024-01-16 01:00:00,26.2,0.0,89.8,4.0,6.0
2024-01-16 02:00:00,26.4,0.0,88.1,2.0,4.6
2024-01-16 03:00:00,26.1,0.0,88.6,345.0,4.8
2024-01-16 04:00:00,25.9,0.0,90.1,346.0,3.4
2024-01-16 05:00:00,25.9,0.0,89.8,338.0,4.0
2024-01-16 06:00:00,25.8,0.0,90.5,333.0,2.3
2024-01-16 07:00:00,25.7,0.0,90.3,351.0,4.2
2024-01-16 08:00:00,25.9,0.0,88.3,308.0,4.2
2024-01-16 09:00:00,24.0,0.2,93.0,14.0,9.10001
2024-01-16 10:00:00,24.2,0.0,94.1,98.0,3.9
2024-01-16 11:00:00,25.6,0.0,89.0,96.0,1.3
2024-01-16 12:00:00,26.6,0.0,81.9,24.0,3.5
2024-01-16 13:00:00,27.4,0.0,81.1,17.0,6.2
2024-01-16 14:00:00,28.6,0.0,74.5,46.0,6.6
2024-01-16 15:00:00,28.9,0.0,72.1,21.0,11.8
2024-01-16 16:00:00,29.2,0.0,69.7,41.0,10.2
2024-01-16 17:00:00,29.1,0.0,72.6,29.0,8.5
2024-01-16 18:00:00,27.8,0.0,77.6,17.0,9.3
2024-01-16 19:00:00,27.4,0.0,77.7,30.0,6.9
2024-01-16 20:00:00,26.9,0.0,81.3,26.0,6.8
2024-01-16 21:00:00,26.7,0.0,82.7,8.0,7.0
2024-01-16 22:00:00,26.6,0.0,83.6,13.0,6.9
2024-01-16 23:00:00,26.1,0.0,88.4,10.0,8.8
2024-01-17 00:00:00,25.9,0.2,89.3,359.0,5.6
2024-01-17 01:00:00,25.6,0.0,91.8,8.0,8.60001
2024-01-17 02:00:00,26.0,0.0,90.2,44.0,6.1
2024-01-17 03:00:00,25.8,0.0,91.3,63.0,6.2
2024-01-17 04:00:00,25.0,0.0,92.5,57.0,6.9
2024-01-17 05:00:00,25.1,0.0,89.2,54.0,7.6
2024-01-17 06:00:00,25.3,0.0,92.0,34.0,4.3
2024-01-17 07:00:00,25.5,0.0,90.4,53.0,8.89999
2024-01-17 08:00:00,26.0,0.0,88.9,53.0,7.5
2024-01-17 09:00:00,27.0,0.0,84.0,53.0,9.7
2024-01-17 10:00:00,27.9,0.0,79.4,46.0,9.2
2024-01-17 11:00:00,25.6,2.2,92.2,51.0,12.1
2024-01-17 12:00:00,27.5,0.0,82.0,70.0,6.8
2024-01-17 13:00:00,27.9,0.0,80.4,40.0,7.6
2024-01-17 14:00:00,30.1,0.0,64.6,47.0,13.0
2024-01-17 15:00:00,30.3,0.0,65.4,46.0,7.9
2024-01-17 16:00:00,28.5,0.0,74.8,37.0,13.9
2024-01-17 17:00:00,29.1,0.0,70.0,56.0,9.60001
2024-01-17 18:00:00,28.7,0.0,69.2,47.0,10.5
2024-01-17 19:00:00,27.9,0.0,75.7,40.0,10.0
2024-01-17 20:00:00,27.2,0.0,80.5,18.0,8.7
2024-01-17 21:00:00,27.0,0.0,82.8,13.0,6.9
2024-01-17 22:00:00,26.5,0.0,86.1,9.0,6.7
2024-01-17 23:00:00,26.4,0.0,83.7,,5.8
2024-01-18 00:00:00,26.3,0.0,83.3,3.0,5.0
2024-01-18 01:00:00,26.3,0.0,84.6,359.0,5.2
2024-01-18 02:00:00,26.0,0.0,84.9,332.0,3.7
2024-01-18 03:00:00,25.8,0.0,86.8,351.0,3.5
2024-01-18 04:00:00,25.7,0.0,88.2,326.0,1.8
2024-01-18 05:00:00,25.5,0.0,88.8,346.0,5.2
2024-01-18 06:00:00,25.4,0.0,88.2,339.0,4.4
2024-01-18 07:00:00,25.2,0.0,89.5,342.0,3.9
2024-01-18 08:00:00,25.4,0.0,88.2,346.0,3.4
2024-01-18 09:00:00,26.2,0.0,86.0,359.0,4.3
2024-01-18 10:00:00,27.3,0.0,81.4,8.0,7.3
2024-01-18 11:00:00,27.8,0.0,77.6,14.0,8.0
2024-01-18 12:00:00,28.6,0.0,73.0,10.0,10.4
2024-01-18 13:00:00,26.2,0.2,87.7,4.0,7.3
2024-01-18 14:00:00,28.5,0.0,75.7,13.0,8.8
2024-01-18 15:00:00,28.2,0.0,78.5,32.0,8.3
2024-01-18 16:00:00,26.7,0.0,84.4,50.0,3.5
2024-01-18 17:00:00,27.7,0.0,81.5,47.0,3.4
2024-01-18 18:00:00,27.8,0.0,80.4,8.0,6.0
2024-01-18 19:00:00,25.4,0.0,90.0,21.0,8.89999
2024-01-18 20:00:00,25.4,0.0,89.0,1.0,5.9
2024-01-18 21:00:00,26.0,0.0,88.9,15.0,6.0
2024-01-18 22:00:00,26.0,0.0,88.1,15.0,6.1
2024-01-18 23:00:00,26.1,0.0,87.4,11.0,4.3
2024-01-19 00:00:00,25.8,0.0,88.1,6.0,6.8
2024-01-19 01:00:00,25.7,0.0,89.5,349.0,4.8
2024-01-19 02:00:00,25.7,0.0,88.6,350.0,4.0
2024-01-19 03:00:00,25.5,0.0,89.1,296.0,3.5
2024-01-19 04:00:00,25.6,0.0,89.9,302.0,4.6
2024-01-19 05:00:00,25.7,0.0,88.6,351.0,5.4
2024-01-19 06:00:00,25.5,0.0,89.1,348.0,5.3
2024-01-19 07:00:00,25.4,0.0,89.2,353.0,4.3
2024-01-19 08:00:00,25.9,0.0,85.8,337.0,4.3
2024-01-19 09:00:00,26.1,0.0,86.2,300.0,4.5
2024-01-19 10:00:00,26.3,0.0,83.5,343.0,5.8
2024-01-19 11:00:00,27.9,0.0,75.3,,8.3
2024-01-19 12:00:00,28.9,0.0,69.0,1.0,9.10001
2024-01-19 13:00:00,29.3,0.0,68.3,2.0,7.0
2024-01-19 14:00:00,29.8,0.0,66.8,4.0,7.7
2024-01-19 15:00:00,28.8,0.0,72.6,352.0,3.6
2024-01-19 16:00:00,27.2,0.0,80.8,259.0,1.4
2024-01-19 17:00:00,24.7,0.0,95.6,87.0,6.4
2024-01-19 18:00:00,25.6,0.0,88.6,20.0,4.4
2024-01-19 19:00:00,25.2,0.0,92.8,153.0,1.7
2024-01-19 20:00:00,25.5,0.0,87.5,9.0,6.5
2024-01-19 21:00:00,25.9,0.0,85.2,8.0,5.3
2024-01-19 22:00:00,26.0,0.0,85.7,5.0,3.7
2024-01-19 23:00:00,26.0,0.0,87.2,347.0,3.8
2024-01-20 00:00:00,26.0,0.0,87.7,12.0,2.4
2024-01-20 01:00:00,26.0,0.0,86.9,317.0,2.8
2024-01-20 02:00:00,25.7,0.0,90.8,245.0,1.7
2024-01-20 03:00:00,25.7,0.0,90.4,347.0,1.6
2024-01-20 04:00:00,25.2,0.0,92.6,8.0,5.1
2024-01-20 05:00:00,24.2,0.2,95.3,58.0,5.9
2024-01-20 06:00:00,24.1,0.0,91.4,43.0,2.0
2024-01-20 07:00:00,23.6,0.2,93.2,10.0,6.7
2024-01-20 08:00:00,23.7,0.0,94.6,358.0,3.9
2024-01-20 09:00:00,23.7,0.2,94.0,346.0,5.2
2024-01-20 10:00:00,24.1,0.0,90.0,347.0,4.6
2024-01-20 11:00:00,24.8,0.0,88.8,340.0,5.6
2024-01-20 12:00:00,25.7,0.0,83.4,4.0,7.5
2024-01-20 13:00:00,25.7,0.0,81.1,359.0,8.60001
2024-01-20 14:00:00,24.9,0.0,87.8,1.0,6.9
2024-01-20 15:00:00,24.7,0.2,90.7,359.0,7.3
2024-01-20 16:00:00,24.5,0.2,90.0,3.0,8.7
2024-01-20 17:00:00,24.2,0.0,91.4,359.0,5.5
2024-01-20 18:00:00,24.2,0.0,92.7,6.0,3.7
2024-01-20 19:00:00,24.0,0.0,93.8,11.0,5.4
2024-01-20 20:00:00,23.7,0.0,94.9,4.0,4.6
2024-01-20 21:00:00,23.4,0.0,93.5,4.0,6.8
2024-01-20 22:00:00,23.5,0.0,87.7,1.0,6.9
2024-01-20 23:00:00,23.6,0.0,84.0,11.0,7.8
2024-01-21 00:00:00,23.8,0.0,81.2,353.0,4.2
2024-01-21 01:00:00,23.9,0.0,80.2,329.0,2.2
2024-01-21 02:00:00,23.6,0.0,84.1,3.0,3.8
2024-01-21 03:00:00,23.8,0.0,86.6,19.0,5.5
2024-01-21 04:00:00,23.7,0.0,87.6,9.0,4.6
2024-01-21 05:00:00,23.6,0.0,89.0,354.0,3.1
2024-01-21 06:00:00,23.6,0.0,88.9,4.0,4.4
2024-01-21 07:00:00,23.7,0.0,88.5,14.0,2.8
2024-01-21 08:00:00,24.5,0.0,85.4,20.0,4.2
2024-01-21 09:00:00,25.8,0.0,78.7,3.0,4.4
2024-01-21 10:00:00,27.4,0.0,71.5,359.0,5.6
2024-01-21 11:00:00,28.8,0.0,68.0,11.0,6.1
2024-01-21 12:00:00,29.8,0.0,63.9,359.0,5.4
2024-01-21 13:00:00,30.6,0.0,59.0,349.0,5.4
2024-01-21 14:00:00,31.2,0.0,53.5,1.0,5.5
2024-01-21 15:00:00,32.1,0.0,49.6,6.0,6.3
2024-01-21 16:00:00,32.2,0.0,49.5,350.0,4.6
2024-01-21 17:00:00,31.2,0.0,60.2,34.0,4.9
2024-01-21 18:00:00,29.4,0.0,69.3,59.0,6.2
2024-01-21 19:00:00,28.8,0.0,69.2,34.0,8.10001
2024-01-21 20:00:00,28.1,0.0,75.2,80.0,5.9
2024-01-21 21:00:00,27.4,0.0,78.3,41.0,4.9
2024-01-21 22:00:00,26.9,0.0,79.2,8.0,5.6
2024-01-21 23:00:00,26.7,0.0,80.0,9.0,4.8
2024-01-22 00:00:00,26.3,0.0,82.9,28.0,6.2
2024-01-22 01:00:00,26.0,0.0,84.9,6.0,6.2
2024-01-22 02:00:00,25.8,0.0,86.4,16.0,7.3
2024-01-22 03:00:00,25.5,0.0,87.4,12.0,6.2
2024-01-22 04:00:00,25.2,0.0,88.5,348.0,2.8
2024-01-22 05:00:00,25.0,0.0,89.3,344.0,3.9
2024-01-22 06:00:00,24.9,0.0,89.6,334.0,3.9
2024-01-22 07:00:00,25.0,0.0,88.9,21.0,2.5
2024-01-22 08:00:00,25.3,0.0,87.5,8.0,5.0
2024-01-22 09:00:00,26.5,0.0,81.8,359.0,5.0
2024-01-22 10:00:00,27.9,0.0,74.9,351.0,4.1
2024-01-22 11:00:00,29.5,0.0,66.2,12.0,3.3
2024-01-22 12:00:00,31.8,0.0,57.0,321.0,2.1
2024-01-22 13:00:00,33.0,0.0,52.0,307.0,1.8
2024-01-22 14:00:00,31.4,0.0,54.6,291.0,5.2
2024-01-22 15:00:00,34.2,0.0,47.8,267.0,2.5
2024-01-22 16:00:00,31.9,0.0,59.6,190.0,4.0
2024-01-22 17:00:00,30.5,0.0,66.0,129.0,7.6
2024-01-22 18:00:00,30.7,0.0,65.0,172.0,5.0
2024-01-22 19:00:00,27.3,0.0,80.6,83.0,8.5
2024-01-22 20:00:00,27.5,0.0,81.3,75.0,5.3
2024-01-22 21:00:00,27.3,0.0,82.4,54.0,5.7
2024-01-22 22:00:00,26.9,0.0,85.9,49.0,4.5
2024-01-22 23:00:00,26.2,0.0,89.0,11.0,6.3
2024-01-23 00:00:00,26.4,0.0,88.3,15.0,6.9
2024-01-23 01:00:00,26.1,0.0,89.8,20.0,3.8
2024-01-23 02:00:00,25.9,0.0,90.2,18.0,3.6
2024-01-23 03:00:00,25.9,0.0,88.9,9.0,6.6
2024-01-23 04:00:00,25.6,0.0,90.3,6.0,4.2
2024-01-23 05:00:00,25.5,0.0,90.1,16.0,3.4
2024-01-23 06:00:00,25.5,0.0,90.5,9.0,2.8
2024-01-23 07:00:00,25.4,0.0,89.8,13.0,4.3
2024-01-23 08:00:00,25.6,0.0,89.5,6.0,2.4
2024-01-23 09:00:00,26.2,0.0,86.9,4.0,3.9
2024-01-23 10:00:00,28.0,0.0,75.7,2.0,6.1
2024-01-23 11:00:00,29.3,0.0,69.1,5.0,5.8
2024-01-23 12:00:00,30.7,0.0,63.3,24.0,5.7
2024-01-23 13:00:00,31.8,0.0,58.5,19.0,5.6
2024-01-23 14:00:00,32.4,0.0,54.9,6.0,4.8
2024-01-23 15:00:00,31.8,0.0,59.5,6.0,4.3
2024-01-23 16:00:00,25.2,0.4,88.1,39.0,2.4
2024-01-23 17:00:00,24.7,0.2,91.9,140.0,3.1
2024-01-23 18:00:00,25.1,0.0,89.7,125.0,3.5
2024-01-23 19:00:00,24.5,0.0,93.3,20.0,3.3
2024-01-23 20:00:00,24.3,0.0,94.2,12.0,3.6
2024-01-23 21:00:00,24.7,0.0,93.1,43.0,2.3
2024-01-23 22:00:00,24.8,0.0,92.0,351.0,3.8
2024-01-23 23:00:00,25.2,0.0,89.2,56.0,1.8
2024-01-24 00:00:00,25.1,0.0,91.0,23.0,2.2
2024-01-24 01:00:00,25.2,0.0,90.6,9.0,2.1
2024-01-24 02:00:00,25.4,0.0,90.3,122.0,0.8
2024-01-24 03:00:00,25.1,0.0,93.5,34.0,1.9
2024-01-24 04:00:00,24.9,0.0,94.8,10.0,3.6
2024-01-24 05:00:00,24.8,0.0,94.6,26.0,2.4
2024-01-24 06:00:00,24.9,0.0,94.6,25.0,2.0
2024-01-24 07:00:00,25.2,0.0,92.6,126.0,0.4
2024-01-24 08:00:00,25.9,0.0,90.7,89.0,3.8
2024-01-24 09:00:00,26.0,0.0,91.4,63.0,5.7
2024-01-24 10:00:00,27.5,0.0,84.2,63.0,7.2
2024-01-24 11:00:00,28.4,0.0,79.5,53.0,7.1
2024-01-24 12:00:00,28.3,0.0,81.1,93.0,5.3
2024-01-24 13:00:00,27.3,0.0,84.1,69.0,5.6
2024-01-24 14:00:00,29.6,0.0,73.5,83.0,8.0
2024-01-24 15:00:00,29.0,0.0,76.0,59.0,8.2
2024-01-24 16:00:00,25.3,1.4,92.7,312.0,4.9
2024-01-24 17:00:00,25.2,0.0,98.2,18.0,3.6
2024-01-24 18:00:00,25.2,0.0,93.4,336.0,4.8
2024-01-24 19:00:00,24.4,4.4,95.9,98.0,11.4
2024-01-24 20:00:00,24.5,1.4,98.4,325.0,1.9
2024-01-24 21:00:00,24.6,0.2,98.6,3.0,6.7
2024-01-24 22:00:00,24.4,0.0,93.6,6.0,2.6
2024-01-24 23:00:00,24.4,0.2,94.3,50.0,9.2
2024-01-25 00:00:00,24.6,0.0,95.1,72.0,4.6
2024-01-25 01:00:00,24.2,0.0,96.4,11.0,4.7
2024-01-25 02:00:00,24.4,0.0,96.4,10.0,7.8
2024-01-25 03:00:00,24.5,0.0,94.2,12.0,7.2
2024-01-25 04:00:00,24.7,0.0,93.4,46.0,6.1
2024-01-25 05:00:00,24.4,0.0,95.0,5.0,2.9
2024-01-25 06:00:00,24.8,0.0,94.4,56.0,2.1
2024-01-25 07:00:00,25.4,0.0,92.6,49.0,2.8
2024-01-25 08:00:00,25.4,0.0,94.2,10.0,3.8
2024-01-25 09:00:00,26.9,0.0,86.9,38.0,4.4
2024-01-25 10:00:00,27.6,0.0,82.4,46.0,10.0
2024-01-25 11:00:00,29.0,0.0,76.5,1.0,7.1
2024-01-25 12:00:00,27.0,1.4,88.6,10.0,4.4
2024-01-25 13:00:00,26.3,0.0,91.4,60.0,6.1
2024-01-25 14:00:00,26.6,0.0,83.0,86.0,4.0
2024-01-25 15:00:00,25.6,0.0,91.1,80.0,7.5
2024-01-25 16:00:00,25.2,0.0,91.9,77.0,4.9
2024-01-25 17:00:00,25.5,0.0,91.4,46.0,6.6
2024-01-25 18:00:00,25.2,0.0,91.8,50.0,6.7
2024-01-25 19:00:00,24.8,0.0,92.2,68.0,5.9
2024-01-25 20:00:00,24.6,0.0,94.9,56.0,5.5
2024-01-25 21:00:00,24.7,0.0,96.0,72.0,5.2
2024-01-25 22:00:00,24.8,0.0,92.8,61.0,4.5
2024-01-25 23:00:00,25.1,0.0,92.9,52.0,4.3
2024-01-26 00:00:00,25.4,0.0,92.8,106.0,4.1
2024-01-26 01:00:00,25.1,0.0,93.3,82.0,6.8
2024-01-26 02:00:00,25.1,0.0,94.7,58.0,4.4
2024-01-26 03:00:00,25.5,0.0,93.1,68.0,4.8
2024-01-26 04:00:00,25.8,0.0,93.4,49.0,6.0
2024-01-26 05:00:00,25.6,0.0,94.9,37.0,4.3
2024-01-26 06:00:00,26.0,0.0,90.9,51.0,8.3
2024-01-26 07:00:00,25.9,0.0,91.1,50.0,8.5
2024-01-26 08:00:00,26.1,0.0,90.6,52.0,7.8
2024-01-26 09:00:00,26.6,0.0,88.3,56.0,6.6
2024-01-26 10:00:00,27.3,0.0,84.0,47.0,11.2
2024-01-26 11:00:00,28.2,0.0,76.5,44.0,15.6
2024-01-26 12:00:00,29.2,0.0,72.2,43.0,11.6
2024-01-26 13:00:00,29.1,0.0,71.8,40.0,13.5
2024-01-26 14:00:00,30.1,0.0,67.3,46.0,13.5
2024-01-26 15:00:00,29.9,0.0,65.9,44.0,14.1
2024-01-26 16:00:00,30.0,0.0,65.7,45.0,14.2
2024-01-26 17:00:00,29.7,0.0,67.3,49.0,10.9
2024-01-26 18:00:00,29.2,0.0,67.6,46.0,13.0
2024-01-26 19:00:00,28.4,0.0,73.5,49.0,11.6
2024-01-26 20:00:00,27.5,0.0,78.4,53.0,9.2
2024-01-26 21:00:00,26.9,0.0,83.4,18.0,8.39999
2024-01-26 22:00:00,26.6,0.0,85.7,19.0,9.60001
2024-01-26 23:00:00,26.6,0.0,86.7,40.0,7.3
2024-01-27 00:00:00,26.3,0.0,87.1,49.0,8.7
2024-01-27 01:00:00,26.2,0.0,88.0,37.0,5.1
2024-01-27 02:00:00,26.1,0.0,88.5,43.0,4.2
2024-01-27 03:00:00,26.1,0.0,88.0,43.0,6.1
2024-01-27 04:00:00,26.0,0.0,88.5,16.0,7.1
2024-01-27 05:00:00,26.0,0.0,88.6,44.0,6.3
2024-01-27 06:00:00,25.9,0.0,88.6,42.0,5.6
2024-01-27 07:00:00,25.9,0.0,88.1,43.0,5.1
2024-01-27 08:00:00,26.2,0.0,86.1,51.0,8.89999
2024-01-27 09:00:00,27.5,0.0,80.9,41.0,6.4
2024-01-27 10:00:00,28.2,0.0,75.7,46.0,11.9
2024-01-27 11:00:00,28.7,0.0,73.3,46.0,14.2
2024-01-27 12:00:00,28.2,0.0,75.3,29.0,13.3
2024-01-27 13:00:00,28.9,0.0,69.6,42.0,14.7
2024-01-27 14:00:00,30.2,0.0,62.7,46.0,14.1
2024-01-27 15:00:00,30.1,0.0,62.6,44.0,14.1
2024-01-27 16:00:00,30.1,0.0,63.9,56.0,11.1
2024-01-27 17:00:00,29.1,0.0,69.0,42.0,16.0
2024-01-27 18:00:00,28.9,0.0,68.5,47.0,15.7
2024-01-27 19:00:00,28.3,0.0,72.0,50.0,11.3
2024-01-27 20:00:00,27.5,0.0,76.9,56.0,8.39999
2024-01-27 21:00:00,27.1,0.0,81.6,30.0,4.8
2024-01-27 22:00:00,26.8,0.0,83.5,16.0,8.10001
2024-01-27 23:00:00,26.7,0.0,83.4,51.0,6.4
2024-01-28 00:00:00,26.4,0.0,87.0,19.0,5.5
2024-01-28 01:00:00,26.3,0.0,86.4,21.0,6.1
2024-01-28 02:00:00,26.2,0.0,86.9,12.0,7.9
2024-01-28 03:00:00,25.9,0.0,89.3,26.0,4.8
2024-01-28 04:00:00,25.7,0.0,87.5,19.0,8.8
2024-01-28 05:00:00,25.4,0.0,88.4,8.0,4.8
2024-01-28 06:00:00,25.4,0.0,87.4,357.0,4.8
2024-01-28 07:00:00,25.4,0.0,87.4,16.0,4.4
2024-01-28 08:00:00,25.9,0.0,85.9,16.0,4.4
2024-01-28 09:00:00,26.9,0.0,80.4,52.0,8.3
2024-01-28 10:00:00,27.8,0.0,76.2,50.0,9.2
2024-01-28 11:00:00,28.9,0.0,70.0,58.0,9.0
2024-01-28 12:00:00,29.5,0.0,69.7,57.0,7.9
2024-01-28 13:00:00,30.1,0.0,65.4,49.0,10.0
2024-01-28 14:00:00,30.1,0.0,62.8,48.0,12.9
2024-01-28 15:00:00,30.2,0.0,64.0,51.0,11.4
2024-01-28 16:00:00,29.4,0.0,68.1,49.0,11.5
2024-01-28 17:00:00,29.8,0.0,66.1,44.0,12.3
2024-01-28 18:00:00,28.7,0.0,70.7,48.0,11.5
2024-01-28 19:00:00,27.9,0.0,74.9,47.0,12.0
2024-01-28 20:00:00,27.2,0.0,81.1,34.0,6.5
2024-01-28 21:00:00,27.0,0.0,82.0,40.0,6.1
2024-01-28 22:00:00,26.9,0.0,82.4,37.0,7.0
2024-01-28 23:00:00,26.5,0.0,83.9,27.0,7.0
2024-01-29 00:00:00,26.1,0.0,85.7,16.0,7.5
2024-01-29 01:00:00,25.9,0.0,86.3,10.0,7.7
2024-01-29 02:00:00,25.6,0.0,87.5,5.0,7.7
2024-01-29 03:00:00,25.7,0.0,85.9,11.0,6.0
2024-01-29 04:00:00,25.7,0.0,86.6,11.0,5.5
2024-01-29 05:00:00,25.5,0.0,88.3,32.0,6.4
2024-01-29 06:00:00,25.5,0.0,88.4,23.0,6.0
2024-01-29 07:00:00,25.5,0.0,88.8,21.0,4.0
2024-01-29 08:00:00,25.6,0.0,88.0,14.0,6.9
2024-01-29 09:00:00,26.8,0.0,82.8,9.0,8.2
2024-01-29 10:00:00,27.8,0.0,76.8,61.0,10.1
2024-01-29 11:00:00,28.8,0.0,71.6,38.0,10.0
2024-01-29 12:00:00,29.7,0.0,66.9,41.0,12.7
2024-01-29 13:00:00,29.7,0.0,63.2,48.0,12.3
2024-01-29 14:00:00,30.1,0.0,61.3,43.0,14.3
2024-01-29 15:00:00,30.3,0.0,58.6,43.0,14.0
2024-01-29 16:00:00,29.8,0.0,61.2,47.0,13.5
2024-01-29 17:00:00,29.6,0.0,64.7,51.0,11.4
2024-01-29 18:00:00,29.2,0.0,67.4,26.0,10.2
2024-01-29 19:00:00,28.3,0.0,68.7,40.0,11.7
2024-01-29 20:00:00,27.6,0.0,73.1,43.0,12.4
2024-01-29 21:00:00,26.9,0.0,78.2,40.0,5.4
2024-01-29 22:00:00,26.7,0.0,82.3,27.0,5.8
2024-01-29 23:00:00,26.5,0.0,82.6,20.0,7.1
2024-01-30 00:00:00,26.3,0.0,83.9,28.0,7.8
2024-01-30 01:00:00,26.0,0.0,84.3,14.0,8.3
2024-01-30 02:00:00,26.0,0.0,82.7,20.0,6.1
2024-01-30 03:00:00,25.7,0.0,84.2,10.0,5.8
2024-01-30 04:00:00,25.6,0.0,84.1,39.0,4.5
2024-01-30 05:00:00,25.3,0.0,86.0,33.0,3.6
2024-01-30 06:00:00,25.2,0.0,86.9,21.0,5.4
2024-01-30 07:00:00,25.2,0.0,86.5,13.0,5.1
2024-01-30 08:00:00,25.3,0.0,86.4,5.0,6.1
2024-01-30 09:00:00,26.4,0.0,81.4,13.0,8.0
2024-01-30 10:00:00,28.2,0.0,73.7,29.0,6.2
2024-01-30 11:00:00,27.7,0.0,74.3,12.0,5.0
2024-01-30 12:00:00,26.7,0.0,79.7,46.0,9.2
2024-01-30 13:00:00,28.8,0.0,70.5,67.0,4.4
2024-01-30 14:00:00,29.8,0.0,62.2,30.0,9.39999
2024-01-30 15:00:00,29.5,0.0,64.1,11.0,7.8
2024-01-30 16:00:00,29.3,0.0,65.6,49.0,11.2
2024-01-30 17:00:00,29.2,0.0,63.6,46.0,10.5
2024-01-30 18:00:00,28.9,0.0,67.8,40.0,10.4
2024-01-30 19:00:00,28.1,0.0,68.3,49.0,10.0
2024-01-30 20:00:00,27.4,0.0,72.4,55.0,7.4
2024-01-30 21:00:00,26.9,0.0,77.8,55.0,4.6
2024-01-30 22:00:00,26.6,0.0,80.8,48.0,6.5
2024-01-30 23:00:00,26.4,0.0,82.1,45.0,6.2
2024-01-31 00:00:00,26.0,0.0,83.2,53.0,6.5
2024-01-31 01:00:00,25.8,0.0,86.3,24.0,4.7
2024-01-31 02:00:00,25.6,0.0,87.0,17.0,6.1
2024-01-31 03:00:00,25.6,0.0,86.5,36.0,4.5
2024-01-31 04:00:00,25.3,0.0,86.9,14.0,6.4
2024-01-31 05:00:00,25.2,0.0,87.0,12.0,5.5
2024-01-31 06:00:00,25.2,0.0,86.1,27.0,4.2
2024-01-31 07:00:00,25.0,0.0,86.6,6.0,6.4
2024-01-31 08:00:00,25.3,0.0,84.1,9.0,6.4
2024-01-31 09:00:00,26.4,0.0,80.2,353.0,5.1
2024-01-31 10:00:00,27.1,0.0,78.2,5.0,6.4
2024-01-31 11:00:00,28.0,0.0,71.0,17.0,9.5
2024-01-31 12:00:00,29.2,0.0,68.0,13.0,7.0
2024-01-31 13:00:00,29.5,0.0,67.1,4.0,8.8
2024-01-31 14:00:00,30.8,0.0,60.3,41.0,6.1
2024-01-31 15:00:00,30.1,0.0,63.2,31.0,7.5
2024-01-31 16:00:00,30.3,0.0,61.8,34.0,5.8
2024-01-31 17:00:00,29.8,0.0,63.8,50.0,8.2
2024-01-31 18:00:00,28.9,0.0,67.1,52.0,10.8
2024-01-31 19:00:00,28.1,0.0,71.9,31.0,8.39999
2024-01-31 20:00:00,27.4,0.0,76.7,42.0,7.5
2024-01-31 21:00:00,26.9,0.0,79.7,59.0,6.6
2024-01-31 22:00:00,26.3,0.0,82.4,46.0,6.8
2024-01-31 23:00:00,26.3,0.0,83.8,47.0,6.3
2024-02-01 00:00:00,26.0,0.0,85.5,56.0,7.2
2024-02-01 01:00:00,26.0,0.0,85.3,56.0,8.10001
2024-02-01 02:00:00,25.9,0.0,86.5,60.0,6.2
2024-02-01 03:00:00,25.8,0.0,87.3,54.0,8.60001
2024-02-01 04:00:00,25.8,0.0,87.7,59.0,7.6
2024-02-01 05:00:00,25.7,0.0,88.7,56.0,6.7
2024-02-01 06:00:00,25.8,0.0,88.2,53.0,6.7
2024-02-01 07:00:00,25.8,0.0,87.4,55.0,8.60001
2024-02-01 08:00:00,25.9,0.0,87.4,55.0,5.4
2024-02-01 09:00:00,26.3,0.0,85.1,55.0,9.2
2024-02-01 10:00:00,27.0,0.0,79.6,54.0,6.6
2024-02-01 11:00:00,28.5,0.0,71.0,40.0,9.2
2024-02-01 12:00:00,30.5,0.0,63.6,57.0,7.1
2024-02-01 13:00:00,31.3,0.0,59.9,52.0,5.3
2024-02-01 14:00:00,30.8,0.0,59.4,36.0,8.3
2024-02-01 15:00:00,30.8,0.0,60.1,62.0,6.4
2024-02-01 16:00:00,30.2,0.0,64.2,65.0,8.10001
2024-02-01 17:00:00,29.6,0.0,66.7,72.0,9.89999
2024-02-01 18:00:00,29.0,0.0,66.4,35.0,10.7
2024-02-01 19:00:00,28.2,0.0,71.1,24.0,8.39999
2024-02-01 20:00:00,27.5,0.0,74.9,16.0,10.1
2024-02-01 21:00:00,27.1,0.0,78.4,16.0,7.2
2024-02-01 22:00:00,26.9,0.0,78.9,13.0,6.6
2024-02-01 23:00:00,26.6,0.0,81.2,9.0,5.8
2024-02-02 00:00:00,26.6,0.0,81.6,51.0,4.2
2024-02-02 01:00:00,26.3,0.0,83.3,8.0,5.7
2024-02-02 02:00:00,26.2,0.0,84.5,8.0,6.1
2024-02-02 03:00:00,26.1,0.0,85.6,13.0,6.5
2024-02-02 04:00:00,25.9,0.0,87.4,342.0,1.8
2024-02-02 05:00:00,26.2,0.0,86.3,49.0,3.8
2024-02-02 06:00:00,25.9,0.0,87.5,50.0,5.4
2024-02-02 07:00:00,26.0,0.0,87.4,48.0,4.2
2024-02-02 08:00:00,26.5,0.0,85.9,56.0,5.9
2024-02-02 09:00:00,27.0,0.0,83.6,20.0,7.3
2024-02-02 10:00:00,28.2,0.0,75.3,24.0,8.89999
2024-02-02 11:00:00,29.6,0.0,67.8,49.0,8.2
2024-02-02 12:00:00,29.3,0.0,67.8,24.0,9.5
2024-02-02 13:00:00,30.3,0.0,63.6,14.0,8.39999
2024-02-02 14:00:00,28.6,0.4,76.2,43.0,9.60001
2024-02-02 15:00:00,29.7,0.0,69.2,51.0,12.3
2024-02-02 16:00:00,30.2,0.0,64.6,51.0,8.7
2024-02-02 17:00:00,28.3,0.0,75.9,186.0,4.0
2024-02-02 18:00:00,27.8,0.0,80.5,206.0,2.7
2024-02-02 19:00:00,27.3,0.0,83.4,280.0,1.4
2024-02-02 20:00:00,28.0,0.0,76.4,68.0,6.6
2024-02-02 21:00:00,27.3,0.0,80.9,61.0,6.7
2024-02-02 22:00:00,26.9,0.0,82.9,67.0,6.7
2024-02-02 23:00:00,26.7,0.0,86.0,44.0,7.9
2024-02-03 00:00:00,26.3,0.0,88.2,29.0,3.5
2024-02-03 01:00:00,26.2,0.0,87.8,46.0,5.3
2024-02-03 02:00:00,26.1,0.0,86.9,54.0,9.7
2024-02-03 03:00:00,26.2,0.0,86.4,59.0,8.60001
2024-02-03 04:00:00,26.0,0.0,86.4,57.0,6.8
2024-02-03 05:00:00,26.0,0.0,86.0,43.0,5.7
2024-02-03 06:00:00,25.6,0.0,88.9,24.0,6.6
2024-02-03 07:00:00,25.7,0.0,87.4,52.0,6.3
2024-02-03 08:00:00,25.9,0.0,86.3,53.0,7.9
2024-02-03 09:00:00,27.3,0.0,80.1,47.0,6.8
2024-02-03 10:00:00,28.1,0.0,74.1,16.0,9.2
2024-02-03 11:00:00,29.6,0.0,68.0,17.0,10.3
2024-02-03 12:00:00,31.0,0.0,62.0,28.0,7.8
2024-02-03 13:00:00,31.7,0.0,56.4,41.0,6.1
2024-02-03 14:00:00,32.3,0.0,52.9,39.0,5.5
2024-02-03 15:00:00,31.5,0.0,57.4,10.0,7.8
2024-02-03 16:00:00,31.2,0.0,60.0,51.0,9.39999
2024-02-03 17:00:00,30.8,0.0,61.2,75.0,5.8
2024-02-03 18:00:00,27.0,0.0,83.1,217.0,4.0
2024-02-03 19:00:00,27.0,0.0,78.7,196.0,3.0
2024-02-03 20:00:00,28.2,0.0,74.0,40.0,5.6
2024-02-03 21:00:00,27.5,0.0,78.6,30.0,4.3
2024-02-03 22:00:00,27.1,0.0,80.9,43.0,4.3
2024-02-03 23:00:00,26.7,0.0,81.8,21.0,2.6
2024-02-04 00:00:00,26.6,0.0,81.1,19.0,5.4
2024-02-04 01:00:00,26.4,0.0,82.5,8.0,5.6
2024-02-04 02:00:00,26.2,0.0,83.0,355.0,2.7
2024-02-04 03:00:00,26.0,0.0,83.9,348.0,4.4
2024-02-04 04:00:00,25.7,0.0,85.1,8.0,4.8
2024-02-04 05:00:00,25.7,0.0,84.3,14.0,4.5
2024-02-04 06:00:00,25.6,0.0,84.0,330.0,2.8
2024-02-04 07:00:00,25.6,0.0,84.1,314.0,3.0
2024-02-04 08:00:00,25.5,0.0,84.3,348.0,2.4
2024-02-04 09:00:00,26.1,0.0,82.4,18.0,3.7
2024-02-04 10:00:00,27.8,0.0,72.2,26.0,9.0
2024-02-04 11:00:00,29.2,0.0,64.6,9.0,7.6
2024-02-04 12:00:00,30.5,0.0,54.4,16.0,7.1
2024-02-04 13:00:00,31.0,0.0,52.7,23.0,9.39999
2024-02-04 14:00:00,32.7,0.0,47.2,351.0,3.6
2024-02-04 15:00:00,32.1,0.0,50.0,341.0,6.4
2024-02-04 16:00:00,32.4,0.0,50.8,356.0,4.9
2024-02-04 17:00:00,31.9,0.0,52.8,13.0,5.0
2024-02-04 18:00:00,30.8,0.0,61.3,335.0,2.8
2024-02-04 19:00:00,29.7,0.0,59.9,46.0,3.7
2024-02-04 20:00:00,28.9,0.0,64.8,21.0,5.5
2024-02-04 21:00:00,27.7,0.0,74.3,48.0,7.2
2024-02-04 22:00:00,27.0,0.0,76.9,57.0,9.10001
2024-02-04 23:00:00,26.9,0.0,78.8,46.0,5.0
2024-02-05 00:00:00,26.6,0.0,80.3,57.0,6.2
2024-02-05 01:00:00,26.5,0.0,81.4,45.0,5.5
2024-02-05 02:00:00,25.8,0.0,84.8,13.0,5.0
2024-02-05 03:00:00,26.0,0.0,82.3,12.0,5.4
2024-02-05 04:00:00,25.7,0.0,83.6,327.0,2.5
2024-02-05 05:00:00,25.4,0.0,86.2,28.0,3.2
2024-02-05 06:00:00,25.5,0.0,85.2,6.0,4.0
2024-02-05 07:00:00,25.4,0.0,86.3,17.0,5.9
2024-02-05 08:00:00,25.6,0.0,85.6,25.0,6.2
2024-02-05 09:00:00,26.8,0.0,79.4,13.0,9.3
2024-02-05 10:00:00,28.3,0.0,71.2,18.0,9.3
2024-02-05 11:00:00,29.2,0.0,67.7,15.0,10.1
2024-02-05 12:00:00,30.1,0.0,61.9,17.0,9.39999
2024-02-05 13:00:00,31.3,0.0,56.2,11.0,8.2
2024-02-05 14:00:00,32.0,0.0,52.6,20.0,6.7
2024-02-05 15:00:00,32.2,0.0,52.8,13.0,5.0
2024-02-05 16:00:00,32.2,0.0,53.1,27.0,7.8
2024-02-05 17:00:00,30.7,0.0,61.6,50.0,7.6
2024-02-05 18:00:00,30.1,0.0,64.6,35.0,11.3
2024-02-05 19:00:00,29.0,0.0,67.5,41.0,6.7
2024-02-05 20:00:00,28.3,0.0,71.6,45.0,6.3
2024-02-05 21:00:00,27.5,0.0,72.3,42.0,6.5
2024-02-05 22:00:00,27.2,0.0,75.2,50.0,4.5
2024-02-05 23:00:00,27.0,0.0,77.1,42.0,5.3
2024-02-06 00:00:00,26.7,0.0,79.1,28.0,2.8
2024-02-06 01:00:00,26.6,0.0,78.2,38.0,2.5
2024-02-06 02:00:00,26.3,0.0,80.3,338.0,2.1
2024-02-06 03:00:00,26.0,0.0,81.6,346.0,3.8
2024-02-06 04:00:00,25.6,0.0,83.8,344.0,2.1
2024-02-06 05:00:00,25.7,0.0,84.2,342.0,3.3
2024-02-06 06:00:00,25.6,0.0,84.7,358.0,4.5
2024-02-06 07:00:00,25.3,0.0,86.2,354.0,3.7
2024-02-06 08:00:00,25.7,0.0,83.5,6.0,5.1
2024-02-06 09:00:00,27.0,0.0,78.0,6.0,4.7
2024-02-06 10:00:00,28.2,0.0,72.5,8.0,6.5
2024-02-06 11:00:00,29.3,0.0,68.5,2.0,8.2
2024-02-06 12:00:00,31.2,0.0,56.6,15.0,6.9
2024-02-06 13:00:00,31.7,0.0,55.7,22.0,8.3
2024-02-06 14:00:00,32.8,0.0,51.9,11.0,6.4
2024-02-06 15:00:00,32.3,0.0,55.0,31.0,5.7
2024-02-06 16:00:00,31.9,0.0,56.5,34.0,3.2
2024-02-06 17:00:00,30.4,0.0,65.0,52.0,2.2
2024-02-06 18:00:00,27.7,0.0,82.2,136.0,4.1
2024-02-06 19:00:00,27.8,0.0,81.6,57.0,2.6
2024-02-06 20:00:00,27.7,0.0,82.8,28.0,2.2
2024-02-06 21:00:00,27.6,0.0,79.6,49.0,7.3
2024-02-06 22:00:00,27.2,0.0,80.9,57.0,5.8
2024-02-06 23:00:00,27.2,0.0,81.5,64.0,6.8
2024-02-07 00:00:00,26.9,0.0,83.6,49.0,7.4
2024-02-07 01:00:00,26.5,0.0,86.0,19.0,8.39999
2024-02-07 02:00:00,26.4,0.0,86.6,39.0,4.5
2024-02-07 03:00:00,26.1,0.0,87.4,28.0,2.1
2024-02-07 04:00:00,26.0,0.0,88.0,17.0,3.9
2024-02-07 05:00:00,25.9,0.0,88.0,10.0,5.6
2024-02-07 06:00:00,25.8,0.0,86.7,30.0,3.3
2024-02-07 07:00:00,25.8,0.0,87.0,18.0,1.8
2024-02-07 08:00:00,26.0,0.0,86.8,26.0,5.0
2024-02-07 09:00:00,26.5,0.0,84.5,5.0,6.3
2024-02-07 10:00:00,27.6,0.0,77.5,15.0,8.10001
2024-02-07 11:00:00,28.6,0.0,73.4,10.0,6.7
2024-02-07 12:00:00,30.0,0.0,67.1,15.0,5.4
2024-02-07 13:00:00,31.0,0.0,61.6,30.0,5.7
2024-02-07 14:00:00,31.0,0.0,62.0,46.0,8.89999
2024-02-07 15:00:00,31.2,0.0,61.4,56.0,9.3
2024-02-07 16:00:00,31.6,0.0,62.5,23.0,10.3
2024-02-07 17:00:00,30.3,0.0,64.9,24.0,10.2
2024-02-07 18:00:00,29.6,0.0,68.5,50.0,6.6
2024-02-07 19:00:00,28.8,0.0,72.3,64.0,7.5
2024-02-07 20:00:00,28.0,0.0,78.8,72.0,7.0
2024-02-07 21:00:00,27.5,0.0,81.2,56.0,6.0
2024-02-07 22:00:00,27.3,0.0,82.3,71.0,4.9
2024-02-07 23:00:00,27.1,0.0,82.8,55.0,4.5
2024-02-08 00:00:00,26.9,0.0,83.9,49.0,4.3
2024-02-08 01:00:00,26.7,0.0,85.3,38.0,4.4
2024-02-08 02:00:00,26.5,0.0,86.3,49.0,5.2
2024-02-08 03:00:00,26.4,0.0,87.0,57.0,5.0
2024-02-08 04:00:00,26.1,0.0,89.0,357.0,3.9
2024-02-08 05:00:00,25.9,0.0,88.9,59.0,5.3
2024-02-08 06:00:00,25.9,0.0,89.1,2.0,3.8
2024-02-08 07:00:00,25.8,0.0,89.2,9.0,6.3
2024-02-08 08:00:00,26.0,0.0,88.8,16.0,2.9
2024-02-08 09:00:00,27.2,0.0,80.3,1.0,6.2
2024-02-08 10:00:00,28.6,0.0,73.0,36.0,5.3
2024-02-08 11:00:00,29.9,0.0,67.9,15.0,5.9
2024-02-08 12:00:00,30.1,0.0,65.6,6.0,5.9
2024-02-08 13:00:00,31.3,0.0,58.5,16.0,5.5
2024-02-08 14:00:00,32.6,0.0,53.6,23.0,5.5
2024-02-08 15:00:00,32.5,0.0,56.5,352.0,4.5
2024-02-08 16:00:00,30.8,0.0,64.9,40.0,7.0
2024-02-08 17:00:00,27.4,0.0,79.5,224.0,8.60001
2024-02-08 18:00:00,25.6,0.0,97.1,120.0,2.3
2024-02-08 19:00:00,27.1,0.0,83.3,104.0,4.4
2024-02-08 20:00:00,27.6,0.0,83.4,54.0,7.3
2024-02-08 21:00:00,27.3,0.0,83.4,54.0,7.5
2024-02-08 22:00:00,27.3,0.0,83.0,57.0,6.4
2024-02-08 23:00:00,27.2,0.0,82.7,52.0,7.9
2024-02-09 00:00:00,26.8,0.0,85.2,58.0,7.6
2024-02-09 01:00:00,26.6,0.0,87.2,29.0,4.3
2024-02-09 02:00:00,26.6,0.0,86.6,53.0,7.1
2024-02-09 03:00:00,26.5,0.0,87.2,53.0,4.8
2024-02-09 04:00:00,26.4,0.0,87.9,51.0,7.5
2024-02-09 05:00:00,26.1,0.0,90.1,34.0,6.3
2024-02-09 06:00:00,26.1,0.0,89.0,39.0,4.5
2024-02-09 07:00:00,25.9,0.0,89.5,22.0,3.5
2024-02-09 08:00:00,26.4,0.0,87.9,40.0,2.3
2024-02-09 09:00:00,26.8,0.0,84.5,6.0,7.7
2024-02-09 10:00:00,28.5,0.0,74.0,14.0,8.7
2024-02-09 11:00:00,29.2,0.0,69.9,13.0,6.8
2024-02-09 12:00:00,30.6,0.0,59.1,55.0,5.2
2024-02-09 13:00:00,30.5,0.0,61.7,10.0,3.8
2024-02-09 14:00:00,29.4,0.0,68.5,50.0,5.0
2024-02-09 15:00:00,29.5,0.0,71.3,12.0,3.6
2024-02-09 16:00:00,26.4,2.6,87.9,112.0,7.0
2024-02-09 17:00:00,25.9,1.2,92.7,204.0,4.0
2024-02-09 18:00:00,25.8,0.0,95.9,175.0,3.7
2024-02-09 19:00:00,27.4,0.0,83.5,108.0,5.3
2024-02-09 20:00:00,27.5,0.0,77.8,53.0,8.3
2024-02-09 21:00:00,26.8,0.0,79.0,39.0,7.9
2024-02-09 22:00:00,26.2,0.0,80.6,22.0,6.7
2024-02-09 23:00:00,25.9,0.0,80.6,20.0,8.0
2024-02-10 00:00:00,25.7,0.0,80.1,11.0,5.9
2024-02-10 01:00:00,25.5,0.0,82.9,16.0,6.6
2024-02-10 02:00:00,25.2,0.0,82.8,8.0,7.3
2024-02-10 03:00:00,25.1,0.0,84.7,12.0,6.5
2024-02-10 04:00:00,24.9,0.0,83.8,14.0,6.1
2024-02-10 05:00:00,24.4,0.0,85.7,345.0,3.8
2024-02-10 06:00:00,24.6,0.0,84.0,11.0,7.1
2024-02-10 07:00:00,24.4,0.0,85.1,357.0,4.0
2024-02-10 08:00:00,24.6,0.0,84.2,352.0,3.4
2024-02-10 09:00:00,26.3,0.0,78.5,348.0,3.4
2024-02-10 10:00:00,27.6,0.0,73.2,11.0,6.8
2024-02-10 11:00:00,28.1,0.0,68.6,46.0,12.2
2024-02-10 12:00:00,29.4,0.0,64.3,23.0,10.1
2024-02-10 13:00:00,30.3,0.0,58.9,45.0,10.9
2024-02-10 14:00:00,30.5,0.0,58.9,44.0,11.3
2024-02-10 15:00:00,31.4,0.0,53.2,62.0,8.60001
2024-02-10 16:00:00,30.5,0.0,58.1,37.0,12.0
2024-02-10 17:00:00,30.8,0.0,56.7,47.0,7.9
2024-02-10 18:00:00,29.8,0.0,60.3,50.0,10.9
2024-02-10 19:00:00,28.9,0.0,67.5,46.0,8.39999
2024-02-10 20:00:00,27.6,0.0,74.6,49.0,9.3
2024-02-10 21:00:00,27.2,0.0,79.5,66.0,5.5
2024-02-10 22:00:00,26.1,0.0,86.9,51.0,6.9
2024-02-10 23:00:00,24.9,0.0,89.7,15.0,7.9
2024-02-11 00:00:00,25.5,0.0,88.7,9.0,4.6
2024-02-11 01:00:00,25.9,0.0,86.9,11.0,7.2
2024-02-11 02:00:00,26.0,0.0,85.6,18.0,7.3
2024-02-11 03:00:00,25.8,0.0,85.5,20.0,5.3
2024-02-11 04:00:00,25.7,0.0,84.6,8.0,6.8
2024-02-11 05:00:00,25.7,0.0,84.9,28.0,4.8
2024-02-11 06:00:00,25.7,0.0,83.9,41.0,5.7
2024-02-11 07:00:00,25.6,0.0,85.2,24.0,5.7
2024-02-11 08:00:00,25.9,0.0,83.6,20.0,3.3
2024-02-11 09:00:00,26.8,0.0,78.4,16.0,5.4
2024-02-11 10:00:00,27.3,0.0,78.1,14.0,6.6
2024-02-11 11:00:00,28.6,0.0,71.6,21.0,10.2
2024-02-11 12:00:00,30.4,0.0,60.4,55.0,9.10001
2024-02-11 13:00:00,29.2,0.0,67.0,14.0,13.4
2024-02-11 14:00:00,30.3,0.0,61.4,45.0,13.1
2024-02-11 15:00:00,30.9,0.0,58.1,52.0,11.2
2024-02-11 16:00:00,30.7,0.0,58.8,28.0,12.6
2024-02-11 17:00:00,29.9,0.0,61.8,45.0,12.6
2024-02-11 18:00:00,28.6,0.0,70.9,27.0,13.1
2024-02-11 19:00:00,27.9,0.0,70.4,20.0,12.3
2024-02-11 20:00:00,27.6,0.0,74.6,21.0,8.60001
2024-02-11 21:00:00,27.0,0.0,76.5,20.0,9.7
2024-02-11 22:00:00,26.9,0.0,78.4,25.0,6.6
2024-02-11 23:00:00,26.9,0.0,79.3,16.0,6.3
2024-02-12 00:00:00,26.9,0.0,79.6,13.0,7.7
2024-02-12 01:00:00,26.4,0.0,81.7,357.0,6.2
2024-02-12 02:00:00,25.9,0.0,83.3,343.0,3.6
2024-02-12 03:00:00,26.1,0.0,82.2,1.0,4.9
2024-02-12 04:00:00,26.5,0.0,80.6,29.0,4.1
2024-02-12 05:00:00,26.4,0.0,79.9,28.0,6.8
2024-02-12 06:00:00,26.3,0.0,80.8,12.0,5.9
2024-02-12 07:00:00,26.3,0.0,80.7,341.0,4.3
2024-02-12 08:00:00,26.3,0.0,81.0,346.0,3.5
2024-02-12 09:00:00,25.2,0.0,89.3,14.0,7.2
2024-02-12 10:00:00,25.8,0.0,84.7,8.0,5.4
2024-02-12 11:00:00,27.0,0.0,79.8,4.0,6.7
2024-02-12 12:00:00,28.3,0.0,74.4,13.0,10.2
2024-02-12 13:00:00,29.3,0.0,67.6,34.0,11.7
2024-02-12 14:00:00,29.0,0.0,67.3,52.0,10.9
2024-02-12 15:00:00,24.5,0.0,92.3,48.0,9.2
2024-02-12 16:00:00,25.1,0.0,91.6,20.0,9.5
2024-02-12 17:00:00,27.0,0.0,82.3,20.0,5.5
2024-02-12 18:00:00,27.1,0.0,78.0,21.0,12.6
2024-02-12 19:00:00,27.0,0.0,76.8,20.0,11.9
2024-02-12 20:00:00,26.4,0.0,80.8,21.0,9.0
2024-02-12 21:00:00,26.1,0.0,83.0,15.0,7.2
2024-02-12 22:00:00,26.1,0.0,83.6,11.0,7.6
2024-02-12 23:00:00,26.3,0.0,83.0,10.0,7.6
2024-02-13 00:00:00,26.1,0.0,84.9,6.0,6.3
2024-02-13 01:00:00,25.9,0.0,85.4,9.0,5.6
2024-02-13 02:00:00,25.1,0.0,91.4,62.0,5.7
2024-02-13 03:00:00,25.2,0.0,90.3,5.0,6.0
2024-02-13 04:00:00,25.5,0.0,87.8,18.0,6.8
2024-02-13 05:00:00,25.6,0.0,86.7,27.0,5.5
2024-02-13 06:00:00,25.6,0.0,85.8,11.0,5.8
2024-02-13 07:00:00,25.7,0.0,83.4,5.0,5.5
2024-02-13 08:00:00,24.4,0.4,92.2,50.0,10.8
2024-02-13 09:00:00,24.8,0.0,91.7,9.0,8.2
2024-02-13 10:00:00,26.1,0.0,85.2,8.0,7.0
2024-02-13 11:00:00,27.7,0.0,78.0,9.0,8.5
2024-02-13 12:00:00,28.8,0.0,73.3,18.0,8.8
2024-02-13 13:00:00,27.3,0.0,82.1,8.0,10.3
2024-02-13 14:00:00,25.8,0.0,93.9,29.0,4.7
2024-02-13 15:00:00,25.5,0.4,92.3,45.0,14.7
2024-02-13 16:00:00,27.4,0.0,81.8,47.0,9.8
2024-02-13 17:00:00,28.3,0.0,74.5,45.0,13.7
2024-02-13 18:00:00,27.8,0.0,76.9,45.0,13.6
2024-02-13 19:00:00,27.6,0.0,79.0,48.0,12.0
2024-02-13 20:00:00,27.2,0.0,81.7,51.0,10.6
2024-02-13 21:00:00,26.9,0.0,83.3,47.0,9.8
2024-02-13 22:00:00,26.8,0.0,83.9,50.0,8.2
2024-02-13 23:00:00,26.6,0.0,86.1,51.0,4.8
2024-02-14 00:00:00,26.4,0.0,86.9,21.0,6.4
2024-02-14 01:00:00,26.4,0.0,88.1,40.0,5.5
2024-02-14 02:00:00,26.3,0.0,88.2,51.0,5.6
2024-02-14 03:00:00,26.1,0.0,89.4,52.0,5.0
2024-02-14 04:00:00,24.4,0.0,92.4,80.0,11.0
2024-02-14 05:00:00,25.2,0.0,89.6,67.0,5.4
2024-02-14 06:00:00,25.6,0.0,90.4,63.0,5.8
2024-02-14 07:00:00,25.7,0.0,90.7,63.0,4.8
2024-02-14 08:00:00,26.2,0.0,89.9,44.0,4.4
2024-02-14 09:00:00,26.9,0.0,86.1,54.0,6.6
2024-02-14 10:00:00,27.1,0.0,86.7,59.0,4.8
2024-02-14 11:00:00,25.7,0.4,93.0,68.0,6.4
2024-02-14 12:00:00,26.6,0.2,89.5,9.0,6.9
2024-02-14 13:00:00,29.3,0.0,71.0,38.0,12.1
2024-02-14 14:00:00,29.7,0.0,69.7,60.0,10.0
2024-02-14 15:00:00,29.3,0.0,73.2,42.0,11.4
2024-02-14 16:00:00,28.8,0.0,74.5,67.0,11.2
2024-02-14 17:00:00,29.2,0.0,69.1,72.0,8.3
2024-02-14 18:00:00,28.3,0.0,74.9,46.0,11.6
2024-02-14 19:00:00,27.4,0.0,80.5,17.0,7.6
2024-02-14 20:00:00,27.1,0.0,84.1,18.0,4.8
2024-02-14 21:00:00,27.2,0.0,83.4,55.0,7.0
2024-02-14 22:00:00,26.7,0.0,87.1,18.0,4.6
2024-02-14 23:00:00,26.8,0.0,,13.0,6.9
2024-02-15 00:00:00,26.8,0.0,,14.0,6.7
2024-02-15 01:00:00,26.7,0.0,,10.0,8.3
2024-02-15 02:00:00,25.7,0.0,,15.0,6.4
2024-02-15 03:00:00,26.1,0.0,,358.0,4.3
2024-02-15 04:00:00,26.2,0.0,,354.0,3.7
2024-02-15 05:00:00,26.1,0.0,,8.0,5.9
2024-02-15 06:00:00,26.1,0.0,,353.0,5.2
2024-02-15 07:00:00,25.8,0.0,,3.0,5.8
2024-02-15 08:00:00,25.8,0.0,,12.0,6.2
2024-02-15 09:00:00,26.0,0.0,,16.0,5.8
2024-02-15 10:00:00,26.5,0.0,,18.0,9.60001
2024-02-15 11:00:00,27.1,0.0,,13.0,8.7
2024-02-15 12:00:00,26.0,0.0,,13.0,5.8
2024-02-15 13:00:00,27.2,0.0,,11.0,4.2
2024-02-15 14:00:00,28.4,0.0,,46.0,10.3
2024-02-15 15:00:00,28.3,0.0,,49.0,9.3
2024-02-15 16:00:00,27.8,0.0,,47.0,13.4
2024-02-15 17:00:00,27.7,0.0,,45.0,13.3
2024-02-15 18:00:00,27.6,0.0,,42.0,9.60001
2024-02-15 19:00:00,27.4,0.0,,21.0,7.7
2024-02-15 20:00:00,27.0,0.0,,19.0,10.8
2024-02-15 21:00:00,26.9,0.0,,18.0,9.7
2024-02-15 22:00:00,26.7,0.0,,17.0,6.6
2024-02-15 23:00:00,26.6,0.0,,50.0,6.1
2024-02-16 00:00:00,26.6,0.0,,47.0,7.8
2024-02-16 01:00:00,26.2,0.0,,19.0,5.2
2024-02-16 02:00:00,26.3,0.0,,28.0,4.5
2024-02-16 03:00:00,26.3,0.0,,20.0,3.8
2024-02-16 04:00:00,26.2,0.0,87.4,13.0,6.9
2024-02-16 05:00:00,26.2,0.0,,53.0,5.0
2024-02-16 06:00:00,26.2,0.0,,50.0,5.5
2024-02-16 07:00:00,25.9,0.0,,28.0,3.8
2024-02-16 08:00:00,26.0,0.0,,16.0,4.4
2024-02-16 09:00:00,27.3,0.0,,49.0,8.7
2024-02-16 10:00:00,27.6,0.0,,59.0,9.5
2024-02-16 11:00:00,29.2,0.0,,22.0,8.2
2024-02-16 12:00:00,29.2,0.0,,46.0,9.39999
2024-02-16 13:00:00,29.7,0.0,,47.0,9.10001
2024-02-16 14:00:00,29.5,0.0,,43.0,10.2
2024-02-16 15:00:00,29.6,0.0,,46.0,15.5
2024-02-16 16:00:00,29.5,0.0,,47.0,12.3
2024-02-16 17:00:00,29.1,0.0,,48.0,17.1
2024-02-16 18:00:00,29.1,0.0,,45.0,8.39999
2024-02-16 19:00:00,28.0,0.0,72.6,40.0,14.7
2024-02-16 20:00:00,26.4,0.0,,49.0,9.39999
2024-02-16 21:00:00,26.3,0.0,,34.0,7.3
2024-02-16 22:00:00,26.3,0.0,,41.0,8.8
2024-02-16 23:00:00,26.2,0.0,,29.0,4.9
2024-02-17 00:00:00,26.0,0.0,,12.0,6.5
2024-02-17 01:00:00,26.1,0.0,,45.0,2.7
2024-02-17 02:00:00,25.9,0.0,,20.0,2.9
2024-02-17 03:00:00,25.9,0.0,,26.0,3.1
2024-02-17 04:00:00,26.0,0.0,,58.0,4.5
2024-02-17 05:00:00,26.0,0.0,,58.0,5.3
2024-02-17 06:00:00,25.4,0.0,,16.0,4.1
2024-02-17 07:00:00,25.4,0.0,,10.0,5.4
2024-02-17 08:00:00,25.6,0.0,,11.0,3.8
2024-02-17 09:00:00,26.2,0.0,,349.0,4.7
2024-02-17 10:00:00,28.4,0.0,,58.0,5.3
2024-02-17 11:00:00,28.6,0.0,,44.0,10.8
2024-02-17 12:00:00,30.2,0.0,,41.0,10.5
2024-02-17 13:00:00,29.5,0.0,,63.0,9.39999
2024-02-17 14:00:00,28.0,0.0,,16.0,9.5
2024-02-17 15:00:00,28.1,0.0,,43.0,13.1
2024-02-17 16:00:00,29.6,0.0,,53.0,10.6
2024-02-17 17:00:00,28.7,0.0,,42.0,9.0
2024-02-17 18:00:00,28.3,0.0,,34.0,7.9
2024-02-17 19:00:00,27.9,0.0,,34.0,6.0
2024-02-17 20:00:00,27.3,0.0,,48.0,8.39999
2024-02-17 21:00:00,26.9,0.0,,51.0,8.7
2024-02-17 22:00:00,26.7,0.0,,54.0,7.9
2024-02-17 23:00:00,26.5,0.0,,50.0,8.5
2024-02-18 00:00:00,26.3,0.0,,46.0,7.6
2024-02-18 01:00:00,26.2,0.0,,48.0,6.2
2024-02-18 02:00:00,26.0,0.0,,48.0,7.2
2024-02-18 03:00:00,25.9,0.0,,56.0,8.0
2024-02-18 04:00:00,25.9,0.0,,51.0,6.4
2024-02-18 05:00:00,25.7,0.0,,45.0,5.7
2024-02-18 06:00:00,25.6,0.0,,52.0,4.2
2024-02-18 07:00:00,25.5,0.0,,36.0,3.2
2024-02-18 08:00:00,25.7,0.0,,17.0,3.2
2024-02-18 09:00:00,27.0,0.0,,8.0,4.7
2024-02-18 10:00:00,29.0,0.0,,36.0,4.6
2024-02-18 11:00:00,28.7,0.0,,44.0,9.8
2024-02-18 12:00:00,30.7,0.0,,57.0,7.3
2024-02-18 13:00:00,31.4,0.0,,24.0,7.6
2024-02-18 14:00:00,30.7,0.0,,62.0,8.89999
2024-02-18 15:00:00,31.1,0.0,,45.0,9.2
2024-02-18 16:00:00,30.7,0.0,,44.0,9.0
2024-02-18 17:00:00,30.3,0.0,,65.0,6.9
2024-02-18 18:00:00,29.5,0.0,,41.0,10.1
2024-02-18 19:00:00,28.6,0.0,,56.0,7.5
2024-02-18 20:00:00,28.0,0.0,,54.0,5.9
2024-02-18 21:00:00,27.3,0.0,,55.0,8.8
2024-02-18 22:00:00,27.0,0.0,,47.0,7.6
2024-02-18 23:00:00,26.9,0.0,,51.0,7.4
2024-02-19 00:00:00,26.7,0.0,,59.0,6.1
2024-02-19 01:00:00,26.5,0.0,,57.0,6.9
2024-02-19 02:00:00,26.3,0.0,,52.0,7.2
2024-02-19 03:00:00,26.1,0.0,,36.0,3.7
2024-02-19 04:00:00,25.8,0.0,,43.0,3.6
2024-02-19 05:00:00,25.9,0.0,,59.0,5.8
2024-02-19 06:00:00,25.9,0.0,,46.0,4.3
2024-02-19 07:00:00,25.8,0.0,,36.0,4.3
2024-02-19 08:00:00,26.3,0.0,,34.0,4.2
2024-02-19 09:00:00,27.6,0.0,,48.0,6.9
2024-02-19 10:00:00,28.8,0.0,,62.0,6.5
2024-02-19 11:00:00,29.1,0.0,,55.0,7.4
2024-02-19 12:00:00,29.9,0.0,,44.0,11.1
2024-02-19 13:00:00,31.0,0.0,,49.0,7.6
2024-02-19 14:00:00,31.4,0.0,,65.0,8.89999
2024-02-19 15:00:00,31.1,0.0,,51.0,8.8
2024-02-19 16:00:00,31.4,0.0,,70.0,8.60001
2024-02-19 17:00:00,30.3,0.0,,55.0,9.39999
2024-02-19 18:00:00,29.9,0.0,,58.0,10.3
2024-02-19 19:00:00,29.1,0.0,,47.0,9.60001
2024-02-19 20:00:00,28.3,0.0,,71.0,6.4
2024-02-19 21:00:00,27.7,0.0,,44.0,7.8
2024-02-19 22:00:00,27.3,0.0,,42.0,7.7
2024-02-19 23:00:00,27.2,0.0,,56.0,4.6
2024-02-20 00:00:00,27.0,0.0,,55.0,4.1
2024-02-20 01:00:00,26.6,0.0,,20.0,4.8
2024-02-20 02:00:00,26.8,0.0,,47.0,6.0
2024-02-20 03:00:00,26.5,0.0,,31.0,3.2
2024-02-20 04:00:00,26.4,0.0,,47.0,6.9
2024-02-20 05:00:00,26.2,0.0,,52.0,7.2
2024-02-20 06:00:00,26.2,0.0,88.5,57.0,6.5
2024-02-20 07:00:00,25.9,0.0,,20.0,5.4
2024-02-20 08:00:00,26.4,0.0,,18.0,7.0
2024-02-20 09:00:00,27.7,0.0,,20.0,5.7
2024-02-20 10:00:00,28.1,0.0,,17.0,6.7
2024-02-20 11:00:00,29.1,0.0,71.9,3.0,7.7
2024-02-20 12:00:00,30.3,0.0,65.4,59.0,8.3
2024-02-20 13:00:00,32.0,0.0,,49.0,7.1
2024-02-20 14:00:00,32.5,0.0,57.7,59.0,5.9
2024-02-20 15:00:00,31.9,0.0,,342.0,3.9
2024-02-20 16:00:00,31.3,0.0,,204.0,3.3
2024-02-20 17:00:00,30.7,0.0,,209.0,3.5
2024-02-20 18:00:00,26.0,0.2,95.4,197.0,2.1
2024-02-20 19:00:00,28.5,0.0,99.1,62.0,7.0
2024-02-21 09:00:00,28.2,0.0,79.9,29.0,2.5
2024-02-21 10:00:00,28.8,0.0,74.3,1.0,4.6
2024-02-21 11:00:00,29.6,0.0,69.2,4.0,3.3
2024-02-21 12:00:00,30.5,0.0,65.6,328.0,3.3
2024-02-21 13:00:00,32.1,0.0,,342.0,1.8
2024-02-21 14:00:00,32.6,0.0,,343.0,3.8
2024-02-21 15:00:00,33.4,0.0,77.3,302.0,3.7
2024-02-21 16:00:00,32.1,0.0,61.9,208.0,3.9
2024-02-21 17:00:00,24.1,1.4,,256.0,8.89999
2024-02-21 18:00:00,25.2,0.0,,162.0,1.6
2024-02-21 19:00:00,27.7,0.0,,67.0,4.2
2024-02-21 20:00:00,27.6,0.0,,58.0,6.8
2024-02-21 21:00:00,27.3,0.0,,68.0,7.1
2024-02-21 22:00:00,27.1,0.0,,50.0,7.8
2024-02-21 23:00:00,27.0,0.0,,56.0,6.6
2024-02-22 00:00:00,26.9,0.0,,49.0,5.7
2024-02-22 01:00:00,26.6,0.0,,58.0,6.9
2024-02-22 02:00:00,26.5,0.0,,48.0,6.0
2024-02-22 03:00:00,26.2,0.0,,49.0,6.2
2024-02-22 04:00:00,26.0,0.0,,34.0,4.6
2024-02-22 05:00:00,26.0,0.0,,54.0,4.7
2024-02-22 06:00:00,26.1,0.0,,53.0,6.2
2024-02-22 07:00:00,26.1,0.0,,74.0,5.4
2024-02-22 08:00:00,26.6,0.0,,95.0,4.4
2024-02-22 09:00:00,27.7,0.0,,76.0,5.6
2024-02-22 10:00:00,29.6,0.0,,32.0,4.0
2024-02-22 11:00:00,30.7,0.0,,27.0,3.2
2024-02-22 12:00:00,31.6,0.0,,246.0,4.2
2024-02-22 13:00:00,32.8,0.0,,277.0,2.3
2024-02-22 14:00:00,33.2,0.0,,306.0,3.0
2024-02-22 15:00:00,32.4,0.0,,205.0,3.5
2024-02-22 16:00:00,28.4,0.0,,66.0,6.4
2024-02-22 17:00:00,29.4,0.0,,54.0,4.8
2024-02-22 18:00:00,29.0,0.0,,73.0,2.0
2024-02-22 19:00:00,28.4,0.0,,79.0,8.60001
2024-02-22 20:00:00,27.8,0.0,,56.0,5.9
2024-02-22 21:00:00,27.4,0.0,,48.0,7.6
2024-02-22 22:00:00,27.1,0.0,,52.0,7.7
2024-02-22 23:00:00,26.9,0.0,,57.0,8.0
2024-02-23 00:00:00,26.9,0.0,,49.0,7.9
2024-02-23 01:00:00,26.7,0.0,,52.0,6.6
2024-02-23 02:00:00,26.5,0.0,,52.0,4.5
2024-02-23 03:00:00,26.3,0.0,,51.0,4.1
2024-02-23 04:00:00,26.0,0.0,,41.0,3.1
2024-02-23 05:00:00,25.8,0.0,,25.0,3.0
2024-02-23 06:00:00,26.0,0.0,,54.0,6.7
2024-02-23 07:00:00,26.1,0.0,,20.0,4.6
2024-02-23 08:00:00,26.3,0.0,,49.0,3.5
2024-02-23 09:00:00,27.2,0.0,,53.0,6.1
2024-02-23 10:00:00,28.5,0.0,,40.0,8.8
2024-02-23 11:00:00,29.5,0.0,,56.0,7.3
2024-02-23 12:00:00,31.2,0.0,,45.0,7.3
2024-02-23 13:00:00,30.2,0.0,,12.0,8.5
2024-02-23 14:00:00,30.8,0.0,,45.0,9.2
2024-02-23 15:00:00,31.1,0.0,,53.0,5.2
2024-02-23 16:00:00,31.0,0.0,,54.0,9.2
2024-02-23 17:00:00,30.0,0.0,,73.0,9.0
2024-02-23 18:00:00,29.0,0.0,,60.0,8.3
2024-02-23 19:00:00,28.3,0.0,,53.0,9.2
2024-02-23 20:00:00,27.8,0.0,,53.0,8.5
2024-02-23 21:00:00,27.4,0.0,,43.0,8.89999
2024-02-23 22:00:00,27.1,0.0,,51.0,7.8
2024-02-23 23:00:00,27.0,0.0,,51.0,7.5
2024-02-24 00:00:00,26.8,0.0,,45.0,10.3
2024-02-24 01:00:00,26.6,0.0,,23.0,2.1
2024-02-24 02:00:00,26.6,0.0,,45.0,5.1
2024-02-24 03:00:00,26.5,0.0,,43.0,6.2
2024-02-24 04:00:00,26.3,0.0,,48.0,4.3
2024-02-24 05:00:00,26.1,0.0,,33.0,5.0
2024-02-24 06:00:00,26.1,0.0,,21.0,4.5
2024-02-24 07:00:00,26.0,0.0,,32.0,3.2
2024-02-24 08:00:00,26.4,0.0,,55.0,2.4
2024-02-24 09:00:00,26.7,0.0,,54.0,8.39999
2024-02-24 10:00:00,27.9,0.0,,16.0,11.3
2024-02-24 11:00:00,29.5,0.0,,14.0,9.0
2024-02-24 12:00:00,30.2,0.0,,43.0,8.39999
2024-02-24 13:00:00,30.1,0.0,,21.0,4.6
2024-02-24 14:00:00,29.8,0.0,,59.0,4.8
2024-02-24 15:00:00,30.5,0.0,,44.0,6.6
2024-02-24 16:00:00,30.2,0.0,,58.0,8.39999
2024-02-24 17:00:00,30.2,0.0,,47.0,9.5
2024-02-24 18:00:00,29.1,0.0,,56.0,9.8
2024-02-24 19:00:00,28.5,0.0,,48.0,9.5
2024-02-24 20:00:00,27.8,0.0,,58.0,8.0
2024-02-24 21:00:00,27.3,0.0,,45.0,5.1
2024-02-24 22:00:00,27.0,0.0,,45.0,8.10001
2024-02-24 23:00:00,26.7,0.0,,51.0,8.5
2024-02-25 00:00:00,26.5,0.0,,50.0,5.8
2024-02-25 01:00:00,26.4,0.0,,50.0,7.0
2024-02-25 02:00:00,26.2,0.0,,46.0,6.3
2024-02-25 03:00:00,25.9,0.0,,53.0,6.9
2024-02-25 04:00:00,25.9,0.0,,49.0,4.5
2024-02-25 05:00:00,25.7,0.0,,43.0,7.8
2024-02-25 06:00:00,25.7,0.0,,49.0,4.3
2024-02-25 07:00:00,25.6,0.0,,44.0,5.9
2024-02-25 08:00:00,26.1,0.0,,43.0,3.1
2024-02-25 09:00:00,27.5,0.0,,22.0,6.5
2024-02-25 10:00:00,28.5,0.0,,46.0,9.39999
2024-02-25 11:00:00,29.4,0.0,,44.0,8.8
2024-02-25 12:00:00,30.6,0.0,,46.0,7.6
2024-02-25 13:00:00,32.0,0.0,,41.0,7.6
2024-02-25 14:00:00,32.3,0.0,,24.0,8.2
2024-02-25 15:00:00,32.1,0.0,,53.0,10.9
2024-02-25 16:00:00,31.8,0.0,,52.0,9.89999
2024-02-25 17:00:00,31.2,0.0,,54.0,11.2
2024-02-25 18:00:00,30.3,0.0,,72.0,11.4
2024-02-25 19:00:00,29.3,0.0,,43.0,10.0
2024-02-25 20:00:00,28.3,0.0,,53.0,7.7
2024-02-25 21:00:00,27.7,0.0,,55.0,9.3
2024-02-25 22:00:00,27.5,0.0,,51.0,9.39999
2024-02-25 23:00:00,27.3,0.0,,54.0,8.10001
2024-02-26 00:00:00,27.2,0.0,,48.0,9.0
2024-02-26 01:00:00,26.9,0.0,,46.0,8.60001
2024-02-26 02:00:00,26.7,0.0,,45.0,4.3
2024-02-26 03:00:00,26.3,0.0,,27.0,4.6
2024-02-26 04:00:00,26.3,0.0,,49.0,7.1
2024-02-26 05:00:00,26.1,0.0,,52.0,5.3
2024-02-26 06:00:00,26.1,0.0,,47.0,8.7
2024-02-26 07:00:00,26.1,0.0,,58.0,6.5
2024-02-26 08:00:00,26.5,0.0,,56.0,8.3
2024-02-26 09:00:00,27.7,0.0,,53.0,9.0
2024-02-26 10:00:00,28.6,0.0,,50.0,10.9
2024-02-26 11:00:00,29.1,0.0,,45.0,12.8
2024-02-26 12:00:00,30.6,0.0,,43.0,10.9
2024-02-26 13:00:00,30.8,0.0,,51.0,11.1
2024-02-26 14:00:00,31.0,0.0,,43.0,12.7
2024-02-26 15:00:00,32.0,0.0,,26.0,8.60001
2024-02-26 16:00:00,30.6,0.0,,45.0,13.3
2024-02-26 17:00:00,30.2,0.0,,63.0,9.8
2024-02-26 18:00:00,29.8,0.0,,53.0,8.39999
2024-02-26 19:00:00,29.0,0.0,,43.0,10.8
2024-02-26 20:00:00,28.0,0.0,,51.0,10.2
2024-02-26 21:00:00,27.7,0.0,,52.0,9.39999
2024-02-26 22:00:00,27.4,0.0,,56.0,7.1
2024-02-26 23:00:00,27.2,0.0,,48.0,6.0
2024-02-27 00:00:00,27.2,0.0,,44.0,6.9
2024-02-27 01:00:00,26.7,0.0,,16.0,4.6
2024-02-27 02:00:00,26.6,0.0,,16.0,4.3
2024-02-27 03:00:00,26.6,0.0,,12.0,6.8
2024-02-27 04:00:00,26.7,0.0,,43.0,6.7
2024-02-27 05:00:00,26.6,0.0,,44.0,7.5
2024-02-27 06:00:00,26.7,0.0,,52.0,7.2
2024-02-27 07:00:00,26.5,0.0,,12.0,5.2
2024-02-27 08:00:00,26.6,0.0,,17.0,5.8
2024-02-27 09:00:00,27.1,0.0,,11.0,7.8
2024-02-27 10:00:00,28.0,0.0,,15.0,8.8
2024-02-27 11:00:00,28.3,0.0,,38.0,6.9
2024-02-27 12:00:00,28.7,0.0,,33.0,6.8
2024-02-27 13:00:00,28.8,0.0,,60.0,5.9
2024-02-27 14:00:00,29.8,0.0,,18.0,6.3
2024-02-27 15:00:00,30.1,0.0,,36.0,8.60001
2024-02-27 16:00:00,28.8,0.0,,48.0,7.9
2024-02-27 17:00:00,29.2,0.0,,1.0,9.5
2024-02-27 18:00:00,28.8,0.0,,22.0,9.7
2024-02-27 19:00:00,28.4,0.0,,36.0,8.5
2024-02-27 20:00:00,27.8,0.0,,34.0,7.6
2024-02-27 21:00:00,27.3,0.0,,42.0,7.4
2024-02-27 22:00:00,27.0,0.0,,36.0,8.0
2024-02-27 23:00:00,26.8,0.0,,47.0,6.8
2024-02-28 00:00:00,26.6,0.0,,36.0,5.3
2024-02-28 01:00:00,26.5,0.0,,58.0,7.5
2024-02-28 02:00:00,26.6,0.0,,46.0,6.6
2024-02-28 03:00:00,26.2,0.0,,18.0,5.5
2024-02-28 04:00:00,26.4,0.0,,32.0,7.0
2024-02-28 05:00:00,26.2,0.0,,15.0,6.9
2024-02-28 06:00:00,26.5,0.0,,39.0,7.3
2024-02-28 07:00:00,26.2,0.0,,49.0,8.0
2024-02-28 08:00:00,26.7,0.0,,50.0,8.5
2024-02-28 09:00:00,27.5,0.0,,52.0,10.7
2024-02-28 10:00:00,28.4,0.0,,44.0,10.8
2024-02-28 11:00:00,29.7,0.0,,44.0,13.1
2024-02-28 12:00:00,29.2,0.0,,50.0,11.8
2024-02-28 13:00:00,29.6,0.0,,44.0,11.9
2024-02-28 14:00:00,30.2,0.0,,45.0,12.3
2024-02-28 15:00:00,31.2,0.0,,19.0,12.2
2024-02-28 16:00:00,30.9,0.0,,40.0,11.0
2024-02-28 17:00:00,30.8,0.0,,41.0,10.0
2024-02-28 18:00:00,29.9,0.0,,42.0,10.7
2024-02-28 19:00:00,29.0,0.0,,45.0,10.9
2024-02-28 20:00:00,28.3,0.0,,51.0,7.1
2024-02-28 21:00:00,27.5,0.0,,55.0,7.2
2024-02-28 22:00:00,27.3,0.0,,43.0,6.1
2024-02-28 23:00:00,26.9,0.0,,15.0,7.4
2024-02-29 00:00:00,26.7,0.0,,14.0,5.4
2024-02-29 01:00:00,26.5,0.0,,20.0,5.9
2024-02-29 02:00:00,26.2,0.0,,19.0,6.4
2024-02-29 03:00:00,26.1,0.0,,25.0,7.1
2024-02-29 04:00:00,26.0,0.0,,24.0,7.2
2024-02-29 05:00:00,25.7,0.0,,20.0,5.2
2024-02-29 06:00:00,25.9,0.0,,28.0,3.8
2024-02-29 07:00:00,25.7,0.0,,21.0,4.6
2024-02-29 08:00:00,26.2,0.0,,13.0,3.9
2024-02-29 09:00:00,27.1,0.0,,10.0,6.8
2024-02-29 10:00:00,28.7,0.0,,15.0,11.7
2024-02-29 11:00:00,30.1,0.0,,46.0,11.6
2024-02-29 12:00:00,30.9,0.0,,18.0,9.7
2024-02-29 13:00:00,31.8,0.0,,48.0,7.7
2024-02-29 14:00:00,31.6,0.0,,26.0,8.60001
2024-02-29 15:00:00,32.6,0.0,,69.0,8.3
2024-02-29 16:00:00,32.5,0.0,,47.0,9.0
2024-02-29 17:00:00,32.4,0.0,,38.0,10.2
2024-02-29 18:00:00,31.1,0.0,,39.0,10.4
2024-02-29 19:00:00,30.2,0.0,,39.0,9.2
2024-02-29 20:00:00,29.0,0.0,,51.0,9.2
2024-02-29 21:00:00,28.2,0.0,,47.0,7.9
2024-02-29 22:00:00,27.9,0.0,,21.0,7.8
2024-02-29 23:00:00,27.7,0.0,,22.0,7.7
2024-03-01 00:00:00,27.0,0.0,,21.0,6.2
2024-03-01 01:00:00,27.0,0.0,,45.0,6.9
2024-03-01 02:00:00,26.9,0.0,,55.0,5.7
2024-03-01 03:00:00,26.9,0.0,,51.0,4.6
2024-03-01 04:00:00,26.8,0.0,,31.0,3.1
2024-03-01 05:00:00,26.8,0.0,,24.0,4.2
2024-03-01 06:00:00,26.8,0.0,,11.0,6.5
2024-03-01 07:00:00,26.8,0.0,,6.0,5.3
2024-03-01 08:00:00,26.9,0.0,,9.0,5.7
2024-03-01 09:00:00,28.1,0.0,,20.0,4.5
2024-03-01 10:00:00,29.4,0.0,,25.0,6.1
2024-03-01 11:00:00,29.8,0.0,,30.0,8.5
2024-03-01 12:00:00,31.0,0.0,,16.0,7.4
2024-03-01 13:00:00,31.0,0.0,,67.0,7.0
2024-03-01 14:00:00,30.3,0.0,,53.0,8.2
2024-03-01 15:00:00,30.8,0.0,,61.0,5.4
2024-03-01 16:00:00,30.2,0.0,,42.0,16.2
2024-03-01 17:00:00,29.7,0.0,,51.0,9.5
2024-03-01 18:00:00,28.9,0.0,,40.0,9.5
2024-03-01 19:00:00,28.8,0.0,,26.0,6.9
2024-03-01 20:00:00,28.2,0.0,,18.0,9.7
2024-03-01 21:00:00,28.0,0.0,,22.0,6.1
2024-03-01 22:00:00,27.9,0.0,,38.0,6.5
2024-03-01 23:00:00,27.5,0.0,,11.0,8.7
2024-03-02 00:00:00,27.3,0.0,,12.0,6.2
2024-03-02 01:00:00,27.3,0.0,,19.0,4.6
2024-03-02 02:00:00,27.0,0.0,,3.0,5.4
2024-03-02 03:00:00,26.8,0.0,,11.0,6.9
2024-03-02 04:00:00,26.5,0.0,,13.0,6.3
2024-03-02 05:00:00,26.6,0.0,,8.0,6.3
2024-03-02 06:00:00,26.6,0.0,,9.0,6.4
2024-03-02 07:00:00,26.7,0.0,,7.0,5.1
2024-03-02 08:00:00,26.7,0.0,,352.0,4.0
2024-03-02 09:00:00,27.6,0.0,,8.0,5.3
2024-03-02 10:00:00,28.6,0.0,,10.0,6.5
2024-03-02 11:00:00,29.9,0.0,,18.0,5.8
2024-03-02 12:00:00,29.9,0.0,,350.0,5.4
2024-03-02 13:00:00,31.6,0.0,,7.0,6.2
2024-03-02 14:00:00,27.7,0.0,,16.0,13.7
2024-03-02 15:00:00,30.4,0.0,,39.0,4.7
2024-03-02 16:00:00,27.9,0.0,,354.0,5.8
2024-03-02 17:00:00,28.0,0.2,,348.0,5.3
2024-03-02 18:00:00,28.6,0.0,,22.0,6.7
2024-03-02 19:00:00,28.1,0.0,,20.0,7.1
2024-03-02 20:00:00,27.5,0.0,,12.0,6.1
2024-03-02 21:00:00,27.0,0.0,,28.0,7.8
2024-03-02 22:00:00,26.4,0.0,,24.0,6.3
2024-03-02 23:00:00,26.5,0.0,,34.0,4.5
2024-03-03 00:00:00,26.6,0.0,,41.0,5.5
2024-03-03 01:00:00,26.5,0.0,,38.0,5.2
2024-03-03 02:00:00,26.4,0.0,,52.0,7.1
2024-03-03 03:00:00,26.5,0.0,,49.0,6.8
2024-03-03 04:00:00,26.5,0.0,,65.0,7.6
2024-03-03 05:00:00,25.8,0.4,,107.0,8.0
2024-03-03 06:00:00,25.3,0.8,,48.0,9.10001
2024-03-03 07:00:00,24.4,1.2,,62.0,8.0
2024-03-03 08:00:00,25.4,0.0,,51.0,5.2
2024-03-03 09:00:00,25.0,0.4,,35.0,9.3
2024-03-03 10:00:00,24.7,0.0,,41.0,10.2
2024-03-03 11:00:00,25.0,0.0,,47.0,5.3
2024-03-03 12:00:00,25.9,0.0,,46.0,11.3
2024-03-03 13:00:00,26.4,0.0,,31.0,4.4
2024-03-03 14:00:00,27.5,0.0,,11.0,7.9
2024-03-03 15:00:00,27.9,0.0,,50.0,10.4
2024-03-03 16:00:00,28.3,0.0,,346.0,5.3
2024-03-03 17:00:00,25.9,0.0,,331.0,5.8
2024-03-03 18:00:00,27.0,0.0,,356.0,5.0
2024-03-03 19:00:00,27.2,0.0,,56.0,3.8
2024-03-03 20:00:00,27.0,0.0,,52.0,6.5
2024-03-03 21:00:00,27.0,0.0,,54.0,7.6
2024-03-03 22:00:00,26.8,0.0,,38.0,5.0
2024-03-03 23:00:00,26.5,0.0,,14.0,2.5
2024-03-04 00:00:00,26.7,0.0,,32.0,4.3
2024-03-04 01:00:00,26.6,0.0,,17.0,3.7
2024-03-04 02:00:00,26.4,0.0,,46.0,3.7
2024-03-04 03:00:00,26.3,0.0,,20.0,5.9
2024-03-04 04:00:00,26.0,0.0,,15.0,4.9
2024-03-04 05:00:00,26.1,0.0,,26.0,4.9
2024-03-04 06:00:00,26.1,0.0,,1.0,6.0
2024-03-04 07:00:00,25.9,0.0,,27.0,3.2
2024-03-04 08:00:00,26.0,0.0,,10.0,4.3
2024-03-04 09:00:00,26.9,0.0,,1.0,3.3
2024-03-04 10:00:00,28.3,0.0,,7.0,8.39999
2024-03-04 11:00:00,29.0,0.0,,52.0,5.8
2024-03-04 12:00:00,29.3,0.0,,35.0,10.9
2024-03-04 13:00:00,30.0,0.0,,52.0,6.6
2024-03-04 14:00:00,29.9,0.0,,36.0,6.3
2024-03-04 15:00:00,28.1,0.2,,24.0,5.5
2024-03-04 16:00:00,30.5,0.0,,41.0,9.3
2024-03-04 17:00:00,29.8,0.0,,56.0,7.0
2024-03-04 18:00:00,26.5,3.4,,235.0,3.3
2024-03-04 19:00:00,26.2,0.0,,244.0,2.3
2024-03-04 20:00:00,26.2,0.0,,284.0,5.5
2024-03-04 21:00:00,25.8,0.0,,289.0,2.2
2024-03-04 22:00:00,25.8,0.0,,227.0,4.2
2024-03-04 23:00:00,26.3,0.0,,204.0,1.9
2024-03-05 00:00:00,25.8,0.0,,195.0,5.1
2024-03-05 01:00:00,24.9,1.0,,77.0,2.7
2024-03-05 02:00:00,25.2,0.0,,69.0,2.6
2024-03-05 03:00:00,25.5,0.0,,51.0,2.7
2024-03-05 04:00:00,25.6,0.0,,29.0,2.3
2024-03-05 05:00:00,25.7,0.0,,59.0,4.1
2024-03-05 06:00:00,25.7,0.0,,1.0,1.7
2024-03-05 07:00:00,25.7,0.0,,9.0,3.2
2024-03-05 08:00:00,25.9,0.0,,8.0,2.3
2024-03-05 09:00:00,27.6,0.0,,50.0,2.3
2024-03-05 10:00:00,27.5,0.0,,2.0,3.5
2024-03-05 11:00:00,30.0,0.0,,9.0,3.3
2024-03-05 12:00:00,31.3,0.0,,21.0,3.3
2024-03-05 13:00:00,30.2,0.0,,110.0,3.8
2024-03-05 14:00:00,27.6,0.0,,16.0,5.0
2024-03-05 15:00:00,27.2,0.0,,32.0,7.6
2024-03-05 16:00:00,25.0,0.0,,79.0,4.3
2024-03-05 17:00:00,25.4,0.0,,65.0,2.6
2024-03-05 18:00:00,25.3,0.0,,17.0,3.0
2024-03-05 19:00:00,24.9,0.0,,4.0,4.8
2024-03-05 20:00:00,25.0,0.0,,339.0,3.2
2024-03-05 21:00:00,25.0,0.0,,58.0,4.3
2024-03-05 22:00:00,25.0,0.0,,70.0,1.0
2024-03-05 23:00:00,25.1,0.0,,321.0,2.1
2024-03-06 00:00:00,25.2,0.0,,104.0,1.2
2024-03-06 01:00:00,25.7,0.0,,86.0,1.5
2024-03-06 02:00:00,25.5,0.0,,317.0,1.2
2024-03-06 03:00:00,25.5,0.0,,309.0,2.1
2024-03-06 04:00:00,25.3,0.0,,259.0,1.8
2024-03-06 05:00:00,25.2,0.0,,304.0,2.4
2024-03-06 06:00:00,25.6,0.0,,289.0,3.6
2024-03-06 07:00:00,25.4,0.0,,292.0,3.4
2024-03-06 08:00:00,25.4,0.0,,348.0,1.3
2024-03-06 09:00:00,25.9,0.0,,12.0,3.6
2024-03-06 10:00:00,27.9,0.0,,15.0,5.7
2024-03-06 11:00:00,29.9,0.0,,7.0,5.4
2024-03-06 12:00:00,31.0,0.0,,337.0,5.1
2024-03-06 13:00:00,32.5,0.0,,211.0,1.1
2024-03-06 14:00:00,33.3,0.0,,213.0,2.2
2024-03-06 15:00:00,29.3,0.6,,149.0,4.9
2024-03-06 16:00:00,24.0,6.8,,292.0,6.8
2024-03-06 17:00:00,24.0,0.0,,239.0,5.7
2024-03-06 18:00:00,25.2,0.0,,264.0,1.1
2024-03-06 19:00:00,26.4,0.0,,55.0,0.7
2024-03-06 20:00:00,25.9,0.0,,24.0,3.0
2024-03-06 21:00:00,26.0,0.0,,14.0,2.4
2024-03-06 22:00:00,26.0,0.0,,117.0,1.5
2024-03-06 23:00:00,26.8,0.0,,88.0,3.6
2024-03-07 00:00:00,26.3,0.0,,354.0,1.1
2024-03-07 01:00:00,26.1,0.0,,258.0,1.9
2024-03-07 02:00:00,26.4,0.0,,96.0,1.0
2024-03-07 03:00:00,25.7,0.0,,290.0,1.9
2024-03-07 04:00:00,25.4,0.0,,254.0,0.8
2024-03-07 05:00:00,25.5,0.0,,24.0,4.1
2024-03-07 06:00:00,25.6,0.0,,329.0,2.1
2024-03-07 07:00:00,25.6,0.0,,355.0,1.4
2024-03-07 08:00:00,25.9,0.0,,9.0,2.7
2024-03-07 09:00:00,27.7,0.0,,337.0,2.3
2024-03-07 10:00:00,30.0,0.0,,87.0,2.6
2024-03-07 11:00:00,29.2,0.0,,358.0,5.9
2024-03-07 12:00:00,31.6,0.0,,14.0,4.2
2024-03-07 13:00:00,32.5,0.0,,353.0,4.0
2024-03-07 14:00:00,32.8,0.0,,1.0,2.8
2024-03-07 15:00:00,28.0,0.0,,93.0,9.0
2024-03-07 16:00:00,28.3,0.0,,14.0,6.1
2024-03-07 17:00:00,28.9,0.0,,11.0,4.2
2024-03-07 18:00:00,28.2,0.0,,200.0,2.0
2024-03-07 19:00:00,27.4,0.0,,183.0,2.3
2024-03-07 20:00:00,26.9,0.0,,163.0,2.1
2024-03-07 21:00:00,27.4,0.0,,345.0,1.1
2024-03-07 22:00:00,27.8,0.0,,73.0,4.6
2024-03-07 23:00:00,27.7,0.0,,74.0,3.7
2024-03-08 00:00:00,27.6,0.0,,21.0,3.0
2024-03-08 01:00:00,27.4,0.0,,28.0,3.6
2024-03-08 02:00:00,27.0,0.0,,11.0,4.7
2024-03-08 03:00:00,26.8,0.0,,2.0,5.0
2024-03-08 04:00:00,26.6,0.0,,349.0,3.9
2024-03-08 05:00:00,26.5,0.0,,2.0,4.7
2024-03-08 06:00:00,26.3,0.0,,14.0,1.0
2024-03-08 07:00:00,26.4,0.0,,298.0,3.8
2024-03-08 08:00:00,26.6,0.0,,295.0,3.6
2024-03-08 09:00:00,27.0,0.0,,291.0,3.3
2024-03-08 10:00:00,27.7,0.0,,278.0,2.8
2024-03-08 11:00:00,27.8,0.0,,260.0,6.5
2024-03-08 12:00:00,29.1,0.0,,306.0,3.9
2024-03-08 13:00:00,29.5,0.0,,306.0,4.9
2024-03-08 14:00:00,29.3,0.0,,296.0,7.5
2024-03-08 15:00:00,29.3,0.0,,260.0,6.5
2024-03-08 16:00:00,26.0,0.2,,73.0,6.4
2024-03-08 17:00:00,26.9,0.0,,316.0,1.1
2024-03-08 18:00:00,27.0,0.0,,75.0,1.5
2024-03-08 19:00:00,27.1,0.0,,87.0,4.9
2024-03-08 20:00:00,26.8,0.0,,58.0,5.2
2024-03-08 21:00:00,25.9,0.0,,6.0,4.5
2024-03-08 22:00:00,26.0,0.0,,45.0,2.9
2024-03-08 23:00:00,26.0,0.0,,13.0,2.6
2024-03-09 00:00:00,26.1,0.0,,10.0,3.9
2024-03-09 01:00:00,26.3,0.0,,20.0,4.4
2024-03-09 02:00:00,26.5,0.0,,54.0,5.0
2024-03-09 03:00:00,26.3,0.0,,53.0,6.2
2024-03-09 04:00:00,25.9,0.0,,13.0,4.2
2024-03-09 05:00:00,25.8,0.0,,26.0,4.1
2024-03-09 06:00:00,25.8,0.0,,19.0,2.3
2024-03-09 07:00:00,25.9,0.0,,20.0,4.1
2024-03-09 08:00:00,26.3,0.0,,49.0,4.9
2024-03-09 09:00:00,27.0,0.0,,41.0,5.9
2024-03-09 10:00:00,28.3,0.0,,59.0,5.6
2024-03-09 11:00:00,29.1,0.0,,53.0,7.3
2024-03-09 12:00:00,30.8,0.0,,52.0,6.4
2024-03-09 13:00:00,31.6,0.0,,53.0,7.4
2024-03-09 14:00:00,31.1,0.0,,49.0,6.1
2024-03-09 15:00:00,31.1,0.0,,47.0,7.9
2024-03-09 16:00:00,30.9,0.0,,64.0,6.9
2024-03-09 17:00:00,31.1,0.0,,64.0,7.0
2024-03-09 18:00:00,30.4,0.0,,68.0,7.3
2024-03-09 19:00:00,29.9,0.0,,73.0,3.5
2024-03-09 20:00:00,29.0,0.0,,72.0,6.3
2024-03-09 21:00:00,28.7,0.0,,92.0,4.3
2024-03-09 22:00:00,28.3,0.0,,99.0,3.9
2024-03-09 23:00:00,27.8,0.0,,64.0,5.4
2024-03-10 00:00:00,27.3,0.0,,50.0,7.0
2024-03-10 01:00:00,27.2,0.0,,49.0,6.9
2024-03-10 02:00:00,26.6,0.0,,13.0,4.4
2024-03-10 03:00:00,26.6,0.0,,18.0,4.9
2024-03-10 04:00:00,26.2,0.0,,331.0,3.9
2024-03-10 05:00:00,26.2,0.0,,303.0,3.0
2024-03-10 06:00:00,25.8,0.0,,319.0,3.1
2024-03-10 07:00:00,25.6,0.0,,296.0,3.7
2024-03-10 08:00:00,25.7,0.0,,290.0,4.6
2024-03-10 09:00:00,26.3,0.0,,,5.3
2024-03-10 10:00:00,27.1,0.0,,356.0,6.8
2024-03-10 11:00:00,28.4,0.0,,1.0,5.0
2024-03-10 12:00:00,28.3,0.0,,353.0,3.9
2024-03-10 13:00:00,29.4,0.0,,8.0,8.89999
2024-03-10 14:00:00,29.4,0.0,,53.0,6.1
2024-03-10 15:00:00,30.1,0.0,,359.0,8.0
2024-03-10 16:00:00,29.4,0.0,,321.0,3.3
2024-03-10 17:00:00,29.7,0.0,,17.0,8.39999
2024-03-10 18:00:00,29.1,0.0,,37.0,9.10001
2024-03-10 19:00:00,29.0,0.0,,23.0,9.60001
2024-03-10 20:00:00,28.3,0.0,,22.0,8.39999
2024-03-10 21:00:00,27.7,0.0,,13.0,8.7
2024-03-10 22:00:00,27.4,0.0,,18.0,7.8
2024-03-10 23:00:00,27.2,0.0,,15.0,7.1
2024-03-11 00:00:00,26.9,0.0,,9.0,6.7
2024-03-11 01:00:00,26.8,0.0,,25.0,4.5
2024-03-11 02:00:00,26.4,0.0,,15.0,7.8
2024-03-11 03:00:00,26.3,0.0,,14.0,7.3
2024-03-11 04:00:00,26.2,0.0,,17.0,6.4
2024-03-11 05:00:00,26.0,0.0,,15.0,6.4
2024-03-11 06:00:00,25.8,0.0,,12.0,7.7
2024-03-11 07:00:00,25.9,0.0,,11.0,5.8
2024-03-11 08:00:00,25.7,0.0,,10.0,6.8
2024-03-11 09:00:00,26.3,0.0,,354.0,3.9
2024-03-11 10:00:00,27.3,0.0,,352.0,3.6
2024-03-11 11:00:00,28.7,0.0,,5.0,5.4
2024-03-11 12:00:00,30.1,0.0,,8.0,8.89999
2024-03-11 13:00:00,30.5,0.0,,12.0,8.89999
2024-03-11 14:00:00,31.1,0.0,,26.0,7.2
2024-03-11 15:00:00,30.8,0.0,,51.0,8.39999
2024-03-11 16:00:00,31.7,0.0,,21.0,10.6
2024-03-11 17:00:00,30.6,0.0,,16.0,10.6
2024-03-11 18:00:00,30.3,0.0,,1.0,5.8
2024-03-11 19:00:00,30.0,0.0,,31.0,7.7
2024-03-11 20:00:00,29.2,0.0,,11.0,5.2
2024-03-11 21:00:00,28.4,0.0,,9.0,5.6
2024-03-11 22:00:00,28.2,0.0,,5.0,5.8
2024-03-11 23:00:00,27.9,0.0,,21.0,5.1
2024-03-12 00:00:00,27.6,0.0,,12.0,7.5
2024-03-12 01:00:00,27.3,0.0,,10.0,6.2
2024-03-12 02:00:00,27.3,0.0,,21.0,6.0
2024-03-12 03:00:00,27.0,0.0,,12.0,8.2
2024-03-12 04:00:00,27.1,0.0,,12.0,6.7
2024-03-12 05:00:00,26.8,0.0,,351.0,4.6
2024-03-12 06:00:00,26.6,0.0,,3.0,5.9
2024-03-12 07:00:00,26.6,0.0,,354.0,3.8
2024-03-12 08:00:00,26.8,0.0,,7.0,5.6
2024-03-12 09:00:00,27.6,0.0,,5.0,5.8
2024-03-12 10:00:00,29.2,0.0,,14.0,9.7
2024-03-12 11:00:00,29.4,0.0,,10.0,10.3
2024-03-12 12:00:00,30.7,0.0,,5.0,8.39999
2024-03-12 13:00:00,32.3,0.0,,342.0,7.7
2024-03-12 14:00:00,32.9,0.0,,358.0,7.3
2024-03-12 15:00:00,33.2,0.0,,358.0,7.9
2024-03-12 16:00:00,31.7,0.0,,8.0,6.9
2024-03-12 17:00:00,30.4,0.0,,25.0,12.6
2024-03-12 18:00:00,30.9,0.0,,22.0,7.7
2024-03-12 19:00:00,29.7,0.0,,34.0,6.3
2024-03-12 20:00:00,28.4,0.0,,31.0,7.0
2024-03-12 21:00:00,27.8,0.0,,25.0,10.0
2024-03-12 22:00:00,27.3,0.0,,14.0,7.5
2024-03-12 23:00:00,27.4,0.0,,24.0,5.5
2024-03-13 00:00:00,27.2,0.0,,9.0,7.5
2024-03-13 01:00:00,26.9,0.0,,10.0,7.3
2024-03-13 02:00:00,26.3,0.0,,10.0,6.5
2024-03-13 03:00:00,26.2,0.0,,22.0,6.1
2024-03-13 04:00:00,25.9,0.0,,10.0,6.9
2024-03-13 05:00:00,26.0,0.0,,11.0,4.7
2024-03-13 06:00:00,25.7,0.0,,14.0,6.8
2024-03-13 07:00:00,25.8,0.0,,19.0,7.0
2024-03-13 08:00:00,25.9,0.0,,15.0,4.8
2024-03-13 09:00:00,27.3,0.0,,2.0,6.2
2024-03-13 10:00:00,28.8,0.0,,20.0,11.1
2024-03-13 11:00:00,29.7,0.0,,26.0,12.1
2024-03-13 12:00:00,31.2,0.0,,21.0,9.39999
2024-03-13 13:00:00,31.6,0.0,,11.0,10.2
2024-03-13 14:00:00,32.4,0.0,,8.0,8.2
2024-03-13 15:00:00,32.6,0.0,,40.0,7.4
2024-03-13 16:00:00,32.9,0.0,,356.0,6.8
2024-03-13 17:00:00,31.6,0.0,,53.0,12.4
2024-03-13 18:00:00,31.4,0.0,,60.0,8.0
2024-03-13 19:00:00,30.2,0.0,,47.0,10.8
2024-03-13 20:00:00,28.7,0.0,,50.0,7.7
2024-03-13 21:00:00,28.0,0.0,,53.0,7.4
2024-03-13 22:00:00,27.5,0.0,,44.0,5.4
2024-03-13 23:00:00,27.3,0.0,,24.0,5.8
2024-03-14 00:00:00,27.0,0.0,,16.0,6.5
2024-03-14 01:00:00,26.8,0.0,,8.0,5.5
2024-03-14 02:00:00,26.5,0.0,,14.0,7.3
2024-03-14 03:00:00,26.3,0.0,,18.0,8.2
2024-03-14 04:00:00,26.2,0.0,,16.0,6.9
2024-03-14 05:00:00,26.1,0.0,,12.0,6.1
2024-03-14 06:00:00,26.0,0.0,,350.0,5.3
2024-03-14 07:00:00,26.0,0.0,,15.0,7.1
2024-03-14 08:00:00,26.0,0.0,,9.0,7.4
2024-03-14 09:00:00,26.8,0.0,,2.0,5.9
2024-03-14 10:00:00,28.4,0.0,,9.0,7.0
2024-03-14 11:00:00,29.4,0.0,,10.0,9.3
2024-03-14 12:00:00,31.0,0.0,,5.0,6.9
2024-03-14 13:00:00,32.0,0.0,,10.0,7.5
2024-03-14 14:00:00,32.7,0.0,,24.0,4.3
2024-03-14 15:00:00,32.2,0.0,,44.0,9.2
2024-03-14 16:00:00,32.5,0.0,,52.0,9.2
2024-03-14 17:00:00,31.7,0.0,,52.0,10.7
2024-03-14 18:00:00,31.1,0.0,,43.0,9.3
2024-03-14 19:00:00,29.5,0.0,,48.0,9.3
2024-03-14 20:00:00,28.3,0.0,,23.0,6.8
2024-03-14 21:00:00,27.6,0.0,,21.0,8.39999
2024-03-14 22:00:00,27.4,0.0,,28.0,6.7
2024-03-14 23:00:00,27.2,0.0,,66.0,4.9
2024-03-15 00:00:00,27.1,0.0,,65.0,4.1
2024-03-15 01:00:00,26.8,0.0,,52.0,4.9
2024-03-15 02:00:00,26.3,0.0,,9.0,7.2
2024-03-15 03:00:00,26.2,0.0,,352.0,3.9
2024-03-15 04:00:00,26.1,0.0,,347.0,3.0
2024-03-15 05:00:00,25.9,0.0,,1.0,2.6
2024-03-15 06:00:00,25.8,0.0,,17.0,3.4
2024-03-15 07:00:00,25.7,0.0,,37.0,4.5
2024-03-15 08:00:00,26.3,0.0,,18.0,3.1
2024-03-15 09:00:00,27.9,0.0,,10.0,4.7
2024-03-15 10:00:00,29.0,0.0,,10.0,5.9
2024-03-15 11:00:00,29.4,0.0,,12.0,7.7
2024-03-15 12:00:00,30.7,0.0,,17.0,6.7
2024-03-15 13:00:00,30.9,0.0,,6.0,6.9
2024-03-15 14:00:00,31.1,0.0,,1.0,6.2
2024-03-15 15:00:00,31.7,0.0,,23.0,6.0
2024-03-15 16:00:00,30.1,0.0,,81.0,7.9
2024-03-15 17:00:00,30.1,0.0,,46.0,7.6
2024-03-15 18:00:00,29.2,0.0,,45.0,7.6
2024-03-15 19:00:00,28.3,0.0,,54.0,10.4
2024-03-15 20:00:00,27.8,0.0,,56.0,8.39999
2024-03-15 21:00:00,27.7,0.0,,57.0,4.4
2024-03-15 22:00:00,27.4,0.0,,40.0,5.0
2024-03-15 23:00:00,27.0,0.0,,24.0,4.0
2024-03-16 00:00:00,27.0,0.0,,57.0,4.9
2024-03-16 01:00:00,26.8,0.0,,47.0,6.7
2024-03-16 02:00:00,26.4,0.0,,37.0,5.3
2024-03-16 03:00:00,26.3,0.0,,49.0,7.3
2024-03-16 04:00:00,26.2,0.0,,45.0,7.6
2024-03-16 05:00:00,25.6,0.0,,27.0,3.2
2024-03-16 06:00:00,25.8,0.0,,58.0,2.7
2024-03-16 07:00:00,25.7,0.0,,22.0,3.0
2024-03-16 08:00:00,27.2,0.0,,11.0,1.3
2024-03-16 09:00:00,27.6,0.0,,8.0,6.9
2024-03-16 10:00:00,28.9,0.0,,14.0,7.0
2024-03-16 11:00:00,30.8,0.0,,23.0,6.2
2024-03-16 12:00:00,31.2,0.0,,20.0,4.4
2024-03-16 13:00:00,32.2,0.0,,4.0,4.4
2024-03-16 14:00:00,32.1,0.0,,69.0,5.3
2024-03-16 15:00:00,32.3,0.0,,44.0,6.5
2024-03-16 16:00:00,31.9,0.0,,60.0,8.3
2024-03-16 17:00:00,31.0,0.0,,58.0,12.6
2024-03-16 18:00:00,30.1,0.0,,46.0,11.5
2024-03-16 19:00:00,29.4,0.0,,50.0,6.7
2024-03-16 20:00:00,28.6,0.0,,70.0,7.9
2024-03-16 21:00:00,28.1,0.0,,49.0,4.9
2024-03-16 22:00:00,27.7,0.0,,51.0,6.4
2024-03-16 23:00:00,27.4,0.0,,50.0,6.6
2024-03-17 00:00:00,27.3,0.0,,49.0,8.60001
2024-03-17 01:00:00,26.7,0.0,,14.0,7.7
2024-03-17 02:00:00,26.6,0.0,,27.0,6.9
2024-03-17 03:00:00,26.6,0.0,,15.0,4.4
2024-03-17 04:00:00,26.7,0.0,,25.0,6.8
2024-03-17 05:00:00,26.4,0.0,,4.0,5.6
2024-03-17 06:00:00,26.1,0.0,,31.0,2.3
2024-03-17 07:00:00,26.1,0.0,,37.0,2.9
2024-03-17 08:00:00,26.6,0.0,,10.0,3.6
2024-03-17 09:00:00,27.8,0.0,,352.0,4.3
2024-03-17 10:00:00,29.4,0.0,,24.0,7.2
2024-03-17 11:00:00,30.1,0.0,,18.0,8.60001
2024-03-17 12:00:00,31.2,0.0,,355.0,10.0
2024-03-17 13:00:00,31.6,0.0,,36.0,8.89999
2024-03-17 14:00:00,33.0,0.0,,23.0,8.8
2024-03-17 15:00:00,32.8,0.0,,56.0,7.8
2024-03-17 16:00:00,32.4,0.0,,18.0,10.1
2024-03-17 17:00:00,32.5,0.0,,26.0,9.3
2024-03-17 18:00:00,30.8,0.0,,40.0,13.7
2024-03-17 19:00:00,30.2,0.0,,39.0,10.0
2024-03-17 20:00:00,29.1,0.0,,42.0,6.6
2024-03-17 21:00:00,28.5,0.0,,43.0,8.3
2024-03-17 22:00:00,28.0,0.0,,27.0,7.7
2024-03-17 23:00:00,27.7,0.0,,25.0,5.8
2024-03-18 00:00:00,27.5,0.0,,13.0,6.4
2024-03-18 01:00:00,27.2,0.0,,28.0,6.8
2024-03-18 02:00:00,27.0,0.0,,29.0,6.5
2024-03-18 03:00:00,26.6,0.0,,25.0,7.1
2024-03-18 04:00:00,26.3,0.0,,11.0,6.9
2024-03-18 05:00:00,26.2,0.0,,12.0,7.8
2024-03-18 06:00:00,26.0,0.0,,3.0,6.4
2024-03-18 07:00:00,26.1,0.0,,356.0,3.9
2024-03-18 08:00:00,26.8,0.0,,8.0,4.4
2024-03-18 09:00:00,27.9,0.0,,7.0,7.7
2024-03-18 10:00:00,29.3,0.0,,11.0,7.2
2024-03-18 11:00:00,31.0,0.0,,26.0,5.8
2024-03-18 12:00:00,31.1,0.0,,3.0,8.3
2024-03-18 13:00:00,32.1,0.0,,58.0,7.5
2024-03-18 14:00:00,32.7,0.0,,40.0,5.7
2024-03-18 15:00:00,32.6,0.0,,60.0,7.6
2024-03-18 16:00:00,33.3,0.0,,49.0,8.10001
2024-03-18 17:00:00,33.0,0.0,,55.0,8.89999
2024-03-18 18:00:00,31.7,0.0,,57.0,8.39999
2024-03-18 19:00:00,30.6,0.0,,47.0,9.2
2024-03-18 20:00:00,29.2,0.0,,49.0,9.0
2024-03-18 21:00:00,28.3,0.0,,50.0,9.5
2024-03-18 22:00:00,28.0,0.0,,56.0,5.6
2024-03-18 23:00:00,27.8,0.0,,54.0,6.4
2024-03-19 00:00:00,27.3,0.0,,23.0,5.6
2024-03-19 01:00:00,27.2,0.0,,39.0,4.8
2024-03-19 02:00:00,27.2,0.0,,50.0,6.2
2024-03-19 03:00:00,27.0,0.0,,49.0,8.5
2024-03-19 04:00:00,27.0,0.0,,50.0,9.8
2024-03-19 05:00:00,26.8,0.0,,45.0,5.2
2024-03-19 06:00:00,26.8,0.0,,51.0,5.4
2024-03-19 07:00:00,26.7,0.0,,55.0,4.9
2024-03-19 08:00:00,27.0,0.0,,58.0,5.5
2024-03-19 09:00:00,28.0,0.0,,42.0,9.10001
2024-03-19 10:00:00,29.4,0.0,,25.0,9.5
2024-03-19 11:00:00,31.0,0.0,,49.0,10.8
2024-03-19 12:00:00,31.3,0.0,,23.0,6.5
2024-03-19 13:00:00,31.2,0.0,,62.0,6.6
2024-03-19 14:00:00,29.7,0.0,,16.0,10.2
2024-03-19 15:00:00,27.9,0.2,,349.0,3.0
2024-03-19 16:00:00,27.6,0.0,,65.0,7.5
2024-03-19 17:00:00,28.2,0.0,,20.0,6.1
2024-03-19 18:00:00,27.9,0.0,,12.0,4.1
2024-03-19 19:00:00,28.4,0.0,,55.0,8.39999
2024-03-19 20:00:00,27.9,0.0,,53.0,8.3
2024-03-19 21:00:00,27.6,0.0,,55.0,9.10001
2024-03-19 22:00:00,27.4,0.0,,55.0,6.4
2024-03-19 23:00:00,27.3,0.0,,59.0,6.3
2024-03-20 00:00:00,27.2,0.0,,61.0,5.1
2024-03-20 01:00:00,26.9,0.0,,55.0,5.1
2024-03-20 02:00:00,26.8,0.0,,54.0,7.6
2024-03-20 03:00:00,26.5,0.0,,35.0,4.9
2024-03-20 04:00:00,26.4,0.0,,51.0,6.2
2024-03-20 05:00:00,26.5,0.0,,50.0,8.10001
2024-03-20 06:00:00,26.3,0.0,,57.0,6.4
2024-03-20 07:00:00,26.5,0.0,,56.0,6.0
2024-03-20 08:00:00,26.9,0.0,,58.0,6.5
2024-03-20 09:00:00,27.6,0.0,,51.0,9.8
2024-03-20 10:00:00,29.1,0.0,,63.0,7.3
2024-03-20 11:00:00,30.2,0.0,,51.0,8.5
2024-03-20 12:00:00,31.3,0.0,,23.0,9.8
2024-03-20 13:00:00,30.9,0.0,,49.0,7.4
2024-03-20 14:00:00,30.1,0.0,,52.0,13.0
2024-03-20 15:00:00,30.1,0.0,,49.0,11.4
2024-03-20 16:00:00,30.2,0.0,,52.0,9.5
2024-03-20 17:00:00,30.0,0.0,,58.0,10.9
2024-03-20 18:00:00,29.9,0.0,,44.0,9.10001
2024-03-20 19:00:00,29.0,0.0,,21.0,11.8
2024-03-20 20:00:00,28.4,0.0,,41.0,10.5
2024-03-20 21:00:00,27.5,0.0,,17.0,9.0
2024-03-20 22:00:00,27.3,0.0,,43.0,6.2
2024-03-20 23:00:00,27.1,0.0,,52.0,6.9
2024-03-21 00:00:00,26.9,0.0,,37.0,5.2
2024-03-21 01:00:00,27.0,0.0,,40.0,4.7
2024-03-21 02:00:00,27.0,0.0,,48.0,7.9
2024-03-21 03:00:00,26.9,0.0,,56.0,6.0
2024-03-21 04:00:00,26.9,0.0,,58.0,5.9
2024-03-21 05:00:00,26.8,0.0,,53.0,6.6
2024-03-21 06:00:00,26.7,0.0,,46.0,6.8
2024-03-21 07:00:00,26.7,0.0,,32.0,4.2
2024-03-21 08:00:00,26.7,0.0,,46.0,9.3
2024-03-21 09:00:00,27.2,0.0,,54.0,6.8
2024-03-21 10:00:00,28.2,0.0,,42.0,7.9
2024-03-21 11:00:00,29.8,0.0,,63.0,8.39999
2024-03-21 12:00:00,30.5,0.0,,52.0,7.9
2024-03-21 13:00:00,30.2,0.0,,63.0,6.3
2024-03-21 14:00:00,30.6,0.0,,29.0,7.2
2024-03-21 15:00:00,30.9,0.0,,46.0,8.89999
2024-03-21 16:00:00,30.1,0.0,,41.0,8.60001
2024-03-21 17:00:00,30.4,0.0,,40.0,8.60001
2024-03-21 18:00:00,29.8,0.0,,42.0,7.0
2024-03-21 19:00:00,29.1,0.0,,30.0,7.2
2024-03-21 20:00:00,28.3,0.0,,62.0,7.8
2024-03-21 21:00:00,28.0,0.0,,64.0,6.6
2024-03-21 22:00:00,27.7,0.0,,60.0,7.7
2024-03-21 23:00:00,27.5,0.0,,51.0,5.9
2024-03-22 00:00:00,27.3,0.0,,53.0,8.3
2024-03-22 01:00:00,27.1,0.0,,54.0,7.0
2024-03-22 02:00:00,27.0,0.0,,59.0,5.4
2024-03-22 03:00:00,26.6,0.0,,22.0,5.2
2024-03-22 04:00:00,26.6,0.0,,43.0,5.0
2024-03-22 05:00:00,26.5,0.0,,55.0,4.8
2024-03-22 06:00:00,26.2,0.0,,40.0,5.2
2024-03-22 07:00:00,26.2,0.0,,47.0,4.8
2024-03-22 08:00:00,26.8,0.0,,51.0,6.2
2024-03-22 09:00:00,27.8,0.0,,48.0,7.3
2024-03-22 10:00:00,28.6,0.0,,52.0,10.0
2024-03-22 11:00:00,29.8,0.0,,46.0,9.0
2024-03-22 12:00:00,30.8,0.0,,25.0,7.3
2024-03-22 13:00:00,31.4,0.0,,50.0,7.1
2024-03-22 14:00:00,31.8,0.0,,39.0,6.3
2024-03-22 15:00:00,32.3,0.0,,74.0,6.5
2024-03-22 16:00:00,30.9,0.0,,67.0,8.60001
2024-03-22 17:00:00,30.4,0.0,,71.0,9.39999
2024-03-22 18:00:00,29.7,0.0,,58.0,8.2
2024-03-22 19:00:00,29.1,0.0,,71.0,9.10001
2024-03-22 20:00:00,28.3,0.0,,56.0,8.3
2024-03-22 21:00:00,28.1,0.0,,67.0,8.10001
2024-03-22 22:00:00,28.0,0.0,,62.0,5.8
2024-03-22 23:00:00,27.8,0.0,,81.0,5.9
2024-03-23 00:00:00,27.6,0.0,,78.0,8.10001
2024-03-23 01:00:00,27.3,0.0,,61.0,5.9
2024-03-23 02:00:00,27.1,0.0,,69.0,6.8
2024-03-23 03:00:00,26.9,0.0,,73.0,5.1
2024-03-23 04:00:00,26.8,0.0,,54.0,5.4
2024-03-23 05:00:00,26.5,0.0,,53.0,5.5
2024-03-23 06:00:00,26.4,0.0,,53.0,5.7
2024-03-23 07:00:00,26.4,0.0,,54.0,5.5
2024-03-23 08:00:00,26.9,0.0,,50.0,6.3
2024-03-23 09:00:00,28.5,0.0,,57.0,5.7
2024-03-23 10:00:00,28.9,0.0,,49.0,7.8
2024-03-23 11:00:00,30.0,0.0,,45.0,8.0
2024-03-23 12:00:00,31.2,0.0,,53.0,7.0
2024-03-23 13:00:00,33.0,0.0,,359.0,4.6
2024-03-23 14:00:00,32.4,0.0,,48.0,6.4
2024-03-23 15:00:00,32.3,0.0,,73.0,8.0
2024-03-23 16:00:00,32.7,0.0,,48.0,5.5
2024-03-23 17:00:00,32.3,0.0,,30.0,7.1
2024-03-23 18:00:00,31.5,0.0,,43.0,6.5
2024-03-23 19:00:00,30.3,0.0,,57.0,7.9
2024-03-23 20:00:00,29.1,0.0,,77.0,8.60001
2024-03-23 21:00:00,28.3,0.0,,75.0,6.3
2024-03-23 22:00:00,27.9,0.0,,77.0,6.3
2024-03-23 23:00:00,27.8,0.0,,76.0,6.2
2024-03-24 00:00:00,27.5,0.0,,72.0,5.4
2024-03-24 01:00:00,27.4,0.0,,76.0,6.4
2024-03-24 02:00:00,27.1,0.0,,56.0,4.9
2024-03-24 03:00:00,26.9,0.0,,61.0,6.2
2024-03-24 04:00:00,26.7,0.0,,52.0,7.2
2024-03-24 05:00:00,26.6,0.0,,59.0,5.8
2024-03-24 06:00:00,26.5,0.0,,68.0,4.4
2024-03-24 07:00:00,26.5,0.0,,66.0,5.2
2024-03-24 08:00:00,27.0,0.0,,55.0,4.0
2024-03-24 09:00:00,28.5,0.0,,55.0,5.6
2024-03-24 10:00:00,29.6,0.0,,41.0,5.8
2024-03-24 11:00:00,30.5,0.0,,55.0,6.1
2024-03-24 12:00:00,32.5,0.0,,52.0,5.9
2024-03-24 13:00:00,32.7,0.0,,46.0,7.1
2024-03-24 14:00:00,32.9,0.0,,75.0,4.0
2024-03-24 15:00:00,32.8,0.0,,60.0,6.5
2024-03-24 16:00:00,32.6,0.0,,80.0,7.4
2024-03-24 17:00:00,32.2,0.0,,91.0,6.9
2024-03-24 18:00:00,31.1,0.0,,51.0,8.8
2024-03-24 19:00:00,29.9,0.0,,58.0,7.4
2024-03-24 20:00:00,29.0,0.0,,72.0,9.2
2024-03-24 21:00:00,28.5,0.0,,71.0,6.5
2024-03-24 22:00:00,28.2,0.0,,69.0,5.7
2024-03-24 23:00:00,27.9,0.0,,67.0,6.0
2024-03-25 00:00:00,27.7,0.0,,65.0,5.6
2024-03-25 01:00:00,27.5,0.0,,64.0,6.0
2024-03-25 02:00:00,27.2,0.0,,65.0,4.5
2024-03-25 03:00:00,26.9,0.0,,56.0,7.3
2024-03-25 04:00:00,26.8,0.0,,56.0,6.0
2024-03-25 05:00:00,26.6,0.0,,57.0,7.2
2024-03-25 06:00:00,26.5,0.0,,56.0,5.8
2024-03-25 07:00:00,26.5,0.0,,53.0,4.1
2024-03-25 08:00:00,27.3,0.0,,36.0,4.6
2024-03-25 09:00:00,28.6,0.0,,55.0,7.5
2024-03-25 10:00:00,29.4,0.0,,50.0,7.1
2024-03-25 11:00:00,29.9,0.0,,48.0,9.3
2024-03-25 12:00:00,30.7,0.0,,50.0,6.4
2024-03-25 13:00:00,32.3,0.0,,48.0,4.7
2024-03-25 14:00:00,32.3,0.0,,66.0,7.4
2024-03-25 15:00:00,33.4,0.0,48.4,79.0,7.5
2024-03-25 16:00:00,33.1,0.0,48.4,86.0,8.0
2024-03-25 17:00:00,33.1,0.0,50.2,62.0,6.5
2024-03-25 18:00:00,31.9,0.0,55.3,67.0,8.89999
2024-03-25 19:00:00,30.4,0.0,61.5,64.0,8.10001
2024-03-25 20:00:00,29.2,0.0,70.8,61.0,6.6
2024-03-25 21:00:00,28.6,0.0,73.5,66.0,8.0
2024-03-25 22:00:00,28.4,0.0,76.6,74.0,7.5
2024-03-25 23:00:00,28.3,0.0,77.7,72.0,5.8
2024-03-26 00:00:00,28.1,0.0,80.5,65.0,4.9
2024-03-26 01:00:00,27.9,0.0,82.9,59.0,5.8
2024-03-26 02:00:00,27.7,0.0,84.9,55.0,6.9
2024-03-26 03:00:00,27.4,0.0,86.4,50.0,7.0
2024-03-26 04:00:00,27.0,0.0,88.3,357.0,2.9
2024-03-26 05:00:00,27.0,0.0,88.2,30.0,3.9
2024-03-26 06:00:00,27.0,0.0,86.3,49.0,5.2
2024-03-26 07:00:00,27.0,0.0,88.1,38.0,3.4
2024-03-26 08:00:00,27.8,0.0,85.1,52.0,4.7
2024-03-26 09:00:00,29.1,0.0,79.8,54.0,5.1
2024-03-26 10:00:00,29.5,0.0,73.7,39.0,9.7
2024-03-26 11:00:00,30.7,0.0,64.2,53.0,8.89999
2024-03-26 12:00:00,31.7,0.0,58.9,40.0,10.7
2024-03-26 13:00:00,32.1,0.0,56.7,46.0,10.4
2024-03-26 14:00:00,33.4,0.0,50.9,70.0,9.0
2024-03-26 15:00:00,32.9,0.0,52.6,73.0,11.0
2024-03-26 16:00:00,32.0,0.0,57.8,69.0,10.5
2024-03-26 17:00:00,31.5,0.0,61.4,71.0,11.6
2024-03-26 18:00:00,31.0,0.0,64.0,49.0,10.7
2024-03-26 19:00:00,29.8,0.0,70.2,50.0,11.4
2024-03-26 20:00:00,29.2,0.0,72.5,52.0,8.10001
2024-03-26 21:00:00,28.7,0.0,74.3,61.0,6.9
2024-03-26 22:00:00,28.4,0.0,74.8,57.0,7.8
2024-03-26 23:00:00,28.0,0.0,79.6,52.0,9.10001
2024-03-27 00:00:00,27.8,0.0,80.9,48.0,5.8
2024-03-27 01:00:00,27.7,0.0,82.6,47.0,7.0
2024-03-27 02:00:00,27.2,0.0,84.8,48.0,5.4
2024-03-27 03:00:00,27.1,0.0,86.5,47.0,3.6
2024-03-27 04:00:00,26.9,0.0,87.7,47.0,4.7
2024-03-27 05:00:00,26.7,0.0,89.4,8.0,3.8
2024-03-27 06:00:00,26.8,0.0,89.8,12.0,3.5
2024-03-27 07:00:00,26.7,0.0,89.4,4.0,4.1
2024-03-27 08:00:00,27.2,0.0,86.5,7.0,2.1
2024-03-27 09:00:00,28.4,0.0,80.3,7.0,7.8
2024-03-27 10:00:00,29.8,0.0,73.0,16.0,9.2
2024-03-27 11:00:00,31.2,0.0,63.1,52.0,6.5
2024-03-27 12:00:00,31.7,0.0,59.5,23.0,7.3
2024-03-27 13:00:00,32.9,0.0,51.1,60.0,7.0
2024-03-27 14:00:00,32.1,0.0,54.4,45.0,9.7
2024-03-27 15:00:00,32.8,0.0,50.1,64.0,11.6
2024-03-27 16:00:00,33.5,0.0,49.4,63.0,9.2
2024-03-27 17:00:00,32.4,0.0,55.7,71.0,8.0
2024-03-27 18:00:00,31.1,0.0,61.7,60.0,10.4
2024-03-27 19:00:00,30.7,0.0,64.0,56.0,7.4
2024-03-27 20:00:00,29.5,0.0,69.5,71.0,9.5
2024-03-27 21:00:00,29.0,0.0,76.9,63.0,8.60001
2024-03-27 22:00:00,28.8,0.0,78.2,55.0,6.5
2024-03-27 23:00:00,28.7,0.0,79.4,50.0,5.0
2024-03-28 00:00:00,28.5,0.0,80.4,50.0,5.1
2024-03-28 01:00:00,28.3,0.0,82.8,10.0,3.5
2024-03-28 02:00:00,28.2,0.0,83.1,43.0,3.3
2024-03-28 03:00:00,28.0,0.0,84.7,22.0,2.7
2024-03-28 04:00:00,27.8,0.0,84.9,353.0,4.9
2024-03-28 05:00:00,27.6,0.0,86.1,28.0,3.7
2024-03-28 06:00:00,27.6,0.0,84.9,56.0,4.6
2024-03-28 07:00:00,27.4,0.0,86.2,56.0,3.8
2024-03-28 08:00:00,27.9,0.0,85.5,13.0,3.7
2024-03-28 09:00:00,28.7,0.0,79.5,65.0,7.7
2024-03-28 10:00:00,30.1,0.0,68.9,65.0,7.5
2024-03-28 11:00:00,31.6,0.0,64.2,75.0,5.9
2024-03-28 12:00:00,31.9,0.0,60.6,83.0,7.6
2024-03-28 13:00:00,32.2,0.0,56.9,73.0,7.3
2024-03-28 14:00:00,32.8,0.0,54.7,70.0,9.0
2024-03-28 15:00:00,32.4,0.0,56.1,107.0,7.9
2024-03-28 16:00:00,31.8,0.0,60.7,111.0,9.60001
2024-03-28 17:00:00,31.3,0.0,62.1,89.0,10.0
2024-03-28 18:00:00,30.9,0.0,62.3,69.0,6.8
2024-03-28 19:00:00,30.4,0.0,62.7,78.0,6.9
2024-03-28 20:00:00,29.7,0.0,65.9,82.0,8.0
2024-03-28 21:00:00,28.9,0.0,75.6,81.0,7.7
2024-03-28 22:00:00,28.8,0.0,77.3,110.0,4.4
2024-03-28 23:00:00,28.8,0.0,77.4,102.0,5.7
2024-03-29 00:00:00,28.8,0.0,77.6,108.0,6.2
2024-03-29 01:00:00,28.3,0.0,82.5,38.0,2.7
2024-03-29 02:00:00,28.3,0.0,83.0,54.0,2.2
2024-03-29 03:00:00,28.3,0.0,83.5,96.0,5.1
2024-03-29 04:00:00,28.2,0.0,84.3,96.0,6.3
2024-03-29 05:00:00,28.1,0.0,83.8,93.0,5.2
2024-03-29 06:00:00,28.0,0.0,84.7,69.0,3.7
2024-03-29 07:00:00,28.0,0.0,85.3,89.0,5.3
2024-03-29 08:00:00,28.4,0.0,84.0,104.0,6.7
2024-03-29 09:00:00,29.0,0.0,79.6,112.0,7.1
2024-03-29 10:00:00,30.6,0.0,66.8,133.0,7.4
2024-03-29 11:00:00,31.5,0.0,59.8,73.0,7.8
2024-03-29 12:00:00,31.7,0.0,60.5,131.0,7.6
2024-03-29 13:00:00,31.3,0.0,66.0,125.0,6.3
2024-03-29 14:00:00,32.7,0.0,52.6,113.0,10.0
2024-03-29 15:00:00,33.3,0.0,47.8,115.0,8.89999
2024-03-29 16:00:00,33.4,0.0,46.5,107.0,6.9
2024-03-29 17:00:00,33.9,0.0,43.7,119.0,7.3
2024-03-29 18:00:00,32.3,0.0,52.7,80.0,11.2
2024-03-29 19:00:00,31.1,0.0,59.9,71.0,7.4
2024-03-29 20:00:00,30.0,0.0,64.8,66.0,8.39999
2024-03-29 21:00:00,29.2,0.0,75.7,78.0,7.0
2024-03-29 22:00:00,29.2,0.0,75.7,91.0,7.4
2024-03-29 23:00:00,29.1,0.0,75.8,106.0,6.4
2024-03-30 00:00:00,28.7,0.0,79.1,65.0,4.5
2024-03-30 01:00:00,28.7,0.0,79.2,100.0,5.7
2024-03-30 02:00:00,28.6,0.0,78.9,132.0,4.6
2024-03-30 03:00:00,28.7,0.0,76.7,101.0,4.1
2024-03-30 04:00:00,28.6,0.0,78.8,102.0,4.8
2024-03-30 05:00:00,28.4,0.0,82.4,80.0,4.2
2024-03-30 06:00:00,27.9,0.0,86.4,49.0,5.3
2024-03-30 07:00:00,27.7,0.0,87.6,49.0,3.2
2024-03-30 08:00:00,28.1,0.0,87.0,10.0,3.3
2024-03-30 09:00:00,29.1,0.0,79.1,48.0,3.1
2024-03-30 10:00:00,29.6,0.0,74.2,93.0,4.9
2024-03-30 11:00:00,30.9,0.0,66.4,93.0,7.7
2024-03-30 12:00:00,32.4,0.0,58.7,81.0,5.8
2024-03-30 13:00:00,32.2,0.0,58.1,105.0,8.8
2024-03-30 14:00:00,31.9,0.0,58.8,74.0,8.2
2024-03-30 15:00:00,33.3,0.0,53.9,79.0,6.4
2024-03-30 16:00:00,29.6,0.0,65.7,95.0,10.9
2024-03-30 17:00:00,30.9,0.0,64.8,98.0,6.8
2024-03-30 18:00:00,31.0,0.0,60.3,109.0,6.8
2024-03-30 19:00:00,30.6,0.0,63.3,66.0,5.4
2024-03-30 20:00:00,29.6,0.0,71.9,65.0,7.5
2024-03-30 21:00:00,29.1,0.0,77.8,64.0,5.1
2024-03-30 22:00:00,28.8,0.0,80.4,67.0,5.3
2024-03-30 23:00:00,28.8,0.0,79.7,62.0,4.1
2024-03-31 00:00:00,28.6,0.0,80.0,53.0,4.3
2024-03-31 01:00:00,28.3,0.0,82.6,357.0,1.4
2024-03-31 02:00:00,28.2,0.0,82.2,349.0,1.6
2024-03-31 03:00:00,28.2,0.0,83.4,292.0,1.6
2024-03-31 04:00:00,27.7,0.0,85.3,344.0,2.2
2024-03-31 05:00:00,27.4,0.0,87.7,355.0,2.7
2024-03-31 06:00:00,27.4,0.0,86.6,342.0,2.9
2024-03-31 07:00:00,27.5,0.0,87.1,322.0,1.6
2024-03-31 08:00:00,27.7,0.0,85.7,299.0,4.6
2024-03-31 09:00:00,29.2,0.0,77.0,336.0,2.4
2024-03-31 10:00:00,30.5,0.0,66.5,265.0,2.1
2024-03-31 11:00:00,31.1,0.0,63.5,333.0,3.6
2024-03-31 12:00:00,32.3,0.0,59.1,309.0,3.7
2024-03-31 13:00:00,32.4,0.0,58.0,282.0,3.0
2024-03-31 14:00:00,32.4,0.0,60.5,206.0,3.7
2024-03-31 15:00:00,27.0,0.2,96.8,9.0,5.9
2024-03-31 16:00:00,28.2,0.0,82.4,252.0,4.4
2024-03-31 17:00:00,32.0,0.0,62.0,147.0,2.6
2024-03-31 18:00:00,31.1,0.0,68.9,308.0,5.4
2024-03-31 19:00:00,25.2,4.4,98.6,223.0,12.7
2024-03-31 20:00:00,26.0,0.0,94.8,82.0,2.1
2024-03-31 21:00:00,27.5,0.0,92.1,338.0,1.3
2024-03-31 22:00:00,27.4,0.0,91.9,309.0,2.6
2024-03-31 23:00:00,28.1,0.0,89.2,92.0,1.0
2024-04-01 00:00:00,27.3,0.0,93.3,17.0,4.1
2024-04-01 01:00:00,27.2,0.0,90.1,13.0,2.6
2024-04-01 02:00:00,27.6,0.0,85.7,59.0,4.3
2024-04-01 03:00:00,27.1,0.0,89.9,13.0,2.9
2024-04-01 04:00:00,27.1,0.0,87.9,70.0,3.6
2024-04-01 05:00:00,27.0,0.0,89.6,5.0,3.3
2024-04-01 06:00:00,27.1,0.0,89.6,63.0,2.4
2024-04-01 07:00:00,26.7,0.0,92.8,356.0,2.7
2024-04-01 08:00:00,27.0,0.0,93.0,11.0,2.7
2024-04-01 09:00:00,28.2,0.0,86.8,348.0,2.0
2024-04-01 10:00:00,30.1,0.0,77.5,29.0,2.7
2024-04-01 11:00:00,30.2,0.0,72.0,6.0,5.1
2024-04-01 12:00:00,31.1,0.0,64.9,76.0,3.0
2024-04-01 13:00:00,31.7,0.0,62.9,120.0,1.2
2024-04-01 14:00:00,31.6,0.0,63.5,349.0,1.9
2024-04-01 15:00:00,31.2,0.0,64.0,293.0,3.3
2024-04-01 16:00:00,30.7,0.0,68.9,72.0,3.1
2024-04-01 17:00:00,29.4,0.0,81.0,169.0,4.1
2024-04-01 18:00:00,29.9,0.0,75.3,133.0,5.3
2024-04-01 19:00:00,30.0,0.0,74.9,121.0,3.7
2024-04-01 20:00:00,29.7,0.0,78.4,79.0,3.8
2024-04-01 21:00:00,29.0,0.0,80.1,85.0,7.9
2024-04-01 22:00:00,29.0,0.0,81.0,72.0,3.8
2024-04-01 23:00:00,28.9,0.0,81.9,105.0,4.0
2024-04-02 00:00:00,28.7,0.0,83.8,110.0,6.7
2024-04-02 01:00:00,28.6,0.0,84.3,122.0,6.1
2024-04-02 02:00:00,28.5,0.0,85.8,100.0,5.9
2024-04-02 03:00:00,28.3,0.0,85.8,103.0,5.2
2024-04-02 04:00:00,28.1,0.0,87.6,68.0,3.9
2024-04-02 05:00:00,27.9,0.0,88.0,72.0,4.7
2024-04-02 06:00:00,27.9,0.0,87.4,93.0,1.4
2024-04-02 07:00:00,28.0,0.0,86.9,123.0,2.2
2024-04-02 08:00:00,28.7,0.0,85.1,46.0,2.8
2024-04-02 09:00:00,30.5,0.0,74.9,90.0,2.1
2024-04-02 10:00:00,31.1,0.0,68.1,147.0,3.3
2024-04-02 11:00:00,32.6,0.0,60.0,93.0,3.9
2024-04-02 12:00:00,32.2,0.0,61.4,352.0,4.2
2024-04-02 13:00:00,32.0,0.0,61.7,181.0,4.6
2024-04-02 14:00:00,34.7,0.0,47.7,208.0,1.7
2024-04-02 15:00:00,33.4,0.0,52.4,316.0,4.3
2024-04-02 16:00:00,32.9,0.0,54.1,310.0,5.8
2024-04-02 17:00:00,33.6,0.0,48.8,283.0,3.6
2024-04-02 18:00:00,32.3,0.0,59.7,22.0,4.1
2024-04-02 19:00:00,31.4,0.0,66.5,134.0,7.1
2024-04-02 20:00:00,30.8,0.0,69.6,115.0,6.6
2024-04-02 21:00:00,30.2,0.0,71.5,87.0,8.60001
2024-04-02 22:00:00,29.6,0.0,75.3,67.0,6.5
2024-04-02 23:00:00,29.5,0.0,77.6,109.0,3.1
2024-04-03 00:00:00,29.5,0.0,77.2,107.0,5.8
2024-04-03 01:00:00,29.4,0.0,77.9,95.0,5.9
2024-04-03 02:00:00,29.1,0.0,81.0,106.0,4.2
2024-04-03 03:00:00,29.0,0.0,81.1,90.0,5.7
2024-04-03 04:00:00,28.5,0.0,85.4,58.0,3.9
2024-04-03 05:00:00,28.5,0.0,86.5,73.0,5.1
2024-04-03 06:00:00,28.5,0.0,86.3,93.0,3.4
2024-04-03 07:00:00,28.6,0.0,85.1,84.0,4.5
2024-04-03 08:00:00,29.0,0.0,83.7,69.0,3.6
2024-04-03 09:00:00,29.5,0.0,78.2,75.0,6.0
2024-04-03 10:00:00,30.4,0.0,74.4,107.0,3.7
2024-04-03 11:00:00,31.1,0.0,67.0,96.0,3.9
2024-04-03 12:00:00,33.7,0.0,57.5,54.0,3.3
2024-04-03 13:00:00,31.4,0.0,64.8,200.0,4.4
2024-04-03 14:00:00,31.6,0.0,65.5,175.0,3.2
2024-04-03 15:00:00,26.5,0.0,85.0,12.0,8.5
2024-04-03 16:00:00,27.9,0.0,80.8,1.0,6.0
2024-04-03 17:00:00,28.6,0.0,78.7,345.0,3.9
2024-04-03 18:00:00,29.4,0.0,72.7,359.0,3.5
2024-04-03 19:00:00,29.1,0.0,75.7,359.0,3.9
2024-04-03 20:00:00,29.1,0.0,78.6,306.0,1.8
2024-04-03 21:00:00,28.6,0.0,81.6,18.0,2.7
2024-04-03 22:00:00,28.2,0.0,84.1,352.0,2.6
2024-04-03 23:00:00,28.0,0.0,86.1,353.0,2.8
2024-04-04 00:00:00,27.9,0.0,86.0,20.0,2.2
2024-04-04 01:00:00,28.0,0.0,84.1,2.0,1.7
2024-04-04 02:00:00,27.4,0.0,90.1,340.0,2.0
2024-04-04 03:00:00,27.0,0.0,89.8,351.0,3.3
2024-04-04 04:00:00,26.8,0.0,90.1,2.0,3.3
2024-04-04 05:00:00,26.7,0.0,91.3,12.0,3.3
2024-04-04 06:00:00,26.5,0.0,94.2,6.0,2.6
2024-04-04 07:00:00,26.4,0.0,93.1,359.0,2.7
2024-04-04 08:00:00,26.8,0.0,90.1,347.0,1.3
2024-04-04 09:00:00,27.9,0.0,88.5,14.0,3.0
2024-04-04 10:00:00,29.3,0.0,83.0,17.0,3.0
2024-04-04 11:00:00,31.1,0.0,71.0,310.0,2.7
2024-04-04 12:00:00,31.9,0.0,60.4,315.0,4.9
2024-04-04 13:00:00,33.5,0.0,54.5,273.0,4.1
2024-04-04 14:00:00,32.9,0.0,54.7,267.0,6.5
2024-04-04 15:00:00,32.7,0.0,59.6,236.0,5.0
2024-04-04 16:00:00,26.1,1.6,98.8,117.0,11.2
2024-04-04 17:00:00,26.1,0.0,99.4,178.0,2.9
2024-04-04 18:00:00,28.3,0.0,84.4,82.0,4.6
2024-04-04 19:00:00,28.4,0.0,83.6,81.0,4.0
2024-04-04 20:00:00,26.9,0.0,89.5,19.0,6.0
2024-04-04 21:00:00,27.0,0.0,88.3,161.0,3.0
2024-04-04 22:00:00,27.0,0.0,89.8,25.0,2.4
2024-04-04 23:00:00,26.8,0.0,87.3,7.0,2.3
2024-04-05 00:00:00,26.7,0.0,86.0,18.0,2.3
2024-04-05 01:00:00,26.6,0.0,86.5,344.0,2.1
2024-04-05 02:00:00,26.7,0.0,81.4,341.0,2.1
2024-04-05 03:00:00,26.8,0.0,78.9,47.0,2.1
2024-04-05 04:00:00,26.8,0.0,83.7,17.0,1.9
2024-04-05 05:00:00,27.1,0.0,81.6,320.0,2.1
2024-04-05 06:00:00,26.8,0.0,87.4,13.0,3.5
2024-04-05 07:00:00,27.0,0.0,88.3,286.0,1.1
2024-04-05 08:00:00,27.5,0.0,88.6,19.0,2.0
2024-04-05 09:00:00,28.7,0.0,84.7,331.0,2.2
2024-04-05 10:00:00,29.0,0.0,83.0,2.0,5.3
2024-04-05 11:00:00,30.5,0.0,73.3,2.0,4.0
2024-04-05 12:00:00,31.4,0.0,66.4,5.0,5.9
2024-04-05 13:00:00,33.0,0.0,59.9,349.0,3.9
2024-04-05 14:00:00,33.0,0.0,59.2,353.0,4.9
2024-04-05 15:00:00,33.3,0.0,56.2,344.0,5.3
2024-04-05 16:00:00,34.6,0.0,45.6,1.0,5.4
2024-04-05 17:00:00,34.4,0.0,46.5,16.0,3.3
2024-04-05 18:00:00,32.1,0.0,57.7,64.0,6.6
2024-04-05 19:00:00,30.7,0.0,62.3,73.0,6.8
2024-04-05 20:00:00,29.7,0.0,68.7,77.0,5.0
2024-04-05 21:00:00,28.9,0.0,75.3,71.0,6.4
2024-04-05 22:00:00,28.6,0.0,78.2,73.0,6.7
2024-04-05 23:00:00,28.5,0.0,79.4,78.0,4.7
2024-04-06 00:00:00,28.3,0.0,78.9,62.0,6.4
2024-04-06 01:00:00,28.1,0.0,80.3,68.0,4.5
2024-04-06 02:00:00,27.9,0.0,81.4,41.0,4.3
2024-04-06 03:00:00,27.4,0.0,86.0,36.0,2.5
2024-04-06 04:00:00,27.5,0.0,83.9,60.0,4.7
2024-04-06 05:00:00,27.3,0.0,86.1,58.0,4.5
2024-04-06 06:00:00,27.5,0.0,84.4,76.0,4.2
2024-04-06 07:00:00,27.4,0.0,85.7,66.0,2.8
2024-04-06 08:00:00,27.3,0.0,89.0,47.0,3.6
2024-04-06 09:00:00,28.8,0.0,81.8,81.0,6.0
2024-04-06 10:00:00,29.4,0.0,75.4,52.0,8.89999
2024-04-06 11:00:00,30.6,0.0,65.7,79.0,7.4
2024-04-06 12:00:00,32.1,0.0,60.8,34.0,4.9
2024-04-06 13:00:00,32.8,0.0,55.3,357.0,5.7
2024-04-06 14:00:00,33.9,0.0,52.1,6.0,6.0
2024-04-06 15:00:00,33.3,0.0,56.7,41.0,6.7
2024-04-06 16:00:00,32.9,0.0,57.1,38.0,7.5
2024-04-06 17:00:00,33.1,0.0,57.7,55.0,6.5
2024-04-06 18:00:00,32.4,0.0,60.7,52.0,5.6
2024-04-06 19:00:00,30.7,0.0,68.7,53.0,8.10001
2024-04-06 20:00:00,29.7,0.0,72.6,75.0,7.4
2024-04-06 21:00:00,29.2,0.0,77.7,72.0,10.0
2024-04-06 22:00:00,29.0,0.0,79.7,59.0,6.2
2024-04-06 23:00:00,28.9,0.0,80.7,63.0,6.3
2024-04-07 00:00:00,28.7,0.0,81.5,79.0,8.0
2024-04-07 01:00:00,28.8,0.0,80.9,72.0,6.4
2024-04-07 02:00:00,28.6,0.0,82.0,76.0,6.1
2024-04-07 03:00:00,28.4,0.0,82.6,69.0,6.2
2024-04-07 04:00:00,28.1,0.0,84.8,52.0,5.9
2024-04-07 05:00:00,27.9,0.0,85.8,51.0,6.1
2024-04-07 06:00:00,27.8,0.0,85.6,49.0,5.6
2024-04-07 07:00:00,27.2,0.0,91.8,23.0,2.6
2024-04-07 08:00:00,28.1,0.0,86.6,35.0,5.1
2024-04-07 09:00:00,29.2,0.0,78.2,35.0,6.0
2024-04-07 10:00:00,30.4,0.0,73.3,40.0,5.2
2024-04-07 11:00:00,31.2,0.0,68.1,73.0,7.2
2024-04-07 12:00:00,32.4,0.0,61.3,70.0,6.0
2024-04-07 13:00:00,33.5,0.0,55.9,52.0,4.2
2024-04-07 14:00:00,32.8,0.0,61.2,19.0,7.3
2024-04-07 15:00:00,29.5,0.0,81.1,154.0,5.4
2024-04-07 16:00:00,27.2,0.0,92.7,206.0,4.7
2024-04-07 17:00:00,28.3,0.2,87.9,246.0,3.8
2024-04-07 18:00:00,28.3,0.0,87.7,256.0,3.0
2024-04-07 19:00:00,30.1,0.0,72.1,76.0,6.5
2024-04-07 20:00:00,29.6,0.0,73.9,62.0,5.9
2024-04-07 21:00:00,29.3,0.0,76.7,81.0,7.5
2024-04-07 22:00:00,29.0,0.0,78.5,68.0,5.0
2024-04-07 23:00:00,29.0,0.0,80.3,64.0,5.9
2024-04-08 00:00:00,28.9,0.0,79.9,68.0,6.1
2024-04-08 01:00:00,28.9,0.0,80.0,70.0,5.4
2024-04-08 02:00:00,28.8,0.0,81.7,95.0,2.3
2024-04-08 03:00:00,28.6,0.0,83.9,184.0,1.6
2024-04-08 04:00:00,28.8,0.0,83.3,124.0,3.1
2024-04-08 05:00:00,28.8,0.0,84.6,112.0,3.1
2024-04-08 06:00:00,28.9,0.0,84.7,71.0,3.4
2024-04-08 07:00:00,28.9,0.0,84.5,96.0,3.5
2024-04-08 08:00:00,29.2,0.0,85.0,91.0,2.5
2024-04-08 09:00:00,29.3,0.0,84.2,334.0,4.1
2024-04-08 10:00:00,30.1,0.0,76.6,323.0,4.4
2024-04-08 11:00:00,31.4,0.0,66.1,340.0,4.5
2024-04-08 12:00:00,31.7,0.0,64.0,302.0,5.6
2024-04-08 13:00:00,32.5,0.0,64.5,266.0,4.6
2024-04-08 14:00:00,28.9,0.8,70.9,316.0,8.10001
2024-04-08 15:00:00,24.6,1.8,99.4,75.0,2.6
2024-04-08 16:00:00,25.4,0.2,99.4,130.0,1.0
2024-04-08 17:00:00,28.6,0.0,83.4,86.0,1.5
2024-04-08 18:00:00,29.2,0.0,80.0,311.0,2.0
2024-04-08 19:00:00,28.7,0.0,79.6,305.0,1.0
2024-04-08 20:00:00,27.7,0.0,88.6,232.0,3.2
2024-04-08 21:00:00,28.1,0.0,86.3,40.0,2.6
2024-04-08 22:00:00,27.9,0.0,84.6,281.0,1.4
2024-04-08 23:00:00,27.9,0.0,89.1,291.0,2.2
2024-04-09 00:00:00,28.0,0.0,85.4,298.0,2.3
2024-04-09 01:00:00,27.6,0.0,93.8,264.0,1.5
2024-04-09 02:00:00,27.2,0.0,95.6,285.0,2.6
2024-04-09 03:00:00,27.2,0.0,94.0,300.0,3.4
2024-04-09 04:00:00,27.1,0.0,95.4,259.0,2.3
2024-04-09 05:00:00,27.0,0.0,95.8,293.0,2.8
2024-04-09 06:00:00,26.8,0.0,96.8,8.0,1.5
2024-04-09 07:00:00,26.4,0.0,99.3,26.0,3.6
2024-04-09 08:00:00,27.3,0.0,94.1,3.0,2.1
2024-04-09 09:00:00,28.7,0.0,84.1,327.0,3.2
2024-04-09 10:00:00,30.5,0.0,75.8,19.0,3.2
2024-04-09 11:00:00,32.6,0.0,62.4,97.0,3.6
2024-04-09 12:00:00,32.5,0.0,56.2,46.0,3.8
2024-04-09 13:00:00,33.2,0.0,55.9,67.0,5.2
2024-04-09 14:00:00,33.3,0.0,57.1,81.0,7.3
2024-04-09 15:00:00,33.8,0.0,53.5,39.0,10.4
2024-04-09 16:00:00,34.1,0.0,51.9,78.0,7.6
2024-04-09 17:00:00,33.2,0.0,55.8,56.0,6.7
2024-04-09 18:00:00,32.1,0.0,60.2,73.0,7.0
2024-04-09 19:00:00,30.8,0.0,69.0,53.0,9.60001
2024-04-09 20:00:00,30.0,0.0,74.8,62.0,6.6
2024-04-09 21:00:00,29.6,0.0,78.0,51.0,6.1
2024-04-09 22:00:00,29.4,0.0,79.4,62.0,6.5
2024-04-09 23:00:00,29.2,0.0,82.1,52.0,7.2
2024-04-10 00:00:00,29.3,0.0,82.5,63.0,3.3
2024-04-10 01:00:00,28.9,0.0,83.7,61.0,4.9
2024-04-10 02:00:00,28.7,0.0,80.8,26.0,2.3
2024-04-10 03:00:00,28.3,0.0,85.8,5.0,3.8
2024-04-10 04:00:00,28.2,0.0,87.2,7.0,1.8
2024-04-10 05:00:00,28.0,0.0,88.9,355.0,2.7
2024-04-10 06:00:00,27.9,0.0,90.7,19.0,2.8
2024-04-10 07:00:00,27.6,0.0,92.7,352.0,4.1
2024-04-10 08:00:00,27.2,0.0,92.5,356.0,3.7
2024-04-10 09:00:00,27.6,0.0,85.0,336.0,2.6
2024-04-10 10:00:00,28.1,0.0,83.4,286.0,3.8
2024-04-10 11:00:00,28.8,0.0,82.1,290.0,1.1
2024-04-10 12:00:00,28.5,0.0,88.3,56.0,5.0
2024-04-10 13:00:00,30.0,0.0,79.9,12.0,3.9
2024-04-10 14:00:00,31.2,0.0,69.5,104.0,3.7
2024-04-10 15:00:00,31.6,0.0,66.5,101.0,6.2
2024-04-10 16:00:00,28.0,0.0,85.5,357.0,8.60001
2024-04-10 17:00:00,27.7,0.0,98.5,16.0,4.3
2024-04-10 18:00:00,28.4,0.0,87.2,14.0,10.0
2024-04-10 19:00:00,28.3,0.0,82.9,18.0,6.2
2024-04-10 20:00:00,28.1,0.0,83.8,6.0,6.3
2024-04-10 21:00:00,27.9,0.0,86.9,332.0,2.4
2024-04-10 22:00:00,27.4,0.0,96.1,290.0,3.7
2024-04-10 23:00:00,27.5,0.0,90.0,7.0,2.4
2024-04-11 00:00:00,27.4,0.0,90.2,320.0,3.2
2024-04-11 01:00:00,27.4,0.0,90.0,324.0,2.7
2024-04-11 02:00:00,27.0,0.0,94.8,265.0,2.8
2024-04-11 03:00:00,26.7,0.0,98.7,75.0,0.8
2024-04-11 04:00:00,27.0,0.0,94.9,62.0,2.1
2024-04-11 05:00:00,26.4,0.2,99.3,118.0,3.4
2024-04-11 06:00:00,26.1,0.2,99.3,86.0,6.8
2024-04-11 07:00:00,26.1,0.0,99.3,97.0,4.7
2024-04-11 08:00:00,26.4,0.0,99.4,87.0,5.3
2024-04-11 09:00:00,26.9,0.0,98.6,107.0,2.5
2024-04-11 10:00:00,27.6,0.0,95.1,97.0,2.7
2024-04-11 11:00:00,27.0,0.2,99.3,103.0,4.7
2024-04-11 12:00:00,28.8,0.0,89.3,299.0,0.8
2024-04-11 13:00:00,28.8,0.0,86.0,90.0,7.6
2024-04-11 14:00:00,31.1,0.0,68.6,58.0,9.5
2024-04-11 15:00:00,30.9,0.0,63.8,65.0,10.4
2024-04-11 16:00:00,30.9,0.0,63.4,55.0,9.89999
2024-04-11 17:00:00,31.0,0.0,61.0,43.0,13.4
2024-04-11 18:00:00,30.3,0.0,68.0,79.0,10.0
2024-04-11 19:00:00,29.7,0.0,72.9,68.0,7.0
2024-04-11 20:00:00,29.1,0.0,78.0,45.0,6.3
2024-04-11 21:00:00,,0.0,,,
2024-04-11 22:00:00,28.6,0.0,82.8,23.0,4.5
2024-04-11 23:00:00,28.5,0.0,82.2,1.0,4.8
2024-04-12 00:00:00,28.2,0.0,82.3,359.0,4.3
2024-04-12 01:00:00,28.1,0.0,83.1,359.0,3.9
2024-04-12 02:00:00,27.8,0.0,84.1,351.0,3.9
2024-04-12 03:00:00,27.7,0.0,86.3,4.0,3.9
2024-04-12 04:00:00,26.2,0.0,99.3,340.0,3.8
2024-04-12 05:00:00,26.5,0.0,97.3,16.0,5.4
2024-04-12 06:00:00,26.3,0.0,95.2,49.0,4.8
2024-04-12 07:00:00,26.0,0.2,99.2,14.0,3.0
2024-04-12 08:00:00,26.1,0.0,99.3,359.0,2.5
2024-04-12 09:00:00,26.0,0.2,99.3,74.0,4.4
2024-04-12 10:00:00,25.0,0.4,99.4,91.0,5.5
2024-04-12 11:00:00,24.6,0.2,99.4,71.0,3.8
2024-04-12 12:00:00,24.9,0.2,99.4,88.0,4.4
2024-04-12 13:00:00,24.7,0.0,99.4,9.0,7.5
2024-04-12 14:00:00,24.8,0.0,99.4,87.0,4.1
2024-04-12 15:00:00,24.9,0.0,99.4,8.0,6.1
2024-04-12 16:00:00,25.6,0.0,99.0,15.0,9.0
2024-04-12 17:00:00,26.3,0.0,93.2,8.0,5.6
2024-04-12 18:00:00,26.8,0.0,85.1,6.0,4.8
2024-04-12 19:00:00,26.6,0.0,87.6,37.0,4.3
2024-04-12 20:00:00,26.1,0.0,92.4,53.0,7.8
2024-04-12 21:00:00,26.0,0.0,96.2,51.0,5.5
2024-04-12 22:00:00,25.8,0.0,98.8,332.0,1.2
2024-04-12 23:00:00,26.0,0.0,96.1,49.0,1.6
2024-04-13 00:00:00,26.4,0.0,92.7,82.0,1.2
2024-04-13 01:00:00,26.0,0.0,95.6,3.0,3.2
2024-04-13 02:00:00,25.9,0.0,98.1,11.0,3.2
2024-04-13 03:00:00,25.7,0.0,99.3,18.0,3.1
2024-04-13 04:00:00,25.7,0.0,98.7,1.0,3.0
2024-04-13 05:00:00,25.9,0.0,97.6,54.0,2.2
2024-04-13 06:00:00,26.2,0.0,94.0,42.0,3.3
2024-04-13 07:00:00,26.4,0.0,93.0,57.0,5.4
2024-04-13 08:00:00,27.3,0.0,89.8,64.0,3.6
2024-04-13 09:00:00,28.9,0.0,81.3,57.0,5.3
2024-04-13 10:00:00,29.5,0.0,79.8,52.0,6.5
2024-04-13 11:00:00,30.7,0.0,68.2,53.0,8.2
2024-04-13 12:00:00,30.7,0.0,69.6,57.0,7.8
2024-04-13 13:00:00,32.1,0.0,61.0,52.0,7.0
2024-04-13 14:00:00,32.2,0.0,64.2,25.0,6.6
2024-04-13 15:00:00,32.5,0.0,59.8,32.0,7.4
2024-04-13 16:00:00,32.4,0.0,56.7,52.0,9.89999
2024-04-13 17:00:00,32.2,0.0,57.6,42.0,9.5
2024-04-13 18:00:00,30.7,0.0,66.6,73.0,9.8
2024-04-13 19:00:00,30.1,0.0,70.0,50.0,5.9
2024-04-13 20:00:00,29.5,0.0,74.3,46.0,6.0
2024-04-13 21:00:00,28.1,0.0,86.1,264.0,2.7
2024-04-13 22:00:00,28.1,0.0,88.4,349.0,2.6
2024-04-13 23:00:00,27.9,0.0,86.7,329.0,1.4
2024-04-14 00:00:00,28.0,0.0,86.3,15.0,4.7
2024-04-14 01:00:00,27.8,0.0,86.6,51.0,4.7
2024-04-14 02:00:00,27.6,0.0,87.8,43.0,3.5
2024-04-14 03:00:00,27.5,0.0,91.1,33.0,2.4
2024-04-14 04:00:00,27.3,0.0,91.2,8.0,3.9
2024-04-14 05:00:00,27.4,0.0,89.0,16.0,0.7
2024-04-14 06:00:00,27.3,0.0,89.5,54.0,2.5
2024-04-14 07:00:00,27.2,0.0,89.5,65.0,3.9
2024-04-14 08:00:00,27.6,0.0,88.1,62.0,3.3
2024-04-14 09:00:00,27.8,0.0,90.7,63.0,3.6
2024-04-14 10:00:00,28.8,0.0,83.6,88.0,2.4
2024-04-14 11:00:00,29.7,0.0,77.9,72.0,6.2
2024-04-14 12:00:00,31.1,0.0,70.6,115.0,3.3
2024-04-14 13:00:00,29.4,0.0,81.2,79.0,5.2
2024-04-14 14:00:00,28.2,0.0,81.1,59.0,8.60001
2024-04-14 15:00:00,28.4,0.0,79.0,54.0,4.6
2024-04-14 16:00:00,28.3,0.0,79.2,57.0,6.5
2024-04-14 17:00:00,28.7,0.0,84.8,47.0,6.1
2024-04-14 18:00:00,28.6,0.0,81.4,41.0,4.8
2024-04-14 19:00:00,28.6,0.0,83.3,31.0,3.5
2024-04-14 20:00:00,28.3,0.0,82.8,47.0,4.2
2024-04-14 21:00:00,27.8,0.0,87.9,55.0,4.5
2024-04-14 22:00:00,27.6,0.0,89.8,57.0,4.3
2024-04-14 23:00:00,27.6,0.0,89.3,45.0,3.4
2024-04-15 00:00:00,27.5,0.0,89.7,53.0,3.0
2024-04-15 01:00:00,27.6,0.0,90.2,60.0,4.1
2024-04-15 02:00:00,27.7,0.0,90.1,53.0,3.5
2024-04-15 03:00:00,27.4,0.0,93.0,352.0,0.8
2024-04-15 04:00:00,27.3,0.0,94.0,2.0,2.0
2024-04-15 05:00:00,27.3,0.0,94.3,47.0,3.9
2024-04-15 06:00:00,26.9,0.0,97.9,3.0,2.4
2024-04-15 07:00:00,26.8,0.0,98.8,50.0,1.6
2024-04-15 08:00:00,27.6,0.0,94.4,99.0,3.3
2024-04-15 09:00:00,27.9,0.0,87.0,97.0,5.4
2024-04-15 10:00:00,28.5,0.0,86.4,101.0,2.7
2024-04-15 11:00:00,27.6,0.0,92.2,65.0,5.7
2024-04-15 12:00:00,28.8,0.0,81.2,53.0,2.5
2024-04-15 13:00:00,29.8,0.0,75.5,101.0,5.0
2024-04-15 14:00:00,30.6,0.0,70.7,114.0,6.1
2024-04-15 15:00:00,30.6,0.0,73.3,81.0,6.8
2024-04-15 16:00:00,30.9,0.0,68.9,94.0,6.4
2024-04-15 17:00:00,31.1,0.0,67.2,109.0,10.6
2024-04-15 18:00:00,30.7,0.0,69.3,88.0,5.7
2024-04-15 19:00:00,30.0,0.0,74.4,65.0,4.8
2024-04-15 20:00:00,29.4,0.0,78.5,80.0,7.4
2024-04-15 21:00:00,28.9,0.0,82.4,60.0,6.5
2024-04-15 22:00:00,28.8,0.0,83.6,72.0,4.5
2024-04-15 23:00:00,28.6,0.0,85.0,67.0,4.7
2024-04-16 00:00:00,28.6,0.0,84.7,68.0,5.1
2024-04-16 01:00:00,28.5,0.0,85.5,107.0,4.3
2024-04-16 02:00:00,28.4,0.0,89.6,102.0,5.2
2024-04-16 03:00:00,28.3,0.0,88.5,91.0,5.1
2024-04-16 04:00:00,28.0,0.0,90.7,64.0,5.1
2024-04-16 05:00:00,27.8,0.0,91.7,55.0,3.2
2024-04-16 06:00:00,27.4,0.0,96.0,1.0,3.2
2024-04-16 07:00:00,27.6,0.0,94.4,34.0,3.5
2024-04-16 08:00:00,28.4,0.0,88.8,76.0,3.9
2024-04-16 09:00:00,28.4,0.0,89.8,98.0,5.7
2024-04-16 10:00:00,28.9,0.0,84.7,76.0,4.0
2024-04-16 11:00:00,29.3,0.0,82.3,109.0,3.6
2024-04-16 12:00:00,27.7,0.0,88.9,133.0,5.8
2024-04-16 13:00:00,26.7,0.0,93.8,59.0,7.0
2024-04-16 14:00:00,27.3,0.0,90.0,48.0,5.0
2024-04-16 15:00:00,27.4,0.0,88.8,49.0,5.0
2024-04-16 16:00:00,27.2,0.0,89.9,93.0,3.9
2024-04-16 17:00:00,27.3,0.0,92.7,104.0,2.5
2024-04-16 18:00:00,27.6,0.0,88.6,81.0,3.7
2024-04-16 19:00:00,27.6,0.0,90.4,132.0,4.5
2024-04-16 20:00:00,27.4,0.0,92.1,134.0,2.7
2024-04-16 21:00:00,27.5,0.0,91.1,100.0,2.2
2024-04-16 22:00:00,27.7,0.0,90.6,19.0,2.5
2024-04-16 23:00:00,27.0,0.0,97.1,66.0,4.8
2024-04-17 00:00:00,27.0,0.0,92.3,76.0,3.6
2024-04-17 01:00:00,26.7,0.0,93.4,86.0,1.5
2024-04-17 02:00:00,26.8,0.0,90.5,66.0,2.8
2024-04-17 03:00:00,26.7,0.0,90.5,177.0,1.4
2024-04-17 04:00:00,26.8,0.0,91.1,26.0,2.0
2024-04-17 05:00:00,26.4,0.0,92.9,287.0,1.1
2024-04-17 06:00:00,26.6,0.0,93.2,252.0,1.8
2024-04-17 07:00:00,27.0,0.0,91.8,229.0,1.3
2024-04-17 08:00:00,26.9,0.0,94.8,318.0,3.4
2024-04-17 09:00:00,28.2,0.0,82.6,279.0,4.2
2024-04-17 10:00:00,29.4,0.0,76.9,239.0,5.0
2024-04-17 11:00:00,27.6,0.0,83.9,222.0,7.6
2024-04-17 12:00:00,27.4,0.0,82.5,256.0,7.4
2024-04-17 13:00:00,28.6,0.0,75.3,282.0,6.6
2024-04-17 14:00:00,30.5,0.0,65.2,255.0,4.8
2024-04-17 15:00:00,31.3,0.0,62.5,289.0,5.5
2024-04-17 16:00:00,31.5,0.0,58.8,262.0,4.0
2024-04-17 17:00:00,30.8,0.0,70.3,62.0,3.3
2024-04-17 18:00:00,28.8,0.0,84.0,58.0,6.4
2024-04-17 19:00:00,29.0,0.0,82.2,111.0,2.7
2024-04-17 20:00:00,28.3,0.0,87.0,6.0,3.7
2024-04-17 21:00:00,28.1,0.0,89.3,38.0,5.1
2024-04-17 22:00:00,27.7,0.0,92.5,333.0,3.6
2024-04-17 23:00:00,27.7,0.0,91.3,304.0,2.8
2024-04-18 00:00:00,27.5,0.0,91.5,323.0,0.6
2024-04-18 01:00:00,27.1,0.0,90.8,358.0,3.0
2024-04-18 02:00:00,27.0,0.0,91.3,17.0,2.6
2024-04-18 03:00:00,26.5,0.0,91.6,7.0,3.1
2024-04-18 04:00:00,26.8,0.0,90.7,55.0,1.3
2024-04-18 05:00:00,26.6,0.0,92.9,18.0,2.8
2024-04-18 06:00:00,26.5,0.0,95.0,359.0,2.6
2024-04-18 07:00:00,26.3,0.0,93.5,12.0,4.3
2024-04-18 08:00:00,27.2,0.0,91.1,12.0,2.4
2024-04-18 09:00:00,28.7,0.0,81.9,318.0,1.9
2024-04-18 10:00:00,29.4,0.0,79.7,335.0,3.6
2024-04-18 11:00:00,30.3,0.0,71.7,192.0,4.3
2024-04-18 12:00:00,32.1,0.0,62.0,178.0,3.1
2024-04-18 13:00:00,31.1,0.0,66.0,143.0,7.0
2024-04-18 14:00:00,32.0,0.0,62.9,172.0,4.7
2024-04-18 15:00:00,33.0,0.0,57.6,181.0,3.2
2024-04-18 16:00:00,31.0,0.0,70.3,358.0,7.6
2024-04-18 17:00:00,31.4,0.0,66.1,114.0,2.9
2024-04-18 18:00:00,31.6,0.0,61.5,102.0,4.1
2024-04-18 19:00:00,31.4,0.0,59.2,86.0,4.0
2024-04-18 20:00:00,29.4,0.0,80.6,74.0,6.9
2024-04-18 21:00:00,29.1,0.0,80.2,72.0,4.9
2024-04-18 22:00:00,29.0,0.0,80.8,83.0,3.3
2024-04-18 23:00:00,28.8,0.0,81.3,54.0,3.4
2024-04-19 00:00:00,28.5,0.0,83.5,14.0,2.0
2024-04-19 01:00:00,28.3,0.0,85.5,2.0,2.5
2024-04-19 02:00:00,27.8,0.0,90.1,8.0,3.5
2024-04-19 03:00:00,27.6,0.0,91.0,344.0,1.8
2024-04-19 04:00:00,27.7,0.0,90.8,304.0,1.6
2024-04-19 05:00:00,27.3,0.0,92.1,12.0,2.0
2024-04-19 06:00:00,27.0,0.0,95.4,7.0,2.8
2024-04-19 07:00:00,27.3,0.0,93.5,240.0,0.9
2024-04-19 08:00:00,27.8,0.0,86.4,193.0,1.6
2024-04-19 09:00:00,30.0,0.0,71.7,128.0,1.3
2024-04-19 10:00:00,30.6,0.0,72.5,15.0,1.6
2024-04-19 11:00:00,33.3,0.0,61.1,291.0,1.0
2024-04-19 12:00:00,31.4,0.0,65.9,295.0,2.3
2024-04-19 13:00:00,32.2,0.0,65.4,203.0,2.9
2024-04-19 14:00:00,30.3,0.0,76.6,49.0,4.4
2024-04-19 15:00:00,25.8,1.0,99.4,198.0,3.7
2024-04-19 16:00:00,27.7,0.0,94.5,162.0,2.9
2024-04-19 17:00:00,29.1,0.0,87.2,120.0,2.3
2024-04-19 18:00:00,29.4,0.0,86.8,102.0,4.0
2024-04-19 19:00:00,29.6,0.0,82.2,92.0,3.7
2024-04-19 20:00:00,29.2,0.0,86.8,89.0,5.0
2024-04-19 21:00:00,29.1,0.0,84.2,93.0,4.6
2024-04-19 22:00:00,28.7,0.0,89.0,64.0,2.7
2024-04-19 23:00:00,28.4,0.0,92.5,30.0,3.7
2024-04-20 00:00:00,28.4,0.0,95.3,70.0,2.1
2024-04-20 01:00:00,28.7,0.0,89.2,104.0,3.0
2024-04-20 02:00:00,27.9,0.0,96.0,5.0,1.6
2024-04-20 03:00:00,27.7,0.0,97.2,11.0,2.4
2024-04-20 04:00:00,27.5,0.0,98.7,17.0,2.0
2024-04-20 05:00:00,27.9,0.0,95.5,60.0,3.3
2024-04-20 06:00:00,27.3,0.0,99.3,31.0,3.0
2024-04-20 07:00:00,27.2,0.0,99.3,12.0,1.7
2024-04-20 08:00:00,28.0,0.0,95.5,331.0,2.6
2024-04-20 09:00:00,29.8,0.0,81.4,10.0,1.7
2024-04-20 10:00:00,28.6,0.0,88.9,278.0,7.0
2024-04-20 11:00:00,29.5,0.0,83.0,296.0,7.4
2024-04-20 12:00:00,29.7,0.0,72.7,223.0,5.3
2024-04-20 13:00:00,30.5,0.0,73.1,240.0,5.3
2024-04-20 14:00:00,31.6,0.0,67.8,254.0,3.7
2024-04-20 15:00:00,30.5,0.0,70.9,244.0,6.7
2024-04-20 16:00:00,29.8,0.0,77.5,344.0,4.3
2024-04-20 17:00:00,25.3,0.6,99.4,49.0,3.1
2024-04-20 18:00:00,25.3,0.0,99.4,51.0,5.0
2024-04-20 19:00:00,26.0,0.0,99.3,181.0,1.8
2024-04-20 20:00:00,26.0,0.0,99.3,198.0,1.2
2024-04-20 21:00:00,26.5,0.0,94.8,328.0,1.4
2024-04-20 22:00:00,26.9,0.0,96.7,280.0,1.5
2024-04-20 23:00:00,27.1,0.0,98.5,210.0,1.9
2024-04-21 00:00:00,27.1,0.0,97.8,206.0,1.4
2024-04-21 01:00:00,27.1,0.0,97.7,275.0,3.8
2024-04-21 02:00:00,26.6,0.0,99.3,243.0,0.9
2024-04-21 03:00:00,26.7,0.0,98.6,297.0,1.9
2024-04-21 04:00:00,26.6,0.0,99.3,286.0,2.2
2024-04-21 05:00:00,26.5,0.0,99.4,292.0,2.7
2024-04-21 06:00:00,26.4,0.0,99.4,303.0,2.6
2024-04-21 07:00:00,26.6,0.0,99.4,287.0,2.0
2024-04-21 08:00:00,27.3,0.0,99.3,318.0,1.4
2024-04-21 09:00:00,28.1,0.0,92.9,302.0,1.9
2024-04-21 10:00:00,29.7,0.0,75.7,305.0,3.4
2024-04-21 11:00:00,30.9,0.0,71.4,327.0,3.8
2024-04-21 12:00:00,31.5,0.0,66.3,274.0,3.9
2024-04-21 13:00:00,33.5,0.0,58.1,234.0,2.4
2024-04-21 14:00:00,33.5,0.0,57.7,320.0,3.5
2024-04-21 15:00:00,34.7,0.0,53.6,318.0,2.2
2024-04-21 16:00:00,32.5,0.0,66.7,199.0,5.3
2024-04-21 17:00:00,26.7,0.2,94.1,54.0,11.8
2024-04-21 18:00:00,26.3,0.0,99.4,144.0,3.9
2024-04-21 19:00:00,26.7,0.0,98.6,89.0,1.9
2024-04-21 20:00:00,27.2,0.0,99.4,312.0,1.2
2024-04-21 21:00:00,27.9,0.0,97.6,89.0,1.4
2024-04-21 22:00:00,27.5,0.0,97.6,35.0,2.8
2024-04-21 23:00:00,27.4,0.0,98.1,10.0,2.3
2024-04-22 00:00:00,27.5,0.0,96.4,359.0,2.5
2024-04-22 01:00:00,27.4,0.0,97.1,3.0,2.4
2024-04-22 02:00:00,27.2,0.0,98.4,59.0,2.3
2024-04-22 03:00:00,27.2,0.0,97.6,22.0,1.9
2024-04-22 04:00:00,27.1,0.0,98.1,42.0,2.2
2024-04-22 05:00:00,27.2,0.0,97.8,68.0,2.3
2024-04-22 06:00:00,27.2,0.0,99.1,71.0,3.3
2024-04-22 07:00:00,26.5,0.0,99.4,327.0,3.2
2024-04-22 08:00:00,27.6,0.0,98.3,16.0,1.7
2024-04-22 09:00:00,29.2,0.0,88.1,2.0,2.0
2024-04-22 10:00:00,30.1,0.0,82.5,4.0,3.1
2024-04-22 11:00:00,30.6,0.0,72.9,329.0,3.5
2024-04-22 12:00:00,31.7,0.0,67.0,347.0,3.8
2024-04-22 13:00:00,33.4,0.0,60.5,207.0,2.9
2024-04-22 14:00:00,33.0,0.0,64.3,207.0,2.9
2024-04-22 15:00:00,31.8,0.0,70.7,185.0,3.8
2024-04-22 16:00:00,27.3,0.6,99.1,114.0,3.1
2024-04-22 17:00:00,28.0,0.0,90.8,278.0,1.4
2024-04-22 18:00:00,28.9,0.0,85.0,185.0,0.8
2024-04-22 19:00:00,28.8,0.0,88.4,317.0,0.9
2024-04-22 20:00:00,29.0,0.0,89.2,166.0,1.3
2024-04-22 21:00:00,28.1,0.0,93.1,253.0,3.1
2024-04-22 22:00:00,28.4,0.0,94.1,194.0,1.3
2024-04-22 23:00:00,28.2,0.0,94.8,288.0,1.9
2024-04-23 00:00:00,28.5,0.0,95.2,90.0,2.4
2024-04-23 01:00:00,28.2,0.0,98.0,354.0,2.8
2024-04-23 02:00:00,27.8,0.0,98.3,5.0,3.1
2024-04-23 03:00:00,27.7,0.0,99.3,55.0,2.4
2024-04-23 04:00:00,27.7,0.0,98.7,48.0,3.7
2024-04-23 05:00:00,27.2,0.0,99.4,37.0,2.3
2024-04-23 06:00:00,26.9,0.0,99.4,4.0,1.5
2024-04-23 07:00:00,27.0,0.0,99.4,36.0,1.5
2024-04-23 08:00:00,27.9,0.0,99.3,40.0,2.2
2024-04-23 09:00:00,29.8,0.0,87.0,76.0,2.0
2024-04-23 10:00:00,31.7,0.0,75.0,59.0,1.8
2024-04-23 11:00:00,30.6,0.0,80.6,200.0,2.0
2024-04-23 12:00:00,32.5,0.0,63.3,147.0,2.1
2024-04-23 13:00:00,32.4,0.0,64.0,342.0,2.8
2024-04-23 14:00:00,32.8,0.0,59.0,342.0,5.4
2024-04-23 15:00:00,29.9,0.0,78.1,198.0,4.6
2024-04-23 16:00:00,33.2,0.0,60.3,182.0,2.9
2024-04-23 17:00:00,27.3,6.4,94.7,232.0,4.2
2024-04-23 18:00:00,30.1,0.0,82.5,202.0,3.2
2024-04-23 19:00:00,30.3,0.0,77.8,191.0,3.9
2024-04-23 20:00:00,29.9,0.0,77.0,190.0,2.7
2024-04-23 21:00:00,30.0,0.0,74.0,129.0,3.9
2024-04-23 22:00:00,29.7,0.0,80.9,69.0,3.7
2024-04-23 23:00:00,29.5,0.0,81.9,91.0,4.8
2024-04-24 00:00:00,28.2,0.0,88.6,16.0,3.1
2024-04-24 01:00:00,28.5,0.0,89.7,54.0,2.8
2024-04-24 02:00:00,28.4,0.0,90.5,15.0,2.0
2024-04-24 03:00:00,27.9,0.0,96.2,304.0,2.1
2024-04-24 04:00:00,27.8,0.0,94.9,328.0,1.3
2024-04-24 05:00:00,27.5,0.0,95.3,61.0,2.5
2024-04-24 06:00:00,27.2,0.0,99.0,21.0,2.5
2024-04-24 07:00:00,27.1,0.0,99.3,5.0,2.6
2024-04-24 08:00:00,29.1,0.0,88.7,77.0,0.4
2024-04-24 09:00:00,29.3,0.0,89.1,303.0,2.1
2024-04-24 10:00:00,31.2,0.0,74.7,154.0,2.1
2024-04-24 11:00:00,31.1,0.0,70.8,178.0,6.4
2024-04-24 12:00:00,31.9,0.0,66.2,202.0,5.0
2024-04-24 13:00:00,29.6,0.0,84.4,328.0,4.6
2024-04-24 14:00:00,31.2,0.0,74.1,336.0,3.1
2024-04-24 15:00:00,32.5,0.0,62.8,122.0,3.9
2024-04-24 16:00:00,32.5,0.0,58.8,111.0,5.5
2024-04-24 17:00:00,33.3,0.0,54.5,184.0,3.1
2024-04-24 18:00:00,32.1,0.0,60.4,137.0,3.3
2024-04-24 19:00:00,30.9,0.0,67.8,206.0,2.4
2024-04-24 20:00:00,29.6,0.0,80.7,280.0,3.7
2024-04-24 21:00:00,29.4,0.0,78.9,249.0,1.6
2024-04-24 22:00:00,29.6,0.0,79.7,213.0,1.6
2024-04-24 23:00:00,29.4,0.0,80.7,193.0,2.4
2024-04-25 00:00:00,29.3,0.0,81.7,170.0,2.9
2024-04-25 01:00:00,29.2,0.0,80.0,192.0,1.6
2024-04-25 02:00:00,29.2,0.0,81.8,136.0,1.6
2024-04-25 03:00:00,28.6,0.0,92.8,357.0,1.7
2024-04-25 04:00:00,28.8,0.0,87.8,116.0,3.3
2024-04-25 05:00:00,28.6,0.0,87.6,126.0,4.7
2024-04-25 06:00:00,28.5,0.0,90.1,91.0,4.6
2024-04-25 07:00:00,28.3,0.0,93.8,78.0,2.1
2024-04-25 08:00:00,29.1,0.0,89.1,103.0,2.6
2024-04-25 09:00:00,29.8,0.0,83.0,115.0,3.6
2024-04-25 10:00:00,31.1,0.0,74.3,81.0,4.2
2024-04-25 11:00:00,32.2,0.0,64.9,108.0,3.5
2024-04-25 12:00:00,32.3,0.0,60.0,118.0,6.0
2024-04-25 13:00:00,32.4,0.0,63.6,164.0,5.1
2024-04-25 14:00:00,33.6,0.0,56.3,175.0,4.7
2024-04-25 15:00:00,34.5,0.0,49.8,184.0,4.4
2024-04-25 16:00:00,33.6,0.0,53.9,122.0,9.3
2024-04-25 17:00:00,32.5,0.0,55.8,94.0,9.39999
2024-04-25 18:00:00,31.6,0.0,60.3,132.0,5.4
2024-04-25 19:00:00,31.2,0.0,60.4,191.0,3.5
2024-04-25 20:00:00,29.2,0.0,81.7,315.0,2.9
2024-04-25 21:00:00,28.2,0.0,91.5,342.0,3.3
2024-04-25 22:00:00,28.9,0.0,84.1,46.0,2.0
2024-04-25 23:00:00,28.4,0.0,87.9,22.0,3.0
2024-04-26 00:00:00,28.5,0.0,87.6,351.0,2.2
2024-04-26 01:00:00,28.2,0.0,90.4,7.0,3.8
2024-04-26 02:00:00,27.5,0.0,94.2,2.0,1.0
2024-04-26 03:00:00,27.6,0.0,92.9,13.0,4.0
2024-04-26 04:00:00,27.7,0.0,92.2,41.0,2.8
2024-04-26 05:00:00,27.5,0.0,93.8,21.0,3.6
2024-04-26 06:00:00,27.4,0.0,94.7,347.0,2.4
2024-04-26 07:00:00,27.4,0.0,94.9,356.0,2.7
2024-04-26 08:00:00,28.2,0.0,92.3,357.0,1.8
2024-04-26 09:00:00,31.2,0.0,71.4,128.0,1.6
2024-04-26 10:00:00,31.7,0.0,66.2,199.0,2.6
2024-04-26 11:00:00,32.2,0.0,64.2,17.0,2.8
2024-04-26 12:00:00,32.1,0.0,63.7,130.0,3.1
2024-04-26 13:00:00,33.4,0.0,56.1,5.0,2.8
2024-04-26 14:00:00,34.0,0.0,55.5,30.0,1.8
2024-04-26 15:00:00,33.7,0.0,52.5,104.0,3.7
2024-04-26 16:00:00,31.8,0.0,67.8,242.0,8.89999
2024-04-26 17:00:00,25.8,2.4,99.4,301.0,11.9
2024-04-26 18:00:00,26.8,0.0,96.8,228.0,3.4
2024-04-26 19:00:00,27.9,0.0,87.2,332.0,4.2
2024-04-26 20:00:00,28.0,0.0,89.8,29.0,1.9
2024-04-26 21:00:00,29.0,0.0,84.4,82.0,3.1
2024-04-26 22:00:00,29.0,0.0,86.8,44.0,3.3
2024-04-26 23:00:00,29.1,0.0,85.4,72.0,2.9
2024-04-27 00:00:00,28.9,0.0,87.5,55.0,3.6
2024-04-27 01:00:00,28.4,0.0,91.5,336.0,2.3
2024-04-27 02:00:00,28.0,0.0,95.6,273.0,2.7
2024-04-27 03:00:00,27.7,0.0,97.0,292.0,1.1
2024-04-27 04:00:00,27.6,0.0,97.5,17.0,3.6
2024-04-27 05:00:00,27.8,0.0,97.1,51.0,3.5
2024-04-27 06:00:00,27.4,0.0,98.9,1.0,2.7
2024-04-27 07:00:00,27.1,0.0,99.4,5.0,3.1
2024-04-27 08:00:00,28.0,0.0,98.5,359.0,1.6
2024-04-27 09:00:00,28.9,0.0,91.8,330.0,2.8
2024-04-27 10:00:00,30.1,0.0,84.1,345.0,2.0
2024-04-27 11:00:00,32.2,0.0,64.7,34.0,3.8
2024-04-27 12:00:00,33.2,0.0,60.1,80.0,2.8
2024-04-27 13:00:00,32.7,0.0,56.2,322.0,2.7
2024-04-27 14:00:00,34.6,0.0,51.2,338.0,1.2
2024-04-27 15:00:00,30.2,0.0,74.8,42.0,4.2
2024-04-27 16:00:00,34.0,0.0,58.1,347.0,2.3
2024-04-27 17:00:00,32.7,0.0,63.6,139.0,2.1
2024-04-27 18:00:00,28.5,0.2,84.2,276.0,8.39999
2024-04-27 19:00:00,28.4,0.0,88.8,254.0,1.8
2024-04-27 20:00:00,28.2,0.0,92.1,246.0,2.4
2024-04-27 21:00:00,28.5,0.0,89.5,194.0,1.3
2024-04-27 22:00:00,28.8,0.0,87.8,168.0,1.9
2024-04-27 23:00:00,29.5,0.0,83.8,79.0,3.1
2024-04-28 00:00:00,28.6,0.0,91.9,295.0,2.0
2024-04-28 01:00:00,28.4,0.0,93.8,316.0,1.4
2024-04-28 02:00:00,28.1,0.0,97.1,270.0,3.1
2024-04-28 03:00:00,28.0,0.0,96.4,313.0,1.3
2024-04-28 04:00:00,28.0,0.0,98.6,192.0,0.6
2024-04-28 05:00:00,28.2,0.0,95.2,220.0,2.0
2024-04-28 06:00:00,28.4,0.0,90.7,175.0,2.1
2024-04-28 07:00:00,28.0,0.0,94.1,276.0,1.3
2024-04-28 08:00:00,29.3,0.0,85.3,232.0,0.9
2024-04-28 09:00:00,30.4,0.0,75.0,177.0,3.2
2024-04-28 10:00:00,31.0,0.0,73.2,186.0,4.3
2024-04-28 11:00:00,32.0,0.0,68.4,201.0,2.8
2024-04-28 12:00:00,30.1,0.6,84.3,186.0,4.5
2024-04-28 13:00:00,32.5,0.0,66.0,193.0,3.4
2024-04-28 14:00:00,33.3,0.0,57.7,203.0,4.0
2024-04-28 15:00:00,30.9,0.0,71.0,188.0,7.9
2024-04-28 16:00:00,29.3,0.0,76.2,175.0,8.8
2024-04-28 17:00:00,29.3,0.0,84.8,187.0,4.4
2024-04-28 18:00:00,30.0,0.0,84.2,185.0,2.3
2024-04-28 19:00:00,29.2,0.0,84.6,197.0,3.3
2024-04-28 20:00:00,29.0,0.0,83.1,152.0,3.1
2024-04-28 21:00:00,28.9,0.0,84.4,221.0,2.6
2024-04-28 22:00:00,28.9,0.0,85.7,185.0,2.4
2024-04-28 23:00:00,29.0,0.0,85.2,158.0,5.0
2024-04-29 00:00:00,29.0,0.0,84.5,137.0,2.6
2024-04-29 01:00:00,29.0,0.0,80.2,119.0,3.7
2024-04-29 02:00:00,28.7,0.0,83.0,179.0,1.6
2024-04-29 03:00:00,27.8,0.0,92.2,6.0,3.1
2024-04-29 04:00:00,27.5,0.0,95.1,4.0,3.0
2024-04-29 05:00:00,27.5,0.0,95.5,331.0,2.4
2024-04-29 06:00:00,27.3,0.0,98.2,26.0,1.7
2024-04-29 07:00:00,26.9,0.0,99.4,24.0,3.5
2024-04-29 08:00:00,27.6,0.0,97.1,5.0,2.9
2024-04-29 09:00:00,30.3,0.0,76.4,151.0,2.5
2024-04-29 10:00:00,30.8,0.0,70.7,92.0,5.4
2024-04-29 11:00:00,32.0,0.0,64.3,111.0,4.3
2024-04-29 12:00:00,33.1,0.0,55.5,102.0,4.5
2024-04-29 13:00:00,33.3,0.0,59.5,167.0,3.9
2024-04-29 14:00:00,32.9,0.0,58.4,92.0,5.1
2024-04-29 15:00:00,33.4,0.0,58.2,70.0,5.9
2024-04-29 16:00:00,33.4,0.0,56.5,98.0,8.60001
2024-04-29 17:00:00,33.2,0.0,57.8,118.0,9.89999
2024-04-29 18:00:00,32.5,0.0,57.9,81.0,10.1
2024-04-29 19:00:00,31.6,0.0,62.7,79.0,6.7
2024-04-29 20:00:00,30.4,0.0,72.0,53.0,5.5
2024-04-29 21:00:00,30.0,0.0,74.8,74.0,4.6
2024-04-29 22:00:00,29.8,0.0,77.8,66.0,3.5
2024-04-29 23:00:00,29.8,0.0,76.0,115.0,4.6
2024-04-30 00:00:00,29.7,0.0,77.0,145.0,2.5
2024-04-30 01:00:00,29.7,0.0,77.9,112.0,3.7
2024-04-30 02:00:00,29.5,0.0,80.6,143.0,2.3
2024-04-30 03:00:00,29.1,0.0,83.8,194.0,1.6
2024-04-30 04:00:00,28.9,0.0,85.3,180.0,1.2
2024-04-30 05:00:00,28.3,0.0,91.5,22.0,1.9
2024-04-30 06:00:00,28.2,0.0,93.7,338.0,1.0
2024-04-30 07:00:00,28.1,0.0,95.4,41.0,1.9
2024-04-30 08:00:00,29.2,0.0,90.7,77.0,1.3
2024-04-30 09:00:00,30.9,0.0,78.3,156.0,2.8
2024-04-30 10:00:00,31.4,0.0,70.0,172.0,4.7
2024-04-30 11:00:00,33.9,0.0,58.1,164.0,1.8
2024-04-30 12:00:00,33.6,0.0,57.4,211.0,2.4
2024-04-30 13:00:00,32.9,0.0,57.7,158.0,5.2
2024-04-30 14:00:00,34.0,0.0,54.1,197.0,3.4
2024-04-30 15:00:00,33.9,0.0,56.2,202.0,4.7
2024-04-30 16:00:00,33.6,0.0,57.4,191.0,3.8
2024-04-30 17:00:00,33.0,0.0,60.1,194.0,4.5
2024-04-30 18:00:00,29.4,0.0,83.6,26.0,6.6
2024-04-30 19:00:00,27.5,0.0,91.4,336.0,3.4
2024-04-30 20:00:00,29.1,0.0,90.1,89.0,4.7
2024-04-30 21:00:00,29.5,0.0,86.8,80.0,3.4
2024-04-30 22:00:00,29.4,0.0,87.8,76.0,5.2
2024-04-30 23:00:00,29.7,0.0,87.4,126.0,3.5
2024-05-01 00:00:00,29.3,0.0,88.4,34.0,3.9
2024-05-01 01:00:00,29.4,0.0,89.6,102.0,4.3
2024-05-01 02:00:00,29.2,0.0,89.7,104.0,4.1
2024-05-01 03:00:00,29.0,0.0,91.5,76.0,3.6
2024-05-01 04:00:00,29.0,0.0,90.8,115.0,2.3
2024-05-01 05:00:00,28.9,0.0,89.7,159.0,2.3
2024-05-01 06:00:00,29.1,0.0,82.5,124.0,4.0
2024-05-01 07:00:00,29.1,0.0,81.9,111.0,3.4
2024-05-01 08:00:00,29.4,0.0,81.7,128.0,5.0
2024-05-01 09:00:00,30.6,0.0,74.4,166.0,2.4
2024-05-01 10:00:00,30.9,0.0,70.1,70.0,4.2
2024-05-01 11:00:00,32.6,0.0,62.2,130.0,2.9
2024-05-01 12:00:00,34.5,0.0,56.3,163.0,1.9
2024-05-01 13:00:00,31.2,0.0,68.9,246.0,6.7
2024-05-01 14:00:00,32.5,0.0,64.2,222.0,3.4
2024-05-01 15:00:00,32.3,0.0,63.0,196.0,4.2
2024-05-01 16:00:00,30.9,0.0,69.6,196.0,4.3
2024-05-01 17:00:00,28.5,0.0,86.5,10.0,7.2
2024-05-01 18:00:00,27.8,0.0,93.2,45.0,1.6
2024-05-01 19:00:00,28.2,0.0,90.5,307.0,1.6
2024-05-01 20:00:00,27.9,0.0,94.3,8.0,1.7
2024-05-01 21:00:00,28.3,0.0,93.4,252.0,1.4
2024-05-01 22:00:00,28.0,0.0,95.6,322.0,2.3
2024-05-01 23:00:00,26.8,0.0,95.6,213.0,5.7
2024-05-02 00:00:00,27.2,0.0,95.1,191.0,1.9
2024-05-02 01:00:00,27.3,0.0,95.4,318.0,1.3
2024-05-02 02:00:00,27.6,0.0,94.8,227.0,1.2
2024-05-02 03:00:00,27.7,0.0,95.2,219.0,2.4
2024-05-02 04:00:00,27.6,0.0,97.6,291.0,1.0
2024-05-02 05:00:00,27.2,0.0,99.3,348.0,2.2
2024-05-02 06:00:00,26.6,0.0,99.4,1.0,3.8
2024-05-02 07:00:00,26.8,0.0,99.4,356.0,1.4
2024-05-02 08:00:00,28.5,0.0,92.7,338.0,1.2
2024-05-02 09:00:00,31.0,0.0,76.1,155.0,1.4
2024-05-02 10:00:00,31.0,0.0,76.3,138.0,3.6
2024-05-02 11:00:00,32.7,0.0,64.7,156.0,1.8
2024-05-02 12:00:00,32.1,0.0,64.1,194.0,2.9
2024-05-02 13:00:00,32.2,0.0,69.2,224.0,5.2
2024-05-02 14:00:00,29.7,0.0,88.7,226.0,4.7
2024-05-02 15:00:00,25.9,0.0,99.3,20.0,8.39999
2024-05-02 16:00:00,26.0,0.0,99.3,344.0,3.6
2024-05-03 10:00:00,31.1,0.0,69.6,194.0,2.0
2024-05-03 11:00:00,31.7,0.0,69.0,112.0,4.6
2024-05-03 12:00:00,31.8,0.0,67.7,186.0,2.2
2024-05-03 13:00:00,32.9,0.0,65.5,235.0,1.9
2024-05-03 14:00:00,32.6,0.0,65.1,208.0,2.9
2024-05-03 15:00:00,25.7,0.0,99.4,270.0,7.3
2024-05-03 16:00:00,25.9,0.0,99.4,193.0,3.6
2024-05-03 17:00:00,27.2,0.0,99.4,223.0,1.1
2024-05-03 18:00:00,27.7,0.0,98.0,16.0,2.6
2024-05-03 19:00:00,27.9,0.0,91.5,5.0,2.9
2024-05-03 20:00:00,27.7,0.0,91.9,26.0,1.5
2024-05-03 21:00:00,28.0,0.0,92.0,53.0,2.0
2024-05-03 22:00:00,28.1,0.0,93.7,62.0,1.8
2024-05-03 23:00:00,27.6,0.0,95.0,344.0,3.9
2024-05-04 00:00:00,27.4,0.0,95.5,359.0,3.1
2024-05-04 01:00:00,27.3,0.0,96.6,26.0,3.8
2024-05-04 02:00:00,27.7,0.0,96.4,105.0,1.9
2024-05-04 03:00:00,27.2,0.0,99.3,337.0,1.5
2024-05-04 04:00:00,27.2,0.0,99.3,323.0,1.1
2024-05-04 05:00:00,26.9,0.0,99.4,273.0,1.7
2024-05-04 06:00:00,26.7,0.0,99.4,340.0,2.7
2024-05-04 07:00:00,26.9,0.0,99.4,284.0,5.2
2024-05-04 08:00:00,26.8,0.0,99.4,238.0,4.3
2024-05-04 09:00:00,25.5,0.0,99.4,204.0,4.4
2024-05-04 10:00:00,24.4,0.0,99.4,285.0,9.89999
2024-05-04 11:00:00,24.7,0.0,99.4,296.0,5.3
2024-05-04 12:00:00,24.0,0.0,99.5,299.0,11.3
2024-05-04 13:00:00,23.9,0.0,99.4,298.0,6.4
2024-05-04 14:00:00,24.9,0.0,99.4,298.0,4.6
2024-05-04 15:00:00,25.0,0.0,99.1,278.0,1.8
2024-05-04 16:00:00,25.1,0.0,90.7,246.0,5.2
2024-05-04 17:00:00,25.6,0.0,89.7,235.0,5.6
2024-05-04 18:00:00,25.6,0.0,94.8,313.0,4.4
2024-05-04 19:00:00,25.7,0.0,94.3,299.0,3.1
2024-05-04 20:00:00,25.9,0.0,93.5,286.0,2.0
2024-05-04 21:00:00,26.0,0.0,94.7,238.0,2.3
2024-05-04 22:00:00,26.1,0.0,95.1,235.0,2.3
2024-05-04 23:00:00,26.1,0.0,97.5,321.0,2.8
2024-05-05 00:00:00,26.2,0.0,95.3,275.0,4.4
2024-05-05 01:00:00,26.0,0.0,98.4,274.0,4.6
2024-05-05 02:00:00,25.9,0.0,99.3,288.0,3.9
2024-05-05 03:00:00,25.4,0.0,99.4,9.0,2.4
2024-05-05 04:00:00,25.7,0.0,99.4,274.0,1.8
2024-05-05 05:00:00,25.7,0.0,99.4,212.0,1.9
2024-05-05 06:00:00,26.2,0.0,99.3,215.0,1.0
2024-05-05 07:00:00,26.3,0.0,99.3,304.0,2.1
2024-05-05 08:00:00,26.6,0.0,99.3,290.0,1.7
2024-05-05 09:00:00,27.9,0.0,91.0,259.0,3.6
2024-05-05 10:00:00,29.6,0.0,80.9,225.0,2.8
2024-05-05 11:00:00,31.9,0.0,68.1,220.0,2.8
2024-05-05 12:00:00,30.9,0.0,69.0,248.0,6.5
2024-05-05 13:00:00,32.7,0.0,61.2,220.0,3.4
2024-05-05 14:00:00,32.6,0.0,60.0,209.0,5.6
2024-05-05 15:00:00,32.4,0.0,60.5,263.0,6.6
2024-05-05 16:00:00,32.8,0.0,57.9,248.0,7.6
2024-05-05 17:00:00,33.1,0.0,54.5,213.0,4.0
2024-05-05 18:00:00,32.1,0.0,57.5,196.0,4.1
2024-05-05 19:00:00,31.7,0.0,55.0,193.0,2.1
2024-05-05 20:00:00,30.9,0.0,60.1,194.0,2.2
2024-05-05 21:00:00,30.2,0.0,70.1,192.0,1.9
2024-05-05 22:00:00,29.9,0.0,74.8,187.0,2.4
2024-05-05 23:00:00,29.7,0.0,76.5,188.0,2.0
2024-05-06 00:00:00,29.6,0.0,78.5,170.0,2.4
2024-05-06 01:00:00,29.4,0.0,79.9,91.0,2.4
2024-05-06 02:00:00,28.7,0.0,87.2,24.0,2.3
2024-05-06 03:00:00,28.1,0.0,95.6,9.0,1.2
2024-05-06 04:00:00,28.1,0.0,97.3,246.0,1.6
2024-05-06 05:00:00,28.3,0.0,95.9,125.0,2.4
2024-05-06 06:00:00,28.4,0.0,94.1,164.0,1.6
2024-05-06 07:00:00,28.4,0.0,93.6,105.0,3.3
2024-05-06 08:00:00,29.5,0.0,87.4,113.0,2.4
2024-05-06 09:00:00,29.6,0.0,86.0,130.0,2.2
2024-05-06 10:00:00,32.2,0.0,67.1,96.0,2.8
2024-05-06 11:00:00,32.0,0.0,69.3,168.0,4.8
2024-05-06 12:00:00,33.2,0.0,60.5,165.0,2.2
2024-05-06 13:00:00,33.9,0.0,54.3,129.0,3.7
2024-05-06 14:00:00,32.0,0.0,60.4,219.0,5.1
2024-05-06 15:00:00,32.0,0.0,67.4,174.0,6.7
2024-05-06 16:00:00,29.3,0.0,88.6,81.0,6.2
2024-05-06 17:00:00,27.6,0.0,91.9,354.0,4.7
2024-05-06 18:00:00,28.4,0.0,89.3,65.0,2.9
2024-05-06 19:00:00,28.2,0.0,91.5,350.0,3.3
2024-05-06 20:00:00,28.4,0.0,92.6,13.0,4.7
2024-05-06 21:00:00,29.7,0.0,78.2,135.0,5.9
2024-05-06 22:00:00,29.7,0.0,79.6,91.0,1.4
2024-05-06 23:00:00,28.8,0.0,91.2,329.0,1.1
2024-05-07 00:00:00,28.8,0.0,90.7,75.0,3.9
2024-05-07 01:00:00,29.1,0.0,87.4,139.0,3.1
2024-05-07 02:00:00,28.1,0.0,94.7,338.0,2.0
2024-05-07 03:00:00,27.6,0.0,99.4,7.0,3.3
2024-05-07 04:00:00,27.7,0.0,99.3,351.0,2.6
2024-05-07 05:00:00,27.5,0.0,99.4,359.0,3.0
2024-05-07 06:00:00,27.4,0.0,99.4,32.0,2.4
2024-05-07 07:00:00,27.4,0.0,99.3,331.0,1.1
2024-05-07 08:00:00,27.8,0.0,98.2,287.0,4.1
2024-05-07 09:00:00,26.1,0.0,95.9,195.0,6.5
2024-05-07 10:00:00,27.1,0.0,94.6,301.0,3.7
2024-05-07 11:00:00,29.3,0.0,76.6,333.0,2.2
2024-05-07 12:00:00,31.7,0.0,66.7,338.0,1.3
2024-05-07 13:00:00,31.2,0.0,65.1,183.0,3.4
2024-05-07 14:00:00,29.6,0.0,79.6,187.0,3.4
2024-05-07 15:00:00,28.6,0.0,83.2,214.0,1.9
2024-05-07 16:00:00,27.4,0.0,86.9,111.0,1.8
2024-05-07 17:00:00,27.0,0.0,93.4,353.0,3.1
2024-05-07 18:00:00,27.4,0.0,92.5,356.0,2.9
2024-05-07 19:00:00,27.3,0.0,89.7,356.0,2.1
2024-05-07 20:00:00,27.5,0.0,89.7,349.0,2.3
2024-05-07 21:00:00,27.9,0.0,90.5,276.0,1.7
2024-05-07 22:00:00,27.8,0.0,91.3,344.0,1.4
2024-05-07 23:00:00,27.4,0.0,96.5,1.0,2.5
2024-05-08 00:00:00,27.8,0.0,90.2,13.0,1.0
2024-05-08 01:00:00,27.6,0.0,94.8,334.0,2.8
2024-05-08 02:00:00,27.4,0.0,93.2,330.0,2.5
2024-05-08 03:00:00,27.1,0.0,92.1,295.0,4.6
2024-05-08 04:00:00,27.3,0.0,89.9,293.0,4.3
2024-05-08 05:00:00,26.8,0.0,95.1,255.0,7.5
2024-05-08 06:00:00,25.6,0.0,99.3,238.0,5.3
2024-05-08 07:00:00,25.4,0.0,99.3,240.0,6.1
2024-05-08 08:00:00,25.8,0.0,95.9,215.0,1.3
2024-05-08 09:00:00,26.4,0.0,95.0,343.0,2.9
2024-05-08 10:00:00,28.0,0.0,84.1,78.0,1.8
2024-05-08 11:00:00,28.8,0.0,84.0,171.0,1.5
2024-05-08 12:00:00,29.8,0.0,74.4,331.0,1.9
2024-05-08 13:00:00,30.4,0.0,72.0,68.0,2.2
2024-05-08 14:00:00,30.8,0.0,71.2,341.0,2.2
2024-05-08 15:00:00,30.7,0.0,69.5,131.0,1.9
2024-05-08 16:00:00,30.5,0.0,69.3,144.0,3.6
2024-05-08 17:00:00,30.1,0.0,73.8,157.0,6.8
2024-05-08 18:00:00,29.4,0.0,75.5,136.0,7.2
2024-05-08 19:00:00,29.0,0.0,80.7,122.0,4.8
2024-05-08 20:00:00,26.9,0.0,88.9,294.0,5.3
2024-05-08 21:00:00,26.9,0.0,90.3,326.0,2.6
2024-05-08 22:00:00,27.1,0.0,93.5,236.0,2.3
2024-05-08 23:00:00,28.0,0.0,88.2,144.0,2.3
2024-05-09 00:00:00,27.4,0.0,91.9,189.0,1.2
2024-05-09 01:00:00,27.6,0.0,91.6,198.0,2.6
2024-05-09 02:00:00,27.5,0.0,91.1,200.0,0.9
2024-05-09 03:00:00,27.8,0.0,88.7,137.0,2.3
2024-05-09 04:00:00,27.7,0.0,90.4,206.0,0.8
2024-05-09 05:00:00,27.0,0.0,99.3,358.0,2.5
2024-05-09 06:00:00,26.6,0.0,99.4,15.0,2.7
2024-05-09 07:00:00,26.8,0.0,99.3,345.0,1.8
2024-05-09 08:00:00,27.0,0.0,99.4,38.0,1.7
2024-05-09 09:00:00,28.8,0.0,88.2,185.0,1.1
2024-05-09 10:00:00,29.4,0.0,81.8,124.0,3.7
2024-05-09 11:00:00,31.0,0.0,68.3,188.0,2.7
2024-05-09 12:00:00,32.1,0.0,62.6,154.0,3.8
2024-05-09 13:00:00,32.9,0.0,58.1,148.0,2.4
2024-05-09 14:00:00,33.2,0.0,52.2,154.0,4.8
2024-05-09 15:00:00,33.6,0.0,48.8,137.0,5.2
2024-05-09 16:00:00,34.3,0.0,44.0,132.0,5.5
2024-05-09 17:00:00,33.2,0.0,48.8,119.0,5.1
2024-05-09 18:00:00,31.7,0.0,64.9,141.0,9.0
2024-05-09 19:00:00,30.8,0.0,69.5,153.0,5.2
2024-05-09 20:00:00,30.6,0.0,70.0,117.0,4.9
2024-05-09 21:00:00,30.2,0.0,74.8,94.0,6.1
2024-05-09 22:00:00,29.9,0.0,77.2,140.0,5.3
2024-05-09 23:00:00,29.7,0.0,77.8,117.0,4.1
2024-05-10 00:00:00,29.4,0.0,79.4,135.0,5.1
2024-05-10 01:00:00,29.3,0.0,79.0,116.0,5.7
2024-05-10 02:00:00,29.2,0.0,78.7,114.0,4.4
2024-05-10 03:00:00,29.1,0.0,78.3,126.0,4.2
2024-05-10 04:00:00,29.0,0.0,79.0,143.0,4.2
2024-05-10 05:00:00,28.7,0.0,80.9,126.0,2.7
2024-05-10 06:00:00,28.7,0.0,81.5,155.0,2.6
2024-05-10 07:00:00,28.6,0.0,82.7,163.0,1.3
2024-05-10 08:00:00,29.2,0.0,81.6,125.0,3.5
2024-05-10 09:00:00,30.3,0.0,78.0,114.0,4.6
2024-05-10 10:00:00,31.1,0.0,69.2,153.0,5.6
2024-05-10 11:00:00,31.9,0.0,63.7,129.0,5.7
2024-05-10 12:00:00,30.3,0.0,69.5,177.0,8.3
2024-05-10 13:00:00,30.0,0.0,69.6,191.0,3.1
2024-05-10 14:00:00,31.2,0.0,70.7,187.0,4.9
2024-05-10 15:00:00,30.9,0.0,68.6,182.0,4.7
2024-05-10 16:00:00,30.4,0.0,73.5,180.0,3.3
2024-05-10 17:00:00,31.7,0.0,66.6,178.0,2.4
2024-05-10 18:00:00,31.1,0.0,67.8,172.0,1.9
2024-05-10 19:00:00,29.1,0.0,81.8,2.0,3.0
2024-05-10 20:00:00,29.3,0.0,80.2,90.0,3.7
2024-05-10 21:00:00,28.9,0.0,85.0,312.0,2.6
2024-05-10 22:00:00,29.6,0.0,76.2,122.0,4.6
2024-05-10 23:00:00,28.8,0.0,84.4,10.0,1.8
2024-05-11 00:00:00,29.3,0.0,80.2,230.0,0.9
2024-05-11 01:00:00,28.2,0.0,90.6,327.0,3.0
2024-05-11 02:00:00,27.8,0.0,94.7,6.0,2.8
2024-05-11 03:00:00,27.7,0.0,95.3,356.0,2.3
2024-05-11 04:00:00,27.4,0.0,96.2,21.0,2.0
2024-05-11 05:00:00,27.0,0.0,98.6,2.0,2.8
2024-05-11 06:00:00,26.9,0.0,99.2,8.0,2.6
2024-05-11 07:00:00,27.6,0.0,96.4,82.0,1.3
2024-05-11 08:00:00,29.8,0.0,83.7,287.0,0.5
2024-05-11 09:00:00,29.0,0.0,90.8,346.0,3.9
2024-05-11 10:00:00,30.9,0.0,73.7,141.0,2.1
2024-05-11 11:00:00,31.9,0.0,63.9,162.0,3.1
2024-05-11 12:00:00,32.8,0.0,60.4,181.0,2.7
2024-05-11 13:00:00,32.5,0.0,61.0,265.0,2.1
2024-05-11 14:00:00,27.5,0.0,84.8,191.0,6.8
2024-05-11 15:00:00,28.5,0.0,85.4,321.0,1.7
2024-05-11 16:00:00,31.2,0.0,63.4,134.0,6.6
2024-05-11 17:00:00,31.1,0.0,73.0,154.0,4.9
2024-05-11 18:00:00,30.8,0.0,66.6,112.0,7.0
2024-05-11 19:00:00,30.5,0.0,68.7,100.0,7.1
2024-05-11 20:00:00,29.0,0.0,80.7,63.0,5.1
2024-05-11 21:00:00,28.8,0.0,86.3,74.0,4.9
2024-05-11 22:00:00,29.2,0.0,81.1,92.0,7.4
2024-05-11 23:00:00,29.1,0.0,84.2,104.0,5.6
2024-05-12 00:00:00,29.0,0.0,86.5,91.0,4.5
2024-05-12 01:00:00,28.7,0.0,88.0,200.0,1.8
2024-05-12 02:00:00,28.7,0.0,86.5,144.0,4.5
2024-05-12 03:00:00,28.4,0.0,89.4,169.0,2.6
2024-05-12 04:00:00,28.4,0.0,86.4,171.0,2.8
2024-05-12 05:00:00,28.2,0.0,87.5,197.0,1.0
2024-05-12 06:00:00,27.9,0.0,93.3,282.0,3.0
2024-05-12 07:00:00,27.3,0.0,99.0,306.0,2.6
2024-05-12 08:00:00,27.7,0.0,96.1,270.0,2.1
2024-05-12 09:00:00,28.8,0.0,89.0,306.0,1.6
2024-05-12 10:00:00,29.5,0.0,83.8,324.0,2.2
2024-05-12 11:00:00,30.7,0.0,75.6,282.0,4.0
2024-05-12 12:00:00,32.1,0.0,67.1,213.0,2.6
2024-05-12 13:00:00,32.1,0.0,62.9,222.0,2.1
2024-05-12 14:00:00,26.6,0.0,99.3,96.0,14.6
2024-05-12 15:00:00,26.2,0.0,99.4,178.0,4.5
2024-05-12 16:00:00,28.5,0.0,85.8,175.0,3.7
2024-05-12 17:00:00,29.3,0.0,83.9,147.0,3.7
2024-05-12 18:00:00,28.4,0.0,92.8,58.0,7.5
2024-05-12 19:00:00,27.8,0.0,96.7,54.0,3.9
2024-05-12 20:00:00,28.0,0.0,96.1,281.0,2.1
2024-05-12 21:00:00,28.2,0.0,93.4,150.0,0.5
2024-05-12 22:00:00,28.2,0.0,91.3,118.0,1.1
2024-05-12 23:00:00,27.7,0.0,98.9,5.0,2.8
2024-05-13 00:00:00,27.4,0.0,99.3,,2.4
2024-05-13 01:00:00,27.6,0.0,99.2,217.0,2.0
2024-05-13 02:00:00,27.4,0.0,99.4,249.0,1.4
2024-05-13 03:00:00,27.3,0.0,99.4,292.0,2.9
2024-05-13 04:00:00,27.2,0.0,99.4,292.0,3.5
2024-05-13 05:00:00,27.0,0.0,99.4,316.0,1.4
2024-05-13 06:00:00,26.8,0.0,99.4,338.0,1.7
2024-05-13 07:00:00,27.0,0.0,99.4,300.0,2.6
2024-05-13 08:00:00,27.6,0.0,96.9,357.0,2.0
2024-05-13 09:00:00,29.6,0.0,85.0,334.0,1.7
2024-05-13 10:00:00,29.9,0.0,77.9,347.0,3.5
2024-05-13 11:00:00,32.2,0.0,63.3,18.0,2.6
2024-05-13 12:00:00,32.6,0.0,61.2,345.0,3.1
2024-05-13 13:00:00,32.1,0.0,66.1,193.0,2.8
2024-05-13 14:00:00,30.5,0.6,74.7,153.0,2.9
2024-05-13 15:00:00,30.9,0.0,68.0,127.0,4.1
2024-05-13 16:00:00,31.5,0.0,71.6,9.0,2.9
2024-05-13 17:00:00,29.4,0.0,78.8,160.0,4.2
2024-05-13 18:00:00,29.0,0.0,79.3,158.0,3.0
2024-05-13 19:00:00,27.4,0.0,88.1,22.0,11.9
2024-05-13 20:00:00,25.4,0.0,86.1,358.0,5.5
2024-05-13 21:00:00,25.8,0.0,88.5,12.0,3.5
2024-05-13 22:00:00,26.3,0.0,87.4,311.0,2.8
2024-05-13 23:00:00,26.4,0.0,89.5,325.0,4.1
2024-05-14 00:00:00,25.9,0.0,95.3,325.0,3.5
2024-05-14 01:00:00,26.1,0.0,95.6,7.0,1.9
2024-05-14 02:00:00,26.1,0.0,95.8,320.0,1.8
2024-05-14 03:00:00,26.2,0.0,95.9,10.0,3.4
2024-05-14 04:00:00,26.1,0.0,94.0,16.0,3.7
2024-05-14 05:00:00,26.2,0.0,94.1,322.0,1.4
2024-05-14 06:00:00,26.7,0.0,88.0,335.0,3.0
2024-05-14 07:00:00,26.5,0.0,87.3,328.0,3.5
2024-05-14 08:00:00,27.2,0.0,83.4,307.0,2.5
2024-05-14 09:00:00,28.6,0.0,77.2,327.0,2.5
2024-05-14 10:00:00,30.2,0.0,68.3,348.0,2.2
2024-05-14 11:00:00,31.8,0.0,61.6,346.0,3.4
2024-05-14 12:00:00,33.1,0.0,55.8,253.0,1.9
2024-05-14 13:00:00,32.8,0.0,55.6,338.0,3.4
2024-05-14 14:00:00,33.9,0.0,52.3,301.0,1.6
2024-05-14 15:00:00,34.7,0.0,49.1,266.0,1.4
2024-05-14 16:00:00,32.9,0.0,61.8,169.0,3.4
2024-05-14 17:00:00,25.4,5.8,99.4,136.0,6.6
2024-05-14 18:00:00,25.1,0.0,99.4,226.0,5.7
2024-05-14 19:00:00,25.9,0.0,99.4,158.0,2.9
2024-05-14 20:00:00,26.4,0.0,98.5,183.0,1.6
2024-05-14 21:00:00,27.0,0.0,94.9,70.0,1.0
2024-05-14 22:00:00,27.6,0.0,94.0,144.0,2.4
2024-05-14 23:00:00,27.8,0.0,93.3,149.0,2.9
2024-05-15 00:00:00,27.5,0.0,96.9,317.0,3.6
2024-05-15 01:00:00,27.4,0.0,99.3,198.0,2.0
2024-05-15 02:00:00,27.6,0.0,96.2,167.0,1.1
2024-05-15 03:00:00,27.6,0.0,97.9,197.0,2.6
2024-05-15 04:00:00,27.6,0.0,99.2,188.0,2.4
2024-05-15 05:00:00,27.6,0.0,99.4,191.0,1.8
2024-05-15 06:00:00,27.6,0.0,99.4,227.0,1.2
2024-05-15 07:00:00,27.3,0.0,99.4,262.0,3.4
2024-05-15 08:00:00,27.4,0.0,97.7,314.0,1.8
2024-05-15 09:00:00,28.3,0.0,86.3,217.0,1.0
2024-05-15 10:00:00,29.5,0.2,81.0,249.0,1.1
2024-05-15 11:00:00,30.8,0.0,75.3,234.0,2.3
2024-05-15 12:00:00,31.4,0.0,72.4,203.0,2.5
2024-05-15 13:00:00,31.4,0.0,72.0,183.0,3.9
2024-05-15 14:00:00,30.9,0.0,71.8,230.0,3.5
2024-05-15 15:00:00,27.4,4.0,95.3,198.0,5.5
2024-05-15 16:00:00,27.1,0.0,99.3,189.0,5.0
2024-05-15 17:00:00,27.5,0.0,98.2,27.0,4.9
2024-05-15 18:00:00,27.8,0.0,96.7,114.0,1.5
2024-05-15 19:00:00,28.1,0.0,92.3,137.0,2.9
2024-05-15 20:00:00,28.1,0.0,93.2,94.0,1.5
2024-05-15 21:00:00,28.2,0.0,93.7,358.0,1.7
2024-05-15 22:00:00,28.1,0.0,94.8,350.0,0.9
2024-05-15 23:00:00,28.2,0.0,93.4,165.0,0.3
2024-05-16 00:00:00,27.7,0.0,99.3,23.0,2.3
2024-05-16 01:00:00,27.5,0.0,99.4,31.0,2.4
2024-05-16 02:00:00,27.6,0.0,99.4,274.0,2.2
2024-05-16 03:00:00,27.1,0.0,99.4,290.0,2.0
2024-05-16 04:00:00,27.0,0.0,98.0,334.0,2.3
2024-05-16 05:00:00,26.8,0.0,99.4,262.0,3.0
2024-05-16 06:00:00,26.5,0.0,93.9,221.0,4.5
2024-05-16 07:00:00,26.8,0.0,91.5,243.0,2.0
2024-05-16 08:00:00,27.6,0.0,87.3,258.0,1.0
2024-05-16 09:00:00,30.0,0.0,78.1,199.0,1.2
2024-05-16 10:00:00,30.6,0.0,78.7,191.0,2.3
2024-05-16 11:00:00,28.2,0.0,85.0,315.0,3.3
2024-05-16 12:00:00,26.6,0.8,97.8,188.0,6.6
2024-05-16 13:00:00,28.0,0.0,87.7,182.0,6.4
2024-05-16 14:00:00,28.5,0.0,81.8,187.0,6.2
2024-05-16 15:00:00,26.3,0.2,95.1,204.0,3.4
2024-05-16 16:00:00,25.5,0.0,99.4,194.0,3.2
2024-05-16 17:00:00,25.9,0.2,99.3,216.0,2.8
2024-05-16 18:00:00,26.5,0.0,96.6,266.0,1.0
2024-05-16 19:00:00,26.5,0.0,99.3,354.0,1.9
2024-05-16 20:00:00,26.4,0.0,99.4,10.0,3.3
2024-05-16 21:00:00,26.5,0.0,99.4,,1.8
2024-05-16 22:00:00,26.9,0.0,99.3,161.0,1.2
2024-05-16 23:00:00,26.6,0.0,99.4,345.0,2.8
2024-05-17 00:00:00,26.3,0.0,99.4,3.0,1.9
2024-05-17 01:00:00,26.3,0.0,99.4,285.0,3.2
2024-05-17 02:00:00,26.0,0.0,99.4,284.0,3.0
2024-05-17 03:00:00,25.9,0.0,99.4,266.0,2.5
2024-05-17 04:00:00,25.8,0.0,99.4,301.0,3.9
2024-05-17 05:00:00,25.7,0.0,99.4,14.0,1.8
2024-05-17 06:00:00,25.7,0.0,99.4,322.0,1.9
2024-05-17 07:00:00,25.6,0.0,99.4,345.0,2.4
2024-05-17 08:00:00,27.1,0.0,99.4,332.0,0.7
2024-05-17 09:00:00,28.4,0.0,91.3,308.0,1.9
2024-05-17 10:00:00,30.7,0.0,77.0,256.0,1.5
2024-05-17 11:00:00,30.4,0.0,77.0,256.0,3.2
2024-05-17 12:00:00,32.5,0.0,60.3,181.0,3.4
2024-05-17 13:00:00,32.1,0.0,62.5,202.0,4.1
2024-05-17 14:00:00,32.9,0.0,61.7,250.0,2.9
2024-05-17 15:00:00,29.7,0.0,82.6,146.0,8.39999
2024-05-17 16:00:00,32.5,0.0,63.4,186.0,3.4
2024-05-17 17:00:00,31.8,0.0,68.6,157.0,2.0
2024-05-17 18:00:00,31.1,0.0,69.1,185.0,3.5
2024-05-17 19:00:00,30.7,0.0,70.7,175.0,2.4
2024-05-17 20:00:00,30.1,0.0,73.1,142.0,3.3
2024-05-17 21:00:00,29.7,0.0,78.3,183.0,2.0
2024-05-17 22:00:00,29.3,0.0,82.2,185.0,3.1
2024-05-17 23:00:00,29.2,0.0,84.1,194.0,1.5
2024-05-18 00:00:00,29.2,0.0,84.5,76.0,1.3
2024-05-18 01:00:00,29.2,0.0,86.0,121.0,3.0
2024-05-18 02:00:00,28.9,0.0,87.3,166.0,3.2
2024-05-18 03:00:00,28.8,0.0,86.8,106.0,2.4
2024-05-18 04:00:00,28.2,0.0,92.7,356.0,0.9
2024-05-18 05:00:00,27.5,0.0,99.3,334.0,1.3
2024-05-18 06:00:00,27.2,0.0,99.4,12.0,3.0
2024-05-18 07:00:00,27.2,0.0,99.3,12.0,2.3
2024-05-18 08:00:00,28.5,0.0,94.7,34.0,1.7
2024-05-18 09:00:00,30.1,0.0,82.8,158.0,2.6
2024-05-18 10:00:00,31.2,0.0,73.9,170.0,2.7
2024-05-18 11:00:00,32.4,0.0,66.1,199.0,2.5
2024-05-18 12:00:00,32.1,0.0,62.7,200.0,3.2
2024-05-18 13:00:00,32.1,0.0,61.7,208.0,3.4
2024-05-18 14:00:00,32.1,0.0,59.8,170.0,4.0
2024-05-18 15:00:00,29.1,0.0,82.1,103.0,5.6
2024-05-18 16:00:00,27.7,0.0,90.1,339.0,7.4
2024-05-18 17:00:00,27.8,0.0,87.3,289.0,3.9
2024-05-18 18:00:00,28.2,0.0,87.8,270.0,1.3
2024-05-18 19:00:00,28.5,0.0,85.5,227.0,1.6
2024-05-18 20:00:00,28.5,0.0,85.9,238.0,1.5
2024-05-18 21:00:00,27.5,0.0,97.6,290.0,3.1
2024-05-18 22:00:00,28.3,0.0,88.9,172.0,3.9
2024-05-18 23:00:00,28.4,0.0,84.9,129.0,3.6
2024-05-19 00:00:00,28.2,0.0,89.0,142.0,4.5
2024-05-19 01:00:00,28.0,0.0,90.0,165.0,3.3
2024-05-19 02:00:00,27.9,0.0,87.6,185.0,3.3
2024-05-19 03:00:00,27.8,0.0,90.0,178.0,3.1
2024-05-19 04:00:00,27.8,0.0,91.0,184.0,2.2
2024-05-19 05:00:00,27.9,0.0,92.3,181.0,1.8
2024-05-19 06:00:00,27.8,0.0,93.1,187.0,1.6
2024-05-19 07:00:00,27.8,0.0,92.3,197.0,1.5
2024-05-19 08:00:00,28.7,0.0,87.7,192.0,1.0
2024-05-19 09:00:00,30.1,0.0,78.0,172.0,2.5
2024-05-19 10:00:00,31.3,0.0,69.6,193.0,3.3
2024-05-19 11:00:00,31.3,0.0,68.2,200.0,4.1
2024-05-19 12:00:00,32.1,0.0,66.2,183.0,4.0
2024-05-19 13:00:00,31.6,0.0,72.0,202.0,3.1
2024-05-19 14:00:00,32.2,0.0,69.2,139.0,4.2
2024-05-19 15:00:00,29.9,0.4,80.6,170.0,5.2
2024-05-19 16:00:00,30.5,0.0,70.5,137.0,5.4
2024-05-19 17:00:00,30.0,0.0,75.3,140.0,6.0
2024-05-19 18:00:00,27.1,0.0,99.4,150.0,3.7
2024-05-19 19:00:00,28.4,0.0,89.6,157.0,3.2
2024-05-19 20:00:00,28.2,0.0,90.3,189.0,1.6
2024-05-19 21:00:00,28.1,0.0,92.7,185.0,3.3
2024-05-19 22:00:00,28.0,0.0,93.7,194.0,2.9
2024-05-19 23:00:00,28.1,0.0,93.6,179.0,2.2
2024-05-20 00:00:00,28.0,0.0,95.2,186.0,1.8
2024-05-20 01:00:00,28.0,0.0,94.4,187.0,2.1
2024-05-20 02:00:00,28.1,0.0,94.8,158.0,2.0
2024-05-20 03:00:00,27.9,0.0,96.4,203.0,1.2
2024-05-20 04:00:00,28.2,0.0,93.9,124.0,2.6
2024-05-20 05:00:00,27.5,0.0,98.4,8.0,2.6
2024-05-20 06:00:00,26.8,0.0,99.4,21.0,2.9
2024-05-20 07:00:00,25.5,4.8,99.4,143.0,12.4
2024-05-20 08:00:00,24.9,0.2,99.4,109.0,2.7
2024-05-20 09:00:00,26.4,0.0,99.4,207.0,3.4
2024-05-20 10:00:00,27.6,0.0,94.3,186.0,5.6
2024-05-20 11:00:00,27.6,0.0,87.9,184.0,3.9
2024-05-20 12:00:00,26.9,0.0,95.9,169.0,3.9
2024-05-20 13:00:00,29.0,0.0,83.7,174.0,3.7
2024-05-20 14:00:00,30.3,0.0,75.2,181.0,4.1
2024-05-20 15:00:00,30.6,0.0,72.4,134.0,4.3
2024-05-20 16:00:00,30.1,0.0,74.0,131.0,6.0
2024-05-20 17:00:00,29.8,0.0,75.9,137.0,6.4
2024-05-20 18:00:00,29.5,0.0,76.8,150.0,6.4
2024-05-20 19:00:00,29.0,0.0,81.5,176.0,3.5
2024-05-20 20:00:00,28.6,0.0,82.7,180.0,3.3
2024-05-20 21:00:00,28.5,0.0,82.3,191.0,2.2
2024-05-20 22:00:00,28.5,0.0,82.4,181.0,3.5
2024-05-20 23:00:00,28.3,0.0,82.8,188.0,2.2
2024-05-21 00:00:00,28.4,0.0,82.3,89.0,1.1
2024-05-21 01:00:00,28.4,0.0,84.6,158.0,2.7
2024-05-21 02:00:00,28.2,0.0,88.7,183.0,1.1
2024-05-21 03:00:00,28.0,0.0,91.4,194.0,1.5
2024-05-21 04:00:00,27.9,0.0,91.3,194.0,2.2
2024-05-21 05:00:00,28.0,0.0,92.6,174.0,1.4
2024-05-21 06:00:00,28.1,0.0,92.3,168.0,1.9
2024-05-21 07:00:00,27.3,0.0,99.3,57.0,2.4
2024-05-21 08:00:00,27.7,0.0,99.3,132.0,3.4
2024-05-21 09:00:00,29.2,0.0,85.0,169.0,4.2
2024-05-21 10:00:00,31.1,0.0,74.6,171.0,2.6
2024-05-21 11:00:00,30.6,0.0,74.4,185.0,4.6
2024-05-21 12:00:00,32.3,0.0,65.6,190.0,4.2
2024-05-21 13:00:00,31.9,0.0,67.7,208.0,6.6
2024-05-21 14:00:00,31.5,0.0,67.9,191.0,6.6
2024-05-21 15:00:00,31.0,0.0,69.7,184.0,4.9
2024-05-21 16:00:00,30.7,0.0,73.3,188.0,4.8
2024-05-21 17:00:00,30.5,0.0,71.6,174.0,3.3
2024-05-21 18:00:00,30.4,0.0,74.6,176.0,1.7
2024-05-21 19:00:00,28.9,0.0,76.6,110.0,5.9
2024-05-21 20:00:00,29.0,0.0,77.0,115.0,1.2
2024-05-21 21:00:00,29.0,0.0,77.0,111.0,1.3
2024-05-21 22:00:00,28.9,0.0,79.3,32.0,1.0
2024-05-21 23:00:00,29.2,0.0,78.0,156.0,1.8
2024-05-22 00:00:00,28.7,0.0,84.3,352.0,1.9
2024-05-22 01:00:00,28.2,0.0,88.5,25.0,2.4
2024-05-22 02:00:00,28.1,0.0,90.3,338.0,3.7
2024-05-22 03:00:00,27.7,0.0,92.1,349.0,2.7
2024-05-22 04:00:00,27.4,0.0,95.1,16.0,2.7
2024-05-22 05:00:00,27.3,0.0,94.8,7.0,2.4
2024-05-22 06:00:00,27.2,0.0,97.6,357.0,2.8
2024-05-22 07:00:00,27.2,0.0,98.9,35.0,2.5
2024-05-22 08:00:00,28.0,0.0,95.0,301.0,1.7
2024-05-22 09:00:00,30.6,0.0,81.6,131.0,1.3
2024-05-22 10:00:00,30.9,0.0,74.9,203.0,1.9
2024-05-22 11:00:00,30.7,0.0,77.3,287.0,1.6
2024-05-22 12:00:00,25.6,0.8,99.4,217.0,4.5
2024-05-22 13:00:00,26.8,0.0,99.4,221.0,2.0
2024-05-22 14:00:00,28.3,0.0,91.7,302.0,4.3
2024-05-22 15:00:00,29.9,0.0,77.3,240.0,2.3
2024-05-22 16:00:00,29.4,0.0,80.6,295.0,2.1
2024-05-22 17:00:00,29.4,0.0,81.8,343.0,1.8
2024-05-22 18:00:00,27.8,0.0,96.8,100.0,6.2
2024-05-22 19:00:00,27.4,0.0,95.3,194.0,2.6
2024-05-22 20:00:00,27.5,0.0,97.4,134.0,2.8
2024-05-22 21:00:00,27.6,0.0,98.3,157.0,2.0
2024-05-22 22:00:00,27.8,0.0,97.0,123.0,4.4
2024-05-22 23:00:00,27.6,0.0,95.9,177.0,2.5
2024-05-23 00:00:00,27.3,0.0,98.3,193.0,1.9
2024-05-23 01:00:00,27.4,0.0,97.5,198.0,1.9
2024-05-23 02:00:00,27.2,0.0,99.3,16.0,2.1
2024-05-23 03:00:00,27.0,0.0,99.4,13.0,1.0
2024-05-23 04:00:00,27.2,0.0,99.3,199.0,1.6
2024-05-23 05:00:00,27.3,0.0,96.1,194.0,1.5
2024-05-23 06:00:00,27.4,0.0,97.3,177.0,1.5
2024-05-23 07:00:00,27.5,0.0,96.5,215.0,2.0
2024-05-23 08:00:00,27.7,0.0,99.1,337.0,2.0
2024-05-23 09:00:00,32.0,0.0,71.7,42.0,0.8
2024-05-23 10:00:00,30.6,0.0,78.0,163.0,1.7
2024-05-23 11:00:00,32.0,0.0,70.9,228.0,1.6
2024-05-23 12:00:00,32.7,0.0,59.5,236.0,3.8
2024-05-23 13:00:00,32.7,0.0,67.0,195.0,3.3
2024-05-23 14:00:00,32.3,0.0,65.2,196.0,3.6
2024-05-23 15:00:00,32.4,0.0,63.2,200.0,3.1
2024-05-23 16:00:00,27.8,1.8,91.8,349.0,9.8
2024-05-23 17:00:00,28.2,0.0,94.0,129.0,2.7
2024-05-23 18:00:00,26.5,0.0,99.4,17.0,6.7
2024-05-23 19:00:00,26.0,0.0,99.4,9.0,8.10001
2024-05-23 20:00:00,26.9,0.0,98.3,89.0,4.7
2024-05-23 21:00:00,26.8,0.0,99.0,104.0,4.4
2024-05-23 22:00:00,26.7,0.0,99.4,15.0,2.9
2024-05-23 23:00:00,26.5,0.0,99.4,330.0,3.2
2024-05-24 00:00:00,26.6,0.0,99.4,7.0,4.2
2024-05-24 01:00:00,26.2,0.0,99.4,3.0,5.6
2024-05-24 02:00:00,26.1,0.0,99.4,343.0,3.9
2024-05-24 03:00:00,26.4,0.0,99.0,284.0,3.2
2024-05-24 04:00:00,26.1,0.0,99.3,349.0,2.3
2024-05-24 05:00:00,25.9,0.0,98.4,333.0,2.7
2024-05-24 06:00:00,26.3,0.0,92.0,3.0,2.4
2024-05-24 07:00:00,25.8,0.0,96.9,49.0,7.6
2024-05-24 08:00:00,25.4,0.2,94.3,52.0,8.10001
2024-05-24 09:00:00,25.7,0.0,94.6,69.0,5.1
2024-05-24 10:00:00,26.4,0.0,93.2,34.0,2.0
2024-05-24 11:00:00,27.6,0.0,85.8,136.0,3.0
2024-05-24 12:00:00,29.2,0.0,79.4,213.0,1.9
2024-05-24 13:00:00,30.8,0.0,70.3,153.0,1.8
2024-05-24 14:00:00,30.9,0.0,70.1,337.0,3.6
2024-05-24 15:00:00,32.3,0.0,62.4,100.0,2.2
2024-05-24 16:00:00,32.1,0.0,65.0,353.0,2.6
2024-05-24 17:00:00,31.6,0.0,66.6,204.0,1.9
2024-05-24 18:00:00,29.2,0.0,84.6,191.0,3.2
2024-05-24 19:00:00,29.1,0.0,86.2,178.0,1.6
2024-05-24 20:00:00,29.2,0.0,82.9,154.0,0.7
2024-05-24 21:00:00,29.3,0.0,82.7,91.0,1.8
2024-05-24 22:00:00,28.8,0.0,85.2,192.0,1.6
2024-05-24 23:00:00,28.7,0.0,85.6,268.0,1.0
2024-05-25 00:00:00,28.5,0.0,89.1,320.0,1.7
2024-05-25 01:00:00,28.3,0.0,91.6,13.0,1.8
2024-05-25 02:00:00,28.2,0.0,91.5,121.0,0.5
2024-05-25 03:00:00,28.1,0.0,90.4,188.0,1.3
2024-05-25 04:00:00,27.9,0.0,93.3,253.0,1.7
2024-05-25 05:00:00,27.7,0.0,97.4,138.0,1.2
2024-05-25 06:00:00,27.7,0.0,96.5,215.0,0.8
2024-05-25 07:00:00,27.6,0.0,95.9,216.0,0.8
2024-05-25 08:00:00,28.2,0.0,94.6,290.0,0.8
2024-05-25 09:00:00,29.2,0.0,89.3,305.0,0.9
2024-05-25 10:00:00,30.0,0.0,80.7,129.0,1.8
2024-05-25 11:00:00,30.4,0.0,79.1,323.0,1.8
2024-05-25 12:00:00,32.1,0.0,65.9,241.0,1.1
2024-05-25 13:00:00,32.2,0.0,64.6,49.0,3.2
2024-05-25 14:00:00,25.4,0.2,99.4,186.0,4.3
2024-05-25 15:00:00,28.3,0.0,90.8,154.0,5.7
2024-05-25 16:00:00,24.4,0.0,99.4,294.0,2.8
2024-05-25 17:00:00,26.6,0.0,92.2,153.0,2.0
2024-05-25 18:00:00,26.1,0.2,99.3,187.0,1.9
2024-05-25 19:00:00,26.2,0.0,99.4,135.0,4.4
2024-05-25 20:00:00,26.5,0.0,99.4,136.0,4.8
2024-05-25 21:00:00,26.5,0.0,99.4,119.0,5.0
2024-05-25 22:00:00,26.7,0.0,98.7,141.0,2.8
2024-05-25 23:00:00,26.9,0.0,97.1,130.0,3.2
2024-05-26 00:00:00,26.9,0.0,97.8,220.0,0.8
2024-05-26 01:00:00,26.8,0.0,99.3,196.0,1.5
2024-05-26 02:00:00,26.9,0.0,96.8,208.0,1.6
2024-05-26 03:00:00,26.8,0.0,94.8,193.0,1.6
2024-05-26 04:00:00,26.9,0.0,96.2,186.0,1.1
2024-05-26 05:00:00,27.0,0.0,97.3,292.0,0.8
2024-05-26 06:00:00,27.1,0.0,97.7,93.0,0.6
2024-05-26 07:00:00,26.8,0.0,99.4,29.0,2.2
2024-05-26 08:00:00,26.9,0.0,99.4,4.0,1.4
2024-05-26 09:00:00,27.9,0.0,99.4,341.0,1.1
2024-05-26 10:00:00,29.9,0.0,90.7,5.0,1.5
2024-05-26 11:00:00,30.7,0.0,76.2,223.0,1.3
2024-05-26 12:00:00,31.7,0.0,68.5,250.0,2.3
2024-05-26 13:00:00,32.9,0.0,64.4,144.0,1.6
2024-05-26 14:00:00,32.8,0.0,67.7,171.0,4.4
2024-05-26 15:00:00,32.4,0.0,63.4,135.0,6.1
2024-05-26 16:00:00,30.9,0.0,75.9,131.0,6.7
2024-05-26 17:00:00,31.1,0.0,72.7,123.0,6.5
2024-05-26 18:00:00,31.0,0.0,76.5,172.0,3.0
2024-05-26 19:00:00,30.4,0.0,79.5,199.0,1.8
2024-05-26 20:00:00,30.0,0.0,79.3,184.0,2.1
2024-05-26 21:00:00,29.8,0.0,82.2,176.0,2.4
2024-05-26 22:00:00,29.6,0.0,83.9,186.0,3.1
2024-05-26 23:00:00,29.7,0.0,79.4,159.0,3.2
2024-05-27 00:00:00,29.5,0.0,82.1,161.0,3.3
2024-05-27 01:00:00,29.1,0.0,86.9,179.0,1.3
2024-05-27 02:00:00,28.9,0.0,91.2,165.0,2.6
2024-05-27 03:00:00,28.8,0.0,90.4,171.0,2.6
2024-05-27 04:00:00,28.6,0.0,91.5,189.0,2.1
2024-05-27 05:00:00,28.6,0.0,91.3,194.0,2.1
2024-05-27 06:00:00,28.7,0.0,91.3,150.0,3.6
2024-05-27 07:00:00,28.7,0.0,89.1,144.0,2.6
2024-05-27 08:00:00,29.1,0.0,87.5,162.0,2.7
2024-05-27 09:00:00,29.8,0.0,83.1,181.0,3.8
2024-05-27 10:00:00,30.7,0.0,77.7,173.0,3.4
2024-05-27 11:00:00,31.7,0.0,68.4,143.0,5.1
2024-05-27 12:00:00,33.4,0.0,58.2,196.0,3.2
2024-05-27 13:00:00,32.6,0.0,64.4,147.0,5.6
2024-05-27 14:00:00,34.2,0.0,55.0,171.0,5.4
2024-05-27 15:00:00,32.0,0.0,69.5,192.0,6.2
2024-05-27 16:00:00,32.0,0.0,63.4,191.0,3.9
2024-05-27 17:00:00,31.8,0.0,65.4,184.0,3.5
2024-05-27 18:00:00,32.0,0.0,62.0,188.0,4.1
2024-05-27 19:00:00,30.9,0.0,69.5,190.0,2.9
2024-05-27 20:00:00,30.2,0.0,76.2,189.0,4.0
2024-05-27 21:00:00,29.9,0.0,81.8,187.0,2.6
2024-05-27 22:00:00,30.0,0.0,79.9,171.0,2.7
2024-05-27 23:00:00,29.8,0.0,81.5,166.0,2.8
2024-05-28 00:00:00,29.8,0.0,81.3,184.0,2.6
2024-05-28 01:00:00,29.6,0.0,82.9,180.0,2.9
2024-05-28 02:00:00,29.4,0.0,82.6,183.0,2.7
2024-05-28 03:00:00,29.3,0.0,83.2,199.0,1.9
2024-05-28 04:00:00,29.2,0.0,85.1,193.0,2.3
2024-05-28 05:00:00,29.1,0.0,86.7,188.0,3.0
2024-05-28 06:00:00,29.0,0.0,87.3,189.0,2.1
2024-05-28 07:00:00,29.0,0.0,86.9,185.0,2.4
2024-05-28 08:00:00,29.3,0.0,85.1,194.0,1.8
2024-05-28 09:00:00,30.0,0.0,83.1,124.0,1.2
2024-05-28 10:00:00,30.5,0.0,75.9,161.0,6.0
2024-05-28 11:00:00,31.0,0.0,73.8,157.0,3.9
2024-05-28 12:00:00,31.1,0.0,74.4,197.0,3.1
2024-05-28 13:00:00,31.9,0.0,71.8,197.0,1.7
2024-05-28 14:00:00,32.4,0.0,68.8,235.0,1.7
2024-05-28 15:00:00,32.7,0.0,68.3,195.0,3.7
2024-05-28 16:00:00,29.5,0.0,81.0,158.0,6.8
2024-05-28 17:00:00,28.5,0.0,85.6,6.0,5.9
2024-05-28 18:00:00,28.8,0.0,82.0,347.0,2.6
2024-05-28 19:00:00,29.0,0.0,81.6,315.0,3.0
2024-05-28 20:00:00,27.9,0.0,89.5,14.0,4.1
2024-05-28 21:00:00,27.4,0.0,94.6,15.0,5.9
2024-05-28 22:00:00,27.2,0.0,93.7,11.0,1.9
2024-05-28 23:00:00,27.8,0.0,87.9,77.0,3.7
2024-05-29 00:00:00,28.5,0.0,85.7,110.0,3.2
2024-05-29 01:00:00,28.4,0.0,85.8,92.0,3.3
2024-05-29 02:00:00,28.6,0.0,86.4,94.0,2.5
2024-05-29 03:00:00,27.2,0.0,97.1,16.0,3.7
2024-05-29 04:00:00,27.5,0.0,95.5,34.0,2.8
2024-05-29 05:00:00,27.2,0.0,98.6,326.0,2.3
2024-05-29 06:00:00,27.5,0.0,96.0,282.0,1.9
2024-05-29 07:00:00,27.6,0.0,96.3,272.0,2.7
2024-05-29 08:00:00,28.7,0.0,91.2,304.0,0.8
2024-05-29 09:00:00,30.4,0.0,83.2,20.0,1.4
2024-05-29 10:00:00,30.7,0.0,78.6,164.0,5.3
2024-05-29 11:00:00,31.9,0.0,71.2,201.0,3.3
2024-05-29 12:00:00,32.4,0.0,67.3,196.0,4.2
2024-05-29 13:00:00,33.9,0.0,58.7,177.0,4.8
2024-05-29 14:00:00,34.0,0.0,56.4,188.0,4.2
2024-05-29 15:00:00,34.4,0.0,54.2,203.0,5.0
2024-05-29 16:00:00,34.8,0.0,51.8,196.0,4.1
2024-05-29 17:00:00,32.4,0.0,62.4,139.0,9.5
2024-05-29 18:00:00,31.7,0.0,70.6,123.0,5.5
2024-05-29 19:00:00,31.1,0.0,71.3,162.0,3.9
2024-05-29 20:00:00,30.6,0.0,72.0,186.0,3.1
2024-05-29 21:00:00,30.2,0.0,75.8,167.0,2.2
2024-05-29 22:00:00,30.1,0.0,79.0,166.0,4.4
2024-05-29 23:00:00,30.0,0.0,80.0,162.0,1.4
2024-05-30 00:00:00,30.0,0.0,83.0,185.0,1.3
2024-05-30 01:00:00,29.6,0.0,85.6,155.0,2.7
2024-05-30 02:00:00,29.3,0.0,86.7,192.0,1.9
2024-05-30 03:00:00,29.3,0.0,87.2,186.0,1.9
2024-05-30 04:00:00,28.6,0.0,94.3,16.0,3.4
2024-05-30 05:00:00,28.3,0.0,96.8,19.0,0.6
2024-05-30 06:00:00,28.0,0.0,98.6,1.0,3.3
2024-05-30 07:00:00,28.2,0.0,98.6,37.0,1.8
2024-05-30 08:00:00,29.3,0.0,92.0,168.0,2.9
2024-05-30 09:00:00,30.6,0.0,80.1,186.0,3.4
2024-05-30 10:00:00,31.7,0.0,71.6,184.0,5.6
2024-05-30 11:00:00,28.9,0.0,86.7,247.0,7.8
2024-05-30 12:00:00,29.8,0.0,78.2,201.0,4.9
2024-05-30 13:00:00,29.8,0.0,76.1,211.0,6.8
2024-05-30 14:00:00,30.5,0.0,70.2,175.0,5.5
2024-05-30 15:00:00,31.7,0.0,62.0,188.0,5.0
2024-05-30 16:00:00,32.0,0.0,56.8,202.0,5.8
2024-05-30 17:00:00,31.6,0.0,59.6,205.0,6.8
2024-05-30 18:00:00,31.4,0.0,60.2,206.0,5.3
2024-05-30 19:00:00,30.3,0.0,66.2,192.0,3.4
2024-05-30 20:00:00,29.3,0.0,76.7,191.0,3.0
2024-05-30 21:00:00,29.3,0.0,78.7,185.0,2.0
2024-05-30 22:00:00,29.5,0.0,78.0,138.0,3.5
2024-05-30 23:00:00,29.2,0.0,79.1,177.0,1.9
2024-05-31 00:00:00,28.9,0.0,81.1,201.0,1.7
2024-05-31 01:00:00,28.9,0.0,80.8,271.0,1.3
2024-05-31 02:00:00,28.1,0.0,87.4,34.0,1.5
2024-05-31 03:00:00,28.2,0.0,83.5,197.0,1.3
2024-05-31 04:00:00,28.2,0.0,84.8,232.0,1.7
2024-05-31 05:00:00,28.1,0.0,85.0,193.0,1.2
2024-05-31 06:00:00,28.2,0.0,85.7,173.0,2.6
2024-05-31 07:00:00,28.3,0.0,86.5,158.0,2.9
2024-05-31 08:00:00,28.6,0.0,86.5,122.0,3.4
2024-05-31 09:00:00,29.2,0.0,84.5,129.0,3.4
2024-05-31 10:00:00,30.3,0.0,79.0,191.0,3.1
2024-05-31 11:00:00,32.0,0.0,72.5,209.0,1.9
2024-05-31 12:00:00,31.1,0.0,73.2,178.0,4.5
2024-05-31 13:00:00,30.8,0.0,72.1,81.0,4.2
2024-05-31 14:00:00,31.8,0.0,70.2,111.0,5.8
2024-05-31 15:00:00,32.8,0.0,61.0,179.0,4.0
2024-05-31 16:00:00,31.8,0.0,64.2,174.0,6.3
2024-05-31 17:00:00,31.7,0.0,59.5,180.0,3.6
2024-05-31 18:00:00,31.3,0.0,67.6,171.0,3.6
2024-05-31 19:00:00,30.8,0.0,71.6,158.0,4.9
2024-05-31 20:00:00,30.3,0.0,74.7,163.0,3.0
2024-05-31 21:00:00,29.7,0.0,78.1,185.0,2.3
2024-05-31 22:00:00,29.8,0.0,73.3,198.0,1.8
2024-05-31 23:00:00,29.6,0.0,75.1,184.0,1.8
2024-06-01 00:00:00,29.3,0.0,78.9,192.0,2.0
2024-06-01 01:00:00,29.2,0.0,82.3,193.0,2.9
2024-06-01 02:00:00,29.0,0.0,84.6,237.0,1.8
2024-06-01 03:00:00,28.9,0.0,87.6,247.0,2.2
2024-06-01 04:00:00,28.5,0.0,89.2,279.0,1.6
2024-06-01 05:00:00,26.2,0.0,86.6,247.0,4.9
2024-06-01 06:00:00,26.3,0.0,88.1,332.0,2.8
2024-06-01 07:00:00,25.6,0.0,94.3,351.0,2.7
2024-06-01 08:00:00,26.2,0.0,93.7,178.0,3.3
2024-06-01 09:00:00,26.6,0.0,91.2,178.0,3.5
2024-06-01 10:00:00,25.9,0.0,96.6,175.0,4.0
2024-06-01 11:00:00,25.8,0.2,99.3,172.0,4.6
2024-06-01 12:00:00,25.6,0.2,99.3,126.0,4.1
2024-06-01 13:00:00,26.3,0.0,98.4,196.0,2.8
2024-06-01 14:00:00,26.5,0.0,96.4,231.0,2.0
2024-06-01 15:00:00,27.2,0.0,90.9,203.0,4.3
2024-06-01 16:00:00,28.3,0.0,81.7,197.0,2.6
2024-06-01 17:00:00,28.0,0.0,85.7,197.0,3.0
2024-06-01 18:00:00,27.9,0.0,86.6,200.0,3.3
2024-06-01 19:00:00,27.6,0.0,88.7,180.0,2.4
2024-06-01 20:00:00,27.5,0.0,89.6,182.0,2.2
2024-06-01 21:00:00,27.4,0.0,87.1,196.0,2.8
2024-06-01 22:00:00,27.6,0.0,83.6,195.0,1.8
2024-06-01 23:00:00,27.3,0.0,86.5,200.0,1.7
2024-06-02 00:00:00,27.3,0.0,89.1,270.0,1.4
2024-06-02 01:00:00,27.2,0.0,88.5,253.0,1.2
2024-06-02 02:00:00,26.8,0.0,92.7,289.0,3.3
2024-06-02 03:00:00,26.6,0.0,94.0,284.0,2.9
2024-06-02 04:00:00,26.5,0.0,97.0,291.0,2.1
2024-06-02 05:00:00,26.3,0.0,96.1,325.0,1.6
2024-06-02 06:00:00,26.5,0.0,95.4,303.0,2.1
2024-06-02 07:00:00,26.7,0.0,90.4,327.0,1.8
2024-06-02 08:00:00,26.6,0.0,95.7,1.0,2.6
2024-06-02 09:00:00,28.2,0.0,85.1,295.0,1.6
2024-06-02 10:00:00,28.8,0.0,80.4,253.0,3.5
2024-06-02 11:00:00,29.4,0.0,79.0,290.0,3.1
2024-06-02 12:00:00,31.8,0.0,67.3,153.0,3.0
2024-06-02 13:00:00,29.8,0.0,78.4,231.0,5.6
2024-06-02 14:00:00,27.2,0.0,96.5,313.0,6.3
2024-06-02 15:00:00,24.7,1.2,99.4,150.0,5.4
2024-06-02 16:00:00,24.7,0.2,99.4,287.0,4.9
2024-06-02 17:00:00,25.4,0.0,99.4,335.0,2.2
2024-06-02 18:00:00,25.6,0.2,99.4,184.0,2.8
2024-06-02 19:00:00,25.7,0.0,99.4,191.0,3.7
2024-06-02 20:00:00,25.9,0.0,99.4,167.0,3.0
2024-06-02 21:00:00,25.9,0.0,99.4,235.0,1.6
2024-06-02 22:00:00,26.3,0.0,99.3,68.0,2.1
2024-06-02 23:00:00,26.0,0.0,99.4,5.0,3.6
2024-06-03 00:00:00,25.8,0.0,99.4,12.0,3.2
2024-06-03 01:00:00,25.8,0.0,99.4,23.0,3.4
2024-06-03 02:00:00,25.7,0.0,99.4,59.0,3.7
2024-06-03 03:00:00,25.5,0.0,99.4,6.0,2.0
2024-06-03 04:00:00,25.5,0.0,99.4,335.0,1.7
2024-06-03 05:00:00,25.8,0.0,99.4,267.0,2.7
2024-06-03 06:00:00,25.7,0.0,99.4,261.0,2.2
2024-06-03 07:00:00,26.0,0.0,99.4,257.0,0.7
2024-06-03 08:00:00,26.4,0.0,99.4,198.0,1.2
2024-06-03 09:00:00,28.4,0.0,83.7,78.0,1.3
2024-06-03 10:00:00,28.4,0.0,86.7,355.0,3.8
2024-06-03 11:00:00,29.9,0.0,75.5,349.0,2.3
2024-06-03 12:00:00,33.0,0.0,58.9,61.0,1.4
2024-06-03 13:00:00,31.0,0.0,68.4,211.0,4.7
2024-06-03 14:00:00,33.1,0.0,59.8,154.0,2.4
2024-06-03 15:00:00,32.6,0.0,60.6,48.0,1.7
2024-06-03 16:00:00,31.8,0.0,61.4,165.0,4.6
2024-06-03 17:00:00,26.9,0.2,93.3,319.0,9.89999
2024-06-03 18:00:00,23.8,0.0,99.4,203.0,4.6
2024-06-03 19:00:00,25.4,0.2,94.7,192.0,0.6
2024-06-03 20:00:00,25.9,0.0,99.3,315.0,1.7
2024-06-03 21:00:00,26.6,0.0,97.6,352.0,2.3
2024-06-03 22:00:00,26.9,0.0,95.3,53.0,1.5
2024-06-03 23:00:00,26.9,0.0,94.2,13.0,3.2
2024-06-04 00:00:00,26.8,0.0,95.2,5.0,4.0
2024-06-04 01:00:00,26.6,0.0,94.7,11.0,2.6
2024-06-04 02:00:00,26.6,0.0,94.1,326.0,2.2
2024-06-04 03:00:00,26.5,0.0,97.2,333.0,1.3
2024-06-04 04:00:00,26.2,0.0,99.3,33.0,3.2
2024-06-04 05:00:00,26.3,0.0,99.3,22.0,1.1
2024-06-04 06:00:00,26.4,0.0,99.3,331.0,1.5
2024-06-04 07:00:00,26.6,0.0,99.3,178.0,1.2
2024-06-04 08:00:00,27.1,0.0,98.3,168.0,2.1
2024-06-04 09:00:00,28.6,0.0,89.6,170.0,0.9
2024-06-04 10:00:00,29.2,0.0,87.2,137.0,2.6
2024-06-04 11:00:00,30.2,0.0,79.9,147.0,3.3
2024-06-04 12:00:00,31.4,0.0,72.3,165.0,4.7
2024-06-04 13:00:00,31.9,0.0,65.2,143.0,4.5
2024-06-04 14:00:00,32.6,0.0,62.3,139.0,3.5
2024-06-04 15:00:00,32.8,0.0,61.9,193.0,2.5
2024-06-04 16:00:00,31.7,0.0,67.2,207.0,3.1
2024-06-04 17:00:00,31.3,0.0,67.6,173.0,3.3
2024-06-04 18:00:00,28.1,0.0,87.0,261.0,6.6
2024-06-04 19:00:00,27.6,0.0,91.7,225.0,5.1
2024-06-04 20:00:00,27.3,0.0,91.2,272.0,1.8
2024-06-04 21:00:00,27.3,0.0,92.7,12.0,0.8
2024-06-04 22:00:00,27.6,0.0,88.9,3.0,1.8
2024-06-04 23:00:00,27.8,0.0,86.1,335.0,0.7
2024-06-05 00:00:00,27.9,0.0,86.6,46.0,2.0
2024-06-05 01:00:00,27.7,0.0,88.4,320.0,1.5
2024-06-05 02:00:00,27.7,0.0,89.0,289.0,1.4
2024-06-05 03:00:00,27.5,0.0,92.8,242.0,1.0
2024-06-05 04:00:00,27.7,0.0,93.2,195.0,1.5
2024-06-05 05:00:00,26.9,0.0,99.3,334.0,2.8
2024-06-05 06:00:00,27.0,0.0,99.3,258.0,0.9
2024-06-05 07:00:00,27.0,0.0,95.6,280.0,2.0
2024-06-05 08:00:00,27.6,0.0,84.0,231.0,3.3
2024-06-05 09:00:00,29.5,0.0,78.6,183.0,3.5
2024-06-05 10:00:00,30.6,0.0,73.5,185.0,3.5
2024-06-05 11:00:00,31.6,0.0,64.5,214.0,3.2
2024-06-05 12:00:00,32.8,0.0,58.8,212.0,3.8
2024-06-05 13:00:00,33.3,0.0,56.6,116.0,2.7
2024-06-05 14:00:00,32.7,0.0,60.5,166.0,2.0
2024-06-05 15:00:00,33.0,0.0,58.5,116.0,1.4
2024-06-05 16:00:00,32.0,0.0,64.3,201.0,3.8
2024-06-05 17:00:00,31.4,0.0,67.1,199.0,3.7
2024-06-05 18:00:00,31.6,0.0,67.0,194.0,2.1
2024-06-05 19:00:00,31.1,0.0,69.4,194.0,2.3
2024-06-05 20:00:00,30.5,0.0,74.5,175.0,2.2
2024-06-05 21:00:00,30.2,0.0,75.3,152.0,6.0
2024-06-05 22:00:00,29.9,0.0,71.3,140.0,4.7
2024-06-05 23:00:00,29.7,0.0,72.3,150.0,2.0
2024-06-06 00:00:00,29.4,0.0,81.5,154.0,3.3
2024-06-06 01:00:00,29.3,0.0,83.2,148.0,4.4
2024-06-06 02:00:00,29.2,0.0,83.9,135.0,4.2
2024-06-06 03:00:00,29.2,0.0,83.4,123.0,2.4
2024-06-06 04:00:00,29.0,0.0,85.0,119.0,3.4
2024-06-06 05:00:00,28.8,0.0,86.8,128.0,3.4
2024-06-06 06:00:00,28.7,0.0,87.2,148.0,2.6
2024-06-06 07:00:00,28.6,0.0,87.4,120.0,4.1
2024-06-06 08:00:00,29.3,0.0,83.9,127.0,3.7
2024-06-06 09:00:00,30.2,0.0,78.3,124.0,3.8
2024-06-06 10:00:00,30.9,0.0,70.4,113.0,5.8
2024-06-06 11:00:00,31.7,0.0,66.6,174.0,4.1
2024-06-06 12:00:00,31.6,0.0,64.6,122.0,5.3
2024-06-06 13:00:00,32.4,0.0,58.1,126.0,6.8
2024-06-06 14:00:00,27.9,0.0,82.6,354.0,10.1
2024-06-06 15:00:00,25.2,2.6,99.4,273.0,8.3
2024-06-06 16:00:00,24.8,0.8,99.4,340.0,6.5
2024-06-06 17:00:00,25.7,0.0,99.4,72.0,3.1
2024-06-06 18:00:00,26.0,0.0,97.8,23.0,3.4
2024-06-06 19:00:00,26.5,0.0,96.9,349.0,2.2
2024-06-06 20:00:00,26.6,0.0,96.7,340.0,2.0
2024-06-06 21:00:00,26.8,0.0,94.1,282.0,3.3
2024-06-06 22:00:00,26.7,0.0,95.6,223.0,1.8
2024-06-06 23:00:00,26.6,0.0,99.2,293.0,3.2
2024-06-07 00:00:00,26.7,0.0,95.6,291.0,2.4
2024-06-07 01:00:00,26.5,0.0,99.4,295.0,4.0
2024-06-07 02:00:00,26.4,0.0,99.3,287.0,1.7
2024-06-07 03:00:00,26.6,0.0,99.3,276.0,2.8
2024-06-07 04:00:00,26.3,0.0,99.4,310.0,2.3
2024-06-07 05:00:00,26.2,0.0,98.8,350.0,3.5
2024-06-07 06:00:00,26.9,0.0,90.1,158.0,1.1
2024-06-07 07:00:00,26.7,0.0,91.6,328.0,1.7
2024-06-07 08:00:00,27.5,0.0,87.0,165.0,1.1
2024-06-07 09:00:00,28.2,0.0,84.3,349.0,1.6
2024-06-07 10:00:00,28.3,0.0,85.2,317.0,5.0
2024-06-07 11:00:00,30.7,0.0,77.0,331.0,1.4
2024-06-07 12:00:00,32.3,0.0,60.1,138.0,1.7
2024-06-07 13:00:00,31.7,0.0,61.9,181.0,2.2
2024-06-07 14:00:00,28.2,0.0,82.8,157.0,6.5
2024-06-07 15:00:00,26.8,0.2,94.5,65.0,3.9
2024-06-07 16:00:00,29.6,0.0,75.1,192.0,1.8
2024-06-07 17:00:00,29.7,0.0,81.4,187.0,3.2
2024-06-07 18:00:00,29.3,0.0,77.6,199.0,3.5
2024-06-07 19:00:00,29.2,0.0,79.1,187.0,1.7
2024-06-07 20:00:00,28.8,0.0,85.2,186.0,3.7
2024-06-07 21:00:00,28.7,0.0,87.4,114.0,2.5
2024-06-07 22:00:00,28.7,0.0,86.3,128.0,2.2
2024-06-07 23:00:00,28.6,0.0,86.0,182.0,1.2
2024-06-08 00:00:00,28.6,0.0,83.1,152.0,1.7
2024-06-08 01:00:00,28.3,0.0,84.9,189.0,1.6
2024-06-08 02:00:00,28.2,0.0,86.2,219.0,1.6
2024-06-08 03:00:00,28.1,0.0,88.4,71.0,1.4
2024-06-08 04:00:00,27.9,0.0,91.8,150.0,0.7
2024-06-08 05:00:00,27.2,0.0,99.3,345.0,2.6
2024-06-08 06:00:00,27.1,0.0,99.4,272.0,2.0
2024-06-08 07:00:00,27.2,0.0,99.3,304.0,0.7
2024-06-08 08:00:00,27.3,0.0,99.3,314.0,1.9
2024-06-08 09:00:00,28.5,0.0,94.3,272.0,0.5
2024-06-08 10:00:00,30.2,0.0,77.6,193.0,2.6
2024-06-08 11:00:00,30.3,0.0,75.7,188.0,4.3
2024-06-08 12:00:00,28.9,0.0,77.7,256.0,9.10001
2024-06-08 13:00:00,29.8,0.0,73.7,256.0,6.1
2024-06-08 14:00:00,29.9,0.0,69.3,243.0,4.6
2024-06-08 15:00:00,29.9,0.0,71.1,290.0,2.7
2024-06-08 16:00:00,29.5,0.0,74.7,271.0,2.3
2024-06-08 17:00:00,29.1,0.0,81.2,7.0,2.2
2024-06-08 18:00:00,28.8,0.0,86.5,78.0,3.1
2024-06-08 19:00:00,28.5,0.0,89.3,54.0,2.5
2024-06-08 20:00:00,28.3,0.0,89.1,56.0,2.7
2024-06-08 21:00:00,28.2,0.0,90.3,89.0,3.7
2024-06-08 22:00:00,28.2,0.0,90.2,118.0,2.7
2024-06-08 23:00:00,28.2,0.0,89.9,131.0,3.3
2024-06-09 00:00:00,27.6,0.0,97.2,47.0,3.4
2024-06-09 01:00:00,27.8,0.0,95.9,119.0,2.3
2024-06-09 02:00:00,27.8,0.0,93.2,150.0,3.1
2024-06-09 03:00:00,27.6,0.0,93.8,218.0,1.2
2024-06-09 04:00:00,27.5,0.0,93.8,194.0,1.3
2024-06-09 05:00:00,27.5,0.0,93.1,179.0,1.2
2024-06-09 06:00:00,27.3,0.0,94.8,122.0,1.7
2024-06-09 07:00:00,26.5,0.0,99.4,346.0,1.1
2024-06-09 08:00:00,27.6,0.0,98.4,1.0,1.5
2024-06-09 09:00:00,29.9,0.0,84.2,50.0,1.6
2024-06-09 10:00:00,28.5,0.0,83.5,197.0,4.3
2024-06-09 11:00:00,29.8,0.0,77.5,173.0,2.5
2024-06-09 12:00:00,29.7,0.0,79.1,266.0,5.7
2024-06-09 13:00:00,29.7,0.0,78.6,190.0,5.0
2024-06-09 14:00:00,29.6,0.0,69.6,246.0,5.9
2024-06-09 15:00:00,30.8,0.0,65.9,197.0,4.6
2024-06-09 16:00:00,31.6,0.0,60.3,200.0,3.8
2024-06-09 17:00:00,32.1,0.0,56.2,208.0,2.4
2024-06-09 18:00:00,31.8,0.0,63.7,185.0,2.8
2024-06-09 19:00:00,30.1,0.0,73.3,181.0,2.1
2024-06-09 20:00:00,29.6,0.0,76.2,190.0,2.7
2024-06-09 21:00:00,29.2,0.0,81.7,191.0,1.4
2024-06-09 22:00:00,29.2,0.0,79.7,191.0,3.2
2024-06-09 23:00:00,28.7,0.0,83.8,194.0,2.6
2024-06-10 00:00:00,28.6,0.0,85.0,193.0,2.1
2024-06-10 01:00:00,28.4,0.0,85.2,184.0,2.6
2024-06-10 02:00:00,28.4,0.0,85.2,164.0,3.7
2024-06-10 03:00:00,28.3,0.0,85.0,186.0,1.6
2024-06-10 04:00:00,28.1,0.0,86.5,190.0,1.9
2024-06-10 05:00:00,28.0,0.0,87.3,223.0,1.3
2024-06-10 06:00:00,27.9,0.0,89.0,197.0,1.5
2024-06-10 07:00:00,27.9,0.0,89.5,192.0,0.8
2024-06-10 08:00:00,28.9,0.0,87.3,129.0,1.3
2024-06-10 09:00:00,30.6,0.0,78.6,173.0,1.8
2024-06-10 10:00:00,28.5,0.0,78.8,274.0,4.1
2024-06-10 11:00:00,27.0,0.0,89.4,123.0,5.9
2024-06-10 12:00:00,30.9,0.0,74.9,210.0,3.0
2024-06-10 13:00:00,31.1,0.0,70.2,206.0,3.6
2024-06-10 14:00:00,32.4,0.0,60.5,214.0,4.1
2024-06-10 15:00:00,30.6,0.0,71.1,197.0,5.2
2024-06-10 16:00:00,30.3,0.0,73.4,195.0,1.9
2024-06-10 17:00:00,28.8,0.0,83.0,4.0,3.3
2024-06-10 18:00:00,29.6,0.0,79.3,77.0,2.0
2024-06-10 19:00:00,29.8,0.0,79.4,121.0,3.6
2024-06-10 20:00:00,27.8,0.0,89.2,25.0,4.8
2024-06-10 21:00:00,27.8,0.0,88.6,60.0,2.7
2024-06-10 22:00:00,27.6,0.0,91.8,29.0,3.5
2024-06-10 23:00:00,28.4,0.0,87.0,123.0,3.5
2024-06-11 00:00:00,28.3,0.0,87.5,99.0,2.2
2024-06-11 01:00:00,28.4,0.0,89.3,60.0,1.6
2024-06-11 02:00:00,27.6,0.0,94.8,17.0,3.8
2024-06-11 03:00:00,26.9,0.0,97.4,24.0,3.0
2024-06-11 04:00:00,26.7,0.0,99.3,27.0,2.8
2024-06-11 05:00:00,26.6,0.0,99.3,6.0,3.9
2024-06-11 06:00:00,27.2,0.0,98.8,72.0,1.5
2024-06-11 07:00:00,26.9,0.0,99.3,355.0,2.8
2024-06-11 08:00:00,28.1,0.0,94.7,336.0,0.6
2024-06-11 09:00:00,30.3,0.0,83.1,131.0,2.4
2024-06-11 10:00:00,30.7,0.0,77.5,190.0,3.4
2024-06-11 11:00:00,32.4,0.0,64.3,171.0,2.7
2024-06-11 12:00:00,32.8,0.0,59.0,172.0,3.0
2024-06-11 13:00:00,33.1,0.0,56.9,158.0,3.7
2024-06-11 14:00:00,34.8,0.0,45.6,201.0,2.0
2024-06-11 15:00:00,33.2,0.0,54.8,142.0,4.5
2024-06-11 16:00:00,29.0,0.0,74.5,264.0,8.2
2024-06-11 17:00:00,23.4,2.2,99.4,175.0,3.1
2024-06-11 18:00:00,25.2,0.0,99.4,5.0,6.9
2024-06-11 19:00:00,26.3,0.0,95.2,341.0,1.9
2024-06-11 20:00:00,26.5,0.0,91.4,353.0,1.1
2024-06-11 21:00:00,27.1,0.0,91.2,50.0,4.2
2024-06-11 22:00:00,27.1,0.0,91.2,41.0,3.3
2024-06-11 23:00:00,27.2,0.0,92.6,60.0,2.9
2024-06-12 00:00:00,26.9,0.0,92.2,301.0,2.6
2024-06-12 01:00:00,27.1,0.0,93.1,59.0,3.2
2024-06-12 02:00:00,26.2,0.0,98.9,5.0,3.1
2024-06-12 03:00:00,26.6,0.0,96.7,112.0,1.2
2024-06-12 04:00:00,26.2,0.0,99.3,3.0,2.3
2024-06-12 05:00:00,26.2,0.0,98.7,354.0,1.6
2024-06-12 06:00:00,26.0,0.0,97.2,357.0,2.4
2024-06-12 07:00:00,26.0,0.0,97.8,19.0,3.1
2024-06-12 08:00:00,27.8,0.0,88.0,73.0,1.8
2024-06-12 09:00:00,28.9,0.0,83.6,347.0,2.2
2024-06-12 10:00:00,30.3,0.0,80.4,352.0,2.9
2024-06-12 11:00:00,28.9,0.0,74.1,219.0,6.1
2024-06-12 12:00:00,25.5,0.2,95.7,181.0,5.3
2024-06-12 13:00:00,28.1,0.0,80.4,192.0,1.2
2024-06-12 14:00:00,30.0,0.0,73.1,172.0,2.8
2024-06-12 15:00:00,31.2,0.0,67.7,205.0,2.3
2024-06-12 16:00:00,31.0,0.0,71.7,178.0,4.0
2024-06-12 17:00:00,31.7,0.0,65.2,163.0,4.3
2024-06-12 18:00:00,31.1,0.0,64.8,180.0,3.7
2024-06-12 19:00:00,30.0,0.0,69.0,182.0,2.5
2024-06-12 20:00:00,29.6,0.0,70.0,182.0,2.6
2024-06-12 21:00:00,29.2,0.0,70.2,186.0,1.1
2024-06-12 22:00:00,28.2,0.0,81.9,346.0,7.2
2024-06-12 23:00:00,27.2,0.0,82.1,221.0,1.5
2024-06-13 00:00:00,27.1,0.0,84.2,347.0,1.6
2024-06-13 01:00:00,27.2,0.0,83.8,16.0,4.3
2024-06-13 02:00:00,26.9,0.0,80.5,359.0,2.3
2024-06-13 03:00:00,26.8,0.0,82.6,258.0,2.8
2024-06-13 04:00:00,26.5,0.0,86.3,292.0,2.3
2024-06-13 05:00:00,26.6,0.0,85.3,63.0,1.7
2024-06-13 06:00:00,26.5,0.0,86.1,305.0,1.1
2024-06-13 07:00:00,26.4,0.0,86.5,290.0,1.8
2024-06-13 08:00:00,26.9,0.0,85.0,34.0,2.3
2024-06-13 09:00:00,30.1,0.0,73.6,5.0,1.3
2024-06-13 10:00:00,30.9,0.0,71.6,115.0,2.4
2024-06-13 11:00:00,31.7,0.0,65.7,12.0,3.1
2024-06-13 12:00:00,34.3,0.0,52.9,141.0,1.0
2024-06-13 13:00:00,32.9,0.0,52.1,297.0,4.3
2024-06-13 14:00:00,34.1,0.0,54.8,289.0,1.6
2024-06-13 15:00:00,32.7,0.0,60.1,190.0,2.1
2024-06-13 16:00:00,31.6,0.0,62.5,201.0,4.2
2024-06-13 17:00:00,29.2,0.0,73.6,231.0,7.3
2024-06-13 18:00:00,30.3,0.0,69.6,143.0,2.3
2024-06-13 19:00:00,29.1,0.0,77.8,49.0,3.9
2024-06-13 20:00:00,29.4,0.0,80.6,143.0,4.6
2024-06-13 21:00:00,29.6,0.0,78.0,110.0,2.5
2024-06-13 22:00:00,27.5,0.0,84.3,324.0,6.7
2024-06-13 23:00:00,26.8,0.0,96.2,328.0,1.0
2024-06-14 00:00:00,27.5,0.0,81.1,349.0,1.8
2024-06-14 01:00:00,27.2,0.0,99.2,331.0,2.4
2024-06-14 02:00:00,27.6,0.0,95.7,53.0,1.3
2024-06-14 03:00:00,27.0,0.0,99.3,258.0,1.4
2024-06-14 04:00:00,27.0,0.0,99.4,248.0,0.7
2024-06-14 05:00:00,27.3,0.0,99.3,136.0,0.9
2024-06-14 06:00:00,26.7,0.0,99.4,16.0,3.9
2024-06-14 07:00:00,26.6,0.0,99.4,358.0,2.5
2024-06-14 08:00:00,27.3,0.0,99.3,343.0,2.3
2024-06-14 09:00:00,30.8,0.0,79.2,97.0,1.2
2024-06-14 10:00:00,31.6,0.0,72.7,148.0,1.5
2024-06-14 11:00:00,32.4,0.0,61.6,200.0,1.6
2024-06-14 12:00:00,31.4,0.0,71.5,248.0,4.9
2024-06-14 13:00:00,32.7,0.0,63.4,275.0,4.7
2024-06-14 14:00:00,27.8,0.2,92.9,310.0,9.60001
2024-06-14 15:00:00,26.4,0.0,99.3,126.0,3.6
2024-06-14 16:00:00,26.4,0.0,99.4,18.0,3.5
2024-06-14 17:00:00,26.8,0.0,99.3,352.0,4.4
2024-06-14 18:00:00,26.6,0.0,99.3,16.0,6.7
2024-06-14 19:00:00,27.0,0.0,89.1,349.0,0.4
2024-06-14 20:00:00,27.0,0.0,84.8,68.0,3.9
2024-06-14 21:00:00,27.2,0.0,86.6,72.0,2.2
2024-06-14 22:00:00,26.4,0.0,90.5,53.0,3.2
2024-06-14 23:00:00,26.6,0.0,87.1,47.0,1.1
2024-06-15 00:00:00,27.0,0.0,89.3,205.0,1.3
2024-06-15 01:00:00,27.1,0.0,91.7,205.0,1.1
2024-06-15 02:00:00,26.5,0.0,96.4,12.0,2.6
2024-06-15 03:00:00,26.8,0.0,97.8,255.0,0.8
2024-06-15 04:00:00,26.3,0.0,98.7,37.0,0.9
2024-06-15 05:00:00,26.6,0.0,98.9,191.0,0.5
2024-06-15 06:00:00,27.4,0.0,96.1,155.0,2.6
2024-06-15 07:00:00,27.1,0.0,96.9,318.0,0.5
2024-06-15 08:00:00,27.6,0.0,93.8,200.0,3.0
2024-06-15 09:00:00,27.4,0.0,77.8,226.0,2.8
2024-06-15 10:00:00,28.7,0.0,80.8,194.0,2.8
2024-06-15 11:00:00,30.5,0.0,76.0,201.0,1.8
2024-06-15 12:00:00,28.9,0.0,74.5,293.0,6.3
2024-06-15 13:00:00,30.6,0.0,74.5,291.0,7.0
2024-06-15 14:00:00,31.3,0.0,68.3,256.0,3.4
2024-06-15 15:00:00,30.3,0.0,74.2,242.0,7.2
2024-06-15 16:00:00,30.4,0.0,71.4,241.0,5.2
2024-06-15 17:00:00,30.1,0.0,74.9,247.0,6.4
2024-06-15 18:00:00,29.6,0.0,79.8,240.0,5.0
2024-06-15 19:00:00,29.2,0.0,80.9,264.0,5.2
2024-06-15 20:00:00,29.1,0.0,79.1,238.0,2.7
2024-06-15 21:00:00,28.8,0.0,83.6,256.0,2.8
2024-06-15 22:00:00,28.8,0.0,83.6,194.0,1.8
2024-06-15 23:00:00,28.6,0.0,83.6,196.0,1.4
2024-06-16 00:00:00,28.5,0.0,83.2,214.0,2.1
2024-06-16 01:00:00,28.8,0.0,78.5,205.0,1.7
2024-06-16 02:00:00,27.4,0.0,99.3,11.0,2.7
2024-06-16 03:00:00,24.7,7.4,99.4,191.0,7.3
2024-06-16 04:00:00,22.9,0.0,99.4,57.0,3.6
2024-06-16 05:00:00,23.5,0.2,99.5,172.0,1.8
2024-06-16 06:00:00,24.2,0.0,99.4,82.0,1.0
2024-06-16 07:00:00,24.6,0.0,99.4,44.0,3.6
2024-06-16 08:00:00,24.1,0.0,99.4,27.0,2.8
2024-06-16 09:00:00,25.5,0.0,99.3,116.0,2.0
2024-06-16 10:00:00,26.8,0.0,88.6,177.0,2.3
2024-06-16 11:00:00,27.5,0.0,85.3,148.0,4.3
2024-06-16 12:00:00,29.7,0.0,74.8,189.0,3.8
2024-06-16 13:00:00,30.8,0.0,70.2,195.0,2.1
2024-06-16 14:00:00,31.5,0.0,64.1,166.0,5.0
2024-06-16 15:00:00,31.8,0.0,63.3,193.0,4.0
2024-06-16 16:00:00,31.3,0.0,68.1,194.0,3.9
2024-06-16 17:00:00,31.4,0.0,67.1,205.0,5.0
2024-06-16 18:00:00,31.9,0.0,63.5,192.0,1.9
2024-06-16 19:00:00,30.1,0.0,73.6,199.0,2.8
2024-06-16 20:00:00,29.6,0.0,77.5,199.0,2.5
2024-06-16 21:00:00,29.4,0.0,75.9,196.0,2.9
2024-06-16 22:00:00,29.3,0.0,77.0,199.0,2.2
2024-06-16 23:00:00,29.1,0.0,79.4,205.0,2.2
2024-06-17 00:00:00,28.4,0.0,87.8,312.0,2.5
2024-06-17 01:00:00,28.5,0.0,86.6,281.0,2.2
2024-06-17 02:00:00,27.8,0.0,91.6,264.0,4.5
2024-06-17 03:00:00,27.7,0.0,79.7,213.0,1.5
2024-06-17 04:00:00,27.0,0.0,84.0,266.0,6.4
2024-06-17 05:00:00,25.4,0.0,96.2,288.0,4.3
2024-06-17 06:00:00,25.2,0.0,99.4,283.0,1.7
2024-06-17 07:00:00,25.5,0.0,99.4,255.0,1.0
2024-06-17 08:00:00,25.9,0.0,99.3,287.0,5.1
2024-06-17 09:00:00,26.9,0.0,92.4,276.0,5.0
2024-06-17 10:00:00,28.1,0.0,89.0,305.0,4.4
2024-06-17 11:00:00,29.6,0.0,77.0,288.0,6.4
2024-06-17 12:00:00,30.3,0.0,72.4,265.0,7.4
2024-06-17 13:00:00,30.9,0.0,67.7,244.0,9.39999
2024-06-17 14:00:00,30.0,0.0,76.5,285.0,9.89999
2024-06-17 15:00:00,30.8,0.0,68.4,280.0,8.10001
2024-06-17 16:00:00,31.7,0.0,63.1,258.0,7.7
2024-06-17 17:00:00,28.8,0.0,76.2,198.0,9.39999
2024-06-17 18:00:00,26.7,0.0,85.8,265.0,10.0
2024-06-17 19:00:00,26.4,0.0,91.1,250.0,6.0
2024-06-17 20:00:00,26.7,0.0,87.0,236.0,2.7
2024-06-17 21:00:00,26.7,0.0,90.2,347.0,1.3
2024-06-17 22:00:00,27.5,0.0,83.8,169.0,3.1
2024-06-17 23:00:00,27.8,0.0,81.4,237.0,3.4
2024-06-18 00:00:00,27.3,0.0,88.0,279.0,2.9
2024-06-18 01:00:00,26.5,0.0,90.6,339.0,2.9
2024-06-18 02:00:00,26.6,0.0,88.0,301.0,1.7
2024-06-18 03:00:00,27.1,0.0,88.0,171.0,2.1
2024-06-18 04:00:00,27.0,0.0,87.9,304.0,1.1
2024-06-18 05:00:00,26.5,0.0,96.1,311.0,1.7
2024-06-18 06:00:00,27.4,0.0,89.8,289.0,2.0
2024-06-18 07:00:00,26.9,0.0,90.8,224.0,0.7
2024-06-18 08:00:00,27.7,0.0,87.2,285.0,1.4
2024-06-18 09:00:00,28.7,0.0,82.4,288.0,0.9
2024-06-18 10:00:00,30.1,0.0,75.4,267.0,1.7
2024-06-18 11:00:00,30.3,0.0,76.8,238.0,2.8
2024-06-18 12:00:00,32.0,0.0,59.9,199.0,4.9
2024-06-18 13:00:00,32.1,0.0,60.2,203.0,5.7
2024-06-18 14:00:00,32.3,0.0,61.2,188.0,3.0
2024-06-18 15:00:00,29.3,0.0,74.3,123.0,4.9
2024-06-18 16:00:00,30.3,0.0,73.4,187.0,3.7
2024-06-18 17:00:00,31.2,0.0,65.8,187.0,5.2
2024-06-18 18:00:00,29.8,0.0,72.2,183.0,4.3
2024-06-18 19:00:00,27.4,0.0,89.1,2.0,5.7
2024-06-18 20:00:00,26.6,0.0,94.4,4.0,2.9
2024-06-18 21:00:00,26.9,0.0,92.3,322.0,1.4
2024-06-18 22:00:00,26.8,0.0,94.5,350.0,1.6
2024-06-18 23:00:00,26.3,0.0,97.5,18.0,3.4
2024-06-19 00:00:00,26.5,0.0,95.4,356.0,2.5
2024-06-19 01:00:00,26.3,0.0,97.9,11.0,2.5
2024-06-19 02:00:00,26.8,0.0,95.9,261.0,2.9
2024-06-19 03:00:00,27.0,0.0,94.8,269.0,2.3
2024-06-19 04:00:00,26.9,0.0,95.6,301.0,1.1
2024-06-19 05:00:00,27.0,0.0,96.1,284.0,2.4
2024-06-19 06:00:00,26.9,0.0,98.5,235.0,1.5
2024-06-19 07:00:00,27.3,0.0,91.7,298.0,1.9
2024-06-19 08:00:00,27.7,0.0,92.3,171.0,2.1
2024-06-19 09:00:00,26.7,0.0,92.5,231.0,3.8
2024-06-19 10:00:00,28.6,0.0,84.5,198.0,3.5
2024-06-19 11:00:00,30.1,0.0,81.7,252.0,1.7
2024-06-19 12:00:00,30.0,0.0,78.5,217.0,3.6
2024-06-19 13:00:00,30.3,0.0,74.9,202.0,5.1
2024-06-19 14:00:00,29.9,0.0,80.3,206.0,3.7
2024-06-19 15:00:00,30.1,0.0,75.5,196.0,4.8
2024-06-19 16:00:00,30.1,0.0,76.6,200.0,4.7
2024-06-19 17:00:00,29.9,0.0,73.1,199.0,5.0
2024-06-19 18:00:00,30.1,0.0,73.0,210.0,4.5
2024-06-19 19:00:00,28.9,0.0,84.9,203.0,2.2
2024-06-19 20:00:00,28.9,0.0,80.6,197.0,3.9
2024-06-19 21:00:00,28.7,0.0,82.3,196.0,2.3
2024-06-19 22:00:00,28.6,0.0,83.1,197.0,2.4
2024-06-19 23:00:00,28.6,0.0,82.4,199.0,2.1
2024-06-20 00:00:00,28.6,0.0,81.0,158.0,1.6
2024-06-20 01:00:00,28.3,0.0,85.6,45.0,2.7
2024-06-20 02:00:00,27.3,0.0,94.2,25.0,2.6
2024-06-20 03:00:00,27.1,0.0,93.7,14.0,2.1
2024-06-20 04:00:00,26.9,0.0,97.4,325.0,2.1
2024-06-20 05:00:00,26.6,0.0,99.1,299.0,1.1
2024-06-20 06:00:00,27.2,0.0,95.5,310.0,1.1
2024-06-20 07:00:00,27.4,0.0,92.1,282.0,2.2
2024-06-20 08:00:00,27.3,0.0,97.7,310.0,2.0
2024-06-20 09:00:00,28.1,0.0,89.1,302.0,5.6
2024-06-20 10:00:00,28.9,0.0,79.9,304.0,3.9
2024-06-20 11:00:00,29.9,0.0,63.4,312.0,4.1
2024-06-20 12:00:00,31.4,0.0,63.3,214.0,1.7
2024-06-20 13:00:00,32.1,0.0,62.7,192.0,3.6
2024-06-20 14:00:00,32.0,0.0,61.8,205.0,3.4
2024-06-20 15:00:00,32.0,0.0,64.1,230.0,4.5
2024-06-20 16:00:00,31.9,0.0,64.7,248.0,7.8
2024-06-20 17:00:00,29.6,0.0,74.2,263.0,7.8
2024-06-20 18:00:00,29.8,0.0,74.4,260.0,4.2
2024-06-20 19:00:00,30.1,0.0,71.5,229.0,1.3
2024-06-20 20:00:00,30.0,0.0,71.7,201.0,2.7
2024-06-20 21:00:00,29.1,0.0,79.2,151.0,4.0
2024-06-20 22:00:00,28.7,0.0,74.7,203.0,3.1
2024-06-20 23:00:00,25.4,0.0,90.7,254.0,5.7
2024-06-21 00:00:00,26.1,0.0,88.8,271.0,4.2
2024-06-21 01:00:00,26.1,0.0,92.0,299.0,3.3
2024-06-21 02:00:00,25.9,0.0,90.8,305.0,3.6
2024-06-21 03:00:00,26.2,0.0,92.1,301.0,3.2
2024-06-21 04:00:00,25.8,1.6,99.3,274.0,4.5
2024-06-21 05:00:00,23.7,2.2,99.5,269.0,13.1
2024-06-21 06:00:00,23.3,0.2,99.5,249.0,9.8
2024-06-21 07:00:00,22.7,0.4,99.5,223.0,4.3
2024-06-21 08:00:00,23.7,0.0,99.5,214.0,6.7
2024-06-21 09:00:00,24.6,0.0,99.4,221.0,6.2
2024-06-21 10:00:00,25.3,0.0,99.4,242.0,2.0
2024-06-21 11:00:00,26.5,0.0,94.8,233.0,5.4
2024-06-21 12:00:00,27.8,0.0,80.6,235.0,6.8
2024-06-21 13:00:00,28.9,0.0,74.0,210.0,3.3
2024-06-21 14:00:00,29.4,0.0,67.4,225.0,6.1
2024-06-21 15:00:00,29.0,0.0,70.8,291.0,6.2
2024-06-21 16:00:00,29.9,0.0,64.1,209.0,5.7
2024-06-21 17:00:00,29.7,0.0,64.8,198.0,4.8
2024-06-21 18:00:00,29.0,0.0,69.9,195.0,4.6
2024-06-21 19:00:00,28.5,0.0,74.7,196.0,3.4
2024-06-21 20:00:00,28.3,0.0,77.9,197.0,3.5
2024-06-21 21:00:00,27.9,0.0,83.5,200.0,3.0
2024-06-21 22:00:00,28.0,0.0,87.0,207.0,1.5
2024-06-21 23:00:00,28.0,0.0,89.2,195.0,1.6
2024-06-22 00:00:00,27.9,0.0,91.4,192.0,2.6
2024-06-22 01:00:00,27.5,0.0,94.6,194.0,3.2
2024-06-22 02:00:00,27.5,0.0,93.7,164.0,2.9
2024-06-22 03:00:00,23.7,1.2,99.4,273.0,12.5
2024-06-22 04:00:00,23.6,0.2,99.5,293.0,4.5
2024-06-22 05:00:00,23.9,0.4,99.5,256.0,6.4
2024-06-22 06:00:00,23.9,0.0,99.5,233.0,5.9
2024-06-22 07:00:00,24.1,0.2,99.5,239.0,7.1
2024-06-22 08:00:00,24.5,0.0,99.4,228.0,5.3
2024-06-22 09:00:00,25.1,0.0,97.0,207.0,3.5
2024-06-22 10:00:00,24.7,0.0,99.3,209.0,4.8
2024-06-22 11:00:00,24.8,0.0,99.4,199.0,5.2
2024-06-22 12:00:00,24.9,0.0,99.0,196.0,5.1
2024-06-22 13:00:00,26.0,0.0,90.2,202.0,3.0
2024-06-22 14:00:00,27.3,0.0,77.8,236.0,3.1
2024-06-22 15:00:00,27.7,0.0,76.1,305.0,3.9
2024-06-22 16:00:00,28.0,0.0,73.4,108.0,2.1
2024-06-22 17:00:00,27.5,0.0,79.6,136.0,5.7
2024-06-22 18:00:00,26.7,0.0,89.7,190.0,2.8
2024-06-22 19:00:00,26.5,0.0,87.8,211.0,2.9
2024-06-22 20:00:00,26.6,0.0,87.8,193.0,1.6
2024-06-22 21:00:00,26.4,0.0,89.9,256.0,2.2
2024-06-22 22:00:00,26.3,0.0,91.6,199.0,1.4
2024-06-22 23:00:00,26.9,0.0,85.2,227.0,3.6
2024-06-23 00:00:00,26.1,0.0,95.7,270.0,3.9
2024-06-23 01:00:00,26.3,0.0,95.9,273.0,2.1
2024-06-23 02:00:00,26.1,0.0,99.3,241.0,3.8
2024-06-23 03:00:00,26.0,0.0,99.3,274.0,2.4
2024-06-23 04:00:00,25.7,0.0,99.4,274.0,4.7
2024-06-23 05:00:00,25.6,0.0,99.4,272.0,3.7
2024-06-23 06:00:00,25.7,0.0,99.4,262.0,3.4
2024-06-23 07:00:00,25.8,0.0,99.4,294.0,2.5
2024-06-23 08:00:00,25.9,0.0,99.4,289.0,4.5
2024-06-23 09:00:00,26.5,0.0,99.4,259.0,2.5
2024-06-23 10:00:00,28.4,0.0,92.2,224.0,2.0
2024-06-23 11:00:00,29.4,0.0,81.0,198.0,4.9
2024-06-23 12:00:00,30.0,0.0,76.9,178.0,5.6
2024-06-23 13:00:00,30.0,0.0,76.2,168.0,4.5
2024-06-23 14:00:00,30.4,0.0,66.3,180.0,5.1
2024-06-23 15:00:00,31.9,0.0,63.1,182.0,4.7
2024-06-23 16:00:00,31.0,0.0,65.4,190.0,5.6
2024-06-23 17:00:00,31.9,0.0,59.2,191.0,4.3
2024-06-23 18:00:00,31.6,0.0,60.5,173.0,3.4
2024-06-23 19:00:00,30.1,0.0,66.9,186.0,3.6
2024-06-23 20:00:00,29.4,0.0,70.4,178.0,2.7
2024-06-23 21:00:00,29.0,0.0,76.0,193.0,3.7
2024-06-23 22:00:00,28.7,0.0,76.3,186.0,2.8
2024-06-23 23:00:00,28.5,0.0,75.2,182.0,2.9
2024-06-24 00:00:00,28.3,0.0,74.5,186.0,3.2
2024-06-24 01:00:00,28.0,0.0,78.6,193.0,2.5
2024-06-24 02:00:00,27.8,0.0,81.7,193.0,2.3
2024-06-24 03:00:00,27.9,0.0,82.5,153.0,2.3
2024-06-24 04:00:00,27.6,0.0,85.2,191.0,1.5
2024-06-24 05:00:00,27.4,0.0,87.5,189.0,1.5
2024-06-24 06:00:00,27.7,0.0,87.5,199.0,1.7
2024-06-24 07:00:00,27.7,0.0,86.3,211.0,1.4
2024-06-24 08:00:00,28.3,0.0,86.2,170.0,1.3
2024-06-24 09:00:00,29.5,0.0,80.6,217.0,2.3
2024-06-24 10:00:00,30.4,0.0,74.6,198.0,3.8
2024-06-24 11:00:00,31.0,0.0,65.9,201.0,5.4
2024-06-24 12:00:00,31.9,0.0,62.1,198.0,3.9
2024-06-24 13:00:00,32.3,0.0,63.0,195.0,5.3
2024-06-24 14:00:00,32.3,0.0,63.9,194.0,4.6
2024-06-24 15:00:00,32.7,0.0,63.0,196.0,5.1
2024-06-24 16:00:00,32.1,0.0,63.6,181.0,5.3
2024-06-24 17:00:00,27.5,0.0,87.2,56.0,5.5
2024-06-24 18:00:00,27.2,0.0,93.6,19.0,4.8
2024-06-24 19:00:00,28.4,0.0,83.9,63.0,4.5
2024-06-24 20:00:00,28.7,0.0,78.8,102.0,4.3
2024-06-24 21:00:00,28.4,0.0,85.5,87.0,3.8
2024-06-24 22:00:00,28.3,0.0,88.1,86.0,1.7
2024-06-24 23:00:00,27.9,0.0,93.2,61.0,2.5
2024-06-25 00:00:00,28.7,0.0,88.5,180.0,1.9
2024-06-25 01:00:00,28.1,0.0,92.7,284.0,1.5
2024-06-25 02:00:00,27.1,0.0,99.3,6.0,4.0
2024-06-25 03:00:00,26.7,0.0,99.4,5.0,2.6
2024-06-25 04:00:00,26.6,0.0,99.4,356.0,2.1
2024-06-25 05:00:00,26.6,0.0,99.4,15.0,1.8
2024-06-25 06:00:00,26.6,0.0,99.4,41.0,2.4
2024-06-25 07:00:00,27.1,0.0,99.3,309.0,0.7
2024-06-25 08:00:00,27.8,0.0,97.8,357.0,1.1
2024-06-25 09:00:00,28.2,0.0,95.8,333.0,3.9
2024-06-25 10:00:00,29.3,0.0,85.0,167.0,2.5
2024-06-25 11:00:00,31.1,0.0,70.2,178.0,3.1
2024-06-25 12:00:00,31.5,0.0,64.5,191.0,3.6
2024-06-25 13:00:00,31.5,0.0,66.3,169.0,4.4
2024-06-25 14:00:00,32.3,0.0,60.0,155.0,5.6
2024-06-25 15:00:00,32.9,0.0,56.1,165.0,3.2
2024-06-25 16:00:00,31.4,0.0,67.1,137.0,6.7
2024-06-25 17:00:00,30.4,0.0,74.5,153.0,6.2
2024-06-25 18:00:00,25.4,1.0,99.4,98.0,3.7
2024-06-25 19:00:00,26.8,0.0,99.3,221.0,2.1
2024-06-25 20:00:00,27.3,0.0,98.5,329.0,2.4
2024-06-25 21:00:00,26.8,0.0,99.4,231.0,1.6
2024-06-25 22:00:00,27.0,0.0,99.4,10.0,2.1
2024-06-25 23:00:00,28.1,0.0,97.7,73.0,3.5
2024-06-26 00:00:00,28.3,0.0,91.7,101.0,2.4
2024-06-26 01:00:00,28.3,0.0,90.3,132.0,2.1
2024-06-26 02:00:00,28.2,0.0,89.5,113.0,3.6
2024-06-26 03:00:00,28.1,0.0,89.7,108.0,1.9
2024-06-26 04:00:00,26.9,0.0,99.4,93.0,0.4
2024-06-26 05:00:00,28.0,0.0,92.6,125.0,3.4
2024-06-26 06:00:00,27.9,0.0,90.3,123.0,2.6
2024-06-26 07:00:00,26.7,0.0,99.4,16.0,3.2
2024-06-26 08:00:00,28.0,0.0,96.4,69.0,1.9
2024-06-26 09:00:00,29.3,0.0,87.2,107.0,4.6
2024-06-26 10:00:00,30.3,0.0,77.6,140.0,4.1
2024-06-26 11:00:00,31.4,0.0,61.8,154.0,5.1
2024-06-26 12:00:00,31.8,0.0,62.1,111.0,5.0
2024-06-26 13:00:00,31.6,0.0,58.1,107.0,5.6
2024-06-26 14:00:00,30.6,0.0,67.7,155.0,3.4
2024-06-26 15:00:00,32.1,0.0,60.4,103.0,7.1
2024-06-26 16:00:00,31.5,0.0,61.0,104.0,7.7
2024-06-26 17:00:00,29.3,0.2,80.5,173.0,4.0
2024-06-26 18:00:00,26.4,0.0,91.2,264.0,8.89999
2024-06-26 19:00:00,24.1,0.0,99.5,234.0,5.4
2024-06-26 20:00:00,26.1,0.0,93.9,238.0,1.2
2024-06-26 21:00:00,27.3,0.0,87.3,87.0,5.8
2024-06-26 22:00:00,27.0,0.0,96.6,65.0,2.6
2024-06-26 23:00:00,26.6,0.0,99.3,337.0,1.2
2024-06-27 00:00:00,26.4,0.0,99.1,343.0,1.6
2024-06-27 01:00:00,26.3,0.0,99.4,346.0,0.7
2024-06-27 02:00:00,26.3,0.0,99.3,342.0,2.5
2024-06-27 03:00:00,26.3,0.0,99.4,334.0,1.5
2024-06-27 04:00:00,26.2,0.0,99.4,350.0,2.9
2024-06-27 05:00:00,26.0,0.0,99.4,39.0,1.6
2024-06-27 06:00:00,26.3,0.0,97.8,301.0,1.8
2024-06-27 07:00:00,26.1,0.0,99.3,286.0,3.2
2024-06-27 08:00:00,26.7,0.0,96.4,180.0,1.1
2024-06-27 09:00:00,27.4,0.0,95.2,74.0,2.7
2024-06-27 10:00:00,28.1,0.0,91.8,121.0,2.3
2024-06-27 11:00:00,29.8,0.0,81.6,123.0,3.4
2024-06-27 12:00:00,30.5,0.0,70.3,117.0,6.9
2024-06-27 13:00:00,30.8,0.0,71.7,154.0,5.2
2024-06-27 14:00:00,31.0,0.0,66.6,128.0,6.1
2024-06-27 15:00:00,30.9,0.0,68.4,138.0,8.2
2024-06-27 16:00:00,30.8,0.0,67.0,130.0,5.7
2024-06-27 17:00:00,30.3,0.0,72.6,129.0,6.3
2024-06-27 18:00:00,29.9,0.0,74.6,133.0,3.9
2024-06-27 19:00:00,29.3,0.0,80.2,85.0,5.0
2024-06-27 20:00:00,29.0,0.0,80.6,94.0,4.1
2024-06-27 21:00:00,28.5,0.0,84.0,63.0,2.9
2024-06-27 22:00:00,28.4,0.0,85.0,60.0,4.4
2024-06-27 23:00:00,28.3,0.0,82.1,58.0,4.9
2024-06-28 00:00:00,28.0,0.0,84.7,63.0,4.9
2024-06-28 01:00:00,28.1,0.0,82.9,78.0,5.4
2024-06-28 02:00:00,27.7,0.0,85.6,40.0,2.7
2024-06-28 03:00:00,27.3,0.0,92.0,13.0,2.5
2024-06-28 04:00:00,27.2,0.0,93.1,349.0,1.4
2024-06-28 05:00:00,27.6,0.0,83.3,40.0,2.6
2024-06-28 06:00:00,27.4,0.0,87.6,39.0,3.3
2024-06-28 07:00:00,27.7,0.0,80.3,116.0,1.4
2024-06-28 08:00:00,28.4,0.0,77.1,9.0,1.8
2024-06-28 09:00:00,29.5,0.0,74.5,85.0,3.0
2024-06-28 10:00:00,30.2,0.0,71.7,93.0,3.7
2024-06-28 11:00:00,31.0,0.0,69.5,87.0,4.5
2024-06-28 12:00:00,31.3,0.0,66.5,56.0,2.8
2024-06-28 13:00:00,32.9,0.0,57.7,340.0,1.0
2024-06-28 14:00:00,31.0,0.0,68.1,188.0,5.4
2024-06-28 15:00:00,25.7,1.0,99.4,114.0,9.0
2024-06-28 16:00:00,26.4,0.0,99.2,110.0,1.8
2024-06-28 17:00:00,28.1,0.0,84.8,161.0,3.3
2024-06-28 18:00:00,29.9,0.0,71.2,285.0,1.4
2024-06-28 19:00:00,28.5,0.0,79.9,49.0,1.4
2024-06-28 20:00:00,28.7,0.0,79.1,136.0,2.8
2024-06-28 21:00:00,28.6,0.0,81.9,67.0,2.8
2024-06-28 22:00:00,28.3,0.0,84.0,344.0,3.1
2024-06-28 23:00:00,27.6,0.0,94.3,277.0,2.7
2024-06-29 00:00:00,27.2,0.0,97.5,288.0,0.8
2024-06-29 01:00:00,26.7,0.0,96.0,11.0,3.7
2024-06-29 02:00:00,26.6,0.0,96.0,341.0,2.4
2024-06-29 03:00:00,26.6,0.0,98.1,315.0,2.1
2024-06-29 04:00:00,26.6,0.0,99.1,285.0,1.5
2024-06-29 05:00:00,26.3,0.0,99.3,299.0,3.5
2024-06-29 06:00:00,26.3,0.0,99.3,267.0,2.9
2024-06-29 07:00:00,26.4,0.0,99.3,229.0,0.9
2024-06-29 08:00:00,26.7,0.0,98.7,261.0,1.8
2024-06-29 09:00:00,28.1,0.0,87.9,272.0,1.5
2024-06-29 10:00:00,28.6,0.0,86.9,213.0,3.0
2024-06-29 11:00:00,27.3,0.6,99.2,198.0,2.4
2024-06-29 12:00:00,26.9,0.0,99.2,196.0,3.6
2024-06-29 13:00:00,28.7,0.0,83.8,207.0,3.3
2024-06-29 14:00:00,30.9,0.0,69.7,195.0,2.6
2024-06-29 15:00:00,31.4,0.0,63.7,202.0,3.8
2024-06-29 16:00:00,33.4,0.0,56.2,209.0,2.1
2024-06-29 17:00:00,32.3,0.0,60.9,204.0,2.5
2024-06-29 18:00:00,30.6,0.0,71.5,189.0,3.8
2024-06-29 19:00:00,29.7,0.0,75.3,186.0,3.4
2024-06-29 20:00:00,29.3,0.0,76.8,153.0,2.9
2024-06-29 21:00:00,29.2,0.0,70.9,120.0,5.4
2024-06-29 22:00:00,29.1,0.0,72.3,145.0,4.1
2024-06-29 23:00:00,28.9,0.0,73.4,140.0,2.6
2024-06-30 00:00:00,28.6,0.0,76.2,151.0,1.4
2024-06-30 01:00:00,28.7,0.0,78.0,117.0,3.5
2024-06-30 02:00:00,28.6,0.0,79.4,124.0,3.0
2024-06-30 03:00:00,28.4,0.0,82.9,164.0,1.8
2024-06-30 04:00:00,28.2,0.0,84.4,109.0,2.4
2024-06-30 05:00:00,27.2,0.0,95.9,7.0,2.6
2024-06-30 06:00:00,27.3,0.0,95.5,334.0,2.5
2024-06-30 07:00:00,27.0,0.0,99.3,36.0,1.9
2024-06-30 08:00:00,25.6,0.0,95.9,247.0,6.4
2024-06-30 09:00:00,24.4,0.2,99.4,239.0,10.5
2024-06-30 10:00:00,24.2,0.2,99.4,253.0,7.9
2024-06-30 11:00:00,23.8,0.2,99.4,253.0,6.8
2024-06-30 12:00:00,23.8,0.8,99.4,196.0,3.6
2024-06-30 13:00:00,24.1,0.6,99.4,195.0,4.2
2024-06-30 14:00:00,24.6,0.2,99.4,209.0,2.6
2024-06-30 15:00:00,25.1,0.0,99.3,274.0,3.7
2024-06-30 16:00:00,25.9,0.0,98.4,267.0,1.0
2024-06-30 17:00:00,25.9,0.0,95.4,313.0,3.1
2024-06-30 18:00:00,25.9,0.0,95.3,294.0,3.2
2024-06-30 19:00:00,25.9,0.0,95.7,235.0,2.7
2024-06-30 20:00:00,25.7,0.0,99.3,241.0,3.7
2024-06-30 21:00:00,25.8,0.0,99.3,271.0,2.6
2024-06-30 22:00:00,25.7,0.0,99.4,308.0,2.3
2024-06-30 23:00:00,25.9,0.0,97.4,295.0,3.0
2024-07-01 00:00:00,25.8,0.0,99.1,295.0,4.2
2024-07-01 01:00:00,25.5,0.0,99.4,358.0,2.8
2024-07-01 02:00:00,25.4,0.0,99.4,9.0,3.1
2024-07-01 03:00:00,25.3,0.0,99.4,8.0,4.3
2024-07-01 04:00:00,25.2,0.0,99.4,359.0,2.8
2024-07-01 05:00:00,25.2,0.0,99.4,356.0,2.6
2024-07-01 06:00:00,25.3,0.0,99.4,357.0,2.1
2024-07-01 07:00:00,25.7,0.0,99.3,32.0,1.9
2024-07-01 08:00:00,25.8,0.0,99.3,38.0,1.6
2024-07-01 09:00:00,26.6,0.0,93.0,359.0,2.6
2024-07-01 10:00:00,28.0,0.0,85.8,347.0,1.7
2024-07-01 11:00:00,28.5,0.0,80.5,352.0,4.3
2024-07-01 12:00:00,29.6,0.0,75.4,343.0,3.4
2024-07-01 13:00:00,31.1,0.0,67.2,328.0,2.5
2024-07-01 14:00:00,30.9,0.0,67.7,203.0,3.2
2024-07-01 15:00:00,29.7,0.0,70.7,162.0,4.6
2024-07-01 16:00:00,28.2,0.0,79.3,342.0,7.4
2024-07-01 17:00:00,28.2,0.0,72.3,303.0,3.2
2024-07-01 18:00:00,27.6,0.0,82.0,99.0,3.2
2024-07-01 19:00:00,26.6,0.0,94.9,185.0,2.8
2024-07-01 20:00:00,26.6,0.0,95.7,165.0,1.7
2024-07-01 21:00:00,27.5,0.0,86.0,162.0,2.6
2024-07-01 22:00:00,27.6,0.0,83.8,148.0,3.8
2024-07-01 23:00:00,27.7,0.0,85.8,117.0,3.2
2024-07-02 00:00:00,27.8,0.0,85.4,78.0,2.0
2024-07-02 01:00:00,27.5,0.0,88.3,187.0,1.5
2024-07-02 02:00:00,27.4,0.0,90.7,188.0,1.5
2024-07-02 03:00:00,27.1,0.0,95.6,288.0,1.5
2024-07-02 04:00:00,26.8,0.0,99.3,287.0,1.1
2024-07-02 05:00:00,26.8,0.0,99.3,57.0,1.4
2024-07-02 06:00:00,26.6,0.0,99.3,94.0,1.6
2024-07-02 07:00:00,26.5,0.0,99.3,62.0,1.2
2024-07-02 08:00:00,26.1,0.0,99.4,11.0,2.7
2024-07-02 09:00:00,26.9,0.0,99.4,127.0,1.3
2024-07-02 10:00:00,28.3,0.0,96.1,351.0,1.1
2024-07-02 11:00:00,28.7,0.0,92.7,182.0,3.7
2024-07-02 12:00:00,29.4,0.0,82.5,175.0,3.5
2024-07-02 13:00:00,29.9,0.0,79.3,202.0,4.4
2024-07-02 14:00:00,31.3,0.0,66.9,202.0,4.9
2024-07-02 15:00:00,31.8,0.0,59.8,209.0,5.4
2024-07-02 16:00:00,30.8,0.0,58.2,201.0,4.5
2024-07-02 17:00:00,30.6,0.0,55.6,201.0,3.9
2024-07-02 18:00:00,30.3,0.0,62.5,253.0,2.1
2024-07-02 19:00:00,29.3,0.0,76.6,304.0,2.8
2024-07-02 20:00:00,29.4,0.0,72.2,220.0,1.2
2024-07-02 21:00:00,29.2,0.0,76.1,186.0,3.1
2024-07-02 22:00:00,28.7,0.0,85.2,186.0,1.8
2024-07-02 23:00:00,28.6,0.0,82.7,169.0,3.3
2024-07-03 00:00:00,28.3,0.0,84.8,297.0,0.6
2024-07-03 01:00:00,27.5,0.0,93.8,39.0,3.2
2024-07-03 02:00:00,27.7,0.0,95.1,173.0,1.4
2024-07-03 03:00:00,27.8,0.0,94.6,177.0,1.7
2024-07-03 04:00:00,27.7,0.0,95.8,183.0,2.5
2024-07-03 05:00:00,27.5,0.0,95.8,170.0,3.2
2024-07-03 06:00:00,27.4,0.0,96.9,217.0,1.7
2024-07-03 07:00:00,27.6,0.0,96.4,185.0,1.7
2024-07-03 08:00:00,28.2,0.0,92.7,180.0,2.5
2024-07-03 09:00:00,29.2,0.0,85.6,185.0,4.4
2024-07-03 10:00:00,30.6,0.0,72.2,193.0,5.1
2024-07-03 11:00:00,31.0,0.0,69.3,170.0,5.2
2024-07-03 12:00:00,32.4,0.0,60.5,167.0,4.6
2024-07-03 13:00:00,28.6,0.0,71.6,211.0,5.9
2024-07-03 14:00:00,29.1,0.0,68.2,234.0,5.1
2024-07-03 15:00:00,28.7,0.0,74.9,246.0,2.0
2024-07-03 16:00:00,28.3,0.0,74.6,253.0,1.4
2024-07-03 17:00:00,27.7,0.0,82.1,113.0,4.8
2024-07-03 18:00:00,29.6,0.0,74.6,152.0,2.5
2024-07-03 19:00:00,29.6,0.0,76.4,190.0,2.2
2024-07-03 20:00:00,29.2,0.0,79.8,135.0,4.5
2024-07-03 21:00:00,29.0,0.0,85.0,161.0,4.3
2024-07-03 22:00:00,28.7,0.0,88.6,154.0,5.1
2024-07-03 23:00:00,28.4,0.0,88.2,122.0,6.6
2024-07-04 00:00:00,28.4,0.0,84.0,152.0,4.7
2024-07-04 01:00:00,28.4,0.0,79.8,135.0,6.7
2024-07-04 02:00:00,28.1,0.0,87.3,132.0,6.9
2024-07-04 03:00:00,28.0,0.0,90.3,138.0,5.9
2024-07-04 04:00:00,27.5,0.0,83.9,196.0,3.9
2024-07-04 05:00:00,27.3,0.0,83.8,191.0,3.6
2024-07-04 06:00:00,27.5,0.0,82.2,190.0,4.3
2024-07-04 07:00:00,27.5,0.0,85.6,187.0,5.1
2024-07-04 08:00:00,27.7,0.0,78.1,167.0,4.2
2024-07-04 09:00:00,28.8,0.0,73.4,189.0,5.8
2024-07-04 10:00:00,29.3,0.0,73.3,185.0,4.4
2024-07-04 11:00:00,30.3,0.0,70.1,234.0,3.0
2024-07-04 12:00:00,31.9,0.0,59.9,207.0,2.8
2024-07-04 13:00:00,31.1,0.0,65.6,299.0,5.7
2024-07-04 14:00:00,33.2,0.0,58.2,47.0,3.0
2024-07-04 15:00:00,32.5,0.0,54.3,229.0,2.8
2024-07-04 16:00:00,32.7,0.0,55.1,201.0,5.2
2024-07-04 17:00:00,32.0,0.0,56.9,206.0,5.1
2024-07-04 18:00:00,31.3,0.0,57.7,193.0,4.7
2024-07-04 19:00:00,30.4,0.0,62.6,218.0,4.4
2024-07-04 20:00:00,30.0,0.0,67.4,237.0,3.0
2024-07-04 21:00:00,29.8,0.0,69.2,184.0,2.7
2024-07-04 22:00:00,29.5,0.0,71.1,196.0,2.2
2024-07-04 23:00:00,29.2,0.0,74.0,189.0,3.9
2024-07-05 00:00:00,28.9,0.0,78.9,176.0,1.9
2024-07-05 01:00:00,28.7,0.0,81.0,195.0,1.7
2024-07-05 02:00:00,28.5,0.0,82.3,238.0,0.7
2024-07-05 03:00:00,27.8,0.0,93.7,15.0,2.7
2024-07-05 04:00:00,27.6,0.0,96.3,352.0,1.2
2024-07-05 05:00:00,27.5,0.0,96.8,349.0,2.5
2024-07-05 06:00:00,27.2,0.0,99.4,15.0,2.1
2024-07-05 07:00:00,26.9,0.0,99.4,13.0,3.5
2024-07-05 08:00:00,27.1,0.0,99.4,345.0,3.1
2024-07-05 09:00:00,28.7,0.0,90.9,348.0,1.9
2024-07-05 10:00:00,24.8,0.0,89.5,200.0,10.5
2024-07-05 11:00:00,25.3,0.0,82.6,152.0,4.0
2024-07-05 12:00:00,26.9,0.0,82.9,232.0,2.3
2024-07-05 13:00:00,26.9,0.0,86.1,236.0,2.2
2024-07-05 14:00:00,30.6,0.0,71.4,225.0,2.3
2024-07-05 15:00:00,31.9,0.0,66.2,283.0,2.5
2024-07-05 16:00:00,31.3,0.0,61.3,327.0,5.9
2024-07-05 17:00:00,31.7,0.0,60.6,307.0,4.0
2024-07-05 18:00:00,31.0,0.0,63.3,319.0,3.0
2024-07-05 19:00:00,30.6,0.0,67.7,150.0,1.5
2024-07-05 20:00:00,29.6,0.0,70.1,91.0,3.6
2024-07-05 21:00:00,29.0,0.0,76.2,17.0,2.8
2024-07-05 22:00:00,28.6,0.0,78.7,1.0,4.4
2024-07-05 23:00:00,28.0,0.0,86.2,23.0,2.8
2024-07-06 00:00:00,27.4,0.0,94.0,31.0,2.8
2024-07-06 01:00:00,27.2,0.0,92.0,353.0,4.4
2024-07-06 02:00:00,26.9,0.0,95.3,3.0,3.3
2024-07-06 03:00:00,26.6,0.0,94.9,3.0,5.7
2024-07-06 04:00:00,26.6,0.0,94.2,329.0,2.3
2024-07-07 05:00:00,27.7,0.0,92.3,189.0,1.0
2024-07-07 06:00:00,27.8,0.0,90.7,166.0,1.6
2024-07-07 07:00:00,27.7,0.0,92.5,178.0,1.2
2024-07-07 08:00:00,25.6,0.4,99.3,237.0,7.7
2024-07-07 09:00:00,25.8,0.0,99.3,270.0,2.8
2024-07-07 10:00:00,26.4,0.0,97.6,306.0,0.7
2024-07-07 11:00:00,27.4,0.0,91.2,244.0,2.9
2024-07-07 12:00:00,27.2,0.0,88.9,272.0,7.7
2024-07-07 13:00:00,29.1,0.0,74.4,315.0,3.7
2024-07-07 14:00:00,30.4,0.0,67.1,263.0,4.2
2024-07-07 15:00:00,31.3,0.0,58.9,273.0,4.2
2024-07-07 16:00:00,31.1,0.0,66.1,209.0,4.0
2024-07-07 17:00:00,29.5,0.0,76.0,184.0,4.9
2024-07-07 18:00:00,29.0,0.0,80.7,151.0,5.3
2024-07-07 19:00:00,28.9,0.0,83.0,140.0,3.9
2024-07-07 20:00:00,28.3,0.0,86.3,129.0,5.1
2024-07-07 21:00:00,28.2,0.0,85.6,125.0,3.5
2024-07-07 22:00:00,28.1,0.0,84.8,122.0,2.6
2024-07-07 23:00:00,28.1,0.0,84.5,143.0,3.0
2024-07-08 00:00:00,28.0,0.0,85.4,157.0,2.6
2024-07-08 01:00:00,28.0,0.0,85.1,168.0,1.2
2024-07-08 02:00:00,27.9,0.0,87.1,184.0,1.5
2024-07-08 03:00:00,27.5,0.0,90.0,175.0,1.0
2024-07-08 04:00:00,26.4,0.0,99.3,2.0,2.1
2024-07-08 05:00:00,26.0,0.0,99.4,15.0,2.5
2024-07-08 06:00:00,25.7,0.0,99.4,13.0,3.1
2024-07-08 07:00:00,26.0,0.0,99.3,300.0,1.1
2024-07-08 08:00:00,26.3,0.0,99.3,358.0,1.2
2024-07-08 09:00:00,26.0,0.0,98.1,251.0,7.3
2024-07-08 10:00:00,25.6,0.0,96.6,271.0,7.1
2024-07-08 11:00:00,26.2,0.0,91.1,265.0,7.4
2024-07-08 12:00:00,28.4,0.0,80.1,298.0,4.4
2024-07-08 13:00:00,28.8,0.0,77.6,277.0,7.3
2024-07-08 14:00:00,27.0,0.0,93.4,242.0,6.9
2024-07-08 15:00:00,26.9,0.0,97.2,233.0,4.8
2024-07-08 16:00:00,26.7,0.2,96.9,240.0,4.0
2024-07-08 17:00:00,25.3,0.2,99.4,222.0,7.5
2024-07-08 18:00:00,25.8,0.0,92.6,242.0,5.5
2024-07-08 19:00:00,26.1,0.0,93.9,242.0,1.2
2024-07-08 20:00:00,26.2,0.0,94.6,261.0,1.2
2024-07-08 21:00:00,26.0,0.0,95.3,187.0,1.0
2024-07-08 22:00:00,26.4,0.0,91.2,306.0,1.7
2024-07-08 23:00:00,26.4,0.0,94.0,248.0,0.5
2024-07-09 00:00:00,26.4,0.0,93.3,159.0,2.5
2024-07-09 01:00:00,26.4,0.0,93.1,356.0,3.1
2024-07-09 02:00:00,26.5,0.0,95.6,65.0,3.2
2024-07-09 03:00:00,26.7,0.0,91.0,131.0,3.4
2024-07-09 04:00:00,26.8,0.0,92.0,82.0,1.5
2024-07-09 05:00:00,26.9,0.0,91.8,85.0,3.1
2024-07-09 06:00:00,26.8,0.0,92.2,121.0,3.6
2024-07-09 07:00:00,27.0,0.0,90.7,248.0,1.0
2024-07-09 08:00:00,26.9,0.0,89.2,201.0,2.0
2024-07-09 09:00:00,27.9,0.0,81.7,196.0,2.2
2024-07-09 10:00:00,28.8,0.0,81.2,189.0,3.2
2024-07-09 11:00:00,29.7,0.0,77.8,171.0,3.1
2024-07-09 12:00:00,30.1,0.0,74.0,160.0,5.1
2024-07-09 13:00:00,27.6,0.0,89.8,196.0,6.7
2024-07-09 14:00:00,27.8,0.2,93.3,190.0,5.5
2024-07-09 15:00:00,27.4,0.0,94.3,174.0,3.0
2024-07-09 16:00:00,28.6,0.0,80.5,200.0,3.1
2024-07-09 17:00:00,29.0,0.0,76.2,198.0,3.5
2024-07-09 18:00:00,28.9,0.0,76.9,179.0,1.7
2024-07-09 19:00:00,29.1,0.0,76.6,172.0,1.4
2024-07-09 20:00:00,28.5,0.0,77.5,156.0,3.6
2024-07-09 21:00:00,27.8,0.0,84.2,186.0,2.5
2024-07-09 22:00:00,27.4,0.0,85.1,195.0,3.3
2024-07-09 23:00:00,27.3,0.0,83.1,191.0,2.0
2024-07-10 00:00:00,27.3,0.0,83.6,185.0,1.3
2024-07-10 01:00:00,27.1,0.0,84.6,196.0,1.4
2024-07-10 02:00:00,27.4,0.0,82.1,152.0,1.7
2024-07-10 03:00:00,26.8,0.0,90.0,221.0,2.2
2024-07-10 04:00:00,26.9,0.0,87.3,221.0,1.6
2024-07-10 05:00:00,26.5,0.0,94.4,297.0,3.0
2024-07-10 06:00:00,26.6,0.0,98.0,256.0,1.8
2024-07-10 07:00:00,26.9,0.0,95.3,255.0,0.9
2024-07-10 08:00:00,26.7,0.0,96.5,299.0,2.2
2024-07-10 09:00:00,27.9,0.0,88.2,260.0,1.6
2024-07-10 10:00:00,29.6,0.0,79.3,234.0,3.1
2024-07-10 11:00:00,30.2,0.0,74.4,214.0,4.6
2024-07-10 12:00:00,29.6,0.0,74.0,180.0,4.0
2024-07-10 13:00:00,31.4,0.0,67.3,207.0,4.8
2024-07-10 14:00:00,30.1,0.0,74.2,231.0,8.5
2024-07-10 15:00:00,30.3,0.0,72.1,247.0,7.1
2024-07-10 16:00:00,30.4,0.0,72.4,204.0,4.4
2024-07-10 17:00:00,29.2,0.0,72.0,247.0,6.9
2024-07-10 18:00:00,29.2,0.0,78.7,248.0,3.2
2024-07-10 19:00:00,28.3,0.0,83.5,270.0,6.3
2024-07-10 20:00:00,28.2,0.0,82.0,261.0,4.0
2024-07-10 21:00:00,27.9,0.0,83.3,238.0,2.8
2024-07-10 22:00:00,28.1,0.0,85.0,229.0,2.7
2024-07-10 23:00:00,28.2,0.0,84.8,262.0,1.6
2024-07-11 00:00:00,28.2,0.0,85.9,169.0,1.8
2024-07-11 01:00:00,28.0,0.0,87.5,271.0,2.1
2024-07-11 02:00:00,27.7,0.0,93.5,283.0,1.3
2024-07-11 03:00:00,27.4,0.0,95.0,271.0,2.5
2024-07-11 04:00:00,27.5,0.0,91.1,192.0,1.8
2024-07-11 05:00:00,27.4,0.0,88.8,195.0,2.6
2024-07-11 06:00:00,27.1,0.0,96.2,238.0,4.2
2024-07-11 07:00:00,27.3,0.0,92.5,225.0,4.2
2024-07-11 08:00:00,27.8,0.0,89.7,202.0,3.3
2024-07-11 09:00:00,28.7,0.0,85.8,203.0,4.3
2024-07-11 10:00:00,29.8,0.0,71.2,201.0,6.5
2024-07-11 11:00:00,30.2,0.0,70.2,201.0,7.5
2024-07-11 12:00:00,30.4,0.0,70.8,207.0,7.8
2024-07-11 13:00:00,30.6,0.0,66.2,204.0,8.39999
2024-07-11 14:00:00,31.0,0.0,65.5,202.0,7.5
2024-07-11 15:00:00,31.2,0.0,63.0,198.0,6.1
2024-07-11 16:00:00,31.3,0.0,57.6,194.0,5.8
2024-07-11 17:00:00,31.2,0.0,55.8,183.0,4.2
2024-07-11 18:00:00,30.3,0.0,62.1,195.0,3.8
2024-07-11 19:00:00,29.8,0.0,65.1,184.0,4.1
2024-07-11 20:00:00,29.4,0.0,68.6,181.0,3.8
2024-07-11 21:00:00,29.0,0.0,66.5,181.0,4.9
2024-07-11 22:00:00,28.5,0.0,76.7,175.0,4.3
2024-07-11 23:00:00,28.4,0.0,81.5,190.0,3.4
2024-07-12 00:00:00,28.3,0.0,83.9,177.0,3.6
2024-07-12 01:00:00,28.3,0.0,84.4,187.0,2.5
2024-07-12 02:00:00,28.3,0.0,82.3,179.0,4.0
2024-07-12 03:00:00,28.1,0.0,84.2,163.0,6.0
2024-07-12 04:00:00,28.0,0.0,83.8,169.0,2.9
2024-07-12 05:00:00,27.6,0.0,87.7,168.0,2.9
2024-07-12 06:00:00,27.6,0.0,88.4,222.0,1.5
2024-07-12 07:00:00,27.8,0.0,86.4,145.0,1.5
2024-07-12 08:00:00,28.2,0.0,82.4,224.0,1.0
2024-07-12 09:00:00,29.0,0.0,79.3,170.0,1.9
2024-07-12 10:00:00,29.4,0.0,78.9,208.0,2.3
2024-07-12 11:00:00,29.9,0.0,74.8,176.0,4.3
2024-07-12 12:00:00,30.9,0.0,65.4,189.0,3.8
2024-07-12 13:00:00,31.2,0.0,62.9,207.0,3.8
2024-07-12 14:00:00,24.9,0.4,99.5,216.0,1.8
2024-07-12 15:00:00,26.0,0.0,99.4,8.0,4.9
2024-07-12 16:00:00,25.6,0.0,99.4,9.0,3.4
2024-07-12 17:00:00,25.5,0.0,99.4,326.0,1.9
2024-07-12 18:00:00,25.3,0.0,99.4,311.0,3.0
2024-07-12 19:00:00,25.4,0.0,99.4,6.0,1.6
2024-07-12 20:00:00,25.7,0.0,99.4,81.0,1.8
2024-07-12 21:00:00,25.9,0.0,99.4,92.0,3.5
2024-07-12 22:00:00,26.0,0.0,97.7,99.0,3.3
2024-07-12 23:00:00,26.0,0.0,99.3,99.0,5.5
2024-07-13 00:00:00,26.0,0.0,99.4,97.0,1.9
2024-07-13 01:00:00,25.5,0.0,99.4,354.0,2.0
2024-07-13 02:00:00,25.4,0.0,99.4,53.0,1.5
2024-07-13 03:00:00,25.8,0.0,99.4,30.0,1.4
2024-07-13 04:00:00,25.6,0.0,99.4,100.0,1.5
2024-07-13 05:00:00,25.9,0.0,99.3,279.0,1.2
2024-07-13 06:00:00,26.1,0.0,99.3,243.0,0.8
2024-07-13 07:00:00,26.3,0.0,97.6,163.0,0.7
2024-07-13 08:00:00,26.8,0.0,96.0,182.0,1.5
2024-07-13 09:00:00,28.4,0.0,85.7,165.0,2.9
2024-07-13 10:00:00,29.4,0.0,78.4,168.0,4.5
2024-07-13 11:00:00,30.7,0.0,67.2,191.0,4.1
2024-07-13 12:00:00,30.6,0.0,68.8,188.0,4.8
2024-07-13 13:00:00,30.8,0.0,66.0,196.0,4.7
2024-07-13 14:00:00,31.8,0.0,60.5,199.0,4.3
2024-07-13 15:00:00,30.9,0.0,68.3,194.0,5.2
2024-07-13 16:00:00,31.4,0.0,63.1,183.0,6.5
2024-07-13 17:00:00,31.3,0.0,61.1,192.0,6.4
2024-07-13 18:00:00,30.7,0.0,64.4,189.0,4.4
2024-07-13 19:00:00,30.0,0.0,71.2,190.0,4.0
2024-07-13 20:00:00,29.5,0.0,74.3,188.0,3.9
2024-07-13 21:00:00,29.3,0.0,74.9,162.0,6.0
2024-07-13 22:00:00,29.1,0.0,78.6,143.0,3.1
2024-07-13 23:00:00,28.9,0.0,78.5,183.0,1.8
2024-07-14 00:00:00,28.8,0.0,78.5,138.0,3.4
2024-07-14 01:00:00,28.6,0.0,80.0,156.0,3.7
2024-07-14 02:00:00,28.5,0.0,80.9,194.0,2.1
2024-07-14 03:00:00,28.1,0.0,83.6,157.0,2.7
2024-07-14 04:00:00,28.0,0.0,85.4,173.0,2.6
2024-07-14 05:00:00,27.8,0.0,87.6,171.0,2.0
2024-07-14 06:00:00,28.0,0.0,86.0,113.0,3.1
2024-07-14 07:00:00,27.8,0.0,88.7,152.0,3.1
2024-07-14 08:00:00,28.2,0.0,87.6,171.0,3.1
2024-07-14 09:00:00,27.9,0.0,81.9,176.0,5.5
2024-07-14 10:00:00,28.9,0.0,80.0,157.0,4.0
2024-07-14 11:00:00,29.6,0.0,75.8,156.0,4.3
2024-07-14 12:00:00,29.9,0.0,72.1,163.0,3.1
2024-07-14 13:00:00,30.5,0.0,69.5,202.0,2.0
2024-07-14 14:00:00,28.3,0.0,84.8,7.0,5.5
2024-07-14 15:00:00,30.6,0.0,61.2,202.0,4.1
2024-07-14 16:00:00,30.3,0.0,66.2,193.0,3.5
2024-07-14 17:00:00,30.0,0.0,70.4,205.0,5.9
2024-07-14 18:00:00,29.5,0.0,72.7,197.0,4.0
2024-07-14 19:00:00,29.1,0.0,68.0,194.0,3.6
2024-07-14 20:00:00,28.8,0.0,68.8,190.0,2.6
2024-07-14 21:00:00,28.5,0.0,73.8,190.0,3.5
2024-07-14 22:00:00,28.4,0.0,75.3,197.0,2.8
2024-07-14 23:00:00,28.4,0.0,76.9,153.0,2.2
2024-07-15 00:00:00,28.4,0.0,80.4,122.0,3.8
2024-07-15 01:00:00,28.3,0.0,80.7,144.0,1.8
2024-07-15 02:00:00,28.1,0.0,81.9,152.0,3.1
2024-07-15 03:00:00,28.0,0.0,80.4,171.0,2.6
2024-07-15 04:00:00,27.8,0.0,79.3,171.0,2.4
2024-07-15 05:00:00,27.8,0.0,80.1,154.0,3.8
2024-07-15 06:00:00,27.7,0.0,81.6,175.0,1.5
2024-07-15 07:00:00,27.5,0.0,82.9,177.0,2.2
2024-07-15 08:00:00,28.0,0.0,81.3,196.0,1.5
2024-07-15 09:00:00,29.0,0.0,78.4,187.0,3.7
2024-07-15 10:00:00,29.7,0.0,72.7,193.0,5.6
2024-07-15 11:00:00,30.7,0.0,65.9,180.0,6.1
2024-07-15 12:00:00,32.0,0.0,60.6,203.0,4.0
2024-07-15 13:00:00,31.9,0.0,62.7,194.0,5.3
2024-07-15 14:00:00,31.4,0.0,61.5,200.0,6.0
2024-07-15 15:00:00,31.7,0.0,61.1,188.0,5.6
2024-07-15 16:00:00,31.7,0.0,58.7,184.0,5.1
2024-07-15 17:00:00,31.2,0.0,59.2,194.0,4.9
2024-07-15 18:00:00,30.5,0.0,64.6,194.0,2.8
2024-07-15 19:00:00,29.9,0.0,65.2,192.0,4.7
2024-07-15 20:00:00,29.3,0.0,70.1,187.0,4.1
2024-07-15 21:00:00,28.7,0.0,78.5,203.0,2.8
2024-07-15 22:00:00,28.6,0.0,80.1,191.0,3.7
2024-07-15 23:00:00,28.4,0.0,80.9,186.0,2.7
2024-07-16 00:00:00,28.4,0.0,80.3,181.0,3.0
2024-07-16 01:00:00,28.4,0.0,80.4,165.0,3.4
2024-07-16 02:00:00,27.9,0.0,84.3,192.0,2.9
2024-07-16 03:00:00,27.7,0.0,84.6,183.0,2.3
2024-07-16 04:00:00,27.5,0.0,87.6,178.0,2.9
2024-07-16 05:00:00,27.6,0.0,86.5,175.0,2.6
2024-07-16 06:00:00,27.5,0.0,87.9,174.0,2.4
2024-07-16 07:00:00,27.5,0.0,88.8,188.0,3.0
2024-07-16 08:00:00,27.9,0.0,86.4,187.0,3.0
2024-07-16 09:00:00,28.8,0.0,79.7,182.0,4.3
2024-07-16 10:00:00,28.2,0.4,88.2,202.0,3.3
2024-07-16 11:00:00,29.9,0.0,69.1,202.0,5.6
2024-07-16 12:00:00,30.1,0.0,70.1,196.0,6.9
2024-07-16 13:00:00,31.3,0.0,59.6,193.0,5.4
2024-07-16 14:00:00,30.9,0.0,60.4,196.0,5.9
2024-07-16 15:00:00,31.4,0.0,59.7,198.0,4.4
2024-07-16 16:00:00,31.2,0.0,60.0,187.0,6.5
2024-07-16 17:00:00,31.0,0.0,60.8,191.0,6.0
2024-07-16 18:00:00,30.3,0.0,65.0,182.0,3.9
2024-07-16 19:00:00,29.4,0.0,69.1,199.0,4.2
2024-07-16 20:00:00,28.9,0.0,74.9,206.0,3.1
2024-07-16 21:00:00,28.6,0.0,77.9,182.0,4.0
2024-07-16 22:00:00,28.4,0.0,83.5,190.0,4.2
2024-07-16 23:00:00,28.4,0.0,85.1,185.0,3.5
2024-07-17 00:00:00,28.5,0.0,83.0,170.0,3.1
2024-07-17 01:00:00,28.3,0.0,83.4,159.0,2.5
2024-07-17 02:00:00,28.1,0.0,84.4,178.0,1.7
2024-07-17 03:00:00,27.9,0.0,83.5,182.0,2.2
2024-07-17 04:00:00,27.6,0.0,84.1,176.0,3.6
2024-07-17 05:00:00,27.5,0.0,86.4,165.0,2.9
2024-07-17 06:00:00,27.5,0.0,88.0,163.0,2.3
2024-07-17 07:00:00,27.5,0.0,88.4,178.0,2.3
2024-07-17 08:00:00,27.9,0.0,87.2,166.0,3.0
2024-07-17 09:00:00,29.4,0.0,79.6,154.0,2.8
2024-07-17 10:00:00,30.8,0.0,72.9,185.0,2.2
2024-07-17 11:00:00,30.3,0.0,73.3,182.0,5.5
2024-07-17 12:00:00,31.1,0.0,68.0,174.0,5.1
2024-07-17 13:00:00,31.3,0.0,67.4,205.0,5.0
2024-07-17 14:00:00,30.9,0.0,68.3,200.0,5.4
2024-07-17 15:00:00,30.8,0.0,69.8,202.0,4.0
2024-07-17 16:00:00,31.2,0.0,62.7,195.0,6.2
2024-07-17 17:00:00,31.1,0.0,65.6,188.0,5.3
2024-07-17 18:00:00,30.6,0.0,70.2,186.0,3.4
2024-07-17 19:00:00,29.9,0.0,67.0,198.0,3.1
2024-07-17 20:00:00,29.3,0.0,71.6,194.0,2.5
2024-07-17 21:00:00,29.0,0.0,74.1,187.0,4.1
2024-07-17 22:00:00,28.7,0.0,75.9,190.0,4.6
2024-07-17 23:00:00,28.6,0.0,78.5,171.0,3.6
2024-07-18 00:00:00,28.4,0.0,82.8,181.0,2.4
2024-07-18 01:00:00,28.2,0.0,86.4,180.0,3.2
2024-07-18 02:00:00,28.0,0.0,88.1,166.0,2.6
2024-07-18 03:00:00,27.9,0.0,89.0,192.0,1.6
2024-07-18 04:00:00,27.9,0.0,89.2,174.0,2.5
2024-07-18 05:00:00,27.7,0.0,89.7,174.0,1.7
2024-07-18 06:00:00,27.7,0.0,87.9,168.0,3.1
2024-07-18 07:00:00,27.6,0.0,89.4,177.0,1.9
2024-07-18 08:00:00,28.0,0.0,90.3,172.0,3.0
2024-07-18 09:00:00,29.3,0.0,83.9,172.0,4.4
2024-07-18 10:00:00,30.4,0.0,77.4,179.0,5.0
2024-07-18 11:00:00,30.4,0.0,71.9,186.0,4.9
2024-07-18 12:00:00,32.1,0.0,61.2,194.0,4.7
2024-07-18 13:00:00,32.5,0.0,58.7,197.0,4.2
2024-07-18 14:00:00,31.7,0.0,62.5,195.0,6.5
2024-07-18 15:00:00,32.2,0.0,62.0,191.0,6.9
2024-07-18 16:00:00,32.4,0.0,61.3,192.0,4.2
2024-07-18 17:00:00,31.4,0.0,62.8,182.0,5.9
2024-07-18 18:00:00,31.2,0.0,59.8,195.0,5.9
2024-07-18 19:00:00,30.6,0.0,66.0,190.0,4.4
2024-07-18 20:00:00,30.0,0.0,67.8,171.0,4.1
2024-07-18 21:00:00,29.6,0.0,72.3,168.0,4.3
2024-07-18 22:00:00,29.3,0.0,80.5,145.0,5.0
2024-07-18 23:00:00,29.2,0.0,80.5,165.0,2.2
2024-07-19 00:00:00,29.0,0.0,80.2,171.0,3.4
2024-07-19 01:00:00,28.8,0.0,83.4,173.0,5.1
2024-07-19 02:00:00,28.6,0.0,85.4,171.0,3.8
2024-07-19 03:00:00,28.3,0.0,87.2,164.0,3.4
2024-07-19 04:00:00,28.2,0.0,87.7,165.0,4.2
2024-07-19 05:00:00,28.3,0.0,86.8,158.0,2.9
2024-07-19 06:00:00,28.3,0.0,86.5,171.0,3.8
2024-07-19 07:00:00,28.1,0.0,88.6,165.0,3.4
2024-07-19 08:00:00,28.7,0.0,82.0,176.0,2.6
2024-07-19 09:00:00,29.5,0.0,77.7,142.0,2.8
2024-07-19 10:00:00,29.2,0.0,77.7,184.0,4.6
2024-07-19 11:00:00,30.6,0.0,70.8,170.0,5.9
2024-07-19 12:00:00,31.3,0.0,65.5,185.0,6.3
2024-07-19 13:00:00,32.3,0.0,60.0,178.0,4.9
2024-07-19 14:00:00,32.9,0.0,57.9,184.0,4.1
2024-07-19 15:00:00,32.5,0.0,57.3,191.0,6.0
2024-07-19 16:00:00,33.0,0.0,54.0,190.0,4.3
2024-07-19 17:00:00,31.9,0.0,59.4,183.0,5.6
2024-07-19 18:00:00,31.0,0.0,61.4,169.0,5.9
2024-07-19 19:00:00,30.6,0.0,65.6,168.0,3.5
2024-07-19 20:00:00,30.0,0.0,73.3,163.0,3.2
2024-07-19 21:00:00,29.5,0.0,77.5,149.0,7.6
2024-07-19 22:00:00,29.3,0.0,74.9,144.0,6.5
2024-07-19 23:00:00,29.2,0.0,74.8,135.0,5.1
2024-07-20 00:00:00,29.1,0.0,74.0,158.0,4.9
2024-07-20 01:00:00,28.9,0.0,75.0,159.0,4.7
2024-07-20 02:00:00,28.6,0.0,77.8,170.0,2.3
2024-07-20 03:00:00,28.4,0.0,80.1,147.0,3.7
2024-07-20 04:00:00,28.2,0.0,82.8,168.0,4.4
2024-07-20 05:00:00,27.9,0.0,87.4,188.0,2.6
2024-07-20 06:00:00,28.0,0.0,86.8,173.0,2.2
2024-07-20 07:00:00,28.1,0.0,87.0,192.0,1.8
2024-07-20 08:00:00,28.4,0.0,85.8,174.0,2.2
2024-07-20 09:00:00,28.8,0.0,85.3,189.0,3.0
2024-07-20 10:00:00,29.8,0.0,79.9,194.0,3.9
2024-07-20 11:00:00,30.9,0.0,73.2,170.0,5.4
2024-07-20 12:00:00,31.3,0.0,70.2,187.0,6.4
2024-07-20 13:00:00,31.8,0.0,64.9,178.0,7.7
2024-07-20 14:00:00,32.2,0.0,62.4,194.0,6.5
2024-07-20 15:00:00,32.5,0.0,61.1,196.0,4.9
2024-07-20 16:00:00,32.4,0.0,58.8,189.0,6.9
2024-07-20 17:00:00,32.0,0.0,60.8,196.0,5.5
2024-07-20 18:00:00,31.3,0.0,59.8,180.0,6.4
2024-07-20 19:00:00,30.6,0.0,61.9,194.0,3.7
2024-07-20 20:00:00,30.1,0.0,69.4,187.0,4.2
2024-07-20 21:00:00,29.8,0.0,71.9,181.0,3.0
2024-07-20 22:00:00,29.6,0.0,75.3,180.0,2.6
2024-07-20 23:00:00,29.5,0.0,77.1,155.0,4.9
2024-07-21 00:00:00,29.3,0.0,77.3,157.0,6.0
2024-07-21 01:00:00,28.9,0.0,81.0,184.0,2.9
2024-07-21 02:00:00,28.8,0.0,82.1,177.0,3.1
2024-07-21 03:00:00,28.5,0.0,83.3,182.0,2.8
2024-07-21 04:00:00,28.4,0.0,85.7,165.0,3.7
2024-07-21 05:00:00,28.4,0.0,85.6,165.0,5.2
2024-07-21 06:00:00,28.3,0.0,88.0,196.0,2.3
2024-07-21 07:00:00,28.3,0.0,87.2,179.0,3.9
2024-07-21 08:00:00,28.5,0.0,86.4,170.0,3.4
2024-07-21 09:00:00,29.1,0.0,84.1,164.0,4.6
2024-07-21 10:00:00,29.7,0.0,79.9,171.0,5.6
2024-07-21 11:00:00,30.4,0.0,74.7,168.0,5.0
2024-07-21 12:00:00,31.5,0.0,65.4,197.0,5.9
2024-07-21 13:00:00,31.9,0.0,59.4,191.0,6.7
2024-07-21 14:00:00,32.3,0.0,56.3,189.0,6.3
2024-07-21 15:00:00,31.5,0.0,61.5,170.0,7.9
2024-07-21 16:00:00,31.6,0.0,60.9,193.0,5.2
2024-07-21 17:00:00,31.1,0.0,63.7,187.0,5.4
2024-07-21 18:00:00,31.0,0.0,65.8,194.0,2.9
2024-07-21 19:00:00,30.2,0.0,70.1,194.0,2.6
2024-07-21 20:00:00,29.7,0.0,72.0,190.0,2.6
2024-07-21 21:00:00,29.4,0.0,73.8,185.0,3.9
2024-07-21 22:00:00,29.4,0.0,75.2,176.0,3.7
2024-07-21 23:00:00,29.3,0.0,78.0,162.0,6.4
2024-07-22 00:00:00,29.2,0.0,78.8,142.0,4.1
2024-07-22 01:00:00,29.0,0.0,81.5,157.0,4.5
2024-07-22 02:00:00,28.5,0.0,84.3,183.0,1.8
2024-07-22 03:00:00,28.5,0.0,85.2,168.0,3.3
2024-07-22 04:00:00,28.4,0.0,85.6,173.0,2.8
2024-07-22 05:00:00,28.3,0.0,87.6,168.0,2.6
2024-07-22 06:00:00,28.3,0.0,89.0,170.0,2.5
2024-07-22 07:00:00,28.4,0.0,89.2,163.0,4.2
2024-07-22 08:00:00,28.4,0.0,90.1,184.0,4.0
2024-07-22 09:00:00,29.5,0.0,82.5,179.0,4.4
2024-07-22 10:00:00,30.5,0.0,78.2,172.0,4.0
2024-07-22 11:00:00,31.6,0.0,70.1,168.0,4.0
2024-07-22 12:00:00,32.0,0.0,67.1,185.0,6.1
2024-07-22 13:00:00,31.1,0.0,71.9,177.0,6.2
2024-07-22 14:00:00,32.6,0.0,61.7,183.0,4.5
2024-07-22 15:00:00,32.7,0.0,60.3,192.0,7.1
2024-07-22 16:00:00,33.1,0.0,59.0,174.0,5.0
2024-07-22 17:00:00,32.3,0.0,59.7,193.0,6.3
2024-07-22 18:00:00,32.7,0.0,59.7,191.0,3.1
2024-07-22 19:00:00,31.0,0.0,63.7,186.0,5.5
2024-07-22 20:00:00,30.2,0.0,70.7,185.0,4.2
2024-07-22 21:00:00,30.0,0.0,74.5,172.0,3.8
2024-07-22 22:00:00,29.5,0.0,80.7,181.0,2.9
2024-07-22 23:00:00,29.3,0.0,82.0,173.0,5.2
2024-07-23 00:00:00,28.9,0.0,84.3,184.0,2.9
2024-07-23 01:00:00,28.7,0.0,84.4,174.0,4.1
2024-07-23 02:00:00,28.6,0.0,85.5,178.0,2.6
2024-07-23 03:00:00,28.4,0.0,87.1,185.0,2.1
2024-07-23 04:00:00,28.4,0.0,88.0,172.0,3.5
2024-07-23 05:00:00,28.5,0.0,86.0,158.0,2.6
2024-07-23 06:00:00,28.3,0.0,88.0,149.0,2.8
2024-07-23 07:00:00,28.4,0.0,87.9,169.0,3.5
2024-07-23 08:00:00,28.6,0.0,88.9,184.0,3.0
2024-07-23 09:00:00,29.5,0.0,83.9,182.0,4.2
2024-07-23 10:00:00,30.2,0.0,78.6,158.0,4.8
2024-07-23 11:00:00,31.1,0.0,71.9,159.0,6.6
2024-07-23 12:00:00,33.1,0.0,62.3,203.0,4.1
2024-07-23 13:00:00,31.9,0.0,66.3,197.0,4.7
2024-07-23 14:00:00,33.0,0.0,58.3,201.0,4.4
2024-07-23 15:00:00,33.3,0.0,54.4,212.0,5.6
2024-07-23 16:00:00,33.1,0.0,58.6,205.0,5.7
2024-07-23 17:00:00,33.5,0.0,55.9,206.0,4.0
2024-07-23 18:00:00,32.0,0.0,61.0,196.0,3.8
2024-07-23 19:00:00,31.0,0.0,70.1,186.0,3.7
2024-07-23 20:00:00,30.2,0.0,76.1,186.0,3.7
2024-07-23 21:00:00,29.5,0.0,78.2,182.0,5.3
2024-07-23 22:00:00,29.4,0.0,80.0,169.0,3.9
2024-07-23 23:00:00,29.2,0.0,82.6,177.0,4.2
2024-07-24 00:00:00,29.0,0.0,83.5,165.0,4.1
2024-07-24 01:00:00,28.7,0.0,83.7,164.0,5.3
2024-07-24 02:00:00,28.5,0.0,85.0,163.0,1.8
2024-07-24 03:00:00,28.5,0.0,83.5,159.0,3.2
2024-07-24 04:00:00,28.1,0.0,86.2,183.0,1.3
2024-07-24 05:00:00,28.1,0.0,85.3,191.0,1.7
2024-07-24 06:00:00,28.1,0.0,85.8,162.0,4.1
2024-07-24 07:00:00,27.9,0.0,89.2,178.0,3.0
2024-07-24 08:00:00,28.1,0.0,89.8,178.0,3.2
2024-07-24 09:00:00,29.4,0.0,81.7,191.0,3.9
2024-07-24 10:00:00,30.4,0.0,74.1,174.0,4.7
2024-07-24 11:00:00,31.0,0.0,70.3,187.0,4.8
2024-07-24 12:00:00,31.5,0.0,68.2,199.0,5.4
2024-07-24 13:00:00,33.1,0.0,58.0,207.0,5.0
2024-07-24 14:00:00,32.8,0.0,61.6,195.0,6.2
2024-07-24 15:00:00,33.0,0.0,59.1,194.0,4.6
2024-07-24 16:00:00,32.0,0.0,63.9,180.0,6.7
2024-07-24 17:00:00,32.6,0.0,58.6,200.0,3.7
2024-07-24 18:00:00,31.5,0.0,66.6,166.0,6.0
2024-07-24 19:00:00,30.5,0.0,71.2,190.0,5.0
2024-07-24 20:00:00,29.7,0.0,72.5,184.0,4.5
2024-07-24 21:00:00,29.3,0.0,73.9,199.0,3.0
2024-07-24 22:00:00,29.3,0.0,73.2,165.0,3.6
2024-07-24 23:00:00,29.2,0.0,74.8,109.0,4.5
2024-07-25 00:00:00,29.2,0.0,73.7,136.0,4.1
2024-07-25 01:00:00,28.9,0.0,75.3,132.0,7.6
2024-07-25 02:00:00,28.6,0.0,78.2,132.0,4.8
2024-07-25 03:00:00,28.4,0.0,80.9,142.0,4.8
2024-07-25 04:00:00,28.3,0.0,81.0,123.0,4.6
2024-07-25 05:00:00,28.1,0.0,84.0,142.0,3.5
2024-07-25 06:00:00,28.0,0.0,85.8,119.0,4.7
2024-07-25 07:00:00,28.0,0.0,87.0,147.0,4.9
2024-07-25 08:00:00,28.3,0.0,85.9,159.0,4.3
2024-07-25 09:00:00,29.1,0.0,82.3,169.0,4.5
2024-07-25 10:00:00,30.0,0.0,73.5,185.0,5.7
2024-07-25 11:00:00,31.0,0.0,68.9,190.0,5.3
2024-07-25 12:00:00,31.5,0.0,62.5,169.0,6.1
2024-07-25 13:00:00,31.4,0.0,64.6,190.0,6.6
2024-07-25 14:00:00,32.1,0.0,59.5,190.0,5.5
2024-07-25 15:00:00,32.5,0.0,54.2,187.0,7.4
2024-07-25 16:00:00,32.6,0.0,53.8,177.0,5.9
2024-07-25 17:00:00,32.5,0.0,52.6,213.0,4.1
2024-07-25 18:00:00,31.6,0.0,56.6,201.0,5.6
2024-07-25 19:00:00,30.5,0.0,61.2,196.0,5.0
2024-07-25 20:00:00,29.8,0.0,65.9,191.0,3.8
2024-07-25 21:00:00,29.6,0.0,68.7,170.0,3.1
2024-07-25 22:00:00,29.5,0.0,71.0,161.0,4.4
2024-07-25 23:00:00,29.1,0.0,76.1,138.0,5.8
2024-07-26 00:00:00,28.8,0.0,78.6,165.0,2.1
2024-07-26 01:00:00,28.8,0.0,77.9,138.0,4.7
2024-07-26 02:00:00,28.7,0.0,78.8,130.0,6.9
2024-07-26 03:00:00,28.4,0.0,80.9,151.0,3.7
2024-07-26 04:00:00,28.2,0.0,83.9,152.0,5.1
2024-07-26 05:00:00,28.2,0.0,81.6,161.0,4.6
2024-07-26 06:00:00,28.2,0.0,81.5,160.0,3.6
2024-07-26 07:00:00,28.1,0.0,82.2,169.0,4.4
2024-07-26 08:00:00,28.3,0.0,82.7,182.0,2.3
2024-07-26 09:00:00,29.0,0.0,80.3,164.0,6.9
2024-07-26 10:00:00,29.7,0.0,74.3,188.0,5.9
2024-07-26 11:00:00,30.4,0.0,68.9,169.0,6.1
2024-07-26 12:00:00,31.3,0.0,65.0,172.0,6.7
2024-07-26 13:00:00,31.7,0.0,61.5,187.0,6.6
2024-07-26 14:00:00,32.8,0.0,56.7,198.0,4.2
2024-07-26 15:00:00,32.4,0.0,56.4,184.0,5.5
2024-07-26 16:00:00,31.9,0.0,57.2,196.0,5.3
2024-07-26 17:00:00,31.6,0.0,58.0,199.0,4.9
2024-07-26 18:00:00,31.9,0.0,54.9,200.0,4.4
2024-07-26 19:00:00,30.8,0.0,60.4,168.0,5.1
2024-07-26 20:00:00,30.3,0.0,61.0,186.0,3.7
2024-07-26 21:00:00,29.8,0.0,68.0,159.0,3.7
2024-07-26 22:00:00,29.3,0.0,79.0,133.0,8.89999
2024-07-26 23:00:00,29.2,0.0,76.4,159.0,4.5
2024-07-27 00:00:00,28.9,0.0,77.8,162.0,6.9
2024-07-27 01:00:00,28.7,0.0,80.6,155.0,4.9
2024-07-27 02:00:00,28.5,0.0,82.9,150.0,2.8
2024-07-27 03:00:00,28.3,0.0,84.0,155.0,4.7
2024-07-27 04:00:00,28.3,0.0,81.5,167.0,4.3
2024-07-27 05:00:00,28.3,0.0,80.7,142.0,4.6
2024-07-27 06:00:00,28.2,0.0,81.9,163.0,4.7
2024-07-27 07:00:00,28.1,0.0,84.5,177.0,2.2
2024-07-27 08:00:00,28.2,0.0,85.1,186.0,2.6
2024-07-27 09:00:00,29.3,0.0,79.9,162.0,4.2
2024-07-27 10:00:00,30.0,0.0,70.4,175.0,6.7
2024-07-27 11:00:00,30.9,0.0,65.5,185.0,5.9
2024-07-27 12:00:00,31.5,0.0,57.9,169.0,8.0
2024-07-27 13:00:00,32.8,0.0,50.6,191.0,6.5
2024-07-27 14:00:00,32.7,0.0,49.7,172.0,6.3
2024-07-27 15:00:00,33.7,0.0,44.1,192.0,6.8
2024-07-27 16:00:00,33.5,0.0,45.7,203.0,5.5
2024-07-27 17:00:00,32.9,0.0,48.4,202.0,5.0
2024-07-27 18:00:00,32.1,0.0,52.8,188.0,6.0
2024-07-27 19:00:00,31.2,0.0,60.3,188.0,4.6
2024-07-27 20:00:00,30.4,0.0,64.4,185.0,3.5
2024-07-27 21:00:00,29.7,0.0,72.7,166.0,4.8
2024-07-27 22:00:00,29.4,0.0,78.0,157.0,4.9
2024-07-27 23:00:00,29.2,0.0,77.2,147.0,4.3
2024-07-28 00:00:00,29.0,0.0,76.8,172.0,5.1
2024-07-28 01:00:00,28.8,0.0,78.4,146.0,5.2
2024-07-28 02:00:00,28.6,0.0,80.7,174.0,4.4
2024-07-28 03:00:00,28.6,0.0,80.6,129.0,6.0
2024-07-28 04:00:00,28.5,0.0,80.8,135.0,4.3
2024-07-28 05:00:00,28.4,0.0,80.9,148.0,4.5
2024-07-28 06:00:00,28.3,0.0,83.0,156.0,4.3
2024-07-28 07:00:00,28.2,0.0,84.8,163.0,5.1
2024-07-28 08:00:00,28.5,0.0,84.8,163.0,4.8
2024-07-28 09:00:00,29.5,0.0,76.4,165.0,6.2
2024-07-28 10:00:00,30.5,0.0,70.4,168.0,4.8
2024-07-28 11:00:00,30.9,0.0,66.1,199.0,5.6
2024-07-28 12:00:00,31.9,0.0,58.7,187.0,6.0
2024-07-28 13:00:00,32.1,0.0,56.2,183.0,8.60001
2024-07-28 14:00:00,32.8,0.0,51.7,185.0,6.2
2024-07-28 15:00:00,33.8,0.0,49.4,189.0,4.8
2024-07-28 16:00:00,33.7,0.0,48.2,193.0,4.8
2024-07-28 17:00:00,32.5,0.0,51.5,185.0,8.39999
2024-07-28 18:00:00,32.4,0.0,52.8,185.0,3.3
2024-07-28 19:00:00,31.1,0.0,57.5,190.0,4.6
2024-07-28 20:00:00,30.2,0.0,72.0,152.0,6.0
2024-07-28 21:00:00,29.6,0.0,77.3,136.0,6.0
2024-07-28 22:00:00,29.2,0.0,76.4,128.0,10.2
2024-07-28 23:00:00,29.0,0.0,78.0,139.0,7.4
2024-07-29 00:00:00,28.9,0.0,78.5,136.0,6.0
2024-07-29 01:00:00,28.7,0.0,78.6,135.0,7.2
2024-07-29 02:00:00,28.5,0.0,80.4,134.0,7.5
2024-07-29 03:00:00,28.4,0.0,81.9,129.0,6.0
2024-07-29 04:00:00,28.3,0.0,83.7,140.0,4.9
2024-07-29 05:00:00,28.3,0.0,84.5,153.0,4.3
2024-07-29 06:00:00,28.3,0.0,84.8,200.0,1.8
2024-07-29 07:00:00,28.4,0.0,85.4,167.0,5.2
2024-07-29 08:00:00,28.8,0.0,82.5,174.0,3.8
2024-07-29 09:00:00,29.5,0.0,76.4,164.0,7.2
2024-07-29 10:00:00,30.9,0.0,66.2,181.0,4.5
2024-07-29 11:00:00,31.2,0.0,65.8,179.0,3.8
2024-07-29 12:00:00,32.2,0.0,62.1,192.0,6.4
2024-07-29 13:00:00,32.5,0.0,54.0,177.0,7.3
2024-07-29 14:00:00,32.8,0.0,57.7,168.0,7.2
2024-07-29 15:00:00,32.2,0.0,58.6,167.0,7.2
2024-07-29 16:00:00,33.4,0.0,51.3,186.0,5.6
2024-07-29 17:00:00,32.4,0.0,57.1,183.0,6.2
2024-07-29 18:00:00,32.2,0.0,55.8,190.0,5.4
2024-07-29 19:00:00,30.9,0.0,61.7,180.0,5.9
2024-07-29 20:00:00,30.2,0.0,72.3,146.0,7.0
2024-07-29 21:00:00,29.7,0.0,76.6,135.0,7.1
2024-07-29 22:00:00,29.3,0.0,78.3,129.0,7.8
2024-07-29 23:00:00,29.2,0.0,76.3,127.0,6.8
2024-07-30 00:00:00,29.1,0.0,73.6,157.0,3.3
2024-07-30 01:00:00,28.9,0.0,75.8,132.0,4.0
2024-07-30 02:00:00,28.6,0.0,79.8,141.0,5.7
2024-07-30 03:00:00,28.3,0.0,83.0,138.0,5.3
2024-07-30 04:00:00,28.2,0.0,84.1,144.0,2.3
2024-07-30 05:00:00,28.0,0.0,85.7,176.0,2.3
2024-07-30 06:00:00,28.1,0.0,86.4,158.0,2.6
2024-07-30 07:00:00,28.0,0.0,85.4,148.0,4.1
2024-07-30 08:00:00,28.2,0.0,86.4,155.0,3.8
2024-07-30 09:00:00,29.6,0.0,79.0,166.0,2.9
2024-07-30 10:00:00,30.5,0.0,70.5,147.0,6.4
2024-07-30 11:00:00,30.8,0.0,67.8,178.0,5.1
2024-07-30 12:00:00,31.9,0.0,61.2,174.0,6.9
2024-07-30 13:00:00,32.3,0.0,59.6,173.0,5.2
2024-07-30 14:00:00,33.4,0.0,54.7,186.0,5.1
2024-07-30 15:00:00,33.2,0.0,59.3,176.0,5.0
2024-07-30 16:00:00,32.3,0.0,59.1,165.0,7.0
2024-07-30 17:00:00,33.0,0.0,54.6,181.0,6.9
2024-07-30 18:00:00,32.0,0.0,61.6,181.0,4.9
2024-07-30 19:00:00,30.9,0.0,70.4,178.0,6.7
2024-07-30 20:00:00,30.2,0.0,75.4,139.0,6.6
2024-07-30 21:00:00,29.5,0.0,79.5,137.0,8.2
2024-07-30 22:00:00,29.5,0.0,75.2,110.0,9.8
2024-07-30 23:00:00,28.4,0.0,79.3,121.0,8.10001
2024-07-31 00:00:00,28.5,0.0,80.5,132.0,8.5
2024-07-31 01:00:00,28.8,0.0,80.5,111.0,5.4
2024-07-31 02:00:00,28.8,0.0,78.1,134.0,6.4
2024-07-31 03:00:00,28.7,0.0,79.1,123.0,5.8
2024-07-31 04:00:00,28.5,0.0,81.9,131.0,5.4
2024-07-31 05:00:00,28.4,0.0,83.1,116.0,5.9
2024-07-31 06:00:00,28.3,0.0,84.0,135.0,8.0
2024-07-31 07:00:00,28.3,0.0,85.0,116.0,4.3
2024-07-31 08:00:00,28.6,0.0,82.4,130.0,5.5
2024-07-31 09:00:00,28.9,0.0,82.3,134.0,7.5
2024-07-31 10:00:00,30.5,0.0,72.2,132.0,4.6
2024-07-31 11:00:00,31.6,0.0,63.8,131.0,7.6
2024-07-31 12:00:00,31.4,0.0,65.1,169.0,5.0
2024-07-31 13:00:00,32.6,0.0,60.0,145.0,5.7
2024-07-31 14:00:00,32.6,0.0,57.9,146.0,5.1
2024-07-31 15:00:00,32.3,0.0,56.5,186.0,5.9
2024-07-31 16:00:00,26.8,0.0,83.6,303.0,9.8
2024-07-31 17:00:00,25.5,0.0,95.9,9.0,6.0
2024-07-31 18:00:00,25.1,0.2,99.4,250.0,2.1
2024-07-31 19:00:00,25.6,0.0,96.7,195.0,2.9
2024-07-31 20:00:00,26.4,0.0,91.1,193.0,4.4
2024-07-31 21:00:00,26.0,0.0,98.1,204.0,2.4
2024-07-31 22:00:00,26.1,0.0,95.6,221.0,1.6
2024-07-31 23:00:00,26.2,0.0,95.8,314.0,1.8
2024-08-01 00:00:00,26.0,0.0,96.9,287.0,3.6
2024-08-01 01:00:00,25.7,0.0,97.4,9.0,1.5
2024-08-01 02:00:00,26.3,0.0,94.6,73.0,2.5
2024-08-01 03:00:00,25.4,0.0,99.3,328.0,1.0
2024-08-01 04:00:00,25.3,0.0,99.4,328.0,2.5
2024-08-01 05:00:00,25.0,0.0,99.4,347.0,0.8
2024-08-01 06:00:00,25.4,0.0,99.3,293.0,0.9
2024-08-01 07:00:00,25.8,0.0,96.2,290.0,2.2
2024-08-01 08:00:00,26.5,0.0,92.5,315.0,1.5
2024-08-01 09:00:00,27.9,0.0,83.4,340.0,1.7
2024-08-01 10:00:00,30.1,0.0,76.2,200.0,2.2
2024-08-01 11:00:00,30.5,0.0,70.2,176.0,3.8
2024-08-01 12:00:00,32.1,0.0,58.4,162.0,4.1
2024-08-01 13:00:00,32.3,0.0,59.1,189.0,5.0
2024-08-01 14:00:00,33.3,0.0,56.2,186.0,4.3
2024-08-01 15:00:00,31.4,0.0,62.3,186.0,7.3
2024-08-01 16:00:00,32.7,0.0,57.9,197.0,5.9
2024-08-01 17:00:00,31.8,0.0,58.7,197.0,5.1
2024-08-01 18:00:00,31.0,0.0,64.1,178.0,5.8
2024-08-01 19:00:00,30.2,0.0,65.9,195.0,4.5
2024-08-01 20:00:00,29.5,0.0,69.1,157.0,5.0
2024-08-01 21:00:00,29.3,0.0,69.7,152.0,1.8
2024-08-01 22:00:00,29.1,0.0,69.9,190.0,1.0
2024-08-01 23:00:00,28.9,0.0,70.3,189.0,2.7
2024-08-02 00:00:00,28.8,0.0,73.0,158.0,2.7
2024-08-02 01:00:00,28.6,0.0,75.2,157.0,1.9
2024-08-02 02:00:00,28.5,0.0,77.9,120.0,4.1
2024-08-02 03:00:00,28.3,0.0,81.5,109.0,2.7
2024-08-02 04:00:00,28.0,0.0,85.0,108.0,2.3
2024-08-02 05:00:00,28.0,0.0,88.0,109.0,4.2
2024-08-02 06:00:00,27.3,0.0,95.3,19.0,1.5
2024-08-02 07:00:00,26.7,0.0,99.4,359.0,3.1
2024-08-02 08:00:00,26.9,0.0,99.4,5.0,2.0
2024-08-02 09:00:00,27.6,0.0,97.4,335.0,2.6
2024-08-02 10:00:00,29.5,0.0,79.7,165.0,4.1
2024-08-02 11:00:00,31.0,0.0,67.2,179.0,3.4
2024-08-02 12:00:00,31.6,0.0,62.2,196.0,3.7
2024-08-02 13:00:00,32.6,0.0,58.3,190.0,3.4
2024-08-02 14:00:00,31.8,0.0,63.6,158.0,7.4
2024-08-02 15:00:00,32.5,0.0,57.5,170.0,6.8
2024-08-02 16:00:00,31.6,0.0,61.4,159.0,9.5
2024-08-02 17:00:00,30.6,0.0,66.1,168.0,5.1
2024-08-02 18:00:00,29.7,0.0,69.3,131.0,5.9
2024-08-02 19:00:00,29.8,0.0,65.8,143.0,3.2
2024-08-02 20:00:00,29.1,0.0,73.0,127.0,5.9
2024-08-02 21:00:00,28.9,0.0,74.2,134.0,6.9
2024-08-02 22:00:00,28.6,0.0,77.9,98.0,5.3
2024-08-02 23:00:00,28.4,0.0,83.0,93.0,6.1
2024-08-03 00:00:00,28.3,0.0,84.4,150.0,3.5
2024-08-03 01:00:00,28.4,0.0,82.5,146.0,5.1
2024-08-03 02:00:00,28.1,0.0,84.4,165.0,3.1
2024-08-03 03:00:00,28.1,0.0,85.4,161.0,3.0
2024-08-03 04:00:00,27.9,0.0,87.9,159.0,3.2
2024-08-03 05:00:00,27.7,0.0,91.0,169.0,1.4
2024-08-03 06:00:00,27.7,0.0,91.6,178.0,1.2
2024-08-03 07:00:00,27.7,0.0,91.5,146.0,1.3
2024-08-03 08:00:00,26.7,0.0,96.2,343.0,3.0
2024-08-03 09:00:00,29.5,0.0,81.1,163.0,3.0
2024-08-03 10:00:00,29.8,0.0,75.2,185.0,5.6
2024-08-03 11:00:00,30.8,0.0,66.9,143.0,6.8
2024-08-03 12:00:00,31.7,0.0,63.8,152.0,5.5
2024-08-03 13:00:00,32.4,0.0,58.3,154.0,5.6
2024-08-03 14:00:00,33.1,0.0,52.3,173.0,5.3
2024-08-03 15:00:00,33.4,0.0,51.4,177.0,5.0
2024-08-03 16:00:00,33.4,0.0,50.8,182.0,5.8
2024-08-03 17:00:00,32.5,0.0,56.6,152.0,6.0
2024-08-03 18:00:00,31.0,0.0,62.0,169.0,5.3
2024-08-03 19:00:00,27.6,0.0,86.0,18.0,4.0
2024-08-03 20:00:00,27.6,0.0,79.7,13.0,3.6
2024-08-03 21:00:00,28.8,0.0,77.5,89.0,3.6
2024-08-03 22:00:00,27.8,0.0,82.7,22.0,2.5
2024-08-03 23:00:00,28.0,0.0,82.9,28.0,1.8
2024-08-04 00:00:00,27.6,0.0,87.0,355.0,2.4
2024-08-04 01:00:00,27.4,0.0,90.1,6.0,1.9
2024-08-04 02:00:00,27.2,0.0,92.8,9.0,3.1
2024-08-04 03:00:00,27.6,0.0,93.8,64.0,1.6
2024-08-04 04:00:00,28.2,0.0,90.5,153.0,2.6
2024-08-04 05:00:00,28.0,0.0,90.0,154.0,3.8
2024-08-04 06:00:00,27.8,0.0,91.5,200.0,3.0
2024-08-04 07:00:00,27.8,0.0,88.3,174.0,2.7
2024-08-04 08:00:00,28.6,0.0,83.1,187.0,2.2
2024-08-04 09:00:00,28.8,0.0,84.0,181.0,4.3
2024-08-04 10:00:00,30.0,0.0,74.0,198.0,4.4
2024-08-04 11:00:00,26.8,0.0,99.0,206.0,4.5
2024-08-04 12:00:00,27.8,0.0,85.9,221.0,4.8
2024-08-04 13:00:00,28.0,0.0,85.8,289.0,6.6
2024-08-04 14:00:00,24.8,11.6,99.4,222.0,5.8
2024-08-04 15:00:00,24.2,0.2,99.5,283.0,3.1
2024-08-04 16:00:00,24.0,0.2,99.5,208.0,2.1
2024-08-04 17:00:00,24.7,0.0,99.5,65.0,1.2
2024-08-04 18:00:00,25.2,0.0,99.4,287.0,3.1
2024-08-04 19:00:00,25.2,0.0,99.4,265.0,1.7
2024-08-04 20:00:00,25.6,0.0,98.7,276.0,3.5
2024-08-04 21:00:00,25.6,0.0,99.3,324.0,1.3
2024-08-04 22:00:00,25.7,0.0,99.4,16.0,2.2
2024-08-04 23:00:00,25.4,0.0,99.4,2.0,2.7
2024-08-05 00:00:00,25.4,0.0,99.4,37.0,3.2
2024-08-05 01:00:00,25.5,0.0,99.3,7.0,1.8
2024-08-05 02:00:00,25.5,0.0,99.4,30.0,2.3
2024-08-05 03:00:00,25.6,0.0,99.3,357.0,2.1
2024-08-05 04:00:00,25.5,0.0,99.3,314.0,2.2
2024-08-05 05:00:00,25.7,0.0,97.6,311.0,2.3
2024-08-05 06:00:00,25.6,0.0,99.3,344.0,2.4
2024-08-05 07:00:00,25.5,0.0,99.3,350.0,1.2
2024-08-05 08:00:00,26.6,0.0,94.1,331.0,1.2
2024-08-05 09:00:00,27.6,0.0,89.5,309.0,0.8
2024-08-05 10:00:00,29.8,0.0,78.2,145.0,3.7
2024-08-05 11:00:00,29.7,0.0,78.8,143.0,3.1
2024-08-05 12:00:00,31.1,0.0,64.7,120.0,3.7
2024-08-05 13:00:00,30.9,0.0,64.3,114.0,5.2
2024-08-05 14:00:00,32.3,0.0,56.8,187.0,5.2
2024-08-05 15:00:00,31.0,0.0,64.5,182.0,4.3
2024-08-05 16:00:00,30.2,0.0,70.8,210.0,2.8
2024-08-05 17:00:00,27.9,0.0,84.3,81.0,6.4
2024-08-05 18:00:00,29.3,0.0,79.2,82.0,1.3
2024-08-05 19:00:00,27.8,0.0,64.6,197.0,3.2
2024-08-05 20:00:00,28.0,0.0,67.7,172.0,1.7
2024-08-05 21:00:00,28.0,0.0,73.5,151.0,3.7
2024-08-05 22:00:00,28.2,0.0,75.9,150.0,6.0
2024-08-05 23:00:00,28.1,0.0,77.6,127.0,3.7
2024-08-06 00:00:00,28.0,0.0,78.7,124.0,2.7
2024-08-06 01:00:00,27.9,0.0,80.5,118.0,3.5
2024-08-06 02:00:00,27.6,0.0,83.1,175.0,2.2
2024-08-06 03:00:00,27.2,0.0,85.5,192.0,1.2
2024-08-06 04:00:00,27.0,0.0,86.1,167.0,0.4
2024-08-06 05:00:00,26.1,0.0,96.2,354.0,2.0
2024-08-06 06:00:00,25.4,0.0,99.3,25.0,3.2
2024-08-06 07:00:00,25.2,0.0,99.4,14.0,1.4
2024-08-06 08:00:00,25.7,0.0,99.3,3.0,2.9
2024-08-06 09:00:00,28.4,0.0,83.6,125.0,1.1
2024-08-06 10:00:00,29.7,0.0,67.8,171.0,5.8
2024-08-06 11:00:00,31.0,0.0,57.3,181.0,6.3
2024-08-06 12:00:00,31.4,0.0,56.0,189.0,5.8
2024-08-06 13:00:00,32.2,0.0,53.1,188.0,6.1
2024-08-06 14:00:00,33.1,0.0,45.4,183.0,4.1
2024-08-06 15:00:00,32.9,0.0,48.6,192.0,5.5
2024-08-06 16:00:00,32.4,0.0,51.5,180.0,3.7
2024-08-06 17:00:00,31.3,0.0,57.1,166.0,6.3
2024-08-06 18:00:00,31.2,0.0,58.7,138.0,8.0
2024-08-06 19:00:00,30.8,0.0,60.9,178.0,3.7
2024-08-06 20:00:00,29.7,0.0,69.7,137.0,7.3
2024-08-06 21:00:00,29.2,0.0,72.1,145.0,5.0
2024-08-06 22:00:00,28.9,0.0,72.4,157.0,5.1
2024-08-06 23:00:00,28.7,0.0,73.4,134.0,5.8
2024-08-07 00:00:00,28.5,0.0,73.1,140.0,5.7
2024-08-07 01:00:00,28.4,0.0,74.3,120.0,3.2
2024-08-07 02:00:00,28.3,0.0,75.9,121.0,4.4
2024-08-07 03:00:00,27.9,0.0,79.4,144.0,1.3
2024-08-07 04:00:00,27.8,0.0,79.7,108.0,3.3
2024-08-07 05:00:00,27.8,0.0,80.5,99.0,2.5
2024-08-07 06:00:00,26.9,0.0,88.5,336.0,3.3
2024-08-07 07:00:00,26.6,0.0,92.9,337.0,1.2
2024-08-07 08:00:00,27.6,0.0,89.1,133.0,1.2
2024-08-07 09:00:00,28.4,0.0,85.5,140.0,3.7
2024-08-07 10:00:00,29.5,0.0,77.2,167.0,4.3
2024-08-07 11:00:00,30.3,0.0,69.7,164.0,7.0
2024-08-07 12:00:00,31.3,0.0,61.7,170.0,3.5
2024-08-07 13:00:00,31.3,0.0,63.0,160.0,5.6
2024-08-07 14:00:00,31.7,0.0,60.7,176.0,5.2
2024-08-07 15:00:00,32.3,0.0,55.6,178.0,5.1
2024-08-07 16:00:00,31.5,0.0,61.0,191.0,4.3
2024-08-07 17:00:00,31.0,0.0,55.8,142.0,5.5
2024-08-07 18:00:00,30.2,0.0,62.9,127.0,7.2
2024-08-07 19:00:00,29.1,0.0,72.3,161.0,8.60001
2024-08-07 20:00:00,28.8,0.0,69.0,184.0,3.2
2024-08-07 21:00:00,28.8,0.0,74.9,181.0,3.3
2024-08-07 22:00:00,28.7,0.0,73.7,193.0,2.4
2024-08-07 23:00:00,28.5,0.0,74.1,187.0,2.9
2024-08-08 00:00:00,28.6,0.0,74.4,156.0,2.9
2024-08-08 01:00:00,28.4,0.0,75.7,180.0,2.5
2024-08-08 02:00:00,28.3,0.0,77.7,238.0,0.5
2024-08-08 03:00:00,28.4,0.0,79.6,192.0,1.2
2024-08-08 04:00:00,28.3,0.0,82.4,144.0,4.7
2024-08-08 05:00:00,28.1,0.0,86.4,137.0,2.8
2024-08-08 06:00:00,27.8,0.0,91.9,187.0,2.4
2024-08-08 07:00:00,27.1,0.0,97.3,178.0,2.6
2024-08-08 08:00:00,27.4,0.0,98.0,199.0,2.5
2024-08-08 09:00:00,28.9,0.0,78.3,178.0,3.4
2024-08-08 10:00:00,30.0,0.0,73.4,157.0,5.6
2024-08-08 11:00:00,30.3,0.0,71.6,171.0,5.5
2024-08-08 12:00:00,31.4,0.0,65.1,188.0,3.9
2024-08-08 13:00:00,31.3,0.0,70.1,147.0,4.4
2024-08-08 14:00:00,31.8,0.0,60.1,158.0,3.4
2024-08-08 15:00:00,31.6,0.0,60.9,152.0,5.2
2024-08-08 16:00:00,32.7,0.0,58.7,162.0,4.4
2024-08-08 17:00:00,31.5,0.0,60.7,104.0,6.1
2024-08-08 18:00:00,31.9,0.0,51.0,151.0,6.9
2024-08-08 19:00:00,30.9,0.0,60.3,151.0,4.7
2024-08-08 20:00:00,30.4,0.0,63.6,137.0,5.5
2024-08-08 21:00:00,29.7,0.0,72.0,163.0,4.9
2024-08-08 22:00:00,29.2,0.0,75.2,182.0,2.5
2024-08-15 09:00:00,28.9,0.0,86.7,31.0,1.3
2024-08-15 10:00:00,29.5,0.0,80.5,140.0,3.4
2024-08-15 11:00:00,31.3,0.0,68.0,209.0,2.8
2024-08-15 12:00:00,31.3,0.0,65.0,140.0,4.4
2024-08-15 13:00:00,31.8,0.0,60.8,177.0,3.9
2024-08-15 14:00:00,32.3,0.0,58.8,188.0,3.7
2024-08-15 15:00:00,28.8,0.0,73.1,140.0,9.60001
2024-08-15 16:00:00,29.4,0.0,72.7,121.0,3.6
2024-08-15 17:00:00,28.1,0.0,84.2,294.0,4.5
2024-08-15 18:00:00,29.7,0.0,77.7,232.0,2.4
2024-08-15 19:00:00,28.5,0.0,85.9,136.0,8.10001
2024-08-15 20:00:00,28.3,0.0,85.5,114.0,5.4
2024-08-15 21:00:00,28.1,0.0,87.1,120.0,5.0
2024-08-15 22:00:00,27.9,0.0,86.1,130.0,3.0
2024-08-15 23:00:00,28.0,0.0,88.1,126.0,5.0
2024-08-16 00:00:00,28.0,0.0,88.5,144.0,3.2
2024-08-16 01:00:00,27.9,0.0,92.4,160.0,2.5
2024-08-16 02:00:00,27.9,0.0,90.9,125.0,5.9
2024-08-16 03:00:00,27.9,0.0,89.4,140.0,4.9
2024-08-16 04:00:00,27.2,0.0,97.3,260.0,1.8
2024-08-16 05:00:00,26.4,0.0,99.4,311.0,2.2
2024-08-16 06:00:00,26.5,0.0,99.3,316.0,1.2
2024-08-16 07:00:00,26.0,0.0,99.4,23.0,1.6
2024-08-16 08:00:00,26.3,0.0,99.4,343.0,2.0
2024-08-16 09:00:00,27.5,0.0,95.1,344.0,3.3
2024-08-16 10:00:00,27.6,0.0,86.2,109.0,3.3
2024-08-16 11:00:00,30.7,0.0,72.3,161.0,3.2
2024-08-16 12:00:00,28.2,0.0,81.7,135.0,8.10001
2024-08-16 13:00:00,30.4,0.0,72.0,164.0,5.7
2024-08-16 14:00:00,31.0,0.0,61.9,198.0,5.9
2024-08-16 15:00:00,30.9,0.0,62.1,153.0,4.8
2024-08-16 16:00:00,30.7,0.0,65.5,172.0,6.9
2024-08-16 17:00:00,30.7,0.0,65.2,174.0,5.7
2024-08-16 18:00:00,30.2,0.0,69.0,180.0,4.7
2024-08-16 19:00:00,28.3,0.0,79.0,176.0,2.8
2024-08-16 20:00:00,28.7,0.0,81.1,138.0,5.2
2024-08-16 21:00:00,28.7,0.0,80.9,143.0,5.9
2024-08-16 22:00:00,28.4,0.0,85.5,125.0,5.5
2024-08-16 23:00:00,28.2,0.0,86.1,135.0,7.3
2024-08-17 00:00:00,28.0,0.0,86.9,118.0,6.4
2024-08-17 01:00:00,28.0,0.0,87.4,138.0,7.3
2024-08-17 02:00:00,27.9,0.0,87.7,130.0,4.0
2024-08-17 03:00:00,27.9,0.0,86.9,135.0,5.4
2024-08-17 04:00:00,27.9,0.0,86.4,121.0,5.2
2024-08-17 05:00:00,27.8,0.0,87.5,116.0,5.3
2024-08-17 06:00:00,27.8,0.0,88.3,128.0,4.2
2024-08-17 07:00:00,27.8,0.0,88.4,127.0,4.1
2024-08-17 08:00:00,27.9,0.0,88.0,136.0,3.5
2024-08-17 09:00:00,28.5,0.0,85.9,131.0,6.9
2024-08-17 10:00:00,29.3,0.0,80.1,144.0,4.8
2024-08-17 11:00:00,30.0,0.0,75.6,136.0,6.5
2024-08-17 12:00:00,30.9,0.0,67.8,125.0,7.5
2024-08-17 13:00:00,29.8,0.4,78.3,131.0,7.2
2024-08-17 14:00:00,29.3,0.0,79.6,197.0,3.1
2024-08-17 15:00:00,25.9,0.0,99.4,184.0,4.3
2024-08-17 16:00:00,30.5,0.0,80.1,176.0,3.3
2024-08-17 17:00:00,29.9,0.0,77.3,120.0,8.39999
2024-08-17 18:00:00,28.7,0.0,79.2,131.0,6.2
2024-08-17 19:00:00,28.6,0.0,73.7,105.0,6.2
2024-08-17 20:00:00,28.8,0.0,69.0,124.0,4.0
2024-08-17 21:00:00,28.4,0.0,80.7,133.0,5.4
2024-08-17 22:00:00,28.3,0.0,85.6,127.0,2.7
2024-08-17 23:00:00,28.2,0.0,88.5,152.0,2.0
2024-08-18 00:00:00,28.0,0.0,90.4,124.0,3.2
2024-08-18 01:00:00,28.0,0.0,90.1,112.0,4.1
2024-08-18 02:00:00,27.9,0.0,89.4,117.0,4.9
2024-08-18 03:00:00,27.7,0.0,90.7,124.0,4.3
2024-08-18 04:00:00,27.5,0.0,93.2,118.0,1.4
2024-08-18 05:00:00,27.6,0.0,94.4,118.0,3.8
2024-08-18 06:00:00,27.6,0.0,92.7,115.0,4.2
2024-08-18 07:00:00,27.5,0.0,91.0,121.0,3.5
2024-08-18 08:00:00,28.5,0.0,85.4,115.0,2.1
2024-08-18 09:00:00,29.4,0.0,80.9,110.0,3.9
2024-08-18 10:00:00,30.0,0.0,74.8,139.0,6.0
2024-08-18 11:00:00,30.7,0.0,64.3,116.0,8.2
2024-08-18 12:00:00,31.9,0.0,55.1,125.0,9.39999
2024-08-18 13:00:00,32.4,0.0,58.1,142.0,6.0
2024-08-18 14:00:00,32.4,0.0,57.5,196.0,4.2
2024-08-18 15:00:00,31.4,0.0,64.1,181.0,5.1
2024-08-18 16:00:00,31.5,0.0,59.6,187.0,4.6
2024-08-18 17:00:00,30.7,0.0,66.2,162.0,5.4
2024-08-18 18:00:00,29.5,0.0,74.2,156.0,7.5
2024-08-18 19:00:00,28.9,0.0,78.3,147.0,5.0
2024-08-18 20:00:00,29.0,0.0,75.4,159.0,2.9
2024-08-18 21:00:00,28.4,0.0,82.0,199.0,2.3
2024-08-18 22:00:00,28.2,0.0,88.3,188.0,1.9
2024-08-18 23:00:00,28.2,0.0,88.4,164.0,4.2
2024-08-19 00:00:00,28.1,0.0,89.0,142.0,2.2
2024-08-19 01:00:00,28.2,0.0,86.2,153.0,2.7
2024-08-19 02:00:00,28.0,0.0,86.7,174.0,1.7
2024-08-19 03:00:00,27.8,0.0,87.8,193.0,1.3
2024-08-19 04:00:00,27.6,0.0,89.1,162.0,1.2
2024-08-19 05:00:00,27.8,0.0,89.7,132.0,3.6
2024-08-19 06:00:00,27.8,0.0,89.8,99.0,2.1
2024-08-19 07:00:00,27.7,0.0,92.0,99.0,1.4
2024-08-19 08:00:00,27.0,0.0,99.4,336.0,2.9
2024-08-19 09:00:00,28.9,0.0,87.5,140.0,1.3
2024-08-19 10:00:00,30.3,0.0,77.8,212.0,1.8
2024-08-19 11:00:00,31.5,0.0,74.4,140.0,1.3
2024-08-19 12:00:00,31.4,0.0,65.0,116.0,6.0
2024-08-19 13:00:00,32.6,0.0,58.5,194.0,2.3
2024-08-19 14:00:00,31.4,0.0,68.6,158.0,4.1
2024-08-19 15:00:00,31.3,0.0,66.4,161.0,5.4
2024-08-19 16:00:00,31.7,0.0,57.8,199.0,5.4
2024-08-19 17:00:00,28.0,0.0,82.5,343.0,3.3
2024-08-19 18:00:00,31.6,0.0,62.4,3.0,1.1
2024-08-19 19:00:00,28.3,0.0,79.4,1.0,5.4
2024-08-19 20:00:00,28.2,0.0,81.6,11.0,2.9
2024-08-19 21:00:00,28.2,0.0,82.1,353.0,2.9
2024-08-19 22:00:00,28.6,0.0,81.8,252.0,2.6
2024-08-19 23:00:00,27.8,0.0,90.0,286.0,1.5
2024-08-20 00:00:00,27.4,0.0,92.3,324.0,2.2
2024-08-20 01:00:00,27.0,0.0,95.3,2.0,2.8
2024-08-20 02:00:00,27.6,0.0,93.6,77.0,1.6
2024-08-20 03:00:00,27.1,0.0,96.8,20.0,2.1
2024-08-20 04:00:00,27.7,0.0,93.9,111.0,3.2
2024-08-20 05:00:00,27.8,0.0,91.1,130.0,3.3
2024-08-20 06:00:00,26.8,0.0,99.4,327.0,1.1
2024-08-20 07:00:00,26.2,0.0,99.4,1.0,2.4
2024-08-20 08:00:00,26.3,0.0,99.4,354.0,1.8
2024-08-20 09:00:00,27.7,0.0,96.4,341.0,1.8
2024-08-20 10:00:00,29.9,0.0,72.6,114.0,5.8
2024-08-20 11:00:00,30.6,0.0,66.5,142.0,4.2
2024-08-20 12:00:00,31.5,0.0,60.3,149.0,5.0
2024-08-20 13:00:00,32.3,0.0,57.7,138.0,5.2
2024-08-20 14:00:00,28.3,0.0,80.0,239.0,6.9
2024-08-20 15:00:00,27.2,0.0,88.2,316.0,8.39999
2024-08-20 16:00:00,25.8,0.0,99.0,331.0,4.3
2024-08-20 17:00:00,25.4,0.2,99.3,335.0,3.0
2024-08-20 18:00:00,25.2,0.0,99.3,242.0,6.2
2024-08-20 19:00:00,24.9,1.4,99.4,297.0,4.4
2024-08-20 20:00:00,24.9,0.0,99.4,123.0,0.6
2024-08-20 21:00:00,24.6,0.0,99.4,272.0,3.6
2024-08-20 22:00:00,25.1,0.0,99.4,13.0,1.2
2024-08-20 23:00:00,25.6,0.0,92.9,259.0,2.7
2024-08-21 00:00:00,25.4,0.0,97.8,281.0,2.6
2024-08-21 01:00:00,25.2,0.0,97.8,294.0,6.0
2024-08-21 02:00:00,25.1,0.0,97.8,10.0,2.7
2024-08-21 03:00:00,25.0,0.0,97.6,308.0,3.7
2024-08-21 04:00:00,25.0,0.0,99.3,356.0,3.2
2024-08-21 05:00:00,25.0,0.0,99.3,26.0,0.8
2024-08-21 06:00:00,24.9,0.0,99.3,359.0,3.2
2024-08-21 07:00:00,25.2,0.0,99.3,35.0,2.0
2024-08-21 08:00:00,25.7,0.0,99.3,16.0,2.9
2024-08-21 09:00:00,26.5,0.0,97.9,359.0,2.4
2024-08-21 10:00:00,28.3,0.0,86.8,2.0,1.2
2024-08-21 11:00:00,28.9,0.0,73.7,120.0,4.7
2024-08-21 12:00:00,29.9,0.0,66.5,130.0,3.5
2024-08-21 13:00:00,30.9,0.0,58.4,172.0,4.5
2024-08-21 14:00:00,31.5,0.0,60.3,159.0,3.9
2024-08-21 15:00:00,30.7,0.0,68.3,206.0,4.4
2024-08-21 16:00:00,31.1,0.0,65.3,195.0,6.1
2024-08-21 17:00:00,29.3,0.0,71.4,174.0,5.3
2024-08-21 18:00:00,30.1,0.0,65.3,190.0,3.2
2024-08-21 19:00:00,29.2,0.0,70.8,185.0,3.5
2024-08-21 20:00:00,28.6,0.0,72.4,192.0,4.5
2024-08-21 21:00:00,28.1,0.0,75.8,196.0,2.7
2024-08-21 22:00:00,28.2,0.0,78.0,237.0,0.7
2024-08-21 23:00:00,28.1,0.0,77.8,237.0,1.7
2024-08-22 00:00:00,27.9,0.0,83.2,292.0,2.4
2024-08-22 01:00:00,27.6,0.0,85.1,310.0,2.6
2024-08-22 03:00:00,27.2,0.0,91.4,227.0,0.8
2024-08-22 04:00:00,27.4,0.0,85.6,309.0,0.5
2024-08-22 05:00:00,26.8,0.0,96.0,27.0,1.7
2024-08-22 06:00:00,26.9,0.0,95.6,334.0,2.3
2024-08-22 07:00:00,26.6,0.0,97.2,31.0,1.3
2024-08-22 08:00:00,26.8,0.0,97.5,9.0,2.3
2024-08-22 09:00:00,28.7,0.0,76.2,136.0,2.9
2024-08-22 10:00:00,30.0,0.0,70.0,197.0,2.5
2024-08-22 11:00:00,31.9,0.0,58.5,120.0,4.0
2024-08-22 12:00:00,33.0,0.0,47.7,201.0,2.0
2024-08-22 13:00:00,32.8,0.0,53.1,9.0,2.1
2024-08-22 14:00:00,32.5,0.0,46.6,221.0,5.4
2024-08-22 15:00:00,33.5,0.0,43.6,209.0,4.5
2024-08-22 16:00:00,31.9,0.0,57.7,144.0,5.3
2024-08-22 17:00:00,32.0,0.0,57.4,212.0,3.8
2024-08-22 18:00:00,30.6,0.0,65.7,167.0,6.9
2024-08-22 19:00:00,29.9,0.0,70.3,172.0,4.1
2024-08-22 20:00:00,29.6,0.0,69.8,161.0,2.8
2024-08-22 21:00:00,29.0,0.0,79.1,185.0,2.8
2024-08-22 22:00:00,28.8,0.0,79.4,186.0,1.4
2024-08-22 23:00:00,27.1,0.0,92.3,355.0,4.6
2024-08-23 00:00:00,27.4,0.0,94.2,63.0,3.7
2024-08-23 01:00:00,27.9,0.0,89.3,83.0,4.4
2024-08-23 02:00:00,27.8,0.0,92.1,90.0,6.1
2024-08-23 03:00:00,27.9,0.0,91.5,108.0,4.2
2024-08-23 04:00:00,27.9,0.0,90.3,135.0,3.5
2024-08-23 05:00:00,27.8,0.0,91.1,113.0,2.9
2024-08-23 06:00:00,27.4,0.0,94.9,35.0,2.9
2024-08-23 07:00:00,26.9,0.0,99.2,22.0,2.9
2024-08-23 08:00:00,27.3,0.0,99.3,354.0,1.6
2024-08-23 09:00:00,28.8,0.0,82.8,132.0,3.1
2024-08-23 10:00:00,30.3,0.0,72.2,134.0,3.5
2024-08-23 11:00:00,32.2,0.0,60.4,95.0,4.4
2024-08-23 12:00:00,32.4,0.0,57.0,180.0,3.8
2024-08-23 13:00:00,33.1,0.0,53.0,178.0,2.4
2024-08-23 14:00:00,33.0,0.0,54.3,206.0,5.4
2024-08-23 15:00:00,26.2,0.4,96.2,253.0,8.89999
2024-08-23 16:00:00,25.1,0.2,99.2,309.0,3.4
2024-08-23 17:00:00,25.8,0.0,94.8,8.0,3.7
2024-08-23 18:00:00,26.1,0.0,95.8,1.0,3.1
2024-08-23 19:00:00,26.0,0.0,96.0,339.0,2.6
2024-08-23 20:00:00,25.7,0.0,96.6,316.0,1.4
2024-08-23 21:00:00,26.6,0.0,89.7,223.0,0.7
2024-08-23 22:00:00,27.0,0.0,87.6,208.0,2.2
2024-08-23 23:00:00,26.4,0.0,96.5,318.0,3.1
2024-08-24 00:00:00,26.3,0.0,98.5,9.0,1.9
2024-08-24 01:00:00,26.2,0.0,93.7,305.0,3.6
2024-08-24 02:00:00,25.6,0.0,99.4,291.0,4.3
2024-08-24 03:00:00,25.4,0.0,99.3,305.0,6.3
2024-08-24 04:00:00,25.0,0.0,99.4,310.0,4.5
2024-08-24 05:00:00,24.9,0.0,99.4,312.0,4.5
2024-08-24 06:00:00,24.8,0.0,99.4,346.0,3.6
2024-08-24 07:00:00,24.4,0.0,99.4,10.0,3.5
2024-08-24 08:00:00,24.5,0.0,99.4,59.0,2.1
2024-08-24 09:00:00,25.6,0.0,99.3,323.0,0.8
2024-08-24 10:00:00,26.3,0.0,94.4,202.0,2.3
2024-08-24 11:00:00,26.6,0.0,93.1,202.0,3.6
2024-08-24 12:00:00,27.0,0.0,94.1,201.0,4.6
2024-08-24 13:00:00,27.7,0.0,77.3,200.0,6.7
2024-08-24 14:00:00,28.4,0.0,73.8,193.0,4.0
2024-08-24 15:00:00,28.4,0.0,64.7,197.0,6.0
2024-08-24 16:00:00,28.9,0.0,58.3,211.0,8.7
2024-08-24 17:00:00,29.1,0.0,58.2,193.0,2.9
2024-08-24 18:00:00,29.2,0.0,55.3,197.0,2.5
2024-08-24 19:00:00,28.3,0.0,57.8,188.0,3.6
2024-08-24 20:00:00,27.5,0.0,68.4,199.0,1.5
2024-08-24 21:00:00,27.3,0.0,72.2,190.0,1.6
2024-08-24 22:00:00,27.4,0.0,73.6,185.0,2.5
2024-08-24 23:00:00,27.3,0.0,74.8,195.0,1.9
2024-08-25 00:00:00,27.3,0.0,76.2,218.0,1.3
2024-08-25 01:00:00,26.7,0.0,83.7,274.0,2.7
2024-08-25 02:00:00,26.7,0.0,85.2,295.0,1.4
2024-08-25 04:00:00,26.5,0.0,89.8,300.0,2.5
2024-08-25 05:00:00,26.3,0.0,87.4,297.0,4.1
2024-08-25 06:00:00,26.3,0.0,85.8,292.0,3.8
2024-08-25 07:00:00,26.5,0.0,85.1,267.0,2.2
2024-08-25 08:00:00,26.6,0.0,86.9,178.0,1.5
2024-08-25 09:00:00,29.0,0.0,75.4,202.0,1.3
2024-08-25 10:00:00,29.3,0.0,74.7,200.0,2.6
2024-08-25 11:00:00,29.3,0.0,74.9,198.0,4.2
2024-08-25 12:00:00,26.3,0.4,85.7,184.0,8.5
2024-08-25 13:00:00,25.8,0.0,94.2,211.0,1.7
2024-08-25 14:00:00,26.1,0.0,95.5,190.0,3.0
2024-08-25 15:00:00,27.9,0.0,85.2,193.0,4.0
2024-08-25 16:00:00,28.3,0.0,81.6,186.0,3.4
2024-08-25 17:00:00,28.4,0.0,81.4,192.0,3.9
2024-08-25 18:00:00,28.2,0.0,82.6,202.0,2.6
2024-08-25 19:00:00,27.8,0.0,84.7,195.0,1.8
2024-08-25 20:00:00,27.5,0.0,87.5,197.0,2.1
2024-08-25 21:00:00,27.6,0.0,86.5,205.0,1.5
2024-08-25 22:00:00,26.9,0.0,97.3,14.0,1.9
2024-08-25 23:00:00,26.5,0.0,99.4,12.0,3.0
2024-08-26 00:00:00,26.2,0.0,99.4,357.0,2.0
2024-08-26 01:00:00,26.2,0.0,99.4,343.0,1.2
2024-08-26 02:00:00,26.2,0.0,99.4,285.0,1.2
2024-08-26 03:00:00,26.0,0.0,99.4,292.0,3.1
2024-08-26 04:00:00,26.1,0.0,99.3,224.0,1.4
2024-08-26 05:00:00,26.0,0.0,99.4,324.0,2.4
2024-08-26 06:00:00,26.0,0.0,99.4,231.0,0.8
2024-08-26 07:00:00,26.1,0.0,99.4,310.0,1.2
2024-08-26 08:00:00,26.9,0.0,94.8,292.0,1.2
2024-08-26 09:00:00,27.1,0.0,92.5,277.0,2.7
2024-08-26 10:00:00,29.7,0.0,76.9,40.0,0.6
2024-08-26 11:00:00,29.7,0.0,73.3,187.0,4.1
2024-08-26 12:00:00,31.5,0.0,61.7,181.0,3.9
2024-08-26 13:00:00,31.9,0.0,59.1,195.0,3.7
2024-08-26 14:00:00,31.9,0.0,58.3,191.0,4.7
2024-08-26 15:00:00,31.4,0.0,57.5,194.0,6.9
2024-08-26 16:00:00,31.8,0.0,60.7,190.0,3.4
2024-08-26 17:00:00,32.3,0.0,55.3,216.0,2.8
2024-08-26 18:00:00,31.7,0.0,54.8,202.0,3.3
2024-08-26 19:00:00,30.4,0.0,59.3,189.0,3.4
2024-08-26 20:00:00,29.7,0.0,61.7,195.0,2.8
2024-08-26 21:00:00,29.4,0.0,65.3,198.0,1.7
2024-08-26 22:00:00,28.9,0.0,73.2,179.0,2.4
2024-08-26 23:00:00,28.8,0.0,77.4,137.0,3.5
2024-08-27 00:00:00,28.6,0.0,81.1,159.0,2.7
2024-08-27 01:00:00,27.6,0.0,91.0,342.0,3.0
2024-08-27 02:00:00,27.0,0.0,96.2,322.0,1.8
2024-08-27 03:00:00,26.7,0.0,93.6,295.0,4.2
2024-08-27 04:00:00,26.8,0.0,92.9,286.0,3.2
2024-08-27 05:00:00,27.3,0.0,91.6,221.0,0.9
2024-08-27 06:00:00,27.2,0.0,92.3,11.0,1.2
2024-08-27 07:00:00,26.8,0.0,96.9,324.0,2.4
2024-08-27 08:00:00,27.1,0.0,92.8,269.0,1.2
2024-08-27 09:00:00,28.9,0.0,84.5,305.0,1.0
2024-08-27 10:00:00,27.0,2.2,97.8,261.0,6.9
2024-08-27 11:00:00,24.3,3.4,99.5,188.0,5.5
2024-08-27 12:00:00,24.8,0.0,99.3,242.0,6.1
2024-08-27 13:00:00,26.2,0.0,94.5,230.0,3.5
2024-08-27 14:00:00,27.0,0.0,91.6,236.0,3.8
2024-08-27 15:00:00,28.9,0.0,82.5,248.0,4.9
2024-08-27 16:00:00,30.6,0.0,69.3,225.0,4.5
2024-08-27 17:00:00,30.4,0.0,65.8,210.0,3.9
2024-08-27 18:00:00,30.3,0.0,66.2,201.0,4.5
2024-08-27 19:00:00,28.8,0.0,76.4,243.0,3.5
2024-08-27 20:00:00,28.2,0.0,79.5,224.0,3.9
2024-08-27 21:00:00,27.9,0.0,83.7,245.0,3.9
2024-08-27 22:00:00,27.5,0.0,94.3,252.0,3.2
2024-08-27 23:00:00,27.6,0.0,93.3,281.0,3.7
2024-08-28 00:00:00,27.4,0.0,95.6,302.0,3.1
2024-08-28 01:00:00,27.5,0.0,96.2,272.0,2.9
2024-08-28 02:00:00,27.0,0.8,99.3,290.0,3.4
2024-08-28 03:00:00,22.9,8.2,99.5,218.0,5.0
2024-08-28 04:00:00,24.1,0.0,99.5,303.0,5.1
2024-08-28 05:00:00,24.4,0.0,99.5,287.0,5.5
2024-08-28 06:00:00,23.6,0.0,99.4,265.0,10.3
2024-08-28 07:00:00,24.2,0.0,99.3,276.0,7.3
2024-08-28 08:00:00,24.5,0.0,93.9,296.0,7.4
2024-08-28 09:00:00,25.3,0.0,92.8,267.0,4.6
2024-08-28 10:00:00,27.8,0.0,77.5,240.0,2.6
2024-08-28 11:00:00,29.3,0.0,66.2,244.0,5.0
2024-08-28 12:00:00,29.8,0.0,62.9,228.0,8.5
2024-08-28 13:00:00,31.5,0.0,57.5,247.0,5.4
2024-08-28 14:00:00,33.9,0.0,40.8,215.0,3.5
2024-08-28 15:00:00,30.8,0.0,60.3,253.0,6.8
2024-08-28 16:00:00,30.4,0.0,59.8,240.0,5.0
2024-08-28 17:00:00,30.2,0.0,60.1,258.0,4.6
2024-08-28 18:00:00,29.5,0.0,68.3,296.0,4.0
2024-08-28 19:00:00,29.6,0.0,65.7,199.0,2.0
2024-08-28 20:00:00,29.2,0.0,70.0,176.0,2.9
2024-08-28 21:00:00,28.7,0.0,75.3,203.0,1.9
2024-08-28 22:00:00,28.6,0.0,73.3,180.0,2.6
2024-08-28 23:00:00,28.5,0.0,72.5,132.0,2.8
2024-08-29 00:00:00,28.4,0.0,74.0,157.0,2.8
2024-08-29 01:00:00,28.2,0.0,75.4,240.0,1.8
2024-08-29 02:00:00,27.3,0.0,85.0,283.0,2.2
2024-08-29 03:00:00,26.4,0.0,92.9,6.0,1.1
2024-08-29 04:00:00,26.2,0.0,92.4,309.0,2.0
2024-08-29 05:00:00,25.9,0.0,94.5,,3.2
2024-08-29 06:00:00,25.6,0.0,96.3,356.0,2.7
2024-08-29 07:00:00,25.7,0.0,94.4,30.0,3.0
2024-08-29 08:00:00,26.1,0.0,91.2,335.0,2.5
2024-08-29 09:00:00,28.2,0.0,80.4,323.0,1.1
2024-08-29 10:00:00,30.3,0.0,69.5,214.0,1.1
2024-08-29 11:00:00,29.9,0.0,71.9,199.0,2.7
2024-08-29 12:00:00,31.0,0.0,64.5,188.0,4.3
2024-08-29 13:00:00,30.5,0.0,62.8,180.0,7.0
2024-08-29 14:00:00,31.3,0.0,59.8,194.0,6.6
2024-08-29 15:00:00,31.4,0.0,57.7,169.0,3.7
2024-08-29 16:00:00,30.7,0.0,61.9,183.0,3.4
2024-08-29 17:00:00,30.6,0.0,60.9,186.0,5.2
2024-08-29 18:00:00,30.0,0.0,65.7,185.0,4.3
2024-08-29 19:00:00,29.3,0.0,68.1,206.0,3.4
2024-08-29 20:00:00,29.0,0.0,65.0,203.0,2.6
2024-08-29 21:00:00,29.0,0.0,66.0,182.0,3.0
2024-08-29 22:00:00,28.7,0.0,66.7,189.0,2.9
2024-08-29 23:00:00,28.6,0.0,68.6,128.0,3.4
2024-08-30 00:00:00,28.5,0.0,69.3,134.0,1.8
2024-08-30 01:00:00,28.4,0.0,71.7,135.0,4.4
2024-08-30 02:00:00,28.2,0.0,73.9,127.0,4.1
2024-08-30 03:00:00,27.9,0.0,79.0,130.0,4.6
2024-08-30 04:00:00,27.7,0.0,85.2,138.0,4.1
2024-08-30 05:00:00,27.6,0.0,87.8,145.0,1.4
2024-08-30 06:00:00,27.5,0.0,89.3,249.0,1.3
2024-08-30 07:00:00,26.5,0.0,96.5,6.0,2.5
2024-08-30 08:00:00,26.7,0.0,95.4,335.0,1.0
2024-08-30 09:00:00,28.1,0.0,89.1,122.0,2.2
2024-08-30 10:00:00,29.4,0.0,79.6,177.0,2.5
2024-08-30 11:00:00,30.5,0.0,69.1,185.0,4.5
2024-08-30 12:00:00,31.1,0.0,64.4,189.0,6.7
2024-08-30 13:00:00,31.2,0.0,62.4,183.0,5.9
2024-08-30 14:00:00,31.9,0.0,56.7,179.0,5.3
2024-08-30 15:00:00,32.3,0.0,52.2,181.0,6.0
2024-08-30 16:00:00,32.3,0.0,54.2,201.0,5.5
2024-08-30 17:00:00,31.2,0.0,59.7,199.0,4.2
2024-08-30 18:00:00,31.0,0.0,59.8,189.0,2.7
2024-08-30 19:00:00,30.3,0.0,67.3,185.0,3.8
2024-08-30 20:00:00,29.7,0.0,73.0,139.0,4.8
2024-08-30 21:00:00,29.1,0.0,80.0,193.0,2.1
2024-08-30 22:00:00,28.9,0.0,79.0,163.0,4.2
2024-08-30 23:00:00,28.8,0.0,80.2,126.0,5.1
2024-08-31 00:00:00,28.7,0.0,77.8,134.0,4.2
2024-08-31 01:00:00,28.4,0.0,78.6,179.0,2.2
2024-08-31 02:00:00,28.1,0.0,81.2,214.0,1.9
2024-08-31 03:00:00,27.9,0.0,85.6,162.0,3.1
2024-08-31 04:00:00,27.5,0.0,90.2,176.0,3.7
2024-08-31 05:00:00,27.5,0.0,91.1,170.0,3.0
2024-08-31 06:00:00,27.5,0.0,90.7,150.0,2.8
2024-08-31 07:00:00,27.6,0.0,90.5,145.0,3.8
2024-08-31 08:00:00,28.2,0.0,87.3,162.0,3.6
2024-08-31 09:00:00,,0.0,,,
2024-08-31 10:00:00,30.1,0.0,73.6,166.0,5.1
2024-08-31 11:00:00,31.7,0.0,63.9,215.0,4.1
2024-08-31 12:00:00,32.2,0.0,59.9,186.0,3.7
2024-08-31 13:00:00,32.7,0.0,56.0,224.0,6.4
2024-08-31 14:00:00,33.4,0.0,54.5,204.0,5.2
2024-08-31 15:00:00,32.2,0.0,55.0,228.0,10.0
2024-08-31 16:00:00,32.0,0.0,55.0,175.0,5.5
2024-08-31 17:00:00,31.1,0.0,55.5,184.0,4.1
2024-08-31 18:00:00,27.8,0.0,84.1,6.0,5.7
2024-08-31 19:00:00,28.3,0.0,82.8,59.0,1.0
2024-08-31 20:00:00,28.5,0.0,85.1,1.0,3.4
2024-08-31 21:00:00,27.6,0.0,89.7,,5.0
2024-08-31 22:00:00,26.8,0.0,92.6,,3.8
2024-08-31 23:00:00,27.2,0.0,88.7,8.0,2.3
2024-09-01 00:00:00,28.0,0.0,84.8,,2.1
2024-09-01 01:00:00,28.1,0.0,86.9,122.0,3.6
2024-09-01 02:00:00,27.6,0.0,91.7,40.0,3.3
2024-09-01 03:00:00,27.2,0.0,96.0,49.0,4.6
2024-09-01 04:00:00,27.5,0.0,95.7,80.0,2.5
2024-09-01 05:00:00,27.4,0.0,96.9,92.0,4.5
2024-09-01 06:00:00,26.8,0.0,99.3,3.0,0.9
2024-09-01 07:00:00,26.8,0.0,99.4,231.0,0.8
2024-09-01 08:00:00,28.0,0.0,96.2,131.0,2.0
2024-09-01 09:00:00,28.9,0.0,83.2,137.0,5.7
2024-09-01 10:00:00,30.3,0.0,72.8,136.0,5.7
2024-09-01 11:00:00,31.4,0.0,63.5,153.0,3.5
2024-09-01 12:00:00,32.9,0.0,57.5,199.0,3.4
2024-09-01 13:00:00,32.6,0.0,58.0,181.0,4.0
2024-09-01 14:00:00,32.5,0.0,58.7,207.0,5.7
2024-09-01 15:00:00,33.2,0.0,56.9,193.0,4.6
2024-09-01 16:00:00,33.3,0.0,55.2,200.0,5.2
2024-09-01 17:00:00,32.5,0.0,57.1,198.0,4.9
2024-09-01 18:00:00,31.8,0.0,59.8,187.0,2.5
2024-09-01 19:00:00,29.7,0.0,64.6,55.0,5.4
2024-09-01 20:00:00,28.6,0.0,75.7,17.0,3.7
2024-09-01 21:00:00,27.1,0.0,91.9,16.0,3.8
2024-09-01 22:00:00,27.1,0.0,89.7,13.0,3.7
2024-09-01 23:00:00,28.3,0.0,88.6,115.0,2.9
2024-09-02 00:00:00,28.7,0.0,89.4,148.0,2.8
2024-09-02 01:00:00,28.8,0.0,90.1,115.0,5.3
2024-09-02 02:00:00,28.6,0.0,91.3,126.0,3.4
2024-09-02 03:00:00,28.5,0.0,91.7,125.0,4.4
2024-09-02 04:00:00,28.4,0.0,91.4,139.0,2.8
2024-09-02 05:00:00,28.1,0.0,94.0,186.0,2.7
2024-09-02 06:00:00,28.1,0.0,92.0,151.0,3.7
2024-09-02 07:00:00,28.1,0.0,90.9,168.0,3.9
2024-09-02 08:00:00,28.6,0.0,87.4,171.0,2.6
2024-09-02 09:00:00,29.5,0.0,82.6,176.0,6.9
2024-09-02 10:00:00,30.2,0.0,76.3,171.0,6.0
2024-09-02 11:00:00,31.2,0.0,69.9,185.0,4.6
2024-09-02 12:00:00,31.8,0.0,64.7,180.0,5.0
2024-09-02 13:00:00,32.7,0.0,60.4,190.0,6.3
2024-09-02 14:00:00,33.5,0.0,56.5,201.0,5.2
2024-09-02 15:00:00,32.8,0.0,58.2,185.0,6.7
2024-09-02 16:00:00,33.4,0.0,53.9,196.0,4.3
2024-09-02 17:00:00,32.4,0.0,55.8,201.0,6.8
2024-09-02 18:00:00,31.6,0.0,63.4,183.0,3.0
2024-09-02 19:00:00,30.9,0.0,64.2,197.0,2.5
2024-09-02 20:00:00,30.4,0.0,70.5,181.0,3.9
2024-09-02 21:00:00,29.8,0.0,74.8,161.0,2.8
2024-09-02 22:00:00,29.6,0.0,83.8,142.0,3.5
2024-09-02 23:00:00,29.3,0.0,87.2,139.0,7.0
2024-09-03 00:00:00,29.1,0.0,86.8,152.0,4.0
2024-09-03 01:00:00,29.1,0.0,81.2,157.0,3.3
2024-09-03 02:00:00,29.2,0.0,75.0,139.0,4.1
2024-09-03 03:00:00,28.9,0.0,78.6,115.0,4.6
2024-09-03 04:00:00,28.6,0.0,82.5,115.0,3.5
2024-09-03 05:00:00,28.4,0.0,84.7,151.0,4.0
2024-09-03 06:00:00,28.3,0.0,87.3,100.0,3.7
2024-09-03 07:00:00,28.3,0.0,90.0,118.0,4.1
2024-09-03 08:00:00,28.6,0.0,89.7,184.0,1.8
2024-09-03 09:00:00,29.5,0.0,86.4,169.0,4.5
2024-09-03 10:00:00,30.2,0.0,79.9,173.0,4.7
2024-09-03 11:00:00,31.0,0.0,76.4,181.0,4.6
2024-09-03 12:00:00,25.8,0.0,96.6,262.0,14.4
2024-09-03 13:00:00,25.8,0.0,99.2,274.0,3.3
2024-09-03 14:00:00,29.0,0.0,80.4,163.0,1.0
2024-09-03 15:00:00,30.3,0.0,72.7,331.0,2.6
2024-09-03 16:00:00,30.3,0.0,74.5,311.0,5.3
2024-09-03 17:00:00,31.0,0.0,70.0,291.0,2.5
2024-09-03 18:00:00,31.1,0.0,68.0,203.0,3.8
2024-09-03 19:00:00,30.2,0.0,72.9,208.0,1.4
2024-09-03 20:00:00,29.4,0.0,82.5,42.0,4.5
2024-09-03 21:00:00,29.0,0.0,84.7,44.0,3.4
2024-09-03 22:00:00,28.7,0.0,86.2,43.0,4.1
2024-09-03 23:00:00,27.7,0.0,92.1,19.0,3.7
2024-09-04 00:00:00,27.8,0.0,92.0,44.0,3.5
2024-09-04 01:00:00,27.8,0.0,92.1,36.0,3.1
2024-09-04 02:00:00,27.5,0.0,95.2,55.0,4.2
2024-09-04 03:00:00,27.7,0.0,96.3,96.0,1.5
2024-09-04 04:00:00,26.8,0.0,99.3,17.0,3.3
2024-09-04 05:00:00,27.5,0.0,98.5,85.0,4.0
2024-09-04 06:00:00,27.8,0.0,96.1,109.0,3.5
2024-09-04 07:00:00,27.2,0.0,99.4,52.0,3.3
2024-09-04 08:00:00,28.0,0.0,95.5,132.0,3.8
2024-09-04 09:00:00,28.9,0.0,88.2,140.0,3.4
2024-09-04 10:00:00,25.5,0.0,99.1,232.0,7.7
2024-09-04 11:00:00,25.2,0.0,99.3,202.0,8.7
2024-09-04 12:00:00,24.3,0.4,99.3,204.0,8.10001
2024-09-04 13:00:00,24.9,0.2,99.3,198.0,6.5
2024-09-04 14:00:00,26.4,0.0,89.1,213.0,4.7
2024-09-04 15:00:00,28.0,0.0,80.4,197.0,3.5
2024-09-04 16:00:00,28.7,0.0,74.2,200.0,3.5
2024-09-04 17:00:00,29.9,0.0,65.1,196.0,3.2
2024-09-04 18:00:00,29.9,0.0,64.8,273.0,3.6
2024-09-04 19:00:00,28.5,0.0,69.4,254.0,4.2
2024-09-04 20:00:00,27.8,0.0,76.4,228.0,3.2
2024-09-04 21:00:00,27.6,0.0,78.2,222.0,2.5
2024-09-04 22:00:00,27.3,0.0,81.1,229.0,3.0
2024-09-04 23:00:00,27.2,0.0,85.6,204.0,1.6
2024-09-05 00:00:00,26.8,0.0,90.0,290.0,4.5
2024-09-05 01:00:00,26.6,0.0,94.8,297.0,2.5
2024-09-05 02:00:00,26.5,0.0,95.6,293.0,2.1
2024-09-05 03:00:00,26.3,0.0,98.3,255.0,1.6
2024-09-05 04:00:00,26.6,0.0,97.3,241.0,3.0
2024-09-05 05:00:00,26.3,0.0,99.3,274.0,2.0
2024-09-05 06:00:00,25.8,0.0,99.4,5.0,3.6
2024-09-05 07:00:00,25.5,0.0,99.4,15.0,1.9
2024-09-05 08:00:00,26.2,0.0,99.3,334.0,1.8
2024-09-05 09:00:00,28.7,0.0,87.2,246.0,1.7
2024-09-05 10:00:00,29.7,0.0,81.2,188.0,3.6
2024-09-05 11:00:00,30.9,0.0,67.5,206.0,3.0
2024-09-05 12:00:00,31.7,0.0,55.2,196.0,4.5
2024-09-05 13:00:00,32.1,0.0,58.7,189.0,2.6
2024-09-05 14:00:00,33.5,0.0,51.5,204.0,3.2
2024-09-05 15:00:00,33.2,0.0,53.7,204.0,5.5
2024-09-05 16:00:00,31.6,0.0,64.5,192.0,4.3
2024-09-05 17:00:00,32.1,0.0,59.9,178.0,4.4
2024-09-05 18:00:00,30.8,0.0,70.9,200.0,5.5
2024-09-05 19:00:00,30.0,0.0,70.0,188.0,4.4
2024-09-05 20:00:00,29.2,0.0,78.2,184.0,3.0
2024-09-05 21:00:00,28.9,0.0,75.3,188.0,3.0
2024-09-05 22:00:00,28.6,0.0,79.2,174.0,3.4
2024-09-05 23:00:00,28.6,0.0,80.2,187.0,2.0
2024-09-06 00:00:00,28.4,0.0,83.3,175.0,2.1
2024-09-06 01:00:00,28.4,0.0,84.7,149.0,2.0
2024-09-06 02:00:00,28.2,0.0,86.2,185.0,1.3
2024-09-06 03:00:00,28.1,0.0,87.6,167.0,2.0
2024-09-06 04:00:00,28.0,0.0,87.7,156.0,3.7
2024-09-06 05:00:00,27.8,0.0,89.8,182.0,2.4
2024-09-06 06:00:00,27.5,0.0,95.0,169.0,2.7
2024-09-06 07:00:00,27.7,0.0,93.4,146.0,2.7
2024-09-06 08:00:00,28.2,0.0,90.6,149.0,4.6
2024-09-06 09:00:00,29.6,0.0,82.6,158.0,2.8
2024-09-06 10:00:00,30.5,0.0,72.6,149.0,3.8
2024-09-06 11:00:00,30.8,0.0,72.2,187.0,5.0
2024-09-06 12:00:00,30.6,0.0,74.8,169.0,5.0
2024-09-06 13:00:00,31.9,0.0,64.6,175.0,6.3
2024-09-06 14:00:00,32.7,0.0,60.2,182.0,4.6
2024-09-06 15:00:00,32.3,0.0,62.6,211.0,5.2
2024-09-06 16:00:00,32.2,0.0,62.4,199.0,5.2
2024-09-06 17:00:00,32.0,0.0,62.0,202.0,7.3
2024-09-06 18:00:00,31.5,0.0,64.9,195.0,4.9
2024-09-06 19:00:00,30.4,0.0,69.6,188.0,4.6
2024-09-06 20:00:00,29.8,0.0,76.2,175.0,3.6
2024-09-06 21:00:00,29.6,0.0,76.4,133.0,5.4
2024-09-06 22:00:00,29.2,0.0,80.1,139.0,6.2
2024-09-06 23:00:00,29.1,0.0,83.5,124.0,4.7
2024-09-07 00:00:00,28.9,0.0,85.2,144.0,4.0
2024-09-07 01:00:00,28.8,0.0,82.9,161.0,3.6
2024-09-07 02:00:00,28.7,0.0,83.8,155.0,3.0
2024-09-07 03:00:00,28.5,0.0,86.3,140.0,4.8
2024-09-07 04:00:00,28.2,0.0,90.0,152.0,2.0
2024-09-07 05:00:00,28.2,0.0,90.1,144.0,4.4
2024-09-07 06:00:00,28.1,0.0,91.8,157.0,2.2
2024-09-07 07:00:00,28.2,0.0,92.5,144.0,3.3
2024-09-07 08:00:00,28.9,0.0,89.3,164.0,3.8
2024-09-07 09:00:00,29.4,0.0,83.0,164.0,6.9
2024-09-07 10:00:00,30.4,0.0,75.8,162.0,7.0
2024-09-07 11:00:00,30.8,0.0,72.5,180.0,3.6
2024-09-07 12:00:00,27.0,0.2,94.0,149.0,9.60001
2024-09-07 13:00:00,29.6,0.0,81.5,182.0,3.7
2024-09-07 14:00:00,31.6,0.0,70.0,182.0,4.0
2024-09-07 15:00:00,31.0,0.0,70.2,194.0,5.3
2024-09-07 16:00:00,32.1,0.0,62.2,174.0,6.6
2024-09-07 17:00:00,31.2,0.0,63.2,152.0,9.10001
2024-09-07 18:00:00,30.8,0.0,61.0,150.0,7.3
2024-09-07 19:00:00,30.2,0.0,65.2,133.0,9.0
2024-09-07 20:00:00,29.7,0.0,74.4,142.0,4.5
2024-09-07 21:00:00,29.4,0.0,72.8,146.0,6.8
2024-09-07 22:00:00,29.2,0.0,77.1,142.0,7.1
2024-09-07 23:00:00,29.2,0.0,78.1,151.0,4.0
2024-09-08 00:00:00,29.2,0.0,80.4,118.0,5.1
2024-09-08 01:00:00,28.9,0.0,83.3,131.0,7.0
2024-09-08 02:00:00,28.8,0.0,84.8,130.0,5.0
2024-09-08 03:00:00,28.6,0.0,85.4,138.0,1.7
2024-09-08 04:00:00,28.4,0.0,86.3,195.0,1.5
2024-09-09 09:00:00,27.1,0.0,94.2,338.0,2.4
2024-09-09 10:00:00,28.8,0.0,84.5,312.0,3.2
2024-09-09 11:00:00,29.9,0.0,75.8,342.0,2.0
2024-09-09 12:00:00,31.2,0.0,67.4,248.0,4.3
2024-09-09 13:00:00,33.7,0.0,56.2,301.0,1.6
2024-09-09 14:00:00,31.4,0.0,63.2,221.0,4.4
2024-09-09 15:00:00,29.8,0.0,71.8,202.0,3.1
2024-09-09 16:00:00,27.9,0.0,91.3,192.0,2.8
2024-09-09 17:00:00,27.9,0.0,91.9,122.0,3.4
2024-09-09 18:00:00,27.2,0.2,96.2,177.0,2.8
2024-09-09 19:00:00,27.1,0.0,91.7,168.0,2.5
2024-09-09 20:00:00,27.2,0.0,93.6,120.0,4.4
2024-09-09 21:00:00,27.1,0.0,95.2,166.0,3.6
2024-09-09 22:00:00,27.2,0.0,96.3,183.0,2.6
2024-09-09 23:00:00,26.9,0.0,98.0,164.0,2.9
2024-09-10 00:00:00,26.8,0.0,98.5,200.0,2.1
2024-09-10 01:00:00,26.7,0.0,99.3,170.0,1.6
2024-09-10 02:00:00,26.7,0.0,98.9,188.0,2.0
2024-09-10 03:00:00,26.8,0.0,97.1,176.0,2.4
2024-09-10 04:00:00,23.3,2.0,99.5,266.0,10.0
2024-09-10 05:00:00,23.7,0.6,99.5,255.0,4.7
2024-09-10 06:00:00,23.5,0.0,99.5,240.0,3.9
2024-09-10 07:00:00,24.6,0.0,99.3,236.0,2.7
2024-09-10 08:00:00,24.4,0.0,99.3,58.0,0.9
2024-09-10 09:00:00,25.7,0.0,97.1,169.0,1.6
2024-09-10 10:00:00,26.9,0.0,93.7,241.0,3.5
2024-09-10 11:00:00,27.6,0.0,89.4,263.0,2.0
2024-09-10 12:00:00,28.5,0.0,81.7,217.0,6.4
2024-09-10 13:00:00,30.1,0.0,73.0,197.0,4.1
2024-09-10 14:00:00,29.3,0.0,73.7,215.0,5.0
2024-09-10 15:00:00,30.3,0.0,67.8,199.0,4.4
2024-09-10 16:00:00,31.1,0.0,64.7,199.0,3.4
2024-09-10 17:00:00,30.1,0.0,64.0,251.0,6.4
2024-09-10 18:00:00,29.6,0.0,72.9,262.0,6.7
2024-09-10 19:00:00,29.4,0.0,68.1,236.0,3.5
2024-09-10 20:00:00,29.0,0.0,71.9,225.0,4.4
2024-09-10 21:00:00,28.7,0.0,76.9,260.0,4.3
2024-09-10 22:00:00,28.3,0.0,84.4,241.0,5.2
2024-09-10 23:00:00,28.0,0.0,86.5,272.0,3.6
2024-09-11 00:00:00,27.7,0.0,83.1,250.0,4.9
2024-09-11 01:00:00,27.6,0.0,85.6,252.0,3.3
2024-09-11 02:00:00,27.3,0.0,89.0,289.0,1.7
2024-09-11 03:00:00,27.3,0.0,89.4,258.0,0.7
2024-09-11 04:00:00,27.4,0.0,88.8,275.0,1.9
2024-09-11 05:00:00,27.4,0.0,89.5,208.0,1.0
2024-09-11 06:00:00,27.4,0.0,90.4,242.0,2.1
2024-09-11 07:00:00,27.6,0.0,91.3,272.0,1.8
2024-09-11 08:00:00,27.9,0.0,88.8,287.0,1.1
2024-09-11 09:00:00,29.6,0.0,84.6,221.0,1.7
2024-09-11 10:00:00,30.8,0.0,76.0,288.0,2.1
2024-09-11 11:00:00,30.2,0.0,74.5,313.0,5.5
2024-09-11 12:00:00,31.4,0.0,66.1,321.0,2.7
2024-09-11 13:00:00,32.8,0.0,57.0,207.0,3.2
2024-09-11 14:00:00,33.4,0.0,55.4,206.0,4.1
2024-09-11 15:00:00,33.4,0.0,53.9,189.0,3.3
2024-09-11 16:00:00,29.0,0.0,73.7,62.0,4.5
2024-09-11 17:00:00,24.9,2.0,99.5,210.0,1.3
2024-09-11 18:00:00,25.0,0.0,94.5,154.0,2.2
2024-09-11 19:00:00,26.8,0.0,84.6,164.0,2.5
2024-09-11 20:00:00,26.2,0.0,94.3,203.0,1.2
2024-09-11 21:00:00,27.1,0.0,92.2,136.0,1.9
2024-09-11 22:00:00,27.2,0.0,95.9,179.0,0.6
2024-09-11 23:00:00,26.9,0.0,99.3,270.0,2.3
2024-09-12 00:00:00,27.0,0.0,99.2,21.0,1.5
2024-09-12 01:00:00,27.1,0.0,99.4,207.0,2.1
2024-09-12 02:00:00,26.7,0.0,99.4,288.0,3.9
2024-09-12 03:00:00,26.9,0.0,99.4,224.0,4.3
2024-09-12 04:00:00,26.4,0.0,99.3,193.0,2.5
2024-09-12 05:00:00,26.4,0.0,99.4,302.0,3.5
2024-09-12 06:00:00,25.3,0.0,99.3,33.0,1.4
2024-09-12 07:00:00,26.4,0.0,97.1,255.0,2.1
2024-09-12 08:00:00,26.6,0.0,98.4,240.0,2.8
2024-09-12 09:00:00,28.0,0.0,90.8,233.0,1.3
2024-09-12 10:00:00,28.4,0.0,90.6,285.0,3.8
2024-09-12 11:00:00,28.9,0.0,81.0,202.0,5.7
2024-09-12 12:00:00,29.4,0.0,72.4,197.0,7.0
2024-09-12 13:00:00,29.2,0.0,75.2,199.0,7.1
2024-09-12 14:00:00,29.6,0.0,72.0,200.0,7.7
2024-09-12 15:00:00,30.5,0.0,66.7,205.0,6.0
2024-09-12 16:00:00,30.2,0.0,67.4,199.0,4.5
2024-09-12 17:00:00,30.9,0.0,63.1,212.0,4.8
2024-09-12 18:00:00,30.9,0.0,62.0,211.0,3.6
2024-09-12 19:00:00,29.4,0.0,69.8,193.0,3.8
2024-09-12 20:00:00,29.3,0.0,69.2,189.0,2.3
2024-09-12 21:00:00,28.8,0.0,79.2,198.0,2.6
2024-09-12 22:00:00,28.4,0.0,83.9,178.0,2.5
2024-09-12 23:00:00,28.3,0.0,85.4,192.0,2.0
2024-09-13 00:00:00,28.3,0.0,86.5,200.0,3.9
2024-09-13 01:00:00,26.6,0.0,97.0,197.0,3.0
2024-09-13 02:00:00,27.0,0.0,96.9,215.0,3.5
2024-09-13 03:00:00,27.1,0.0,97.6,202.0,1.5
2024-09-13 04:00:00,27.1,0.0,98.7,264.0,3.4
2024-09-13 05:00:00,26.7,0.0,99.1,285.0,2.5
2024-09-13 06:00:00,26.7,0.0,96.7,317.0,1.6
2024-09-13 07:00:00,26.7,0.0,97.0,294.0,1.8
2024-09-13 08:00:00,26.8,0.0,97.4,307.0,2.5
2024-09-13 09:00:00,29.0,0.0,88.9,326.0,1.3
2024-09-13 10:00:00,29.8,0.0,75.5,223.0,6.2
2024-09-13 11:00:00,30.8,0.0,62.9,201.0,5.8
2024-09-13 12:00:00,30.8,0.0,65.3,223.0,7.0
2024-09-13 13:00:00,31.9,0.0,57.7,189.0,5.1
2024-09-13 14:00:00,31.9,0.0,55.8,198.0,5.5
2024-09-13 15:00:00,32.0,0.0,54.4,212.0,8.39999
2024-09-13 16:00:00,32.1,0.0,54.6,195.0,5.2
2024-09-13 17:00:00,31.8,0.0,53.4,207.0,7.2
2024-09-13 18:00:00,30.7,0.0,62.5,197.0,4.9
2024-09-13 19:00:00,30.1,0.0,63.9,202.0,2.3
2024-09-13 20:00:00,29.6,0.0,67.7,179.0,3.4
2024-09-13 21:00:00,29.2,0.0,73.5,194.0,2.4
2024-09-13 22:00:00,29.0,0.0,77.1,199.0,2.1
2024-09-13 23:00:00,29.2,0.0,77.3,175.0,1.3
2024-09-14 00:00:00,29.0,0.0,78.4,215.0,1.9
2024-09-14 01:00:00,28.8,0.0,78.8,197.0,1.3
2024-09-14 02:00:00,28.7,0.0,78.6,187.0,1.8
2024-09-14 03:00:00,28.4,0.0,82.3,234.0,3.8
2024-09-14 04:00:00,23.5,2.8,99.5,278.0,7.9
2024-09-14 05:00:00,23.5,0.0,99.5,228.0,1.9
2024-09-14 06:00:00,24.1,0.0,99.4,159.0,2.3
2024-09-14 07:00:00,24.8,0.2,99.4,187.0,4.0
2024-09-14 08:00:00,24.9,0.0,99.4,186.0,4.5
2024-09-14 09:00:00,24.8,0.0,99.4,202.0,3.5
2024-09-14 10:00:00,25.7,0.0,99.4,200.0,3.5
2024-09-14 11:00:00,27.6,0.0,86.7,171.0,3.5
2024-09-14 12:00:00,28.8,0.0,79.8,179.0,4.3
2024-09-14 13:00:00,29.3,0.0,74.3,172.0,4.4
2024-09-14 14:00:00,30.0,0.0,68.8,202.0,2.5
2024-09-14 15:00:00,30.2,0.0,63.9,131.0,3.7
2024-09-14 16:00:00,30.7,0.0,60.7,186.0,4.1
2024-09-14 17:00:00,31.4,0.0,59.9,195.0,2.6
2024-09-14 18:00:00,30.9,0.0,56.9,204.0,5.4
2024-09-14 19:00:00,29.8,0.0,63.8,174.0,3.4
2024-09-14 20:00:00,29.4,0.0,58.8,194.0,2.1
2024-09-14 21:00:00,29.0,0.0,62.3,169.0,1.5
2024-09-14 22:00:00,29.0,0.0,65.4,161.0,1.0
2024-09-14 23:00:00,28.7,0.0,72.2,106.0,3.6
2024-09-15 00:00:00,28.6,0.0,73.5,156.0,4.2
2024-09-15 01:00:00,28.3,0.0,76.6,106.0,3.0
2024-09-15 02:00:00,28.0,0.0,81.1,334.0,2.3
2024-09-15 03:00:00,26.4,0.0,89.1,9.0,4.4
2024-09-15 04:00:00,26.3,0.0,90.4,33.0,0.7
2024-09-15 05:00:00,26.7,0.0,87.6,81.0,1.0
2024-09-15 06:00:00,26.6,0.0,89.1,323.0,1.2
2024-09-15 07:00:00,26.4,0.0,89.5,331.0,2.2
2024-09-15 08:00:00,27.0,0.0,85.9,332.0,2.1
2024-09-15 09:00:00,28.4,0.0,79.9,286.0,2.3
2024-09-15 10:00:00,30.2,0.0,73.2,164.0,3.3
2024-09-15 11:00:00,29.3,0.0,81.3,283.0,5.8
2024-09-15 12:00:00,26.7,0.0,95.7,200.0,3.6
2024-09-15 13:00:00,27.3,0.0,91.7,202.0,2.9
2024-09-15 14:00:00,29.4,0.0,76.5,198.0,2.4
2024-09-15 15:00:00,29.9,0.0,75.7,181.0,3.0
2024-09-15 16:00:00,29.5,0.0,71.9,145.0,5.2
2024-09-15 17:00:00,29.7,0.0,72.4,172.0,3.2
2024-09-15 18:00:00,29.6,0.0,73.0,194.0,2.6
2024-09-15 19:00:00,28.7,0.0,70.5,163.0,3.0
2024-09-15 20:00:00,28.3,0.0,74.1,183.0,2.2
2024-09-15 21:00:00,27.9,0.0,79.0,171.0,1.9
2024-09-15 22:00:00,27.6,0.0,82.6,15.0,1.4
2024-09-15 23:00:00,27.1,0.0,94.8,27.0,2.0
2024-09-16 00:00:00,27.4,0.0,89.6,275.0,1.2
2024-09-16 01:00:00,27.5,0.0,88.4,254.0,0.7
2024-09-16 02:00:00,26.9,0.0,95.8,8.0,1.2
2024-09-16 03:00:00,27.0,0.0,94.6,265.0,2.2
2024-09-16 04:00:00,26.7,0.0,99.3,251.0,2.3
2024-09-16 05:00:00,26.4,0.0,99.4,254.0,1.3
2024-09-16 06:00:00,26.7,0.0,98.5,220.0,1.9
2024-09-16 07:00:00,27.2,0.0,90.3,213.0,1.9
2024-09-16 08:00:00,27.3,0.0,90.7,234.0,1.7
2024-09-16 09:00:00,28.8,0.0,84.1,262.0,2.1
2024-09-16 10:00:00,30.3,0.0,73.7,197.0,4.4
2024-09-16 11:00:00,30.8,0.0,67.1,220.0,4.2
2024-09-16 12:00:00,31.4,0.0,64.2,220.0,4.4
2024-09-16 13:00:00,31.2,0.0,59.6,254.0,5.7
2024-09-16 14:00:00,31.5,0.0,60.1,225.0,8.0
2024-09-16 15:00:00,31.4,0.0,62.3,205.0,6.6
2024-09-16 16:00:00,32.1,0.0,59.3,199.0,4.3
2024-09-16 17:00:00,32.9,0.0,56.6,236.0,3.5
2024-09-16 19:00:00,30.4,0.0,69.0,206.0,2.1
2024-09-16 20:00:00,29.6,0.0,78.3,187.0,4.2
2024-09-16 21:00:00,28.7,0.0,83.9,186.0,5.0
2024-09-16 22:00:00,28.4,0.0,84.6,182.0,3.6
2024-09-16 23:00:00,28.3,0.0,86.0,184.0,3.5
2024-09-17 00:00:00,28.0,0.0,86.7,188.0,2.6
2024-09-17 01:00:00,27.8,0.0,86.8,190.0,2.2
2024-09-17 02:00:00,27.6,0.0,89.1,188.0,2.4
2024-09-17 03:00:00,27.9,0.0,90.3,196.0,2.5
2024-09-17 04:00:00,27.8,0.0,87.5,198.0,3.2
2024-09-17 05:00:00,27.7,0.0,87.3,200.0,1.7
2024-09-17 06:00:00,28.0,0.0,82.1,224.0,3.7
2024-09-17 07:00:00,27.9,0.0,80.8,206.0,3.5
2024-09-17 08:00:00,29.2,0.0,76.3,208.0,2.0
2024-09-17 09:00:00,29.5,0.0,74.8,224.0,3.1
2024-09-17 10:00:00,30.6,0.0,63.8,219.0,7.4
2024-09-17 11:00:00,32.0,0.0,55.0,201.0,4.8
2024-09-17 12:00:00,30.7,0.0,58.0,234.0,6.0
2024-09-17 13:00:00,31.4,0.0,57.2,231.0,6.4
2024-09-17 14:00:00,31.3,0.0,57.5,244.0,8.7
2024-09-17 15:00:00,31.9,0.0,55.3,267.0,12.1
2024-09-17 16:00:00,31.8,0.0,55.4,259.0,10.3
2024-09-17 17:00:00,31.0,0.0,60.9,267.0,9.8
2024-09-17 18:00:00,30.7,0.0,64.2,263.0,8.10001
2024-09-17 19:00:00,30.3,0.0,68.2,269.0,4.0
2024-09-17 20:00:00,24.8,0.0,99.5,307.0,4.8
2024-09-17 21:00:00,26.2,0.0,98.7,291.0,8.2
2024-09-17 22:00:00,25.8,0.0,99.3,289.0,4.9
2024-09-17 23:00:00,25.8,0.0,99.4,269.0,4.6
2024-09-18 00:00:00,26.2,0.0,99.3,319.0,4.1
2024-09-18 01:00:00,25.6,0.0,99.4,6.0,3.2
2024-09-18 02:00:00,26.2,0.0,99.3,265.0,3.7
2024-09-18 03:00:00,26.2,0.0,94.5,260.0,3.5
2024-09-18 04:00:00,26.3,0.0,93.3,280.0,5.2
2024-09-18 05:00:00,27.0,0.0,77.5,259.0,6.6
2024-09-18 06:00:00,26.9,0.0,76.0,240.0,4.6
2024-09-18 07:00:00,27.0,0.0,76.6,237.0,4.1
2024-09-18 08:00:00,27.2,0.0,77.3,261.0,2.6
2024-09-18 09:00:00,28.0,0.0,74.8,254.0,3.7
2024-09-18 10:00:00,29.7,0.0,59.7,219.0,4.9
2024-09-18 11:00:00,30.7,0.0,54.3,244.0,7.0
2024-09-18 12:00:00,31.3,0.0,53.4,215.0,4.6
2024-09-18 13:00:00,31.3,0.0,54.0,219.0,9.0
2024-09-18 14:00:00,32.1,0.0,51.6,235.0,8.5
2024-09-18 15:00:00,32.0,0.0,49.6,230.0,7.6
2024-09-18 16:00:00,32.3,0.0,47.3,220.0,8.89999
2024-09-18 17:00:00,32.7,0.0,45.5,202.0,5.4
2024-09-18 18:00:00,31.3,0.0,54.7,197.0,6.2
2024-09-18 19:00:00,30.5,0.0,60.2,196.0,3.8
2024-09-18 20:00:00,29.8,0.0,67.3,185.0,3.7
2024-09-18 21:00:00,29.3,0.0,69.5,182.0,3.3
2024-09-18 22:00:00,29.0,0.0,68.2,189.0,4.2
2024-09-18 23:00:00,28.9,0.0,67.1,210.0,1.4
2024-09-19 00:00:00,28.9,0.0,69.1,168.0,3.1
2024-09-19 01:00:00,28.8,0.0,71.4,178.0,2.9
2024-09-19 02:00:00,28.6,0.0,73.6,187.0,1.7
2024-09-19 03:00:00,28.5,0.0,75.5,196.0,1.9
2024-09-19 04:00:00,28.1,0.0,81.8,262.0,2.4
2024-09-19 05:00:00,28.3,0.0,83.3,259.0,2.4
2024-09-19 06:00:00,26.7,0.0,88.9,8.0,5.4
2024-09-19 07:00:00,26.2,0.0,92.7,7.0,3.6
2024-09-19 08:00:00,26.7,0.0,92.8,344.0,2.2
2024-09-19 09:00:00,28.3,0.0,85.5,309.0,1.5
2024-09-19 10:00:00,30.1,0.0,78.9,287.0,2.7
2024-09-19 11:00:00,30.9,0.0,61.0,226.0,5.1
2024-09-19 12:00:00,30.9,0.0,59.7,196.0,6.0
2024-09-19 13:00:00,31.3,0.0,55.5,205.0,6.1
2024-09-19 14:00:00,30.9,0.0,66.1,214.0,5.7
2024-09-19 15:00:00,30.8,0.0,66.4,215.0,7.0
2024-09-19 16:00:00,31.2,0.0,61.5,200.0,4.2
2024-09-19 17:00:00,31.0,0.0,63.4,203.0,3.7
2024-09-19 18:00:00,30.7,0.0,67.7,196.0,2.6
2024-09-19 19:00:00,29.8,0.0,71.2,178.0,3.1
2024-09-19 20:00:00,29.2,0.0,75.4,185.0,4.0
2024-09-19 21:00:00,29.0,0.0,75.0,158.0,4.7
2024-09-19 22:00:00,29.0,0.0,78.2,166.0,2.6
2024-09-19 23:00:00,28.6,0.0,83.3,163.0,4.1
2024-09-20 00:00:00,28.6,0.0,85.0,149.0,2.4
2024-09-20 01:00:00,28.5,0.0,86.8,129.0,3.6
2024-09-20 02:00:00,28.3,0.0,88.0,149.0,3.8
2024-09-20 03:00:00,28.0,0.0,89.4,152.0,3.4
2024-09-20 04:00:00,27.9,0.0,90.5,168.0,1.9
2024-09-20 05:00:00,27.8,0.0,90.4,167.0,2.2
2024-09-20 06:00:00,27.8,0.0,91.5,160.0,3.1
2024-09-20 07:00:00,27.7,0.0,93.7,180.0,2.5
2024-09-20 08:00:00,28.4,0.0,90.7,186.0,3.0
2024-09-20 09:00:00,29.5,0.0,82.5,179.0,4.5
2024-09-20 10:00:00,30.2,0.0,73.1,174.0,5.5
2024-09-20 11:00:00,31.0,0.0,68.3,177.0,4.0
2024-09-20 12:00:00,31.5,0.0,64.9,224.0,6.8
2024-09-20 13:00:00,32.2,0.0,61.5,207.0,4.4
2024-09-20 14:00:00,31.8,0.0,63.3,213.0,4.9
2024-09-20 15:00:00,31.1,0.0,67.4,200.0,5.7
2024-09-20 16:00:00,32.4,0.0,58.2,205.0,2.8
2024-09-20 17:00:00,30.6,0.0,67.8,182.0,5.0
2024-09-20 18:00:00,30.5,0.0,67.3,182.0,3.3
2024-09-20 19:00:00,30.1,0.0,71.0,187.0,4.2
2024-09-20 20:00:00,29.8,0.0,70.3,184.0,4.1
2024-09-20 21:00:00,29.5,0.0,71.7,174.0,3.1
2024-09-20 22:00:00,29.4,0.0,76.3,162.0,3.9
2024-09-20 23:00:00,26.8,0.0,84.1,290.0,9.8
2024-09-21 00:00:00,24.5,0.2,99.4,255.0,10.5
2024-09-21 01:00:00,23.3,0.2,99.5,245.0,4.6
2024-09-21 02:00:00,24.2,0.2,99.4,263.0,5.1
2024-09-21 03:00:00,24.4,0.0,99.4,239.0,2.7
2024-09-21 04:00:00,24.6,0.0,99.4,203.0,2.4
2024-09-21 05:00:00,25.0,0.0,99.4,195.0,2.1
2024-09-21 06:00:00,25.3,0.0,99.4,210.0,1.5
2024-09-21 07:00:00,26.2,0.0,99.3,189.0,2.1
2024-09-21 08:00:00,26.1,0.0,99.3,146.0,4.1
2024-09-21 09:00:00,27.0,0.0,95.3,142.0,2.9
2024-09-21 10:00:00,28.8,0.0,85.1,131.0,1.8
2024-09-21 11:00:00,29.7,0.0,78.6,198.0,4.0
2024-09-21 12:00:00,30.7,0.0,68.7,208.0,4.2
2024-09-21 13:00:00,30.5,0.0,68.3,192.0,4.2
2024-09-21 14:00:00,29.9,0.0,72.8,186.0,2.9
2024-09-21 15:00:00,30.7,0.0,66.3,202.0,3.4
2024-09-21 16:00:00,30.7,0.0,68.4,196.0,2.5
2024-09-21 17:00:00,30.5,0.0,66.6,167.0,2.4
2024-09-21 18:00:00,30.5,0.0,69.9,204.0,1.6
2024-09-21 19:00:00,29.5,0.0,77.8,299.0,1.3
2024-09-21 20:00:00,29.2,0.0,78.4,232.0,1.3
2024-09-21 21:00:00,28.9,0.0,82.8,188.0,1.6
2024-09-21 22:00:00,28.8,0.0,82.0,178.0,2.0
2024-09-21 23:00:00,28.5,0.0,86.9,156.0,2.1
2024-09-22 00:00:00,28.5,0.0,88.2,166.0,2.2
2024-09-22 01:00:00,28.2,0.0,93.2,93.0,0.7
2024-09-22 02:00:00,27.7,0.0,99.3,355.0,2.4
2024-09-22 03:00:00,27.8,0.0,97.0,51.0,3.0
2024-09-22 04:00:00,27.5,0.0,99.3,3.0,2.3
2024-09-22 05:00:00,26.9,0.0,99.4,10.0,2.3
2024-09-22 06:00:00,27.0,0.0,99.4,352.0,2.1
2024-09-22 07:00:00,27.5,0.0,99.4,54.0,0.8
2024-09-22 08:00:00,28.8,0.0,92.7,331.0,0.9
2024-09-22 09:00:00,30.4,0.0,67.6,156.0,3.4
2024-09-22 10:00:00,32.0,0.0,60.2,161.0,2.6
2024-09-22 11:00:00,32.7,0.0,52.0,152.0,3.7
2024-09-22 12:00:00,33.4,0.0,49.3,186.0,3.0
2024-09-22 13:00:00,33.3,0.0,49.5,186.0,4.7
2024-09-22 14:00:00,34.8,0.0,45.3,184.0,2.9
2024-09-22 15:00:00,33.7,0.0,48.8,225.0,4.8
2024-09-22 16:00:00,33.4,0.0,51.9,252.0,6.3
2024-09-22 17:00:00,34.5,0.0,47.8,199.0,4.5
2024-09-22 18:00:00,33.5,0.0,51.0,190.0,2.6
2024-09-22 19:00:00,31.3,0.0,67.0,176.0,2.3
2024-09-22 20:00:00,30.4,0.0,76.6,90.0,4.7
2024-09-22 21:00:00,28.9,0.0,91.6,46.0,5.3
2024-09-22 22:00:00,28.8,0.0,91.5,65.0,4.5
2024-09-22 23:00:00,29.2,0.0,88.0,102.0,3.6
2024-09-23 00:00:00,28.9,0.0,88.6,102.0,7.6
2024-09-23 01:00:00,28.7,0.0,92.0,109.0,6.8
2024-09-23 02:00:00,28.6,0.0,91.7,103.0,8.2
2024-09-23 03:00:00,28.5,0.0,94.3,103.0,7.7
2024-09-23 04:00:00,28.5,0.0,93.7,101.0,5.7
2024-09-23 05:00:00,28.4,0.0,93.8,72.0,5.0
2024-09-23 06:00:00,28.1,0.0,96.0,72.0,4.8
2024-09-23 07:00:00,28.3,0.0,95.4,85.0,3.4
2024-09-23 08:00:00,28.7,0.0,94.4,64.0,2.7
2024-09-23 09:00:00,30.0,0.0,84.4,88.0,5.0
2024-09-23 10:00:00,30.9,0.0,74.9,95.0,4.9
2024-09-23 11:00:00,31.7,0.0,67.8,125.0,4.9
2024-09-23 12:00:00,30.1,0.0,76.6,115.0,6.5
2024-09-23 13:00:00,30.0,0.0,68.2,66.0,9.0
2024-09-23 14:00:00,30.9,0.0,71.4,70.0,6.5
2024-09-23 15:00:00,32.4,0.0,62.4,212.0,1.8
2024-09-23 16:00:00,23.7,4.8,99.5,58.0,13.3
2024-09-23 17:00:00,25.2,0.0,99.5,354.0,1.9
2024-09-23 18:00:00,25.7,0.0,99.5,63.0,6.1
2024-09-23 19:00:00,26.0,0.0,99.4,88.0,3.4
2024-09-23 20:00:00,26.3,0.0,95.6,64.0,4.0
2024-09-23 21:00:00,25.5,0.0,99.4,22.0,2.8
2024-09-23 22:00:00,27.3,0.0,88.4,108.0,5.2
2024-09-23 23:00:00,26.7,0.0,94.2,276.0,2.5
2024-09-24 00:00:00,26.1,0.0,99.1,3.0,2.7
2024-09-24 01:00:00,25.7,0.0,99.4,18.0,1.9
2024-09-24 02:00:00,25.9,0.0,99.3,343.0,0.8
2024-09-24 03:00:00,25.7,0.0,99.4,336.0,2.3
2024-09-24 04:00:00,25.8,0.0,99.4,354.0,1.6
2024-09-24 05:00:00,25.7,0.0,99.4,336.0,2.0
2024-09-24 06:00:00,26.2,0.0,99.4,304.0,1.8
2024-09-24 07:00:00,26.0,0.0,97.2,253.0,1.5
2024-09-24 08:00:00,26.2,0.0,99.3,312.0,1.8
2024-09-24 09:00:00,28.0,0.0,92.6,346.0,2.2
2024-09-24 10:00:00,29.0,0.0,88.9,333.0,4.4
2024-09-24 11:00:00,31.0,0.0,69.4,31.0,4.6
2024-09-24 12:00:00,31.6,0.0,60.7,343.0,4.3
2024-09-24 13:00:00,31.4,0.0,64.5,317.0,5.3
2024-09-24 14:00:00,23.7,2.0,99.4,155.0,7.1
2024-09-24 15:00:00,25.0,0.0,92.3,261.0,6.8
2024-09-24 16:00:00,26.1,0.0,85.5,286.0,3.4
2024-09-24 17:00:00,26.5,0.0,91.4,348.0,4.3
2024-09-24 18:00:00,27.5,0.0,86.3,38.0,1.0
2024-09-24 19:00:00,26.9,0.0,89.8,2.0,3.4
2024-09-24 20:00:00,26.9,0.0,91.0,12.0,3.5
2024-09-24 21:00:00,26.4,0.0,96.1,356.0,3.6
2024-09-24 22:00:00,26.4,0.0,93.2,342.0,1.7
2024-09-24 23:00:00,26.1,0.0,96.6,6.0,3.4
2024-09-25 00:00:00,26.0,0.0,97.2,6.0,3.6
2024-09-25 01:00:00,25.8,0.0,99.3,344.0,1.6
2024-09-25 02:00:00,26.3,0.0,97.2,29.0,0.6
2024-09-25 03:00:00,26.4,0.0,95.5,269.0,1.2
2024-09-25 04:00:00,26.0,0.0,95.6,8.0,2.2
2024-09-25 05:00:00,26.0,0.0,95.4,310.0,2.5
2024-09-25 06:00:00,25.8,0.0,98.3,25.0,2.1
2024-09-25 07:00:00,26.5,0.0,91.8,111.0,2.0
2024-09-25 08:00:00,26.5,0.0,90.2,238.0,1.2
2024-09-25 09:00:00,29.7,0.0,75.6,177.0,1.5
2024-09-25 10:00:00,30.8,0.0,72.7,64.0,2.8
2024-09-25 11:00:00,30.3,0.0,72.2,13.0,5.3
2024-09-25 12:00:00,28.8,0.0,77.3,157.0,7.0
2024-09-25 13:00:00,26.3,0.0,86.1,233.0,6.0
2024-09-25 14:00:00,25.8,0.0,99.3,233.0,7.7
2024-09-25 15:00:00,25.7,0.4,99.4,21.0,2.9
2024-09-25 16:00:00,24.8,0.0,99.4,12.0,4.9
2024-09-25 17:00:00,25.3,0.0,98.4,359.0,2.5
2024-09-25 18:00:00,26.6,0.0,92.4,70.0,4.1
2024-09-25 19:00:00,25.6,0.0,99.4,13.0,3.5
2024-09-25 20:00:00,25.6,0.0,99.4,358.0,3.4
2024-09-25 21:00:00,25.7,0.0,98.2,58.0,5.3
2024-09-25 22:00:00,25.2,0.0,99.4,14.0,4.7
2024-09-25 23:00:00,25.8,0.0,98.0,78.0,6.6
2024-09-26 00:00:00,25.8,0.0,99.3,55.0,4.7
2024-09-26 01:00:00,25.7,0.0,99.3,50.0,3.4
2024-09-26 02:00:00,25.1,0.0,99.4,7.0,5.4
2024-09-26 03:00:00,25.4,0.0,99.4,56.0,1.9
2024-09-26 04:00:00,25.4,0.0,99.4,32.0,2.2
2024-09-26 05:00:00,25.6,0.0,99.4,66.0,2.3
2024-09-26 06:00:00,25.8,0.0,99.4,49.0,2.0
2024-09-26 07:00:00,25.8,0.0,99.3,322.0,3.2
2024-09-26 08:00:00,25.6,0.0,99.3,261.0,6.0
2024-09-26 09:00:00,23.4,0.0,99.3,256.0,8.39999
2024-09-26 10:00:00,23.8,0.0,99.4,242.0,9.39999
2024-09-26 11:00:00,24.2,0.0,99.3,236.0,6.9
2024-09-26 12:00:00,24.8,0.0,97.0,239.0,8.89999
2024-09-26 13:00:00,25.1,0.0,96.8,248.0,5.1
2024-09-26 14:00:00,26.1,0.0,92.7,265.0,6.4
2024-09-26 15:00:00,26.5,0.0,92.5,236.0,6.8
2024-09-26 16:00:00,27.0,0.0,89.9,284.0,7.4
2024-09-26 17:00:00,27.9,0.0,81.5,271.0,3.7
2024-09-26 18:00:00,27.2,0.0,81.9,294.0,5.9
2024-09-26 19:00:00,26.8,0.0,79.3,296.0,3.9
2024-09-26 20:00:00,26.9,0.0,84.8,191.0,2.3
2024-09-26 21:00:00,26.9,0.0,85.8,289.0,2.2
2024-09-26 22:00:00,26.5,0.0,90.4,288.0,1.9
2024-09-26 23:00:00,26.4,0.0,94.3,42.0,1.3
2024-09-27 00:00:00,26.2,0.0,94.4,347.0,2.1
2024-09-27 01:00:00,25.9,0.0,96.2,344.0,2.5
2024-09-27 02:00:00,,0.0,,,
2024-09-27 11:00:00,29.7,0.0,70.8,213.0,3.1
2024-09-27 12:00:00,31.8,0.0,62.2,199.0,3.8
2024-09-27 13:00:00,32.8,0.0,56.0,180.0,4.3
2024-09-27 14:00:00,33.2,0.0,53.1,179.0,3.9
2024-09-27 15:00:00,32.4,0.0,55.9,138.0,6.6
2024-09-27 16:00:00,31.7,0.0,59.5,143.0,5.8
2024-09-27 17:00:00,31.9,0.0,57.1,152.0,7.4
2024-09-27 18:00:00,31.0,0.0,64.1,168.0,5.0
2024-09-27 19:00:00,30.3,0.0,70.3,135.0,6.3
2024-09-27 20:00:00,29.6,0.0,75.8,121.0,6.1
2024-09-27 21:00:00,28.2,0.0,87.2,104.0,9.39999
2024-09-27 22:00:00,28.0,0.0,89.9,120.0,6.5
2024-09-27 23:00:00,28.2,0.0,88.8,92.0,2.9
2024-09-28 00:00:00,28.2,0.0,90.4,127.0,4.2
2024-09-28 01:00:00,28.1,0.0,92.3,118.0,2.4
2024-09-28 02:00:00,28.1,0.0,89.9,73.0,3.3
2024-09-28 03:00:00,27.3,0.0,99.3,43.0,3.9
2024-09-28 04:00:00,26.4,0.0,99.4,6.0,4.9
2024-09-28 05:00:00,26.3,0.0,99.4,12.0,3.2
2024-09-28 06:00:00,26.6,0.0,99.4,55.0,2.0
2024-09-28 07:00:00,26.7,0.0,99.4,352.0,2.5
2024-09-28 08:00:00,27.8,0.0,97.9,52.0,1.0
2024-09-28 09:00:00,29.2,0.0,85.4,73.0,4.1
2024-09-28 10:00:00,30.4,0.0,73.0,111.0,6.3
2024-09-28 11:00:00,31.6,0.0,60.5,109.0,6.8
2024-09-28 12:00:00,32.2,0.0,60.3,123.0,5.9
2024-09-28 13:00:00,33.1,0.0,53.8,167.0,3.9
2024-09-28 14:00:00,31.3,0.0,63.4,55.0,9.7
2024-09-28 15:00:00,33.3,0.0,56.6,75.0,6.9
2024-09-28 16:00:00,31.5,0.0,64.9,185.0,3.8
2024-09-28 17:00:00,29.1,0.0,77.0,158.0,9.7
2024-09-28 18:00:00,28.9,0.0,77.1,135.0,8.60001
2024-09-28 19:00:00,28.7,0.0,75.5,136.0,5.0
2024-09-28 20:00:00,28.7,0.0,76.6,169.0,1.8
2024-09-28 21:00:00,28.3,0.0,81.5,188.0,2.6
2024-09-28 22:00:00,28.4,0.0,81.3,198.0,1.4
2024-09-28 23:00:00,28.0,0.0,91.5,177.0,2.5
2024-09-29 00:00:00,28.1,0.0,89.5,108.0,1.2
2024-09-29 01:00:00,28.0,0.0,87.1,180.0,1.7
2024-09-29 02:00:00,27.8,0.0,90.6,218.0,1.6
2024-09-29 03:00:00,27.7,0.0,91.7,164.0,1.2
2024-09-29 04:00:00,26.8,0.0,98.7,3.0,3.7
2024-09-29 05:00:00,26.6,0.0,99.3,13.0,1.3
2024-09-29 06:00:00,26.4,0.0,99.4,37.0,2.2
2024-09-29 07:00:00,26.1,0.0,99.4,358.0,4.3
2024-09-29 08:00:00,26.2,0.0,99.4,17.0,3.3
2024-09-29 09:00:00,29.2,0.0,88.0,43.0,1.2
2024-09-29 10:00:00,31.3,0.0,74.1,193.0,1.4
2024-09-29 11:00:00,30.5,0.0,75.0,167.0,3.5
2024-09-29 12:00:00,31.3,0.0,66.5,190.0,1.6
2024-09-29 13:00:00,32.1,0.0,60.1,217.0,2.9
2024-09-29 14:00:00,31.6,0.0,61.0,127.0,7.0
2024-09-29 15:00:00,29.1,0.0,81.2,315.0,4.0
2024-09-29 16:00:00,28.8,0.0,81.5,268.0,4.4
2024-09-29 17:00:00,30.9,0.0,67.8,212.0,4.2
2024-09-29 18:00:00,30.5,0.0,70.7,175.0,3.7
2024-09-29 19:00:00,29.2,0.0,75.8,135.0,5.7
2024-09-29 20:00:00,29.1,0.0,78.6,147.0,2.3
2024-09-29 21:00:00,29.0,0.0,80.8,139.0,2.9
2024-09-29 22:00:00,28.7,0.0,85.2,182.0,2.8
2024-09-29 23:00:00,28.4,0.0,87.1,185.0,1.8
2024-09-30 00:00:00,28.0,0.0,93.3,171.0,2.5
2024-09-30 01:00:00,27.8,0.0,94.1,188.0,2.9
2024-09-30 02:00:00,27.8,0.0,92.5,196.0,1.2
2024-09-30 03:00:00,27.8,0.0,92.8,183.0,2.1
2024-09-30 04:00:00,27.8,0.0,93.8,174.0,1.3
2024-09-30 05:00:00,27.7,0.0,95.0,189.0,1.0
2024-09-30 06:00:00,26.4,0.0,94.1,230.0,6.9
2024-09-30 07:00:00,26.3,0.0,95.0,179.0,1.6
2024-09-30 08:00:00,25.8,0.4,99.3,160.0,1.4
2024-09-30 09:00:00,27.8,0.0,87.4,162.0,1.4
2024-09-30 10:00:00,28.7,0.0,78.4,184.0,3.2
2024-09-30 11:00:00,29.8,0.0,72.3,289.0,2.1
2024-09-30 12:00:00,29.9,0.0,72.2,324.0,5.9
2024-09-30 13:00:00,30.6,0.0,70.3,215.0,3.4
2024-09-30 14:00:00,31.7,0.0,62.5,262.0,4.6
2024-09-30 15:00:00,33.7,0.0,52.7,225.0,3.6
2024-09-30 16:00:00,28.9,0.0,74.6,297.0,5.5
2024-09-30 17:00:00,23.6,2.4,99.5,129.0,3.5
2024-09-30 18:00:00,25.0,0.0,99.4,158.0,3.4
2024-09-30 19:00:00,25.2,0.0,99.4,3.0,5.7
2024-09-30 20:00:00,25.4,0.0,99.4,50.0,0.9
2024-09-30 21:00:00,26.1,0.0,99.4,273.0,0.5
2024-09-30 22:00:00,26.2,0.0,99.3,71.0,0.6
2024-09-30 23:00:00,26.8,0.0,98.1,208.0,1.8
2024-10-01 00:00:00,26.4,0.0,99.4,280.0,1.7
2024-10-01 01:00:00,26.4,0.0,99.4,26.0,1.0
2024-10-01 02:00:00,27.1,0.0,99.3,186.0,1.2
2024-10-01 03:00:00,27.1,0.0,97.3,189.0,1.0
2024-10-01 04:00:00,26.7,0.0,99.3,163.0,1.4
2024-10-01 05:00:00,26.7,0.0,99.3,231.0,0.7
2024-10-01 06:00:00,25.3,0.0,99.5,357.0,3.3
2024-10-01 07:00:00,25.1,0.0,99.5,34.0,2.0
2024-10-01 08:00:00,26.4,0.0,99.3,342.0,1.9
2024-10-01 09:00:00,27.6,0.0,93.3,291.0,4.4
2024-10-01 10:00:00,24.4,1.0,99.4,228.0,6.0
2024-10-01 11:00:00,27.0,0.0,94.6,274.0,5.5
2024-10-01 12:00:00,28.3,0.0,81.2,270.0,9.10001
2024-10-01 13:00:00,27.1,0.6,90.3,213.0,5.1
2024-10-01 14:00:00,26.2,0.0,95.8,214.0,4.6
2024-10-01 15:00:00,27.8,0.0,81.6,219.0,3.6
2024-10-01 16:00:00,29.3,0.0,70.6,221.0,3.3
2024-10-01 17:00:00,30.0,0.0,65.9,221.0,2.7
2024-10-01 18:00:00,29.0,0.0,69.1,223.0,1.1
2024-10-01 19:00:00,28.1,0.0,70.6,220.0,2.7
2024-10-01 20:00:00,28.2,0.0,84.5,248.0,3.1
2024-10-01 21:00:00,28.2,0.0,71.5,214.0,3.1
2024-10-01 22:00:00,27.6,0.0,82.5,237.0,2.4
2024-10-01 23:00:00,27.4,0.0,87.0,249.0,1.1
2024-10-02 00:00:00,27.5,0.0,86.5,191.0,1.4
2024-10-02 01:00:00,27.6,0.0,85.3,234.0,0.9
2024-10-02 02:00:00,27.4,0.0,88.4,248.0,2.6
2024-10-02 03:00:00,26.9,0.0,99.4,294.0,2.7
2024-10-02 04:00:00,26.8,0.0,98.5,304.0,1.4
2024-10-02 05:00:00,27.0,0.0,95.9,305.0,2.5
2024-10-02 06:00:00,27.1,0.0,99.0,298.0,0.9
2024-10-02 07:00:00,26.6,0.0,99.4,330.0,3.0
2024-10-02 08:00:00,27.9,0.0,95.3,8.0,1.2
2024-10-02 09:00:00,29.8,0.0,79.4,243.0,1.4
2024-10-02 10:00:00,29.8,0.0,73.9,149.0,2.3
2024-10-02 11:00:00,30.1,0.0,74.7,137.0,3.1
2024-10-02 12:00:00,31.6,0.0,62.4,116.0,3.5
2024-10-02 13:00:00,32.1,0.0,59.6,192.0,2.9
2024-10-02 14:00:00,32.4,0.0,60.7,187.0,2.5
2024-10-02 15:00:00,29.3,0.8,79.5,151.0,8.39999
2024-10-02 16:00:00,30.0,0.0,83.6,147.0,3.3
2024-10-02 17:00:00,30.4,0.0,70.6,128.0,6.1
2024-10-02 18:00:00,30.1,0.0,71.7,159.0,4.6
2024-10-02 19:00:00,29.3,0.0,78.5,121.0,6.1
2024-10-02 20:00:00,29.1,0.0,75.8,119.0,4.8
2024-10-02 21:00:00,28.8,0.0,78.1,135.0,4.8
2024-10-02 22:00:00,28.7,0.0,80.6,87.0,2.9
2024-10-02 23:00:00,28.5,0.0,84.5,45.0,1.8
2024-10-03 00:00:00,28.2,0.0,88.5,59.0,4.1
2024-10-03 01:00:00,28.0,0.0,89.9,311.0,2.1
2024-10-03 02:00:00,27.4,0.0,98.8,236.0,1.1
2024-10-03 03:00:00,27.8,0.0,92.4,188.0,0.6
2024-10-03 04:00:00,27.4,0.0,97.1,66.0,0.8
2024-10-03 05:00:00,27.8,0.0,93.7,132.0,4.0
2024-10-03 06:00:00,27.8,0.0,93.7,126.0,2.6
2024-10-03 07:00:00,27.8,0.0,94.7,111.0,2.3
2024-10-03 08:00:00,27.3,0.0,99.3,23.0,2.0
2024-10-03 09:00:00,29.6,0.0,88.4,33.0,2.4
2024-10-03 10:00:00,30.8,0.0,69.9,129.0,3.8
2024-10-03 11:00:00,30.7,0.0,67.5,110.0,3.4
2024-10-03 12:00:00,26.8,0.2,99.4,85.0,7.4
2024-10-03 13:00:00,26.8,0.0,98.8,297.0,6.5
2024-10-03 14:00:00,31.6,0.0,73.6,262.0,1.3
2024-10-03 15:00:00,30.3,0.0,67.8,208.0,4.3
2024-10-03 16:00:00,31.7,0.0,59.8,173.0,2.7
2024-10-03 17:00:00,31.8,0.0,60.0,261.0,2.9
2024-10-03 18:00:00,27.8,0.0,94.9,6.0,3.7
2024-10-03 19:00:00,28.1,0.0,83.7,350.0,4.3
2024-10-03 20:00:00,27.8,0.0,82.1,23.0,3.4
2024-10-03 21:00:00,28.4,0.0,79.3,352.0,3.1
2024-10-03 22:00:00,27.6,0.0,92.2,254.0,2.5
2024-10-03 23:00:00,27.5,0.0,95.9,259.0,1.1
2024-10-04 00:00:00,27.3,0.0,98.0,283.0,1.8
2024-10-04 01:00:00,27.3,0.0,96.6,320.0,1.0
2024-10-04 02:00:00,26.8,0.0,99.3,298.0,4.5
2024-10-04 03:00:00,26.7,0.0,99.4,358.0,2.3
2024-10-04 04:00:00,26.7,0.0,99.4,308.0,1.9
2024-10-04 05:00:00,26.5,0.0,99.3,285.0,2.9
2024-10-04 06:00:00,26.6,0.0,96.6,311.0,4.4
2024-10-04 07:00:00,26.1,0.0,97.5,298.0,1.6
2024-10-04 08:00:00,26.3,0.0,96.7,10.0,2.3
2024-10-04 09:00:00,27.1,0.0,92.7,10.0,2.2
2024-10-04 10:00:00,28.4,0.0,83.5,328.0,2.4
2024-10-04 11:00:00,28.8,0.0,80.3,321.0,3.4
2024-10-04 12:00:00,30.4,0.0,71.0,243.0,2.3
2024-10-04 13:00:00,27.4,0.0,91.3,202.0,3.1
2024-10-04 14:00:00,27.9,0.0,90.8,208.0,1.1
2024-10-04 15:00:00,30.1,0.0,77.0,240.0,2.1
2024-10-04 16:00:00,30.4,0.0,67.6,291.0,4.7
2024-10-04 17:00:00,32.4,0.0,59.8,251.0,2.0
2024-10-04 18:00:00,24.9,0.4,99.4,281.0,7.2
2024-10-04 19:00:00,24.4,0.2,99.4,235.0,3.9
2024-10-04 20:00:00,25.9,0.0,99.3,195.0,2.6
2024-10-04 21:00:00,26.2,0.0,99.4,293.0,1.8
2024-10-04 22:00:00,26.1,0.0,99.4,320.0,2.0
2024-10-04 23:00:00,26.0,0.0,99.4,345.0,2.6
2024-10-05 00:00:00,25.9,0.0,99.3,336.0,1.8
2024-10-05 01:00:00,26.1,0.0,99.3,45.0,1.3
2024-10-05 02:00:00,25.9,0.0,99.4,282.0,3.5
2024-10-05 03:00:00,25.8,0.0,99.3,288.0,2.4
2024-10-05 04:00:00,25.8,0.0,99.1,268.0,2.8
2024-10-05 05:00:00,25.8,0.0,99.4,274.0,1.9
2024-10-05 06:00:00,25.4,0.0,99.4,292.0,2.4
2024-10-05 07:00:00,25.4,0.0,99.3,288.0,3.1
2024-10-05 08:00:00,25.1,0.0,99.4,274.0,5.7
2024-10-05 09:00:00,25.7,0.0,99.4,289.0,4.9
2024-10-05 10:00:00,,0.0,,,
2024-10-05 16:00:00,30.2,0.0,65.2,,
2024-10-05 17:00:00,28.6,0.0,83.0,31.0,2.7
2024-10-05 18:00:00,28.8,0.0,85.8,342.0,1.7
2024-10-05 19:00:00,29.0,0.0,76.0,202.0,3.6
2024-10-05 20:00:00,28.6,0.0,78.9,199.0,2.2
2024-10-05 21:00:00,28.4,0.0,79.6,287.0,1.4
2024-10-05 22:00:00,27.9,0.0,92.2,267.0,2.9
2024-10-05 23:00:00,27.7,0.0,95.5,303.0,2.7
2024-10-06 00:00:00,27.7,0.0,94.1,261.0,1.7
2024-10-06 01:00:00,27.6,0.0,94.3,270.0,1.9
2024-10-06 02:00:00,27.4,0.0,95.0,295.0,3.0
2024-10-06 03:00:00,27.3,0.0,93.5,306.0,2.5
2024-10-06 04:00:00,25.0,0.0,99.4,275.0,6.7
2024-10-06 05:00:00,24.4,0.2,99.4,250.0,6.5
2024-10-06 06:00:00,23.7,0.0,99.5,276.0,5.4
2024-10-06 07:00:00,24.2,0.0,99.5,268.0,6.8
2024-10-06 08:00:00,24.1,0.2,99.5,236.0,5.1
2024-10-06 09:00:00,24.6,0.0,99.4,249.0,6.2
2024-10-06 10:00:00,25.9,0.0,99.4,243.0,8.10001
2024-10-06 11:00:00,26.3,0.0,99.3,278.0,6.4
2024-10-06 12:00:00,27.3,0.0,91.0,263.0,6.0
2024-10-06 13:00:00,29.1,0.0,80.4,296.0,3.2
2024-10-06 14:00:00,29.0,0.0,76.5,313.0,4.1
2024-10-06 15:00:00,29.6,0.0,72.3,241.0,2.0
2024-10-06 16:00:00,30.2,0.0,70.6,246.0,1.2
2024-10-06 17:00:00,29.3,0.0,75.3,236.0,2.2
2024-10-06 18:00:00,29.2,0.0,68.7,195.0,2.5
2024-10-06 19:00:00,28.5,0.0,73.7,196.0,1.4
2024-10-06 20:00:00,28.2,0.0,76.6,195.0,3.6
2024-10-06 21:00:00,28.1,0.0,81.2,199.0,3.1
2024-10-06 22:00:00,27.5,0.0,89.6,293.0,3.7
2024-10-06 23:00:00,27.4,0.0,89.5,295.0,2.4
2024-10-07 00:00:00,27.3,0.0,90.0,230.0,1.8
2024-10-07 01:00:00,27.3,0.0,88.8,327.0,1.5
2024-10-07 02:00:00,26.7,0.0,93.7,35.0,2.1
2024-10-07 03:00:00,26.3,0.0,99.3,20.0,2.2
2024-10-07 04:00:00,26.1,0.0,99.3,2.0,2.0
2024-10-07 05:00:00,25.9,0.0,99.4,3.0,2.6
2024-10-07 06:00:00,25.8,0.0,99.4,5.0,1.9
2024-10-07 07:00:00,25.8,0.0,99.4,356.0,1.6
2024-10-07 08:00:00,26.7,0.0,99.1,20.0,2.1
2024-10-07 09:00:00,29.4,0.0,82.8,342.0,0.9
2024-10-07 10:00:00,29.1,0.0,84.3,358.0,3.8
2024-10-07 11:00:00,31.3,0.0,69.5,3.0,2.1
2024-10-07 12:00:00,30.9,0.0,66.1,213.0,2.5
2024-10-07 13:00:00,32.6,0.0,53.7,182.0,2.3
2024-10-07 14:00:00,31.0,0.0,63.5,197.0,5.8
2024-10-07 15:00:00,29.8,0.0,70.2,199.0,5.5
2024-10-07 16:00:00,29.8,0.0,70.4,202.0,3.7
2024-10-07 17:00:00,29.3,0.0,74.3,209.0,3.5
2024-10-07 18:00:00,29.0,0.0,76.4,189.0,2.8
2024-10-07 19:00:00,28.4,0.0,78.2,187.0,3.4
2024-10-07 20:00:00,28.0,0.0,86.5,188.0,2.7
2024-10-07 21:00:00,28.0,0.0,86.2,187.0,3.0
2024-10-07 22:00:00,28.2,0.0,84.0,169.0,3.4
2024-10-07 23:00:00,28.0,0.0,83.6,201.0,1.4
2024-10-08 00:00:00,27.9,0.0,83.6,192.0,1.4
2024-10-08 01:00:00,27.9,0.0,84.6,162.0,2.4
2024-10-08 02:00:00,27.6,0.0,86.7,208.0,1.0
2024-10-08 03:00:00,27.5,0.0,88.0,98.0,1.4
2024-10-08 04:00:00,27.4,0.0,91.3,161.0,1.7
2024-10-08 05:00:00,26.3,0.0,99.3,12.0,1.7
2024-10-08 06:00:00,26.5,0.0,99.3,324.0,2.6
2024-10-08 07:00:00,26.5,0.0,98.9,72.0,0.6
2024-10-08 08:00:00,26.9,0.0,98.8,339.0,2.4
2024-10-08 09:00:00,29.2,0.0,85.9,134.0,4.8
2024-10-08 10:00:00,30.3,0.0,77.2,162.0,4.9
2024-10-08 11:00:00,29.0,0.0,68.9,180.0,7.0
2024-10-08 12:00:00,31.2,0.0,65.0,195.0,4.2
2024-10-08 13:00:00,30.4,0.0,69.9,184.0,5.2
2024-10-08 14:00:00,31.0,0.0,63.5,193.0,4.6
2024-10-08 15:00:00,30.2,0.0,68.9,196.0,4.9
2024-10-08 16:00:00,29.8,0.0,71.4,155.0,7.8
2024-10-08 17:00:00,29.7,0.0,65.1,150.0,4.6
2024-10-08 18:00:00,29.2,0.0,74.5,146.0,6.9
2024-10-08 19:00:00,28.8,0.0,80.4,136.0,7.1
2024-10-08 20:00:00,28.6,0.0,78.2,118.0,4.9
2024-10-08 21:00:00,28.5,0.0,78.7,150.0,2.9
2024-10-08 22:00:00,28.3,0.0,81.8,126.0,1.9
2024-10-08 23:00:00,28.2,0.0,84.7,128.0,2.7
2024-10-09 00:00:00,27.9,0.0,88.0,172.0,1.0
2024-10-09 01:00:00,27.8,0.0,88.6,199.0,1.1
2024-10-09 02:00:00,27.8,0.0,88.7,107.0,3.0
2024-10-09 03:00:00,27.6,0.0,93.7,116.0,1.9
2024-10-09 04:00:00,26.6,0.0,99.3,338.0,3.5
2024-10-09 05:00:00,26.3,0.0,99.4,357.0,3.8
2024-10-09 06:00:00,26.1,0.0,99.4,356.0,2.5
2024-10-09 07:00:00,26.1,0.0,99.4,357.0,2.3
2024-10-09 08:00:00,27.0,0.0,98.3,350.0,1.9
2024-10-09 09:00:00,29.3,0.0,82.7,174.0,2.9
2024-10-09 10:00:00,30.7,0.0,72.3,149.0,3.2
2024-10-09 11:00:00,31.6,0.0,64.6,164.0,3.8
2024-10-09 12:00:00,29.1,0.0,76.6,186.0,7.5
2024-10-09 13:00:00,28.7,0.0,79.3,213.0,3.5
2024-10-09 14:00:00,31.1,0.0,60.8,179.0,5.6
2024-10-09 15:00:00,30.0,0.0,73.3,201.0,6.0
2024-10-09 16:00:00,28.1,0.0,80.7,197.0,3.5
2024-10-09 17:00:00,27.9,0.0,82.3,205.0,4.0
2024-10-09 18:00:00,27.9,0.0,84.7,214.0,3.2
2024-10-09 19:00:00,28.1,0.0,86.2,155.0,2.5
2024-10-09 20:00:00,28.1,0.0,88.4,166.0,1.7
2024-10-09 21:00:00,27.8,0.0,87.8,160.0,2.2
2024-10-09 22:00:00,27.8,0.0,86.4,130.0,1.2
2024-10-09 23:00:00,28.0,0.0,84.9,155.0,1.3
2024-10-10 00:00:00,27.2,0.0,93.0,5.0,2.6
2024-10-10 01:00:00,26.7,0.0,98.5,323.0,0.8
2024-10-10 02:00:00,26.8,0.0,99.3,291.0,1.5
2024-10-10 03:00:00,26.3,0.0,99.4,4.0,2.3
2024-10-10 04:00:00,26.1,0.0,99.4,350.0,2.1
2024-10-10 05:00:00,26.0,0.0,99.4,346.0,2.8
2024-10-10 06:00:00,25.7,0.0,99.4,39.0,3.1
2024-10-10 07:00:00,25.6,0.0,99.4,8.0,3.6
2024-10-10 08:00:00,26.8,0.0,98.5,311.0,1.7
2024-10-10 09:00:00,29.7,0.0,82.5,175.0,1.1
2024-10-10 10:00:00,29.3,0.0,83.3,143.0,4.4
2024-10-10 11:00:00,31.1,0.0,70.6,190.0,1.9
2024-10-10 12:00:00,24.1,0.0,99.5,202.0,9.3
2024-10-10 13:00:00,30.2,0.0,76.3,295.0,3.2
2024-10-10 14:00:00,28.4,0.0,87.0,348.0,3.5
2024-10-10 15:00:00,28.0,0.0,92.1,37.0,6.7
2024-10-10 16:00:00,26.3,0.0,99.4,33.0,2.0
2024-10-10 17:00:00,27.7,0.0,93.6,110.0,1.7
2024-10-10 18:00:00,27.9,0.0,96.1,24.0,1.2
2024-10-10 19:00:00,27.4,0.0,99.3,22.0,2.7
2024-10-10 20:00:00,27.3,0.0,99.3,11.0,2.6
2024-10-10 21:00:00,27.1,0.0,99.4,29.0,2.3
2024-10-10 22:00:00,27.2,0.0,99.4,9.0,2.3
2024-10-10 23:00:00,26.9,0.0,99.4,354.0,1.7
2024-10-11 00:00:00,26.8,0.0,99.4,335.0,1.7
2024-10-11 01:00:00,26.2,0.0,99.5,358.0,1.8
2024-10-11 02:00:00,26.3,0.0,99.4,32.0,1.6
2024-10-11 03:00:00,26.0,0.0,99.4,16.0,2.9
2024-10-11 04:00:00,25.9,0.0,99.4,2.0,2.0
2024-10-11 05:00:00,26.0,0.0,99.4,319.0,2.7
2024-10-11 06:00:00,26.1,0.0,99.4,283.0,1.1
2024-10-11 07:00:00,26.0,0.0,99.4,19.0,2.9
2024-10-11 08:00:00,28.5,0.0,88.0,328.0,0.5
2024-10-11 09:00:00,28.0,0.0,92.6,342.0,3.4
2024-10-11 10:00:00,30.3,0.0,77.6,218.0,2.2
2024-10-11 11:00:00,28.2,0.0,89.0,216.0,6.9
2024-10-11 12:00:00,28.7,0.0,85.7,204.0,3.5
2024-10-11 13:00:00,29.4,0.0,79.2,235.0,1.7
2024-10-11 14:00:00,31.3,0.0,72.0,279.0,2.0
2024-10-11 15:00:00,32.1,0.0,64.8,298.0,5.0
2024-10-11 16:00:00,27.1,0.0,92.9,165.0,6.5
2024-10-11 17:00:00,26.6,0.0,93.3,52.0,5.0
2024-10-11 18:00:00,27.6,0.0,87.6,45.0,3.0
2024-10-11 19:00:00,27.7,0.0,89.9,19.0,3.5
2024-10-11 20:00:00,27.3,0.0,92.3,2.0,2.7
2024-10-11 21:00:00,27.7,0.0,87.0,57.0,2.7
2024-10-11 22:00:00,27.6,0.0,91.5,48.0,3.5
2024-10-11 23:00:00,27.1,0.0,91.4,14.0,3.6
2024-10-12 00:00:00,27.5,0.0,91.1,189.0,0.7
2024-10-12 01:00:00,27.5,0.0,94.3,158.0,0.5
2024-10-12 02:00:00,26.8,0.0,99.3,4.0,2.1
2024-10-12 03:00:00,26.4,0.0,99.4,350.0,3.0
2024-10-12 04:00:00,26.2,0.0,99.4,20.0,1.8
2024-10-12 05:00:00,26.1,0.0,99.4,352.0,2.1
2024-10-12 06:00:00,26.0,0.0,99.5,6.0,1.9
2024-10-12 07:00:00,26.1,0.0,99.5,347.0,2.9
2024-10-12 08:00:00,26.4,0.0,99.4,335.0,2.8
2024-10-12 09:00:00,29.9,0.0,83.9,327.0,1.2
2024-10-12 10:00:00,29.4,0.0,82.2,291.0,4.7
2024-10-12 11:00:00,32.1,0.0,63.6,209.0,2.0
2024-10-12 12:00:00,30.3,0.0,74.8,204.0,3.7
2024-10-12 13:00:00,27.1,0.0,91.5,180.0,5.5
2024-10-12 14:00:00,26.5,0.0,99.4,201.0,4.3
2024-10-12 15:00:00,26.5,0.0,99.4,219.0,2.7
2024-10-12 16:00:00,26.6,0.0,99.4,229.0,1.9
2024-10-12 17:00:00,26.8,0.0,98.1,303.0,2.1
2024-10-12 18:00:00,27.1,0.0,99.3,45.0,0.8
2024-10-12 19:00:00,26.5,0.0,99.4,296.0,4.2
2024-10-12 20:00:00,26.1,0.0,99.4,304.0,3.0
2024-10-12 21:00:00,26.2,0.0,99.4,292.0,3.3
2024-10-12 22:00:00,26.2,0.0,99.4,307.0,1.7
2024-10-12 23:00:00,26.0,0.0,99.4,355.0,1.7
2024-10-13 00:00:00,25.8,0.0,99.4,283.0,4.2
2024-10-13 01:00:00,25.7,0.0,99.4,343.0,1.1
2024-10-13 02:00:00,25.5,0.0,99.5,358.0,2.0
2024-10-13 03:00:00,25.3,0.0,99.5,359.0,1.9
2024-10-13 04:00:00,25.2,0.0,99.5,326.0,2.5
2024-10-13 05:00:00,25.1,0.0,99.5,297.0,2.1
2024-10-13 06:00:00,25.3,0.0,99.5,260.0,2.2
2024-10-13 07:00:00,25.2,0.0,99.5,287.0,2.8
2024-10-13 08:00:00,25.8,0.0,99.3,292.0,4.0
2024-10-13 09:00:00,26.6,0.0,99.3,274.0,6.6
2024-10-13 10:00:00,27.8,0.0,88.9,249.0,8.7
2024-10-13 11:00:00,28.7,0.0,82.8,265.0,7.2
2024-10-13 12:00:00,29.9,0.0,77.1,233.0,5.8
2024-10-13 13:00:00,27.2,0.4,97.4,306.0,6.3
2024-10-13 14:00:00,30.2,0.0,79.1,318.0,6.2
2024-10-13 15:00:00,30.1,0.0,75.5,244.0,6.2
2024-10-13 16:00:00,31.4,0.0,69.8,262.0,4.6
2024-10-13 17:00:00,31.4,0.0,65.3,286.0,5.9
2024-10-13 18:00:00,30.8,0.0,67.8,251.0,4.2
2024-10-13 19:00:00,30.3,0.0,68.8,235.0,3.9
2024-10-13 20:00:00,29.8,0.0,73.5,257.0,3.7
2024-10-13 21:00:00,29.2,0.0,76.7,262.0,3.7
2024-10-13 22:00:00,28.6,0.0,81.5,291.0,4.3
2024-10-13 23:00:00,28.4,0.0,84.3,251.0,5.2
2024-10-14 00:00:00,28.2,0.0,86.7,275.0,3.1
2024-10-14 01:00:00,28.0,0.0,90.0,303.0,2.3
2024-10-14 02:00:00,27.7,0.0,93.5,201.0,2.9
2024-10-14 03:00:00,26.0,0.0,89.9,270.0,7.8
2024-10-14 04:00:00,26.2,0.0,89.4,295.0,2.1
2024-10-14 05:00:00,26.3,0.0,89.4,303.0,0.6
2024-10-14 06:00:00,26.7,0.0,88.6,268.0,1.5
2024-10-14 07:00:00,26.2,0.0,93.8,340.0,1.7
2024-10-14 08:00:00,,0.0,,,
2024-10-14 09:00:00,24.2,0.8,99.5,221.0,6.8
2024-10-14 10:00:00,24.3,0.4,99.5,216.0,3.4
2024-10-14 11:00:00,24.9,0.2,99.5,222.0,3.7
2024-10-14 12:00:00,25.1,0.6,99.5,199.0,2.7
2024-10-14 13:00:00,23.4,0.4,99.4,202.0,5.7
2024-10-14 14:00:00,24.0,0.0,99.3,265.0,9.5
2024-10-14 15:00:00,25.1,0.0,98.5,259.0,4.0
2024-10-14 16:00:00,25.7,0.0,89.4,256.0,3.3
2024-10-14 17:00:00,26.2,0.0,84.2,338.0,2.1
2024-10-14 18:00:00,26.5,0.0,85.7,213.0,2.8
2024-10-14 19:00:00,26.3,0.0,79.8,273.0,0.8
2024-10-14 20:00:00,26.5,0.0,80.9,236.0,2.5
2024-10-14 21:00:00,26.5,0.0,77.7,207.0,1.5
2024-10-14 22:00:00,26.5,0.0,74.6,305.0,2.1
2024-10-14 23:00:00,26.4,0.0,81.4,283.0,4.1
2024-10-15 00:00:00,26.1,0.0,88.7,238.0,2.3
2024-10-15 01:00:00,26.4,0.0,88.6,114.0,1.7
2024-10-15 02:00:00,26.0,0.0,92.5,212.0,1.0
2024-10-15 03:00:00,26.1,0.0,90.0,117.0,0.7
2024-10-15 04:00:00,26.3,0.0,83.4,88.0,1.6
2024-10-15 05:00:00,26.2,0.0,87.1,61.0,2.0
2024-10-15 06:00:00,25.9,0.0,92.8,137.0,0.8
2024-10-15 07:00:00,26.2,0.0,95.5,211.0,0.7
2024-10-15 08:00:00,27.8,0.0,90.8,177.0,2.1
2024-10-15 09:00:00,24.9,0.4,99.5,223.0,7.2
2024-10-15 10:00:00,24.4,1.8,99.5,253.0,5.3
2024-10-15 11:00:00,25.2,0.2,99.5,242.0,6.9
2024-10-15 12:00:00,25.8,0.0,99.4,242.0,7.1
2024-10-15 13:00:00,27.8,0.0,92.6,250.0,6.1
2024-10-15 14:00:00,29.5,0.0,76.0,243.0,6.8
2024-10-15 15:00:00,29.5,0.0,72.6,233.0,7.8
2024-10-15 16:00:00,30.4,0.0,62.6,259.0,6.4
2024-10-15 17:00:00,30.4,0.0,58.7,263.0,5.6
2024-10-15 18:00:00,29.7,0.0,64.3,247.0,7.5
2024-10-15 19:00:00,28.2,0.0,78.5,274.0,4.6
2024-10-15 20:00:00,28.2,0.0,78.6,272.0,2.2
2024-10-15 21:00:00,27.8,0.0,81.8,278.0,3.8
2024-10-15 22:00:00,27.5,0.0,88.2,277.0,4.6
2024-10-15 23:00:00,27.3,0.0,87.6,305.0,3.5
2024-10-16 00:00:00,27.4,0.0,81.5,288.0,3.2
2024-10-16 01:00:00,27.3,0.0,84.4,290.0,1.5
2024-10-16 02:00:00,27.1,0.0,86.1,315.0,2.0
2024-10-16 03:00:00,27.0,0.0,90.4,279.0,3.2
2024-10-16 04:00:00,26.9,0.0,90.2,294.0,3.6
2024-10-16 05:00:00,26.8,0.0,93.4,278.0,3.3
2024-10-16 06:00:00,27.1,0.0,93.2,274.0,4.1
2024-10-16 07:00:00,26.8,0.0,94.0,270.0,1.3
2024-10-16 08:00:00,27.3,0.0,94.3,250.0,1.1
2024-10-16 09:00:00,28.3,0.0,90.5,281.0,2.9
2024-10-16 10:00:00,28.9,0.0,91.1,237.0,4.2
2024-10-16 11:00:00,29.7,0.0,82.8,255.0,5.5
2024-10-16 12:00:00,24.2,2.8,99.6,234.0,10.9
2024-10-16 13:00:00,26.5,0.0,97.7,200.0,1.9
2024-10-16 14:00:00,26.2,0.0,84.7,223.0,8.89999
2024-10-16 15:00:00,27.0,0.0,85.6,210.0,3.8
2024-10-16 16:00:00,29.9,0.0,74.6,238.0,1.4
2024-10-16 17:00:00,30.5,0.0,73.9,275.0,1.8
2024-10-16 18:00:00,29.7,0.0,77.7,305.0,2.0
2024-10-16 19:00:00,28.8,0.0,81.4,215.0,1.6
2024-10-16 20:00:00,28.4,0.0,85.7,228.0,1.8
2024-10-16 21:00:00,28.6,0.0,87.0,134.0,2.3
2024-10-16 22:00:00,28.3,0.0,92.2,151.0,3.0
2024-10-16 23:00:00,28.1,0.0,92.7,22.0,1.6
2024-10-17 00:00:00,27.8,0.0,93.8,347.0,2.0
2024-10-17 01:00:00,27.0,0.0,99.4,1.0,2.3
2024-10-17 02:00:00,26.7,0.0,99.4,2.0,2.4
2024-10-17 03:00:00,26.9,0.0,99.3,294.0,0.7
2024-10-17 04:00:00,27.0,0.0,99.4,182.0,0.7
2024-10-17 05:00:00,26.8,0.0,99.4,283.0,2.0
2024-10-17 06:00:00,26.5,0.0,99.5,17.0,2.4
2024-10-17 07:00:00,26.9,0.0,99.4,116.0,2.1
2024-10-17 08:00:00,27.8,0.0,98.1,36.0,0.5
2024-10-17 09:00:00,28.5,0.0,92.6,112.0,2.0
2024-10-17 10:00:00,29.0,0.0,87.1,175.0,1.8
2024-10-17 11:00:00,25.8,0.0,94.6,164.0,8.7
2024-10-17 12:00:00,24.6,0.2,99.5,309.0,5.8
2024-10-17 13:00:00,25.2,0.0,99.4,271.0,1.8
2024-10-17 14:00:00,25.6,0.0,99.4,323.0,3.0
2024-10-17 15:00:00,26.2,0.0,99.4,336.0,3.3
2024-10-17 16:00:00,27.6,0.0,98.0,353.0,1.2
2024-10-17 17:00:00,27.7,0.0,94.7,289.0,1.1
2024-10-17 18:00:00,27.5,0.0,99.0,9.0,2.6
2024-10-17 19:00:00,27.2,0.0,99.3,8.0,3.2
2024-10-17 20:00:00,26.8,0.0,99.4,15.0,2.7
2024-10-17 21:00:00,26.4,0.0,99.4,15.0,3.9
2024-10-17 22:00:00,26.2,0.0,99.5,26.0,3.6
2024-10-17 23:00:00,25.9,0.0,99.5,33.0,3.5
2024-10-18 00:00:00,25.7,0.0,99.5,341.0,2.9
2024-10-18 01:00:00,25.8,0.0,99.5,351.0,1.3
2024-10-18 02:00:00,25.4,0.0,99.5,5.0,3.2
2024-10-18 03:00:00,25.3,0.0,99.5,344.0,2.5
2024-10-18 04:00:00,25.5,0.0,99.4,110.0,1.5
2024-10-18 05:00:00,25.8,0.0,99.4,273.0,0.9
2024-10-18 06:00:00,25.8,0.0,99.4,280.0,2.6
2024-10-18 07:00:00,25.9,0.0,99.4,287.0,3.9
2024-10-18 08:00:00,26.7,0.0,99.3,345.0,1.4
2024-10-18 09:00:00,27.3,0.0,97.2,327.0,3.5
2024-10-18 10:00:00,28.5,0.0,87.7,282.0,5.4
2024-10-18 11:00:00,29.6,0.0,78.2,288.0,4.7
2024-10-18 12:00:00,30.5,0.0,66.8,255.0,5.1
2024-10-18 13:00:00,30.4,0.0,68.2,202.0,4.5
2024-10-18 14:00:00,29.1,0.0,75.4,255.0,4.5
2024-10-18 15:00:00,28.9,0.0,77.1,244.0,1.4
2024-10-18 16:00:00,29.3,0.0,79.5,237.0,1.9
2024-10-18 17:00:00,28.7,0.0,83.1,326.0,4.1
2024-10-18 18:00:00,28.6,0.0,86.3,331.0,4.2
2024-10-18 19:00:00,28.4,0.0,88.7,340.0,1.9
2024-10-18 20:00:00,28.1,0.0,93.0,75.0,1.7
2024-10-18 21:00:00,27.8,0.0,97.2,60.0,3.6
2024-10-18 22:00:00,27.0,0.0,99.4,29.0,2.9
2024-10-18 23:00:00,26.4,0.0,99.4,15.0,3.2
2024-10-19 00:00:00,26.1,0.0,99.4,17.0,1.2
2024-10-19 01:00:00,26.7,0.0,99.4,40.0,2.6
2024-10-19 02:00:00,26.8,0.0,99.4,70.0,2.6
2024-10-19 03:00:00,26.4,0.0,99.4,8.0,1.9
2024-10-19 04:00:00,26.3,0.0,99.4,22.0,2.5
2024-10-19 05:00:00,26.4,0.0,99.4,52.0,2.8
2024-10-19 06:00:00,26.2,0.0,99.4,9.0,1.9
2024-10-19 07:00:00,25.9,0.0,99.4,339.0,2.3
2024-10-19 08:00:00,26.5,0.0,99.4,4.0,3.2
2024-10-19 09:00:00,29.6,0.0,88.0,57.0,2.2
2024-10-19 10:00:00,29.9,0.0,84.0,141.0,3.7
2024-10-19 11:00:00,29.7,0.0,80.9,1.0,5.0
2024-10-19 12:00:00,26.5,0.0,99.3,242.0,6.4
2024-10-19 13:00:00,28.5,0.0,97.5,339.0,1.0
2024-10-19 14:00:00,27.6,0.0,87.5,192.0,2.8
2024-10-19 15:00:00,29.6,0.0,81.7,142.0,4.4
2024-10-19 16:00:00,29.4,0.0,82.7,20.0,5.4
2024-10-19 17:00:00,27.8,0.0,88.9,20.0,6.0
2024-10-19 18:00:00,27.4,0.0,90.2,42.0,4.8
2024-10-19 19:00:00,27.4,0.0,92.5,41.0,5.7
2024-10-19 20:00:00,26.8,0.0,96.8,65.0,4.6
2024-10-19 21:00:00,26.8,0.0,99.4,72.0,5.4
2024-10-19 22:00:00,26.5,0.0,99.4,64.0,5.2
2024-10-19 23:00:00,26.6,0.0,98.0,84.0,5.1
2024-10-20 00:00:00,26.3,0.0,99.3,58.0,3.9
2024-10-20 01:00:00,25.9,0.0,99.4,4.0,4.7
2024-10-20 02:00:00,26.0,0.0,94.6,77.0,1.9
2024-10-20 03:00:00,26.6,0.0,92.4,95.0,3.0
2024-10-20 04:00:00,24.0,0.2,99.4,270.0,11.5
2024-10-20 05:00:00,23.3,0.0,99.3,203.0,4.7
2024-10-20 06:00:00,23.6,0.0,99.4,186.0,3.4
2024-10-20 07:00:00,23.7,0.0,99.4,334.0,1.5
2024-10-20 08:00:00,24.1,0.0,99.4,41.0,2.5
2024-10-20 09:00:00,24.1,0.0,99.4,13.0,3.0
2024-10-20 10:00:00,24.7,0.0,97.7,342.0,2.7
2024-10-20 11:00:00,27.0,0.0,83.5,265.0,1.0
2024-10-20 12:00:00,28.4,0.0,70.3,306.0,1.9
2024-10-20 13:00:00,29.8,0.0,64.2,247.0,3.0
2024-10-20 14:00:00,29.9,0.0,65.5,250.0,3.4
2024-10-20 15:00:00,30.4,0.0,62.6,278.0,4.2
2024-10-20 16:00:00,31.4,0.0,56.8,271.0,3.0
2024-10-20 17:00:00,31.0,0.0,57.2,272.0,2.7
2024-10-20 18:00:00,30.4,0.0,55.9,299.0,4.5
2024-10-20 19:00:00,29.7,0.0,66.0,284.0,3.7
2024-10-20 20:00:00,29.2,0.0,67.5,349.0,2.0
2024-10-20 21:00:00,29.2,0.0,61.7,343.0,1.8
2024-10-20 22:00:00,28.9,0.0,64.1,3.0,2.7
2024-10-20 23:00:00,28.4,0.0,70.0,118.0,3.1
2024-10-21 00:00:00,27.9,0.0,74.6,84.0,3.1
2024-10-21 01:00:00,27.8,0.0,73.6,82.0,3.3
2024-10-21 02:00:00,27.7,0.0,79.7,117.0,3.0
2024-10-21 03:00:00,27.4,0.0,87.2,56.0,2.1
2024-10-21 04:00:00,26.5,0.0,99.3,18.0,3.6
2024-10-21 05:00:00,26.9,0.0,99.4,73.0,2.9
2024-10-21 06:00:00,26.9,0.0,99.4,64.0,2.3
2024-10-21 07:00:00,26.8,0.0,99.4,30.0,3.1
2024-10-21 08:00:00,27.2,0.0,99.4,59.0,1.7
2024-10-21 09:00:00,30.0,0.0,85.9,73.0,1.4
2024-10-21 10:00:00,30.8,0.0,71.2,83.0,1.8
2024-10-21 11:00:00,30.6,0.0,71.8,71.0,3.5
2024-10-21 12:00:00,32.2,0.0,62.0,161.0,2.4
2024-10-21 13:00:00,33.0,0.0,54.3,245.0,3.3
2024-10-21 14:00:00,32.9,0.0,52.1,273.0,6.7
2024-10-21 15:00:00,33.8,0.0,45.5,249.0,5.0
2024-10-21 16:00:00,33.5,0.0,43.0,249.0,8.39999
2024-10-21 17:00:00,32.8,0.0,44.8,272.0,8.2
2024-10-21 18:00:00,32.3,0.0,47.9,261.0,7.0
2024-10-21 19:00:00,31.1,0.0,55.6,276.0,3.2
2024-10-21 20:00:00,30.6,0.0,61.5,356.0,2.6
2024-10-21 21:00:00,29.2,0.0,86.8,65.0,3.8
2024-10-21 22:00:00,28.7,0.0,90.4,71.0,5.7
2024-10-21 23:00:00,28.7,0.0,92.4,84.0,5.3
2024-10-22 00:00:00,28.6,0.0,95.6,88.0,5.4
2024-10-22 01:00:00,28.2,0.0,99.3,52.0,4.2
2024-10-22 02:00:00,27.8,0.0,99.4,36.0,4.3
2024-10-22 03:00:00,27.8,0.0,99.4,52.0,4.2
2024-10-22 04:00:00,27.9,0.0,99.4,78.0,3.1
2024-10-22 05:00:00,27.6,0.0,99.4,53.0,3.0
2024-10-22 06:00:00,27.5,0.0,99.4,42.0,3.5
2024-10-22 07:00:00,27.5,0.0,99.4,68.0,3.6
2024-10-22 08:00:00,28.5,0.0,97.4,60.0,2.3
2024-10-22 09:00:00,30.1,0.0,84.8,110.0,2.0
2024-10-22 10:00:00,30.1,0.0,78.0,1.0,3.0
2024-10-22 11:00:00,32.2,0.0,58.1,255.0,4.0
2024-10-22 12:00:00,32.5,0.0,57.7,267.0,4.1
2024-10-22 13:00:00,32.3,0.0,58.0,264.0,4.2
2024-10-22 14:00:00,33.3,0.0,56.2,251.0,4.3
2024-10-22 15:00:00,33.1,0.0,53.0,259.0,7.6
2024-10-22 16:00:00,33.5,0.0,51.2,250.0,8.3
2024-10-22 17:00:00,32.3,0.0,57.6,251.0,5.4
2024-10-22 18:00:00,31.8,0.0,57.0,242.0,5.6
2024-10-22 19:00:00,30.1,0.0,73.0,51.0,4.4
2024-10-22 20:00:00,29.4,0.0,88.0,84.0,5.8
2024-10-22 21:00:00,29.1,0.0,90.3,86.0,6.0
2024-10-22 22:00:00,29.1,0.0,91.0,99.0,6.9
2024-10-22 23:00:00,29.0,0.0,92.4,87.0,5.3
2024-10-23 00:00:00,28.5,0.0,96.4,53.0,4.4
2024-10-23 01:00:00,28.2,0.0,98.2,50.0,4.1
2024-10-23 02:00:00,28.0,0.0,99.3,68.0,2.0
2024-10-23 03:00:00,27.7,0.0,99.4,45.0,4.0
2024-10-23 04:00:00,27.7,0.0,99.4,57.0,3.4
2024-10-23 05:00:00,27.4,0.0,99.4,12.0,1.7
2024-10-23 06:00:00,27.9,0.0,99.4,163.0,2.6
2024-10-23 07:00:00,27.9,0.0,99.4,282.0,1.7
2024-10-23 08:00:00,28.9,0.0,98.9,200.0,0.7
2024-10-23 09:00:00,29.5,0.0,71.9,234.0,3.4
2024-10-23 10:00:00,29.8,0.0,69.8,232.0,3.4
2024-10-23 11:00:00,30.4,0.0,69.8,237.0,4.4
2024-10-23 12:00:00,31.5,0.0,63.3,278.0,5.2
2024-10-23 13:00:00,33.2,0.0,54.7,230.0,4.0
2024-10-23 14:00:00,33.6,0.0,49.7,233.0,5.2
2024-10-23 15:00:00,32.8,0.0,56.6,239.0,8.7
2024-10-23 16:00:00,31.8,0.0,61.4,248.0,6.1
2024-10-23 17:00:00,30.8,0.0,67.6,247.0,4.1
2024-10-23 18:00:00,30.7,0.0,71.5,227.0,4.1
2024-10-23 19:00:00,30.0,0.0,72.7,268.0,3.9
2024-10-23 20:00:00,30.1,0.0,74.0,200.0,2.7
2024-10-23 21:00:00,29.6,0.0,77.6,12.0,1.9
2024-10-23 22:00:00,28.3,0.0,92.2,11.0,2.6
2024-10-23 23:00:00,28.5,0.0,88.0,61.0,4.7
2024-10-24 00:00:00,28.1,0.0,79.0,49.0,4.6
2024-10-24 01:00:00,27.1,0.0,83.6,10.0,4.0
2024-10-24 02:00:00,27.0,0.0,87.5,15.0,2.8
2024-10-24 03:00:00,27.0,0.0,86.8,358.0,2.3
2024-10-24 04:00:00,27.5,0.0,87.0,258.0,0.8
2024-10-24 05:00:00,27.7,0.0,83.7,233.0,0.5
2024-10-24 06:00:00,27.5,0.0,89.5,37.0,2.0
2024-10-24 07:00:00,27.5,0.0,93.4,309.0,1.0
2024-10-24 08:00:00,28.6,0.0,89.4,38.0,1.2
2024-10-24 09:00:00,29.8,0.0,84.7,75.0,2.8
2024-10-24 10:00:00,30.6,0.0,74.6,112.0,4.6
2024-10-24 11:00:00,32.4,0.0,64.9,126.0,2.0
2024-10-24 12:00:00,31.8,0.0,61.8,264.0,3.8
2024-10-24 13:00:00,34.2,0.0,56.2,199.0,3.3
2024-10-24 14:00:00,32.2,0.0,66.2,198.0,3.5
2024-10-24 15:00:00,33.3,0.0,57.9,196.0,5.6
2024-10-24 16:00:00,29.6,0.0,70.9,27.0,5.2
2024-10-24 17:00:00,28.9,0.0,73.5,78.0,4.7
2024-10-24 18:00:00,26.9,0.0,92.3,14.0,4.3
2024-10-24 19:00:00,26.2,0.0,95.4,7.0,5.6
2024-10-24 20:00:00,27.1,0.0,91.2,28.0,3.8
2024-10-24 21:00:00,27.2,0.0,89.4,2.0,1.8
2024-10-24 22:00:00,27.4,0.0,90.0,41.0,3.3
2024-10-24 23:00:00,26.9,0.0,96.2,62.0,2.4
2024-10-25 00:00:00,27.0,0.0,95.0,355.0,3.9
2024-10-25 01:00:00,26.8,0.0,97.1,349.0,1.5
2024-10-25 02:00:00,27.0,0.0,99.2,10.0,2.3
2024-10-25 03:00:00,27.4,0.0,95.8,255.0,1.3
2024-10-25 04:00:00,27.1,0.0,99.3,330.0,3.1
2024-10-25 05:00:00,26.6,0.0,99.3,10.0,3.4
2024-10-25 06:00:00,26.8,0.0,99.4,34.0,1.6
2024-10-25 07:00:00,27.3,0.0,98.3,145.0,1.6
2024-10-25 08:00:00,27.6,0.0,97.4,205.0,1.4
2024-10-25 09:00:00,28.9,0.0,87.0,231.0,1.9
2024-10-25 10:00:00,29.5,0.0,83.2,269.0,6.7
2024-10-25 11:00:00,30.8,0.0,70.9,253.0,7.1
2024-10-25 12:00:00,32.8,0.0,61.4,240.0,5.4
2024-10-25 13:00:00,32.3,0.0,63.0,242.0,8.60001
2024-10-25 14:00:00,30.7,0.0,73.1,240.0,8.3
2024-10-25 15:00:00,29.8,0.0,78.2,289.0,8.3
2024-10-25 16:00:00,29.4,0.0,86.0,280.0,6.7
2024-10-25 17:00:00,29.3,0.0,79.1,269.0,6.0
2024-10-25 18:00:00,29.5,0.0,81.7,277.0,8.0
2024-10-25 19:00:00,29.2,0.0,88.1,281.0,5.4
2024-10-25 20:00:00,29.2,0.0,85.2,306.0,6.1
2024-10-25 21:00:00,29.1,0.0,83.5,297.0,6.3
2024-10-25 22:00:00,28.8,0.0,87.2,290.0,4.2
2024-10-25 23:00:00,28.7,0.0,87.8,302.0,5.6
2024-10-26 00:00:00,28.5,0.0,86.2,302.0,5.7
2024-10-26 01:00:00,28.1,0.0,88.7,303.0,4.9
2024-10-26 02:00:00,27.7,0.0,87.8,271.0,4.0
2024-10-26 03:00:00,27.4,0.0,87.7,247.0,4.4
2024-10-26 04:00:00,27.3,0.0,87.3,265.0,4.4
2024-10-26 05:00:00,27.1,0.0,89.0,270.0,5.9
2024-10-26 06:00:00,27.0,0.0,90.6,259.0,5.0
2024-10-26 07:00:00,27.3,0.0,90.4,275.0,4.2
2024-10-26 08:00:00,28.2,0.0,90.1,210.0,3.6
2024-10-26 09:00:00,29.1,0.0,88.0,265.0,3.2
2024-10-26 10:00:00,30.4,0.0,78.2,218.0,6.9
2024-10-26 11:00:00,31.1,0.0,59.4,237.0,7.3
2024-10-26 12:00:00,31.2,0.0,67.0,272.0,7.0
2024-10-26 13:00:00,32.7,0.0,59.4,267.0,6.9
2024-10-26 14:00:00,32.0,0.0,61.6,227.0,10.7
2024-10-26 15:00:00,31.7,0.0,58.9,257.0,9.7
2024-10-26 16:00:00,31.9,0.0,57.6,260.0,8.10001
2024-10-26 17:00:00,31.6,0.0,62.6,223.0,5.6
2024-10-26 18:00:00,31.1,0.0,68.7,279.0,4.4
2024-10-26 19:00:00,30.4,0.0,74.9,265.0,4.4
2024-10-26 20:00:00,29.9,0.0,79.1,277.0,2.7
2024-10-26 21:00:00,29.7,0.0,81.0,277.0,2.9
2024-10-26 22:00:00,29.3,0.0,84.3,269.0,4.3
2024-10-26 23:00:00,29.4,0.0,79.2,262.0,3.8
2024-10-27 00:00:00,28.9,0.0,86.9,289.0,4.3
2024-10-27 01:00:00,28.5,0.0,95.7,270.0,5.3
2024-10-27 02:00:00,28.4,0.0,93.2,248.0,3.9
2024-10-27 03:00:00,28.1,0.0,90.8,301.0,4.2
2024-10-27 04:00:00,27.8,0.0,87.6,281.0,4.0
2024-10-27 05:00:00,27.4,0.0,92.6,276.0,3.1
2024-10-27 06:00:00,27.3,0.0,94.9,283.0,3.4
2024-10-27 07:00:00,27.2,0.0,97.4,259.0,3.4
2024-10-27 08:00:00,28.0,0.0,95.2,286.0,3.8
2024-10-27 09:00:00,28.6,0.0,92.2,269.0,6.6
2024-10-27 10:00:00,29.7,0.0,88.3,281.0,7.1
2024-10-27 11:00:00,31.2,0.0,73.9,260.0,7.5
2024-10-27 12:00:00,32.4,0.0,61.7,275.0,8.60001
2024-10-27 13:00:00,32.3,0.0,60.2,244.0,9.60001
2024-10-27 14:00:00,32.5,0.0,59.4,266.0,8.5
2024-10-27 15:00:00,33.3,0.0,51.0,226.0,9.0
2024-10-27 16:00:00,32.5,0.0,57.4,247.0,9.2
2024-10-27 17:00:00,32.6,0.0,56.1,272.0,6.3
2024-10-27 18:00:00,32.3,0.0,57.3,224.0,6.8
2024-10-27 19:00:00,31.4,0.0,60.4,233.0,4.2
2024-10-27 20:00:00,31.1,0.0,62.3,247.0,3.1
2024-10-27 21:00:00,30.5,0.0,66.5,277.0,3.2
2024-10-27 22:00:00,29.9,0.0,73.3,248.0,4.0
2024-10-27 23:00:00,29.9,0.0,72.4,232.0,3.5
2024-10-28 00:00:00,29.7,0.0,76.7,238.0,4.0
2024-10-28 01:00:00,29.4,0.0,86.8,240.0,4.9
2024-10-28 02:00:00,29.2,0.0,91.3,237.0,3.4
2024-10-28 03:00:00,28.9,0.0,95.1,261.0,4.2
2024-10-28 04:00:00,28.5,0.0,97.1,272.0,3.7
2024-10-28 05:00:00,28.5,0.0,98.6,274.0,3.5
2024-10-28 06:00:00,28.9,0.0,97.5,271.0,2.5
2024-10-28 07:00:00,25.0,0.0,99.5,273.0,2.7
2024-10-28 08:00:00,26.3,0.6,99.4,245.0,8.3
2024-10-28 09:00:00,27.4,0.0,99.3,297.0,6.4
2024-10-28 10:00:00,28.3,0.0,90.4,238.0,1.8
2024-10-28 11:00:00,29.1,0.0,89.0,242.0,4.5
2024-10-28 12:00:00,29.6,0.0,78.1,235.0,5.8
2024-10-28 13:00:00,32.0,0.0,67.0,226.0,3.5
2024-10-28 14:00:00,31.4,0.0,67.8,249.0,8.7
2024-10-28 15:00:00,33.0,0.0,54.9,240.0,5.8
2024-10-28 16:00:00,32.1,0.0,59.1,230.0,7.2
2024-10-28 17:00:00,31.6,0.0,62.0,250.0,6.5
2024-10-28 18:00:00,31.4,0.0,63.6,245.0,5.0
2024-10-28 19:00:00,30.7,0.0,65.9,197.0,2.2
2024-10-28 20:00:00,30.3,0.0,70.4,202.0,2.0
2024-10-28 21:00:00,29.9,0.0,77.2,179.0,2.5
2024-10-28 22:00:00,29.6,0.0,80.0,217.0,1.1
2024-10-28 23:00:00,29.4,0.0,83.4,214.0,1.7
2024-10-29 00:00:00,29.3,0.0,85.8,190.0,1.3
2024-10-29 01:00:00,29.1,0.0,85.9,192.0,1.6
2024-10-29 02:00:00,28.8,0.0,86.4,197.0,1.6
2024-10-29 03:00:00,28.7,0.0,86.7,182.0,1.5
2024-10-29 04:00:00,28.6,0.0,87.2,161.0,1.5
2024-10-29 05:00:00,28.2,0.0,91.4,186.0,1.1
2024-10-29 06:00:00,28.2,0.0,96.1,179.0,1.6
2024-10-29 07:00:00,28.3,0.0,93.6,214.0,1.0
2024-10-29 08:00:00,29.4,0.0,88.2,208.0,2.0
2024-10-29 09:00:00,29.9,0.0,90.1,289.0,4.0
2024-10-29 10:00:00,29.9,0.0,87.4,245.0,5.4
2024-10-29 11:00:00,31.3,0.0,70.0,241.0,6.2
2024-10-29 12:00:00,32.0,0.0,69.4,246.0,7.3
2024-10-29 13:00:00,32.0,0.0,70.7,242.0,10.1
2024-10-29 14:00:00,33.2,0.0,64.4,233.0,5.5
2024-10-29 15:00:00,32.8,0.0,62.6,206.0,4.1
2024-10-29 16:00:00,31.6,0.0,68.8,249.0,7.3
2024-10-29 17:00:00,31.5,0.0,66.8,263.0,2.8
2024-10-29 18:00:00,30.8,0.0,71.6,246.0,4.9
2024-10-29 19:00:00,29.7,0.0,79.4,356.0,2.6
2024-10-29 20:00:00,30.1,0.0,83.7,299.0,2.7
2024-10-29 21:00:00,29.1,0.0,85.0,358.0,2.6
2024-10-29 22:00:00,29.0,0.0,83.7,343.0,3.0
2024-10-29 23:00:00,28.6,0.0,90.9,356.0,2.0
2024-10-30 00:00:00,28.4,0.0,91.5,29.0,2.1
2024-10-30 01:00:00,27.9,0.0,95.4,356.0,3.6
2024-10-30 02:00:00,27.7,0.0,98.2,352.0,1.8
2024-10-30 03:00:00,27.5,0.0,99.4,284.0,4.1
2024-10-30 04:00:00,27.5,0.0,99.4,281.0,3.7
2024-10-30 05:00:00,27.7,0.0,99.3,289.0,4.8
2024-10-30 06:00:00,27.7,0.0,99.4,270.0,7.0
2024-10-30 07:00:00,27.2,0.0,99.3,266.0,7.4
2024-10-30 08:00:00,27.8,0.0,94.5,248.0,4.6
2024-10-30 09:00:00,29.1,0.0,88.5,221.0,2.8
2024-10-30 10:00:00,29.8,0.0,81.0,219.0,3.8
2024-10-30 11:00:00,30.8,0.0,75.2,243.0,5.5
2024-10-30 12:00:00,31.4,0.0,65.2,258.0,8.2
2024-10-30 13:00:00,32.5,0.0,58.9,249.0,5.7
2024-10-30 14:00:00,32.6,0.0,58.4,271.0,5.5
2024-10-30 15:00:00,31.5,0.0,63.7,243.0,9.8
2024-10-30 16:00:00,32.0,0.0,61.7,233.0,5.5
2024-10-30 17:00:00,32.5,0.0,60.1,262.0,3.7
2024-10-30 18:00:00,31.4,0.0,65.5,254.0,2.5
2024-10-30 19:00:00,30.6,0.0,70.7,224.0,4.1
2024-10-30 20:00:00,30.4,0.0,73.4,278.0,4.8
2024-10-30 21:00:00,29.7,0.0,80.3,280.0,4.3
2024-10-30 22:00:00,29.5,0.0,82.6,300.0,3.0
2024-10-30 23:00:00,29.4,0.0,79.4,304.0,3.0
2024-10-31 00:00:00,29.4,0.0,79.9,297.0,1.7
2024-10-31 01:00:00,28.9,0.0,82.1,35.0,2.8
2024-10-31 02:00:00,28.4,0.0,90.5,8.0,3.5
2024-10-31 03:00:00,27.9,0.0,94.7,10.0,3.5
2024-10-31 04:00:00,27.8,0.0,94.5,19.0,3.1
2024-10-31 05:00:00,27.9,0.0,94.2,356.0,3.3
2024-10-31 06:00:00,27.7,0.0,94.0,348.0,2.5
2024-10-31 07:00:00,27.5,0.0,97.4,329.0,2.7
2024-10-31 08:00:00,27.9,0.0,90.4,280.0,4.0
2024-10-31 09:00:00,28.5,0.0,88.6,262.0,3.3
2024-10-31 10:00:00,29.2,0.0,81.9,286.0,4.5
2024-10-31 11:00:00,29.4,0.0,84.1,254.0,7.4
2024-10-31 12:00:00,31.8,0.0,73.8,238.0,3.6
2024-10-31 13:00:00,30.9,0.0,75.0,242.0,5.4
2024-10-31 14:00:00,30.4,0.0,76.9,279.0,6.8
2024-10-31 15:00:00,30.9,0.0,77.0,250.0,3.2
2024-10-31 16:00:00,31.4,0.0,67.4,225.0,3.7
2024-10-31 17:00:00,30.8,0.0,72.6,230.0,5.5
2024-10-31 18:00:00,30.4,0.0,74.2,264.0,3.6
2024-10-31 19:00:00,29.9,0.0,75.9,275.0,3.3
2024-10-31 20:00:00,29.5,0.0,80.6,251.0,3.7
2024-10-31 21:00:00,29.4,0.0,78.8,240.0,3.9
2024-10-31 22:00:00,29.3,0.0,80.9,310.0,2.7
2024-10-31 23:00:00,28.8,0.0,89.0,315.0,2.5
2024-11-01 00:00:00,28.5,0.0,90.4,318.0,2.5
2024-11-01 01:00:00,27.8,0.0,96.4,355.0,3.1
2024-11-01 02:00:00,28.0,0.0,94.3,326.0,1.8
2024-11-01 03:00:00,28.0,0.0,97.4,289.0,4.2
2024-11-01 04:00:00,26.9,0.0,94.2,267.0,11.5
2024-11-01 05:00:00,26.2,0.0,95.3,260.0,8.3
2024-11-01 06:00:00,26.7,0.0,98.0,312.0,5.3
2024-11-01 07:00:00,26.8,0.0,95.9,303.0,5.8
2024-11-01 08:00:00,27.4,0.0,93.4,318.0,4.2
2024-11-01 09:00:00,28.5,0.0,85.4,281.0,6.3
2024-11-01 10:00:00,29.5,0.0,80.0,276.0,9.39999
2024-11-01 11:00:00,31.2,0.0,72.5,260.0,5.9
2024-11-01 12:00:00,32.0,0.0,66.1,269.0,9.0
2024-11-01 13:00:00,31.8,0.0,65.6,273.0,5.5
2024-11-01 14:00:00,27.2,0.2,96.4,315.0,9.39999
2024-11-01 15:00:00,28.5,0.0,91.9,282.0,4.3
2024-11-01 16:00:00,28.9,0.0,80.5,246.0,2.0
2024-11-01 17:00:00,29.0,0.0,85.6,262.0,3.6
2024-11-01 18:00:00,29.0,0.0,86.6,281.0,2.2
2024-11-01 19:00:00,28.0,0.0,98.9,57.0,3.0
2024-11-01 20:00:00,28.0,0.0,96.3,127.0,3.3
2024-11-01 21:00:00,27.7,0.0,99.3,67.0,3.6
2024-11-01 22:00:00,27.5,0.0,98.9,59.0,2.6
2024-11-01 23:00:00,27.1,0.0,99.4,6.0,2.5
2024-11-02 00:00:00,27.2,0.0,99.4,8.0,2.2
2024-11-02 01:00:00,27.3,0.0,99.4,10.0,2.7
2024-11-02 02:00:00,27.3,0.0,99.3,358.0,1.9
2024-11-02 03:00:00,27.2,0.0,99.3,14.0,2.0
2024-11-02 04:00:00,27.4,0.0,98.2,83.0,2.0
2024-11-02 05:00:00,27.0,0.0,99.4,9.0,2.4
2024-11-02 06:00:00,26.9,0.0,99.4,12.0,3.1
2024-11-02 07:00:00,26.9,0.0,99.4,4.0,2.3
2024-11-02 08:00:00,27.1,0.0,99.4,6.0,3.5
2024-11-02 09:00:00,28.0,0.0,97.9,6.0,3.5
2024-11-02 10:00:00,29.5,0.0,85.1,314.0,4.7
2024-11-02 11:00:00,30.5,0.0,71.2,275.0,11.2
2024-11-02 12:00:00,29.5,0.0,77.8,271.0,10.2
2024-11-02 13:00:00,28.0,0.0,90.1,243.0,11.1
2024-11-02 14:00:00,26.8,0.0,96.6,280.0,6.4
2024-11-02 15:00:00,26.6,0.0,99.3,273.0,5.0
2024-11-02 16:00:00,27.0,0.0,99.3,275.0,6.0
2024-11-02 17:00:00,27.6,0.0,97.0,304.0,6.7
2024-11-02 18:00:00,28.1,0.0,89.4,297.0,6.5
2024-11-02 19:00:00,27.6,0.0,91.7,267.0,7.3
2024-11-02 20:00:00,27.4,0.0,94.1,259.0,4.4
2024-11-02 21:00:00,27.2,0.0,97.5,262.0,3.3
2024-11-02 22:00:00,27.4,0.0,98.1,260.0,2.6
2024-11-02 23:00:00,27.5,0.0,98.0,183.0,0.7
2024-11-03 00:00:00,27.5,0.0,97.8,317.0,1.4
2024-11-03 01:00:00,27.6,0.0,97.3,317.0,2.5
2024-11-03 02:00:00,27.6,0.0,95.1,293.0,2.9
2024-11-03 03:00:00,27.2,0.0,96.5,350.0,2.0
2024-11-03 04:00:00,27.2,0.0,97.7,243.0,3.9
2024-11-03 05:00:00,27.2,0.0,97.8,284.0,2.3
2024-11-03 06:00:00,26.3,0.0,99.4,353.0,2.4
2024-11-03 07:00:00,26.3,0.0,99.4,300.0,1.6
2024-11-03 08:00:00,28.0,0.0,96.8,18.0,1.9
2024-11-03 09:00:00,28.5,0.0,94.3,299.0,3.7
2024-11-03 10:00:00,29.6,0.0,88.1,295.0,3.6
2024-11-03 11:00:00,30.9,0.0,73.1,300.0,4.8
2024-11-03 12:00:00,32.7,0.0,57.6,268.0,6.7
2024-11-03 13:00:00,32.6,0.0,56.4,269.0,8.0
2024-11-03 14:00:00,27.1,0.4,91.9,5.0,8.5
2024-11-03 15:00:00,26.1,0.6,99.4,21.0,2.7
2024-11-03 16:00:00,27.6,0.0,99.4,53.0,1.0
2024-11-03 17:00:00,27.1,0.0,97.6,52.0,5.4
2024-11-03 18:00:00,26.9,0.0,93.5,17.0,5.4
2024-11-03 19:00:00,26.7,0.0,96.7,13.0,2.7
2024-11-03 20:00:00,27.3,0.0,91.9,69.0,4.2
2024-11-03 21:00:00,26.9,0.0,96.1,18.0,2.3
2024-11-03 22:00:00,26.8,0.0,98.3,34.0,3.4
2024-11-03 23:00:00,26.6,0.0,99.4,345.0,1.9
2024-11-04 00:00:00,27.0,0.0,99.3,50.0,1.9
2024-11-04 01:00:00,26.6,0.0,99.4,17.0,2.3
2024-11-04 02:00:00,26.8,0.0,99.4,64.0,2.9
2024-11-04 03:00:00,26.5,0.0,99.4,54.0,2.4
2024-11-04 04:00:00,26.2,0.0,99.4,10.0,2.0
2024-11-04 05:00:00,26.5,0.0,99.3,55.0,1.6
2024-11-04 06:00:00,26.4,0.0,99.3,9.0,2.2
2024-11-04 07:00:00,26.5,0.0,99.3,270.0,6.4
2024-11-04 08:00:00,24.7,0.0,99.4,271.0,10.2
2024-11-04 09:00:00,24.6,0.2,99.5,268.0,5.2
2024-11-04 10:00:00,24.6,0.0,99.4,292.0,4.1
2024-11-04 11:00:00,24.7,0.0,99.4,290.0,3.4
2024-11-04 12:00:00,24.9,0.0,99.4,339.0,3.3
2024-11-04 13:00:00,27.4,0.0,89.8,187.0,1.6
2024-11-04 14:00:00,29.2,0.0,84.5,256.0,1.8
2024-11-04 15:00:00,30.8,0.0,76.4,243.0,1.8
2024-11-04 16:00:00,29.4,0.0,75.3,280.0,3.2
2024-11-04 17:00:00,29.3,0.0,80.5,205.0,3.0
2024-11-04 18:00:00,28.9,0.0,71.7,230.0,3.7
2024-11-04 19:00:00,28.3,0.0,81.4,212.0,1.6
2024-11-04 20:00:00,27.9,0.0,87.6,198.0,2.0
2024-11-04 21:00:00,27.7,0.0,90.6,185.0,0.9
2024-11-04 22:00:00,27.5,0.0,93.0,200.0,1.2
2024-11-04 23:00:00,27.2,0.0,97.1,338.0,1.1
2024-11-05 00:00:00,27.0,0.0,99.3,28.0,1.7
2024-11-05 01:00:00,26.6,0.0,99.4,350.0,2.4
2024-11-05 02:00:00,26.4,0.0,99.5,6.0,2.9
2024-11-05 03:00:00,26.2,0.0,99.5,7.0,2.3
2024-11-05 04:00:00,26.3,0.0,99.5,171.0,0.8
2024-11-05 05:00:00,26.2,0.0,99.5,343.0,1.8
2024-11-05 06:00:00,25.7,0.0,99.5,357.0,2.4
2024-11-05 07:00:00,25.5,0.0,99.5,19.0,1.6
2024-11-05 08:00:00,27.9,0.0,96.1,357.0,0.8
2024-11-05 09:00:00,29.7,0.0,81.9,275.0,1.2
2024-11-05 10:00:00,30.8,0.0,71.0,227.0,2.1
2024-11-05 11:00:00,30.6,0.0,74.8,309.0,1.7
2024-11-05 12:00:00,26.5,0.0,84.1,263.0,9.3
2024-11-05 13:00:00,30.4,0.0,78.9,272.0,6.0
2024-11-05 14:00:00,30.4,0.0,75.2,303.0,5.1
2024-11-05 15:00:00,30.1,0.0,78.5,316.0,5.2
2024-11-05 16:00:00,30.4,0.0,75.8,189.0,4.1
2024-11-05 17:00:00,29.6,0.0,78.5,228.0,3.7
2024-11-05 18:00:00,29.6,0.0,79.4,198.0,4.1
2024-11-05 19:00:00,29.6,0.0,79.4,198.0,4.1
2024-11-05 20:00:00,29.6,0.0,79.4,198.0,4.1
2024-11-05 21:00:00,29.6,0.0,79.4,198.0,4.1
2024-11-05 22:00:00,29.6,0.0,79.4,198.0,4.1
2024-11-05 23:00:00,29.6,0.0,79.4,198.0,4.1
2024-11-06 00:00:00,29.6,0.0,79.4,198.0,4.1
2024-11-06 01:00:00,29.6,0.0,79.4,198.0,4.1
2024-11-06 02:00:00,29.6,0.0,79.4,198.0,4.1
2024-11-06 03:00:00,29.6,0.0,79.4,198.0,4.1
2024-11-06 04:00:00,29.6,0.0,79.4,198.0,4.1
2024-11-06 05:00:00,29.6,0.0,79.4,198.0,4.1
2024-11-06 06:00:00,29.6,0.0,79.4,198.0,4.1
2024-11-06 07:00:00,29.6,0.0,79.4,198.0,4.1
2024-11-06 10:00:00,25.7,0.0,99.3,253.0,6.7
2024-11-06 11:00:00,27.8,0.0,88.6,265.0,4.2
2024-11-06 12:00:00,28.5,0.0,81.2,254.0,2.7
2024-11-06 13:00:00,28.7,0.0,82.2,250.0,5.5
2024-11-06 14:00:00,29.6,0.0,75.9,280.0,5.3
2024-11-06 15:00:00,30.2,0.0,69.2,276.0,5.4
2024-11-06 16:00:00,30.6,0.0,69.2,258.0,3.4
2024-11-06 17:00:00,31.2,0.0,66.2,239.0,3.3
2024-11-06 18:00:00,30.6,0.0,71.3,247.0,4.3
2024-11-06 19:00:00,30.6,0.0,71.3,276.0,2.6
2024-11-06 20:00:00,30.6,0.0,71.3,335.0,3.4
2024-11-06 21:00:00,30.6,0.0,71.3,31.0,6.3
2024-11-06 22:00:00,30.6,0.0,71.3,11.0,6.8
2024-11-06 23:00:00,30.6,0.0,71.3,348.0,2.7
2024-11-07 00:00:00,30.6,0.0,71.3,33.0,3.1
2024-11-07 01:00:00,30.6,0.0,71.3,7.0,4.4
2024-11-07 02:00:00,30.6,0.0,71.3,14.0,3.7
2024-11-07 03:00:00,30.6,0.0,71.3,340.0,3.0
2024-11-07 04:00:00,30.6,0.0,71.3,1.0,1.2
2024-11-07 05:00:00,30.6,0.0,71.3,350.0,2.1
2024-11-07 06:00:00,30.6,0.0,71.3,36.0,1.5
2024-11-07 07:00:00,25.8,0.0,99.4,340.0,1.0
2024-11-07 08:00:00,25.9,0.0,99.4,275.0,1.0
2024-11-07 09:00:00,25.9,0.0,99.4,264.0,1.4
2024-11-07 10:00:00,25.9,0.0,99.4,266.0,2.7
2024-11-07 11:00:00,25.9,0.0,99.4,266.0,4.4
2024-11-07 12:00:00,25.9,0.0,99.4,234.0,6.5
2024-11-07 13:00:00,25.9,0.0,99.4,242.0,3.3
2024-11-07 14:00:00,25.9,0.0,99.4,241.0,6.8
2024-11-07 15:00:00,30.4,0.0,70.8,247.0,5.1
2024-11-07 16:00:00,26.5,0.0,93.9,63.0,3.9
2024-11-07 17:00:00,26.6,0.2,88.0,112.0,3.1
2024-11-07 18:00:00,26.6,0.0,98.7,36.0,4.1
2024-11-07 19:00:00,27.3,0.0,94.6,145.0,1.5
2024-11-07 20:00:00,26.4,0.0,99.4,3.0,4.8
2024-11-07 21:00:00,26.3,0.0,99.3,352.0,3.0
2024-11-07 22:00:00,26.6,0.0,99.3,338.0,1.4
2024-11-07 23:00:00,26.9,0.0,98.5,16.0,2.2
2024-11-08 00:00:00,26.5,0.0,99.4,48.0,2.7
2024-11-08 01:00:00,26.4,0.0,99.4,24.0,2.7
2024-11-08 02:00:00,26.3,0.0,99.4,35.0,1.4
2024-11-08 03:00:00,26.3,0.0,99.4,5.0,1.5
2024-11-08 04:00:00,26.3,0.0,99.4,351.0,2.6
2024-11-08 05:00:00,25.7,0.0,99.5,358.0,1.5
2024-11-08 06:00:00,25.6,0.0,99.5,23.0,1.5
2024-11-08 07:00:00,25.8,0.0,99.4,301.0,5.7
2024-11-08 08:00:00,23.8,0.0,99.5,240.0,7.3
2024-11-08 09:00:00,24.3,0.0,99.5,221.0,5.3
2024-11-08 10:00:00,26.1,0.0,99.3,266.0,3.0
2024-11-08 11:00:00,27.8,0.0,87.4,272.0,4.1
2024-11-08 12:00:00,28.9,0.0,81.6,293.0,5.6
2024-11-08 13:00:00,30.0,0.0,69.6,277.0,4.4
2024-11-08 14:00:00,31.4,0.0,65.6,290.0,3.6
2024-11-08 15:00:00,31.3,0.0,63.9,252.0,5.0
2024-11-08 16:00:00,31.9,0.0,61.7,252.0,5.4
2024-11-08 17:00:00,30.8,0.0,64.4,234.0,7.7
2024-11-08 18:00:00,30.2,0.0,66.7,258.0,7.1
2024-11-08 19:00:00,29.1,0.0,70.2,256.0,5.6
2024-11-08 20:00:00,28.8,0.0,71.0,270.0,3.7
2024-11-08 21:00:00,28.3,0.0,71.8,262.0,4.6
2024-11-08 22:00:00,27.9,0.0,77.8,262.0,4.3
2024-11-08 23:00:00,27.8,0.0,83.0,258.0,3.7
2024-11-09 00:00:00,27.5,0.0,94.4,301.0,2.8
2024-11-09 01:00:00,27.4,0.0,94.4,289.0,2.6
2024-11-09 02:00:00,27.3,0.0,94.8,302.0,4.4
2024-11-09 03:00:00,26.7,0.0,99.3,40.0,0.7
2024-11-09 04:00:00,26.6,0.0,99.3,10.0,3.7
2024-11-09 05:00:00,26.7,0.0,95.7,88.0,1.6
2024-11-09 06:00:00,26.0,0.0,99.3,357.0,4.4
2024-11-09 07:00:00,25.9,0.0,99.4,9.0,3.4
2024-11-09 08:00:00,26.8,0.0,97.7,343.0,2.7
2024-11-09 09:00:00,28.7,0.0,87.8,325.0,1.4
2024-11-09 10:00:00,30.8,0.0,76.5,336.0,1.7
2024-11-09 11:00:00,30.6,0.0,76.2,306.0,4.0
2024-11-09 12:00:00,30.6,0.0,68.6,269.0,4.3
2024-11-09 13:00:00,28.3,0.0,99.3,152.0,3.3
2024-11-09 14:00:00,28.2,0.0,95.5,87.0,4.7
2024-11-09 15:00:00,23.9,0.0,99.5,75.0,3.3
2024-11-09 16:00:00,26.2,0.0,99.5,80.0,1.5
2024-11-09 17:00:00,27.9,0.0,95.1,346.0,1.7
2024-11-09 18:00:00,27.6,0.0,99.4,42.0,1.7
2024-11-09 19:00:00,27.4,0.0,99.3,342.0,1.6
2024-11-09 20:00:00,27.2,0.0,99.4,18.0,2.8
2024-11-09 21:00:00,27.4,0.0,99.4,70.0,3.1
2024-11-09 22:00:00,26.5,0.0,99.5,353.0,3.1
2024-11-09 23:00:00,26.4,0.0,99.5,4.0,2.9
2024-11-10 00:00:00,26.6,0.0,99.4,350.0,2.0
2024-11-10 01:00:00,26.4,0.0,99.5,6.0,2.4
2024-11-10 02:00:00,26.7,0.0,99.4,328.0,0.5
2024-11-10 03:00:00,26.6,0.0,99.4,315.0,2.3
2024-11-10 04:00:00,26.2,0.0,99.5,295.0,2.9
2024-11-10 05:00:00,26.2,0.0,99.4,285.0,3.0
2024-11-10 06:00:00,25.8,0.2,99.4,251.0,6.4
2024-11-10 07:00:00,24.8,0.0,99.5,285.0,7.1
2024-11-10 08:00:00,25.1,0.0,99.5,253.0,7.0
2024-11-10 09:00:00,24.6,0.2,99.5,296.0,2.6
2024-11-10 10:00:00,25.2,0.0,99.5,289.0,3.7
2024-11-10 11:00:00,27.4,0.0,99.3,302.0,5.4
2024-11-10 12:00:00,28.8,0.0,85.0,269.0,4.6
2024-11-10 13:00:00,30.2,0.0,77.4,305.0,4.3
2024-11-10 14:00:00,31.1,0.0,67.9,263.0,4.8
2024-11-10 15:00:00,33.0,0.0,59.1,176.0,3.1
2024-11-10 16:00:00,31.5,0.0,68.1,238.0,6.7
2024-11-10 17:00:00,29.8,0.0,74.2,305.0,4.1
2024-11-10 18:00:00,25.6,0.8,99.4,8.0,5.7
2024-11-10 19:00:00,24.7,0.2,99.5,65.0,4.1
2024-11-10 20:00:00,25.1,0.0,99.4,29.0,3.1
2024-11-10 21:00:00,25.3,0.0,99.4,21.0,3.4
2024-11-10 22:00:00,25.7,0.0,99.3,39.0,2.6
2024-11-10 23:00:00,25.8,0.0,99.4,26.0,2.1
2024-11-11 00:00:00,25.9,0.0,99.4,342.0,1.6
2024-11-11 01:00:00,26.1,0.0,99.3,320.0,1.2
2024-11-11 02:00:00,26.3,0.0,99.3,248.0,0.9
2024-11-11 03:00:00,26.5,0.0,99.4,108.0,1.8
2024-11-11 04:00:00,25.7,0.0,99.5,56.0,1.4
2024-11-11 05:00:00,25.4,0.0,99.4,357.0,2.7
2024-11-11 06:00:00,25.3,0.0,99.4,349.0,1.3
2024-11-11 07:00:00,25.7,0.0,99.4,73.0,1.2
2024-11-11 08:00:00,28.0,0.0,92.0,145.0,1.4
2024-11-11 09:00:00,29.3,0.0,84.6,318.0,1.6
2024-11-11 10:00:00,29.3,0.0,85.1,308.0,2.9
2024-11-11 11:00:00,30.1,0.0,80.0,326.0,3.7
2024-11-11 12:00:00,30.6,0.0,72.9,269.0,4.7
2024-11-11 13:00:00,26.8,2.2,99.5,82.0,6.3
2024-11-11 14:00:00,27.3,0.0,99.4,1.0,7.9
2024-11-11 15:00:00,29.4,0.0,81.2,245.0,2.4
2024-11-11 16:00:00,27.7,0.0,96.2,53.0,3.7
2024-11-11 17:00:00,26.3,0.0,99.4,82.0,5.0
2024-11-11 18:00:00,26.3,0.0,99.3,63.0,4.0
2024-11-11 19:00:00,26.1,0.0,99.4,19.0,3.9
2024-11-11 20:00:00,26.0,0.0,99.4,51.0,2.5
2024-11-11 21:00:00,26.1,0.0,99.4,348.0,2.3
2024-11-11 22:00:00,26.1,0.0,99.3,9.0,3.1
2024-11-11 23:00:00,26.3,0.0,98.0,46.0,3.1
2024-11-12 00:00:00,26.0,0.0,99.4,59.0,3.4
2024-11-12 01:00:00,25.7,0.0,99.4,21.0,1.1
2024-11-12 02:00:00,25.9,0.0,99.4,43.0,3.6
2024-11-12 03:00:00,25.5,0.0,99.4,356.0,2.0
2024-11-12 04:00:00,25.6,0.0,99.4,64.0,1.6
2024-11-12 05:00:00,25.5,0.0,99.4,354.0,2.2
2024-11-12 06:00:00,25.5,0.0,99.4,323.0,1.6
2024-11-12 07:00:00,26.0,0.0,99.4,231.0,1.4
2024-11-12 08:00:00,26.4,0.0,99.4,270.0,4.8
2024-11-12 09:00:00,26.9,0.0,97.0,275.0,7.0
2024-11-12 10:00:00,28.1,0.0,92.5,275.0,7.2
2024-11-12 11:00:00,26.8,0.0,99.3,238.0,5.5
2024-11-12 12:00:00,30.3,0.0,79.4,268.0,4.4
2024-11-12 13:00:00,31.5,0.0,68.3,260.0,4.5
2024-11-12 14:00:00,31.3,0.0,65.5,283.0,6.6
2024-11-12 15:00:00,32.5,0.0,61.4,256.0,6.1
2024-11-12 16:00:00,28.9,0.2,89.9,303.0,9.10001
2024-11-12 17:00:00,27.5,0.0,99.4,161.0,4.6
2024-11-12 18:00:00,28.1,0.2,94.2,223.0,4.5
2024-11-12 19:00:00,28.2,0.0,90.8,306.0,2.7
2024-11-12 20:00:00,28.1,0.0,95.0,42.0,2.4
2024-11-12 21:00:00,26.9,0.0,99.5,39.0,2.4
2024-11-12 22:00:00,26.7,0.0,99.5,14.0,3.7
2024-11-12 23:00:00,26.7,0.0,99.4,29.0,2.7
2024-11-13 00:00:00,26.7,0.0,99.4,1.0,2.6
2024-11-13 01:00:00,26.3,0.0,99.4,358.0,1.8
2024-11-13 02:00:00,26.0,0.0,99.4,10.0,4.0
2024-11-13 03:00:00,25.8,0.0,99.5,2.0,3.8
2024-11-13 04:00:00,25.6,0.0,99.5,13.0,2.6
2024-11-13 05:00:00,25.6,0.0,99.4,16.0,3.1
2024-11-13 06:00:00,25.7,0.0,99.4,2.0,3.1
2024-11-13 07:00:00,26.1,0.0,99.4,216.0,1.0
2024-11-13 08:00:00,27.5,0.0,93.1,303.0,1.3
2024-11-13 09:00:00,29.4,0.0,81.3,321.0,1.1
2024-11-13 10:00:00,29.3,0.0,81.9,335.0,4.1
2024-11-13 11:00:00,30.1,0.0,71.3,236.0,3.6
2024-11-13 12:00:00,28.4,0.0,87.7,276.0,9.10001
2024-11-13 13:00:00,25.8,0.0,99.5,278.0,5.3
2024-11-13 14:00:00,25.4,0.8,99.5,49.0,2.7
2024-11-13 15:00:00,26.1,0.0,99.5,100.0,3.5
2024-11-13 16:00:00,27.0,0.0,99.3,78.0,3.9
2024-11-13 17:00:00,27.1,0.0,99.0,331.0,3.7
2024-11-13 18:00:00,26.8,0.0,92.0,304.0,2.8
2024-11-13 19:00:00,26.4,0.0,95.3,358.0,2.8
2024-11-13 20:00:00,25.8,0.0,99.4,348.0,2.0
2024-11-13 21:00:00,25.7,0.0,99.4,31.0,1.7
2024-11-13 22:00:00,25.9,0.0,99.4,20.0,2.7
2024-11-13 23:00:00,26.0,0.0,99.4,285.0,1.7
2024-11-14 00:00:00,25.7,0.0,99.4,273.0,4.2
2024-11-14 01:00:00,25.7,0.0,99.4,306.0,1.7
2024-11-14 02:00:00,25.7,0.0,99.4,299.0,2.6
2024-11-14 03:00:00,25.6,0.0,99.4,292.0,2.2
2024-11-14 04:00:00,25.1,0.0,99.4,335.0,1.4
2024-11-14 05:00:00,24.8,0.0,99.5,355.0,1.5
2024-11-14 06:00:00,25.4,0.0,99.4,320.0,1.8
2024-11-14 07:00:00,24.9,0.0,99.4,326.0,2.1
2024-11-14 08:00:00,26.3,0.0,99.4,340.0,1.6
2024-11-14 09:00:00,27.6,0.0,96.0,334.0,2.6
2024-11-14 10:00:00,29.8,0.0,81.2,335.0,1.9
2024-11-14 11:00:00,32.1,0.0,67.4,320.0,1.9
2024-11-14 12:00:00,32.2,0.0,65.8,359.0,1.9
2024-11-14 13:00:00,32.8,0.0,59.9,41.0,1.8
2024-11-14 14:00:00,27.0,3.4,99.3,100.0,8.5
2024-11-14 15:00:00,25.2,0.0,99.5,37.0,3.0
2024-11-14 16:00:00,26.9,0.0,99.3,255.0,1.7
2024-11-14 17:00:00,28.6,0.0,95.4,270.0,2.4
2024-11-14 18:00:00,28.0,0.0,94.1,287.0,3.5
2024-11-14 19:00:00,26.4,0.0,99.4,7.0,5.2
2024-11-14 20:00:00,27.3,0.0,99.4,300.0,3.4
2024-11-14 21:00:00,26.8,0.0,99.5,49.0,1.5
2024-11-14 22:00:00,26.9,0.0,99.5,221.0,0.5
2024-11-14 23:00:00,26.6,0.0,99.5,323.0,2.1
2024-11-15 00:00:00,26.5,0.0,99.4,22.0,2.2
2024-11-15 01:00:00,26.3,0.0,99.4,345.0,2.0
2024-11-15 02:00:00,26.2,0.0,99.5,343.0,2.5
2024-11-15 03:00:00,25.9,0.0,99.4,110.0,0.5
2024-11-15 04:00:00,25.8,0.0,99.5,294.0,2.1
2024-11-15 05:00:00,25.9,0.0,99.4,195.0,0.6
2024-11-15 06:00:00,26.0,0.0,99.4,303.0,1.9
2024-11-15 07:00:00,25.8,0.0,99.5,292.0,2.1
2024-11-15 08:00:00,27.9,0.0,91.8,305.0,1.0
2024-11-15 09:00:00,28.2,0.0,91.3,299.0,3.1
2024-11-15 10:00:00,29.0,0.0,83.4,269.0,4.6
2024-11-15 11:00:00,31.7,0.0,61.6,291.0,2.6
2024-11-15 12:00:00,32.3,0.0,58.8,293.0,2.7
2024-11-15 13:00:00,32.9,0.0,55.9,295.0,4.0
2024-11-15 14:00:00,32.5,0.0,60.3,279.0,3.1
2024-11-15 15:00:00,26.4,1.8,99.6,200.0,1.6
2024-11-15 16:00:00,26.7,0.0,99.4,357.0,4.6
2024-11-15 17:00:00,25.2,0.2,99.5,353.0,2.9
2024-11-15 18:00:00,26.0,0.0,99.5,11.0,5.2
2024-11-15 19:00:00,26.1,0.0,99.4,16.0,3.1
2024-11-15 20:00:00,26.5,0.0,99.4,30.0,2.5
2024-11-15 21:00:00,26.2,0.0,99.5,339.0,2.3
2024-11-15 22:00:00,26.4,0.0,99.5,200.0,0.5
2024-11-15 23:00:00,25.8,0.0,99.4,2.0,4.4
2024-11-16 00:00:00,25.6,0.0,99.5,346.0,2.5
2024-11-16 01:00:00,25.9,0.0,99.4,259.0,1.7
2024-11-16 02:00:00,25.6,0.0,99.5,357.0,2.6
2024-11-16 03:00:00,25.2,0.0,99.5,358.0,4.4
2024-11-16 04:00:00,25.5,0.0,99.4,328.0,1.6
2024-11-16 05:00:00,25.5,0.0,99.4,351.0,2.7
2024-11-16 06:00:00,25.6,0.0,99.3,43.0,0.5
2024-11-16 07:00:00,25.5,0.0,99.4,2.0,2.5
2024-11-16 08:00:00,26.6,0.0,96.5,359.0,2.1
2024-11-16 09:00:00,28.3,0.0,89.8,336.0,2.4
2024-11-16 10:00:00,30.1,0.0,78.0,308.0,2.6
2024-11-16 11:00:00,31.0,0.0,67.1,294.0,1.8
2024-11-16 12:00:00,31.5,0.0,64.2,337.0,2.9
2024-11-16 13:00:00,33.5,0.0,56.8,274.0,2.1
2024-11-16 14:00:00,28.2,0.4,90.5,33.0,9.5
2024-11-16 15:00:00,24.0,3.6,99.6,205.0,6.3
2024-11-16 16:00:00,23.7,0.0,99.6,176.0,2.7
2024-11-16 17:00:00,24.2,0.0,99.6,177.0,1.0
2024-11-16 18:00:00,24.3,0.0,99.6,341.0,2.3
2024-11-16 19:00:00,24.7,0.0,99.6,348.0,1.2
2024-11-16 20:00:00,25.4,0.0,99.5,4.0,2.7
2024-11-16 21:00:00,25.6,0.0,99.5,24.0,3.4
2024-11-16 22:00:00,25.8,0.0,99.5,279.0,2.5
2024-11-16 23:00:00,25.8,0.0,99.5,92.0,1.2
2024-11-17 00:00:00,25.6,0.0,99.5,242.0,1.9
2024-11-17 01:00:00,25.5,0.0,99.6,293.0,3.1
2024-11-17 02:00:00,25.8,0.0,99.4,287.0,1.3
2024-11-17 03:00:00,25.6,0.0,99.4,341.0,2.5
2024-11-17 04:00:00,25.3,0.0,99.5,5.0,4.4
2024-11-17 05:00:00,25.1,0.0,99.5,280.0,2.3
2024-11-17 06:00:00,24.9,0.0,99.5,351.0,2.2
2024-11-17 07:00:00,24.7,0.0,99.6,341.0,2.9
2024-11-17 08:00:00,26.5,0.0,99.4,344.0,0.6
2024-11-17 09:00:00,27.7,0.0,97.4,296.0,1.6
2024-11-17 10:00:00,29.1,0.0,87.5,311.0,1.7
2024-11-17 11:00:00,30.3,0.0,78.9,325.0,3.5
2024-11-17 12:00:00,30.3,0.0,76.8,290.0,2.8
2024-11-17 13:00:00,24.7,5.2,99.6,7.0,12.9
2024-11-17 14:00:00,25.2,0.0,99.6,206.0,1.9
2024-11-17 15:00:00,24.9,0.0,99.6,260.0,3.8
2024-11-17 16:00:00,25.3,0.0,99.6,286.0,3.5
2024-11-17 17:00:00,26.3,0.0,99.4,350.0,5.2
2024-11-17 18:00:00,26.0,0.0,99.4,359.0,4.3
2024-11-17 19:00:00,25.4,0.0,99.4,358.0,5.6
2024-11-17 20:00:00,25.5,0.0,99.4,32.0,1.4
2024-11-17 21:00:00,25.5,0.0,99.4,2.0,3.3
2024-11-17 22:00:00,25.5,0.0,99.5,28.0,2.8
2024-11-17 23:00:00,25.8,0.0,99.5,359.0,4.9
2024-11-18 00:00:00,25.9,0.0,99.5,356.0,4.2
2024-11-18 01:00:00,25.6,0.0,99.5,339.0,4.3
2024-11-18 02:00:00,25.4,0.0,99.5,352.0,2.8
2024-11-18 03:00:00,25.6,0.0,99.5,345.0,3.0
2024-11-18 04:00:00,25.2,0.0,99.5,354.0,4.2
2024-11-18 05:00:00,25.4,0.0,99.5,340.0,3.6
2024-11-18 06:00:00,25.4,0.0,99.5,357.0,4.6
2024-11-18 07:00:00,25.4,0.0,99.5,349.0,3.5
2024-11-18 08:00:00,26.0,0.0,99.4,1.0,3.7
2024-11-18 09:00:00,26.5,0.0,99.4,11.0,7.0
2024-11-18 10:00:00,28.0,0.0,96.5,359.0,5.3
2024-11-18 11:00:00,28.5,0.0,87.9,2.0,7.3
2024-11-18 12:00:00,29.1,0.0,85.8,3.0,7.3
2024-11-18 13:00:00,29.3,0.0,83.2,3.0,6.7
2024-11-18 14:00:00,28.2,0.0,89.9,23.0,7.6
2024-11-18 15:00:00,25.1,0.0,99.6,337.0,4.4
2024-11-18 16:00:00,26.0,0.0,99.4,21.0,8.89999
2024-11-18 17:00:00,26.3,0.0,99.4,37.0,3.3
2024-11-18 18:00:00,26.3,0.0,99.4,14.0,4.1
2024-11-18 19:00:00,25.8,0.2,99.5,42.0,6.7
2024-11-18 20:00:00,25.6,0.0,99.6,29.0,5.1
2024-11-18 21:00:00,25.6,0.0,99.5,40.0,4.4
2024-11-18 22:00:00,25.4,0.0,99.5,10.0,4.9
2024-11-18 23:00:00,25.6,0.0,99.5,20.0,3.1
2024-11-19 00:00:00,25.5,0.0,99.5,339.0,2.4
2024-11-19 01:00:00,25.5,0.0,99.4,359.0,1.7
2024-11-19 02:00:00,25.4,0.0,99.5,338.0,4.9
2024-11-19 03:00:00,25.1,0.0,99.5,335.0,3.3
2024-11-19 04:00:00,25.0,0.0,99.5,289.0,3.1
2024-11-19 05:00:00,25.0,0.0,99.5,294.0,3.6
2024-11-19 06:00:00,25.0,0.0,99.6,221.0,1.5
2024-11-19 07:00:00,25.2,0.0,99.5,16.0,1.8
2024-11-19 08:00:00,24.7,0.0,99.6,46.0,3.1
2024-11-19 09:00:00,25.1,0.0,99.6,80.0,0.8
2024-11-19 10:00:00,25.8,0.0,99.5,2.0,2.6
2024-11-19 11:00:00,27.4,0.0,99.4,30.0,2.8
2024-11-19 12:00:00,27.3,0.0,99.4,53.0,3.0
2024-11-19 13:00:00,27.8,0.0,96.4,31.0,5.0
2024-11-19 14:00:00,28.9,0.0,86.3,94.0,4.0
2024-11-19 15:00:00,28.0,0.0,93.4,1.0,5.0
2024-11-19 16:00:00,28.2,0.0,92.7,23.0,6.1
2024-11-19 17:00:00,25.6,0.0,99.5,67.0,4.7
2024-11-19 18:00:00,25.6,0.0,99.5,2.0,1.7
2024-11-19 19:00:00,25.9,0.0,99.5,8.0,2.2
2024-11-19 20:00:00,25.9,0.0,99.5,354.0,1.9
2024-11-19 21:00:00,26.2,0.0,99.5,39.0,3.6
2024-11-19 22:00:00,26.1,0.0,99.6,5.0,3.6
2024-11-19 23:00:00,26.0,0.0,99.6,19.0,1.2
2024-11-20 00:00:00,25.8,0.0,99.5,29.0,2.3
2024-11-20 01:00:00,25.7,0.0,99.5,350.0,2.3
2024-11-20 02:00:00,25.6,0.0,99.5,340.0,3.5
2024-11-20 03:00:00,25.3,0.0,99.6,291.0,4.2
2024-11-20 04:00:00,25.2,0.0,99.6,341.0,3.3
2024-11-20 05:00:00,25.2,0.0,99.5,345.0,4.3
2024-11-20 06:00:00,25.1,0.0,99.6,336.0,1.9
2024-11-20 07:00:00,25.1,0.0,99.5,306.0,4.3
2024-11-20 08:00:00,25.4,0.0,99.5,304.0,2.6
2024-11-20 09:00:00,25.4,0.0,99.5,350.0,3.2
2024-11-20 10:00:00,26.1,0.0,99.4,1.0,5.9
2024-11-20 11:00:00,26.7,0.0,99.4,356.0,5.0
2024-11-20 12:00:00,27.2,0.0,99.0,6.0,5.6
2024-11-20 13:00:00,27.0,0.0,99.3,18.0,5.4
2024-11-20 14:00:00,27.3,0.0,97.5,13.0,6.3
2024-11-20 15:00:00,27.0,0.0,98.7,9.0,6.4
2024-11-20 16:00:00,26.8,0.0,99.3,4.0,5.9
2024-11-20 17:00:00,26.7,0.0,99.4,10.0,6.8
2024-11-20 18:00:00,26.8,0.0,95.8,46.0,6.3
2024-11-20 19:00:00,26.1,0.0,99.4,6.0,5.0
2024-11-20 20:00:00,26.1,0.0,99.4,22.0,3.8
2024-11-20 21:00:00,26.0,0.0,99.4,4.0,5.4
2024-11-20 22:00:00,25.8,0.0,99.5,5.0,3.8
2024-11-20 23:00:00,25.9,0.0,99.4,354.0,3.2
2024-11-21 00:00:00,25.7,0.0,99.5,357.0,3.8
2024-11-21 01:00:00,25.6,0.0,99.5,7.0,2.9
2024-11-21 02:00:00,25.4,0.0,99.5,22.0,2.0
2024-11-21 03:00:00,25.3,0.0,99.5,196.0,0.5
2024-11-21 04:00:00,25.3,0.0,99.5,25.0,1.0
2024-11-21 05:00:00,25.2,0.0,99.6,328.0,2.3
2024-11-21 06:00:00,25.8,0.0,99.5,303.0,1.4
2024-11-21 07:00:00,25.4,0.0,99.5,244.0,1.7
2024-11-21 08:00:00,25.8,0.0,99.4,281.0,3.3
2024-11-21 09:00:00,27.2,0.0,99.3,336.0,4.0
2024-11-21 10:00:00,28.5,0.0,90.2,359.0,4.5
2024-11-21 11:00:00,29.2,0.0,79.3,344.0,4.7
2024-11-21 12:00:00,30.8,0.0,65.3,353.0,1.9
2024-11-21 13:00:00,30.6,0.0,68.4,1.0,5.0
2024-11-21 14:00:00,31.3,0.0,66.1,291.0,2.3
2024-11-21 15:00:00,27.8,0.2,92.9,185.0,5.1
2024-11-21 16:00:00,26.7,0.0,99.4,69.0,1.7
2024-11-21 17:00:00,24.1,1.6,99.6,248.0,8.5
2024-11-21 18:00:00,24.3,0.0,99.6,270.0,2.9
2024-11-21 19:00:00,24.9,0.0,99.4,268.0,4.0
2024-11-21 20:00:00,25.3,0.0,99.5,298.0,1.1
2024-11-21 21:00:00,25.1,0.0,99.5,310.0,2.3
2024-11-21 22:00:00,25.1,0.0,99.5,326.0,1.8
2024-11-21 23:00:00,25.3,0.0,99.5,305.0,1.5
2024-11-22 00:00:00,25.9,0.0,99.4,305.0,1.7
2024-11-22 01:00:00,25.5,0.0,99.5,9.0,3.2
2024-11-22 02:00:00,25.2,0.0,99.6,254.0,2.2
2024-11-22 03:00:00,25.1,0.0,99.6,297.0,3.8
2024-11-22 04:00:00,24.8,0.0,99.6,1.0,3.7
2024-11-22 05:00:00,25.1,0.0,99.5,277.0,4.3
2024-11-22 06:00:00,25.9,0.0,99.5,287.0,2.6
2024-11-22 07:00:00,24.9,0.0,99.6,356.0,2.7
2024-11-22 08:00:00,26.0,0.0,99.4,324.0,1.0
2024-11-22 09:00:00,27.0,0.0,99.4,339.0,3.2
2024-11-22 10:00:00,28.2,0.0,93.4,337.0,3.7
2024-11-22 11:00:00,29.5,0.0,85.3,2.0,3.8
2024-11-22 12:00:00,30.4,0.0,73.2,314.0,4.3
2024-11-22 13:00:00,31.7,0.0,65.5,244.0,4.4
2024-11-22 14:00:00,31.7,0.0,61.3,261.0,5.0
2024-11-22 15:00:00,25.3,8.60001,99.6,23.0,7.6
2024-11-22 16:00:00,24.6,3.0,99.6,120.0,5.0
2024-11-22 17:00:00,24.5,0.2,99.6,197.0,1.9
2024-11-22 18:00:00,24.9,0.0,99.6,156.0,0.9
2024-11-22 19:00:00,24.7,0.2,99.6,153.0,1.6
2024-11-22 20:00:00,25.0,0.2,99.6,326.0,2.5
2024-11-22 21:00:00,24.7,0.0,99.6,352.0,4.3
2024-11-22 22:00:00,25.0,0.0,99.6,51.0,5.1
2024-11-22 23:00:00,24.7,0.2,99.6,62.0,4.1
2024-11-23 00:00:00,24.4,0.2,99.6,18.0,5.5
2024-11-23 01:00:00,24.3,0.2,99.6,5.0,6.0
2024-11-23 02:00:00,24.3,0.0,99.6,4.0,5.6
2024-11-23 03:00:00,24.3,0.0,99.6,16.0,5.1
2024-11-23 04:00:00,24.3,0.0,99.6,19.0,2.1
2024-11-23 05:00:00,24.2,0.0,99.6,178.0,0.8
2024-11-23 06:00:00,24.3,0.0,99.6,252.0,0.9
2024-11-23 07:00:00,24.3,0.0,99.6,193.0,0.9
2024-11-23 08:00:00,25.8,0.0,99.4,134.0,1.6
2024-11-23 09:00:00,28.4,0.0,93.1,352.0,0.6
2024-11-23 10:00:00,29.2,0.0,84.3,329.0,1.8
2024-11-23 11:00:00,29.4,0.0,83.7,355.0,4.8
2024-11-23 12:00:00,29.8,0.0,80.8,352.0,4.9
2024-11-23 13:00:00,31.8,0.0,65.3,357.0,4.6
2024-11-23 14:00:00,27.9,0.2,94.5,88.0,9.39999
2024-11-23 15:00:00,29.7,0.0,84.6,76.0,6.1
2024-11-23 16:00:00,30.4,0.0,79.6,54.0,3.7
2024-11-23 17:00:00,28.3,0.0,92.4,107.0,2.7
2024-11-23 18:00:00,27.4,0.2,99.4,304.0,3.3
2024-11-23 19:00:00,26.2,0.4,99.6,142.0,5.0
2024-11-23 20:00:00,26.1,0.0,99.6,52.0,2.1
2024-11-23 21:00:00,26.7,0.0,99.6,339.0,2.2
2024-11-23 22:00:00,26.5,0.0,99.4,355.0,1.7
2024-11-23 23:00:00,26.4,0.0,99.5,22.0,2.6
2024-11-24 00:00:00,26.4,0.0,99.5,310.0,2.5
2024-11-24 01:00:00,26.5,0.0,99.4,,4.6
2024-11-24 02:00:00,26.1,0.0,99.5,4.0,3.0
2024-11-24 03:00:00,26.0,0.0,99.5,339.0,3.3
2024-11-24 04:00:00,25.8,0.0,99.5,353.0,3.1
2024-11-24 05:00:00,25.7,0.0,99.6,333.0,3.1
2024-11-24 06:00:00,25.9,0.0,99.5,338.0,2.7
2024-11-24 07:00:00,25.8,0.0,99.5,355.0,3.1
2024-11-24 08:00:00,26.1,0.0,99.5,,3.1
2024-11-24 09:00:00,27.2,0.0,99.4,358.0,3.2
2024-11-24 10:00:00,28.4,0.0,94.6,66.0,4.5
2024-11-24 11:00:00,28.4,0.0,92.8,67.0,7.6
2024-11-24 12:00:00,30.1,0.0,84.8,48.0,7.5
2024-11-24 13:00:00,31.7,0.0,75.9,63.0,4.4
2024-11-24 14:00:00,31.2,0.0,69.1,36.0,5.2
2024-11-24 15:00:00,28.8,0.0,86.1,48.0,6.1
2024-11-24 16:00:00,28.0,0.0,96.8,61.0,6.4
2024-11-24 17:00:00,26.8,0.0,99.4,227.0,5.2
2024-11-24 18:00:00,26.7,0.0,99.5,268.0,2.9
2024-11-24 19:00:00,26.9,0.0,99.4,321.0,1.5
2024-11-24 20:00:00,27.5,0.0,99.4,8.0,1.2
2024-11-24 21:00:00,26.6,0.0,99.4,259.0,1.9
2024-11-24 22:00:00,26.6,0.0,99.4,330.0,1.8
2024-11-24 23:00:00,27.0,0.0,99.4,12.0,2.3
2024-11-25 00:00:00,27.2,0.0,99.4,22.0,1.3
2024-11-25 01:00:00,26.6,0.0,99.5,285.0,2.8
2024-11-25 02:00:00,26.7,0.0,99.5,324.0,2.0
2024-11-25 03:00:00,26.6,0.0,99.5,35.0,1.0
2024-11-25 04:00:00,26.5,0.0,99.5,309.0,1.1
2024-11-25 05:00:00,26.2,0.0,99.5,243.0,1.3
2024-11-25 06:00:00,26.5,0.0,99.5,287.0,1.3
2024-11-25 07:00:00,26.5,0.0,99.5,298.0,3.3
2024-11-25 08:00:00,26.9,0.0,99.5,359.0,0.8
2024-11-25 09:00:00,28.0,0.0,99.2,288.0,0.6
2024-11-25 10:00:00,28.0,0.0,98.6,341.0,1.0
2024-11-25 11:00:00,28.5,0.0,96.5,334.0,2.8
2024-11-25 12:00:00,29.1,0.0,92.8,356.0,2.1
2024-11-25 13:00:00,30.5,0.0,81.7,180.0,2.8
2024-11-25 14:00:00,26.1,0.0,99.4,18.0,9.2
2024-11-25 15:00:00,25.6,0.0,99.4,76.0,5.2
2024-11-25 16:00:00,25.6,0.0,99.4,55.0,4.6
2024-11-25 17:00:00,27.1,0.0,99.4,336.0,2.7
2024-11-25 18:00:00,27.1,0.0,99.4,3.0,3.5
2024-11-25 19:00:00,27.2,0.0,99.4,24.0,3.6
2024-11-25 20:00:00,27.0,0.0,99.5,24.0,2.8
2024-11-25 21:00:00,26.9,0.0,99.4,38.0,4.1
2024-11-25 22:00:00,26.9,0.0,99.4,69.0,4.2
2024-11-25 23:00:00,26.7,0.0,99.5,38.0,2.3
2024-11-26 00:00:00,26.4,0.0,99.5,4.0,2.6
2024-11-26 01:00:00,26.3,0.0,99.5,7.0,3.9
2024-11-26 02:00:00,26.1,0.0,99.5,278.0,2.7
2024-11-26 03:00:00,25.8,0.0,99.5,285.0,3.6
2024-11-26 04:00:00,25.7,0.0,99.5,1.0,3.8
2024-11-26 05:00:00,25.5,0.0,99.5,7.0,1.4
2024-11-26 06:00:00,25.7,0.0,99.5,5.0,2.3
2024-11-26 07:00:00,25.6,0.0,99.5,334.0,2.9
2024-11-26 08:00:00,27.8,0.0,99.3,298.0,0.6
2024-11-26 09:00:00,27.8,0.0,98.8,330.0,2.9
2024-11-26 10:00:00,29.1,0.0,91.2,357.0,3.9
2024-11-26 11:00:00,30.1,0.0,81.0,350.0,4.0
2024-11-26 12:00:00,30.7,0.0,74.2,301.0,3.3
2024-11-26 13:00:00,28.6,0.0,86.2,300.0,6.3
2024-11-26 14:00:00,25.3,0.2,99.6,87.0,6.9
2024-11-26 15:00:00,24.7,0.8,99.6,89.0,3.6
2024-11-26 16:00:00,24.7,0.0,99.5,322.0,2.5
2024-11-26 17:00:00,24.5,0.2,99.6,30.0,3.9
2024-11-26 18:00:00,24.2,0.0,99.6,34.0,2.7
2024-11-26 19:00:00,24.2,0.0,99.5,12.0,2.4
2024-11-26 20:00:00,24.6,0.0,99.5,10.0,2.4
2024-11-26 21:00:00,25.0,0.0,99.5,341.0,2.3
2024-11-26 22:00:00,25.1,0.0,99.5,27.0,0.6
2024-11-26 23:00:00,24.9,0.0,99.5,359.0,3.0
2024-11-27 00:00:00,25.1,0.0,99.5,38.0,2.8
2024-11-27 01:00:00,24.7,0.0,99.6,4.0,1.8
2024-11-27 02:00:00,25.2,0.0,99.5,335.0,2.6
2024-11-27 03:00:00,25.1,0.0,99.6,287.0,3.5
2024-11-27 04:00:00,25.4,0.0,99.4,348.0,2.4
2024-11-27 05:00:00,25.0,0.0,99.5,350.0,2.6
2024-11-27 06:00:00,25.8,0.0,99.4,284.0,1.9
2024-11-27 07:00:00,25.4,0.0,99.5,283.0,3.6
2024-11-27 08:00:00,25.9,0.0,99.4,276.0,3.6
2024-11-27 09:00:00,26.3,0.0,99.4,291.0,4.1
2024-11-27 10:00:00,27.0,0.0,99.2,260.0,4.7
2024-11-27 11:00:00,27.6,0.0,93.1,250.0,6.3
2024-11-27 12:00:00,28.0,0.0,91.1,267.0,6.9
2024-11-27 13:00:00,28.9,0.0,83.8,253.0,5.1
2024-11-27 14:00:00,26.9,0.0,99.4,238.0,7.6
2024-11-27 15:00:00,26.1,0.2,99.5,317.0,4.0
2024-11-27 16:00:00,25.1,0.2,99.6,14.0,6.4
2024-11-27 17:00:00,24.7,0.6,99.6,26.0,3.3
2024-11-27 18:00:00,24.8,0.0,99.6,341.0,1.9
2024-11-27 19:00:00,25.1,0.0,99.6,20.0,1.0
2024-11-27 20:00:00,25.3,0.0,99.6,331.0,1.9
2024-11-27 21:00:00,25.4,0.0,99.6,1.0,2.8
2024-11-27 22:00:00,25.3,0.0,99.5,3.0,2.0
2024-11-27 23:00:00,25.0,0.0,99.5,10.0,4.0
2024-11-28 00:00:00,25.1,0.0,99.4,35.0,3.4
2024-11-28 01:00:00,25.2,0.0,99.4,19.0,2.6
2024-11-28 02:00:00,24.8,0.0,99.4,69.0,2.3
2024-11-28 03:00:00,24.9,0.0,99.5,53.0,1.1
2024-11-28 04:00:00,24.6,0.0,99.5,281.0,1.5
2024-11-28 05:00:00,24.5,0.0,99.6,317.0,0.5
2024-11-28 06:00:00,24.8,0.0,99.5,110.0,2.1
2024-11-28 07:00:00,25.1,0.0,99.5,116.0,3.4
2024-11-28 08:00:00,25.4,0.0,99.4,72.0,3.4
2024-11-28 09:00:00,25.8,0.0,99.4,57.0,4.2
2024-11-28 10:00:00,26.7,0.0,99.4,3.0,3.6
2024-11-28 11:00:00,27.7,0.0,94.4,65.0,4.1
2024-11-28 12:00:00,28.6,0.0,86.5,46.0,3.1
2024-11-28 13:00:00,29.2,0.0,84.2,342.0,3.0
2024-11-28 14:00:00,30.0,0.0,77.2,266.0,1.1
2024-11-28 15:00:00,28.2,0.0,91.0,268.0,5.0
2024-11-28 16:00:00,26.9,0.0,99.5,222.0,5.0
2024-11-28 17:00:00,25.4,0.0,99.5,43.0,5.3
2024-11-28 18:00:00,25.7,0.0,99.6,13.0,1.2
2024-11-28 19:00:00,25.7,0.0,99.6,31.0,2.6
2024-11-28 20:00:00,25.8,0.0,99.5,338.0,1.3
2024-11-28 21:00:00,26.1,0.0,99.6,53.0,3.7
2024-11-28 22:00:00,26.1,0.0,99.6,29.0,2.3
2024-11-28 23:00:00,25.9,0.0,99.6,32.0,2.9
2024-11-29 00:00:00,25.6,0.0,99.6,6.0,1.8
2024-11-29 01:00:00,25.6,0.0,99.6,26.0,3.0
2024-11-29 02:00:00,25.5,0.0,99.6,356.0,2.4
2024-11-29 03:00:00,25.2,0.0,99.6,1.0,2.0
2024-11-29 04:00:00,25.3,0.0,99.6,,2.7
2024-11-29 05:00:00,25.2,0.0,99.6,22.0,3.6
2024-11-29 06:00:00,25.1,0.0,99.6,349.0,1.0
2024-11-29 07:00:00,23.7,1.6,99.6,169.0,3.9
2024-11-29 08:00:00,23.9,0.4,99.6,182.0,2.4
2024-11-29 09:00:00,24.0,0.0,99.6,183.0,1.6
2024-11-29 10:00:00,24.3,0.4,99.6,247.0,3.5
2024-11-29 11:00:00,24.6,0.2,99.6,300.0,5.7
2024-11-29 12:00:00,24.7,0.0,99.6,310.0,4.3
2024-11-29 13:00:00,25.2,0.0,99.5,303.0,3.3
2024-11-29 14:00:00,25.5,0.0,99.5,323.0,1.3
2024-11-29 15:00:00,25.7,0.0,99.4,329.0,4.0
2024-11-29 16:00:00,26.8,0.0,96.6,245.0,0.9
2024-11-29 17:00:00,26.2,0.0,99.3,279.0,1.7
2024-11-29 18:00:00,25.9,0.0,99.4,300.0,3.1
2024-11-29 19:00:00,25.8,0.0,99.4,302.0,3.9
2024-11-29 20:00:00,25.9,0.0,99.4,303.0,5.1
2024-11-29 21:00:00,25.2,0.0,99.5,305.0,5.1
2024-11-29 22:00:00,25.3,0.0,99.4,300.0,2.3
2024-11-29 23:00:00,25.0,0.0,99.5,352.0,4.6
2024-11-30 00:00:00,25.0,0.0,99.4,352.0,2.5
2024-11-30 01:00:00,25.2,0.0,99.4,342.0,3.1
2024-11-30 02:00:00,25.0,0.0,99.4,343.0,2.0
2024-11-30 03:00:00,25.0,0.0,99.4,3.0,6.6
2024-11-30 04:00:00,24.9,0.0,99.4,357.0,6.1
2024-11-30 05:00:00,24.8,0.0,99.4,4.0,5.6
2024-11-30 06:00:00,24.5,0.0,99.4,354.0,2.5
2024-11-30 07:00:00,24.7,0.0,99.4,339.0,1.1
2024-11-30 08:00:00,25.3,0.0,99.4,194.0,1.1
2024-11-30 09:00:00,26.7,0.0,94.5,150.0,1.2
2024-11-30 10:00:00,27.3,0.0,89.4,114.0,2.1
2024-11-30 11:00:00,29.2,0.0,81.2,328.0,2.2
2024-11-30 12:00:00,30.8,0.0,68.7,16.0,2.3
2024-11-30 13:00:00,31.1,0.0,62.5,209.0,1.7
2024-11-30 14:00:00,31.1,0.0,64.2,302.0,4.4
2024-11-30 15:00:00,31.7,0.0,64.3,284.0,5.5
2024-11-30 16:00:00,32.7,0.0,61.1,317.0,3.0
2024-11-30 17:00:00,31.1,0.0,65.5,280.0,5.7
2024-11-30 18:00:00,31.9,0.0,64.6,278.0,3.5
2024-11-30 19:00:00,30.5,0.0,67.0,221.0,3.0
2024-11-30 20:00:00,28.4,0.0,93.5,61.0,5.3
2024-11-30 21:00:00,27.5,0.0,99.4,74.0,5.7
2024-11-30 22:00:00,27.1,0.0,99.2,53.0,5.4
2024-11-30 23:00:00,26.8,0.0,99.4,13.0,3.4
2024-12-01 00:00:00,26.6,0.0,99.4,22.0,4.1
2024-12-01 01:00:00,26.6,0.0,99.4,351.0,2.3
2024-12-01 02:00:00,26.7,0.0,99.4,350.0,4.4
2024-12-01 03:00:00,26.5,0.0,99.4,354.0,4.2
2024-12-01 04:00:00,26.5,0.0,99.4,280.0,3.9
2024-12-01 05:00:00,26.1,0.0,99.4,285.0,4.6
2024-12-01 06:00:00,25.6,0.0,99.3,269.0,5.8
2024-12-01 07:00:00,25.4,0.0,99.4,247.0,4.3
2024-12-01 08:00:00,26.4,0.0,99.4,236.0,1.1
2024-12-01 09:00:00,27.7,0.0,94.0,8.0,3.5
2024-12-01 10:00:00,28.2,0.0,92.8,334.0,5.0
2024-12-01 11:00:00,29.5,0.0,83.1,291.0,5.6
2024-12-01 12:00:00,30.2,0.0,72.5,284.0,9.89999
2024-12-01 13:00:00,31.1,0.0,67.7,276.0,6.3
2024-12-01 14:00:00,31.4,0.0,65.3,257.0,10.1
2024-12-01 15:00:00,31.6,0.0,70.3,313.0,4.5
2024-12-01 16:00:00,31.8,0.0,67.3,271.0,6.4
2024-12-01 17:00:00,30.0,0.0,73.1,336.0,7.5
2024-12-01 18:00:00,29.2,0.0,75.3,328.0,6.2
2024-12-01 19:00:00,29.0,0.0,81.4,302.0,5.6
2024-12-01 20:00:00,28.1,0.0,89.3,354.0,6.7
2024-12-01 21:00:00,27.1,0.0,99.4,8.0,5.1
2024-12-01 22:00:00,26.8,0.0,99.4,25.0,2.9
2024-12-01 23:00:00,26.7,0.0,99.4,38.0,2.2
2024-12-02 00:00:00,26.8,0.0,99.1,11.0,6.6
2024-12-02 01:00:00,26.6,0.0,99.3,357.0,2.9
2024-12-02 02:00:00,26.3,0.0,99.4,1.0,5.0
2024-12-02 03:00:00,26.1,0.0,99.3,4.0,5.6
2024-12-02 04:00:00,26.0,0.0,99.2,10.0,6.2
2024-12-02 05:00:00,26.0,0.0,99.3,1.0,3.7
2024-12-02 06:00:00,26.3,0.0,98.6,319.0,2.2
2024-12-02 07:00:00,25.9,0.0,99.3,346.0,3.0
2024-12-02 08:00:00,26.3,0.0,98.1,332.0,2.2
2024-12-02 09:00:00,26.8,0.0,97.5,319.0,4.2
2024-12-02 10:00:00,28.2,0.0,90.9,357.0,4.4
2024-12-02 11:00:00,29.2,0.0,82.9,344.0,4.1
2024-12-02 12:00:00,30.4,0.0,77.1,11.0,2.8
2024-12-02 13:00:00,30.9,0.0,69.5,309.0,2.2
2024-12-02 14:00:00,31.8,0.0,61.6,225.0,2.5
2024-12-02 15:00:00,31.8,0.0,61.8,249.0,3.5
2024-12-02 16:00:00,31.9,0.0,62.6,264.0,4.1
2024-12-02 17:00:00,27.9,0.0,94.5,58.0,7.2
2024-12-02 18:00:00,25.3,0.2,99.6,4.0,5.1
2024-12-02 19:00:00,25.2,0.0,99.6,16.0,1.7
2024-12-02 20:00:00,26.0,0.0,99.6,8.0,4.4
2024-12-02 21:00:00,26.3,0.0,99.4,342.0,2.6
2024-12-02 22:00:00,26.6,0.0,99.4,356.0,3.0
2024-12-02 23:00:00,26.3,0.0,99.4,355.0,4.5
2024-12-03 00:00:00,26.1,0.0,99.4,344.0,2.6
2024-12-03 01:00:00,25.9,0.0,99.4,7.0,3.1
2024-12-03 02:00:00,26.0,0.0,99.4,345.0,2.8
2024-12-03 03:00:00,26.0,0.0,99.4,4.0,4.7
2024-12-03 04:00:00,25.8,0.0,99.4,337.0,2.8
2024-12-03 05:00:00,25.7,0.0,99.4,343.0,3.3
2024-12-03 06:00:00,25.9,0.0,99.4,336.0,2.6
2024-12-03 07:00:00,25.8,0.0,99.4,331.0,2.4
2024-12-03 08:00:00,26.6,0.0,97.8,274.0,2.6
2024-12-03 09:00:00,27.6,0.0,91.5,318.0,1.8
2024-12-03 10:00:00,28.0,0.0,89.8,344.0,3.7
2024-12-03 11:00:00,28.7,0.0,83.7,8.0,6.3
2024-12-03 12:00:00,29.6,0.0,77.4,333.0,4.6
2024-12-03 13:00:00,30.8,0.0,68.9,7.0,6.7
2024-12-03 14:00:00,30.7,0.0,64.8,3.0,8.0
2024-12-03 15:00:00,30.9,0.0,67.5,19.0,6.0
2024-12-03 16:00:00,30.7,0.0,68.0,20.0,5.3
2024-12-03 17:00:00,30.8,0.0,70.0,20.0,3.3
2024-12-03 18:00:00,29.5,0.0,74.3,294.0,5.3
2024-12-03 19:00:00,26.0,0.2,99.4,107.0,11.1
2024-12-03 20:00:00,26.1,0.0,99.5,69.0,3.6
2024-12-03 21:00:00,25.6,0.0,99.6,20.0,2.2
2024-12-03 22:00:00,25.8,0.0,99.5,331.0,1.2
2024-12-03 23:00:00,26.1,0.0,99.6,199.0,1.6
2024-12-04 00:00:00,26.1,0.0,99.5,261.0,0.9
2024-12-04 01:00:00,26.0,0.0,99.6,259.0,3.0
2024-12-04 02:00:00,25.9,0.0,99.6,250.0,1.2
2024-12-04 03:00:00,25.9,0.0,99.6,312.0,2.7
2024-12-04 04:00:00,25.8,0.0,99.6,340.0,1.1
2024-12-04 05:00:00,25.3,0.0,99.6,359.0,3.9
2024-12-04 06:00:00,25.3,0.0,99.5,324.0,1.1
2024-12-04 07:00:00,25.5,0.0,99.4,357.0,1.0
2024-12-04 08:00:00,26.4,0.0,99.4,329.0,0.8
2024-12-04 09:00:00,27.0,0.0,98.5,324.0,3.0
2024-12-04 10:00:00,28.5,0.0,87.1,293.0,6.3
2024-12-04 11:00:00,27.2,0.0,93.1,302.0,5.8
2024-12-04 12:00:00,28.0,0.0,86.2,306.0,4.0
2024-12-04 13:00:00,29.1,0.0,78.1,293.0,4.5
2024-12-04 14:00:00,31.3,0.0,63.9,275.0,2.7
2024-12-04 15:00:00,30.1,0.0,60.1,295.0,9.60001
2024-12-04 16:00:00,29.8,0.0,62.4,262.0,8.2
2024-12-04 17:00:00,29.1,0.0,71.0,254.0,5.7
2024-12-04 18:00:00,28.8,0.0,73.2,271.0,8.0
2024-12-04 19:00:00,28.4,0.0,77.5,272.0,5.5
2024-12-04 20:00:00,28.3,0.0,81.0,278.0,2.1
2024-12-04 21:00:00,28.0,0.0,79.7,301.0,5.8
2024-12-04 22:00:00,27.4,0.0,84.3,324.0,3.8
2024-12-04 23:00:00,27.0,0.0,83.8,309.0,4.9
2024-12-05 00:00:00,26.7,0.0,85.3,292.0,4.1
2024-12-05 01:00:00,26.7,0.0,89.1,8.0,1.8
2024-12-05 02:00:00,26.4,0.0,93.0,302.0,5.7
2024-12-05 03:00:00,26.4,0.0,95.9,303.0,3.7
2024-12-05 04:00:00,26.6,0.0,93.1,315.0,3.7
2024-12-05 05:00:00,25.9,0.0,99.2,11.0,4.6
2024-12-05 06:00:00,26.7,0.0,93.2,302.0,4.6
2024-12-05 07:00:00,26.5,0.0,94.1,270.0,1.6
2024-12-05 08:00:00,27.1,0.0,87.8,294.0,3.7
2024-12-05 09:00:00,27.3,0.0,88.3,12.0,2.9
2024-12-05 10:00:00,27.8,0.0,83.0,309.0,5.2
2024-12-05 11:00:00,28.4,0.0,81.0,312.0,4.5
2024-12-05 12:00:00,29.6,0.0,67.9,291.0,7.4
2024-12-05 13:00:00,30.3,0.0,63.9,266.0,10.2
2024-12-05 14:00:00,30.6,0.0,63.1,293.0,8.39999
2024-12-05 15:00:00,30.7,0.0,61.1,294.0,9.3
2024-12-05 16:00:00,31.3,0.0,56.6,296.0,7.9
2024-12-05 17:00:00,31.0,0.0,58.0,290.0,8.8
2024-12-05 18:00:00,31.1,0.0,58.6,306.0,8.60001
2024-12-05 19:00:00,30.3,0.0,60.7,280.0,5.2
2024-12-05 20:00:00,30.2,0.0,59.9,330.0,5.5
2024-12-05 21:00:00,29.8,0.0,59.2,295.0,5.1
2024-12-05 22:00:00,29.3,0.0,63.6,314.0,2.1
2024-12-05 23:00:00,28.6,0.0,70.7,10.0,5.3
2024-12-06 00:00:00,27.7,0.0,89.4,13.0,4.5
2024-12-06 01:00:00,27.3,0.0,98.5,16.0,3.1
2024-12-06 02:00:00,27.2,0.0,98.0,8.0,4.3
2024-12-06 03:00:00,27.1,0.0,99.3,4.0,4.4
2024-12-06 04:00:00,26.8,0.0,99.4,18.0,7.4
2024-12-06 05:00:00,26.5,0.0,99.4,6.0,4.7
2024-12-06 06:00:00,26.2,0.0,99.4,358.0,3.1
2024-12-06 07:00:00,26.1,0.0,99.4,3.0,1.3
2024-12-06 08:00:00,27.4,0.0,99.3,345.0,1.6
2024-12-06 09:00:00,28.5,0.0,92.5,2.0,3.8
2024-12-06 10:00:00,30.6,0.0,72.8,358.0,2.9
2024-12-06 11:00:00,30.7,0.0,64.7,321.0,3.6
2024-12-06 12:00:00,31.5,0.0,62.7,290.0,4.4
2024-12-06 13:00:00,32.6,0.0,50.4,281.0,6.2
2024-12-06 14:00:00,32.7,0.0,51.1,316.0,5.7
2024-12-06 15:00:00,33.1,0.0,50.7,282.0,5.8
2024-12-06 16:00:00,33.2,0.0,52.0,245.0,6.5
2024-12-06 17:00:00,31.9,0.0,55.8,262.0,7.0
2024-12-06 18:00:00,31.2,0.0,58.3,251.0,5.8
2024-12-06 19:00:00,29.9,0.0,62.7,240.0,5.4
2024-12-06 20:00:00,29.7,0.0,69.1,258.0,4.6
2024-12-06 21:00:00,29.5,0.0,71.9,309.0,1.4
2024-12-06 22:00:00,28.7,0.0,93.1,60.0,5.9
2024-12-06 23:00:00,28.1,0.0,99.0,13.0,3.8
2024-12-07 00:00:00,27.6,0.0,99.4,33.0,3.9
2024-12-07 01:00:00,27.3,0.0,99.4,5.0,4.8
2024-12-07 02:00:00,27.1,0.0,99.4,10.0,5.3
2024-12-07 03:00:00,27.0,0.0,99.4,3.0,5.8
2024-12-07 04:00:00,26.7,0.0,99.4,349.0,3.2
2024-12-07 05:00:00,26.4,0.0,99.4,4.0,5.0
2024-12-07 06:00:00,26.3,0.0,99.4,2.0,3.9
2024-12-07 07:00:00,26.3,0.0,99.4,7.0,5.5
2024-12-07 08:00:00,26.7,0.0,99.4,7.0,4.8
2024-12-07 09:00:00,28.3,0.0,90.2,1.0,4.7
2024-12-07 10:00:00,29.7,0.0,77.2,342.0,3.7
2024-12-07 11:00:00,30.9,0.0,67.1,322.0,3.9
2024-12-07 12:00:00,31.4,0.0,58.8,266.0,6.6
2024-12-07 13:00:00,32.1,0.0,58.2,311.0,6.6
2024-12-07 14:00:00,32.7,0.0,55.1,281.0,9.89999
2024-12-07 15:00:00,33.2,0.0,47.4,276.0,10.2
2024-12-07 16:00:00,33.4,0.0,45.7,263.0,10.6
2024-12-07 17:00:00,32.9,0.0,51.7,258.0,8.8
2024-12-07 18:00:00,32.5,0.0,55.4,263.0,6.4
2024-12-07 19:00:00,28.8,0.2,76.1,287.0,7.7
2024-12-07 20:00:00,29.3,0.0,78.4,343.0,2.7
2024-12-07 21:00:00,29.3,0.0,84.2,21.0,4.0
2024-12-07 22:00:00,28.5,0.0,97.6,45.0,4.2
2024-12-07 23:00:00,27.9,0.0,99.3,24.0,3.9
2024-12-08 00:00:00,27.9,0.0,97.4,13.0,5.4
2024-12-08 01:00:00,27.8,0.0,96.8,11.0,7.6
2024-12-08 02:00:00,27.2,0.0,90.5,15.0,5.9
2024-12-08 03:00:00,26.9,0.0,93.0,11.0,5.9
2024-12-08 04:00:00,26.6,0.0,99.3,6.0,6.8
2024-12-08 05:00:00,26.6,0.0,99.4,6.0,4.2
2024-12-08 06:00:00,26.3,0.0,99.4,12.0,5.4
2024-12-08 07:00:00,26.4,0.0,99.3,13.0,4.1
2024-12-08 08:00:00,27.0,0.0,93.4,14.0,7.2
2024-12-08 09:00:00,28.1,0.0,87.3,16.0,6.1
2024-12-08 10:00:00,28.8,0.0,85.7,9.0,6.0
2024-12-08 11:00:00,29.8,0.0,79.7,351.0,6.3
2024-12-08 12:00:00,30.8,0.0,72.7,8.0,8.89999
2024-12-08 13:00:00,31.5,0.0,68.9,21.0,7.9
2024-12-08 14:00:00,32.5,0.0,64.9,25.0,6.2
2024-12-08 15:00:00,28.5,0.0,87.6,23.0,7.3
2024-12-08 16:00:00,29.4,0.0,82.4,11.0,13.3
2024-12-08 17:00:00,27.2,0.0,99.4,15.0,5.2
2024-12-08 18:00:00,28.5,0.0,88.2,11.0,5.4
2024-12-08 19:00:00,28.4,0.0,91.9,9.0,5.8
2024-12-08 20:00:00,27.6,0.0,99.4,349.0,5.4
2024-12-08 21:00:00,28.0,0.0,99.0,346.0,3.5
2024-12-08 22:00:00,27.9,0.0,99.2,358.0,4.9
2024-12-08 23:00:00,27.8,0.0,99.0,349.0,4.1
2024-12-09 00:00:00,27.5,0.0,99.4,333.0,7.5
2024-12-09 01:00:00,24.8,0.2,99.4,289.0,10.4
2024-12-09 02:00:00,25.1,0.0,94.7,268.0,7.5
2024-12-09 03:00:00,25.1,0.0,97.1,14.0,8.0
2024-12-09 04:00:00,24.4,0.0,99.5,2.0,7.4
2024-12-09 05:00:00,24.6,0.0,99.5,4.0,5.8
2024-12-09 06:00:00,25.0,0.0,99.3,342.0,5.9
2024-12-09 07:00:00,24.9,0.0,99.4,337.0,2.8
2024-12-09 08:00:00,25.3,0.0,99.4,324.0,6.5
2024-12-09 09:00:00,24.7,0.2,99.4,305.0,9.7
2024-12-09 10:00:00,25.0,0.0,99.4,317.0,6.9
2024-12-09 11:00:00,25.3,0.0,99.4,298.0,9.60001
2024-12-09 12:00:00,26.5,0.0,98.5,290.0,5.8
2024-12-09 13:00:00,27.8,0.0,87.1,336.0,10.3
2024-12-09 14:00:00,29.3,0.0,77.0,314.0,8.5
2024-12-09 15:00:00,28.9,0.0,77.3,312.0,9.89999
2024-12-09 16:00:00,28.2,0.0,81.7,325.0,9.8
2024-12-09 17:00:00,27.5,0.0,84.2,316.0,11.3
2024-12-09 18:00:00,27.4,0.0,87.8,310.0,5.3
2024-12-09 19:00:00,27.1,0.0,87.2,309.0,6.6
2024-12-09 20:00:00,27.0,0.0,88.6,313.0,3.8
2024-12-09 21:00:00,26.3,0.0,91.8,307.0,6.5
2024-12-09 22:00:00,25.6,0.0,95.4,305.0,6.4
2024-12-09 23:00:00,25.3,0.0,99.3,313.0,5.9
2024-12-10 00:00:00,25.2,0.0,99.3,316.0,6.5
2024-12-10 01:00:00,24.9,0.0,99.3,297.0,6.7
2024-12-10 02:00:00,25.1,0.0,99.3,282.0,3.6
2024-12-10 03:00:00,25.4,0.0,96.9,309.0,5.8
2024-12-10 04:00:00,25.3,0.0,97.9,304.0,4.8
2024-12-10 05:00:00,25.4,0.0,94.3,298.0,5.5
2024-12-10 06:00:00,25.8,0.0,91.7,308.0,3.9
2024-12-10 07:00:00,25.3,0.0,92.4,312.0,5.8
2024-12-10 08:00:00,25.8,0.0,87.2,317.0,8.0
2024-12-10 09:00:00,25.9,0.0,88.7,310.0,9.2
2024-12-10 10:00:00,26.8,0.0,82.4,318.0,7.5
2024-12-10 11:00:00,27.4,0.0,80.6,322.0,6.2
2024-12-10 12:00:00,27.1,0.0,81.9,302.0,7.9
2024-12-10 13:00:00,27.3,0.0,81.2,313.0,8.60001
2024-12-10 14:00:00,27.5,0.0,84.0,308.0,9.5
2024-12-10 15:00:00,28.2,0.0,80.4,315.0,11.5
2024-12-10 16:00:00,28.7,0.0,76.7,322.0,8.7
2024-12-10 17:00:00,29.3,0.0,72.8,300.0,8.7
2024-12-10 18:00:00,28.7,0.0,75.5,341.0,9.0
2024-12-10 19:00:00,28.2,0.0,76.7,320.0,9.60001
2024-12-10 20:00:00,27.4,0.0,88.2,349.0,6.2
2024-12-10 21:00:00,27.2,0.0,92.1,327.0,5.4
2024-12-10 22:00:00,26.7,0.0,97.5,301.0,5.8
2024-12-10 23:00:00,26.9,0.0,92.1,316.0,2.8
2024-12-11 00:00:00,26.7,0.0,92.0,331.0,4.0
2024-12-11 01:00:00,26.5,0.0,88.9,316.0,5.8
2024-12-11 02:00:00,26.6,0.0,86.5,313.0,4.3
2024-12-11 03:00:00,26.0,0.0,93.3,2.0,5.9
2024-12-11 04:00:00,25.6,0.0,97.7,6.0,5.5
2024-12-11 05:00:00,25.2,0.0,99.3,358.0,3.9
2024-12-11 06:00:00,25.3,0.0,99.3,3.0,1.6
2024-12-11 07:00:00,25.9,0.0,90.7,288.0,4.2
2024-12-11 08:00:00,26.1,0.0,91.2,340.0,1.7
2024-12-11 09:00:00,27.4,0.0,81.3,289.0,3.5
2024-12-11 10:00:00,28.6,0.0,74.0,348.0,2.3
2024-12-11 11:00:00,29.1,0.0,70.1,313.0,3.4
2024-12-11 12:00:00,30.6,0.0,64.0,326.0,4.7
2024-12-11 13:00:00,31.1,0.0,60.2,272.0,7.6
2024-12-11 14:00:00,32.0,0.0,56.7,247.0,9.2
2024-12-11 15:00:00,32.0,0.0,57.2,248.0,6.1
2024-12-11 16:00:00,30.0,0.0,69.4,215.0,6.5
2024-12-11 17:00:00,30.9,0.0,65.4,225.0,3.6
2024-12-11 18:00:00,29.7,0.0,74.2,291.0,4.5
2024-12-11 19:00:00,28.0,0.0,90.3,343.0,1.4
2024-12-11 20:00:00,28.1,0.0,90.9,316.0,4.3
2024-12-11 21:00:00,27.9,0.0,89.3,277.0,5.7
2024-12-11 22:00:00,27.8,0.0,86.9,288.0,5.8
2024-12-11 23:00:00,27.8,0.0,86.2,244.0,5.3
2024-12-12 00:00:00,27.6,0.0,93.3,278.0,3.9
2024-12-12 01:00:00,27.6,0.0,99.3,307.0,5.1
2024-12-12 02:00:00,27.6,0.0,99.4,308.0,4.8
2024-12-12 03:00:00,27.3,0.0,99.4,295.0,5.1
2024-12-12 04:00:00,26.3,0.0,99.3,280.0,4.8
2024-12-12 05:00:00,26.3,0.0,99.4,282.0,4.4
2024-12-12 06:00:00,27.1,0.0,99.3,305.0,3.8
2024-12-12 07:00:00,26.4,0.0,99.4,344.0,3.3
2024-12-12 08:00:00,26.3,0.0,99.4,349.0,2.5
2024-12-12 09:00:00,27.5,0.0,95.7,324.0,5.8
2024-12-12 10:00:00,28.7,0.0,84.8,296.0,6.8
2024-12-12 11:00:00,28.8,0.0,82.4,255.0,7.5
2024-12-12 12:00:00,29.8,0.0,78.1,282.0,7.2
2024-12-12 13:00:00,29.6,0.0,78.4,278.0,6.6
2024-12-12 14:00:00,29.6,0.0,78.6,272.0,7.9
2024-12-12 15:00:00,29.3,0.0,84.5,268.0,6.5
2024-12-12 16:00:00,28.9,0.0,86.5,267.0,7.8
2024-12-12 17:00:00,29.0,0.0,89.0,276.0,4.2
2024-12-12 18:00:00,28.5,0.0,93.4,45.0,4.5
2024-12-12 19:00:00,27.7,0.0,94.9,72.0,2.8
2024-12-12 20:00:00,27.7,0.0,95.4,340.0,1.6
2024-12-12 21:00:00,27.9,0.0,94.2,331.0,0.5
2024-12-12 22:00:00,28.0,0.0,96.3,292.0,1.7
2024-12-12 23:00:00,27.7,0.0,99.3,317.0,2.6
2024-12-13 00:00:00,27.5,0.0,99.4,334.0,2.3
2024-12-13 01:00:00,27.5,0.0,99.3,289.0,2.6
2024-12-13 02:00:00,27.5,0.0,99.3,245.0,1.9
2024-12-13 03:00:00,23.9,6.2,99.6,281.0,14.9
2024-12-13 04:00:00,24.1,0.0,99.6,255.0,6.7
2024-12-13 05:00:00,23.8,0.0,99.6,256.0,7.4
2024-12-13 06:00:00,24.3,0.0,99.6,229.0,4.0
2024-12-13 07:00:00,25.1,0.0,99.6,239.0,6.2
2024-12-13 08:00:00,25.8,0.0,99.5,241.0,5.7
2024-12-13 09:00:00,26.6,0.0,99.4,235.0,5.4
2024-12-13 10:00:00,26.8,0.0,99.3,238.0,3.9
2024-12-13 11:00:00,27.1,0.0,97.0,279.0,5.1
2024-12-13 12:00:00,27.4,0.0,94.5,302.0,2.7
2024-12-13 13:00:00,27.5,0.0,93.8,312.0,3.3
2024-12-13 14:00:00,27.9,0.0,88.1,301.0,5.5
2024-12-13 15:00:00,28.3,0.0,86.5,302.0,3.0
2024-12-13 16:00:00,28.4,0.0,86.0,238.0,2.1
2024-12-13 17:00:00,28.5,0.0,85.8,263.0,1.4
2024-12-13 18:00:00,28.1,0.0,87.2,254.0,2.3
2024-12-13 19:00:00,28.0,0.0,90.8,298.0,2.5
2024-12-13 20:00:00,27.7,0.0,97.0,234.0,3.0
2024-12-13 21:00:00,27.6,0.0,99.3,275.0,2.7
2024-12-13 22:00:00,27.6,0.0,99.4,299.0,2.2
2024-12-13 23:00:00,27.4,0.0,99.4,349.0,2.4
2024-12-14 00:00:00,27.2,0.0,99.4,359.0,3.5
2024-12-14 01:00:00,27.0,0.0,99.4,319.0,1.9
2024-12-14 02:00:00,26.6,0.0,99.5,330.0,2.0
2024-12-14 03:00:00,26.8,0.0,99.4,295.0,3.7
2024-12-14 04:00:00,26.5,0.0,99.5,273.0,1.5
2024-12-14 05:00:00,26.0,0.0,99.6,300.0,2.8
2024-12-14 06:00:00,25.9,0.0,99.4,306.0,3.1
2024-12-14 07:00:00,26.0,0.0,99.3,323.0,3.0
2024-12-14 08:00:00,25.8,0.0,99.3,2.0,3.6
2024-12-14 09:00:00,28.0,0.0,89.7,10.0,2.4
2024-12-14 10:00:00,29.2,0.0,85.7,289.0,4.2
2024-12-14 11:00:00,30.1,0.0,78.8,242.0,3.2
2024-12-14 12:00:00,31.6,0.0,69.4,289.0,5.6
2024-12-14 13:00:00,30.8,0.0,71.8,291.0,7.8
2024-12-14 14:00:00,31.8,0.0,63.8,254.0,7.1
2024-12-14 15:00:00,31.8,0.0,60.7,267.0,11.8
2024-12-14 16:00:00,31.9,0.0,60.7,267.0,8.5
2024-12-14 17:00:00,31.7,0.0,62.6,264.0,8.10001
2024-12-14 18:00:00,32.1,0.0,58.8,248.0,7.3
2024-12-14 19:00:00,28.8,0.0,85.7,36.0,4.6
2024-12-14 20:00:00,27.9,0.0,94.8,37.0,3.7
2024-12-14 21:00:00,27.5,0.0,99.3,55.0,5.9
2024-12-14 22:00:00,27.6,0.0,99.3,53.0,5.2
2024-12-14 23:00:00,27.7,0.0,99.0,60.0,2.0
2024-12-15 00:00:00,27.6,0.0,99.1,53.0,4.1
2024-12-15 01:00:00,27.2,0.0,99.4,17.0,3.8
2024-12-15 02:00:00,27.1,0.0,99.4,25.0,3.8
2024-12-15 03:00:00,27.1,0.0,99.4,58.0,4.6
2024-12-15 04:00:00,26.9,0.0,99.4,46.0,3.4
2024-12-15 05:00:00,26.9,0.0,99.4,33.0,4.1
2024-12-15 06:00:00,26.6,0.0,99.4,19.0,2.3
2024-12-15 07:00:00,26.6,0.0,99.4,35.0,2.6
2024-12-15 08:00:00,27.2,0.0,99.4,23.0,2.7
2024-12-15 09:00:00,28.9,0.0,96.4,40.0,3.1
2024-12-15 10:00:00,29.1,0.0,90.6,355.0,3.4
2024-12-15 11:00:00,30.4,0.0,79.0,353.0,2.9
2024-12-15 12:00:00,33.0,0.0,62.3,6.0,1.2
2024-12-15 13:00:00,32.7,0.0,60.3,347.0,3.4
2024-12-15 14:00:00,33.1,0.0,59.7,295.0,3.0
2024-12-15 15:00:00,33.9,0.0,55.4,240.0,3.1
2024-12-15 16:00:00,34.1,0.0,56.7,220.0,3.2
2024-12-15 17:00:00,30.9,0.0,76.2,161.0,9.7
2024-12-15 18:00:00,28.1,0.0,95.7,68.0,7.6
2024-12-15 19:00:00,28.8,0.0,89.0,76.0,2.4
2024-12-15 20:00:00,26.9,0.0,99.4,58.0,5.5
2024-12-15 21:00:00,27.5,0.0,99.4,72.0,4.1
2024-12-15 22:00:00,27.5,0.0,99.4,58.0,4.3
2024-12-15 23:00:00,27.4,0.0,99.4,52.0,5.7
2024-12-16 00:00:00,27.3,0.0,99.4,53.0,4.5
2024-12-16 01:00:00,27.1,0.0,99.4,22.0,2.4
2024-12-16 02:00:00,26.9,0.0,99.5,21.0,4.0
2024-12-16 03:00:00,27.0,0.0,99.5,5.0,4.6
2024-12-16 04:00:00,26.8,0.0,99.5,355.0,3.5
2024-12-16 05:00:00,26.7,0.0,99.5,339.0,4.8
2024-12-16 06:00:00,27.0,0.0,99.4,302.0,2.0
2024-12-16 07:00:00,26.4,0.0,99.5,27.0,1.3
2024-12-16 08:00:00,27.6,0.0,99.4,30.0,2.3
2024-12-16 09:00:00,27.6,0.0,99.4,359.0,3.6
2024-12-16 10:00:00,29.1,0.0,92.0,20.0,4.7
2024-12-16 11:00:00,30.7,0.0,79.6,18.0,4.7
2024-12-16 12:00:00,31.8,0.0,69.6,9.0,4.4
2024-12-16 13:00:00,30.0,0.0,82.4,29.0,2.5
2024-12-16 14:00:00,24.8,5.0,99.5,347.0,9.3
2024-12-16 15:00:00,23.8,1.0,99.6,181.0,3.3
2024-12-16 16:00:00,25.5,0.0,99.6,47.0,8.2
2024-12-16 17:00:00,25.6,0.0,99.5,8.0,7.8
2024-12-16 18:00:00,25.6,0.0,99.5,45.0,3.0
2024-12-16 19:00:00,25.6,0.0,99.5,16.0,3.8
2024-12-16 20:00:00,25.9,0.0,99.5,15.0,6.9
2024-12-16 21:00:00,26.1,0.0,99.5,13.0,6.2
2024-12-16 22:00:00,26.6,0.0,99.4,16.0,7.9
2024-12-16 23:00:00,26.2,0.0,99.4,355.0,3.9
2024-12-17 00:00:00,26.2,0.0,99.4,6.0,4.6
2024-12-17 01:00:00,26.2,0.0,99.4,354.0,3.1
2024-12-17 02:00:00,26.1,0.0,99.4,,4.7
2024-12-17 03:00:00,25.8,0.0,99.5,357.0,2.4
2024-12-17 04:00:00,25.8,0.0,99.5,303.0,1.6
2024-12-17 05:00:00,25.9,0.0,99.4,293.0,3.7
2024-12-17 06:00:00,25.8,0.0,99.5,348.0,3.1
2024-12-17 07:00:00,25.6,0.0,99.5,7.0,2.1
2024-12-17 08:00:00,26.0,0.0,99.4,7.0,5.1
2024-12-17 09:00:00,26.6,0.0,99.4,354.0,4.0
2024-12-17 10:00:00,27.6,0.0,96.3,12.0,3.6
2024-12-17 11:00:00,28.3,0.0,90.5,4.0,7.2
2024-12-17 12:00:00,30.3,0.0,81.0,348.0,4.5
2024-12-17 13:00:00,30.5,0.0,73.7,2.0,6.9
2024-12-17 14:00:00,30.6,0.0,70.7,345.0,9.89999
2024-12-17 15:00:00,29.1,0.0,80.4,12.0,8.5
2024-12-17 16:00:00,29.3,0.0,83.0,21.0,9.0
2024-12-17 17:00:00,28.0,0.0,90.7,16.0,6.6
2024-12-17 18:00:00,28.3,0.0,88.6,8.0,7.5
2024-12-17 19:00:00,27.4,0.0,94.0,7.0,10.9
2024-12-17 20:00:00,26.6,0.0,99.4,3.0,7.3
2024-12-17 21:00:00,25.9,0.0,99.4,344.0,2.8
2024-12-17 22:00:00,25.5,0.0,99.5,359.0,4.3
2024-12-17 23:00:00,25.6,0.0,99.5,6.0,5.5
2024-12-18 00:00:00,25.7,0.0,99.4,2.0,3.9
2024-12-18 01:00:00,25.6,0.0,99.5,356.0,3.9
2024-12-18 02:00:00,25.5,0.0,99.5,330.0,3.0
2024-12-18 03:00:00,25.8,0.0,99.4,336.0,5.7
2024-12-18 04:00:00,25.3,0.0,99.5,299.0,3.7
2024-12-18 05:00:00,25.4,0.0,99.5,332.0,2.0
2024-12-18 06:00:00,25.2,0.0,99.5,8.0,5.3
2024-12-18 07:00:00,25.3,0.0,99.5,355.0,3.8
2024-12-18 08:00:00,25.7,0.0,99.4,342.0,6.1
2024-12-18 09:00:00,25.9,0.0,99.4,3.0,5.1
2024-12-18 10:00:00,26.1,0.0,99.4,3.0,6.3
2024-12-18 11:00:00,25.8,0.0,99.4,6.0,7.5
2024-12-18 12:00:00,25.8,0.0,99.4,354.0,6.9
2024-12-18 13:00:00,26.5,0.0,99.4,348.0,4.9
2024-12-18 14:00:00,27.2,0.0,94.6,358.0,9.7
2024-12-18 15:00:00,26.7,0.0,99.3,358.0,7.2
2024-12-18 16:00:00,26.8,0.0,99.3,357.0,11.1
2024-12-18 17:00:00,24.5,0.0,99.6,11.0,5.1
2024-12-18 18:00:00,25.3,0.0,99.5,7.0,8.3
2024-12-18 19:00:00,25.6,0.0,99.4,22.0,11.0
2024-12-18 20:00:00,25.7,0.0,99.3,19.0,8.89999
2024-12-18 21:00:00,25.5,0.0,99.4,1.0,6.3
2024-12-18 22:00:00,25.7,0.0,99.3,10.0,8.3
2024-12-18 23:00:00,25.5,0.0,99.4,11.0,7.4
2024-12-19 00:00:00,25.6,0.0,99.4,349.0,4.6
2024-12-19 01:00:00,25.3,0.0,99.4,338.0,4.2
2024-12-19 02:00:00,25.5,0.0,99.4,349.0,4.7
2024-12-19 03:00:00,25.3,0.0,99.4,343.0,3.6
2024-12-19 04:00:00,25.3,0.0,99.4,288.0,3.3
2024-12-19 05:00:00,25.5,0.0,99.4,305.0,4.8
2024-12-19 06:00:00,25.2,0.0,99.4,273.0,6.7
2024-12-19 07:00:00,25.4,0.0,99.4,296.0,5.1
2024-12-19 08:00:00,26.1,0.0,98.3,4.0,3.8
2024-12-19 09:00:00,26.2,0.0,99.4,11.0,6.8
2024-12-19 10:00:00,26.8,0.0,95.6,16.0,8.3
2024-12-19 11:00:00,27.5,0.0,91.7,8.0,6.3
2024-12-19 12:00:00,27.8,0.0,85.4,5.0,11.4
2024-12-19 13:00:00,27.7,0.0,85.3,359.0,9.2
2024-12-19 14:00:00,27.6,0.0,88.9,1.0,7.4
2024-12-19 15:00:00,27.3,0.0,91.3,357.0,8.39999
2024-12-19 16:00:00,28.3,0.0,79.9,8.0,8.3
2024-12-19 17:00:00,28.3,0.0,79.4,5.0,11.0
2024-12-19 18:00:00,28.0,0.0,82.0,16.0,9.3
2024-12-19 19:00:00,27.6,0.0,86.2,12.0,7.2
2024-12-19 20:00:00,27.3,0.0,89.6,7.0,8.0
2024-12-19 21:00:00,27.2,0.0,90.1,2.0,5.9
2024-12-19 22:00:00,27.0,0.0,93.2,352.0,4.9
2024-12-19 23:00:00,26.9,0.0,94.1,356.0,5.0
2024-12-20 00:00:00,26.8,0.0,94.5,3.0,6.7
2024-12-20 01:00:00,26.6,0.0,96.0,352.0,3.7
2024-12-20 02:00:00,25.7,0.0,99.4,9.0,5.4
2024-12-20 03:00:00,25.6,0.0,99.4,5.0,6.9
2024-12-20 04:00:00,25.2,0.0,99.4,21.0,6.1
2024-12-20 05:00:00,25.1,0.0,99.4,12.0,6.5
2024-12-20 06:00:00,25.2,0.0,99.4,33.0,7.3
2024-12-20 07:00:00,24.9,0.0,99.4,51.0,6.2
2024-12-20 08:00:00,25.4,0.0,99.4,42.0,8.7
2024-12-20 09:00:00,26.2,0.0,99.3,27.0,9.0
2024-12-20 10:00:00,26.9,0.0,92.9,15.0,7.2
2024-12-20 11:00:00,27.4,0.0,90.5,19.0,9.2
2024-12-20 12:00:00,28.4,0.0,83.3,23.0,10.1
2024-12-20 13:00:00,29.0,0.0,78.6,35.0,9.89999
2024-12-20 14:00:00,28.9,0.0,78.3,13.0,8.39999
2024-12-20 15:00:00,29.3,0.0,72.5,15.0,9.10001
2024-12-20 16:00:00,29.3,0.0,75.6,357.0,6.2
2024-12-20 17:00:00,27.9,0.0,88.1,14.0,6.6
2024-12-20 18:00:00,27.8,0.0,92.4,59.0,8.60001
2024-12-20 19:00:00,27.4,0.0,95.8,47.0,8.0
2024-12-20 20:00:00,26.5,0.0,99.4,14.0,8.3
2024-12-20 21:00:00,26.5,0.0,99.4,53.0,6.0
2024-12-20 22:00:00,26.1,0.0,99.4,13.0,7.4
2024-12-20 23:00:00,26.1,0.0,98.7,37.0,3.9
2024-12-21 00:00:00,26.0,0.0,99.3,47.0,4.3
2024-12-21 01:00:00,25.6,0.0,99.4,5.0,3.8
2024-12-21 02:00:00,26.0,0.0,99.4,23.0,5.9
2024-12-21 03:00:00,26.0,0.0,99.4,24.0,4.8
2024-12-21 04:00:00,25.9,0.0,99.4,15.0,5.5
2024-12-21 05:00:00,25.7,0.0,99.4,354.0,2.7
2024-12-21 06:00:00,25.6,0.0,99.4,28.0,1.2
2024-12-21 07:00:00,25.7,0.0,99.4,353.0,1.4
2024-12-21 08:00:00,26.1,0.0,99.4,358.0,3.4
2024-12-21 09:00:00,26.9,0.0,98.7,,6.2
2024-12-21 10:00:00,28.2,0.0,87.7,14.0,6.8
2024-12-21 11:00:00,29.4,0.0,76.3,24.0,10.6
2024-12-21 12:00:00,30.3,0.0,69.7,16.0,8.3
2024-12-21 13:00:00,31.5,0.0,66.1,7.0,4.9
2024-12-21 14:00:00,28.9,0.0,82.3,49.0,11.5
2024-12-21 15:00:00,28.1,0.0,88.4,48.0,12.7
2024-12-21 16:00:00,27.9,0.0,93.1,16.0,6.4
2024-12-21 17:00:00,27.7,0.0,98.8,65.0,5.0
2024-12-21 18:00:00,27.2,0.0,99.3,29.0,8.39999
2024-12-21 19:00:00,27.0,0.0,91.5,20.0,8.60001
2024-12-21 20:00:00,26.5,0.0,99.3,18.0,6.4
2024-12-21 21:00:00,26.7,0.0,94.8,25.0,8.5
2024-12-21 22:00:00,26.4,0.0,97.9,13.0,6.7
2024-12-21 23:00:00,26.4,0.0,98.7,60.0,4.3
2024-12-22 00:00:00,26.1,0.0,99.3,49.0,3.5
2024-12-22 01:00:00,26.0,0.0,99.4,58.0,4.7
2024-12-22 02:00:00,26.0,0.0,99.4,29.0,3.8
2024-12-22 03:00:00,25.9,0.0,99.4,52.0,2.3
2024-12-22 04:00:00,26.1,0.0,99.4,52.0,5.9
2024-12-22 05:00:00,25.9,0.0,99.4,52.0,6.1
2024-12-22 06:00:00,25.8,0.0,99.4,16.0,5.7
2024-12-22 07:00:00,25.8,0.0,99.4,17.0,3.4
2024-12-22 08:00:00,26.0,0.0,99.4,27.0,4.9
2024-12-22 09:00:00,26.6,0.0,96.9,35.0,3.5
2024-12-22 10:00:00,27.8,0.0,78.5,53.0,7.0
2024-12-22 11:00:00,28.4,0.0,76.5,21.0,7.8
2024-12-22 12:00:00,29.5,0.0,66.2,24.0,10.1
2024-12-22 13:00:00,30.2,0.0,64.2,35.0,6.8
2024-12-22 14:00:00,30.7,0.0,64.8,11.0,9.0
2024-12-22 15:00:00,30.5,0.0,65.4,64.0,5.7
2024-12-22 16:00:00,30.1,0.0,65.7,49.0,7.9
2024-12-22 17:00:00,27.0,0.4,94.4,26.0,6.0
2024-12-22 18:00:00,28.1,0.0,82.2,53.0,9.39999
2024-12-22 19:00:00,27.5,0.0,85.0,57.0,9.3
2024-12-22 20:00:00,27.0,0.0,87.5,59.0,9.10001
2024-12-22 21:00:00,26.7,0.0,90.1,56.0,9.0
2024-12-22 22:00:00,26.4,0.0,94.0,48.0,4.7
2024-12-22 23:00:00,26.3,0.0,93.5,55.0,9.10001
2024-12-23 00:00:00,26.1,0.0,95.6,55.0,8.10001
2024-12-23 01:00:00,26.1,0.0,96.8,56.0,8.5
2024-12-23 02:00:00,26.1,0.0,96.5,60.0,7.3
2024-12-23 03:00:00,25.9,0.0,97.7,56.0,6.4
2024-12-23 04:00:00,25.7,0.0,99.3,59.0,7.2
2024-12-23 05:00:00,25.7,0.0,99.4,56.0,7.8
2024-12-23 06:00:00,26.0,0.0,99.2,55.0,7.2
2024-12-23 07:00:00,25.7,0.0,99.3,54.0,5.9
2024-12-23 08:00:00,26.2,0.0,99.3,55.0,4.8
2024-12-23 09:00:00,26.9,0.0,95.7,45.0,8.0
2024-12-23 10:00:00,28.3,0.0,88.4,42.0,8.2
2024-12-23 11:00:00,28.9,0.0,82.2,12.0,8.8
2024-12-23 12:00:00,29.9,0.0,75.4,8.0,6.7
2024-12-23 13:00:00,30.4,0.0,72.6,13.0,7.2
2024-12-23 14:00:00,29.3,0.0,80.1,21.0,6.9
2024-12-23 15:00:00,29.7,0.0,76.1,16.0,8.89999
2024-12-23 16:00:00,27.4,0.0,92.5,19.0,13.2
2024-12-23 17:00:00,27.2,0.0,96.0,72.0,8.3
2024-12-23 18:00:00,25.7,0.8,99.4,5.0,2.5
2024-12-23 19:00:00,25.7,0.0,99.5,61.0,4.8
2024-12-23 20:00:00,25.0,0.0,99.5,12.0,8.89999
2024-12-23 21:00:00,24.2,0.2,99.6,322.0,2.9
2024-12-23 22:00:00,24.4,0.4,99.6,9.0,2.0
2024-12-23 23:00:00,24.3,0.2,99.6,22.0,1.8
2024-12-24 00:00:00,24.4,0.0,99.6,2.0,3.4
2024-12-24 01:00:00,24.3,0.2,99.6,319.0,3.1
2024-12-24 02:00:00,24.4,0.0,99.6,21.0,2.1
2024-12-24 03:00:00,24.4,0.0,99.6,41.0,2.2
2024-12-24 04:00:00,24.4,0.0,99.6,29.0,2.4
2024-12-24 05:00:00,24.4,0.0,99.6,49.0,4.2
2024-12-24 06:00:00,24.5,0.0,99.5,66.0,4.3
2024-12-24 07:00:00,24.7,0.0,99.5,65.0,5.3
2024-12-24 08:00:00,25.0,0.0,99.4,67.0,4.3
2024-12-24 09:00:00,25.5,0.0,99.4,24.0,4.7
2024-12-24 10:00:00,26.3,0.0,99.3,11.0,7.0
2024-12-24 11:00:00,27.8,0.0,86.8,18.0,7.4
2024-12-24 12:00:00,28.9,0.0,77.8,359.0,6.0
2024-12-24 13:00:00,30.3,0.0,68.0,28.0,5.0
2024-12-24 14:00:00,31.6,0.0,62.1,10.0,4.1
2024-12-24 15:00:00,26.5,0.0,99.4,106.0,3.9
2024-12-24 16:00:00,27.8,0.0,94.0,88.0,5.1
2024-12-24 17:00:00,26.7,0.0,97.6,35.0,7.6
2024-12-24 18:00:00,27.3,0.0,92.6,76.0,6.7
2024-12-24 19:00:00,27.2,0.0,90.4,81.0,6.2
2024-12-24 20:00:00,27.0,0.0,88.7,63.0,7.2
2024-12-24 21:00:00,26.2,0.0,98.9,51.0,10.1
2024-12-24 22:00:00,25.9,0.0,99.3,51.0,5.7
2024-12-24 23:00:00,25.8,0.0,99.3,19.0,7.2
2024-12-25 00:00:00,25.9,0.0,95.1,28.0,4.2
2024-12-25 01:00:00,25.6,0.0,96.7,59.0,4.8
2024-12-25 02:00:00,25.4,0.0,99.3,43.0,5.5
2024-12-25 03:00:00,25.2,0.0,99.3,16.0,5.9
2024-12-25 04:00:00,25.3,0.0,97.8,20.0,3.0
2024-12-25 05:00:00,25.3,0.0,96.2,36.0,2.8
2024-12-25 06:00:00,25.3,0.0,96.6,45.0,1.9
2024-12-25 07:00:00,25.7,0.0,92.5,54.0,2.0
2024-12-25 08:00:00,26.2,0.0,87.8,45.0,4.3
2024-12-25 09:00:00,27.1,0.0,85.1,11.0,6.3
2024-12-25 10:00:00,27.8,0.0,78.6,9.0,8.3
2024-12-25 11:00:00,28.8,0.0,73.0,16.0,8.10001
2024-12-25 12:00:00,29.3,0.0,62.7,9.0,8.3
2024-12-25 13:00:00,30.2,0.0,61.3,32.0,6.1
2024-12-25 14:00:00,29.8,0.0,63.8,3.0,5.5
2024-12-25 15:00:00,29.5,0.0,63.5,8.0,6.2
2024-12-25 16:00:00,28.8,0.0,68.3,14.0,6.5
2024-12-25 17:00:00,28.4,0.0,70.3,7.0,6.2
2024-12-25 18:00:00,27.7,0.0,76.0,1.0,6.8
2024-12-25 19:00:00,26.8,0.0,84.1,358.0,7.5
2024-12-25 20:00:00,26.3,0.0,84.3,10.0,5.1
2024-12-25 21:00:00,26.6,0.0,76.8,14.0,4.0
2024-12-25 22:00:00,26.4,0.0,79.8,4.0,3.3
2024-12-25 23:00:00,25.9,0.0,83.9,12.0,5.3
2024-12-26 00:00:00,25.5,0.0,90.0,358.0,3.7
2024-12-26 01:00:00,25.5,0.0,86.7,358.0,5.6
2024-12-26 02:00:00,25.7,0.0,83.1,358.0,4.1
2024-12-26 03:00:00,25.9,0.0,79.3,,4.7
2024-12-26 04:00:00,25.9,0.0,81.9,17.0,4.9
2024-12-26 05:00:00,25.8,0.0,83.9,2.0,4.0
2024-12-26 06:00:00,25.8,0.0,86.8,333.0,2.4
2024-12-26 07:00:00,25.7,0.0,90.5,349.0,3.7
2024-12-26 08:00:00,26.1,0.0,89.7,332.0,0.9
2024-12-26 09:00:00,26.6,0.0,88.7,12.0,5.0
2024-12-26 10:00:00,27.4,0.0,84.3,18.0,3.7
2024-12-26 11:00:00,28.3,0.0,81.3,17.0,4.4
2024-12-26 12:00:00,29.0,0.0,77.3,17.0,4.5
2024-12-26 13:00:00,29.6,0.0,74.4,15.0,4.4
2024-12-26 14:00:00,27.9,0.2,85.9,6.0,6.5
2024-12-26 15:00:00,29.6,0.0,78.6,49.0,3.9
2024-12-26 16:00:00,29.2,0.0,77.8,79.0,6.2
2024-12-26 17:00:00,29.3,0.0,72.0,105.0,4.4
2024-12-26 18:00:00,28.0,0.0,87.0,198.0,2.9
2024-12-26 19:00:00,28.2,0.0,84.1,38.0,4.3
2024-12-26 20:00:00,27.7,0.0,84.2,48.0,3.4
2024-12-26 21:00:00,27.4,0.0,83.2,52.0,4.5
2024-12-26 22:00:00,26.8,0.0,93.3,49.0,4.6
2024-12-26 23:00:00,26.6,0.0,99.3,58.0,6.0
2024-12-27 00:00:00,26.6,0.0,99.3,70.0,4.7
2024-12-27 01:00:00,26.5,0.0,99.4,58.0,3.2
2024-12-27 02:00:00,26.4,0.0,99.4,58.0,3.9
2024-12-27 03:00:00,26.2,0.0,99.4,11.0,3.1
2024-12-27 04:00:00,26.1,0.0,99.4,26.0,2.8
2024-12-27 05:00:00,26.3,0.0,99.4,45.0,5.2
2024-12-27 06:00:00,26.0,0.0,99.4,24.0,3.8
2024-12-27 07:00:00,26.0,0.0,99.4,70.0,3.1
2024-12-27 08:00:00,26.3,0.0,99.3,76.0,3.2
2024-12-27 09:00:00,27.1,0.0,98.1,17.0,1.5
2024-12-27 10:00:00,27.9,0.0,93.2,13.0,2.7
2024-12-27 11:00:00,29.0,0.0,80.3,3.0,4.3
2024-12-27 12:00:00,29.5,0.0,74.4,354.0,5.5
2024-12-27 13:00:00,31.0,0.0,65.2,19.0,4.5
2024-12-27 14:00:00,31.4,0.0,63.4,17.0,4.4
2024-12-27 15:00:00,29.7,0.0,69.1,19.0,7.6
2024-12-27 16:00:00,29.6,0.0,72.0,46.0,7.2
2024-12-27 17:00:00,29.6,0.0,72.1,64.0,6.4
2024-12-27 18:00:00,28.8,0.0,79.9,78.0,7.6
2024-12-27 19:00:00,28.3,0.0,80.6,59.0,8.3
2024-12-27 20:00:00,27.8,0.0,77.3,60.0,7.5
2024-12-27 21:00:00,27.3,0.0,82.8,50.0,6.5
2024-12-27 22:00:00,27.0,0.0,89.7,57.0,6.3
2024-12-27 23:00:00,26.6,0.0,93.1,57.0,6.4
2024-12-28 00:00:00,26.4,0.0,95.0,56.0,6.6
2024-12-28 01:00:00,26.5,0.0,94.5,74.0,4.9
2024-12-28 02:00:00,26.2,0.0,97.5,43.0,7.2
2024-12-28 03:00:00,25.8,0.0,99.4,45.0,4.4
2024-12-28 04:00:00,25.7,0.0,99.3,16.0,5.3
2024-12-28 05:00:00,25.6,0.0,99.4,19.0,2.7
2024-12-28 06:00:00,25.8,0.0,99.3,43.0,3.5
2024-12-28 07:00:00,25.6,0.0,99.4,53.0,6.7
2024-12-28 08:00:00,25.8,0.0,99.4,46.0,2.7
2024-12-28 09:00:00,27.0,0.0,95.9,6.0,4.6
2024-12-28 10:00:00,28.7,0.0,84.6,52.0,7.1
2024-12-28 11:00:00,29.5,0.0,75.1,33.0,10.6
2024-12-28 12:00:00,29.8,0.0,74.4,30.0,10.0
2024-12-28 13:00:00,30.1,0.0,72.6,65.0,8.60001
2024-12-28 14:00:00,31.4,0.0,67.1,50.0,9.10001
2024-12-28 15:00:00,31.0,0.0,66.2,60.0,7.7
2024-12-28 16:00:00,30.6,0.0,67.9,57.0,9.39999
2024-12-28 17:00:00,30.1,0.0,67.9,44.0,11.0
2024-12-28 18:00:00,29.6,0.0,69.8,55.0,10.6
2024-12-28 19:00:00,28.5,0.0,80.3,56.0,9.60001
2024-12-28 20:00:00,28.0,0.0,85.2,50.0,7.8
2024-12-28 21:00:00,27.6,0.0,91.8,54.0,8.8
2024-12-28 22:00:00,27.3,0.0,96.8,52.0,7.9
2024-12-28 23:00:00,27.1,0.0,96.1,51.0,10.5
2024-12-29 00:00:00,26.6,0.0,99.3,24.0,5.2
2024-12-29 01:00:00,26.5,0.0,99.4,20.0,6.4
2024-12-29 02:00:00,26.6,0.0,99.4,54.0,7.8
2024-12-29 03:00:00,26.4,0.0,99.4,33.0,4.9
2024-12-29 04:00:00,26.4,0.0,99.4,46.0,7.0
2024-12-29 05:00:00,26.2,0.0,99.4,14.0,5.9
2024-12-29 06:00:00,26.2,0.0,99.4,37.0,4.8
2024-12-29 07:00:00,25.9,0.0,99.4,13.0,5.7
2024-12-29 08:00:00,26.4,0.0,99.4,,4.7
2024-12-29 09:00:00,27.8,0.0,95.4,36.0,5.7
2024-12-29 10:00:00,29.3,0.0,86.6,28.0,6.2
2024-12-29 11:00:00,29.3,0.0,79.6,55.0,13.0
2024-12-29 12:00:00,30.9,0.0,69.1,30.0,7.7
2024-12-29 13:00:00,30.8,0.0,68.1,11.0,9.39999
2024-12-29 14:00:00,30.5,0.0,77.1,81.0,5.1
2024-12-29 15:00:00,31.1,0.0,68.4,49.0,7.8
2024-12-29 16:00:00,29.8,0.0,74.5,36.0,10.3
2024-12-29 17:00:00,24.1,0.2,99.6,201.0,3.9
2024-12-29 18:00:00,24.7,0.0,99.6,162.0,2.6
2024-12-29 19:00:00,25.2,0.0,99.6,32.0,2.3
2024-12-29 20:00:00,26.1,0.0,99.4,342.0,2.9
2024-12-29 21:00:00,26.0,0.0,99.5,33.0,4.1
2024-12-29 22:00:00,26.6,0.0,99.4,45.0,7.6
2024-12-29 23:00:00,26.9,0.0,99.3,50.0,7.5
2024-12-30 00:00:00,26.1,0.0,99.4,32.0,5.8
2024-12-30 01:00:00,25.5,0.0,99.4,8.0,5.7
2024-12-30 02:00:00,25.3,0.0,99.4,2.0,4.8
2024-12-30 03:00:00,24.8,0.0,99.5,352.0,6.0
2024-12-30 04:00:00,23.3,0.4,99.6,17.0,6.2
2024-12-30 05:00:00,23.9,0.0,99.6,53.0,3.7
2024-12-30 06:00:00,24.2,0.2,99.5,359.0,3.5
2024-12-30 07:00:00,24.6,0.0,99.4,334.0,4.9
2024-12-30 08:00:00,25.1,0.0,99.4,294.0,4.2
2024-12-30 09:00:00,25.7,0.0,99.4,202.0,0.8
2024-12-30 10:00:00,26.6,0.0,98.9,13.0,1.8
2024-12-30 11:00:00,26.5,0.0,99.1,3.0,3.5
2024-12-30 12:00:00,27.6,0.0,94.5,72.0,6.3
2024-12-30 13:00:00,27.5,0.0,90.8,26.0,8.0
2024-12-30 14:00:00,27.8,0.0,91.2,18.0,5.6
2024-12-30 15:00:00,29.9,0.0,74.3,10.0,6.1
2024-12-30 16:00:00,28.5,0.0,79.1,13.0,10.9
2024-12-30 17:00:00,28.2,0.0,88.8,45.0,6.5
2024-12-30 18:00:00,25.4,0.2,99.5,33.0,7.7
2024-12-30 19:00:00,26.5,0.0,95.7,1.0,6.0
2024-12-30 20:00:00,25.7,0.0,99.4,12.0,5.8
2024-12-30 21:00:00,25.7,0.0,99.4,15.0,5.7
2024-12-30 22:00:00,25.8,0.0,99.3,15.0,9.3
2024-12-30 23:00:00,25.8,0.0,99.3,9.0,6.2
2024-12-31 00:00:00,25.5,0.0,99.4,64.0,5.4
2024-12-31 01:00:00,25.2,0.0,99.4,29.0,2.1
2024-12-31 02:00:00,25.4,0.0,99.4,13.0,6.6
2024-12-31 03:00:00,25.4,0.0,99.4,4.0,6.3
2024-12-31 04:00:00,25.4,0.0,99.4,1.0,5.5
2024-12-31 05:00:00,25.4,0.0,99.4,5.0,4.9
2024-12-31 06:00:00,25.3,0.0,99.4,348.0,2.8
2024-12-31 07:00:00,25.3,0.0,99.4,357.0,4.2
2024-12-31 08:00:00,25.5,0.0,99.4,2.0,5.1
2024-12-31 09:00:00,26.9,0.0,97.6,14.0,5.9
2024-12-31 10:00:00,27.7,0.0,87.3,19.0,8.89999
2024-12-31 11:00:00,28.5,0.0,82.4,8.0,8.39999
2024-12-31 12:00:00,29.9,0.0,74.1,26.0,7.8
2024-12-31 13:00:00,30.4,0.0,68.7,12.0,7.6
2024-12-31 14:00:00,30.8,0.0,67.3,18.0,4.3
2024-12-31 15:00:00,28.6,0.0,82.2,21.0,6.8
2024-12-31 16:00:00,25.5,0.2,99.4,333.0,12.4
2024-12-31 17:00:00,26.1,0.0,99.4,132.0,6.7
2024-12-31 18:00:00,25.9,0.2,99.4,220.0,4.2
2024-12-31 19:00:00,25.1,0.0,99.6,220.0,1.2
2024-12-31 20:00:00,25.7,0.0,99.5,14.0,2.3
2024-12-31 21:00:00,26.6,0.0,98.7,33.0,5.9
2024-12-31 22:00:00,26.6,0.0,96.6,35.0,4.3
2024-12-31 23:00:00,26.0,0.0,99.3,47.0,4.0
2025-01-01 00:00:00,25.8,0.0,99.4,61.0,4.5
2025-01-01 01:00:00,25.8,0.0,99.4,55.0,3.5
2025-01-01 02:00:00,25.6,0.0,99.4,7.0,5.1
2025-01-01 03:00:00,25.7,0.0,99.4,357.0,3.6
2025-01-01 04:00:00,25.5,0.0,99.4,21.0,4.8
2025-01-01 05:00:00,25.1,0.0,99.4,6.0,4.3
2025-01-01 06:00:00,25.0,0.0,99.4,24.0,1.9
2025-01-01 07:00:00,25.2,0.0,99.4,321.0,1.8
2025-01-01 08:00:00,25.7,0.0,99.4,18.0,3.2
2025-01-01 09:00:00,26.3,0.0,99.3,357.0,4.3
2025-01-01 10:00:00,27.7,0.0,90.1,6.0,6.4
2025-01-01 11:00:00,28.8,0.0,77.1,5.0,7.3
2025-01-01 12:00:00,30.2,0.0,68.0,26.0,9.2
2025-01-01 13:00:00,30.0,0.0,72.3,22.0,5.7
2025-01-01 14:00:00,29.8,0.0,72.2,37.0,6.7
2025-01-01 15:00:00,30.0,0.0,69.6,89.0,6.0
2025-01-01 16:00:00,24.6,2.6,99.6,228.0,9.39999
2025-01-01 17:00:00,24.8,0.0,99.6,85.0,4.5
2025-01-01 18:00:00,27.3,0.0,81.4,77.0,3.8
2025-01-01 19:00:00,27.1,0.0,90.9,43.0,1.1
2025-01-01 20:00:00,27.1,0.0,93.0,42.0,2.5
2025-01-01 21:00:00,27.0,0.0,94.2,54.0,5.7
2025-01-01 22:00:00,26.7,0.0,95.1,24.0,4.4
2025-01-01 23:00:00,26.5,0.0,94.9,39.0,3.6
2025-01-02 00:00:00,26.3,0.0,96.5,41.0,3.2
2025-01-02 01:00:00,26.2,0.0,99.3,11.0,4.9
2025-01-02 02:00:00,26.0,0.0,99.4,30.0,2.9
2025-01-02 03:00:00,25.7,0.0,99.4,26.0,2.5
2025-01-02 04:00:00,25.5,0.0,99.4,32.0,3.0
2025-01-02 05:00:00,25.6,0.0,99.4,13.0,6.4
2025-01-02 06:00:00,25.7,0.0,99.4,15.0,4.9
2025-01-02 07:00:00,25.6,0.0,99.4,51.0,2.7
2025-01-02 08:00:00,25.9,0.0,99.3,24.0,3.3
2025-01-02 09:00:00,27.4,0.0,91.6,25.0,3.1
2025-01-02 10:00:00,28.9,0.0,80.5,17.0,5.2
2025-01-02 11:00:00,29.0,0.0,78.6,4.0,6.4
2025-01-02 12:00:00,29.8,0.0,71.1,359.0,5.5
2025-01-02 13:00:00,30.4,0.0,65.4,26.0,7.5
2025-01-02 14:00:00,30.4,0.0,69.3,49.0,4.5
2025-01-02 15:00:00,29.8,0.0,71.2,57.0,6.6
2025-01-02 16:00:00,29.2,0.0,79.2,76.0,5.6
2025-01-02 17:00:00,27.0,0.0,99.1,141.0,2.6
2025-01-02 18:00:00,28.5,0.0,82.6,54.0,6.6
2025-01-02 19:00:00,27.8,0.0,87.0,16.0,9.8
2025-01-02 20:00:00,27.1,0.0,92.8,70.0,5.1
2025-01-02 21:00:00,27.2,0.0,94.8,60.0,5.6
2025-01-02 22:00:00,27.2,0.0,95.5,61.0,5.8
2025-01-02 23:00:00,26.9,0.0,94.8,54.0,6.5
2025-01-03 00:00:00,26.6,0.0,96.5,53.0,7.7
2025-01-03 01:00:00,26.2,0.0,98.1,56.0,7.7
2025-01-03 02:00:00,26.3,0.0,95.6,53.0,7.7
2025-01-03 03:00:00,26.2,0.0,96.8,53.0,7.1
2025-01-03 04:00:00,25.9,0.0,99.2,57.0,6.3
2025-01-03 05:00:00,25.7,0.0,99.3,49.0,3.4
2025-01-03 06:00:00,25.5,0.0,99.4,48.0,3.2
2025-01-03 07:00:00,25.3,0.0,99.4,29.0,2.8
2025-01-03 08:00:00,25.7,0.0,99.4,5.0,4.3
2025-01-03 09:00:00,27.1,0.0,91.7,8.0,5.0
2025-01-03 10:00:00,28.3,0.0,81.6,11.0,6.5
2025-01-03 11:00:00,29.3,0.0,71.9,10.0,7.6
2025-01-03 12:00:00,30.6,0.0,62.5,8.0,8.0
2025-01-03 13:00:00,31.5,0.0,61.4,15.0,6.9
2025-01-03 14:00:00,30.9,0.0,66.7,21.0,7.0
2025-01-03 15:00:00,31.6,0.0,61.5,38.0,4.6
2025-01-03 16:00:00,29.3,0.0,81.0,114.0,4.9
2025-01-03 17:00:00,30.0,0.0,70.1,69.0,7.1
2025-01-03 18:00:00,27.7,0.0,84.4,252.0,7.8
2025-01-03 19:00:00,25.1,0.0,99.6,259.0,2.1
2025-01-03 20:00:00,27.4,0.0,87.3,17.0,3.1
2025-01-03 21:00:00,27.6,0.0,84.3,50.0,6.3
2025-01-03 22:00:00,27.4,0.0,86.0,25.0,7.1
2025-01-03 23:00:00,27.1,0.0,88.5,11.0,5.4
2025-01-04 00:00:00,26.9,0.0,89.8,10.0,7.6
2025-01-04 01:00:00,26.8,0.0,93.1,9.0,5.9
2025-01-04 02:00:00,26.7,0.0,95.5,13.0,5.0
2025-01-04 03:00:00,26.5,0.0,98.1,29.0,4.5
2025-01-04 04:00:00,26.2,0.0,99.3,65.0,3.0
2025-01-04 05:00:00,26.2,0.0,99.3,14.0,5.3
2025-01-04 06:00:00,26.1,0.0,99.3,10.0,5.0
2025-01-04 07:00:00,26.6,0.0,97.7,293.0,2.7
2025-01-04 08:00:00,26.5,0.0,96.4,12.0,1.7
2025-01-04 09:00:00,27.3,0.0,91.2,3.0,6.0
2025-01-04 10:00:00,27.5,0.0,90.5,352.0,4.5
2025-01-04 11:00:00,28.3,0.0,83.1,18.0,9.89999
2025-01-04 12:00:00,29.4,0.0,70.9,12.0,10.1
2025-01-04 13:00:00,30.2,0.0,69.1,14.0,9.8
2025-01-04 14:00:00,30.1,0.0,70.1,24.0,10.7
2025-01-04 15:00:00,30.5,0.0,68.9,11.0,10.7
2025-01-04 16:00:00,30.8,0.0,65.7,22.0,8.2
2025-01-04 17:00:00,29.3,0.0,71.7,25.0,8.0
2025-01-04 18:00:00,28.9,0.0,71.6,18.0,10.7
2025-01-04 19:00:00,28.4,0.0,73.6,21.0,10.5
2025-01-04 20:00:00,27.7,0.0,81.1,13.0,7.9
2025-01-04 21:00:00,27.3,0.0,82.2,23.0,5.9
2025-01-04 22:00:00,27.0,0.0,88.6,42.0,4.7
2025-01-04 23:00:00,26.7,0.0,92.3,29.0,2.8
2025-01-05 00:00:00,26.4,0.0,95.5,8.0,6.2
2025-01-05 01:00:00,26.5,0.0,94.7,11.0,6.7
2025-01-05 02:00:00,26.3,0.0,97.7,16.0,7.1
2025-01-05 03:00:00,26.2,0.0,99.1,17.0,6.9
2025-01-05 04:00:00,25.9,0.0,99.3,57.0,4.5
2025-01-05 05:00:00,25.6,0.0,99.4,14.0,5.4
2025-01-05 06:00:00,25.9,0.0,99.3,15.0,6.1
2025-01-05 07:00:00,26.0,0.0,99.3,17.0,7.6
2025-01-05 08:00:00,26.1,0.0,99.3,9.0,6.1
2025-01-05 09:00:00,27.5,0.0,90.4,17.0,7.5
2025-01-05 10:00:00,27.8,0.0,87.6,13.0,8.0
2025-01-05 11:00:00,29.2,0.0,77.7,15.0,8.0
2025-01-05 12:00:00,30.6,0.0,69.2,13.0,7.9
2025-01-05 13:00:00,31.4,0.0,65.2,17.0,8.8
2025-01-05 14:00:00,31.4,0.0,65.0,24.0,8.7
2025-01-05 15:00:00,31.5,0.0,62.4,22.0,5.8
2025-01-05 16:00:00,30.7,0.0,71.0,26.0,10.2
2025-01-05 17:00:00,29.8,0.0,74.3,19.0,10.6
2025-01-05 18:00:00,28.4,0.0,81.9,43.0,10.1
2025-01-05 19:00:00,27.8,0.0,84.6,28.0,8.0
2025-01-05 20:00:00,27.5,0.0,85.5,20.0,5.9
2025-01-05 21:00:00,27.1,0.0,86.3,12.0,9.10001
2025-01-05 22:00:00,26.9,0.0,87.7,17.0,7.2
2025-01-05 23:00:00,26.6,0.0,93.0,23.0,6.5
2025-01-06 00:00:00,26.4,0.0,96.5,34.0,5.6
2025-01-06 01:00:00,26.4,0.0,95.4,53.0,9.60001
2025-01-06 02:00:00,26.3,0.0,96.4,31.0,6.4
2025-01-06 03:00:00,26.3,0.0,97.1,25.0,9.10001
2025-01-06 04:00:00,26.2,0.0,96.5,43.0,8.2
2025-01-06 05:00:00,26.0,0.0,98.2,53.0,6.9
2025-01-06 06:00:00,25.9,0.0,98.9,55.0,8.10001
2025-01-06 07:00:00,26.0,0.0,99.4,34.0,6.5
2025-01-06 08:00:00,26.5,0.0,99.2,51.0,7.2
2025-01-06 09:00:00,27.3,0.0,93.7,45.0,7.3
2025-01-06 10:00:00,27.9,0.0,90.0,18.0,9.7
2025-01-06 11:00:00,28.9,0.0,82.9,52.0,9.3
2025-01-06 12:00:00,29.8,0.0,74.4,42.0,9.2
2025-01-06 13:00:00,29.8,0.0,73.1,43.0,12.0
2025-01-06 14:00:00,30.1,0.0,68.6,41.0,8.89999
2025-01-06 15:00:00,30.1,0.0,69.6,53.0,12.1
2025-01-06 16:00:00,30.0,0.0,71.8,52.0,11.0
2025-01-06 17:00:00,29.4,0.0,73.4,48.0,11.5
2025-01-06 18:00:00,28.7,0.0,79.7,39.0,8.10001
2025-01-06 19:00:00,27.9,0.0,83.1,49.0,8.2
2025-01-06 20:00:00,27.2,0.0,90.0,16.0,9.8
2025-01-06 21:00:00,27.0,0.0,90.3,22.0,5.7
2025-01-06 22:00:00,26.8,0.0,89.1,14.0,6.1
2025-01-06 23:00:00,26.5,0.0,91.1,23.0,5.9
2025-01-07 00:00:00,26.3,0.0,90.6,8.0,5.4
2025-01-07 01:00:00,26.2,0.0,93.2,10.0,6.9
2025-01-07 02:00:00,25.9,0.0,94.0,10.0,7.1
2025-01-07 03:00:00,25.7,0.0,96.3,17.0,6.2
2025-01-07 04:00:00,25.5,0.0,98.4,5.0,6.0
2025-01-07 05:00:00,25.7,0.0,96.2,10.0,5.7
2025-01-07 06:00:00,25.5,0.0,98.2,6.0,4.1
2025-01-07 07:00:00,25.5,0.0,97.6,5.0,4.4
2025-01-07 08:00:00,26.0,0.0,95.2,3.0,5.4
2025-01-07 09:00:00,27.1,0.0,88.6,354.0,4.7
2025-01-07 10:00:00,27.9,0.0,81.7,6.0,8.39999
2025-01-07 11:00:00,28.8,0.0,75.0,2.0,8.89999
2025-01-07 12:00:00,29.2,0.0,74.5,353.0,6.9
2025-01-07 13:00:00,30.0,0.0,65.0,355.0,8.7
2025-01-07 14:00:00,29.0,0.0,73.0,296.0,7.0
2025-01-07 15:00:00,28.9,0.0,80.0,277.0,7.4
2025-01-07 16:00:00,28.7,0.0,75.9,294.0,5.6
2025-01-07 17:00:00,31.5,0.0,63.6,349.0,2.5
2025-01-07 18:00:00,29.7,0.0,66.7,21.0,9.5
2025-01-07 19:00:00,28.9,0.0,67.2,19.0,10.2
2025-01-07 20:00:00,28.3,0.0,69.5,29.0,6.6
2025-01-07 21:00:00,28.0,0.0,68.6,22.0,8.10001
2025-01-07 22:00:00,27.2,0.0,76.7,36.0,5.3
2025-01-07 23:00:00,26.7,0.0,85.1,56.0,4.8
2025-01-08 00:00:00,26.2,0.0,94.7,18.0,6.6
2025-01-08 01:00:00,26.1,0.0,97.4,15.0,7.9
2025-01-08 02:00:00,26.1,0.0,99.1,29.0,6.8
2025-01-08 03:00:00,25.9,0.0,98.0,9.0,5.2
2025-01-08 04:00:00,25.9,0.0,96.9,7.0,2.0
2025-01-08 05:00:00,25.8,0.0,96.8,342.0,3.1
2025-01-08 06:00:00,26.2,0.0,97.1,311.0,2.8
2025-01-08 07:00:00,26.0,0.0,96.3,305.0,3.0
2025-01-08 08:00:00,26.3,0.0,95.7,352.0,3.3
2025-01-08 09:00:00,26.6,0.0,94.7,3.0,5.1
2025-01-08 10:00:00,28.2,0.0,81.6,13.0,6.7
2025-01-08 11:00:00,29.5,0.0,74.9,16.0,9.5
2025-01-08 12:00:00,29.9,0.0,70.4,15.0,9.10001
2025-01-08 13:00:00,31.2,0.0,63.6,19.0,8.3
2025-01-08 14:00:00,31.3,0.0,61.0,20.0,9.10001
2025-01-08 15:00:00,32.0,0.0,57.4,19.0,10.7
2025-01-08 16:00:00,31.8,0.0,58.5,15.0,9.60001
2025-01-08 17:00:00,31.2,0.0,59.6,15.0,9.60001
2025-01-08 18:00:00,30.8,0.0,66.1,33.0,9.8
2025-01-08 19:00:00,29.3,0.0,72.7,36.0,7.0
2025-01-08 20:00:00,28.4,0.0,75.8,26.0,8.10001
2025-01-08 21:00:00,27.7,0.0,76.8,22.0,8.3
2025-01-08 22:00:00,27.1,0.0,79.3,16.0,8.39999
2025-01-08 23:00:00,26.7,0.0,86.4,19.0,8.60001
2025-01-09 00:00:00,26.5,0.0,90.3,15.0,8.39999
2025-01-09 01:00:00,26.3,0.0,91.3,13.0,8.0
2025-01-09 02:00:00,26.1,0.0,92.4,6.0,6.9
2025-01-09 03:00:00,26.0,0.0,93.2,2.0,7.4
2025-01-09 04:00:00,25.8,0.0,94.4,11.0,7.3
2025-01-09 05:00:00,25.9,0.0,94.9,9.0,8.2
2025-01-09 06:00:00,26.0,0.0,94.7,22.0,8.8
2025-01-09 07:00:00,25.8,0.0,95.7,11.0,7.8
2025-01-09 08:00:00,26.1,0.0,94.6,10.0,7.5
2025-01-09 09:00:00,27.4,0.0,85.9,27.0,9.0
2025-01-09 10:00:00,27.9,0.0,82.9,21.0,9.39999
2025-01-09 11:00:00,28.8,0.0,73.1,10.0,9.60001
2025-01-09 12:00:00,30.6,0.0,59.7,16.0,9.7
2025-01-09 13:00:00,31.0,0.0,56.7,15.0,9.8
2025-01-09 14:00:00,31.6,0.0,50.8,34.0,12.4
2025-01-09 15:00:00,31.4,0.0,52.9,12.0,10.2
2025-01-09 16:00:00,30.8,0.0,54.2,23.0,12.7
2025-01-09 17:00:00,30.2,0.0,60.2,22.0,9.8
2025-01-09 18:00:00,29.5,0.0,62.4,24.0,10.3
2025-01-09 19:00:00,28.8,0.0,67.4,20.0,10.1
2025-01-09 20:00:00,28.1,0.0,72.1,18.0,8.10001
2025-01-09 21:00:00,27.7,0.0,74.8,2.0,4.5
2025-01-09 22:00:00,27.3,0.0,74.6,8.0,7.7
2025-01-09 23:00:00,27.0,0.0,76.8,7.0,6.4
2025-01-10 00:00:00,26.8,0.0,78.8,7.0,6.1
2025-01-10 01:00:00,26.5,0.0,81.2,7.0,3.3
2025-01-10 02:00:00,26.2,0.0,83.2,356.0,3.5
2025-01-10 03:00:00,26.1,0.0,85.5,3.0,5.1
2025-01-10 04:00:00,26.0,0.0,88.9,1.0,5.1
2025-01-10 05:00:00,26.1,0.0,90.6,354.0,6.5
2025-01-10 06:00:00,26.0,0.0,91.4,339.0,5.6
2025-01-10 07:00:00,25.7,0.0,94.3,349.0,5.0
2025-01-10 08:00:00,25.9,0.0,91.7,303.0,5.4
2025-01-10 09:00:00,25.6,0.0,95.7,308.0,5.3
2025-01-10 10:00:00,24.6,0.0,99.4,337.0,4.3
2025-01-10 11:00:00,23.5,0.6,99.4,359.0,9.0
2025-01-10 12:00:00,23.3,0.6,99.5,315.0,4.6
2025-01-10 13:00:00,23.4,0.4,99.5,284.0,7.4
2025-01-10 14:00:00,23.1,0.2,99.5,289.0,5.9
2025-01-10 15:00:00,22.9,0.4,99.5,308.0,6.3
2025-01-10 16:00:00,23.0,0.6,99.5,307.0,2.1
2025-01-10 17:00:00,22.8,2.0,99.6,288.0,7.1
2025-01-10 18:00:00,23.1,0.6,99.6,285.0,5.7
2025-01-10 19:00:00,22.9,1.4,99.6,305.0,8.89999
2025-01-10 20:00:00,22.6,1.0,99.6,281.0,7.7
2025-01-10 21:00:00,22.1,0.4,99.6,299.0,8.60001
2025-01-10 22:00:00,22.4,0.2,99.6,301.0,8.5
2025-01-10 23:00:00,22.5,1.0,99.6,290.0,6.0
2025-01-11 00:00:00,22.5,0.2,99.6,298.0,7.0
2025-01-11 01:00:00,22.6,0.2,99.6,254.0,4.2
2025-01-11 02:00:00,22.4,0.0,99.6,256.0,5.6
2025-01-11 03:00:00,22.4,1.0,99.6,304.0,5.9
2025-01-11 04:00:00,22.5,0.6,99.6,332.0,2.8
2025-01-11 05:00:00,22.4,0.8,99.6,288.0,4.8
2025-01-11 06:00:00,22.1,0.2,99.6,300.0,6.3
2025-01-11 07:00:00,22.2,3.6,99.6,316.0,7.2
2025-01-11 08:00:00,22.4,0.2,99.6,328.0,7.7
2025-01-11 09:00:00,22.6,0.0,99.6,312.0,4.9
2025-01-11 10:00:00,23.0,0.0,99.6,284.0,3.7
2025-01-11 11:00:00,23.0,0.0,99.5,287.0,4.7
2025-01-11 12:00:00,23.5,0.0,99.5,280.0,4.2
2025-01-11 13:00:00,23.6,0.0,99.6,353.0,3.9
2025-01-11 14:00:00,23.8,0.8,99.6,323.0,3.5
2025-01-11 15:00:00,23.5,1.4,99.6,330.0,3.4
2025-01-11 16:00:00,23.8,0.2,99.6,340.0,4.4
2025-01-11 17:00:00,24.1,0.0,99.6,7.0,6.2
2025-01-11 18:00:00,24.2,0.0,99.6,14.0,8.89999
2025-01-11 19:00:00,24.4,0.0,99.6,20.0,6.9
2025-01-11 20:00:00,24.7,0.0,99.5,21.0,7.4
2025-01-11 21:00:00,24.8,0.0,99.5,51.0,10.2
2025-01-11 22:00:00,25.0,0.0,99.4,25.0,7.6
2025-01-11 23:00:00,24.9,0.0,99.4,17.0,8.10001
2025-01-12 00:00:00,24.9,0.0,99.4,12.0,7.2
2025-01-12 01:00:00,24.7,0.0,99.4,7.0,8.0
2025-01-12 02:00:00,24.7,0.0,99.4,10.0,9.39999
2025-01-12 03:00:00,25.2,0.0,99.4,52.0,4.2
2025-01-12 04:00:00,25.4,0.0,99.4,50.0,7.1
2025-01-12 05:00:00,25.3,0.0,99.4,13.0,6.6
2025-01-12 06:00:00,25.0,0.0,99.4,55.0,8.7
2025-01-12 07:00:00,24.8,0.0,99.4,13.0,7.8
2025-01-12 08:00:00,24.9,0.0,99.4,7.0,7.5
2025-01-12 09:00:00,25.2,0.0,99.4,17.0,7.0
2025-01-12 10:00:00,25.8,0.0,99.4,23.0,6.9
2025-01-12 11:00:00,26.8,0.0,99.3,27.0,8.7
2025-01-12 12:00:00,25.0,0.0,99.5,23.0,10.9
2025-01-12 13:00:00,26.3,0.0,99.3,46.0,12.7
2025-01-12 14:00:00,25.5,0.0,99.4,28.0,9.60001
2025-01-12 15:00:00,27.4,0.0,89.3,40.0,13.5
2025-01-12 16:00:00,26.1,0.0,99.3,40.0,9.2
2025-01-12 17:00:00,25.8,0.0,99.4,45.0,7.5
2025-01-12 18:00:00,25.7,0.0,99.4,33.0,4.0
2025-01-12 19:00:00,24.9,0.2,99.5,42.0,10.0
2025-01-12 20:00:00,25.0,0.0,99.4,14.0,7.2
2025-01-12 21:00:00,24.1,0.2,99.6,7.0,7.2
2025-01-12 22:00:00,24.5,0.0,99.6,24.0,8.5
2025-01-12 23:00:00,24.6,0.2,99.4,8.0,9.10001
2025-01-13 00:00:00,24.3,0.4,99.6,355.0,4.3
2025-01-13 01:00:00,24.0,0.2,99.6,269.0,7.0
2025-01-13 02:00:00,23.9,0.4,99.6,207.0,3.6
2025-01-13 03:00:00,23.7,0.4,99.6,268.0,3.9
2025-01-13 04:00:00,23.8,0.4,99.6,258.0,3.1
2025-01-13 05:00:00,24.1,0.2,99.6,359.0,5.5
2025-01-13 06:00:00,24.3,0.0,99.5,57.0,3.0
2025-01-13 07:00:00,24.6,0.0,99.4,61.0,4.8
2025-01-13 08:00:00,24.1,0.2,99.5,13.0,5.4
2025-01-13 09:00:00,23.8,0.0,99.5,353.0,3.5
2025-01-13 10:00:00,24.0,0.2,99.5,356.0,4.3
2025-01-13 11:00:00,24.0,0.0,99.5,3.0,6.3
2025-01-13 12:00:00,24.5,0.0,99.4,3.0,5.7
2025-01-13 13:00:00,25.1,0.0,99.4,14.0,7.5
2025-01-13 14:00:00,24.9,0.0,99.5,37.0,9.39999
2025-01-13 15:00:00,24.9,0.0,99.4,59.0,6.2
2025-01-13 16:00:00,25.6,0.0,99.4,55.0,7.5
2025-01-13 17:00:00,24.4,0.0,99.5,56.0,5.4
2025-01-13 18:00:00,24.1,0.2,99.6,49.0,3.0
2025-01-13 19:00:00,24.6,0.0,99.4,48.0,5.8
2025-01-13 20:00:00,24.8,0.0,99.4,57.0,6.1
2025-01-13 21:00:00,24.9,0.0,99.4,72.0,5.7
2025-01-13 22:00:00,24.8,0.0,99.4,72.0,4.0
2025-01-13 23:00:00,24.8,0.0,99.4,55.0,5.8
2025-01-14 00:00:00,24.7,0.0,99.4,8.0,3.0
2025-01-14 01:00:00,24.5,0.0,99.4,5.0,1.2
2025-01-14 02:00:00,24.5,0.0,99.4,45.0,5.8
2025-01-14 03:00:00,24.3,0.0,99.4,48.0,4.6
2025-01-14 04:00:00,24.2,0.0,99.4,4.0,5.9
2025-01-14 05:00:00,24.1,0.0,99.4,8.0,6.0
2025-01-14 06:00:00,24.2,0.0,99.4,358.0,4.7
2025-01-14 07:00:00,24.4,0.0,99.4,9.0,6.7
2025-01-14 08:00:00,24.3,0.0,99.4,3.0,6.9
2025-01-14 09:00:00,24.6,0.0,99.4,5.0,5.1
2025-01-14 10:00:00,25.6,0.0,99.3,12.0,8.2
2025-01-14 11:00:00,26.2,0.0,97.0,12.0,5.6
2025-01-14 12:00:00,26.4,0.0,97.7,2.0,8.2
2025-01-14 13:00:00,27.6,0.0,90.0,12.0,5.9
2025-01-14 14:00:00,25.5,0.0,99.4,49.0,3.1
2025-01-14 15:00:00,25.5,0.0,99.4,47.0,3.7
2025-01-14 16:00:00,24.4,0.8,99.5,13.0,12.4
2025-01-14 17:00:00,25.1,0.0,99.4,5.0,5.2
2025-01-14 18:00:00,25.5,0.0,99.4,336.0,4.8
2025-01-14 19:00:00,25.5,0.0,99.4,11.0,7.8
2025-01-14 20:00:00,25.6,0.0,99.4,12.0,6.8
2025-01-14 21:00:00,25.3,0.0,99.4,357.0,3.7
2025-01-14 22:00:00,24.5,0.0,99.6,354.0,4.3
2025-01-14 23:00:00,24.3,0.0,99.6,341.0,4.2
2025-01-15 00:00:00,24.6,0.0,99.5,359.0,4.1
2025-01-15 01:00:00,24.7,0.0,99.4,349.0,3.4
2025-01-15 02:00:00,24.7,0.0,99.4,354.0,3.5
2025-01-15 03:00:00,24.8,0.0,99.4,359.0,5.2
2025-01-15 04:00:00,24.6,0.0,99.4,355.0,4.2
2025-01-15 05:00:00,24.4,0.0,99.4,359.0,3.5
2025-01-15 06:00:00,24.4,0.0,99.4,339.0,3.9
2025-01-15 07:00:00,24.6,0.0,99.3,343.0,5.7
2025-01-15 08:00:00,24.9,0.0,94.9,343.0,7.3
2025-01-15 09:00:00,25.2,0.0,92.5,340.0,8.8
2025-01-15 10:00:00,25.5,0.2,92.0,341.0,5.9
2025-01-15 11:00:00,26.5,0.0,88.6,318.0,2.9
2025-01-15 12:00:00,27.6,0.0,83.4,338.0,2.3
2025-01-15 13:00:00,28.5,0.0,80.8,348.0,2.4
2025-01-15 14:00:00,28.7,0.0,77.5,335.0,1.9
2025-01-15 15:00:00,28.6,0.0,82.7,215.0,1.3
2025-01-15 16:00:00,26.5,0.0,99.4,145.0,3.7
2025-01-15 17:00:00,25.4,0.0,99.5,314.0,0.8
2025-01-15 18:00:00,25.8,0.0,99.4,189.0,1.7
2025-01-15 19:00:00,26.0,0.0,99.3,274.0,1.8
2025-01-15 20:00:00,25.8,0.0,99.3,297.0,2.5
2025-01-15 21:00:00,25.6,0.0,99.4,277.0,1.1
2025-01-15 22:00:00,25.6,0.0,99.4,35.0,2.5
2025-01-15 23:00:00,25.5,0.0,99.4,359.0,2.7
2025-01-16 00:00:00,25.5,0.0,99.4,11.0,2.9
2025-01-16 01:00:00,25.4,0.0,99.4,29.0,1.4
2025-01-16 02:00:00,25.3,0.0,99.4,12.0,6.5
2025-01-16 03:00:00,25.0,0.0,99.5,10.0,7.4
2025-01-16 04:00:00,24.8,0.0,99.5,37.0,3.6
2025-01-16 05:00:00,24.6,0.0,99.4,6.0,6.1
2025-01-16 06:00:00,24.5,0.0,99.5,2.0,5.1
2025-01-16 07:00:00,24.4,0.0,99.5,347.0,3.5
2025-01-16 08:00:00,24.9,0.0,99.4,5.0,6.2
2025-01-16 09:00:00,25.4,0.0,99.4,3.0,5.4
2025-01-16 10:00:00,26.9,0.0,99.0,16.0,10.3
2025-01-16 11:00:00,28.6,0.0,86.1,29.0,11.4
2025-01-16 12:00:00,29.0,0.0,80.1,40.0,8.3
2025-01-16 13:00:00,29.9,0.0,70.1,17.0,12.4
2025-01-16 14:00:00,29.0,0.0,73.5,27.0,10.2
2025-01-16 15:00:00,28.0,0.0,87.3,57.0,8.10001
2025-01-16 16:00:00,29.0,0.0,79.6,50.0,11.6
2025-01-16 17:00:00,29.1,0.0,75.1,38.0,9.7
2025-01-16 18:00:00,28.2,0.0,82.1,51.0,10.0
2025-01-16 19:00:00,27.0,0.0,92.8,53.0,12.2
2025-01-16 20:00:00,27.0,0.0,92.9,25.0,13.6
2025-01-16 21:00:00,26.7,0.0,93.5,45.0,8.5
2025-01-16 22:00:00,26.5,0.0,95.0,48.0,6.9
2025-01-16 23:00:00,26.3,0.0,97.0,27.0,7.1
2025-01-17 00:00:00,26.1,0.0,98.4,45.0,6.8
2025-01-17 01:00:00,26.0,0.0,99.3,40.0,7.0
2025-01-17 02:00:00,25.9,0.0,99.3,30.0,6.6
2025-01-17 03:00:00,25.6,0.0,99.4,25.0,7.6
2025-01-17 04:00:00,25.7,0.0,99.4,31.0,6.2
2025-01-17 05:00:00,25.5,0.0,99.4,24.0,8.0
2025-01-17 06:00:00,25.4,0.0,99.4,23.0,8.2
2025-01-17 07:00:00,25.2,0.0,99.3,15.0,9.2
2025-01-17 08:00:00,25.4,0.0,96.0,9.0,7.8
2025-01-17 09:00:00,26.7,0.0,93.4,25.0,5.7
2025-01-17 10:00:00,26.5,0.0,97.8,62.0,8.10001
2025-01-17 11:00:00,27.4,0.0,88.1,32.0,11.0
2025-01-17 12:00:00,26.6,0.0,94.8,19.0,15.2
2025-01-17 13:00:00,28.3,0.0,85.2,48.0,10.8
2025-01-17 14:00:00,25.6,0.0,99.4,68.0,8.8
2025-01-17 15:00:00,25.0,0.2,99.5,50.0,10.2
2025-01-17 16:00:00,26.0,0.0,97.8,19.0,12.4
2025-01-17 17:00:00,26.5,0.0,97.5,26.0,7.8
2025-01-17 18:00:00,25.4,0.0,99.4,18.0,8.60001
2025-01-17 19:00:00,25.9,0.0,99.4,40.0,5.4
2025-01-17 20:00:00,25.9,0.0,99.3,17.0,6.7
2025-01-17 21:00:00,25.5,0.0,99.4,18.0,8.60001
2025-01-17 22:00:00,25.1,0.0,99.4,16.0,6.7
2025-01-17 23:00:00,25.1,0.0,99.4,25.0,5.1
2025-01-18 00:00:00,24.9,0.0,99.4,7.0,7.0
2025-01-18 01:00:00,25.1,0.0,99.4,9.0,6.7
2025-01-18 02:00:00,25.1,0.0,99.4,14.0,8.60001
2025-01-18 03:00:00,25.0,0.0,99.4,7.0,7.8
2025-01-18 04:00:00,24.9,0.0,99.4,12.0,7.8
2025-01-18 05:00:00,24.6,0.0,99.4,10.0,6.6
2025-01-18 06:00:00,24.4,0.2,99.5,14.0,8.0
2025-01-18 07:00:00,24.4,0.0,99.5,335.0,4.0
2025-01-18 08:00:00,24.7,0.0,99.5,359.0,5.9
2025-01-18 09:00:00,25.4,0.0,99.4,1.0,6.3
2025-01-18 10:00:00,26.8,0.0,98.0,13.0,8.0
2025-01-18 11:00:00,26.5,0.0,99.3,17.0,7.1
2025-01-18 12:00:00,26.9,0.0,97.1,6.0,7.2
2025-01-18 13:00:00,27.6,0.0,88.7,22.0,9.89999
2025-01-18 14:00:00,28.3,0.0,86.2,33.0,10.1
2025-01-18 15:00:00,28.7,0.0,80.7,31.0,12.7
2025-01-18 16:00:00,28.7,0.0,81.9,25.0,11.9
2025-01-18 17:00:00,27.6,0.0,85.9,53.0,9.10001
2025-01-18 18:00:00,27.0,0.0,89.4,45.0,10.9
2025-01-18 19:00:00,25.3,0.0,99.3,49.0,13.8
2025-01-18 20:00:00,25.0,0.0,99.4,14.0,3.7
2025-01-18 21:00:00,25.5,0.0,99.4,1.0,3.8
2025-01-18 22:00:00,25.1,0.2,99.4,13.0,5.6
2025-01-18 23:00:00,24.8,0.0,99.5,343.0,3.3
2025-01-19 00:00:00,24.8,0.0,99.5,346.0,4.5
2025-01-19 01:00:00,24.7,0.0,99.5,342.0,3.1
2025-01-19 02:00:00,24.7,0.0,99.5,352.0,3.3
2025-01-19 03:00:00,24.7,0.0,99.5,356.0,4.0
2025-01-19 04:00:00,24.6,0.0,99.5,335.0,4.4
2025-01-19 05:00:00,24.5,0.0,99.5,336.0,3.5
2025-01-19 06:00:00,24.5,0.0,99.4,344.0,5.2
2025-01-19 07:00:00,24.5,0.0,99.5,344.0,4.3
2025-01-19 08:00:00,24.2,0.0,99.5,346.0,3.9
2025-01-19 09:00:00,24.4,0.0,99.5,357.0,5.1
2025-01-19 10:00:00,24.6,0.0,99.5,335.0,3.9
2025-01-19 11:00:00,25.4,0.0,99.4,322.0,4.5
2025-01-19 12:00:00,26.3,0.0,99.3,348.0,4.7
2025-01-19 13:00:00,26.4,0.0,99.4,19.0,8.3
2025-01-19 14:00:00,26.9,0.0,97.7,53.0,5.8
2025-01-19 15:00:00,25.3,0.0,99.4,9.0,7.0
2025-01-19 16:00:00,26.8,0.0,96.3,15.0,8.89999
2025-01-19 17:00:00,25.9,0.0,99.4,350.0,4.4
2025-01-19 18:00:00,26.2,0.0,99.3,32.0,9.89999
2025-01-19 19:00:00,26.2,0.0,99.2,28.0,5.9
2025-01-19 20:00:00,26.1,0.0,97.9,17.0,7.7
2025-01-19 21:00:00,25.8,0.0,99.3,8.0,5.8
2025-01-19 22:00:00,25.6,0.0,99.3,13.0,7.0
2025-01-19 23:00:00,25.5,0.0,99.3,358.0,4.4
2025-01-20 00:00:00,25.2,0.0,99.3,351.0,3.8
2025-01-20 01:00:00,25.1,0.0,99.3,349.0,4.1
2025-01-20 02:00:00,24.8,0.0,99.4,3.0,6.4
2025-01-20 03:00:00,24.6,0.0,99.4,6.0,5.4
2025-01-20 04:00:00,25.1,0.0,99.4,16.0,8.60001
2025-01-20 05:00:00,25.0,0.0,99.3,14.0,7.7
2025-01-20 06:00:00,24.9,0.0,99.3,5.0,5.9
2025-01-20 07:00:00,25.0,0.0,99.3,14.0,6.2
2025-01-20 08:00:00,24.8,0.0,99.4,12.0,8.60001
2025-01-20 09:00:00,25.8,0.0,93.2,12.0,8.60001
2025-01-20 10:00:00,27.0,0.0,85.5,14.0,9.0
2025-01-20 11:00:00,27.6,0.0,81.9,22.0,10.7
2025-01-20 12:00:00,28.3,0.0,76.1,17.0,9.60001
2025-01-20 13:00:00,28.6,0.0,75.4,17.0,11.9
2025-01-20 14:00:00,28.9,0.0,71.1,13.0,10.0
2025-01-20 15:00:00,28.4,0.0,75.3,25.0,11.6
2025-01-20 16:00:00,28.3,0.0,74.8,15.0,7.5
2025-01-20 17:00:00,27.9,0.0,78.3,20.0,7.6
2025-01-20 18:00:00,27.7,0.0,77.0,10.0,9.3
2025-01-20 19:00:00,27.7,0.0,77.7,22.0,10.4
2025-01-20 20:00:00,26.7,0.0,81.2,13.0,6.4
2025-01-20 21:00:00,26.4,0.0,85.5,13.0,8.3
2025-01-20 22:00:00,26.1,0.0,89.5,14.0,8.60001
2025-01-20 23:00:00,25.8,0.0,92.5,16.0,8.0
2025-01-21 00:00:00,25.6,0.0,94.4,12.0,6.1
2025-01-21 01:00:00,25.5,0.0,95.4,1.0,5.6
2025-01-21 02:00:00,25.4,0.0,96.6,8.0,5.4
2025-01-21 03:00:00,25.4,0.0,95.8,359.0,5.0
2025-01-21 04:00:00,25.5,0.0,93.3,17.0,5.6
2025-01-21 05:00:00,25.5,0.0,93.7,21.0,6.8
2025-01-21 06:00:00,25.4,0.0,95.3,49.0,5.3
2025-01-21 07:00:00,25.5,0.0,93.0,11.0,5.2
2025-01-21 08:00:00,25.6,0.0,91.2,12.0,5.3
2025-01-21 09:00:00,25.8,0.0,90.9,8.0,6.7
2025-01-21 10:00:00,26.0,0.0,91.8,15.0,6.9
2025-01-21 11:00:00,26.4,0.0,84.1,20.0,11.6
2025-01-21 12:00:00,25.7,0.0,92.7,16.0,8.89999
2025-01-21 13:00:00,26.0,0.0,87.3,53.0,6.7
2025-01-21 14:00:00,26.4,0.0,88.9,33.0,8.3
2025-01-21 15:00:00,26.3,0.0,90.3,30.0,7.8
2025-01-21 16:00:00,25.8,0.0,90.3,24.0,5.9
2025-01-21 17:00:00,26.2,0.0,88.2,16.0,7.2
2025-01-21 18:00:00,25.6,0.0,93.0,19.0,8.60001
2025-01-21 19:00:00,25.1,0.2,99.3,27.0,5.8
2025-01-21 20:00:00,25.0,0.0,99.4,46.0,4.1
2025-01-21 21:00:00,25.1,0.0,95.6,25.0,5.7
2025-01-21 22:00:00,25.2,0.0,92.6,54.0,7.4
2025-01-21 23:00:00,25.5,0.0,95.8,49.0,10.5
2025-01-22 00:00:00,25.3,0.0,99.0,46.0,8.10001
2025-01-22 01:00:00,24.8,0.0,99.4,51.0,3.7
2025-01-22 02:00:00,24.9,0.0,99.4,37.0,3.6
2025-01-22 03:00:00,25.1,0.0,99.4,27.0,6.6
2025-01-22 04:00:00,24.9,0.0,99.3,5.0,5.6
2025-01-22 05:00:00,25.1,0.0,99.3,11.0,6.8
2025-01-22 06:00:00,24.9,0.0,99.3,43.0,4.0
2025-01-22 07:00:00,24.9,0.0,99.4,64.0,3.7
2025-01-22 08:00:00,25.3,0.0,99.3,49.0,4.6
2025-01-22 09:00:00,25.7,0.0,99.3,35.0,4.4
2025-01-22 10:00:00,26.1,0.0,98.5,24.0,6.3
2025-01-22 11:00:00,26.5,0.0,94.2,14.0,7.7
2025-01-22 12:00:00,27.4,0.0,86.8,27.0,5.4
2025-01-22 13:00:00,27.5,0.0,86.1,7.0,5.0
2025-01-22 14:00:00,27.5,0.0,83.3,9.0,5.1
2025-01-22 15:00:00,26.6,0.0,92.8,48.0,5.7
2025-01-22 16:00:00,26.1,0.0,99.4,53.0,5.5
2025-01-22 17:00:00,26.2,0.0,99.3,31.0,6.0
2025-01-22 18:00:00,26.5,0.0,99.3,27.0,5.8
2025-01-22 19:00:00,26.3,0.0,99.3,47.0,5.9
2025-01-22 20:00:00,25.9,0.0,97.8,14.0,7.4
2025-01-22 21:00:00,25.7,0.0,97.4,10.0,6.7
2025-01-22 22:00:00,25.7,0.0,98.2,15.0,5.7
2025-01-22 23:00:00,25.5,0.0,99.3,30.0,3.4
2025-01-23 00:00:00,25.4,0.0,99.3,6.0,4.8
2025-01-23 01:00:00,25.0,0.0,99.4,355.0,3.2
2025-01-23 02:00:00,24.9,0.0,99.4,11.0,1.2
2025-01-23 03:00:00,24.9,0.0,99.4,11.0,4.2
2025-01-23 04:00:00,24.8,0.0,99.4,38.0,2.3
2025-01-23 05:00:00,24.8,0.0,99.4,58.0,4.4
2025-01-23 06:00:00,24.6,0.0,99.4,25.0,2.6
2025-01-23 07:00:00,24.4,0.0,99.4,43.0,3.5
2025-01-23 08:00:00,24.7,0.0,99.4,33.0,3.8
2025-01-23 09:00:00,25.2,0.0,99.4,47.0,4.7
2025-01-23 10:00:00,25.5,0.0,99.4,14.0,5.9
2025-01-23 11:00:00,26.2,0.0,99.3,13.0,8.0
2025-01-23 12:00:00,26.6,0.0,96.3,16.0,6.6
2025-01-23 13:00:00,26.5,0.0,95.9,11.0,7.0
2025-01-23 14:00:00,27.0,0.0,93.1,359.0,4.5
2025-01-23 15:00:00,26.2,0.0,99.3,12.0,4.8
2025-01-23 16:00:00,27.4,0.0,89.3,13.0,5.8
2025-01-23 17:00:00,26.9,0.0,93.8,48.0,6.9
2025-01-23 18:00:00,26.4,0.0,94.3,6.0,7.6
2025-01-23 19:00:00,26.4,0.0,94.4,13.0,7.0
2025-01-23 20:00:00,26.3,0.0,95.2,12.0,6.3
2025-01-23 21:00:00,26.1,0.0,98.0,7.0,5.2
2025-01-23 22:00:00,25.9,0.0,99.3,353.0,2.5
2025-01-23 23:00:00,25.7,0.0,99.4,346.0,2.2
2025-01-24 00:00:00,25.5,0.0,99.4,345.0,3.7
2025-01-24 01:00:00,25.4,0.0,99.4,346.0,3.4
2025-01-24 02:00:00,25.3,0.0,99.4,355.0,3.6
2025-01-24 03:00:00,25.2,0.0,99.4,356.0,4.6
2025-01-24 04:00:00,25.1,0.0,99.4,2.0,5.7
2025-01-24 05:00:00,25.0,0.0,99.4,352.0,3.5
2025-01-24 06:00:00,25.1,0.0,99.4,340.0,4.6
2025-01-24 07:00:00,25.1,0.0,99.4,15.0,1.8
2025-01-24 08:00:00,25.1,0.0,99.4,12.0,6.2
2025-01-24 09:00:00,25.3,0.0,99.4,39.0,3.7
2025-01-24 10:00:00,25.4,0.0,99.4,58.0,2.3
2025-01-24 11:00:00,25.4,0.0,99.4,86.0,5.5
2025-01-24 12:00:00,25.4,0.0,99.4,47.0,2.0
2025-01-24 13:00:00,25.7,0.0,99.4,67.0,2.8
2025-01-24 14:00:00,25.9,0.0,99.4,347.0,4.1
2025-01-24 15:00:00,26.6,0.0,99.4,342.0,2.5
2025-01-24 16:00:00,27.6,0.0,96.1,210.0,1.4
2025-01-24 17:00:00,27.5,0.0,94.5,345.0,2.2
2025-01-24 18:00:00,27.0,0.0,99.3,74.0,3.1
2025-01-24 19:00:00,25.4,0.0,99.4,347.0,4.3
2025-01-24 20:00:00,25.3,0.0,99.4,,4.6
2025-01-24 21:00:00,25.5,0.0,99.3,4.0,4.5
2025-01-24 22:00:00,25.5,0.0,99.4,29.0,3.6
2025-01-24 23:00:00,25.7,0.0,99.4,11.0,6.2
2025-01-25 00:00:00,25.6,0.0,99.4,9.0,4.8
2025-01-25 01:00:00,25.4,0.0,99.4,349.0,3.9
2025-01-25 02:00:00,25.2,0.0,99.4,9.0,3.6
2025-01-25 03:00:00,25.1,0.0,99.4,2.0,2.9
2025-01-25 04:00:00,25.0,0.0,99.4,339.0,2.2
2025-01-25 05:00:00,25.0,0.0,99.4,283.0,2.7
2025-01-25 06:00:00,24.8,0.0,99.4,319.0,2.2
2025-01-25 07:00:00,25.2,0.0,99.4,318.0,1.3
2025-01-25 08:00:00,25.4,0.0,99.4,282.0,1.7
2025-01-25 09:00:00,25.4,0.0,99.4,335.0,3.4
2025-01-25 10:00:00,26.6,0.0,99.3,2.0,3.3
2025-01-25 11:00:00,27.8,0.0,88.6,7.0,5.7
2025-01-25 12:00:00,28.7,0.0,82.4,356.0,5.7
2025-01-25 13:00:00,28.7,0.2,80.6,8.0,6.2
2025-01-25 14:00:00,27.7,0.0,90.6,180.0,1.7
2025-01-25 15:00:00,28.7,0.0,87.5,142.0,4.7
2025-01-25 16:00:00,29.4,0.0,75.8,84.0,4.3
2025-01-25 17:00:00,30.2,0.0,67.1,46.0,5.9
2025-01-25 18:00:00,28.9,0.0,75.6,76.0,5.2
2025-01-25 19:00:00,28.2,0.0,84.3,45.0,6.5
2025-01-25 20:00:00,27.5,0.0,90.5,48.0,5.9
2025-01-25 21:00:00,27.0,0.0,91.3,73.0,5.7
2025-01-25 22:00:00,26.5,0.0,94.7,4.0,5.2
2025-01-25 23:00:00,26.2,0.0,97.9,359.0,3.7
2025-01-26 00:00:00,26.1,0.0,98.0,344.0,2.4
2025-01-26 01:00:00,26.0,0.0,98.8,335.0,2.5
2025-01-26 02:00:00,25.9,0.0,99.4,344.0,2.9
2025-01-26 03:00:00,25.7,0.0,99.4,4.0,5.1
2025-01-26 04:00:00,25.7,0.0,99.4,72.0,1.3
2025-01-26 05:00:00,25.5,0.0,99.4,28.0,3.1
2025-01-26 06:00:00,25.6,0.0,99.4,22.0,3.5
2025-01-26 07:00:00,25.3,0.0,99.4,5.0,4.2
2025-01-26 08:00:00,25.4,0.0,99.4,331.0,2.0
2025-01-26 09:00:00,25.8,0.0,99.4,319.0,2.4
2025-01-26 10:00:00,27.5,0.0,91.4,319.0,1.6
2025-01-26 11:00:00,27.8,0.0,87.1,298.0,2.0
2025-01-26 12:00:00,28.4,0.0,81.2,52.0,6.0
2025-01-26 13:00:00,29.8,0.0,78.6,28.0,3.4
2025-01-26 14:00:00,30.2,0.0,74.3,356.0,4.1
2025-01-26 15:00:00,28.2,0.0,85.6,62.0,3.6
2025-01-26 16:00:00,30.3,0.0,76.9,21.0,6.9
2025-01-26 17:00:00,29.0,0.0,78.9,58.0,10.4
2025-01-26 18:00:00,26.7,0.0,99.3,199.0,1.7
2025-01-26 19:00:00,26.5,0.0,99.4,324.0,3.4
2025-01-26 20:00:00,25.6,0.0,99.3,261.0,3.8
2025-01-26 21:00:00,25.7,0.0,99.4,295.0,3.1
2025-01-26 22:00:00,26.6,0.0,99.3,15.0,4.8
2025-01-26 23:00:00,26.4,0.0,98.7,16.0,5.3
2025-01-27 00:00:00,26.3,0.0,99.3,13.0,5.7
2025-01-27 01:00:00,26.1,0.0,99.3,9.0,6.5
2025-01-27 02:00:00,26.1,0.0,99.3,12.0,7.5
2025-01-27 03:00:00,25.9,0.0,99.3,16.0,7.2
2025-01-27 04:00:00,25.4,0.0,99.4,54.0,5.0
2025-01-27 05:00:00,25.2,0.0,99.4,53.0,5.0
2025-01-27 06:00:00,25.1,0.0,99.4,23.0,5.5
2025-01-27 07:00:00,24.9,0.0,99.4,56.0,1.7
2025-01-27 08:00:00,25.2,0.0,99.4,26.0,3.1
2025-01-27 09:00:00,26.1,0.0,99.4,38.0,4.9
2025-01-27 10:00:00,27.3,0.0,95.0,20.0,6.8
2025-01-27 11:00:00,28.7,0.0,83.4,26.0,5.7
2025-01-27 12:00:00,25.8,3.6,99.4,37.0,13.4
2025-01-27 13:00:00,25.8,0.0,99.4,45.0,11.3
2025-01-27 14:00:00,25.2,0.0,99.4,53.0,8.5
2025-01-27 15:00:00,24.9,0.0,99.4,51.0,6.5
2025-01-27 16:00:00,24.2,0.0,99.4,7.0,7.3
2025-01-27 17:00:00,23.7,0.0,99.4,23.0,8.2
2025-01-27 18:00:00,24.1,0.0,99.4,55.0,4.4
2025-01-27 19:00:00,24.1,0.0,99.4,23.0,4.5
2025-01-27 20:00:00,24.5,0.0,99.4,66.0,5.1
2025-01-27 21:00:00,24.7,0.0,99.4,40.0,3.5
2025-01-27 22:00:00,24.8,0.0,99.4,36.0,3.5
2025-01-27 23:00:00,25.3,0.0,99.3,49.0,11.3
2025-01-28 00:00:00,25.3,0.0,99.3,50.0,10.6
2025-01-28 01:00:00,25.1,0.0,99.4,43.0,5.2
2025-01-28 02:00:00,25.0,0.0,99.3,20.0,7.7
2025-01-28 03:00:00,25.0,0.0,99.3,31.0,7.2
2025-01-28 04:00:00,24.9,0.0,99.3,50.0,6.2
2025-01-28 05:00:00,24.9,0.0,99.3,53.0,7.0
2025-01-28 06:00:00,25.2,0.2,99.0,49.0,8.7
2025-01-28 07:00:00,25.2,0.0,98.2,52.0,9.3
2025-01-28 08:00:00,25.3,0.0,98.5,49.0,8.5
2025-01-28 09:00:00,25.4,0.0,97.8,45.0,11.8
2025-01-28 10:00:00,26.3,0.0,88.9,29.0,8.60001
2025-01-28 11:00:00,27.5,0.0,80.6,37.0,8.10001
2025-01-28 12:00:00,27.6,0.0,79.3,51.0,12.8
2025-01-28 13:00:00,26.7,0.0,86.1,58.0,7.8
2025-01-28 14:00:00,27.5,0.0,76.9,48.0,13.1
2025-01-28 15:00:00,28.3,0.0,72.9,52.0,8.60001
2025-01-28 16:00:00,27.2,0.0,80.3,51.0,9.39999
2025-01-28 17:00:00,27.1,0.0,78.2,45.0,10.0
2025-01-28 18:00:00,24.4,0.2,96.3,43.0,14.8
2025-01-28 19:00:00,25.6,0.0,94.4,44.0,9.10001
2025-01-28 20:00:00,25.8,0.0,87.8,51.0,8.10001
2025-01-28 21:00:00,25.6,0.0,91.0,28.0,5.9
2025-01-28 22:00:00,25.5,0.0,91.5,19.0,7.4
2025-01-28 23:00:00,25.5,0.0,90.9,16.0,7.0
2025-01-29 00:00:00,25.3,0.0,91.7,30.0,4.6
2025-01-29 01:00:00,24.9,0.0,94.5,12.0,6.4
2025-01-29 02:00:00,24.8,0.0,94.8,356.0,3.8
2025-01-29 03:00:00,24.8,0.0,91.4,9.0,6.8
2025-01-29 04:00:00,25.0,0.0,89.8,48.0,6.4
2025-01-29 05:00:00,25.1,0.0,89.7,42.0,8.5
2025-01-29 06:00:00,24.8,0.0,91.2,50.0,6.4
2025-01-29 07:00:00,24.8,0.0,93.7,26.0,4.6
2025-01-29 08:00:00,24.9,0.0,93.9,16.0,6.9
2025-01-29 09:00:00,25.4,0.0,92.2,29.0,7.8
2025-01-29 10:00:00,26.1,0.0,86.6,50.0,10.0
2025-01-29 11:00:00,26.7,0.0,80.8,34.0,10.2
2025-01-29 12:00:00,27.7,0.0,75.1,35.0,9.89999
2025-01-29 13:00:00,28.1,0.0,70.7,21.0,11.3
2025-01-29 14:00:00,27.3,0.0,72.5,25.0,11.7
2025-01-29 15:00:00,27.5,0.0,73.8,30.0,12.7
2025-01-29 16:00:00,26.7,0.0,75.8,47.0,12.8
2025-01-29 17:00:00,26.8,0.0,76.2,41.0,12.7
2025-01-29 18:00:00,26.5,0.0,77.7,46.0,9.2
2025-01-29 19:00:00,26.4,0.0,79.9,31.0,8.8
2025-01-29 20:00:00,25.2,0.0,86.4,26.0,9.89999
2025-01-29 21:00:00,24.9,0.0,89.3,39.0,8.8
2025-01-29 22:00:00,24.9,0.0,90.9,44.0,5.6
2025-01-29 23:00:00,24.9,0.0,91.1,19.0,4.7
2025-01-30 00:00:00,25.2,0.0,87.3,30.0,5.4
2025-01-30 01:00:00,25.0,0.0,87.6,5.0,6.3
2025-01-30 02:00:00,24.9,0.0,88.7,11.0,6.5
2025-01-30 03:00:00,24.7,0.0,87.6,13.0,7.4
2025-01-30 04:00:00,24.7,0.0,88.5,13.0,7.0
2025-01-30 05:00:00,24.7,0.0,87.2,3.0,6.3
2025-01-30 06:00:00,24.7,0.0,86.0,11.0,6.3
2025-01-30 07:00:00,24.6,0.0,88.1,10.0,7.4
2025-01-30 08:00:00,24.6,0.0,87.4,358.0,5.3
2025-01-30 09:00:00,25.0,0.0,87.0,9.0,5.8
2025-01-30 10:00:00,26.1,0.0,81.3,358.0,5.6
2025-01-30 11:00:00,26.9,0.0,72.6,14.0,9.2
2025-01-30 12:00:00,27.8,0.0,67.0,17.0,9.2
2025-01-30 13:00:00,29.0,0.0,62.7,26.0,10.9
2025-01-30 14:00:00,29.3,0.0,57.7,24.0,9.8
2025-01-30 15:00:00,29.1,0.0,56.4,27.0,13.2
2025-01-30 16:00:00,29.7,0.0,55.3,21.0,11.0
2025-01-30 17:00:00,29.7,0.0,55.9,10.0,9.7
2025-01-30 18:00:00,28.7,0.0,55.2,18.0,8.39999
2025-01-30 19:00:00,28.3,0.0,51.6,5.0,10.1
2025-01-30 20:00:00,27.4,0.0,62.8,20.0,8.3
2025-01-30 21:00:00,26.7,0.0,67.4,24.0,9.3
2025-01-30 22:00:00,26.4,0.0,69.4,14.0,8.60001
2025-01-30 23:00:00,25.8,0.0,76.4,19.0,5.6
2025-01-31 00:00:00,25.3,0.0,83.0,21.0,7.4
2025-01-31 01:00:00,24.8,0.0,86.1,13.0,8.39999
2025-01-31 02:00:00,24.6,0.0,88.2,11.0,5.4
2025-01-31 03:00:00,24.3,0.0,88.2,11.0,7.1
2025-01-31 04:00:00,24.2,0.0,88.5,15.0,6.9
2025-01-31 05:00:00,24.1,0.0,88.7,16.0,7.4
2025-01-31 06:00:00,24.2,0.0,87.6,14.0,7.1
2025-01-31 07:00:00,24.1,0.0,87.5,8.0,6.7
2025-01-31 08:00:00,24.3,0.0,88.6,18.0,9.3
2025-01-31 09:00:00,25.6,0.0,82.2,17.0,7.2
2025-01-31 10:00:00,26.8,0.0,72.6,21.0,8.8
2025-01-31 11:00:00,28.2,0.0,65.9,27.0,6.8
2025-01-31 12:00:00,28.5,0.0,66.5,20.0,11.2
2025-01-31 13:00:00,29.5,0.0,62.8,358.0,6.7
2025-01-31 14:00:00,30.5,0.0,58.6,358.0,5.4
2025-01-31 15:00:00,29.9,0.0,61.6,26.0,9.2
2025-01-31 16:00:00,29.5,0.0,60.4,359.0,8.3
2025-01-31 17:00:00,28.4,0.0,69.2,24.0,12.2
2025-01-31 18:00:00,28.4,0.0,69.8,14.0,9.3
2025-01-31 19:00:00,27.4,0.0,71.7,25.0,10.2
2025-01-31 20:00:00,26.7,0.0,72.1,29.0,7.9
2025-01-31 21:00:00,26.2,0.0,71.2,27.0,9.39999
2025-01-31 22:00:00,25.9,0.0,77.1,21.0,7.9
2025-01-31 23:00:00,25.6,0.0,79.5,15.0,6.4
2025-02-01 00:00:00,25.5,0.0,81.0,10.0,7.1
2025-02-01 01:00:00,25.5,0.0,81.9,9.0,6.7
2025-02-01 02:00:00,25.3,0.0,84.5,8.0,7.3
2025-02-01 03:00:00,25.0,0.0,86.5,5.0,6.6
2025-02-01 04:00:00,25.0,0.0,84.8,355.0,3.5
2025-02-01 05:00:00,25.1,0.0,83.3,358.0,3.6
2025-02-01 06:00:00,25.0,0.0,85.4,335.0,3.1
2025-02-01 07:00:00,25.0,0.0,86.3,2.0,4.2
2025-02-01 08:00:00,25.0,0.0,87.4,359.0,4.5
2025-02-01 09:00:00,25.2,0.0,88.0,1.0,6.0
2025-02-01 10:00:00,27.0,0.0,79.8,4.0,4.6
2025-02-01 11:00:00,27.4,0.0,74.2,10.0,8.0
2025-02-01 12:00:00,28.7,0.0,65.2,358.0,7.2
2025-02-01 13:00:00,29.9,0.0,63.1,42.0,7.1
2025-02-01 14:00:00,30.7,0.0,57.7,353.0,8.5
2025-02-01 15:00:00,31.0,0.0,60.0,23.0,6.4
2025-02-01 16:00:00,29.6,0.0,68.5,37.0,8.8
2025-02-01 17:00:00,28.9,0.0,71.4,22.0,7.1
2025-02-01 18:00:00,28.2,0.0,68.3,45.0,4.3
2025-02-01 19:00:00,27.3,0.0,68.1,66.0,5.7
2025-02-01 20:00:00,26.8,0.0,72.6,60.0,7.0
2025-02-01 21:00:00,26.5,0.0,76.2,59.0,5.5
2025-02-01 22:00:00,26.2,0.0,79.6,56.0,5.9
2025-02-01 23:00:00,26.0,0.0,83.9,19.0,5.6
2025-02-02 00:00:00,25.8,0.0,86.1,15.0,6.1
2025-02-02 01:00:00,25.6,0.0,85.7,11.0,3.6
2025-02-02 02:00:00,25.5,0.0,86.7,9.0,7.0
2025-02-02 03:00:00,25.1,0.0,89.4,3.0,6.0
2025-02-02 04:00:00,25.0,0.0,89.4,9.0,6.7
2025-02-02 05:00:00,24.9,0.0,89.4,350.0,5.1
2025-02-02 06:00:00,25.1,0.0,90.5,25.0,5.7
2025-02-02 07:00:00,25.0,0.0,92.4,16.0,4.7
2025-02-02 08:00:00,25.0,0.0,92.2,65.0,2.5
2025-02-02 09:00:00,25.5,0.0,90.4,48.0,3.7
2025-02-02 10:00:00,26.5,0.0,84.8,10.0,7.9
2025-02-02 11:00:00,27.9,0.0,76.3,7.0,5.9
2025-02-02 12:00:00,29.0,0.0,66.8,7.0,6.5
2025-02-02 13:00:00,30.3,0.0,63.2,1.0,4.3
2025-02-02 14:00:00,31.3,0.0,59.4,2.0,5.1
2025-02-02 15:00:00,31.4,0.0,57.4,322.0,7.6
2025-02-02 16:00:00,32.1,0.0,56.3,348.0,8.10001
2025-02-02 17:00:00,32.2,0.0,53.9,9.0,5.3
2025-02-02 18:00:00,30.3,0.0,68.9,136.0,6.6
2025-02-02 19:00:00,25.4,0.0,99.4,134.0,8.3
2025-02-02 20:00:00,27.4,0.0,81.1,62.0,6.0
2025-02-02 21:00:00,27.1,0.0,79.2,47.0,5.1
2025-02-02 22:00:00,26.6,0.0,84.2,54.0,8.10001
2025-02-02 23:00:00,26.3,0.0,88.6,43.0,3.2
2025-02-03 00:00:00,25.9,0.0,92.3,24.0,4.0
2025-02-03 01:00:00,25.8,0.0,92.3,7.0,4.6
2025-02-03 02:00:00,25.8,0.0,93.8,15.0,7.5
2025-02-03 03:00:00,25.7,0.0,91.5,8.0,7.8
2025-02-03 04:00:00,25.5,0.0,91.3,11.0,7.1
2025-02-03 05:00:00,25.3,0.0,92.6,7.0,5.5
2025-02-03 06:00:00,25.4,0.0,92.1,24.0,9.60001
2025-02-03 07:00:00,25.0,0.0,93.0,26.0,4.2
2025-02-03 08:00:00,25.2,0.0,90.5,15.0,5.9
2025-02-03 09:00:00,25.9,0.0,86.6,18.0,6.1
2025-02-03 10:00:00,26.8,0.0,81.0,17.0,8.8
2025-02-03 11:00:00,28.7,0.0,61.3,20.0,9.5
2025-02-03 12:00:00,29.6,0.0,61.0,17.0,8.7
2025-02-03 13:00:00,30.9,0.0,55.7,6.0,8.3
2025-02-03 14:00:00,30.7,0.0,59.1,15.0,8.89999
2025-02-03 15:00:00,31.6,0.0,57.3,354.0,6.1
2025-02-03 16:00:00,32.3,0.0,54.4,27.0,6.8
2025-02-03 17:00:00,31.7,0.0,56.4,21.0,5.6
2025-02-03 18:00:00,30.5,0.0,62.8,139.0,3.1
2025-02-03 19:00:00,29.4,0.0,62.7,50.0,5.6
2025-02-03 20:00:00,28.0,0.0,69.0,43.0,8.39999
2025-02-03 21:00:00,26.9,0.0,74.8,23.0,6.1
2025-02-03 22:00:00,26.5,0.0,74.4,52.0,7.0
2025-02-03 23:00:00,26.2,0.0,77.8,56.0,6.2
2025-02-04 00:00:00,25.7,0.0,82.0,58.0,5.8
2025-02-04 01:00:00,25.6,0.0,87.2,52.0,7.4
2025-02-04 02:00:00,25.2,0.0,91.2,14.0,8.10001
2025-02-04 03:00:00,25.2,0.0,90.9,8.0,5.8
2025-02-04 04:00:00,25.1,0.0,90.7,7.0,6.1
2025-02-04 05:00:00,25.0,0.0,91.8,5.0,5.9
2025-02-04 06:00:00,25.2,0.0,89.9,26.0,4.9
2025-02-04 07:00:00,24.7,0.0,92.9,12.0,8.0
2025-02-04 08:00:00,24.9,0.0,91.9,11.0,7.6
2025-02-04 09:00:00,25.6,0.0,90.1,2.0,5.7
2025-02-04 10:00:00,27.2,0.0,81.5,5.0,5.3
2025-02-04 11:00:00,28.3,0.0,71.5,26.0,10.1
2025-02-04 12:00:00,29.4,0.0,69.0,5.0,8.8
2025-02-04 13:00:00,30.3,0.0,64.6,8.0,10.7
2025-02-04 14:00:00,30.8,0.0,61.7,33.0,5.8
2025-02-04 15:00:00,29.6,0.0,68.3,358.0,5.2
2025-02-04 16:00:00,26.5,0.0,89.9,124.0,2.6
2025-02-04 17:00:00,26.9,0.8,92.0,5.0,3.5
2025-02-04 18:00:00,27.2,0.0,87.4,33.0,6.5
2025-02-04 19:00:00,26.9,0.0,88.5,36.0,6.4
2025-02-04 20:00:00,25.9,0.0,93.5,55.0,9.89999
2025-02-04 21:00:00,25.6,0.0,94.8,39.0,4.0
2025-02-04 22:00:00,25.6,0.0,97.8,13.0,7.8
2025-02-04 23:00:00,25.4,0.0,99.0,27.0,8.0
2025-02-05 00:00:00,25.3,0.0,98.7,23.0,8.0
2025-02-05 01:00:00,24.6,0.0,99.4,54.0,4.6
2025-02-05 02:00:00,24.5,0.0,99.4,19.0,3.7
2025-02-05 03:00:00,24.3,0.0,99.4,15.0,8.89999
2025-02-05 04:00:00,23.8,0.2,99.4,18.0,8.5
2025-02-05 05:00:00,23.6,0.0,99.4,14.0,8.0
2025-02-05 06:00:00,23.5,0.0,99.4,11.0,8.3
2025-02-05 07:00:00,23.7,0.0,99.4,19.0,6.3
2025-02-05 08:00:00,23.2,0.0,99.4,19.0,8.10001
2025-02-05 09:00:00,23.5,0.2,99.4,4.0,6.1
2025-02-05 10:00:00,23.0,0.2,99.4,3.0,7.3
2025-02-05 11:00:00,23.2,0.4,99.4,8.0,5.9
2025-02-05 12:00:00,23.6,0.0,99.4,343.0,6.1
2025-02-05 13:00:00,24.0,0.0,99.4,353.0,4.6
2025-02-05 14:00:00,24.9,0.0,99.3,358.0,7.0
2025-02-05 15:00:00,25.7,0.0,91.0,8.0,5.9
2025-02-05 16:00:00,26.1,0.0,88.4,9.0,6.8
2025-02-05 17:00:00,26.4,0.0,86.8,9.0,8.3
2025-02-05 18:00:00,26.7,0.0,81.8,21.0,7.9
2025-02-05 19:00:00,26.2,0.0,85.8,10.0,7.5
2025-02-05 20:00:00,25.7,0.0,89.2,14.0,8.60001
2025-02-05 21:00:00,25.5,0.0,90.2,24.0,9.0
2025-02-05 22:00:00,25.3,0.0,91.2,20.0,9.60001
2025-02-05 23:00:00,25.0,0.0,92.1,25.0,9.2
2025-02-06 00:00:00,25.0,0.0,87.7,39.0,7.4
2025-02-06 01:00:00,24.8,0.0,86.6,329.0,1.4
2025-02-06 02:00:00,24.9,0.0,87.3,3.0,3.6
2025-02-06 03:00:00,24.6,0.0,88.7,346.0,2.8
2025-02-06 04:00:00,24.6,0.0,88.9,358.0,4.0
2025-02-06 05:00:00,24.7,0.0,88.5,11.0,6.2
2025-02-06 06:00:00,24.6,0.0,90.2,13.0,6.8
2025-02-06 07:00:00,24.5,0.0,89.5,12.0,5.5
2025-02-06 08:00:00,24.8,0.0,90.0,21.0,6.5
2025-02-06 09:00:00,25.5,0.0,88.3,18.0,6.7
2025-02-06 10:00:00,27.1,0.0,80.1,14.0,6.7
2025-02-06 11:00:00,27.9,0.0,73.1,46.0,10.9
2025-02-06 12:00:00,28.7,0.0,65.7,53.0,11.7
2025-02-06 13:00:00,29.6,0.0,61.1,39.0,12.4
2025-02-06 14:00:00,30.3,0.0,59.8,39.0,8.39999
2025-02-06 15:00:00,30.2,0.0,56.7,26.0,8.10001
2025-02-06 16:00:00,30.7,0.0,58.3,30.0,7.7
2025-02-06 17:00:00,29.4,0.0,63.4,45.0,8.60001
2025-02-06 18:00:00,28.2,0.0,67.4,56.0,10.7
2025-02-06 19:00:00,27.7,0.0,70.8,47.0,8.3
2025-02-06 20:00:00,26.7,0.0,76.5,55.0,7.2
2025-02-06 21:00:00,26.1,0.0,80.1,54.0,6.5
2025-02-06 22:00:00,25.7,0.0,81.3,24.0,5.9
2025-02-06 23:00:00,25.4,0.0,84.4,52.0,5.1
2025-02-07 00:00:00,25.1,0.0,87.3,50.0,4.7
2025-02-07 01:00:00,24.7,0.0,90.6,14.0,7.3
2025-02-07 02:00:00,24.7,0.0,89.5,10.0,6.8
2025-02-07 03:00:00,24.6,0.0,92.2,65.0,3.6
2025-02-07 04:00:00,24.5,0.0,94.7,52.0,5.4
2025-02-07 05:00:00,24.2,0.0,97.9,18.0,6.0
2025-02-07 06:00:00,24.2,0.0,97.4,353.0,4.0
2025-02-07 07:00:00,24.3,0.0,96.2,6.0,6.9
2025-02-07 08:00:00,24.7,0.0,95.1,23.0,4.9
2025-02-07 09:00:00,26.3,0.0,87.4,40.0,7.0
2025-02-07 10:00:00,26.9,0.0,85.5,26.0,8.10001
2025-02-07 11:00:00,28.1,0.0,73.8,24.0,11.0
2025-02-07 12:00:00,29.6,0.0,68.5,40.0,9.2
2025-02-07 13:00:00,30.0,0.0,62.0,31.0,8.39999
2025-02-07 14:00:00,31.0,0.0,58.5,16.0,6.1
2025-02-07 15:00:00,30.6,0.0,60.9,17.0,8.2
2025-02-07 16:00:00,30.7,0.0,60.9,16.0,6.6
2025-02-07 17:00:00,29.5,0.0,66.9,49.0,11.7
2025-02-07 18:00:00,29.3,0.0,67.8,35.0,9.7
2025-02-07 19:00:00,28.3,0.0,71.4,51.0,10.8
2025-02-07 20:00:00,27.4,0.0,74.8,51.0,10.2
2025-02-07 21:00:00,26.4,0.0,81.0,47.0,9.10001
2025-02-07 22:00:00,26.1,0.0,84.0,49.0,7.1
2025-02-07 23:00:00,25.6,0.0,90.6,36.0,5.1
2025-02-08 00:00:00,25.4,0.0,91.7,60.0,5.5
2025-02-08 01:00:00,25.3,0.0,93.6,43.0,4.8
2025-02-08 02:00:00,25.1,0.0,94.7,27.0,6.1
2025-02-08 03:00:00,25.0,0.0,95.9,40.0,5.1
2025-02-08 04:00:00,24.9,0.0,96.9,48.0,6.9
2025-02-08 05:00:00,24.4,0.0,99.3,15.0,7.6
2025-02-08 06:00:00,24.4,0.0,99.0,9.0,7.8
2025-02-08 07:00:00,24.5,0.0,97.8,17.0,7.4
2025-02-08 08:00:00,24.9,0.0,97.0,22.0,5.7
2025-02-08 09:00:00,25.8,0.0,90.7,10.0,5.6
2025-02-08 10:00:00,27.0,0.0,83.3,4.0,8.60001
2025-02-08 11:00:00,28.9,0.0,71.3,14.0,9.10001
2025-02-08 12:00:00,29.6,0.0,63.6,25.0,8.5
2025-02-08 13:00:00,30.3,0.0,58.4,18.0,10.2
2025-02-08 14:00:00,30.0,0.0,59.5,47.0,10.1
2025-02-08 15:00:00,29.4,0.0,64.0,61.0,8.5
2025-02-08 16:00:00,29.8,0.0,61.8,21.0,9.0
2025-02-08 17:00:00,29.1,0.0,63.0,50.0,13.9
2025-02-08 18:00:00,28.6,0.0,67.9,42.0,12.1
2025-02-08 19:00:00,27.5,0.0,74.2,27.0,9.7
2025-02-08 20:00:00,26.7,0.0,77.2,22.0,9.89999
2025-02-08 21:00:00,26.4,0.0,78.5,16.0,9.0
2025-02-08 22:00:00,26.0,0.0,82.5,15.0,8.3
2025-02-08 23:00:00,25.8,0.0,86.9,23.0,7.4
2025-02-09 00:00:00,25.6,0.0,87.8,18.0,6.6
2025-02-09 01:00:00,25.4,0.0,90.3,22.0,7.7
2025-02-09 02:00:00,25.2,0.0,91.2,18.0,9.2
2025-02-09 03:00:00,25.1,0.0,92.6,22.0,7.6
2025-02-09 04:00:00,24.8,0.0,94.4,17.0,4.5
2025-02-09 05:00:00,24.6,0.0,96.6,19.0,5.1
2025-02-09 06:00:00,24.6,0.0,97.0,48.0,4.4
2025-02-09 07:00:00,24.6,0.0,97.3,25.0,4.8
2025-02-09 08:00:00,24.7,0.0,96.8,35.0,3.8
2025-02-09 09:00:00,25.6,0.0,92.3,44.0,4.7
2025-02-09 10:00:00,27.2,0.0,85.1,22.0,8.3
2025-02-09 11:00:00,28.2,0.0,73.9,17.0,11.3
2025-02-09 12:00:00,29.3,0.0,67.6,13.0,9.0
2025-02-09 13:00:00,29.8,0.0,65.8,57.0,7.9
2025-02-09 14:00:00,29.6,0.0,64.7,19.0,13.3
2025-02-09 15:00:00,27.9,0.0,73.9,23.0,11.0
2025-02-09 16:00:00,24.7,0.4,99.3,21.0,15.1
2025-02-09 17:00:00,25.7,0.0,96.4,19.0,10.7
2025-02-09 18:00:00,26.4,0.0,86.1,17.0,11.5
2025-02-09 19:00:00,25.5,0.0,93.1,60.0,8.3
2025-02-09 20:00:00,26.1,0.0,88.7,22.0,9.3
2025-02-09 21:00:00,25.9,0.0,86.4,36.0,7.6
2025-02-09 22:00:00,25.7,0.0,84.7,55.0,7.4
2025-02-09 23:00:00,25.5,0.0,85.4,52.0,10.8
2025-02-10 00:00:00,25.3,0.0,86.5,53.0,8.10001
2025-02-10 01:00:00,25.3,0.0,87.8,43.0,7.1
2025-02-10 02:00:00,25.0,0.0,89.0,52.0,10.5
2025-02-10 03:00:00,24.7,0.0,92.6,18.0,6.6
2025-02-10 04:00:00,24.5,0.0,92.8,19.0,5.1
2025-02-10 05:00:00,24.4,0.0,92.9,16.0,4.9
2025-02-10 06:00:00,24.3,0.0,92.7,51.0,4.0
2025-02-10 07:00:00,24.2,0.0,93.3,58.0,2.5
2025-02-10 08:00:00,24.7,0.0,90.0,16.0,4.9
2025-02-10 09:00:00,25.8,0.0,83.8,18.0,5.0
2025-02-10 10:00:00,26.7,0.0,78.8,17.0,8.89999
2025-02-10 11:00:00,27.2,0.0,76.7,18.0,8.89999
2025-02-10 12:00:00,29.3,0.0,64.8,24.0,9.89999
2025-02-10 13:00:00,29.4,0.0,65.4,18.0,9.7
2025-02-10 14:00:00,30.3,0.0,60.9,32.0,10.0
2025-02-10 15:00:00,29.5,0.0,63.5,28.0,8.89999
2025-02-10 16:00:00,29.6,0.0,65.3,43.0,7.3
2025-02-10 17:00:00,28.7,0.0,69.1,46.0,9.10001
2025-02-10 18:00:00,27.7,0.0,69.6,23.0,10.9
2025-02-10 19:00:00,27.2,0.0,71.3,25.0,12.4
2025-02-10 20:00:00,26.4,0.0,76.4,26.0,12.1
2025-02-10 21:00:00,25.9,0.0,78.9,21.0,9.7
2025-02-10 22:00:00,25.6,0.0,83.9,17.0,7.4
2025-02-10 23:00:00,25.7,0.0,85.2,49.0,8.3
2025-02-11 00:00:00,25.3,0.0,87.7,15.0,7.1
2025-02-11 01:00:00,25.2,0.0,87.9,56.0,6.9
2025-02-11 02:00:00,25.1,0.0,88.7,55.0,7.7
2025-02-11 03:00:00,25.1,0.0,89.0,55.0,7.7
2025-02-11 04:00:00,25.0,0.0,88.9,57.0,8.3
2025-02-11 05:00:00,24.9,0.0,90.2,46.0,6.1
2025-02-11 06:00:00,24.7,0.0,93.4,25.0,4.5
2025-02-11 07:00:00,24.5,0.0,94.2,28.0,5.4
2025-02-11 08:00:00,24.6,0.0,92.1,5.0,7.2
2025-02-11 09:00:00,25.4,0.0,87.2,17.0,9.39999
2025-02-11 10:00:00,26.8,0.0,80.8,49.0,8.7
2025-02-11 11:00:00,27.9,0.0,73.9,42.0,9.7
2025-02-11 12:00:00,29.1,0.0,66.5,42.0,9.39999
2025-02-11 13:00:00,29.7,0.0,63.6,23.0,8.3
2025-02-11 14:00:00,30.9,0.0,60.9,42.0,8.2
2025-02-11 15:00:00,30.2,0.0,62.9,10.0,8.2
2025-02-11 16:00:00,29.6,0.0,65.3,46.0,10.4
2025-02-11 17:00:00,29.1,0.0,69.6,66.0,7.9
2025-02-11 18:00:00,28.5,0.0,72.0,58.0,8.89999
2025-02-11 19:00:00,27.6,0.0,76.8,68.0,7.4
2025-02-11 20:00:00,26.3,0.0,88.5,49.0,6.0
2025-02-11 21:00:00,26.5,0.0,81.4,57.0,7.5
2025-02-11 22:00:00,26.3,0.0,83.2,54.0,5.0
2025-02-11 23:00:00,25.8,0.0,88.3,57.0,6.7
2025-02-12 00:00:00,25.6,0.0,89.9,60.0,6.7
2025-02-12 01:00:00,25.4,0.0,90.8,53.0,8.7
2025-02-12 02:00:00,25.3,0.0,90.8,52.0,9.0
2025-02-12 03:00:00,25.1,0.0,92.2,48.0,10.5
2025-02-12 04:00:00,25.0,0.0,93.1,46.0,11.4
2025-02-12 05:00:00,24.9,0.0,93.1,48.0,7.3
2025-02-12 06:00:00,24.7,0.0,94.2,55.0,6.9
2025-02-12 07:00:00,24.6,0.0,96.4,41.0,4.0
2025-02-12 08:00:00,24.9,0.0,96.8,53.0,4.3
2025-02-12 09:00:00,25.7,0.0,91.1,52.0,4.0
2025-02-12 10:00:00,26.4,0.0,87.2,53.0,6.3
2025-02-12 11:00:00,27.1,0.0,80.7,65.0,7.8
2025-02-12 12:00:00,28.8,0.0,69.9,87.0,8.39999
2025-02-12 13:00:00,30.1,0.0,63.4,77.0,4.5
2025-02-12 14:00:00,31.4,0.0,59.1,95.0,5.2
2025-02-12 15:00:00,31.4,0.0,58.3,81.0,4.4
2025-02-12 16:00:00,30.9,0.0,58.7,84.0,9.3
2025-02-12 17:00:00,30.0,0.0,63.2,65.0,8.2
2025-02-12 18:00:00,29.6,0.0,62.8,67.0,6.9
2025-02-12 19:00:00,28.4,0.0,70.4,72.0,7.7
2025-02-12 20:00:00,27.3,0.0,76.5,67.0,8.5
2025-02-12 21:00:00,26.7,0.0,83.6,73.0,5.8
2025-02-12 22:00:00,26.3,0.0,88.3,79.0,5.9
2025-02-12 23:00:00,25.9,0.0,91.7,73.0,5.9
2025-02-13 00:00:00,25.8,0.0,92.2,71.0,6.0
2025-02-13 01:00:00,25.8,0.0,92.1,74.0,5.0
2025-02-13 02:00:00,25.5,0.0,94.0,61.0,6.4
2025-02-13 03:00:00,25.3,0.0,95.7,60.0,6.9
2025-02-13 04:00:00,25.1,0.0,97.6,67.0,5.5
2025-02-13 05:00:00,25.0,0.0,98.8,53.0,7.4
2025-02-13 06:00:00,25.1,0.0,98.7,57.0,7.2
2025-02-13 07:00:00,25.0,0.0,98.1,61.0,5.3
2025-02-20 15:00:00,29.7,0.0,67.5,35.0,8.10001
2025-02-20 16:00:00,30.4,0.0,63.5,46.0,10.4
2025-02-20 17:00:00,30.1,0.0,65.2,51.0,10.3
2025-02-20 18:00:00,29.2,0.0,69.6,56.0,9.8
2025-02-20 19:00:00,28.6,0.0,73.4,52.0,9.7
2025-02-20 20:00:00,27.6,0.0,82.2,54.0,7.8
2025-02-20 21:00:00,27.0,0.0,87.4,65.0,4.1
2025-02-20 22:00:00,26.5,0.0,91.2,61.0,7.5
2025-02-20 23:00:00,26.3,0.0,91.7,56.0,8.60001
2025-02-21 00:00:00,26.1,0.0,93.9,52.0,7.8
2025-02-21 01:00:00,25.8,0.0,96.7,19.0,5.9
2025-02-21 02:00:00,25.6,0.0,96.6,19.0,6.6
2025-02-21 03:00:00,25.5,0.0,97.9,16.0,6.9
2025-02-21 04:00:00,25.5,0.0,96.6,17.0,6.1
2025-02-21 05:00:00,25.3,0.0,97.5,12.0,7.7
2025-02-21 06:00:00,25.2,0.0,97.5,20.0,4.4
2025-02-21 07:00:00,25.1,0.0,98.1,39.0,2.3
2025-02-21 08:00:00,25.7,0.0,96.1,2.0,1.7
2025-02-21 09:00:00,26.6,0.0,89.5,359.0,5.3
2025-02-21 10:00:00,27.8,0.0,80.4,6.0,8.3
2025-02-21 11:00:00,28.7,0.0,74.6,359.0,9.3
2025-02-21 12:00:00,29.5,0.0,70.5,11.0,9.3
2025-02-21 13:00:00,29.9,0.0,67.0,16.0,9.2
2025-02-21 14:00:00,30.3,0.0,66.3,37.0,8.39999
2025-02-21 15:00:00,29.1,0.0,71.2,41.0,10.6
2025-02-21 16:00:00,30.0,0.0,68.6,19.0,11.0
2025-02-21 17:00:00,29.6,0.0,71.5,14.0,9.89999
2025-02-21 18:00:00,29.5,0.0,71.4,53.0,6.8
2025-02-21 19:00:00,28.4,0.0,74.3,56.0,8.10001
2025-02-21 20:00:00,27.7,0.0,78.8,33.0,6.4
2025-02-21 21:00:00,27.1,0.0,85.0,44.0,5.4
2025-02-21 22:00:00,26.7,0.0,89.8,28.0,5.0
2025-02-21 23:00:00,26.4,0.0,90.4,24.0,4.3
2025-02-22 00:00:00,26.3,0.0,91.1,53.0,3.1
2025-02-22 01:00:00,26.2,0.0,92.1,54.0,5.2
2025-02-22 02:00:00,25.7,0.0,95.6,16.0,3.1
2025-02-22 03:00:00,25.5,0.0,96.3,28.0,3.5
2025-02-22 04:00:00,25.6,0.0,96.5,23.0,3.8
2025-02-22 05:00:00,25.5,0.0,97.4,54.0,3.7
2025-02-22 06:00:00,25.4,0.0,98.4,61.0,5.0
2025-02-22 07:00:00,25.4,0.0,99.1,21.0,4.9
2025-02-22 08:00:00,25.7,0.0,98.3,55.0,3.6
2025-02-22 09:00:00,26.5,0.0,93.5,14.0,9.2
2025-02-22 10:00:00,27.9,0.0,83.3,50.0,9.2
2025-02-22 11:00:00,29.2,0.0,72.3,47.0,9.3
2025-02-22 12:00:00,29.9,0.0,65.2,75.0,6.9
2025-02-22 13:00:00,30.2,0.0,66.8,59.0,6.0
2025-02-22 14:00:00,31.0,0.0,63.6,26.0,5.5
2025-02-22 15:00:00,30.1,0.0,74.6,96.0,6.3
2025-02-22 16:00:00,26.9,0.0,99.4,21.0,8.5
2025-02-22 17:00:00,27.6,0.0,91.7,56.0,2.5
2025-02-22 18:00:00,28.1,0.0,79.8,47.0,8.39999
2025-02-22 19:00:00,27.7,0.0,80.4,16.0,10.3
2025-02-22 20:00:00,27.2,0.0,85.1,26.0,6.6
2025-02-22 21:00:00,26.8,0.0,88.2,54.0,5.3
2025-02-22 22:00:00,26.5,0.0,91.8,47.0,6.5
2025-02-22 23:00:00,26.1,0.0,94.8,18.0,5.5
2025-02-23 00:00:00,26.1,0.0,94.3,25.0,3.5
2025-02-23 01:00:00,26.1,0.0,94.7,29.0,3.6
2025-02-23 02:00:00,26.2,0.0,94.9,48.0,4.6
2025-02-23 03:00:00,25.8,0.0,98.0,18.0,6.0
2025-02-23 04:00:00,25.8,0.0,98.5,49.0,3.2
2025-02-23 05:00:00,25.6,0.0,99.3,14.0,6.9
2025-02-23 06:00:00,25.6,0.0,98.5,354.0,3.9
2025-02-23 07:00:00,25.7,0.0,97.0,347.0,3.9
2025-02-23 08:00:00,25.6,0.0,97.9,339.0,4.7
2025-02-23 09:00:00,25.9,0.0,96.1,297.0,3.7
2025-02-23 10:00:00,27.8,0.0,83.4,17.0,6.4
2025-02-23 11:00:00,29.6,0.0,72.7,4.0,4.7
2025-02-23 12:00:00,31.2,0.0,63.6,25.0,5.6
2025-02-23 13:00:00,27.7,0.0,84.0,79.0,9.39999
2025-02-23 14:00:00,29.5,0.0,74.5,30.0,6.3
2025-02-23 15:00:00,27.5,0.0,80.2,195.0,3.0
2025-02-23 16:00:00,25.3,1.0,98.5,312.0,8.10001
2025-02-23 17:00:00,24.2,0.0,99.4,102.0,2.9
2025-02-23 18:00:00,25.1,0.0,99.4,38.0,2.6
2025-02-23 19:00:00,25.6,0.0,99.4,5.0,3.7
2025-02-23 20:00:00,25.8,0.0,99.4,50.0,2.9
2025-02-23 21:00:00,26.2,0.0,98.8,79.0,3.6
2025-02-23 22:00:00,26.1,0.0,99.3,69.0,5.0
2025-02-23 23:00:00,26.1,0.0,99.3,77.0,3.8
2025-02-24 00:00:00,26.0,0.0,99.4,63.0,4.2
2025-02-24 01:00:00,26.0,0.0,99.4,56.0,5.9
2025-02-24 02:00:00,25.7,0.0,99.4,45.0,2.7
2025-02-24 03:00:00,25.6,0.0,99.4,17.0,3.6
2025-02-24 04:00:00,25.4,0.0,99.4,36.0,3.3
2025-02-24 05:00:00,25.2,0.0,99.4,14.0,4.2
2025-02-24 06:00:00,25.1,0.0,99.4,38.0,2.4
2025-02-24 07:00:00,25.2,0.0,99.4,36.0,4.9
2025-02-24 08:00:00,25.6,0.0,99.4,58.0,5.2
2025-02-24 09:00:00,26.9,0.0,94.3,68.0,5.6
2025-02-24 10:00:00,28.6,0.0,84.4,70.0,4.5
2025-02-24 11:00:00,28.7,0.0,80.1,39.0,9.0
2025-02-24 12:00:00,29.4,0.0,76.2,45.0,7.3
2025-02-24 13:00:00,29.9,0.0,72.8,35.0,9.7
2025-02-24 14:00:00,29.9,0.0,69.7,67.0,11.1
2025-02-24 15:00:00,30.6,0.0,63.5,69.0,10.6
2025-02-24 16:00:00,30.6,0.0,62.1,67.0,11.1
2025-02-24 17:00:00,30.2,0.0,62.8,76.0,10.9
2025-02-24 18:00:00,29.5,0.0,67.2,68.0,9.2
2025-02-24 19:00:00,28.4,0.0,75.2,52.0,8.39999
2025-02-24 20:00:00,27.0,0.0,87.8,50.0,11.1
2025-02-24 21:00:00,26.6,0.0,91.0,55.0,8.39999
2025-02-24 22:00:00,26.4,0.0,93.6,39.0,4.4
2025-02-24 23:00:00,26.4,0.0,95.8,47.0,6.1
2025-02-25 00:00:00,26.2,0.0,98.4,43.0,4.2
2025-02-25 01:00:00,26.3,0.0,97.3,47.0,6.6
2025-02-25 02:00:00,24.5,0.0,99.4,51.0,8.7
2025-02-25 03:00:00,24.1,0.0,99.4,4.0,7.8
2025-02-25 04:00:00,24.7,0.0,99.3,13.0,5.2
2025-02-25 05:00:00,25.0,0.0,99.4,16.0,4.4
2025-02-25 06:00:00,25.3,0.0,99.4,58.0,6.9
2025-02-25 07:00:00,25.4,0.0,99.3,55.0,7.0
2025-02-25 08:00:00,25.8,0.0,99.3,69.0,5.0
2025-02-25 09:00:00,26.3,0.0,95.7,48.0,9.0
2025-02-25 10:00:00,27.5,0.0,87.9,45.0,10.0
2025-02-25 11:00:00,28.3,0.0,82.4,64.0,8.7
2025-02-25 12:00:00,28.3,0.0,86.1,18.0,6.1
2025-02-25 13:00:00,27.8,0.0,84.3,40.0,10.7
2025-02-25 14:00:00,26.1,0.6,99.3,27.0,6.3
2025-02-25 15:00:00,28.7,0.0,77.8,54.0,10.5
2025-02-25 16:00:00,29.0,0.0,75.8,80.0,6.7
2025-02-25 17:00:00,28.7,0.0,76.0,80.0,9.39999
2025-02-25 18:00:00,28.3,0.0,78.4,72.0,9.0
2025-02-25 19:00:00,27.7,0.0,81.9,49.0,11.1
2025-02-25 20:00:00,27.0,0.0,86.2,59.0,7.7
2025-02-25 21:00:00,26.5,0.0,93.2,52.0,5.4
2025-02-25 22:00:00,26.3,0.0,97.0,50.0,8.5
2025-02-25 23:00:00,26.3,0.0,97.5,56.0,8.0
2025-02-26 00:00:00,26.3,0.0,98.2,59.0,9.0
2025-02-26 01:00:00,26.2,0.0,99.3,59.0,5.9
2025-02-26 02:00:00,26.1,0.0,99.3,60.0,7.7
2025-02-26 03:00:00,25.9,0.0,99.4,54.0,6.6
2025-02-26 04:00:00,25.9,0.0,99.4,63.0,3.7
2025-02-26 05:00:00,25.9,0.0,99.3,54.0,5.8
2025-02-26 06:00:00,25.8,0.0,99.4,57.0,6.8
2025-02-26 07:00:00,25.8,0.0,99.3,64.0,6.2
2025-02-26 08:00:00,26.0,0.0,99.3,65.0,6.9
2025-02-26 09:00:00,26.8,0.0,95.4,46.0,7.0
2025-02-26 10:00:00,27.9,0.0,87.8,53.0,8.0
2025-02-26 11:00:00,28.0,0.0,84.7,46.0,14.3
2025-02-26 12:00:00,29.1,0.0,80.2,41.0,12.4
2025-02-26 13:00:00,29.7,0.0,76.7,64.0,7.1
2025-02-26 14:00:00,28.8,0.0,79.1,73.0,11.0
2025-02-26 15:00:00,28.8,0.0,77.7,73.0,10.4
2025-02-26 16:00:00,28.7,0.0,80.9,70.0,8.39999
2025-02-26 17:00:00,28.3,0.0,82.3,53.0,12.4
2025-02-26 18:00:00,28.4,0.0,83.6,38.0,11.8
2025-02-26 19:00:00,27.4,0.0,88.5,55.0,10.9
2025-02-26 20:00:00,26.9,0.0,91.9,60.0,9.2
2025-02-26 21:00:00,26.5,0.0,95.6,57.0,8.7
2025-02-26 22:00:00,26.2,0.0,99.3,57.0,7.6
2025-02-26 23:00:00,26.3,0.0,97.6,52.0,5.9
2025-02-27 00:00:00,26.1,0.0,99.3,21.0,5.8
2025-02-27 01:00:00,26.1,0.0,97.1,55.0,8.7
2025-02-27 02:00:00,26.0,0.0,97.7,56.0,8.89999
2025-02-27 03:00:00,26.0,0.0,97.9,54.0,9.60001
2025-02-27 04:00:00,26.0,0.0,98.9,49.0,7.6
2025-02-27 05:00:00,25.7,0.0,99.3,28.0,7.2
2025-02-27 06:00:00,25.5,0.0,99.4,21.0,5.5
2025-02-27 07:00:00,25.6,0.0,99.3,37.0,6.4
2025-02-27 08:00:00,25.7,0.0,99.3,35.0,5.3
2025-02-27 09:00:00,26.1,0.0,93.8,47.0,8.7
2025-02-27 10:00:00,27.5,0.0,87.6,44.0,9.3
2025-02-27 11:00:00,28.5,0.0,77.9,44.0,13.4
2025-02-27 12:00:00,29.3,0.0,73.8,41.0,9.5
2025-02-27 13:00:00,30.0,0.0,68.6,40.0,11.6
2025-02-27 14:00:00,30.4,0.0,68.3,52.0,10.7
2025-02-27 15:00:00,29.7,0.0,70.3,44.0,13.1
2025-02-27 16:00:00,30.4,0.0,66.3,55.0,12.9
2025-02-27 17:00:00,29.5,0.0,71.1,66.0,9.2
2025-02-27 18:00:00,29.1,0.0,71.9,64.0,8.39999
2025-02-27 19:00:00,28.2,0.0,72.4,72.0,8.10001
2025-02-27 20:00:00,27.3,0.0,82.5,62.0,8.89999
2025-02-27 21:00:00,26.9,0.0,89.2,53.0,6.2
2025-02-27 22:00:00,26.8,0.0,92.6,55.0,5.1
2025-02-27 23:00:00,26.7,0.0,93.3,57.0,6.0
2025-02-28 00:00:00,26.5,0.0,94.6,62.0,6.4
2025-02-28 01:00:00,26.4,0.0,95.8,35.0,4.7
2025-02-28 02:00:00,26.4,0.0,96.7,48.0,4.3
2025-02-28 03:00:00,26.0,0.0,99.3,8.0,5.5
2025-02-28 04:00:00,26.1,0.0,98.9,5.0,5.0
2025-02-28 05:00:00,26.0,0.0,98.8,51.0,4.3
2025-02-28 06:00:00,25.8,0.0,99.2,55.0,7.5
2025-02-28 07:00:00,25.8,0.0,99.3,19.0,2.3
2025-02-28 08:00:00,26.0,0.0,99.3,62.0,4.4
2025-02-28 09:00:00,26.5,0.0,97.8,61.0,7.8
2025-02-28 10:00:00,27.3,0.0,93.4,47.0,6.1
2025-02-28 11:00:00,28.2,0.0,86.9,36.0,7.6
2025-02-28 12:00:00,29.2,0.0,78.2,46.0,9.8
2025-02-28 13:00:00,29.2,0.0,75.6,41.0,8.10001
2025-02-28 14:00:00,30.0,0.0,70.0,55.0,13.9
2025-02-28 15:00:00,29.7,0.0,72.1,73.0,11.3
2025-02-28 16:00:00,29.9,0.0,71.2,59.0,12.8
2025-02-28 17:00:00,29.8,0.0,71.7,74.0,10.3
2025-02-28 18:00:00,29.2,0.0,74.5,55.0,8.39999
2025-02-28 19:00:00,28.2,0.0,79.5,50.0,8.10001
2025-02-28 20:00:00,27.4,0.0,86.9,47.0,10.0
2025-02-28 21:00:00,27.2,0.0,89.7,47.0,5.8
2025-02-28 22:00:00,26.9,0.0,92.0,63.0,4.3
2025-02-28 23:00:00,26.6,0.0,94.4,55.0,6.2
2025-03-01 00:00:00,26.5,0.0,95.9,50.0,7.0
2025-03-01 01:00:00,26.5,0.0,96.9,57.0,6.1
2025-03-01 02:00:00,26.4,0.0,97.0,54.0,7.2
2025-03-01 03:00:00,26.3,0.0,97.4,54.0,7.7
2025-03-01 04:00:00,26.2,0.0,97.7,51.0,8.8
2025-03-01 05:00:00,26.0,0.0,99.3,27.0,3.6
2025-03-01 06:00:00,25.8,0.0,99.4,49.0,5.5
2025-03-01 07:00:00,25.8,0.0,99.3,53.0,7.0
2025-03-01 08:00:00,26.1,0.0,99.3,40.0,3.8
2025-03-01 09:00:00,27.0,0.0,92.4,43.0,5.9
2025-03-01 10:00:00,28.3,0.0,84.8,51.0,5.4
2025-03-01 11:00:00,29.5,0.0,72.2,61.0,7.4
2025-03-01 12:00:00,29.8,0.0,70.3,52.0,8.3
2025-03-01 13:00:00,30.2,0.0,66.5,37.0,7.7
2025-03-01 14:00:00,30.5,0.0,67.5,30.0,9.39999
2025-03-01 15:00:00,31.1,0.0,63.6,43.0,9.89999
2025-03-01 16:00:00,31.0,0.0,64.1,41.0,9.5
2025-03-01 17:00:00,30.1,0.0,65.7,56.0,10.4
2025-03-01 18:00:00,29.9,0.0,68.6,34.0,10.8
2025-03-01 19:00:00,28.6,0.0,74.9,48.0,10.9
2025-03-01 20:00:00,27.6,0.0,82.8,56.0,9.89999
2025-03-01 21:00:00,27.0,0.0,88.5,44.0,9.7
2025-03-01 22:00:00,26.7,0.0,91.4,42.0,5.1
2025-03-01 23:00:00,26.4,0.0,92.4,12.0,5.9
2025-03-02 00:00:00,26.3,0.0,91.3,59.0,5.4
2025-03-02 01:00:00,26.1,0.0,94.4,55.0,6.6
2025-03-02 02:00:00,25.9,0.0,96.4,51.0,5.6
2025-03-02 03:00:00,25.7,0.0,98.4,52.0,6.7
2025-03-02 04:00:00,25.5,0.0,98.7,53.0,8.60001
2025-03-02 05:00:00,25.5,0.0,98.1,52.0,5.9
2025-03-02 06:00:00,25.3,0.0,99.2,50.0,8.3
2025-03-02 07:00:00,25.3,0.0,99.3,44.0,6.9
2025-03-02 08:00:00,25.5,0.0,98.5,49.0,11.0
2025-03-02 09:00:00,26.5,0.0,91.4,51.0,11.2
2025-03-02 10:00:00,27.4,0.0,86.9,20.0,7.8
2025-03-02 11:00:00,28.9,0.0,74.2,10.0,8.8
2025-03-02 12:00:00,30.2,0.0,65.6,44.0,8.3
2025-03-02 13:00:00,30.9,0.0,64.9,52.0,7.9
2025-03-02 14:00:00,31.3,0.0,62.4,61.0,8.2
2025-03-02 15:00:00,31.0,0.0,65.3,35.0,10.6
2025-03-02 16:00:00,30.2,0.0,70.3,36.0,12.2
2025-03-02 17:00:00,30.3,0.0,66.1,43.0,11.2
2025-03-02 18:00:00,28.8,0.0,71.7,43.0,10.5
2025-03-02 19:00:00,28.2,0.0,74.2,46.0,7.7
2025-03-02 20:00:00,27.0,0.0,83.6,29.0,5.1
2025-03-02 21:00:00,26.6,0.0,84.9,40.0,6.2
2025-03-02 22:00:00,26.5,0.0,86.0,53.0,5.1
2025-03-02 23:00:00,26.2,0.0,89.7,60.0,5.6
2025-03-03 00:00:00,26.1,0.0,92.3,58.0,6.2
2025-03-03 01:00:00,25.9,0.0,94.2,58.0,8.7
2025-03-03 02:00:00,25.8,0.0,95.4,59.0,6.5
2025-03-03 03:00:00,25.7,0.0,95.7,51.0,7.4
2025-03-03 04:00:00,25.3,0.0,99.3,33.0,5.1
2025-03-03 05:00:00,25.1,0.0,99.3,59.0,5.2
2025-03-03 06:00:00,25.0,0.0,99.3,47.0,3.5
2025-03-03 07:00:00,25.0,0.0,99.3,65.0,3.4
2025-03-03 08:00:00,25.5,0.0,96.6,31.0,2.6
2025-03-03 09:00:00,26.8,0.0,87.9,58.0,5.2
2025-03-03 10:00:00,27.4,0.0,85.0,8.0,4.7
2025-03-03 11:00:00,29.4,0.0,71.5,340.0,3.6
2025-03-03 12:00:00,30.5,0.0,62.7,359.0,4.6
2025-03-03 13:00:00,31.8,0.0,56.0,46.0,3.0
2025-03-03 14:00:00,32.3,0.0,54.6,277.0,1.2
2025-03-03 15:00:00,33.5,0.0,48.8,321.0,2.3
2025-03-03 16:00:00,30.8,0.0,64.2,218.0,3.3
2025-03-03 17:00:00,29.3,0.0,73.8,134.0,6.7
2025-03-03 18:00:00,29.7,0.0,68.9,76.0,5.0
2025-03-03 19:00:00,28.9,0.0,72.8,76.0,6.3
2025-03-03 20:00:00,27.7,0.0,77.6,69.0,8.60001
2025-03-03 21:00:00,27.0,0.0,84.7,53.0,4.7
2025-03-03 22:00:00,26.6,0.0,88.0,59.0,9.10001
2025-03-03 23:00:00,26.4,0.0,88.9,55.0,6.7
2025-03-04 00:00:00,26.2,0.0,90.6,56.0,9.2
2025-03-04 01:00:00,26.1,0.0,91.2,56.0,8.39999
2025-03-04 02:00:00,26.0,0.0,92.6,54.0,4.8
2025-03-04 03:00:00,25.8,0.0,93.4,55.0,5.6
2025-03-04 04:00:00,25.5,0.0,96.7,24.0,3.7
2025-03-04 05:00:00,25.3,0.0,96.5,8.0,5.0
2025-03-04 06:00:00,25.4,0.0,95.6,62.0,5.1
2025-03-04 07:00:00,25.4,0.0,95.8,59.0,4.8
2025-03-04 08:00:00,25.2,0.0,98.7,27.0,3.4
2025-03-04 09:00:00,27.4,0.0,85.8,31.0,2.8
2025-03-04 10:00:00,27.8,0.0,83.9,51.0,6.8
2025-03-04 11:00:00,29.1,0.0,77.1,62.0,5.5
2025-03-04 12:00:00,30.0,0.0,71.3,37.0,4.6
2025-03-04 13:00:00,31.2,0.0,63.4,17.0,5.3
2025-03-04 14:00:00,32.8,0.0,57.8,9.0,5.5
2025-03-04 15:00:00,33.2,0.0,57.3,13.0,5.8
2025-03-04 16:00:00,32.0,0.0,63.2,92.0,8.39999
2025-03-04 17:00:00,31.3,0.0,66.8,76.0,5.6
2025-03-04 18:00:00,22.4,3.0,99.5,244.0,6.8
2025-03-04 19:00:00,23.4,0.0,99.5,320.0,4.3
2025-03-04 20:00:00,24.9,0.0,99.4,68.0,2.3
2025-03-04 21:00:00,25.8,0.0,94.6,106.0,2.9
2025-03-04 22:00:00,26.7,0.0,90.9,81.0,5.1
2025-03-04 23:00:00,26.7,0.0,93.8,75.0,3.2
2025-03-05 00:00:00,26.7,0.0,94.8,72.0,3.8
2025-03-05 01:00:00,26.6,0.0,95.1,77.0,2.4
2025-03-05 02:00:00,26.4,0.0,96.1,55.0,5.0
2025-03-05 03:00:00,26.3,0.0,96.6,55.0,2.8
2025-03-05 04:00:00,26.0,0.0,98.6,6.0,3.2
2025-03-05 05:00:00,26.1,0.0,99.0,40.0,3.4
2025-03-05 06:00:00,26.0,0.0,99.3,11.0,3.2
2025-03-05 07:00:00,25.5,0.0,99.4,354.0,4.5
2025-03-05 08:00:00,25.7,0.0,99.4,14.0,3.5
2025-03-05 09:00:00,26.4,0.0,95.5,349.0,3.4
2025-03-05 10:00:00,28.2,0.0,83.8,323.0,2.8
2025-03-05 11:00:00,28.7,0.0,81.2,226.0,2.9
2025-03-05 12:00:00,29.5,0.0,75.6,340.0,1.9
2025-03-05 13:00:00,29.9,0.0,73.6,142.0,1.8
2025-03-05 14:00:00,29.7,0.0,77.2,150.0,3.5
2025-03-05 15:00:00,29.2,0.0,78.8,208.0,2.1
2025-03-05 16:00:00,25.4,0.0,99.4,300.0,6.4
2025-03-05 17:00:00,25.4,0.0,99.4,40.0,2.6
2025-03-05 18:00:00,25.0,0.0,99.4,32.0,3.1
2025-03-05 19:00:00,25.2,0.2,99.4,66.0,3.9
2025-03-05 20:00:00,25.5,0.0,99.4,70.0,2.5
2025-03-05 21:00:00,25.8,0.0,99.4,65.0,4.8
2025-03-05 22:00:00,26.0,0.0,99.4,113.0,4.5
2025-03-05 23:00:00,26.0,0.0,99.4,134.0,2.6
2025-03-06 00:00:00,26.0,0.0,99.4,46.0,3.7
2025-03-06 01:00:00,26.1,0.0,99.4,80.0,3.7
2025-03-06 02:00:00,26.3,0.0,99.3,76.0,3.9
2025-03-06 03:00:00,26.1,0.0,99.4,26.0,3.2
2025-03-06 04:00:00,25.6,0.0,99.4,5.0,3.1
2025-03-06 05:00:00,25.8,0.0,99.4,34.0,2.4
2025-03-06 06:00:00,25.8,0.0,99.4,4.0,1.2
2025-03-06 07:00:00,25.9,0.0,99.4,281.0,5.1
2025-03-06 08:00:00,23.9,2.8,99.4,239.0,9.7
2025-03-06 09:00:00,23.9,0.0,99.5,256.0,6.5
2025-03-06 10:00:00,24.7,0.0,99.4,261.0,6.7
2025-03-06 11:00:00,25.5,0.0,95.7,258.0,4.1
2025-03-06 12:00:00,25.4,0.0,98.8,269.0,5.8
2025-03-06 13:00:00,24.7,0.0,99.4,284.0,9.10001
2025-03-06 14:00:00,26.3,0.0,91.3,284.0,5.2
2025-03-06 15:00:00,26.4,0.0,85.0,293.0,8.5
2025-03-06 16:00:00,26.8,0.0,83.0,288.0,5.5
2025-03-06 17:00:00,27.2,0.0,81.0,251.0,7.2
2025-03-06 18:00:00,26.7,0.0,81.4,276.0,4.3
2025-03-06 19:00:00,26.5,0.0,84.1,246.0,4.2
2025-03-06 20:00:00,26.3,0.0,87.1,270.0,4.7
2025-03-06 21:00:00,26.0,0.0,92.2,276.0,3.8
2025-03-06 22:00:00,26.1,0.0,92.9,245.0,4.5
2025-03-06 23:00:00,26.0,0.0,94.1,288.0,4.2
2025-03-07 00:00:00,25.8,0.0,96.4,283.0,3.5
2025-03-07 01:00:00,25.7,0.0,97.8,274.0,3.6
2025-03-07 02:00:00,25.6,0.0,98.2,285.0,3.4
2025-03-07 03:00:00,25.6,0.0,98.9,285.0,1.3
2025-03-07 04:00:00,25.7,0.0,98.7,308.0,2.6
2025-03-07 05:00:00,25.2,0.0,99.4,350.0,2.8
2025-03-07 06:00:00,25.2,0.0,99.4,36.0,2.2
2025-03-07 07:00:00,25.1,0.0,99.4,11.0,2.3
2025-03-07 08:00:00,25.1,0.0,99.4,40.0,2.8
2025-03-07 09:00:00,27.0,0.0,93.9,73.0,2.9
2025-03-07 10:00:00,28.6,0.0,83.5,117.0,4.3
2025-03-07 11:00:00,29.6,0.0,72.0,343.0,3.6
2025-03-07 12:00:00,31.2,0.0,63.3,258.0,1.6
2025-03-07 13:00:00,33.0,0.0,56.5,29.0,1.8
2025-03-07 14:00:00,32.4,0.0,58.0,197.0,3.6
2025-03-07 15:00:00,32.0,0.0,59.1,207.0,3.2
2025-03-07 16:00:00,31.7,0.0,57.1,186.0,2.7
2025-03-07 17:00:00,29.2,0.0,75.8,89.0,8.3
2025-03-07 18:00:00,28.4,0.0,83.7,82.0,8.7
2025-03-07 19:00:00,27.5,0.0,87.6,77.0,6.6
2025-03-07 20:00:00,26.8,0.0,90.3,50.0,5.5
2025-03-07 21:00:00,27.0,0.0,91.4,71.0,4.2
2025-03-07 22:00:00,27.1,0.0,92.5,64.0,4.9
2025-03-07 23:00:00,26.9,0.0,94.1,52.0,6.7
2025-03-08 00:00:00,26.9,0.0,95.1,67.0,4.9
2025-03-08 01:00:00,26.8,0.0,96.5,68.0,5.7
2025-03-08 02:00:00,26.6,0.0,99.1,50.0,5.8
2025-03-08 03:00:00,26.3,0.0,99.4,56.0,4.9
2025-03-08 04:00:00,26.2,0.0,99.4,57.0,6.1
2025-03-08 05:00:00,26.3,0.0,99.4,56.0,5.5
2025-03-08 06:00:00,26.2,0.0,99.4,70.0,5.0
2025-03-08 07:00:00,26.4,0.0,99.4,54.0,4.6
2025-03-08 08:00:00,26.6,0.0,99.3,48.0,5.2
2025-03-08 09:00:00,27.6,0.0,94.7,44.0,7.2
2025-03-08 10:00:00,29.0,0.0,85.6,26.0,7.3
2025-03-08 11:00:00,30.4,0.0,76.0,35.0,5.4
2025-03-08 12:00:00,30.0,0.0,76.4,6.0,8.8
2025-03-08 13:00:00,30.6,0.0,67.0,14.0,9.60001
2025-03-08 14:00:00,29.4,0.0,74.2,3.0,10.1
2025-03-08 15:00:00,27.4,0.0,88.2,16.0,10.7
2025-03-08 16:00:00,26.2,0.2,99.4,31.0,2.9
2025-03-08 17:00:00,25.3,0.0,99.4,310.0,3.4
2025-03-08 18:00:00,25.5,0.0,99.4,21.0,8.60001
2025-03-08 19:00:00,26.3,0.0,99.4,65.0,4.9
2025-03-08 20:00:00,26.6,0.0,99.4,60.0,5.1
2025-03-08 21:00:00,26.5,0.0,99.3,54.0,5.1
2025-03-08 22:00:00,26.1,0.0,99.3,22.0,7.0
2025-03-08 23:00:00,26.1,0.0,99.4,45.0,6.9
2025-03-09 00:00:00,26.1,0.0,99.3,49.0,6.2
2025-03-09 01:00:00,26.2,0.0,99.3,51.0,8.39999
2025-03-09 02:00:00,26.5,0.0,99.3,69.0,5.6
2025-03-09 03:00:00,26.3,0.0,99.4,58.0,7.4
2025-03-09 04:00:00,26.2,0.0,99.4,61.0,6.7
2025-03-09 05:00:00,26.1,0.0,99.4,48.0,3.4
2025-03-09 06:00:00,26.1,0.0,99.4,54.0,6.0
2025-03-09 07:00:00,26.2,0.0,99.4,35.0,2.4
2025-03-09 08:00:00,26.1,0.0,99.4,332.0,1.5
2025-03-09 09:00:00,26.2,0.0,99.4,6.0,6.8
2025-03-09 10:00:00,26.8,0.0,99.1,355.0,2.2
2025-03-09 11:00:00,27.1,0.0,96.6,289.0,4.0
2025-03-09 12:00:00,24.2,0.6,99.5,1.0,6.2
2025-03-09 13:00:00,23.3,0.0,99.5,359.0,6.1
2025-03-09 14:00:00,23.5,0.2,99.3,26.0,2.9
2025-03-09 15:00:00,24.1,0.0,99.3,48.0,8.7
2025-03-09 16:00:00,24.8,0.0,99.4,58.0,2.9
2025-03-09 17:00:00,26.3,0.0,91.1,67.0,2.9
2025-03-09 18:00:00,26.5,0.0,92.5,6.0,2.1
2025-03-09 19:00:00,26.4,0.0,94.0,72.0,3.8
2025-03-09 20:00:00,26.3,0.0,97.8,11.0,2.1
2025-03-09 21:00:00,26.1,0.0,99.3,279.0,1.4
2025-03-09 22:00:00,25.7,0.0,99.4,243.0,1.9
2025-03-09 23:00:00,26.0,0.0,99.4,356.0,2.3
2025-03-10 00:00:00,26.0,0.0,99.4,9.0,6.4
2025-03-10 01:00:00,25.8,0.0,99.4,1.0,5.7
2025-03-10 02:00:00,25.9,0.0,99.3,13.0,6.6
2025-03-10 03:00:00,25.7,0.0,99.4,42.0,3.2
2025-03-10 04:00:00,25.6,0.0,99.4,49.0,2.7
2025-03-10 05:00:00,25.3,0.0,99.4,10.0,3.0
2025-03-10 06:00:00,25.5,0.0,99.4,20.0,3.3
2025-03-10 07:00:00,25.5,0.0,99.4,33.0,3.3
2025-03-10 08:00:00,25.8,0.0,99.4,51.0,2.3
2025-03-10 09:00:00,27.1,0.0,96.4,13.0,5.7
2025-03-10 10:00:00,27.9,0.0,92.4,46.0,6.2
2025-03-10 11:00:00,29.6,0.0,82.9,21.0,7.0
2025-03-10 12:00:00,28.7,0.0,88.1,11.0,8.39999
2025-03-10 13:00:00,31.2,0.0,71.2,39.0,7.1
2025-03-10 14:00:00,31.2,0.0,67.5,45.0,10.0
2025-03-10 15:00:00,26.3,0.0,99.4,64.0,5.3
2025-03-10 16:00:00,29.3,0.0,78.8,51.0,11.4
2025-03-10 17:00:00,29.7,0.0,75.6,63.0,9.39999
2025-03-10 18:00:00,29.7,0.0,76.2,44.0,9.0
2025-03-10 19:00:00,28.3,0.0,83.3,48.0,12.2
2025-03-10 20:00:00,27.7,0.0,88.7,52.0,7.6
2025-03-10 21:00:00,27.3,0.0,92.4,55.0,8.7
2025-03-10 22:00:00,27.1,0.0,94.9,61.0,4.4
2025-03-10 23:00:00,27.1,0.0,95.3,64.0,4.8
2025-03-11 00:00:00,27.0,0.0,96.4,65.0,6.0
2025-03-11 01:00:00,26.9,0.0,97.2,53.0,4.9
2025-03-11 02:00:00,26.6,0.0,99.3,13.0,7.4
2025-03-11 03:00:00,26.5,0.0,99.3,7.0,6.9
2025-03-11 04:00:00,26.4,0.0,99.3,2.0,5.3
2025-03-11 05:00:00,26.3,0.0,99.3,352.0,2.8
2025-03-11 06:00:00,26.1,0.0,99.4,74.0,1.6
2025-03-11 07:00:00,26.1,0.0,99.4,61.0,5.3
2025-03-11 08:00:00,26.2,0.0,99.4,50.0,6.7
2025-03-11 09:00:00,27.2,0.0,99.3,49.0,6.9
2025-03-11 10:00:00,27.8,0.0,93.6,53.0,9.0
2025-03-11 11:00:00,29.3,0.0,83.8,14.0,8.7
2025-03-11 12:00:00,29.5,0.0,79.7,7.0,8.3
2025-03-11 13:00:00,29.9,0.0,69.4,59.0,10.3
2025-03-11 14:00:00,30.6,0.0,67.8,36.0,7.1
2025-03-11 15:00:00,31.3,0.0,61.4,23.0,7.6
2025-03-11 16:00:00,31.7,0.0,57.0,42.0,6.3
2025-03-11 17:00:00,31.3,0.0,63.7,45.0,7.6
2025-03-11 18:00:00,31.1,0.0,65.0,66.0,9.10001
2025-03-11 19:00:00,29.0,0.0,76.3,52.0,9.2
2025-03-11 20:00:00,28.2,0.0,79.7,48.0,6.3
2025-03-11 21:00:00,27.7,0.0,87.9,40.0,6.4
2025-03-11 22:00:00,27.2,0.0,88.8,54.0,10.7
2025-03-11 23:00:00,27.1,0.0,90.9,57.0,8.39999
2025-03-12 00:00:00,27.1,0.0,91.9,49.0,8.0
2025-03-12 01:00:00,26.8,0.0,93.8,51.0,7.1
2025-03-12 02:00:00,26.6,0.0,95.7,18.0,5.7
2025-03-12 03:00:00,26.6,0.0,94.9,16.0,5.6
2025-03-12 04:00:00,26.6,0.0,94.9,350.0,4.3
2025-03-12 05:00:00,26.5,0.0,93.9,343.0,3.2
2025-03-12 06:00:00,26.5,0.0,94.4,342.0,2.8
2025-03-12 07:00:00,26.4,0.0,94.8,307.0,4.1
2025-03-12 08:00:00,26.7,0.0,92.7,301.0,3.3
2025-03-12 09:00:00,27.2,0.0,90.3,341.0,2.6
2025-03-12 10:00:00,29.4,0.0,77.9,327.0,2.1
2025-03-12 11:00:00,30.0,0.0,73.8,359.0,4.6
2025-03-12 12:00:00,29.4,0.0,73.4,17.0,5.2
2025-03-12 13:00:00,31.2,0.0,62.8,9.0,6.3
2025-03-12 14:00:00,27.4,0.0,75.8,5.0,7.0
2025-03-12 15:00:00,28.5,0.0,77.6,334.0,5.4
2025-03-12 16:00:00,26.6,0.0,93.3,68.0,10.4
2025-03-12 17:00:00,25.3,0.0,99.4,18.0,8.60001
2025-03-12 18:00:00,26.1,0.0,97.0,358.0,4.1
2025-03-12 19:00:00,26.1,0.0,97.5,13.0,6.1
2025-03-12 20:00:00,26.5,0.0,98.0,75.0,4.4
2025-03-12 21:00:00,26.9,0.0,98.9,85.0,5.5
2025-03-12 22:00:00,26.7,0.0,99.3,59.0,5.3
2025-03-12 23:00:00,26.8,0.0,99.3,41.0,5.6
2025-03-13 00:00:00,26.5,0.0,99.4,6.0,5.1
2025-03-13 01:00:00,26.4,0.0,99.4,279.0,1.2
2025-03-13 02:00:00,26.0,0.0,99.4,264.0,3.5
2025-03-13 03:00:00,26.0,0.0,99.4,292.0,5.1
2025-03-13 04:00:00,25.9,0.0,99.4,311.0,0.7
2025-03-13 05:00:00,25.9,0.0,99.4,333.0,1.1
2025-03-13 06:00:00,26.2,0.0,99.4,116.0,2.1
2025-03-13 07:00:00,25.9,0.0,99.4,345.0,2.3
2025-03-13 08:00:00,25.8,0.0,99.4,16.0,4.0
2025-03-13 09:00:00,26.5,0.0,98.4,45.0,4.4
2025-03-13 10:00:00,27.1,0.0,93.4,44.0,6.1
2025-03-13 11:00:00,26.9,0.0,89.2,86.0,4.1
2025-03-13 12:00:00,28.5,0.0,79.0,85.0,3.7
2025-03-13 13:00:00,30.3,0.0,64.9,42.0,5.5
2025-03-13 14:00:00,30.5,0.0,64.6,143.0,3.0
2025-03-13 15:00:00,30.3,0.0,66.4,123.0,5.9
2025-03-13 16:00:00,30.9,0.0,64.8,117.0,3.6
2025-03-13 17:00:00,30.3,0.0,70.5,64.0,5.4
2025-03-13 18:00:00,29.5,0.0,75.7,60.0,7.7
2025-03-13 19:00:00,29.1,0.0,75.4,48.0,10.1
2025-03-13 20:00:00,28.4,0.0,82.3,69.0,8.0
2025-03-13 21:00:00,27.5,0.0,90.9,71.0,9.2
2025-03-13 22:00:00,27.3,0.0,92.5,71.0,5.9
2025-03-13 23:00:00,27.2,0.0,93.2,72.0,5.4
2025-03-14 00:00:00,27.0,0.0,94.3,50.0,6.3
2025-03-14 01:00:00,26.8,0.0,94.5,66.0,4.3
2025-03-14 02:00:00,26.4,0.0,97.6,19.0,2.5
2025-03-14 03:00:00,26.4,0.0,95.8,49.0,6.8
2025-03-14 04:00:00,26.3,0.0,94.8,48.0,6.9
2025-03-14 05:00:00,26.1,0.0,95.8,52.0,7.5
2025-03-14 06:00:00,26.2,0.0,94.8,46.0,6.6
2025-03-14 07:00:00,25.9,0.0,98.5,12.0,3.4
2025-03-14 08:00:00,26.1,0.0,99.3,357.0,1.5
2025-03-14 09:00:00,27.3,0.0,92.5,1.0,6.8
2025-03-14 10:00:00,29.0,0.0,83.5,36.0,7.0
2025-03-14 11:00:00,29.3,0.0,77.4,10.0,9.3
2025-03-14 12:00:00,30.2,0.0,66.0,8.0,7.9
2025-03-14 13:00:00,31.0,0.0,63.7,55.0,9.5
2025-03-14 14:00:00,32.2,0.0,59.7,45.0,8.10001
2025-03-14 15:00:00,30.8,0.0,63.4,64.0,7.8
2025-03-14 16:00:00,30.4,0.0,63.7,80.0,10.3
2025-03-14 17:00:00,30.6,0.0,66.1,56.0,7.0
2025-03-14 18:00:00,27.0,0.0,87.8,283.0,9.5
2025-03-14 19:00:00,26.4,0.0,96.4,267.0,5.0
2025-03-14 20:00:00,26.8,0.0,92.0,318.0,2.6
2025-03-14 21:00:00,27.1,0.0,90.2,1.0,5.0
2025-03-14 22:00:00,27.6,0.0,87.5,44.0,5.3
2025-03-14 23:00:00,27.4,0.0,88.7,51.0,5.8
2025-03-15 00:00:00,27.1,0.0,91.0,357.0,5.1
2025-03-15 01:00:00,26.6,0.0,96.6,267.0,2.5
2025-03-15 02:00:00,26.2,0.0,99.3,263.0,2.6
2025-03-15 03:00:00,26.1,0.0,99.4,287.0,2.0
2025-03-15 04:00:00,26.3,0.0,99.3,325.0,1.7
2025-03-15 05:00:00,26.8,0.0,96.2,67.0,4.9
2025-03-15 06:00:00,26.7,0.0,96.8,86.0,3.8
2025-03-15 07:00:00,26.7,0.0,97.4,63.0,4.7
2025-03-15 08:00:00,26.5,0.0,98.2,4.0,3.2
2025-03-15 09:00:00,27.6,0.0,93.5,39.0,3.8
2025-03-15 10:00:00,28.0,0.0,91.9,51.0,6.9
2025-03-15 11:00:00,29.4,0.0,81.9,39.0,8.0
2025-03-15 12:00:00,31.1,0.0,75.7,37.0,5.6
2025-03-15 13:00:00,31.0,0.0,65.8,56.0,8.2
2025-03-15 14:00:00,31.1,0.0,65.9,58.0,6.2
2025-03-15 15:00:00,31.7,0.0,60.7,80.0,8.39999
2025-03-15 16:00:00,30.4,0.0,70.3,57.0,10.3
2025-03-15 17:00:00,30.1,0.0,71.4,49.0,6.3
2025-03-15 18:00:00,26.5,0.0,80.4,284.0,3.2
2025-03-15 19:00:00,27.4,0.0,78.0,7.0,1.8
2025-03-15 20:00:00,27.9,0.0,78.7,40.0,3.5
2025-03-15 21:00:00,28.0,0.0,87.3,52.0,4.5
2025-03-15 22:00:00,27.7,0.0,91.1,43.0,5.6
2025-03-15 23:00:00,27.4,0.0,93.5,51.0,4.2
2025-03-16 00:00:00,27.3,0.0,95.5,78.0,4.6
2025-03-16 01:00:00,27.2,0.0,96.1,63.0,4.7
2025-03-16 02:00:00,27.0,0.0,98.2,48.0,3.7
2025-03-16 03:00:00,26.8,0.0,99.3,53.0,4.3
2025-03-16 04:00:00,26.8,0.0,99.3,56.0,3.1
2025-03-16 05:00:00,26.7,0.0,98.6,56.0,5.0
2025-03-16 06:00:00,26.6,0.0,99.1,58.0,4.2
2025-03-16 07:00:00,26.6,0.0,98.7,85.0,2.8
2025-03-16 08:00:00,26.9,0.0,97.1,63.0,3.4
2025-03-16 09:00:00,27.4,0.0,93.9,47.0,3.3
2025-03-16 10:00:00,28.2,0.0,86.5,29.0,3.4
2025-03-16 11:00:00,29.0,0.0,82.6,2.0,6.1
2025-03-16 12:00:00,29.9,0.0,75.4,9.0,5.7
2025-03-16 13:00:00,30.7,0.0,70.9,356.0,4.3
2025-03-16 14:00:00,32.4,0.0,62.1,328.0,3.3
2025-03-16 15:00:00,29.7,0.0,72.3,74.0,6.8
2025-03-16 16:00:00,29.3,0.0,75.8,17.0,8.5
2025-03-16 17:00:00,29.4,0.0,75.2,358.0,7.4
2025-03-16 18:00:00,28.5,0.0,79.5,22.0,9.39999
2025-03-16 19:00:00,27.5,0.0,84.5,171.0,3.7
2025-03-16 20:00:00,27.9,0.0,87.3,49.0,7.7
2025-03-16 21:00:00,27.3,0.0,83.6,66.0,6.1
2025-03-16 22:00:00,26.8,0.0,86.5,31.0,3.6
2025-03-16 23:00:00,26.8,0.0,91.0,57.0,9.3
2025-03-17 00:00:00,26.6,0.0,93.9,58.0,8.8
2025-03-17 01:00:00,26.5,0.0,96.4,45.0,3.7
2025-03-17 02:00:00,26.4,0.0,96.8,50.0,8.0
2025-03-17 03:00:00,26.3,0.0,98.4,18.0,5.3
2025-03-17 04:00:00,26.4,0.0,96.9,20.0,5.9
2025-03-17 05:00:00,26.2,0.0,96.2,11.0,7.5
2025-03-17 06:00:00,25.9,0.0,98.3,8.0,6.8
2025-03-17 07:00:00,25.9,0.0,96.1,16.0,8.39999
2025-03-17 08:00:00,26.2,0.0,93.5,13.0,5.7
2025-03-17 09:00:00,27.6,0.0,85.0,15.0,6.2
2025-03-17 10:00:00,28.6,0.0,77.6,5.0,7.5
2025-03-17 11:00:00,29.3,0.0,69.8,13.0,6.3
2025-03-17 12:00:00,31.0,0.0,60.6,10.0,6.0
2025-03-17 13:00:00,31.9,0.0,51.4,25.0,6.7
2025-03-17 14:00:00,30.9,0.0,56.5,19.0,6.9
2025-03-17 15:00:00,32.5,0.0,50.5,25.0,7.4
2025-03-17 16:00:00,31.7,0.0,53.9,31.0,9.7
2025-03-17 17:00:00,31.1,0.0,58.7,46.0,10.0
2025-03-17 18:00:00,27.2,0.0,80.3,3.0,5.4
2025-03-17 19:00:00,27.3,0.0,80.9,343.0,3.7
2025-03-17 20:00:00,27.4,0.0,84.4,36.0,3.1
2025-03-17 21:00:00,27.3,0.0,90.7,17.0,8.5
2025-03-17 22:00:00,27.0,0.0,92.9,15.0,7.3
2025-03-17 23:00:00,26.9,0.0,91.5,17.0,8.0
2025-03-18 00:00:00,26.9,0.0,90.7,11.0,7.3
2025-03-18 01:00:00,27.0,0.0,89.9,1.0,4.7
2025-03-18 02:00:00,26.7,0.0,90.4,3.0,6.0
2025-03-18 03:00:00,26.3,0.0,91.6,3.0,4.4
2025-03-18 04:00:00,26.3,0.0,91.0,3.0,6.5
2025-03-18 05:00:00,26.4,0.0,89.0,9.0,7.2
2025-03-18 06:00:00,26.3,0.0,89.0,2.0,4.9
2025-03-18 07:00:00,26.1,0.0,89.2,1.0,5.0
2025-03-18 08:00:00,26.3,0.0,90.5,357.0,4.0
2025-03-18 09:00:00,27.7,0.0,82.9,359.0,4.1
2025-03-18 10:00:00,28.6,0.0,75.6,7.0,9.89999
2025-03-18 11:00:00,28.9,0.0,75.5,2.0,7.8
2025-03-18 12:00:00,30.0,0.0,69.4,350.0,6.4
2025-03-18 13:00:00,30.7,0.0,65.1,30.0,13.7
2025-03-18 14:00:00,31.0,0.0,61.1,18.0,10.0
2025-03-18 15:00:00,31.6,0.0,56.8,38.0,12.1
2025-03-18 16:00:00,31.7,0.0,53.2,26.0,13.1
2025-03-18 17:00:00,31.4,0.0,55.6,13.0,11.8
2025-03-18 18:00:00,30.4,0.0,60.6,55.0,10.0
2025-03-18 19:00:00,29.4,0.0,67.5,51.0,9.8
2025-03-18 20:00:00,28.2,0.0,77.0,24.0,8.10001
2025-03-18 21:00:00,27.8,0.0,78.4,13.0,7.4
2025-03-18 22:00:00,27.4,0.0,81.6,17.0,7.8
2025-03-18 23:00:00,27.3,0.0,83.1,9.0,7.9
2025-03-19 00:00:00,27.2,0.0,84.3,8.0,7.2
2025-03-19 01:00:00,27.0,0.0,85.4,12.0,7.6
2025-03-19 02:00:00,26.8,0.0,86.1,10.0,8.2
2025-03-19 03:00:00,26.5,0.0,87.4,1.0,7.2
2025-03-19 04:00:00,26.5,0.0,86.9,7.0,8.10001
2025-03-19 05:00:00,26.4,0.0,89.1,1.0,5.5
2025-03-19 06:00:00,26.1,0.0,91.3,5.0,6.9
2025-03-19 07:00:00,26.1,0.0,91.3,6.0,7.0
2025-03-19 08:00:00,26.3,0.0,89.8,3.0,5.9
2025-03-19 09:00:00,25.7,0.0,93.6,356.0,3.3
2025-03-19 10:00:00,25.8,0.2,97.2,345.0,3.9
2025-03-19 11:00:00,25.1,0.8,99.4,10.0,5.0
2025-03-19 12:00:00,24.4,0.4,99.5,22.0,5.4
2025-03-19 13:00:00,24.3,0.8,99.5,326.0,2.3
2025-03-19 14:00:00,24.3,1.6,99.5,347.0,2.5
2025-03-19 15:00:00,23.9,0.8,99.5,305.0,2.8
2025-03-19 16:00:00,23.8,0.2,99.5,287.0,3.1
2025-03-19 17:00:00,24.0,0.6,99.5,307.0,4.5
2025-03-19 18:00:00,23.5,0.4,99.5,3.0,7.6
2025-03-19 19:00:00,23.7,1.2,99.5,289.0,5.2
2025-03-19 20:00:00,22.8,0.2,99.5,250.0,5.4
2025-03-19 21:00:00,23.0,0.2,99.5,260.0,4.5
2025-03-19 22:00:00,23.2,0.0,99.5,271.0,5.4
2025-03-19 23:00:00,23.3,0.0,99.5,273.0,6.1
2025-03-20 00:00:00,23.6,0.0,99.5,262.0,6.5
2025-03-20 01:00:00,23.8,0.0,99.5,255.0,7.3
2025-03-20 02:00:00,23.6,0.8,99.5,267.0,5.8
2025-03-20 03:00:00,23.6,1.0,99.5,292.0,4.2
2025-03-20 04:00:00,23.5,0.4,99.5,258.0,2.4
2025-03-20 05:00:00,23.6,0.6,99.5,277.0,4.1
2025-03-20 06:00:00,23.4,1.0,99.5,246.0,8.3
2025-03-20 07:00:00,22.5,1.0,99.5,247.0,8.5
2025-03-20 08:00:00,22.7,0.4,99.5,271.0,5.5
2025-03-20 09:00:00,22.9,1.4,99.5,275.0,6.2
2025-03-20 10:00:00,22.5,1.2,99.5,301.0,7.2
2025-03-20 11:00:00,22.4,0.8,99.5,301.0,7.0
2025-03-20 12:00:00,22.7,0.4,99.5,280.0,5.9
2025-03-20 13:00:00,22.7,2.8,99.5,313.0,3.8
2025-03-20 14:00:00,22.8,0.0,99.5,258.0,4.0
2025-03-20 15:00:00,23.1,2.4,99.5,220.0,1.3
2025-03-20 16:00:00,23.2,3.0,99.6,18.0,5.1
2025-03-20 17:00:00,23.1,0.0,99.6,359.0,5.7
2025-03-20 18:00:00,23.2,0.0,99.5,1.0,6.7
2025-03-20 19:00:00,23.7,0.0,99.4,13.0,7.9
2025-03-20 20:00:00,23.7,0.0,99.4,15.0,6.3
2025-03-20 21:00:00,24.0,0.0,99.4,21.0,8.3
2025-03-20 22:00:00,24.0,0.0,99.3,19.0,7.6
2025-03-20 23:00:00,24.0,0.0,99.3,16.0,8.8
2025-03-21 00:00:00,24.6,0.0,95.2,11.0,9.8
2025-03-21 01:00:00,24.5,0.0,99.3,15.0,7.8
2025-03-21 02:00:00,24.7,0.0,99.3,30.0,8.3
2025-03-21 03:00:00,24.9,0.0,99.3,33.0,4.5
2025-03-21 04:00:00,24.1,0.0,99.4,356.0,2.0
2025-03-21 05:00:00,23.9,0.0,99.4,29.0,1.9
2025-03-21 06:00:00,23.9,0.0,99.4,4.0,5.4
2025-03-21 07:00:00,23.8,0.0,99.4,342.0,1.8
2025-03-21 08:00:00,24.0,0.0,99.4,314.0,2.7
2025-03-21 09:00:00,24.7,0.0,99.4,352.0,3.3
2025-03-21 10:00:00,26.1,0.0,97.8,359.0,4.7
2025-03-21 11:00:00,27.4,0.0,89.6,6.0,5.5
2025-03-21 12:00:00,27.1,0.0,97.5,11.0,8.60001
2025-03-21 13:00:00,27.9,0.0,88.5,13.0,9.10001
2025-03-21 14:00:00,28.2,0.0,83.9,47.0,12.8
2025-03-21 15:00:00,28.4,0.0,82.1,52.0,9.5
2025-03-21 16:00:00,27.9,0.0,91.5,22.0,7.7
2025-03-21 17:00:00,28.5,0.0,83.2,44.0,11.4
2025-03-21 18:00:00,28.0,0.0,84.1,49.0,10.0
2025-03-21 19:00:00,27.3,0.0,87.7,15.0,9.8
2025-03-21 20:00:00,26.9,0.0,90.5,12.0,9.2
2025-03-21 21:00:00,26.7,0.0,92.2,2.0,5.9
2025-03-21 22:00:00,26.6,0.0,94.3,3.0,4.3
2025-03-21 23:00:00,26.2,0.0,99.3,14.0,2.9
2025-03-22 00:00:00,25.9,0.0,99.4,52.0,5.3
2025-03-22 01:00:00,25.7,0.0,99.4,4.0,5.0
2025-03-22 02:00:00,25.5,0.2,99.4,66.0,6.6
2025-03-22 03:00:00,25.5,0.0,99.4,43.0,3.8
2025-03-22 04:00:00,25.4,0.0,99.4,4.0,3.0
2025-03-22 05:00:00,24.9,0.0,99.5,61.0,2.3
2025-03-22 06:00:00,25.0,0.0,99.5,358.0,5.0
2025-03-22 07:00:00,25.1,0.0,99.5,358.0,4.4
2025-03-22 08:00:00,25.1,0.0,99.5,359.0,2.4
2025-03-22 09:00:00,25.2,0.0,99.5,1.0,5.4
2025-03-22 10:00:00,26.1,0.0,99.4,12.0,5.3
2025-03-22 11:00:00,27.6,0.0,95.7,51.0,6.1
2025-03-22 12:00:00,28.3,0.0,86.9,73.0,7.5
2025-03-22 13:00:00,29.1,0.0,78.3,58.0,9.39999
2025-03-22 14:00:00,29.9,0.0,76.2,49.0,10.8
2025-03-22 15:00:00,30.1,0.0,72.6,44.0,13.9
2025-03-22 16:00:00,30.0,0.0,72.9,48.0,11.9
2025-03-22 17:00:00,29.4,0.0,73.2,55.0,8.60001
2025-03-22 18:00:00,28.8,0.0,78.7,45.0,13.3
2025-03-22 19:00:00,28.0,0.0,87.7,49.0,7.1
2025-03-22 20:00:00,27.7,0.0,91.0,24.0,8.3
2025-03-22 21:00:00,27.3,0.0,93.0,45.0,6.4
2025-03-22 22:00:00,27.0,0.0,95.5,54.0,8.8
2025-03-22 23:00:00,26.6,0.0,99.3,58.0,5.3
2025-03-23 00:00:00,25.2,0.0,99.4,11.0,8.7
2025-03-23 01:00:00,25.3,0.4,99.5,50.0,8.5
2025-03-23 02:00:00,24.3,0.2,99.4,63.0,7.2
2025-03-23 03:00:00,22.7,0.2,99.4,34.0,4.0
2025-03-23 04:00:00,23.4,0.0,99.4,52.0,9.89999
2025-03-23 05:00:00,23.4,0.0,99.4,78.0,7.3
2025-03-23 06:00:00,23.6,0.2,99.4,88.0,8.10001
2025-03-23 07:00:00,23.8,0.0,99.4,77.0,7.5
2025-03-23 08:00:00,23.4,0.0,99.4,61.0,6.2
2025-03-23 09:00:00,24.2,0.0,99.4,7.0,2.5
2025-03-23 10:00:00,25.1,0.0,99.4,275.0,4.5
2025-03-23 11:00:00,26.5,0.0,99.3,269.0,2.0
2025-03-23 12:00:00,28.9,0.0,85.0,56.0,5.1
2025-03-23 13:00:00,30.0,0.0,78.9,66.0,5.9
2025-03-23 14:00:00,29.9,0.0,75.5,64.0,7.0
2025-03-23 15:00:00,30.5,0.0,73.7,25.0,6.1
2025-03-23 16:00:00,30.5,0.0,73.9,61.0,5.8
2025-03-23 17:00:00,29.6,0.0,76.9,49.0,8.2
2025-03-23 18:00:00,28.8,0.0,82.9,48.0,8.3
2025-03-23 19:00:00,27.9,0.0,88.9,51.0,7.6
2025-03-23 20:00:00,27.4,0.0,93.8,58.0,7.6
2025-03-23 21:00:00,27.2,0.0,97.3,36.0,5.0
2025-03-23 22:00:00,27.1,0.0,98.6,22.0,5.9
2025-03-23 23:00:00,26.3,0.0,99.4,279.0,4.0
2025-03-24 00:00:00,25.8,0.0,99.4,16.0,6.1
2025-03-24 01:00:00,25.3,0.0,99.4,138.0,5.2
2025-03-24 02:00:00,25.1,0.0,99.4,41.0,6.4
2025-03-24 03:00:00,24.9,0.0,99.4,52.0,13.1
2025-03-24 04:00:00,24.5,0.0,99.4,52.0,7.7
2025-03-24 05:00:00,24.4,0.2,99.4,33.0,2.1
2025-03-24 06:00:00,24.7,0.0,99.4,108.0,4.4
2025-03-24 07:00:00,25.0,0.0,99.5,50.0,7.1
2025-03-24 08:00:00,25.2,0.0,99.5,4.0,3.9
2025-03-24 09:00:00,25.7,0.0,99.4,354.0,5.7
2025-03-24 10:00:00,26.9,0.0,99.4,6.0,7.3
2025-03-24 11:00:00,28.1,0.0,91.3,348.0,3.5
2025-03-24 12:00:00,28.2,0.0,90.4,67.0,3.0
2025-03-24 13:00:00,29.5,0.0,78.0,27.0,8.10001
2025-03-24 14:00:00,28.0,0.2,81.5,,11.5
2025-03-24 15:00:00,28.4,0.0,90.3,63.0,2.6
2025-03-24 16:00:00,28.5,0.0,86.6,13.0,7.8
2025-03-24 17:00:00,28.7,0.0,86.5,128.0,2.9
2025-03-24 18:00:00,29.1,0.0,81.6,67.0,5.4
2025-03-24 19:00:00,28.6,0.0,86.2,44.0,7.5
2025-03-24 20:00:00,27.7,0.0,91.6,52.0,7.0
2025-03-24 21:00:00,27.2,0.0,94.6,80.0,5.7
2025-03-24 22:00:00,26.8,0.0,97.8,67.0,5.6
2025-03-24 23:00:00,26.6,0.0,99.3,61.0,5.6
2025-03-25 00:00:00,26.4,0.0,99.4,60.0,6.2
2025-03-25 01:00:00,26.3,0.0,99.4,58.0,7.4
2025-03-25 02:00:00,26.2,0.0,99.4,52.0,7.8
2025-03-25 03:00:00,26.0,0.0,99.4,52.0,6.9
2025-03-25 04:00:00,25.6,0.0,99.4,12.0,4.3
2025-03-25 05:00:00,25.7,0.0,99.4,59.0,6.7
2025-03-25 06:00:00,25.7,0.0,99.4,59.0,6.1
2025-03-25 07:00:00,25.5,0.0,99.4,58.0,7.2
2025-03-25 08:00:00,25.8,0.0,99.4,52.0,6.8
2025-03-25 09:00:00,26.2,0.0,99.3,5.0,5.4
2025-03-25 10:00:00,26.9,0.0,94.6,6.0,7.1
2025-03-25 11:00:00,28.5,0.0,82.9,17.0,4.9
2025-03-25 12:00:00,29.5,0.0,74.6,1.0,6.3
2025-03-25 13:00:00,31.4,0.0,59.3,13.0,4.8
2025-03-25 14:00:00,32.3,0.0,57.9,339.0,2.1
2025-03-25 15:00:00,31.6,0.0,59.5,6.0,3.9
2025-03-25 16:00:00,32.2,0.0,57.7,280.0,1.6
2025-03-25 17:00:00,28.5,0.0,84.6,213.0,3.0
2025-03-25 18:00:00,27.9,0.0,96.5,107.0,2.1
2025-03-25 19:00:00,27.0,0.0,99.4,94.0,4.4
2025-03-25 20:00:00,26.3,0.0,99.4,61.0,4.6
2025-03-25 21:00:00,26.5,0.0,99.4,69.0,2.5
2025-03-25 22:00:00,26.5,0.0,99.3,65.0,5.8
2025-03-25 23:00:00,26.5,0.0,99.2,59.0,6.5
2025-03-26 00:00:00,26.2,0.0,99.4,55.0,5.1
2025-03-26 01:00:00,26.3,0.0,99.3,54.0,8.10001
2025-03-26 02:00:00,26.1,0.0,99.4,50.0,4.7
2025-03-26 03:00:00,25.9,0.0,99.4,55.0,6.6
2025-03-26 04:00:00,25.4,0.0,99.4,29.0,3.1
2025-03-26 05:00:00,25.3,0.0,99.4,27.0,3.4
2025-03-26 06:00:00,25.3,0.0,99.4,32.0,1.9
2025-03-26 07:00:00,25.7,0.0,99.4,63.0,4.3
2025-03-26 08:00:00,25.8,0.0,99.4,34.0,3.5
2025-03-26 09:00:00,26.7,0.0,97.7,353.0,2.9
2025-03-26 10:00:00,27.7,0.0,89.9,13.0,8.5
2025-03-26 11:00:00,28.8,0.0,83.0,4.0,5.7
2025-03-26 12:00:00,30.5,0.0,69.9,19.0,5.6
2025-03-26 13:00:00,31.5,0.0,64.9,333.0,1.6
2025-03-26 14:00:00,31.5,0.0,64.9,341.0,3.1
2025-03-26 15:00:00,32.0,0.0,59.8,256.0,2.7
2025-03-26 16:00:00,32.1,0.0,64.4,212.0,5.5
2025-03-26 17:00:00,31.1,0.0,68.6,305.0,3.2
2025-03-26 18:00:00,30.7,0.0,72.0,171.0,3.2
2025-03-26 19:00:00,27.4,0.0,94.1,72.0,6.7
2025-03-26 20:00:00,26.9,0.0,97.1,77.0,6.6
2025-03-26 21:00:00,27.1,0.0,97.1,95.0,4.4
2025-03-26 22:00:00,27.0,0.0,97.1,71.0,7.2
2025-03-26 23:00:00,26.9,0.0,96.9,80.0,5.0
2025-03-27 00:00:00,26.7,0.0,98.1,70.0,5.4
2025-03-27 01:00:00,26.5,0.0,99.2,82.0,5.6
2025-03-27 02:00:00,26.2,0.0,99.4,65.0,5.4
2025-03-27 03:00:00,26.2,0.0,99.4,67.0,5.5
2025-03-27 04:00:00,26.0,0.0,99.4,57.0,4.8
2025-03-27 05:00:00,26.2,0.0,99.4,87.0,5.5
2025-03-27 06:00:00,26.1,0.0,99.4,58.0,4.4
2025-03-27 07:00:00,25.8,0.0,99.4,26.0,3.5
2025-03-27 08:00:00,26.4,0.0,99.4,47.0,1.8
2025-03-27 09:00:00,27.7,0.0,92.4,43.0,5.3
2025-03-27 10:00:00,28.3,0.0,87.3,4.0,6.2
2025-03-27 11:00:00,30.9,0.0,74.1,24.0,3.3
2025-03-27 12:00:00,31.0,0.0,68.5,337.0,2.9
2025-03-27 13:00:00,28.1,0.0,96.7,9.0,3.8
2025-03-27 14:00:00,30.9,0.0,80.5,15.0,3.0
2025-03-27 15:00:00,31.3,0.0,71.4,176.0,4.3
2025-03-27 16:00:00,25.6,0.2,99.5,168.0,2.8
2025-03-27 17:00:00,28.1,0.0,99.4,107.0,4.0
2025-03-27 18:00:00,29.5,0.0,83.4,68.0,4.9
2025-03-27 19:00:00,28.6,0.0,91.2,38.0,6.9
2025-03-27 20:00:00,26.5,0.0,99.5,35.0,1.7
2025-03-27 21:00:00,26.9,0.0,99.4,345.0,1.1
2025-03-27 22:00:00,26.8,0.0,99.4,328.0,3.2
2025-03-27 23:00:00,26.9,0.0,99.4,290.0,1.9
2025-03-28 00:00:00,26.7,0.0,99.4,140.0,0.5
2025-03-28 01:00:00,26.7,0.0,99.4,1.0,4.0
2025-03-28 02:00:00,26.3,0.0,99.4,356.0,3.0
2025-03-28 03:00:00,26.5,0.0,99.4,280.0,2.2
2025-03-28 04:00:00,26.6,0.0,99.4,295.0,2.6
2025-03-28 05:00:00,26.0,0.0,99.4,359.0,3.7
2025-03-28 06:00:00,25.8,0.0,99.4,355.0,3.4
2025-03-28 07:00:00,25.3,0.0,99.4,277.0,3.3
2025-03-28 08:00:00,26.3,0.0,95.2,293.0,2.1
2025-03-28 09:00:00,27.1,0.0,85.5,272.0,4.5
2025-03-28 10:00:00,27.8,0.0,86.8,278.0,5.2
2025-03-28 11:00:00,28.4,0.0,84.6,275.0,6.2
2025-03-28 12:00:00,29.9,0.0,77.3,297.0,5.7
2025-03-28 13:00:00,31.0,0.0,71.9,268.0,8.60001
2025-03-28 14:00:00,30.4,0.0,71.5,273.0,11.4
2025-03-28 15:00:00,24.5,0.2,99.5,230.0,4.6
2025-03-28 16:00:00,28.7,0.0,86.9,308.0,1.8
2025-03-28 17:00:00,28.6,0.0,92.8,324.0,3.5
2025-03-28 18:00:00,29.2,0.0,77.2,311.0,5.7
2025-03-28 19:00:00,29.1,0.0,77.2,315.0,4.8
2025-03-28 20:00:00,27.1,0.0,99.4,10.0,4.4
2025-03-28 21:00:00,27.7,0.0,95.8,8.0,1.4
2025-03-28 22:00:00,28.0,0.0,91.5,319.0,4.0
2025-03-28 23:00:00,27.7,0.0,93.0,346.0,1.8
2025-03-29 00:00:00,27.2,0.0,99.3,51.0,5.1
2025-03-29 01:00:00,26.4,0.0,99.4,25.0,2.8
2025-03-29 02:00:00,26.4,0.0,99.4,130.0,1.1
2025-03-29 03:00:00,26.3,0.0,99.4,339.0,2.7
2025-03-29 04:00:00,26.1,0.0,99.4,24.0,2.2
2025-03-29 05:00:00,26.2,0.0,99.4,12.0,3.0
2025-03-29 06:00:00,26.3,0.0,99.4,76.0,1.6
2025-03-29 07:00:00,26.5,0.0,99.4,116.0,2.0
2025-03-29 08:00:00,26.5,0.0,99.3,30.0,2.3
2025-03-29 09:00:00,28.1,0.0,91.6,359.0,2.3
2025-03-29 10:00:00,28.3,0.0,88.4,355.0,4.3
2025-03-29 11:00:00,31.5,0.0,71.4,9.0,1.7
2025-03-29 12:00:00,32.0,0.0,63.1,335.0,2.5
2025-03-29 13:00:00,32.3,0.0,59.7,312.0,2.5
2025-03-29 14:00:00,31.7,0.0,63.3,11.0,4.4
2025-03-29 15:00:00,30.9,0.0,72.6,164.0,7.0
2025-03-29 16:00:00,31.2,0.0,69.7,171.0,4.9
2025-03-29 17:00:00,27.4,0.0,90.8,12.0,11.4
2025-03-29 18:00:00,26.5,0.0,99.4,118.0,3.0
2025-03-29 19:00:00,26.3,0.0,99.4,9.0,4.8
2025-03-29 20:00:00,26.3,0.0,97.9,20.0,5.8
2025-03-29 21:00:00,26.6,0.0,95.4,45.0,2.7
2025-03-29 22:00:00,26.4,0.0,95.5,71.0,2.3
2025-03-29 23:00:00,26.5,0.0,96.3,49.0,4.1
2025-03-30 00:00:00,26.7,0.0,98.6,61.0,4.1
2025-03-30 01:00:00,26.7,0.0,99.3,62.0,5.1
2025-03-30 02:00:00,26.3,0.0,99.4,23.0,2.7
2025-03-30 03:00:00,26.5,0.0,99.4,58.0,5.3
2025-03-30 04:00:00,26.3,0.0,99.4,44.0,4.6
2025-03-30 05:00:00,26.2,0.0,99.4,53.0,4.8
2025-03-30 06:00:00,26.2,0.0,99.4,65.0,3.7
2025-03-30 07:00:00,25.8,0.0,99.4,25.0,2.0
2025-03-30 08:00:00,26.3,0.0,99.4,348.0,1.3
2025-03-30 09:00:00,28.2,0.0,93.4,20.0,3.8
2025-03-30 10:00:00,29.0,0.0,88.3,47.0,5.9
2025-03-30 11:00:00,29.6,0.0,79.6,58.0,7.6
2025-03-30 12:00:00,30.8,0.0,67.9,83.0,4.5
2025-03-30 13:00:00,32.4,0.0,62.5,94.0,1.9
2025-03-30 14:00:00,33.5,0.0,56.0,16.0,4.9
2025-03-30 15:00:00,24.4,2.4,99.5,291.0,13.7
2025-03-30 16:00:00,25.0,0.0,99.5,59.0,3.5
2025-03-30 17:00:00,24.9,0.0,99.4,22.0,7.1
2025-03-30 18:00:00,24.7,0.0,99.4,46.0,3.2
2025-03-30 19:00:00,24.9,0.0,99.4,37.0,3.9
2025-03-30 20:00:00,24.6,0.0,99.4,12.0,5.4
2025-03-30 21:00:00,25.1,0.0,99.4,42.0,3.7
2025-03-30 22:00:00,24.6,0.0,99.4,14.0,4.5
2025-03-30 23:00:00,24.7,0.0,99.4,20.0,2.9
2025-03-31 00:00:00,25.3,0.0,99.4,15.0,3.7
2025-03-31 01:00:00,25.4,0.0,99.4,5.0,2.2
2025-03-31 02:00:00,25.3,0.0,99.4,355.0,2.0
2025-03-31 03:00:00,25.4,0.0,99.4,11.0,2.7
2025-03-31 04:00:00,25.4,0.0,99.4,13.0,4.8
2025-03-31 05:00:00,25.5,0.0,99.4,334.0,3.5
2025-03-31 06:00:00,25.6,0.0,99.4,358.0,3.8
2025-03-31 07:00:00,25.6,0.0,99.4,11.0,3.7
2025-03-31 08:00:00,26.1,0.0,99.4,233.0,7.1
2025-03-31 09:00:00,26.8,0.0,98.3,211.0,1.4
2025-03-31 10:00:00,28.2,0.0,86.2,42.0,7.5
2025-03-31 11:00:00,29.0,0.0,84.5,8.0,5.3
2025-03-31 12:00:00,31.1,0.0,76.8,315.0,2.0
2025-03-31 13:00:00,33.0,0.0,59.7,300.0,2.1
2025-03-31 14:00:00,26.4,0.2,99.4,28.0,2.2
2025-03-31 15:00:00,27.2,0.0,99.4,122.0,1.4
2025-03-31 16:00:00,26.1,0.0,94.5,10.0,5.2
2025-03-31 17:00:00,26.1,0.0,94.7,37.0,3.8
2025-03-31 18:00:00,25.9,0.0,99.4,56.0,2.9
2025-03-31 19:00:00,25.6,0.0,99.4,31.0,2.7
2025-03-31 20:00:00,25.5,0.0,99.4,349.0,1.9
2025-03-31 21:00:00,25.4,0.0,99.4,27.0,3.3
2025-03-31 22:00:00,25.2,0.0,99.4,19.0,3.2
2025-03-31 23:00:00,25.4,0.0,99.4,16.0,4.4
2025-04-01 00:00:00,25.4,0.0,99.4,6.0,4.7
2025-04-01 01:00:00,25.6,0.0,99.4,14.0,3.8
2025-04-01 02:00:00,25.6,0.0,99.4,48.0,3.0
2025-04-01 03:00:00,25.5,0.2,99.4,4.0,4.7
2025-04-01 04:00:00,25.4,0.0,99.4,345.0,3.2
2025-04-01 05:00:00,25.4,0.0,99.4,357.0,3.4
2025-04-01 06:00:00,25.4,0.0,99.4,358.0,3.5
2025-04-01 07:00:00,25.5,0.0,99.4,346.0,2.3
2025-04-01 08:00:00,25.4,0.0,99.4,337.0,3.2
2025-04-01 09:00:00,26.1,0.0,99.4,304.0,2.8
2025-04-01 10:00:00,27.8,0.0,88.6,273.0,2.9
2025-04-01 11:00:00,28.9,0.0,78.0,344.0,3.8
2025-04-01 12:00:00,30.5,0.0,67.8,336.0,5.8
2025-04-01 13:00:00,32.1,0.0,62.1,345.0,3.5
2025-04-01 14:00:00,31.9,0.0,62.1,306.0,6.2
2025-04-01 15:00:00,32.4,0.0,59.2,324.0,2.9
2025-04-01 16:00:00,31.3,0.0,65.6,253.0,6.5
2025-04-01 17:00:00,30.1,0.0,72.9,243.0,3.4
2025-04-01 18:00:00,30.7,0.0,69.6,235.0,1.2
2025-04-01 19:00:00,30.2,0.0,70.1,172.0,2.0
2025-04-01 20:00:00,28.9,0.0,80.1,100.0,6.4
2025-04-01 21:00:00,28.6,0.0,84.3,79.0,6.2
2025-04-01 22:00:00,28.4,0.0,87.5,67.0,5.2
2025-04-01 23:00:00,28.1,0.0,90.7,56.0,5.7
2025-04-02 00:00:00,27.9,0.0,94.3,53.0,3.3
2025-04-02 01:00:00,27.7,0.0,97.1,42.0,5.0
2025-04-02 02:00:00,27.5,0.0,97.9,57.0,6.2
2025-04-02 03:00:00,27.1,0.0,99.3,50.0,3.6
2025-04-02 04:00:00,26.8,0.0,99.4,60.0,5.7
2025-04-02 05:00:00,26.5,0.0,99.4,14.0,6.5
2025-04-02 06:00:00,26.3,0.0,99.4,19.0,3.3
2025-04-02 07:00:00,24.5,0.0,95.4,287.0,14.7
2025-04-02 08:00:00,23.4,0.0,99.4,312.0,7.5
2025-04-02 09:00:00,23.6,0.2,99.4,320.0,4.1
2025-04-02 10:00:00,24.6,0.0,99.3,308.0,3.4
2025-04-02 11:00:00,26.6,0.0,88.6,251.0,0.9
2025-04-02 12:00:00,30.2,0.0,68.7,278.0,1.3
2025-04-02 13:00:00,31.3,0.0,65.8,208.0,1.8
2025-04-02 14:00:00,31.4,0.0,62.9,330.0,3.4
2025-04-02 15:00:00,32.5,0.0,60.6,332.0,4.1
2025-04-02 16:00:00,31.6,0.0,65.5,291.0,3.9
2025-04-02 17:00:00,31.9,0.0,64.7,265.0,5.1
2025-04-02 18:00:00,28.1,0.0,82.7,118.0,10.5
2025-04-02 19:00:00,27.0,0.0,98.6,82.0,6.6
2025-04-02 20:00:00,27.3,0.0,95.5,91.0,5.8
2025-04-02 21:00:00,26.7,0.0,99.4,18.0,5.7
2025-04-02 22:00:00,25.1,0.6,99.5,50.0,8.3
2025-04-02 23:00:00,26.1,0.0,99.4,75.0,5.4
2025-04-03 00:00:00,26.5,0.0,99.3,77.0,5.2
2025-04-03 01:00:00,26.5,0.0,99.4,16.0,3.0
2025-04-03 02:00:00,25.5,0.0,99.4,344.0,10.6
2025-04-03 03:00:00,24.6,0.0,99.4,22.0,7.7
2025-04-03 04:00:00,24.7,0.0,93.6,71.0,3.5
2025-04-03 05:00:00,25.2,0.0,90.9,68.0,5.2
2025-04-03 06:00:00,24.7,0.0,99.4,66.0,3.6
2025-04-03 07:00:00,24.3,0.0,99.4,26.0,3.0
2025-04-03 08:00:00,25.0,0.0,99.3,29.0,2.3
2025-04-03 09:00:00,26.6,0.0,87.1,74.0,4.0
2025-04-03 10:00:00,28.1,0.0,79.0,71.0,3.8
2025-04-03 11:00:00,28.5,0.0,82.6,7.0,5.5
2025-04-03 12:00:00,29.6,0.0,72.9,16.0,5.2
2025-04-03 13:00:00,32.7,0.0,55.7,22.0,3.6
2025-04-03 14:00:00,32.5,0.0,54.3,354.0,4.7
2025-04-03 15:00:00,32.2,0.0,54.7,22.0,4.3
2025-04-03 16:00:00,32.0,0.0,56.6,59.0,4.5
2025-04-03 17:00:00,30.4,0.0,67.3,42.0,10.4
2025-04-03 18:00:00,29.8,0.0,62.3,66.0,8.2
2025-04-03 19:00:00,28.6,0.0,75.0,43.0,11.8
2025-04-03 20:00:00,28.1,0.0,82.1,63.0,6.3
2025-04-03 21:00:00,27.9,0.0,86.7,68.0,5.5
2025-04-03 22:00:00,27.7,0.0,89.9,42.0,5.7
2025-04-03 23:00:00,27.4,0.0,92.2,7.0,6.7
2025-04-04 00:00:00,27.4,0.0,92.2,11.0,5.5
2025-04-04 01:00:00,27.2,0.0,94.6,44.0,3.4
2025-04-04 02:00:00,27.0,0.0,95.7,35.0,2.8
2025-04-04 03:00:00,26.5,0.0,99.3,2.0,3.1
2025-04-04 04:00:00,26.5,0.0,98.5,356.0,4.3
2025-04-04 05:00:00,26.3,0.0,99.4,7.0,2.1
2025-04-04 06:00:00,26.4,0.0,99.4,5.0,2.8
2025-04-04 07:00:00,26.3,0.0,99.4,357.0,2.1
2025-04-04 08:00:00,27.0,0.0,99.1,337.0,0.9
2025-04-04 09:00:00,27.2,0.0,95.8,354.0,4.7
2025-04-04 10:00:00,28.5,0.0,87.5,38.0,5.8
2025-04-04 11:00:00,29.6,0.0,80.2,56.0,3.9
2025-04-04 12:00:00,30.0,0.0,73.9,358.0,5.1
2025-04-04 13:00:00,28.0,0.0,82.4,174.0,6.1
2025-04-04 14:00:00,24.5,0.4,99.6,128.0,1.7
2025-04-04 15:00:00,24.5,0.0,99.6,64.0,3.9
2025-04-04 16:00:00,25.2,0.0,99.4,70.0,3.3
2025-04-04 17:00:00,26.0,0.2,99.4,29.0,3.2
2025-04-04 18:00:00,26.0,0.0,99.4,85.0,5.8
2025-04-04 19:00:00,26.3,0.0,99.4,21.0,4.5
2025-04-04 20:00:00,26.5,0.0,99.4,59.0,3.0
2025-04-04 21:00:00,26.6,0.0,99.4,72.0,2.9
2025-04-04 22:00:00,26.6,0.0,98.7,52.0,4.3
2025-04-04 23:00:00,26.4,0.0,99.3,23.0,3.2
2025-04-05 00:00:00,26.1,0.0,99.4,13.0,3.2
2025-04-05 01:00:00,26.0,0.0,99.4,,1.7
2025-04-05 02:00:00,25.8,0.0,99.4,9.0,4.6
2025-04-05 03:00:00,25.5,0.0,99.4,345.0,4.2
2025-04-05 04:00:00,25.6,0.0,99.4,302.0,2.7
2025-04-05 05:00:00,25.5,0.0,99.4,311.0,3.4
2025-04-05 06:00:00,25.1,0.0,99.4,4.0,6.2
2025-04-05 07:00:00,24.8,0.0,99.4,4.0,7.4
2025-04-05 08:00:00,25.0,0.0,99.4,322.0,1.1
2025-04-05 09:00:00,25.5,0.0,99.3,230.0,2.2
2025-04-05 10:00:00,27.3,0.0,89.3,115.0,3.8
2025-04-05 11:00:00,29.2,0.0,74.3,66.0,5.8
2025-04-05 12:00:00,30.1,0.0,71.6,38.0,6.0
2025-04-05 13:00:00,30.7,0.0,66.9,10.0,4.6
2025-04-05 14:00:00,30.1,0.0,69.4,65.0,4.9
2025-04-05 15:00:00,30.8,0.0,64.7,15.0,7.7
2025-04-05 16:00:00,30.8,0.0,67.5,354.0,3.5
2025-04-05 17:00:00,32.1,0.0,57.7,4.0,3.1
2025-04-05 18:00:00,29.5,0.0,77.2,95.0,3.9
2025-04-05 19:00:00,27.6,0.0,88.6,227.0,2.1
2025-04-05 20:00:00,26.6,0.0,97.0,256.0,4.8
2025-04-05 21:00:00,26.7,0.0,99.0,145.0,2.9
2025-04-05 22:00:00,26.9,0.0,99.1,73.0,3.2
2025-04-05 23:00:00,27.0,0.0,99.3,79.0,2.6
2025-04-06 00:00:00,27.1,0.0,98.0,69.0,2.9
2025-04-06 01:00:00,26.9,0.0,98.7,9.0,4.0
2025-04-06 02:00:00,26.7,0.0,99.3,46.0,3.1
2025-04-06 03:00:00,26.6,0.0,99.4,64.0,2.2
2025-04-06 04:00:00,26.6,0.0,99.3,6.0,1.9
2025-04-06 05:00:00,26.5,0.0,99.3,11.0,2.1
2025-04-06 06:00:00,26.3,0.0,99.3,29.0,2.2
2025-04-06 07:00:00,26.2,0.0,99.3,39.0,2.5
2025-04-06 08:00:00,26.5,0.0,99.3,347.0,2.5
2025-04-06 09:00:00,27.2,0.0,94.2,351.0,3.8
2025-04-06 10:00:00,28.7,0.0,82.6,16.0,8.0
2025-04-06 11:00:00,29.8,0.0,73.7,11.0,9.39999
2025-04-06 12:00:00,30.2,0.0,69.2,33.0,8.5
2025-04-06 13:00:00,31.5,0.0,63.7,42.0,8.8
2025-04-06 14:00:00,31.4,0.0,63.9,63.0,7.3
2025-04-06 15:00:00,32.0,0.0,60.6,63.0,8.39999
2025-04-06 16:00:00,31.7,0.0,63.3,74.0,8.5
2025-04-06 17:00:00,31.2,0.0,62.1,65.0,9.2
2025-04-06 18:00:00,31.3,0.0,63.7,53.0,6.3
2025-04-06 19:00:00,29.6,0.0,71.8,49.0,7.8
2025-04-06 20:00:00,28.7,0.0,79.6,59.0,6.5
2025-04-06 21:00:00,28.3,0.0,80.2,56.0,7.6
2025-04-06 22:00:00,28.1,0.0,83.8,46.0,5.8
2025-04-06 23:00:00,25.8,0.0,98.1,10.0,7.8
2025-04-07 00:00:00,26.2,0.0,95.9,18.0,5.2
2025-04-07 01:00:00,25.6,0.0,99.3,53.0,6.9
2025-04-07 02:00:00,25.5,0.0,99.3,55.0,3.2
2025-04-07 03:00:00,25.4,0.0,99.3,16.0,2.4
2025-04-07 04:00:00,25.3,0.0,99.3,351.0,1.3
2025-04-07 05:00:00,25.5,0.0,99.3,3.0,2.1
2025-04-07 06:00:00,25.7,0.0,99.3,7.0,1.4
2025-04-07 07:00:00,25.5,0.0,99.3,345.0,3.1
2025-04-07 08:00:00,25.5,0.0,99.3,354.0,2.5
2025-04-07 09:00:00,25.4,0.0,99.4,348.0,1.9
2025-04-07 10:00:00,26.2,0.0,98.8,281.0,4.1
2025-04-07 11:00:00,26.7,0.0,96.8,297.0,1.8
2025-04-07 12:00:00,25.3,0.2,99.4,94.0,5.9
2025-04-07 13:00:00,25.2,0.4,99.4,57.0,3.2
2025-04-07 14:00:00,25.1,0.0,99.4,6.0,4.1
2025-04-07 15:00:00,26.6,0.0,98.3,357.0,4.0
2025-04-07 16:00:00,27.7,0.0,90.1,36.0,5.5
2025-04-07 17:00:00,28.5,0.0,84.8,39.0,6.2
2025-04-07 18:00:00,29.2,0.0,80.7,39.0,5.6
2025-04-07 19:00:00,27.9,0.0,84.2,43.0,8.60001
2025-04-07 20:00:00,27.4,0.0,88.5,67.0,5.2
2025-04-07 21:00:00,27.1,0.0,91.9,63.0,4.4
2025-04-07 22:00:00,26.7,0.0,95.7,51.0,7.0
2025-04-07 23:00:00,26.5,0.0,99.3,11.0,5.4
2025-04-08 00:00:00,26.2,0.0,99.3,3.0,3.6
2025-04-08 01:00:00,26.0,0.0,99.4,9.0,3.8
2025-04-08 02:00:00,25.8,0.0,99.4,357.0,2.7
2025-04-08 03:00:00,25.7,0.0,99.4,335.0,1.8
2025-04-08 04:00:00,25.6,0.0,99.4,341.0,2.1
2025-04-08 05:00:00,25.5,0.0,99.4,278.0,3.6
2025-04-08 06:00:00,25.6,0.0,99.4,285.0,3.6
2025-04-08 07:00:00,25.3,0.0,99.4,337.0,1.1
2025-04-08 08:00:00,25.8,0.0,99.4,146.0,1.1
2025-04-08 09:00:00,26.1,0.2,99.4,37.0,1.7
2025-04-08 10:00:00,26.4,0.0,99.4,67.0,1.9
2025-04-08 11:00:00,27.3,0.0,99.3,57.0,4.0
2025-04-08 12:00:00,27.5,0.0,97.3,75.0,5.8
2025-04-08 13:00:00,28.0,0.0,91.4,59.0,7.1
2025-04-08 14:00:00,28.5,0.0,84.1,41.0,6.2
2025-04-08 15:00:00,28.5,0.0,82.1,51.0,7.3
2025-04-08 16:00:00,29.3,0.0,78.7,24.0,4.7
2025-04-08 17:00:00,28.6,0.0,81.9,55.0,4.7
2025-04-08 18:00:00,28.2,0.0,86.1,55.0,6.7
2025-04-08 19:00:00,27.8,0.0,90.2,52.0,6.7
2025-04-08 20:00:00,27.3,0.0,95.1,57.0,5.8
2025-04-08 21:00:00,27.0,0.0,94.7,63.0,5.2
2025-04-08 22:00:00,27.0,0.0,93.9,70.0,4.1
2025-04-08 23:00:00,26.9,0.0,94.6,35.0,1.6
2025-04-09 00:00:00,26.6,0.0,98.8,27.0,2.0
2025-04-09 01:00:00,26.6,0.0,99.3,42.0,2.8
2025-04-09 02:00:00,26.4,0.0,99.3,34.0,2.6
2025-04-09 03:00:00,26.3,0.0,99.4,32.0,2.4
2025-04-09 04:00:00,26.2,0.0,99.4,27.0,2.3
2025-04-09 05:00:00,26.0,0.0,99.4,49.0,2.2
2025-04-09 06:00:00,26.1,0.0,99.4,63.0,3.9
2025-04-09 07:00:00,25.9,0.0,99.4,39.0,4.1
2025-04-09 08:00:00,26.2,0.0,99.4,2.0,3.0
2025-04-09 09:00:00,27.9,0.0,92.2,12.0,4.0
2025-04-09 10:00:00,29.6,0.0,78.2,15.0,3.3
2025-04-09 11:00:00,30.6,0.0,64.7,21.0,5.1
2025-04-09 12:00:00,32.4,0.0,59.2,358.0,3.1
2025-04-09 13:00:00,31.0,0.0,65.8,62.0,5.3
2025-04-09 14:00:00,29.3,0.0,73.8,47.0,7.6
2025-04-09 15:00:00,25.2,0.2,99.5,107.0,9.8
2025-04-09 16:00:00,27.0,0.0,99.4,90.0,4.7
2025-04-09 17:00:00,28.2,0.0,85.9,97.0,5.0
2025-04-09 18:00:00,27.9,0.0,91.3,8.0,4.2
2025-04-09 19:00:00,27.6,0.0,95.5,27.0,3.4
2025-04-09 20:00:00,26.3,0.0,96.5,74.0,8.10001
2025-04-09 21:00:00,25.8,0.0,99.4,80.0,0.8
2025-04-09 22:00:00,26.2,0.0,99.3,5.0,1.3
2025-04-09 23:00:00,26.4,0.0,99.3,279.0,0.6
2025-04-10 00:00:00,26.6,0.0,99.3,325.0,2.0
2025-04-10 01:00:00,26.5,0.0,99.4,294.0,3.7
2025-04-10 02:00:00,26.4,0.0,99.4,255.0,3.4
2025-04-10 03:00:00,25.9,0.0,99.4,261.0,4.2
2025-04-10 04:00:00,25.7,0.0,99.4,271.0,3.2
2025-04-10 05:00:00,25.5,0.0,99.4,238.0,2.0
2025-04-10 06:00:00,25.6,0.0,99.4,253.0,3.2
2025-04-10 07:00:00,26.0,0.0,99.3,263.0,2.9
2025-04-10 08:00:00,26.7,0.0,96.4,268.0,3.0
2025-04-10 09:00:00,27.9,0.0,88.5,251.0,2.1
2025-04-10 10:00:00,30.2,0.0,79.1,233.0,2.0
2025-04-10 11:00:00,29.5,0.0,80.1,265.0,4.4
2025-04-10 12:00:00,32.3,0.0,65.4,217.0,1.9
2025-04-10 13:00:00,31.0,0.0,67.1,226.0,3.0
2025-04-10 14:00:00,32.1,0.0,61.8,199.0,3.1
2025-04-10 15:00:00,33.1,0.0,54.8,213.0,3.3
2025-04-10 16:00:00,33.3,0.0,52.8,219.0,4.6
2025-04-10 17:00:00,30.1,0.0,73.8,1.0,3.3
2025-04-10 18:00:00,28.3,0.0,76.8,10.0,7.1
2025-04-10 19:00:00,26.9,0.0,91.6,15.0,6.8
2025-04-10 20:00:00,26.0,0.0,99.3,67.0,3.7
2025-04-10 21:00:00,26.1,0.0,99.3,11.0,1.5
2025-04-10 22:00:00,26.2,0.0,99.3,12.0,2.9
2025-04-10 23:00:00,26.3,0.0,98.8,26.0,4.1
2025-04-11 00:00:00,26.6,0.0,92.9,53.0,3.0
2025-04-11 01:00:00,27.2,0.0,89.0,68.0,3.1
2025-04-11 02:00:00,27.3,0.0,90.2,79.0,2.8
2025-04-11 03:00:00,27.0,0.0,96.3,78.0,3.6
2025-04-11 04:00:00,26.5,0.0,99.3,23.0,0.7
2025-04-11 05:00:00,26.2,0.0,99.4,337.0,2.7
2025-04-11 06:00:00,26.6,0.0,98.8,282.0,2.1
2025-04-11 07:00:00,26.1,0.0,97.4,272.0,7.3
2025-04-11 08:00:00,25.7,0.0,99.3,267.0,6.4
2025-04-11 09:00:00,25.9,0.0,99.4,240.0,6.6
2025-04-11 10:00:00,26.3,0.0,93.6,248.0,6.1
2025-04-11 11:00:00,27.2,0.0,87.3,239.0,5.9
2025-04-11 12:00:00,28.2,0.0,82.9,244.0,7.8
2025-04-11 13:00:00,28.9,0.0,78.8,293.0,11.5
2025-04-11 14:00:00,29.6,0.0,76.5,279.0,10.1
2025-04-11 15:00:00,29.7,0.0,74.1,265.0,8.89999
2025-04-11 16:00:00,29.9,0.0,71.6,252.0,9.0
2025-04-11 17:00:00,29.8,0.0,70.4,272.0,6.9
2025-04-11 18:00:00,29.4,0.0,69.8,256.0,8.7
2025-04-11 19:00:00,28.5,0.0,76.4,271.0,7.6
2025-04-11 20:00:00,27.9,0.0,86.7,261.0,5.1
2025-04-15 12:00:00,31.0,0.0,68.3,348.0,4.9
2025-04-15 13:00:00,32.1,0.0,61.1,7.0,6.7
2025-04-15 14:00:00,31.1,0.0,68.2,100.0,5.0
2025-04-15 15:00:00,32.8,0.0,57.7,51.0,4.9
2025-04-15 16:00:00,28.5,0.0,83.9,287.0,6.3
2025-04-15 17:00:00,26.2,0.0,99.4,117.0,7.7
2025-04-15 18:00:00,25.8,0.0,99.4,1.0,3.9
2025-04-15 19:00:00,25.3,0.6,99.4,81.0,7.7
2025-04-15 20:00:00,25.0,0.4,99.4,143.0,6.5
2025-04-15 21:00:00,25.5,0.0,99.4,341.0,1.8
2025-04-15 22:00:00,25.6,0.0,99.4,263.0,2.6
2025-04-15 23:00:00,25.9,0.0,99.4,290.0,1.9
2025-04-16 00:00:00,26.1,0.0,99.4,359.0,2.3
2025-04-16 01:00:00,25.9,0.0,99.4,2.0,1.8
2025-04-16 02:00:00,26.1,0.0,99.5,312.0,1.6
2025-04-16 03:00:00,26.4,0.0,99.4,220.0,3.3
2025-04-16 04:00:00,26.2,0.0,99.4,217.0,1.9
2025-04-16 05:00:00,26.3,0.0,99.4,59.0,2.6
2025-04-16 06:00:00,26.0,0.0,99.5,17.0,2.4
2025-04-16 07:00:00,25.6,0.0,99.5,357.0,3.7
2025-04-16 08:00:00,25.7,0.0,99.5,3.0,4.6
2025-04-16 09:00:00,27.4,0.0,99.4,358.0,1.0
2025-04-16 10:00:00,30.1,0.2,80.9,67.0,1.3
2025-04-16 11:00:00,30.0,0.0,70.3,255.0,3.0
2025-04-16 12:00:00,31.7,0.0,63.9,280.0,2.6
2025-04-16 13:00:00,31.8,0.0,63.9,316.0,4.2
2025-04-16 14:00:00,32.9,0.0,57.3,245.0,4.6
2025-04-16 15:00:00,34.0,0.0,56.3,310.0,4.7
2025-04-16 16:00:00,33.1,0.0,57.3,237.0,8.9
2025-04-16 17:00:00,31.8,0.0,57.3,275.0,4.7
2025-04-16 18:00:00,28.2,0.0,87.6,63.0,6.6
2025-04-16 19:00:00,28.4,0.0,85.6,86.0,3.4
2025-04-16 20:00:00,26.4,0.0,99.4,29.0,3.0
2025-04-16 21:00:00,26.3,0.0,99.4,14.0,6.3
2025-04-16 22:00:00,26.3,0.0,99.4,13.0,4.3
2025-04-16 23:00:00,26.5,0.0,98.2,54.0,3.2
2025-04-17 00:00:00,25.7,0.0,99.4,13.0,3.4
2025-04-17 01:00:00,26.0,0.0,99.3,2.0,3.5
2025-04-17 02:00:00,26.2,0.0,91.0,342.0,2.2
2025-04-17 03:00:00,25.3,0.0,99.3,294.0,6.9
2025-04-17 04:00:00,24.0,0.0,99.4,269.0,11.6
2025-04-17 05:00:00,23.9,0.2,99.4,309.0,4.7
2025-04-17 06:00:00,23.5,0.0,99.4,20.0,4.6
2025-04-17 07:00:00,23.4,0.0,99.4,12.0,3.8
2025-04-17 08:00:00,24.2,0.0,99.3,78.0,3.8
2025-04-17 09:00:00,25.2,0.0,93.0,89.0,2.4
2025-04-17 10:00:00,26.1,0.0,81.7,23.0,3.1
2025-04-17 11:00:00,27.6,0.0,76.4,309.0,2.1
2025-04-17 12:00:00,28.8,0.0,67.2,286.0,3.9
2025-04-17 13:00:00,30.9,0.0,63.1,248.0,3.8
2025-04-17 14:00:00,30.4,0.0,66.1,266.0,5.2
2025-04-17 15:00:00,31.3,0.0,62.2,262.0,6.8
2025-04-17 16:00:00,31.9,0.0,61.8,279.0,6.3
2025-04-17 17:00:00,32.3,0.0,61.9,289.0,5.8
2025-04-17 18:00:00,31.5,0.0,63.8,274.0,6.3
2025-04-17 19:00:00,30.9,0.0,66.2,262.0,3.5
2025-04-17 20:00:00,30.2,0.0,66.3,285.0,3.4
2025-04-17 21:00:00,28.2,0.0,83.1,69.0,5.0
2025-04-17 22:00:00,27.6,0.0,86.6,55.0,4.9
2025-04-17 23:00:00,27.6,0.0,88.2,70.0,4.5
2025-04-18 00:00:00,27.4,0.0,90.9,68.0,4.1
2025-04-18 01:00:00,27.2,0.0,92.6,55.0,2.5
2025-04-18 02:00:00,26.6,0.0,99.3,4.0,3.0
2025-04-18 03:00:00,26.4,0.0,99.4,7.0,3.4
2025-04-18 04:00:00,26.3,0.0,99.4,37.0,2.3
2025-04-18 05:00:00,26.2,0.0,99.4,20.0,3.9
2025-04-18 06:00:00,26.1,0.0,99.4,19.0,2.3
2025-04-18 07:00:00,26.2,0.0,99.4,35.0,2.0
2025-04-18 08:00:00,27.5,0.0,96.2,14.0,1.0
2025-04-18 09:00:00,28.0,0.0,93.0,9.0,3.6
2025-04-18 10:00:00,30.9,0.0,76.5,44.0,2.1
2025-04-18 11:00:00,32.5,0.0,64.9,3.0,2.5
2025-04-18 12:00:00,32.9,0.0,59.5,332.0,3.2
2025-04-18 13:00:00,32.2,0.0,62.9,272.0,3.4
2025-04-18 14:00:00,32.8,0.0,60.1,333.0,1.3
2025-04-18 15:00:00,35.0,0.0,54.3,226.0,1.4
2025-04-18 16:00:00,34.0,0.0,55.6,345.0,3.3
2025-04-18 17:00:00,31.6,0.0,68.6,135.0,7.3
2025-04-23 14:00:00,28.6,0.0,91.0,,
2025-04-23 15:00:00,29.5,0.0,81.5,,
2025-04-23 16:00:00,30.5,0.0,76.2,,
2025-04-23 17:00:00,30.5,0.0,73.1,,
2025-04-23 18:00:00,29.4,0.0,77.4,,
2025-04-23 19:00:00,28.5,0.0,86.4,,
2025-04-23 20:00:00,27.9,0.0,92.5,,
2025-04-23 21:00:00,27.8,0.0,92.2,,
2025-04-23 22:00:00,27.8,0.0,92.6,,
2025-04-23 23:00:00,27.8,0.0,91.4,,
2025-04-24 00:00:00,26.6,0.0,99.4,,
2025-04-24 01:00:00,26.4,0.0,99.4,,
2025-04-24 02:00:00,26.3,0.0,99.4,,
2025-04-24 03:00:00,26.4,0.0,99.4,,
2025-04-24 04:00:00,26.3,0.0,99.4,,
2025-04-24 05:00:00,26.2,0.0,99.4,,
2025-04-24 06:00:00,26.4,0.0,99.4,,
2025-04-24 07:00:00,26.1,0.0,99.4,,
2025-04-24 08:00:00,26.4,0.0,99.4,,
2025-04-24 09:00:00,26.7,0.0,99.4,,
2025-04-24 10:00:00,28.3,0.0,94.4,,
2025-04-24 11:00:00,29.6,0.0,83.9,,
2025-04-24 12:00:00,31.1,0.0,68.3,,
2025-04-24 13:00:00,30.7,0.0,67.4,,
2025-04-24 14:00:00,30.3,0.0,71.6,,
2025-04-24 16:00:00,31.1,0.0,67.4,,
2025-04-24 17:00:00,29.9,0.0,74.8,,
2025-04-24 18:00:00,29.5,0.0,72.8,,
2025-04-24 19:00:00,28.6,0.0,88.1,,
2025-04-24 20:00:00,27.3,0.0,98.5,,
2025-04-24 21:00:00,27.3,0.0,98.7,,
2025-04-24 22:00:00,26.9,0.0,99.4,,
2025-04-24 23:00:00,27.1,0.0,99.3,,
2025-04-25 00:00:00,27.3,0.0,98.7,,
2025-04-25 01:00:00,27.1,0.0,99.3,,
2025-04-25 02:00:00,26.9,0.0,99.4,,
2025-04-25 03:00:00,26.7,0.0,99.3,,
2025-04-25 04:00:00,26.2,0.0,99.4,,
2025-04-25 05:00:00,26.2,0.0,99.4,,
2025-04-25 06:00:00,26.3,0.0,99.4,,
2025-04-25 07:00:00,26.1,0.0,99.4,,
2025-04-25 08:00:00,27.5,0.0,99.0,,
2025-04-25 09:00:00,29.0,0.0,91.1,,
2025-04-25 10:00:00,29.4,0.0,87.5,,
2025-04-25 11:00:00,31.5,0.0,65.9,,
2025-04-25 14:00:00,31.4,0.0,69.1,,
2025-04-25 15:00:00,34.5,0.0,55.8,285.0,0.7
2025-04-25 16:00:00,33.0,0.0,59.8,348.0,4.8
2025-04-25 17:00:00,29.3,0.0,80.1,206.0,5.0
2025-04-25 18:00:00,26.7,0.0,99.4,,
2025-04-25 19:00:00,26.7,0.0,99.4,,
2025-04-25 20:00:00,27.3,0.0,96.8,,
2025-04-25 21:00:00,27.6,0.0,94.5,24.0,3.5
2025-04-25 22:00:00,27.3,0.0,99.4,336.0,1.8
2025-04-25 23:00:00,27.8,0.0,99.4,53.0,3.6
2025-04-26 00:00:00,27.9,0.0,99.4,,
2025-04-26 01:00:00,27.8,0.0,99.4,9.0,3.4
2025-04-26 02:00:00,26.7,0.0,99.4,,
2025-04-26 03:00:00,27.1,0.0,99.4,,
2025-04-26 04:00:00,26.1,0.0,99.4,2.0,4.3
2025-04-26 05:00:00,25.8,0.0,99.4,,
2025-04-26 06:00:00,26.1,0.0,99.4,26.0,3.2
2025-04-26 07:00:00,26.2,0.0,99.4,6.0,3.4
2025-04-26 08:00:00,27.2,0.0,99.4,329.0,1.5
2025-04-26 09:00:00,27.6,0.0,99.3,346.0,3.1
2025-04-26 10:00:00,29.3,0.0,91.7,124.0,4.2
2025-04-26 11:00:00,30.6,0.0,79.1,140.0,7.5
2025-04-26 12:00:00,30.8,0.0,79.1,147.0,5.8
2025-04-26 13:00:00,31.0,0.0,73.1,149.0,6.5
2025-04-26 14:00:00,27.3,1.4,99.4,231.0,4.9
2025-04-26 15:00:00,24.2,0.2,99.6,208.0,5.6
2025-04-26 16:00:00,25.0,0.0,99.6,25.0,7.4
2025-04-26 17:00:00,24.8,0.0,99.5,346.0,4.0
2025-04-26 18:00:00,25.2,0.0,99.5,291.0,1.3
2025-04-26 19:00:00,25.0,0.0,99.4,,
2025-04-26 20:00:00,25.2,0.0,99.5,,
2025-04-26 21:00:00,25.4,0.0,99.5,,
2025-04-26 22:00:00,26.0,0.0,99.4,,
2025-04-26 23:00:00,25.3,0.0,99.5,,
