timestamp,temperature,rainfall,humidity,wind_direction,wind_speed
2024-01-01 00:00:00,26.3,0.0,88.0,21.0,2.8
2024-01-01 01:00:00,26.4,0.0,88.3,68.0,4.4
2024-01-01 02:00:00,26.6,0.0,87.9,62.0,3.4
2024-01-01 03:00:00,26.3,0.0,89.7,68.0,3.0
2024-01-01 04:00:00,26.6,0.0,88.5,56.0,5.0
2024-01-01 05:00:00,26.5,0.0,89.4,59.0,3.9
2024-01-01 06:00:00,26.7,0.0,87.7,54.0,5.5
2024-01-01 07:00:00,26.2,0.0,87.9,63.0,4.9
2024-01-01 08:00:00,26.7,0.0,83.8,44.0,6.0
2024-01-01 09:00:00,27.2,0.0,82.5,36.0,5.2
2024-01-01 10:00:00,27.2,0.0,83.4,30.0,5.4
2024-01-01 11:00:00,27.6,0.0,84.7,18.0,4.2
2024-01-01 12:00:00,27.8,0.0,81.6,35.0,5.9
2024-01-01 13:00:00,27.6,0.0,80.6,79.0,6.4
2024-01-01 14:00:00,27.6,0.0,79.9,63.0,6.3
2024-01-01 15:00:00,24.8,1.0,93.4,49.0,9.2
2024-01-01 16:00:00,25.2,0.0,92.6,42.0,7.7
2024-01-01 17:00:00,25.1,0.0,91.8,49.0,9.2
2024-01-01 18:00:00,25.3,0.2,92.0,42.0,9.5
2024-01-01 19:00:00,25.3,0.2,92.8,36.0,9.39999
2024-01-01 20:00:00,25.6,0.0,89.9,32.0,9.10001
2024-01-01 21:00:00,25.3,0.0,91.4,51.0,9.39999
2024-01-01 22:00:00,25.3,0.0,91.7,53.0,8.7
2024-01-01 23:00:00,25.4,0.0,91.8,25.0,6.0
2024-01-02 00:00:00,25.2,0.0,91.2,58.0,6.7
2024-01-02 01:00:00,25.4,0.0,90.3,36.0,3.7
2024-01-02 02:00:00,25.3,0.0,88.5,348.0,1.3
2024-01-02 03:00:00,25.2,0.0,89.5,60.0,2.2
2024-01-02 04:00:00,25.2,0.0,90.2,29.0,2.3
2024-01-02 05:00:00,25.3,0.0,89.9,323.0,1.5
2024-01-02 06:00:00,25.5,0.0,89.6,39.0,2.4
2024-01-02 07:00:00,25.6,0.0,89.3,39.0,1.6
2024-01-02 08:00:00,26.0,0.0,89.3,30.0,3.5
2024-01-02 09:00:00,26.5,0.0,87.5,46.0,7.5
2024-01-02 10:00:00,27.7,0.0,79.2,39.0,6.1
2024-01-02 11:00:00,28.9,0.0,73.7,10.0,4.9
2024-01-02 12:00:00,29.2,0.0,71.4,38.0,6.7
2024-01-02 13:00:00,30.5,0.0,66.8,56.0,8.3
2024-01-02 14:00:00,30.6,0.0,63.5,59.0,6.3
2024-01-02 15:00:00,29.7,0.0,67.1,70.0,8.2
2024-01-02 16:00:00,30.5,0.0,66.5,70.0,10.7
2024-01-02 17:00:00,29.8,0.0,71.4,65.0,5.4
2024-01-02 18:00:00,29.4,0.0,72.0,63.0,8.39999
2024-01-02 19:00:00,28.8,0.0,71.8,67.0,9.8
2024-01-02 20:00:00,28.4,0.0,72.5,52.0,7.2
2024-01-02 21:00:00,27.8,0.0,75.2,63.0,7.7
2024-01-02 22:00:00,27.7,0.0,77.8,51.0,8.39999
2024-01-02 23:00:00,27.5,0.0,81.2,57.0,4.8
2024-01-03 00:00:00,27.2,0.0,82.5,64.0,8.0
2024-01-03 01:00:00,26.4,0.0,85.2,73.0,5.9
2024-01-03 02:00:00,26.4,0.0,84.4,65.0,4.7
2024-01-03 03:00:00,26.7,0.0,81.6,17.0,4.0
2024-01-03 04:00:00,26.8,0.0,83.9,40.0,4.3
2024-01-03 05:00:00,26.7,0.0,84.1,25.0,5.3
2024-01-03 06:00:00,26.5,0.0,82.7,56.0,6.3
2024-01-03 07:00:00,26.1,0.0,83.9,74.0,3.9
2024-01-03 08:00:00,26.4,0.0,85.7,56.0,2.8
2024-01-03 09:00:00,27.4,0.0,83.4,23.0,4.1
2024-01-03 10:00:00,27.9,0.0,80.2,27.0,4.7
2024-01-03 11:00:00,28.5,0.0,77.8,16.0,5.4
2024-01-03 12:00:00,28.8,0.0,76.0,35.0,5.9
2024-01-03 13:00:00,29.7,0.0,68.9,25.0,7.9
2024-01-03 14:00:00,30.3,0.0,66.4,20.0,7.0
2024-01-03 15:00:00,30.5,0.0,64.4,39.0,8.7
2024-01-03 16:00:00,28.8,0.0,72.8,61.0,12.5
2024-01-03 17:00:00,27.5,0.0,80.9,62.0,5.0
2024-01-03 18:00:00,28.4,0.0,74.2,39.0,4.3
2024-01-03 19:00:00,28.4,0.0,76.9,50.0,5.8
2024-01-03 20:00:00,28.2,0.0,78.0,69.0,6.1
2024-01-03 21:00:00,28.1,0.0,78.2,47.0,7.0
2024-01-03 22:00:00,27.8,0.0,79.5,22.0,4.0
2024-01-03 23:00:00,27.7,0.0,79.4,46.0,7.6
2024-01-04 00:00:00,27.5,0.0,80.0,26.0,4.7
2024-01-04 01:00:00,27.2,0.0,82.3,36.0,5.1
2024-01-04 02:00:00,26.4,0.0,85.8,51.0,6.6
2024-01-04 03:00:00,26.1,0.0,85.8,16.0,5.0
2024-01-04 04:00:00,25.5,0.4,91.3,10.0,11.1
2024-01-04 05:00:00,25.2,0.4,92.2,13.0,11.9
2024-01-04 06:00:00,24.7,0.4,91.1,20.0,11.1
2024-01-04 07:00:00,24.1,0.4,91.8,25.0,9.39999
2024-01-04 08:00:00,24.5,0.4,92.6,39.0,8.7
2024-01-04 09:00:00,24.4,0.4,91.3,9.0,9.7
2024-01-04 10:00:00,24.2,2.2,94.1,19.0,12.2
2024-01-04 11:00:00,24.2,0.4,94.2,342.0,9.3
2024-01-04 12:00:00,24.6,0.0,92.3,335.0,8.10001
2024-01-04 13:00:00,26.0,0.0,87.1,6.0,3.9
2024-01-04 14:00:00,25.3,0.4,89.8,359.0,9.3
2024-01-04 15:00:00,25.5,0.2,87.8,6.0,10.3
2024-01-04 16:00:00,26.2,0.0,87.6,33.0,4.2
2024-01-04 17:00:00,26.4,0.0,86.3,37.0,5.8
2024-01-04 18:00:00,24.9,0.0,91.7,23.0,8.39999
2024-01-04 19:00:00,25.1,0.0,89.9,8.0,7.2
2024-01-04 20:00:00,25.4,0.0,90.4,16.0,6.8
2024-01-04 21:00:00,25.4,0.0,91.0,13.0,9.0
2024-01-04 22:00:00,25.4,0.0,90.7,12.0,7.0
2024-01-04 23:00:00,25.2,0.0,90.1,13.0,3.2
2024-01-05 00:00:00,25.2,0.0,89.3,34.0,5.6
2024-01-05 01:00:00,25.2,0.0,89.0,24.0,4.6
2024-01-05 02:00:00,25.1,0.0,88.9,33.0,5.7
2024-01-05 03:00:00,25.1,0.0,89.6,39.0,6.1
2024-01-05 04:00:00,24.9,0.0,90.5,72.0,5.2
2024-01-05 05:00:00,25.1,0.0,89.1,50.0,6.4
2024-01-05 06:00:00,25.0,0.0,89.1,62.0,7.1
2024-01-05 07:00:00,24.9,0.0,90.5,59.0,6.2
2024-01-05 08:00:00,25.3,0.0,89.7,62.0,7.4
2024-01-05 09:00:00,26.4,0.0,86.0,58.0,5.9
2024-01-05 10:00:00,27.0,0.0,83.7,24.0,4.7
2024-01-05 11:00:00,27.8,0.0,81.1,39.0,5.5
2024-01-05 12:00:00,27.4,0.0,83.9,45.0,8.8
2024-01-05 13:00:00,26.6,0.8,89.2,58.0,11.6
2024-01-05 14:00:00,27.5,0.0,87.8,40.0,6.2
2024-01-05 15:00:00,28.5,0.0,80.0,56.0,10.8
2024-01-05 16:00:00,29.8,0.0,70.9,77.0,8.2
2024-01-05 17:00:00,29.0,0.0,74.4,69.0,8.8
2024-01-05 18:00:00,28.9,0.0,76.1,58.0,9.60001
2024-01-05 19:00:00,27.2,0.0,85.4,58.0,8.39999
2024-01-05 20:00:00,27.0,0.0,87.6,67.0,7.5
2024-01-05 21:00:00,26.9,0.0,86.1,60.0,5.6
2024-01-05 22:00:00,26.8,0.0,86.3,70.0,5.3
2024-01-05 23:00:00,26.7,0.0,87.2,69.0,3.9
2024-01-06 00:00:00,26.7,0.0,87.2,51.0,3.5
2024-01-06 01:00:00,26.7,0.0,87.5,55.0,3.3
2024-01-06 02:00:00,26.0,0.0,91.6,15.0,11.2
2024-01-06 03:00:00,26.2,0.0,89.1,33.0,6.2
2024-01-06 04:00:00,26.2,0.0,88.2,54.0,5.3
2024-01-06 05:00:00,25.8,0.0,89.8,43.0,3.8
2024-01-06 06:00:00,25.9,0.0,87.9,41.0,3.4
2024-01-06 07:00:00,25.9,0.0,87.7,61.0,3.5
2024-01-06 08:00:00,26.2,0.0,87.0,60.0,4.2
2024-01-06 09:00:00,27.3,0.0,80.8,50.0,6.3
2024-01-06 10:00:00,28.6,0.0,75.3,61.0,7.2
2024-01-06 11:00:00,29.2,0.0,73.4,43.0,6.2
2024-01-06 12:00:00,28.1,0.0,76.2,63.0,10.1
2024-01-06 13:00:00,30.0,0.0,69.5,34.0,6.9
2024-01-06 14:00:00,30.5,0.0,65.4,56.0,3.9
2024-01-06 15:00:00,30.4,0.0,65.3,64.0,8.10001
2024-01-06 16:00:00,30.7,0.0,63.6,64.0,7.6
2024-01-06 17:00:00,30.3,0.0,64.6,69.0,7.4
2024-01-06 18:00:00,29.5,0.0,70.6,60.0,6.9
2024-01-06 19:00:00,28.6,0.0,74.6,63.0,8.0
2024-01-06 20:00:00,28.3,0.0,76.3,44.0,5.5
2024-01-06 21:00:00,27.9,0.0,79.3,55.0,4.5
2024-01-06 22:00:00,27.9,0.0,80.1,16.0,4.5
2024-01-06 23:00:00,27.7,0.0,81.2,26.0,2.9
2024-01-07 00:00:00,27.7,0.0,80.4,14.0,2.9
2024-01-07 01:00:00,27.5,0.0,81.3,19.0,3.4
2024-01-07 02:00:00,27.4,0.0,82.6,5.0,2.8
2024-01-07 03:00:00,26.1,0.6,87.8,8.0,8.7
2024-01-07 04:00:00,25.0,1.0,92.2,54.0,10.1
2024-01-07 05:00:00,24.9,0.0,94.1,359.0,8.8
2024-01-07 06:00:00,25.2,0.0,92.1,15.0,5.4
2024-01-07 07:00:00,25.3,0.2,91.8,332.0,5.3
2024-01-07 08:00:00,25.2,0.2,92.6,346.0,8.8
2024-01-07 09:00:00,25.0,0.2,93.6,333.0,9.39999
2024-01-07 10:00:00,23.8,3.4,94.6,332.0,11.0
2024-01-07 11:00:00,23.7,0.2,95.3,333.0,7.0
2024-01-07 12:00:00,24.2,0.4,94.9,11.0,8.3
2024-01-07 13:00:00,24.9,0.0,93.0,14.0,6.8
2024-01-07 14:00:00,25.1,0.2,90.5,33.0,7.6
2024-01-07 15:00:00,25.0,0.0,91.9,39.0,7.4
2024-01-07 16:00:00,24.5,0.0,89.9,15.0,6.6
2024-01-07 17:00:00,24.4,0.2,89.9,42.0,7.0
2024-01-07 18:00:00,24.2,0.0,92.4,3.0,7.2
2024-01-07 19:00:00,24.3,0.0,91.4,37.0,5.0
2024-01-07 20:00:00,23.9,0.0,90.8,66.0,4.4
2024-01-07 21:00:00,24.2,0.0,88.4,73.0,3.6
2024-01-07 22:00:00,24.1,0.0,90.0,70.0,3.0
2024-01-07 23:00:00,24.4,0.0,86.7,21.0,3.4
2024-01-08 00:00:00,24.1,0.0,88.0,343.0,1.7
2024-01-08 01:00:00,24.2,0.0,88.9,335.0,2.8
2024-01-08 02:00:00,24.2,0.0,87.3,320.0,2.7
2024-01-08 03:00:00,24.2,0.0,86.7,329.0,2.0
2024-01-08 04:00:00,24.2,0.0,86.3,41.0,3.3
2024-01-08 05:00:00,24.5,0.0,83.0,38.0,3.3
2024-01-08 06:00:00,24.5,0.0,83.1,26.0,1.7
2024-01-08 07:00:00,24.6,0.0,83.2,34.0,2.8
2024-01-08 08:00:00,25.1,0.0,81.3,38.0,1.9
2024-01-08 09:00:00,26.7,0.0,81.5,59.0,4.6
2024-01-08 10:00:00,27.0,0.0,82.2,63.0,5.4
2024-01-08 11:00:00,28.2,0.0,78.8,55.0,6.6
2024-01-08 12:00:00,29.3,0.0,71.5,66.0,5.8
2024-01-08 13:00:00,30.0,0.0,69.7,75.0,6.6
2024-01-08 14:00:00,31.0,0.0,64.7,67.0,4.2
2024-01-08 15:00:00,30.3,0.0,69.4,64.0,4.3
2024-01-08 16:00:00,30.0,0.0,67.4,63.0,8.3
2024-01-08 17:00:00,28.9,0.0,75.7,63.0,9.60001
2024-01-08 18:00:00,29.2,0.0,71.3,71.0,4.4
2024-01-08 19:00:00,28.3,0.0,77.7,68.0,8.10001
2024-01-08 20:00:00,27.8,0.0,80.2,56.0,8.8
2024-01-08 21:00:00,27.0,0.0,81.0,58.0,6.2
2024-01-08 22:00:00,26.6,0.0,82.8,60.0,6.7
2024-01-08 23:00:00,26.5,0.0,83.3,66.0,3.5
2024-01-09 00:00:00,26.5,0.0,83.9,67.0,3.6
2024-01-09 01:00:00,26.6,0.0,83.7,63.0,4.3
2024-01-09 02:00:00,26.2,0.0,86.0,18.0,3.8
2024-01-09 03:00:00,26.1,0.0,84.5,72.0,4.4
2024-01-09 04:00:00,25.8,0.0,88.9,71.0,5.6
2024-01-09 05:00:00,25.8,0.2,86.1,37.0,5.3
2024-01-09 06:00:00,25.7,0.0,87.4,6.0,2.3
2024-01-09 07:00:00,25.4,0.0,90.1,28.0,5.3
2024-01-09 08:00:00,25.3,0.0,90.5,22.0,3.9
2024-01-09 09:00:00,25.0,0.0,91.0,12.0,4.9
2024-01-09 10:00:00,25.3,0.0,88.7,18.0,4.0
2024-01-09 11:00:00,26.7,0.0,83.8,12.0,3.6
2024-01-09 12:00:00,27.8,0.0,79.9,47.0,6.3
2024-01-09 13:00:00,28.9,0.0,71.5,34.0,6.8
2024-01-09 14:00:00,29.0,0.0,70.4,40.0,8.5
2024-01-09 15:00:00,28.5,0.0,74.8,50.0,7.5
2024-01-09 16:00:00,29.1,0.0,73.1,60.0,5.5
2024-01-09 17:00:00,29.2,0.0,70.5,75.0,10.5
2024-01-09 18:00:00,29.3,0.0,71.7,59.0,7.3
2024-01-09 19:00:00,28.6,0.0,75.1,69.0,6.7
2024-01-09 20:00:00,28.0,0.0,78.3,57.0,5.5
2024-01-09 21:00:00,27.6,0.0,81.9,63.0,7.2
2024-01-09 22:00:00,27.2,0.0,81.5,61.0,6.8
2024-01-09 23:00:00,26.9,0.0,83.2,57.0,5.5
2024-01-10 00:00:00,26.9,0.0,84.0,39.0,7.3
2024-01-10 01:00:00,26.9,0.0,83.0,33.0,3.8
2024-01-10 02:00:00,26.6,0.0,85.4,41.0,4.6
2024-01-10 03:00:00,26.5,0.0,85.3,19.0,3.9
2024-01-10 04:00:00,25.9,0.4,88.3,28.0,7.9
2024-01-10 05:00:00,25.3,0.2,90.0,5.0,7.7
2024-01-10 06:00:00,24.8,1.0,93.9,52.0,9.10001
2024-01-10 07:00:00,24.8,0.2,95.0,48.0,6.9
2024-01-10 08:00:00,24.9,0.8,94.9,336.0,10.7
2024-01-10 09:00:00,25.3,0.0,93.8,333.0,8.89999
2024-01-10 10:00:00,26.8,0.0,84.3,40.0,6.0
2024-01-10 11:00:00,27.8,0.0,78.9,45.0,7.9
2024-01-10 12:00:00,28.9,0.0,74.0,49.0,8.5
2024-01-10 13:00:00,27.8,0.0,77.5,36.0,7.9
2024-01-10 14:00:00,27.7,0.0,82.8,65.0,7.4
2024-01-10 15:00:00,27.7,0.0,82.8,20.0,5.3
2024-01-10 16:00:00,26.5,0.0,92.3,12.0,8.60001
2024-01-10 17:00:00,28.2,0.0,79.3,62.0,7.4
2024-01-10 18:00:00,25.7,0.0,93.0,38.0,10.3
2024-01-10 19:00:00,26.1,0.0,89.0,54.0,6.0
2024-01-10 20:00:00,26.3,0.0,89.4,66.0,5.6
2024-01-10 21:00:00,26.5,0.0,88.6,61.0,3.6
2024-01-10 22:00:00,26.7,0.0,87.2,47.0,5.1
2024-01-10 23:00:00,26.7,0.0,86.8,25.0,3.3
2024-01-11 00:00:00,26.6,0.0,86.0,11.0,3.2
2024-01-11 01:00:00,26.4,0.0,87.4,22.0,2.4
2024-01-11 02:00:00,26.5,0.0,87.8,34.0,2.4
2024-01-11 03:00:00,25.9,0.0,92.9,6.0,10.7
2024-01-11 04:00:00,25.9,0.0,91.1,7.0,4.7
2024-01-11 05:00:00,25.8,0.0,90.4,16.0,2.9
2024-01-11 06:00:00,26.0,0.0,89.8,29.0,3.5
2024-01-11 07:00:00,26.1,0.0,89.8,24.0,3.2
2024-01-11 08:00:00,26.3,0.0,89.2,18.0,3.3
2024-01-11 09:00:00,26.9,0.0,87.2,25.0,3.8
2024-01-11 10:00:00,28.0,0.0,83.2,38.0,4.4
2024-01-11 11:00:00,28.4,0.0,80.2,54.0,6.9
2024-01-11 12:00:00,28.8,0.0,77.3,68.0,7.6
2024-01-11 13:00:00,29.0,0.0,75.2,61.0,9.0
2024-01-11 14:00:00,28.9,0.0,76.5,57.0,9.2
2024-01-11 15:00:00,29.4,0.0,72.9,49.0,8.7
2024-01-11 16:00:00,29.2,0.0,74.1,62.0,9.60001
2024-01-11 17:00:00,29.0,0.0,73.0,69.0,9.8
2024-01-11 18:00:00,28.8,0.0,75.2,65.0,9.7
2024-01-11 19:00:00,28.3,0.0,77.8,65.0,9.0
2024-01-11 20:00:00,27.8,0.0,80.0,61.0,7.7
2024-01-11 21:00:00,27.7,0.0,81.3,61.0,6.0
2024-01-11 22:00:00,27.7,0.0,81.4,47.0,6.8
2024-01-11 23:00:00,27.3,0.0,83.0,68.0,6.9
2024-01-12 00:00:00,27.1,0.0,83.7,68.0,6.3
2024-01-12 01:00:00,27.1,0.0,83.2,47.0,4.2
2024-01-12 02:00:00,27.0,0.0,83.3,58.0,4.1
2024-01-12 03:00:00,27.1,0.0,83.6,27.0,5.0
2024-01-12 04:00:00,26.7,0.0,84.3,27.0,4.5
2024-01-12 05:00:00,26.4,0.0,84.8,28.0,3.6
2024-01-12 06:00:00,25.6,0.0,88.9,351.0,2.9
2024-01-12 07:00:00,25.8,0.0,88.3,28.0,4.4
2024-01-12 08:00:00,26.1,0.0,85.2,21.0,4.7
2024-01-12 09:00:00,26.1,0.0,85.5,22.0,6.3
2024-01-12 10:00:00,26.3,0.0,86.0,20.0,5.1
2024-01-12 11:00:00,26.9,0.0,78.6,25.0,7.6
2024-01-12 12:00:00,25.9,0.0,87.3,21.0,6.4
2024-01-12 13:00:00,25.2,0.0,90.3,38.0,11.4
2024-01-12 14:00:00,25.6,0.0,89.0,17.0,13.0
2024-01-12 15:00:00,25.5,0.0,86.7,27.0,10.4
2024-01-12 16:00:00,25.6,0.0,84.7,63.0,8.89999
2024-01-12 17:00:00,24.5,0.2,86.1,29.0,9.89999
2024-01-12 18:00:00,23.9,0.2,90.6,23.0,11.9
2024-01-12 19:00:00,24.1,0.0,88.7,21.0,9.10001
2024-01-12 20:00:00,24.5,0.0,86.8,12.0,3.4
2024-01-12 21:00:00,24.9,0.0,84.1,14.0,2.4
2024-01-12 22:00:00,24.6,0.0,85.9,63.0,3.8
2024-01-12 23:00:00,24.9,0.0,84.9,47.0,1.3
2024-01-13 00:00:00,25.1,0.0,84.7,58.0,1.8
2024-01-13 01:00:00,25.1,0.0,86.3,67.0,2.4
2024-01-13 02:00:00,25.2,0.0,87.6,308.0,0.9
2024-01-13 03:00:00,25.1,0.0,87.9,327.0,1.7
2024-01-13 04:00:00,25.1,0.0,87.4,352.0,1.2
2024-01-13 05:00:00,25.2,0.0,87.7,335.0,2.2
2024-01-13 06:00:00,25.1,0.0,88.1,332.0,2.0
2024-01-13 07:00:00,25.1,0.0,88.6,335.0,1.7
2024-01-13 08:00:00,25.6,0.0,87.8,347.0,1.5
2024-01-13 09:00:00,26.7,0.0,82.2,357.0,2.5
2024-01-13 10:00:00,28.1,0.0,72.9,10.0,4.7
2024-01-13 11:00:00,28.8,0.0,69.4,46.0,7.2
2024-01-13 12:00:00,29.5,0.0,67.5,6.0,4.6
2024-01-13 13:00:00,30.1,0.0,65.2,30.0,5.8
2024-01-13 14:00:00,30.6,0.0,63.1,40.0,7.4
2024-01-13 15:00:00,28.3,0.0,75.5,56.0,7.5
2024-01-13 16:00:00,28.9,0.0,72.3,66.0,7.9
2024-01-13 17:00:00,28.7,0.0,72.7,68.0,7.0
2024-01-13 18:00:00,28.5,0.0,72.6,69.0,5.7
2024-01-13 19:00:00,28.0,0.0,74.4,71.0,6.8
2024-01-13 20:00:00,27.9,0.0,76.0,31.0,4.3
2024-01-13 21:00:00,27.7,0.0,77.3,58.0,5.5
2024-01-13 22:00:00,27.5,0.0,77.8,45.0,5.3
2024-01-13 23:00:00,27.5,0.0,78.9,41.0,4.7
2024-01-14 00:00:00,27.3,0.0,79.4,30.0,4.2
2024-01-14 01:00:00,27.2,0.0,79.7,50.0,5.3
2024-01-14 02:00:00,27.0,0.0,80.4,59.0,4.8
2024-01-14 03:00:00,26.9,0.0,81.2,33.0,4.3
2024-01-14 04:00:00,26.8,0.0,82.2,53.0,6.2
2024-01-14 05:00:00,26.7,0.0,82.6,19.0,4.4
2024-01-14 06:00:00,26.7,0.0,81.8,38.0,5.3
2024-01-14 07:00:00,26.6,0.0,81.8,18.0,3.9
2024-01-14 08:00:00,26.7,0.0,81.5,37.0,4.5
2024-01-14 09:00:00,27.1,0.0,80.4,35.0,4.7
2024-01-14 10:00:00,27.6,0.0,77.2,26.0,5.3
2024-01-14 11:00:00,28.3,0.0,74.0,43.0,7.3
2024-01-14 12:00:00,29.1,0.0,69.9,44.0,8.7
2024-01-14 13:00:00,28.9,0.0,69.6,54.0,9.7
2024-01-14 14:00:00,29.1,0.0,64.4,49.0,9.7
2024-01-14 15:00:00,29.8,0.0,64.3,18.0,8.39999
2024-01-14 16:00:00,30.3,0.0,63.9,51.0,8.89999
2024-01-14 17:00:00,30.6,0.0,62.3,45.0,7.2
2024-01-14 18:00:00,29.9,0.0,66.9,72.0,9.0
2024-01-14 19:00:00,28.9,0.0,70.5,61.0,9.7
2024-01-14 20:00:00,28.2,0.0,71.5,38.0,7.5
2024-01-14 21:00:00,27.8,0.0,75.4,12.0,5.0
2024-01-14 22:00:00,27.6,0.0,76.3,37.0,6.4
2024-01-14 23:00:00,27.4,0.0,77.7,37.0,5.1
2024-01-15 00:00:00,27.2,0.0,79.4,28.0,4.1
2024-01-15 01:00:00,27.2,0.0,80.1,31.0,5.2
2024-01-15 02:00:00,27.2,0.0,80.7,52.0,8.0
2024-01-15 03:00:00,26.9,0.0,82.8,15.0,4.5
2024-01-15 04:00:00,27.0,0.0,82.4,44.0,5.7
2024-01-15 05:00:00,27.0,0.0,81.6,44.0,6.5
2024-01-15 06:00:00,26.8,0.0,83.2,43.0,6.8
2024-01-15 07:00:00,26.8,0.0,83.6,46.0,7.8
2024-01-15 08:00:00,26.9,0.0,83.0,26.0,3.7
2024-01-15 09:00:00,26.9,0.0,85.4,40.0,4.9
2024-01-15 10:00:00,28.0,0.0,79.1,34.0,6.8
2024-01-15 11:00:00,29.3,0.0,73.9,350.0,4.0
2024-01-15 12:00:00,29.6,0.0,71.2,44.0,9.39999
2024-01-15 13:00:00,30.7,0.0,65.1,71.0,11.6
2024-01-15 14:00:00,29.8,0.0,70.4,43.0,7.4
2024-01-15 15:00:00,30.4,0.0,65.7,47.0,8.8
2024-01-15 16:00:00,30.3,0.0,66.3,69.0,9.2
2024-01-15 17:00:00,30.3,0.0,64.8,50.0,6.0
2024-01-15 18:00:00,29.5,0.0,67.9,68.0,8.39999
2024-01-15 19:00:00,28.7,0.0,73.2,69.0,7.7
2024-01-15 20:00:00,28.2,0.0,76.1,72.0,7.3
2024-01-15 21:00:00,27.9,0.0,78.6,63.0,7.3
2024-01-15 22:00:00,27.8,0.0,80.5,65.0,7.6
2024-01-15 23:00:00,26.8,0.0,82.2,57.0,8.89999
2024-01-16 00:00:00,26.6,0.0,84.9,70.0,4.5
2024-01-16 01:00:00,26.8,0.0,86.5,63.0,4.9
2024-01-16 02:00:00,27.2,0.0,84.2,42.0,5.1
2024-01-16 03:00:00,27.0,0.0,84.9,19.0,4.7
2024-01-16 04:00:00,26.9,0.0,84.5,34.0,5.4
2024-01-16 05:00:00,26.9,0.0,83.8,20.0,3.3
2024-01-16 06:00:00,26.8,0.0,83.7,35.0,3.5
2024-01-16 07:00:00,26.8,0.0,83.8,32.0,4.2
2024-01-16 08:00:00,27.0,0.0,82.5,336.0,2.6
2024-01-16 09:00:00,24.3,1.2,92.0,47.0,8.89999
2024-01-16 10:00:00,24.3,0.0,91.3,55.0,8.0
2024-01-16 11:00:00,24.7,0.0,91.3,355.0,6.7
2024-01-16 12:00:00,26.0,0.0,87.8,44.0,2.8
2024-01-16 13:00:00,27.3,0.0,80.7,69.0,7.7
2024-01-16 14:00:00,28.2,0.0,76.6,63.0,8.5
2024-01-16 15:00:00,29.4,0.0,71.8,53.0,9.5
2024-01-16 16:00:00,29.9,0.0,68.4,67.0,11.1
2024-01-16 17:00:00,29.5,0.0,70.8,66.0,9.8
2024-01-16 18:00:00,28.2,0.0,75.7,64.0,11.1
2024-01-16 19:00:00,27.8,0.0,75.8,59.0,9.39999
2024-01-16 20:00:00,27.6,0.0,77.5,48.0,7.6
2024-01-16 21:00:00,27.4,0.0,79.3,37.0,7.4
2024-01-16 22:00:00,26.9,0.0,83.5,28.0,5.6
2024-01-16 23:00:00,27.1,0.0,83.5,35.0,6.2
2024-01-17 00:00:00,27.1,0.0,84.6,51.0,5.7
2024-01-17 01:00:00,27.0,0.0,83.1,46.0,7.9
2024-01-17 02:00:00,26.6,0.0,85.8,66.0,7.2
2024-01-17 03:00:00,25.7,0.0,91.1,50.0,9.89999
2024-01-17 04:00:00,25.0,0.2,92.7,48.0,12.9
2024-01-17 05:00:00,25.3,0.0,89.2,48.0,11.1
2024-01-17 06:00:00,25.5,0.0,88.8,63.0,4.6
2024-01-17 07:00:00,25.4,0.0,87.9,70.0,5.8
2024-01-17 08:00:00,26.0,0.0,88.5,63.0,5.1
2024-01-17 09:00:00,27.3,0.0,80.8,60.0,8.60001
2024-01-17 10:00:00,28.5,0.0,76.9,56.0,8.0
2024-01-17 11:00:00,27.3,0.0,83.1,69.0,8.2
2024-01-17 12:00:00,27.4,0.0,86.0,43.0,7.0
2024-01-17 13:00:00,28.2,0.0,81.2,52.0,6.4
2024-01-17 14:00:00,30.1,0.0,68.0,69.0,8.60001
2024-01-17 15:00:00,30.4,0.0,65.8,55.0,11.4
2024-01-17 16:00:00,28.8,0.0,70.7,67.0,12.7
2024-01-17 17:00:00,29.8,0.0,67.3,64.0,10.4
2024-01-17 18:00:00,29.0,0.0,70.3,62.0,10.8
2024-01-17 19:00:00,28.2,0.0,74.2,67.0,9.0
2024-01-17 20:00:00,28.0,0.0,76.4,42.0,8.0
2024-01-17 21:00:00,27.9,0.0,78.2,54.0,5.2
2024-01-17 22:00:00,27.6,0.0,79.0,33.0,5.9
2024-01-17 23:00:00,27.1,0.0,82.3,26.0,5.0
2024-01-18 00:00:00,27.2,0.0,80.5,29.0,4.6
2024-01-18 01:00:00,27.2,0.0,81.3,34.0,4.7
2024-01-18 02:00:00,27.1,0.0,81.1,27.0,3.9
2024-01-18 03:00:00,26.9,0.0,82.6,3.0,3.1
2024-01-18 04:00:00,26.7,0.0,82.7,13.0,4.4
2024-01-18 05:00:00,26.7,0.0,82.8,20.0,3.7
2024-01-18 06:00:00,26.5,0.0,82.8,27.0,3.4
2024-01-18 07:00:00,26.4,0.0,83.6,18.0,3.7
2024-01-18 08:00:00,26.5,0.0,83.4,20.0,3.4
2024-01-18 09:00:00,27.2,0.0,81.5,36.0,5.5
2024-01-18 10:00:00,27.8,0.0,79.7,34.0,6.3
2024-01-18 11:00:00,28.7,0.0,74.5,43.0,7.2
2024-01-18 12:00:00,29.1,0.0,71.9,48.0,7.7
2024-01-18 13:00:00,29.7,0.0,69.0,57.0,8.89999
2024-01-18 14:00:00,26.9,0.4,82.8,69.0,7.3
2024-01-18 15:00:00,27.1,0.0,86.2,43.0,3.3
2024-01-18 16:00:00,28.4,0.0,76.6,38.0,7.8
2024-01-18 17:00:00,28.7,0.0,74.4,62.0,8.0
2024-01-18 18:00:00,28.6,0.0,74.5,67.0,8.3
2024-01-18 19:00:00,26.1,0.0,89.0,31.0,8.8
2024-01-18 20:00:00,26.5,0.0,86.8,25.0,6.0
2024-01-18 21:00:00,27.0,0.0,83.4,54.0,7.1
2024-01-18 22:00:00,27.1,0.0,82.5,64.0,6.5
2024-01-18 23:00:00,27.1,0.0,82.1,56.0,5.1
2024-01-19 00:00:00,27.1,0.0,82.7,23.0,4.4
2024-01-19 01:00:00,26.9,0.0,82.8,30.0,4.6
2024-01-19 02:00:00,26.8,0.0,83.1,29.0,4.4
2024-01-19 03:00:00,26.8,0.0,82.6,358.0,3.5
2024-01-19 04:00:00,26.6,0.0,83.5,345.0,2.2
2024-01-19 05:00:00,26.3,0.0,85.3,340.0,2.3
2024-01-19 06:00:00,26.3,0.0,85.0,12.0,2.3
2024-01-19 07:00:00,26.4,0.0,84.1,28.0,3.9
2024-01-19 08:00:00,25.1,1.4,87.5,48.0,7.4
2024-01-19 09:00:00,26.3,0.0,86.8,16.0,3.9
2024-01-19 10:00:00,27.0,0.0,83.0,357.0,4.5
2024-01-19 11:00:00,27.8,0.0,76.9,29.0,6.9
2024-01-19 12:00:00,29.7,0.0,66.3,36.0,7.6
2024-01-19 13:00:00,29.8,0.0,66.1,22.0,5.2
2024-01-19 14:00:00,30.2,0.0,64.7,24.0,6.5
2024-01-19 15:00:00,29.5,0.0,67.9,23.0,6.8
2024-01-19 16:00:00,24.8,0.6,89.7,56.0,8.10001
2024-01-19 17:00:00,24.5,1.2,93.1,359.0,8.89999
2024-01-19 18:00:00,24.9,0.2,93.7,358.0,8.10001
2024-01-19 19:00:00,25.3,0.0,92.2,30.0,6.4
2024-01-19 20:00:00,25.4,0.2,92.0,13.0,7.6
2024-01-19 21:00:00,25.6,0.0,90.5,347.0,4.4
2024-01-19 22:00:00,26.0,0.0,88.3,344.0,2.4
2024-01-19 23:00:00,26.4,0.0,86.5,34.0,2.2
2024-01-20 00:00:00,26.4,0.0,86.5,7.0,2.3
2024-01-20 01:00:00,26.2,0.0,87.4,350.0,2.1
2024-01-20 02:00:00,26.0,0.0,88.2,306.0,2.4
2024-01-20 03:00:00,25.0,0.2,89.3,53.0,6.0
2024-01-20 04:00:00,24.9,0.2,92.5,18.0,9.0
2024-01-20 05:00:00,24.3,0.6,90.7,36.0,12.4
2024-01-20 06:00:00,24.1,0.4,89.3,50.0,8.10001
2024-01-20 07:00:00,24.1,0.0,91.8,337.0,8.39999
2024-01-20 08:00:00,24.3,0.0,91.1,22.0,8.10001
2024-01-20 09:00:00,24.4,0.2,90.5,332.0,9.0
2024-01-20 10:00:00,24.5,0.0,90.1,340.0,7.9
2024-01-20 11:00:00,25.2,0.0,87.8,15.0,4.8
2024-01-20 12:00:00,25.9,0.0,83.6,39.0,7.6
2024-01-20 13:00:00,26.2,0.0,81.6,10.0,5.8
2024-01-20 14:00:00,25.7,0.0,84.7,20.0,4.4
2024-01-20 15:00:00,25.3,0.2,88.1,27.0,7.5
2024-01-20 16:00:00,25.2,0.0,86.7,33.0,7.8
2024-01-20 17:00:00,25.0,0.0,86.2,18.0,6.6
2024-01-20 18:00:00,24.9,0.0,87.9,30.0,5.1
2024-01-20 19:00:00,24.9,0.0,89.4,29.0,5.6
2024-01-20 20:00:00,24.4,0.0,89.7,29.0,5.8
2024-01-20 21:00:00,24.2,0.0,86.9,30.0,6.1
2024-01-20 22:00:00,24.5,0.0,82.1,38.0,5.7
2024-01-20 23:00:00,24.7,0.0,78.1,44.0,4.9
2024-01-21 00:00:00,24.5,0.0,79.4,328.0,2.0
2024-01-21 01:00:00,24.4,0.0,80.1,25.0,2.1
2024-01-21 02:00:00,24.5,0.0,78.9,32.0,3.2
2024-01-21 03:00:00,24.3,0.0,83.5,67.0,4.0
2024-01-21 04:00:00,24.6,0.0,82.9,27.0,3.5
2024-01-21 05:00:00,24.4,0.0,84.1,26.0,2.5
2024-01-21 06:00:00,24.3,0.0,84.5,54.0,3.1
2024-01-21 07:00:00,24.3,0.0,84.8,25.0,3.1
2024-01-21 08:00:00,24.7,0.0,83.0,35.0,3.1
2024-01-21 09:00:00,25.8,0.0,79.4,21.0,4.0
2024-01-21 10:00:00,27.5,0.0,72.6,19.0,5.1
2024-01-21 11:00:00,29.1,0.0,68.4,61.0,7.4
2024-01-21 12:00:00,29.5,0.0,66.1,59.0,7.4
2024-01-21 13:00:00,30.2,0.0,60.3,32.0,6.3
2024-01-21 14:00:00,30.8,0.0,57.3,31.0,4.3
2024-01-21 15:00:00,31.8,0.0,55.5,345.0,2.0
2024-01-21 16:00:00,31.5,0.0,59.9,253.0,3.2
2024-01-21 17:00:00,30.1,0.0,63.8,237.0,3.2
2024-01-21 18:00:00,30.2,0.0,64.0,339.0,1.8
2024-01-21 19:00:00,26.4,0.4,88.4,6.0,3.8
2024-01-21 20:00:00,26.6,0.0,87.2,8.0,7.4
2024-01-21 21:00:00,27.0,0.0,83.9,56.0,6.7
2024-01-21 22:00:00,27.2,0.0,78.7,38.0,5.6
2024-01-21 23:00:00,26.6,0.0,82.7,37.0,3.9
2024-01-22 00:00:00,26.7,0.0,82.3,49.0,5.8
2024-01-22 01:00:00,26.7,0.0,81.8,34.0,4.2
2024-01-22 02:00:00,26.5,0.0,82.6,55.0,7.7
2024-01-22 03:00:00,26.3,0.0,83.7,39.0,5.7
2024-01-22 04:00:00,26.0,0.0,85.3,13.0,3.2
2024-01-22 05:00:00,25.9,0.0,85.5,27.0,4.2
2024-01-22 06:00:00,25.7,0.0,86.3,18.0,2.5
2024-01-22 07:00:00,25.6,0.0,86.5,28.0,3.9
2024-01-22 08:00:00,26.0,0.0,84.6,33.0,2.7
2024-01-22 09:00:00,26.9,0.0,79.5,49.0,5.6
2024-01-22 10:00:00,28.5,0.0,73.1,51.0,6.2
2024-01-22 11:00:00,29.4,0.0,68.9,49.0,4.1
2024-01-22 12:00:00,31.6,0.0,57.9,318.0,2.8
2024-01-22 13:00:00,29.6,0.0,70.0,220.0,4.0
2024-01-22 14:00:00,31.8,0.0,62.3,223.0,3.3
2024-01-22 15:00:00,31.1,0.0,63.7,228.0,2.9
2024-01-22 16:00:00,30.2,0.0,66.1,213.0,3.9
2024-01-22 17:00:00,31.0,0.0,66.3,219.0,3.5
2024-01-22 18:00:00,30.5,0.0,65.0,247.0,3.2
2024-01-22 19:00:00,28.5,0.0,74.8,72.0,5.3
2024-01-22 20:00:00,28.0,0.0,77.1,70.0,6.8
2024-01-22 21:00:00,27.6,0.0,80.2,60.0,6.7
2024-01-22 22:00:00,27.5,0.0,80.9,65.0,6.2
2024-01-22 23:00:00,27.4,0.0,81.9,65.0,5.1
2024-01-23 00:00:00,27.5,0.0,77.8,64.0,4.8
2024-01-23 01:00:00,27.0,0.0,82.8,67.0,4.6
2024-01-23 02:00:00,27.0,0.0,82.4,31.0,4.1
2024-01-23 03:00:00,26.6,0.0,84.1,56.0,4.5
2024-01-23 04:00:00,26.5,0.0,84.7,69.0,4.7
2024-01-23 05:00:00,26.4,0.0,85.5,62.0,4.6
2024-01-23 06:00:00,25.9,0.0,88.4,73.0,5.4
2024-01-23 07:00:00,26.0,0.0,88.8,66.0,3.6
2024-01-23 08:00:00,26.6,0.0,84.4,75.0,3.1
2024-01-23 09:00:00,27.3,0.0,81.0,73.0,6.5
2024-01-23 10:00:00,28.9,0.0,73.9,45.0,5.8
2024-01-23 11:00:00,29.8,0.0,69.1,46.0,5.5
2024-01-23 12:00:00,30.7,0.0,66.0,64.0,5.3
2024-01-23 13:00:00,32.0,0.0,58.5,39.0,4.7
2024-01-23 14:00:00,32.4,0.0,55.2,40.0,5.1
2024-01-23 15:00:00,30.5,0.0,71.2,226.0,3.4
2024-01-23 16:00:00,25.6,0.2,85.3,25.0,6.5
2024-01-23 17:00:00,24.9,0.0,88.4,43.0,9.0
2024-01-23 18:00:00,25.3,0.0,89.0,62.0,4.8
2024-01-23 19:00:00,26.4,0.0,81.0,16.0,2.9
2024-01-23 20:00:00,25.8,0.0,86.2,64.0,5.6
2024-01-23 21:00:00,25.8,0.0,86.8,68.0,3.9
2024-01-23 22:00:00,26.0,0.0,86.4,74.0,3.5
2024-01-23 23:00:00,26.2,0.0,86.6,66.0,4.1
2024-01-24 00:00:00,26.0,0.0,88.4,57.0,4.9
2024-01-24 01:00:00,26.0,0.0,89.1,53.0,4.3
2024-01-24 02:00:00,26.0,0.0,89.2,47.0,3.7
2024-01-24 03:00:00,26.0,0.0,90.3,52.0,4.0
2024-01-24 04:00:00,26.2,0.0,88.8,63.0,3.8
2024-01-24 05:00:00,26.1,0.0,89.6,61.0,4.3
2024-01-24 06:00:00,26.1,0.0,88.9,33.0,3.2
2024-01-24 07:00:00,26.0,0.0,89.3,37.0,1.3
2024-01-24 08:00:00,26.5,0.0,88.5,56.0,4.6
2024-01-24 09:00:00,26.8,0.0,87.6,58.0,4.9
2024-01-24 10:00:00,28.4,0.0,81.9,68.0,4.2
2024-01-24 11:00:00,29.1,0.0,76.5,65.0,6.1
2024-01-24 12:00:00,29.0,0.0,77.4,70.0,5.1
2024-01-24 13:00:00,28.9,0.0,76.5,66.0,6.3
2024-01-24 14:00:00,29.2,0.0,80.8,78.0,6.0
2024-01-24 15:00:00,30.0,0.0,72.5,75.0,5.4
2024-01-24 16:00:00,29.1,0.0,73.5,71.0,8.5
2024-01-24 17:00:00,27.1,0.2,84.6,319.0,6.0
2024-01-24 18:00:00,25.5,0.0,95.2,34.0,8.39999
2024-01-24 19:00:00,26.1,0.0,92.3,337.0,8.2
2024-01-24 20:00:00,25.2,2.0,94.2,350.0,11.8
2024-01-24 21:00:00,25.1,0.0,95.7,338.0,9.10001
2024-01-24 22:00:00,24.7,2.6,95.6,50.0,6.3
2024-01-24 23:00:00,24.9,0.2,95.8,54.0,7.9
2024-01-25 00:00:00,24.9,0.0,92.7,49.0,7.3
2024-01-25 01:00:00,24.7,0.0,91.8,34.0,5.8
2024-01-25 02:00:00,25.2,0.0,91.1,21.0,4.5
2024-01-25 03:00:00,25.4,0.0,89.7,42.0,4.3
2024-01-25 04:00:00,25.2,0.0,91.1,60.0,6.8
2024-01-25 05:00:00,25.3,0.0,91.5,36.0,4.8
2024-01-25 06:00:00,25.6,0.0,90.5,54.0,3.1
2024-01-25 07:00:00,25.7,0.0,90.4,68.0,4.2
2024-01-25 08:00:00,26.2,0.0,89.4,44.0,3.0
2024-01-25 09:00:00,27.1,0.0,86.3,49.0,4.1
2024-01-25 10:00:00,28.4,0.0,79.6,43.0,6.4
2024-01-25 11:00:00,28.9,0.0,76.1,36.0,5.9
2024-01-25 12:00:00,29.2,0.0,74.3,72.0,5.1
2024-01-25 13:00:00,28.4,0.0,79.5,28.0,7.0
2024-01-25 14:00:00,26.7,0.0,85.0,355.0,4.3
2024-01-25 15:00:00,25.2,0.2,91.4,52.0,8.8
2024-01-25 16:00:00,25.3,0.0,88.8,26.0,7.3
2024-01-25 17:00:00,25.4,0.0,87.1,48.0,9.7
2024-01-25 18:00:00,25.7,0.0,88.5,62.0,6.8
2024-01-25 19:00:00,25.0,0.0,87.8,72.0,8.2
2024-01-25 20:00:00,24.9,0.0,89.5,47.0,5.6
2024-01-25 21:00:00,25.0,0.0,88.1,62.0,4.5
2024-01-25 22:00:00,25.0,0.0,88.9,58.0,5.5
2024-01-25 23:00:00,25.3,0.0,88.7,58.0,4.3
2024-01-26 00:00:00,25.8,0.0,90.0,59.0,4.8
2024-01-26 01:00:00,26.0,0.0,87.7,70.0,5.1
2024-01-26 02:00:00,25.6,0.0,90.0,58.0,5.5
2024-01-26 03:00:00,25.7,0.0,88.8,58.0,5.4
2024-01-26 04:00:00,25.9,0.0,89.9,66.0,5.5
2024-01-26 05:00:00,26.2,0.0,89.6,65.0,6.0
2024-01-26 06:00:00,26.4,0.0,88.5,56.0,6.6
2024-01-26 07:00:00,26.4,0.0,88.9,64.0,5.2
2024-01-26 08:00:00,26.6,0.0,87.9,65.0,5.2
2024-01-26 09:00:00,27.2,0.0,84.2,71.0,7.9
2024-01-26 10:00:00,27.8,0.0,81.4,67.0,10.1
2024-01-26 11:00:00,29.4,0.0,74.2,61.0,10.4
2024-01-26 12:00:00,30.0,0.0,69.5,74.0,8.3
2024-01-26 13:00:00,30.8,0.0,64.4,60.0,11.2
2024-01-26 14:00:00,31.1,0.0,64.0,65.0,9.10001
2024-01-26 15:00:00,30.6,0.0,65.8,69.0,10.1
2024-01-26 16:00:00,31.1,0.0,64.5,71.0,7.9
2024-01-26 17:00:00,30.1,0.0,66.9,70.0,7.3
2024-01-26 18:00:00,29.7,0.0,68.0,69.0,9.89999
2024-01-26 19:00:00,28.8,0.0,73.2,65.0,10.3
2024-01-26 20:00:00,28.0,0.0,77.8,66.0,8.8
2024-01-26 21:00:00,27.5,0.0,80.7,61.0,8.89999
2024-01-26 22:00:00,27.5,0.0,80.5,62.0,8.60001
2024-01-26 23:00:00,27.3,0.0,81.6,67.0,7.6
2024-01-27 00:00:00,27.0,0.0,82.9,63.0,8.3
2024-01-27 01:00:00,27.1,0.0,82.4,66.0,7.5
2024-01-27 02:00:00,26.9,0.0,83.2,62.0,7.5
2024-01-27 03:00:00,26.9,0.0,83.0,68.0,7.2
2024-01-27 04:00:00,26.7,0.0,84.0,64.0,6.7
2024-01-27 05:00:00,26.7,0.0,83.9,68.0,6.8
2024-01-27 06:00:00,26.6,0.0,83.9,64.0,7.2
2024-01-27 07:00:00,26.5,0.0,84.9,60.0,5.9
2024-01-27 08:00:00,26.8,0.0,83.3,68.0,6.4
2024-01-27 09:00:00,27.5,0.0,79.9,54.0,8.2
2024-01-27 10:00:00,28.5,0.0,75.2,64.0,10.8
2024-01-27 11:00:00,29.4,0.0,70.2,70.0,12.4
2024-01-27 12:00:00,30.0,0.0,67.3,59.0,12.1
2024-01-27 13:00:00,30.3,0.0,67.6,70.0,8.5
2024-01-27 14:00:00,30.7,0.0,63.0,63.0,9.5
2024-01-27 15:00:00,30.5,0.0,63.7,64.0,13.8
2024-01-27 16:00:00,29.9,0.0,66.2,55.0,12.8
2024-01-27 17:00:00,29.8,0.0,65.4,62.0,12.7
2024-01-27 18:00:00,29.7,0.0,67.7,66.0,11.4
2024-01-27 19:00:00,28.8,0.0,71.5,67.0,9.10001
2024-01-27 20:00:00,27.9,0.0,76.2,64.0,8.5
2024-01-27 21:00:00,27.6,0.0,79.0,66.0,9.0
2024-01-27 22:00:00,27.5,0.0,80.1,60.0,7.9
2024-01-27 23:00:00,27.4,0.0,80.3,64.0,8.10001
2024-01-28 00:00:00,27.2,0.0,81.1,61.0,6.5
2024-01-28 01:00:00,27.0,0.0,82.4,68.0,6.8
2024-01-28 02:00:00,27.1,0.0,81.5,56.0,8.5
2024-01-28 03:00:00,26.5,0.0,86.1,61.0,5.5
2024-01-28 04:00:00,26.5,0.0,84.4,60.0,6.4
2024-01-28 05:00:00,26.6,0.0,83.4,38.0,6.5
2024-01-28 06:00:00,26.5,0.0,83.3,19.0,5.6
2024-01-28 07:00:00,26.4,0.0,83.3,36.0,5.8
2024-01-28 08:00:00,26.8,0.0,82.7,46.0,6.0
2024-01-28 09:00:00,27.4,0.0,79.6,59.0,8.7
2024-01-28 10:00:00,28.4,0.0,75.5,64.0,9.39999
2024-01-28 11:00:00,26.8,0.6,84.6,54.0,12.0
2024-01-28 12:00:00,29.0,0.0,74.3,73.0,5.6
2024-01-28 13:00:00,29.8,0.0,70.8,64.0,8.3
2024-01-28 14:00:00,30.1,0.0,66.5,73.0,10.2
2024-01-28 15:00:00,30.3,0.0,65.2,67.0,10.1
2024-01-28 16:00:00,30.3,0.0,63.4,60.0,10.0
2024-01-28 17:00:00,29.8,0.0,67.5,72.0,11.1
2024-01-28 18:00:00,29.4,0.0,69.1,56.0,11.6
2024-01-28 19:00:00,28.2,0.0,74.8,62.0,12.1
2024-01-28 20:00:00,27.7,0.0,78.2,56.0,8.8
2024-01-28 21:00:00,27.5,0.0,78.6,65.0,8.89999
2024-01-28 22:00:00,27.2,0.0,80.4,70.0,8.89999
2024-01-28 23:00:00,27.2,0.0,80.5,66.0,7.8
2024-01-29 00:00:00,26.9,0.0,81.3,68.0,8.10001
2024-01-29 01:00:00,26.8,0.0,82.0,68.0,7.4
2024-01-29 02:00:00,26.6,0.0,82.7,62.0,7.0
2024-01-29 03:00:00,26.8,0.0,81.8,46.0,6.2
2024-01-29 04:00:00,26.4,0.0,83.4,66.0,8.39999
2024-01-29 05:00:00,26.3,0.0,83.5,57.0,8.0
2024-01-29 06:00:00,26.2,0.0,83.8,67.0,7.6
2024-01-29 07:00:00,26.3,0.0,83.3,61.0,7.8
2024-01-29 08:00:00,26.5,0.0,82.7,70.0,7.3
2024-01-29 09:00:00,27.4,0.0,79.2,53.0,8.89999
2024-01-29 10:00:00,28.4,0.0,73.8,59.0,9.60001
2024-01-29 11:00:00,28.9,0.0,69.8,43.0,8.3
2024-01-29 12:00:00,29.6,0.0,66.3,70.0,11.6
2024-01-29 13:00:00,30.0,0.0,62.0,73.0,11.6
2024-01-29 14:00:00,30.4,0.0,60.5,63.0,10.9
2024-01-29 15:00:00,30.4,0.0,61.6,69.0,11.7
2024-01-29 16:00:00,30.5,0.0,60.6,55.0,10.2
2024-01-29 17:00:00,29.6,0.0,65.4,69.0,11.5
2024-01-29 18:00:00,29.2,0.0,66.4,71.0,11.3
2024-01-29 19:00:00,28.4,0.0,70.2,71.0,12.2
2024-01-29 20:00:00,27.9,0.0,74.3,59.0,8.89999
2024-01-29 21:00:00,27.6,0.0,76.8,65.0,8.8
2024-01-29 22:00:00,27.4,0.0,78.0,69.0,8.7
2024-01-29 23:00:00,27.2,0.0,77.7,59.0,8.39999
2024-01-30 00:00:00,27.2,0.0,78.9,62.0,7.4
2024-01-30 01:00:00,27.1,0.0,79.8,55.0,6.1
2024-01-30 02:00:00,26.9,0.0,78.7,52.0,8.10001
2024-01-30 03:00:00,26.8,0.0,78.7,57.0,7.6
2024-01-30 04:00:00,26.1,0.0,82.4,67.0,5.8
2024-01-30 05:00:00,26.0,0.0,82.0,67.0,5.8
2024-01-30 06:00:00,26.3,0.0,79.8,60.0,5.9
2024-01-30 07:00:00,26.3,0.0,80.0,66.0,6.6
2024-01-30 08:00:00,26.6,0.0,80.0,49.0,6.2
2024-01-30 09:00:00,27.4,0.0,78.2,52.0,6.2
2024-01-30 10:00:00,28.5,0.0,72.0,53.0,9.2
2024-01-30 11:00:00,28.4,0.0,72.1,69.0,10.2
2024-01-30 12:00:00,28.2,0.0,75.4,65.0,6.3
2024-01-30 13:00:00,28.0,0.0,75.6,34.0,6.1
2024-01-30 14:00:00,30.8,0.0,60.2,60.0,9.89999
2024-01-30 15:00:00,30.2,0.0,61.6,71.0,11.5
2024-01-30 16:00:00,30.0,0.0,61.9,66.0,11.2
2024-01-30 17:00:00,29.7,0.0,60.5,66.0,11.5
2024-01-30 18:00:00,29.3,0.0,64.9,69.0,11.7
2024-01-30 19:00:00,28.6,0.0,65.3,66.0,8.8
2024-01-30 20:00:00,27.7,0.0,73.5,68.0,10.0
2024-01-30 21:00:00,27.3,0.0,76.2,67.0,6.9
2024-01-30 22:00:00,27.1,0.0,78.6,66.0,6.6
2024-01-30 23:00:00,26.8,0.0,80.5,66.0,6.5
2024-01-31 00:00:00,26.6,0.0,81.2,64.0,5.7
2024-01-31 01:00:00,26.7,0.0,81.1,67.0,6.6
2024-01-31 02:00:00,26.5,0.0,81.3,70.0,6.4
2024-01-31 03:00:00,26.3,0.0,82.1,64.0,6.6
2024-01-31 04:00:00,26.5,0.0,80.5,48.0,7.3
2024-01-31 05:00:00,26.4,0.0,79.9,57.0,6.3
2024-01-31 06:00:00,26.3,0.0,80.5,60.0,7.8
2024-01-31 07:00:00,26.5,0.0,78.3,49.0,7.3
2024-01-31 08:00:00,26.5,0.0,79.4,35.0,5.6
2024-01-31 09:00:00,27.4,0.0,76.2,42.0,7.3
2024-01-31 10:00:00,27.9,0.0,72.9,34.0,7.0
2024-01-31 11:00:00,28.5,0.0,69.7,69.0,10.5
2024-01-31 12:00:00,29.2,0.0,68.8,53.0,9.3
2024-01-31 13:00:00,30.8,0.0,62.5,48.0,7.0
2024-01-31 14:00:00,30.9,0.0,58.7,54.0,8.0
2024-01-31 15:00:00,31.8,0.0,57.6,54.0,8.5
2024-01-31 16:00:00,30.5,0.0,60.3,62.0,10.3
2024-01-31 17:00:00,30.3,0.0,65.0,59.0,10.4
2024-01-31 18:00:00,29.3,0.0,65.4,66.0,12.0
2024-01-31 19:00:00,28.6,0.0,69.3,70.0,9.39999
2024-01-31 20:00:00,27.6,0.0,76.1,68.0,9.7
2024-01-31 21:00:00,27.2,0.0,79.4,64.0,8.0
2024-01-31 22:00:00,27.2,0.0,77.7,55.0,8.0
2024-01-31 23:00:00,27.0,0.0,79.8,70.0,6.7
2024-02-01 00:00:00,26.7,0.0,81.9,63.0,7.3
2024-02-01 01:00:00,26.6,0.0,82.0,64.0,5.8
2024-02-01 02:00:00,26.4,0.0,83.4,62.0,6.0
2024-02-01 03:00:00,26.3,0.0,85.1,59.0,7.0
2024-02-01 04:00:00,26.2,0.0,85.5,62.0,6.1
2024-02-01 05:00:00,26.2,0.0,84.9,63.0,5.9
2024-02-01 06:00:00,26.4,0.0,82.9,64.0,6.9
2024-02-01 07:00:00,26.4,0.0,83.8,63.0,5.5
2024-02-01 08:00:00,26.6,0.0,83.7,54.0,5.6
2024-02-01 09:00:00,27.1,0.0,80.7,65.0,7.1
2024-02-01 10:00:00,27.7,0.0,78.2,57.0,7.6
2024-02-01 11:00:00,29.3,0.0,70.0,70.0,5.5
2024-02-01 12:00:00,30.2,0.0,63.7,76.0,8.2
2024-02-01 13:00:00,30.9,0.0,62.5,68.0,6.9
2024-02-01 14:00:00,30.8,0.0,60.3,72.0,8.0
2024-02-01 15:00:00,31.2,0.0,59.9,75.0,8.7
2024-02-01 16:00:00,31.1,0.0,58.4,77.0,5.3
2024-02-01 17:00:00,30.3,0.0,59.9,68.0,8.7
2024-02-01 18:00:00,29.5,0.0,66.5,71.0,11.0
2024-02-01 19:00:00,28.6,0.0,70.5,57.0,9.8
2024-02-01 20:00:00,28.2,0.0,73.3,58.0,10.2
2024-02-01 21:00:00,28.1,0.0,73.6,34.0,6.9
2024-02-01 22:00:00,27.9,0.0,74.3,48.0,10.1
2024-02-01 23:00:00,27.4,0.0,78.4,50.0,6.0
2024-02-02 00:00:00,27.1,0.0,80.6,67.0,5.4
2024-02-02 01:00:00,27.5,0.0,78.7,50.0,6.7
2024-02-02 02:00:00,27.1,0.0,81.3,68.0,6.5
2024-02-02 03:00:00,27.0,0.0,82.2,67.0,5.0
2024-02-02 04:00:00,27.1,0.0,81.5,25.0,3.6
2024-02-02 05:00:00,26.9,0.0,83.2,70.0,4.5
2024-02-02 06:00:00,26.5,0.0,85.6,67.0,5.7
2024-02-02 07:00:00,26.4,0.0,86.0,63.0,5.0
2024-02-02 08:00:00,26.6,0.0,85.6,58.0,6.1
2024-02-02 09:00:00,27.8,0.0,79.7,61.0,7.8
2024-02-02 10:00:00,29.7,0.0,71.1,41.0,7.6
2024-02-02 11:00:00,30.1,0.0,65.1,68.0,10.5
2024-02-02 12:00:00,30.1,0.0,66.4,47.0,8.10001
2024-02-02 13:00:00,30.7,0.0,63.5,54.0,10.3
2024-02-02 14:00:00,30.8,0.0,63.4,65.0,11.2
2024-02-02 15:00:00,30.8,0.0,65.5,54.0,11.7
2024-02-02 16:00:00,30.4,0.0,64.0,64.0,10.0
2024-02-02 17:00:00,30.0,0.0,66.7,55.0,7.9
2024-02-02 18:00:00,27.6,0.0,82.6,345.0,2.3
2024-02-02 19:00:00,28.9,0.0,70.6,60.0,9.2
2024-02-02 20:00:00,28.3,0.0,74.7,61.0,8.8
2024-02-02 21:00:00,27.9,0.0,78.6,52.0,6.2
2024-02-02 22:00:00,27.5,0.0,81.9,58.0,6.7
2024-02-02 23:00:00,27.3,0.0,82.2,61.0,6.2
2024-02-03 00:00:00,27.2,0.0,82.5,63.0,6.7
2024-02-03 01:00:00,27.1,0.0,82.0,62.0,7.4
2024-02-03 02:00:00,26.7,0.0,84.4,64.0,7.5
2024-02-03 03:00:00,26.6,0.0,84.6,71.0,6.3
2024-02-03 04:00:00,26.6,0.0,84.7,67.0,7.2
2024-02-03 05:00:00,26.5,0.0,84.1,70.0,7.2
2024-02-03 06:00:00,26.5,0.0,84.1,66.0,7.1
2024-02-03 07:00:00,26.7,0.0,83.0,58.0,6.3
2024-02-03 08:00:00,26.6,0.0,83.4,69.0,5.7
2024-02-03 09:00:00,27.6,0.0,77.8,54.0,8.3
2024-02-03 10:00:00,28.7,0.0,72.4,53.0,8.60001
2024-02-03 11:00:00,29.5,0.0,68.1,63.0,12.0
2024-02-03 12:00:00,30.8,0.0,60.8,68.0,10.9
2024-02-03 13:00:00,31.8,0.0,57.3,49.0,7.3
2024-02-03 14:00:00,32.7,0.0,54.7,54.0,8.89999
2024-02-03 15:00:00,31.9,0.0,55.8,44.0,8.10001
2024-02-03 16:00:00,31.3,0.0,58.0,74.0,7.5
2024-02-03 17:00:00,30.5,0.0,61.0,73.0,6.4
2024-02-03 18:00:00,30.0,0.0,63.4,49.0,4.0
2024-02-03 19:00:00,27.0,0.0,74.0,287.0,3.6
2024-02-03 20:00:00,28.4,0.0,73.0,74.0,2.5
2024-02-03 21:00:00,27.9,0.0,79.0,70.0,4.3
2024-02-03 22:00:00,27.7,0.0,77.7,67.0,6.3
2024-02-03 23:00:00,27.4,0.0,79.0,73.0,5.4
2024-02-04 00:00:00,27.6,0.0,77.5,46.0,6.2
2024-02-04 01:00:00,27.5,0.0,78.1,43.0,5.7
2024-02-04 02:00:00,27.1,0.0,79.7,21.0,5.0
2024-02-04 03:00:00,26.9,0.0,79.4,31.0,4.6
2024-02-04 04:00:00,26.7,0.0,80.3,16.0,3.6
2024-02-04 05:00:00,26.8,0.0,79.2,38.0,3.3
2024-02-04 06:00:00,26.4,0.0,79.5,61.0,2.7
2024-02-04 07:00:00,26.3,0.0,79.5,24.0,3.1
2024-02-04 08:00:00,26.5,0.0,78.1,19.0,3.0
2024-02-04 09:00:00,27.3,0.0,75.0,50.0,5.3
2024-02-04 10:00:00,28.3,0.0,68.7,40.0,6.9
2024-02-04 11:00:00,29.7,0.0,60.0,55.0,7.3
2024-02-04 12:00:00,30.6,0.0,53.2,10.0,7.4
2024-02-04 13:00:00,31.7,0.0,49.7,27.0,6.3
2024-02-04 14:00:00,32.5,0.0,49.2,29.0,5.6
2024-02-04 15:00:00,32.3,0.0,52.0,25.0,6.1
2024-02-04 16:00:00,32.0,0.0,55.1,70.0,5.4
2024-02-04 17:00:00,31.1,0.0,59.2,62.0,9.10001
2024-02-04 18:00:00,30.6,0.0,58.1,68.0,9.0
2024-02-04 19:00:00,30.0,0.0,57.7,65.0,8.0
2024-02-04 20:00:00,28.6,0.0,69.8,70.0,8.8
2024-02-04 21:00:00,27.8,0.0,73.9,70.0,8.8
2024-02-04 22:00:00,27.5,0.0,76.2,70.0,6.7
2024-02-04 23:00:00,27.3,0.0,77.8,67.0,5.6
2024-02-05 00:00:00,27.2,0.0,78.5,68.0,5.4
2024-02-05 01:00:00,27.1,0.0,79.3,66.0,6.3
2024-02-05 02:00:00,26.9,0.0,79.9,69.0,6.4
2024-02-05 03:00:00,26.8,0.0,80.0,63.0,7.0
2024-02-05 04:00:00,26.7,0.0,79.8,8.0,3.5
2024-02-05 05:00:00,26.0,0.0,83.8,71.0,4.6
2024-02-05 06:00:00,26.3,0.0,81.8,72.0,4.6
2024-02-05 07:00:00,26.5,0.0,80.2,28.0,3.7
2024-02-05 08:00:00,26.8,0.0,78.4,54.0,6.5
2024-02-05 09:00:00,27.6,0.0,76.8,46.0,7.4
2024-02-05 10:00:00,28.5,0.0,71.7,69.0,11.0
2024-02-05 11:00:00,29.8,0.0,66.0,71.0,12.6
2024-02-05 12:00:00,30.5,0.0,62.3,71.0,9.5
2024-02-05 13:00:00,31.4,0.0,59.6,53.0,7.6
2024-02-05 14:00:00,32.0,0.0,57.0,65.0,5.9
2024-02-05 15:00:00,32.1,0.0,53.6,63.0,9.8
2024-02-05 16:00:00,31.6,0.0,55.0,62.0,11.9
2024-02-05 17:00:00,30.7,0.0,63.5,73.0,12.1
2024-02-05 18:00:00,30.3,0.0,65.0,67.0,13.1
2024-02-05 19:00:00,29.2,0.0,68.5,60.0,9.2
2024-02-05 20:00:00,28.4,0.0,71.4,73.0,8.89999
2024-02-05 21:00:00,28.0,0.0,73.9,66.0,7.2
2024-02-05 22:00:00,28.0,0.0,71.5,70.0,6.3
2024-02-05 23:00:00,27.5,0.0,77.3,69.0,5.6
2024-02-06 00:00:00,27.5,0.0,78.1,73.0,3.2
2024-02-06 01:00:00,27.5,0.0,78.0,61.0,3.4
2024-02-06 02:00:00,27.2,0.0,78.8,64.0,4.8
2024-02-06 03:00:00,27.2,0.0,79.6,31.0,4.5
2024-02-06 04:00:00,26.9,0.0,78.3,3.0,2.3
2024-02-06 05:00:00,26.8,0.0,77.9,342.0,2.5
2024-02-06 06:00:00,27.0,0.0,76.1,13.0,3.5
2024-02-06 07:00:00,26.8,0.0,77.6,13.0,3.0
2024-02-06 08:00:00,26.8,0.0,78.8,33.0,4.3
2024-02-06 09:00:00,27.6,0.0,74.9,34.0,4.2
2024-02-06 10:00:00,28.9,0.0,69.0,34.0,8.39999
2024-02-06 11:00:00,29.4,0.0,67.5,57.0,9.5
2024-02-06 12:00:00,30.5,0.0,61.3,58.0,8.3
2024-02-06 13:00:00,32.4,0.0,56.8,37.0,7.7
2024-02-06 14:00:00,32.1,0.0,56.4,63.0,9.2
2024-02-06 15:00:00,32.2,0.0,57.0,58.0,8.10001
2024-02-06 16:00:00,31.9,0.0,58.3,50.0,7.2
2024-02-06 17:00:00,27.6,3.0,83.4,346.0,8.39999
2024-02-06 18:00:00,26.4,0.2,84.6,41.0,9.89999
2024-02-06 19:00:00,26.9,0.0,85.8,42.0,4.1
2024-02-06 20:00:00,27.2,0.0,84.5,68.0,5.2
2024-02-06 21:00:00,27.4,0.0,85.0,61.0,5.9
2024-02-06 22:00:00,27.4,0.0,82.6,49.0,5.5
2024-02-06 23:00:00,27.4,0.0,82.3,68.0,6.7
2024-02-07 00:00:00,27.3,0.0,83.7,40.0,5.5
2024-02-07 01:00:00,27.3,0.0,82.6,69.0,5.9
2024-02-07 02:00:00,27.2,0.0,82.9,53.0,6.1
2024-02-07 03:00:00,27.1,0.0,81.2,52.0,5.3
2024-02-07 04:00:00,27.0,0.0,82.4,37.0,5.8
2024-02-07 05:00:00,26.9,0.0,82.4,44.0,5.7
2024-02-07 06:00:00,26.8,0.0,82.7,30.0,4.5
2024-02-07 07:00:00,26.8,0.0,82.8,21.0,3.8
2024-02-07 08:00:00,26.9,0.0,83.0,69.0,4.9
2024-02-07 09:00:00,27.6,0.0,79.0,40.0,6.3
2024-02-07 10:00:00,28.3,0.0,75.3,47.0,8.8
2024-02-07 11:00:00,29.3,0.0,70.7,41.0,7.1
2024-02-07 12:00:00,29.9,0.0,67.4,66.0,7.9
2024-02-07 13:00:00,31.1,0.0,61.3,49.0,7.5
2024-02-07 14:00:00,31.1,0.0,63.5,64.0,8.5
2024-02-07 15:00:00,31.9,0.0,58.5,54.0,10.3
2024-02-07 16:00:00,31.0,0.0,63.5,71.0,9.39999
2024-02-07 17:00:00,30.9,0.0,60.8,63.0,11.3
2024-02-07 18:00:00,29.9,0.0,66.3,63.0,8.2
2024-02-07 19:00:00,29.1,0.0,72.9,59.0,8.0
2024-02-07 20:00:00,28.5,0.0,76.5,63.0,5.1
2024-02-07 21:00:00,27.9,0.0,78.0,64.0,7.7
2024-02-07 22:00:00,27.6,0.0,81.2,69.0,7.3
2024-02-07 23:00:00,27.5,0.0,81.8,52.0,6.3
2024-02-08 00:00:00,27.6,0.0,81.3,64.0,5.2
2024-02-08 01:00:00,27.5,0.0,80.9,68.0,5.2
2024-02-08 02:00:00,27.1,0.0,83.8,70.0,3.7
2024-02-08 03:00:00,26.8,0.0,85.2,69.0,4.1
2024-02-08 04:00:00,26.7,0.0,85.4,68.0,3.8
2024-02-08 05:00:00,26.8,0.0,85.2,71.0,5.2
2024-02-08 06:00:00,26.6,0.0,85.8,69.0,5.6
2024-02-08 07:00:00,27.1,0.0,81.6,63.0,4.6
2024-02-08 08:00:00,27.2,0.0,82.2,61.0,3.8
2024-02-08 09:00:00,27.7,0.0,77.9,65.0,6.3
2024-02-08 10:00:00,28.8,0.0,73.7,76.0,5.2
2024-02-08 11:00:00,29.5,0.0,68.7,40.0,6.1
2024-02-08 12:00:00,30.9,0.0,64.4,72.0,5.3
2024-02-08 13:00:00,31.3,0.0,61.8,61.0,5.6
2024-02-08 14:00:00,32.1,0.0,60.8,65.0,4.9
2024-02-08 15:00:00,32.4,0.0,60.0,59.0,4.7
2024-02-08 16:00:00,30.8,0.0,64.9,58.0,5.6
2024-02-08 17:00:00,29.6,0.0,74.0,28.0,4.7
2024-02-08 18:00:00,29.2,0.0,74.3,43.0,5.2
2024-02-08 19:00:00,28.1,0.0,80.1,64.0,4.5
2024-02-08 20:00:00,28.1,0.0,79.8,67.0,6.6
2024-02-08 21:00:00,27.9,0.0,80.5,56.0,6.2
2024-02-08 22:00:00,27.6,0.0,80.6,51.0,5.5
2024-02-08 23:00:00,27.7,0.0,79.6,67.0,7.1
2024-02-09 00:00:00,27.3,0.0,82.2,63.0,6.7
2024-02-09 01:00:00,27.3,0.0,83.1,66.0,5.9
2024-02-09 02:00:00,27.2,0.0,83.2,69.0,5.5
2024-02-09 03:00:00,27.0,0.0,84.4,67.0,5.0
2024-02-09 04:00:00,26.8,0.0,85.7,66.0,5.6
2024-02-09 05:00:00,26.9,0.0,85.0,63.0,6.5
2024-02-09 06:00:00,26.8,0.0,86.0,69.0,6.4
2024-02-09 07:00:00,26.7,0.0,85.7,69.0,3.7
2024-02-09 08:00:00,27.0,0.0,84.0,67.0,4.7
2024-02-09 09:00:00,27.9,0.0,80.7,37.0,7.4
2024-02-09 10:00:00,28.7,0.0,73.7,22.0,7.3
2024-02-09 11:00:00,29.7,0.0,70.4,70.0,9.7
2024-02-09 12:00:00,30.8,0.0,60.8,62.0,6.7
2024-02-09 13:00:00,31.6,0.0,60.6,49.0,5.3
2024-02-09 14:00:00,30.3,0.0,65.5,40.0,8.60001
2024-02-09 15:00:00,28.1,0.0,80.0,55.0,9.8
2024-02-09 16:00:00,28.8,0.0,73.9,61.0,5.0
2024-02-09 17:00:00,27.6,0.0,81.4,208.0,3.5
2024-02-09 18:00:00,26.1,2.2,90.1,4.0,6.9
2024-02-09 19:00:00,27.4,0.0,84.0,45.0,3.8
2024-02-09 20:00:00,27.6,0.0,79.5,61.0,6.5
2024-02-09 21:00:00,27.2,0.0,77.9,60.0,7.1
2024-02-09 22:00:00,27.2,0.0,76.9,49.0,7.4
2024-02-09 23:00:00,26.9,0.0,77.7,66.0,6.8
2024-02-10 00:00:00,26.7,0.0,79.0,68.0,5.1
2024-02-10 01:00:00,26.5,0.0,78.9,31.0,4.4
2024-02-10 02:00:00,26.5,0.0,78.8,51.0,6.5
2024-02-10 03:00:00,26.2,0.0,79.6,41.0,7.1
2024-02-10 04:00:00,25.9,0.0,80.1,37.0,6.5
2024-02-10 05:00:00,25.7,0.0,79.5,28.0,3.3
2024-02-10 06:00:00,25.7,0.0,79.3,35.0,5.4
2024-02-10 07:00:00,25.5,0.0,80.4,24.0,3.9
2024-02-10 08:00:00,25.7,0.0,80.5,3.0,1.7
2024-02-10 09:00:00,26.8,0.0,76.2,49.0,5.8
2024-02-10 10:00:00,28.0,0.0,72.2,50.0,8.60001
2024-02-10 11:00:00,28.8,0.0,67.3,68.0,9.3
2024-02-10 12:00:00,29.9,0.0,64.5,59.0,8.10001
2024-02-10 13:00:00,30.5,0.0,59.4,61.0,10.1
2024-02-10 14:00:00,30.9,0.0,60.2,60.0,8.3
2024-02-10 15:00:00,31.5,0.0,54.0,71.0,9.3
2024-02-10 16:00:00,31.4,0.0,54.1,71.0,8.0
2024-02-10 17:00:00,30.5,0.0,61.3,72.0,10.2
2024-02-10 18:00:00,30.2,0.0,62.3,59.0,11.0
2024-02-10 19:00:00,29.2,0.0,67.8,66.0,8.5
2024-02-10 20:00:00,28.1,0.0,75.2,69.0,9.5
2024-02-10 21:00:00,27.6,0.0,78.6,56.0,5.7
2024-02-10 22:00:00,25.8,0.0,89.2,45.0,8.10001
2024-02-10 23:00:00,25.2,0.0,92.5,50.0,8.2
2024-02-11 00:00:00,25.7,0.0,91.5,22.0,9.7
2024-02-11 01:00:00,26.5,0.0,84.8,58.0,5.3
2024-02-11 02:00:00,26.7,0.0,83.5,47.0,5.3
2024-02-11 03:00:00,26.6,0.0,82.2,61.0,5.3
2024-02-11 04:00:00,26.7,0.0,78.4,58.0,6.4
2024-02-11 05:00:00,26.5,0.0,79.6,62.0,4.9
2024-02-11 06:00:00,26.1,0.0,81.8,70.0,4.7
2024-02-11 07:00:00,26.3,0.0,80.8,59.0,4.4
2024-02-11 08:00:00,26.9,0.0,78.8,65.0,6.3
2024-02-11 09:00:00,27.3,0.0,77.7,71.0,6.5
2024-02-11 10:00:00,28.2,0.0,74.9,55.0,10.5
2024-02-11 11:00:00,29.2,0.0,69.4,66.0,10.1
2024-02-11 12:00:00,30.5,0.0,61.2,68.0,10.9
2024-02-11 13:00:00,30.9,0.0,59.4,72.0,10.4
2024-02-11 14:00:00,31.0,0.0,59.5,68.0,13.2
2024-02-11 15:00:00,31.1,0.0,59.2,67.0,11.7
2024-02-11 16:00:00,31.2,0.0,58.6,60.0,12.6
2024-02-11 17:00:00,30.8,0.0,59.4,66.0,13.4
2024-02-11 18:00:00,28.6,0.0,67.2,63.0,15.4
2024-02-11 19:00:00,28.1,0.0,71.3,60.0,11.4
2024-02-11 20:00:00,28.1,0.0,72.7,55.0,9.10001
2024-02-11 21:00:00,27.7,0.0,75.3,65.0,8.10001
2024-02-11 22:00:00,26.0,0.0,86.1,64.0,6.6
2024-02-11 23:00:00,24.9,0.4,92.7,37.0,8.10001
2024-02-12 00:00:00,26.1,0.0,88.6,39.0,5.2
2024-02-12 01:00:00,27.0,0.0,81.4,41.0,7.0
2024-02-12 02:00:00,27.1,0.0,80.4,21.0,4.7
2024-02-12 03:00:00,27.1,0.0,79.0,47.0,7.0
2024-02-12 04:00:00,26.9,0.0,79.7,53.0,5.0
2024-02-12 05:00:00,26.6,0.0,80.9,72.0,6.8
2024-02-12 06:00:00,26.7,0.0,80.3,59.0,7.2
2024-02-12 07:00:00,26.9,0.0,79.2,38.0,6.4
2024-02-12 08:00:00,27.1,0.0,78.9,38.0,4.4
2024-02-12 09:00:00,26.5,0.0,81.2,40.0,7.7
2024-02-12 10:00:00,25.7,0.0,87.8,66.0,2.6
2024-02-12 11:00:00,26.8,0.0,83.3,71.0,5.9
2024-02-12 12:00:00,27.4,0.0,83.0,56.0,9.0
2024-02-12 13:00:00,28.9,0.0,69.8,58.0,10.7
2024-02-12 14:00:00,26.2,0.2,86.4,50.0,8.7
2024-02-12 15:00:00,25.8,0.0,84.4,48.0,9.8
2024-02-12 16:00:00,25.7,0.0,88.8,56.0,11.7
2024-02-12 17:00:00,27.5,0.0,77.7,58.0,8.3
2024-02-12 18:00:00,27.9,0.0,75.4,62.0,9.10001
2024-02-12 19:00:00,27.5,0.0,75.9,61.0,10.1
2024-02-12 20:00:00,27.2,0.0,77.1,47.0,9.3
2024-02-12 21:00:00,27.1,0.0,78.5,28.0,6.2
2024-02-12 22:00:00,27.1,0.0,79.5,43.0,7.6
2024-02-12 23:00:00,27.1,0.0,79.3,43.0,6.6
2024-02-13 00:00:00,27.1,0.0,79.8,55.0,7.3
2024-02-13 01:00:00,26.6,0.0,83.4,64.0,6.4
2024-02-13 02:00:00,26.2,0.0,84.2,54.0,7.2
2024-02-13 03:00:00,26.5,0.0,83.3,48.0,6.7
2024-02-13 04:00:00,26.6,0.0,81.5,60.0,7.4
2024-02-13 05:00:00,26.6,0.0,80.4,41.0,7.4
2024-02-13 06:00:00,26.5,0.0,81.2,35.0,6.2
2024-02-13 07:00:00,26.5,0.0,80.9,44.0,6.1
2024-02-13 08:00:00,25.4,0.0,88.1,43.0,12.2
2024-02-13 09:00:00,26.3,0.0,84.4,34.0,5.5
2024-02-13 10:00:00,27.1,0.0,80.8,54.0,8.60001
2024-02-13 11:00:00,28.0,0.0,77.4,36.0,8.89999
2024-02-13 12:00:00,29.1,0.0,78.0,35.0,6.5
2024-02-13 13:00:00,24.4,2.4,93.6,54.0,10.2
2024-02-13 14:00:00,26.6,0.0,86.3,43.0,5.3
2024-02-13 15:00:00,27.8,0.0,82.6,59.0,9.89999
2024-02-13 16:00:00,28.1,0.0,78.7,61.0,9.39999
2024-02-13 17:00:00,28.8,0.0,74.1,59.0,8.60001
2024-02-13 18:00:00,28.3,0.0,77.0,64.0,11.0
2024-02-13 19:00:00,28.1,0.0,77.5,65.0,9.10001
2024-02-13 20:00:00,27.8,0.0,78.8,63.0,10.1
2024-02-13 21:00:00,27.5,0.0,79.7,60.0,7.7
2024-02-13 22:00:00,27.3,0.0,80.8,57.0,6.3
2024-02-13 23:00:00,27.4,0.0,81.4,64.0,6.2
2024-02-14 00:00:00,27.3,0.0,82.3,56.0,7.4
2024-02-14 01:00:00,27.1,0.0,83.1,62.0,7.0
2024-02-14 02:00:00,26.8,0.0,85.8,62.0,5.2
2024-02-14 03:00:00,26.5,0.0,90.0,47.0,5.7
2024-02-14 04:00:00,26.2,0.0,88.5,59.0,6.9
2024-02-14 05:00:00,25.7,0.0,87.5,58.0,4.9
2024-02-14 06:00:00,26.0,0.0,88.3,67.0,4.2
2024-02-14 07:00:00,26.2,0.0,88.6,55.0,5.1
2024-02-14 08:00:00,26.5,0.0,87.6,64.0,4.1
2024-02-14 09:00:00,27.6,0.0,83.0,48.0,6.5
2024-02-14 10:00:00,27.8,0.0,81.7,49.0,9.10001
2024-02-14 11:00:00,28.8,0.0,76.0,66.0,6.4
2024-02-14 12:00:00,29.9,0.0,71.2,72.0,7.2
2024-02-14 13:00:00,30.9,0.0,66.0,66.0,9.7
2024-02-14 14:00:00,30.6,0.0,63.4,68.0,10.6
2024-02-14 15:00:00,30.6,0.0,65.4,62.0,11.0
2024-02-14 16:00:00,30.0,0.0,65.9,72.0,7.9
2024-02-14 17:00:00,28.2,0.0,75.2,68.0,6.9
2024-02-14 18:00:00,28.9,0.0,75.6,59.0,8.0
2024-02-14 19:00:00,28.4,0.0,77.0,47.0,7.3
2024-02-14 20:00:00,28.2,0.0,77.4,61.0,7.0
2024-02-14 21:00:00,27.9,0.0,79.0,61.0,6.8
2024-02-14 22:00:00,27.8,0.0,80.6,60.0,6.0
2024-02-14 23:00:00,27.9,0.0,79.3,56.0,6.2
2024-02-15 00:00:00,27.7,0.0,79.6,45.0,6.6
2024-02-15 01:00:00,27.7,0.0,80.4,21.0,5.3
2024-02-15 02:00:00,26.2,0.0,86.6,14.0,6.3
2024-02-15 03:00:00,26.5,0.0,87.7,37.0,7.4
2024-02-15 04:00:00,26.4,0.0,87.2,20.0,2.5
2024-02-15 05:00:00,26.8,0.0,84.2,32.0,4.6
2024-02-15 06:00:00,26.8,0.0,84.1,21.0,4.0
2024-02-15 07:00:00,26.7,0.0,83.7,40.0,7.2
2024-02-15 08:00:00,26.8,0.0,83.8,60.0,7.2
2024-02-15 09:00:00,27.2,0.0,82.3,32.0,5.8
2024-02-15 10:00:00,27.2,0.0,81.9,54.0,6.4
2024-02-15 11:00:00,27.5,0.0,82.3,43.0,5.7
2024-02-15 12:00:00,26.2,0.0,87.6,28.0,10.7
2024-02-15 13:00:00,27.5,0.0,82.6,53.0,7.7
2024-02-15 14:00:00,29.1,0.0,71.2,62.0,9.0
2024-02-15 15:00:00,28.9,0.0,73.5,62.0,9.2
2024-02-15 16:00:00,28.8,0.0,70.5,60.0,12.3
2024-02-15 17:00:00,28.1,0.0,71.8,64.0,11.2
2024-02-15 18:00:00,27.3,0.0,79.6,48.0,8.8
2024-02-15 19:00:00,27.6,0.0,80.5,64.0,7.8
2024-02-15 20:00:00,27.8,0.0,77.4,42.0,10.2
2024-02-15 21:00:00,27.6,0.0,79.3,52.0,7.3
2024-02-15 22:00:00,27.3,0.0,81.0,66.0,5.2
2024-02-15 23:00:00,27.2,0.0,82.1,61.0,6.4
2024-02-16 00:00:00,27.4,0.0,80.9,48.0,7.6
2024-02-16 01:00:00,27.2,0.0,81.6,59.0,6.4
2024-02-16 02:00:00,27.0,0.0,83.0,49.0,6.7
2024-02-16 03:00:00,26.8,0.0,83.7,67.0,6.4
2024-02-16 04:00:00,27.0,0.0,83.1,56.0,5.1
2024-02-16 05:00:00,26.8,0.0,84.0,67.0,4.5
2024-02-16 06:00:00,27.0,0.0,82.8,56.0,6.4
2024-02-16 07:00:00,26.7,0.0,83.9,67.0,5.4
2024-02-16 08:00:00,27.1,0.0,82.8,57.0,5.4
2024-02-16 09:00:00,27.7,0.0,80.9,49.0,8.8
2024-02-16 10:00:00,28.4,0.0,79.1,66.0,8.7
2024-02-16 11:00:00,29.0,0.0,74.1,64.0,8.7
2024-02-16 12:00:00,28.9,0.0,77.4,57.0,7.6
2024-02-16 13:00:00,29.7,0.0,69.0,68.0,13.6
2024-02-16 14:00:00,30.6,0.0,64.0,64.0,13.5
2024-02-16 15:00:00,30.5,0.0,63.7,64.0,13.6
2024-02-16 16:00:00,30.0,0.0,66.0,67.0,12.0
2024-02-16 17:00:00,29.5,0.0,67.2,66.0,14.2
2024-02-16 18:00:00,29.2,0.0,67.6,65.0,11.7
2024-02-16 19:00:00,28.3,0.0,74.7,61.0,10.2
2024-02-16 20:00:00,26.9,0.0,79.3,61.0,9.2
2024-02-16 21:00:00,26.9,0.0,78.8,69.0,7.8
2024-02-16 22:00:00,26.9,0.0,79.5,61.0,6.7
2024-02-16 23:00:00,27.2,0.0,79.3,52.0,6.0
2024-02-17 00:00:00,27.1,0.0,80.1,58.0,6.6
2024-02-17 01:00:00,26.8,0.0,81.3,69.0,4.9
2024-02-17 02:00:00,26.8,0.0,80.8,63.0,4.5
2024-02-17 03:00:00,26.7,0.0,80.8,69.0,3.8
2024-02-17 04:00:00,26.7,0.0,80.8,62.0,4.1
2024-02-17 05:00:00,26.4,0.0,81.5,53.0,4.9
2024-02-17 06:00:00,26.5,0.0,79.9,66.0,5.3
2024-02-17 07:00:00,26.5,0.0,79.7,70.0,5.4
2024-02-17 08:00:00,26.5,0.0,80.3,69.0,5.2
2024-02-17 09:00:00,27.3,0.0,77.6,55.0,5.9
2024-02-17 10:00:00,28.6,0.0,73.2,58.0,10.0
2024-02-17 11:00:00,29.4,0.0,69.0,45.0,8.39999
2024-02-17 12:00:00,30.7,0.0,63.4,71.0,6.7
2024-02-17 13:00:00,30.8,0.0,59.8,74.0,9.39999
2024-02-17 14:00:00,29.1,0.0,67.8,65.0,13.9
2024-02-17 15:00:00,29.2,0.0,64.6,75.0,11.3
2024-02-17 16:00:00,30.5,0.0,61.1,69.0,7.7
2024-02-17 17:00:00,30.1,0.0,63.4,71.0,7.9
2024-02-17 18:00:00,29.2,0.0,66.8,65.0,10.5
2024-02-17 19:00:00,28.6,0.0,69.5,67.0,9.3
2024-02-17 20:00:00,27.9,0.0,76.5,67.0,8.5
2024-02-17 21:00:00,27.7,0.0,77.0,68.0,8.3
2024-02-17 22:00:00,27.4,0.0,77.6,67.0,6.8
2024-02-17 23:00:00,27.2,0.0,79.4,56.0,5.4
2024-02-18 00:00:00,26.9,0.0,80.4,55.0,5.5
2024-02-18 01:00:00,26.8,0.0,81.1,65.0,6.2
2024-02-18 02:00:00,26.7,0.0,81.7,68.0,4.9
2024-02-18 03:00:00,26.5,0.0,82.6,65.0,5.3
2024-02-18 04:00:00,26.4,0.0,82.5,69.0,5.3
2024-02-18 05:00:00,26.3,0.0,83.3,69.0,5.5
2024-02-18 06:00:00,26.2,0.0,83.8,62.0,3.7
2024-02-18 07:00:00,26.2,0.0,83.8,68.0,4.8
2024-02-18 08:00:00,26.4,0.0,83.5,66.0,4.6
2024-02-18 09:00:00,27.3,0.0,79.2,75.0,7.2
2024-02-18 10:00:00,28.6,0.0,72.5,65.0,9.3
2024-02-18 11:00:00,29.6,0.0,68.1,74.0,6.1
2024-02-18 12:00:00,30.9,0.0,61.5,57.0,5.8
2024-02-18 13:00:00,31.7,0.0,57.3,73.0,6.3
2024-02-18 14:00:00,31.5,0.0,60.3,67.0,8.10001
2024-02-18 15:00:00,31.6,0.0,58.8,78.0,7.9
2024-02-18 16:00:00,31.5,0.0,59.1,72.0,7.2
2024-02-18 17:00:00,31.4,0.0,57.7,60.0,10.1
2024-02-18 18:00:00,30.2,0.0,62.3,64.0,10.5
2024-02-18 19:00:00,29.3,0.0,66.6,63.0,10.4
2024-02-18 20:00:00,28.5,0.0,72.1,67.0,8.2
2024-02-18 21:00:00,28.1,0.0,76.2,64.0,6.3
2024-02-18 22:00:00,27.7,0.0,79.0,62.0,8.10001
2024-02-18 23:00:00,27.4,0.0,80.8,70.0,6.5
2024-02-19 00:00:00,27.2,0.0,81.9,68.0,6.4
2024-02-19 01:00:00,27.1,0.0,83.0,68.0,5.9
2024-02-19 02:00:00,26.9,0.0,84.2,59.0,5.9
2024-02-19 03:00:00,26.8,0.0,84.7,61.0,6.0
2024-02-19 04:00:00,26.7,0.0,84.7,67.0,5.8
2024-02-19 05:00:00,26.7,0.0,84.9,71.0,6.6
2024-02-19 06:00:00,26.7,0.0,84.6,66.0,6.4
2024-02-19 07:00:00,26.6,0.0,84.9,70.0,6.2
2024-02-19 08:00:00,27.1,0.0,83.0,60.0,6.1
2024-02-19 09:00:00,27.8,0.0,80.6,64.0,8.89999
2024-02-19 10:00:00,28.8,0.0,73.7,50.0,9.39999
2024-02-19 11:00:00,29.8,0.0,68.5,47.0,8.7
2024-02-19 12:00:00,31.4,0.0,61.1,73.0,8.0
2024-02-19 13:00:00,31.6,0.0,60.5,72.0,7.4
2024-02-19 14:00:00,32.0,0.0,58.6,61.0,7.0
2024-02-19 15:00:00,31.6,0.0,60.5,67.0,7.1
2024-02-19 16:00:00,31.1,0.0,63.5,63.0,8.7
2024-02-19 17:00:00,30.9,0.0,63.5,71.0,7.6
2024-02-19 18:00:00,30.5,0.0,65.8,72.0,7.8
2024-02-19 19:00:00,29.6,0.0,69.3,62.0,6.5
2024-02-19 20:00:00,28.8,0.0,73.6,65.0,7.7
2024-02-19 21:00:00,28.3,0.0,77.2,59.0,8.2
2024-02-19 22:00:00,28.0,0.0,80.8,57.0,6.5
2024-02-19 23:00:00,27.8,0.0,82.4,62.0,5.2
2024-02-20 00:00:00,27.6,0.0,82.9,67.0,6.1
2024-02-20 01:00:00,27.6,0.0,82.4,67.0,6.4
2024-02-20 02:00:00,27.3,0.0,84.5,68.0,5.3
2024-02-20 03:00:00,27.4,0.0,83.7,65.0,5.9
2024-02-20 04:00:00,27.1,0.0,83.6,72.0,6.6
2024-02-20 05:00:00,26.8,0.0,85.9,65.0,5.9
2024-02-20 06:00:00,26.6,0.0,87.0,68.0,6.1
2024-02-20 07:00:00,26.9,0.0,83.6,68.0,7.7
2024-02-20 08:00:00,27.3,0.0,81.6,67.0,6.0
2024-02-20 09:00:00,28.1,0.0,78.0,61.0,7.8
2024-02-20 10:00:00,29.2,0.0,72.6,64.0,7.9
2024-02-20 11:00:00,29.8,0.0,67.0,73.0,9.2
2024-02-20 12:00:00,31.5,0.0,61.1,47.0,7.2
2024-02-20 13:00:00,32.1,0.0,59.0,62.0,6.2
2024-02-20 14:00:00,31.7,0.0,60.2,64.0,7.3
2024-02-20 15:00:00,32.3,0.0,58.9,67.0,7.0
2024-02-20 16:00:00,32.0,0.0,59.4,61.0,4.9
2024-02-20 17:00:00,31.5,0.0,61.6,64.0,4.6
2024-02-20 18:00:00,30.3,0.0,67.1,69.0,8.3
2024-02-20 19:00:00,29.4,0.0,70.5,62.0,5.9
2024-02-20 20:00:00,28.7,0.0,73.4,68.0,9.3
2024-02-20 21:00:00,28.4,0.0,77.3,64.0,7.0
2024-02-20 22:00:00,28.0,0.0,80.0,68.0,7.0
2024-02-20 23:00:00,27.8,0.0,80.2,67.0,7.2
2024-02-21 00:00:00,27.7,0.0,80.8,74.0,7.1
2024-02-21 01:00:00,27.4,0.0,82.7,72.0,7.0
2024-02-21 02:00:00,27.4,0.0,81.2,66.0,6.7
2024-02-21 03:00:00,27.5,0.0,82.0,61.0,7.4
2024-02-21 04:00:00,27.4,0.0,80.6,66.0,5.7
2024-02-21 05:00:00,27.0,0.0,83.4,68.0,5.6
2024-02-21 06:00:00,27.0,0.0,82.9,67.0,5.0
2024-02-21 07:00:00,27.1,0.0,82.9,49.0,6.4
2024-02-21 08:00:00,27.3,0.0,82.2,64.0,7.6
2024-02-21 09:00:00,27.9,0.0,79.2,60.0,6.4
2024-02-21 10:00:00,28.7,0.0,74.5,55.0,8.2
2024-02-21 11:00:00,29.4,0.0,71.4,59.0,5.8
2024-02-21 12:00:00,30.6,0.0,65.1,34.0,4.4
2024-02-21 13:00:00,32.6,0.0,58.4,329.0,3.4
2024-02-21 14:00:00,32.2,0.0,60.5,57.0,5.3
2024-02-21 15:00:00,31.5,0.0,66.3,207.0,5.1
2024-02-21 16:00:00,26.5,0.2,85.9,342.0,7.0
2024-02-21 17:00:00,29.7,0.0,73.5,72.0,5.5
2024-02-21 18:00:00,29.3,0.0,76.3,70.0,6.1
2024-02-21 19:00:00,28.7,0.0,76.7,49.0,8.89999
2024-02-21 20:00:00,28.0,0.0,76.7,64.0,7.5
2024-02-21 21:00:00,27.8,0.0,78.4,63.0,6.0
2024-02-21 22:00:00,27.5,0.0,79.8,65.0,5.4
2024-02-21 23:00:00,27.5,0.0,80.1,64.0,5.1
2024-02-22 00:00:00,27.4,0.0,81.7,58.0,4.4
2024-02-22 01:00:00,27.3,0.0,81.8,59.0,5.2
2024-02-22 02:00:00,27.0,0.0,82.3,66.0,5.9
2024-02-22 03:00:00,26.8,0.0,83.2,67.0,4.7
2024-02-22 04:00:00,26.6,0.0,84.2,67.0,5.2
2024-02-22 05:00:00,26.6,0.0,84.2,65.0,5.0
2024-02-22 06:00:00,26.5,0.0,84.2,48.0,2.5
2024-02-22 07:00:00,26.4,0.0,84.7,58.0,2.4
2024-02-22 08:00:00,27.1,0.0,80.7,64.0,3.9
2024-02-22 09:00:00,27.7,0.0,78.3,72.0,3.6
2024-02-22 10:00:00,29.3,0.0,71.7,37.0,5.4
2024-02-22 11:00:00,30.1,0.0,66.6,41.0,4.3
2024-02-22 12:00:00,32.3,0.0,57.8,272.0,2.4
2024-02-22 13:00:00,31.3,0.0,61.0,279.0,3.0
2024-02-22 14:00:00,31.2,0.0,64.7,212.0,3.7
2024-02-22 15:00:00,31.0,0.0,67.0,69.0,6.9
2024-02-22 16:00:00,30.7,0.0,67.7,68.0,6.7
2024-02-22 17:00:00,30.1,0.0,70.3,81.0,4.5
2024-02-22 18:00:00,29.6,0.0,71.4,63.0,8.5
2024-02-22 19:00:00,29.0,0.0,71.6,74.0,8.89999
2024-02-22 20:00:00,28.4,0.0,74.2,65.0,7.8
2024-02-22 21:00:00,28.0,0.0,75.8,61.0,6.2
2024-02-22 22:00:00,27.9,0.0,74.5,66.0,6.9
2024-02-22 23:00:00,27.5,0.0,77.2,72.0,6.6
2024-02-23 00:00:00,27.3,0.0,79.4,66.0,6.6
2024-02-23 01:00:00,27.3,0.0,80.1,72.0,5.0
2024-02-23 02:00:00,27.1,0.0,80.9,67.0,5.8
2024-02-23 03:00:00,27.1,0.0,79.9,64.0,6.4
2024-02-23 04:00:00,27.0,0.0,80.9,66.0,5.8
2024-02-23 05:00:00,26.8,0.0,82.5,68.0,5.7
2024-02-23 06:00:00,26.5,0.0,84.6,65.0,6.2
2024-02-23 07:00:00,26.8,0.0,82.6,69.0,5.3
2024-02-23 08:00:00,27.0,0.0,82.0,66.0,6.3
2024-02-23 09:00:00,27.6,0.0,79.7,72.0,7.6
2024-02-23 10:00:00,29.0,0.0,74.2,66.0,9.39999
2024-02-23 11:00:00,30.1,0.0,66.7,59.0,9.8
2024-02-23 12:00:00,30.5,0.0,65.9,64.0,9.7
2024-02-23 13:00:00,30.7,0.0,64.4,65.0,7.8
2024-02-23 14:00:00,30.9,0.0,65.0,60.0,8.3
2024-02-23 15:00:00,30.9,0.0,63.5,78.0,7.4
2024-02-23 16:00:00,30.6,0.0,65.2,68.0,9.5
2024-02-23 17:00:00,30.8,0.0,65.1,62.0,9.0
2024-02-23 18:00:00,29.8,0.0,67.7,62.0,7.3
2024-02-23 19:00:00,29.0,0.0,69.9,56.0,10.0
2024-02-23 20:00:00,28.4,0.0,72.3,61.0,9.89999
2024-02-23 21:00:00,28.0,0.0,73.4,58.0,7.6
2024-02-23 22:00:00,27.7,0.0,76.5,65.0,7.1
2024-02-23 23:00:00,27.4,0.0,78.6,62.0,6.4
2024-02-24 00:00:00,27.1,0.0,79.6,63.0,6.5
2024-02-24 01:00:00,27.3,0.0,78.1,54.0,6.1
2024-02-24 02:00:00,27.3,0.0,77.7,70.0,4.9
2024-02-24 03:00:00,27.2,0.0,76.7,62.0,6.8
2024-02-24 04:00:00,27.1,0.0,77.6,67.0,4.8
2024-02-24 05:00:00,27.0,0.0,78.8,65.0,6.2
2024-02-24 06:00:00,27.0,0.0,78.7,63.0,6.7
2024-02-24 07:00:00,27.0,0.0,77.9,62.0,7.2
2024-02-24 08:00:00,27.1,0.0,77.3,63.0,5.8
2024-02-24 09:00:00,27.5,0.0,76.5,70.0,9.2
2024-02-24 10:00:00,28.5,0.0,72.2,67.0,9.8
2024-02-24 11:00:00,29.6,0.0,63.9,67.0,11.0
2024-02-24 12:00:00,30.4,0.0,61.2,63.0,8.2
2024-02-24 13:00:00,30.2,0.0,60.9,53.0,7.7
2024-02-24 14:00:00,30.5,0.0,59.4,63.0,7.1
2024-02-24 15:00:00,30.8,0.0,57.2,64.0,8.3
2024-02-24 16:00:00,30.5,0.0,58.8,66.0,9.3
2024-02-24 17:00:00,30.6,0.0,57.6,60.0,9.7
2024-02-24 18:00:00,30.1,0.0,60.0,65.0,10.6
2024-02-24 19:00:00,29.1,0.0,65.5,67.0,10.3
2024-02-24 20:00:00,28.3,0.0,69.8,66.0,7.9
2024-02-24 21:00:00,27.8,0.0,73.5,65.0,9.3
2024-02-24 22:00:00,27.7,0.0,75.0,65.0,7.9
2024-02-24 23:00:00,27.3,0.0,76.7,65.0,7.3
2024-02-25 00:00:00,27.2,0.0,77.3,66.0,6.4
2024-02-25 01:00:00,27.0,0.0,78.5,67.0,6.8
2024-02-25 02:00:00,26.9,0.0,79.2,66.0,6.8
2024-02-25 03:00:00,26.7,0.0,80.3,71.0,6.6
2024-02-25 04:00:00,26.5,0.0,81.5,69.0,5.5
2024-02-25 05:00:00,26.5,0.0,81.2,69.0,6.1
2024-02-25 06:00:00,26.5,0.0,81.2,69.0,5.5
2024-02-25 07:00:00,26.5,0.0,80.9,63.0,6.2
2024-02-25 08:00:00,26.9,0.0,79.4,71.0,5.8
2024-02-25 09:00:00,27.8,0.0,76.3,70.0,8.3
2024-02-25 10:00:00,28.6,0.0,72.2,62.0,10.4
2024-02-25 11:00:00,29.9,0.0,66.0,65.0,8.7
2024-02-25 12:00:00,31.3,0.0,58.1,62.0,9.0
2024-02-25 13:00:00,32.2,0.0,54.0,47.0,7.8
2024-02-25 14:00:00,31.5,0.0,58.7,68.0,9.2
2024-02-25 15:00:00,32.3,0.0,50.7,64.0,8.7
2024-02-25 16:00:00,31.7,0.0,53.6,58.0,10.6
2024-02-25 17:00:00,31.8,0.0,54.9,67.0,11.1
2024-02-25 18:00:00,31.2,0.0,59.0,57.0,10.0
2024-02-25 19:00:00,29.6,0.0,66.4,64.0,10.5
2024-02-25 20:00:00,28.8,0.0,72.4,63.0,7.1
2024-02-25 21:00:00,28.3,0.0,76.0,63.0,7.3
2024-02-25 22:00:00,28.1,0.0,76.7,59.0,7.7
2024-02-25 23:00:00,27.8,0.0,78.7,65.0,8.0
2024-02-26 00:00:00,27.7,0.0,79.2,66.0,8.3
2024-02-26 01:00:00,27.5,0.0,80.4,70.0,7.4
2024-02-26 02:00:00,27.4,0.0,81.2,65.0,7.0
2024-02-26 03:00:00,27.1,0.0,82.4,68.0,6.9
2024-02-26 04:00:00,26.9,0.0,84.0,68.0,6.7
2024-02-26 05:00:00,26.7,0.0,84.9,53.0,5.4
2024-02-26 06:00:00,26.7,0.0,83.3,64.0,5.8
2024-02-26 07:00:00,26.8,0.0,82.9,60.0,5.1
2024-02-26 08:00:00,27.1,0.0,81.9,59.0,6.7
2024-02-26 09:00:00,28.2,0.0,78.2,65.0,7.1
2024-02-26 10:00:00,28.9,0.0,73.9,65.0,9.39999
2024-02-26 11:00:00,30.6,0.0,65.1,75.0,6.5
2024-02-26 12:00:00,30.9,0.0,61.1,78.0,8.0
2024-02-26 13:00:00,30.9,0.0,64.2,59.0,10.1
2024-02-26 14:00:00,31.4,0.0,61.2,68.0,11.8
2024-02-26 15:00:00,31.5,0.0,57.2,64.0,11.2
2024-02-26 16:00:00,31.1,0.0,64.0,54.0,11.8
2024-02-26 17:00:00,31.3,0.0,58.7,74.0,7.3
2024-02-26 18:00:00,30.3,0.0,62.9,70.0,13.6
2024-02-26 19:00:00,29.4,0.0,65.8,57.0,11.5
2024-02-26 20:00:00,28.6,0.0,74.0,67.0,8.2
2024-02-26 21:00:00,28.1,0.0,76.5,64.0,8.10001
2024-02-26 22:00:00,27.9,0.0,77.2,66.0,8.8
2024-02-26 23:00:00,27.8,0.0,78.4,66.0,7.4
2024-02-27 00:00:00,27.8,0.0,77.8,68.0,7.5
2024-02-27 01:00:00,27.8,0.0,78.1,62.0,7.3
2024-02-27 02:00:00,28.0,0.0,76.9,48.0,8.10001
2024-02-27 03:00:00,27.6,0.0,78.8,69.0,6.1
2024-02-27 04:00:00,27.5,0.0,79.4,63.0,7.7
2024-02-27 05:00:00,27.4,0.0,80.1,69.0,7.9
2024-02-27 06:00:00,27.4,0.0,79.7,63.0,7.1
2024-02-27 07:00:00,27.4,0.0,79.5,68.0,6.8
2024-02-27 08:00:00,27.7,0.0,78.1,69.0,6.2
2024-02-27 09:00:00,28.1,0.0,76.3,56.0,8.39999
2024-02-27 10:00:00,28.4,0.0,75.1,64.0,8.3
2024-02-27 11:00:00,28.5,0.0,74.4,65.0,9.10001
2024-02-27 12:00:00,29.2,0.0,72.1,57.0,7.4
2024-02-27 13:00:00,29.4,0.0,73.4,66.0,2.3
2024-02-27 14:00:00,29.4,0.0,71.5,57.0,6.1
2024-02-27 15:00:00,30.1,0.0,67.9,60.0,6.0
2024-02-27 16:00:00,29.0,0.0,69.7,66.0,9.0
2024-02-27 17:00:00,30.5,0.0,65.3,55.0,7.9
2024-02-27 18:00:00,29.5,0.0,68.0,39.0,7.6
2024-02-27 19:00:00,29.0,0.0,71.3,69.0,7.6
2024-02-27 20:00:00,28.3,0.0,75.2,68.0,8.39999
2024-02-27 21:00:00,27.9,0.0,75.8,67.0,10.7
2024-02-27 22:00:00,27.7,0.0,76.0,70.0,9.3
2024-02-27 23:00:00,27.3,0.0,80.3,68.0,7.3
2024-02-28 00:00:00,27.3,0.0,81.5,67.0,6.1
2024-02-28 01:00:00,27.3,0.0,81.7,69.0,5.8
2024-02-28 02:00:00,27.3,0.0,81.2,61.0,6.3
2024-02-28 03:00:00,27.3,0.0,80.7,59.0,6.6
2024-02-28 04:00:00,27.5,0.0,79.1,53.0,6.4
2024-02-28 05:00:00,27.6,0.0,77.3,60.0,7.6
2024-02-28 06:00:00,27.3,0.0,77.6,62.0,8.2
2024-02-28 07:00:00,26.9,0.0,79.0,64.0,6.6
2024-02-28 08:00:00,27.2,0.0,77.2,60.0,6.4
2024-02-28 09:00:00,28.1,0.0,72.6,63.0,8.8
2024-02-28 10:00:00,29.6,0.0,67.1,56.0,10.8
2024-02-28 11:00:00,31.1,0.0,59.0,61.0,7.8
2024-02-28 12:00:00,30.5,0.0,62.7,42.0,11.8
2024-02-28 13:00:00,30.3,0.0,64.6,72.0,9.10001
2024-02-28 14:00:00,30.7,0.0,60.1,65.0,12.2
2024-02-28 15:00:00,31.3,0.0,51.9,69.0,13.9
2024-02-28 16:00:00,31.6,0.0,49.1,74.0,12.1
2024-02-28 17:00:00,30.9,0.0,54.4,64.0,11.7
2024-02-28 18:00:00,30.1,0.0,55.3,74.0,12.1
2024-02-28 19:00:00,29.2,0.0,61.7,68.0,11.1
2024-02-28 20:00:00,28.5,0.0,66.5,64.0,8.60001
2024-02-28 21:00:00,28.0,0.0,71.6,68.0,6.9
2024-02-28 22:00:00,27.9,0.0,73.4,63.0,7.2
2024-02-28 23:00:00,28.1,0.0,73.5,40.0,7.8
2024-02-29 00:00:00,27.7,0.0,75.1,63.0,6.3
2024-02-29 01:00:00,27.5,0.0,76.1,61.0,8.3
2024-02-29 02:00:00,27.2,0.0,77.5,65.0,7.2
2024-02-29 03:00:00,27.1,0.0,77.5,68.0,6.8
2024-02-29 04:00:00,27.2,0.0,76.9,54.0,8.0
2024-02-29 05:00:00,27.2,0.0,77.2,41.0,6.3
2024-02-29 06:00:00,27.2,0.0,77.3,46.0,7.9
2024-02-29 07:00:00,27.1,0.0,77.3,58.0,6.7
2024-02-29 08:00:00,27.2,0.0,77.9,67.0,6.9
2024-02-29 09:00:00,28.0,0.0,75.3,69.0,10.2
2024-02-29 10:00:00,29.4,0.0,69.4,70.0,10.7
2024-02-29 11:00:00,30.7,0.0,61.9,53.0,9.60001
2024-02-29 12:00:00,30.9,0.0,59.8,58.0,10.2
2024-02-29 13:00:00,32.3,0.0,51.8,46.0,8.7
2024-02-29 14:00:00,32.1,0.0,53.0,55.0,9.7
2024-02-29 15:00:00,32.8,0.0,50.7,60.0,9.7
2024-02-29 16:00:00,32.4,0.0,50.0,66.0,11.8
2024-02-29 17:00:00,31.9,0.0,54.8,69.0,12.0
2024-02-29 18:00:00,31.6,0.0,56.5,60.0,11.2
2024-02-29 19:00:00,30.4,0.0,63.8,65.0,10.2
2024-02-29 20:00:00,29.3,0.0,71.2,65.0,9.5
2024-02-29 21:00:00,28.6,0.0,73.7,66.0,8.2
2024-02-29 22:00:00,28.7,0.0,73.7,64.0,7.9
2024-02-29 23:00:00,28.5,0.0,73.3,62.0,8.0
2024-03-01 00:00:00,28.3,0.0,75.8,54.0,8.2
2024-03-01 01:00:00,27.9,0.0,75.5,69.0,7.5
2024-03-01 02:00:00,27.3,0.0,79.0,62.0,6.5
2024-03-01 03:00:00,27.3,0.0,79.7,67.0,6.5
2024-03-01 04:00:00,27.4,0.0,81.9,69.0,5.7
2024-03-01 05:00:00,27.6,0.0,80.9,69.0,6.3
2024-03-01 06:00:00,27.7,0.0,81.3,71.0,6.1
2024-03-01 07:00:00,27.7,0.0,81.2,71.0,5.1
2024-03-01 08:00:00,27.8,0.0,81.1,68.0,6.4
2024-03-01 09:00:00,28.5,0.0,77.9,62.0,7.7
2024-03-01 10:00:00,29.8,0.0,71.7,54.0,7.0
2024-03-01 11:00:00,30.5,0.0,68.3,54.0,9.0
2024-03-01 12:00:00,31.4,0.0,64.1,62.0,9.60001
2024-03-01 13:00:00,30.7,0.0,67.0,62.0,10.5
2024-03-01 14:00:00,31.3,0.0,62.8,57.0,9.39999
2024-03-01 15:00:00,31.0,0.0,68.6,68.0,7.1
2024-03-01 16:00:00,30.7,0.0,67.2,70.0,10.0
2024-03-01 17:00:00,29.9,0.0,69.1,73.0,9.8
2024-03-01 18:00:00,29.7,0.0,70.6,51.0,9.10001
2024-03-01 19:00:00,29.1,0.0,73.9,64.0,9.7
2024-03-01 20:00:00,28.8,0.0,75.2,67.0,8.89999
2024-03-01 21:00:00,28.8,0.0,75.5,63.0,7.9
2024-03-01 22:00:00,28.5,0.0,78.0,66.0,7.4
2024-03-01 23:00:00,28.3,0.0,78.7,64.0,6.8
2024-03-02 00:00:00,28.3,0.0,79.1,68.0,7.7
2024-03-02 01:00:00,28.2,0.0,79.1,56.0,7.0
2024-03-02 02:00:00,27.7,0.0,81.6,67.0,6.6
2024-03-02 03:00:00,27.7,0.0,81.1,58.0,6.2
2024-03-02 04:00:00,27.5,0.0,81.9,66.0,6.9
2024-03-02 05:00:00,27.7,0.0,80.7,52.0,5.8
2024-03-02 06:00:00,27.6,0.0,81.0,60.0,6.1
2024-03-02 07:00:00,27.7,0.0,80.0,46.0,5.6
2024-03-02 08:00:00,27.7,0.0,80.8,1.0,3.3
2024-03-02 09:00:00,28.5,0.0,77.8,61.0,6.3
2024-03-02 10:00:00,29.9,0.0,69.8,40.0,7.0
2024-03-02 11:00:00,30.4,0.0,69.3,58.0,9.3
2024-03-02 12:00:00,30.9,0.0,66.6,41.0,7.3
2024-03-02 13:00:00,31.4,0.0,61.5,73.0,8.3
2024-03-02 14:00:00,31.4,0.0,60.4,21.0,5.4
2024-03-02 15:00:00,28.9,0.0,78.5,49.0,4.4
2024-03-02 16:00:00,30.0,0.0,70.0,59.0,9.39999
2024-03-02 17:00:00,30.4,0.0,64.3,45.0,10.2
2024-03-02 18:00:00,29.4,0.0,70.4,51.0,8.3
2024-03-02 19:00:00,28.5,0.0,73.6,56.0,8.7
2024-03-02 20:00:00,28.6,0.0,72.8,50.0,8.10001
2024-03-02 21:00:00,28.0,0.0,74.8,54.0,9.39999
2024-03-02 22:00:00,27.7,0.0,78.4,63.0,6.4
2024-03-02 23:00:00,27.5,0.0,81.3,70.0,5.5
2024-03-03 00:00:00,27.4,0.0,81.1,68.0,6.3
2024-03-03 01:00:00,27.3,0.0,82.7,67.0,6.7
2024-03-03 02:00:00,27.1,0.0,84.0,66.0,7.0
2024-03-03 03:00:00,27.1,0.0,84.3,66.0,6.3
2024-03-03 04:00:00,27.1,0.0,83.3,69.0,6.2
2024-03-03 05:00:00,25.1,0.0,92.7,37.0,9.2
2024-03-03 06:00:00,26.0,0.0,89.8,50.0,8.39999
2024-03-03 07:00:00,25.2,0.0,90.7,45.0,9.2
2024-03-03 08:00:00,25.8,0.0,88.8,41.0,7.1
2024-03-03 09:00:00,26.3,0.0,87.9,61.0,7.8
2024-03-03 10:00:00,26.0,0.0,90.0,35.0,10.6
2024-03-03 11:00:00,26.7,0.0,85.9,21.0,4.3
2024-03-03 12:00:00,28.2,0.0,79.3,69.0,8.60001
2024-03-03 13:00:00,28.3,0.0,78.0,62.0,7.7
2024-03-03 14:00:00,29.6,0.0,74.3,63.0,8.3
2024-03-03 15:00:00,27.9,0.2,82.4,57.0,11.1
2024-03-03 16:00:00,29.2,0.0,75.9,60.0,6.0
2024-03-03 17:00:00,28.7,0.0,81.9,66.0,5.4
2024-03-03 18:00:00,28.2,0.0,82.6,28.0,3.8
2024-03-03 19:00:00,28.5,0.0,80.5,54.0,6.1
2024-03-03 20:00:00,28.0,0.0,81.7,59.0,6.5
2024-03-03 21:00:00,27.7,0.0,83.1,57.0,5.8
2024-03-03 22:00:00,27.7,0.0,82.2,65.0,6.3
2024-03-03 23:00:00,27.6,0.0,82.6,67.0,5.5
2024-03-04 00:00:00,27.6,0.0,81.9,64.0,5.6
2024-03-04 01:00:00,27.6,0.0,82.2,60.0,5.3
2024-03-04 02:00:00,27.3,0.0,84.3,58.0,5.0
2024-03-04 03:00:00,27.4,0.0,82.4,63.0,6.9
2024-03-04 04:00:00,27.3,0.0,82.7,57.0,4.9
2024-03-04 05:00:00,27.1,0.0,83.9,64.0,4.8
2024-03-04 06:00:00,27.2,0.0,83.6,19.0,3.8
2024-03-04 07:00:00,27.1,0.0,83.9,35.0,4.3
2024-03-04 08:00:00,27.5,0.0,82.3,65.0,5.1
2024-03-04 09:00:00,28.1,0.0,80.3,65.0,6.8
2024-03-04 10:00:00,29.2,0.0,74.7,62.0,9.89999
2024-03-04 11:00:00,29.4,0.0,73.8,59.0,7.8
2024-03-04 12:00:00,30.1,0.0,69.7,44.0,9.0
2024-03-04 13:00:00,31.3,0.0,64.2,52.0,5.8
2024-03-04 14:00:00,30.8,0.0,69.1,73.0,7.9
2024-03-04 15:00:00,30.7,0.0,69.5,49.0,6.1
2024-03-04 16:00:00,30.6,0.0,67.6,65.0,8.8
2024-03-04 17:00:00,30.2,0.0,69.1,74.0,6.7
2024-03-04 18:00:00,29.7,0.0,72.8,67.0,5.4
2024-03-04 19:00:00,29.3,0.8,74.8,50.0,7.0
2024-03-04 20:00:00,28.2,0.0,80.5,63.0,6.1
2024-03-04 21:00:00,28.3,0.0,79.9,64.0,5.4
2024-03-04 22:00:00,27.0,0.0,87.3,311.0,3.4
2024-03-04 23:00:00,26.0,0.6,91.2,330.0,6.6
2024-03-05 00:00:00,25.3,2.2,91.2,8.0,4.6
2024-03-05 01:00:00,24.7,0.2,94.1,19.0,6.8
2024-03-05 02:00:00,24.8,0.0,92.6,37.0,6.3
2024-03-05 03:00:00,25.1,0.0,89.3,15.0,3.4
2024-03-05 04:00:00,25.5,0.0,89.1,55.0,3.6
2024-03-05 05:00:00,25.8,0.0,88.7,73.0,2.0
2024-03-05 06:00:00,26.2,0.0,87.1,58.0,3.1
2024-03-05 07:00:00,26.5,0.0,87.4,57.0,2.3
2024-03-05 08:00:00,26.8,0.0,86.7,345.0,1.0
2024-03-05 09:00:00,27.7,0.0,84.0,58.0,5.6
2024-03-05 10:00:00,28.5,0.0,78.0,72.0,6.2
2024-03-05 11:00:00,30.4,0.0,69.6,70.0,4.0
2024-03-05 12:00:00,31.0,0.0,66.1,61.0,3.2
2024-03-05 13:00:00,30.9,0.0,66.1,56.0,3.1
2024-03-05 14:00:00,26.6,6.8,90.7,328.0,8.39999
2024-03-05 15:00:00,24.9,3.8,93.9,347.0,11.3
2024-03-05 16:00:00,25.4,0.0,93.9,351.0,9.0
2024-03-05 17:00:00,26.1,0.2,91.5,44.0,7.5
2024-03-05 18:00:00,26.5,0.0,90.6,356.0,4.3
2024-03-05 19:00:00,26.6,0.0,87.3,63.0,7.0
2024-03-05 20:00:00,25.8,0.0,90.8,39.0,8.89999
2024-03-05 21:00:00,25.8,0.0,90.9,47.0,7.2
2024-03-05 22:00:00,25.8,0.0,91.1,47.0,3.8
2024-03-05 23:00:00,25.9,0.0,90.4,359.0,3.1
2024-03-06 00:00:00,25.9,0.0,88.2,98.0,1.8
2024-03-06 01:00:00,26.2,0.0,87.2,36.0,2.0
2024-03-06 02:00:00,26.2,0.0,86.5,325.0,1.8
2024-03-06 03:00:00,26.3,0.0,86.9,13.0,2.1
2024-03-06 04:00:00,26.1,0.0,88.7,337.0,2.2
2024-03-06 05:00:00,25.9,0.0,89.5,346.0,1.7
2024-03-06 06:00:00,25.8,0.0,90.2,333.0,2.7
2024-03-06 07:00:00,25.9,0.0,88.2,343.0,2.5
2024-03-06 08:00:00,26.3,0.0,85.3,297.0,2.3
2024-03-06 09:00:00,27.2,0.0,82.2,37.0,3.4
2024-03-06 10:00:00,28.8,0.0,75.1,34.0,5.9
2024-03-06 11:00:00,30.1,0.0,70.0,67.0,6.8
2024-03-06 12:00:00,32.1,0.0,62.3,62.0,3.3
2024-03-06 13:00:00,31.0,0.0,66.4,208.0,4.6
2024-03-06 14:00:00,32.0,0.0,64.6,202.0,5.9
2024-03-06 15:00:00,30.1,0.0,68.2,223.0,4.1
2024-03-06 16:00:00,28.0,0.0,84.9,42.0,4.4
2024-03-06 17:00:00,27.9,0.0,79.3,346.0,3.8
2024-03-06 18:00:00,28.2,0.0,71.8,8.0,2.1
2024-03-06 19:00:00,28.5,0.0,74.1,73.0,2.5
2024-03-06 20:00:00,28.1,0.0,76.3,63.0,5.5
2024-03-06 21:00:00,27.9,0.0,81.0,75.0,3.1
2024-03-06 22:00:00,27.7,0.0,82.1,60.0,4.0
2024-03-06 23:00:00,27.6,0.0,82.5,62.0,4.2
2024-03-07 00:00:00,27.7,0.0,83.1,43.0,3.3
2024-03-07 01:00:00,27.6,0.0,84.4,33.0,1.8
2024-03-07 02:00:00,27.7,0.0,84.5,50.0,2.7
2024-03-07 03:00:00,27.6,0.0,84.8,46.0,2.8
2024-03-07 04:00:00,27.6,0.0,84.9,21.0,1.9
2024-03-07 05:00:00,27.4,0.0,86.1,51.0,3.9
2024-03-07 06:00:00,27.2,0.0,87.0,63.0,1.9
2024-03-07 07:00:00,27.2,0.0,86.9,30.0,2.6
2024-03-07 08:00:00,27.4,0.0,86.5,20.0,3.6
2024-03-07 09:00:00,28.2,0.0,83.0,53.0,5.9
2024-03-07 10:00:00,29.2,0.0,77.4,60.0,7.6
2024-03-07 11:00:00,30.1,0.0,70.5,65.0,5.0
2024-03-07 12:00:00,31.7,0.0,65.1,47.0,5.5
2024-03-07 13:00:00,32.2,0.0,61.5,67.0,5.3
2024-03-07 14:00:00,31.1,0.0,71.4,225.0,4.4
2024-03-07 15:00:00,27.3,0.0,81.5,344.0,4.1
2024-03-07 16:00:00,31.8,0.0,64.9,48.0,3.4
2024-03-07 17:00:00,27.5,1.2,87.4,18.0,9.3
2024-03-07 18:00:00,25.9,0.2,88.8,32.0,5.7
2024-03-07 19:00:00,26.6,0.0,92.1,40.0,6.3
2024-03-07 20:00:00,26.2,0.2,90.4,44.0,6.9
2024-03-07 21:00:00,26.8,0.0,87.6,348.0,4.2
2024-03-07 22:00:00,27.4,0.0,86.4,58.0,3.1
2024-03-07 23:00:00,27.7,0.0,86.6,61.0,3.8
2024-03-08 00:00:00,27.9,0.0,85.2,65.0,3.6
2024-03-08 01:00:00,27.8,0.0,83.7,22.0,2.8
2024-03-08 02:00:00,27.6,0.0,85.6,58.0,3.3
2024-03-08 03:00:00,27.3,0.0,87.6,55.0,3.9
2024-03-08 04:00:00,27.3,0.0,85.6,21.0,3.1
2024-03-08 05:00:00,27.3,0.0,85.9,27.0,3.8
2024-03-08 06:00:00,27.3,0.0,85.1,36.0,4.1
2024-03-08 07:00:00,27.0,0.0,86.8,341.0,2.2
2024-03-08 08:00:00,27.1,0.0,87.0,345.0,2.4
2024-03-08 09:00:00,27.6,0.0,84.5,277.0,3.3
2024-03-08 10:00:00,28.4,0.0,79.8,346.0,2.8
2024-03-08 11:00:00,29.8,0.0,72.9,330.0,4.0
2024-03-08 12:00:00,30.3,0.0,69.4,345.0,2.6
2024-03-08 13:00:00,30.0,0.0,70.4,22.0,4.1
2024-03-08 14:00:00,30.4,0.0,69.6,316.0,3.2
2024-03-08 15:00:00,29.8,0.2,73.8,290.0,4.6
2024-03-08 16:00:00,24.9,0.6,92.3,53.0,8.89999
2024-03-08 17:00:00,25.8,0.0,90.8,13.0,6.9
2024-03-08 18:00:00,26.2,0.0,88.7,44.0,7.8
2024-03-08 19:00:00,26.8,0.0,86.6,69.0,5.5
2024-03-08 20:00:00,26.8,0.0,85.2,69.0,5.2
2024-03-08 21:00:00,26.6,0.0,83.0,54.0,4.3
2024-03-08 22:00:00,26.5,0.0,85.1,49.0,4.0
2024-03-08 23:00:00,26.5,0.0,84.5,58.0,3.4
2024-03-09 00:00:00,26.9,0.0,82.7,52.0,2.8
2024-03-09 01:00:00,27.1,0.0,80.9,66.0,3.7
2024-03-09 02:00:00,26.7,0.0,83.1,67.0,3.2
2024-03-09 03:00:00,26.3,0.0,84.0,59.0,3.4
2024-03-09 04:00:00,26.3,0.0,84.8,66.0,4.4
2024-03-09 05:00:00,26.5,0.0,83.5,69.0,5.0
2024-03-09 06:00:00,26.9,0.0,81.7,49.0,4.2
2024-03-09 07:00:00,26.6,0.0,83.2,70.0,4.0
2024-03-09 08:00:00,26.5,0.0,84.2,67.0,5.6
2024-03-09 09:00:00,27.3,0.0,78.7,74.0,6.0
2024-03-09 10:00:00,28.0,0.0,74.4,65.0,7.8
2024-03-09 11:00:00,29.8,0.0,69.8,67.0,6.1
2024-03-09 12:00:00,30.9,0.0,57.4,66.0,8.10001
2024-03-09 13:00:00,31.8,0.0,52.4,69.0,6.5
2024-03-09 14:00:00,31.3,0.0,59.1,75.0,4.8
2024-03-09 15:00:00,31.2,0.0,58.8,67.0,4.8
2024-03-09 16:00:00,32.2,0.0,55.1,56.0,4.9
2024-03-09 17:00:00,32.2,0.0,55.5,59.0,5.9
2024-03-09 18:00:00,31.1,0.0,58.3,59.0,4.5
2024-03-09 19:00:00,30.0,0.0,62.9,65.0,4.9
2024-03-09 20:00:00,29.3,0.0,67.1,72.0,3.5
2024-03-09 21:00:00,29.0,0.0,70.8,56.0,2.9
2024-03-09 22:00:00,28.7,0.0,73.2,50.0,3.1
2024-03-09 23:00:00,28.5,0.0,75.0,62.0,4.3
2024-03-10 00:00:00,27.9,0.0,80.0,63.0,5.9
2024-03-10 01:00:00,27.5,0.0,82.4,60.0,7.4
2024-03-10 02:00:00,27.4,0.0,82.3,65.0,5.9
2024-03-10 03:00:00,27.8,0.0,80.3,46.0,5.7
2024-03-10 04:00:00,27.5,0.0,82.2,20.0,4.6
2024-03-10 05:00:00,27.1,0.0,82.7,21.0,3.8
2024-03-10 06:00:00,27.1,0.0,82.5,18.0,4.0
2024-03-10 07:00:00,26.8,0.0,83.6,4.0,3.0
2024-03-10 08:00:00,27.0,0.0,82.9,336.0,2.5
2024-03-10 09:00:00,27.2,0.0,81.8,339.0,2.5
2024-03-10 10:00:00,27.7,0.0,77.9,39.0,5.1
2024-03-10 11:00:00,29.1,0.0,72.2,6.0,2.4
2024-03-10 12:00:00,29.2,0.0,75.5,41.0,5.0
2024-03-10 13:00:00,30.7,0.0,68.0,19.0,7.4
2024-03-10 14:00:00,30.5,0.0,68.2,62.0,9.5
2024-03-10 15:00:00,30.5,0.0,68.2,53.0,8.60001
2024-03-10 16:00:00,30.0,0.0,67.7,62.0,11.7
2024-03-10 17:00:00,29.7,0.0,68.3,66.0,10.5
2024-03-10 18:00:00,29.4,0.0,69.5,70.0,10.8
2024-03-10 19:00:00,29.1,0.0,70.6,70.0,9.2
2024-03-10 20:00:00,28.6,0.0,72.6,64.0,8.60001
2024-03-10 21:00:00,28.4,0.0,72.6,69.0,9.0
2024-03-10 22:00:00,28.4,0.0,72.4,52.0,8.39999
2024-03-10 23:00:00,28.2,0.0,73.7,52.0,7.0
2024-03-11 00:00:00,27.6,0.0,77.1,70.0,6.1
2024-03-11 01:00:00,27.6,0.0,77.9,66.0,7.4
2024-03-11 02:00:00,27.6,0.0,76.1,65.0,7.6
2024-03-11 03:00:00,27.3,0.0,76.4,64.0,6.4
2024-03-11 04:00:00,27.3,0.0,76.2,49.0,7.4
2024-03-11 05:00:00,27.3,0.0,74.8,52.0,8.10001
2024-03-11 06:00:00,27.2,0.0,74.4,46.0,7.2
2024-03-11 07:00:00,27.0,0.0,74.7,38.0,6.5
2024-03-11 08:00:00,27.0,0.0,75.1,39.0,7.0
2024-03-11 09:00:00,27.4,0.0,73.4,4.0,4.9
2024-03-11 10:00:00,28.3,0.0,70.5,22.0,5.5
2024-03-11 11:00:00,29.7,0.0,64.1,45.0,7.2
2024-03-11 12:00:00,30.7,0.0,57.4,55.0,11.3
2024-03-11 13:00:00,31.4,0.0,57.5,47.0,9.39999
2024-03-11 14:00:00,31.9,0.0,54.2,35.0,9.2
2024-03-11 15:00:00,31.5,0.0,52.2,54.0,10.9
2024-03-11 16:00:00,32.5,0.0,50.5,43.0,8.39999
2024-03-11 17:00:00,31.7,0.0,53.3,45.0,9.5
2024-03-11 18:00:00,31.3,0.0,54.1,42.0,7.4
2024-03-11 19:00:00,30.3,0.0,61.2,70.0,8.2
2024-03-11 20:00:00,30.2,0.0,61.3,3.0,3.6
2024-03-11 21:00:00,29.8,0.0,65.5,46.0,5.8
2024-03-11 22:00:00,28.7,0.0,73.8,64.0,4.3
2024-03-11 23:00:00,27.9,0.0,78.0,68.0,5.6
2024-03-12 00:00:00,28.5,0.0,73.5,22.0,3.8
2024-03-12 01:00:00,28.5,0.0,72.8,25.0,5.2
2024-03-12 02:00:00,28.4,0.0,74.3,36.0,6.9
2024-03-12 03:00:00,28.1,0.0,75.6,42.0,7.2
2024-03-12 04:00:00,28.1,0.0,75.3,43.0,7.4
2024-03-12 05:00:00,27.8,0.0,75.9,38.0,6.1
2024-03-12 06:00:00,27.9,0.0,75.0,31.0,5.6
2024-03-12 07:00:00,27.8,0.0,74.4,32.0,5.6
2024-03-12 08:00:00,28.0,0.0,73.5,31.0,5.5
2024-03-12 09:00:00,28.6,0.0,72.1,47.0,6.9
2024-03-12 10:00:00,29.7,0.0,66.3,25.0,8.7
2024-03-12 11:00:00,30.3,0.0,64.4,46.0,8.3
2024-03-12 12:00:00,31.1,0.0,58.2,17.0,7.1
2024-03-12 13:00:00,32.4,0.0,50.2,17.0,5.0
2024-03-12 14:00:00,32.6,0.0,49.9,42.0,6.0
2024-03-12 15:00:00,32.6,0.0,53.1,63.0,8.39999
2024-03-12 16:00:00,31.7,0.0,59.5,50.0,9.5
2024-03-12 17:00:00,31.2,0.0,60.4,49.0,8.39999
2024-03-12 18:00:00,30.8,0.0,60.2,57.0,11.5
2024-03-12 19:00:00,29.6,0.0,62.0,70.0,11.5
2024-03-12 20:00:00,28.8,0.0,64.8,68.0,9.89999
2024-03-12 21:00:00,28.6,0.0,69.5,51.0,9.7
2024-03-12 22:00:00,28.4,0.0,70.6,51.0,7.5
2024-03-12 23:00:00,28.3,0.0,73.2,58.0,8.2
2024-03-13 00:00:00,28.1,0.0,74.3,47.0,6.3
2024-03-13 01:00:00,27.9,0.0,73.4,61.0,8.2
2024-03-13 02:00:00,27.6,0.0,74.2,67.0,7.2
2024-03-13 03:00:00,27.4,0.0,73.4,64.0,8.60001
2024-03-13 04:00:00,27.2,0.0,74.2,41.0,6.8
2024-03-13 05:00:00,26.9,0.0,75.0,34.0,5.8
2024-03-13 06:00:00,27.0,0.0,74.7,49.0,6.1
2024-03-13 07:00:00,26.9,0.0,75.4,35.0,5.4
2024-03-13 08:00:00,27.4,0.0,74.2,41.0,4.5
2024-03-13 09:00:00,28.1,0.0,71.6,28.0,5.4
2024-03-13 10:00:00,29.4,0.0,63.6,43.0,8.5
2024-03-13 11:00:00,30.1,0.0,60.3,57.0,10.8
2024-03-13 12:00:00,31.0,0.0,56.0,71.0,11.8
2024-03-13 13:00:00,31.9,0.0,50.5,54.0,9.89999
2024-03-13 14:00:00,32.5,0.0,48.9,61.0,8.7
2024-03-13 15:00:00,32.4,0.0,46.1,57.0,9.89999
2024-03-13 16:00:00,33.2,0.0,40.7,54.0,8.2
2024-03-13 17:00:00,32.2,0.0,47.5,70.0,11.5
2024-03-13 18:00:00,31.7,0.0,50.0,70.0,11.9
2024-03-13 19:00:00,30.4,0.0,58.5,73.0,11.4
2024-03-13 20:00:00,29.1,0.0,65.4,63.0,8.8
2024-03-13 21:00:00,28.3,0.0,70.1,64.0,8.2
2024-03-13 22:00:00,28.4,0.0,71.3,67.0,7.0
2024-03-13 23:00:00,28.3,0.0,72.6,62.0,7.0
2024-03-14 00:00:00,28.1,0.0,74.6,60.0,8.39999
2024-03-14 01:00:00,27.7,0.0,76.6,54.0,7.0
2024-03-14 02:00:00,27.6,0.0,77.7,62.0,9.3
2024-03-14 03:00:00,27.5,0.0,77.9,23.0,5.0
2024-03-14 04:00:00,27.2,0.0,79.6,16.0,6.0
2024-03-14 05:00:00,27.1,0.0,79.6,27.0,6.4
2024-03-14 06:00:00,26.9,0.0,80.3,25.0,4.5
2024-03-14 07:00:00,26.9,0.0,79.8,57.0,5.1
2024-03-14 08:00:00,27.5,0.0,76.8,40.0,5.7
2024-03-14 09:00:00,28.0,0.0,75.1,26.0,5.9
2024-03-14 10:00:00,29.2,0.0,70.8,25.0,6.2
2024-03-14 11:00:00,30.3,0.0,64.3,48.0,8.39999
2024-03-14 12:00:00,31.6,0.0,57.1,64.0,10.1
2024-03-14 13:00:00,32.4,0.0,53.1,40.0,8.2
2024-03-14 14:00:00,33.2,0.0,49.9,60.0,7.3
2024-03-14 15:00:00,32.1,0.0,56.2,65.0,11.0
2024-03-14 16:00:00,31.9,0.0,57.1,66.0,11.3
2024-03-14 17:00:00,31.8,0.0,57.9,51.0,10.0
2024-03-14 18:00:00,30.8,0.0,64.3,72.0,6.6
2024-03-14 19:00:00,29.4,0.0,69.6,63.0,11.3
2024-03-14 20:00:00,28.5,0.0,74.6,64.0,9.0
2024-03-14 21:00:00,28.2,0.0,75.7,68.0,7.8
2024-03-14 22:00:00,28.1,0.0,75.6,71.0,7.6
2024-03-14 23:00:00,27.8,0.0,76.9,64.0,5.9
2024-03-15 00:00:00,27.4,0.0,77.3,65.0,6.4
2024-03-15 01:00:00,27.3,0.0,76.9,66.0,7.0
2024-03-15 02:00:00,27.3,0.0,76.7,68.0,6.2
2024-03-15 03:00:00,27.4,0.0,75.5,16.0,3.9
2024-03-15 04:00:00,27.2,0.0,77.2,26.0,3.4
2024-03-15 05:00:00,27.2,0.0,76.3,69.0,4.1
2024-03-15 06:00:00,27.0,0.0,78.0,66.0,2.5
2024-03-15 07:00:00,27.1,0.0,76.8,40.0,4.5
2024-03-15 08:00:00,27.4,0.0,75.5,73.0,4.6
2024-03-15 09:00:00,28.3,0.0,70.7,63.0,7.9
2024-03-15 10:00:00,29.2,0.0,67.7,61.0,7.4
2024-03-15 11:00:00,29.9,0.0,61.6,44.0,8.10001
2024-03-15 12:00:00,30.8,0.0,57.3,47.0,9.2
2024-03-15 13:00:00,30.9,0.0,60.1,73.0,7.7
2024-03-15 14:00:00,30.8,0.0,58.7,73.0,9.39999
2024-03-15 15:00:00,31.0,0.0,59.0,75.0,5.9
2024-03-15 16:00:00,30.8,0.0,62.5,60.0,6.0
2024-03-15 17:00:00,30.0,0.0,65.7,69.0,6.8
2024-03-15 18:00:00,29.5,0.0,66.7,59.0,10.8
2024-03-15 19:00:00,29.1,0.0,68.7,59.0,8.7
2024-03-15 20:00:00,28.5,0.0,69.3,56.0,7.5
2024-03-15 21:00:00,28.2,0.0,68.4,65.0,7.5
2024-03-15 22:00:00,27.9,0.0,68.6,65.0,7.4
2024-03-15 23:00:00,27.6,0.0,70.6,70.0,5.7
2024-03-16 00:00:00,27.4,0.0,73.1,67.0,6.2
2024-03-16 01:00:00,27.1,0.0,75.8,66.0,5.8
2024-03-16 02:00:00,27.0,0.0,77.7,69.0,5.9
2024-03-16 03:00:00,26.8,0.0,79.9,66.0,5.9
2024-03-16 04:00:00,26.7,0.0,81.2,66.0,5.5
2024-03-16 05:00:00,26.8,0.0,80.2,64.0,5.6
2024-03-16 06:00:00,26.7,0.0,80.3,67.0,5.7
2024-03-16 07:00:00,26.6,0.0,80.9,71.0,4.3
2024-03-16 08:00:00,26.9,0.0,79.8,64.0,3.1
2024-03-16 09:00:00,27.7,0.0,76.1,71.0,6.8
2024-03-16 10:00:00,29.2,0.0,70.4,60.0,6.4
2024-03-16 11:00:00,30.0,0.0,64.3,57.0,8.8
2024-03-16 12:00:00,31.3,0.0,56.6,67.0,8.5
2024-03-16 13:00:00,31.7,0.0,55.8,68.0,8.8
2024-03-16 14:00:00,32.6,0.0,53.5,63.0,6.5
2024-03-16 15:00:00,32.5,0.0,53.8,75.0,7.1
2024-03-16 16:00:00,31.7,0.0,57.0,75.0,10.1
2024-03-16 17:00:00,31.7,0.0,58.9,67.0,8.3
2024-03-16 18:00:00,30.6,0.0,61.3,73.0,11.6
2024-03-16 19:00:00,29.7,0.0,64.6,60.0,10.0
2024-03-16 20:00:00,29.0,0.0,69.6,69.0,8.7
2024-03-16 21:00:00,28.4,0.0,72.9,64.0,7.4
2024-03-16 22:00:00,28.2,0.0,74.7,59.0,7.2
2024-03-16 23:00:00,28.0,0.0,75.6,68.0,8.3
2024-03-17 00:00:00,27.6,0.0,77.7,66.0,8.3
2024-03-17 01:00:00,27.7,0.0,77.1,60.0,7.3
2024-03-17 02:00:00,27.7,0.0,76.8,62.0,7.2
2024-03-17 03:00:00,27.7,0.0,76.8,58.0,6.2
2024-03-17 04:00:00,27.3,0.0,78.4,68.0,5.8
2024-03-17 05:00:00,27.5,0.0,77.6,43.0,6.6
2024-03-17 06:00:00,27.4,0.0,78.2,66.0,6.0
2024-03-17 07:00:00,27.1,0.0,79.4,67.0,4.9
2024-03-17 08:00:00,27.6,0.0,77.0,41.0,6.7
2024-03-17 09:00:00,28.6,0.0,73.2,45.0,6.6
2024-03-17 10:00:00,29.4,0.0,69.3,18.0,6.3
2024-03-17 11:00:00,30.8,0.0,61.7,49.0,9.7
2024-03-17 12:00:00,31.5,0.0,58.6,37.0,8.8
2024-03-17 13:00:00,32.1,0.0,55.3,38.0,8.10001
2024-03-17 14:00:00,32.9,0.0,52.5,56.0,7.7
2024-03-17 15:00:00,32.4,0.0,56.3,66.0,11.5
2024-03-17 16:00:00,32.1,0.0,57.5,69.0,13.4
2024-03-17 17:00:00,31.7,0.0,59.7,67.0,13.2
2024-03-17 18:00:00,30.7,0.0,63.1,64.0,11.6
2024-03-17 19:00:00,29.8,0.0,67.7,70.0,10.1
2024-03-17 20:00:00,29.3,0.0,71.1,70.0,9.39999
2024-03-17 21:00:00,28.7,0.0,74.9,69.0,9.0
2024-03-17 22:00:00,28.6,0.0,75.6,70.0,8.7
2024-03-17 23:00:00,28.6,0.0,74.1,59.0,10.2
2024-03-18 00:00:00,28.4,0.0,74.1,42.0,8.2
2024-03-18 01:00:00,28.0,0.0,73.7,63.0,8.89999
2024-03-18 02:00:00,27.5,0.0,76.5,67.0,8.39999
2024-03-18 03:00:00,27.6,0.0,75.6,60.0,8.2
2024-03-18 04:00:00,27.5,0.0,74.8,44.0,7.9
2024-03-18 05:00:00,27.5,0.0,74.5,40.0,8.5
2024-03-18 06:00:00,27.2,0.0,76.4,23.0,5.2
2024-03-18 07:00:00,27.2,0.0,76.5,37.0,4.8
2024-03-18 08:00:00,27.8,0.0,73.5,48.0,5.2
2024-03-18 09:00:00,28.7,0.0,69.9,69.0,8.0
2024-03-18 10:00:00,29.6,0.0,64.2,67.0,10.3
2024-03-18 11:00:00,30.2,0.0,61.7,44.0,8.89999
2024-03-18 12:00:00,31.2,0.0,57.0,57.0,5.0
2024-03-18 13:00:00,32.4,0.0,53.3,49.0,9.0
2024-03-18 14:00:00,32.9,0.0,49.5,68.0,6.8
2024-03-18 15:00:00,33.0,0.0,50.8,70.0,7.5
2024-03-18 16:00:00,33.2,0.0,50.5,69.0,7.9
2024-03-18 17:00:00,32.6,0.0,54.5,61.0,10.8
2024-03-18 18:00:00,32.2,0.0,56.4,74.0,7.6
2024-03-18 19:00:00,30.6,0.0,64.7,72.0,9.89999
2024-03-18 20:00:00,29.6,0.0,70.3,63.0,11.1
2024-03-18 21:00:00,28.9,0.0,74.2,65.0,9.8
2024-03-18 22:00:00,28.7,0.0,75.7,53.0,6.2
2024-03-18 23:00:00,28.3,0.0,78.1,66.0,9.2
2024-03-19 00:00:00,28.2,0.0,78.3,67.0,7.7
2024-03-19 01:00:00,28.0,0.0,79.5,67.0,6.6
2024-03-19 02:00:00,27.8,0.0,80.9,69.0,7.8
2024-03-19 03:00:00,27.8,0.0,80.3,68.0,6.6
2024-03-19 04:00:00,27.5,0.0,82.2,70.0,8.39999
2024-03-19 05:00:00,27.4,0.0,82.3,70.0,6.2
2024-03-19 06:00:00,27.2,0.0,83.1,63.0,5.8
2024-03-19 07:00:00,27.2,0.0,82.2,62.0,6.1
2024-03-19 08:00:00,27.6,0.0,80.3,62.0,6.7
2024-03-19 09:00:00,28.7,0.0,74.2,68.0,9.39999
2024-03-19 10:00:00,29.8,0.0,68.7,71.0,11.3
2024-03-19 11:00:00,31.0,0.0,63.9,45.0,7.6
2024-03-19 12:00:00,32.2,0.0,57.0,58.0,8.0
2024-03-19 13:00:00,32.3,0.0,58.6,54.0,7.0
2024-03-19 14:00:00,31.9,0.0,59.4,70.0,9.60001
2024-03-19 15:00:00,31.9,0.0,61.2,70.0,7.3
2024-03-19 16:00:00,29.6,0.0,72.0,72.0,4.3
2024-03-19 17:00:00,27.7,1.0,83.4,346.0,5.8
2024-03-19 18:00:00,28.4,0.2,78.5,45.0,7.2
2024-03-19 19:00:00,29.0,0.0,74.9,67.0,7.5
2024-03-19 20:00:00,28.5,0.0,75.4,60.0,7.1
2024-03-19 21:00:00,28.3,0.0,76.7,58.0,6.8
2024-03-19 22:00:00,28.2,0.0,77.6,60.0,7.8
2024-03-19 23:00:00,28.0,0.0,78.6,64.0,5.6
2024-03-20 00:00:00,27.9,0.0,79.0,67.0,7.0
2024-03-20 01:00:00,27.8,0.0,79.1,64.0,6.5
2024-03-20 02:00:00,27.5,0.0,79.5,61.0,6.8
2024-03-20 03:00:00,27.3,0.0,79.9,68.0,7.3
2024-03-20 04:00:00,27.1,0.0,80.5,65.0,6.8
2024-03-20 05:00:00,27.1,0.0,80.5,64.0,6.2
2024-03-20 06:00:00,27.0,0.0,80.5,63.0,5.5
2024-03-20 07:00:00,27.1,0.0,80.8,57.0,4.7
2024-03-20 08:00:00,27.6,0.0,78.6,62.0,5.9
2024-03-20 09:00:00,28.7,0.0,74.3,63.0,9.0
2024-03-20 10:00:00,29.4,0.0,68.3,56.0,11.0
2024-03-20 11:00:00,30.9,0.0,64.4,60.0,8.39999
2024-03-20 12:00:00,31.2,0.0,62.4,61.0,8.89999
2024-03-20 13:00:00,31.2,0.2,64.3,63.0,6.9
2024-03-20 14:00:00,30.2,0.0,70.4,70.0,8.39999
2024-03-20 15:00:00,30.4,0.0,66.3,66.0,10.4
2024-03-20 16:00:00,30.4,0.0,66.6,64.0,10.5
2024-03-20 17:00:00,30.1,0.0,66.5,73.0,13.5
2024-03-20 18:00:00,30.0,0.0,66.4,67.0,10.7
2024-03-20 19:00:00,29.5,0.0,67.0,57.0,10.1
2024-03-20 20:00:00,28.8,0.0,72.5,66.0,8.8
2024-03-20 21:00:00,28.6,0.0,74.7,60.0,8.39999
2024-03-20 22:00:00,28.2,0.0,74.9,66.0,8.39999
2024-03-20 23:00:00,28.0,0.0,77.5,62.0,6.3
2024-03-21 00:00:00,28.0,0.0,78.0,66.0,7.9
2024-03-21 01:00:00,28.0,0.0,78.1,68.0,7.3
2024-03-21 02:00:00,27.8,0.0,77.8,67.0,7.0
2024-03-21 03:00:00,27.5,0.0,79.1,67.0,5.5
2024-03-21 04:00:00,27.3,0.0,79.8,63.0,5.5
2024-03-21 05:00:00,27.4,0.0,79.1,61.0,5.8
2024-03-21 06:00:00,27.3,0.0,80.0,61.0,5.5
2024-03-21 07:00:00,27.3,0.0,80.3,59.0,5.1
2024-03-21 08:00:00,27.9,0.0,77.4,63.0,7.2
2024-03-21 09:00:00,28.0,0.0,73.3,55.0,6.1
2024-03-21 10:00:00,28.7,0.0,74.2,54.0,6.4
2024-03-21 11:00:00,29.4,0.0,71.9,60.0,9.89999
2024-03-21 12:00:00,30.9,0.0,63.9,59.0,9.3
2024-03-21 13:00:00,30.8,0.0,64.6,61.0,6.1
2024-03-21 14:00:00,31.0,0.0,65.3,70.0,6.7
2024-03-21 15:00:00,29.3,0.0,74.8,46.0,6.6
2024-03-21 16:00:00,29.0,0.0,76.6,67.0,4.4
2024-03-21 17:00:00,30.0,0.0,66.0,70.0,8.89999
2024-03-21 18:00:00,30.3,0.0,60.1,62.0,10.4
2024-03-21 19:00:00,29.5,0.0,65.0,67.0,9.0
2024-03-21 20:00:00,28.8,0.0,69.9,59.0,7.1
2024-03-21 21:00:00,28.4,0.0,73.3,55.0,5.5
2024-03-21 22:00:00,28.1,0.0,75.8,58.0,6.4
2024-03-21 23:00:00,27.9,0.0,77.6,61.0,7.1
2024-03-22 00:00:00,27.7,0.0,78.0,60.0,6.2
2024-03-22 01:00:00,27.6,0.0,77.8,67.0,6.3
2024-03-22 02:00:00,27.5,0.0,78.5,70.0,6.6
2024-03-22 03:00:00,27.3,0.0,80.0,69.0,5.5
2024-03-22 04:00:00,27.2,0.0,80.4,70.0,5.7
2024-03-22 05:00:00,27.1,0.0,81.2,72.0,5.7
2024-03-22 06:00:00,26.8,0.0,82.8,63.0,5.0
2024-03-22 07:00:00,26.9,0.0,80.6,69.0,5.6
2024-03-22 08:00:00,27.2,0.0,78.9,58.0,6.3
2024-03-22 09:00:00,28.2,0.0,72.9,71.0,6.7
2024-03-22 10:00:00,29.2,0.0,69.4,61.0,8.7
2024-03-22 11:00:00,30.0,0.0,63.7,52.0,7.1
2024-03-22 12:00:00,31.2,0.0,56.9,58.0,8.8
2024-03-22 13:00:00,31.1,0.0,58.3,63.0,8.3
2024-03-22 14:00:00,32.0,0.0,54.5,75.0,6.4
2024-03-22 15:00:00,32.5,0.0,53.7,60.0,6.0
2024-03-22 16:00:00,31.6,0.0,55.5,82.0,6.1
2024-03-22 17:00:00,31.5,0.0,56.0,74.0,6.7
2024-03-22 18:00:00,30.6,0.0,59.8,72.0,6.9
2024-03-22 19:00:00,29.6,0.0,62.9,68.0,9.0
2024-03-22 20:00:00,28.9,0.0,67.7,64.0,6.3
2024-03-22 21:00:00,28.5,0.0,68.7,63.0,8.10001
2024-03-22 22:00:00,28.4,0.0,70.7,65.0,4.4
2024-03-22 23:00:00,28.3,0.0,73.6,77.0,3.6
2024-03-23 00:00:00,28.3,0.0,72.3,68.0,4.7
2024-03-23 01:00:00,27.8,0.0,73.8,66.0,6.0
2024-03-23 02:00:00,27.7,0.0,75.6,61.0,4.9
2024-03-23 03:00:00,27.3,0.0,78.6,62.0,5.6
2024-03-23 04:00:00,27.1,0.0,79.7,64.0,4.6
2024-03-23 05:00:00,27.0,0.0,80.3,66.0,6.1
2024-03-23 06:00:00,26.8,0.0,81.4,61.0,5.9
2024-03-23 07:00:00,26.7,0.0,81.8,65.0,5.2
2024-03-23 08:00:00,27.2,0.0,78.0,59.0,5.9
2024-03-23 09:00:00,28.6,0.0,72.5,72.0,5.4
2024-03-23 10:00:00,30.3,0.0,63.9,62.0,4.5
2024-03-23 11:00:00,31.0,0.0,60.7,54.0,7.4
2024-03-23 12:00:00,31.7,0.0,56.7,49.0,6.6
2024-03-23 13:00:00,32.6,0.0,57.3,69.0,6.4
2024-03-23 14:00:00,33.7,0.0,53.6,58.0,6.7
2024-03-23 15:00:00,33.1,0.0,51.7,64.0,7.2
2024-03-23 16:00:00,33.8,0.0,48.3,66.0,5.2
2024-03-23 17:00:00,32.8,0.0,53.1,68.0,5.5
2024-03-23 18:00:00,31.7,0.0,56.2,75.0,6.2
2024-03-23 19:00:00,30.9,0.0,54.5,71.0,6.4
2024-03-23 20:00:00,29.4,0.0,69.0,67.0,7.5
2024-03-23 21:00:00,28.8,0.0,71.9,68.0,5.3
2024-03-23 22:00:00,28.5,0.0,73.9,68.0,5.7
2024-03-23 23:00:00,28.4,0.0,74.4,65.0,5.3
2024-03-24 00:00:00,28.2,0.0,75.9,62.0,5.7
2024-03-24 01:00:00,28.1,0.0,75.1,66.0,4.4
2024-03-24 02:00:00,27.8,0.0,77.3,61.0,5.4
2024-03-24 03:00:00,27.5,0.0,79.8,58.0,5.7
2024-03-24 04:00:00,27.1,0.0,79.9,68.0,6.3
2024-03-24 05:00:00,27.2,0.0,79.6,66.0,5.0
2024-03-24 06:00:00,27.2,0.0,79.6,64.0,5.1
2024-03-24 07:00:00,27.1,0.0,80.6,62.0,5.0
2024-03-24 08:00:00,27.6,0.0,77.8,70.0,5.2
2024-03-24 09:00:00,28.9,0.0,71.9,65.0,5.5
2024-03-24 10:00:00,29.3,0.0,69.9,56.0,8.39999
2024-03-24 11:00:00,30.6,0.0,64.0,36.0,6.6
2024-03-24 12:00:00,31.6,0.0,61.5,49.0,6.8
2024-03-24 13:00:00,32.7,0.0,57.4,61.0,5.8
2024-03-24 14:00:00,33.3,0.0,53.7,50.0,3.8
2024-03-24 15:00:00,32.3,0.0,62.3,293.0,2.8
2024-03-24 16:00:00,33.0,0.0,62.0,222.0,5.1
2024-03-24 17:00:00,32.7,0.0,56.8,65.0,5.1
2024-03-24 18:00:00,31.9,0.0,59.3,79.0,6.0
2024-03-24 19:00:00,30.1,0.0,68.1,72.0,8.2
2024-03-24 20:00:00,29.4,0.0,72.9,60.0,7.0
2024-03-24 21:00:00,29.0,0.0,73.6,68.0,8.10001
2024-03-24 22:00:00,28.8,0.0,75.5,62.0,4.0
2024-03-24 23:00:00,28.5,0.0,76.6,69.0,5.7
2024-03-25 00:00:00,28.2,0.0,77.8,66.0,6.5
2024-03-25 01:00:00,28.1,0.0,77.9,61.0,5.3
2024-03-25 02:00:00,27.7,0.0,79.6,56.0,5.7
2024-03-25 03:00:00,27.6,0.0,80.3,60.0,5.4
2024-03-25 04:00:00,27.3,0.0,82.4,68.0,5.5
2024-03-25 05:00:00,27.2,0.0,83.0,62.0,5.6
2024-03-25 06:00:00,27.2,0.0,83.1,59.0,4.6
2024-03-25 07:00:00,27.1,0.0,81.8,65.0,6.0
2024-03-25 08:00:00,27.5,0.0,80.7,65.0,6.5
2024-03-25 09:00:00,29.5,0.0,72.6,55.0,5.7
2024-03-25 10:00:00,29.8,0.0,68.3,47.0,8.60001
2024-03-25 11:00:00,31.2,0.0,60.7,65.0,7.5
2024-03-25 12:00:00,32.3,0.0,57.3,73.0,5.5
2024-03-25 13:00:00,32.8,0.0,52.8,60.0,7.1
2024-03-25 14:00:00,32.5,0.0,53.2,73.0,7.0
2024-03-25 15:00:00,33.3,0.0,50.8,63.0,9.5
2024-03-25 16:00:00,32.7,0.0,53.1,70.0,8.60001
2024-03-25 17:00:00,32.7,0.0,53.9,69.0,7.7
2024-03-25 18:00:00,31.6,0.0,59.6,67.0,11.2
2024-03-25 19:00:00,30.6,0.0,62.4,67.0,8.8
2024-03-25 20:00:00,29.6,0.0,68.8,70.0,8.60001
2024-03-25 21:00:00,29.2,0.0,70.2,63.0,7.2
2024-03-25 22:00:00,28.8,0.0,73.8,62.0,7.6
2024-03-25 23:00:00,28.6,0.0,76.3,61.0,6.6
2024-03-26 00:00:00,28.4,0.0,78.0,68.0,6.0
2024-03-26 01:00:00,28.2,0.0,78.6,62.0,7.0
2024-03-26 02:00:00,28.1,0.0,80.0,57.0,6.1
2024-03-26 03:00:00,27.9,0.0,81.3,68.0,6.8
2024-03-26 04:00:00,27.9,0.0,80.0,69.0,5.6
2024-03-26 05:00:00,27.8,0.0,80.3,71.0,5.9
2024-03-26 06:00:00,27.6,0.0,80.9,71.0,6.5
2024-03-26 07:00:00,27.7,0.0,81.8,52.0,4.0
2024-03-26 08:00:00,28.1,0.0,81.0,70.0,4.5
2024-03-26 09:00:00,28.9,0.0,77.1,64.0,9.3
2024-03-26 10:00:00,30.1,0.0,68.9,66.0,9.39999
2024-03-26 11:00:00,31.5,0.0,60.7,73.0,8.7
2024-03-26 12:00:00,32.4,0.0,55.7,69.0,5.1
2024-03-26 13:00:00,32.7,0.0,52.1,62.0,8.89999
2024-03-26 14:00:00,33.3,0.0,52.7,53.0,8.89999
2024-03-26 15:00:00,33.1,0.0,55.1,63.0,7.2
2024-03-26 16:00:00,31.9,0.0,58.5,66.0,13.9
2024-03-26 17:00:00,32.3,0.0,58.2,70.0,9.7
2024-03-26 18:00:00,31.6,0.0,61.8,66.0,9.60001
2024-03-26 19:00:00,30.4,0.0,66.3,61.0,7.3
2024-03-26 20:00:00,29.5,0.0,69.6,66.0,7.8
2024-03-26 21:00:00,29.1,0.0,71.3,59.0,7.2
2024-03-26 22:00:00,28.8,0.0,72.8,65.0,6.8
2024-03-26 23:00:00,28.4,0.0,76.4,62.0,7.7
2024-03-27 00:00:00,28.1,0.0,79.0,61.0,6.0
2024-03-27 01:00:00,28.0,0.0,79.0,57.0,5.5
2024-03-27 02:00:00,27.8,0.0,80.3,66.0,6.1
2024-03-27 03:00:00,27.6,0.0,81.5,66.0,5.3
2024-03-27 04:00:00,27.5,0.0,81.9,72.0,6.1
2024-03-27 05:00:00,27.7,0.0,81.2,66.0,4.2
2024-03-27 06:00:00,27.7,0.0,81.0,67.0,4.5
2024-03-27 07:00:00,27.9,0.0,80.1,17.0,4.2
2024-03-27 08:00:00,28.3,0.0,78.3,9.0,3.1
2024-03-27 09:00:00,29.3,0.0,72.9,55.0,7.4
2024-03-27 10:00:00,30.2,0.0,68.5,58.0,8.0
2024-03-27 11:00:00,30.7,0.0,62.6,42.0,8.3
2024-03-27 12:00:00,32.3,0.0,58.4,64.0,6.7
2024-03-27 13:00:00,32.5,0.0,56.0,60.0,9.10001
2024-03-27 14:00:00,32.7,0.0,53.6,62.0,7.2
2024-03-27 15:00:00,33.2,0.0,53.2,64.0,6.9
2024-03-27 16:00:00,33.1,0.0,52.0,63.0,9.5
2024-03-27 17:00:00,32.1,0.0,55.9,71.0,6.9
2024-03-27 18:00:00,31.8,0.0,58.1,49.0,9.8
2024-03-27 19:00:00,30.7,0.0,64.3,65.0,5.3
2024-03-27 20:00:00,29.9,0.0,68.9,61.0,8.0
2024-03-27 21:00:00,29.5,0.0,71.9,68.0,8.7
2024-03-27 22:00:00,29.3,0.0,74.9,62.0,4.7
2024-03-27 23:00:00,29.2,0.0,76.2,62.0,5.3
2024-03-28 00:00:00,28.9,0.0,77.1,66.0,6.5
2024-03-28 01:00:00,28.9,0.0,76.3,73.0,2.9
2024-03-28 02:00:00,28.8,0.0,77.3,54.0,5.4
2024-03-28 03:00:00,28.7,0.0,77.3,72.0,4.9
2024-03-28 04:00:00,28.6,0.0,79.2,64.0,5.8
2024-03-28 05:00:00,28.4,0.0,79.6,67.0,4.9
2024-03-28 06:00:00,28.0,0.0,81.3,64.0,4.7
2024-03-28 07:00:00,27.8,0.0,82.0,68.0,5.4
2024-03-28 08:00:00,28.2,0.0,80.7,67.0,6.3
2024-03-28 09:00:00,29.8,0.0,73.4,55.0,4.3
2024-03-28 10:00:00,30.0,0.0,71.2,64.0,8.0
2024-03-28 11:00:00,31.6,0.0,61.9,50.0,5.7
2024-03-28 12:00:00,32.3,0.0,59.7,66.0,6.7
2024-03-28 13:00:00,30.4,0.0,72.0,217.0,4.8
2024-03-28 14:00:00,32.1,0.0,63.1,323.0,3.1
2024-03-28 15:00:00,32.0,0.0,61.8,311.0,3.1
2024-03-28 16:00:00,33.2,0.0,57.7,57.0,4.2
2024-03-28 17:00:00,32.3,0.0,58.4,33.0,4.8
2024-03-28 18:00:00,31.8,0.0,60.2,25.0,3.3
2024-03-28 19:00:00,30.9,0.0,56.6,69.0,3.6
2024-03-28 20:00:00,30.2,0.0,62.6,69.0,3.3
2024-03-28 21:00:00,29.5,0.0,71.2,62.0,3.5
2024-03-28 22:00:00,29.5,0.0,71.3,20.0,2.5
2024-03-28 23:00:00,29.3,0.0,73.6,54.0,3.6
2024-03-29 00:00:00,29.2,0.0,72.9,53.0,2.7
2024-03-29 01:00:00,29.1,0.0,74.8,359.0,2.0
2024-03-29 02:00:00,29.0,0.0,75.1,57.0,2.5
2024-03-29 03:00:00,29.0,0.0,74.0,61.0,3.7
2024-03-29 04:00:00,28.7,0.0,77.5,70.0,4.2
2024-03-29 05:00:00,28.7,0.0,77.5,43.0,2.8
2024-03-29 06:00:00,28.7,0.0,76.8,53.0,2.4
2024-03-29 07:00:00,28.4,0.0,79.5,51.0,3.2
2024-03-29 08:00:00,28.9,0.0,79.4,62.0,3.3
2024-03-29 09:00:00,26.8,0.0,85.2,344.0,6.6
2024-03-29 10:00:00,30.3,0.0,77.4,230.0,2.8
2024-03-29 11:00:00,31.9,0.0,67.7,342.0,2.8
2024-03-29 12:00:00,31.5,0.0,65.7,349.0,3.1
2024-03-29 13:00:00,32.7,0.0,55.8,9.0,3.6
2024-03-29 14:00:00,33.9,0.0,50.1,334.0,3.4
2024-03-29 15:00:00,34.5,0.0,50.0,3.0,3.4
2024-03-29 16:00:00,34.7,0.0,45.3,58.0,5.1
2024-03-29 17:00:00,34.6,0.0,45.5,326.0,2.8
2024-03-29 18:00:00,32.9,0.0,47.8,77.0,5.2
2024-03-29 19:00:00,31.2,0.0,58.9,64.0,7.1
2024-03-29 20:00:00,30.0,0.0,69.1,66.0,6.3
2024-03-29 21:00:00,29.7,0.0,70.0,60.0,4.0
2024-03-29 22:00:00,29.7,0.0,69.6,52.0,3.3
2024-03-29 23:00:00,29.6,0.0,70.9,68.0,4.2
2024-03-30 00:00:00,29.3,0.0,71.3,62.0,3.5
2024-03-30 01:00:00,29.3,0.0,72.1,69.0,3.2
2024-03-30 02:00:00,29.2,0.0,72.5,39.0,3.1
2024-03-30 03:00:00,29.2,0.0,73.5,40.0,2.6
2024-03-30 04:00:00,29.2,0.0,76.9,27.0,2.6
2024-03-30 05:00:00,29.0,0.0,76.7,62.0,3.4
2024-03-30 06:00:00,28.8,0.0,76.9,63.0,3.2
2024-03-30 07:00:00,28.5,0.0,80.6,50.0,4.4
2024-03-30 08:00:00,29.0,0.0,77.2,51.0,3.4
2024-03-30 09:00:00,29.2,0.0,76.7,61.0,5.1
2024-03-30 10:00:00,31.3,0.0,66.7,46.0,5.0
2024-03-30 11:00:00,31.1,0.0,65.5,58.0,5.1
2024-03-30 12:00:00,31.7,0.0,64.7,51.0,5.3
2024-03-30 13:00:00,33.5,0.0,56.3,230.0,3.3
2024-03-30 14:00:00,33.1,0.0,57.3,40.0,4.1
2024-03-30 15:00:00,33.9,0.0,50.3,205.0,6.4
2024-03-30 16:00:00,31.6,0.0,61.0,340.0,3.7
2024-03-30 17:00:00,32.4,0.0,59.7,322.0,3.5
2024-03-30 18:00:00,31.2,0.0,63.1,62.0,4.8
2024-03-30 19:00:00,31.0,0.0,61.6,69.0,5.4
2024-03-30 20:00:00,30.1,0.0,67.8,61.0,5.7
2024-03-30 21:00:00,29.7,0.0,71.8,62.0,4.1
2024-03-30 22:00:00,29.6,0.0,73.3,67.0,4.7
2024-03-30 23:00:00,29.3,0.0,75.5,62.0,5.4
2024-03-31 00:00:00,29.1,0.0,76.1,57.0,3.9
2024-03-31 01:00:00,29.2,0.0,73.7,65.0,3.5
2024-03-31 02:00:00,29.1,0.0,74.2,62.0,2.4
2024-03-31 03:00:00,29.1,0.0,73.4,351.0,2.6
2024-03-31 04:00:00,28.9,0.0,76.0,68.0,4.9
2024-03-31 05:00:00,28.5,0.0,77.0,62.0,4.2
2024-03-31 06:00:00,28.5,0.0,76.5,67.0,3.6
2024-03-31 07:00:00,28.5,0.0,75.6,4.0,4.2
2024-03-31 08:00:00,28.7,0.0,75.2,19.0,3.4
2024-03-31 09:00:00,30.0,0.0,70.6,61.0,5.0
2024-03-31 10:00:00,30.8,0.0,65.0,47.0,1.4
2024-03-31 11:00:00,32.4,0.0,60.5,51.0,3.0
2024-03-31 12:00:00,33.0,0.0,57.8,292.0,2.9
2024-03-31 13:00:00,32.1,0.0,64.5,230.0,3.9
2024-03-31 14:00:00,31.3,0.0,66.3,242.0,3.7
2024-03-31 15:00:00,28.9,0.0,77.5,12.0,3.4
2024-03-31 16:00:00,31.1,0.0,65.2,323.0,4.1
2024-03-31 17:00:00,29.7,0.0,77.4,13.0,7.2
2024-03-31 18:00:00,30.2,0.0,72.6,220.0,2.7
2024-03-31 19:00:00,30.5,0.0,65.9,249.0,2.0
2024-03-31 20:00:00,28.6,0.0,74.1,324.0,2.3
2024-03-31 21:00:00,28.9,0.0,75.2,339.0,1.8
2024-03-31 22:00:00,29.3,0.0,74.3,22.0,1.6
2024-03-31 23:00:00,29.2,0.0,72.9,65.0,4.3
2024-04-01 00:00:00,28.8,0.0,76.8,62.0,5.1
2024-04-01 01:00:00,28.7,0.0,76.3,69.0,4.0
2024-04-01 02:00:00,28.5,0.0,75.3,70.0,4.5
2024-04-01 03:00:00,28.1,0.0,77.0,67.0,4.2
2024-04-01 04:00:00,27.9,0.0,78.1,67.0,3.1
2024-04-01 05:00:00,27.6,0.0,80.5,62.0,4.3
2024-04-01 06:00:00,27.8,0.0,81.2,57.0,1.9
2024-04-01 07:00:00,27.6,0.0,83.2,64.0,4.9
2024-04-01 08:00:00,28.2,0.0,80.0,66.0,4.8
2024-04-01 09:00:00,28.9,0.0,76.8,69.0,3.8
2024-04-01 10:00:00,29.7,0.0,72.3,45.0,5.5
2024-04-01 11:00:00,30.4,0.0,68.7,56.0,5.7
2024-04-01 12:00:00,30.8,0.0,67.1,69.0,5.4
2024-04-01 13:00:00,31.2,0.0,65.1,66.0,3.9
2024-04-01 14:00:00,32.0,0.0,61.6,63.0,4.5
2024-04-01 15:00:00,31.6,0.0,63.6,72.0,5.4
2024-04-01 16:00:00,29.3,0.0,69.0,279.0,4.5
2024-04-01 17:00:00,29.5,0.0,64.1,300.0,3.1
2024-04-01 18:00:00,30.7,0.0,65.2,245.0,1.9
2024-04-01 19:00:00,30.3,0.0,70.8,73.0,5.2
2024-04-01 20:00:00,29.9,0.0,73.7,62.0,3.3
2024-04-01 21:00:00,29.6,0.0,73.7,65.0,3.1
2024-04-01 22:00:00,29.5,0.0,75.1,59.0,3.5
2024-04-01 23:00:00,29.3,0.0,76.4,354.0,1.7
2024-04-02 00:00:00,29.4,0.0,76.0,59.0,3.2
2024-04-02 01:00:00,29.3,0.0,77.2,51.0,3.2
2024-04-02 02:00:00,29.1,0.0,76.8,60.0,4.2
2024-04-02 03:00:00,28.9,0.0,76.5,56.0,3.4
2024-04-02 04:00:00,28.7,0.0,77.1,61.0,4.1
2024-04-02 05:00:00,28.6,0.0,76.7,60.0,2.8
2024-04-02 06:00:00,28.7,0.0,77.4,61.0,3.1
2024-04-02 07:00:00,28.6,0.0,78.4,47.0,3.8
2024-04-02 08:00:00,29.1,0.0,76.7,49.0,3.9
2024-04-02 09:00:00,30.7,0.0,70.5,28.0,2.7
2024-04-02 10:00:00,31.0,0.0,68.1,269.0,2.2
2024-04-02 11:00:00,32.1,0.0,64.3,283.0,2.3
2024-04-02 12:00:00,33.1,0.0,50.7,228.0,3.1
2024-04-02 13:00:00,33.7,0.0,51.4,250.0,3.5
2024-04-02 14:00:00,34.7,0.0,49.5,240.0,2.6
2024-04-02 15:00:00,34.5,0.0,50.1,238.0,4.1
2024-04-02 16:00:00,34.1,0.0,52.3,226.0,3.5
2024-04-02 17:00:00,33.5,0.0,57.8,235.0,3.7
2024-04-02 18:00:00,32.2,0.0,64.6,235.0,3.4
2024-04-02 19:00:00,31.5,0.0,62.8,301.0,2.6
2024-04-02 20:00:00,31.0,0.0,67.3,73.0,3.8
2024-04-02 21:00:00,30.4,0.0,69.0,70.0,4.8
2024-04-02 22:00:00,30.1,0.0,71.8,52.0,3.6
2024-04-02 23:00:00,30.0,0.0,72.7,63.0,3.6
2024-04-03 00:00:00,30.0,0.0,73.9,55.0,2.8
2024-04-03 01:00:00,29.9,0.0,74.4,26.0,2.6
2024-04-03 02:00:00,29.6,0.0,75.7,354.0,2.2
2024-04-03 03:00:00,29.5,0.0,76.7,319.0,2.1
2024-04-03 04:00:00,29.4,0.0,76.6,54.0,3.6
2024-04-03 05:00:00,29.4,0.0,76.0,56.0,3.7
2024-04-03 06:00:00,29.3,0.0,77.6,59.0,3.2
2024-04-03 07:00:00,29.1,0.0,78.3,60.0,3.4
2024-04-03 08:00:00,29.5,0.0,76.7,54.0,3.4
2024-04-03 09:00:00,30.3,0.0,72.5,54.0,4.3
2024-04-03 10:00:00,31.0,0.0,67.5,60.0,6.2
2024-04-03 11:00:00,32.1,0.0,66.8,205.0,4.5
2024-04-03 12:00:00,33.4,0.0,62.1,1.0,3.6
2024-04-03 13:00:00,31.7,0.0,66.1,13.0,2.3
2024-04-03 14:00:00,31.9,0.0,61.4,319.0,2.7
2024-04-03 15:00:00,30.9,0.0,64.6,43.0,7.7
2024-04-03 16:00:00,30.8,0.0,66.2,337.0,5.0
2024-04-03 17:00:00,32.1,0.0,57.3,16.0,2.4
2024-04-03 18:00:00,30.6,0.0,67.2,238.0,2.5
2024-04-03 19:00:00,30.4,0.0,64.3,61.0,4.9
2024-04-03 20:00:00,30.2,0.0,67.5,63.0,3.2
2024-04-03 21:00:00,30.0,0.0,68.8,58.0,3.1
2024-04-03 22:00:00,29.6,0.0,74.1,62.0,5.0
2024-04-03 23:00:00,29.4,0.0,74.9,55.0,4.9
2024-04-04 00:00:00,29.2,0.0,77.1,52.0,5.1
2024-04-04 01:00:00,29.2,0.0,76.3,55.0,3.4
2024-04-04 02:00:00,29.1,0.0,76.1,63.0,4.3
2024-04-04 03:00:00,29.1,0.0,75.3,68.0,3.9
2024-04-04 04:00:00,28.9,0.0,74.7,63.0,3.7
2024-04-04 05:00:00,28.6,0.0,78.3,9.0,2.7
2024-04-04 06:00:00,28.6,0.0,77.6,63.0,3.4
2024-04-04 07:00:00,28.5,0.0,77.8,17.0,3.1
2024-04-04 08:00:00,28.4,0.0,78.5,70.0,3.6
2024-04-04 09:00:00,29.2,0.0,75.3,65.0,4.5
2024-04-04 10:00:00,30.7,0.0,68.3,66.0,5.1
2024-04-04 11:00:00,32.5,0.0,60.8,3.0,3.8
2024-04-04 12:00:00,33.4,0.0,56.5,329.0,3.6
2024-04-04 13:00:00,32.4,0.0,63.9,242.0,3.0
2024-04-04 14:00:00,31.4,0.0,68.7,206.0,6.0
2024-04-04 15:00:00,26.3,2.4,87.8,48.0,9.0
2024-04-04 16:00:00,25.3,0.8,89.8,340.0,6.4
2024-04-04 17:00:00,27.1,0.0,84.9,344.0,3.3
2024-04-04 18:00:00,28.5,0.0,80.7,65.0,4.5
2024-04-04 19:00:00,28.8,0.0,74.6,59.0,4.7
2024-04-04 20:00:00,28.4,0.0,78.7,65.0,5.4
2024-04-04 21:00:00,27.8,0.0,75.2,41.0,3.0
2024-04-04 22:00:00,27.7,0.0,75.3,58.0,3.1
2024-04-04 23:00:00,27.3,0.0,79.2,72.0,3.4
2024-04-05 00:00:00,27.6,0.0,76.7,74.0,2.6
2024-04-05 01:00:00,27.7,0.0,77.7,57.0,2.6
2024-04-05 02:00:00,27.4,0.0,77.4,349.0,1.8
2024-04-05 03:00:00,28.0,0.0,74.1,39.0,2.9
2024-04-05 04:00:00,28.0,0.0,74.0,51.0,2.3
2024-04-05 05:00:00,27.9,0.0,74.8,12.0,1.1
2024-04-05 06:00:00,27.8,0.0,77.8,63.0,3.0
2024-04-05 07:00:00,27.9,0.0,78.8,26.0,1.4
2024-04-05 08:00:00,28.2,0.0,79.5,55.0,3.6
2024-04-05 09:00:00,29.2,0.0,76.5,53.0,5.5
2024-04-05 10:00:00,30.2,0.0,72.6,52.0,5.1
2024-04-05 11:00:00,30.3,0.0,72.5,58.0,6.2
2024-04-05 12:00:00,32.0,0.0,63.1,25.0,5.1
2024-04-05 13:00:00,32.6,0.0,60.2,75.0,4.6
2024-04-05 14:00:00,33.0,0.0,58.3,73.0,8.8
2024-04-05 15:00:00,32.6,0.0,61.1,56.0,5.7
2024-04-05 16:00:00,32.1,0.0,67.9,212.0,4.4
2024-04-05 17:00:00,33.8,0.0,61.2,294.0,2.2
2024-04-05 18:00:00,32.0,0.0,55.5,71.0,5.6
2024-04-05 19:00:00,30.8,0.0,59.8,59.0,5.2
2024-04-05 20:00:00,29.9,0.0,65.1,63.0,6.4
2024-04-05 21:00:00,29.3,0.0,71.5,58.0,7.7
2024-04-05 22:00:00,29.1,0.0,72.9,62.0,4.2
2024-04-05 23:00:00,29.1,0.0,72.9,60.0,4.7
2024-04-06 00:00:00,28.9,0.0,73.9,68.0,6.1
2024-04-06 01:00:00,28.7,0.0,75.6,55.0,4.3
2024-04-06 02:00:00,28.2,0.0,78.1,67.0,4.2
2024-04-06 03:00:00,28.1,0.0,78.2,61.0,3.3
2024-04-06 04:00:00,27.8,0.0,79.4,63.0,5.2
2024-04-06 05:00:00,27.5,0.0,81.7,67.0,4.8
2024-04-06 06:00:00,27.7,0.0,82.1,54.0,3.7
2024-04-06 07:00:00,27.6,0.0,82.9,63.0,3.2
2024-04-06 08:00:00,28.2,0.0,80.0,66.0,3.8
2024-04-06 09:00:00,29.3,0.0,75.5,66.0,4.1
2024-04-06 10:00:00,30.2,0.0,68.8,67.0,6.3
2024-04-06 11:00:00,31.2,0.0,64.0,72.0,5.4
2024-04-06 12:00:00,31.8,0.0,60.1,62.0,5.4
2024-04-06 13:00:00,32.5,0.0,54.9,56.0,6.3
2024-04-06 14:00:00,32.5,0.0,56.9,75.0,8.0
2024-04-06 15:00:00,33.5,0.0,57.0,75.0,6.2
2024-04-06 16:00:00,33.5,0.0,55.2,47.0,6.7
2024-04-06 17:00:00,32.8,0.0,57.2,66.0,7.8
2024-04-06 18:00:00,31.8,0.0,61.1,68.0,6.5
2024-04-06 19:00:00,30.9,0.0,65.0,67.0,6.3
2024-04-06 20:00:00,30.1,0.0,69.9,69.0,5.5
2024-04-06 21:00:00,29.7,0.0,72.8,62.0,5.6
2024-04-06 22:00:00,29.4,0.0,76.1,61.0,5.0
2024-04-06 23:00:00,29.3,0.0,76.4,60.0,5.0
2024-04-07 00:00:00,29.3,0.0,75.5,66.0,5.7
2024-04-07 01:00:00,29.3,0.0,73.1,58.0,5.0
2024-04-07 02:00:00,29.2,0.0,72.6,61.0,5.1
2024-04-07 03:00:00,29.0,0.0,74.5,66.0,5.9
2024-04-07 04:00:00,28.4,0.0,78.7,65.0,6.6
2024-04-07 05:00:00,28.3,0.0,79.4,59.0,5.9
2024-04-07 06:00:00,28.3,0.0,79.3,67.0,5.2
2024-04-07 07:00:00,28.4,0.0,78.4,62.0,4.7
2024-04-07 08:00:00,28.5,0.0,77.2,67.0,6.7
2024-04-07 09:00:00,29.6,0.0,71.0,62.0,6.3
2024-04-07 10:00:00,30.2,0.0,69.7,64.0,7.9
2024-04-07 11:00:00,31.4,0.0,62.8,59.0,8.10001
2024-04-07 12:00:00,32.0,0.0,61.5,66.0,6.1
2024-04-07 13:00:00,32.9,0.0,56.9,49.0,5.4
2024-04-07 14:00:00,33.0,0.0,55.5,81.0,4.7
2024-04-07 15:00:00,30.4,0.0,62.9,43.0,10.3
2024-04-07 16:00:00,30.6,0.0,72.0,40.0,6.0
2024-04-07 17:00:00,31.8,0.0,62.2,59.0,7.0
2024-04-07 18:00:00,31.6,0.0,61.5,68.0,5.3
2024-04-07 19:00:00,30.8,0.0,64.2,67.0,7.0
2024-04-07 20:00:00,30.2,0.0,67.9,63.0,6.5
2024-04-07 21:00:00,29.9,0.0,68.3,60.0,3.8
2024-04-07 22:00:00,29.6,0.0,72.4,61.0,4.8
2024-04-07 23:00:00,29.5,0.0,72.9,61.0,5.5
2024-04-08 00:00:00,29.3,0.0,75.0,61.0,5.7
2024-04-08 01:00:00,29.4,0.0,74.6,59.0,4.2
2024-04-08 02:00:00,29.3,0.0,75.5,62.0,2.6
2024-04-08 03:00:00,29.5,0.0,74.4,40.0,3.4
2024-04-08 04:00:00,29.5,0.0,73.6,50.0,2.5
2024-04-08 05:00:00,29.5,0.0,72.7,55.0,3.1
2024-04-08 06:00:00,29.3,0.0,74.1,58.0,3.6
2024-04-08 07:00:00,29.4,0.0,74.5,57.0,3.5
2024-04-08 08:00:00,29.1,0.0,78.2,57.0,4.7
2024-04-08 09:00:00,30.6,0.0,68.7,64.0,4.6
2024-04-08 10:00:00,32.2,0.0,60.7,348.0,3.4
2024-04-08 11:00:00,32.2,0.0,61.0,45.0,4.6
2024-04-08 12:00:00,31.5,0.0,66.1,217.0,2.2
2024-04-08 13:00:00,31.8,0.0,67.3,210.0,4.9
2024-04-08 14:00:00,31.8,0.0,65.6,207.0,4.3
2024-04-08 15:00:00,25.1,0.8,90.6,,13.7
2024-04-08 16:00:00,25.9,0.0,83.8,326.0,3.3
2024-04-08 17:00:00,29.5,0.0,68.6,317.0,2.4
2024-04-08 18:00:00,30.2,0.0,68.0,263.0,2.4
2024-04-08 19:00:00,29.9,0.0,67.0,12.0,2.6
2024-04-08 20:00:00,29.3,0.0,71.1,327.0,2.4
2024-04-08 21:00:00,29.4,0.0,72.8,37.0,3.6
2024-04-08 22:00:00,29.6,0.0,72.0,56.0,2.6
2024-04-08 23:00:00,29.3,0.0,74.2,50.0,2.3
2024-04-09 00:00:00,29.2,0.0,74.8,61.0,2.9
2024-04-09 01:00:00,29.0,0.0,76.8,25.0,2.9
2024-04-09 02:00:00,28.9,0.0,76.8,6.0,1.5
2024-04-09 03:00:00,28.5,0.0,79.5,354.0,1.8
2024-04-09 04:00:00,28.4,0.0,80.0,306.0,2.5
2024-04-09 05:00:00,28.1,0.0,81.3,355.0,1.7
2024-04-09 06:00:00,27.8,0.0,82.1,351.0,2.0
2024-04-09 07:00:00,28.0,0.0,82.6,30.0,3.7
2024-04-09 08:00:00,28.5,0.0,79.9,33.0,4.6
2024-04-09 09:00:00,30.7,0.0,71.1,1.0,2.6
2024-04-09 10:00:00,30.4,0.0,68.5,64.0,8.0
2024-04-09 11:00:00,31.2,0.0,62.7,32.0,5.1
2024-04-09 12:00:00,33.0,0.0,57.4,26.0,3.6
2024-04-09 13:00:00,32.7,0.0,58.0,64.0,5.2
2024-04-09 14:00:00,33.8,0.0,54.3,55.0,7.3
2024-04-09 15:00:00,33.6,0.0,54.3,67.0,9.10001
2024-04-09 16:00:00,34.3,0.0,50.5,59.0,8.89999
2024-04-09 17:00:00,33.5,0.0,55.6,67.0,9.39999
2024-04-09 18:00:00,32.6,0.0,58.1,66.0,11.6
2024-04-09 19:00:00,31.4,0.0,62.4,59.0,9.2
2024-04-09 20:00:00,30.7,0.0,68.5,61.0,6.9
2024-04-09 21:00:00,30.1,0.0,72.9,61.0,7.1
2024-04-09 22:00:00,29.9,0.0,74.1,57.0,6.1
2024-04-09 23:00:00,29.8,0.0,74.7,63.0,5.5
2024-04-10 00:00:00,29.6,0.0,76.0,59.0,4.9
2024-04-10 01:00:00,29.5,0.0,77.3,64.0,4.2
2024-04-10 02:00:00,29.1,0.0,79.9,56.0,4.0
2024-04-10 03:00:00,28.9,0.0,78.2,59.0,4.3
2024-04-10 04:00:00,28.9,0.0,78.2,62.0,4.5
2024-04-10 05:00:00,28.5,0.0,79.7,69.0,5.1
2024-04-10 06:00:00,28.5,0.0,80.0,56.0,3.8
2024-04-10 07:00:00,28.8,0.0,76.2,29.0,2.8
2024-04-10 08:00:00,28.7,0.0,80.0,19.0,4.3
2024-04-10 09:00:00,28.4,0.0,79.5,28.0,5.2
2024-04-10 10:00:00,28.9,0.0,74.3,15.0,3.8
2024-04-10 11:00:00,28.1,0.0,80.5,217.0,3.2
2024-04-10 12:00:00,28.7,0.0,80.7,72.0,7.8
2024-04-10 13:00:00,30.6,0.0,68.4,49.0,5.8
2024-04-10 14:00:00,30.9,0.0,64.6,50.0,5.7
2024-04-10 15:00:00,32.8,0.0,59.1,58.0,3.8
2024-04-10 16:00:00,31.5,0.0,62.4,60.0,10.4
2024-04-10 17:00:00,26.7,2.0,89.7,38.0,9.5
2024-04-10 18:00:00,29.0,0.0,77.5,62.0,7.5
2024-04-10 19:00:00,28.7,0.0,76.0,67.0,7.5
2024-04-10 20:00:00,28.8,0.0,75.6,67.0,7.1
2024-04-10 21:00:00,28.7,0.0,76.5,64.0,4.7
2024-04-10 22:00:00,28.8,0.0,76.7,31.0,4.4
2024-04-10 23:00:00,28.7,0.0,75.9,13.0,4.0
2024-04-11 00:00:00,28.8,0.0,74.9,22.0,3.6
2024-04-11 01:00:00,28.7,0.0,75.3,4.0,3.0
2024-04-11 02:00:00,28.5,0.0,76.7,345.0,2.5
2024-04-11 03:00:00,28.4,0.0,76.8,29.0,3.4
2024-04-11 04:00:00,27.4,0.2,82.3,67.0,4.0
2024-04-11 05:00:00,26.3,0.4,88.3,13.0,8.10001
2024-04-11 06:00:00,26.0,0.2,89.0,33.0,10.2
2024-04-11 07:00:00,26.3,0.0,88.9,37.0,8.7
2024-04-11 08:00:00,26.8,0.0,88.5,39.0,9.0
2024-04-11 09:00:00,27.2,0.0,86.6,60.0,2.8
2024-04-11 10:00:00,28.5,0.0,82.7,54.0,4.5
2024-04-11 11:00:00,29.8,0.0,76.0,72.0,5.4
2024-04-11 12:00:00,27.5,0.0,86.8,47.0,8.89999
2024-04-11 13:00:00,30.5,0.0,72.4,72.0,10.9
2024-04-11 14:00:00,31.3,0.0,66.3,67.0,13.0
2024-04-11 15:00:00,31.6,0.0,65.6,39.0,9.39999
2024-04-11 16:00:00,31.6,0.0,62.2,68.0,10.2
2024-04-11 17:00:00,31.4,0.0,61.0,63.0,8.39999
2024-04-11 18:00:00,30.9,0.0,64.9,61.0,7.7
2024-04-11 19:00:00,30.1,0.0,68.9,64.0,8.89999
2024-04-11 20:00:00,29.5,0.0,73.0,65.0,6.9
2024-04-11 21:00:00,29.5,0.0,73.6,49.0,6.2
2024-04-11 22:00:00,29.4,0.0,74.4,56.0,6.0
2024-04-11 23:00:00,29.3,0.0,75.0,13.0,4.0
2024-04-12 00:00:00,29.0,0.0,75.9,36.0,7.0
2024-04-12 01:00:00,28.9,0.0,75.1,23.0,4.3
2024-04-12 02:00:00,28.9,0.0,75.2,26.0,4.6
2024-04-12 03:00:00,28.2,0.0,81.1,56.0,3.6
2024-04-12 04:00:00,27.1,0.0,82.3,2.0,3.7
2024-04-12 05:00:00,26.3,0.0,89.9,337.0,8.2
2024-04-12 06:00:00,25.4,0.2,89.4,54.0,8.7
2024-04-12 07:00:00,25.7,0.0,87.2,11.0,9.39999
2024-04-12 08:00:00,26.2,0.2,87.8,333.0,4.8
2024-04-12 09:00:00,25.7,2.4,91.4,30.0,8.0
2024-04-12 10:00:00,24.5,0.8,95.0,38.0,7.2
2024-04-12 11:00:00,24.7,0.6,94.1,38.0,7.9
2024-04-12 12:00:00,25.1,0.4,91.9,48.0,7.1
2024-04-12 13:00:00,25.1,0.4,90.4,33.0,9.89999
2024-04-12 14:00:00,25.1,0.2,90.7,54.0,6.6
2024-04-12 15:00:00,25.7,0.0,86.9,17.0,6.7
2024-04-12 16:00:00,26.6,0.0,82.9,54.0,7.2
2024-04-12 17:00:00,27.6,0.0,78.5,30.0,5.5
2024-04-12 18:00:00,27.5,0.0,75.9,17.0,4.5
2024-04-12 19:00:00,27.3,0.0,75.8,62.0,6.7
2024-04-12 20:00:00,26.5,0.0,82.0,63.0,6.4
2024-04-12 21:00:00,26.4,0.0,84.9,66.0,5.7
2024-04-12 22:00:00,26.6,0.0,83.9,64.0,3.1
2024-04-12 23:00:00,26.7,0.0,82.6,28.0,2.0
2024-04-13 00:00:00,26.8,0.0,81.8,8.0,2.3
2024-04-13 01:00:00,26.7,0.0,83.4,50.0,1.8
2024-04-13 02:00:00,26.6,0.0,84.2,4.0,1.4
2024-04-13 03:00:00,26.7,0.0,85.0,21.0,2.8
2024-04-13 04:00:00,26.5,0.0,85.8,42.0,1.1
2024-04-13 05:00:00,26.4,0.0,86.0,45.0,3.1
2024-04-13 06:00:00,26.4,0.0,85.6,62.0,2.6
2024-04-13 07:00:00,26.5,0.0,84.3,65.0,4.5
2024-04-13 08:00:00,27.2,0.0,81.6,72.0,4.3
2024-04-13 09:00:00,28.8,0.0,76.5,63.0,5.6
2024-04-13 10:00:00,29.8,0.0,72.1,63.0,7.1
2024-04-13 11:00:00,30.9,0.0,66.2,73.0,7.9
2024-04-13 12:00:00,31.8,0.0,62.9,54.0,8.10001
2024-04-13 13:00:00,32.3,0.0,60.6,63.0,8.60001
2024-04-13 14:00:00,32.5,0.0,59.3,76.0,7.0
2024-04-13 15:00:00,33.4,0.0,56.1,44.0,6.5
2024-04-13 16:00:00,31.8,0.0,61.5,74.0,10.6
2024-04-13 17:00:00,31.8,0.0,61.1,67.0,7.0
2024-04-13 18:00:00,30.9,0.0,64.6,64.0,7.8
2024-04-13 19:00:00,30.2,0.0,70.5,68.0,6.9
2024-04-13 20:00:00,29.7,0.0,72.6,63.0,6.6
2024-04-13 21:00:00,29.5,0.0,73.5,62.0,4.8
2024-04-13 22:00:00,29.2,0.0,75.4,39.0,5.4
2024-04-13 23:00:00,29.2,0.0,76.0,65.0,5.2
2024-04-14 00:00:00,28.8,0.0,77.7,68.0,5.7
2024-04-14 01:00:00,28.4,0.0,80.8,61.0,3.8
2024-04-14 02:00:00,28.0,0.0,83.9,60.0,5.2
2024-04-14 03:00:00,28.0,0.0,83.7,57.0,5.4
2024-04-14 04:00:00,27.9,0.0,85.1,60.0,4.1
2024-04-14 05:00:00,28.1,0.0,83.9,62.0,3.3
2024-04-14 06:00:00,27.6,0.0,85.9,66.0,5.4
2024-04-14 07:00:00,27.7,0.0,86.7,58.0,4.7
2024-04-14 08:00:00,27.9,0.0,84.1,64.0,4.5
2024-04-14 09:00:00,28.3,0.0,82.2,71.0,3.7
2024-04-14 10:00:00,28.8,0.0,80.6,36.0,3.3
2024-04-14 11:00:00,30.0,0.0,73.6,59.0,6.4
2024-04-14 12:00:00,31.3,0.0,68.0,50.0,4.6
2024-04-14 13:00:00,31.6,0.0,68.5,43.0,3.6
2024-04-14 14:00:00,29.7,0.0,73.3,69.0,8.0
2024-04-14 15:00:00,28.3,0.0,72.2,73.0,5.7
2024-04-14 16:00:00,29.1,0.0,74.5,66.0,5.7
2024-04-14 17:00:00,29.4,0.0,74.6,56.0,6.6
2024-04-14 18:00:00,29.4,0.0,78.5,53.0,6.2
2024-04-14 19:00:00,29.3,0.0,75.7,65.0,2.9
2024-04-14 20:00:00,29.1,0.0,76.5,73.0,3.5
2024-04-14 21:00:00,28.6,0.0,79.2,66.0,6.0
2024-04-14 22:00:00,28.5,0.0,79.8,66.0,4.6
2024-04-14 23:00:00,28.2,0.0,82.4,41.0,4.6
2024-04-15 00:00:00,28.0,0.0,83.8,63.0,4.6
2024-04-15 01:00:00,28.0,0.0,84.3,61.0,4.0
2024-04-15 02:00:00,27.9,0.0,85.1,72.0,3.5
2024-04-15 03:00:00,28.2,0.0,84.8,38.0,3.7
2024-04-15 04:00:00,28.0,0.0,85.0,53.0,3.1
2024-04-15 05:00:00,27.9,0.0,85.3,61.0,3.4
2024-04-15 06:00:00,28.0,0.0,84.4,41.0,3.2
2024-04-15 07:00:00,27.9,0.0,78.8,71.0,2.8
2024-04-15 08:00:00,28.2,0.0,74.3,55.0,3.3
2024-04-15 09:00:00,28.4,0.0,77.4,63.0,4.6
2024-04-15 10:00:00,28.7,0.0,79.7,69.0,3.9
2024-04-15 11:00:00,28.0,0.0,81.2,63.0,4.9
2024-04-15 12:00:00,29.4,0.0,74.0,70.0,5.1
2024-04-15 13:00:00,30.6,0.0,68.8,59.0,4.1
2024-04-15 14:00:00,31.2,0.0,62.5,56.0,7.0
2024-04-15 15:00:00,32.4,0.0,58.5,67.0,6.6
2024-04-15 16:00:00,31.4,0.0,65.5,62.0,4.4
2024-04-15 17:00:00,31.3,0.0,64.8,54.0,4.6
2024-04-15 18:00:00,30.9,0.0,67.0,72.0,6.6
2024-04-15 19:00:00,30.4,0.0,70.3,71.0,3.7
2024-04-15 20:00:00,28.9,0.0,80.1,71.0,2.6
2024-04-15 21:00:00,29.3,0.2,78.3,63.0,6.5
2024-04-15 22:00:00,29.1,0.0,79.6,56.0,4.8
2024-04-15 23:00:00,29.1,0.0,78.9,53.0,4.0
2024-04-16 00:00:00,28.9,0.0,80.7,57.0,3.3
2024-04-16 01:00:00,28.9,0.0,80.2,57.0,2.8
2024-04-16 02:00:00,28.8,0.0,79.1,69.0,2.9
2024-04-16 03:00:00,28.8,0.0,79.2,59.0,3.5
2024-04-16 04:00:00,28.5,0.0,81.6,57.0,3.3
2024-04-16 05:00:00,28.5,0.0,82.8,61.0,4.8
2024-04-16 06:00:00,28.3,0.0,84.0,55.0,3.2
2024-04-16 07:00:00,28.5,0.0,82.0,57.0,2.6
2024-04-16 08:00:00,28.1,0.0,79.5,221.0,3.3
2024-04-16 09:00:00,26.4,2.2,91.9,352.0,9.0
2024-04-16 10:00:00,27.6,0.0,88.4,36.0,6.2
2024-04-16 11:00:00,27.2,0.0,85.6,56.0,4.1
2024-04-16 12:00:00,26.9,0.0,84.5,66.0,6.3
2024-04-16 13:00:00,27.2,0.0,85.6,65.0,7.4
2024-04-16 14:00:00,26.9,0.0,87.3,65.0,7.5
2024-04-16 15:00:00,27.1,0.0,85.8,57.0,2.3
2024-04-16 16:00:00,27.0,0.0,85.3,43.0,4.8
2024-04-16 17:00:00,27.2,0.0,86.5,50.0,2.3
2024-04-16 18:00:00,27.4,0.0,85.9,43.0,4.8
2024-04-16 19:00:00,27.7,0.0,84.5,51.0,4.1
2024-04-16 20:00:00,27.7,0.0,85.5,10.0,1.5
2024-04-16 21:00:00,27.7,0.0,85.1,21.0,1.5
2024-04-16 22:00:00,27.7,0.0,84.8,74.0,2.3
2024-04-16 23:00:00,27.3,0.0,88.1,72.0,2.6
2024-04-17 00:00:00,27.2,0.0,84.9,66.0,4.4
2024-04-17 01:00:00,26.8,0.0,86.1,51.0,3.9
2024-04-17 02:00:00,26.8,0.0,86.3,49.0,2.9
2024-04-17 03:00:00,26.9,0.0,85.2,327.0,1.6
2024-04-17 04:00:00,27.3,0.0,83.2,30.0,1.7
2024-04-17 05:00:00,27.2,0.0,82.6,343.0,1.5
2024-04-17 06:00:00,27.1,0.0,83.5,316.0,1.7
2024-04-17 07:00:00,27.3,0.0,83.1,30.0,2.0
2024-04-17 08:00:00,28.1,0.0,80.0,300.0,2.3
2024-04-17 09:00:00,29.2,0.0,76.6,312.0,3.6
2024-04-17 10:00:00,27.8,0.4,81.2,323.0,5.3
2024-04-17 11:00:00,27.8,0.0,79.2,273.0,7.0
2024-04-17 12:00:00,28.0,0.0,76.7,324.0,4.0
2024-04-17 13:00:00,30.4,0.0,66.5,306.0,4.6
2024-04-17 14:00:00,32.9,0.0,59.9,302.0,2.7
2024-04-17 15:00:00,31.3,0.0,63.8,207.0,4.9
2024-04-17 16:00:00,32.2,0.0,64.0,39.0,3.3
2024-04-17 17:00:00,30.6,0.0,68.1,54.0,6.4
2024-04-17 18:00:00,30.6,0.0,65.2,231.0,3.0
2024-04-17 19:00:00,29.6,0.0,70.5,295.0,2.0
2024-04-17 20:00:00,29.1,0.0,75.8,290.0,2.1
2024-04-17 21:00:00,29.1,0.0,74.3,44.0,2.9
2024-04-17 22:00:00,28.9,0.0,77.7,35.0,3.2
2024-04-17 23:00:00,28.8,0.0,81.0,356.0,2.2
2024-04-18 00:00:00,28.4,0.0,82.9,336.0,2.3
2024-04-18 01:00:00,28.3,0.0,83.1,359.0,2.2
2024-04-18 02:00:00,28.2,0.0,81.9,28.0,2.3
2024-04-18 03:00:00,28.2,0.0,80.4,37.0,3.4
2024-04-18 04:00:00,28.0,0.0,83.9,49.0,3.9
2024-04-18 05:00:00,27.4,0.0,86.6,68.0,3.2
2024-04-18 06:00:00,27.3,0.0,86.4,51.0,4.0
2024-04-18 07:00:00,27.2,0.0,85.8,104.0,1.8
2024-04-18 08:00:00,27.8,0.0,82.1,71.0,2.7
2024-04-18 09:00:00,29.7,0.0,75.3,25.0,2.6
2024-04-18 10:00:00,26.3,0.0,87.0,343.0,4.1
2024-04-18 11:00:00,27.3,0.0,83.3,19.0,5.7
2024-04-18 12:00:00,29.4,0.0,70.0,217.0,3.6
2024-04-18 13:00:00,30.6,0.0,69.5,266.0,3.6
2024-04-18 14:00:00,30.9,0.0,68.1,288.0,3.4
2024-04-18 15:00:00,32.9,0.0,58.4,308.0,3.7
2024-04-18 16:00:00,32.7,0.0,54.7,258.0,4.2
2024-04-18 17:00:00,32.0,0.0,57.0,227.0,4.9
2024-04-18 18:00:00,31.5,0.0,58.5,233.0,3.6
2024-04-18 19:00:00,31.0,0.0,62.1,312.0,3.4
2024-04-18 20:00:00,30.5,0.0,66.1,44.0,5.3
2024-04-18 21:00:00,29.3,0.0,79.3,50.0,5.9
2024-04-18 22:00:00,29.1,0.0,79.4,43.0,5.5
2024-04-18 23:00:00,29.2,0.0,78.5,42.0,4.7
2024-04-19 00:00:00,29.2,0.0,78.6,29.0,4.3
2024-04-19 01:00:00,28.9,0.0,79.7,39.0,4.0
2024-04-19 02:00:00,28.6,0.0,81.1,48.0,4.7
2024-04-19 03:00:00,28.4,0.0,81.9,2.0,2.3
2024-04-19 04:00:00,28.3,0.0,82.3,39.0,4.5
2024-04-19 05:00:00,28.4,0.0,81.9,27.0,3.8
2024-04-19 06:00:00,28.1,0.0,84.2,359.0,4.4
2024-04-19 07:00:00,26.8,0.0,87.1,308.0,4.0
2024-04-19 08:00:00,27.7,0.0,84.5,317.0,4.7
2024-04-19 09:00:00,30.0,0.0,74.4,321.0,3.3
2024-04-19 10:00:00,30.4,0.0,69.6,202.0,3.3
2024-04-19 11:00:00,31.9,0.0,64.5,257.0,4.0
2024-04-19 12:00:00,32.1,0.0,62.2,296.0,4.8
2024-04-19 13:00:00,32.5,0.0,59.3,292.0,4.1
2024-04-19 14:00:00,31.3,0.0,71.9,328.0,3.5
2024-04-19 15:00:00,31.0,0.0,66.5,214.0,5.2
2024-04-19 16:00:00,29.8,0.0,76.4,259.0,3.7
2024-04-19 17:00:00,30.7,0.0,69.8,265.0,3.0
2024-04-19 18:00:00,30.9,0.0,66.6,287.0,3.2
2024-04-19 19:00:00,30.1,0.0,75.2,348.0,3.9
2024-04-19 20:00:00,29.8,0.0,74.3,325.0,4.2
2024-04-19 21:00:00,29.7,0.0,74.7,5.0,3.9
2024-04-19 22:00:00,29.7,0.0,75.6,31.0,4.1
2024-04-19 23:00:00,29.4,0.0,76.0,32.0,4.9
2024-04-20 00:00:00,29.1,0.0,76.6,346.0,3.0
2024-04-20 01:00:00,29.4,0.0,75.8,33.0,4.7
2024-04-20 02:00:00,29.2,0.0,76.7,28.0,4.2
2024-04-20 03:00:00,29.1,0.0,76.6,37.0,4.3
2024-04-20 04:00:00,28.7,0.0,79.3,42.0,5.6
2024-04-20 05:00:00,28.9,0.0,77.2,32.0,4.8
2024-04-20 06:00:00,28.8,0.0,79.2,40.0,4.7
2024-04-20 07:00:00,28.6,0.0,81.0,34.0,4.6
2024-04-20 08:00:00,29.3,0.0,79.3,18.0,3.1
2024-04-20 09:00:00,31.1,0.0,70.9,37.0,3.9
2024-04-20 10:00:00,31.3,0.0,67.9,311.0,3.7
2024-04-20 11:00:00,26.9,0.6,89.8,6.0,6.3
2024-04-20 12:00:00,27.7,0.0,88.0,351.0,7.7
2024-04-20 13:00:00,30.2,0.0,71.7,305.0,5.5
2024-04-20 14:00:00,31.5,0.0,63.8,308.0,4.2
2024-04-20 15:00:00,30.4,0.0,72.1,249.0,4.6
2024-04-20 16:00:00,30.0,0.4,74.4,275.0,3.9
2024-04-20 17:00:00,25.2,0.2,93.0,32.0,7.7
2024-04-20 18:00:00,25.9,0.0,87.9,21.0,6.9
2024-04-20 19:00:00,26.1,0.0,85.6,319.0,5.4
2024-04-20 20:00:00,27.4,0.0,77.7,284.0,3.3
2024-04-20 21:00:00,27.6,0.0,85.7,350.0,2.9
2024-04-20 22:00:00,28.1,0.0,83.6,295.0,3.7
2024-04-20 23:00:00,28.1,0.0,84.4,278.0,3.1
2024-04-21 00:00:00,28.2,0.0,84.0,231.0,2.8
2024-04-21 01:00:00,28.4,0.0,83.5,312.0,4.4
2024-04-21 02:00:00,28.2,0.0,80.7,311.0,4.2
2024-04-21 03:00:00,28.1,0.0,82.9,307.0,3.9
2024-04-21 04:00:00,27.9,0.0,84.2,316.0,4.4
2024-04-21 05:00:00,27.8,0.0,83.3,286.0,3.8
2024-04-21 06:00:00,27.7,0.0,83.8,321.0,3.9
2024-04-21 07:00:00,27.7,0.0,84.7,313.0,4.0
2024-04-21 08:00:00,28.0,0.0,84.9,23.0,3.4
2024-04-21 09:00:00,30.1,0.0,75.8,357.0,2.4
2024-04-21 10:00:00,31.1,0.0,70.0,331.0,4.8
2024-04-21 11:00:00,30.9,0.0,69.2,314.0,4.7
2024-04-21 12:00:00,32.3,0.0,61.0,45.0,4.5
2024-04-21 13:00:00,32.6,0.0,67.2,359.0,5.2
2024-04-21 14:00:00,32.8,0.0,64.4,258.0,4.1
2024-04-21 15:00:00,32.1,0.0,66.7,248.0,4.1
2024-04-21 16:00:00,31.9,0.0,63.3,268.0,4.2
2024-04-21 17:00:00,31.8,0.0,63.9,258.0,3.7
2024-04-21 18:00:00,26.0,1.6,94.1,339.0,9.0
2024-04-21 19:00:00,27.4,0.0,94.3,350.0,9.10001
2024-04-21 20:00:00,27.6,0.0,88.7,2.0,2.6
2024-04-21 21:00:00,28.1,0.0,84.0,28.0,4.1
2024-04-21 22:00:00,28.6,0.0,80.8,47.0,4.7
2024-04-21 23:00:00,28.4,0.0,84.4,15.0,3.0
2024-04-22 00:00:00,28.5,0.0,84.1,47.0,4.4
2024-04-22 01:00:00,28.5,0.0,85.5,10.0,2.9
2024-04-22 02:00:00,28.2,0.0,86.8,48.0,5.1
2024-04-22 03:00:00,28.1,0.0,87.5,47.0,5.2
2024-04-22 04:00:00,28.2,0.0,86.8,24.0,3.8
2024-04-22 05:00:00,28.1,0.0,87.5,30.0,3.7
2024-04-22 06:00:00,28.1,0.0,87.9,40.0,4.8
2024-04-22 07:00:00,27.9,0.0,88.7,39.0,5.6
2024-04-22 08:00:00,28.6,0.0,85.5,20.0,4.1
2024-04-22 09:00:00,30.7,0.0,76.8,12.0,4.4
2024-04-22 10:00:00,31.3,0.0,70.8,327.0,3.3
2024-04-22 11:00:00,29.6,0.2,80.8,13.0,5.5
2024-04-22 12:00:00,32.4,0.0,69.0,274.0,3.6
2024-04-22 13:00:00,32.4,0.0,66.5,233.0,4.3
2024-04-22 14:00:00,31.2,0.0,70.1,218.0,5.2
2024-04-22 15:00:00,32.6,0.0,65.2,217.0,6.1
2024-04-22 16:00:00,31.2,0.0,69.0,269.0,4.3
2024-04-22 17:00:00,30.7,0.0,69.6,231.0,4.4
2024-04-22 18:00:00,30.7,0.0,70.6,324.0,3.9
2024-04-22 19:00:00,30.4,0.0,71.3,36.0,5.3
2024-04-22 20:00:00,30.2,0.0,74.5,36.0,4.8
2024-04-22 21:00:00,29.9,0.0,75.9,258.0,3.0
2024-04-22 22:00:00,29.9,0.0,76.0,268.0,2.9
2024-04-22 23:00:00,29.8,0.0,76.3,343.0,2.6
2024-04-23 00:00:00,29.6,0.0,79.1,10.0,3.7
2024-04-23 01:00:00,29.3,0.0,80.5,338.0,2.9
2024-04-23 02:00:00,29.3,0.0,80.6,40.0,5.1
2024-04-23 03:00:00,29.3,0.0,78.1,31.0,3.9
2024-04-23 04:00:00,28.8,0.0,80.0,17.0,3.6
2024-04-23 05:00:00,28.6,0.0,85.2,46.0,5.3
2024-04-23 06:00:00,28.1,0.0,89.4,44.0,5.4
2024-04-23 07:00:00,28.5,0.0,86.8,23.0,4.0
2024-04-23 08:00:00,29.1,0.0,84.1,38.0,4.5
2024-04-23 09:00:00,31.1,0.0,71.9,309.0,3.4
2024-04-23 10:00:00,31.7,0.0,69.6,324.0,3.8
2024-04-23 11:00:00,32.0,0.0,64.8,248.0,3.7
2024-04-23 12:00:00,32.4,0.0,60.2,45.0,6.6
2024-04-23 13:00:00,33.3,0.0,60.0,312.0,3.9
2024-04-23 14:00:00,32.3,0.0,60.8,259.0,4.1
2024-04-23 15:00:00,32.6,0.0,65.5,296.0,4.0
2024-04-23 16:00:00,31.9,0.0,63.0,266.0,4.5
2024-04-23 17:00:00,32.0,0.0,61.6,297.0,3.6
2024-04-23 18:00:00,31.2,0.0,66.7,244.0,3.9
2024-04-23 19:00:00,30.9,0.0,66.8,262.0,3.3
2024-04-23 20:00:00,30.7,0.0,64.3,309.0,3.8
2024-04-23 21:00:00,30.5,0.0,67.3,31.0,4.3
2024-04-23 22:00:00,30.2,0.0,71.8,29.0,3.9
2024-04-23 23:00:00,30.0,0.0,71.9,308.0,3.4
2024-04-24 00:00:00,30.2,0.0,70.4,40.0,4.9
2024-04-24 01:00:00,29.9,0.0,73.2,36.0,4.9
2024-04-24 02:00:00,29.7,0.0,77.8,273.0,3.5
2024-04-24 03:00:00,29.5,0.0,77.0,254.0,3.3
2024-04-24 04:00:00,29.2,0.0,77.9,282.0,2.9
2024-04-24 05:00:00,29.2,0.0,77.2,20.0,3.8
2024-04-24 06:00:00,28.8,0.0,82.5,41.0,5.8
2024-04-24 07:00:00,28.8,0.0,84.0,46.0,5.5
2024-04-24 08:00:00,29.8,0.0,77.1,339.0,3.3
2024-04-24 09:00:00,30.2,0.0,75.7,340.0,3.8
2024-04-24 10:00:00,30.8,0.0,72.3,229.0,4.8
2024-04-24 11:00:00,31.6,0.0,64.1,232.0,5.3
2024-04-24 12:00:00,30.4,0.0,70.9,238.0,5.0
2024-04-24 13:00:00,32.0,0.0,61.9,264.0,3.7
2024-04-24 14:00:00,32.2,0.0,64.1,323.0,4.2
2024-04-24 15:00:00,32.6,0.0,59.8,274.0,4.6
2024-04-24 16:00:00,33.1,0.0,57.6,260.0,3.9
2024-04-24 17:00:00,32.6,0.0,59.2,265.0,4.3
2024-04-24 18:00:00,32.0,0.0,61.9,319.0,3.3
2024-04-24 19:00:00,31.1,0.0,66.4,251.0,3.6
2024-04-24 20:00:00,30.6,0.0,69.9,262.0,3.6
2024-04-24 21:00:00,30.4,0.0,70.0,238.0,3.7
2024-04-24 22:00:00,30.2,0.0,72.6,286.0,3.7
2024-04-24 23:00:00,30.1,0.0,71.1,289.0,3.6
2024-04-25 00:00:00,29.8,0.0,74.8,216.0,4.9
2024-04-25 01:00:00,29.5,0.0,77.7,298.0,3.2
2024-04-25 02:00:00,29.4,0.0,76.9,354.0,3.5
2024-04-25 03:00:00,29.3,0.0,77.4,358.0,3.9
2024-04-25 04:00:00,29.0,0.0,78.5,329.0,3.3
2024-04-25 05:00:00,29.0,0.0,80.1,257.0,3.0
2024-04-25 06:00:00,28.9,0.0,80.6,1.0,3.5
2024-04-25 07:00:00,29.0,0.0,80.2,38.0,5.1
2024-04-25 08:00:00,29.5,0.0,77.1,45.0,4.7
2024-04-25 09:00:00,30.8,0.0,69.9,15.0,4.6
2024-04-25 10:00:00,30.8,0.0,71.7,311.0,3.7
2024-04-25 11:00:00,29.9,0.0,73.6,57.0,8.3
2024-04-25 12:00:00,29.3,0.0,80.2,340.0,3.9
2024-04-25 13:00:00,31.3,0.0,70.8,328.0,5.3
2024-04-25 14:00:00,34.0,0.0,60.5,3.0,3.9
2024-04-25 15:00:00,34.1,0.0,48.1,260.0,4.0
2024-04-25 16:00:00,33.5,0.0,55.4,271.0,4.8
2024-04-25 17:00:00,33.5,0.0,55.7,3.0,5.2
2024-04-25 18:00:00,31.8,0.0,58.3,322.0,4.1
2024-04-25 19:00:00,31.0,0.0,59.2,260.0,3.4
2024-04-25 20:00:00,30.9,0.0,59.4,41.0,4.3
2024-04-25 21:00:00,30.6,0.0,61.5,37.0,5.5
2024-04-25 22:00:00,30.3,0.0,66.8,1.0,3.5
2024-04-25 23:00:00,29.7,0.0,73.0,50.0,5.2
2024-04-26 00:00:00,29.9,0.0,72.6,15.0,3.2
2024-04-26 01:00:00,29.6,0.0,73.8,48.0,5.5
2024-04-26 02:00:00,29.1,0.0,78.1,42.0,4.7
2024-04-26 03:00:00,28.9,0.0,79.8,46.0,5.4
2024-04-26 04:00:00,28.7,0.0,81.2,37.0,4.9
2024-04-26 05:00:00,28.3,0.0,82.7,56.0,6.0
2024-04-26 06:00:00,28.6,0.0,80.9,41.0,4.2
2024-04-26 07:00:00,28.5,0.0,81.8,47.0,5.6
2024-04-26 08:00:00,29.5,0.0,76.8,26.0,4.0
2024-04-26 09:00:00,30.5,0.0,71.4,299.0,3.7
2024-04-26 10:00:00,31.4,0.0,67.0,279.0,3.6
2024-04-26 11:00:00,32.7,0.0,58.1,311.0,3.8
2024-04-26 12:00:00,32.8,0.0,51.3,28.0,6.7
2024-04-26 13:00:00,34.1,0.0,49.4,25.0,5.4
2024-04-26 14:00:00,34.1,0.0,50.1,49.0,9.7
2024-04-26 15:00:00,34.3,0.0,49.5,56.0,6.5
2024-04-26 16:00:00,33.4,0.0,55.7,340.0,4.8
2024-04-26 17:00:00,30.5,0.0,60.0,55.0,8.0
2024-04-26 18:00:00,30.2,0.0,69.3,319.0,5.1
2024-04-26 19:00:00,30.8,0.0,66.8,42.0,5.5
2024-04-26 20:00:00,30.3,0.0,72.2,48.0,5.8
2024-04-26 21:00:00,30.0,0.0,76.7,41.0,5.3
2024-04-26 22:00:00,29.8,0.0,78.5,51.0,6.9
2024-04-26 23:00:00,30.0,0.0,77.2,39.0,5.3
2024-04-27 00:00:00,30.2,0.0,72.1,38.0,4.5
2024-04-27 01:00:00,29.9,0.0,73.7,34.0,4.3
2024-04-27 02:00:00,29.8,0.0,75.8,26.0,3.7
2024-04-27 03:00:00,29.6,0.0,75.6,7.0,2.7
2024-04-27 04:00:00,29.6,0.0,76.0,36.0,4.7
2024-04-27 05:00:00,29.0,0.0,81.6,45.0,6.7
2024-04-27 06:00:00,29.0,0.0,83.0,33.0,4.9
2024-04-27 07:00:00,28.7,0.0,85.8,47.0,5.4
2024-04-27 08:00:00,29.2,0.0,83.9,42.0,5.5
2024-04-27 09:00:00,30.5,0.0,72.4,33.0,4.6
2024-04-27 10:00:00,32.2,0.0,58.6,298.0,3.5
2024-04-27 11:00:00,31.6,0.0,66.0,51.0,7.4
2024-04-27 12:00:00,32.6,0.0,61.5,27.0,4.9
2024-04-27 13:00:00,32.9,0.0,54.1,237.0,4.2
2024-04-27 14:00:00,33.9,0.0,52.1,351.0,4.8
2024-04-27 15:00:00,34.3,0.0,50.6,342.0,4.6
2024-04-27 16:00:00,34.3,0.0,54.0,26.0,5.3
2024-04-27 17:00:00,34.2,0.0,51.4,303.0,4.1
2024-04-27 18:00:00,33.0,0.0,60.6,3.0,5.7
2024-04-27 19:00:00,31.7,0.0,64.0,44.0,5.3
2024-04-27 20:00:00,31.0,0.0,70.1,54.0,6.9
2024-04-27 21:00:00,30.8,0.0,69.0,35.0,4.3
2024-04-27 22:00:00,30.7,0.0,71.8,40.0,5.7
2024-04-27 23:00:00,30.5,0.0,73.1,327.0,3.5
2024-04-28 00:00:00,30.2,0.0,75.3,280.0,3.1
2024-04-28 01:00:00,30.0,0.0,73.2,314.0,3.4
2024-04-28 02:00:00,30.0,0.0,72.1,276.0,3.0
2024-04-28 03:00:00,29.9,0.0,72.6,271.0,3.2
2024-04-28 04:00:00,29.6,0.0,73.8,293.0,3.6
2024-04-28 05:00:00,29.5,0.0,74.3,248.0,2.9
2024-04-28 06:00:00,29.4,0.0,75.3,252.0,3.0
2024-04-28 07:00:00,29.4,0.0,74.7,262.0,3.2
2024-04-28 08:00:00,30.0,0.0,74.0,286.0,3.5
2024-04-28 09:00:00,31.1,0.0,67.5,300.0,3.5
2024-04-28 10:00:00,31.5,0.0,64.6,277.0,4.5
2024-04-28 11:00:00,29.9,0.0,73.6,242.0,6.1
2024-04-28 12:00:00,31.4,0.0,62.3,212.0,6.4
2024-04-28 13:00:00,32.9,0.0,59.3,230.0,5.6
2024-04-28 14:00:00,33.0,0.0,61.0,248.0,5.8
2024-04-28 15:00:00,31.2,0.0,69.5,258.0,4.5
2024-04-28 16:00:00,26.0,0.8,91.5,357.0,7.1
2024-04-28 17:00:00,29.2,0.0,82.1,224.0,5.7
2024-04-28 18:00:00,29.6,0.0,81.7,253.0,3.7
2024-04-28 19:00:00,29.3,0.0,74.8,234.0,4.1
2024-04-28 20:00:00,29.1,0.0,78.4,251.0,3.1
2024-04-28 21:00:00,29.4,0.0,76.5,284.0,3.6
2024-04-28 22:00:00,29.3,0.0,77.9,262.0,3.0
2024-04-28 23:00:00,29.3,0.0,77.2,269.0,3.3
2024-04-29 00:00:00,29.4,0.0,74.4,10.0,3.9
2024-04-29 01:00:00,29.3,0.0,76.1,41.0,4.4
2024-04-29 02:00:00,28.8,0.0,78.9,351.0,2.9
2024-04-29 03:00:00,28.8,0.0,79.0,37.0,4.4
2024-04-29 04:00:00,28.6,0.0,78.0,17.0,3.1
2024-04-29 05:00:00,28.9,0.0,73.8,310.0,3.8
2024-04-29 06:00:00,28.7,0.0,77.4,21.0,3.0
2024-04-29 07:00:00,28.7,0.0,77.1,51.0,5.7
2024-04-29 08:00:00,28.9,0.0,81.5,51.0,5.3
2024-04-29 09:00:00,30.6,0.0,73.0,31.0,4.7
2024-04-29 10:00:00,32.0,0.0,61.7,8.0,5.5
2024-04-29 11:00:00,32.5,0.0,63.0,339.0,4.3
2024-04-29 12:00:00,32.4,0.0,60.6,294.0,4.2
2024-04-29 13:00:00,33.8,0.0,55.5,332.0,5.1
2024-04-29 14:00:00,33.9,0.0,53.8,46.0,6.3
2024-04-29 15:00:00,34.0,0.0,52.2,41.0,7.8
2024-04-29 16:00:00,35.1,0.0,50.6,302.0,4.2
2024-04-29 17:00:00,34.0,0.0,53.2,46.0,6.2
2024-04-29 18:00:00,33.8,0.0,54.3,327.0,4.5
2024-04-29 19:00:00,32.2,0.0,53.3,55.0,5.8
2024-04-29 20:00:00,31.1,0.0,61.4,51.0,5.6
2024-04-29 21:00:00,30.6,0.0,69.2,22.0,4.0
2024-04-29 22:00:00,30.4,0.0,71.5,37.0,5.1
2024-04-29 23:00:00,30.1,0.0,73.6,38.0,5.2
2024-04-30 00:00:00,30.2,0.0,73.6,28.0,4.1
2024-04-30 01:00:00,30.0,0.0,76.0,277.0,3.0
2024-04-30 02:00:00,29.9,0.0,74.8,267.0,3.3
2024-04-30 03:00:00,29.7,0.0,75.3,274.0,3.0
2024-04-30 04:00:00,29.6,0.0,74.8,298.0,3.2
2024-04-30 05:00:00,29.6,0.0,75.4,39.0,4.4
2024-04-30 06:00:00,29.3,0.0,78.5,313.0,3.2
2024-04-30 07:00:00,29.3,0.0,78.3,285.0,3.0
2024-04-30 08:00:00,29.8,0.0,77.4,274.0,3.2
2024-04-30 09:00:00,30.8,0.0,74.3,263.0,4.1
2024-04-30 10:00:00,31.0,0.0,70.1,257.0,4.0
2024-04-30 11:00:00,31.9,0.0,64.6,237.0,4.3
2024-04-30 12:00:00,32.2,0.0,66.9,267.0,3.8
2024-04-30 13:00:00,32.7,0.0,61.2,293.0,4.7
2024-04-30 14:00:00,33.2,0.0,60.9,289.0,4.2
2024-04-30 15:00:00,32.7,0.0,60.7,227.0,5.8
2024-04-30 16:00:00,33.1,0.0,61.2,225.0,6.1
2024-04-30 17:00:00,33.1,0.0,62.0,264.0,4.1
2024-04-30 18:00:00,31.7,0.0,66.4,219.0,5.0
2024-04-30 19:00:00,31.3,0.0,69.3,315.0,3.4
2024-04-30 20:00:00,31.2,0.0,72.4,283.0,3.6
2024-04-30 21:00:00,30.7,0.0,73.8,251.0,3.6
2024-04-30 22:00:00,30.4,0.0,76.2,279.0,3.6
2024-04-30 23:00:00,30.5,0.0,74.0,11.0,3.8
2024-05-01 00:00:00,30.3,0.0,76.2,28.0,4.6
2024-05-01 01:00:00,30.1,0.0,78.7,302.0,3.6
2024-05-01 02:00:00,29.8,0.0,77.4,22.0,4.0
2024-05-01 03:00:00,29.7,0.0,77.9,33.0,4.4
2024-05-01 04:00:00,29.6,0.0,75.2,33.0,4.9
2024-05-01 05:00:00,29.5,0.0,74.8,331.0,3.2
2024-05-01 06:00:00,29.5,0.0,74.1,276.0,3.4
2024-05-01 07:00:00,29.6,0.0,72.8,347.0,3.7
2024-05-01 08:00:00,30.1,0.0,73.8,14.0,3.6
2024-05-01 09:00:00,30.8,0.0,70.5,288.0,3.4
2024-05-01 10:00:00,32.2,0.0,63.3,8.0,4.7
2024-05-01 11:00:00,32.4,0.0,61.8,283.0,3.6
2024-05-01 12:00:00,33.2,0.0,57.8,321.0,4.4
2024-05-01 13:00:00,34.1,0.0,52.1,269.0,4.0
2024-05-01 14:00:00,33.2,0.0,54.7,224.0,6.3
2024-05-01 15:00:00,33.5,0.0,56.7,222.0,6.4
2024-05-01 16:00:00,32.5,0.0,61.7,312.0,3.9
2024-05-01 17:00:00,31.6,0.0,64.1,282.0,3.9
2024-05-01 18:00:00,27.4,0.6,85.2,346.0,10.2
2024-05-01 19:00:00,28.7,0.0,80.3,301.0,4.2
2024-05-01 20:00:00,29.3,0.0,79.9,13.0,2.7
2024-05-01 21:00:00,29.7,0.0,76.8,275.0,3.4
2024-05-01 22:00:00,30.1,0.0,75.2,277.0,4.1
2024-05-01 23:00:00,29.8,0.0,78.2,287.0,4.6
2024-05-02 00:00:00,26.6,0.0,91.8,333.0,6.6
2024-05-02 01:00:00,27.5,0.0,90.6,332.0,5.7
2024-05-02 02:00:00,28.2,0.0,85.8,316.0,4.4
2024-05-02 03:00:00,28.7,0.0,82.6,297.0,4.4
2024-05-02 04:00:00,28.4,0.0,81.9,292.0,3.3
2024-05-02 05:00:00,28.6,0.0,80.4,292.0,3.6
2024-05-02 06:00:00,28.2,0.0,81.9,356.0,2.8
2024-05-02 07:00:00,28.5,0.0,81.3,338.0,3.2
2024-05-02 08:00:00,29.3,0.0,78.4,320.0,3.4
2024-05-02 09:00:00,30.2,0.0,75.4,258.0,3.6
2024-05-02 10:00:00,31.0,0.0,72.0,277.0,4.2
2024-05-02 11:00:00,32.2,0.0,63.9,234.0,4.3
2024-05-02 12:00:00,32.6,0.0,64.4,253.0,5.3
2024-05-02 13:00:00,32.0,0.0,64.2,289.0,6.3
2024-05-02 14:00:00,31.9,0.0,64.6,235.0,6.1
2024-05-02 15:00:00,29.6,0.0,75.7,265.0,4.8
2024-05-02 16:00:00,28.9,0.0,75.6,3.0,4.9
2024-05-03 10:00:00,31.6,0.0,68.4,297.0,3.7
2024-05-03 11:00:00,32.2,0.0,64.4,266.0,4.0
2024-05-03 12:00:00,32.4,0.0,64.1,266.0,4.4
2024-05-03 13:00:00,32.4,0.0,61.7,232.0,4.5
2024-05-03 14:00:00,32.1,0.0,64.5,254.0,4.3
2024-05-03 15:00:00,31.2,0.0,69.5,251.0,4.3
2024-05-03 16:00:00,31.2,0.0,67.0,308.0,3.4
2024-05-03 17:00:00,30.5,0.0,73.2,332.0,3.6
2024-05-03 18:00:00,30.8,0.0,69.8,269.0,3.3
2024-05-03 19:00:00,30.6,0.0,71.6,299.0,3.3
2024-05-03 20:00:00,30.4,0.0,70.9,270.0,3.4
2024-05-03 21:00:00,30.4,0.0,71.3,257.0,3.7
2024-05-03 22:00:00,30.2,0.0,76.1,282.0,3.8
2024-05-03 23:00:00,30.1,0.0,77.3,253.0,3.2
2024-05-04 00:00:00,30.1,0.0,76.0,276.0,3.2
2024-05-04 01:00:00,29.8,0.0,77.0,258.0,3.9
2024-05-04 02:00:00,29.7,0.0,79.8,284.0,3.3
2024-05-04 03:00:00,29.5,0.0,79.8,333.0,3.2
2024-05-04 04:00:00,29.6,0.0,79.3,304.0,3.2
2024-05-04 05:00:00,29.5,0.0,79.4,272.0,3.3
2024-05-04 06:00:00,29.0,0.0,82.3,343.0,4.1
2024-05-04 07:00:00,27.6,0.0,80.5,267.0,3.5
2024-05-04 08:00:00,25.1,7.4,93.8,22.0,6.6
2024-05-04 09:00:00,25.4,0.0,94.9,330.0,5.7
2024-05-04 10:00:00,25.4,0.2,93.7,335.0,9.0
2024-05-04 11:00:00,25.5,0.2,92.2,342.0,9.10001
2024-05-04 12:00:00,24.8,0.4,94.5,336.0,9.0
2024-05-04 13:00:00,24.7,0.2,92.7,322.0,6.9
2024-05-04 14:00:00,24.9,0.0,89.4,325.0,6.5
2024-05-04 15:00:00,25.4,0.0,82.8,314.0,4.8
2024-05-04 16:00:00,26.5,0.0,77.1,302.0,4.8
2024-05-04 17:00:00,27.1,0.0,77.0,304.0,4.3
2024-05-04 18:00:00,27.4,0.0,75.9,325.0,4.0
2024-05-04 19:00:00,27.0,0.0,79.7,344.0,3.2
2024-05-04 20:00:00,26.6,0.0,82.0,3.0,2.9
2024-05-04 21:00:00,26.9,0.0,81.2,312.0,4.2
2024-05-04 22:00:00,27.2,0.0,81.1,352.0,2.2
2024-05-04 23:00:00,27.3,0.0,81.0,13.0,2.2
2024-05-05 00:00:00,27.3,0.0,80.7,322.0,4.7
2024-05-05 01:00:00,26.9,0.0,83.3,339.0,2.8
2024-05-05 02:00:00,27.0,0.0,83.8,327.0,4.3
2024-05-05 03:00:00,26.9,0.0,83.5,348.0,2.5
2024-05-05 04:00:00,26.9,0.0,84.4,323.0,4.9
2024-05-05 05:00:00,27.2,0.0,84.0,298.0,3.3
2024-05-05 06:00:00,27.4,0.0,83.0,329.0,2.6
2024-05-05 07:00:00,27.6,0.0,81.4,341.0,2.2
2024-05-05 08:00:00,28.0,0.0,81.0,337.0,2.6
2024-05-05 09:00:00,30.4,0.0,69.7,287.0,4.4
2024-05-05 10:00:00,31.5,0.0,67.6,262.0,3.8
2024-05-05 11:00:00,31.2,0.0,67.3,263.0,4.5
2024-05-05 12:00:00,31.9,0.0,62.8,270.0,4.8
2024-05-05 13:00:00,32.6,0.0,60.7,302.0,5.9
2024-05-05 14:00:00,33.1,0.0,57.8,282.0,5.0
2024-05-05 15:00:00,33.4,0.0,52.3,287.0,4.8
2024-05-05 16:00:00,33.1,0.0,53.5,280.0,5.2
2024-05-05 17:00:00,33.5,0.0,49.5,230.0,5.5
2024-05-05 18:00:00,32.6,0.0,48.7,240.0,4.7
2024-05-05 19:00:00,31.4,0.0,60.0,251.0,3.7
2024-05-05 20:00:00,30.7,0.0,69.0,240.0,4.0
2024-05-05 21:00:00,30.5,0.0,71.5,238.0,3.5
2024-05-05 22:00:00,30.4,0.0,70.5,243.0,3.5
2024-05-05 23:00:00,30.1,0.0,73.3,258.0,4.0
2024-05-06 00:00:00,29.9,0.0,76.8,267.0,3.2
2024-05-06 01:00:00,29.7,0.0,78.3,280.0,3.1
2024-05-06 02:00:00,29.6,0.0,79.3,275.0,3.1
2024-05-06 03:00:00,29.5,0.0,81.4,308.0,3.3
2024-05-06 04:00:00,29.3,0.0,80.3,261.0,3.1
2024-05-06 05:00:00,29.3,0.0,79.9,266.0,3.3
2024-05-06 06:00:00,29.1,0.0,81.7,259.0,3.5
2024-05-06 07:00:00,29.0,0.0,82.3,243.0,3.4
2024-05-06 08:00:00,29.7,0.0,80.1,283.0,3.3
2024-05-06 09:00:00,30.6,0.0,73.7,347.0,3.9
2024-05-06 10:00:00,31.3,0.0,68.2,273.0,3.8
2024-05-06 11:00:00,32.4,0.0,63.7,20.0,5.3
2024-05-06 12:00:00,32.2,0.0,60.6,239.0,4.2
2024-05-06 13:00:00,33.8,0.0,51.1,264.0,4.4
2024-05-06 14:00:00,34.2,0.0,53.9,263.0,4.7
2024-05-06 15:00:00,32.8,0.0,64.1,261.0,5.0
2024-05-06 16:00:00,32.6,0.0,61.6,333.0,4.8
2024-05-06 17:00:00,31.8,0.0,61.6,354.0,4.2
2024-05-06 18:00:00,31.2,0.0,66.8,37.0,5.1
2024-05-06 19:00:00,30.9,0.0,70.8,326.0,4.6
2024-05-06 20:00:00,30.6,0.0,70.0,318.0,4.9
2024-05-06 21:00:00,30.6,0.0,68.3,24.0,4.8
2024-05-06 22:00:00,30.1,0.0,74.0,312.0,3.2
2024-05-06 23:00:00,30.2,0.0,75.3,331.0,3.5
2024-05-07 00:00:00,29.1,0.0,84.0,349.0,3.7
2024-05-07 01:00:00,29.4,0.0,79.1,256.0,3.2
2024-05-07 02:00:00,29.6,0.0,76.3,32.0,4.5
2024-05-07 03:00:00,29.5,0.0,76.5,27.0,3.9
2024-05-07 04:00:00,29.4,0.0,78.5,337.0,3.3
2024-05-07 05:00:00,29.1,0.0,82.0,41.0,5.4
2024-05-07 06:00:00,29.4,0.0,80.5,37.0,5.7
2024-05-07 07:00:00,27.4,0.0,80.6,269.0,3.7
2024-05-07 08:00:00,28.1,0.0,77.4,8.0,2.9
2024-05-07 09:00:00,28.5,0.0,77.6,42.0,5.7
2024-05-07 10:00:00,30.9,0.0,69.4,24.0,4.3
2024-05-07 11:00:00,29.8,0.0,76.8,308.0,5.6
2024-05-07 12:00:00,26.9,0.0,82.2,39.0,6.4
2024-05-07 13:00:00,29.0,0.0,78.9,242.0,4.1
2024-05-07 14:00:00,28.3,0.0,79.3,210.0,5.5
2024-05-07 15:00:00,29.0,0.0,75.4,323.0,3.6
2024-05-07 16:00:00,28.6,0.0,76.5,44.0,5.6
2024-05-07 17:00:00,28.8,0.0,73.5,46.0,8.0
2024-05-07 18:00:00,29.1,0.0,72.8,51.0,5.6
2024-05-07 19:00:00,29.1,0.0,69.4,44.0,6.0
2024-05-07 20:00:00,28.8,0.0,73.1,17.0,3.2
2024-05-07 21:00:00,28.9,0.0,75.1,16.0,3.1
2024-05-07 22:00:00,29.0,0.0,74.3,11.0,2.5
2024-05-07 23:00:00,28.7,0.0,78.3,22.0,3.3
2024-05-08 00:00:00,29.1,0.0,72.6,16.0,2.6
2024-05-08 01:00:00,29.3,0.0,71.8,18.0,3.2
2024-05-08 02:00:00,29.0,0.0,74.1,5.0,3.5
2024-05-08 03:00:00,28.6,0.0,79.2,335.0,3.5
2024-05-08 04:00:00,28.5,0.0,77.2,325.0,4.3
2024-05-08 05:00:00,27.5,0.0,79.9,295.0,6.3
2024-05-08 06:00:00,26.0,0.0,87.0,318.0,7.1
2024-05-08 07:00:00,25.7,0.0,90.7,313.0,5.6
2024-05-08 08:00:00,25.9,0.0,89.3,335.0,6.2
2024-05-08 09:00:00,26.6,0.0,85.6,355.0,2.7
2024-05-08 10:00:00,28.0,0.0,80.4,17.0,3.3
2024-05-08 11:00:00,29.5,0.0,72.4,43.0,3.1
2024-05-08 12:00:00,29.8,0.0,68.8,27.0,4.6
2024-05-08 13:00:00,30.4,0.0,70.3,5.0,3.8
2024-05-08 14:00:00,30.5,0.0,66.3,39.0,5.4
2024-05-08 15:00:00,30.1,0.0,71.6,226.0,4.6
2024-05-08 16:00:00,30.6,0.0,68.2,281.0,3.8
2024-05-08 17:00:00,30.0,0.0,72.5,267.0,3.9
2024-05-08 18:00:00,29.6,0.0,74.1,268.0,4.1
2024-05-08 19:00:00,29.0,0.0,76.1,262.0,3.5
2024-05-08 20:00:00,29.0,0.0,75.0,38.0,5.5
2024-05-08 21:00:00,28.8,0.0,77.6,294.0,3.0
2024-05-08 22:00:00,28.7,0.0,78.2,220.0,4.0
2024-05-08 23:00:00,28.7,0.0,77.1,268.0,3.2
2024-05-09 00:00:00,28.5,0.0,78.2,278.0,2.9
2024-05-09 01:00:00,28.5,0.0,77.9,265.0,3.0
2024-05-09 02:00:00,28.3,0.0,78.9,215.0,3.0
2024-05-09 03:00:00,28.3,0.0,78.4,316.0,2.9
2024-05-09 04:00:00,28.4,0.0,78.6,291.0,2.9
2024-05-09 05:00:00,28.2,0.0,78.8,320.0,2.6
2024-05-09 06:00:00,28.4,0.0,78.2,40.0,4.2
2024-05-09 07:00:00,28.3,0.0,78.7,19.0,3.0
2024-05-09 08:00:00,29.6,0.0,74.6,313.0,2.7
2024-05-09 09:00:00,29.6,0.0,72.2,281.0,3.5
2024-05-09 10:00:00,30.9,0.0,68.4,315.0,3.4
2024-05-09 11:00:00,32.3,0.0,58.7,312.0,3.4
2024-05-09 12:00:00,32.7,0.0,58.0,299.0,4.1
2024-05-09 13:00:00,33.1,0.0,52.6,9.0,5.6
2024-05-09 14:00:00,32.9,0.0,53.1,271.0,4.4
2024-05-09 15:00:00,33.6,0.0,48.0,37.0,6.0
2024-05-09 16:00:00,34.3,0.0,50.3,23.0,6.5
2024-05-09 17:00:00,32.4,0.0,63.1,247.0,4.5
2024-05-09 18:00:00,31.3,0.0,66.2,238.0,5.1
2024-05-09 19:00:00,30.8,0.0,68.2,275.0,3.9
2024-05-09 20:00:00,30.6,0.0,69.7,270.0,3.4
2024-05-09 21:00:00,30.2,0.0,71.6,271.0,3.5
2024-05-09 22:00:00,30.2,0.0,71.8,350.0,3.7
2024-05-09 23:00:00,30.0,0.0,70.5,264.0,3.4
2024-05-10 00:00:00,29.8,0.0,73.5,301.0,3.6
2024-05-10 01:00:00,29.8,0.0,73.0,334.0,3.7
2024-05-10 02:00:00,29.7,0.0,73.1,322.0,3.6
2024-05-10 03:00:00,29.6,0.0,72.7,292.0,3.6
2024-05-10 04:00:00,29.4,0.0,73.4,287.0,3.5
2024-05-10 05:00:00,29.3,0.0,74.2,269.0,2.9
2024-05-10 06:00:00,29.2,0.0,76.9,259.0,3.1
2024-05-10 07:00:00,29.1,0.0,78.3,329.0,2.6
2024-05-10 08:00:00,29.8,0.0,76.4,250.0,3.2
2024-05-10 09:00:00,30.6,0.0,72.6,286.0,4.1
2024-05-10 10:00:00,31.0,0.0,70.4,258.0,4.2
2024-05-10 11:00:00,33.0,0.0,59.3,306.0,4.3
2024-05-10 12:00:00,27.1,0.2,85.3,345.0,3.7
2024-05-10 13:00:00,30.1,0.0,75.9,268.0,4.1
2024-05-10 14:00:00,30.8,0.0,68.1,282.0,4.3
2024-05-10 15:00:00,30.0,0.0,72.0,260.0,4.1
2024-05-10 16:00:00,31.0,0.0,66.5,309.0,3.7
2024-05-10 17:00:00,31.6,0.0,61.7,292.0,4.5
2024-05-10 18:00:00,30.7,0.0,68.2,261.0,3.8
2024-05-10 19:00:00,30.0,0.0,72.6,248.0,3.7
2024-05-10 20:00:00,29.4,0.0,74.8,284.0,3.4
2024-05-10 21:00:00,29.5,0.0,75.0,280.0,3.1
2024-05-10 22:00:00,29.6,0.0,75.6,294.0,3.2
2024-05-10 23:00:00,29.6,0.0,75.3,258.0,3.3
2024-05-11 00:00:00,29.6,0.0,72.1,254.0,2.9
2024-05-11 01:00:00,29.5,0.0,73.3,341.0,2.8
2024-05-11 02:00:00,29.4,0.0,75.1,4.0,2.9
2024-05-11 03:00:00,29.1,0.0,76.7,255.0,2.9
2024-05-11 04:00:00,29.1,0.0,79.1,309.0,2.9
2024-05-11 05:00:00,28.9,0.0,80.3,42.0,4.7
2024-05-11 06:00:00,28.6,0.0,81.7,355.0,2.6
2024-05-11 07:00:00,28.8,0.0,81.8,24.0,3.8
2024-05-11 08:00:00,29.7,0.0,75.3,291.0,3.2
2024-05-11 09:00:00,31.0,0.0,64.3,299.0,3.4
2024-05-11 10:00:00,31.7,0.0,64.5,334.0,4.2
2024-05-11 11:00:00,32.2,0.0,61.3,299.0,4.0
2024-05-11 12:00:00,32.3,0.0,58.4,33.0,5.3
2024-05-11 13:00:00,33.9,0.0,55.5,338.0,4.4
2024-05-11 14:00:00,32.2,0.0,64.3,236.0,4.8
2024-05-11 15:00:00,29.9,0.0,72.4,54.0,8.2
2024-05-11 16:00:00,28.6,0.2,83.6,1.0,8.5
2024-05-11 17:00:00,30.5,0.0,72.9,1.0,4.3
2024-05-11 18:00:00,31.3,0.0,65.2,327.0,3.9
2024-05-11 19:00:00,30.5,0.0,66.6,354.0,4.0
2024-05-11 20:00:00,30.1,0.0,74.1,22.0,4.6
2024-05-11 21:00:00,29.8,0.0,74.7,18.0,5.4
2024-05-11 22:00:00,29.6,0.0,77.3,43.0,4.6
2024-05-11 23:00:00,29.3,0.0,79.0,13.0,4.2
2024-05-12 00:00:00,29.2,0.0,77.6,9.0,3.9
2024-05-12 01:00:00,29.0,0.0,80.5,265.0,3.2
2024-05-12 02:00:00,28.8,0.0,80.4,261.0,3.1
2024-05-12 03:00:00,28.9,0.0,77.5,287.0,3.1
2024-05-12 04:00:00,28.9,0.0,79.6,296.0,3.2
2024-05-12 05:00:00,28.6,0.0,81.5,334.0,3.2
2024-05-12 06:00:00,28.9,0.0,81.1,305.0,4.2
2024-05-12 07:00:00,28.7,0.0,81.0,295.0,3.7
2024-05-12 08:00:00,29.5,0.0,74.0,316.0,4.0
2024-05-12 09:00:00,31.0,0.0,68.0,302.0,3.3
2024-05-12 10:00:00,32.2,0.0,60.8,346.0,3.7
2024-05-12 11:00:00,30.8,0.0,68.8,299.0,6.0
2024-05-12 12:00:00,30.4,0.0,72.4,249.0,5.2
2024-05-12 13:00:00,30.5,0.0,79.9,348.0,3.5
2024-05-12 14:00:00,30.3,0.0,69.3,278.0,4.4
2024-05-12 15:00:00,29.9,0.0,72.7,339.0,4.9
2024-05-12 16:00:00,31.5,0.0,63.3,234.0,4.6
2024-05-12 17:00:00,30.2,0.0,70.5,289.0,3.8
2024-05-12 18:00:00,30.0,0.0,72.1,286.0,3.6
2024-05-12 19:00:00,29.5,0.0,73.2,265.0,3.4
2024-05-12 20:00:00,29.4,0.0,76.1,274.0,3.0
2024-05-12 21:00:00,29.4,0.0,75.2,285.0,3.4
2024-05-12 22:00:00,29.4,0.0,76.9,272.0,3.3
2024-05-12 23:00:00,29.3,0.0,78.1,38.0,5.1
2024-05-13 00:00:00,29.2,0.0,78.4,319.0,3.3
2024-05-13 01:00:00,29.2,0.0,78.3,241.0,3.9
2024-05-13 02:00:00,29.1,0.0,78.5,273.0,2.9
2024-05-13 03:00:00,29.0,0.0,78.3,289.0,3.2
2024-05-13 04:00:00,29.0,0.0,80.2,261.0,3.1
2024-05-13 05:00:00,28.7,0.0,79.4,263.0,2.6
2024-05-13 06:00:00,29.0,0.0,76.2,334.0,4.0
2024-05-13 07:00:00,28.9,0.0,80.2,19.0,3.6
2024-05-13 08:00:00,28.3,0.0,83.0,17.0,5.1
2024-05-13 09:00:00,29.3,0.0,76.8,25.0,4.2
2024-05-13 10:00:00,30.6,0.0,70.7,15.0,4.3
2024-05-13 11:00:00,28.1,0.2,81.2,261.0,4.7
2024-05-13 12:00:00,28.9,0.0,80.5,296.0,4.9
2024-05-13 13:00:00,30.2,0.0,75.9,272.0,3.2
2024-05-13 14:00:00,32.1,0.0,66.5,276.0,3.8
2024-05-13 15:00:00,31.6,0.0,69.5,337.0,4.5
2024-05-13 16:00:00,27.0,0.0,89.7,344.0,6.6
2024-05-13 17:00:00,27.3,0.0,86.6,324.0,5.0
2024-05-13 18:00:00,28.6,0.0,80.7,340.0,3.3
2024-05-13 19:00:00,28.9,0.0,78.5,18.0,3.6
2024-05-13 20:00:00,27.4,0.0,76.1,24.0,7.4
2024-05-13 21:00:00,27.4,0.0,78.0,15.0,3.1
2024-05-13 22:00:00,27.8,0.0,74.8,321.0,4.6
2024-05-13 23:00:00,28.3,0.0,71.3,9.0,3.0
2024-05-14 00:00:00,27.5,0.0,78.1,357.0,4.3
2024-05-14 01:00:00,27.2,0.0,79.6,21.0,4.1
2024-05-14 02:00:00,26.9,0.0,81.1,321.0,4.6
2024-05-14 03:00:00,27.1,0.0,80.7,4.0,1.9
2024-05-14 04:00:00,27.1,0.0,81.6,41.0,5.1
2024-05-14 05:00:00,27.3,0.0,80.5,341.0,2.9
2024-05-14 06:00:00,27.4,0.0,81.7,28.0,4.5
2024-05-14 07:00:00,27.2,0.0,81.7,8.0,3.2
2024-05-14 08:00:00,28.3,0.0,76.4,340.0,3.7
2024-05-14 09:00:00,29.8,0.0,66.3,359.0,3.6
2024-05-14 10:00:00,31.5,0.0,59.4,358.0,3.6
2024-05-14 11:00:00,32.5,0.0,57.9,349.0,4.0
2024-05-14 12:00:00,34.1,0.0,52.6,3.0,4.4
2024-05-14 13:00:00,33.6,0.0,49.2,43.0,6.9
2024-05-14 14:00:00,32.5,0.0,62.3,257.0,3.8
2024-05-14 15:00:00,32.7,0.0,62.3,241.0,4.1
2024-05-14 16:00:00,32.8,0.0,58.3,258.0,4.3
2024-05-14 17:00:00,31.5,0.0,65.3,261.0,4.5
2024-05-14 18:00:00,23.7,7.2,93.9,349.0,9.39999
2024-05-14 19:00:00,25.6,0.0,89.6,9.0,4.3
2024-05-14 20:00:00,26.7,0.0,85.8,287.0,2.6
2024-05-14 21:00:00,27.6,0.0,84.0,38.0,4.3
2024-05-14 22:00:00,27.8,0.0,83.5,345.0,2.8
2024-05-14 23:00:00,28.0,0.0,84.4,344.0,2.7
2024-05-15 00:00:00,28.5,0.0,83.2,15.0,2.6
2024-05-15 01:00:00,28.5,0.0,83.2,292.0,3.5
2024-05-15 02:00:00,28.2,0.0,85.2,259.0,2.8
2024-05-15 03:00:00,28.6,0.0,83.2,315.0,4.6
2024-05-15 04:00:00,28.5,0.0,81.1,274.0,3.0
2024-05-15 05:00:00,28.6,0.0,79.8,227.0,2.9
2024-05-15 06:00:00,28.5,0.0,81.4,295.0,3.7
2024-05-15 07:00:00,28.6,0.0,81.1,332.0,3.4
2024-05-15 08:00:00,30.3,0.0,75.8,333.0,3.2
2024-05-15 09:00:00,29.4,0.0,77.7,321.0,5.8
2024-05-15 10:00:00,30.8,0.0,71.3,287.0,4.6
2024-05-15 11:00:00,31.9,0.0,65.7,271.0,4.2
2024-05-15 12:00:00,32.5,0.0,62.8,254.0,4.4
2024-05-15 13:00:00,32.3,0.0,64.4,302.0,4.2
2024-05-15 14:00:00,33.1,0.0,63.4,256.0,5.3
2024-05-15 15:00:00,32.3,0.0,64.3,257.0,5.0
2024-05-15 16:00:00,29.4,0.0,76.0,266.0,4.5
2024-05-15 17:00:00,29.8,0.0,70.7,319.0,4.2
2024-05-15 18:00:00,29.6,0.0,75.9,15.0,4.1
2024-05-15 19:00:00,29.6,0.0,75.2,330.0,3.3
2024-05-15 20:00:00,29.7,0.0,74.3,294.0,3.2
2024-05-15 21:00:00,29.6,0.0,77.0,266.0,3.3
2024-05-15 22:00:00,29.7,0.0,78.2,264.0,3.4
2024-05-15 23:00:00,29.6,0.0,75.3,249.0,2.8
2024-05-16 00:00:00,29.5,0.0,78.9,265.0,3.1
2024-05-16 01:00:00,29.4,0.0,80.0,260.0,3.1
2024-05-16 02:00:00,29.3,0.0,78.0,277.0,3.1
2024-05-16 03:00:00,29.3,0.0,76.5,254.0,3.0
2024-05-16 04:00:00,29.2,0.0,78.7,246.0,3.1
2024-05-16 05:00:00,29.1,0.0,79.3,289.0,3.1
2024-05-16 06:00:00,29.3,0.0,77.8,301.0,4.6
2024-05-16 07:00:00,28.4,0.0,81.1,315.0,4.7
2024-05-16 08:00:00,29.0,0.0,78.7,291.0,3.4
2024-05-16 09:00:00,29.6,0.0,79.0,246.0,3.9
2024-05-16 10:00:00,31.0,0.0,71.0,246.0,4.4
2024-05-16 11:00:00,30.8,0.0,69.8,258.0,4.9
2024-05-16 12:00:00,27.6,0.0,86.2,293.0,5.5
2024-05-16 13:00:00,28.0,0.0,84.3,296.0,4.4
2024-05-16 14:00:00,28.3,0.0,79.8,236.0,5.8
2024-05-16 15:00:00,25.0,0.0,92.9,293.0,5.3
2024-05-16 16:00:00,26.3,0.2,88.8,317.0,5.6
2024-05-16 17:00:00,27.1,0.0,85.3,291.0,3.8
2024-05-16 18:00:00,27.7,0.0,84.0,11.0,3.2
2024-05-16 19:00:00,28.0,0.0,82.8,305.0,3.0
2024-05-16 20:00:00,28.0,0.0,84.7,31.0,4.3
2024-05-16 21:00:00,27.8,0.0,85.5,5.0,1.4
2024-05-16 22:00:00,28.1,0.0,85.2,9.0,2.4
2024-05-16 23:00:00,28.2,0.0,82.8,299.0,3.0
2024-05-17 00:00:00,28.5,0.0,80.8,318.0,4.7
2024-05-17 01:00:00,27.5,0.0,87.4,342.0,2.9
2024-05-17 02:00:00,27.2,0.0,89.1,349.0,2.7
2024-05-17 03:00:00,26.9,0.0,89.3,343.0,3.5
2024-05-17 04:00:00,26.8,0.0,88.9,341.0,3.5
2024-05-17 05:00:00,26.7,0.0,88.0,342.0,3.0
2024-05-17 06:00:00,26.6,0.0,88.4,341.0,3.2
2024-05-17 07:00:00,26.7,0.0,87.7,10.0,3.6
2024-05-17 08:00:00,28.2,0.0,81.5,1.0,2.5
2024-05-17 09:00:00,29.3,0.0,78.2,305.0,4.5
2024-05-17 10:00:00,30.4,0.0,71.8,265.0,5.0
2024-05-17 11:00:00,30.8,0.0,66.7,294.0,5.6
2024-05-17 12:00:00,31.8,0.0,63.5,251.0,4.7
2024-05-17 13:00:00,32.5,0.0,63.2,259.0,5.0
2024-05-17 14:00:00,31.5,0.2,65.4,248.0,5.6
2024-05-17 15:00:00,29.3,0.0,76.5,18.0,3.9
2024-05-17 16:00:00,31.5,0.0,69.0,277.0,3.6
2024-05-17 17:00:00,31.5,0.0,66.1,241.0,4.4
2024-05-17 18:00:00,31.1,0.0,67.3,265.0,3.4
2024-05-17 19:00:00,30.5,0.0,68.1,282.0,3.4
2024-05-17 20:00:00,30.2,0.0,73.4,244.0,3.9
2024-05-17 21:00:00,30.0,0.0,73.9,247.0,3.8
2024-05-17 22:00:00,29.7,0.0,76.6,233.0,3.4
2024-05-17 23:00:00,29.6,0.0,77.4,277.0,3.0
2024-05-18 00:00:00,29.3,0.0,79.7,277.0,3.1
2024-05-18 01:00:00,29.3,0.0,77.2,358.0,2.7
2024-05-18 02:00:00,29.0,0.0,79.7,355.0,2.5
2024-05-18 03:00:00,28.8,0.0,81.0,2.0,2.9
2024-05-18 04:00:00,28.8,0.0,81.4,18.0,3.5
2024-05-18 05:00:00,28.6,0.0,81.7,335.0,2.1
2024-05-18 06:00:00,28.7,0.0,81.8,1.0,2.0
2024-05-18 07:00:00,28.6,0.0,82.4,353.0,2.4
2024-05-18 08:00:00,29.8,0.0,78.4,336.0,3.2
2024-05-18 09:00:00,30.4,0.0,72.9,263.0,3.6
2024-05-18 10:00:00,31.6,0.0,68.8,303.0,3.7
2024-05-18 11:00:00,31.8,0.0,62.2,258.0,4.7
2024-05-18 12:00:00,30.8,0.0,57.1,234.0,4.5
2024-05-18 13:00:00,32.9,0.0,60.8,301.0,5.0
2024-05-18 14:00:00,32.2,0.0,58.8,248.0,4.5
2024-05-18 15:00:00,30.1,0.0,69.5,297.0,3.8
2024-05-18 16:00:00,29.9,0.0,68.9,311.0,4.0
2024-05-18 17:00:00,28.7,0.0,80.5,302.0,4.8
2024-05-18 18:00:00,29.3,0.0,75.3,329.0,3.7
2024-05-18 19:00:00,29.2,0.0,74.4,278.0,3.2
2024-05-18 20:00:00,29.5,0.0,75.4,249.0,3.4
2024-05-18 21:00:00,29.0,0.0,73.8,227.0,4.5
2024-05-18 22:00:00,28.6,0.0,78.0,261.0,3.5
2024-05-18 23:00:00,28.5,0.0,80.2,258.0,3.4
2024-05-19 00:00:00,28.6,0.0,80.1,255.0,3.3
2024-05-19 01:00:00,28.8,0.0,75.9,248.0,3.3
2024-05-19 02:00:00,28.7,0.0,80.9,233.0,4.0
2024-05-19 03:00:00,28.9,0.0,75.5,238.0,4.3
2024-05-19 04:00:00,28.8,0.0,75.0,234.0,3.5
2024-05-19 05:00:00,28.6,0.0,80.1,256.0,3.2
2024-05-19 06:00:00,28.7,0.0,79.4,231.0,3.7
2024-05-19 07:00:00,28.7,0.0,79.9,219.0,3.0
2024-05-19 08:00:00,29.5,0.0,77.2,245.0,3.4
2024-05-19 09:00:00,30.2,0.0,73.0,270.0,4.7
2024-05-19 10:00:00,31.0,0.0,69.2,283.0,4.9
2024-05-19 11:00:00,31.4,0.0,69.1,284.0,3.6
2024-05-19 12:00:00,31.4,0.0,70.4,289.0,5.5
2024-05-19 13:00:00,30.9,0.0,73.1,290.0,4.1
2024-05-19 14:00:00,31.4,0.0,69.1,235.0,5.7
2024-05-19 15:00:00,31.7,0.0,66.3,270.0,4.1
2024-05-19 16:00:00,31.0,0.0,67.2,258.0,4.7
2024-05-19 17:00:00,29.9,0.0,75.1,299.0,4.3
2024-05-19 18:00:00,29.4,0.0,76.1,274.0,3.9
2024-05-19 19:00:00,29.0,0.0,76.9,223.0,4.4
2024-05-19 20:00:00,29.1,0.0,77.2,256.0,3.7
2024-05-19 21:00:00,29.2,0.0,77.5,243.0,3.6
2024-05-19 22:00:00,29.1,0.0,79.3,230.0,4.4
2024-05-19 23:00:00,29.1,0.0,78.5,265.0,3.7
2024-05-20 00:00:00,28.9,0.0,80.5,242.0,3.7
2024-05-20 01:00:00,28.9,0.0,80.9,246.0,3.6
2024-05-20 02:00:00,29.0,0.0,81.3,242.0,3.5
2024-05-20 03:00:00,28.9,0.0,81.0,236.0,3.7
2024-05-20 04:00:00,29.0,0.0,81.7,286.0,3.4
2024-05-20 05:00:00,28.9,0.0,81.9,260.0,3.1
2024-05-20 06:00:00,28.0,0.6,85.4,346.0,6.8
2024-05-20 07:00:00,26.2,0.2,90.9,32.0,8.39999
2024-05-20 08:00:00,27.4,0.0,87.7,315.0,4.9
2024-05-20 09:00:00,27.6,0.0,85.8,259.0,5.2
2024-05-20 10:00:00,26.6,0.2,87.7,241.0,5.0
2024-05-20 11:00:00,26.9,0.0,87.5,29.0,3.2
2024-05-20 12:00:00,26.8,0.0,86.4,6.0,4.2
2024-05-20 13:00:00,27.5,0.0,86.8,264.0,3.6
2024-05-20 14:00:00,29.3,0.0,76.6,249.0,3.8
2024-05-20 15:00:00,30.9,0.0,69.5,310.0,4.5
2024-05-20 16:00:00,29.8,0.0,71.1,254.0,4.0
2024-05-20 17:00:00,30.3,0.0,71.1,313.0,3.5
2024-05-20 18:00:00,29.1,0.0,75.9,248.0,4.0
2024-05-20 19:00:00,28.9,0.0,75.7,261.0,3.5
2024-05-20 20:00:00,28.8,0.0,76.9,242.0,3.9
2024-05-20 21:00:00,28.9,0.0,73.9,255.0,3.1
2024-05-20 22:00:00,28.8,0.0,76.0,236.0,3.5
2024-05-20 23:00:00,28.8,0.0,76.2,265.0,2.8
2024-05-21 00:00:00,28.7,0.0,80.5,281.0,3.1
2024-05-21 01:00:00,28.7,0.0,80.5,266.0,2.8
2024-05-21 02:00:00,28.9,0.0,77.4,256.0,3.5
2024-05-21 03:00:00,28.9,0.0,77.9,235.0,3.3
2024-05-21 04:00:00,28.9,0.0,79.6,254.0,3.4
2024-05-21 05:00:00,29.0,0.0,80.2,231.0,3.8
2024-05-21 06:00:00,28.6,0.0,82.3,304.0,3.2
2024-05-21 07:00:00,28.7,0.0,82.5,328.0,3.8
2024-05-21 08:00:00,27.2,0.0,89.8,22.0,5.2
2024-05-21 09:00:00,29.1,0.0,77.0,247.0,3.9
2024-05-21 10:00:00,30.0,0.0,77.2,269.0,5.2
2024-05-21 11:00:00,30.7,0.0,71.4,276.0,4.6
2024-05-21 12:00:00,31.4,0.0,69.0,234.0,5.3
2024-05-21 13:00:00,30.3,0.0,74.3,248.0,5.0
2024-05-21 14:00:00,31.2,0.0,67.0,224.0,6.0
2024-05-21 15:00:00,30.6,0.0,71.9,229.0,5.9
2024-05-21 16:00:00,31.0,0.0,69.4,273.0,3.7
2024-05-21 17:00:00,30.5,0.0,71.2,262.0,4.6
2024-05-21 18:00:00,28.7,0.0,77.0,246.0,4.6
2024-05-21 19:00:00,28.8,0.0,73.3,351.0,3.4
2024-05-21 20:00:00,29.1,0.0,71.1,356.0,3.1
2024-05-21 21:00:00,29.3,0.0,74.4,277.0,3.0
2024-05-21 22:00:00,29.4,0.0,76.8,319.0,3.2
2024-05-21 23:00:00,29.5,0.0,77.7,302.0,3.2
2024-05-22 00:00:00,29.4,0.0,78.0,269.0,3.1
2024-05-22 01:00:00,29.3,0.0,79.2,280.0,3.1
2024-05-22 02:00:00,29.2,0.0,80.7,324.0,3.1
2024-05-22 03:00:00,29.0,0.0,82.8,280.0,3.2
2024-05-22 04:00:00,29.1,0.0,81.1,299.0,3.3
2024-05-22 05:00:00,28.9,0.0,82.3,297.0,3.1
2024-05-22 06:00:00,28.9,0.0,82.6,268.0,3.3
2024-05-22 07:00:00,28.9,0.0,82.6,326.0,3.5
2024-05-22 08:00:00,29.3,0.0,81.5,301.0,3.9
2024-05-22 09:00:00,30.1,0.0,77.2,315.0,4.0
2024-05-22 10:00:00,30.4,0.0,75.9,290.0,3.3
2024-05-22 11:00:00,30.1,0.0,74.5,265.0,3.5
2024-05-22 12:00:00,27.7,0.0,81.5,339.0,5.7
2024-05-22 13:00:00,26.2,0.0,93.4,340.0,8.0
2024-05-22 14:00:00,27.6,0.0,86.5,335.0,5.2
2024-05-22 15:00:00,30.0,0.0,73.3,321.0,4.5
2024-05-22 16:00:00,29.0,0.0,77.1,248.0,3.3
2024-05-22 17:00:00,28.6,0.0,79.6,275.0,3.5
2024-05-22 18:00:00,28.0,0.0,85.9,20.0,4.8
2024-05-22 19:00:00,26.9,0.0,92.1,19.0,6.0
2024-05-22 20:00:00,27.4,0.0,90.2,21.0,6.2
2024-05-22 21:00:00,27.5,0.0,87.2,273.0,3.7
2024-05-22 22:00:00,27.3,0.0,87.1,260.0,3.1
2024-05-22 23:00:00,27.5,0.0,85.3,236.0,2.5
2024-05-23 00:00:00,27.6,0.0,85.4,291.0,3.6
2024-05-23 01:00:00,27.6,0.0,85.1,358.0,1.9
2024-05-23 02:00:00,27.5,0.0,85.1,348.0,2.2
2024-05-23 03:00:00,27.7,0.0,85.1,1.0,1.9
2024-05-23 04:00:00,27.8,0.0,84.2,323.0,4.6
2024-05-23 05:00:00,27.7,0.0,85.5,281.0,3.1
2024-05-23 06:00:00,27.5,0.0,86.2,286.0,2.8
2024-05-23 07:00:00,28.0,0.0,84.3,289.0,3.3
2024-05-23 08:00:00,29.0,0.0,79.5,282.0,3.3
2024-05-23 09:00:00,29.6,0.0,76.5,296.0,4.1
2024-05-23 10:00:00,30.2,0.0,74.1,251.0,3.7
2024-05-23 11:00:00,30.4,0.0,72.1,257.0,3.8
2024-05-23 12:00:00,31.1,0.0,67.6,262.0,4.5
2024-05-23 13:00:00,31.9,0.0,63.2,256.0,4.1
2024-05-23 14:00:00,32.9,0.0,59.3,304.0,4.9
2024-05-23 15:00:00,31.9,0.0,58.1,226.0,5.6
2024-05-23 16:00:00,32.3,0.0,61.1,277.0,4.2
2024-05-23 17:00:00,30.8,0.0,70.2,260.0,3.8
2024-05-23 18:00:00,30.7,0.0,70.4,44.0,5.5
2024-05-23 19:00:00,26.8,0.2,86.3,40.0,8.0
2024-05-23 20:00:00,27.1,0.0,87.0,38.0,8.89999
2024-05-23 21:00:00,27.0,0.0,88.2,26.0,3.8
2024-05-23 22:00:00,27.2,0.0,87.7,27.0,4.3
2024-05-23 23:00:00,27.6,0.0,82.5,41.0,5.1
2024-05-24 00:00:00,27.8,0.0,83.9,14.0,2.5
2024-05-24 01:00:00,27.6,0.0,84.9,340.0,3.1
2024-05-24 02:00:00,27.5,0.0,86.6,341.0,3.1
2024-05-24 03:00:00,27.3,0.0,84.3,344.0,4.5
2024-05-24 04:00:00,27.2,0.0,84.4,348.0,4.0
2024-05-24 05:00:00,27.0,0.0,83.3,347.0,4.2
2024-05-24 06:00:00,26.9,0.0,81.5,20.0,5.1
2024-05-24 07:00:00,26.6,0.0,86.2,52.0,9.10001
2024-05-24 08:00:00,26.0,0.0,84.8,57.0,7.6
2024-05-24 09:00:00,25.7,0.0,86.1,44.0,7.4
2024-05-24 10:00:00,26.3,0.0,84.0,10.0,3.6
2024-05-24 11:00:00,28.7,0.0,75.2,322.0,3.1
2024-05-24 12:00:00,29.7,0.0,68.4,310.0,4.3
2024-05-24 13:00:00,29.8,0.0,69.4,249.0,3.8
2024-05-24 14:00:00,31.2,0.0,65.0,2.0,4.4
2024-05-24 15:00:00,31.1,0.0,67.5,299.0,3.6
2024-05-24 16:00:00,31.3,0.0,67.7,311.0,4.3
2024-05-24 17:00:00,30.2,0.0,71.0,293.0,4.2
2024-05-24 18:00:00,29.6,0.0,76.5,26.0,4.2
2024-05-24 19:00:00,29.9,0.0,74.8,13.0,3.1
2024-05-24 20:00:00,29.7,0.0,73.9,32.0,5.0
2024-05-24 21:00:00,29.4,0.0,75.3,12.0,3.2
2024-05-24 22:00:00,29.2,0.0,76.5,319.0,3.0
2024-05-24 23:00:00,29.1,0.0,78.2,14.0,2.9
2024-05-25 00:00:00,28.9,0.0,80.6,359.0,3.1
2024-05-25 01:00:00,28.7,0.0,82.0,334.0,2.8
2024-05-25 02:00:00,28.6,0.0,82.2,4.0,2.7
2024-05-25 03:00:00,28.6,0.0,81.4,319.0,2.8
2024-05-25 04:00:00,28.7,0.0,80.9,314.0,4.2
2024-05-25 05:00:00,28.4,0.0,82.3,325.0,4.4
2024-05-25 06:00:00,28.3,0.0,83.0,1.0,2.3
2024-05-25 07:00:00,28.2,0.0,82.9,314.0,3.4
2024-05-25 08:00:00,28.8,0.0,81.2,298.0,3.2
2024-05-25 09:00:00,29.5,0.0,78.4,302.0,4.5
2024-05-25 10:00:00,29.8,0.0,76.8,304.0,4.4
2024-05-25 11:00:00,31.0,0.0,71.6,303.0,3.9
2024-05-25 12:00:00,29.9,0.0,72.7,330.0,4.4
2024-05-25 13:00:00,32.0,0.0,61.9,269.0,3.9
2024-05-25 14:00:00,28.7,0.0,76.6,62.0,10.2
2024-05-25 15:00:00,29.0,0.0,82.1,355.0,3.5
2024-05-25 16:00:00,28.9,0.0,72.9,7.0,6.5
2024-05-25 17:00:00,26.2,0.2,89.4,341.0,6.5
2024-05-25 18:00:00,26.6,0.0,89.9,87.0,6.2
2024-05-25 19:00:00,26.8,0.2,88.1,340.0,4.6
2024-05-25 20:00:00,26.8,0.0,89.0,72.0,5.5
2024-05-25 21:00:00,26.6,0.0,88.4,330.0,4.6
2024-05-25 22:00:00,26.8,0.0,88.8,314.0,4.1
2024-05-25 23:00:00,27.2,0.0,86.3,253.0,3.1
2024-05-26 00:00:00,27.3,0.0,86.7,328.0,3.4
2024-05-26 01:00:00,27.6,0.0,84.3,238.0,3.4
2024-05-26 02:00:00,27.7,0.0,83.1,292.0,3.5
2024-05-26 03:00:00,27.7,0.0,84.9,270.0,3.0
2024-05-26 04:00:00,27.9,0.0,85.2,282.0,3.4
2024-05-26 05:00:00,27.9,0.0,85.3,248.0,2.7
2024-05-26 06:00:00,28.1,0.0,84.1,309.0,2.8
2024-05-26 07:00:00,28.1,0.0,84.9,6.0,2.2
2024-05-26 08:00:00,28.3,0.0,85.9,352.0,2.3
2024-05-26 09:00:00,29.2,0.0,80.4,235.0,3.1
2024-05-26 10:00:00,30.4,0.0,75.1,305.0,3.5
2024-05-26 11:00:00,31.3,0.0,69.6,295.0,3.8
2024-05-26 12:00:00,32.0,0.0,64.8,294.0,3.7
2024-05-26 13:00:00,32.3,0.0,64.2,286.0,3.8
2024-05-26 14:00:00,32.6,0.0,56.9,267.0,4.1
2024-05-26 15:00:00,31.7,0.0,67.9,245.0,4.9
2024-05-26 16:00:00,31.0,0.0,70.9,271.0,4.3
2024-05-26 17:00:00,31.6,0.0,71.7,316.0,3.5
2024-05-26 18:00:00,31.0,0.0,70.1,274.0,3.6
2024-05-26 19:00:00,30.8,0.0,70.5,264.0,3.5
2024-05-26 20:00:00,30.4,0.0,76.2,230.0,4.2
2024-05-26 21:00:00,30.2,0.0,77.6,250.0,3.8
2024-05-26 22:00:00,30.1,0.0,74.0,276.0,3.8
2024-05-26 23:00:00,29.9,0.0,78.1,279.0,3.1
2024-05-27 00:00:00,29.8,0.0,79.7,272.0,3.2
2024-05-27 01:00:00,29.8,0.0,79.9,256.0,3.4
2024-05-27 02:00:00,29.6,0.0,77.7,266.0,3.3
2024-05-27 03:00:00,29.5,0.0,76.3,257.0,3.2
2024-05-27 04:00:00,29.5,0.0,75.1,251.0,3.4
2024-05-27 05:00:00,29.4,0.0,77.1,254.0,3.2
2024-05-27 06:00:00,29.3,0.0,79.8,283.0,3.5
2024-05-27 07:00:00,29.3,0.0,78.7,271.0,3.1
2024-05-27 08:00:00,29.8,0.0,77.8,270.0,3.4
2024-05-27 09:00:00,30.4,0.0,75.1,251.0,4.0
2024-05-27 10:00:00,31.6,0.0,70.8,251.0,4.3
2024-05-27 11:00:00,32.2,0.0,65.2,249.0,4.5
2024-05-27 12:00:00,32.3,0.0,64.7,233.0,4.5
2024-05-27 13:00:00,33.9,0.0,59.0,271.0,4.5
2024-05-27 14:00:00,32.8,0.0,61.9,248.0,5.5
2024-05-27 15:00:00,31.1,0.0,61.7,247.0,4.2
2024-05-27 16:00:00,31.2,0.0,64.2,271.0,4.6
2024-05-27 17:00:00,31.9,0.0,61.4,290.0,4.2
2024-05-27 18:00:00,31.4,0.0,66.8,240.0,3.9
2024-05-27 19:00:00,31.1,0.0,69.1,249.0,4.2
2024-05-27 20:00:00,30.7,0.0,72.4,228.0,5.0
2024-05-27 21:00:00,30.4,0.0,73.9,253.0,4.6
2024-05-27 22:00:00,30.3,0.0,75.2,248.0,3.6
2024-05-27 23:00:00,30.3,0.0,74.9,251.0,3.9
2024-05-28 00:00:00,30.3,0.0,72.2,245.0,3.9
2024-05-28 01:00:00,30.0,0.0,74.6,253.0,3.3
2024-05-28 02:00:00,29.9,0.0,77.3,268.0,3.4
2024-05-28 03:00:00,29.8,0.0,78.0,252.0,3.6
2024-05-28 04:00:00,29.8,0.0,76.1,236.0,3.7
2024-05-28 05:00:00,29.7,0.0,76.6,266.0,3.0
2024-05-28 06:00:00,29.7,0.0,78.4,266.0,3.4
2024-05-28 07:00:00,29.7,0.0,78.7,236.0,4.0
2024-05-28 08:00:00,30.1,0.0,77.7,259.0,4.0
2024-05-28 09:00:00,30.5,0.0,76.1,239.0,4.5
2024-05-28 10:00:00,31.1,0.0,72.9,290.0,4.1
2024-05-28 11:00:00,31.5,0.0,69.6,255.0,3.7
2024-05-28 12:00:00,31.8,0.0,69.0,278.0,4.1
2024-05-28 13:00:00,32.1,0.0,68.4,277.0,3.9
2024-05-28 14:00:00,32.4,0.0,66.8,286.0,5.8
2024-05-28 15:00:00,32.5,0.0,68.1,229.0,5.5
2024-05-28 16:00:00,30.4,0.0,66.6,262.0,4.3
2024-05-28 17:00:00,30.9,0.0,72.5,296.0,3.2
2024-05-28 18:00:00,31.0,0.0,69.8,300.0,4.9
2024-05-28 19:00:00,30.7,0.0,73.7,253.0,3.2
2024-05-28 20:00:00,30.4,0.0,74.2,20.0,5.0
2024-05-28 21:00:00,29.7,0.0,75.8,42.0,5.6
2024-05-28 22:00:00,28.7,0.0,79.7,37.0,4.0
2024-05-28 23:00:00,28.4,0.0,78.9,46.0,5.5
2024-05-29 00:00:00,28.8,0.0,77.7,16.0,3.3
2024-05-29 01:00:00,29.2,0.0,76.9,3.0,3.1
2024-05-29 02:00:00,29.1,0.0,79.3,351.0,3.8
2024-05-29 03:00:00,29.1,0.0,82.5,31.0,4.7
2024-05-29 04:00:00,29.0,0.0,84.2,329.0,3.4
2024-05-29 05:00:00,29.4,0.0,82.3,258.0,3.3
2024-05-29 06:00:00,29.4,0.0,82.8,255.0,3.3
2024-05-29 07:00:00,29.6,0.0,81.6,300.0,4.5
2024-05-29 08:00:00,29.8,0.0,79.6,266.0,3.5
2024-05-29 09:00:00,30.6,0.0,76.0,241.0,4.5
2024-05-29 10:00:00,32.2,0.0,68.8,290.0,3.6
2024-05-29 11:00:00,32.1,0.0,66.3,237.0,4.7
2024-05-29 12:00:00,32.5,0.0,61.9,233.0,4.7
2024-05-29 13:00:00,33.2,0.0,57.7,234.0,5.3
2024-05-29 14:00:00,33.4,0.0,54.6,224.0,5.9
2024-05-29 15:00:00,34.7,0.0,50.3,265.0,5.1
2024-05-29 16:00:00,32.9,0.0,61.7,242.0,5.1
2024-05-29 17:00:00,31.8,0.0,67.0,245.0,5.1
2024-05-29 18:00:00,31.7,0.0,66.6,281.0,4.1
2024-05-29 19:00:00,30.9,0.0,70.1,241.0,3.9
2024-05-29 20:00:00,30.7,0.0,67.9,306.0,3.5
2024-05-29 21:00:00,30.5,0.0,74.3,309.0,3.4
2024-05-29 22:00:00,30.4,0.0,76.3,251.0,3.7
2024-05-29 23:00:00,30.2,0.0,79.0,269.0,3.6
2024-05-30 00:00:00,30.2,0.0,78.7,291.0,3.4
2024-05-30 01:00:00,30.0,0.0,78.9,261.0,3.3
2024-05-30 02:00:00,29.9,0.0,80.1,287.0,3.6
2024-05-30 03:00:00,29.7,0.0,80.1,254.0,3.5
2024-05-30 04:00:00,29.7,0.0,80.7,319.0,3.6
2024-05-30 05:00:00,29.6,0.0,80.6,260.0,3.2
2024-05-30 06:00:00,29.4,0.0,81.5,310.0,3.3
2024-05-30 07:00:00,29.5,0.0,80.8,272.0,3.6
2024-05-30 08:00:00,30.1,0.0,77.9,239.0,4.3
2024-05-30 09:00:00,31.1,0.0,71.3,257.0,4.6
2024-05-30 10:00:00,31.3,0.0,71.2,214.0,7.0
2024-05-30 11:00:00,30.3,0.0,73.2,251.0,6.5
2024-05-30 12:00:00,28.8,0.0,73.8,271.0,5.3
2024-05-30 13:00:00,29.7,0.0,71.8,271.0,4.2
2024-05-30 14:00:00,30.9,0.0,64.9,242.0,5.2
2024-05-30 15:00:00,31.4,0.0,62.7,216.0,6.6
2024-05-30 16:00:00,31.7,0.0,59.2,269.0,5.4
2024-05-30 17:00:00,31.9,0.0,59.6,256.0,4.4
2024-05-30 18:00:00,31.0,0.0,62.1,231.0,6.8
2024-05-30 19:00:00,30.3,0.0,68.8,261.0,4.0
2024-05-30 20:00:00,29.8,0.0,72.1,270.0,4.0
2024-05-30 21:00:00,29.7,0.0,72.9,250.0,3.3
2024-05-30 22:00:00,29.7,0.0,73.6,284.0,3.4
2024-05-30 23:00:00,29.5,0.0,75.3,306.0,3.7
2024-05-31 00:00:00,29.3,0.0,75.1,304.0,3.1
2024-05-31 01:00:00,29.2,0.0,74.9,4.0,2.3
2024-05-31 02:00:00,29.2,0.0,74.8,339.0,3.2
2024-05-31 03:00:00,29.1,0.0,75.1,251.0,3.1
2024-05-31 04:00:00,29.0,0.0,74.6,288.0,3.0
2024-05-31 05:00:00,29.0,0.0,76.6,263.0,2.8
2024-05-31 06:00:00,28.8,0.0,80.0,268.0,2.8
2024-05-31 07:00:00,28.8,0.0,79.9,277.0,3.4
2024-05-31 08:00:00,29.3,0.0,79.1,296.0,3.5
2024-05-31 09:00:00,29.7,0.0,78.1,265.0,4.3
2024-05-31 10:00:00,30.5,0.0,76.3,282.0,3.6
2024-05-31 11:00:00,31.0,0.0,72.0,283.0,4.3
2024-05-31 12:00:00,30.5,0.0,73.2,49.0,7.3
2024-05-31 13:00:00,31.0,0.0,68.5,298.0,3.9
2024-05-31 14:00:00,33.1,0.0,60.6,293.0,3.8
2024-05-31 15:00:00,31.0,0.0,62.0,236.0,5.2
2024-05-31 16:00:00,31.4,0.0,61.2,253.0,3.8
2024-05-31 17:00:00,31.3,0.0,68.4,279.0,3.9
2024-05-31 18:00:00,31.2,0.0,70.1,296.0,4.0
2024-05-31 19:00:00,30.6,0.0,72.7,256.0,4.5
2024-05-31 20:00:00,29.7,0.0,71.1,264.0,3.5
2024-05-31 21:00:00,30.3,0.0,67.5,233.0,3.2
2024-05-31 22:00:00,30.1,0.0,70.0,261.0,3.3
2024-05-31 23:00:00,29.9,0.0,73.8,238.0,4.1
2024-06-01 00:00:00,29.8,0.0,76.1,259.0,3.5
2024-06-01 01:00:00,29.8,0.0,76.5,270.0,3.9
2024-06-01 02:00:00,29.7,0.0,77.9,299.0,4.2
2024-06-01 03:00:00,29.5,0.0,79.7,307.0,3.8
2024-06-01 04:00:00,29.7,0.0,76.9,303.0,3.6
2024-06-01 05:00:00,28.3,0.4,74.8,324.0,4.7
2024-06-01 06:00:00,26.3,0.2,88.9,349.0,11.5
2024-06-01 07:00:00,26.2,0.0,87.3,325.0,5.0
2024-06-01 08:00:00,26.6,0.0,84.0,18.0,3.9
2024-06-01 09:00:00,26.9,0.0,85.3,224.0,4.7
2024-06-01 10:00:00,26.6,0.0,88.0,264.0,3.9
2024-06-01 11:00:00,26.0,0.2,88.1,228.0,3.9
2024-06-01 12:00:00,25.8,0.2,87.5,8.0,5.2
2024-06-01 13:00:00,26.3,0.0,84.7,253.0,3.9
2024-06-01 14:00:00,26.9,0.2,80.9,304.0,4.3
2024-06-01 15:00:00,27.7,0.0,80.5,253.0,3.9
2024-06-01 16:00:00,28.0,0.0,79.1,256.0,4.2
2024-06-01 17:00:00,28.3,0.0,78.6,269.0,3.9
2024-06-01 18:00:00,28.1,0.0,77.5,260.0,3.7
2024-06-01 19:00:00,28.1,0.0,78.2,282.0,3.6
2024-06-01 20:00:00,28.1,0.0,76.1,256.0,4.0
2024-06-01 21:00:00,28.0,0.0,76.8,282.0,3.3
2024-06-01 22:00:00,27.9,0.0,78.4,253.0,2.9
2024-06-01 23:00:00,28.1,0.0,75.9,303.0,3.9
2024-06-02 00:00:00,28.2,0.0,76.9,287.0,3.3
2024-06-02 01:00:00,28.1,0.0,77.8,300.0,3.6
2024-06-02 02:00:00,27.8,0.0,79.0,348.0,2.5
2024-06-02 03:00:00,27.5,0.0,80.9,341.0,2.8
2024-06-02 04:00:00,27.3,0.0,82.2,341.0,3.0
2024-06-02 05:00:00,27.2,0.0,82.7,343.0,2.3
2024-06-02 06:00:00,27.4,0.0,83.3,342.0,2.6
2024-06-02 07:00:00,27.3,0.0,83.1,29.0,4.9
2024-06-02 08:00:00,27.8,0.0,81.7,25.0,3.9
2024-06-02 09:00:00,28.5,0.0,78.0,358.0,3.1
2024-06-02 10:00:00,29.5,0.0,74.9,327.0,4.6
2024-06-02 11:00:00,30.7,0.0,68.1,250.0,4.0
2024-06-02 12:00:00,30.9,0.0,66.1,300.0,4.3
2024-06-02 13:00:00,31.1,0.0,69.7,249.0,3.8
2024-06-02 14:00:00,29.2,0.0,75.0,236.0,4.6
2024-06-02 15:00:00,29.0,0.0,74.0,254.0,3.7
2024-06-02 16:00:00,27.8,0.0,84.3,257.0,3.5
2024-06-02 17:00:00,26.7,0.2,86.0,286.0,4.0
2024-06-02 18:00:00,25.8,0.0,88.8,301.0,3.6
2024-06-02 19:00:00,26.3,0.0,87.9,271.0,4.0
2024-06-02 20:00:00,26.5,0.0,85.1,229.0,4.3
2024-06-02 21:00:00,27.0,0.0,85.3,247.0,3.1
2024-06-02 22:00:00,27.1,0.0,84.9,245.0,2.6
2024-06-02 23:00:00,27.0,0.0,85.2,332.0,3.0
2024-06-03 00:00:00,27.2,0.0,83.6,28.0,3.7
2024-06-03 01:00:00,27.2,0.0,83.8,46.0,5.1
2024-06-03 02:00:00,26.7,0.0,87.5,49.0,5.3
2024-06-03 03:00:00,26.9,0.0,86.8,27.0,4.0
2024-06-03 04:00:00,26.7,0.0,89.0,341.0,2.8
2024-06-03 05:00:00,26.7,0.0,87.8,344.0,2.7
2024-06-03 06:00:00,26.9,0.0,86.9,323.0,4.7
2024-06-03 07:00:00,27.1,0.0,85.8,23.0,3.4
2024-06-03 08:00:00,27.8,0.0,82.4,2.0,1.9
2024-06-03 09:00:00,29.4,0.0,73.4,298.0,3.9
2024-06-03 10:00:00,29.9,0.0,69.6,36.0,5.5
2024-06-03 11:00:00,32.0,0.0,61.0,358.0,3.7
2024-06-03 12:00:00,31.1,0.0,68.8,257.0,4.0
2024-06-03 13:00:00,32.3,0.0,57.4,280.0,4.4
2024-06-03 14:00:00,32.9,0.0,53.6,275.0,4.5
2024-06-03 15:00:00,31.8,0.0,58.3,248.0,4.0
2024-06-03 16:00:00,31.7,0.0,60.5,272.0,3.7
2024-06-03 17:00:00,31.6,0.0,64.7,301.0,3.9
2024-06-03 18:00:00,29.5,0.0,67.0,13.0,6.9
2024-06-03 19:00:00,28.4,0.0,68.5,331.0,3.9
2024-06-03 20:00:00,28.8,0.0,65.8,32.0,4.2
2024-06-03 21:00:00,28.6,0.0,70.6,23.0,5.0
2024-06-03 22:00:00,28.4,0.0,75.5,337.0,3.9
2024-06-03 23:00:00,28.3,0.0,76.2,338.0,3.2
2024-06-04 00:00:00,28.9,0.0,74.4,10.0,2.8
2024-06-04 01:00:00,28.9,0.0,75.4,17.0,2.9
2024-06-04 02:00:00,28.6,0.0,77.5,347.0,2.7
2024-06-04 03:00:00,28.3,0.0,78.8,14.0,2.9
2024-06-04 04:00:00,28.1,0.0,81.0,49.0,5.8
2024-06-04 05:00:00,27.9,0.0,82.7,44.0,4.8
2024-06-04 06:00:00,27.6,0.0,82.0,13.0,2.6
2024-06-04 07:00:00,28.1,0.0,80.7,19.0,3.7
2024-06-04 08:00:00,28.5,0.0,79.9,342.0,3.6
2024-06-04 09:00:00,29.3,0.0,79.4,268.0,3.4
2024-06-04 10:00:00,30.2,0.0,74.0,302.0,3.9
2024-06-04 11:00:00,30.4,0.0,73.6,268.0,3.9
2024-06-04 12:00:00,31.1,0.0,70.0,249.0,4.0
2024-06-04 13:00:00,32.2,0.0,59.8,274.0,5.7
2024-06-04 14:00:00,32.5,0.0,62.9,290.0,4.2
2024-06-04 15:00:00,32.6,0.0,61.6,254.0,4.0
2024-06-04 16:00:00,32.1,0.0,61.3,246.0,5.1
2024-06-04 17:00:00,31.8,0.0,63.2,262.0,4.8
2024-06-04 18:00:00,30.9,0.0,67.7,300.0,3.7
2024-06-04 19:00:00,30.5,0.0,71.0,305.0,3.7
2024-06-04 20:00:00,29.4,0.0,74.8,341.0,4.3
2024-06-04 21:00:00,29.2,0.0,74.3,343.0,3.1
2024-06-04 22:00:00,29.6,0.0,72.5,17.0,3.3
2024-06-04 23:00:00,29.6,0.0,74.1,302.0,3.4
2024-06-05 00:00:00,29.4,0.0,74.8,253.0,3.2
2024-06-05 01:00:00,29.5,0.0,75.6,231.0,3.8
2024-06-05 02:00:00,29.3,0.0,77.1,248.0,3.3
2024-06-05 03:00:00,29.0,0.0,78.7,273.0,3.3
2024-06-05 04:00:00,28.9,0.0,78.8,237.0,2.9
2024-06-05 05:00:00,28.7,0.0,78.5,303.0,2.9
2024-06-05 06:00:00,28.8,0.0,78.2,247.0,3.1
2024-06-05 07:00:00,28.8,0.0,78.5,237.0,2.7
2024-06-05 08:00:00,29.2,0.0,76.2,294.0,4.4
2024-06-05 09:00:00,29.9,0.0,74.0,293.0,4.3
2024-06-05 10:00:00,31.0,0.0,71.8,287.0,3.8
2024-06-05 11:00:00,31.9,0.0,66.4,280.0,3.7
2024-06-05 12:00:00,31.9,0.0,64.6,251.0,4.0
2024-06-05 13:00:00,32.0,0.0,63.2,249.0,4.7
2024-06-05 14:00:00,32.3,0.0,61.5,230.0,5.1
2024-06-05 15:00:00,33.2,0.0,58.6,242.0,5.2
2024-06-05 16:00:00,33.2,0.0,58.8,263.0,4.4
2024-06-05 17:00:00,32.3,0.0,64.5,250.0,4.1
2024-06-05 18:00:00,32.0,0.0,65.7,314.0,4.0
2024-06-05 19:00:00,31.3,0.0,67.3,246.0,4.0
2024-06-05 20:00:00,31.1,0.0,70.2,303.0,4.7
2024-06-05 21:00:00,29.1,0.0,73.2,283.0,3.4
2024-06-05 22:00:00,29.9,0.0,73.8,260.0,3.7
2024-06-05 23:00:00,29.9,0.0,75.7,313.0,3.6
2024-06-06 00:00:00,29.8,0.0,76.9,253.0,4.0
2024-06-06 01:00:00,29.7,0.0,77.2,271.0,3.6
2024-06-06 02:00:00,29.8,0.0,75.8,296.0,3.4
2024-06-06 03:00:00,29.5,0.0,77.8,310.0,3.5
2024-06-06 04:00:00,29.3,0.0,77.9,283.0,3.4
2024-06-06 05:00:00,29.2,0.0,77.7,274.0,3.4
2024-06-06 06:00:00,29.1,0.0,79.2,288.0,3.6
2024-06-06 07:00:00,29.0,0.0,79.6,327.0,3.2
2024-06-06 08:00:00,29.8,0.0,77.2,293.0,3.5
2024-06-06 09:00:00,30.7,0.0,73.7,274.0,3.8
2024-06-06 10:00:00,32.4,0.0,64.5,327.0,3.8
2024-06-06 11:00:00,32.4,0.0,63.0,331.0,4.1
2024-06-06 12:00:00,33.4,0.0,54.9,308.0,3.8
2024-06-06 13:00:00,34.1,0.0,51.0,337.0,4.3
2024-06-06 14:00:00,30.9,0.0,62.6,282.0,4.2
2024-06-06 15:00:00,28.3,0.2,74.9,12.0,8.39999
2024-06-06 16:00:00,25.7,0.2,90.8,31.0,7.3
2024-06-06 17:00:00,26.2,0.0,86.4,350.0,8.89999
2024-06-06 18:00:00,27.4,0.0,82.4,352.0,3.1
2024-06-06 19:00:00,28.0,0.0,79.0,30.0,3.1
2024-06-06 20:00:00,28.2,0.0,75.3,337.0,3.5
2024-06-06 21:00:00,28.0,0.0,80.0,344.0,3.4
2024-06-06 22:00:00,27.9,0.0,77.7,351.0,2.4
2024-06-06 23:00:00,28.1,0.0,77.3,342.0,2.5
2024-06-07 00:00:00,27.9,0.0,80.0,353.0,2.9
2024-06-07 01:00:00,27.6,0.0,78.9,340.0,3.0
2024-06-07 02:00:00,27.8,0.0,77.4,330.0,4.4
2024-06-07 03:00:00,27.7,0.0,78.1,339.0,3.5
2024-06-07 04:00:00,27.6,0.0,76.5,29.0,3.8
2024-06-07 05:00:00,27.6,0.0,75.8,14.0,3.5
2024-06-07 06:00:00,27.4,0.0,79.6,297.0,3.3
2024-06-07 07:00:00,27.8,0.0,75.6,348.0,2.5
2024-06-07 08:00:00,28.3,0.0,72.6,24.0,3.6
2024-06-07 09:00:00,29.5,0.0,72.1,330.0,2.4
2024-06-07 10:00:00,30.3,0.0,70.7,331.0,4.5
2024-06-07 11:00:00,30.7,0.0,66.5,262.0,3.8
2024-06-07 12:00:00,31.1,0.0,66.4,299.0,4.9
2024-06-07 13:00:00,32.2,0.0,60.8,272.0,4.0
2024-06-07 14:00:00,27.2,0.2,85.0,338.0,7.1
2024-06-07 15:00:00,29.3,0.0,77.8,317.0,4.9
2024-06-07 16:00:00,29.9,0.0,66.7,271.0,4.7
2024-06-07 17:00:00,30.5,0.0,69.7,297.0,4.3
2024-06-07 18:00:00,30.1,0.0,70.3,270.0,4.0
2024-06-07 19:00:00,29.6,0.0,73.7,254.0,3.7
2024-06-07 20:00:00,29.6,0.0,74.5,259.0,3.3
2024-06-07 21:00:00,29.2,0.0,76.5,258.0,3.1
2024-06-07 22:00:00,29.2,0.0,75.2,243.0,3.0
2024-06-07 23:00:00,29.1,0.0,73.7,312.0,3.2
2024-06-08 00:00:00,29.0,0.0,76.8,321.0,2.7
2024-06-08 01:00:00,28.8,0.0,79.6,266.0,2.8
2024-06-08 02:00:00,28.7,0.0,80.7,245.0,2.8
2024-06-08 03:00:00,28.8,0.0,79.1,288.0,2.8
2024-06-08 04:00:00,28.8,0.0,79.3,267.0,3.2
2024-06-08 05:00:00,28.4,0.0,80.2,327.0,3.3
2024-06-08 06:00:00,28.5,0.0,80.8,240.0,2.9
2024-06-08 07:00:00,28.6,0.0,80.3,241.0,2.7
2024-06-08 08:00:00,29.0,0.0,78.6,290.0,3.3
2024-06-08 09:00:00,29.5,0.0,77.4,255.0,4.3
2024-06-08 10:00:00,30.5,0.0,70.0,265.0,3.5
2024-06-08 11:00:00,29.7,0.0,76.1,277.0,3.3
2024-06-08 12:00:00,30.0,0.0,69.8,293.0,4.5
2024-06-08 13:00:00,30.7,0.0,67.7,284.0,4.9
2024-06-08 14:00:00,31.4,0.0,61.0,296.0,6.7
2024-06-08 15:00:00,31.3,0.0,61.2,306.0,4.4
2024-06-08 16:00:00,30.6,0.0,65.6,41.0,5.3
2024-06-08 17:00:00,29.1,0.0,80.9,48.0,8.2
2024-06-08 18:00:00,29.1,0.0,78.9,49.0,7.0
2024-06-08 19:00:00,29.3,0.0,75.5,26.0,5.1
2024-06-08 20:00:00,29.0,0.0,77.8,38.0,5.4
2024-06-08 21:00:00,28.7,0.0,79.7,49.0,5.9
2024-06-08 22:00:00,28.7,0.0,78.1,335.0,3.4
2024-06-08 23:00:00,28.7,0.0,79.9,294.0,3.5
2024-06-09 00:00:00,28.6,0.0,78.5,45.0,4.6
2024-06-09 01:00:00,28.5,0.0,78.4,1.0,3.3
2024-06-09 02:00:00,28.3,0.0,80.6,289.0,3.2
2024-06-09 03:00:00,28.6,0.0,76.7,236.0,3.3
2024-06-09 04:00:00,28.5,0.0,79.0,247.0,3.3
2024-06-09 05:00:00,28.4,0.0,80.9,291.0,3.6
2024-06-09 06:00:00,28.3,0.0,81.7,351.0,2.6
2024-06-09 07:00:00,28.2,0.0,82.5,292.0,3.2
2024-06-09 08:00:00,29.7,0.0,75.9,334.0,3.1
2024-06-09 09:00:00,29.9,0.0,74.6,262.0,4.6
2024-06-09 10:00:00,30.8,0.0,67.3,218.0,5.6
2024-06-09 11:00:00,30.8,0.0,66.5,253.0,4.9
2024-06-09 12:00:00,31.2,0.0,68.5,229.0,5.3
2024-06-09 13:00:00,26.2,5.2,90.7,342.0,6.2
2024-06-09 14:00:00,27.7,0.0,78.7,17.0,3.1
2024-06-09 15:00:00,30.7,0.0,64.4,219.0,5.8
2024-06-09 16:00:00,31.3,0.0,65.2,265.0,4.9
2024-06-09 17:00:00,31.5,0.0,62.0,281.0,4.2
2024-06-09 18:00:00,31.0,0.0,65.3,229.0,5.1
2024-06-09 19:00:00,30.2,0.0,71.1,280.0,4.0
2024-06-09 20:00:00,30.1,0.0,71.1,286.0,3.5
2024-06-09 21:00:00,29.8,0.0,73.6,245.0,3.9
2024-06-09 22:00:00,29.4,0.0,75.1,241.0,3.9
2024-06-09 23:00:00,29.4,0.0,74.3,239.0,3.7
2024-06-10 00:00:00,29.3,0.0,75.0,234.0,3.1
2024-06-10 01:00:00,29.2,0.0,75.0,252.0,3.0
2024-06-10 02:00:00,29.0,0.0,74.9,239.0,3.0
2024-06-10 03:00:00,28.9,0.0,78.4,244.0,3.3
2024-06-10 04:00:00,28.7,0.0,80.1,229.0,3.7
2024-06-10 05:00:00,28.7,0.0,80.8,305.0,4.3
2024-06-10 06:00:00,28.4,0.0,82.7,322.0,3.0
2024-06-10 07:00:00,28.7,0.0,79.4,240.0,3.4
2024-06-10 08:00:00,29.5,0.0,77.9,249.0,3.4
2024-06-10 09:00:00,29.8,0.0,76.1,256.0,4.0
2024-06-10 10:00:00,28.7,0.2,83.7,3.0,4.1
2024-06-10 11:00:00,28.7,0.0,80.9,335.0,5.6
2024-06-10 12:00:00,30.1,0.0,74.1,321.0,5.9
2024-06-10 13:00:00,29.8,0.0,74.7,317.0,5.3
2024-06-10 14:00:00,29.1,0.0,79.6,320.0,5.3
2024-06-10 15:00:00,29.1,0.0,79.9,287.0,3.5
2024-06-10 16:00:00,31.0,0.0,69.9,253.0,4.8
2024-06-10 17:00:00,30.6,0.0,69.0,282.0,4.1
2024-06-10 18:00:00,30.8,0.0,69.3,266.0,3.3
2024-06-10 19:00:00,30.2,0.0,72.6,263.0,3.3
2024-06-10 20:00:00,29.9,0.0,72.5,336.0,3.2
2024-06-10 21:00:00,29.1,0.0,79.0,24.0,5.1
2024-06-10 22:00:00,28.8,0.0,80.0,47.0,6.0
2024-06-10 23:00:00,28.7,0.0,81.0,41.0,5.0
2024-06-11 00:00:00,29.3,0.0,77.2,255.0,3.1
2024-06-11 01:00:00,29.3,0.0,79.7,272.0,2.9
2024-06-11 02:00:00,29.0,0.0,80.6,326.0,3.4
2024-06-11 03:00:00,28.7,0.0,82.0,23.0,4.1
2024-06-11 04:00:00,28.2,0.0,85.8,50.0,5.6
2024-06-11 05:00:00,27.8,0.0,87.2,43.0,6.2
2024-06-11 06:00:00,27.8,0.0,86.3,28.0,4.2
2024-06-11 07:00:00,28.0,0.0,85.8,24.0,4.0
2024-06-11 08:00:00,28.6,0.0,83.1,9.0,2.6
2024-06-11 09:00:00,30.8,0.0,74.4,346.0,3.2
2024-06-11 10:00:00,31.2,0.0,68.3,295.0,3.9
2024-06-11 11:00:00,32.2,0.0,61.5,259.0,3.8
2024-06-11 12:00:00,33.7,0.0,50.9,287.0,3.8
2024-06-11 13:00:00,33.9,0.0,45.9,286.0,3.9
2024-06-11 14:00:00,34.2,0.0,53.8,316.0,4.1
2024-06-11 15:00:00,33.9,0.0,54.1,260.0,3.9
2024-06-11 16:00:00,32.7,0.0,60.8,278.0,4.8
2024-06-11 17:00:00,29.2,0.0,67.7,331.0,9.2
2024-06-11 18:00:00,28.8,0.0,69.5,36.0,10.4
2024-06-11 19:00:00,28.2,0.0,67.2,302.0,3.0
2024-06-11 20:00:00,29.0,0.0,66.6,326.0,4.4
2024-06-11 21:00:00,29.3,0.0,62.0,6.0,3.6
2024-06-11 22:00:00,29.0,0.0,66.7,43.0,5.3
2024-06-11 23:00:00,28.9,0.0,68.7,37.0,4.3
2024-06-12 00:00:00,28.8,0.0,71.4,342.0,2.8
2024-06-12 01:00:00,28.4,0.0,74.9,45.0,5.9
2024-06-12 02:00:00,28.1,0.0,78.7,50.0,5.0
2024-06-12 03:00:00,28.5,0.0,77.5,36.0,4.0
2024-06-12 04:00:00,28.5,0.0,76.2,5.0,2.3
2024-06-12 05:00:00,28.6,0.0,77.9,19.0,3.3
2024-06-12 06:00:00,28.4,0.0,79.0,31.0,4.3
2024-06-12 07:00:00,28.3,0.0,82.0,42.0,4.6
2024-06-12 08:00:00,29.4,0.0,78.8,28.0,4.6
2024-06-12 09:00:00,31.0,0.0,72.4,339.0,3.5
2024-06-12 10:00:00,30.7,0.0,72.5,261.0,3.9
2024-06-12 11:00:00,29.1,0.0,71.0,291.0,5.8
2024-06-12 12:00:00,24.8,1.0,92.2,335.0,7.5
2024-06-12 13:00:00,29.2,0.0,75.2,240.0,2.5
2024-06-12 14:00:00,29.3,0.0,71.2,245.0,4.1
2024-06-12 15:00:00,29.7,0.0,74.7,284.0,4.1
2024-06-12 16:00:00,31.4,0.0,66.4,307.0,5.1
2024-06-12 17:00:00,31.3,0.0,60.0,288.0,4.9
2024-06-12 18:00:00,31.2,0.0,60.4,258.0,3.9
2024-06-12 19:00:00,30.3,0.0,62.5,251.0,3.8
2024-06-12 20:00:00,30.1,0.0,67.8,333.0,2.9
2024-06-12 21:00:00,29.9,0.0,69.7,305.0,3.1
2024-06-12 22:00:00,29.8,0.0,70.2,312.0,3.4
2024-06-12 23:00:00,29.5,0.0,72.6,252.0,2.8
2024-06-13 00:00:00,28.8,0.0,74.5,343.0,3.5
2024-06-13 01:00:00,28.7,0.0,74.5,44.0,4.3
2024-06-13 02:00:00,28.5,0.0,75.9,32.0,4.4
2024-06-13 03:00:00,28.0,0.0,77.7,332.0,3.7
2024-06-13 04:00:00,28.0,0.0,78.1,326.0,4.5
2024-06-13 05:00:00,28.0,0.0,76.6,15.0,2.6
2024-06-13 06:00:00,27.9,0.0,77.7,329.0,4.2
2024-06-13 07:00:00,27.9,0.0,78.9,17.0,2.7
2024-06-13 08:00:00,28.5,0.0,76.7,7.0,2.1
2024-06-13 09:00:00,31.0,0.0,69.8,13.0,3.6
2024-06-13 10:00:00,31.4,0.0,65.3,283.0,3.8
2024-06-13 11:00:00,32.0,0.0,60.5,315.0,3.7
2024-06-13 12:00:00,31.7,0.0,62.2,277.0,3.7
2024-06-13 13:00:00,31.7,0.0,57.3,276.0,3.4
2024-06-13 14:00:00,33.3,0.0,49.8,292.0,3.4
2024-06-13 15:00:00,33.1,0.0,51.0,308.0,4.2
2024-06-13 16:00:00,32.9,0.0,53.1,239.0,4.6
2024-06-13 17:00:00,33.1,0.0,53.4,273.0,4.3
2024-06-13 18:00:00,31.1,0.0,66.8,233.0,5.2
2024-06-13 19:00:00,30.7,0.0,68.4,285.0,3.6
2024-06-13 20:00:00,30.2,0.0,73.4,343.0,4.2
2024-06-13 21:00:00,29.6,0.0,77.1,47.0,6.7
2024-06-13 22:00:00,29.9,0.0,74.2,32.0,4.0
2024-06-13 23:00:00,30.1,0.0,71.1,293.0,3.3
2024-06-14 00:00:00,29.9,0.0,72.9,293.0,3.1
2024-06-14 01:00:00,29.7,0.0,73.0,9.0,3.4
2024-06-14 02:00:00,29.5,0.0,73.6,256.0,3.3
2024-06-14 03:00:00,29.4,0.0,71.6,277.0,3.5
2024-06-14 04:00:00,29.2,0.0,72.5,259.0,3.0
2024-06-14 05:00:00,28.9,0.0,76.2,9.0,3.2
2024-06-14 06:00:00,28.8,0.0,77.9,352.0,2.9
2024-06-14 07:00:00,28.7,0.0,77.7,38.0,4.9
2024-06-14 08:00:00,28.6,0.0,81.9,34.0,5.3
2024-06-14 09:00:00,30.5,0.0,71.5,269.0,3.7
2024-06-14 10:00:00,31.0,0.0,68.5,278.0,4.0
2024-06-14 11:00:00,31.1,0.0,67.6,280.0,3.7
2024-06-14 12:00:00,31.8,0.0,61.8,280.0,4.2
2024-06-14 13:00:00,30.4,0.0,69.9,351.0,4.2
2024-06-14 14:00:00,30.7,0.0,67.2,347.0,3.7
2024-06-14 15:00:00,26.7,0.2,88.9,336.0,10.4
2024-06-14 16:00:00,27.6,0.0,79.9,322.0,4.6
2024-06-14 17:00:00,28.5,0.0,76.6,43.0,6.6
2024-06-14 18:00:00,29.0,0.0,75.6,34.0,5.3
2024-06-14 19:00:00,27.9,0.0,79.6,33.0,5.2
2024-06-14 20:00:00,27.8,0.0,79.1,43.0,5.4
2024-06-14 21:00:00,27.7,0.0,80.4,33.0,4.4
2024-06-14 22:00:00,27.7,0.0,80.3,57.0,5.7
2024-06-14 23:00:00,27.8,0.0,80.4,349.0,2.9
2024-06-15 00:00:00,28.3,0.0,79.9,358.0,2.7
2024-06-15 01:00:00,28.4,0.0,81.3,291.0,3.4
2024-06-15 02:00:00,28.4,0.0,82.9,328.0,2.9
2024-06-15 03:00:00,28.3,0.0,82.8,7.0,2.5
2024-06-15 04:00:00,27.9,0.0,83.6,336.0,3.5
2024-06-15 05:00:00,27.9,0.0,83.5,15.0,2.6
2024-06-15 06:00:00,28.1,0.0,81.8,309.0,2.7
2024-06-15 07:00:00,28.6,0.0,77.9,222.0,3.4
2024-06-15 08:00:00,29.1,0.0,76.4,297.0,4.1
2024-06-15 09:00:00,25.2,1.0,85.4,286.0,6.8
2024-06-15 10:00:00,27.3,0.0,84.1,9.0,3.2
2024-06-15 11:00:00,29.5,0.0,76.6,356.0,3.9
2024-06-15 12:00:00,30.4,0.0,72.7,246.0,4.2
2024-06-15 13:00:00,31.3,0.0,67.3,318.0,5.2
2024-06-15 14:00:00,31.5,0.0,68.9,326.0,5.2
2024-06-15 15:00:00,30.7,0.0,70.4,295.0,4.8
2024-06-15 16:00:00,31.2,0.0,67.3,307.0,4.8
2024-06-15 17:00:00,30.9,0.0,66.8,299.0,4.3
2024-06-15 18:00:00,30.7,0.0,68.2,315.0,5.3
2024-06-15 19:00:00,30.2,0.0,68.5,316.0,5.1
2024-06-15 20:00:00,29.7,0.0,70.9,323.0,4.9
2024-06-15 21:00:00,29.7,0.0,70.3,316.0,4.6
2024-06-15 22:00:00,29.6,0.0,69.0,335.0,4.0
2024-06-15 23:00:00,29.5,0.0,68.1,342.0,3.4
2024-06-16 00:00:00,29.4,0.0,72.2,267.0,3.0
2024-06-16 01:00:00,29.3,0.0,75.6,344.0,3.8
2024-06-16 02:00:00,27.2,0.0,79.4,45.0,4.7
2024-06-16 03:00:00,25.3,0.0,88.2,355.0,3.9
2024-06-16 04:00:00,23.3,2.0,85.2,286.0,4.9
2024-06-16 05:00:00,24.2,0.0,88.3,342.0,4.8
2024-06-16 06:00:00,24.9,0.0,86.4,18.0,5.8
2024-06-16 07:00:00,24.9,0.0,88.5,38.0,5.7
2024-06-16 08:00:00,25.2,0.0,87.1,27.0,4.1
2024-06-16 09:00:00,26.5,0.0,81.7,22.0,3.5
2024-06-16 10:00:00,27.5,0.0,76.9,351.0,3.1
2024-06-16 11:00:00,28.8,0.0,72.6,266.0,3.4
2024-06-16 12:00:00,30.0,0.0,70.0,277.0,3.9
2024-06-16 13:00:00,31.3,0.0,66.0,293.0,3.8
2024-06-16 14:00:00,30.7,0.0,67.5,261.0,4.2
2024-06-16 15:00:00,32.2,0.0,62.8,262.0,4.4
2024-06-16 16:00:00,31.4,0.0,66.1,278.0,4.8
2024-06-16 17:00:00,31.1,0.0,67.6,274.0,4.5
2024-06-16 18:00:00,30.7,0.0,68.0,290.0,4.6
2024-06-16 19:00:00,30.3,0.0,68.4,286.0,3.9
2024-06-16 20:00:00,30.0,0.0,68.5,255.0,3.5
2024-06-16 21:00:00,29.7,0.0,71.9,288.0,3.7
2024-06-16 22:00:00,29.6,0.0,74.0,291.0,3.7
2024-06-16 23:00:00,29.5,0.0,74.6,295.0,3.9
2024-06-17 00:00:00,29.5,0.0,74.0,276.0,3.4
2024-06-17 01:00:00,29.4,0.0,71.3,271.0,3.3
2024-06-17 02:00:00,29.1,0.0,74.2,294.0,3.2
2024-06-17 03:00:00,28.9,0.0,77.4,289.0,3.9
2024-06-17 04:00:00,29.0,0.0,77.2,298.0,3.9
2024-06-17 05:00:00,27.9,0.0,76.0,349.0,4.2
2024-06-17 06:00:00,26.9,0.0,79.0,317.0,4.1
2024-06-17 07:00:00,27.5,0.0,72.5,315.0,4.7
2024-06-17 08:00:00,28.2,0.0,75.3,339.0,3.7
2024-06-17 09:00:00,28.3,0.0,74.4,303.0,6.0
2024-06-17 10:00:00,29.4,0.0,70.4,301.0,6.0
2024-06-17 11:00:00,30.6,0.0,68.4,319.0,6.3
2024-06-17 12:00:00,32.1,0.0,61.3,305.0,5.8
2024-06-17 13:00:00,32.2,0.0,60.0,303.0,6.7
2024-06-17 14:00:00,32.7,0.0,57.1,309.0,7.4
2024-06-17 15:00:00,33.1,0.0,55.6,307.0,6.1
2024-06-17 16:00:00,33.0,0.0,53.7,283.0,5.3
2024-06-17 17:00:00,29.0,0.0,69.7,288.0,6.3
2024-06-17 18:00:00,28.5,0.0,68.4,292.0,8.0
2024-06-17 19:00:00,28.3,0.0,69.2,315.0,5.4
2024-06-17 20:00:00,28.4,0.0,69.6,314.0,4.4
2024-06-17 21:00:00,28.7,0.0,68.7,328.0,3.9
2024-06-17 22:00:00,29.1,0.0,66.8,276.0,3.4
2024-06-17 23:00:00,29.0,0.0,69.1,287.0,3.3
2024-06-18 00:00:00,29.0,0.0,70.2,301.0,4.0
2024-06-18 01:00:00,28.7,0.0,72.8,340.0,3.2
2024-06-18 02:00:00,28.4,0.0,74.5,311.0,4.2
2024-06-18 03:00:00,27.8,0.0,77.7,337.0,3.4
2024-06-18 04:00:00,27.8,0.0,76.9,340.0,2.5
2024-06-18 05:00:00,28.1,0.0,75.8,337.0,3.3
2024-06-18 06:00:00,28.3,0.0,75.6,324.0,5.0
2024-06-18 07:00:00,27.9,0.0,77.7,355.0,1.9
2024-06-18 08:00:00,29.4,0.0,72.9,17.0,2.8
2024-06-18 09:00:00,30.1,0.0,69.6,289.0,4.1
2024-06-18 10:00:00,31.0,0.0,68.2,274.0,4.8
2024-06-18 11:00:00,30.8,0.0,68.1,249.0,5.9
2024-06-18 12:00:00,31.8,0.0,64.8,265.0,4.6
2024-06-18 13:00:00,32.4,0.0,61.8,289.0,5.2
2024-06-18 14:00:00,26.0,0.4,85.9,270.0,5.4
2024-06-18 15:00:00,29.1,0.0,78.6,273.0,3.1
2024-06-18 16:00:00,30.2,0.0,74.3,258.0,4.4
2024-06-18 17:00:00,28.5,0.4,84.6,359.0,5.6
2024-06-18 18:00:00,29.2,0.0,74.6,234.0,4.3
2024-06-18 19:00:00,29.3,0.0,74.0,310.0,3.0
2024-06-18 20:00:00,29.5,0.0,73.2,257.0,3.3
2024-06-18 21:00:00,29.4,0.0,73.5,276.0,3.5
2024-06-18 22:00:00,28.5,0.0,80.5,14.0,3.2
2024-06-18 23:00:00,28.4,0.0,79.6,22.0,3.7
2024-06-19 00:00:00,28.1,0.0,81.9,14.0,2.7
2024-06-19 01:00:00,27.9,0.0,81.6,20.0,3.9
2024-06-19 02:00:00,27.9,0.0,81.3,338.0,3.4
2024-06-19 03:00:00,28.5,0.0,74.2,306.0,3.8
2024-06-19 04:00:00,28.4,0.0,75.2,350.0,2.8
2024-06-19 05:00:00,28.6,0.0,71.0,300.0,3.5
2024-06-19 06:00:00,28.8,0.0,75.8,303.0,3.8
2024-06-19 07:00:00,28.2,0.0,77.3,250.0,3.4
2024-06-19 08:00:00,28.0,0.0,82.1,227.0,4.7
2024-06-19 09:00:00,28.8,0.0,79.9,246.0,4.2
2024-06-19 10:00:00,29.8,0.0,75.1,276.0,4.8
2024-06-19 11:00:00,30.4,0.0,71.9,267.0,4.8
2024-06-19 12:00:00,30.5,0.0,71.2,251.0,5.0
2024-06-19 13:00:00,30.5,0.0,70.1,260.0,4.7
2024-06-19 14:00:00,30.1,0.0,70.3,281.0,6.3
2024-06-19 15:00:00,29.7,0.0,65.7,213.0,6.4
2024-06-19 16:00:00,29.9,0.0,71.9,266.0,5.0
2024-06-19 17:00:00,30.3,0.0,68.9,292.0,4.5
2024-06-19 18:00:00,30.5,0.0,67.7,290.0,4.5
2024-06-19 19:00:00,30.0,0.0,69.4,263.0,3.7
2024-06-19 20:00:00,29.4,0.0,70.0,277.0,3.3
2024-06-19 21:00:00,29.3,0.0,72.4,276.0,3.6
2024-06-19 22:00:00,29.4,0.0,73.3,253.0,3.4
2024-06-19 23:00:00,29.3,0.0,71.8,273.0,3.3
2024-06-20 00:00:00,29.4,0.0,70.0,310.0,3.9
2024-06-20 01:00:00,28.9,0.0,73.2,40.0,4.6
2024-06-20 02:00:00,28.8,0.0,73.1,15.0,2.5
2024-06-20 03:00:00,28.6,0.0,74.2,29.0,3.9
2024-06-20 04:00:00,28.3,0.0,77.8,26.0,3.5
2024-06-20 05:00:00,28.1,0.0,79.9,354.0,3.0
2024-06-20 06:00:00,27.7,0.0,82.6,337.0,3.7
2024-06-20 07:00:00,27.3,0.0,76.8,289.0,3.4
2024-06-20 08:00:00,28.3,0.0,73.9,15.0,3.9
2024-06-20 09:00:00,30.0,0.0,69.6,357.0,3.7
2024-06-20 10:00:00,30.1,0.0,70.0,344.0,3.9
2024-06-20 11:00:00,31.6,0.0,62.3,295.0,3.5
2024-06-20 12:00:00,31.1,0.0,65.7,285.0,4.5
2024-06-20 13:00:00,31.4,0.0,66.7,229.0,5.8
2024-06-20 14:00:00,31.6,0.0,64.7,293.0,5.9
2024-06-20 15:00:00,32.1,0.0,61.2,307.0,5.1
2024-06-20 16:00:00,32.1,0.0,61.5,285.0,5.8
2024-06-20 17:00:00,32.1,0.0,56.2,278.0,4.4
2024-06-20 18:00:00,31.2,0.0,59.6,240.0,3.7
2024-06-20 19:00:00,30.8,0.0,63.8,262.0,3.9
2024-06-20 20:00:00,28.4,0.0,82.3,340.0,4.4
2024-06-20 21:00:00,28.8,0.0,71.0,251.0,3.8
2024-06-20 22:00:00,29.1,0.0,78.0,252.0,4.0
2024-06-20 23:00:00,29.2,0.0,77.4,299.0,3.6
2024-06-21 00:00:00,26.9,0.0,79.5,358.0,3.7
2024-06-21 01:00:00,27.6,0.0,78.6,320.0,4.2
2024-06-21 02:00:00,27.7,0.0,81.6,341.0,3.3
2024-06-21 03:00:00,27.6,0.0,81.0,321.0,5.4
2024-06-21 04:00:00,25.6,0.6,93.3,22.0,7.5
2024-06-21 05:00:00,24.8,0.8,91.8,312.0,8.8
2024-06-21 06:00:00,23.8,0.4,90.1,312.0,8.0
2024-06-21 07:00:00,23.7,0.2,87.6,309.0,5.8
2024-06-21 08:00:00,24.3,0.4,88.5,325.0,5.2
2024-06-21 09:00:00,25.6,0.0,83.7,293.0,5.5
2024-06-21 10:00:00,26.7,0.0,83.7,319.0,4.8
2024-06-21 11:00:00,28.2,0.0,75.1,302.0,6.0
2024-06-21 12:00:00,29.1,0.0,69.1,289.0,4.9
2024-06-21 13:00:00,29.5,0.0,64.0,265.0,4.9
2024-06-21 14:00:00,29.8,0.0,67.6,275.0,5.0
2024-06-21 15:00:00,30.0,0.0,64.7,280.0,4.8
2024-06-21 16:00:00,29.4,0.0,67.1,256.0,5.8
2024-06-21 17:00:00,29.8,0.0,63.9,262.0,4.6
2024-06-21 18:00:00,29.2,0.0,70.1,268.0,3.8
2024-06-21 19:00:00,29.0,0.0,69.7,253.0,4.0
2024-06-21 20:00:00,28.9,0.0,73.3,266.0,3.7
2024-06-21 21:00:00,28.9,0.0,76.1,281.0,4.0
2024-06-21 22:00:00,28.8,0.0,78.2,246.0,3.6
2024-06-21 23:00:00,28.6,0.0,79.1,239.0,3.6
2024-06-22 00:00:00,28.2,0.0,80.7,220.0,4.7
2024-06-22 01:00:00,28.3,0.0,78.7,247.0,3.7
2024-06-22 02:00:00,28.3,0.0,79.0,242.0,3.4
2024-06-22 03:00:00,28.5,0.0,77.0,276.0,3.8
2024-06-22 04:00:00,23.5,3.2,94.1,327.0,6.2
2024-06-22 05:00:00,23.8,1.2,94.8,332.0,7.0
2024-06-22 06:00:00,24.4,0.2,92.2,314.0,6.3
2024-06-22 07:00:00,24.7,0.0,88.4,310.0,5.5
2024-06-22 08:00:00,25.3,0.0,82.9,301.0,4.5
2024-06-22 09:00:00,25.2,0.2,83.4,305.0,5.2
2024-06-22 10:00:00,25.2,0.0,86.2,295.0,5.3
2024-06-22 11:00:00,25.1,0.0,84.7,294.0,4.6
2024-06-22 12:00:00,25.4,0.0,84.4,255.0,4.4
2024-06-22 13:00:00,27.0,0.0,74.7,282.0,4.4
2024-06-22 14:00:00,27.8,0.0,71.1,321.0,4.8
2024-06-22 15:00:00,28.2,0.0,68.1,353.0,2.5
2024-06-22 16:00:00,28.2,0.0,68.4,290.0,3.4
2024-06-22 17:00:00,27.4,0.0,73.9,236.0,4.0
2024-06-22 18:00:00,27.2,0.0,74.9,222.0,5.8
2024-06-22 19:00:00,27.3,0.0,75.0,263.0,3.4
2024-06-22 20:00:00,27.9,0.0,67.9,220.0,3.5
2024-06-22 21:00:00,27.6,0.0,72.1,324.0,4.3
2024-06-22 22:00:00,27.7,0.0,73.6,264.0,2.8
2024-06-22 23:00:00,28.1,0.0,73.2,268.0,3.3
2024-06-23 00:00:00,28.1,0.0,75.2,231.0,3.9
2024-06-23 01:00:00,27.8,0.0,79.0,294.0,3.3
2024-06-23 02:00:00,27.4,0.0,80.6,311.0,4.0
2024-06-23 03:00:00,27.0,0.0,84.3,337.0,3.3
2024-06-23 04:00:00,26.8,0.0,87.1,328.0,4.7
2024-06-23 05:00:00,26.5,0.0,88.2,341.0,3.1
2024-06-23 06:00:00,26.4,0.0,88.0,325.0,5.0
2024-06-23 07:00:00,26.5,0.0,87.7,349.0,2.5
2024-06-23 08:00:00,27.0,0.0,85.9,324.0,4.5
2024-06-23 09:00:00,27.8,0.0,83.9,354.0,2.1
2024-06-23 10:00:00,28.9,0.0,78.7,237.0,4.7
2024-06-23 11:00:00,29.3,0.0,76.3,264.0,4.0
2024-06-23 12:00:00,29.4,0.0,75.4,227.0,5.1
2024-06-23 13:00:00,29.9,0.0,66.6,263.0,3.8
2024-06-23 14:00:00,30.7,0.0,65.3,256.0,3.8
2024-06-23 15:00:00,30.8,0.0,64.7,254.0,4.8
2024-06-23 16:00:00,31.2,0.0,61.6,254.0,4.4
2024-06-23 17:00:00,31.2,0.0,58.8,267.0,3.7
2024-06-23 18:00:00,31.1,0.0,61.2,288.0,3.9
2024-06-23 19:00:00,30.3,0.0,64.1,230.0,4.9
2024-06-23 20:00:00,29.8,0.0,67.9,262.0,3.4
2024-06-23 21:00:00,29.6,0.0,68.9,247.0,3.5
2024-06-23 22:00:00,29.6,0.0,66.7,228.0,4.0
2024-06-23 23:00:00,29.2,0.0,67.1,251.0,2.9
2024-06-24 00:00:00,29.1,0.0,67.8,226.0,3.5
2024-06-24 01:00:00,28.9,0.0,72.3,242.0,3.3
2024-06-24 02:00:00,28.8,0.0,73.6,290.0,3.3
2024-06-24 03:00:00,28.5,0.0,75.7,247.0,2.8
2024-06-24 04:00:00,28.7,0.0,76.0,254.0,3.4
2024-06-24 05:00:00,28.6,0.0,77.0,250.0,3.4
2024-06-24 06:00:00,28.7,0.0,77.0,240.0,3.4
2024-06-24 07:00:00,28.4,0.0,79.0,247.0,3.0
2024-06-24 08:00:00,29.2,0.0,75.2,239.0,3.4
2024-06-24 09:00:00,30.2,0.0,71.5,264.0,4.1
2024-06-24 10:00:00,30.8,0.0,68.2,252.0,4.0
2024-06-24 11:00:00,31.4,0.0,64.6,254.0,4.8
2024-06-24 12:00:00,32.2,0.0,61.8,265.0,4.4
2024-06-24 13:00:00,31.8,0.0,64.4,273.0,5.0
2024-06-24 14:00:00,32.7,0.0,62.4,254.0,4.5
2024-06-24 15:00:00,31.5,0.0,66.8,243.0,4.9
2024-06-24 16:00:00,30.6,0.0,66.6,264.0,4.2
2024-06-24 17:00:00,31.1,0.0,65.5,240.0,5.4
2024-06-24 18:00:00,30.9,0.0,66.7,300.0,4.3
2024-06-24 19:00:00,30.0,0.0,59.3,254.0,3.3
2024-06-24 20:00:00,29.2,0.0,74.1,34.0,4.6
2024-06-24 21:00:00,29.2,0.0,78.3,334.0,3.8
2024-06-24 22:00:00,29.6,0.0,75.3,269.0,3.5
2024-06-24 23:00:00,29.4,0.0,77.6,252.0,3.9
2024-06-25 00:00:00,29.4,0.0,76.5,242.0,3.7
2024-06-25 01:00:00,29.4,0.0,76.8,275.0,3.4
2024-06-25 02:00:00,29.2,0.0,77.9,251.0,3.0
2024-06-25 03:00:00,29.1,0.0,78.3,337.0,3.2
2024-06-25 04:00:00,28.8,0.0,79.0,332.0,3.2
2024-06-25 05:00:00,28.9,0.0,78.4,24.0,4.2
2024-06-25 06:00:00,28.8,0.0,79.7,312.0,3.1
2024-06-25 07:00:00,28.6,0.0,82.0,315.0,2.8
2024-06-25 08:00:00,29.5,0.0,78.9,297.0,3.2
2024-06-25 09:00:00,29.7,0.0,76.7,266.0,3.7
2024-06-25 10:00:00,31.9,0.0,66.7,285.0,3.4
2024-06-25 11:00:00,31.2,0.0,64.3,245.0,4.4
2024-06-25 12:00:00,31.9,0.0,64.0,263.0,4.5
2024-06-25 13:00:00,32.5,0.0,61.2,262.0,4.8
2024-06-25 14:00:00,33.0,0.0,62.1,288.0,4.4
2024-06-25 15:00:00,32.0,0.0,64.8,233.0,4.7
2024-06-25 16:00:00,32.2,0.0,65.4,264.0,4.4
2024-06-25 17:00:00,30.3,0.0,70.6,286.0,4.3
2024-06-25 18:00:00,29.5,0.0,74.6,283.0,4.0
2024-06-25 19:00:00,30.3,0.0,68.0,3.0,3.9
2024-06-25 20:00:00,30.0,0.0,68.5,293.0,3.4
2024-06-25 21:00:00,29.9,0.0,71.7,300.0,3.4
2024-06-25 22:00:00,29.9,0.0,73.9,12.0,4.0
2024-06-25 23:00:00,29.7,0.0,72.7,341.0,3.9
2024-06-26 00:00:00,29.4,0.0,74.7,302.0,3.8
2024-06-26 01:00:00,29.3,0.0,74.9,347.0,3.8
2024-06-26 02:00:00,29.1,0.0,75.4,334.0,3.8
2024-06-26 03:00:00,29.0,0.0,75.5,296.0,3.4
2024-06-26 04:00:00,28.7,0.0,77.2,299.0,3.2
2024-06-26 05:00:00,28.7,0.0,76.0,290.0,3.4
2024-06-26 06:00:00,28.5,0.0,76.8,295.0,2.9
2024-06-26 07:00:00,28.6,0.0,77.3,4.0,3.8
2024-06-26 08:00:00,29.5,0.0,74.9,31.0,4.7
2024-06-26 09:00:00,30.3,0.0,70.7,25.0,4.8
2024-06-26 10:00:00,31.4,0.0,62.1,3.0,4.8
2024-06-26 11:00:00,32.1,0.0,59.1,264.0,4.1
2024-06-26 12:00:00,33.0,0.0,50.2,15.0,4.7
2024-06-26 13:00:00,33.0,0.0,50.1,290.0,4.3
2024-06-26 14:00:00,33.3,0.0,49.8,49.0,6.7
2024-06-26 15:00:00,33.9,0.0,52.9,287.0,4.1
2024-06-26 16:00:00,33.2,0.0,57.5,319.0,5.4
2024-06-26 17:00:00,31.7,0.0,62.6,272.0,4.4
2024-06-26 18:00:00,30.8,0.0,68.9,273.0,4.1
2024-06-26 19:00:00,30.7,0.0,67.7,28.0,5.1
2024-06-26 20:00:00,29.1,0.0,69.5,325.0,4.3
2024-06-26 21:00:00,29.7,0.0,71.4,48.0,5.0
2024-06-26 22:00:00,29.4,0.0,74.5,35.0,5.2
2024-06-26 23:00:00,29.4,0.0,76.0,28.0,4.7
2024-06-27 00:00:00,29.1,0.0,78.0,46.0,6.0
2024-06-27 01:00:00,28.9,0.0,78.6,42.0,5.8
2024-06-27 02:00:00,28.7,0.0,79.4,40.0,5.5
2024-06-27 03:00:00,28.4,0.0,80.6,46.0,5.4
2024-06-27 04:00:00,28.1,0.0,81.1,36.0,4.2
2024-06-27 05:00:00,28.2,0.0,78.9,46.0,5.0
2024-06-27 06:00:00,28.2,0.0,80.9,343.0,4.1
2024-06-27 07:00:00,27.8,0.0,82.4,14.0,3.0
2024-06-27 08:00:00,28.2,0.0,80.1,27.0,4.7
2024-06-27 09:00:00,28.4,0.0,79.4,47.0,5.3
2024-06-27 10:00:00,29.0,0.0,78.3,40.0,5.5
2024-06-27 11:00:00,29.7,0.0,73.4,283.0,3.9
2024-06-27 12:00:00,30.6,0.0,70.0,331.0,4.7
2024-06-27 13:00:00,31.1,0.0,62.2,16.0,4.6
2024-06-27 14:00:00,30.2,0.0,72.5,268.0,4.4
2024-06-27 15:00:00,31.5,0.0,64.1,351.0,4.5
2024-06-27 16:00:00,31.7,0.0,64.1,282.0,4.1
2024-06-27 17:00:00,30.5,0.0,67.1,42.0,6.6
2024-06-27 18:00:00,30.1,0.0,70.3,40.0,4.6
2024-06-27 19:00:00,29.7,0.0,71.5,39.0,4.7
2024-06-27 20:00:00,29.5,0.0,72.1,36.0,4.5
2024-06-27 21:00:00,29.2,0.0,72.9,52.0,6.2
2024-06-27 22:00:00,28.9,0.0,75.6,42.0,6.3
2024-06-27 23:00:00,28.6,0.0,78.1,50.0,5.7
2024-06-28 00:00:00,28.5,0.0,77.8,41.0,4.8
2024-06-28 01:00:00,28.6,0.0,76.8,39.0,5.7
2024-06-28 02:00:00,28.3,0.0,78.9,40.0,5.3
2024-06-28 03:00:00,28.5,0.0,74.9,41.0,4.7
2024-06-28 04:00:00,28.2,0.0,74.4,41.0,4.4
2024-06-28 05:00:00,28.6,0.0,66.1,42.0,4.6
2024-06-28 06:00:00,28.4,0.0,70.1,52.0,6.1
2024-06-28 07:00:00,28.1,0.0,74.9,26.0,3.9
2024-06-28 08:00:00,29.4,0.0,70.6,35.0,4.6
2024-06-28 09:00:00,30.3,0.0,69.9,32.0,4.9
2024-06-28 10:00:00,30.8,0.0,68.5,46.0,6.5
2024-06-28 11:00:00,32.3,0.0,60.7,33.0,5.2
2024-06-28 12:00:00,31.9,0.0,66.7,346.0,4.8
2024-06-28 13:00:00,32.5,0.0,63.4,333.0,4.3
2024-06-28 14:00:00,32.0,0.0,58.5,309.0,4.1
2024-06-28 15:00:00,28.2,0.0,69.5,54.0,6.2
2024-06-28 16:00:00,28.6,0.0,66.7,44.0,5.2
2024-06-28 17:00:00,31.2,0.0,67.4,284.0,4.0
2024-06-28 18:00:00,29.9,0.0,69.5,43.0,6.3
2024-06-28 19:00:00,29.4,0.0,71.2,53.0,5.3
2024-06-28 20:00:00,29.3,0.0,72.4,40.0,5.6
2024-06-28 21:00:00,29.4,0.0,71.4,27.0,4.2
2024-06-28 22:00:00,29.4,0.0,72.2,36.0,4.9
2024-06-28 23:00:00,29.3,0.0,73.7,34.0,4.6
2024-06-29 00:00:00,29.1,0.0,75.5,39.0,4.3
2024-06-29 01:00:00,28.8,0.0,77.6,38.0,5.2
2024-06-29 02:00:00,28.7,0.0,78.2,3.0,2.6
2024-06-29 03:00:00,28.5,0.0,78.6,349.0,2.5
2024-06-29 04:00:00,28.5,0.0,77.8,335.0,3.0
2024-06-29 05:00:00,28.8,0.0,74.7,283.0,3.1
2024-06-29 06:00:00,27.9,0.0,81.1,332.0,3.7
2024-06-29 07:00:00,28.1,0.0,80.0,338.0,3.4
2024-06-29 08:00:00,28.6,0.0,79.0,340.0,3.1
2024-06-29 09:00:00,28.6,0.0,78.4,317.0,4.9
2024-06-29 10:00:00,27.3,0.0,73.4,314.0,3.1
2024-06-29 11:00:00,26.5,0.0,89.5,359.0,7.7
2024-06-29 12:00:00,28.5,0.0,80.2,325.0,5.1
2024-06-29 13:00:00,30.1,0.0,68.5,291.0,4.5
2024-06-29 14:00:00,30.6,0.0,67.0,291.0,5.5
2024-06-29 15:00:00,31.3,0.0,61.7,270.0,4.4
2024-06-29 16:00:00,30.6,0.0,67.3,252.0,4.7
2024-06-29 17:00:00,31.0,0.0,67.7,260.0,4.2
2024-06-29 18:00:00,30.4,0.0,69.8,290.0,3.8
2024-06-29 19:00:00,29.9,0.0,67.1,345.0,3.6
2024-06-29 20:00:00,29.7,0.0,62.3,323.0,3.6
2024-06-29 21:00:00,29.5,0.0,67.8,339.0,3.4
2024-06-29 22:00:00,29.4,0.0,67.5,244.0,3.2
2024-06-29 23:00:00,29.4,0.0,70.6,248.0,3.3
2024-06-30 00:00:00,29.0,0.0,72.4,282.0,3.1
2024-06-30 01:00:00,29.2,0.0,71.6,38.0,4.2
2024-06-30 02:00:00,29.0,0.0,73.0,22.0,3.8
2024-06-30 03:00:00,28.8,0.0,75.8,324.0,3.1
2024-06-30 04:00:00,28.7,0.0,78.3,322.0,3.3
2024-06-30 05:00:00,28.5,0.0,79.8,351.0,3.3
2024-06-30 06:00:00,28.7,0.0,79.0,273.0,2.8
2024-06-30 07:00:00,27.6,0.0,77.8,223.0,5.7
2024-06-30 08:00:00,27.9,0.0,80.5,288.0,4.4
2024-06-30 09:00:00,26.5,0.0,83.8,314.0,7.2
2024-06-30 10:00:00,25.3,1.4,85.2,296.0,5.4
2024-06-30 11:00:00,24.3,0.6,91.8,319.0,5.9
2024-06-30 12:00:00,24.3,0.8,89.7,315.0,6.3
2024-06-30 13:00:00,24.8,0.0,87.8,320.0,5.2
2024-06-30 14:00:00,25.6,0.0,84.8,302.0,5.0
2024-06-30 15:00:00,26.7,0.0,78.4,312.0,5.0
2024-06-30 16:00:00,27.0,0.0,78.1,352.0,3.5
2024-06-30 17:00:00,27.4,0.0,78.5,345.0,3.6
2024-06-30 18:00:00,26.9,0.0,80.7,5.0,3.7
2024-06-30 19:00:00,26.6,0.0,81.5,322.0,5.1
2024-06-30 20:00:00,26.6,0.0,82.7,336.0,3.3
2024-06-30 21:00:00,26.8,0.0,82.8,322.0,3.9
2024-06-30 22:00:00,26.7,0.0,85.3,336.0,3.7
2024-06-30 23:00:00,26.7,0.0,85.6,9.0,2.8
2024-07-01 00:00:00,26.5,0.0,85.4,348.0,2.8
2024-07-01 01:00:00,26.5,0.0,84.8,351.0,2.6
2024-07-01 02:00:00,26.5,0.0,84.2,24.0,3.9
2024-07-01 03:00:00,26.6,0.0,85.4,39.0,4.9
2024-07-01 04:00:00,26.3,0.0,87.2,39.0,4.9
2024-07-01 05:00:00,26.4,0.0,84.9,5.0,3.3
2024-07-01 06:00:00,26.3,0.0,84.8,13.0,3.6
2024-07-01 07:00:00,26.4,0.0,83.1,17.0,3.9
2024-07-01 08:00:00,26.8,0.0,81.4,29.0,4.9
2024-07-01 09:00:00,27.8,0.0,77.6,42.0,4.6
2024-07-01 10:00:00,28.8,0.0,75.2,25.0,4.9
2024-07-01 11:00:00,29.5,0.0,72.1,35.0,6.2
2024-07-01 12:00:00,30.6,0.0,66.9,32.0,5.1
2024-07-01 13:00:00,30.3,0.0,67.3,310.0,3.6
2024-07-01 14:00:00,24.9,0.0,92.8,341.0,7.9
2024-07-01 15:00:00,30.9,0.0,65.6,354.0,2.9
2024-07-01 16:00:00,32.1,0.0,60.9,300.0,4.1
2024-07-01 17:00:00,30.2,0.0,70.7,302.0,3.8
2024-07-01 18:00:00,25.9,0.2,92.3,344.0,4.5
2024-07-01 19:00:00,26.3,0.0,89.0,325.0,4.4
2024-07-01 20:00:00,26.9,0.0,82.3,322.0,5.5
2024-07-01 21:00:00,27.0,0.0,82.6,33.0,4.0
2024-07-01 22:00:00,27.6,0.0,79.2,10.0,2.4
2024-07-01 23:00:00,27.7,0.0,81.1,22.0,3.1
2024-07-02 00:00:00,27.6,0.0,82.8,28.0,4.2
2024-07-02 01:00:00,27.7,0.0,82.3,278.0,3.1
2024-07-02 02:00:00,27.9,0.0,79.9,263.0,2.7
2024-07-02 03:00:00,27.9,0.0,78.1,263.0,3.0
2024-07-02 04:00:00,27.9,0.0,78.2,318.0,2.6
2024-07-02 05:00:00,27.8,0.0,81.0,31.0,4.1
2024-07-02 06:00:00,27.8,0.0,82.4,19.0,2.8
2024-07-02 07:00:00,27.6,0.2,84.6,28.0,4.1
2024-07-02 08:00:00,27.5,0.0,86.7,30.0,5.0
2024-07-02 09:00:00,27.4,0.2,89.4,14.0,4.4
2024-07-02 10:00:00,28.2,0.0,86.6,323.0,3.5
2024-07-02 11:00:00,29.2,0.0,78.3,259.0,3.9
2024-07-02 12:00:00,29.8,0.0,75.3,280.0,3.6
2024-07-02 13:00:00,29.8,0.0,74.8,248.0,4.2
2024-07-02 14:00:00,30.7,0.0,68.0,259.0,4.7
2024-07-02 15:00:00,31.5,0.0,62.4,234.0,5.7
2024-07-02 16:00:00,31.4,0.0,63.8,277.0,5.1
2024-07-02 17:00:00,31.0,0.0,62.6,247.0,4.3
2024-07-02 18:00:00,31.8,0.0,62.0,297.0,3.7
2024-07-02 19:00:00,30.5,0.0,68.3,255.0,4.5
2024-07-02 20:00:00,29.9,0.0,73.4,228.0,4.3
2024-07-02 21:00:00,29.7,0.0,70.7,226.0,4.1
2024-07-02 22:00:00,29.4,0.0,72.9,238.0,4.0
2024-07-02 23:00:00,29.2,0.0,76.7,249.0,3.5
2024-07-03 00:00:00,29.1,0.0,75.9,288.0,3.1
2024-07-03 01:00:00,28.7,0.0,79.6,307.0,3.2
2024-07-03 02:00:00,28.6,0.0,80.7,297.0,2.9
2024-07-03 03:00:00,28.8,0.0,78.1,252.0,3.3
2024-07-03 04:00:00,28.7,0.0,78.2,241.0,3.3
2024-07-03 05:00:00,28.5,0.0,81.3,284.0,2.8
2024-07-03 06:00:00,28.4,0.0,79.3,268.0,2.8
2024-07-03 07:00:00,28.4,0.0,81.1,252.0,3.5
2024-07-03 08:00:00,29.2,0.0,76.8,268.0,3.3
2024-07-03 09:00:00,29.9,0.0,74.4,226.0,5.1
2024-07-03 10:00:00,30.5,0.0,69.5,244.0,5.2
2024-07-03 11:00:00,31.1,0.0,67.5,232.0,5.3
2024-07-03 12:00:00,31.5,0.0,65.1,223.0,6.6
2024-07-03 13:00:00,31.7,0.0,65.3,275.0,4.9
2024-07-03 14:00:00,28.8,0.0,76.2,315.0,4.2
2024-07-03 15:00:00,30.1,0.0,66.7,239.0,4.2
2024-07-03 16:00:00,27.3,0.0,83.7,56.0,6.0
2024-07-03 17:00:00,30.8,0.0,67.1,353.0,3.8
2024-07-03 18:00:00,30.3,0.0,67.7,247.0,4.5
2024-07-03 19:00:00,30.0,0.0,71.1,258.0,3.4
2024-07-03 20:00:00,30.0,0.0,74.0,235.0,4.2
2024-07-03 21:00:00,29.2,0.0,79.0,275.0,4.1
2024-07-03 22:00:00,28.7,0.0,79.3,242.0,3.8
2024-07-03 23:00:00,28.7,0.0,76.1,250.0,3.7
2024-07-04 00:00:00,28.5,0.0,76.7,262.0,3.6
2024-07-04 01:00:00,28.8,0.0,74.0,251.0,3.4
2024-07-04 02:00:00,28.4,0.0,81.2,254.0,3.6
2024-07-04 03:00:00,28.4,0.0,76.6,222.0,5.2
2024-07-04 04:00:00,28.3,0.0,72.6,235.0,4.0
2024-07-04 05:00:00,28.4,0.0,69.1,238.0,4.2
2024-07-04 06:00:00,28.5,0.0,74.2,222.0,6.6
2024-07-04 07:00:00,28.2,0.0,70.7,209.0,6.1
2024-07-04 08:00:00,28.5,0.0,68.3,212.0,5.9
2024-07-04 09:00:00,29.1,0.0,68.4,215.0,7.1
2024-07-04 10:00:00,29.8,0.0,66.5,261.0,4.6
2024-07-04 11:00:00,31.2,0.0,61.5,266.0,4.3
2024-07-04 12:00:00,31.8,0.0,57.5,296.0,5.6
2024-07-04 13:00:00,32.2,0.0,55.5,242.0,4.2
2024-07-04 14:00:00,32.5,0.0,52.4,239.0,5.1
2024-07-04 15:00:00,33.0,0.0,55.5,288.0,4.4
2024-07-04 16:00:00,32.7,0.0,53.9,230.0,5.4
2024-07-04 17:00:00,32.3,0.0,54.6,283.0,5.0
2024-07-04 18:00:00,31.5,0.0,57.4,291.0,4.8
2024-07-04 19:00:00,30.9,0.0,61.2,268.0,4.8
2024-07-04 20:00:00,30.6,0.0,62.3,287.0,4.7
2024-07-04 21:00:00,30.2,0.0,65.7,280.0,3.9
2024-07-04 22:00:00,29.8,0.0,70.1,251.0,3.7
2024-07-04 23:00:00,29.6,0.0,72.5,249.0,3.9
2024-07-05 00:00:00,29.5,0.0,72.3,244.0,3.3
2024-07-05 01:00:00,28.4,0.0,80.1,273.0,3.4
2024-07-05 02:00:00,28.5,0.0,78.0,342.0,2.3
2024-07-05 03:00:00,28.7,0.0,77.1,3.0,2.8
2024-07-05 04:00:00,28.8,0.0,74.4,32.0,4.3
2024-07-05 05:00:00,28.4,0.0,78.4,36.0,4.7
2024-07-05 06:00:00,28.2,0.0,80.2,38.0,4.4
2024-07-05 07:00:00,28.0,0.0,82.6,331.0,2.7
2024-07-05 08:00:00,29.0,0.0,79.1,36.0,5.2
2024-07-05 09:00:00,29.9,0.0,72.9,299.0,3.7
2024-07-05 10:00:00,27.2,0.0,70.9,297.0,7.0
2024-07-05 11:00:00,27.3,0.0,67.8,345.0,4.0
2024-07-05 12:00:00,30.3,0.0,62.8,331.0,4.9
2024-07-05 13:00:00,31.9,0.0,57.6,311.0,5.7
2024-07-05 14:00:00,32.4,0.0,54.4,317.0,4.9
2024-07-05 15:00:00,33.1,0.0,51.9,289.0,5.1
2024-07-05 16:00:00,32.3,0.0,53.3,246.0,4.2
2024-07-05 17:00:00,31.7,0.0,53.4,298.0,4.5
2024-07-05 18:00:00,31.3,0.0,56.3,257.0,4.0
2024-07-05 19:00:00,29.7,0.0,64.6,34.0,5.3
2024-07-05 20:00:00,29.8,0.0,66.7,48.0,6.2
2024-07-05 21:00:00,29.5,0.0,73.5,38.0,5.8
2024-07-05 22:00:00,29.3,0.0,74.2,22.0,5.1
2024-07-05 23:00:00,29.2,0.0,74.9,29.0,4.7
2024-07-06 00:00:00,29.0,0.0,73.3,11.0,4.0
2024-07-06 01:00:00,28.4,0.0,78.2,23.0,3.1
2024-07-06 02:00:00,28.3,0.0,77.5,46.0,4.6
2024-07-06 03:00:00,28.1,0.0,78.7,18.0,3.7
2024-07-06 04:00:00,27.9,0.0,77.5,350.0,4.6
2024-07-06 05:00:00,27.9,0.0,77.3,17.0,3.2
2024-07-06 06:00:00,27.8,0.0,76.0,16.0,4.3
2024-07-06 07:00:00,27.5,0.0,77.0,27.0,5.5
2024-07-06 08:00:00,27.8,0.0,78.4,312.0,4.7
2024-07-06 09:00:00,28.9,0.0,70.4,339.0,4.5
2024-07-06 10:00:00,30.3,0.0,65.5,326.0,5.8
2024-07-06 11:00:00,30.0,0.0,65.4,306.0,5.5
2024-07-06 12:00:00,31.0,0.0,62.5,341.0,4.6
2024-07-06 13:00:00,31.5,0.0,62.4,320.0,4.7
2024-07-06 14:00:00,30.7,0.0,68.4,261.0,4.8
2024-07-06 15:00:00,30.2,0.0,70.8,263.0,4.6
2024-07-06 16:00:00,30.1,0.0,69.6,227.0,5.2
2024-07-06 17:00:00,30.5,0.0,68.6,265.0,3.8
2024-07-06 18:00:00,30.3,0.0,67.6,280.0,3.5
2024-07-06 19:00:00,29.7,0.0,70.8,242.0,3.8
2024-07-06 20:00:00,29.5,0.0,74.0,279.0,4.5
2024-07-06 21:00:00,29.2,0.0,74.2,252.0,3.5
2024-07-06 22:00:00,28.1,0.4,81.9,286.0,3.8
2024-07-06 23:00:00,26.2,0.2,92.8,338.0,5.9
2024-07-07 00:00:00,27.2,0.0,88.5,344.0,4.1
2024-07-07 01:00:00,27.5,0.0,84.7,233.0,3.3
2024-07-07 02:00:00,27.9,0.0,82.3,259.0,3.4
2024-07-07 03:00:00,27.9,0.0,84.0,246.0,3.4
2024-07-07 04:00:00,27.9,0.0,81.2,280.0,3.4
2024-07-07 05:00:00,27.9,0.0,80.4,250.0,2.9
2024-07-07 06:00:00,27.6,0.0,81.9,322.0,2.9
2024-07-07 07:00:00,28.2,0.0,79.4,289.0,3.7
2024-07-07 08:00:00,24.9,0.4,86.8,327.0,5.4
2024-07-07 09:00:00,25.8,0.0,85.0,348.0,3.6
2024-07-07 10:00:00,27.1,0.0,81.5,14.0,2.7
2024-07-07 11:00:00,28.0,0.0,79.6,336.0,3.0
2024-07-07 12:00:00,29.7,0.0,74.4,319.0,5.6
2024-07-07 13:00:00,30.0,0.0,71.9,286.0,5.3
2024-07-07 14:00:00,31.0,0.0,63.5,274.0,4.4
2024-07-07 15:00:00,29.8,0.0,66.8,264.0,3.9
2024-07-07 16:00:00,26.9,0.2,87.4,22.0,7.6
2024-07-07 17:00:00,28.2,0.0,80.3,278.0,3.4
2024-07-07 18:00:00,28.9,0.0,77.8,234.0,3.6
2024-07-07 19:00:00,28.2,0.0,78.4,251.0,3.2
2024-07-07 20:00:00,28.1,0.0,79.1,241.0,3.1
2024-07-07 21:00:00,27.9,0.0,79.6,290.0,3.0
2024-07-07 22:00:00,28.2,0.0,76.9,36.0,4.4
2024-07-07 23:00:00,28.1,0.0,77.8,342.0,2.3
2024-07-08 00:00:00,28.0,0.0,79.6,309.0,2.7
2024-07-08 01:00:00,28.1,0.0,74.7,324.0,3.3
2024-07-08 02:00:00,28.1,0.0,77.0,304.0,3.7
2024-07-08 03:00:00,28.0,0.0,76.9,248.0,2.8
2024-07-08 04:00:00,27.8,0.0,80.4,290.0,3.0
2024-07-08 05:00:00,27.6,0.0,82.0,7.0,2.5
2024-07-08 06:00:00,27.6,0.0,82.3,14.0,3.2
2024-07-08 07:00:00,27.7,0.0,81.8,274.0,2.8
2024-07-08 08:00:00,28.5,0.0,78.0,267.0,3.4
2024-07-08 09:00:00,29.1,0.0,78.0,353.0,3.2
2024-07-08 10:00:00,27.0,0.0,77.2,311.0,6.0
2024-07-08 11:00:00,29.0,0.0,74.5,317.0,5.7
2024-07-08 12:00:00,29.5,0.0,65.2,303.0,6.5
2024-07-08 13:00:00,28.1,0.0,71.5,292.0,6.9
2024-07-08 14:00:00,27.0,0.0,83.8,322.0,6.4
2024-07-08 15:00:00,26.9,0.2,86.1,325.0,5.6
2024-07-08 16:00:00,26.5,0.2,86.8,317.0,5.8
2024-07-08 17:00:00,26.3,0.0,85.5,312.0,4.9
2024-07-08 18:00:00,26.8,0.0,79.4,286.0,4.5
2024-07-08 19:00:00,27.0,0.0,79.6,249.0,4.1
2024-07-08 20:00:00,26.9,0.0,78.0,267.0,3.5
2024-07-08 21:00:00,27.2,0.0,76.2,304.0,4.2
2024-07-08 22:00:00,27.0,0.0,77.2,343.0,3.0
2024-07-08 23:00:00,27.2,0.0,77.2,338.0,4.2
2024-07-09 00:00:00,27.1,0.0,78.6,28.0,3.8
2024-07-09 01:00:00,27.1,0.0,78.1,340.0,2.0
2024-07-09 02:00:00,26.9,0.0,80.2,36.0,4.4
2024-07-09 03:00:00,27.2,0.0,79.1,23.0,3.2
2024-07-09 04:00:00,27.3,0.0,79.1,295.0,2.9
2024-07-09 05:00:00,27.2,0.0,78.7,3.0,2.8
2024-07-09 06:00:00,27.2,0.0,79.7,5.0,2.3
2024-07-09 07:00:00,27.4,0.0,76.3,343.0,2.6
2024-07-09 08:00:00,28.0,0.0,74.0,308.0,3.9
2024-07-09 09:00:00,28.8,0.0,72.8,241.0,3.7
2024-07-09 10:00:00,29.7,0.0,72.1,238.0,4.8
2024-07-09 11:00:00,29.7,0.0,71.8,222.0,5.2
2024-07-09 12:00:00,30.7,0.0,69.8,317.0,4.0
2024-07-09 13:00:00,28.5,0.6,79.9,254.0,5.0
2024-07-09 14:00:00,26.7,0.0,88.1,273.0,3.8
2024-07-09 15:00:00,28.7,0.0,75.5,250.0,4.4
2024-07-09 16:00:00,29.6,0.0,70.5,244.0,5.4
2024-07-09 17:00:00,29.0,0.0,73.1,272.0,3.7
2024-07-09 18:00:00,30.2,0.0,66.0,268.0,3.9
2024-07-09 19:00:00,29.3,0.0,65.9,281.0,3.8
2024-07-09 20:00:00,28.6,0.0,71.0,224.0,4.3
2024-07-09 21:00:00,28.2,0.0,72.6,241.0,3.5
2024-07-09 22:00:00,28.1,0.0,74.8,240.0,4.2
2024-07-09 23:00:00,28.0,0.0,70.7,269.0,2.7
2024-07-10 00:00:00,27.9,0.0,71.5,301.0,3.5
2024-07-10 01:00:00,27.8,0.0,73.5,353.0,1.8
2024-07-10 02:00:00,27.9,0.0,73.8,315.0,4.4
2024-07-10 03:00:00,27.6,0.0,76.8,243.0,2.5
2024-07-10 04:00:00,27.8,0.0,77.0,273.0,3.0
2024-07-10 05:00:00,28.1,0.0,75.7,308.0,4.0
2024-07-10 06:00:00,27.9,0.0,77.8,310.0,4.0
2024-07-10 07:00:00,27.8,0.0,81.1,298.0,4.3
2024-07-10 08:00:00,27.9,0.0,81.9,323.0,4.5
2024-07-10 09:00:00,28.9,0.0,71.4,245.0,3.9
2024-07-10 10:00:00,30.2,0.0,66.5,256.0,4.5
2024-07-10 11:00:00,27.1,0.0,75.7,227.0,4.9
2024-07-10 12:00:00,29.4,0.0,70.5,305.0,4.7
2024-07-10 13:00:00,30.6,0.0,64.2,262.0,5.4
2024-07-10 14:00:00,30.2,0.0,66.7,234.0,5.5
2024-07-10 15:00:00,31.5,0.0,63.6,276.0,4.8
2024-07-10 16:00:00,30.4,0.0,65.1,242.0,5.8
2024-07-10 17:00:00,30.5,0.0,67.3,261.0,4.7
2024-07-10 18:00:00,30.4,0.0,64.9,296.0,6.2
2024-07-10 19:00:00,30.1,0.0,64.5,303.0,5.2
2024-07-10 20:00:00,29.7,0.0,66.4,314.0,5.2
2024-07-10 21:00:00,29.0,0.0,73.5,312.0,5.2
2024-07-10 22:00:00,28.9,0.0,73.8,321.0,4.0
2024-07-10 23:00:00,29.1,0.0,72.4,296.0,4.0
2024-07-11 00:00:00,28.9,0.0,75.0,287.0,3.5
2024-07-11 01:00:00,28.9,0.0,74.2,262.0,3.5
2024-07-11 02:00:00,28.7,0.0,75.9,289.0,3.7
2024-07-11 03:00:00,28.7,0.0,72.2,277.0,3.9
2024-07-11 04:00:00,28.5,0.0,73.0,306.0,4.1
2024-07-11 05:00:00,28.2,0.0,76.0,258.0,3.5
2024-07-11 06:00:00,28.3,0.0,77.4,284.0,4.4
2024-07-11 07:00:00,28.2,0.0,78.2,288.0,3.6
2024-07-11 08:00:00,28.5,0.0,77.0,288.0,4.0
2024-07-11 09:00:00,29.4,0.0,72.5,280.0,5.2
2024-07-11 10:00:00,30.0,0.0,67.3,231.0,5.9
2024-07-11 11:00:00,30.3,0.0,69.5,254.0,5.5
2024-07-11 12:00:00,30.7,0.0,67.6,279.0,6.2
2024-07-11 13:00:00,30.5,0.0,65.8,234.0,6.8
2024-07-11 14:00:00,30.9,0.0,66.2,261.0,5.9
2024-07-11 15:00:00,30.8,0.0,58.8,247.0,6.4
2024-07-11 16:00:00,31.5,0.0,55.2,253.0,5.2
2024-07-11 17:00:00,30.7,0.0,55.2,241.0,5.8
2024-07-11 18:00:00,30.6,0.0,56.7,274.0,4.9
2024-07-11 19:00:00,30.1,0.0,60.9,219.0,5.3
2024-07-11 20:00:00,29.9,0.0,58.7,233.0,4.9
2024-07-11 21:00:00,29.4,0.0,69.1,245.0,4.0
2024-07-11 22:00:00,29.2,0.0,73.0,221.0,5.3
2024-07-11 23:00:00,29.0,0.0,74.8,229.0,4.0
2024-07-12 00:00:00,29.1,0.0,74.5,228.0,4.4
2024-07-12 01:00:00,29.2,0.0,72.3,253.0,3.8
2024-07-12 02:00:00,28.9,0.0,75.3,242.0,4.1
2024-07-12 03:00:00,28.8,0.0,74.5,243.0,3.8
2024-07-12 04:00:00,28.5,0.0,75.6,225.0,4.0
2024-07-12 05:00:00,28.4,0.0,74.8,254.0,3.4
2024-07-12 06:00:00,28.6,0.0,70.9,251.0,3.2
2024-07-12 07:00:00,28.4,0.0,73.6,279.0,3.4
2024-07-12 08:00:00,28.7,0.0,74.3,237.0,3.6
2024-07-12 09:00:00,29.5,0.0,70.2,245.0,4.8
2024-07-12 10:00:00,29.8,0.0,70.8,242.0,4.8
2024-07-12 11:00:00,30.6,0.0,65.5,248.0,4.4
2024-07-12 12:00:00,31.2,0.0,62.5,262.0,4.6
2024-07-12 13:00:00,31.2,0.0,62.5,248.0,4.9
2024-07-12 14:00:00,29.9,0.0,69.0,271.0,3.7
2024-07-12 15:00:00,28.3,0.0,74.0,40.0,9.0
2024-07-12 16:00:00,23.3,0.2,94.4,32.0,6.3
2024-07-12 17:00:00,25.1,0.0,91.5,350.0,8.3
2024-07-12 18:00:00,25.8,0.0,87.8,16.0,8.3
2024-07-12 19:00:00,25.8,0.2,88.4,50.0,6.5
2024-07-12 20:00:00,25.8,0.0,89.6,34.0,6.6
2024-07-12 21:00:00,25.8,0.0,88.4,346.0,4.1
2024-07-12 22:00:00,26.2,0.0,87.4,28.0,4.7
2024-07-12 23:00:00,26.4,0.0,86.1,27.0,3.9
2024-07-13 00:00:00,26.5,0.0,84.3,319.0,3.4
2024-07-13 01:00:00,26.4,0.0,80.6,256.0,2.7
2024-07-13 02:00:00,26.9,0.0,79.2,22.0,3.3
2024-07-13 03:00:00,26.4,0.0,83.4,6.0,3.1
2024-07-13 04:00:00,26.6,0.0,82.0,23.0,3.5
2024-07-13 05:00:00,26.7,0.0,82.6,15.0,2.8
2024-07-13 06:00:00,26.9,0.0,82.8,318.0,2.8
2024-07-13 07:00:00,27.1,0.0,83.0,353.0,3.1
2024-07-13 08:00:00,27.9,0.0,80.9,315.0,3.0
2024-07-13 09:00:00,29.4,0.0,75.8,279.0,3.2
2024-07-13 10:00:00,29.7,0.0,70.1,218.0,6.3
2024-07-13 11:00:00,30.6,0.0,67.3,233.0,4.8
2024-07-13 12:00:00,30.8,0.0,63.8,240.0,5.3
2024-07-13 13:00:00,31.0,0.0,61.0,261.0,5.4
2024-07-13 14:00:00,31.9,0.0,61.1,252.0,4.4
2024-07-13 15:00:00,31.7,0.0,59.8,243.0,5.7
2024-07-13 16:00:00,32.0,0.0,58.2,252.0,5.8
2024-07-13 17:00:00,31.7,0.0,58.2,248.0,4.6
2024-07-13 18:00:00,31.1,0.0,61.9,251.0,4.9
2024-07-13 19:00:00,30.2,0.0,66.5,247.0,4.8
2024-07-13 20:00:00,29.9,0.0,69.6,250.0,4.3
2024-07-13 21:00:00,29.7,0.0,72.5,315.0,4.1
2024-07-13 22:00:00,29.6,0.0,67.8,245.0,4.0
2024-07-13 23:00:00,29.3,0.0,71.8,252.0,3.9
2024-07-14 00:00:00,29.2,0.0,71.9,255.0,3.4
2024-07-14 01:00:00,28.9,0.0,74.1,301.0,3.2
2024-07-14 02:00:00,28.8,0.0,74.5,245.0,3.5
2024-07-14 03:00:00,28.7,0.0,76.1,273.0,3.3
2024-07-14 04:00:00,28.5,0.0,77.3,287.0,3.4
2024-07-14 05:00:00,28.6,0.0,76.3,236.0,3.4
2024-07-14 06:00:00,28.4,0.0,77.5,266.0,3.3
2024-07-14 07:00:00,28.4,0.0,79.2,249.0,3.4
2024-07-14 08:00:00,26.8,0.2,86.5,238.0,3.8
2024-07-14 09:00:00,28.0,0.0,80.7,264.0,3.5
2024-07-14 10:00:00,29.7,0.0,68.9,236.0,5.1
2024-07-14 11:00:00,30.6,0.0,67.5,252.0,5.0
2024-07-14 12:00:00,30.6,0.0,63.1,243.0,4.8
2024-07-14 13:00:00,31.8,0.0,56.2,255.0,4.4
2024-07-14 14:00:00,31.1,0.0,57.7,261.0,4.4
2024-07-14 15:00:00,30.8,0.0,58.0,269.0,4.6
2024-07-14 16:00:00,31.1,0.0,57.3,222.0,5.9
2024-07-14 17:00:00,30.3,0.0,66.0,248.0,5.8
2024-07-14 18:00:00,29.6,0.0,69.0,276.0,5.6
2024-07-14 19:00:00,29.6,0.0,64.5,253.0,4.3
2024-07-14 20:00:00,29.5,0.0,64.3,237.0,3.7
2024-07-14 21:00:00,29.5,0.0,65.9,224.0,5.0
2024-07-14 22:00:00,28.8,0.0,74.7,257.0,3.2
2024-07-14 23:00:00,28.7,0.0,74.0,262.0,2.9
2024-07-15 00:00:00,28.6,0.0,73.1,338.0,3.3
2024-07-15 01:00:00,28.7,0.0,71.9,258.0,2.9
2024-07-15 02:00:00,28.7,0.0,68.4,261.0,3.2
2024-07-15 03:00:00,28.7,0.0,68.0,244.0,3.0
2024-07-15 04:00:00,28.5,0.0,71.8,290.0,3.1
2024-07-15 05:00:00,28.6,0.0,71.7,236.0,3.5
2024-07-15 06:00:00,28.5,0.0,74.5,246.0,3.3
2024-07-15 07:00:00,28.4,0.0,73.9,225.0,4.5
2024-07-15 08:00:00,28.7,0.0,74.0,243.0,4.0
2024-07-15 09:00:00,29.8,0.0,70.7,257.0,4.0
2024-07-15 10:00:00,30.1,0.0,68.0,238.0,5.4
2024-07-15 11:00:00,31.6,0.0,62.3,280.0,4.2
2024-07-15 12:00:00,31.4,0.0,62.1,274.0,4.5
2024-07-15 13:00:00,31.7,0.0,60.5,256.0,5.9
2024-07-15 14:00:00,31.4,0.0,59.6,209.0,8.7
2024-07-15 15:00:00,32.4,0.0,53.6,235.0,6.5
2024-07-15 16:00:00,32.1,0.0,53.4,236.0,5.8
2024-07-15 17:00:00,31.3,0.0,57.1,216.0,7.0
2024-07-15 18:00:00,30.7,0.0,57.3,247.0,5.6
2024-07-15 19:00:00,30.4,0.0,59.7,235.0,5.3
2024-07-15 20:00:00,29.8,0.0,68.6,241.0,4.4
2024-07-15 21:00:00,29.4,0.0,71.5,221.0,5.6
2024-07-15 22:00:00,29.4,0.0,70.2,228.0,5.0
2024-07-15 23:00:00,29.4,0.0,71.3,269.0,3.9
2024-07-16 00:00:00,29.1,0.0,72.7,256.0,3.5
2024-07-16 01:00:00,28.9,0.0,73.9,239.0,3.8
2024-07-16 02:00:00,28.7,0.0,73.6,250.0,4.0
2024-07-16 03:00:00,28.6,0.0,74.2,222.0,4.9
2024-07-16 04:00:00,28.4,0.0,75.8,244.0,4.1
2024-07-16 05:00:00,28.4,0.0,75.5,254.0,3.6
2024-07-16 06:00:00,28.6,0.0,74.2,254.0,3.6
2024-07-16 07:00:00,28.5,0.0,75.0,241.0,4.3
2024-07-16 08:00:00,28.9,0.0,73.5,227.0,4.9
2024-07-16 09:00:00,29.7,0.0,71.6,227.0,5.1
2024-07-16 10:00:00,29.3,0.0,73.1,222.0,6.6
2024-07-16 11:00:00,29.7,0.0,71.8,232.0,5.2
2024-07-16 12:00:00,30.9,0.0,67.5,243.0,5.4
2024-07-16 13:00:00,31.1,0.0,61.5,237.0,7.5
2024-07-16 14:00:00,31.4,0.0,58.3,230.0,6.5
2024-07-16 15:00:00,31.4,0.0,60.0,237.0,5.9
2024-07-16 16:00:00,31.1,0.0,58.1,253.0,5.7
2024-07-16 17:00:00,30.6,0.0,63.6,219.0,8.0
2024-07-16 18:00:00,30.4,0.0,65.0,246.0,5.1
2024-07-16 19:00:00,29.9,0.0,64.5,213.0,7.0
2024-07-16 20:00:00,29.7,0.0,63.3,217.0,5.2
2024-07-16 21:00:00,29.4,0.0,71.6,229.0,4.5
2024-07-16 22:00:00,29.3,0.0,73.6,267.0,4.1
2024-07-16 23:00:00,29.2,0.0,72.2,231.0,4.5
2024-07-17 00:00:00,29.2,0.0,71.5,241.0,3.7
2024-07-17 01:00:00,29.0,0.0,72.5,252.0,3.8
2024-07-17 02:00:00,28.7,0.0,74.8,257.0,3.3
2024-07-17 03:00:00,28.6,0.0,74.5,244.0,3.8
2024-07-17 04:00:00,28.4,0.0,77.3,227.0,4.3
2024-07-17 05:00:00,28.3,0.0,79.7,225.0,4.4
2024-07-17 06:00:00,28.2,0.0,80.0,239.0,3.8
2024-07-17 07:00:00,28.3,0.0,78.2,255.0,3.3
2024-07-17 08:00:00,28.8,0.0,76.2,223.0,5.0
2024-07-17 09:00:00,29.8,0.0,70.3,260.0,4.1
2024-07-17 10:00:00,30.6,0.0,69.3,268.0,4.3
2024-07-17 11:00:00,31.0,0.0,67.7,267.0,4.1
2024-07-17 12:00:00,30.6,0.0,66.4,240.0,5.3
2024-07-17 13:00:00,29.8,0.0,70.7,237.0,5.7
2024-07-17 14:00:00,30.3,0.0,68.8,254.0,5.2
2024-07-17 15:00:00,31.0,0.0,69.0,231.0,6.8
2024-07-17 16:00:00,31.2,0.0,64.3,219.0,7.0
2024-07-17 17:00:00,31.6,0.0,63.2,266.0,5.4
2024-07-17 18:00:00,30.7,0.0,66.7,236.0,5.0
2024-07-17 19:00:00,30.3,0.0,63.4,244.0,5.0
2024-07-17 20:00:00,30.0,0.0,66.4,227.0,5.3
2024-07-17 21:00:00,29.5,0.0,69.4,235.0,4.8
2024-07-17 22:00:00,29.4,0.0,71.6,234.0,4.5
2024-07-17 23:00:00,29.3,0.0,74.5,230.0,4.2
2024-07-18 00:00:00,29.1,0.0,75.2,272.0,3.2
2024-07-18 01:00:00,29.0,0.0,75.9,238.0,4.0
2024-07-18 02:00:00,28.9,0.0,75.7,234.0,4.1
2024-07-18 03:00:00,28.8,0.0,74.5,249.0,3.5
2024-07-18 04:00:00,28.8,0.0,74.1,294.0,3.1
2024-07-18 05:00:00,28.6,0.0,75.2,243.0,3.6
2024-07-18 06:00:00,28.4,0.0,78.2,252.0,3.4
2024-07-18 07:00:00,28.4,0.0,80.7,235.0,3.8
2024-07-18 08:00:00,28.7,0.0,79.5,261.0,3.6
2024-07-18 09:00:00,29.5,0.0,75.8,240.0,4.7
2024-07-18 10:00:00,29.6,0.0,69.0,234.0,6.0
2024-07-18 11:00:00,30.7,0.0,65.3,218.0,6.1
2024-07-18 12:00:00,30.7,0.0,67.6,230.0,6.3
2024-07-18 13:00:00,31.9,0.0,63.8,274.0,4.7
2024-07-18 14:00:00,31.9,0.0,62.4,246.0,6.1
2024-07-18 15:00:00,31.9,0.0,62.0,229.0,7.0
2024-07-18 16:00:00,32.2,0.0,59.4,236.0,6.2
2024-07-18 17:00:00,32.0,0.0,59.4,223.0,7.5
2024-07-18 18:00:00,31.6,0.0,57.4,228.0,5.9
2024-07-18 19:00:00,30.9,0.0,60.1,220.0,6.0
2024-07-18 20:00:00,30.4,0.0,66.0,234.0,5.3
2024-07-18 21:00:00,29.7,0.0,73.1,260.0,4.2
2024-07-18 22:00:00,29.7,0.0,74.3,285.0,4.0
2024-07-18 23:00:00,29.6,0.0,73.0,251.0,4.4
2024-07-19 00:00:00,29.4,0.0,75.9,254.0,4.4
2024-07-19 01:00:00,29.2,0.0,76.1,276.0,3.7
2024-07-19 02:00:00,29.0,0.0,76.7,253.0,4.0
2024-07-19 03:00:00,29.0,0.0,76.4,269.0,3.6
2024-07-19 04:00:00,28.9,0.0,76.9,264.0,3.4
2024-07-19 05:00:00,28.8,0.0,76.6,250.0,3.7
2024-07-19 06:00:00,28.9,0.0,77.3,277.0,3.4
2024-07-19 07:00:00,28.8,0.0,76.3,239.0,3.9
2024-07-19 08:00:00,29.2,0.0,73.1,246.0,3.6
2024-07-19 09:00:00,29.9,0.0,68.0,276.0,4.0
2024-07-19 10:00:00,30.1,0.0,67.9,244.0,5.1
2024-07-19 11:00:00,31.0,0.0,62.4,254.0,4.5
2024-07-19 12:00:00,31.4,0.0,61.7,231.0,6.5
2024-07-19 13:00:00,31.9,0.0,58.8,241.0,4.9
2024-07-19 14:00:00,32.8,0.0,53.4,268.0,4.5
2024-07-19 15:00:00,32.2,0.0,56.1,250.0,5.2
2024-07-19 16:00:00,32.3,0.0,55.1,220.0,6.4
2024-07-19 17:00:00,31.7,0.0,56.5,226.0,6.4
2024-07-19 18:00:00,31.5,0.0,61.2,257.0,4.9
2024-07-19 19:00:00,30.4,0.0,70.3,278.0,4.1
2024-07-19 20:00:00,30.0,0.0,70.5,269.0,4.3
2024-07-19 21:00:00,29.8,0.0,70.4,285.0,4.3
2024-07-19 22:00:00,29.5,0.0,69.9,258.0,4.1
2024-07-19 23:00:00,29.5,0.0,69.1,271.0,3.7
2024-07-20 00:00:00,29.4,0.0,68.5,238.0,4.1
2024-07-20 01:00:00,29.2,0.0,70.9,278.0,3.8
2024-07-20 02:00:00,29.0,0.0,73.0,317.0,3.6
2024-07-20 03:00:00,28.8,0.0,74.3,252.0,3.7
2024-07-20 04:00:00,28.8,0.0,75.4,238.0,3.5
2024-07-20 05:00:00,28.7,0.0,77.3,241.0,4.0
2024-07-20 06:00:00,28.8,0.0,75.9,232.0,4.4
2024-07-20 07:00:00,28.8,0.0,76.1,239.0,3.8
2024-07-20 08:00:00,29.1,0.0,75.2,258.0,3.8
2024-07-20 09:00:00,29.7,0.0,75.3,260.0,3.4
2024-07-20 10:00:00,30.1,0.0,72.4,224.0,6.5
2024-07-20 11:00:00,31.1,0.0,68.8,258.0,4.7
2024-07-20 12:00:00,31.2,0.0,67.2,266.0,5.2
2024-07-20 13:00:00,31.8,0.0,62.7,221.0,7.3
2024-07-20 14:00:00,32.8,0.0,58.2,272.0,5.2
2024-07-20 15:00:00,32.2,0.0,59.1,214.0,7.9
2024-07-20 16:00:00,32.3,0.0,57.6,253.0,5.6
2024-07-20 17:00:00,32.2,0.0,55.0,232.0,5.7
2024-07-20 18:00:00,31.8,0.0,55.5,218.0,6.1
2024-07-20 19:00:00,30.9,0.0,63.9,242.0,4.7
2024-07-20 20:00:00,30.2,0.0,66.9,239.0,4.8
2024-07-20 21:00:00,30.1,0.0,69.2,263.0,3.9
2024-07-20 22:00:00,30.0,0.0,71.0,246.0,4.3
2024-07-20 23:00:00,29.9,0.0,71.3,256.0,3.8
2024-07-21 00:00:00,29.6,0.0,73.3,252.0,3.9
2024-07-21 01:00:00,29.4,0.0,73.8,250.0,4.1
2024-07-21 02:00:00,29.2,0.0,74.2,270.0,3.9
2024-07-21 03:00:00,29.0,0.0,76.4,250.0,4.1
2024-07-21 04:00:00,29.0,0.0,77.1,238.0,4.7
2024-07-21 05:00:00,29.1,0.0,76.6,246.0,4.4
2024-07-21 06:00:00,29.1,0.0,76.0,247.0,4.0
2024-07-21 07:00:00,29.0,0.0,75.9,275.0,3.8
2024-07-21 08:00:00,29.2,0.0,72.9,216.0,5.6
2024-07-21 09:00:00,29.3,0.0,75.8,245.0,4.7
2024-07-21 10:00:00,30.1,0.0,71.6,277.0,4.1
2024-07-21 11:00:00,31.1,0.0,65.7,286.0,4.5
2024-07-21 12:00:00,31.3,0.0,61.5,254.0,5.3
2024-07-21 13:00:00,32.1,0.0,57.9,234.0,5.5
2024-07-21 14:00:00,31.9,0.0,57.6,242.0,5.8
2024-07-21 15:00:00,32.8,0.0,56.3,230.0,7.2
2024-07-21 16:00:00,32.0,0.0,56.5,261.0,5.5
2024-07-21 17:00:00,31.0,0.0,61.4,207.0,8.7
2024-07-21 18:00:00,30.9,0.0,60.9,236.0,4.9
2024-07-21 19:00:00,30.6,0.0,61.8,255.0,4.2
2024-07-21 20:00:00,30.2,0.0,66.3,240.0,4.8
2024-07-21 21:00:00,30.0,0.0,68.1,255.0,4.1
2024-07-21 22:00:00,29.7,0.0,72.5,255.0,3.9
2024-07-21 23:00:00,29.6,0.0,72.2,264.0,3.4
2024-07-22 00:00:00,29.5,0.0,73.7,238.0,4.1
2024-07-22 01:00:00,29.3,0.0,76.2,280.0,4.0
2024-07-22 02:00:00,29.2,0.0,75.8,251.0,4.1
2024-07-22 03:00:00,29.0,0.0,77.5,289.0,3.6
2024-07-22 04:00:00,28.9,0.0,79.0,259.0,3.5
2024-07-22 05:00:00,29.0,0.0,79.6,255.0,3.8
2024-07-22 06:00:00,28.9,0.0,78.8,287.0,3.5
2024-07-22 07:00:00,29.0,0.0,78.6,240.0,3.7
2024-07-22 08:00:00,29.2,0.0,78.8,229.0,5.3
2024-07-22 09:00:00,29.7,0.0,75.3,230.0,4.8
2024-07-22 10:00:00,30.7,0.0,70.8,255.0,4.6
2024-07-22 11:00:00,31.4,0.0,68.7,247.0,5.6
2024-07-22 12:00:00,31.0,0.0,68.0,261.0,4.7
2024-07-22 13:00:00,31.4,0.0,67.1,243.0,4.4
2024-07-22 14:00:00,33.1,0.0,59.0,252.0,5.4
2024-07-22 15:00:00,33.0,0.0,57.6,250.0,5.8
2024-07-22 16:00:00,33.3,0.0,55.7,260.0,4.8
2024-07-22 17:00:00,32.3,0.0,58.4,223.0,6.3
2024-07-22 18:00:00,32.0,0.0,59.8,269.0,4.6
2024-07-22 19:00:00,31.1,0.0,63.8,221.0,5.9
2024-07-22 20:00:00,30.4,0.0,71.4,277.0,3.7
2024-07-22 21:00:00,29.9,0.0,73.1,246.0,4.3
2024-07-22 22:00:00,29.8,0.0,74.2,261.0,4.0
2024-07-22 23:00:00,29.6,0.0,74.2,275.0,3.8
2024-07-23 00:00:00,29.5,0.0,75.5,237.0,4.0
2024-07-23 01:00:00,29.3,0.0,76.7,243.0,3.7
2024-07-23 02:00:00,29.1,0.0,77.5,264.0,3.5
2024-07-23 03:00:00,29.0,0.0,77.8,249.0,3.9
2024-07-23 04:00:00,29.0,0.0,77.8,294.0,3.5
2024-07-23 05:00:00,28.9,0.0,79.7,290.0,3.5
2024-07-23 06:00:00,28.8,0.0,80.1,294.0,3.7
2024-07-23 07:00:00,28.9,0.0,81.0,276.0,3.4
2024-07-23 08:00:00,29.2,0.0,79.6,261.0,3.5
2024-07-23 09:00:00,30.1,0.0,74.9,255.0,4.1
2024-07-23 10:00:00,30.9,0.0,70.0,278.0,4.0
2024-07-23 11:00:00,31.4,0.0,68.1,257.0,4.6
2024-07-23 12:00:00,31.1,0.0,69.7,251.0,5.3
2024-07-23 13:00:00,32.0,0.0,63.9,225.0,6.2
2024-07-23 14:00:00,32.7,0.0,64.0,276.0,4.4
2024-07-23 15:00:00,32.9,0.0,60.2,263.0,5.3
2024-07-23 16:00:00,32.5,0.0,60.0,264.0,5.7
2024-07-23 17:00:00,32.1,0.0,62.4,228.0,5.7
2024-07-23 18:00:00,31.9,0.0,63.0,275.0,4.1
2024-07-23 19:00:00,30.7,0.0,69.9,219.0,6.3
2024-07-23 20:00:00,30.2,0.0,72.2,246.0,4.4
2024-07-23 21:00:00,30.0,0.0,74.0,282.0,3.9
2024-07-23 22:00:00,29.7,0.0,74.0,264.0,4.1
2024-07-23 23:00:00,29.5,0.0,75.3,264.0,3.9
2024-07-24 00:00:00,29.3,0.0,75.8,283.0,4.0
2024-07-24 01:00:00,29.2,0.0,73.3,214.0,5.2
2024-07-24 02:00:00,29.0,0.0,75.7,256.0,3.6
2024-07-24 03:00:00,28.9,0.0,76.7,295.0,3.5
2024-07-24 04:00:00,28.8,0.0,76.5,260.0,3.5
2024-07-24 05:00:00,28.8,0.0,75.0,237.0,4.2
2024-07-24 06:00:00,28.7,0.0,77.6,239.0,4.0
2024-07-24 07:00:00,28.7,0.0,79.3,266.0,3.9
2024-07-24 08:00:00,29.1,0.0,76.8,254.0,4.2
2024-07-24 09:00:00,29.8,0.0,74.7,262.0,4.2
2024-07-24 10:00:00,30.2,0.0,71.9,242.0,4.3
2024-07-24 11:00:00,30.9,0.0,67.9,267.0,4.1
2024-07-24 12:00:00,31.5,0.0,66.2,263.0,5.2
2024-07-24 13:00:00,31.9,0.0,63.5,245.0,5.0
2024-07-24 14:00:00,31.8,0.0,63.4,233.0,7.1
2024-07-24 15:00:00,31.7,0.0,63.7,239.0,6.1
2024-07-24 16:00:00,31.8,0.0,63.5,238.0,6.6
2024-07-24 17:00:00,31.5,0.0,63.1,252.0,4.6
2024-07-24 18:00:00,31.4,0.0,63.3,235.0,5.8
2024-07-24 19:00:00,30.5,0.0,63.8,213.0,6.9
2024-07-24 20:00:00,30.1,0.0,65.2,252.0,4.1
2024-07-24 21:00:00,29.8,0.0,68.0,218.0,5.5
2024-07-24 22:00:00,29.5,0.0,70.6,299.0,4.1
2024-07-24 23:00:00,29.5,0.0,68.1,271.0,3.8
2024-07-25 00:00:00,29.2,0.0,70.4,322.0,3.6
2024-07-25 01:00:00,29.2,0.0,70.4,269.0,3.4
2024-07-25 02:00:00,28.9,0.0,73.8,274.0,3.7
2024-07-25 03:00:00,28.8,0.0,74.8,303.0,3.9
2024-07-25 04:00:00,28.4,0.0,76.8,311.0,3.2
2024-07-25 05:00:00,28.5,0.0,77.2,301.0,3.8
2024-07-25 06:00:00,28.4,0.0,78.5,290.0,3.7
2024-07-25 07:00:00,28.4,0.0,79.1,266.0,3.3
2024-07-25 08:00:00,28.9,0.0,76.9,277.0,3.7
2024-07-25 09:00:00,29.6,0.0,72.8,244.0,4.9
2024-07-25 10:00:00,30.4,0.0,69.5,255.0,4.3
2024-07-25 11:00:00,31.1,0.0,65.1,236.0,5.8
2024-07-25 12:00:00,32.2,0.0,57.8,249.0,5.5
2024-07-25 13:00:00,31.8,0.0,60.1,225.0,6.5
2024-07-25 14:00:00,32.3,0.0,57.0,274.0,5.5
2024-07-25 15:00:00,32.0,0.0,54.4,253.0,6.1
2024-07-25 16:00:00,31.9,0.0,52.8,207.0,9.3
2024-07-25 17:00:00,31.7,0.0,53.8,231.0,7.3
2024-07-25 18:00:00,31.7,0.0,54.2,226.0,7.1
2024-07-25 19:00:00,30.8,0.0,58.3,241.0,5.2
2024-07-25 20:00:00,30.3,0.0,63.7,243.0,4.3
2024-07-25 21:00:00,30.0,0.0,66.2,220.0,4.8
2024-07-25 22:00:00,29.5,0.0,69.1,249.0,4.6
2024-07-25 23:00:00,29.3,0.0,72.6,245.0,4.8
2024-07-26 00:00:00,29.2,0.0,71.6,285.0,3.5
2024-07-26 01:00:00,29.1,0.0,71.6,261.0,3.9
2024-07-26 02:00:00,28.9,0.0,73.5,273.0,3.6
2024-07-26 03:00:00,28.8,0.0,76.5,260.0,3.5
2024-07-26 04:00:00,28.8,0.0,72.8,238.0,4.8
2024-07-26 05:00:00,28.7,0.0,73.6,247.0,4.3
2024-07-26 06:00:00,28.7,0.0,73.8,258.0,3.6
2024-07-26 07:00:00,28.7,0.0,73.9,244.0,4.4
2024-07-26 08:00:00,29.0,0.0,74.3,259.0,4.3
2024-07-26 09:00:00,29.6,0.0,72.5,224.0,5.6
2024-07-26 10:00:00,30.4,0.0,67.8,235.0,6.0
2024-07-26 11:00:00,31.1,0.0,64.9,247.0,5.1
2024-07-26 12:00:00,31.7,0.0,57.1,217.0,6.3
2024-07-26 13:00:00,32.2,0.0,58.6,234.0,6.2
2024-07-26 14:00:00,32.2,0.0,58.0,212.0,8.8
2024-07-26 15:00:00,32.7,0.0,55.2,248.0,5.9
2024-07-26 16:00:00,32.2,0.0,56.2,240.0,6.2
2024-07-26 17:00:00,31.9,0.0,57.4,262.0,4.5
2024-07-26 18:00:00,31.8,0.0,57.7,218.0,7.0
2024-07-26 19:00:00,31.0,0.0,57.8,242.0,5.2
2024-07-26 20:00:00,30.6,0.0,64.7,273.0,4.0
2024-07-26 21:00:00,29.7,0.0,73.4,255.0,3.9
2024-07-26 22:00:00,29.7,0.0,69.8,264.0,4.2
2024-07-26 23:00:00,29.5,0.0,72.4,269.0,4.0
2024-07-27 00:00:00,29.1,0.0,74.3,259.0,4.3
2024-07-27 01:00:00,28.9,0.0,76.5,278.0,3.8
2024-07-27 02:00:00,28.8,0.0,77.4,288.0,4.0
2024-07-27 03:00:00,28.8,0.0,74.5,242.0,3.6
2024-07-27 04:00:00,28.8,0.0,72.3,240.0,4.2
2024-07-27 05:00:00,28.7,0.0,73.5,266.0,3.6
2024-07-27 06:00:00,28.7,0.0,75.2,258.0,3.8
2024-07-27 07:00:00,28.6,0.0,77.4,276.0,3.3
2024-07-27 08:00:00,29.0,0.0,75.9,239.0,4.3
2024-07-27 09:00:00,29.6,0.0,72.4,252.0,5.2
2024-07-27 10:00:00,30.6,0.0,66.7,238.0,5.2
2024-07-27 11:00:00,30.9,0.0,62.3,224.0,6.0
2024-07-27 12:00:00,31.6,0.0,54.9,216.0,6.7
2024-07-27 13:00:00,32.7,0.0,57.1,248.0,5.5
2024-07-27 14:00:00,33.1,0.0,52.7,247.0,5.1
2024-07-27 15:00:00,34.1,0.0,46.6,259.0,5.0
2024-07-27 16:00:00,33.1,0.0,50.4,232.0,6.6
2024-07-27 17:00:00,32.1,0.0,55.0,209.0,7.5
2024-07-27 18:00:00,31.9,0.0,58.6,221.0,6.3
2024-07-27 19:00:00,31.0,0.0,62.8,241.0,4.9
2024-07-27 20:00:00,30.1,0.0,70.0,253.0,4.5
2024-07-27 21:00:00,29.8,0.0,71.2,231.0,4.8
2024-07-27 22:00:00,29.7,0.0,71.5,270.0,4.4
2024-07-27 23:00:00,29.5,0.0,71.6,296.0,4.1
2024-07-28 00:00:00,29.3,0.0,71.9,270.0,4.0
2024-07-28 01:00:00,29.1,0.0,73.8,260.0,4.1
2024-07-28 02:00:00,29.0,0.0,73.9,261.0,4.2
2024-07-28 03:00:00,29.1,0.0,72.8,257.0,4.3
2024-07-28 04:00:00,28.9,0.0,73.3,285.0,3.9
2024-07-28 05:00:00,28.9,0.0,75.0,293.0,3.6
2024-07-28 06:00:00,28.8,0.0,76.9,253.0,3.7
2024-07-28 07:00:00,28.8,0.0,77.2,243.0,3.8
2024-07-28 08:00:00,29.2,0.0,74.5,238.0,5.1
2024-07-28 09:00:00,29.8,0.0,70.0,229.0,5.9
2024-07-28 10:00:00,30.5,0.0,65.5,236.0,6.0
2024-07-28 11:00:00,31.5,0.0,63.1,273.0,4.4
2024-07-28 12:00:00,32.5,0.0,57.2,237.0,6.1
2024-07-28 13:00:00,33.0,0.0,53.8,252.0,4.8
2024-07-28 14:00:00,33.7,0.0,50.7,249.0,4.9
2024-07-28 15:00:00,32.8,0.0,52.4,222.0,7.2
2024-07-28 16:00:00,32.8,0.0,52.0,259.0,5.7
2024-07-28 17:00:00,32.4,0.0,53.3,219.0,6.4
2024-07-28 18:00:00,31.8,0.0,54.7,233.0,5.6
2024-07-28 19:00:00,30.7,0.0,67.6,241.0,5.5
2024-07-28 20:00:00,29.9,0.0,72.0,269.0,4.6
2024-07-28 21:00:00,29.7,0.0,69.8,263.0,5.1
2024-07-28 22:00:00,29.6,0.0,71.1,281.0,4.5
2024-07-28 23:00:00,29.5,0.0,72.6,318.0,4.8
2024-07-29 00:00:00,29.2,0.0,72.1,262.0,3.7
2024-07-29 01:00:00,29.0,0.0,73.4,297.0,4.1
2024-07-29 02:00:00,28.9,0.0,74.7,270.0,3.8
2024-07-29 03:00:00,28.8,0.0,75.7,276.0,3.7
2024-07-29 04:00:00,28.7,0.0,76.7,265.0,4.1
2024-07-29 05:00:00,28.8,0.0,76.8,293.0,3.7
2024-07-29 06:00:00,29.0,0.0,76.2,268.0,3.8
2024-07-29 07:00:00,28.9,0.0,77.3,305.0,4.2
2024-07-29 08:00:00,29.3,0.0,73.8,243.0,5.2
2024-07-29 09:00:00,30.2,0.0,70.4,247.0,4.8
2024-07-29 10:00:00,30.7,0.0,66.8,251.0,5.6
2024-07-29 11:00:00,31.6,0.0,61.6,252.0,5.3
2024-07-29 12:00:00,32.3,0.0,59.5,268.0,4.7
2024-07-29 13:00:00,31.7,0.0,62.1,274.0,4.5
2024-07-29 14:00:00,32.1,0.0,58.4,274.0,4.6
2024-07-29 15:00:00,32.5,0.0,58.0,230.0,6.3
2024-07-29 16:00:00,33.3,0.0,56.9,312.0,4.7
2024-07-29 17:00:00,32.8,0.0,59.1,243.0,5.6
2024-07-29 18:00:00,31.3,0.0,65.0,213.0,6.6
2024-07-29 19:00:00,30.6,0.0,68.4,248.0,4.9
2024-07-29 20:00:00,30.2,0.0,70.8,291.0,4.0
2024-07-29 21:00:00,30.0,0.0,71.2,285.0,4.2
2024-07-29 22:00:00,29.7,0.0,69.5,269.0,4.1
2024-07-29 23:00:00,29.5,0.0,68.5,283.0,4.0
2024-07-30 00:00:00,29.2,0.0,71.0,259.0,3.8
2024-07-30 01:00:00,29.0,0.0,74.1,297.0,3.7
2024-07-30 02:00:00,28.8,0.0,75.5,285.0,4.3
2024-07-30 03:00:00,28.7,0.0,76.1,301.0,4.0
2024-07-30 04:00:00,28.5,0.0,77.8,285.0,3.5
2024-07-30 05:00:00,28.5,0.0,78.3,287.0,3.6
2024-07-30 06:00:00,28.5,0.0,76.4,242.0,3.5
2024-07-30 07:00:00,28.6,0.0,77.4,259.0,3.3
2024-07-30 08:00:00,28.9,0.0,76.7,239.0,4.0
2024-07-30 09:00:00,29.9,0.0,72.6,307.0,4.2
2024-07-30 10:00:00,30.2,0.0,71.1,257.0,5.0
2024-07-30 11:00:00,31.3,0.0,63.2,244.0,4.9
2024-07-30 12:00:00,32.5,0.0,59.2,286.0,4.2
2024-07-30 13:00:00,33.1,0.0,57.6,323.0,4.4
2024-07-30 14:00:00,32.6,0.0,62.5,298.0,4.4
2024-07-30 15:00:00,32.2,0.0,61.8,242.0,4.8
2024-07-30 16:00:00,33.5,0.0,56.7,324.0,4.8
2024-07-30 17:00:00,32.3,0.0,62.1,286.0,4.5
2024-07-30 18:00:00,32.3,0.0,60.9,254.0,4.5
2024-07-30 19:00:00,30.6,0.0,69.6,250.0,5.1
2024-07-30 20:00:00,29.9,0.0,73.3,253.0,4.7
2024-07-30 21:00:00,29.7,0.0,71.0,261.0,4.4
2024-07-30 22:00:00,29.8,0.0,69.6,20.0,4.5
2024-07-30 23:00:00,28.9,0.0,72.6,44.0,5.2
2024-07-31 00:00:00,29.2,0.0,74.3,299.0,4.0
2024-07-31 01:00:00,29.3,0.0,73.1,352.0,4.5
2024-07-31 02:00:00,29.1,0.0,73.6,301.0,3.5
2024-07-31 03:00:00,29.0,0.0,75.3,305.0,3.8
2024-07-31 04:00:00,29.0,0.0,75.6,317.0,4.4
2024-07-31 05:00:00,28.9,0.0,75.7,314.0,4.2
2024-07-31 06:00:00,28.8,0.0,76.9,306.0,4.2
2024-07-31 07:00:00,28.8,0.0,76.1,298.0,3.6
2024-07-31 08:00:00,29.1,0.0,75.7,316.0,4.1
2024-07-31 09:00:00,29.7,0.0,74.5,253.0,3.9
2024-07-31 10:00:00,31.1,0.0,68.1,315.0,3.7
2024-07-31 11:00:00,27.7,0.0,73.8,276.0,4.2
2024-07-31 12:00:00,31.0,0.0,68.1,290.0,3.9
2024-07-31 13:00:00,32.2,0.0,59.3,286.0,4.5
2024-07-31 14:00:00,32.0,0.0,59.4,227.0,7.6
2024-07-31 15:00:00,32.1,0.0,57.2,230.0,6.0
2024-07-31 16:00:00,32.1,0.0,61.3,231.0,4.2
2024-07-31 17:00:00,28.4,0.0,70.9,32.0,9.2
2024-07-31 18:00:00,27.5,0.0,74.8,306.0,4.9
2024-07-31 19:00:00,27.7,0.0,76.6,355.0,3.0
2024-07-31 20:00:00,27.8,0.0,69.4,284.0,3.7
2024-07-31 21:00:00,27.1,0.0,74.7,288.0,4.4
2024-07-31 22:00:00,27.4,0.0,76.1,325.0,4.7
2024-07-31 23:00:00,27.3,0.0,75.5,334.0,3.5
2024-08-01 00:00:00,27.6,0.0,73.2,311.0,4.7
2024-08-01 01:00:00,27.2,0.0,75.8,332.0,4.1
2024-08-01 02:00:00,27.7,0.0,73.4,42.0,4.4
2024-08-01 03:00:00,27.7,0.0,74.0,347.0,3.5
2024-08-01 04:00:00,27.5,0.0,76.6,347.0,3.9
2024-08-01 05:00:00,27.0,0.0,79.4,18.0,3.3
2024-08-01 06:00:00,27.1,0.0,79.2,342.0,2.6
2024-08-01 07:00:00,27.1,0.0,80.1,342.0,3.0
2024-08-01 08:00:00,27.8,0.0,78.5,344.0,3.7
2024-08-01 09:00:00,29.7,0.0,71.7,319.0,3.8
2024-08-01 10:00:00,30.3,0.0,68.4,268.0,4.0
2024-08-01 11:00:00,30.4,0.0,69.4,276.0,4.1
2024-08-01 12:00:00,31.6,0.0,63.6,1.0,4.6
2024-08-01 13:00:00,31.8,0.0,60.2,266.0,4.6
2024-08-01 14:00:00,31.0,0.0,48.6,211.0,7.4
2024-08-01 15:00:00,31.7,0.0,62.0,224.0,6.3
2024-08-01 16:00:00,31.9,0.0,59.7,255.0,5.3
2024-08-01 17:00:00,31.4,0.0,63.1,250.0,5.4
2024-08-01 18:00:00,30.4,0.0,66.4,241.0,6.4
2024-08-01 19:00:00,30.0,0.0,66.6,238.0,5.3
2024-08-01 20:00:00,29.6,0.0,65.4,239.0,4.2
2024-08-01 21:00:00,29.6,0.0,67.0,237.0,3.8
2024-08-01 22:00:00,29.4,0.0,66.3,239.0,3.6
2024-08-01 23:00:00,29.2,0.0,68.3,223.0,4.1
2024-08-02 00:00:00,29.1,0.0,70.7,251.0,3.2
2024-08-02 01:00:00,28.8,0.0,72.5,250.0,3.4
2024-08-02 02:00:00,28.5,0.0,75.6,320.0,2.9
2024-08-02 03:00:00,28.6,0.0,76.3,36.0,5.6
2024-08-02 04:00:00,28.5,0.0,78.6,22.0,3.6
2024-08-02 05:00:00,28.5,0.0,80.6,296.0,3.3
2024-08-02 06:00:00,28.4,0.0,79.7,271.0,3.3
2024-08-02 07:00:00,28.3,0.0,79.8,258.0,3.6
2024-08-02 08:00:00,28.6,0.0,78.8,290.0,3.4
2024-08-02 09:00:00,29.4,0.0,75.5,328.0,3.6
2024-08-02 10:00:00,30.1,0.0,72.5,236.0,4.6
2024-08-02 11:00:00,30.5,0.0,70.0,256.0,4.4
2024-08-02 12:00:00,31.7,0.0,63.7,261.0,4.4
2024-08-02 13:00:00,32.3,0.0,59.0,254.0,4.7
2024-08-02 14:00:00,32.0,0.0,60.8,233.0,4.7
2024-08-02 15:00:00,32.4,0.0,56.8,246.0,4.9
2024-08-02 16:00:00,31.1,0.0,54.6,238.0,5.9
2024-08-02 17:00:00,29.8,0.0,68.6,286.0,4.5
2024-08-02 18:00:00,30.0,0.0,62.2,288.0,4.2
2024-08-02 19:00:00,29.3,0.0,67.7,280.0,3.6
2024-08-02 20:00:00,29.1,0.0,72.5,311.0,3.9
2024-08-02 21:00:00,28.9,0.0,72.3,334.0,4.1
2024-08-02 22:00:00,29.0,0.0,72.6,33.0,4.6
2024-08-02 23:00:00,29.1,0.0,73.2,36.0,5.2
2024-08-03 00:00:00,28.8,0.0,74.9,296.0,3.4
2024-08-03 01:00:00,28.7,0.0,75.4,271.0,3.6
2024-08-03 02:00:00,28.5,0.0,77.6,250.0,3.5
2024-08-03 03:00:00,28.4,0.0,79.2,283.0,3.4
2024-08-03 04:00:00,28.4,0.0,79.9,225.0,3.7
2024-08-03 05:00:00,28.4,0.0,80.3,282.0,3.0
2024-08-03 06:00:00,28.5,0.0,79.9,289.0,2.7
2024-08-03 07:00:00,28.4,0.0,79.9,243.0,3.4
2024-08-03 08:00:00,28.8,0.0,77.7,243.0,3.4
2024-08-03 09:00:00,29.6,0.0,73.5,273.0,4.2
2024-08-03 10:00:00,30.2,0.0,67.2,297.0,3.9
2024-08-03 11:00:00,30.7,0.0,68.8,281.0,4.0
2024-08-03 12:00:00,32.0,0.0,60.0,266.0,4.7
2024-08-03 13:00:00,32.5,0.0,56.5,273.0,4.6
2024-08-03 14:00:00,32.9,0.0,52.6,252.0,4.2
2024-08-03 15:00:00,33.5,0.0,49.7,273.0,4.1
2024-08-03 16:00:00,33.2,0.0,57.5,304.0,4.9
2024-08-03 17:00:00,31.2,0.0,62.5,260.0,4.7
2024-08-03 18:00:00,31.5,0.0,55.4,248.0,5.7
2024-08-03 19:00:00,30.7,0.0,61.1,265.0,3.7
2024-08-03 20:00:00,29.0,0.4,76.1,329.0,5.3
2024-08-03 21:00:00,28.7,0.0,77.1,251.0,4.1
2024-08-03 22:00:00,29.3,0.0,73.5,283.0,4.1
2024-08-03 23:00:00,29.3,0.0,76.5,266.0,3.8
2024-08-04 00:00:00,29.4,0.0,75.3,301.0,3.5
2024-08-04 01:00:00,29.2,0.0,76.7,292.0,3.7
2024-08-04 02:00:00,29.1,0.0,78.3,22.0,4.0
2024-08-04 03:00:00,28.9,0.0,78.8,319.0,4.1
2024-08-04 04:00:00,28.4,0.0,77.9,9.0,4.2
2024-08-04 05:00:00,28.6,0.0,79.6,262.0,3.5
2024-08-04 06:00:00,28.5,0.0,78.0,241.0,3.9
2024-08-04 07:00:00,28.5,0.0,76.1,224.0,4.3
2024-08-04 08:00:00,28.9,0.0,74.7,279.0,3.8
2024-08-04 09:00:00,30.1,0.0,70.9,241.0,4.5
2024-08-04 10:00:00,27.7,0.0,72.1,247.0,7.4
2024-08-04 11:00:00,27.8,0.2,81.7,273.0,4.0
2024-08-04 12:00:00,28.8,0.0,81.0,304.0,5.6
2024-08-04 13:00:00,28.9,0.0,74.8,282.0,6.9
2024-08-04 14:00:00,28.5,0.0,70.9,310.0,4.3
2024-08-04 15:00:00,27.2,0.0,79.5,334.0,7.1
2024-08-04 16:00:00,25.4,0.4,90.4,358.0,7.3
2024-08-04 17:00:00,25.3,0.2,89.1,53.0,7.0
2024-08-04 18:00:00,26.1,0.0,87.2,317.0,5.3
2024-08-04 19:00:00,26.2,0.0,86.1,334.0,4.2
2024-08-04 20:00:00,26.5,0.0,83.8,14.0,3.6
2024-08-04 21:00:00,26.8,0.0,83.4,35.0,4.8
2024-08-04 22:00:00,27.0,0.0,83.6,44.0,5.4
2024-08-04 23:00:00,27.0,0.0,83.6,30.0,4.4
2024-08-05 00:00:00,26.8,0.0,85.2,13.0,3.4
2024-08-05 01:00:00,26.8,0.0,84.4,337.0,3.4
2024-08-05 02:00:00,26.9,0.0,84.1,21.0,4.0
2024-08-05 03:00:00,26.6,0.0,85.8,335.0,4.1
2024-08-05 04:00:00,26.8,0.0,85.1,342.0,2.8
2024-08-05 05:00:00,26.7,0.0,85.0,18.0,3.2
2024-08-05 06:00:00,26.5,0.0,85.2,346.0,3.4
2024-08-05 07:00:00,26.5,0.0,84.7,6.0,3.4
2024-08-05 08:00:00,27.3,0.0,82.3,348.0,2.7
2024-08-05 09:00:00,28.2,0.0,79.6,323.0,4.0
2024-08-05 10:00:00,29.2,0.0,73.3,320.0,3.8
2024-08-05 11:00:00,30.2,0.0,66.8,269.0,4.3
2024-08-05 12:00:00,30.7,0.0,63.8,299.0,3.8
2024-08-05 13:00:00,31.8,0.0,59.6,295.0,4.7
2024-08-05 14:00:00,32.2,0.0,58.3,263.0,5.4
2024-08-05 15:00:00,31.2,0.0,61.0,254.0,4.9
2024-08-05 16:00:00,31.0,0.0,65.3,301.0,3.6
2024-08-05 17:00:00,31.9,0.0,58.3,260.0,4.3
2024-08-05 18:00:00,30.3,0.0,60.7,283.0,4.2
2024-08-05 19:00:00,29.9,0.0,59.6,242.0,3.7
2024-08-05 20:00:00,29.4,0.0,65.4,249.0,4.3
2024-08-05 21:00:00,29.0,0.0,68.2,256.0,3.9
2024-08-05 22:00:00,28.9,0.0,70.0,274.0,3.8
2024-08-05 23:00:00,28.9,0.0,70.0,224.0,3.6
2024-08-06 00:00:00,28.6,0.0,72.1,257.0,3.2
2024-08-06 01:00:00,28.3,0.0,73.2,319.0,3.2
2024-08-06 02:00:00,28.2,0.0,73.5,317.0,2.9
2024-08-06 03:00:00,28.1,0.0,74.1,254.0,3.2
2024-08-06 04:00:00,27.9,0.0,75.9,276.0,3.0
2024-08-06 05:00:00,28.0,0.0,76.7,287.0,3.2
2024-08-06 06:00:00,27.9,0.0,77.4,332.0,2.6
2024-08-06 07:00:00,27.7,0.0,79.3,349.0,3.1
2024-08-06 08:00:00,28.5,0.0,75.9,265.0,3.2
2024-08-06 09:00:00,29.4,0.0,71.7,255.0,3.9
2024-08-06 10:00:00,29.6,0.0,68.7,225.0,6.0
2024-08-06 11:00:00,30.8,0.0,60.6,220.0,6.4
2024-08-06 12:00:00,31.8,0.0,55.7,248.0,5.2
2024-08-06 13:00:00,32.4,0.0,52.9,264.0,5.5
2024-08-06 14:00:00,32.6,0.0,47.6,213.0,7.4
2024-08-06 15:00:00,31.7,0.0,55.6,313.0,4.4
2024-08-06 16:00:00,31.4,0.0,59.9,20.0,5.8
2024-08-06 17:00:00,30.7,0.0,56.0,272.0,4.4
2024-08-06 18:00:00,31.3,0.0,57.4,269.0,4.2
2024-08-06 19:00:00,30.3,0.0,64.6,261.0,4.0
2024-08-06 20:00:00,29.7,0.0,66.4,282.0,4.0
2024-08-06 21:00:00,29.4,0.0,66.3,257.0,4.2
2024-08-06 22:00:00,29.2,0.0,68.5,286.0,3.6
2024-08-06 23:00:00,29.1,0.0,68.0,309.0,3.7
2024-08-07 00:00:00,28.8,0.0,69.4,289.0,3.4
2024-08-07 01:00:00,28.7,0.0,70.9,310.0,3.4
2024-08-07 02:00:00,28.3,0.0,73.0,292.0,2.9
2024-08-07 03:00:00,28.3,0.0,72.7,300.0,3.3
2024-08-07 04:00:00,28.1,0.0,74.9,278.0,2.9
2024-08-07 05:00:00,28.1,0.0,76.6,331.0,3.1
2024-08-07 06:00:00,28.2,0.0,76.8,313.0,3.1
2024-08-07 07:00:00,28.3,0.0,76.5,264.0,3.2
2024-08-07 08:00:00,28.5,0.0,75.1,243.0,3.7
2024-08-07 09:00:00,29.8,0.0,71.2,259.0,3.4
2024-08-07 10:00:00,30.2,0.0,70.1,260.0,4.1
2024-08-07 11:00:00,30.4,0.0,67.3,244.0,5.4
2024-08-07 12:00:00,31.2,0.0,62.5,234.0,5.5
2024-08-07 13:00:00,31.1,0.0,64.1,279.0,4.3
2024-08-07 14:00:00,31.8,0.0,57.4,254.0,5.1
2024-08-07 15:00:00,29.2,0.0,68.5,22.0,3.7
2024-08-07 16:00:00,30.0,0.0,59.1,267.0,3.7
2024-08-07 17:00:00,30.5,0.0,61.0,296.0,3.8
2024-08-07 18:00:00,30.0,0.0,65.2,265.0,4.4
2024-08-07 19:00:00,29.4,0.0,57.4,226.0,4.9
2024-08-07 20:00:00,29.2,0.0,69.9,256.0,4.3
2024-08-07 21:00:00,29.0,0.0,71.5,229.0,4.6
2024-08-07 22:00:00,29.1,0.0,68.4,255.0,3.6
2024-08-07 23:00:00,29.1,0.0,68.9,268.0,3.3
2024-08-08 00:00:00,29.0,0.0,69.3,245.0,3.4
2024-08-08 01:00:00,28.9,0.0,72.2,265.0,3.3
2024-08-08 02:00:00,28.8,0.0,74.7,263.0,3.2
2024-08-08 03:00:00,28.9,0.0,74.3,255.0,3.4
2024-08-08 04:00:00,28.4,0.0,79.4,292.0,3.5
2024-08-08 05:00:00,28.4,0.0,79.7,277.0,3.2
2024-08-08 06:00:00,27.3,0.0,86.9,329.0,3.3
2024-08-08 07:00:00,26.9,0.0,87.8,293.0,3.3
2024-08-08 08:00:00,27.9,0.0,74.6,307.0,4.3
2024-08-08 09:00:00,29.3,0.0,73.8,244.0,3.7
2024-08-08 10:00:00,30.2,0.0,70.3,282.0,4.1
2024-08-08 11:00:00,30.0,0.0,73.1,268.0,3.9
2024-08-08 12:00:00,30.7,0.0,68.7,302.0,4.4
2024-08-08 13:00:00,31.0,0.0,63.0,286.0,4.9
2024-08-08 14:00:00,31.5,0.0,61.0,258.0,4.6
2024-08-08 15:00:00,32.3,0.0,58.5,272.0,4.5
2024-08-08 16:00:00,32.3,0.0,54.9,271.0,4.3
2024-08-08 17:00:00,32.4,0.0,50.3,268.0,4.6
2024-08-08 18:00:00,32.4,0.0,51.6,274.0,4.2
2024-08-08 19:00:00,31.1,0.0,61.3,276.0,4.1
2024-08-08 20:00:00,30.3,0.0,65.0,262.0,4.1
2024-08-08 21:00:00,29.9,0.0,67.5,239.0,4.8
2024-08-08 22:00:00,29.4,0.0,73.0,247.0,3.9
2024-08-09 10:00:00,28.5,0.0,83.1,12.0,4.4
2024-08-09 11:00:00,29.6,0.0,74.4,263.0,4.6
2024-08-09 12:00:00,31.8,0.0,63.1,11.0,5.8
2024-08-09 13:00:00,31.5,0.0,63.1,333.0,4.6
2024-08-09 14:00:00,32.0,0.0,63.2,21.0,5.6
2024-08-09 15:00:00,32.7,0.0,57.2,264.0,4.5
2024-08-09 16:00:00,33.2,0.0,56.2,314.0,4.0
2024-08-09 17:00:00,29.3,0.0,71.1,230.0,6.8
2024-08-09 18:00:00,26.4,0.0,85.0,289.0,4.1
2024-08-09 19:00:00,27.7,0.0,77.6,320.0,3.9
2024-08-09 20:00:00,27.7,0.0,80.3,243.0,3.2
2024-08-09 21:00:00,28.0,0.0,78.5,248.0,3.4
2024-08-09 22:00:00,28.2,0.0,78.9,308.0,3.3
2024-08-09 23:00:00,28.3,0.0,79.7,341.0,3.3
2024-08-10 00:00:00,28.3,0.0,78.0,350.0,3.1
2024-08-10 01:00:00,28.5,0.0,77.7,352.0,3.7
2024-08-10 02:00:00,28.4,0.0,79.2,35.0,5.6
2024-08-10 03:00:00,27.5,0.0,84.3,346.0,3.4
2024-08-10 04:00:00,27.3,0.0,84.6,10.0,4.0
2024-08-10 05:00:00,27.3,0.0,83.8,17.0,3.5
2024-08-10 06:00:00,27.0,0.0,84.9,349.0,3.1
2024-08-10 07:00:00,26.9,0.0,85.5,345.0,3.3
2024-08-10 08:00:00,27.4,0.0,83.2,15.0,3.0
2024-08-10 09:00:00,28.6,0.0,78.5,3.0,3.5
2024-08-10 10:00:00,29.4,0.0,78.1,340.0,3.4
2024-08-10 11:00:00,30.4,0.0,67.9,291.0,4.3
2024-08-10 12:00:00,29.0,0.0,73.8,274.0,4.1
2024-08-10 13:00:00,29.7,0.0,66.6,285.0,6.2
2024-08-10 14:00:00,28.3,0.0,73.6,288.0,5.7
2024-08-10 15:00:00,27.4,0.0,83.8,261.0,5.1
2024-08-10 16:00:00,25.8,0.0,85.2,249.0,5.5
2024-08-10 17:00:00,27.8,0.0,76.3,268.0,3.6
2024-08-10 18:00:00,27.9,0.0,77.8,252.0,3.8
2024-08-10 19:00:00,28.0,0.0,74.2,267.0,3.2
2024-08-10 20:00:00,28.1,0.0,73.6,273.0,3.1
2024-08-10 21:00:00,28.3,0.0,71.5,294.0,3.7
2024-08-10 22:00:00,28.4,0.0,72.0,221.0,3.9
2024-08-10 23:00:00,28.2,0.0,74.7,263.0,3.2
2024-08-11 00:00:00,28.3,0.0,76.4,229.0,3.0
2024-08-11 01:00:00,28.2,0.0,79.4,287.0,3.0
2024-08-11 02:00:00,28.2,0.0,82.0,268.0,3.0
2024-08-11 03:00:00,28.2,0.0,81.6,295.0,3.1
2024-08-11 04:00:00,28.6,0.0,77.4,248.0,3.8
2024-08-11 05:00:00,28.1,0.0,81.1,251.0,3.7
2024-08-11 06:00:00,27.6,0.0,83.6,265.0,3.4
2024-08-11 07:00:00,26.1,0.0,82.7,262.0,4.4
2024-08-11 08:00:00,27.0,0.0,77.2,346.0,3.3
2024-08-11 09:00:00,27.7,0.0,80.0,228.0,5.0
2024-08-11 10:00:00,27.7,0.0,67.5,264.0,3.9
2024-08-11 11:00:00,28.3,0.0,72.2,296.0,4.7
2024-08-11 12:00:00,29.9,0.0,68.7,293.0,5.0
2024-08-11 13:00:00,30.6,0.0,67.9,261.0,4.2
2024-08-11 14:00:00,30.3,0.0,68.0,228.0,6.8
2024-08-11 15:00:00,31.3,0.0,58.2,247.0,4.7
2024-08-11 16:00:00,30.9,0.0,58.5,240.0,5.8
2024-08-11 17:00:00,30.5,0.0,59.8,225.0,6.0
2024-08-11 18:00:00,30.2,0.0,63.9,252.0,5.2
2024-08-11 19:00:00,29.7,0.0,66.3,267.0,3.8
2024-08-11 20:00:00,29.3,0.0,67.4,258.0,3.9
2024-08-11 21:00:00,29.1,0.0,69.7,271.0,3.4
2024-08-11 22:00:00,28.8,0.0,73.4,281.0,3.4
2024-08-11 23:00:00,28.5,0.0,72.9,278.0,3.2
2024-08-12 00:00:00,28.6,0.0,72.3,243.0,3.6
2024-08-12 01:00:00,28.2,0.0,74.0,286.0,3.3
2024-08-12 02:00:00,28.1,0.0,72.8,251.0,3.1
2024-08-12 03:00:00,28.2,0.0,73.1,241.0,3.2
2024-08-12 04:00:00,28.1,0.0,74.7,226.0,3.5
2024-08-12 05:00:00,28.0,0.0,75.5,283.0,3.1
2024-08-12 06:00:00,28.1,0.0,77.1,240.0,3.5
2024-08-12 07:00:00,28.3,0.0,76.5,254.0,3.6
2024-08-12 08:00:00,28.6,0.0,75.2,245.0,4.2
2024-08-12 09:00:00,29.4,0.0,71.3,260.0,4.7
2024-08-12 10:00:00,30.1,0.0,68.1,223.0,6.5
2024-08-12 11:00:00,31.2,0.0,62.7,272.0,4.9
2024-08-12 12:00:00,31.9,0.0,61.6,269.0,4.3
2024-08-12 13:00:00,31.8,0.0,59.6,267.0,5.6
2024-08-12 14:00:00,29.5,0.0,78.5,319.0,4.0
2024-08-12 15:00:00,30.9,0.0,66.3,277.0,4.4
2024-08-12 16:00:00,31.8,0.0,62.6,258.0,4.7
2024-08-12 17:00:00,30.0,0.0,68.5,239.0,5.6
2024-08-12 18:00:00,30.1,0.0,64.4,269.0,4.2
2024-08-12 19:00:00,30.1,0.0,69.0,304.0,4.0
2024-08-12 20:00:00,29.5,0.0,71.1,247.0,4.4
2024-08-12 21:00:00,29.4,0.0,70.5,299.0,3.6
2024-08-12 22:00:00,29.2,0.0,71.6,290.0,3.7
2024-08-12 23:00:00,29.0,0.0,74.2,295.0,3.5
2024-08-13 00:00:00,29.0,0.0,74.8,322.0,4.2
2024-08-13 01:00:00,29.0,0.0,72.3,325.0,4.2
2024-08-13 02:00:00,28.9,0.0,71.9,346.0,3.8
2024-08-13 03:00:00,28.8,0.0,74.6,325.0,3.9
2024-08-13 04:00:00,28.7,0.0,75.9,325.0,3.5
2024-08-13 05:00:00,28.5,0.0,76.0,328.0,3.6
2024-08-13 06:00:00,28.4,0.0,75.9,307.0,3.5
2024-08-13 07:00:00,28.4,0.0,76.7,281.0,3.7
2024-08-13 08:00:00,29.0,0.0,74.0,324.0,4.2
2024-08-13 09:00:00,29.7,0.0,72.4,289.0,3.9
2024-08-13 10:00:00,29.9,0.0,69.3,259.0,4.8
2024-08-13 11:00:00,31.0,0.0,64.8,248.0,5.4
2024-08-13 12:00:00,32.7,0.0,57.2,326.0,5.2
2024-08-13 13:00:00,31.8,0.0,63.6,271.0,5.8
2024-08-13 14:00:00,31.4,0.0,62.2,239.0,6.0
2024-08-13 15:00:00,32.5,0.0,56.3,253.0,6.0
2024-08-13 16:00:00,31.9,0.0,53.3,246.0,5.7
2024-08-13 17:00:00,32.1,0.0,53.7,260.0,5.4
2024-08-13 18:00:00,31.5,0.0,55.8,260.0,4.4
2024-08-13 19:00:00,30.5,0.0,62.7,281.0,4.4
2024-08-13 20:00:00,29.7,0.0,68.7,236.0,4.8
2024-08-13 21:00:00,29.7,0.0,67.6,252.0,4.4
2024-08-13 22:00:00,29.4,0.0,68.5,281.0,3.6
2024-08-13 23:00:00,29.2,0.0,70.0,256.0,3.9
2024-08-14 00:00:00,29.2,0.0,71.8,253.0,4.7
2024-08-14 01:00:00,28.5,0.0,77.3,298.0,3.9
2024-08-14 02:00:00,28.4,0.0,74.5,268.0,3.3
2024-08-14 03:00:00,28.6,0.0,70.7,270.0,3.6
2024-08-14 04:00:00,28.4,0.0,74.9,291.0,3.6
2024-08-14 05:00:00,28.2,0.0,77.7,299.0,3.2
2024-08-14 06:00:00,28.3,0.0,78.5,318.0,3.4
2024-08-14 07:00:00,28.6,0.0,78.8,299.0,3.4
2024-08-14 08:00:00,25.9,6.0,87.3,317.0,4.6
2024-08-14 09:00:00,26.6,0.0,83.8,247.0,3.8
2024-08-14 10:00:00,27.3,0.2,87.6,358.0,3.1
2024-08-14 11:00:00,27.5,0.0,79.6,222.0,4.9
2024-08-14 12:00:00,29.8,0.0,73.2,305.0,4.3
2024-08-14 13:00:00,28.4,0.0,78.4,235.0,5.3
2024-08-14 14:00:00,30.4,0.0,68.1,346.0,3.9
2024-08-14 15:00:00,27.2,0.0,83.7,18.0,8.10001
2024-08-14 16:00:00,26.8,0.2,89.0,11.0,11.7
2024-08-14 17:00:00,26.7,0.0,83.8,320.0,5.4
2024-08-14 18:00:00,26.3,0.0,85.4,38.0,9.0
2024-08-14 19:00:00,26.8,0.0,83.8,312.0,4.7
2024-08-14 20:00:00,27.3,0.0,82.9,316.0,4.6
2024-08-14 21:00:00,27.2,0.0,83.7,338.0,3.1
2024-08-14 22:00:00,27.3,0.0,83.5,356.0,2.8
2024-08-14 23:00:00,27.2,0.0,85.0,333.0,2.4
2024-08-15 00:00:00,27.2,0.0,83.4,345.0,3.4
2024-08-15 01:00:00,27.7,0.0,80.7,27.0,4.2
2024-08-15 02:00:00,27.4,0.0,83.5,336.0,3.2
2024-08-15 03:00:00,27.2,0.0,84.2,20.0,3.3
2024-08-15 04:00:00,27.0,0.0,84.1,320.0,3.6
2024-08-15 05:00:00,27.2,0.0,82.0,353.0,3.0
2024-08-15 06:00:00,27.3,0.0,80.5,356.0,3.3
2024-08-15 07:00:00,27.0,0.0,83.2,22.0,3.5
2024-08-15 08:00:00,27.9,0.0,80.8,38.0,4.7
2024-08-15 09:00:00,29.6,0.0,73.8,309.0,3.5
2024-08-15 10:00:00,29.9,0.0,71.8,256.0,4.0
2024-08-15 11:00:00,31.1,0.0,67.7,324.0,4.2
2024-08-15 12:00:00,31.8,0.0,62.2,296.0,4.0
2024-08-15 13:00:00,31.5,0.0,64.8,304.0,4.3
2024-08-15 14:00:00,30.0,0.0,66.1,233.0,6.8
2024-08-15 15:00:00,28.8,0.0,69.6,249.0,4.3
2024-08-15 16:00:00,29.8,0.0,69.5,273.0,4.3
2024-08-15 17:00:00,31.9,0.0,61.9,311.0,3.9
2024-08-15 18:00:00,29.4,0.0,75.9,280.0,4.5
2024-08-15 19:00:00,29.1,0.0,75.8,308.0,3.9
2024-08-15 20:00:00,28.7,0.0,77.3,306.0,3.7
2024-08-15 21:00:00,28.4,0.0,77.1,321.0,4.2
2024-08-15 22:00:00,28.2,0.0,78.1,249.0,3.9
2024-08-15 23:00:00,28.3,0.0,79.1,274.0,3.5
2024-08-16 00:00:00,28.4,0.0,80.8,285.0,3.6
2024-08-16 01:00:00,28.5,0.0,79.9,303.0,3.7
2024-08-16 02:00:00,28.3,0.0,80.5,344.0,3.8
2024-08-16 03:00:00,28.4,0.0,76.4,249.0,3.3
2024-08-16 04:00:00,28.4,0.0,77.2,300.0,3.5
2024-08-16 05:00:00,28.2,0.0,79.6,303.0,3.2
2024-08-16 06:00:00,28.2,0.0,79.7,35.0,4.8
2024-08-16 07:00:00,28.2,0.0,80.2,32.0,4.4
2024-08-16 08:00:00,28.9,0.0,77.9,23.0,4.1
2024-08-16 09:00:00,28.9,0.0,79.1,260.0,3.6
2024-08-16 10:00:00,29.7,0.0,73.5,273.0,4.0
2024-08-16 11:00:00,29.3,0.0,67.6,233.0,5.5
2024-08-16 12:00:00,27.2,0.0,81.8,281.0,3.2
2024-08-16 13:00:00,29.3,0.0,75.6,219.0,6.7
2024-08-16 14:00:00,30.3,0.0,65.0,264.0,4.3
2024-08-16 15:00:00,30.3,0.0,69.7,254.0,4.9
2024-08-16 16:00:00,31.2,0.0,61.8,260.0,4.5
2024-08-16 17:00:00,30.3,0.0,65.7,261.0,4.9
2024-08-16 18:00:00,28.3,0.0,76.1,228.0,6.1
2024-08-16 19:00:00,29.7,0.0,70.4,277.0,4.1
2024-08-16 20:00:00,29.5,0.0,70.5,272.0,3.8
2024-08-16 21:00:00,28.9,0.0,76.9,281.0,4.0
2024-08-16 22:00:00,28.9,0.0,76.9,323.0,4.3
2024-08-16 23:00:00,28.4,0.0,77.7,286.0,3.2
2024-08-17 00:00:00,28.6,0.0,77.8,328.0,4.0
2024-08-17 01:00:00,28.5,0.0,79.0,292.0,3.7
2024-08-17 02:00:00,28.5,0.0,78.3,307.0,4.1
2024-08-17 03:00:00,28.4,0.0,78.2,311.0,3.4
2024-08-17 04:00:00,28.4,0.0,77.5,38.0,4.7
2024-08-17 05:00:00,28.3,0.0,78.5,350.0,3.4
2024-08-17 06:00:00,28.3,0.0,79.0,325.0,3.7
2024-08-17 07:00:00,28.3,0.0,78.0,288.0,3.6
2024-08-17 08:00:00,28.6,0.0,75.7,249.0,3.7
2024-08-17 09:00:00,29.1,0.0,74.5,289.0,3.8
2024-08-17 10:00:00,29.5,0.0,73.9,235.0,5.0
2024-08-17 11:00:00,30.8,0.0,69.7,318.0,4.0
2024-08-17 12:00:00,31.1,0.0,68.4,261.0,4.4
2024-08-17 13:00:00,31.1,0.0,65.9,324.0,4.4
2024-08-17 14:00:00,29.9,0.0,72.0,290.0,4.3
2024-08-17 15:00:00,29.3,0.0,80.5,268.0,4.1
2024-08-17 16:00:00,31.3,0.0,64.1,304.0,4.1
2024-08-17 17:00:00,29.8,0.0,71.7,358.0,4.6
2024-08-17 18:00:00,29.9,0.0,63.7,332.0,3.9
2024-08-17 19:00:00,28.1,0.0,74.5,13.0,4.1
2024-08-17 20:00:00,28.5,0.0,72.9,41.0,4.5
2024-08-17 21:00:00,28.7,0.0,75.2,16.0,3.9
2024-08-17 22:00:00,28.5,0.0,77.3,10.0,2.9
2024-08-17 23:00:00,28.5,0.0,78.1,20.0,3.8
2024-08-18 00:00:00,28.3,0.0,78.3,329.0,3.3
2024-08-18 01:00:00,28.4,0.0,77.9,333.0,3.5
2024-08-18 02:00:00,28.0,0.0,80.0,10.0,2.9
2024-08-18 03:00:00,28.2,0.0,78.4,14.0,3.8
2024-08-18 04:00:00,28.2,0.0,79.1,13.0,4.0
2024-08-18 05:00:00,28.2,0.0,78.6,11.0,3.5
2024-08-18 06:00:00,28.0,0.0,78.7,29.0,4.7
2024-08-18 07:00:00,27.8,0.0,78.9,346.0,3.0
2024-08-18 08:00:00,28.3,0.0,78.1,359.0,3.3
2024-08-18 09:00:00,29.7,0.0,73.1,315.0,4.3
2024-08-18 10:00:00,30.0,0.0,70.0,258.0,4.3
2024-08-18 11:00:00,31.6,0.0,64.8,351.0,4.8
2024-08-18 12:00:00,32.0,0.0,63.7,288.0,4.3
2024-08-18 13:00:00,31.4,0.0,65.2,236.0,5.4
2024-08-18 14:00:00,32.7,0.0,56.3,258.0,4.6
2024-08-18 15:00:00,31.3,0.0,60.9,273.0,4.5
2024-08-18 16:00:00,30.3,0.0,67.8,229.0,5.3
2024-08-18 17:00:00,29.8,0.0,71.3,285.0,4.5
2024-08-18 18:00:00,29.6,0.0,67.6,267.0,3.7
2024-08-18 19:00:00,29.2,0.0,71.8,280.0,3.6
2024-08-18 20:00:00,29.1,0.0,73.9,273.0,4.0
2024-08-18 21:00:00,28.9,0.0,77.2,256.0,4.2
2024-08-18 22:00:00,28.7,0.0,77.1,228.0,4.7
2024-08-18 23:00:00,28.7,0.0,76.4,290.0,3.5
2024-08-19 00:00:00,28.8,0.0,75.3,258.0,3.8
2024-08-19 01:00:00,28.6,0.0,74.7,301.0,3.1
2024-08-19 02:00:00,28.4,0.0,78.3,280.0,3.3
2024-08-19 03:00:00,28.2,0.0,78.0,263.0,3.4
2024-08-19 04:00:00,28.2,0.0,78.7,294.0,3.4
2024-08-19 05:00:00,28.2,0.0,79.1,301.0,3.6
2024-08-19 06:00:00,28.2,0.0,79.7,289.0,3.2
2024-08-19 07:00:00,27.8,0.0,83.1,30.0,4.0
2024-08-19 08:00:00,28.2,0.0,82.6,329.0,3.9
2024-08-19 09:00:00,29.7,0.0,74.4,308.0,3.9
2024-08-19 10:00:00,30.8,0.0,67.4,318.0,3.9
2024-08-19 11:00:00,31.7,0.0,65.0,305.0,4.2
2024-08-19 12:00:00,31.7,0.0,63.0,263.0,4.4
2024-08-19 13:00:00,31.8,0.0,61.3,254.0,4.4
2024-08-19 14:00:00,31.9,0.0,62.6,299.0,4.6
2024-08-19 15:00:00,31.4,0.0,56.4,250.0,5.2
2024-08-19 16:00:00,32.0,0.0,57.8,281.0,4.7
2024-08-19 17:00:00,32.3,0.0,58.7,299.0,4.3
2024-08-19 18:00:00,30.7,0.0,65.1,306.0,4.0
2024-08-19 19:00:00,30.4,0.0,67.1,287.0,4.0
2024-08-19 20:00:00,30.0,0.0,70.7,331.0,3.7
2024-08-19 21:00:00,29.4,0.0,73.7,309.0,4.2
2024-08-19 22:00:00,29.2,0.0,75.8,261.0,3.6
2024-08-19 23:00:00,29.2,0.0,76.1,259.0,3.6
2024-08-20 00:00:00,29.1,0.0,77.0,259.0,3.9
2024-08-20 01:00:00,28.8,0.0,77.3,298.0,3.8
2024-08-20 02:00:00,28.7,0.0,78.8,325.0,3.6
2024-08-20 03:00:00,28.4,0.0,78.9,297.0,3.7
2024-08-20 04:00:00,28.4,0.0,78.6,326.0,3.7
2024-08-20 05:00:00,28.2,0.0,79.7,277.0,3.3
2024-08-20 06:00:00,28.1,0.0,79.2,345.0,3.8
2024-08-20 07:00:00,28.1,0.0,80.3,317.0,2.4
2024-08-20 08:00:00,28.5,0.0,76.6,267.0,3.4
2024-08-20 09:00:00,29.6,0.0,70.4,281.0,3.5
2024-08-20 10:00:00,30.3,0.0,69.7,251.0,4.8
2024-08-20 11:00:00,31.3,0.0,64.2,262.0,4.3
2024-08-20 12:00:00,32.6,0.0,57.8,348.0,4.4
2024-08-20 13:00:00,29.9,0.0,68.0,236.0,7.2
2024-08-20 14:00:00,31.3,0.0,58.1,280.0,4.6
2024-08-20 15:00:00,31.6,0.0,56.5,293.0,3.8
2024-08-20 16:00:00,28.0,0.0,72.4,59.0,7.1
2024-08-20 17:00:00,26.9,0.0,79.6,253.0,3.9
2024-08-20 18:00:00,27.0,0.0,80.1,287.0,5.1
2024-08-20 19:00:00,27.1,0.0,77.1,267.0,4.0
2024-08-20 20:00:00,27.2,0.0,76.3,313.0,3.4
2024-08-20 21:00:00,27.4,0.0,76.1,345.0,2.7
2024-08-20 22:00:00,27.4,0.0,76.1,327.0,3.8
2024-08-20 23:00:00,27.4,0.0,77.2,321.0,4.5
2024-08-21 00:00:00,27.4,0.0,78.3,301.0,4.1
2024-08-21 01:00:00,27.1,0.0,79.4,339.0,4.2
2024-08-21 02:00:00,26.9,0.0,77.6,347.0,3.3
2024-08-21 03:00:00,26.7,0.0,75.2,339.0,4.9
2024-08-21 04:00:00,26.8,0.0,74.9,334.0,4.6
2024-08-21 05:00:00,26.6,0.0,77.3,20.0,4.0
2024-08-21 06:00:00,26.9,0.0,77.3,357.0,2.2
2024-08-21 07:00:00,27.0,0.0,78.6,354.0,3.9
2024-08-21 08:00:00,27.8,0.0,73.6,24.0,3.5
2024-08-21 09:00:00,28.0,0.0,75.1,56.0,5.9
2024-08-21 10:00:00,29.3,0.0,65.3,36.0,5.0
2024-08-21 11:00:00,30.3,0.0,57.1,329.0,4.0
2024-08-21 12:00:00,30.9,0.0,56.7,306.0,3.8
2024-08-21 13:00:00,30.7,0.0,62.4,299.0,4.1
2024-08-21 14:00:00,30.9,0.0,63.7,298.0,4.1
2024-08-21 15:00:00,31.4,0.0,63.3,263.0,5.7
2024-08-21 16:00:00,29.6,0.0,67.2,213.0,8.0
2024-08-21 17:00:00,29.9,0.0,67.3,236.0,6.8
2024-08-21 18:00:00,29.7,0.0,67.3,276.0,4.1
2024-08-21 19:00:00,29.6,0.0,64.9,229.0,5.3
2024-08-21 20:00:00,28.9,0.0,69.1,229.0,4.8
2024-08-21 21:00:00,28.7,0.0,69.8,278.0,3.8
2024-08-21 22:00:00,28.6,0.0,69.3,279.0,3.2
2024-08-21 23:00:00,28.7,0.0,68.4,274.0,3.3
2024-08-22 00:00:00,28.9,0.0,64.1,308.0,3.0
2024-08-22 01:00:00,28.6,0.0,66.3,246.0,2.9
2024-08-22 02:00:00,,0.0,,,
2024-08-22 03:00:00,28.2,0.0,68.7,291.0,3.6
2024-08-22 04:00:00,28.3,0.0,68.1,281.0,3.3
2024-08-22 05:00:00,28.2,0.0,66.0,231.0,3.0
2024-08-22 06:00:00,28.1,0.0,69.6,232.0,2.8
2024-08-22 07:00:00,28.1,0.0,71.0,247.0,3.0
2024-08-22 08:00:00,28.3,0.0,71.7,240.0,2.9
2024-08-22 09:00:00,30.1,0.0,65.7,291.0,3.3
2024-08-22 10:00:00,31.1,0.0,62.2,312.0,3.6
2024-08-22 11:00:00,31.1,0.0,61.8,253.0,4.1
2024-08-22 12:00:00,31.9,0.0,49.0,264.0,4.1
2024-08-22 13:00:00,33.2,0.0,48.6,250.0,4.5
2024-08-22 14:00:00,32.7,0.0,54.1,235.0,5.3
2024-08-22 15:00:00,31.5,0.0,59.7,233.0,5.8
2024-08-22 16:00:00,32.2,0.0,58.7,293.0,4.4
2024-08-22 17:00:00,30.8,0.0,60.0,231.0,6.2
2024-08-22 18:00:00,30.2,0.0,69.2,257.0,4.2
2024-08-22 19:00:00,29.9,0.0,68.1,282.0,4.4
2024-08-22 20:00:00,29.6,0.0,73.0,261.0,4.1
2024-08-22 21:00:00,29.2,0.0,74.5,259.0,3.9
2024-08-22 22:00:00,29.1,0.0,76.3,261.0,3.5
2024-08-22 23:00:00,29.0,0.0,75.7,304.0,3.5
2024-08-23 00:00:00,28.8,0.0,77.1,259.0,3.5
2024-08-23 01:00:00,28.9,0.0,76.2,355.0,3.9
2024-08-23 02:00:00,28.6,0.0,75.2,37.0,4.7
2024-08-23 03:00:00,28.7,0.0,76.3,328.0,3.9
2024-08-23 04:00:00,28.5,0.0,77.8,320.0,3.5
2024-08-23 05:00:00,28.5,0.0,77.1,27.0,4.0
2024-08-23 06:00:00,28.5,0.0,77.5,20.0,3.8
2024-08-23 07:00:00,28.4,0.0,77.4,7.0,3.3
2024-08-23 08:00:00,28.8,0.0,75.9,299.0,3.6
2024-08-23 09:00:00,30.1,0.0,67.5,272.0,4.1
2024-08-23 10:00:00,30.2,0.0,67.6,239.0,4.7
2024-08-23 11:00:00,31.2,0.0,60.4,343.0,4.4
2024-08-23 12:00:00,32.0,0.0,54.6,275.0,4.7
2024-08-23 13:00:00,31.8,0.0,64.3,262.0,4.5
2024-08-23 14:00:00,32.1,0.0,59.8,247.0,5.5
2024-08-23 15:00:00,32.4,0.0,56.4,257.0,5.5
2024-08-23 16:00:00,31.5,0.0,60.6,325.0,5.3
2024-08-23 17:00:00,29.1,0.0,66.0,14.0,6.1
2024-08-23 18:00:00,28.8,0.0,67.7,22.0,7.3
2024-08-23 19:00:00,28.7,0.0,69.2,3.0,3.8
2024-08-23 20:00:00,28.5,0.0,70.7,18.0,4.7
2024-08-23 21:00:00,28.3,0.0,73.2,328.0,3.2
2024-08-23 22:00:00,28.4,0.0,70.1,289.0,3.8
2024-08-23 23:00:00,28.5,0.0,69.0,359.0,2.3
2024-08-24 00:00:00,28.5,0.0,72.6,47.0,5.2
2024-08-24 01:00:00,28.3,0.0,72.0,343.0,4.7
2024-08-24 02:00:00,27.9,0.0,75.4,343.0,3.2
2024-08-24 03:00:00,27.0,0.0,81.1,327.0,5.3
2024-08-24 04:00:00,26.3,0.0,84.7,343.0,5.5
2024-08-24 05:00:00,25.7,0.0,86.3,343.0,6.1
2024-08-24 06:00:00,25.6,0.0,87.4,340.0,4.3
2024-08-24 07:00:00,25.5,0.0,86.9,328.0,5.0
2024-08-24 08:00:00,25.9,0.0,85.1,322.0,4.9
2024-08-24 09:00:00,26.5,0.0,82.0,318.0,4.6
2024-08-24 10:00:00,26.9,0.0,81.4,295.0,4.3
2024-08-24 11:00:00,26.5,0.0,80.7,225.0,6.9
2024-08-24 12:00:00,27.0,0.0,75.2,267.0,6.7
2024-08-24 13:00:00,27.5,0.0,74.0,251.0,5.9
2024-08-24 14:00:00,27.7,0.0,73.1,216.0,7.2
2024-08-24 15:00:00,28.1,0.0,62.2,269.0,7.2
2024-08-24 16:00:00,29.0,0.0,57.0,272.0,4.6
2024-08-24 17:00:00,29.4,0.0,52.1,288.0,5.4
2024-08-24 18:00:00,28.8,0.0,52.7,217.0,5.6
2024-08-24 19:00:00,28.2,0.0,62.8,233.0,4.4
2024-08-24 20:00:00,27.8,0.0,67.4,265.0,3.9
2024-08-24 21:00:00,27.9,0.0,68.8,267.0,3.7
2024-08-24 22:00:00,27.9,0.0,68.3,293.0,3.7
2024-08-24 23:00:00,27.8,0.0,70.8,262.0,2.8
2024-08-25 00:00:00,27.7,0.0,70.5,266.0,2.8
2024-08-25 01:00:00,27.9,0.0,70.4,306.0,4.4
2024-08-25 02:00:00,27.8,0.0,71.6,294.0,3.2
2024-08-25 04:00:00,27.8,0.0,70.8,9.0,2.3
2024-08-25 05:00:00,27.4,0.0,73.5,337.0,3.2
2024-08-25 06:00:00,27.1,0.0,73.7,348.0,3.3
2024-08-25 07:00:00,27.2,0.0,73.1,318.0,4.6
2024-08-25 08:00:00,27.4,0.0,73.7,272.0,3.0
2024-08-25 09:00:00,28.3,0.0,71.6,285.0,3.4
2024-08-25 10:00:00,29.5,0.0,68.4,273.0,4.1
2024-08-25 11:00:00,29.8,0.0,66.8,265.0,4.8
2024-08-25 12:00:00,25.1,0.0,89.2,305.0,3.6
2024-08-25 13:00:00,26.4,0.0,82.6,232.0,4.3
2024-08-25 14:00:00,27.3,0.0,77.8,250.0,4.4
2024-08-25 15:00:00,28.7,0.0,73.4,252.0,4.0
2024-08-25 16:00:00,28.7,0.0,73.5,234.0,5.1
2024-08-25 17:00:00,28.9,0.0,73.2,250.0,4.7
2024-08-25 18:00:00,28.5,0.0,74.7,254.0,4.9
2024-08-25 19:00:00,28.3,0.0,75.7,262.0,3.8
2024-08-25 20:00:00,28.2,0.0,77.1,255.0,4.0
2024-08-25 21:00:00,28.4,0.0,74.4,262.0,3.3
2024-08-25 22:00:00,28.2,0.0,74.1,246.0,3.0
2024-08-25 23:00:00,28.3,0.0,73.9,255.0,3.0
2024-08-26 00:00:00,28.1,0.0,75.6,282.0,2.8
2024-08-26 01:00:00,28.0,0.0,75.9,276.0,3.0
2024-08-26 02:00:00,27.8,0.0,76.0,259.0,2.7
2024-08-26 03:00:00,27.9,0.0,76.6,297.0,3.7
2024-08-26 04:00:00,28.0,0.0,75.5,298.0,3.6
2024-08-26 05:00:00,27.9,0.0,75.8,285.0,2.9
2024-08-26 06:00:00,27.9,0.0,73.9,251.0,2.9
2024-08-26 07:00:00,28.0,0.0,74.6,293.0,3.5
2024-08-26 08:00:00,28.3,0.0,72.5,266.0,3.2
2024-08-26 09:00:00,28.9,0.0,70.3,302.0,4.1
2024-08-26 10:00:00,29.8,0.0,68.7,272.0,3.8
2024-08-26 11:00:00,30.5,0.0,65.3,247.0,4.2
2024-08-26 12:00:00,30.5,0.0,66.8,231.0,6.0
2024-08-26 13:00:00,30.2,0.0,62.0,275.0,4.6
2024-08-26 14:00:00,31.4,0.0,60.1,279.0,4.7
2024-08-26 15:00:00,32.2,0.0,57.5,280.0,5.0
2024-08-26 16:00:00,31.9,0.0,58.0,267.0,5.4
2024-08-26 17:00:00,31.5,0.0,53.9,307.0,4.2
2024-08-26 18:00:00,31.2,0.0,56.2,217.0,6.1
2024-08-26 19:00:00,30.4,0.0,58.9,229.0,4.6
2024-08-26 20:00:00,29.7,0.0,68.1,297.0,4.4
2024-08-26 21:00:00,29.3,0.0,70.4,292.0,3.7
2024-08-26 22:00:00,29.2,0.0,73.6,276.0,3.8
2024-08-26 23:00:00,29.0,0.0,73.5,251.0,3.5
2024-08-27 00:00:00,28.9,0.0,74.4,273.0,3.9
2024-08-27 01:00:00,28.8,0.0,76.9,288.0,3.5
2024-08-27 02:00:00,28.6,0.0,75.8,253.0,3.3
2024-08-27 03:00:00,28.6,0.0,76.0,291.0,3.8
2024-08-27 04:00:00,28.7,0.0,74.8,298.0,3.9
2024-08-27 05:00:00,28.6,0.0,75.7,245.0,3.6
2024-08-27 06:00:00,28.4,0.0,75.2,260.0,3.3
2024-08-27 07:00:00,28.4,0.0,75.5,237.0,3.7
2024-08-27 08:00:00,28.7,0.0,75.4,265.0,3.3
2024-08-27 09:00:00,29.4,0.0,73.5,263.0,4.4
2024-08-27 10:00:00,29.7,0.0,72.0,248.0,5.2
2024-08-27 11:00:00,25.9,0.0,83.4,295.0,5.2
2024-08-27 12:00:00,27.3,0.0,80.4,310.0,5.4
2024-08-27 13:00:00,29.0,0.0,74.1,297.0,6.5
2024-08-27 14:00:00,29.4,0.0,73.4,314.0,4.8
2024-08-27 15:00:00,30.9,0.0,62.5,264.0,6.2
2024-08-27 16:00:00,30.5,0.0,64.5,285.0,6.8
2024-08-27 17:00:00,31.2,0.0,60.0,221.0,7.2
2024-08-27 18:00:00,30.8,0.0,61.3,292.0,5.6
2024-08-27 19:00:00,30.3,0.0,63.7,292.0,4.9
2024-08-27 20:00:00,29.8,0.0,67.0,288.0,4.9
2024-08-27 21:00:00,29.5,0.0,70.6,293.0,4.9
2024-08-27 22:00:00,29.4,0.0,72.1,307.0,4.5
2024-08-27 23:00:00,29.4,0.0,72.9,299.0,4.3
2024-08-28 00:00:00,29.4,0.0,73.6,312.0,4.4
2024-08-28 01:00:00,29.0,0.0,75.4,348.0,3.5
2024-08-28 02:00:00,28.4,0.0,79.5,333.0,3.4
2024-08-28 03:00:00,26.2,0.2,78.1,295.0,6.3
2024-08-28 04:00:00,24.6,0.0,89.3,353.0,8.5
2024-08-28 05:00:00,25.3,0.0,89.0,332.0,6.7
2024-08-28 06:00:00,24.7,0.0,79.4,315.0,8.3
2024-08-28 07:00:00,24.5,0.0,83.3,335.0,5.7
2024-08-28 08:00:00,25.0,0.0,79.9,347.0,4.0
2024-08-28 09:00:00,26.0,0.0,75.5,344.0,4.0
2024-08-28 10:00:00,28.4,0.0,66.4,329.0,4.5
2024-08-28 11:00:00,29.9,0.0,63.1,318.0,4.9
2024-08-28 12:00:00,31.4,0.0,50.9,283.0,4.8
2024-08-28 13:00:00,32.9,0.0,47.2,305.0,6.2
2024-08-28 14:00:00,33.3,0.0,44.0,280.0,4.5
2024-08-28 15:00:00,31.1,0.0,55.7,248.0,5.0
2024-08-28 16:00:00,31.4,0.0,56.1,270.0,4.6
2024-08-28 17:00:00,32.0,0.0,54.1,312.0,5.7
2024-08-28 18:00:00,31.4,0.0,56.0,252.0,4.7
2024-08-28 19:00:00,30.1,0.0,63.0,278.0,4.7
2024-08-28 20:00:00,29.6,0.0,68.1,274.0,4.1
2024-08-28 21:00:00,29.4,0.0,65.9,257.0,4.2
2024-08-28 22:00:00,29.2,0.0,66.4,241.0,4.2
2024-08-28 23:00:00,28.8,0.0,70.2,250.0,4.0
2024-08-29 00:00:00,28.7,0.0,70.8,246.0,3.2
2024-08-29 01:00:00,28.5,0.0,68.7,251.0,3.3
2024-08-29 02:00:00,28.5,0.0,65.9,288.0,3.5
2024-08-29 03:00:00,28.4,0.0,66.7,229.0,3.3
2024-08-29 04:00:00,28.2,0.0,69.0,302.0,3.1
2024-08-29 05:00:00,28.0,0.0,69.8,15.0,2.8
2024-08-29 06:00:00,27.3,0.0,76.4,13.0,3.5
2024-08-29 07:00:00,27.2,0.0,75.5,23.0,4.4
2024-08-29 08:00:00,27.6,0.0,74.5,19.0,3.6
2024-08-29 09:00:00,29.1,0.0,69.3,322.0,3.2
2024-08-29 10:00:00,29.9,0.0,65.1,282.0,3.9
2024-08-29 11:00:00,30.5,0.0,62.3,279.0,5.5
2024-08-29 12:00:00,30.8,0.0,63.5,251.0,5.3
2024-08-29 13:00:00,30.2,0.0,65.7,219.0,7.1
2024-08-29 14:00:00,31.2,0.0,55.5,210.0,7.8
2024-08-29 15:00:00,30.8,0.0,57.1,238.0,6.2
2024-08-29 16:00:00,30.9,0.0,59.6,239.0,5.3
2024-08-29 17:00:00,31.2,0.0,58.0,255.0,5.1
2024-08-29 18:00:00,30.3,0.0,61.0,255.0,4.6
2024-08-29 19:00:00,29.9,0.0,61.6,238.0,4.4
2024-08-29 20:00:00,29.8,0.0,60.1,257.0,4.2
2024-08-29 21:00:00,29.6,0.0,58.3,224.0,5.0
2024-08-29 22:00:00,29.2,0.0,63.7,256.0,3.4
2024-08-29 23:00:00,29.1,0.0,63.9,287.0,3.5
2024-08-30 00:00:00,28.9,0.0,67.2,255.0,3.1
2024-08-30 01:00:00,28.7,0.0,68.4,271.0,3.2
2024-08-30 02:00:00,28.4,0.0,71.5,1.0,3.4
2024-08-30 03:00:00,28.3,0.0,74.9,248.0,3.1
2024-08-30 04:00:00,28.3,0.0,75.7,241.0,3.6
2024-08-30 05:00:00,28.3,0.0,75.6,250.0,3.6
2024-08-30 06:00:00,28.3,0.0,76.3,279.0,3.5
2024-08-30 07:00:00,28.2,0.0,77.4,256.0,3.0
2024-08-30 08:00:00,28.5,0.0,75.5,248.0,3.4
2024-08-30 09:00:00,29.0,0.0,71.5,242.0,4.2
2024-08-30 10:00:00,30.2,0.0,65.8,280.0,4.2
2024-08-30 11:00:00,30.3,0.0,67.2,247.0,4.6
2024-08-30 12:00:00,32.0,0.0,59.0,267.0,4.8
2024-08-30 13:00:00,31.2,0.0,61.3,219.0,7.6
2024-08-30 14:00:00,32.8,0.0,51.5,272.0,5.7
2024-08-30 15:00:00,32.3,0.0,51.2,239.0,5.8
2024-08-30 16:00:00,32.7,0.0,53.6,244.0,5.2
2024-08-30 17:00:00,31.3,0.0,56.5,260.0,4.0
2024-08-30 18:00:00,31.0,0.0,62.3,310.0,3.8
2024-08-30 19:00:00,30.2,0.0,67.2,269.0,4.2
2024-08-30 20:00:00,29.8,0.0,71.2,280.0,3.8
2024-08-30 21:00:00,29.5,0.0,70.4,284.0,3.8
2024-08-30 22:00:00,29.2,0.0,72.2,237.0,4.8
2024-08-30 23:00:00,29.2,0.0,71.3,293.0,3.6
2024-08-31 00:00:00,29.0,0.0,71.2,303.0,3.6
2024-08-31 01:00:00,28.9,0.0,73.2,249.0,3.8
2024-08-31 02:00:00,28.6,0.0,75.3,268.0,3.5
2024-08-31 03:00:00,28.4,0.0,76.4,244.0,3.5
2024-08-31 04:00:00,28.3,0.0,77.3,233.0,4.0
2024-08-31 05:00:00,28.3,0.0,77.5,264.0,3.7
2024-08-31 06:00:00,28.2,0.0,78.0,268.0,3.4
2024-08-31 07:00:00,28.3,0.0,77.9,244.0,4.0
2024-08-31 08:00:00,28.7,0.0,74.4,251.0,4.1
2024-08-31 09:00:00,29.4,0.0,71.5,235.0,5.6
2024-08-31 10:00:00,30.5,0.0,66.9,249.0,4.9
2024-08-31 11:00:00,30.9,0.0,63.7,300.0,5.7
2024-08-31 12:00:00,32.6,0.0,57.4,256.0,4.8
2024-08-31 13:00:00,32.6,0.0,57.4,283.0,5.6
2024-08-31 14:00:00,33.0,0.0,54.5,241.0,5.7
2024-08-31 15:00:00,33.1,0.0,53.3,278.0,6.5
2024-08-31 16:00:00,31.9,0.0,52.6,203.0,8.60001
2024-08-31 17:00:00,31.0,0.0,61.0,243.0,5.0
2024-08-31 18:00:00,30.7,0.0,67.4,299.0,3.9
2024-08-31 19:00:00,30.3,0.0,69.1,309.0,4.1
2024-08-31 20:00:00,29.6,0.0,73.4,308.0,4.0
2024-08-31 21:00:00,29.3,0.0,70.8,42.0,4.5
2024-08-31 22:00:00,28.5,0.0,71.3,50.0,7.0
2024-08-31 23:00:00,28.3,0.0,73.0,37.0,5.2
2024-09-01 00:00:00,28.7,0.0,77.5,303.0,3.7
2024-09-01 01:00:00,28.6,0.0,78.8,282.0,3.4
2024-09-01 02:00:00,28.6,0.0,79.7,318.0,3.6
2024-09-01 03:00:00,28.5,0.0,79.6,36.0,4.6
2024-09-01 04:00:00,28.4,0.0,79.4,26.0,4.2
2024-09-01 05:00:00,27.8,0.0,82.8,38.0,6.3
2024-09-01 06:00:00,28.2,0.0,79.7,264.0,3.6
2024-09-01 07:00:00,28.1,0.0,79.5,284.0,3.4
2024-09-01 08:00:00,28.4,0.0,78.0,285.0,3.4
2024-09-01 09:00:00,30.0,0.0,71.2,313.0,4.0
2024-09-01 10:00:00,30.0,0.0,70.1,301.0,4.1
2024-09-01 11:00:00,30.9,0.0,66.8,270.0,4.5
2024-09-01 12:00:00,31.8,0.0,60.2,260.0,4.4
2024-09-01 13:00:00,32.6,0.0,57.9,264.0,4.5
2024-09-01 14:00:00,33.4,0.0,55.1,256.0,5.7
2024-09-01 15:00:00,32.7,0.0,57.5,249.0,5.2
2024-09-01 16:00:00,33.5,0.0,56.3,274.0,5.0
2024-09-01 17:00:00,32.9,0.0,54.4,232.0,6.4
2024-09-01 18:00:00,31.7,0.0,59.7,226.0,5.9
2024-09-01 19:00:00,31.2,0.0,58.0,300.0,3.8
2024-09-01 20:00:00,30.9,0.0,61.2,275.0,3.6
2024-09-01 21:00:00,30.0,0.0,73.9,279.0,3.7
2024-09-01 22:00:00,29.8,0.0,76.0,325.0,4.0
2024-09-01 23:00:00,29.6,0.0,76.9,299.0,3.9
2024-09-02 00:00:00,29.2,0.0,78.3,232.0,4.5
2024-09-02 01:00:00,29.1,0.0,80.1,308.0,3.8
2024-09-02 02:00:00,29.1,0.0,79.8,316.0,4.1
2024-09-02 03:00:00,28.9,0.0,79.3,265.0,3.7
2024-09-02 04:00:00,28.8,0.0,78.3,283.0,3.8
2024-09-02 05:00:00,28.7,0.0,78.7,280.0,3.7
2024-09-02 06:00:00,28.7,0.0,76.7,284.0,3.6
2024-09-02 07:00:00,28.7,0.0,76.5,239.0,4.7
2024-09-02 08:00:00,29.0,0.0,76.9,248.0,4.5
2024-09-02 09:00:00,29.7,0.0,75.7,271.0,4.2
2024-09-02 10:00:00,30.8,0.0,69.5,262.0,5.3
2024-09-02 11:00:00,31.5,0.0,63.6,251.0,5.0
2024-09-02 12:00:00,32.2,0.0,61.4,244.0,5.7
2024-09-02 13:00:00,32.7,0.0,57.3,254.0,5.0
2024-09-02 14:00:00,34.0,0.0,51.7,257.0,5.5
2024-09-02 15:00:00,33.4,0.0,53.7,242.0,6.3
2024-09-02 16:00:00,33.4,0.0,52.7,221.0,6.7
2024-09-02 17:00:00,33.0,0.0,56.8,257.0,5.0
2024-09-02 18:00:00,31.9,0.0,58.7,250.0,5.0
2024-09-02 19:00:00,31.1,0.0,63.4,229.0,5.8
2024-09-02 20:00:00,30.6,0.0,68.9,244.0,4.7
2024-09-02 21:00:00,29.8,0.0,77.4,248.0,4.7
2024-09-02 22:00:00,29.7,0.0,77.7,282.0,3.9
2024-09-02 23:00:00,29.6,0.0,77.1,284.0,3.8
2024-09-03 00:00:00,29.6,0.0,72.0,280.0,3.8
2024-09-03 01:00:00,29.5,0.0,67.9,277.0,3.7
2024-09-03 02:00:00,29.4,0.0,70.4,300.0,3.7
2024-09-03 03:00:00,29.1,0.0,73.9,298.0,3.7
2024-09-03 04:00:00,28.9,0.0,74.6,307.0,3.9
2024-09-03 05:00:00,28.8,0.0,76.7,254.0,3.8
2024-09-03 06:00:00,28.7,0.0,78.5,262.0,3.5
2024-09-03 07:00:00,28.8,0.0,79.3,294.0,3.7
2024-09-03 08:00:00,29.2,0.0,78.6,299.0,3.8
2024-09-03 09:00:00,30.2,0.0,75.2,270.0,4.0
2024-09-03 10:00:00,30.7,0.0,74.1,254.0,4.8
2024-09-03 11:00:00,31.8,0.0,67.0,253.0,4.7
2024-09-03 12:00:00,31.9,0.0,64.2,237.0,6.5
2024-09-03 13:00:00,27.5,0.0,81.6,316.0,6.6
2024-09-03 14:00:00,30.7,0.0,66.2,320.0,6.4
2024-09-03 15:00:00,30.7,0.0,70.1,338.0,5.9
2024-09-03 16:00:00,31.5,0.0,65.7,315.0,3.6
2024-09-03 17:00:00,32.1,0.0,61.6,278.0,4.5
2024-09-03 18:00:00,31.1,0.0,64.7,256.0,4.5
2024-09-03 19:00:00,30.7,0.0,65.6,305.0,4.5
2024-09-03 20:00:00,30.4,0.0,68.6,24.0,3.7
2024-09-03 21:00:00,30.2,0.0,70.4,26.0,4.2
2024-09-03 22:00:00,29.7,0.0,72.1,318.0,4.0
2024-09-03 23:00:00,29.6,0.0,72.6,326.0,3.5
2024-09-04 00:00:00,28.9,0.0,77.3,48.0,6.2
2024-09-04 01:00:00,28.4,0.0,82.1,51.0,6.6
2024-09-04 02:00:00,28.3,0.0,82.9,18.0,3.7
2024-09-04 03:00:00,28.6,0.0,78.3,30.0,4.4
2024-09-04 04:00:00,28.5,0.0,79.0,335.0,3.7
2024-09-04 05:00:00,28.6,0.0,78.2,36.0,5.0
2024-09-04 06:00:00,28.6,0.0,77.9,34.0,4.3
2024-09-04 07:00:00,28.6,0.0,77.9,29.0,4.8
2024-09-04 08:00:00,29.0,0.0,77.3,334.0,3.5
2024-09-04 09:00:00,29.9,0.0,73.7,328.0,4.2
2024-09-04 10:00:00,26.3,0.2,80.9,289.0,8.39999
2024-09-04 11:00:00,25.0,0.6,86.7,277.0,8.10001
2024-09-04 12:00:00,24.5,0.2,87.8,290.0,6.4
2024-09-04 13:00:00,25.8,0.0,82.8,299.0,5.6
2024-09-04 14:00:00,27.5,0.0,78.0,253.0,5.4
2024-09-04 15:00:00,27.5,0.0,75.0,242.0,5.3
2024-09-04 16:00:00,29.3,0.0,66.9,254.0,4.0
2024-09-04 17:00:00,30.1,0.0,59.2,271.0,3.9
2024-09-04 18:00:00,29.6,0.0,59.1,305.0,4.2
2024-09-04 19:00:00,29.1,0.0,61.8,319.0,4.1
2024-09-04 20:00:00,28.8,0.0,63.2,316.0,4.4
2024-09-04 21:00:00,28.4,0.0,66.5,328.0,4.4
2024-09-04 22:00:00,28.2,0.0,68.7,316.0,3.1
2024-09-04 23:00:00,28.1,0.0,71.2,333.0,3.6
2024-09-05 00:00:00,28.0,0.0,73.8,290.0,3.3
2024-09-05 01:00:00,27.7,0.0,75.1,326.0,4.9
2024-09-05 02:00:00,27.7,0.0,75.2,323.0,5.0
2024-09-05 03:00:00,27.2,0.0,77.8,338.0,3.5
2024-09-05 04:00:00,27.4,0.0,78.8,323.0,4.4
2024-09-05 05:00:00,27.5,0.0,78.6,357.0,2.3
2024-09-05 06:00:00,27.3,0.0,79.2,6.0,3.4
2024-09-05 07:00:00,27.1,0.0,82.7,346.0,4.1
2024-09-05 08:00:00,27.8,0.0,80.8,321.0,5.1
2024-09-05 09:00:00,29.1,0.0,73.9,240.0,3.9
2024-09-05 10:00:00,30.1,0.0,67.5,293.0,6.2
2024-09-05 11:00:00,30.2,0.0,67.7,289.0,4.3
2024-09-05 12:00:00,31.3,0.0,62.1,251.0,5.8
2024-09-05 13:00:00,31.9,0.0,59.2,250.0,5.4
2024-09-05 14:00:00,32.0,0.0,56.6,250.0,4.7
2024-09-05 15:00:00,31.8,0.0,58.4,240.0,6.2
2024-09-05 16:00:00,32.1,0.0,58.0,273.0,6.0
2024-09-05 17:00:00,31.5,0.0,63.0,225.0,7.2
2024-09-05 18:00:00,31.2,0.0,62.4,246.0,5.9
2024-09-05 19:00:00,30.0,0.0,67.4,228.0,5.7
2024-09-05 20:00:00,29.5,0.0,69.0,242.0,5.2
2024-09-05 21:00:00,29.2,0.0,71.9,239.0,4.4
2024-09-05 22:00:00,29.2,0.0,71.3,229.0,4.9
2024-09-05 23:00:00,29.0,0.0,72.2,271.0,3.7
2024-09-06 00:00:00,29.0,0.0,73.2,272.0,3.6
2024-09-06 01:00:00,28.9,0.0,73.5,254.0,3.4
2024-09-06 02:00:00,28.8,0.0,74.1,265.0,4.2
2024-09-06 03:00:00,28.7,0.0,75.9,260.0,3.4
2024-09-06 04:00:00,28.5,0.0,77.5,241.0,3.7
2024-09-06 05:00:00,28.3,0.0,80.3,305.0,3.5
2024-09-06 06:00:00,28.3,0.0,80.2,283.0,3.6
2024-09-06 07:00:00,28.5,0.0,78.8,276.0,3.6
2024-09-06 08:00:00,28.9,0.0,75.7,250.0,4.2
2024-09-06 09:00:00,29.7,0.0,72.7,282.0,3.9
2024-09-06 10:00:00,30.1,0.0,71.1,297.0,4.2
2024-09-06 11:00:00,31.0,0.0,67.7,244.0,4.9
2024-09-06 12:00:00,31.1,0.0,65.9,243.0,6.0
2024-09-06 13:00:00,32.1,0.0,59.8,251.0,5.1
2024-09-06 14:00:00,31.4,0.0,68.2,285.0,4.4
2024-09-06 15:00:00,32.6,0.0,57.7,285.0,4.5
2024-09-06 16:00:00,32.9,0.0,57.1,243.0,6.6
2024-09-06 17:00:00,32.2,0.0,55.6,230.0,5.9
2024-09-06 18:00:00,31.7,0.0,65.1,262.0,4.3
2024-09-06 19:00:00,30.5,0.0,68.0,240.0,5.2
2024-09-06 20:00:00,29.8,0.0,71.9,290.0,3.6
2024-09-06 21:00:00,29.5,0.0,72.1,260.0,4.0
2024-09-06 22:00:00,29.5,0.0,75.2,272.0,4.0
2024-09-06 23:00:00,29.4,0.0,76.1,299.0,4.1
2024-09-07 00:00:00,29.4,0.0,74.1,295.0,3.9
2024-09-07 01:00:00,29.3,0.0,75.8,265.0,3.9
2024-09-07 02:00:00,29.1,0.0,76.0,272.0,3.4
2024-09-07 03:00:00,28.9,0.0,77.3,260.0,3.5
2024-09-07 04:00:00,28.7,0.0,79.0,277.0,3.8
2024-09-07 05:00:00,28.7,0.0,79.0,287.0,3.7
2024-09-07 06:00:00,28.7,0.0,79.5,253.0,3.6
2024-09-07 07:00:00,28.9,0.0,79.3,283.0,3.6
2024-09-07 08:00:00,29.4,0.0,76.9,259.0,3.9
2024-09-07 09:00:00,30.2,0.0,72.3,283.0,4.2
2024-09-07 10:00:00,30.5,0.0,71.3,240.0,5.3
2024-09-07 11:00:00,31.2,0.0,68.4,266.0,5.1
2024-09-07 12:00:00,29.2,0.0,71.6,300.0,5.9
2024-09-07 13:00:00,31.5,0.0,65.6,241.0,5.2
2024-09-07 14:00:00,33.1,0.0,56.6,242.0,6.6
2024-09-07 15:00:00,32.2,0.0,60.3,232.0,6.2
2024-09-07 16:00:00,32.8,0.0,59.3,303.0,4.4
2024-09-07 17:00:00,33.0,0.0,48.8,273.0,5.7
2024-09-07 18:00:00,32.1,0.0,53.2,262.0,4.8
2024-09-07 19:00:00,30.5,0.0,67.5,257.0,4.5
2024-09-07 20:00:00,30.1,0.0,66.9,278.0,4.5
2024-09-07 21:00:00,29.8,0.0,69.1,274.0,4.5
2024-09-07 22:00:00,29.7,0.0,70.8,248.0,4.2
2024-09-07 23:00:00,29.7,0.0,73.2,278.0,4.0
2024-09-08 00:00:00,29.6,0.0,73.7,290.0,3.9
2024-09-08 01:00:00,29.3,0.0,75.4,281.0,4.1
2024-09-08 02:00:00,29.2,0.0,75.6,260.0,3.7
2024-09-08 03:00:00,29.0,0.0,76.5,267.0,3.7
2024-09-08 04:00:00,29.1,0.0,74.0,254.0,3.7
2024-09-08 05:00:00,28.9,0.0,75.9,256.0,3.9
2024-09-08 06:00:00,28.9,0.0,76.4,261.0,3.6
2024-09-08 07:00:00,29.0,0.0,72.7,269.0,3.8
2024-09-08 08:00:00,29.2,0.0,74.3,240.0,4.3
2024-09-08 09:00:00,29.8,0.0,71.1,261.0,3.8
2024-09-08 10:00:00,30.6,0.0,65.8,256.0,4.7
2024-09-08 11:00:00,31.0,0.0,64.9,283.0,4.7
2024-09-08 12:00:00,31.5,0.0,62.9,279.0,4.4
2024-09-08 13:00:00,29.8,0.0,69.4,263.0,4.7
2024-09-08 14:00:00,27.4,0.0,67.6,267.0,4.0
2024-09-08 15:00:00,29.2,0.0,62.5,7.0,3.7
2024-09-08 16:00:00,29.0,0.0,68.2,6.0,5.2
2024-09-08 17:00:00,29.3,0.0,66.2,27.0,5.5
2024-09-08 18:00:00,29.5,0.0,65.1,356.0,4.3
2024-09-08 19:00:00,29.2,0.0,67.0,312.0,4.6
2024-09-08 20:00:00,28.0,0.0,78.3,286.0,4.2
2024-09-08 21:00:00,28.1,0.0,75.1,240.0,3.8
2024-09-08 22:00:00,28.0,0.0,76.1,256.0,4.0
2024-09-08 23:00:00,28.0,0.0,73.6,228.0,4.0
2024-09-09 00:00:00,28.0,0.0,76.3,278.0,3.4
2024-09-09 01:00:00,28.2,0.0,75.1,325.0,3.8
2024-09-09 02:00:00,28.4,0.0,74.4,300.0,4.5
2024-09-09 03:00:00,28.1,0.0,75.9,283.0,3.2
2024-09-09 04:00:00,28.2,0.0,76.6,285.0,3.3
2024-09-09 05:00:00,28.1,0.0,78.9,335.0,4.0
2024-09-09 06:00:00,28.2,0.0,79.8,289.0,3.5
2024-09-09 07:00:00,28.2,0.0,75.6,318.0,4.3
2024-09-09 08:00:00,28.4,0.0,78.4,359.0,3.2
2024-09-09 09:00:00,28.6,0.0,76.3,337.0,4.8
2024-09-09 10:00:00,29.9,0.0,70.5,327.0,4.2
2024-09-09 11:00:00,31.6,0.0,61.7,22.0,4.5
2024-09-09 12:00:00,31.4,0.0,61.5,277.0,4.5
2024-09-09 13:00:00,31.0,0.0,59.3,267.0,4.4
2024-09-09 14:00:00,29.4,0.0,70.0,221.0,6.9
2024-09-09 15:00:00,28.5,0.0,73.4,258.0,4.1
2024-09-09 16:00:00,28.3,0.0,75.9,265.0,4.5
2024-09-09 17:00:00,27.8,0.2,74.3,284.0,3.5
2024-09-09 18:00:00,27.3,0.0,81.5,243.0,4.2
2024-09-09 19:00:00,27.5,0.0,81.8,250.0,3.5
2024-09-09 20:00:00,27.4,0.0,80.8,287.0,3.4
2024-09-09 21:00:00,27.7,0.0,81.7,267.0,3.3
2024-09-09 22:00:00,27.4,0.0,81.6,262.0,4.0
2024-09-09 23:00:00,27.2,0.0,80.4,242.0,4.2
2024-09-10 00:00:00,27.2,0.0,81.7,260.0,3.3
2024-09-10 01:00:00,27.3,0.0,81.7,240.0,4.0
2024-09-10 02:00:00,27.3,0.0,82.0,254.0,3.6
2024-09-10 03:00:00,27.4,0.0,80.2,260.0,3.6
2024-09-10 04:00:00,27.3,0.0,76.2,301.0,5.3
2024-09-10 05:00:00,24.2,0.0,90.1,333.0,5.9
2024-09-10 06:00:00,24.6,0.2,89.8,341.0,6.3
2024-09-10 07:00:00,25.0,0.2,88.2,334.0,5.5
2024-09-10 08:00:00,25.5,0.0,87.5,354.0,3.6
2024-09-10 09:00:00,26.8,0.0,83.3,274.0,3.3
2024-09-10 10:00:00,28.0,0.0,78.4,246.0,4.9
2024-09-10 11:00:00,28.5,0.0,71.5,241.0,5.2
2024-09-10 12:00:00,29.4,0.0,72.1,269.0,4.2
2024-09-10 13:00:00,30.7,0.0,67.4,278.0,5.2
2024-09-10 14:00:00,30.5,0.0,63.9,298.0,4.8
2024-09-10 15:00:00,30.1,0.0,61.0,255.0,4.8
2024-09-10 16:00:00,30.7,0.0,62.3,297.0,4.6
2024-09-10 17:00:00,32.1,0.0,56.1,319.0,4.4
2024-09-10 18:00:00,31.1,0.0,60.9,319.0,6.0
2024-09-10 19:00:00,30.2,0.0,64.9,323.0,5.2
2024-09-10 20:00:00,29.5,0.0,70.0,252.0,3.8
2024-09-10 21:00:00,29.5,0.0,69.4,307.0,3.7
2024-09-10 22:00:00,29.3,0.0,68.3,320.0,5.3
2024-09-10 23:00:00,29.0,0.0,72.6,334.0,4.1
2024-09-11 00:00:00,28.7,0.0,74.2,317.0,5.2
2024-09-11 01:00:00,28.5,0.0,74.3,318.0,5.2
2024-09-11 02:00:00,28.3,0.0,75.1,335.0,3.7
2024-09-11 03:00:00,28.3,0.0,74.4,347.0,2.6
2024-09-11 04:00:00,28.4,0.0,74.7,3.0,3.3
2024-09-11 05:00:00,28.5,0.0,78.7,274.0,3.4
2024-09-11 06:00:00,28.7,0.0,76.2,314.0,4.6
2024-09-11 07:00:00,28.7,0.0,75.7,253.0,3.1
2024-09-11 08:00:00,29.0,0.0,75.3,301.0,4.0
2024-09-11 09:00:00,29.7,0.0,74.5,271.0,4.1
2024-09-11 10:00:00,31.5,0.0,67.5,262.0,3.6
2024-09-11 11:00:00,31.7,0.0,63.1,259.0,4.8
2024-09-11 12:00:00,31.7,0.0,59.9,228.0,5.4
2024-09-11 13:00:00,32.3,0.0,56.0,305.0,5.5
2024-09-11 14:00:00,33.3,0.0,53.4,231.0,5.5
2024-09-11 15:00:00,30.8,0.0,67.3,233.0,6.1
2024-09-11 16:00:00,29.4,0.0,69.9,234.0,6.2
2024-09-11 17:00:00,28.0,0.0,74.1,344.0,4.6
2024-09-11 18:00:00,27.4,0.0,74.7,337.0,5.3
2024-09-11 19:00:00,28.3,0.0,68.3,278.0,2.9
2024-09-11 20:00:00,28.5,0.0,76.3,268.0,3.5
2024-09-11 21:00:00,28.7,0.0,75.9,259.0,3.3
2024-09-11 22:00:00,28.6,0.0,78.6,265.0,3.2
2024-09-11 23:00:00,28.6,0.0,79.1,263.0,3.9
2024-09-12 00:00:00,28.5,0.0,78.6,279.0,3.4
2024-09-12 01:00:00,28.6,0.0,78.5,237.0,4.0
2024-09-12 02:00:00,28.6,0.0,79.3,268.0,3.4
2024-09-12 03:00:00,25.5,0.2,82.9,327.0,5.0
2024-09-12 04:00:00,26.1,0.0,82.8,307.0,4.9
2024-09-12 05:00:00,27.0,0.0,84.2,306.0,4.5
2024-09-12 06:00:00,27.2,0.0,84.0,321.0,4.9
2024-09-12 07:00:00,27.3,0.0,83.5,277.0,3.6
2024-09-12 08:00:00,27.7,0.0,80.5,292.0,4.3
2024-09-12 09:00:00,28.7,0.0,73.3,290.0,4.4
2024-09-12 10:00:00,29.0,0.0,71.1,266.0,5.6
2024-09-12 11:00:00,29.8,0.0,66.7,284.0,5.5
2024-09-12 12:00:00,29.3,0.0,69.6,275.0,6.5
2024-09-12 13:00:00,30.3,0.0,65.8,275.0,5.3
2024-09-12 14:00:00,30.3,0.0,64.5,220.0,7.0
2024-09-12 15:00:00,30.6,0.0,62.6,268.0,5.4
2024-09-12 16:00:00,30.6,0.0,61.1,243.0,5.5
2024-09-12 17:00:00,31.6,0.0,53.0,289.0,6.0
2024-09-12 18:00:00,30.5,0.0,56.4,277.0,4.9
2024-09-12 19:00:00,30.0,0.0,62.1,255.0,4.2
2024-09-12 20:00:00,29.1,0.0,71.3,224.0,5.5
2024-09-12 21:00:00,28.9,0.0,71.5,221.0,5.3
2024-09-12 22:00:00,28.8,0.0,72.7,284.0,4.4
2024-09-12 23:00:00,28.9,0.0,71.3,271.0,4.5
2024-09-13 00:00:00,28.7,0.0,72.6,259.0,4.3
2024-09-13 01:00:00,28.5,0.0,75.2,290.0,4.1
2024-09-13 02:00:00,28.5,0.0,76.4,295.0,4.6
2024-09-13 03:00:00,28.4,0.0,74.9,296.0,4.4
2024-09-13 04:00:00,28.6,0.0,69.3,315.0,4.6
2024-09-13 05:00:00,28.3,0.0,73.2,316.0,4.6
2024-09-13 06:00:00,28.1,0.0,75.5,330.0,3.5
2024-09-13 07:00:00,28.2,0.0,76.6,314.0,4.2
2024-09-13 08:00:00,28.7,0.0,73.1,278.0,4.3
2024-09-13 09:00:00,29.4,0.0,66.5,282.0,4.9
2024-09-13 10:00:00,30.0,0.0,66.5,229.0,5.2
2024-09-13 11:00:00,31.3,0.0,60.4,247.0,5.3
2024-09-13 12:00:00,31.5,0.0,59.6,271.0,5.9
2024-09-13 13:00:00,31.4,0.0,59.8,243.0,5.8
2024-09-13 14:00:00,32.7,0.0,55.1,290.0,6.0
2024-09-13 15:00:00,31.8,0.0,58.2,271.0,6.7
2024-09-13 16:00:00,31.9,0.0,53.5,256.0,5.9
2024-09-13 17:00:00,31.3,0.0,59.0,248.0,5.9
2024-09-13 18:00:00,30.7,0.0,60.3,256.0,5.2
2024-09-13 19:00:00,30.1,0.0,64.1,231.0,5.0
2024-09-13 20:00:00,29.6,0.0,69.6,239.0,4.6
2024-09-13 21:00:00,29.3,0.0,71.0,246.0,4.3
2024-09-13 22:00:00,29.4,0.0,71.0,259.0,3.8
2024-09-13 23:00:00,29.5,0.0,70.6,252.0,3.4
2024-09-14 00:00:00,29.3,0.0,71.9,275.0,3.8
2024-09-14 01:00:00,29.1,0.0,72.8,267.0,3.3
2024-09-14 02:00:00,29.1,0.0,72.1,272.0,3.6
2024-09-14 03:00:00,29.0,0.0,73.6,289.0,3.9
2024-09-14 04:00:00,23.9,2.2,91.9,320.0,8.2
2024-09-14 05:00:00,23.9,0.4,93.8,26.0,5.5
2024-09-14 06:00:00,24.1,0.2,93.4,50.0,4.4
2024-09-14 07:00:00,25.2,0.0,88.9,284.0,3.7
2024-09-14 08:00:00,25.4,0.2,88.3,269.0,4.6
2024-09-14 09:00:00,25.2,0.2,88.2,276.0,4.2
2024-09-14 10:00:00,26.5,0.0,80.9,301.0,5.6
2024-09-14 11:00:00,27.8,0.0,76.1,243.0,4.8
2024-09-14 12:00:00,29.0,0.0,70.6,245.0,5.0
2024-09-14 13:00:00,29.1,0.0,70.0,260.0,4.6
2024-09-14 14:00:00,29.6,0.0,66.4,262.0,4.4
2024-09-14 15:00:00,30.3,0.0,62.0,278.0,4.3
2024-09-14 16:00:00,30.3,0.0,61.1,263.0,4.9
2024-09-14 17:00:00,31.5,0.0,59.3,323.0,4.4
2024-09-14 18:00:00,31.2,0.0,53.0,277.0,4.5
2024-09-14 19:00:00,30.2,0.0,55.6,269.0,4.2
2024-09-14 20:00:00,29.8,0.0,55.8,282.0,3.8
2024-09-14 21:00:00,29.4,0.0,61.8,288.0,3.8
2024-09-14 22:00:00,29.1,0.0,69.1,323.0,4.1
2024-09-14 23:00:00,28.9,0.0,66.8,335.0,3.4
2024-09-15 00:00:00,28.9,0.0,69.9,319.0,3.8
2024-09-15 01:00:00,28.9,0.0,70.7,256.0,4.1
2024-09-15 02:00:00,28.6,0.0,74.9,294.0,4.0
2024-09-15 03:00:00,28.4,0.0,76.0,22.0,4.3
2024-09-15 04:00:00,27.9,0.0,76.7,346.0,2.9
2024-09-15 05:00:00,27.7,0.0,76.9,341.0,2.5
2024-09-15 06:00:00,27.8,0.0,76.8,350.0,1.7
2024-09-15 07:00:00,28.1,0.0,76.3,270.0,3.0
2024-09-15 08:00:00,28.6,0.0,74.2,265.0,3.4
2024-09-15 09:00:00,29.5,0.0,72.0,267.0,3.8
2024-09-15 10:00:00,29.6,0.0,64.6,278.0,4.3
2024-09-15 11:00:00,27.2,0.0,84.9,325.0,4.3
2024-09-15 12:00:00,26.5,1.4,85.5,280.0,6.2
2024-09-15 13:00:00,26.6,0.0,86.0,293.0,4.1
2024-09-15 14:00:00,28.4,0.0,76.4,275.0,3.5
2024-09-15 15:00:00,29.0,0.0,71.5,235.0,5.0
2024-09-15 16:00:00,29.1,0.0,68.9,278.0,4.9
2024-09-15 17:00:00,29.5,0.0,67.0,219.0,5.5
2024-09-15 18:00:00,29.4,0.0,64.1,290.0,4.6
2024-09-15 19:00:00,28.6,0.0,69.4,256.0,4.0
2024-09-15 20:00:00,28.4,0.0,72.3,259.0,3.5
2024-09-15 21:00:00,28.2,0.0,75.1,294.0,3.5
2024-09-15 22:00:00,28.1,0.0,76.1,344.0,3.4
2024-09-15 23:00:00,27.9,0.0,77.9,329.0,3.2
2024-09-16 00:00:00,27.9,0.0,78.3,262.0,2.9
2024-09-16 01:00:00,28.1,0.0,74.8,243.0,2.9
2024-09-16 02:00:00,27.9,0.0,74.7,319.0,3.2
2024-09-16 03:00:00,27.6,0.0,78.5,242.0,3.1
2024-09-16 04:00:00,27.7,0.0,77.6,279.0,3.6
2024-09-16 05:00:00,27.6,0.0,75.2,305.0,3.4
2024-09-16 06:00:00,27.6,0.0,74.5,283.0,3.6
2024-09-16 07:00:00,27.8,0.0,74.9,256.0,3.5
2024-09-16 08:00:00,28.3,0.0,74.4,291.0,4.1
2024-09-16 09:00:00,29.0,0.0,72.8,278.0,4.1
2024-09-16 10:00:00,30.4,0.0,67.3,242.0,5.2
2024-09-16 11:00:00,30.8,0.0,65.7,253.0,7.6
2024-09-16 12:00:00,30.5,0.0,67.0,241.0,6.0
2024-09-16 13:00:00,32.1,0.0,60.6,254.0,5.5
2024-09-16 14:00:00,32.4,0.0,53.1,268.0,5.2
2024-09-16 15:00:00,31.1,0.0,62.6,242.0,6.2
2024-09-16 16:00:00,31.7,0.0,59.4,279.0,4.8
2024-09-16 17:00:00,31.4,0.0,62.2,271.0,4.7
2024-09-16 18:00:00,31.0,0.0,64.4,242.0,5.0
2024-09-16 19:00:00,29.9,0.0,71.5,233.0,5.8
2024-09-16 20:00:00,29.3,0.0,72.8,244.0,4.8
2024-09-16 21:00:00,29.1,0.0,73.0,257.0,3.8
2024-09-16 22:00:00,28.9,0.0,73.4,233.0,5.2
2024-09-16 23:00:00,28.7,0.0,73.7,229.0,5.2
2024-09-17 00:00:00,28.8,0.0,71.4,251.0,4.3
2024-09-17 01:00:00,28.7,0.0,73.2,251.0,4.4
2024-09-17 02:00:00,28.5,0.0,75.9,259.0,3.9
2024-09-17 03:00:00,28.6,0.0,76.8,262.0,4.2
2024-09-17 04:00:00,28.6,0.0,73.9,291.0,3.7
2024-09-17 05:00:00,28.5,0.0,73.5,286.0,4.0
2024-09-17 06:00:00,28.6,0.0,73.2,294.0,4.0
2024-09-17 07:00:00,28.8,0.0,72.1,298.0,4.5
2024-09-17 08:00:00,29.2,0.0,68.5,299.0,4.3
2024-09-17 09:00:00,29.9,0.0,68.4,290.0,5.0
2024-09-17 10:00:00,31.0,0.0,57.0,289.0,6.3
2024-09-17 11:00:00,31.0,0.0,57.5,283.0,6.4
2024-09-17 12:00:00,31.5,0.0,52.8,286.0,6.8
2024-09-17 13:00:00,31.6,0.0,54.7,289.0,5.9
2024-09-17 14:00:00,31.4,0.0,57.0,279.0,6.8
2024-09-17 15:00:00,32.0,0.0,54.1,295.0,8.5
2024-09-17 16:00:00,32.7,0.0,50.7,311.0,8.10001
2024-09-17 17:00:00,31.9,0.0,54.7,287.0,8.60001
2024-09-17 18:00:00,32.0,0.0,56.7,312.0,5.2
2024-09-17 19:00:00,31.1,0.0,61.4,327.0,5.8
2024-09-17 20:00:00,24.2,1.6,93.8,325.0,6.5
2024-09-17 21:00:00,25.5,0.0,89.8,331.0,5.3
2024-09-17 22:00:00,26.4,0.0,85.1,320.0,6.3
2024-09-17 23:00:00,26.7,0.2,85.0,339.0,5.7
2024-09-18 00:00:00,26.9,0.0,84.9,335.0,5.6
2024-09-18 01:00:00,26.5,0.0,85.2,339.0,4.3
2024-09-18 02:00:00,26.5,0.0,84.3,330.0,4.9
2024-09-18 03:00:00,27.1,0.0,78.8,320.0,4.7
2024-09-18 04:00:00,27.4,0.0,75.5,320.0,5.3
2024-09-18 05:00:00,28.1,0.0,64.0,308.0,5.2
2024-09-18 06:00:00,27.6,0.0,68.5,308.0,4.7
2024-09-18 07:00:00,27.7,0.0,67.8,301.0,5.0
2024-09-18 08:00:00,28.5,0.0,65.6,292.0,5.1
2024-09-18 09:00:00,29.4,0.0,61.1,304.0,5.6
2024-09-18 10:00:00,30.0,0.0,60.7,283.0,4.9
2024-09-18 11:00:00,30.7,0.0,53.7,286.0,5.8
2024-09-18 12:00:00,31.6,0.0,55.1,263.0,5.2
2024-09-18 13:00:00,31.7,0.0,53.8,258.0,5.9
2024-09-18 14:00:00,32.6,0.0,50.2,284.0,7.1
2024-09-18 15:00:00,31.5,0.0,54.9,250.0,6.1
2024-09-18 16:00:00,31.1,0.0,57.9,252.0,5.7
2024-09-18 17:00:00,31.4,0.0,56.0,230.0,6.9
2024-09-18 18:00:00,31.5,0.0,56.4,245.0,4.6
2024-09-18 19:00:00,30.2,0.0,63.6,248.0,5.6
2024-09-18 20:00:00,29.7,0.0,64.3,238.0,5.0
2024-09-18 21:00:00,29.7,0.0,61.2,263.0,3.7
2024-09-18 22:00:00,29.5,0.0,63.1,243.0,3.7
2024-09-18 23:00:00,29.4,0.0,66.2,251.0,4.1
2024-09-19 00:00:00,29.2,0.0,69.1,256.0,3.8
2024-09-19 01:00:00,29.3,0.0,69.7,267.0,3.6
2024-09-19 02:00:00,29.2,0.0,69.2,246.0,4.0
2024-09-19 03:00:00,29.0,0.0,71.0,270.0,3.8
2024-09-19 04:00:00,28.8,0.0,72.8,295.0,3.8
2024-09-19 05:00:00,28.7,0.0,74.7,297.0,3.4
2024-09-19 06:00:00,28.9,0.0,75.7,291.0,3.7
2024-09-19 07:00:00,28.3,0.0,77.0,42.0,6.3
2024-09-19 08:00:00,28.3,0.0,75.8,50.0,4.8
2024-09-19 09:00:00,30.3,0.0,66.4,356.0,4.1
2024-09-19 10:00:00,31.9,0.0,52.4,311.0,5.8
2024-09-19 11:00:00,31.0,0.0,58.0,223.0,7.0
2024-09-19 12:00:00,31.3,0.0,54.0,268.0,5.6
2024-09-19 13:00:00,31.0,0.0,64.0,235.0,6.6
2024-09-19 14:00:00,30.9,0.0,65.0,240.0,7.0
2024-09-19 15:00:00,30.9,0.0,64.3,273.0,5.7
2024-09-19 16:00:00,30.8,0.0,64.0,246.0,5.4
2024-09-19 17:00:00,30.7,0.0,62.5,267.0,4.5
2024-09-19 18:00:00,30.4,0.0,64.1,212.0,6.2
2024-09-19 19:00:00,29.5,0.0,69.9,256.0,4.2
2024-09-19 20:00:00,29.7,0.0,69.3,261.0,4.0
2024-09-19 21:00:00,29.5,0.0,72.2,272.0,3.7
2024-09-19 22:00:00,29.3,0.0,73.7,256.0,4.0
2024-09-19 23:00:00,29.0,0.0,76.3,267.0,3.7
2024-09-20 00:00:00,29.0,0.0,75.9,297.0,4.0
2024-09-20 01:00:00,28.7,0.0,76.8,317.0,3.6
2024-09-20 02:00:00,28.5,0.0,78.5,285.0,3.3
2024-09-20 03:00:00,28.6,0.0,77.6,270.0,3.4
2024-09-20 04:00:00,28.6,0.0,77.3,254.0,3.5
2024-09-20 05:00:00,28.5,0.0,78.4,262.0,3.3
2024-09-20 06:00:00,28.3,0.0,80.8,295.0,3.7
2024-09-20 07:00:00,28.5,0.0,80.9,265.0,3.5
2024-09-20 08:00:00,29.1,0.0,77.8,257.0,3.7
2024-09-20 09:00:00,29.8,0.0,73.1,257.0,4.8
2024-09-20 10:00:00,30.8,0.0,68.1,278.0,4.0
2024-09-20 11:00:00,31.2,0.0,68.8,264.0,4.3
2024-09-20 12:00:00,31.6,0.0,65.3,246.0,4.9
2024-09-20 13:00:00,30.6,0.0,70.3,256.0,5.6
2024-09-20 14:00:00,31.5,0.0,63.6,262.0,5.5
2024-09-20 15:00:00,31.6,0.0,58.1,255.0,6.1
2024-09-20 16:00:00,31.3,0.0,59.9,275.0,5.0
2024-09-20 17:00:00,31.0,0.0,62.5,253.0,5.4
2024-09-20 18:00:00,31.0,0.0,62.7,282.0,4.5
2024-09-20 19:00:00,30.7,0.0,61.5,268.0,3.9
2024-09-20 20:00:00,30.1,0.0,67.1,258.0,3.9
2024-09-20 21:00:00,29.8,0.0,69.5,260.0,4.0
2024-09-20 22:00:00,29.7,0.0,72.7,307.0,4.0
2024-09-20 23:00:00,29.5,0.0,75.7,281.0,4.0
2024-09-21 00:00:00,23.7,0.6,93.3,305.0,8.3
2024-09-21 01:00:00,24.6,0.4,86.6,322.0,8.0
2024-09-21 02:00:00,24.7,0.2,85.1,337.0,8.0
2024-09-21 03:00:00,25.3,0.2,83.7,329.0,6.7
2024-09-21 04:00:00,25.0,0.0,86.7,340.0,5.4
2024-09-21 05:00:00,25.4,0.0,87.3,343.0,4.0
2024-09-21 06:00:00,25.6,0.0,87.8,332.0,4.4
2024-09-21 07:00:00,25.8,0.0,87.5,352.0,2.7
2024-09-21 08:00:00,26.4,0.0,85.7,277.0,3.2
2024-09-21 09:00:00,27.5,0.0,80.5,303.0,3.1
2024-09-21 10:00:00,28.8,0.0,73.2,303.0,4.9
2024-09-21 11:00:00,29.8,0.0,68.6,274.0,4.5
2024-09-21 12:00:00,29.9,0.0,67.0,273.0,4.2
2024-09-21 13:00:00,30.5,0.0,66.3,293.0,4.0
2024-09-21 14:00:00,30.4,0.0,69.1,282.0,4.2
2024-09-21 15:00:00,30.6,0.0,65.4,292.0,4.4
2024-09-21 16:00:00,30.5,0.0,67.9,295.0,4.9
2024-09-21 17:00:00,30.1,0.0,71.4,288.0,4.0
2024-09-21 18:00:00,29.9,0.0,71.0,296.0,3.8
2024-09-21 19:00:00,29.6,0.0,72.3,295.0,3.4
2024-09-21 20:00:00,29.1,0.0,74.2,270.0,3.4
2024-09-21 21:00:00,29.2,0.0,74.8,263.0,3.7
2024-09-21 22:00:00,28.9,0.0,78.6,298.0,3.7
2024-09-21 23:00:00,28.6,0.0,79.9,273.0,3.3
2024-09-22 00:00:00,28.6,0.0,76.4,303.0,3.2
2024-09-22 01:00:00,28.5,0.0,75.3,14.0,3.2
2024-09-22 02:00:00,28.7,0.0,75.0,23.0,3.9
2024-09-22 03:00:00,28.8,0.0,73.5,30.0,4.2
2024-09-22 04:00:00,28.6,0.0,75.8,27.0,4.4
2024-09-22 05:00:00,28.3,0.0,79.0,21.0,3.6
2024-09-22 06:00:00,28.1,0.0,81.5,30.0,4.4
2024-09-22 07:00:00,27.8,0.0,82.0,12.0,3.0
2024-09-22 08:00:00,29.6,0.0,68.1,16.0,3.4
2024-09-22 09:00:00,30.5,0.0,62.5,315.0,3.6
2024-09-22 10:00:00,31.6,0.0,52.4,305.0,3.9
2024-09-22 11:00:00,31.7,0.0,53.9,281.0,4.2
2024-09-22 12:00:00,32.5,0.0,50.6,258.0,4.3
2024-09-22 13:00:00,33.4,0.0,50.5,269.0,4.6
2024-09-22 14:00:00,33.7,0.0,50.3,263.0,4.5
2024-09-22 15:00:00,33.6,0.0,48.7,242.0,5.6
2024-09-22 16:00:00,33.4,0.0,53.9,226.0,5.8
2024-09-22 17:00:00,32.8,0.0,57.3,257.0,4.6
2024-09-22 18:00:00,32.1,0.0,62.8,303.0,4.3
2024-09-22 19:00:00,30.8,0.0,67.8,270.0,3.9
2024-09-22 20:00:00,30.3,0.0,71.9,281.0,3.9
2024-09-22 21:00:00,29.9,0.0,73.1,278.0,4.0
2024-09-22 22:00:00,29.9,0.0,70.0,291.0,3.8
2024-09-22 23:00:00,29.8,0.0,69.5,20.0,4.7
2024-09-23 00:00:00,29.4,0.0,76.6,24.0,5.0
2024-09-23 01:00:00,29.4,0.0,77.8,27.0,4.6
2024-09-23 02:00:00,29.3,0.0,79.2,8.0,4.9
2024-09-23 03:00:00,29.2,0.0,78.4,30.0,5.1
2024-09-23 04:00:00,29.2,0.0,78.1,21.0,4.3
2024-09-23 05:00:00,29.1,0.0,77.8,34.0,4.5
2024-09-23 06:00:00,28.9,0.0,79.7,28.0,4.9
2024-09-23 07:00:00,28.9,0.0,80.5,20.0,3.8
2024-09-23 08:00:00,29.1,0.0,79.7,34.0,5.5
2024-09-23 09:00:00,30.5,0.0,72.2,16.0,4.7
2024-09-23 10:00:00,31.6,0.0,64.1,34.0,4.5
2024-09-23 11:00:00,32.5,0.0,60.1,268.0,4.3
2024-09-23 12:00:00,33.8,0.0,54.7,347.0,4.5
2024-09-23 13:00:00,33.8,0.0,51.3,259.0,5.0
2024-09-23 14:00:00,34.6,0.0,48.2,301.0,4.5
2024-09-23 15:00:00,32.0,0.0,66.8,309.0,4.6
2024-09-23 16:00:00,31.3,0.0,59.4,37.0,5.2
2024-09-23 17:00:00,29.3,0.0,74.7,358.0,6.3
2024-09-23 18:00:00,28.0,0.0,78.3,55.0,8.8
2024-09-23 19:00:00,27.0,0.0,72.6,54.0,8.3
2024-09-23 20:00:00,27.9,0.0,67.9,20.0,4.1
2024-09-23 21:00:00,28.5,0.0,70.0,51.0,7.1
2024-09-23 22:00:00,27.6,0.0,75.2,41.0,5.8
2024-09-23 23:00:00,28.7,0.0,74.8,14.0,3.9
2024-09-24 00:00:00,28.8,0.0,74.9,351.0,3.0
2024-09-24 01:00:00,28.7,0.0,75.7,41.0,5.2
2024-09-24 02:00:00,27.9,0.0,78.7,358.0,4.1
2024-09-24 03:00:00,27.9,0.0,79.7,340.0,3.8
2024-09-24 04:00:00,27.6,0.0,80.9,3.0,3.0
2024-09-24 05:00:00,27.4,0.0,81.7,338.0,3.3
2024-09-24 06:00:00,27.4,0.0,82.3,342.0,3.3
2024-09-24 07:00:00,27.3,0.0,82.6,343.0,3.5
2024-09-24 08:00:00,28.1,0.0,79.6,342.0,3.5
2024-09-24 09:00:00,29.9,0.0,73.4,9.0,4.2
2024-09-24 10:00:00,30.9,0.0,66.5,36.0,5.3
2024-09-24 11:00:00,32.3,0.0,60.5,20.0,5.4
2024-09-24 12:00:00,29.6,0.2,68.0,299.0,4.6
2024-09-24 13:00:00,28.8,0.0,74.5,250.0,3.9
2024-09-24 14:00:00,27.6,0.0,82.2,40.0,5.2
2024-09-24 15:00:00,28.9,0.0,76.3,344.0,3.9
2024-09-24 16:00:00,28.9,0.0,72.4,322.0,5.7
2024-09-24 17:00:00,29.6,0.0,65.3,22.0,6.5
2024-09-24 18:00:00,29.3,0.0,65.3,336.0,4.2
2024-09-24 19:00:00,29.0,0.0,67.7,18.0,4.7
2024-09-24 20:00:00,28.6,0.0,70.7,354.0,3.1
2024-09-24 21:00:00,28.3,0.0,71.7,6.0,3.3
2024-09-24 22:00:00,28.1,0.0,72.1,7.0,3.3
2024-09-24 23:00:00,28.3,0.0,70.0,7.0,2.8
2024-09-25 00:00:00,28.2,0.0,69.0,352.0,3.3
2024-09-25 01:00:00,27.8,0.0,72.4,348.0,2.4
2024-09-25 02:00:00,28.0,0.0,70.8,16.0,3.3
2024-09-25 03:00:00,28.1,0.0,70.1,22.0,4.2
2024-09-25 04:00:00,28.0,0.0,72.9,358.0,2.3
2024-09-25 05:00:00,27.7,0.0,73.2,351.0,3.6
2024-09-25 06:00:00,27.5,0.0,77.1,9.0,3.7
2024-09-25 07:00:00,27.6,0.0,75.2,338.0,3.4
2024-09-25 08:00:00,28.3,0.0,73.3,35.0,4.0
2024-09-25 09:00:00,30.1,0.0,68.1,10.0,4.7
2024-09-25 10:00:00,31.1,0.0,62.1,24.0,4.3
2024-09-25 11:00:00,30.1,0.0,68.2,45.0,6.0
2024-09-25 12:00:00,28.1,0.0,80.4,340.0,4.2
2024-09-25 13:00:00,27.4,0.0,78.0,301.0,5.4
2024-09-25 14:00:00,27.3,0.0,78.0,226.0,5.6
2024-09-25 15:00:00,26.8,0.0,84.1,331.0,4.8
2024-09-25 16:00:00,27.2,0.0,82.9,350.0,5.8
2024-09-25 17:00:00,27.3,0.0,82.0,1.0,4.5
2024-09-25 18:00:00,28.0,0.0,75.2,45.0,6.8
2024-09-25 19:00:00,27.8,0.0,77.1,31.0,4.1
2024-09-25 20:00:00,27.2,0.0,81.0,22.0,4.3
2024-09-25 21:00:00,26.7,0.0,80.9,40.0,4.8
2024-09-25 22:00:00,26.8,0.0,79.7,49.0,5.9
2024-09-25 23:00:00,26.4,0.0,82.6,52.0,6.8
2024-09-26 00:00:00,26.3,0.0,84.9,46.0,6.5
2024-09-26 01:00:00,26.6,0.0,85.3,42.0,5.7
2024-09-26 02:00:00,26.7,0.0,82.8,52.0,6.8
2024-09-26 03:00:00,26.9,0.0,81.9,26.0,6.7
2024-09-26 04:00:00,26.7,0.0,83.5,41.0,6.0
2024-09-26 05:00:00,26.6,0.0,84.5,33.0,5.4
2024-09-26 06:00:00,26.6,0.0,84.0,30.0,3.7
2024-09-26 07:00:00,26.8,0.0,83.1,352.0,2.6
2024-09-26 08:00:00,27.2,0.0,81.9,314.0,6.0
2024-09-26 09:00:00,24.1,0.0,85.5,309.0,8.10001
2024-09-26 10:00:00,24.2,0.2,85.7,318.0,5.3
2024-09-26 11:00:00,25.1,0.0,84.5,299.0,6.4
2024-09-26 12:00:00,25.9,0.0,81.5,306.0,6.2
2024-09-26 13:00:00,26.8,0.0,71.7,300.0,6.1
2024-09-26 14:00:00,27.8,0.0,68.4,308.0,6.8
2024-09-26 15:00:00,29.0,0.0,64.8,286.0,6.8
2024-09-26 16:00:00,28.7,0.0,65.7,327.0,7.0
2024-09-26 17:00:00,28.7,0.0,68.5,329.0,5.7
2024-09-26 18:00:00,28.6,0.0,68.3,341.0,5.4
2024-09-26 19:00:00,28.2,0.0,71.7,348.0,2.7
2024-09-26 20:00:00,28.3,0.0,68.4,342.0,2.7
2024-09-26 21:00:00,28.2,0.0,72.4,259.0,3.4
2024-09-26 22:00:00,28.2,0.0,70.9,282.0,3.6
2024-09-26 23:00:00,27.7,0.0,73.8,349.0,2.1
2024-09-27 00:00:00,27.4,0.0,74.5,343.0,3.1
2024-09-27 01:00:00,27.0,0.0,77.6,340.0,3.4
2024-09-27 02:00:00,26.9,0.0,77.8,345.0,3.2
2024-09-27 03:00:00,26.8,0.0,77.6,19.0,3.9
2024-09-27 11:00:00,32.0,0.0,57.5,281.0,4.5
2024-09-27 12:00:00,31.5,0.0,59.7,264.0,5.0
2024-09-27 13:00:00,33.2,0.0,53.2,319.0,4.3
2024-09-27 14:00:00,33.2,0.0,54.4,301.0,4.1
2024-09-27 15:00:00,33.6,0.0,54.5,271.0,4.5
2024-09-27 16:00:00,32.8,0.0,53.5,264.0,4.6
2024-09-27 17:00:00,31.9,0.0,61.4,291.0,4.1
2024-09-27 18:00:00,31.3,0.0,64.2,310.0,4.3
2024-09-27 19:00:00,30.1,0.0,70.2,307.0,4.0
2024-09-27 20:00:00,30.0,0.0,70.2,349.0,4.5
2024-09-27 21:00:00,29.3,0.0,75.1,11.0,4.1
2024-09-27 22:00:00,28.8,0.0,75.0,32.0,4.2
2024-09-27 23:00:00,29.0,0.0,75.9,19.0,4.2
2024-09-28 00:00:00,29.0,0.0,75.5,350.0,3.4
2024-09-28 01:00:00,28.8,0.0,75.4,306.0,3.7
2024-09-28 02:00:00,28.6,0.0,77.5,350.0,3.7
2024-09-28 03:00:00,28.5,0.0,77.7,31.0,4.0
2024-09-28 04:00:00,28.1,0.0,80.9,42.0,6.4
2024-09-28 05:00:00,27.6,0.0,83.3,46.0,6.2
2024-09-28 06:00:00,27.6,0.0,82.9,34.0,5.1
2024-09-28 07:00:00,27.6,0.0,83.5,39.0,5.2
2024-09-28 08:00:00,28.2,0.0,80.7,29.0,4.4
2024-09-28 09:00:00,29.7,0.0,76.1,30.0,5.1
2024-09-28 10:00:00,30.5,0.0,64.8,45.0,6.7
2024-09-28 11:00:00,32.6,0.0,57.0,343.0,4.6
2024-09-28 12:00:00,32.7,0.0,57.4,278.0,4.3
2024-09-28 13:00:00,32.8,0.0,51.9,12.0,5.0
2024-09-28 14:00:00,33.1,0.0,49.8,34.0,4.9
2024-09-28 15:00:00,31.7,0.0,61.5,229.0,6.6
2024-09-28 16:00:00,30.4,0.0,66.4,230.0,5.9
2024-09-28 17:00:00,28.4,0.0,72.2,223.0,5.2
2024-09-28 18:00:00,28.7,0.0,72.3,272.0,4.5
2024-09-28 19:00:00,28.8,0.0,72.1,270.0,3.3
2024-09-28 20:00:00,29.2,0.0,71.0,298.0,3.8
2024-09-28 21:00:00,28.9,0.0,76.9,293.0,3.6
2024-09-28 22:00:00,28.9,0.0,77.2,259.0,4.2
2024-09-28 23:00:00,28.4,0.0,78.5,264.0,3.3
2024-09-29 00:00:00,28.5,0.0,77.0,266.0,3.4
2024-09-29 01:00:00,28.3,0.0,78.7,291.0,3.4
2024-09-29 02:00:00,28.3,0.0,79.1,260.0,3.7
2024-09-29 03:00:00,28.4,0.0,78.5,283.0,3.4
2024-09-29 04:00:00,28.1,0.0,80.2,306.0,3.5
2024-09-29 05:00:00,28.1,0.0,80.7,269.0,3.6
2024-09-29 06:00:00,27.9,0.0,81.8,301.0,3.4
2024-09-29 07:00:00,27.7,0.0,81.7,351.0,3.2
2024-09-29 08:00:00,28.6,0.0,77.2,34.0,5.1
2024-09-29 09:00:00,29.7,0.0,73.3,355.0,3.5
2024-09-29 10:00:00,30.1,0.0,65.5,259.0,3.7
2024-09-29 11:00:00,31.5,0.0,61.7,351.0,4.5
2024-09-29 12:00:00,33.0,0.0,52.7,292.0,3.7
2024-09-29 13:00:00,32.6,0.0,54.4,324.0,4.6
2024-09-29 14:00:00,32.3,0.0,60.6,292.0,4.7
2024-09-29 15:00:00,32.1,0.0,60.0,278.0,4.6
2024-09-29 16:00:00,27.5,1.4,87.4,7.0,8.39999
2024-09-29 17:00:00,27.0,0.2,85.8,344.0,11.6
2024-09-29 18:00:00,28.3,0.0,84.5,10.0,4.1
2024-09-29 19:00:00,28.5,0.0,79.4,311.0,3.4
2024-09-29 20:00:00,28.7,0.0,76.1,260.0,3.6
2024-09-29 21:00:00,28.7,0.0,75.1,315.0,3.1
2024-09-29 22:00:00,28.7,0.0,77.5,250.0,4.3
2024-09-29 23:00:00,28.4,0.0,79.8,246.0,3.8
2024-09-30 00:00:00,28.5,0.0,76.3,242.0,4.1
2024-09-30 01:00:00,28.5,0.0,76.3,257.0,3.8
2024-09-30 02:00:00,28.5,0.0,78.0,291.0,3.7
2024-09-30 03:00:00,28.3,0.0,80.3,279.0,3.5
2024-09-30 04:00:00,28.2,0.0,79.4,290.0,3.3
2024-09-30 05:00:00,28.2,0.0,80.3,265.0,3.1
2024-09-30 06:00:00,28.0,0.0,81.0,252.0,3.9
2024-09-30 07:00:00,25.6,0.2,91.2,320.0,5.9
2024-09-30 08:00:00,26.3,0.0,81.9,332.0,4.4
2024-09-30 09:00:00,28.2,0.0,75.3,317.0,3.5
2024-09-30 10:00:00,29.1,0.0,73.4,303.0,4.3
2024-09-30 11:00:00,29.2,0.0,73.0,310.0,4.8
2024-09-30 12:00:00,31.1,0.0,63.5,285.0,3.7
2024-09-30 13:00:00,30.9,0.0,63.2,303.0,4.7
2024-09-30 14:00:00,32.4,0.0,55.4,315.0,5.5
2024-09-30 15:00:00,30.8,0.0,67.5,256.0,5.8
2024-09-30 16:00:00,29.4,0.0,73.3,223.0,7.3
2024-09-30 17:00:00,27.6,0.0,69.9,10.0,7.4
2024-09-30 18:00:00,26.2,0.0,80.3,304.0,6.4
2024-09-30 19:00:00,27.0,0.0,81.3,17.0,3.8
2024-09-30 20:00:00,27.8,0.0,77.6,12.0,2.9
2024-09-30 21:00:00,28.5,0.0,73.0,258.0,3.8
2024-09-30 22:00:00,28.7,0.0,74.3,326.0,3.2
2024-09-30 23:00:00,28.6,0.0,76.4,252.0,4.0
2024-10-01 00:00:00,28.4,0.0,77.9,251.0,3.6
2024-10-01 01:00:00,28.4,0.0,76.5,285.0,3.5
2024-10-01 02:00:00,28.4,0.0,75.5,269.0,3.5
2024-10-01 03:00:00,28.2,0.0,75.9,245.0,3.4
2024-10-01 04:00:00,28.2,0.0,79.2,261.0,3.3
2024-10-01 05:00:00,28.1,0.0,79.8,250.0,3.4
2024-10-01 06:00:00,28.0,0.0,80.5,345.0,3.0
2024-10-01 07:00:00,27.9,0.0,81.8,13.0,3.3
2024-10-01 08:00:00,28.7,0.0,78.6,320.0,4.5
2024-10-01 09:00:00,28.5,0.0,68.8,291.0,7.5
2024-10-01 10:00:00,29.2,0.0,68.2,326.0,6.9
2024-10-01 11:00:00,30.2,0.0,66.9,325.0,6.6
2024-10-01 12:00:00,29.4,0.0,69.8,254.0,5.6
2024-10-01 13:00:00,27.1,0.2,81.3,293.0,6.2
2024-10-01 14:00:00,26.8,0.2,85.0,354.0,3.8
2024-10-01 15:00:00,27.9,0.0,76.5,328.0,5.2
2024-10-01 16:00:00,29.4,0.0,70.0,266.0,3.9
2024-10-01 17:00:00,29.5,0.0,64.0,267.0,3.9
2024-10-01 18:00:00,29.2,0.0,65.3,288.0,3.7
2024-10-01 19:00:00,29.1,0.0,63.4,324.0,4.5
2024-10-01 20:00:00,28.9,0.0,64.5,311.0,4.6
2024-10-01 21:00:00,28.5,0.0,69.8,275.0,3.5
2024-10-01 22:00:00,28.6,0.0,69.1,316.0,5.1
2024-10-01 23:00:00,28.4,0.0,71.8,302.0,3.6
2024-10-02 00:00:00,28.6,0.0,74.7,282.0,3.8
2024-10-02 01:00:00,28.2,0.0,79.7,271.0,3.1
2024-10-02 02:00:00,28.2,0.0,80.7,316.0,4.3
2024-10-02 03:00:00,28.2,0.0,78.7,315.0,5.1
2024-10-02 04:00:00,27.9,0.0,79.5,311.0,2.8
2024-10-02 05:00:00,28.1,0.0,74.1,310.0,3.8
2024-10-02 06:00:00,27.9,0.0,76.7,285.0,3.5
2024-10-02 07:00:00,27.9,0.0,77.7,344.0,3.1
2024-10-02 08:00:00,28.7,0.0,76.5,9.0,3.5
2024-10-02 09:00:00,29.7,0.0,68.3,305.0,4.1
2024-10-02 10:00:00,30.2,0.0,66.1,14.0,4.7
2024-10-02 11:00:00,31.0,0.0,65.7,262.0,4.2
2024-10-02 12:00:00,30.8,0.0,67.7,293.0,3.9
2024-10-02 13:00:00,31.4,0.0,63.1,271.0,4.2
2024-10-02 14:00:00,32.6,0.0,59.0,274.0,4.5
2024-10-02 15:00:00,30.6,0.0,65.6,279.0,4.6
2024-10-02 16:00:00,30.8,0.0,65.8,288.0,4.5
2024-10-02 17:00:00,31.2,0.0,67.3,302.0,4.3
2024-10-02 18:00:00,29.7,0.0,73.8,284.0,4.4
2024-10-02 19:00:00,29.6,0.0,68.3,278.0,3.8
2024-10-02 20:00:00,29.5,0.0,70.7,339.0,4.4
2024-10-02 21:00:00,29.2,0.0,72.9,300.0,3.7
2024-10-02 22:00:00,29.1,0.0,73.0,339.0,4.1
2024-10-02 23:00:00,29.1,0.0,71.7,33.0,5.7
2024-10-03 00:00:00,28.9,0.0,73.3,27.0,4.1
2024-10-03 01:00:00,28.9,0.0,73.3,318.0,3.6
2024-10-03 02:00:00,28.7,0.0,75.3,332.0,3.3
2024-10-03 03:00:00,28.7,0.0,75.5,266.0,3.6
2024-10-03 04:00:00,28.4,0.0,77.2,292.0,3.7
2024-10-03 05:00:00,28.3,0.0,79.5,273.0,3.5
2024-10-03 06:00:00,28.3,0.0,80.9,334.0,3.7
2024-10-03 07:00:00,28.0,0.0,82.2,320.0,3.0
2024-10-03 08:00:00,29.0,0.0,76.2,312.0,3.8
2024-10-03 09:00:00,29.9,0.0,68.3,331.0,3.9
2024-10-03 10:00:00,31.0,0.0,65.1,313.0,4.2
2024-10-03 11:00:00,30.3,0.0,66.3,289.0,4.3
2024-10-03 12:00:00,25.6,1.0,89.3,30.0,9.0
2024-10-03 13:00:00,27.1,0.0,78.5,343.0,4.7
2024-10-03 14:00:00,30.1,0.0,71.0,304.0,4.9
2024-10-03 15:00:00,31.0,0.0,66.1,319.0,5.7
2024-10-03 16:00:00,30.8,0.0,64.2,302.0,4.1
2024-10-03 17:00:00,31.7,0.0,61.4,307.0,4.2
2024-10-03 18:00:00,30.8,0.0,63.9,283.0,4.1
2024-10-03 19:00:00,29.3,0.0,71.8,37.0,6.7
2024-10-03 20:00:00,29.2,0.0,70.5,44.0,6.2
2024-10-03 21:00:00,29.1,0.0,69.4,10.0,3.5
2024-10-03 22:00:00,28.9,0.0,71.1,35.0,5.5
2024-10-03 23:00:00,28.6,0.0,73.7,41.0,5.4
2024-10-04 00:00:00,28.5,0.0,74.8,33.0,5.0
2024-10-04 01:00:00,28.4,0.0,75.0,353.0,2.4
2024-10-04 02:00:00,28.3,0.0,74.9,13.0,3.3
2024-10-04 03:00:00,28.0,0.0,78.2,10.0,3.8
2024-10-04 04:00:00,27.7,0.0,80.4,341.0,3.9
2024-10-04 05:00:00,27.5,0.0,82.2,356.0,3.0
2024-10-04 06:00:00,27.3,0.0,83.7,346.0,3.0
2024-10-04 07:00:00,27.3,0.0,82.6,5.0,3.9
2024-10-04 08:00:00,27.7,0.0,80.4,22.0,4.7
2024-10-04 09:00:00,28.5,0.0,77.4,20.0,4.5
2024-10-04 10:00:00,29.5,0.0,69.6,23.0,5.1
2024-10-04 11:00:00,30.1,0.0,67.5,340.0,4.6
2024-10-04 12:00:00,29.0,0.0,73.6,294.0,6.0
2024-10-04 13:00:00,27.7,0.0,81.5,287.0,4.3
2024-10-04 14:00:00,29.3,0.0,75.2,326.0,5.1
2024-10-04 15:00:00,30.9,0.0,67.6,313.0,4.7
2024-10-04 16:00:00,30.5,0.0,66.1,305.0,4.9
2024-10-04 17:00:00,27.8,0.0,81.9,217.0,4.5
2024-10-04 18:00:00,28.7,0.0,76.3,335.0,3.6
2024-10-04 19:00:00,27.5,0.0,81.3,341.0,4.8
2024-10-04 20:00:00,27.7,0.0,79.6,307.0,4.8
2024-10-04 21:00:00,27.6,0.0,79.8,271.0,3.6
2024-10-04 22:00:00,26.6,0.0,82.3,27.0,4.3
2024-10-04 23:00:00,26.7,0.0,77.4,26.0,4.4
2024-10-05 00:00:00,27.3,0.0,75.5,342.0,2.8
2024-10-05 01:00:00,27.1,0.0,79.1,278.0,3.0
2024-10-05 02:00:00,27.0,0.0,83.0,321.0,5.1
2024-10-05 03:00:00,27.0,0.0,82.0,322.0,3.9
2024-10-05 04:00:00,26.9,0.0,82.7,335.0,3.9
2024-10-05 05:00:00,26.6,0.0,85.5,338.0,3.5
2024-10-05 06:00:00,26.6,0.0,83.8,350.0,2.7
2024-10-05 07:00:00,26.4,0.0,83.3,332.0,5.4
2024-10-05 08:00:00,26.7,0.0,81.0,337.0,3.9
2024-10-05 09:00:00,27.4,0.0,74.5,315.0,5.3
2024-10-05 10:00:00,28.7,0.0,67.3,326.0,5.6
2024-10-05 11:00:00,30.7,0.0,62.3,315.0,4.8
2024-10-05 12:00:00,30.5,0.0,65.5,313.0,6.0
2024-10-05 13:00:00,30.4,0.0,65.0,320.0,6.7
2024-10-05 14:00:00,31.9,0.0,58.7,326.0,5.4
2024-10-05 15:00:00,30.3,0.0,61.1,262.0,5.9
2024-10-05 16:00:00,29.1,0.0,71.8,274.0,4.2
2024-10-05 17:00:00,29.3,0.0,69.7,293.0,4.0
2024-10-05 18:00:00,29.3,0.0,71.4,263.0,3.9
2024-10-05 19:00:00,28.6,0.0,73.0,251.0,4.5
2024-10-05 20:00:00,28.6,0.0,74.7,280.0,3.6
2024-10-05 21:00:00,28.6,0.0,75.1,328.0,4.3
2024-10-05 22:00:00,28.6,0.0,75.9,253.0,3.7
2024-10-05 23:00:00,28.5,0.0,76.8,270.0,3.4
2024-10-06 00:00:00,28.6,0.0,74.2,277.0,3.6
2024-10-06 01:00:00,28.5,0.0,75.7,312.0,4.6
2024-10-06 02:00:00,28.3,0.0,77.0,285.0,3.6
2024-10-06 03:00:00,28.4,0.0,75.7,310.0,4.4
2024-10-06 04:00:00,28.1,0.0,75.5,317.0,5.3
2024-10-06 05:00:00,24.2,2.8,90.8,306.0,6.6
2024-10-06 06:00:00,24.3,0.0,92.3,329.0,6.5
2024-10-06 07:00:00,25.0,0.0,91.2,319.0,6.5
2024-10-06 08:00:00,24.3,1.8,92.6,324.0,6.3
2024-10-06 09:00:00,25.1,0.0,90.8,328.0,7.7
2024-10-06 10:00:00,26.7,0.0,80.5,315.0,6.3
2024-10-06 11:00:00,27.2,0.0,76.6,325.0,6.0
2024-10-06 12:00:00,29.2,0.0,68.3,324.0,5.6
2024-10-06 13:00:00,29.9,0.0,68.7,334.0,4.3
2024-10-06 14:00:00,30.9,0.0,62.7,349.0,4.0
2024-10-06 15:00:00,31.0,0.0,55.2,294.0,4.8
2024-10-06 16:00:00,30.5,0.0,57.1,283.0,4.7
2024-10-06 17:00:00,30.2,0.0,58.9,286.0,4.6
2024-10-06 18:00:00,29.5,0.0,64.9,292.0,3.8
2024-10-06 19:00:00,28.8,0.0,70.1,277.0,3.9
2024-10-06 20:00:00,28.7,0.0,71.4,286.0,3.8
2024-10-06 21:00:00,28.6,0.0,72.6,307.0,4.4
2024-10-06 22:00:00,28.7,0.0,69.1,311.0,4.3
2024-10-06 23:00:00,28.5,0.0,70.1,324.0,4.8
2024-10-07 00:00:00,28.3,0.0,72.9,253.0,3.1
2024-10-07 01:00:00,28.3,0.0,71.9,326.0,3.0
2024-10-07 02:00:00,28.2,0.0,72.5,30.0,4.6
2024-10-07 03:00:00,27.6,0.0,77.0,19.0,3.7
2024-10-07 04:00:00,27.2,0.0,83.5,36.0,6.0
2024-10-07 05:00:00,27.0,0.0,83.9,32.0,5.1
2024-10-07 06:00:00,27.2,0.0,82.6,26.0,5.1
2024-10-07 07:00:00,27.1,0.0,82.2,2.0,2.6
2024-10-07 08:00:00,27.7,0.0,80.4,13.0,3.6
2024-10-07 09:00:00,28.9,0.0,75.7,2.0,2.9
2024-10-07 10:00:00,30.2,0.0,62.7,293.0,4.0
2024-10-07 11:00:00,31.6,0.0,57.3,275.0,4.1
2024-10-07 12:00:00,32.5,0.0,54.6,289.0,4.3
2024-10-07 13:00:00,32.0,0.0,59.4,265.0,5.5
2024-10-07 14:00:00,30.7,0.0,62.5,259.0,4.4
2024-10-07 15:00:00,30.3,0.0,65.0,279.0,5.2
2024-10-07 16:00:00,29.6,0.0,70.1,254.0,5.8
2024-10-07 17:00:00,28.5,0.0,79.0,282.0,4.4
2024-10-07 18:00:00,29.0,0.0,70.8,245.0,4.7
2024-10-07 19:00:00,28.7,0.0,73.3,221.0,5.7
2024-10-07 20:00:00,28.7,0.0,73.9,234.0,4.1
2024-10-07 21:00:00,28.6,0.0,74.0,255.0,3.7
2024-10-07 22:00:00,28.6,0.0,70.7,233.0,4.3
2024-10-07 23:00:00,28.6,0.0,70.9,260.0,3.5
2024-10-08 00:00:00,28.4,0.0,73.0,272.0,3.7
2024-10-08 01:00:00,28.2,0.0,74.8,294.0,3.4
2024-10-08 02:00:00,28.0,0.0,77.5,262.0,3.1
2024-10-08 03:00:00,27.9,0.0,79.3,350.0,3.3
2024-10-08 04:00:00,27.8,0.0,80.9,307.0,3.2
2024-10-08 05:00:00,28.0,0.0,80.6,331.0,3.4
2024-10-08 06:00:00,28.0,0.0,79.5,284.0,3.4
2024-10-08 07:00:00,27.8,0.0,81.0,324.0,3.4
2024-10-08 08:00:00,28.5,0.0,78.8,320.0,4.0
2024-10-08 09:00:00,29.5,0.0,74.4,297.0,3.9
2024-10-08 10:00:00,30.4,0.0,69.5,271.0,4.6
2024-10-08 11:00:00,27.2,0.0,73.8,275.0,4.4
2024-10-08 12:00:00,29.9,0.0,64.4,255.0,4.1
2024-10-08 13:00:00,29.5,0.0,66.7,268.0,4.9
2024-10-08 14:00:00,29.4,0.0,66.2,252.0,4.9
2024-10-08 15:00:00,30.0,0.0,66.4,259.0,4.8
2024-10-08 16:00:00,30.0,0.0,64.0,332.0,5.4
2024-10-08 17:00:00,30.1,0.0,70.0,305.0,4.4
2024-10-08 18:00:00,29.3,0.0,72.6,290.0,4.1
2024-10-08 19:00:00,29.1,0.0,70.9,356.0,4.4
2024-10-08 20:00:00,28.7,0.0,73.6,280.0,3.6
2024-10-08 21:00:00,28.5,0.0,75.6,291.0,3.5
2024-10-08 22:00:00,28.4,0.0,77.1,38.0,5.9
2024-10-08 23:00:00,28.4,0.0,76.8,3.0,4.1
2024-10-09 00:00:00,28.3,0.0,77.1,257.0,3.3
2024-10-09 01:00:00,28.3,0.0,77.5,275.0,3.3
2024-10-09 02:00:00,28.1,0.0,78.9,335.0,3.6
2024-10-09 03:00:00,28.0,0.0,79.0,291.0,3.5
2024-10-09 04:00:00,28.0,0.0,78.8,301.0,3.7
2024-10-09 05:00:00,27.9,0.0,79.0,343.0,3.2
2024-10-09 06:00:00,27.8,0.0,80.6,267.0,3.1
2024-10-09 07:00:00,27.8,0.0,79.9,273.0,3.3
2024-10-09 08:00:00,28.4,0.0,79.0,19.0,3.8
2024-10-09 09:00:00,29.4,0.0,71.6,278.0,3.9
2024-10-09 10:00:00,30.7,0.0,66.4,296.0,4.4
2024-10-09 11:00:00,31.2,0.0,64.6,292.0,4.5
2024-10-09 12:00:00,30.7,0.0,63.5,238.0,5.7
2024-10-09 13:00:00,31.0,0.0,58.1,234.0,6.1
2024-10-09 14:00:00,30.2,0.0,62.6,278.0,6.3
2024-10-09 15:00:00,28.7,0.0,71.0,244.0,5.4
2024-10-09 16:00:00,29.1,0.0,67.5,281.0,4.5
2024-10-09 17:00:00,29.0,0.0,70.1,285.0,4.8
2024-10-09 18:00:00,28.8,0.0,75.6,262.0,4.3
2024-10-09 19:00:00,28.8,0.0,74.0,323.0,3.6
2024-10-09 20:00:00,27.9,0.0,76.6,286.0,4.0
2024-10-09 21:00:00,28.0,0.0,76.5,261.0,3.6
2024-10-09 22:00:00,28.4,0.0,72.0,278.0,3.6
2024-10-09 23:00:00,28.4,0.0,72.4,254.0,3.2
2024-10-10 00:00:00,28.1,0.0,75.7,298.0,3.3
2024-10-10 01:00:00,28.1,0.0,76.6,296.0,3.8
2024-10-10 02:00:00,27.9,0.0,78.0,292.0,3.4
2024-10-10 03:00:00,27.8,0.0,79.0,318.0,3.5
2024-10-10 04:00:00,27.8,0.0,79.8,323.0,3.8
2024-10-10 05:00:00,27.6,0.0,80.3,331.0,4.1
2024-10-10 06:00:00,27.8,0.0,80.1,15.0,3.4
2024-10-10 07:00:00,27.6,0.0,81.9,38.0,6.4
2024-10-10 08:00:00,28.6,0.0,78.2,352.0,2.7
2024-10-10 09:00:00,29.3,0.0,72.2,286.0,4.1
2024-10-10 10:00:00,30.8,0.0,65.6,299.0,4.2
2024-10-10 11:00:00,29.5,0.0,67.3,231.0,6.2
2024-10-10 12:00:00,30.7,0.0,60.9,285.0,4.2
2024-10-10 13:00:00,30.3,0.0,64.6,270.0,4.8
2024-10-10 14:00:00,31.3,0.0,59.2,250.0,4.6
2024-10-10 15:00:00,30.3,0.0,66.7,321.0,4.1
2024-10-10 16:00:00,30.1,0.0,64.7,300.0,4.1
2024-10-10 17:00:00,29.7,0.0,66.2,274.0,4.1
2024-10-10 18:00:00,30.0,0.0,66.4,313.0,4.1
2024-10-10 19:00:00,29.3,0.0,69.0,267.0,3.7
2024-10-10 20:00:00,29.1,0.0,72.7,330.0,3.6
2024-10-10 21:00:00,29.0,0.0,73.5,307.0,3.5
2024-10-10 22:00:00,29.0,0.0,75.8,293.0,3.8
2024-10-10 23:00:00,28.9,0.0,77.5,284.0,3.5
2024-10-11 00:00:00,28.7,0.0,78.2,292.0,3.7
2024-10-11 01:00:00,28.6,0.0,76.6,327.0,3.3
2024-10-11 02:00:00,27.8,0.0,84.2,42.0,6.1
2024-10-11 03:00:00,27.8,0.0,83.2,40.0,5.9
2024-10-11 04:00:00,27.7,0.0,80.5,41.0,5.8
2024-10-11 05:00:00,27.8,0.0,79.0,30.0,4.9
2024-10-11 06:00:00,27.3,0.0,83.5,339.0,3.5
2024-10-11 07:00:00,27.5,0.0,82.2,9.0,3.1
2024-10-11 08:00:00,28.5,0.0,77.9,2.0,3.5
2024-10-11 09:00:00,29.6,0.0,71.2,299.0,5.1
2024-10-11 10:00:00,30.5,0.0,66.7,239.0,5.3
2024-10-11 11:00:00,31.6,0.0,60.7,288.0,5.7
2024-10-11 12:00:00,32.0,0.0,58.7,303.0,5.4
2024-10-11 13:00:00,32.7,0.0,62.7,324.0,4.9
2024-10-11 14:00:00,31.5,0.0,63.4,272.0,4.3
2024-10-11 15:00:00,28.1,0.6,84.5,22.0,8.10001
2024-10-11 16:00:00,27.8,0.0,81.2,7.0,4.1
2024-10-11 17:00:00,27.5,0.0,79.9,44.0,6.1
2024-10-11 18:00:00,28.9,0.0,74.7,46.0,7.6
2024-10-11 19:00:00,28.8,0.0,74.3,42.0,6.7
2024-10-11 20:00:00,28.6,0.0,76.3,42.0,6.3
2024-10-11 21:00:00,28.5,0.0,78.3,33.0,5.0
2024-10-11 22:00:00,28.5,0.0,78.1,35.0,5.6
2024-10-11 23:00:00,28.3,0.0,80.3,40.0,6.7
2024-10-12 00:00:00,28.4,0.0,79.8,32.0,5.2
2024-10-12 01:00:00,28.3,0.0,81.7,332.0,3.0
2024-10-12 02:00:00,28.4,0.0,79.5,352.0,3.2
2024-10-12 03:00:00,27.9,0.0,83.9,344.0,4.0
2024-10-12 04:00:00,27.7,0.0,83.5,1.0,4.0
2024-10-12 05:00:00,27.4,0.0,84.4,10.0,4.4
2024-10-12 06:00:00,27.2,0.0,85.4,345.0,3.1
2024-10-12 07:00:00,27.4,0.0,85.6,342.0,3.5
2024-10-12 08:00:00,27.8,0.0,84.7,358.0,3.8
2024-10-12 09:00:00,28.2,0.0,82.6,341.0,4.8
2024-10-12 10:00:00,29.4,0.0,74.8,23.0,6.3
2024-10-12 11:00:00,27.5,0.0,84.8,339.0,6.4
2024-10-12 12:00:00,26.6,0.4,86.7,336.0,5.5
2024-10-12 13:00:00,26.8,0.4,88.0,355.0,5.6
2024-10-12 14:00:00,26.4,0.2,89.1,3.0,5.6
2024-10-12 15:00:00,27.0,0.0,84.9,328.0,3.7
2024-10-12 16:00:00,27.8,0.0,80.5,309.0,5.2
2024-10-12 17:00:00,28.1,0.0,75.6,12.0,4.5
2024-10-12 18:00:00,27.8,0.0,77.8,343.0,3.9
2024-10-12 19:00:00,27.6,0.0,77.9,20.0,3.4
2024-10-12 20:00:00,27.3,0.0,83.5,329.0,5.2
2024-10-12 21:00:00,27.1,0.0,82.5,13.0,3.5
2024-10-12 22:00:00,27.0,0.0,85.1,336.0,4.2
2024-10-12 23:00:00,27.1,0.0,85.1,7.0,3.1
2024-10-13 00:00:00,26.8,0.0,85.2,347.0,3.8
2024-10-13 01:00:00,26.8,0.0,85.8,11.0,3.2
2024-10-13 02:00:00,26.4,0.0,87.1,355.0,3.4
2024-10-13 03:00:00,26.4,0.0,86.9,351.0,3.3
2024-10-13 04:00:00,26.3,0.0,87.2,346.0,3.3
2024-10-13 05:00:00,26.3,0.0,86.8,351.0,4.2
2024-10-13 06:00:00,26.2,0.0,87.4,330.0,5.3
2024-10-13 07:00:00,26.1,0.0,88.1,348.0,3.7
2024-10-13 08:00:00,26.8,0.0,83.9,344.0,4.5
2024-10-13 09:00:00,27.9,0.0,78.2,316.0,5.8
2024-10-13 10:00:00,29.2,0.0,74.1,316.0,6.0
2024-10-13 11:00:00,30.1,0.0,67.3,319.0,7.4
2024-10-13 12:00:00,30.9,0.0,65.8,327.0,6.5
2024-10-13 13:00:00,30.7,0.0,67.0,319.0,5.7
2024-10-13 14:00:00,28.7,0.0,77.6,324.0,5.9
2024-10-13 15:00:00,29.7,0.0,74.5,312.0,6.0
2024-10-13 16:00:00,32.0,0.0,63.2,328.0,6.2
2024-10-13 17:00:00,32.3,0.0,59.2,327.0,5.5
2024-10-13 18:00:00,31.8,0.0,59.0,325.0,5.3
2024-10-13 19:00:00,30.3,0.0,65.2,290.0,3.8
2024-10-13 20:00:00,30.2,0.0,65.0,310.0,4.4
2024-10-13 21:00:00,30.1,0.0,65.6,320.0,3.9
2024-10-13 22:00:00,29.5,0.0,68.5,336.0,4.4
2024-10-13 23:00:00,29.3,0.0,69.3,329.0,5.1
2024-10-14 00:00:00,28.9,0.0,71.9,346.0,3.6
2024-10-14 01:00:00,29.0,0.0,71.6,356.0,3.4
2024-10-14 02:00:00,26.6,0.0,78.0,270.0,5.1
2024-10-14 03:00:00,25.9,0.2,80.3,1.0,3.7
2024-10-14 04:00:00,26.3,0.0,81.9,353.0,3.4
2024-10-14 05:00:00,26.3,0.0,84.3,315.0,4.3
2024-10-14 06:00:00,26.6,0.0,84.0,329.0,5.1
2024-10-14 07:00:00,26.9,0.0,86.1,5.0,3.0
2024-10-14 08:00:00,27.2,0.0,82.6,9.0,3.9
2024-10-14 09:00:00,24.4,5.2,94.0,319.0,6.9
2024-10-14 10:00:00,24.7,0.2,94.8,319.0,7.2
2024-10-14 11:00:00,25.1,0.2,94.3,53.0,4.9
2024-10-14 12:00:00,24.7,1.2,91.3,309.0,6.0
2024-10-14 13:00:00,24.5,0.2,89.1,314.0,6.4
2024-10-14 14:00:00,24.7,0.0,87.6,323.0,7.5
2024-10-14 15:00:00,25.5,0.0,81.1,324.0,6.4
2024-10-14 16:00:00,26.4,0.0,75.3,319.0,5.6
2024-10-14 17:00:00,27.3,0.0,69.9,326.0,5.0
2024-10-14 18:00:00,27.8,0.0,68.7,5.0,3.3
2024-10-14 19:00:00,27.5,0.0,70.2,28.0,5.5
2024-10-14 20:00:00,27.2,0.0,71.9,20.0,4.5
2024-10-14 21:00:00,27.3,0.0,72.5,329.0,4.0
2024-10-14 22:00:00,27.0,0.0,76.0,355.0,3.2
2024-10-14 23:00:00,27.0,0.0,77.1,349.0,3.3
2024-10-15 00:00:00,26.9,0.0,77.3,10.0,4.5
2024-10-15 01:00:00,26.9,0.0,76.8,7.0,2.7
2024-10-15 02:00:00,26.8,0.0,76.1,335.0,3.5
2024-10-15 03:00:00,26.6,0.0,78.7,23.0,3.9
2024-10-15 04:00:00,26.6,0.0,80.1,,2.7
2024-10-15 05:00:00,26.8,0.0,79.8,34.0,5.8
2024-10-15 06:00:00,26.6,0.0,80.8,315.0,3.9
2024-10-15 07:00:00,26.7,0.0,82.1,21.0,4.4
2024-10-15 08:00:00,28.0,0.0,72.4,233.0,4.7
2024-10-15 09:00:00,27.0,0.0,79.5,289.0,5.5
2024-10-15 10:00:00,27.7,0.0,79.2,325.0,5.9
2024-10-15 11:00:00,27.9,0.0,74.1,298.0,6.1
2024-10-15 12:00:00,28.8,0.0,72.0,313.0,6.1
2024-10-15 13:00:00,29.8,0.0,68.2,331.0,7.0
2024-10-15 14:00:00,31.4,0.0,58.6,314.0,6.8
2024-10-15 15:00:00,31.9,0.0,54.5,319.0,5.7
2024-10-15 16:00:00,31.3,0.0,54.1,293.0,5.4
2024-10-15 17:00:00,31.6,0.0,51.9,297.0,5.3
2024-10-15 18:00:00,31.4,0.0,53.8,284.0,4.6
2024-10-15 19:00:00,30.0,0.0,57.9,325.0,5.8
2024-10-15 20:00:00,29.4,0.0,65.4,326.0,5.5
2024-10-15 21:00:00,28.8,0.0,65.1,322.0,5.5
2024-10-15 22:00:00,28.9,0.0,64.0,323.0,5.5
2024-10-15 23:00:00,28.3,0.0,70.4,327.0,4.8
2024-10-16 00:00:00,28.2,0.0,69.1,342.0,3.9
2024-10-16 01:00:00,28.1,0.0,72.0,326.0,5.0
2024-10-16 02:00:00,27.9,0.0,72.4,332.0,4.7
2024-10-16 03:00:00,27.9,0.0,71.6,339.0,4.5
2024-10-16 04:00:00,27.8,0.0,73.0,338.0,4.7
2024-10-16 05:00:00,27.7,0.0,75.4,338.0,4.1
2024-10-16 06:00:00,27.6,0.0,76.8,323.0,4.5
2024-10-16 07:00:00,27.7,0.0,78.3,332.0,4.5
2024-10-16 08:00:00,28.2,0.0,78.1,331.0,4.2
2024-10-16 09:00:00,28.8,0.0,75.8,326.0,5.9
2024-10-16 10:00:00,30.9,0.0,69.0,347.0,4.2
2024-10-16 11:00:00,26.6,0.0,80.9,220.0,7.5
2024-10-16 12:00:00,27.0,0.0,81.9,4.0,3.0
2024-10-16 13:00:00,28.8,0.0,73.8,359.0,3.8
2024-10-16 14:00:00,27.3,0.0,71.8,223.0,6.3
2024-10-16 15:00:00,27.5,0.0,77.4,320.0,5.7
2024-10-16 16:00:00,31.0,0.0,63.0,337.0,4.0
2024-10-16 17:00:00,31.4,0.0,62.6,317.0,3.7
2024-10-16 18:00:00,30.6,0.0,63.9,313.0,4.6
2024-10-16 19:00:00,29.7,0.0,63.5,297.0,4.1
2024-10-16 20:00:00,29.3,0.0,67.9,313.0,3.6
2024-10-16 21:00:00,29.4,0.0,67.8,319.0,3.6
2024-10-16 22:00:00,29.1,0.0,72.0,310.0,3.4
2024-10-16 23:00:00,29.1,0.0,68.4,295.0,3.7
2024-10-17 00:00:00,28.9,0.0,66.5,3.0,3.7
2024-10-17 01:00:00,28.3,0.0,69.9,340.0,3.7
2024-10-17 02:00:00,28.2,0.0,71.2,27.0,4.8
2024-10-17 03:00:00,27.9,0.0,72.8,350.0,3.2
2024-10-17 04:00:00,28.2,0.0,72.5,330.0,3.1
2024-10-17 05:00:00,28.3,0.0,72.6,321.0,4.1
2024-10-17 06:00:00,27.9,0.0,75.9,18.0,4.1
2024-10-17 07:00:00,28.0,0.0,77.1,30.0,5.1
2024-10-17 08:00:00,28.4,0.0,78.7,345.0,3.4
2024-10-17 09:00:00,29.1,0.0,76.7,335.0,3.9
2024-10-17 10:00:00,29.4,0.0,72.9,295.0,3.8
2024-10-17 11:00:00,25.1,0.0,87.7,37.0,4.0
2024-10-17 12:00:00,26.5,0.0,78.1,322.0,6.7
2024-10-17 13:00:00,27.7,0.0,78.0,335.0,4.9
2024-10-17 14:00:00,28.4,0.0,72.7,292.0,3.9
2024-10-17 15:00:00,28.6,0.0,75.2,288.0,4.3
2024-10-17 16:00:00,29.0,0.0,72.3,314.0,5.3
2024-10-17 17:00:00,29.2,0.0,70.6,284.0,3.7
2024-10-17 18:00:00,29.4,0.0,70.5,328.0,3.9
2024-10-17 19:00:00,28.1,0.0,81.2,37.0,5.8
2024-10-17 20:00:00,27.8,0.0,81.9,41.0,5.8
2024-10-17 21:00:00,27.4,0.0,84.4,36.0,7.1
2024-10-17 22:00:00,27.2,0.0,84.4,40.0,5.8
2024-10-17 23:00:00,27.1,0.0,84.6,40.0,5.4
2024-10-18 00:00:00,27.2,0.0,83.6,356.0,2.5
2024-10-18 01:00:00,26.8,0.0,85.6,16.0,4.2
2024-10-18 02:00:00,26.5,0.0,86.0,344.0,3.6
2024-10-18 03:00:00,26.4,0.0,86.1,8.0,3.3
2024-10-18 04:00:00,26.4,0.0,85.7,358.0,2.6
2024-10-18 05:00:00,26.5,0.0,85.3,334.0,3.8
2024-10-18 06:00:00,26.8,0.0,84.1,325.0,5.3
2024-10-18 07:00:00,26.4,0.0,85.0,347.0,3.6
2024-10-18 08:00:00,27.2,0.0,82.8,15.0,4.0
2024-10-18 09:00:00,28.5,0.0,77.7,17.0,5.0
2024-10-18 10:00:00,29.4,0.0,72.2,330.0,6.2
2024-10-18 11:00:00,30.2,0.0,69.7,306.0,6.2
2024-10-18 12:00:00,31.6,0.0,59.8,304.0,5.8
2024-10-18 13:00:00,30.4,0.0,66.9,244.0,5.4
2024-10-18 14:00:00,29.7,0.0,67.5,296.0,4.9
2024-10-18 15:00:00,29.6,0.0,70.0,288.0,3.8
2024-10-18 16:00:00,28.2,0.0,76.9,49.0,7.7
2024-10-18 17:00:00,28.9,0.0,75.5,40.0,7.4
2024-10-18 18:00:00,29.5,0.0,70.4,355.0,4.1
2024-10-18 19:00:00,28.6,0.0,77.8,36.0,6.5
2024-10-18 20:00:00,28.3,0.0,79.3,36.0,6.0
2024-10-18 21:00:00,28.3,0.0,77.5,16.0,4.1
2024-10-18 22:00:00,27.6,0.0,83.5,24.0,5.3
2024-10-18 23:00:00,27.2,0.0,86.2,38.0,6.7
2024-10-19 00:00:00,27.4,0.0,83.9,37.0,5.8
2024-10-19 01:00:00,27.4,0.0,84.7,36.0,6.3
2024-10-19 02:00:00,27.1,0.0,86.2,37.0,6.6
2024-10-19 03:00:00,27.2,0.0,86.0,359.0,2.2
2024-10-19 04:00:00,27.2,0.0,85.7,5.0,3.5
2024-10-19 05:00:00,27.4,0.0,84.8,29.0,5.3
2024-10-19 06:00:00,27.2,0.0,86.2,353.0,3.9
2024-10-19 07:00:00,27.1,0.0,87.7,13.0,3.6
2024-10-19 08:00:00,28.1,0.0,84.0,25.0,4.8
2024-10-19 09:00:00,29.0,0.0,79.3,30.0,6.2
2024-10-19 10:00:00,30.9,0.0,64.6,318.0,4.2
2024-10-19 11:00:00,32.1,0.0,56.0,321.0,3.9
2024-10-19 12:00:00,30.4,0.0,62.4,10.0,8.5
2024-10-19 13:00:00,30.1,0.0,62.4,32.0,7.1
2024-10-19 14:00:00,26.2,0.0,91.0,8.0,8.5
2024-10-19 15:00:00,31.6,0.0,66.5,344.0,3.4
2024-10-19 16:00:00,30.9,0.0,64.4,323.0,4.1
2024-10-19 17:00:00,30.0,0.0,67.6,257.0,4.3
2024-10-19 18:00:00,29.6,0.0,69.8,339.0,4.1
2024-10-19 19:00:00,28.7,0.0,74.4,38.0,5.3
2024-10-19 20:00:00,28.2,0.0,74.3,33.0,5.0
2024-10-19 21:00:00,27.9,0.0,75.4,41.0,7.3
2024-10-19 22:00:00,27.9,0.0,75.4,29.0,5.5
2024-10-19 23:00:00,27.6,0.0,77.5,43.0,7.2
2024-10-20 00:00:00,27.6,0.0,77.5,35.0,6.4
2024-10-20 01:00:00,27.3,0.0,82.3,39.0,6.7
2024-10-20 02:00:00,26.7,0.0,79.9,18.0,6.8
2024-10-20 03:00:00,26.9,0.0,79.2,32.0,4.7
2024-10-20 04:00:00,22.9,6.2,90.0,321.0,12.0
2024-10-20 05:00:00,22.7,1.6,92.6,,
2024-10-20 06:00:00,23.3,0.2,87.3,345.0,3.5
2024-10-20 07:00:00,24.9,0.0,76.5,303.0,4.4
2024-10-20 08:00:00,24.5,0.0,82.2,324.0,3.3
2024-10-20 09:00:00,25.0,0.0,80.5,337.0,4.5
2024-10-20 10:00:00,25.2,0.0,82.6,17.0,6.3
2024-10-20 11:00:00,27.2,0.0,74.9,346.0,3.3
2024-10-20 12:00:00,28.6,0.0,70.6,335.0,4.8
2024-10-20 13:00:00,29.7,0.0,63.5,323.0,5.4
2024-10-20 14:00:00,30.5,0.0,59.3,323.0,6.1
2024-10-20 15:00:00,31.5,0.0,53.9,319.0,5.0
2024-10-20 16:00:00,31.5,0.0,52.7,310.0,3.9
2024-10-20 17:00:00,31.1,0.0,55.2,319.0,3.9
2024-10-20 18:00:00,31.0,0.0,57.4,15.0,4.3
2024-10-20 19:00:00,30.5,0.0,53.8,359.0,3.7
2024-10-20 20:00:00,30.1,0.0,57.2,11.0,3.6
2024-10-20 21:00:00,28.9,0.0,72.2,27.0,4.9
2024-10-20 22:00:00,28.8,0.0,74.0,24.0,4.6
2024-10-20 23:00:00,28.6,0.0,72.4,26.0,5.1
2024-10-21 00:00:00,27.8,0.0,79.4,29.0,5.3
2024-10-21 01:00:00,28.1,0.0,74.2,21.0,4.3
2024-10-21 02:00:00,27.9,0.0,76.5,18.0,4.3
2024-10-21 03:00:00,27.7,0.0,78.9,23.0,4.7
2024-10-21 04:00:00,27.5,0.0,82.2,32.0,5.8
2024-10-21 05:00:00,27.6,0.0,83.9,36.0,6.6
2024-10-21 06:00:00,27.6,0.0,84.3,33.0,6.3
2024-10-21 07:00:00,27.6,0.0,84.8,26.0,5.5
2024-10-21 08:00:00,28.1,0.0,82.4,25.0,5.2
2024-10-21 09:00:00,29.4,0.0,76.8,28.0,5.5
2024-10-21 10:00:00,31.0,0.0,63.0,12.0,4.0
2024-10-21 11:00:00,30.4,0.0,67.3,32.0,5.6
2024-10-21 12:00:00,33.3,0.0,55.7,356.0,4.3
2024-10-21 13:00:00,31.4,0.0,66.4,287.0,4.4
2024-10-21 14:00:00,32.6,0.0,60.5,302.0,4.4
2024-10-21 15:00:00,33.3,0.0,56.5,316.0,4.5
2024-10-21 16:00:00,34.3,0.0,40.5,309.0,6.5
2024-10-21 17:00:00,34.5,0.0,38.7,336.0,5.8
2024-10-21 21:00:00,,0.0,,,
2024-10-21 22:00:00,29.8,0.0,74.8,31.0,5.1
2024-10-21 23:00:00,29.4,0.0,76.8,35.0,5.6
2024-10-22 00:00:00,29.2,0.0,78.0,25.0,5.3
2024-10-22 01:00:00,29.1,0.0,77.9,16.0,4.8
2024-10-22 02:00:00,28.9,0.0,79.7,27.0,5.4
2024-10-22 03:00:00,28.4,0.0,83.5,33.0,6.1
2024-10-22 04:00:00,28.2,0.0,84.0,31.0,6.4
2024-10-22 05:00:00,28.0,0.0,85.2,29.0,6.1
2024-10-22 06:00:00,28.1,0.0,84.7,33.0,6.7
2024-10-22 07:00:00,27.8,0.0,87.2,37.0,6.8
2024-10-22 08:00:00,28.3,0.0,85.0,25.0,6.0
2024-10-22 09:00:00,29.4,0.0,77.8,26.0,5.9
2024-10-22 10:00:00,30.6,0.0,69.1,23.0,5.0
2024-10-22 11:00:00,31.0,0.0,70.4,274.0,4.4
2024-10-22 12:00:00,32.0,0.0,62.9,275.0,4.1
2024-10-22 13:00:00,31.5,0.0,64.0,294.0,4.3
2024-10-22 14:00:00,30.8,0.0,73.9,294.0,3.9
2024-10-22 15:00:00,33.3,0.0,54.2,309.0,5.6
2024-10-22 16:00:00,33.6,0.0,55.9,297.0,5.1
2024-10-22 17:00:00,33.4,0.0,50.2,303.0,6.1
2024-10-22 18:00:00,32.0,0.0,58.0,296.0,3.9
2024-10-22 19:00:00,30.9,0.0,65.1,306.0,4.1
2024-10-22 20:00:00,29.9,0.0,73.9,40.0,6.7
2024-10-22 21:00:00,29.8,0.0,75.1,10.0,4.2
2024-10-22 22:00:00,29.7,0.0,75.1,15.0,4.9
2024-10-22 23:00:00,29.4,0.0,74.9,19.0,4.3
2024-10-23 00:00:00,29.3,0.0,75.0,27.0,5.7
2024-10-23 01:00:00,28.9,0.0,79.6,28.0,5.0
2024-10-23 02:00:00,28.5,0.0,82.6,25.0,5.9
2024-10-23 03:00:00,28.4,0.0,83.5,31.0,6.5
2024-10-23 04:00:00,28.3,0.0,83.2,30.0,6.5
2024-10-23 05:00:00,28.2,0.0,84.3,26.0,5.8
2024-10-23 06:00:00,28.3,0.0,81.7,326.0,4.0
2024-10-23 07:00:00,28.4,0.0,79.8,322.0,3.9
2024-10-23 08:00:00,29.2,0.0,75.9,326.0,4.1
2024-10-23 09:00:00,28.6,0.0,63.4,315.0,5.2
2024-10-23 10:00:00,30.7,0.0,57.9,328.0,5.8
2024-10-23 11:00:00,32.2,0.0,57.6,316.0,4.5
2024-10-23 12:00:00,32.9,0.0,54.8,315.0,6.0
2024-10-23 13:00:00,32.8,0.0,56.3,258.0,5.3
2024-10-23 14:00:00,34.3,0.0,52.1,293.0,5.8
2024-10-23 15:00:00,33.9,0.0,51.0,309.0,7.5
2024-10-23 16:00:00,33.0,0.0,55.1,300.0,5.1
2024-10-23 17:00:00,32.6,0.0,55.3,308.0,6.3
2024-10-23 18:00:00,31.5,0.0,64.3,297.0,4.8
2024-10-23 19:00:00,31.3,0.0,62.1,337.0,4.9
2024-10-23 20:00:00,29.5,0.0,73.1,43.0,7.0
2024-10-23 21:00:00,29.7,0.0,71.2,28.0,6.2
2024-10-23 22:00:00,29.0,0.0,77.7,40.0,6.2
2024-10-23 23:00:00,28.7,0.0,77.7,39.0,6.8
2024-10-24 00:00:00,28.5,0.0,80.4,30.0,6.0
2024-10-24 01:00:00,28.1,0.0,81.0,41.0,6.7
2024-10-24 02:00:00,27.9,0.0,78.9,42.0,6.8
2024-10-24 03:00:00,27.9,0.0,78.2,36.0,5.9
2024-10-24 04:00:00,28.2,0.0,76.4,33.0,5.5
2024-10-24 05:00:00,28.1,0.0,73.3,39.0,6.3
2024-10-24 06:00:00,28.0,0.0,72.6,34.0,5.4
2024-10-24 07:00:00,28.0,0.0,73.7,348.0,2.9
2024-10-24 08:00:00,28.6,0.0,72.2,35.0,5.4
2024-10-24 09:00:00,29.2,0.0,76.4,42.0,6.9
2024-10-24 10:00:00,30.3,0.0,69.0,34.0,7.1
2024-10-24 11:00:00,30.8,0.0,69.0,309.0,5.5
2024-10-24 12:00:00,31.5,0.0,64.5,326.0,3.7
2024-10-24 13:00:00,32.0,0.0,61.4,297.0,4.1
2024-10-24 14:00:00,32.4,0.0,58.3,252.0,4.5
2024-10-24 15:00:00,32.8,0.0,57.1,266.0,5.4
2024-10-24 16:00:00,32.0,0.0,58.8,224.0,6.5
2024-10-24 17:00:00,31.1,0.0,60.0,308.0,3.9
2024-10-24 18:00:00,29.2,0.0,70.6,27.0,7.2
2024-10-25 08:00:00,,0.0,,,
2024-10-25 09:00:00,28.8,0.0,72.0,288.0,3.7
2024-10-25 10:00:00,31.0,0.0,64.4,321.0,3.6
2024-10-25 11:00:00,31.3,0.0,66.6,264.0,5.4
2024-10-25 12:00:00,31.8,0.0,66.5,262.0,6.0
2024-10-25 13:00:00,32.0,0.0,61.7,285.0,6.5
2024-10-25 14:00:00,32.9,0.0,58.1,308.0,7.2
2024-10-25 15:00:00,31.4,0.0,59.1,317.0,7.2
2024-10-25 16:00:00,,0.0,,,
2024-10-25 20:00:00,29.8,0.0,72.6,325.0,5.5
2024-10-25 21:00:00,29.7,0.0,73.3,325.0,5.5
2024-10-25 22:00:00,29.4,0.0,72.5,334.0,5.0
2024-10-25 23:00:00,29.1,0.0,74.2,338.0,5.8
2024-10-26 00:00:00,29.0,0.0,74.3,346.0,4.3
2024-10-26 01:00:00,28.9,0.0,73.7,335.0,6.2
2024-10-26 02:00:00,28.6,0.0,69.8,334.0,6.8
2024-10-26 03:00:00,28.4,0.0,68.6,324.0,5.8
2024-10-26 04:00:00,28.2,0.0,68.8,317.0,6.1
2024-10-26 05:00:00,28.0,0.0,71.0,318.0,6.0
2024-10-26 06:00:00,28.2,0.0,72.3,318.0,5.1
2024-10-26 07:00:00,28.0,0.0,75.9,328.0,5.2
2024-10-26 08:00:00,28.7,0.0,75.7,321.0,5.5
2024-10-26 09:00:00,30.0,0.0,71.2,328.0,5.1
2024-10-26 10:00:00,31.0,0.0,61.9,302.0,6.5
2024-10-26 11:00:00,31.6,0.0,55.6,286.0,6.4
2024-10-26 12:00:00,32.3,0.0,55.0,283.0,5.8
2024-10-26 13:00:00,32.6,0.0,52.9,300.0,6.9
2024-10-26 14:00:00,33.0,0.0,50.3,295.0,7.6
2024-10-26 15:00:00,32.5,0.0,52.1,307.0,7.1
2024-10-26 16:00:00,32.1,0.0,49.6,279.0,5.7
2024-10-26 17:00:00,32.8,0.0,49.6,315.0,5.1
2024-10-26 18:00:00,32.3,0.0,49.9,303.0,5.0
2024-10-26 19:00:00,31.7,0.0,55.9,316.0,5.0
2024-10-26 20:00:00,31.0,0.0,61.9,320.0,5.7
2024-10-26 21:00:00,30.6,0.0,66.5,327.0,4.4
2024-10-26 22:00:00,30.1,0.0,72.2,273.0,3.7
2024-10-26 23:00:00,30.1,0.0,72.4,304.0,4.7
2024-10-27 00:00:00,29.7,0.0,74.7,322.0,3.9
2024-10-27 01:00:00,29.8,0.0,70.0,317.0,5.8
2024-10-27 02:00:00,29.4,0.0,74.2,330.0,5.6
2024-10-27 03:00:00,29.0,0.0,75.8,338.0,6.4
2024-10-27 04:00:00,28.6,0.0,70.4,327.0,5.5
2024-10-27 05:00:00,28.3,0.0,71.9,346.0,3.5
2024-10-27 06:00:00,28.3,0.0,75.8,314.0,5.2
2024-10-27 07:00:00,28.3,0.0,76.9,329.0,4.6
2024-10-27 08:00:00,29.1,0.0,75.1,332.0,5.3
2024-10-27 09:00:00,29.8,0.0,73.3,334.0,5.9
2024-10-27 10:00:00,30.9,0.0,64.5,321.0,6.9
2024-10-27 11:00:00,32.1,0.0,58.9,278.0,6.4
2024-10-27 12:00:00,33.2,0.0,52.8,300.0,6.1
2024-10-27 13:00:00,33.2,0.0,49.8,290.0,7.1
2024-10-27 14:00:00,33.6,0.0,50.5,322.0,7.6
2024-10-27 15:00:00,33.6,0.0,46.5,301.0,6.2
2024-10-27 16:00:00,33.8,0.0,49.0,299.0,7.0
2024-10-27 17:00:00,33.1,0.0,53.5,307.0,7.4
2024-10-27 18:00:00,32.9,0.0,53.0,314.0,6.1
2024-10-27 19:00:00,32.1,0.0,55.3,303.0,5.1
2024-10-27 20:00:00,31.8,0.0,56.1,322.0,4.2
2024-10-27 21:00:00,31.2,0.0,61.9,294.0,3.9
2024-10-27 22:00:00,30.9,0.0,64.6,289.0,3.7
2024-10-27 23:00:00,30.6,0.0,67.7,300.0,4.0
2024-10-28 00:00:00,29.7,0.0,76.4,291.0,4.1
2024-10-28 01:00:00,29.6,0.0,76.2,287.0,3.8
2024-10-28 02:00:00,29.6,0.0,76.9,326.0,4.2
2024-10-28 03:00:00,29.5,0.0,77.4,307.0,3.8
2024-10-28 04:00:00,29.5,0.0,75.3,338.0,4.4
2024-10-28 05:00:00,29.5,0.0,76.7,333.0,5.1
2024-10-28 06:00:00,29.3,0.0,77.6,332.0,4.7
2024-10-28 07:00:00,29.8,0.0,75.6,324.0,4.7
2024-10-28 08:00:00,29.4,0.0,72.3,322.0,6.3
2024-10-28 09:00:00,29.8,0.0,72.1,336.0,5.6
2024-10-28 10:00:00,29.6,0.0,74.4,346.0,6.3
2024-10-28 11:00:00,31.4,0.0,57.8,305.0,4.7
2024-10-28 12:00:00,32.2,0.0,51.7,300.0,6.6
2024-10-28 13:00:00,32.5,0.0,52.0,306.0,6.8
2024-10-28 14:00:00,33.4,0.0,49.9,313.0,5.7
2024-10-28 15:00:00,34.6,0.0,44.9,314.0,6.5
2024-10-28 16:00:00,32.6,0.0,52.4,252.0,5.7
2024-10-28 17:00:00,32.4,0.0,54.3,296.0,5.6
2024-10-28 18:00:00,31.8,0.0,57.7,260.0,5.4
2024-10-28 19:00:00,30.7,0.0,65.0,275.0,4.5
2024-10-28 20:00:00,30.1,0.0,70.5,290.0,4.1
2024-10-28 21:00:00,30.0,0.0,73.0,311.0,4.1
2024-10-28 22:00:00,29.8,0.0,71.7,310.0,3.8
2024-10-28 23:00:00,29.7,0.0,71.0,325.0,4.2
2024-10-29 00:00:00,29.7,0.0,70.8,319.0,4.1
2024-10-29 01:00:00,29.6,0.0,70.9,277.0,3.6
2024-10-29 02:00:00,29.4,0.0,72.9,303.0,3.6
2024-10-29 03:00:00,29.1,0.0,75.0,304.0,3.5
2024-10-29 04:00:00,29.0,0.0,77.2,292.0,3.5
2024-10-29 05:00:00,29.1,0.0,74.1,260.0,4.0
2024-10-29 06:00:00,29.0,0.0,73.4,289.0,3.5
2024-10-29 07:00:00,29.1,0.0,73.2,285.0,3.7
2024-10-29 08:00:00,29.4,0.0,74.7,294.0,3.9
2024-10-29 09:00:00,30.4,0.0,71.4,256.0,4.2
2024-10-29 10:00:00,32.2,0.0,65.0,259.0,4.8
2024-10-29 11:00:00,32.5,0.0,62.3,300.0,6.7
2024-10-29 12:00:00,32.9,0.0,58.7,303.0,5.1
2024-10-29 13:00:00,33.4,0.0,56.4,286.0,4.9
2024-10-29 14:00:00,32.8,0.0,57.9,261.0,5.0
2024-10-29 15:00:00,33.0,0.0,57.9,254.0,6.0
2024-10-29 16:00:00,33.4,0.0,57.6,293.0,6.3
2024-10-29 17:00:00,32.9,0.0,57.4,279.0,4.8
2024-10-29 18:00:00,32.1,0.0,60.8,300.0,4.1
2024-10-29 19:00:00,31.1,0.0,65.3,2.0,5.7
2024-10-29 20:00:00,30.6,0.0,66.8,17.0,5.7
2024-10-29 21:00:00,30.4,0.0,68.8,8.0,4.5
2024-10-29 22:00:00,30.0,0.0,72.8,18.0,6.1
2024-10-29 23:00:00,29.8,0.0,73.6,355.0,4.6
2024-10-30 00:00:00,29.3,0.0,75.6,348.0,3.5
2024-10-30 01:00:00,29.5,0.0,74.5,341.0,4.6
2024-10-30 02:00:00,29.4,0.0,74.2,358.0,3.8
2024-10-30 03:00:00,29.0,0.0,76.3,326.0,5.1
2024-10-30 04:00:00,28.6,0.0,78.4,347.0,4.0
2024-10-30 05:00:00,28.5,0.0,78.3,327.0,5.5
2024-10-30 06:00:00,28.6,0.0,77.8,322.0,5.7
2024-10-30 07:00:00,28.2,0.0,81.5,309.0,6.5
2024-10-30 08:00:00,28.7,0.0,78.2,337.0,5.2
2024-10-30 09:00:00,30.0,0.0,73.5,326.0,5.1
2024-10-30 10:00:00,30.7,0.0,68.8,319.0,6.4
2024-10-30 11:00:00,32.6,0.0,59.6,299.0,4.2
2024-10-30 12:00:00,32.7,0.0,57.1,304.0,6.3
2024-10-30 13:00:00,33.3,0.0,56.1,300.0,6.5
2024-10-30 14:00:00,32.7,0.0,55.4,221.0,6.1
2024-10-30 15:00:00,31.9,0.0,58.1,299.0,5.6
2024-10-30 16:00:00,32.7,0.0,57.1,328.0,6.1
2024-10-30 17:00:00,32.8,0.0,56.5,316.0,5.9
2024-10-30 18:00:00,32.4,0.0,56.9,309.0,5.7
2024-10-30 19:00:00,31.6,0.0,60.5,262.0,3.7
2024-10-30 20:00:00,31.2,0.0,62.3,282.0,3.6
2024-10-30 21:00:00,31.0,0.0,62.9,345.0,5.2
2024-10-30 22:00:00,30.3,0.0,67.6,346.0,4.7
2024-10-30 23:00:00,30.2,0.0,66.7,10.0,4.8
2024-10-31 00:00:00,29.8,0.0,68.0,336.0,4.9
2024-10-31 01:00:00,29.9,0.0,67.0,358.0,3.4
2024-10-31 02:00:00,29.1,0.0,75.9,39.0,5.7
2024-10-31 03:00:00,29.1,0.0,74.4,29.0,4.9
2024-10-31 04:00:00,29.2,0.0,70.7,15.0,5.1
2024-10-31 05:00:00,29.2,0.0,71.3,16.0,4.8
2024-10-31 06:00:00,28.9,0.0,74.3,339.0,4.6
2024-10-31 07:00:00,28.8,0.0,73.0,319.0,4.4
2024-10-31 08:00:00,29.2,0.0,69.3,334.0,5.3
2024-10-31 09:00:00,30.1,0.0,62.2,330.0,5.6
2024-10-31 10:00:00,31.3,0.0,56.7,315.0,5.1
2024-10-31 11:00:00,26.9,0.2,75.9,317.0,8.2
2024-10-31 12:00:00,29.8,0.0,70.5,326.0,5.9
2024-10-31 13:00:00,32.6,0.0,59.5,310.0,6.4
2024-10-31 14:00:00,31.7,0.0,59.9,296.0,6.8
2024-10-31 15:00:00,30.8,0.0,64.5,293.0,6.3
2024-10-31 16:00:00,31.4,0.0,61.5,324.0,5.2
2024-10-31 17:00:00,31.7,0.0,61.2,319.0,4.8
2024-10-31 18:00:00,31.9,0.0,55.5,334.0,5.6
2024-10-31 19:00:00,31.1,0.0,56.3,328.0,6.1
2024-10-31 20:00:00,30.8,0.0,55.5,313.0,6.2
2024-10-31 21:00:00,30.3,0.0,60.3,343.0,4.7
2024-10-31 22:00:00,30.2,0.0,62.9,342.0,5.3
2024-10-31 23:00:00,29.8,0.0,67.8,342.0,4.8
2024-11-01 00:00:00,29.7,0.0,69.6,317.0,5.6
2024-11-01 01:00:00,29.4,0.0,71.8,342.0,4.1
2024-11-01 02:00:00,29.1,0.0,73.6,328.0,4.7
2024-11-01 03:00:00,29.1,0.0,74.2,334.0,5.1
2024-11-01 04:00:00,28.8,0.0,67.5,321.0,7.3
2024-11-01 05:00:00,27.4,0.0,70.6,324.0,6.9
2024-11-01 06:00:00,27.2,0.0,75.0,344.0,5.0
2024-11-01 07:00:00,27.1,0.0,80.4,337.0,5.3
2024-11-01 08:00:00,28.1,0.0,75.7,344.0,5.6
2024-11-01 09:00:00,29.1,0.0,69.6,331.0,7.3
2024-11-01 10:00:00,30.8,0.0,63.9,347.0,7.3
2024-11-01 11:00:00,32.3,0.0,58.6,333.0,6.7
2024-11-01 12:00:00,33.2,0.0,55.7,332.0,5.9
2024-11-01 13:00:00,34.0,0.0,51.6,329.0,6.6
2024-11-01 14:00:00,30.4,0.0,65.1,355.0,7.8
2024-11-01 15:00:00,27.7,0.0,76.0,16.0,4.6
2024-11-01 16:00:00,27.2,0.0,82.9,37.0,6.7
2024-11-01 17:00:00,27.7,0.0,78.9,19.0,4.8
2024-11-01 18:00:00,28.0,0.0,78.9,27.0,4.7
2024-11-01 19:00:00,27.7,0.0,81.6,42.0,6.7
2024-11-01 20:00:00,27.8,0.0,79.0,34.0,5.7
2024-11-01 21:00:00,27.9,0.0,81.3,36.0,6.7
2024-11-01 22:00:00,27.8,0.0,82.1,44.0,6.7
2024-11-01 23:00:00,27.9,0.0,79.9,43.0,6.3
2024-11-02 00:00:00,28.0,0.0,78.5,35.0,5.1
2024-11-02 01:00:00,28.2,0.0,75.1,13.0,3.8
2024-11-02 02:00:00,28.3,0.0,77.1,19.0,4.4
2024-11-02 03:00:00,28.0,0.0,77.7,44.0,6.1
2024-11-02 04:00:00,28.0,0.0,74.8,26.0,4.6
2024-11-02 05:00:00,28.0,0.0,76.8,39.0,5.6
2024-11-02 06:00:00,27.9,0.0,81.6,37.0,5.8
2024-11-02 07:00:00,27.6,0.0,84.8,30.0,5.8
2024-11-02 08:00:00,28.3,0.0,81.5,35.0,5.8
2024-11-02 09:00:00,29.2,0.0,74.3,16.0,6.3
2024-11-02 10:00:00,29.9,0.0,69.7,357.0,5.2
2024-11-02 11:00:00,31.0,0.0,62.7,316.0,8.7
2024-11-02 12:00:00,30.1,0.0,66.0,314.0,7.7
2024-11-02 13:00:00,27.9,0.0,77.4,291.0,6.2
2024-11-02 14:00:00,27.2,0.0,75.2,301.0,6.2
2024-11-02 15:00:00,26.9,0.0,77.2,323.0,5.5
2024-11-02 16:00:00,27.6,0.0,79.0,329.0,5.0
2024-11-02 17:00:00,28.2,0.0,75.9,346.0,5.8
2024-11-02 18:00:00,28.5,0.0,75.6,334.0,5.6
2024-11-02 19:00:00,27.9,0.0,77.6,334.0,5.0
2024-11-02 20:00:00,28.0,0.0,75.3,323.0,5.7
2024-11-02 21:00:00,27.8,0.0,77.4,325.0,5.4
2024-11-02 22:00:00,27.9,0.0,78.2,348.0,3.4
2024-11-02 23:00:00,28.2,0.0,77.3,7.0,3.3
2024-11-03 00:00:00,28.3,0.0,77.1,352.0,2.5
2024-11-03 01:00:00,28.4,0.0,76.2,352.0,3.4
2024-11-03 02:00:00,28.3,0.0,77.0,329.0,4.8
2024-11-03 03:00:00,28.0,0.0,78.8,336.0,4.3
2024-11-03 04:00:00,27.8,0.0,78.5,324.0,4.8
2024-11-03 05:00:00,27.5,0.0,79.5,347.0,3.4
2024-11-03 06:00:00,27.4,0.0,79.8,344.0,3.9
2024-11-03 07:00:00,27.5,0.0,79.5,329.0,4.7
2024-11-03 08:00:00,28.1,0.0,77.7,318.0,4.8
2024-11-03 09:00:00,29.3,0.0,74.2,327.0,4.3
2024-11-03 10:00:00,30.9,0.0,64.4,316.0,5.7
2024-11-03 11:00:00,32.2,0.0,57.0,330.0,7.0
2024-11-03 12:00:00,32.9,0.0,52.1,330.0,6.1
2024-11-03 13:00:00,29.2,0.0,71.0,290.0,5.5
2024-11-03 14:00:00,30.0,0.0,66.4,308.0,3.9
2024-11-03 15:00:00,27.6,0.0,75.7,49.0,6.6
2024-11-03 16:00:00,28.8,0.0,72.2,28.0,5.5
2024-11-03 17:00:00,27.7,0.0,76.8,40.0,7.4
2024-11-03 18:00:00,27.9,0.0,76.4,48.0,7.0
2024-11-03 19:00:00,27.8,0.0,76.7,12.0,3.8
2024-11-03 20:00:00,27.4,0.0,78.8,47.0,7.0
2024-11-03 21:00:00,27.3,0.0,78.4,44.0,6.2
2024-11-03 22:00:00,27.3,0.0,78.4,41.0,6.2
2024-11-03 23:00:00,27.5,0.0,77.9,24.0,4.2
2024-11-04 00:00:00,27.6,0.0,76.9,26.0,5.2
2024-11-04 01:00:00,27.5,0.0,76.5,44.0,6.6
2024-11-04 02:00:00,27.4,0.0,76.2,34.0,5.6
2024-11-04 03:00:00,27.3,0.0,79.6,42.0,5.9
2024-11-04 04:00:00,27.2,0.0,80.9,20.0,4.4
2024-11-04 05:00:00,27.1,0.0,81.1,7.0,4.0
2024-11-04 06:00:00,27.0,0.0,81.3,14.0,3.7
2024-11-04 07:00:00,27.6,0.0,79.0,28.0,4.9
2024-11-04 08:00:00,24.5,1.2,88.1,324.0,7.2
2024-11-04 09:00:00,24.1,0.0,93.8,324.0,5.4
2024-11-04 10:00:00,25.0,0.4,90.7,350.0,5.5
2024-11-04 11:00:00,25.5,0.0,88.7,326.0,4.2
2024-11-04 12:00:00,26.6,0.0,86.3,328.0,4.2
2024-11-04 13:00:00,28.7,0.0,77.1,323.0,4.9
2024-11-04 14:00:00,29.2,0.0,73.2,278.0,4.4
2024-11-04 15:00:00,30.0,0.0,69.5,320.0,5.5
2024-11-04 16:00:00,29.6,0.0,69.3,320.0,5.9
2024-11-04 17:00:00,29.5,0.0,68.6,313.0,6.1
2024-11-04 18:00:00,29.2,0.0,67.4,318.0,5.6
2024-11-04 19:00:00,28.7,0.0,68.3,297.0,4.3
2024-11-04 20:00:00,28.3,0.0,68.9,260.0,3.4
2024-11-04 21:00:00,28.1,0.0,70.4,306.0,3.8
2024-11-04 22:00:00,28.1,0.0,72.0,342.0,3.3
2024-11-04 23:00:00,28.1,0.0,72.1,19.0,4.4
2024-11-05 00:00:00,27.8,0.0,73.9,355.0,3.5
2024-11-05 01:00:00,27.7,0.0,74.5,350.0,2.9
2024-11-05 02:00:00,27.7,0.0,74.5,27.0,4.2
2024-11-05 03:00:00,27.4,0.0,75.4,22.0,4.3
2024-11-05 04:00:00,27.1,0.0,77.9,357.0,3.3
2024-11-05 05:00:00,27.2,0.0,80.1,13.0,3.6
2024-11-05 06:00:00,27.1,0.0,81.0,21.0,4.4
2024-11-05 07:00:00,27.1,0.0,82.6,345.0,2.9
2024-11-05 08:00:00,27.8,0.0,79.3,24.0,5.8
2024-11-05 09:00:00,29.0,0.0,71.1,308.0,3.7
2024-11-05 10:00:00,30.8,0.0,64.0,291.0,5.2
2024-11-05 11:00:00,31.9,0.0,58.8,300.0,4.7
2024-11-05 12:00:00,32.3,0.0,59.1,268.0,5.1
2024-11-05 13:00:00,32.5,0.0,57.3,285.0,4.4
2024-11-05 14:00:00,30.2,0.0,66.9,272.0,5.2
2024-11-05 15:00:00,29.4,0.0,73.3,292.0,5.3
2024-11-05 16:00:00,29.9,0.0,71.2,285.0,4.2
2024-11-05 17:00:00,30.0,0.0,68.2,276.0,4.9
2024-11-05 18:00:00,29.8,0.0,68.4,255.0,4.9
2024-11-05 19:00:00,29.8,0.0,68.4,255.0,4.9
2024-11-05 20:00:00,29.8,0.0,68.4,255.0,4.9
2024-11-05 21:00:00,29.8,0.0,68.4,255.0,4.9
2024-11-05 22:00:00,29.8,0.0,68.4,255.0,4.9
2024-11-05 23:00:00,29.8,0.0,68.4,255.0,4.9
2024-11-06 00:00:00,29.8,0.0,68.4,255.0,4.9
2024-11-06 01:00:00,29.8,0.0,68.4,255.0,4.9
2024-11-06 02:00:00,29.8,0.0,68.4,255.0,4.9
2024-11-06 03:00:00,29.8,0.0,68.4,255.0,4.9
2024-11-06 04:00:00,29.8,0.0,68.4,255.0,4.9
2024-11-06 05:00:00,29.8,0.0,68.4,255.0,4.9
2024-11-06 06:00:00,29.8,0.0,68.4,255.0,4.9
2024-11-06 07:00:00,29.8,0.0,68.4,255.0,4.9
2024-11-06 10:00:00,27.1,0.0,76.6,312.0,5.4
2024-11-06 11:00:00,28.0,0.0,73.7,320.0,5.5
2024-11-06 12:00:00,28.5,0.0,70.0,334.0,4.6
2024-11-06 13:00:00,29.8,0.0,66.8,340.0,5.2
2024-11-06 14:00:00,29.7,0.0,64.9,319.0,6.2
2024-11-06 15:00:00,30.9,0.0,62.0,336.0,4.3
2024-11-06 16:00:00,31.9,0.0,59.7,327.0,5.5
2024-11-06 17:00:00,30.8,0.0,64.7,273.0,4.5
2024-11-06 18:00:00,30.9,0.0,64.5,297.0,5.2
2024-11-06 19:00:00,30.9,0.0,64.5,321.0,4.8
2024-11-06 20:00:00,30.9,0.0,64.5,308.0,3.5
2024-11-06 21:00:00,30.9,0.0,64.5,26.0,5.1
2024-11-06 22:00:00,30.9,0.0,64.5,44.0,7.1
2024-11-06 23:00:00,30.9,0.0,64.5,43.0,6.6
2024-11-07 00:00:00,30.9,0.0,64.5,37.0,5.7
2024-11-07 01:00:00,30.9,0.0,64.5,31.0,6.4
2024-11-07 02:00:00,30.9,0.0,64.5,4.0,4.7
2024-11-07 03:00:00,30.9,0.0,64.5,336.0,4.4
2024-11-07 04:00:00,30.9,0.0,64.5,10.0,3.7
2024-11-07 05:00:00,30.9,0.0,64.5,8.0,3.7
2024-11-07 06:00:00,30.9,0.0,64.5,13.0,4.1
2024-11-07 07:00:00,26.9,0.0,77.9,7.0,4.1
2024-11-07 08:00:00,27.0,0.0,77.8,325.0,4.9
2024-11-07 09:00:00,27.0,0.0,77.8,14.0,5.6
2024-11-07 10:00:00,27.0,0.0,77.8,313.0,6.2
2024-11-07 11:00:00,27.0,0.0,77.8,298.0,5.6
2024-11-07 12:00:00,27.0,0.0,77.8,306.0,6.0
2024-11-07 13:00:00,27.0,0.0,77.8,290.0,4.7
2024-11-07 14:00:00,27.0,0.0,77.8,288.0,5.4
2024-11-07 15:00:00,29.4,0.0,72.2,233.0,5.5
2024-11-07 16:00:00,29.5,0.0,72.4,269.0,5.4
2024-11-07 17:00:00,26.6,0.0,88.5,30.0,9.5
2024-11-07 18:00:00,27.3,0.0,84.1,16.0,5.2
2024-11-07 19:00:00,27.6,0.0,81.7,29.0,5.5
2024-11-07 20:00:00,27.8,0.0,81.9,22.0,5.0
2024-11-07 21:00:00,28.0,0.0,80.4,15.0,3.7
2024-11-07 22:00:00,28.0,0.0,80.1,345.0,2.9
2024-11-07 23:00:00,28.2,0.0,79.9,1.0,4.0
2024-11-08 00:00:00,27.9,0.0,83.1,22.0,4.7
2024-11-08 01:00:00,27.7,0.0,82.6,18.0,4.6
2024-11-08 02:00:00,27.4,0.0,84.5,39.0,5.5
2024-11-08 03:00:00,27.5,0.0,84.2,26.0,5.7
2024-11-08 04:00:00,27.2,0.0,86.8,35.0,6.0
2024-11-08 05:00:00,26.8,0.0,88.0,40.0,6.3
2024-11-08 06:00:00,27.0,0.0,86.3,8.0,4.7
2024-11-08 07:00:00,25.9,0.0,82.6,329.0,4.0
2024-11-08 08:00:00,24.8,0.2,90.2,344.0,6.8
2024-11-08 09:00:00,26.0,0.0,85.0,318.0,5.0
2024-11-08 10:00:00,27.9,0.0,76.3,319.0,6.0
2024-11-08 11:00:00,30.3,0.0,65.8,335.0,5.7
2024-11-08 12:00:00,31.6,0.0,55.0,327.0,5.9
2024-11-08 13:00:00,31.2,0.0,61.1,334.0,6.0
2024-11-08 14:00:00,31.8,0.0,57.3,322.0,6.5
2024-11-08 15:00:00,32.3,0.0,57.0,335.0,5.7
2024-11-08 16:00:00,32.7,0.0,55.1,313.0,6.7
2024-11-08 17:00:00,31.9,0.0,53.2,299.0,6.0
2024-11-08 18:00:00,31.8,0.0,52.2,315.0,6.2
2024-11-08 19:00:00,30.5,0.0,56.8,322.0,5.5
2024-11-08 20:00:00,30.0,0.0,55.8,320.0,5.8
2024-11-08 21:00:00,29.7,0.0,56.9,319.0,5.6
2024-11-08 22:00:00,29.3,0.0,62.5,331.0,4.8
2024-11-08 23:00:00,28.7,0.0,67.6,343.0,3.8
2024-11-09 00:00:00,28.7,0.0,65.8,325.0,5.2
2024-11-09 01:00:00,28.7,0.0,65.3,1.0,4.1
2024-11-09 02:00:00,28.4,0.0,69.7,325.0,5.4
2024-11-09 03:00:00,28.0,0.0,74.9,329.0,5.1
2024-11-09 04:00:00,27.6,0.0,76.9,345.0,3.5
2024-11-09 05:00:00,27.7,0.0,77.0,14.0,3.8
2024-11-09 06:00:00,27.7,0.0,76.4,21.0,4.9
2024-11-09 07:00:00,27.3,0.0,78.9,33.0,4.8
2024-11-09 08:00:00,28.1,0.0,75.7,15.0,3.9
2024-11-09 09:00:00,28.9,0.0,72.6,2.0,4.5
2024-11-09 10:00:00,31.1,0.0,64.1,337.0,5.1
2024-11-09 11:00:00,31.2,0.0,62.2,14.0,5.7
2024-11-09 12:00:00,26.2,0.4,86.8,353.0,4.7
2024-11-09 13:00:00,30.2,0.0,66.3,25.0,4.7
2024-11-09 14:00:00,30.1,0.0,69.3,297.0,4.5
2024-11-09 15:00:00,29.3,0.0,74.8,307.0,5.3
2024-11-09 16:00:00,29.4,0.0,72.7,333.0,5.1
2024-11-09 17:00:00,29.4,0.0,72.5,300.0,4.0
2024-11-09 18:00:00,28.9,0.0,73.4,27.0,5.5
2024-11-09 19:00:00,28.5,0.0,73.9,279.0,3.6
2024-11-09 20:00:00,28.5,0.0,72.6,336.0,3.9
2024-11-09 21:00:00,28.6,0.0,73.7,26.0,5.4
2024-11-09 22:00:00,28.4,0.0,75.9,35.0,5.6
2024-11-09 23:00:00,27.9,0.0,78.6,27.0,4.9
2024-11-10 00:00:00,28.1,0.0,76.9,338.0,3.5
2024-11-10 01:00:00,28.1,0.0,79.3,11.0,3.6
2024-11-10 02:00:00,27.8,0.0,80.7,5.0,3.5
2024-11-10 03:00:00,27.7,0.0,81.1,358.0,3.7
2024-11-10 04:00:00,27.8,0.0,80.8,320.0,4.2
2024-11-10 05:00:00,27.7,0.0,82.6,351.0,3.1
2024-11-10 06:00:00,27.4,0.0,82.7,340.0,4.2
2024-11-10 07:00:00,26.0,0.2,84.7,315.0,6.4
2024-11-10 08:00:00,24.3,7.2,92.8,297.0,6.3
2024-11-10 09:00:00,24.8,0.2,94.6,353.0,6.2
2024-11-10 10:00:00,26.5,0.0,81.4,309.0,6.5
2024-11-10 11:00:00,28.7,0.0,72.1,307.0,6.5
2024-11-10 12:00:00,29.4,0.0,70.4,325.0,6.5
2024-11-10 13:00:00,30.9,0.0,61.9,351.0,5.1
2024-11-10 14:00:00,32.3,0.0,61.0,354.0,4.2
2024-11-10 15:00:00,31.1,0.0,65.3,254.0,4.5
2024-11-10 16:00:00,31.3,0.0,61.9,299.0,5.5
2024-11-10 17:00:00,30.4,0.0,66.3,18.0,5.1
2024-11-10 18:00:00,28.6,0.0,74.5,12.0,7.7
2024-11-10 19:00:00,26.0,0.0,84.5,9.0,6.2
2024-11-10 20:00:00,26.5,0.0,80.6,12.0,4.7
2024-11-10 21:00:00,26.9,0.0,76.7,19.0,5.0
2024-11-10 22:00:00,26.9,0.0,79.4,16.0,4.8
2024-11-10 23:00:00,27.0,0.0,80.1,14.0,4.1
2024-11-11 00:00:00,26.9,0.0,78.7,355.0,2.9
2024-11-11 01:00:00,27.0,0.0,79.2,353.0,2.9
2024-11-11 02:00:00,27.1,0.0,78.8,1.0,2.9
2024-11-11 03:00:00,27.0,0.0,80.0,14.0,3.6
2024-11-11 04:00:00,27.0,0.0,80.8,35.0,5.4
2024-11-11 05:00:00,26.8,0.0,81.0,26.0,4.5
2024-11-11 06:00:00,26.8,0.0,82.7,20.0,4.3
2024-11-11 07:00:00,26.6,0.0,83.8,27.0,5.6
2024-11-11 08:00:00,27.7,0.0,77.0,28.0,5.5
2024-11-11 09:00:00,28.7,0.0,72.3,30.0,5.5
2024-11-11 10:00:00,30.5,0.0,65.5,292.0,4.8
2024-11-11 11:00:00,32.2,0.0,60.6,298.0,4.2
2024-11-11 12:00:00,32.8,0.0,55.4,283.0,4.5
2024-11-11 13:00:00,33.1,0.0,53.1,290.0,4.1
2024-11-11 14:00:00,30.7,0.0,66.6,17.0,6.2
2024-11-11 15:00:00,26.6,0.2,78.5,356.0,5.3
2024-11-11 16:00:00,26.7,0.0,86.8,27.0,7.3
2024-11-11 17:00:00,26.0,0.0,84.1,46.0,7.0
2024-11-11 18:00:00,26.3,0.0,86.9,24.0,6.1
2024-11-11 19:00:00,27.1,0.0,82.5,22.0,5.1
2024-11-11 20:00:00,27.2,0.0,79.8,27.0,5.2
2024-11-11 21:00:00,27.0,0.0,80.3,37.0,6.1
2024-11-11 22:00:00,26.9,0.0,80.7,31.0,5.4
2024-11-11 23:00:00,27.0,0.0,80.0,31.0,5.1
2024-11-12 00:00:00,26.9,0.0,80.7,24.0,5.1
2024-11-12 01:00:00,26.8,0.0,81.7,342.0,3.5
2024-11-12 02:00:00,26.8,0.0,82.1,34.0,6.3
2024-11-12 03:00:00,26.5,0.0,83.6,36.0,5.9
2024-11-12 04:00:00,26.5,0.0,83.0,27.0,5.5
2024-11-12 05:00:00,26.6,0.0,82.4,354.0,3.4
2024-11-12 06:00:00,26.4,0.0,83.0,341.0,3.8
2024-11-12 07:00:00,26.5,0.0,83.4,1.0,3.0
2024-11-12 08:00:00,27.5,0.0,80.3,330.0,4.6
2024-11-12 09:00:00,28.3,0.0,77.0,316.0,5.9
2024-11-12 10:00:00,30.0,0.0,71.9,329.0,5.9
2024-11-12 11:00:00,28.8,0.0,75.4,312.0,6.3
2024-11-12 12:00:00,30.6,0.0,64.6,330.0,5.6
2024-11-12 13:00:00,31.7,0.0,60.6,319.0,6.3
2024-11-12 14:00:00,32.3,0.0,56.1,15.0,6.8
2024-11-12 15:00:00,31.3,0.0,66.5,219.0,6.8
2024-11-12 16:00:00,27.2,0.0,82.8,320.0,7.6
2024-11-12 17:00:00,28.3,0.0,75.4,330.0,5.9
2024-11-12 18:00:00,28.7,0.0,72.0,42.0,5.8
2024-11-12 19:00:00,28.6,0.0,72.0,7.0,3.5
2024-11-12 20:00:00,28.6,0.0,72.9,42.0,6.1
2024-11-12 21:00:00,27.6,0.0,82.2,35.0,6.6
2024-11-12 22:00:00,27.9,0.0,75.9,17.0,3.9
2024-11-12 23:00:00,27.8,0.0,77.6,32.0,5.1
2024-11-13 00:00:00,27.5,0.0,81.1,39.0,6.1
2024-11-13 01:00:00,27.6,0.0,81.1,13.0,3.6
2024-11-13 02:00:00,27.4,0.0,80.8,2.0,3.0
2024-11-13 03:00:00,27.3,0.0,82.3,26.0,6.1
2024-11-13 04:00:00,27.0,0.0,82.4,10.0,4.6
2024-11-13 05:00:00,26.8,0.0,83.0,10.0,3.7
2024-11-13 06:00:00,26.8,0.0,82.1,346.0,2.8
2024-11-13 07:00:00,26.9,0.0,81.9,345.0,3.6
2024-11-13 08:00:00,27.8,0.0,76.4,20.0,4.4
2024-11-13 09:00:00,29.3,0.0,68.1,344.0,5.3
2024-11-13 10:00:00,30.5,0.0,62.9,15.0,5.8
2024-11-13 11:00:00,30.5,0.0,64.4,329.0,5.3
2024-11-13 12:00:00,30.4,0.0,66.1,324.0,5.0
2024-11-13 13:00:00,28.5,0.0,74.2,336.0,5.8
2024-11-13 14:00:00,24.6,2.6,90.7,331.0,4.6
2024-11-13 15:00:00,25.7,0.0,87.7,21.0,5.0
2024-11-13 16:00:00,26.8,0.0,84.5,35.0,5.8
2024-11-13 17:00:00,27.6,0.0,81.4,27.0,5.3
2024-11-13 18:00:00,27.7,0.0,78.7,335.0,5.4
2024-11-13 19:00:00,27.3,0.0,72.8,343.0,4.0
2024-11-13 20:00:00,27.1,0.0,75.7,358.0,3.0
2024-11-13 21:00:00,27.2,0.0,77.5,9.0,3.7
2024-11-13 22:00:00,26.8,0.0,80.1,18.0,4.7
2024-11-13 23:00:00,26.8,0.0,80.5,344.0,3.7
2024-11-14 00:00:00,26.5,0.0,81.9,330.0,5.1
2024-11-14 01:00:00,26.4,0.0,82.5,335.0,4.4
2024-11-14 02:00:00,26.4,0.0,81.4,343.0,3.2
2024-11-14 03:00:00,26.1,0.0,81.7,344.0,3.5
2024-11-14 04:00:00,26.1,0.0,81.8,348.0,2.9
2024-11-14 05:00:00,26.3,0.0,81.6,336.0,4.2
2024-11-14 06:00:00,26.2,0.0,83.1,358.0,2.9
2024-11-14 07:00:00,26.2,0.0,83.2,3.0,3.3
2024-11-14 08:00:00,26.8,0.0,81.0,12.0,4.6
2024-11-14 09:00:00,28.1,0.0,77.4,4.0,4.2
2024-11-14 10:00:00,29.8,0.0,68.2,2.0,5.5
2024-11-14 11:00:00,30.7,0.0,61.2,2.0,3.8
2024-11-14 12:00:00,32.0,0.0,58.7,4.0,4.6
2024-11-14 13:00:00,31.4,0.0,61.3,311.0,5.5
2024-11-14 14:00:00,27.3,0.0,77.9,316.0,4.8
2024-11-14 15:00:00,28.1,0.0,75.8,27.0,7.4
2024-11-14 16:00:00,30.0,0.0,68.1,359.0,4.9
2024-11-14 17:00:00,30.8,0.0,63.0,359.0,5.4
2024-11-14 18:00:00,29.9,0.0,68.9,319.0,4.3
2024-11-14 19:00:00,28.9,0.0,76.0,35.0,6.9
2024-11-14 20:00:00,28.4,0.0,75.0,357.0,3.4
2024-11-14 21:00:00,28.3,0.0,76.8,8.0,3.2
2024-11-14 22:00:00,28.2,0.0,76.4,23.0,5.0
2024-11-14 23:00:00,27.9,0.0,79.1,343.0,3.6
2024-11-15 00:00:00,27.7,0.0,78.8,350.0,2.9
2024-11-15 01:00:00,27.7,0.0,79.4,354.0,2.7
2024-11-15 02:00:00,27.5,0.0,81.5,342.0,3.6
2024-11-15 03:00:00,27.2,0.0,82.3,351.0,2.8
2024-11-15 04:00:00,27.1,0.0,83.4,339.0,3.7
2024-11-15 05:00:00,27.0,0.0,83.8,335.0,4.1
2024-11-15 06:00:00,26.8,0.0,84.5,335.0,4.5
2024-11-15 07:00:00,26.9,0.0,84.1,337.0,4.1
2024-11-15 08:00:00,27.6,0.0,80.2,351.0,3.8
2024-11-15 09:00:00,28.8,0.0,73.0,359.0,4.0
2024-11-15 10:00:00,30.5,0.0,63.1,8.0,5.1
2024-11-15 11:00:00,31.1,0.0,61.1,18.0,6.0
2024-11-15 12:00:00,31.0,0.0,59.6,15.0,5.7
2024-11-15 13:00:00,31.2,0.0,65.4,314.0,4.2
2024-11-15 14:00:00,30.2,0.0,68.0,284.0,4.3
2024-11-15 15:00:00,31.9,0.0,63.3,240.0,4.9
2024-11-15 16:00:00,30.4,0.0,64.1,299.0,4.0
2024-11-15 17:00:00,29.4,0.0,68.8,350.0,4.8
2024-11-15 18:00:00,28.4,0.0,75.4,9.0,5.4
2024-11-15 19:00:00,27.5,0.0,80.4,13.0,6.0
2024-11-15 20:00:00,27.9,0.0,78.1,17.0,4.8
2024-11-15 21:00:00,27.5,0.0,81.0,9.0,4.4
2024-11-15 22:00:00,27.7,0.0,79.1,7.0,3.8
2024-11-15 23:00:00,27.8,0.0,75.2,21.0,5.5
2024-11-16 00:00:00,27.5,0.0,79.6,19.0,4.9
2024-11-16 01:00:00,27.1,0.0,81.6,345.0,4.2
2024-11-16 02:00:00,27.1,0.0,80.9,16.0,4.1
2024-11-16 03:00:00,27.1,0.0,79.8,7.0,3.8
2024-11-16 04:00:00,26.6,0.0,83.3,338.0,4.2
2024-11-16 05:00:00,26.5,0.0,82.4,343.0,4.3
2024-11-16 06:00:00,26.6,0.0,78.6,342.0,4.0
2024-11-16 07:00:00,26.8,0.0,77.7,16.0,4.3
2024-11-16 08:00:00,27.6,0.0,75.8,9.0,3.5
2024-11-16 09:00:00,28.6,0.0,73.2,23.0,5.7
2024-11-16 10:00:00,31.5,0.0,59.8,7.0,4.2
2024-11-16 11:00:00,30.9,0.0,60.5,357.0,5.0
2024-11-16 12:00:00,31.8,0.0,57.1,320.0,3.8
2024-11-16 13:00:00,29.7,0.0,70.6,270.0,4.4
2024-11-16 14:00:00,29.8,0.0,71.9,291.0,4.4
2024-11-16 15:00:00,24.8,0.6,93.9,47.0,7.6
2024-11-16 16:00:00,24.8,1.6,94.5,335.0,11.1
2024-11-16 17:00:00,25.1,0.0,94.4,331.0,7.5
2024-11-16 18:00:00,25.8,0.0,89.6,7.0,3.9
2024-11-16 19:00:00,26.0,0.0,89.1,2.0,3.2
2024-11-16 20:00:00,26.4,0.0,87.1,14.0,4.7
2024-11-16 21:00:00,26.5,0.0,84.8,353.0,3.2
2024-11-16 22:00:00,26.2,0.0,86.4,344.0,4.2
2024-11-16 23:00:00,26.5,0.0,84.5,346.0,3.7
2024-11-17 00:00:00,26.2,0.0,83.2,332.0,5.2
2024-11-17 01:00:00,26.3,0.0,83.9,344.0,3.9
2024-11-17 02:00:00,26.2,0.0,84.9,351.0,3.5
2024-11-17 03:00:00,26.1,0.0,86.1,16.0,4.8
2024-11-17 04:00:00,26.1,0.0,86.4,326.0,5.8
2024-11-17 05:00:00,25.9,0.0,86.5,348.0,4.1
2024-11-17 06:00:00,25.7,0.0,87.3,346.0,3.8
2024-11-17 07:00:00,25.8,0.0,87.2,347.0,4.1
2024-11-17 08:00:00,26.3,0.0,84.6,348.0,4.2
2024-11-17 09:00:00,27.6,0.0,77.7,359.0,4.7
2024-11-17 10:00:00,29.6,0.0,69.8,4.0,5.4
2024-11-17 11:00:00,30.2,0.0,65.9,13.0,7.3
2024-11-17 12:00:00,31.1,0.0,63.8,4.0,5.7
2024-11-17 13:00:00,28.2,0.0,78.2,50.0,7.9
2024-11-17 14:00:00,25.5,0.0,89.4,41.0,9.0
2024-11-17 15:00:00,25.7,0.2,90.4,327.0,6.9
2024-11-17 16:00:00,26.3,0.0,87.5,335.0,5.3
2024-11-17 17:00:00,27.3,0.0,82.6,358.0,6.5
2024-11-17 18:00:00,27.0,0.0,79.9,14.0,7.3
2024-11-17 19:00:00,26.5,0.0,80.8,9.0,5.1
2024-11-17 20:00:00,26.4,0.0,80.5,357.0,4.1
2024-11-17 21:00:00,26.6,0.0,79.9,10.0,3.9
2024-11-17 22:00:00,26.5,0.0,81.9,28.0,5.3
2024-11-17 23:00:00,26.7,0.0,81.5,352.0,3.4
2024-11-18 00:00:00,26.8,0.0,82.2,11.0,4.2
2024-11-18 01:00:00,26.8,0.0,82.5,8.0,4.4
2024-11-18 02:00:00,26.6,0.0,83.3,6.0,4.1
2024-11-18 03:00:00,26.2,0.0,85.2,339.0,4.1
2024-11-18 04:00:00,26.1,0.0,85.3,356.0,3.6
2024-11-18 05:00:00,26.0,0.0,85.7,344.0,4.4
2024-11-18 06:00:00,26.0,0.0,85.6,345.0,4.2
2024-11-18 07:00:00,26.3,0.0,83.4,6.0,5.2
2024-11-18 08:00:00,26.8,0.0,82.4,16.0,5.6
2024-11-18 09:00:00,27.1,0.0,81.9,45.0,7.2
2024-11-18 10:00:00,27.6,0.0,80.1,42.0,7.5
2024-11-18 11:00:00,30.0,0.0,67.8,23.0,7.7
2024-11-18 12:00:00,29.6,0.0,70.3,39.0,7.5
2024-11-18 13:00:00,29.6,0.0,70.9,38.0,8.10001
2024-11-18 14:00:00,29.6,0.0,71.1,48.0,8.7
2024-11-18 15:00:00,27.3,0.0,82.6,49.0,8.39999
2024-11-18 16:00:00,28.2,0.0,74.2,46.0,8.89999
2024-11-18 17:00:00,26.9,0.0,81.8,41.0,7.8
2024-11-18 18:00:00,27.0,0.0,79.9,44.0,6.8
2024-11-18 19:00:00,26.5,0.0,85.6,39.0,8.0
2024-11-18 20:00:00,26.5,0.0,84.1,33.0,7.5
2024-11-18 21:00:00,26.2,0.0,85.5,36.0,6.7
2024-11-18 22:00:00,26.3,0.0,84.7,40.0,7.0
2024-11-18 23:00:00,26.6,0.0,82.9,23.0,6.6
2024-11-19 00:00:00,26.4,0.0,85.1,10.0,4.1
2024-11-19 01:00:00,26.2,0.0,86.6,3.0,3.6
2024-11-19 02:00:00,26.4,0.0,84.7,8.0,5.3
2024-11-19 03:00:00,26.0,0.0,86.7,345.0,4.0
2024-11-19 04:00:00,25.9,0.0,87.0,341.0,3.9
2024-11-19 05:00:00,25.9,0.0,87.0,348.0,3.2
2024-11-19 06:00:00,25.7,0.2,88.6,3.0,3.1
2024-11-19 07:00:00,25.5,0.2,91.2,7.0,8.10001
2024-11-19 08:00:00,25.6,0.0,89.6,50.0,8.2
2024-11-19 09:00:00,26.2,0.0,87.9,11.0,4.4
2024-11-19 10:00:00,27.0,0.0,81.4,36.0,7.4
2024-11-19 11:00:00,27.1,0.0,82.3,40.0,6.7
2024-11-19 12:00:00,27.5,0.0,82.2,33.0,7.3
2024-11-19 13:00:00,28.0,0.0,78.5,44.0,8.0
2024-11-19 14:00:00,27.7,0.2,81.4,39.0,7.5
2024-11-19 15:00:00,28.8,0.0,74.3,20.0,5.5
2024-11-19 16:00:00,28.3,0.0,77.6,42.0,6.1
2024-11-19 17:00:00,26.1,0.0,89.3,47.0,9.89999
2024-11-19 18:00:00,26.4,0.0,85.6,7.0,4.0
2024-11-19 19:00:00,26.4,0.0,85.2,10.0,4.7
2024-11-19 20:00:00,26.7,0.0,83.4,336.0,4.5
2024-11-19 21:00:00,26.8,0.0,84.8,22.0,5.6
2024-11-19 22:00:00,26.7,0.0,86.0,35.0,6.1
2024-11-19 23:00:00,26.9,0.0,83.8,28.0,5.6
2024-11-20 00:00:00,26.7,0.0,85.4,31.0,5.9
2024-11-20 01:00:00,26.7,0.0,84.9,4.0,3.6
2024-11-20 02:00:00,26.3,0.0,86.2,343.0,4.7
2024-11-20 03:00:00,26.2,0.0,86.2,347.0,3.8
2024-11-20 04:00:00,26.1,0.0,87.0,345.0,4.4
2024-11-20 05:00:00,25.9,0.0,87.9,343.0,4.8
2024-11-20 06:00:00,25.9,0.0,86.9,17.0,5.5
2024-11-20 07:00:00,25.9,0.0,86.2,15.0,5.6
2024-11-20 08:00:00,25.9,0.0,87.1,4.0,5.0
2024-11-20 09:00:00,26.1,0.0,87.2,340.0,4.4
2024-11-20 10:00:00,26.7,0.0,84.2,23.0,7.1
2024-11-20 11:00:00,27.3,0.0,81.2,357.0,4.9
2024-11-20 12:00:00,27.5,0.0,82.8,16.0,6.0
2024-11-20 13:00:00,28.2,0.0,78.4,37.0,8.7
2024-11-20 14:00:00,27.8,0.0,78.5,29.0,8.3
2024-11-20 15:00:00,28.5,0.0,73.2,14.0,8.10001
2024-11-20 16:00:00,28.7,0.0,70.9,33.0,9.7
2024-11-20 17:00:00,27.8,0.0,75.7,38.0,9.39999
2024-11-20 18:00:00,27.5,0.0,76.2,53.0,8.7
2024-11-20 19:00:00,27.1,0.0,80.4,47.0,7.9
2024-11-20 20:00:00,27.0,0.0,81.3,8.0,6.1
2024-11-20 21:00:00,26.8,0.0,82.7,30.0,7.5
2024-11-20 22:00:00,26.7,0.0,84.0,9.0,4.7
2024-11-20 23:00:00,26.6,0.0,83.9,23.0,6.4
2024-11-21 00:00:00,26.6,0.0,84.1,25.0,5.2
2024-11-21 01:00:00,26.4,0.0,85.7,18.0,4.8
2024-11-21 02:00:00,26.3,0.0,86.5,34.0,5.9
2024-11-21 03:00:00,26.2,0.0,85.0,27.0,5.4
2024-11-21 04:00:00,26.2,0.0,84.9,9.0,3.8
2024-11-21 05:00:00,26.2,0.0,84.1,6.0,3.5
2024-11-21 06:00:00,26.1,0.0,85.9,341.0,4.2
2024-11-21 07:00:00,26.1,0.0,86.5,18.0,5.0
2024-11-21 08:00:00,26.5,0.0,84.1,352.0,4.0
2024-11-21 09:00:00,27.8,0.0,77.4,28.0,7.1
2024-11-21 10:00:00,29.0,0.0,71.8,11.0,5.5
2024-11-21 11:00:00,30.0,0.0,68.3,1.0,5.5
2024-11-21 12:00:00,30.0,0.0,68.9,16.0,5.6
2024-11-21 13:00:00,30.9,0.0,62.5,12.0,5.8
2024-11-21 14:00:00,29.9,0.0,71.0,286.0,4.4
2024-11-21 15:00:00,29.7,0.0,67.3,278.0,3.9
2024-11-21 16:00:00,30.0,0.0,68.3,270.0,4.5
2024-11-21 17:00:00,29.5,0.0,75.7,274.0,4.1
2024-11-21 18:00:00,26.5,0.0,86.8,337.0,5.0
2024-11-21 19:00:00,26.4,0.0,86.9,335.0,5.2
2024-11-21 20:00:00,26.3,0.0,84.3,339.0,5.1
2024-11-21 21:00:00,26.6,0.0,80.7,17.0,4.6
2024-11-21 22:00:00,26.7,0.0,82.1,341.0,4.4
2024-11-21 23:00:00,26.6,0.0,83.5,342.0,3.9
2024-11-22 00:00:00,26.5,0.0,84.6,345.0,3.7
2024-11-22 01:00:00,26.7,0.0,83.1,10.0,3.8
2024-11-22 02:00:00,26.7,0.0,83.4,331.0,4.9
2024-11-22 03:00:00,26.5,0.0,84.6,341.0,4.0
2024-11-22 04:00:00,26.2,0.0,86.0,346.0,4.0
2024-11-22 05:00:00,26.1,0.0,87.1,337.0,4.3
2024-11-22 06:00:00,26.1,0.0,85.8,333.0,5.0
2024-11-22 07:00:00,26.1,0.0,86.7,355.0,3.9
2024-11-22 08:00:00,27.1,0.0,82.9,345.0,3.8
2024-11-22 09:00:00,28.1,0.0,77.7,17.0,6.4
2024-11-22 10:00:00,29.6,0.0,71.9,4.0,6.9
2024-11-22 11:00:00,30.0,0.0,69.0,3.0,5.8
2024-11-22 12:00:00,30.4,0.0,64.3,19.0,6.0
2024-11-22 13:00:00,31.4,0.0,61.1,335.0,4.4
2024-11-22 14:00:00,31.6,0.0,62.3,336.0,4.4
2024-11-22 15:00:00,23.6,4.8,94.2,23.0,8.89999
2024-11-22 16:00:00,24.2,0.0,95.9,330.0,8.0
2024-11-22 17:00:00,24.7,0.2,96.0,344.0,5.8
2024-11-22 18:00:00,25.3,0.0,91.6,3.0,4.3
2024-11-22 19:00:00,25.5,0.0,90.4,37.0,6.3
2024-11-22 20:00:00,25.3,0.2,90.7,344.0,9.8
2024-11-22 21:00:00,25.5,0.0,90.4,9.0,12.6
2024-11-22 22:00:00,25.2,0.0,91.5,73.0,11.3
2024-11-22 23:00:00,24.7,0.0,89.9,75.0,10.3
2024-11-23 00:00:00,25.1,0.0,89.8,39.0,10.9
2024-11-23 01:00:00,25.1,0.0,90.4,16.0,12.6
2024-11-23 02:00:00,25.1,0.0,89.8,22.0,7.0
2024-11-23 03:00:00,24.9,0.0,90.1,359.0,4.9
2024-11-23 04:00:00,24.7,0.0,90.1,330.0,3.7
2024-11-23 05:00:00,24.6,0.0,90.5,24.0,5.0
2024-11-23 06:00:00,24.8,0.0,88.2,14.0,4.5
2024-11-23 07:00:00,24.8,0.0,88.2,352.0,3.3
2024-11-23 08:00:00,25.5,0.0,86.8,33.0,6.6
2024-11-23 09:00:00,26.5,0.0,85.3,32.0,5.9
2024-11-23 10:00:00,28.7,0.0,75.9,37.0,5.7
2024-11-23 11:00:00,29.9,0.0,70.8,12.0,6.2
2024-11-23 12:00:00,31.6,0.0,62.7,24.0,6.2
2024-11-23 13:00:00,31.6,0.0,61.8,359.0,4.6
2024-11-23 14:00:00,28.9,0.0,74.8,34.0,6.3
2024-11-23 15:00:00,31.5,0.0,61.1,40.0,7.5
2024-11-23 16:00:00,30.3,0.0,66.6,45.0,8.10001
2024-11-23 17:00:00,29.9,0.0,71.9,31.0,4.6
2024-11-23 18:00:00,28.1,0.0,86.5,331.0,5.3
2024-11-23 19:00:00,25.9,0.0,93.3,24.0,7.2
2024-11-23 20:00:00,26.3,0.0,89.1,343.0,4.9
2024-11-23 21:00:00,26.7,0.0,88.5,8.0,3.8
2024-11-23 22:00:00,27.3,0.0,85.0,14.0,4.6
2024-11-23 23:00:00,27.1,0.0,86.4,27.0,5.3
2024-11-24 00:00:00,27.0,0.0,86.1,345.0,3.9
2024-11-24 01:00:00,27.0,0.0,84.5,12.0,4.1
2024-11-24 02:00:00,26.8,0.0,86.5,341.0,4.5
2024-11-24 03:00:00,26.7,0.0,86.1,349.0,4.7
2024-11-24 04:00:00,26.6,0.0,86.2,4.0,4.5
2024-11-24 05:00:00,26.4,0.0,87.1,343.0,4.1
2024-11-24 06:00:00,26.4,0.0,86.9,346.0,3.4
2024-11-24 07:00:00,26.6,0.0,86.3,9.0,4.1
2024-11-24 08:00:00,26.9,0.0,86.2,341.0,4.3
2024-11-24 09:00:00,27.9,0.0,80.9,358.0,3.9
2024-11-24 10:00:00,28.7,0.0,78.1,41.0,8.0
2024-11-24 11:00:00,28.7,0.0,75.0,50.0,8.60001
2024-11-24 12:00:00,29.8,0.0,74.0,39.0,9.10001
2024-11-24 13:00:00,31.5,0.0,63.7,31.0,5.5
2024-11-24 14:00:00,30.9,0.0,66.8,38.0,6.7
2024-11-24 15:00:00,30.2,0.0,71.1,44.0,6.6
2024-11-24 16:00:00,28.6,0.0,76.7,43.0,5.4
2024-11-24 17:00:00,29.1,0.0,73.8,29.0,7.4
2024-11-24 18:00:00,28.3,0.0,82.5,331.0,4.7
2024-11-24 19:00:00,28.7,0.0,76.1,25.0,5.7
2024-11-24 20:00:00,28.3,0.0,77.4,33.0,6.4
2024-11-24 21:00:00,28.2,0.0,76.7,24.0,5.8
2024-11-24 22:00:00,28.1,0.0,79.2,17.0,4.7
2024-11-24 23:00:00,28.0,0.0,79.5,30.0,5.3
2024-11-25 00:00:00,27.8,0.0,81.9,18.0,4.2
2024-11-25 01:00:00,27.6,0.0,84.5,4.0,3.4
2024-11-25 02:00:00,27.5,0.0,84.5,339.0,4.1
2024-11-25 03:00:00,27.5,0.0,84.6,39.0,6.2
2024-11-25 04:00:00,27.5,0.0,84.0,19.0,4.2
2024-11-25 05:00:00,27.4,0.0,84.9,15.0,4.2
2024-11-25 06:00:00,27.4,0.0,85.0,18.0,4.9
2024-11-25 07:00:00,27.1,0.0,87.0,358.0,3.4
2024-11-25 08:00:00,27.6,0.0,84.7,16.0,4.6
2024-11-25 09:00:00,28.3,0.0,81.6,1.0,3.4
2024-11-25 10:00:00,29.2,0.0,75.7,12.0,4.2
2024-11-25 11:00:00,27.4,1.4,83.1,9.0,4.6
2024-11-25 12:00:00,27.7,0.0,81.9,316.0,3.5
2024-11-25 13:00:00,29.3,0.2,78.3,323.0,4.1
2024-11-25 14:00:00,30.4,0.0,68.0,316.0,5.2
2024-11-25 15:00:00,26.6,0.4,84.0,29.0,6.6
2024-11-25 16:00:00,27.5,0.0,82.0,48.0,6.9
2024-11-25 17:00:00,28.9,0.0,74.3,33.0,7.0
2024-11-25 18:00:00,29.3,0.0,68.9,36.0,7.7
2024-11-25 19:00:00,28.6,0.0,77.9,28.0,6.8
2024-11-25 20:00:00,28.3,0.0,79.3,43.0,7.0
2024-11-25 21:00:00,27.9,0.0,82.3,43.0,7.4
2024-11-25 22:00:00,27.6,0.0,84.8,30.0,5.8
2024-11-25 23:00:00,27.4,0.0,85.9,33.0,6.6
2024-11-26 00:00:00,27.4,0.0,84.7,25.0,5.3
2024-11-26 01:00:00,27.4,0.0,84.7,9.0,3.7
2024-11-26 02:00:00,27.2,0.0,85.9,350.0,3.5
2024-11-26 03:00:00,26.9,0.0,86.4,344.0,4.3
2024-11-26 04:00:00,26.6,0.0,87.4,349.0,4.1
2024-11-26 05:00:00,26.4,0.0,88.0,337.0,4.4
2024-11-26 06:00:00,26.5,0.0,87.8,359.0,4.1
2024-11-26 07:00:00,26.6,0.0,86.5,337.0,4.5
2024-11-26 08:00:00,27.1,0.0,84.6,10.0,4.4
2024-11-26 09:00:00,28.5,0.0,77.0,15.0,4.6
2024-11-26 10:00:00,29.1,0.0,74.5,357.0,6.9
2024-11-26 11:00:00,29.6,0.0,71.7,27.0,7.8
2024-11-26 12:00:00,31.5,0.0,62.1,358.0,5.0
2024-11-26 13:00:00,25.7,4.0,87.8,291.0,6.2
2024-11-26 14:00:00,26.3,0.0,86.4,330.0,6.3
2024-11-26 15:00:00,26.2,0.0,85.7,11.0,6.6
2024-11-26 16:00:00,25.1,0.0,87.4,7.0,9.39999
2024-11-26 17:00:00,24.8,0.2,91.5,62.0,10.1
2024-11-26 18:00:00,25.0,0.0,88.0,55.0,9.0
2024-11-26 19:00:00,25.0,0.0,89.8,338.0,5.8
2024-11-26 20:00:00,25.4,0.0,85.7,13.0,5.5
2024-11-26 21:00:00,25.3,0.0,88.0,346.0,4.7
2024-11-26 22:00:00,25.8,0.0,85.8,347.0,4.0
2024-11-26 23:00:00,25.6,0.0,86.0,38.0,6.3
2024-11-27 00:00:00,25.5,0.0,88.4,13.0,4.6
2024-11-27 01:00:00,25.8,0.0,85.5,13.0,4.2
2024-11-27 02:00:00,26.2,0.0,84.0,11.0,4.2
2024-11-27 03:00:00,25.9,0.0,87.0,341.0,4.5
2024-11-27 04:00:00,25.8,0.0,86.8,341.0,4.3
2024-11-27 05:00:00,25.7,0.0,87.5,347.0,3.4
2024-11-27 06:00:00,25.9,0.0,87.0,340.0,4.6
2024-11-27 07:00:00,25.9,0.0,86.9,330.0,5.3
2024-11-27 08:00:00,26.5,0.0,85.3,343.0,4.8
2024-11-27 09:00:00,26.9,0.0,82.0,340.0,4.8
2024-11-27 10:00:00,27.1,0.0,82.3,322.0,5.1
2024-11-27 11:00:00,27.9,0.0,78.5,334.0,5.5
2024-11-27 12:00:00,28.9,0.0,72.7,314.0,6.6
2024-11-27 13:00:00,29.1,0.0,71.6,310.0,6.5
2024-11-27 14:00:00,28.6,0.0,77.3,298.0,5.7
2024-11-27 15:00:00,27.4,0.0,83.7,330.0,4.3
2024-11-27 16:00:00,25.8,0.2,90.3,57.0,9.5
2024-11-27 17:00:00,24.9,0.4,93.2,60.0,8.3
2024-11-27 18:00:00,25.4,0.0,91.9,3.0,7.4
2024-11-27 19:00:00,25.4,0.0,91.2,329.0,6.4
2024-11-27 20:00:00,25.6,0.0,90.5,1.0,4.4
2024-11-27 21:00:00,25.7,0.0,89.4,8.0,4.2
2024-11-27 22:00:00,25.9,0.0,88.9,16.0,4.8
2024-11-27 23:00:00,25.9,0.0,88.3,11.0,4.9
2024-11-28 00:00:00,25.9,0.0,87.7,10.0,5.7
2024-11-28 01:00:00,25.3,0.0,87.3,21.0,5.2
2024-11-28 02:00:00,25.1,0.0,89.6,353.0,4.0
2024-11-28 03:00:00,24.9,0.0,91.6,40.0,8.89999
2024-11-28 04:00:00,25.0,0.0,90.5,354.0,7.0
2024-11-28 05:00:00,25.1,0.0,89.6,11.0,4.4
2024-11-28 06:00:00,25.3,0.0,87.1,19.0,4.2
2024-11-28 07:00:00,25.5,0.0,85.7,29.0,6.3
2024-11-28 08:00:00,26.1,0.0,85.2,12.0,4.4
2024-11-28 09:00:00,26.6,0.0,83.6,38.0,6.2
2024-11-28 10:00:00,27.3,0.0,81.4,41.0,7.5
2024-11-28 11:00:00,27.9,0.0,78.5,28.0,7.2
2024-11-28 12:00:00,28.8,0.0,73.9,26.0,6.2
2024-11-28 13:00:00,29.1,0.0,72.5,24.0,5.6
2024-11-28 14:00:00,29.9,0.0,68.3,10.0,4.6
2024-11-28 15:00:00,28.3,0.0,78.6,321.0,6.2
2024-11-28 16:00:00,26.8,0.0,85.1,47.0,9.0
2024-11-28 17:00:00,27.1,0.2,82.7,30.0,5.1
2024-11-28 18:00:00,26.3,0.0,90.1,359.0,6.8
2024-11-28 19:00:00,26.5,0.0,90.4,49.0,8.2
2024-11-28 20:00:00,26.2,0.2,86.3,29.0,6.4
2024-11-28 21:00:00,26.4,0.0,86.6,23.0,4.2
2024-11-28 22:00:00,26.3,0.0,88.6,349.0,3.7
2024-11-28 23:00:00,26.6,0.0,87.9,25.0,5.6
2024-11-29 00:00:00,26.4,0.0,89.2,9.0,3.9
2024-11-29 01:00:00,26.5,0.0,90.6,9.0,5.1
2024-11-29 02:00:00,26.5,0.0,90.4,7.0,4.3
2024-11-29 03:00:00,26.3,0.0,90.8,349.0,3.9
2024-11-29 04:00:00,26.1,0.0,90.2,27.0,6.0
2024-11-29 05:00:00,26.1,0.0,87.6,15.0,6.2
2024-11-29 06:00:00,26.1,0.0,87.4,7.0,4.5
2024-11-29 07:00:00,24.0,0.2,93.9,333.0,8.0
2024-11-29 08:00:00,24.3,0.4,92.5,332.0,6.2
2024-11-29 09:00:00,24.8,0.2,91.9,335.0,4.7
2024-11-29 10:00:00,24.7,0.2,91.5,314.0,5.9
2024-11-29 11:00:00,25.0,0.0,92.6,331.0,5.9
2024-11-29 12:00:00,25.1,0.0,92.7,334.0,7.3
2024-11-29 13:00:00,25.7,0.0,90.2,328.0,5.4
2024-11-29 14:00:00,26.2,0.0,86.4,328.0,5.5
2024-11-29 15:00:00,27.0,0.0,79.8,351.0,5.2
2024-11-29 16:00:00,27.0,0.0,78.5,348.0,4.9
2024-11-29 17:00:00,26.8,0.0,79.5,332.0,4.9
2024-11-29 18:00:00,27.0,0.0,79.2,353.0,4.6
2024-11-29 19:00:00,26.5,0.0,81.3,339.0,4.9
2024-11-29 20:00:00,26.2,0.0,83.7,344.0,4.7
2024-11-29 21:00:00,26.1,0.0,83.9,337.0,4.5
2024-11-29 22:00:00,25.9,0.0,85.4,359.0,4.6
2024-11-29 23:00:00,25.9,0.0,84.9,344.0,4.5
2024-11-30 00:00:00,25.7,0.0,83.8,353.0,5.3
2024-11-30 01:00:00,25.9,0.0,81.2,346.0,4.5
2024-11-30 02:00:00,25.9,0.0,79.8,347.0,4.6
2024-11-30 03:00:00,25.8,0.0,80.8,357.0,4.1
2024-11-30 04:00:00,25.8,0.0,80.3,17.0,5.5
2024-11-30 05:00:00,25.7,0.0,80.1,23.0,6.3
2024-11-30 06:00:00,25.6,0.0,79.8,351.0,4.5
2024-11-30 07:00:00,25.5,0.0,80.5,334.0,3.6
2024-11-30 08:00:00,26.6,0.0,77.1,340.0,3.7
2024-11-30 09:00:00,27.5,0.0,76.1,354.0,3.2
2024-11-30 10:00:00,28.7,0.0,71.5,322.0,4.3
2024-11-30 11:00:00,29.7,0.0,65.0,26.0,6.5
2024-11-30 12:00:00,30.4,0.0,65.4,296.0,4.3
2024-11-30 13:00:00,31.7,0.0,61.4,323.0,4.3
2024-11-30 14:00:00,32.1,0.0,59.5,333.0,4.0
2024-11-30 15:00:00,32.2,0.0,56.8,312.0,4.7
2024-11-30 16:00:00,31.3,0.0,61.5,320.0,4.1
2024-11-30 17:00:00,30.4,0.0,62.7,37.0,6.3
2024-11-30 18:00:00,30.3,0.0,67.0,28.0,5.9
2024-11-30 19:00:00,29.9,0.0,66.7,36.0,5.9
2024-11-30 20:00:00,28.5,0.0,80.2,42.0,7.4
2024-11-30 21:00:00,28.0,0.0,81.8,38.0,7.6
2024-11-30 22:00:00,27.6,0.0,79.4,49.0,8.10001
2024-11-30 23:00:00,27.4,0.0,79.7,26.0,6.3
2024-12-01 00:00:00,27.6,0.0,79.0,11.0,4.5
2024-12-01 01:00:00,27.6,0.0,78.6,12.0,5.0
2024-12-01 02:00:00,27.5,0.0,77.8,3.0,4.4
2024-12-01 03:00:00,27.1,0.0,81.2,339.0,4.6
2024-12-01 04:00:00,27.1,0.0,80.7,332.0,5.4
2024-12-01 05:00:00,26.9,0.0,81.4,4.0,3.6
2024-12-01 06:00:00,26.5,0.0,78.2,333.0,5.2
2024-12-01 07:00:00,26.4,0.0,77.5,330.0,5.2
2024-12-01 08:00:00,26.8,0.0,79.7,346.0,4.3
2024-12-01 09:00:00,27.7,0.0,77.8,349.0,4.4
2024-12-01 10:00:00,29.1,0.0,73.3,2.0,4.9
2024-12-01 11:00:00,30.7,0.0,65.7,328.0,5.6
2024-12-01 12:00:00,31.6,0.0,60.2,336.0,6.6
2024-12-01 13:00:00,31.9,0.0,56.1,311.0,7.3
2024-12-01 14:00:00,32.6,0.0,55.6,324.0,6.3
2024-12-01 15:00:00,33.7,0.0,52.9,335.0,7.0
2024-12-01 16:00:00,32.8,0.0,55.0,332.0,6.7
2024-12-01 17:00:00,32.2,0.0,54.8,306.0,7.3
2024-12-01 18:00:00,30.5,0.0,65.6,18.0,8.0
2024-12-01 19:00:00,29.8,0.0,67.4,338.0,5.9
2024-12-01 20:00:00,29.6,0.0,68.3,351.0,6.5
2024-12-01 21:00:00,27.8,0.0,76.8,29.0,7.9
2024-12-01 22:00:00,27.3,0.0,82.0,40.0,7.2
2024-12-01 23:00:00,27.4,0.0,77.9,15.0,5.1
2024-12-02 00:00:00,27.4,0.0,77.5,7.0,5.0
2024-12-02 01:00:00,27.4,0.0,78.5,21.0,5.9
2024-12-02 02:00:00,27.3,0.0,77.6,8.0,5.5
2024-12-02 03:00:00,27.1,0.0,76.9,10.0,5.9
2024-12-02 04:00:00,27.0,0.0,76.9,20.0,6.5
2024-12-02 05:00:00,26.9,0.0,77.1,5.0,3.9
2024-12-02 06:00:00,27.1,0.0,75.5,26.0,6.9
2024-12-02 07:00:00,27.1,0.0,75.7,16.0,5.1
2024-12-02 08:00:00,27.2,0.0,75.2,23.0,5.6
2024-12-02 09:00:00,28.1,0.0,73.6,14.0,6.2
2024-12-02 10:00:00,28.7,0.0,70.9,340.0,6.0
2024-12-02 11:00:00,29.5,0.0,68.5,354.0,4.4
2024-12-02 12:00:00,30.3,0.0,64.6,343.0,5.0
2024-12-02 13:00:00,30.7,0.0,64.1,3.0,4.8
2024-12-02 14:00:00,31.8,0.0,60.2,343.0,4.6
2024-12-02 15:00:00,30.9,0.0,66.2,283.0,4.1
2024-12-02 16:00:00,30.4,0.0,68.1,260.0,5.3
2024-12-02 17:00:00,29.9,0.0,69.9,232.0,5.6
2024-12-02 18:00:00,27.9,0.0,74.3,20.0,6.8
2024-12-02 19:00:00,26.3,0.0,86.4,14.0,10.2
2024-12-02 20:00:00,26.9,0.0,85.7,15.0,5.1
2024-12-02 21:00:00,27.2,0.0,82.3,2.0,4.6
2024-12-02 22:00:00,27.3,0.0,82.7,352.0,4.0
2024-12-02 23:00:00,27.2,0.0,80.2,352.0,4.8
2024-12-03 00:00:00,27.0,0.0,80.7,3.0,4.3
2024-12-03 01:00:00,26.9,0.0,80.8,23.0,6.8
2024-12-03 02:00:00,26.9,0.0,79.8,21.0,6.1
2024-12-03 03:00:00,26.9,0.0,78.4,19.0,6.6
2024-12-03 04:00:00,26.8,0.0,79.1,10.0,4.8
2024-12-03 05:00:00,26.7,0.0,79.9,5.0,4.4
2024-12-03 06:00:00,26.8,0.0,79.4,4.0,3.7
2024-12-03 07:00:00,26.6,0.0,80.2,341.0,4.1
2024-12-03 08:00:00,27.2,0.0,78.4,340.0,4.0
2024-12-03 09:00:00,28.1,0.0,74.0,351.0,3.9
2024-12-03 10:00:00,29.1,0.0,69.7,348.0,5.5
2024-12-03 11:00:00,29.3,0.0,68.9,21.0,7.1
2024-12-03 12:00:00,29.7,0.0,67.2,28.0,8.7
2024-12-03 13:00:00,31.2,0.0,62.9,6.0,7.0
2024-12-03 14:00:00,31.3,0.0,59.7,19.0,8.2
2024-12-03 15:00:00,31.8,0.0,56.0,22.0,6.5
2024-12-03 16:00:00,31.1,0.0,58.4,23.0,7.4
2024-12-03 17:00:00,28.8,0.2,77.7,6.0,5.1
2024-12-03 18:00:00,25.0,0.6,94.7,29.0,8.7
2024-12-03 19:00:00,23.8,5.0,94.9,30.0,9.10001
2024-12-03 20:00:00,24.6,0.4,96.3,30.0,5.9
2024-12-03 21:00:00,24.9,0.0,95.2,45.0,6.0
2024-12-03 22:00:00,25.5,0.0,92.1,4.0,6.4
2024-12-03 23:00:00,26.2,0.0,91.3,327.0,6.2
2024-12-04 00:00:00,26.3,0.0,89.8,319.0,4.4
2024-12-04 01:00:00,26.5,0.0,89.8,317.0,4.2
2024-12-04 02:00:00,26.5,0.0,89.6,350.0,4.0
2024-12-04 03:00:00,26.3,0.0,90.4,354.0,4.0
2024-12-04 04:00:00,26.4,0.0,89.8,355.0,4.2
2024-12-04 05:00:00,26.3,0.0,89.4,346.0,4.3
2024-12-04 06:00:00,26.2,0.0,90.9,347.0,4.1
2024-12-04 07:00:00,26.4,0.0,90.1,2.0,4.1
2024-12-04 08:00:00,27.0,0.0,85.2,327.0,4.8
2024-12-04 09:00:00,28.0,0.0,78.3,345.0,4.6
2024-12-04 10:00:00,29.2,0.0,72.4,312.0,5.6
2024-12-04 11:00:00,29.7,0.0,71.6,341.0,5.8
2024-12-04 12:00:00,27.8,0.0,79.1,349.0,5.1
2024-12-04 13:00:00,30.5,0.0,66.5,345.0,4.9
2024-12-04 14:00:00,30.5,0.0,62.9,323.0,5.7
2024-12-04 15:00:00,31.4,0.0,55.7,322.0,7.0
2024-12-04 16:00:00,30.7,0.0,51.1,329.0,7.8
2024-12-04 17:00:00,30.2,0.0,61.2,330.0,6.9
2024-12-04 18:00:00,29.8,0.0,63.8,330.0,5.0
2024-12-04 19:00:00,29.2,0.0,65.3,336.0,5.5
2024-12-04 20:00:00,28.8,0.0,67.6,330.0,5.0
2024-12-04 21:00:00,28.7,0.0,68.2,331.0,5.1
2024-12-04 22:00:00,28.5,0.0,69.4,335.0,5.9
2024-12-04 23:00:00,28.0,0.0,72.8,338.0,5.4
2024-12-05 00:00:00,27.6,0.0,72.2,333.0,6.4
2024-12-05 01:00:00,27.6,0.0,73.3,349.0,5.2
2024-12-05 02:00:00,27.6,0.0,73.5,326.0,5.7
2024-12-05 03:00:00,27.3,0.0,76.4,341.0,5.6
2024-12-05 04:00:00,27.1,0.0,77.2,330.0,5.6
2024-12-05 05:00:00,27.1,0.0,76.6,347.0,4.3
2024-12-05 06:00:00,26.7,0.0,77.8,19.0,5.1
2024-12-05 07:00:00,26.5,0.0,78.9,338.0,4.6
2024-12-05 08:00:00,27.8,0.0,73.9,338.0,4.7
2024-12-05 09:00:00,28.5,0.0,69.9,341.0,6.0
2024-12-05 10:00:00,29.4,0.0,66.8,339.0,5.2
2024-12-05 11:00:00,29.6,0.0,66.6,334.0,7.9
2024-12-05 12:00:00,30.5,0.0,60.1,309.0,8.3
2024-12-05 13:00:00,31.6,0.0,55.6,315.0,7.5
2024-12-05 14:00:00,31.6,0.0,52.8,326.0,9.10001
2024-12-05 15:00:00,32.2,0.0,49.5,339.0,10.1
2024-12-05 16:00:00,32.7,0.0,47.6,321.0,8.0
2024-12-05 17:00:00,32.3,0.0,48.9,333.0,9.2
2024-12-05 18:00:00,32.3,0.0,49.4,330.0,7.3
2024-12-05 19:00:00,30.9,0.0,52.8,320.0,6.8
2024-12-05 20:00:00,30.4,0.0,57.4,341.0,5.4
2024-12-05 21:00:00,30.4,0.0,56.5,332.0,6.3
2024-12-05 22:00:00,29.9,0.0,56.6,333.0,5.7
2024-12-05 23:00:00,29.7,0.0,59.5,22.0,6.1
2024-12-06 00:00:00,28.3,0.0,76.3,45.0,6.2
2024-12-06 01:00:00,28.3,0.0,74.5,12.0,6.2
2024-12-06 02:00:00,28.1,0.0,76.6,35.0,8.10001
2024-12-06 03:00:00,28.0,0.0,77.7,17.0,5.7
2024-12-06 04:00:00,27.9,0.0,79.2,8.0,6.4
2024-12-06 05:00:00,27.5,0.0,81.4,12.0,5.8
2024-12-06 06:00:00,27.3,0.0,80.7,15.0,5.5
2024-12-06 07:00:00,27.3,0.0,81.1,23.0,6.5
2024-12-06 08:00:00,27.6,0.0,79.9,24.0,5.6
2024-12-06 09:00:00,28.5,0.0,75.3,14.0,6.0
2024-12-06 10:00:00,30.5,0.0,64.6,24.0,5.9
2024-12-06 11:00:00,32.3,0.0,54.9,334.0,5.6
2024-12-06 12:00:00,32.8,0.0,51.0,355.0,6.7
2024-12-06 13:00:00,33.2,0.0,48.8,342.0,6.6
2024-12-06 14:00:00,33.4,0.0,45.9,354.0,6.7
2024-12-06 15:00:00,34.2,0.0,45.2,328.0,7.6
2024-12-06 16:00:00,33.9,0.0,45.4,308.0,7.9
2024-12-06 17:00:00,33.2,0.0,46.9,310.0,7.0
2024-12-06 18:00:00,32.1,0.0,52.7,327.0,6.1
2024-12-06 19:00:00,31.2,0.0,52.3,329.0,5.6
2024-12-06 20:00:00,30.7,0.0,56.2,2.0,5.3
2024-12-06 21:00:00,29.3,0.0,75.9,40.0,6.6
2024-12-06 22:00:00,28.8,0.0,78.1,43.0,7.1
2024-12-06 23:00:00,28.4,0.0,78.7,42.0,6.8
2024-12-07 00:00:00,28.1,0.0,79.6,44.0,6.8
2024-12-07 01:00:00,28.2,0.0,77.5,21.0,7.3
2024-12-07 02:00:00,28.0,0.0,79.0,11.0,5.5
2024-12-07 03:00:00,27.9,0.0,78.6,12.0,5.9
2024-12-07 04:00:00,27.7,0.0,78.8,21.0,6.1
2024-12-07 05:00:00,27.6,0.0,78.7,11.0,4.9
2024-12-07 06:00:00,27.5,0.0,78.9,20.0,5.5
2024-12-07 07:00:00,27.4,0.0,79.1,23.0,5.7
2024-12-07 08:00:00,27.7,0.0,78.6,13.0,5.8
2024-12-07 09:00:00,28.7,0.0,72.0,26.0,8.0
2024-12-07 10:00:00,30.7,0.0,63.0,350.0,6.4
2024-12-07 11:00:00,31.9,0.0,54.0,323.0,7.6
2024-12-07 12:00:00,32.3,0.0,53.6,339.0,6.7
2024-12-07 13:00:00,34.2,0.0,46.2,324.0,7.1
2024-12-07 14:00:00,33.3,0.0,48.1,343.0,8.7
2024-12-07 15:00:00,34.7,0.0,42.7,347.0,7.6
2024-12-07 16:00:00,34.6,0.0,40.1,324.0,7.0
2024-12-07 17:00:00,33.9,0.0,41.4,318.0,7.2
2024-12-07 18:00:00,33.5,0.0,46.7,316.0,6.8
2024-12-07 19:00:00,31.9,0.0,51.9,330.0,6.1
2024-12-07 20:00:00,30.0,0.0,72.4,34.0,6.0
2024-12-07 21:00:00,29.3,0.0,74.8,49.0,8.0
2024-12-07 22:00:00,28.8,0.0,75.3,51.0,7.7
2024-12-07 23:00:00,28.7,0.0,75.6,44.0,6.8
2024-12-08 00:00:00,28.9,0.0,72.8,34.0,5.9
2024-12-08 01:00:00,28.6,0.0,76.8,11.0,8.39999
2024-12-08 02:00:00,28.5,0.0,77.7,4.0,6.9
2024-12-08 03:00:00,28.0,0.0,68.9,25.0,8.5
2024-12-08 04:00:00,27.8,0.0,72.6,16.0,6.1
2024-12-08 05:00:00,27.7,0.0,77.5,24.0,7.2
2024-12-08 06:00:00,27.7,0.0,78.8,35.0,8.0
2024-12-08 07:00:00,27.5,0.0,74.7,19.0,6.0
2024-12-08 08:00:00,27.7,0.0,73.3,18.0,8.0
2024-12-08 09:00:00,28.2,0.0,72.8,30.0,8.60001
2024-12-08 10:00:00,29.2,0.0,69.2,44.0,8.5
2024-12-08 11:00:00,30.5,0.0,65.1,15.0,7.8
2024-12-08 12:00:00,31.0,0.0,64.1,22.0,8.39999
2024-12-08 13:00:00,31.5,0.0,60.3,26.0,11.2
2024-12-08 14:00:00,32.7,0.0,56.3,32.0,9.0
2024-12-08 15:00:00,27.7,0.6,79.0,54.0,12.1
2024-12-08 16:00:00,30.7,0.0,65.3,18.0,7.4
2024-12-08 17:00:00,26.9,0.0,80.8,42.0,7.2
2024-12-08 18:00:00,27.8,0.0,75.3,11.0,5.6
2024-12-08 19:00:00,28.4,0.0,75.9,37.0,7.2
2024-12-08 20:00:00,28.4,0.0,77.0,22.0,5.9
2024-12-08 21:00:00,28.4,0.0,78.0,356.0,4.8
2024-12-08 22:00:00,28.4,0.0,76.2,13.0,6.2
2024-12-08 23:00:00,28.3,0.0,76.5,23.0,7.3
2024-12-09 00:00:00,28.3,0.0,77.0,15.0,6.2
2024-12-09 01:00:00,27.9,0.0,75.1,342.0,7.3
2024-12-09 02:00:00,25.8,0.0,75.8,326.0,6.0
2024-12-09 03:00:00,26.2,0.0,74.0,26.0,7.1
2024-12-09 04:00:00,25.6,0.0,82.8,20.0,9.5
2024-12-09 05:00:00,25.9,0.0,80.2,16.0,7.7
2024-12-09 06:00:00,26.0,0.0,78.8,20.0,7.3
2024-12-09 07:00:00,26.1,0.0,77.7,347.0,5.5
2024-12-09 08:00:00,26.1,0.0,81.2,352.0,5.7
2024-12-09 09:00:00,26.0,0.0,82.5,348.0,7.4
2024-12-09 10:00:00,25.7,0.0,84.0,348.0,6.9
2024-12-09 11:00:00,25.6,0.0,87.0,326.0,6.4
2024-12-09 12:00:00,27.1,0.0,79.2,331.0,7.6
2024-12-09 13:00:00,29.3,0.0,69.6,347.0,7.7
2024-12-09 14:00:00,30.6,0.0,63.3,343.0,7.5
2024-12-09 15:00:00,30.3,0.0,62.5,338.0,8.3
2024-12-09 16:00:00,30.0,0.0,63.6,349.0,7.6
2024-12-09 17:00:00,28.7,0.0,67.2,331.0,9.2
2024-12-09 18:00:00,28.4,0.0,69.4,343.0,5.3
2024-12-09 19:00:00,27.9,0.0,71.0,339.0,5.6
2024-12-09 20:00:00,27.4,0.0,72.3,340.0,5.9
2024-12-09 21:00:00,27.1,0.0,74.7,345.0,5.3
2024-12-09 22:00:00,26.8,0.0,75.2,340.0,4.7
2024-12-09 23:00:00,26.4,0.0,76.1,356.0,5.8
2024-12-10 00:00:00,26.2,0.0,77.4,344.0,4.5
2024-12-10 01:00:00,25.9,0.0,78.6,344.0,5.3
2024-12-10 02:00:00,25.8,0.0,78.9,335.0,5.7
2024-12-10 03:00:00,25.8,0.0,78.2,331.0,6.4
2024-12-10 04:00:00,25.7,0.0,78.9,336.0,6.7
2024-12-10 05:00:00,25.7,0.0,76.9,338.0,6.1
2024-12-10 06:00:00,25.8,0.0,75.3,339.0,7.0
2024-12-10 07:00:00,25.7,0.0,75.1,336.0,6.2
2024-12-10 08:00:00,26.5,0.0,70.4,347.0,6.4
2024-12-10 09:00:00,26.9,0.0,69.4,334.0,6.2
2024-12-10 10:00:00,27.5,0.0,67.6,336.0,7.3
2024-12-10 11:00:00,28.5,0.0,63.8,351.0,7.9
2024-12-10 12:00:00,27.7,0.0,69.2,349.0,6.7
2024-12-10 13:00:00,28.6,0.0,65.2,334.0,7.9
2024-12-10 14:00:00,30.2,0.0,60.9,338.0,9.3
2024-12-10 15:00:00,29.5,0.0,63.5,351.0,9.60001
2024-12-10 16:00:00,30.9,0.0,59.6,339.0,8.10001
2024-12-10 17:00:00,29.9,0.0,62.4,338.0,7.4
2024-12-10 18:00:00,29.7,0.0,62.9,27.0,10.3
2024-12-10 19:00:00,29.0,0.0,65.4,352.0,7.0
2024-12-10 20:00:00,28.5,0.0,68.3,21.0,7.4
2024-12-10 21:00:00,28.0,0.0,72.1,5.0,5.5
2024-12-10 22:00:00,27.7,0.0,73.9,339.0,4.2
2024-12-10 23:00:00,27.4,0.0,75.4,340.0,4.9
2024-12-11 00:00:00,27.5,0.0,74.4,347.0,4.8
2024-12-11 01:00:00,27.5,0.0,71.3,331.0,5.9
2024-12-11 02:00:00,27.3,0.0,70.8,344.0,4.6
2024-12-11 03:00:00,27.3,0.0,70.1,14.0,5.0
2024-12-11 04:00:00,26.8,0.0,73.0,19.0,6.1
2024-12-11 05:00:00,26.5,0.0,74.6,354.0,4.3
2024-12-11 06:00:00,26.3,0.0,76.2,351.0,4.4
2024-12-11 07:00:00,26.5,0.0,73.6,337.0,5.0
2024-12-11 08:00:00,26.9,0.0,72.3,340.0,5.5
2024-12-11 09:00:00,28.7,0.0,64.7,340.0,6.1
2024-12-11 10:00:00,30.6,0.0,56.5,352.0,6.3
2024-12-11 11:00:00,30.7,0.0,55.9,16.0,7.2
2024-12-11 12:00:00,32.3,0.0,52.1,4.0,5.8
2024-12-11 13:00:00,32.6,0.0,50.3,321.0,5.7
2024-12-11 14:00:00,33.6,0.0,48.3,336.0,6.7
2024-12-11 15:00:00,33.4,0.0,49.6,333.0,6.5
2024-12-11 16:00:00,33.6,0.0,52.2,323.0,7.4
2024-12-11 17:00:00,31.6,0.0,57.9,325.0,6.2
2024-12-11 18:00:00,29.2,0.0,70.2,44.0,8.7
2024-12-11 19:00:00,26.3,0.6,90.3,31.0,8.3
2024-12-11 20:00:00,25.6,0.0,94.8,350.0,9.10001
2024-12-11 21:00:00,27.1,0.0,86.6,341.0,4.8
2024-12-11 22:00:00,27.5,0.0,79.6,320.0,5.7
2024-12-11 23:00:00,28.0,0.0,76.1,325.0,6.0
2024-12-12 00:00:00,28.0,0.0,79.1,338.0,5.0
2024-12-12 01:00:00,28.0,0.0,80.7,343.0,4.4
2024-12-12 02:00:00,27.9,0.0,79.7,3.0,4.5
2024-12-12 03:00:00,27.7,0.0,81.9,346.0,4.7
2024-12-12 04:00:00,26.6,0.0,77.3,320.0,6.9
2024-12-12 05:00:00,26.8,0.0,80.9,334.0,5.2
2024-12-12 06:00:00,26.8,0.0,83.4,348.0,4.5
2024-12-12 07:00:00,27.1,0.0,82.1,348.0,4.9
2024-12-12 08:00:00,27.4,0.0,80.7,341.0,6.0
2024-12-12 09:00:00,28.2,0.0,77.2,343.0,4.2
2024-12-12 10:00:00,28.6,0.0,74.3,335.0,6.6
2024-12-12 11:00:00,29.5,0.0,70.1,328.0,6.8
2024-12-12 12:00:00,30.3,0.0,64.9,322.0,6.8
2024-12-12 13:00:00,30.5,0.0,65.0,328.0,6.6
2024-12-12 14:00:00,30.1,0.0,65.3,322.0,7.1
2024-12-12 15:00:00,30.2,0.0,67.4,326.0,6.4
2024-12-12 16:00:00,29.9,0.0,70.7,326.0,5.3
2024-12-12 17:00:00,29.4,0.0,72.8,305.0,6.7
2024-12-12 18:00:00,28.9,0.0,73.3,38.0,4.9
2024-12-12 19:00:00,28.3,0.0,76.0,45.0,6.1
2024-12-12 20:00:00,28.2,0.0,76.7,35.0,3.5
2024-12-12 21:00:00,28.4,0.0,76.4,11.0,2.9
2024-12-12 22:00:00,28.6,0.0,76.7,320.0,4.7
2024-12-12 23:00:00,28.5,0.0,78.9,321.0,4.8
2024-12-13 00:00:00,28.3,0.0,80.7,355.0,3.8
2024-12-13 01:00:00,28.1,0.0,79.4,342.0,3.7
2024-12-13 02:00:00,28.0,0.0,79.0,329.0,3.7
2024-12-13 03:00:00,27.8,0.0,78.1,309.0,5.7
2024-12-13 04:00:00,25.0,0.4,87.4,330.0,7.7
2024-12-13 05:00:00,24.7,0.0,87.9,314.0,6.9
2024-12-13 06:00:00,25.3,0.0,88.1,302.0,4.5
2024-12-13 07:00:00,26.0,0.0,86.7,309.0,4.6
2024-12-13 08:00:00,26.8,0.0,83.4,306.0,6.2
2024-12-13 09:00:00,27.5,0.0,79.2,301.0,6.2
2024-12-13 10:00:00,28.0,0.0,75.4,312.0,4.5
2024-12-13 11:00:00,28.2,0.0,74.7,325.0,4.9
2024-12-13 12:00:00,28.7,0.0,72.2,322.0,4.2
2024-12-13 13:00:00,29.2,0.0,70.9,351.0,3.5
2024-12-13 14:00:00,29.4,0.0,67.2,341.0,4.3
2024-12-13 15:00:00,28.9,0.0,69.0,325.0,4.2
2024-12-13 16:00:00,28.8,0.0,70.9,324.0,4.3
2024-12-13 17:00:00,28.6,0.0,72.7,328.0,4.6
2024-12-13 18:00:00,28.7,0.0,71.4,316.0,5.1
2024-12-13 19:00:00,28.5,0.0,72.4,337.0,3.7
2024-12-13 20:00:00,28.3,0.0,73.4,330.0,4.4
2024-12-13 21:00:00,28.4,0.0,75.0,317.0,4.8
2024-12-13 22:00:00,28.2,0.0,77.0,326.0,4.0
2024-12-13 23:00:00,28.0,0.0,78.6,355.0,3.4
2024-12-14 00:00:00,27.8,0.0,79.7,20.0,3.6
2024-12-14 01:00:00,27.7,0.0,81.8,341.0,3.5
2024-12-14 02:00:00,27.5,0.0,83.7,1.0,2.8
2024-12-14 03:00:00,27.0,0.0,85.5,350.0,3.1
2024-12-14 04:00:00,26.9,0.0,85.2,325.0,4.0
2024-12-14 05:00:00,26.8,0.0,82.7,323.0,4.3
2024-12-14 06:00:00,26.4,0.0,82.9,338.0,3.8
2024-12-14 07:00:00,26.5,0.0,82.6,346.0,3.5
2024-12-14 08:00:00,26.7,0.0,80.5,346.0,3.4
2024-12-14 09:00:00,27.6,0.0,78.8,343.0,3.9
2024-12-14 10:00:00,29.3,0.0,71.9,319.0,6.6
2024-12-14 11:00:00,30.4,0.0,65.0,325.0,5.8
2024-12-14 12:00:00,31.8,0.0,60.4,341.0,6.2
2024-12-14 13:00:00,32.4,0.0,56.0,309.0,5.7
2024-12-14 14:00:00,32.9,0.0,52.2,292.0,6.5
2024-12-14 15:00:00,33.1,0.0,49.5,303.0,7.3
2024-12-14 16:00:00,34.0,0.0,49.1,309.0,7.2
2024-12-14 17:00:00,33.4,0.0,48.3,336.0,6.7
2024-12-14 18:00:00,32.7,0.0,50.5,321.0,6.7
2024-12-14 19:00:00,29.2,0.0,71.2,62.0,8.2
2024-12-14 20:00:00,28.1,0.0,77.3,47.0,6.9
2024-12-14 21:00:00,27.8,0.0,81.3,42.0,6.8
2024-12-14 22:00:00,28.1,0.0,76.5,49.0,5.7
2024-12-14 23:00:00,28.0,0.0,76.8,56.0,6.6
2024-12-15 00:00:00,27.9,0.0,78.1,46.0,6.8
2024-12-15 01:00:00,28.0,0.0,77.5,48.0,6.2
2024-12-15 02:00:00,27.9,0.0,79.7,51.0,4.4
2024-12-15 03:00:00,27.5,0.0,82.7,38.0,3.9
2024-12-15 04:00:00,27.3,0.0,84.2,48.0,5.6
2024-12-15 05:00:00,27.1,0.0,84.2,51.0,5.8
2024-12-15 06:00:00,27.4,0.0,83.2,53.0,5.2
2024-12-15 07:00:00,27.4,0.0,83.8,43.0,5.3
2024-12-15 08:00:00,27.9,0.0,80.3,51.0,5.9
2024-12-15 09:00:00,28.2,0.0,79.1,58.0,7.2
2024-12-15 10:00:00,29.7,0.0,70.2,15.0,6.3
2024-12-15 11:00:00,30.9,0.0,64.3,8.0,4.8
2024-12-15 12:00:00,31.2,0.0,61.2,5.0,5.6
2024-12-15 13:00:00,32.8,0.0,53.2,330.0,4.8
2024-12-15 14:00:00,31.2,0.0,65.1,276.0,3.5
2024-12-15 15:00:00,31.3,0.0,67.6,32.0,4.7
2024-12-15 16:00:00,25.1,1.6,94.0,16.0,6.6
2024-12-15 17:00:00,29.3,0.0,80.1,18.0,4.8
2024-12-15 18:00:00,28.1,0.0,78.9,29.0,3.9
2024-12-15 19:00:00,28.2,0.0,76.8,45.0,5.0
2024-12-15 20:00:00,27.4,0.0,81.3,34.0,4.9
2024-12-15 21:00:00,27.7,0.0,80.2,51.0,5.6
2024-12-15 22:00:00,27.7,0.0,82.2,47.0,5.3
2024-12-15 23:00:00,27.5,0.0,85.0,48.0,6.4
2024-12-16 00:00:00,27.5,0.0,85.7,41.0,5.7
2024-12-16 01:00:00,27.6,0.0,84.5,49.0,5.7
2024-12-16 02:00:00,27.7,0.0,84.5,49.0,5.8
2024-12-16 03:00:00,27.7,0.0,84.1,42.0,5.5
2024-12-16 04:00:00,27.8,0.0,84.0,11.0,4.9
2024-12-16 05:00:00,27.5,0.0,84.5,28.0,5.7
2024-12-16 06:00:00,27.5,0.0,84.4,31.0,5.7
2024-12-16 07:00:00,27.5,0.0,84.4,28.0,4.4
2024-12-16 08:00:00,27.3,0.0,85.3,48.0,5.7
2024-12-16 09:00:00,28.8,0.0,77.7,21.0,5.8
2024-12-16 10:00:00,29.8,0.0,72.2,24.0,5.6
2024-12-16 11:00:00,30.7,0.0,67.7,29.0,6.5
2024-12-16 12:00:00,31.6,0.0,59.9,27.0,5.3
2024-12-16 13:00:00,32.1,0.0,59.1,31.0,6.9
2024-12-16 14:00:00,30.8,0.0,67.6,281.0,4.6
2024-12-16 15:00:00,26.4,3.2,90.3,5.0,10.3
2024-12-16 16:00:00,25.3,0.0,94.0,39.0,5.1
2024-12-16 17:00:00,26.8,0.0,87.3,47.0,7.4
2024-12-16 18:00:00,26.5,0.0,85.4,18.0,7.1
2024-12-16 19:00:00,27.0,0.0,81.1,29.0,6.2
2024-12-16 20:00:00,27.3,0.0,81.8,41.0,7.4
2024-12-16 21:00:00,27.4,0.0,82.6,31.0,6.8
2024-12-16 22:00:00,27.4,0.0,82.0,26.0,7.0
2024-12-16 23:00:00,27.2,0.0,83.5,21.0,4.9
2024-12-17 00:00:00,27.1,0.0,82.5,14.0,5.6
2024-12-17 01:00:00,27.0,0.0,83.8,6.0,4.0
2024-12-17 02:00:00,27.1,0.0,84.0,14.0,4.8
2024-12-17 03:00:00,27.0,0.0,84.7,21.0,4.8
2024-12-17 04:00:00,26.7,0.0,85.7,22.0,4.6
2024-12-17 05:00:00,26.8,0.0,84.9,359.0,4.1
2024-12-17 06:00:00,26.7,0.0,85.0,359.0,2.9
2024-12-17 07:00:00,26.6,0.0,86.1,38.0,4.7
2024-12-17 08:00:00,27.1,0.0,83.4,8.0,5.0
2024-12-17 09:00:00,27.7,0.0,80.2,12.0,6.1
2024-12-17 10:00:00,29.0,0.0,74.7,14.0,6.8
2024-12-17 11:00:00,30.1,0.0,68.8,39.0,8.5
2024-12-17 12:00:00,30.5,0.0,66.7,3.0,6.0
2024-12-17 13:00:00,30.9,0.0,63.9,17.0,7.5
2024-12-17 14:00:00,30.6,0.0,66.4,35.0,9.60001
2024-12-17 15:00:00,29.0,0.0,76.3,19.0,9.39999
2024-12-17 16:00:00,28.9,0.0,69.5,24.0,9.10001
2024-12-17 17:00:00,29.1,0.0,69.5,13.0,8.8
2024-12-17 18:00:00,28.7,0.0,71.5,16.0,7.8
2024-12-17 19:00:00,28.3,0.0,75.0,28.0,9.60001
2024-12-17 20:00:00,27.8,0.0,78.2,20.0,9.39999
2024-12-17 21:00:00,27.2,0.0,79.3,22.0,6.9
2024-12-17 22:00:00,26.4,0.0,84.3,11.0,5.9
2024-12-17 23:00:00,26.5,0.0,83.2,14.0,6.1
2024-12-18 00:00:00,26.6,0.0,83.0,17.0,5.8
2024-12-18 01:00:00,26.6,0.0,83.6,17.0,6.0
2024-12-18 02:00:00,26.6,0.0,82.7,11.0,4.6
2024-12-18 03:00:00,26.6,0.0,82.7,349.0,4.5
2024-12-18 04:00:00,26.6,0.0,82.8,347.0,5.9
2024-12-18 05:00:00,26.4,0.0,83.2,10.0,5.6
2024-12-18 06:00:00,26.3,0.0,84.5,349.0,4.5
2024-12-18 07:00:00,26.4,0.0,82.1,19.0,5.8
2024-12-18 08:00:00,26.6,0.0,81.8,341.0,4.8
2024-12-18 09:00:00,27.2,0.0,77.9,22.0,5.6
2024-12-18 10:00:00,27.1,0.0,78.9,25.0,9.0
2024-12-18 11:00:00,26.8,0.0,81.6,16.0,8.2
2024-12-18 12:00:00,26.4,0.0,83.8,25.0,7.9
2024-12-18 13:00:00,26.9,0.0,82.9,21.0,7.3
2024-12-18 14:00:00,27.5,0.0,79.2,17.0,7.7
2024-12-18 15:00:00,27.6,0.0,78.2,19.0,6.8
2024-12-18 16:00:00,27.9,0.0,76.3,24.0,6.9
2024-12-18 17:00:00,26.3,0.0,86.5,16.0,6.2
2024-12-18 18:00:00,26.2,0.0,85.3,32.0,8.10001
2024-12-18 19:00:00,26.4,0.0,82.7,41.0,7.9
2024-12-18 20:00:00,26.5,0.0,80.6,27.0,7.2
2024-12-18 21:00:00,26.4,0.0,80.1,40.0,9.7
2024-12-18 22:00:00,26.5,0.0,80.1,17.0,7.2
2024-12-18 23:00:00,26.4,0.0,80.7,41.0,8.39999
2024-12-19 00:00:00,26.2,0.0,82.7,27.0,8.0
2024-12-19 01:00:00,26.0,0.0,83.3,349.0,4.9
2024-12-19 02:00:00,26.3,0.0,80.6,15.0,6.7
2024-12-19 03:00:00,26.0,0.0,81.5,345.0,4.3
2024-12-19 04:00:00,25.9,0.0,82.5,341.0,3.6
2024-12-19 05:00:00,26.1,0.0,81.7,335.0,4.5
2024-12-19 06:00:00,25.9,0.0,83.3,341.0,4.0
2024-12-19 07:00:00,25.7,0.0,84.2,322.0,4.5
2024-12-19 08:00:00,26.4,0.0,80.3,31.0,6.7
2024-12-19 09:00:00,27.2,0.0,76.2,22.0,8.60001
2024-12-19 10:00:00,27.4,0.0,76.6,28.0,9.2
2024-12-19 11:00:00,28.4,0.0,72.2,14.0,8.10001
2024-12-19 12:00:00,28.2,0.0,73.1,22.0,7.7
2024-12-19 13:00:00,28.0,0.0,73.1,19.0,7.9
2024-12-19 14:00:00,28.2,0.0,72.2,37.0,9.10001
2024-12-19 15:00:00,28.6,0.0,70.3,16.0,8.3
2024-12-19 16:00:00,29.0,0.0,66.0,18.0,8.5
2024-12-19 17:00:00,28.7,0.0,67.8,21.0,9.0
2024-12-19 18:00:00,28.6,0.0,68.9,31.0,8.8
2024-12-19 19:00:00,28.2,0.0,71.4,19.0,9.10001
2024-12-19 20:00:00,27.9,0.0,74.7,50.0,8.39999
2024-12-19 21:00:00,27.7,0.0,75.2,21.0,5.4
2024-12-19 22:00:00,27.7,0.0,74.6,22.0,6.4
2024-12-19 23:00:00,27.7,0.0,74.0,25.0,6.7
2024-12-20 00:00:00,27.5,0.0,75.1,25.0,6.6
2024-12-20 01:00:00,27.3,0.0,77.7,27.0,5.4
2024-12-20 02:00:00,26.2,0.0,83.4,24.0,6.8
2024-12-20 03:00:00,26.0,0.0,83.0,23.0,8.2
2024-12-20 04:00:00,25.9,0.0,83.2,21.0,6.8
2024-12-20 05:00:00,25.8,0.0,82.0,36.0,8.5
2024-12-20 06:00:00,25.8,0.0,82.9,45.0,7.8
2024-12-20 07:00:00,25.9,0.0,83.2,37.0,9.0
2024-12-20 08:00:00,26.1,0.0,82.9,51.0,8.39999
2024-12-20 09:00:00,26.7,0.0,79.5,32.0,8.7
2024-12-20 10:00:00,27.2,0.0,76.6,26.0,9.39999
2024-12-20 11:00:00,27.7,0.0,75.6,42.0,9.60001
2024-12-20 12:00:00,28.6,0.0,71.2,35.0,10.1
2024-12-20 13:00:00,29.2,0.0,65.4,50.0,9.89999
2024-12-20 14:00:00,29.1,0.0,66.4,38.0,8.7
2024-12-20 15:00:00,28.9,0.0,70.7,24.0,6.0
2024-12-20 16:00:00,29.5,0.0,64.4,55.0,8.8
2024-12-20 17:00:00,29.1,0.0,69.7,52.0,7.7
2024-12-20 18:00:00,28.2,0.0,73.6,47.0,9.8
2024-12-20 19:00:00,27.7,0.0,77.1,49.0,8.2
2024-12-20 20:00:00,27.4,0.0,80.0,61.0,8.60001
2024-12-20 21:00:00,27.3,0.0,77.2,59.0,9.39999
2024-12-20 22:00:00,27.0,0.0,76.1,45.0,6.4
2024-12-20 23:00:00,27.1,0.0,72.7,49.0,6.6
2024-12-21 00:00:00,26.6,0.0,77.8,52.0,5.9
2024-12-21 01:00:00,27.1,0.0,77.7,42.0,7.0
2024-12-21 02:00:00,26.9,0.0,79.6,53.0,7.1
2024-12-21 03:00:00,26.7,0.0,81.8,45.0,6.0
2024-12-21 04:00:00,26.8,0.0,81.0,39.0,6.8
2024-12-21 05:00:00,26.7,0.0,80.7,25.0,5.7
2024-12-21 06:00:00,26.5,0.0,82.4,9.0,5.1
2024-12-21 07:00:00,26.4,0.0,82.5,12.0,4.2
2024-12-21 08:00:00,26.8,0.0,80.9,30.0,6.2
2024-12-21 09:00:00,27.6,0.0,76.1,25.0,7.5
2024-12-21 10:00:00,28.8,0.0,68.6,24.0,9.2
2024-12-21 11:00:00,29.4,0.0,66.3,33.0,8.5
2024-12-21 12:00:00,30.7,0.0,59.7,47.0,9.8
2024-12-21 13:00:00,30.7,0.0,65.2,40.0,7.9
2024-12-21 14:00:00,26.8,0.0,85.6,64.0,10.8
2024-12-21 15:00:00,28.3,0.0,75.1,54.0,8.5
2024-12-21 16:00:00,28.4,0.0,75.5,60.0,8.5
2024-12-21 17:00:00,28.3,0.0,74.9,60.0,8.39999
2024-12-21 18:00:00,27.9,0.0,73.9,59.0,9.89999
2024-12-21 19:00:00,27.8,0.0,70.4,48.0,10.5
2024-12-21 20:00:00,27.4,0.0,74.8,38.0,8.10001
2024-12-21 21:00:00,27.3,0.0,76.1,45.0,7.3
2024-12-21 22:00:00,27.0,0.0,78.4,51.0,6.8
2024-12-21 23:00:00,27.0,0.0,78.3,56.0,6.7
2024-12-22 00:00:00,26.6,0.0,80.9,49.0,5.4
2024-12-22 01:00:00,26.6,0.0,81.3,53.0,5.6
2024-12-22 02:00:00,26.7,0.0,81.1,51.0,5.8
2024-12-22 03:00:00,26.7,0.0,81.1,49.0,6.1
2024-12-22 04:00:00,26.7,0.0,81.7,57.0,7.4
2024-12-22 05:00:00,26.6,0.0,82.4,53.0,7.2
2024-12-22 06:00:00,26.5,0.0,83.0,52.0,6.3
2024-12-22 07:00:00,26.7,0.0,80.9,36.0,6.9
2024-12-22 08:00:00,26.5,0.0,81.3,52.0,7.9
2024-12-22 09:00:00,27.4,0.0,70.9,36.0,8.0
2024-12-22 10:00:00,27.8,0.0,71.0,39.0,7.6
2024-12-22 11:00:00,28.7,0.0,64.3,22.0,10.8
2024-12-22 12:00:00,30.1,0.0,61.8,43.0,9.2
2024-12-22 13:00:00,30.3,0.0,58.5,44.0,8.5
2024-12-22 14:00:00,30.2,0.0,60.9,53.0,9.10001
2024-12-22 15:00:00,30.3,0.0,59.1,53.0,8.3
2024-12-22 16:00:00,30.4,0.0,58.2,46.0,6.7
2024-12-22 17:00:00,29.4,0.0,65.3,50.0,9.8
2024-12-22 18:00:00,28.6,0.0,65.6,62.0,10.7
2024-12-22 19:00:00,28.0,0.0,68.5,56.0,9.10001
2024-12-22 20:00:00,27.5,0.0,71.1,57.0,9.5
2024-12-22 21:00:00,27.3,0.0,72.8,50.0,6.9
2024-12-22 22:00:00,27.1,0.0,74.1,47.0,7.0
2024-12-22 23:00:00,26.9,0.0,75.2,49.0,7.4
2024-12-23 00:00:00,26.9,0.0,74.9,55.0,7.9
2024-12-23 01:00:00,26.8,0.0,76.4,51.0,5.4
2024-12-23 02:00:00,26.7,0.0,77.0,53.0,7.3
2024-12-23 03:00:00,26.6,0.0,76.7,52.0,6.8
2024-12-23 04:00:00,26.3,0.0,78.4,49.0,6.4
2024-12-23 05:00:00,26.3,0.0,78.5,54.0,7.0
2024-12-23 06:00:00,26.2,0.0,79.2,37.0,4.8
2024-12-23 07:00:00,26.3,0.0,78.9,46.0,4.6
2024-12-23 08:00:00,26.6,0.0,78.4,48.0,7.3
2024-12-23 09:00:00,27.4,0.0,75.6,56.0,7.5
2024-12-23 10:00:00,28.5,0.0,71.1,40.0,8.39999
2024-12-23 11:00:00,29.4,0.0,68.6,54.0,8.3
2024-12-23 12:00:00,29.9,0.0,65.3,48.0,8.3
2024-12-23 13:00:00,30.0,0.0,66.1,41.0,8.8
2024-12-23 14:00:00,28.5,0.0,74.9,48.0,4.5
2024-12-23 15:00:00,26.9,0.0,82.9,54.0,5.9
2024-12-23 16:00:00,26.8,0.4,87.1,2.0,4.0
2024-12-23 17:00:00,26.7,0.2,82.6,49.0,6.5
2024-12-23 18:00:00,26.4,0.0,84.7,53.0,6.2
2024-12-23 19:00:00,26.1,0.2,85.1,54.0,6.1
2024-12-23 20:00:00,26.2,0.0,86.9,33.0,4.4
2024-12-23 21:00:00,25.6,0.2,88.1,34.0,10.0
2024-12-23 22:00:00,25.3,0.2,91.7,337.0,8.7
2024-12-23 23:00:00,24.9,0.2,91.3,333.0,7.6
2024-12-24 00:00:00,25.1,0.0,89.0,18.0,6.5
2024-12-24 01:00:00,25.0,0.0,89.7,322.0,5.9
2024-12-24 02:00:00,25.2,0.0,88.9,359.0,7.4
2024-12-24 03:00:00,25.1,0.0,89.8,37.0,5.5
2024-12-24 04:00:00,25.0,0.0,90.0,39.0,5.2
2024-12-24 05:00:00,25.0,0.0,89.1,40.0,5.2
2024-12-24 06:00:00,24.9,0.0,89.5,47.0,6.1
2024-12-24 07:00:00,24.9,0.0,91.1,33.0,5.9
2024-12-24 08:00:00,25.5,0.0,90.3,19.0,4.9
2024-12-24 09:00:00,26.1,0.0,84.4,47.0,7.4
2024-12-24 10:00:00,27.6,0.0,79.1,30.0,7.6
2024-12-24 11:00:00,28.3,0.0,74.6,17.0,7.1
2024-12-24 12:00:00,29.3,0.0,69.8,34.0,6.9
2024-12-24 13:00:00,30.0,0.0,64.1,33.0,6.1
2024-12-24 14:00:00,30.5,0.0,61.3,38.0,4.8
2024-12-24 15:00:00,26.5,2.2,85.3,39.0,8.60001
2024-12-24 16:00:00,26.6,0.0,84.9,47.0,6.0
2024-12-24 17:00:00,27.8,0.0,75.3,50.0,4.9
2024-12-24 18:00:00,26.0,0.0,89.7,20.0,5.2
2024-12-24 19:00:00,26.3,0.0,81.0,48.0,6.5
2024-12-24 20:00:00,26.4,0.0,82.0,39.0,4.7
2024-12-24 21:00:00,26.7,0.0,79.2,53.0,6.5
2024-12-24 22:00:00,26.4,0.0,80.3,50.0,7.4
2024-12-24 23:00:00,26.4,0.0,79.8,25.0,7.4
2024-12-25 00:00:00,26.2,0.0,78.8,29.0,5.2
2024-12-25 01:00:00,26.0,0.0,80.0,50.0,6.3
2024-12-25 02:00:00,25.7,0.0,82.0,47.0,6.1
2024-12-25 03:00:00,26.0,0.0,80.4,49.0,6.5
2024-12-25 04:00:00,25.9,0.0,79.5,53.0,5.9
2024-12-25 05:00:00,26.0,0.0,76.8,52.0,5.8
2024-12-25 06:00:00,26.2,0.0,76.3,40.0,5.9
2024-12-25 07:00:00,26.2,0.0,75.9,45.0,5.6
2024-12-25 08:00:00,26.8,0.0,72.6,47.0,6.3
2024-12-25 09:00:00,27.5,0.0,72.3,48.0,8.2
2024-12-25 10:00:00,28.9,0.0,62.5,36.0,8.2
2024-12-25 11:00:00,29.6,0.0,57.6,53.0,9.60001
2024-12-25 12:00:00,29.8,0.0,59.2,16.0,8.2
2024-12-25 13:00:00,30.3,0.0,55.6,23.0,8.0
2024-12-25 14:00:00,30.6,0.0,54.5,25.0,6.5
2024-12-25 15:00:00,29.7,0.0,59.1,49.0,8.10001
2024-12-25 16:00:00,29.4,0.0,61.1,50.0,7.2
2024-12-25 17:00:00,28.9,0.0,65.4,22.0,7.4
2024-12-25 18:00:00,28.5,0.0,63.9,32.0,7.7
2024-12-25 19:00:00,28.1,0.0,66.4,35.0,7.3
2024-12-25 20:00:00,27.0,0.0,66.5,23.0,8.8
2024-12-25 21:00:00,27.1,0.0,65.6,53.0,6.1
2024-12-25 22:00:00,26.9,0.0,68.1,45.0,7.0
2024-12-25 23:00:00,26.5,0.0,72.0,22.0,6.1
2024-12-26 00:00:00,26.5,0.0,71.6,21.0,6.0
2024-12-26 01:00:00,26.7,0.0,68.6,26.0,7.4
2024-12-26 02:00:00,26.4,0.0,68.9,1.0,4.6
2024-12-26 03:00:00,26.5,0.0,67.0,8.0,3.9
2024-12-26 04:00:00,26.3,0.0,68.5,352.0,3.0
2024-12-26 05:00:00,26.0,0.0,69.6,27.0,3.3
2024-12-26 06:00:00,26.2,0.0,70.1,24.0,3.7
2024-12-26 07:00:00,26.4,0.0,71.3,41.0,4.3
2024-12-26 08:00:00,26.9,0.0,72.5,11.0,3.5
2024-12-26 09:00:00,27.4,0.0,74.1,11.0,4.6
2024-12-26 10:00:00,28.4,0.0,69.3,42.0,7.5
2024-12-26 11:00:00,29.1,0.0,63.7,30.0,6.9
2024-12-26 12:00:00,29.4,0.0,65.2,25.0,7.3
2024-12-26 13:00:00,29.6,0.0,66.1,31.0,7.1
2024-12-26 14:00:00,29.8,0.0,63.7,50.0,6.9
2024-12-26 15:00:00,30.1,0.0,64.9,35.0,6.2
2024-12-26 16:00:00,29.5,0.0,69.3,41.0,5.6
2024-12-26 17:00:00,28.4,0.0,73.6,44.0,5.1
2024-12-26 18:00:00,28.8,0.0,71.1,43.0,4.9
2024-12-26 19:00:00,28.6,0.0,65.2,51.0,7.3
2024-12-26 20:00:00,27.9,0.0,71.3,50.0,5.9
2024-12-26 21:00:00,27.5,0.0,76.5,54.0,6.7
2024-12-26 22:00:00,27.1,0.0,80.6,55.0,6.6
2024-12-26 23:00:00,26.9,0.0,82.5,47.0,6.1
2024-12-27 00:00:00,26.7,0.0,84.4,29.0,4.3
2024-12-27 01:00:00,26.7,0.0,85.2,31.0,4.7
2024-12-27 02:00:00,26.8,0.0,83.3,49.0,5.3
2024-12-27 03:00:00,26.7,0.0,83.4,48.0,5.3
2024-12-27 04:00:00,26.6,0.0,83.6,49.0,5.5
2024-12-27 05:00:00,26.7,0.0,82.5,49.0,5.5
2024-12-27 06:00:00,26.6,0.0,83.1,46.0,5.8
2024-12-27 07:00:00,26.5,0.0,83.4,45.0,4.6
2024-12-27 08:00:00,26.5,0.0,84.3,33.0,4.2
2024-12-27 09:00:00,27.2,0.0,79.8,33.0,6.0
2024-12-27 10:00:00,27.9,0.0,76.3,35.0,7.4
2024-12-27 11:00:00,29.2,0.0,71.7,41.0,6.9
2024-12-27 12:00:00,30.0,0.0,63.5,37.0,6.7
2024-12-27 13:00:00,30.4,0.0,61.5,44.0,5.8
2024-12-27 14:00:00,31.0,0.0,56.5,23.0,6.6
2024-12-27 15:00:00,30.8,0.0,61.5,33.0,5.3
2024-12-27 16:00:00,27.7,1.0,77.2,49.0,9.2
2024-12-27 17:00:00,29.3,0.0,67.2,44.0,6.8
2024-12-27 18:00:00,29.5,0.0,66.5,57.0,8.10001
2024-12-27 19:00:00,28.8,0.0,68.1,52.0,7.3
2024-12-27 20:00:00,28.1,0.0,68.6,54.0,7.8
2024-12-27 21:00:00,27.5,0.0,74.5,53.0,6.8
2024-12-27 22:00:00,27.2,0.0,77.7,56.0,7.0
2024-12-27 23:00:00,26.9,0.0,78.3,60.0,7.0
2024-12-28 00:00:00,26.6,0.0,79.8,53.0,6.8
2024-12-28 01:00:00,26.6,0.0,80.4,53.0,6.3
2024-12-28 02:00:00,26.5,0.0,80.9,58.0,6.3
2024-12-28 03:00:00,26.5,0.0,81.6,54.0,6.0
2024-12-28 04:00:00,26.7,0.0,80.3,45.0,7.3
2024-12-28 05:00:00,26.7,0.0,79.9,39.0,6.2
2024-12-28 06:00:00,26.5,0.0,80.9,50.0,6.3
2024-12-28 07:00:00,26.2,0.0,83.5,54.0,6.2
2024-12-28 08:00:00,26.5,0.0,82.4,58.0,5.9
2024-12-28 09:00:00,27.6,0.0,78.2,46.0,7.5
2024-12-28 10:00:00,28.4,0.0,72.2,58.0,10.1
2024-12-28 11:00:00,29.6,0.0,69.2,51.0,9.5
2024-12-28 12:00:00,30.8,0.0,63.7,42.0,8.2
2024-12-28 13:00:00,30.6,0.0,62.8,60.0,9.3
2024-12-28 14:00:00,30.9,0.0,59.8,53.0,9.8
2024-12-28 15:00:00,31.2,0.0,59.0,52.0,8.89999
2024-12-28 16:00:00,31.1,0.0,59.5,45.0,7.9
2024-12-28 17:00:00,30.5,0.0,61.6,51.0,8.7
2024-12-28 18:00:00,29.7,0.0,67.4,57.0,9.39999
2024-12-28 19:00:00,29.0,0.0,68.4,48.0,8.7
2024-12-28 20:00:00,28.3,0.0,73.9,57.0,9.0
2024-12-28 21:00:00,28.0,0.0,76.4,56.0,7.5
2024-12-28 22:00:00,27.8,0.0,78.4,57.0,8.60001
2024-12-28 23:00:00,27.7,0.0,79.4,54.0,8.2
2024-12-29 00:00:00,27.2,0.0,81.4,58.0,7.6
2024-12-29 01:00:00,27.2,0.0,81.7,55.0,7.2
2024-12-29 02:00:00,27.1,0.0,82.4,57.0,7.1
2024-12-29 03:00:00,26.9,0.0,83.5,51.0,6.2
2024-12-29 04:00:00,26.8,0.0,84.2,57.0,6.5
2024-12-29 05:00:00,26.9,0.0,83.3,53.0,6.5
2024-12-29 06:00:00,26.7,0.0,83.4,54.0,6.2
2024-12-29 07:00:00,26.8,0.0,83.6,51.0,6.1
2024-12-29 08:00:00,27.1,0.0,82.5,21.0,5.0
2024-12-29 09:00:00,27.7,0.0,78.5,59.0,8.7
2024-12-29 10:00:00,29.0,0.0,72.9,57.0,10.0
2024-12-29 11:00:00,29.8,0.0,68.5,35.0,9.3
2024-12-29 12:00:00,30.5,0.0,63.0,59.0,9.89999
2024-12-29 13:00:00,30.8,0.0,61.1,47.0,9.60001
2024-12-29 14:00:00,30.7,0.0,61.1,57.0,9.7
2024-12-29 15:00:00,31.0,0.0,61.7,46.0,6.8
2024-12-29 16:00:00,28.0,0.0,76.9,271.0,4.5
2024-12-29 17:00:00,24.9,5.4,93.9,294.0,10.5
2024-12-29 18:00:00,24.4,0.0,95.2,358.0,4.4
2024-12-29 19:00:00,25.4,0.0,91.3,40.0,4.0
2024-12-29 20:00:00,26.0,0.0,88.6,30.0,4.4
2024-12-29 21:00:00,27.1,0.0,84.8,46.0,6.1
2024-12-29 22:00:00,27.2,0.0,83.3,51.0,6.1
2024-12-29 23:00:00,27.0,0.0,82.8,51.0,5.6
2024-12-30 00:00:00,26.9,0.0,82.4,49.0,6.3
2024-12-30 01:00:00,27.0,0.0,82.9,45.0,4.5
2024-12-30 02:00:00,26.4,0.0,84.7,341.0,4.3
2024-12-30 03:00:00,25.9,0.0,86.4,357.0,5.7
2024-12-30 04:00:00,23.9,1.4,93.4,15.0,10.2
2024-12-30 05:00:00,24.1,0.0,91.3,70.0,5.0
2024-12-30 06:00:00,25.2,0.0,88.1,19.0,6.1
2024-12-30 07:00:00,25.2,0.0,89.2,359.0,3.7
2024-12-30 08:00:00,25.8,0.0,86.6,31.0,5.3
2024-12-30 09:00:00,25.7,0.0,84.0,40.0,5.4
2024-12-30 10:00:00,26.1,0.0,86.0,58.0,6.6
2024-12-30 11:00:00,26.2,0.0,86.3,56.0,7.4
2024-12-30 12:00:00,27.3,0.0,81.5,62.0,9.7
2024-12-30 13:00:00,27.5,0.0,79.3,46.0,6.3
2024-12-30 14:00:00,28.4,0.0,73.6,22.0,8.0
2024-12-30 15:00:00,29.4,0.0,69.3,32.0,7.6
2024-12-30 16:00:00,28.8,0.0,71.5,55.0,10.0
2024-12-30 17:00:00,28.4,0.0,71.3,57.0,7.2
2024-12-30 18:00:00,28.2,0.0,72.4,56.0,7.1
2024-12-30 19:00:00,26.4,0.0,84.1,12.0,5.8
2024-12-30 20:00:00,26.8,0.0,79.2,22.0,6.8
2024-12-30 21:00:00,26.3,0.0,81.9,24.0,6.9
2024-12-30 22:00:00,26.5,0.0,80.5,28.0,6.3
2024-12-30 23:00:00,26.3,0.0,81.6,19.0,6.2
2024-12-31 00:00:00,26.2,0.0,81.8,48.0,8.10001
2024-12-31 01:00:00,26.2,0.0,82.1,21.0,5.7
2024-12-31 02:00:00,26.3,0.0,82.4,25.0,6.8
2024-12-31 03:00:00,26.1,0.0,84.1,12.0,5.5
2024-12-31 04:00:00,26.0,0.0,84.4,8.0,3.5
2024-12-31 05:00:00,26.1,0.0,83.1,25.0,5.4
2024-12-31 06:00:00,25.9,0.0,84.5,23.0,5.5
2024-12-31 07:00:00,25.9,0.0,84.5,25.0,5.4
2024-12-31 08:00:00,26.2,0.0,83.6,14.0,4.0
2024-12-31 09:00:00,27.2,0.0,78.7,42.0,7.8
2024-12-31 10:00:00,28.2,0.0,74.9,52.0,9.60001
2024-12-31 11:00:00,29.0,0.0,70.3,32.0,7.5
2024-12-31 12:00:00,30.2,0.0,64.6,43.0,8.8
2024-12-31 13:00:00,28.7,0.0,72.8,46.0,10.3
2024-12-31 14:00:00,30.2,0.0,69.3,33.0,8.10001
2024-12-31 15:00:00,30.3,0.0,64.7,53.0,8.2
2024-12-31 16:00:00,29.9,0.0,64.2,4.0,5.4
2024-12-31 17:00:00,24.9,0.2,95.0,333.0,9.2
2024-12-31 18:00:00,25.6,0.2,95.3,40.0,4.9
2024-12-31 19:00:00,26.7,0.4,87.0,31.0,5.4
2024-12-31 20:00:00,27.1,0.0,79.5,51.0,5.5
2024-12-31 21:00:00,27.3,0.0,78.0,47.0,6.9
2024-12-31 22:00:00,27.0,0.0,80.2,55.0,6.2
2024-12-31 23:00:00,26.6,0.0,82.5,54.0,6.4
2025-01-01 00:00:00,26.8,0.0,81.9,39.0,6.0
2025-01-01 01:00:00,26.4,0.0,84.3,50.0,6.2
2025-01-01 02:00:00,26.5,0.0,83.8,42.0,5.3
2025-01-01 03:00:00,26.3,0.0,84.3,39.0,4.6
2025-01-01 04:00:00,25.9,0.0,86.2,42.0,6.0
2025-01-01 05:00:00,26.0,0.0,85.0,46.0,5.5
2025-01-01 06:00:00,26.2,0.0,83.2,40.0,5.7
2025-01-01 07:00:00,26.1,0.0,83.5,14.0,4.1
2025-01-01 08:00:00,26.4,0.0,83.1,23.0,5.2
2025-01-01 09:00:00,27.0,0.0,80.2,33.0,7.5
2025-01-01 10:00:00,28.3,0.0,71.8,52.0,8.39999
2025-01-01 11:00:00,29.5,0.0,66.9,46.0,8.89999
2025-01-01 12:00:00,30.1,0.0,62.3,52.0,8.10001
2025-01-01 13:00:00,30.4,0.0,63.1,34.0,8.3
2025-01-01 14:00:00,29.5,0.0,67.7,56.0,8.8
2025-01-01 15:00:00,28.4,0.0,77.6,310.0,3.0
2025-01-01 16:00:00,30.2,0.0,65.0,2.0,3.3
2025-01-01 17:00:00,27.3,0.0,80.2,27.0,6.6
2025-01-01 18:00:00,27.6,0.0,75.4,53.0,4.2
2025-01-01 19:00:00,27.7,0.0,73.7,41.0,5.4
2025-01-01 20:00:00,27.4,0.0,79.3,47.0,4.6
2025-01-01 21:00:00,27.2,0.0,80.8,52.0,6.8
2025-01-01 22:00:00,27.6,0.0,76.2,34.0,6.2
2025-01-01 23:00:00,27.4,0.0,80.0,41.0,6.1
2025-01-02 00:00:00,27.3,0.0,80.3,34.0,6.7
2025-01-02 01:00:00,27.0,0.0,81.6,50.0,6.8
2025-01-02 02:00:00,26.7,0.0,82.6,56.0,6.4
2025-01-02 03:00:00,26.7,0.0,82.3,43.0,6.3
2025-01-02 04:00:00,26.6,0.0,82.6,47.0,6.3
2025-01-02 05:00:00,26.7,0.0,80.7,26.0,6.7
2025-01-02 06:00:00,26.6,0.0,80.6,22.0,6.2
2025-01-02 07:00:00,26.5,0.0,80.9,50.0,6.0
2025-01-02 08:00:00,26.6,0.0,81.6,49.0,5.4
2025-01-02 09:00:00,27.5,0.0,77.0,24.0,5.8
2025-01-02 10:00:00,28.2,0.0,73.3,58.0,8.8
2025-01-02 11:00:00,29.6,0.0,67.1,44.0,8.3
2025-01-02 12:00:00,30.2,0.0,62.6,50.0,7.9
2025-01-02 13:00:00,31.0,0.0,60.3,41.0,7.0
2025-01-02 14:00:00,30.1,0.0,64.6,50.0,8.10001
2025-01-02 15:00:00,30.7,0.0,62.5,46.0,9.5
2025-01-02 16:00:00,30.1,0.0,64.6,49.0,8.0
2025-01-02 17:00:00,30.2,0.0,64.7,60.0,8.8
2025-01-02 18:00:00,29.3,0.0,67.2,60.0,7.7
2025-01-02 19:00:00,29.0,0.0,69.4,53.0,7.4
2025-01-02 20:00:00,28.4,0.0,72.3,47.0,7.8
2025-01-02 21:00:00,27.9,0.0,75.5,52.0,6.3
2025-01-02 22:00:00,27.8,0.0,77.6,50.0,5.7
2025-01-02 23:00:00,27.5,0.0,78.2,50.0,6.7
2025-01-03 00:00:00,27.3,0.0,76.8,55.0,7.7
2025-01-03 01:00:00,27.0,0.0,78.1,61.0,6.8
2025-01-03 02:00:00,26.6,0.0,80.6,59.0,7.6
2025-01-03 03:00:00,26.5,0.0,81.2,48.0,6.3
2025-01-03 04:00:00,26.6,0.0,80.9,44.0,6.1
2025-01-03 05:00:00,26.6,0.0,81.2,51.0,5.8
2025-01-03 06:00:00,26.5,0.0,80.9,56.0,6.0
2025-01-03 07:00:00,26.5,0.0,81.5,44.0,5.0
2025-01-03 08:00:00,26.9,0.0,79.7,40.0,5.6
2025-01-03 09:00:00,27.5,0.0,75.6,40.0,8.39999
2025-01-03 10:00:00,29.0,0.0,68.5,39.0,7.2
2025-01-03 11:00:00,29.7,0.0,63.4,55.0,9.3
2025-01-03 12:00:00,30.5,0.0,61.0,51.0,9.2
2025-01-03 13:00:00,30.8,0.0,59.1,38.0,7.7
2025-01-03 14:00:00,31.3,0.0,57.9,40.0,7.7
2025-01-03 15:00:00,32.1,0.0,55.7,43.0,5.4
2025-01-03 16:00:00,29.3,0.2,68.4,8.0,7.4
2025-01-03 17:00:00,29.7,0.0,69.9,41.0,6.3
2025-01-03 18:00:00,29.7,0.0,65.7,43.0,7.8
2025-01-03 19:00:00,29.2,0.0,66.7,48.0,7.1
2025-01-03 20:00:00,26.9,0.0,80.0,41.0,3.8
2025-01-03 21:00:00,27.9,0.0,72.4,59.0,7.3
2025-01-03 22:00:00,28.2,0.0,72.7,39.0,7.9
2025-01-03 23:00:00,27.9,0.0,75.3,36.0,6.8
2025-01-04 00:00:00,27.7,0.0,77.1,39.0,7.3
2025-01-04 01:00:00,27.5,0.0,78.5,22.0,5.3
2025-01-04 02:00:00,27.5,0.0,79.2,23.0,4.5
2025-01-04 03:00:00,27.2,0.0,80.8,49.0,6.1
2025-01-04 04:00:00,27.0,0.0,81.1,44.0,5.9
2025-01-04 05:00:00,26.7,0.0,83.5,48.0,5.3
2025-01-04 06:00:00,27.0,0.0,80.6,32.0,6.1
2025-01-04 07:00:00,26.9,0.0,81.1,28.0,5.5
2025-01-04 08:00:00,27.0,0.0,79.7,24.0,4.5
2025-01-04 09:00:00,27.9,0.0,75.4,26.0,7.9
2025-01-04 10:00:00,28.6,0.0,72.6,37.0,8.3
2025-01-04 11:00:00,29.5,0.0,66.4,57.0,10.3
2025-01-04 12:00:00,29.8,0.0,63.0,63.0,11.2
2025-01-04 13:00:00,30.5,0.0,63.1,60.0,9.8
2025-01-04 14:00:00,29.1,0.0,68.9,27.0,10.1
2025-01-04 15:00:00,30.3,0.0,64.1,53.0,9.89999
2025-01-04 16:00:00,30.0,0.0,65.9,60.0,10.4
2025-01-04 17:00:00,29.8,0.0,64.9,51.0,9.10001
2025-01-04 18:00:00,29.5,0.0,67.0,55.0,8.89999
2025-01-04 19:00:00,28.8,0.0,69.0,46.0,7.6
2025-01-04 20:00:00,28.2,0.0,73.4,53.0,7.4
2025-01-04 21:00:00,27.9,0.0,74.7,58.0,7.9
2025-01-04 22:00:00,27.7,0.0,76.0,54.0,7.6
2025-01-04 23:00:00,27.5,0.0,77.6,44.0,6.8
2025-01-05 00:00:00,27.4,0.0,78.5,45.0,6.0
2025-01-05 01:00:00,27.4,0.0,78.5,34.0,7.1
2025-01-05 02:00:00,27.2,0.0,79.6,44.0,7.0
2025-01-05 03:00:00,26.9,0.0,81.0,52.0,7.3
2025-01-05 04:00:00,26.6,0.0,82.8,55.0,6.9
2025-01-05 05:00:00,26.7,0.0,82.6,43.0,7.7
2025-01-05 06:00:00,26.6,0.0,82.8,39.0,6.1
2025-01-05 07:00:00,26.6,0.0,81.6,27.0,8.2
2025-01-05 08:00:00,26.8,0.0,80.2,36.0,5.8
2025-01-05 09:00:00,27.6,0.0,77.4,54.0,7.9
2025-01-05 10:00:00,28.7,0.0,72.6,57.0,8.8
2025-01-05 11:00:00,29.3,0.0,68.7,57.0,9.39999
2025-01-05 12:00:00,30.3,0.0,65.9,43.0,8.39999
2025-01-05 13:00:00,30.7,0.0,62.8,58.0,9.2
2025-01-05 14:00:00,31.7,0.0,60.2,23.0,8.60001
2025-01-05 15:00:00,30.4,0.0,66.2,56.0,10.4
2025-01-05 16:00:00,31.2,0.0,65.0,49.0,9.3
2025-01-05 17:00:00,30.0,0.0,65.9,60.0,10.3
2025-01-05 18:00:00,28.7,0.0,70.4,57.0,9.7
2025-01-05 19:00:00,28.2,0.0,70.4,64.0,9.7
2025-01-05 20:00:00,28.0,0.0,71.6,55.0,9.3
2025-01-05 21:00:00,27.7,0.0,73.8,62.0,8.7
2025-01-05 22:00:00,27.5,0.0,74.8,60.0,9.3
2025-01-05 23:00:00,27.3,0.0,76.5,62.0,9.2
2025-01-06 00:00:00,27.1,0.0,78.1,58.0,7.8
2025-01-06 01:00:00,26.9,0.0,79.4,58.0,8.8
2025-01-06 02:00:00,27.1,0.0,77.5,53.0,8.0
2025-01-06 03:00:00,27.0,0.0,77.7,54.0,7.9
2025-01-06 04:00:00,26.8,0.0,79.4,44.0,7.1
2025-01-06 05:00:00,26.7,0.0,78.9,47.0,8.2
2025-01-06 06:00:00,26.6,0.0,79.7,54.0,7.4
2025-01-06 07:00:00,26.7,0.0,80.3,56.0,6.5
2025-01-06 08:00:00,27.1,0.0,78.8,57.0,7.6
2025-01-06 09:00:00,27.5,0.0,78.0,49.0,9.0
2025-01-06 10:00:00,28.8,0.0,70.5,54.0,9.7
2025-01-06 11:00:00,29.5,0.0,69.2,43.0,9.2
2025-01-06 12:00:00,30.2,0.0,65.1,41.0,9.89999
2025-01-06 13:00:00,30.7,0.0,62.4,61.0,9.3
2025-01-06 14:00:00,30.7,0.0,62.5,52.0,9.0
2025-01-06 15:00:00,30.3,0.0,63.7,56.0,8.3
2025-01-06 16:00:00,30.5,0.0,63.0,52.0,7.5
2025-01-06 17:00:00,29.8,0.0,60.7,58.0,11.3
2025-01-06 18:00:00,29.1,0.0,66.6,55.0,9.89999
2025-01-06 19:00:00,28.4,0.0,72.4,52.0,9.10001
2025-01-06 20:00:00,27.8,0.0,74.2,60.0,9.2
2025-01-06 21:00:00,27.7,0.0,73.0,59.0,8.89999
2025-01-06 22:00:00,27.6,0.0,71.8,45.0,7.8
2025-01-06 23:00:00,27.3,0.0,73.4,58.0,8.7
2025-01-07 00:00:00,27.5,0.0,72.7,45.0,7.7
2025-01-07 01:00:00,27.1,0.0,74.8,32.0,7.4
2025-01-07 02:00:00,27.1,0.0,74.8,35.0,6.8
2025-01-07 03:00:00,26.8,0.0,76.2,57.0,7.3
2025-01-07 04:00:00,26.8,0.0,76.9,29.0,7.5
2025-01-07 05:00:00,26.6,0.0,77.9,7.0,5.5
2025-01-07 06:00:00,26.5,0.0,78.9,30.0,5.6
2025-01-07 07:00:00,26.5,0.0,77.9,26.0,5.6
2025-01-07 08:00:00,27.0,0.0,76.4,23.0,4.6
2025-01-07 15:00:00,32.5,0.0,58.1,327.0,6.9
2025-01-07 16:00:00,31.1,0.0,60.1,14.0,6.2
2025-01-07 17:00:00,31.1,0.0,60.9,28.0,6.6
2025-01-07 18:00:00,30.6,0.0,56.5,36.0,8.8
2025-01-07 19:00:00,29.7,0.0,56.4,34.0,9.8
2025-01-07 20:00:00,29.1,0.0,56.9,22.0,7.5
2025-01-07 21:00:00,27.9,0.0,67.1,61.0,7.2
2025-01-07 22:00:00,27.8,0.0,69.7,53.0,8.3
2025-01-07 23:00:00,27.2,0.0,75.7,59.0,8.7
2025-01-08 00:00:00,26.9,0.0,78.6,60.0,7.9
2025-01-08 01:00:00,27.1,0.0,78.5,34.0,7.1
2025-01-08 02:00:00,27.0,0.0,78.4,54.0,7.3
2025-01-08 03:00:00,26.8,0.0,78.6,55.0,6.6
2025-01-08 04:00:00,27.0,0.0,77.9,48.0,6.2
2025-01-08 05:00:00,26.9,0.0,78.0,15.0,5.7
2025-01-08 06:00:00,26.7,0.0,79.0,19.0,4.7
2025-01-08 07:00:00,26.8,0.0,77.6,359.0,3.6
2025-01-08 08:00:00,27.2,0.0,76.5,21.0,4.4
2025-01-08 09:00:00,27.5,0.0,75.2,26.0,7.5
2025-01-08 10:00:00,28.8,0.0,69.5,25.0,8.2
2025-01-08 11:00:00,29.9,0.0,66.0,19.0,7.3
2025-01-08 12:00:00,29.6,0.0,64.5,54.0,8.7
2025-01-08 13:00:00,31.5,0.0,55.7,50.0,8.5
2025-01-08 14:00:00,31.7,0.0,53.8,43.0,9.39999
2025-01-08 15:00:00,31.2,0.0,58.9,55.0,10.1
2025-01-08 16:00:00,31.8,0.0,55.5,34.0,10.0
2025-01-08 17:00:00,31.5,0.0,58.9,49.0,9.3
2025-01-08 18:00:00,30.3,0.0,63.0,58.0,9.60001
2025-01-08 19:00:00,29.7,0.0,63.4,39.0,8.10001
2025-01-08 20:00:00,28.6,0.0,67.4,53.0,8.60001
2025-01-08 21:00:00,28.2,0.0,67.0,54.0,9.2
2025-01-08 22:00:00,27.8,0.0,70.5,33.0,8.7
2025-01-08 23:00:00,27.5,0.0,74.0,48.0,10.6
2025-01-09 00:00:00,27.3,0.0,75.2,31.0,7.1
2025-01-09 01:00:00,27.1,0.0,76.7,25.0,6.6
2025-01-09 02:00:00,27.0,0.0,76.9,50.0,9.2
2025-01-09 03:00:00,26.8,0.0,77.3,26.0,8.10001
2025-01-09 04:00:00,26.4,0.0,78.5,27.0,6.5
2025-01-09 05:00:00,26.6,0.0,76.7,29.0,7.0
2025-01-09 06:00:00,26.5,0.0,78.0,31.0,7.2
2025-01-09 07:00:00,26.5,0.0,78.2,29.0,7.1
2025-01-09 08:00:00,26.7,0.0,78.1,21.0,6.6
2025-01-09 09:00:00,27.4,0.0,75.0,36.0,8.10001
2025-01-09 10:00:00,28.7,0.0,67.2,47.0,9.60001
2025-01-09 11:00:00,29.9,0.0,60.1,18.0,9.60001
2025-01-09 12:00:00,30.8,0.0,55.0,46.0,9.7
2025-01-09 13:00:00,30.8,0.0,55.9,64.0,10.9
2025-01-09 14:00:00,31.5,0.0,48.4,57.0,10.7
2025-01-09 15:00:00,31.6,0.0,51.5,54.0,10.1
2025-01-09 16:00:00,31.3,0.0,53.6,44.0,9.89999
2025-01-09 17:00:00,30.4,0.0,52.7,65.0,11.7
2025-01-09 18:00:00,29.8,0.0,57.4,44.0,9.10001
2025-01-09 19:00:00,29.1,0.0,62.3,55.0,9.39999
2025-01-09 20:00:00,28.6,0.0,64.3,19.0,9.89999
2025-01-09 21:00:00,28.2,0.0,64.8,19.0,6.8
2025-01-09 22:00:00,28.0,0.0,64.9,20.0,8.39999
2025-01-09 23:00:00,27.9,0.0,66.6,19.0,7.7
2025-01-10 00:00:00,27.5,0.0,70.0,18.0,6.4
2025-01-10 01:00:00,27.4,0.0,70.9,24.0,8.5
2025-01-10 02:00:00,27.1,0.0,72.2,17.0,5.3
2025-01-10 03:00:00,27.0,0.0,73.3,13.0,5.5
2025-01-10 04:00:00,26.8,0.0,75.2,6.0,4.7
2025-01-10 05:00:00,26.8,0.0,75.3,5.0,6.4
2025-01-10 06:00:00,26.7,0.0,75.7,352.0,3.6
2025-01-10 07:00:00,26.9,0.0,75.1,33.0,6.2
2025-01-10 08:00:00,26.9,0.0,76.2,14.0,5.4
2025-01-10 09:00:00,26.2,0.0,82.0,4.0,4.5
2025-01-10 10:00:00,25.5,0.0,85.9,20.0,7.5
2025-01-10 11:00:00,24.6,0.6,89.4,335.0,9.10001
2025-01-10 12:00:00,24.1,0.2,91.2,341.0,7.4
2025-01-10 13:00:00,24.0,0.4,92.5,328.0,6.8
2025-01-10 14:00:00,23.9,0.2,92.0,326.0,6.9
2025-01-10 15:00:00,23.5,0.6,92.2,326.0,6.5
2025-01-10 16:00:00,23.5,2.2,92.5,329.0,6.2
2025-01-10 17:00:00,23.3,1.4,93.5,330.0,4.8
2025-01-10 18:00:00,23.5,1.4,95.1,324.0,6.4
2025-01-10 19:00:00,23.2,1.6,95.4,324.0,6.1
2025-01-10 20:00:00,23.2,0.4,95.7,320.0,5.4
2025-01-10 21:00:00,22.9,1.2,95.3,325.0,6.5
2025-01-10 22:00:00,22.9,0.8,95.0,325.0,6.2
2025-01-10 23:00:00,22.9,0.2,95.0,324.0,6.1
2025-01-11 00:00:00,22.9,0.2,94.8,323.0,5.8
2025-01-11 01:00:00,23.0,0.2,94.9,324.0,4.5
2025-01-11 02:00:00,22.9,0.2,95.4,324.0,4.4
2025-01-11 03:00:00,22.9,0.0,95.3,323.0,5.2
2025-01-11 04:00:00,22.9,0.2,95.4,324.0,5.0
2025-01-11 05:00:00,22.9,0.2,95.3,331.0,7.1
2025-01-11 06:00:00,22.8,1.0,95.2,328.0,5.8
2025-01-11 07:00:00,22.8,0.2,95.4,324.0,5.7
2025-01-11 08:00:00,22.8,0.2,94.4,329.0,5.8
2025-01-11 09:00:00,23.0,0.0,93.1,329.0,6.7
2025-01-11 10:00:00,23.2,0.0,92.8,329.0,5.1
2025-01-11 11:00:00,23.4,0.0,92.7,325.0,5.0
2025-01-11 12:00:00,23.7,0.4,92.6,332.0,6.7
2025-01-11 13:00:00,23.9,0.4,94.0,338.0,7.2
2025-01-11 14:00:00,24.2,1.2,93.8,10.0,7.1
2025-01-11 15:00:00,24.3,0.0,94.3,12.0,8.7
2025-01-11 16:00:00,24.8,0.2,91.9,29.0,8.0
2025-01-11 17:00:00,25.0,0.2,89.6,26.0,8.5
2025-01-11 18:00:00,24.9,0.0,90.5,42.0,7.7
2025-01-11 19:00:00,25.2,0.0,89.1,41.0,7.2
2025-01-11 20:00:00,25.4,0.0,88.3,53.0,7.4
2025-01-11 21:00:00,25.5,0.0,86.7,41.0,7.5
2025-01-11 22:00:00,25.5,0.0,87.1,42.0,7.1
2025-01-11 23:00:00,25.4,0.0,88.2,19.0,6.3
2025-01-12 00:00:00,25.5,0.2,87.7,34.0,8.0
2025-01-12 01:00:00,25.6,0.0,86.9,15.0,7.3
2025-01-12 02:00:00,25.8,0.0,86.0,32.0,10.0
2025-01-12 03:00:00,25.6,0.0,87.5,43.0,7.3
2025-01-12 04:00:00,25.9,0.0,85.9,38.0,7.3
2025-01-12 05:00:00,25.7,0.0,86.5,47.0,6.8
2025-01-12 06:00:00,25.2,0.0,89.7,50.0,7.0
2025-01-12 07:00:00,25.6,0.0,85.9,27.0,7.4
2025-01-12 08:00:00,25.5,0.0,87.5,7.0,5.3
2025-01-12 09:00:00,25.7,0.0,87.2,32.0,7.0
2025-01-12 10:00:00,26.0,0.0,86.4,34.0,7.8
2025-01-12 11:00:00,26.1,0.0,85.7,49.0,8.7
2025-01-12 12:00:00,25.2,0.0,89.0,56.0,8.39999
2025-01-12 13:00:00,24.8,0.2,92.9,60.0,9.0
2025-01-12 14:00:00,25.7,0.0,85.2,44.0,10.3
2025-01-12 15:00:00,26.4,0.0,83.2,58.0,10.1
2025-01-12 16:00:00,27.0,0.0,79.3,53.0,9.39999
2025-01-12 17:00:00,26.8,0.0,79.9,49.0,9.39999
2025-01-12 18:00:00,25.3,0.4,90.4,51.0,7.4
2025-01-12 19:00:00,24.6,0.2,94.6,59.0,7.7
2025-01-12 20:00:00,25.2,0.2,90.3,48.0,7.3
2025-01-12 21:00:00,24.6,0.0,93.7,47.0,6.9
2025-01-12 22:00:00,25.0,0.2,90.9,37.0,10.5
2025-01-12 23:00:00,24.7,0.6,92.6,353.0,10.1
2025-01-13 00:00:00,24.3,0.6,94.9,2.0,9.39999
2025-01-13 01:00:00,23.8,0.6,95.7,23.0,8.0
2025-01-13 02:00:00,23.7,0.4,96.0,334.0,8.39999
2025-01-13 03:00:00,23.8,0.4,94.2,331.0,9.0
2025-01-13 04:00:00,24.2,0.6,92.7,335.0,9.8
2025-01-13 05:00:00,24.4,0.2,89.7,26.0,6.6
2025-01-13 06:00:00,24.4,0.0,90.8,359.0,6.2
2025-01-13 07:00:00,23.7,0.0,87.8,46.0,4.2
2025-01-13 08:00:00,24.2,0.2,90.7,326.0,8.3
2025-01-13 09:00:00,24.2,0.2,91.7,327.0,8.60001
2025-01-13 10:00:00,24.4,0.0,90.2,12.0,5.5
2025-01-13 11:00:00,24.4,0.0,90.1,1.0,6.4
2025-01-13 12:00:00,24.8,0.0,87.8,17.0,6.2
2025-01-13 13:00:00,25.2,0.0,88.2,27.0,5.1
2025-01-13 14:00:00,25.7,0.2,87.9,45.0,8.7
2025-01-13 15:00:00,25.0,0.0,89.5,41.0,4.3
2025-01-13 16:00:00,25.5,0.0,86.9,32.0,4.6
2025-01-13 17:00:00,25.2,0.0,88.4,47.0,8.39999
2025-01-13 18:00:00,25.4,0.0,88.0,43.0,6.9
2025-01-13 19:00:00,25.4,0.0,87.4,42.0,6.1
2025-01-13 20:00:00,25.3,0.0,87.3,36.0,5.1
2025-01-13 21:00:00,25.3,0.0,88.4,36.0,5.0
2025-01-13 22:00:00,25.4,0.0,86.8,44.0,6.3
2025-01-13 23:00:00,25.3,0.0,86.7,37.0,6.3
2025-01-14 00:00:00,25.5,0.0,85.6,40.0,5.4
2025-01-14 01:00:00,25.4,0.0,86.1,41.0,4.9
2025-01-14 02:00:00,25.0,0.0,86.9,49.0,5.0
2025-01-14 03:00:00,24.8,0.0,86.0,37.0,5.5
2025-01-14 04:00:00,24.7,0.0,85.9,11.0,5.0
2025-01-14 05:00:00,24.7,0.0,87.7,11.0,4.3
2025-01-14 06:00:00,24.8,0.0,87.6,4.0,4.7
2025-01-14 07:00:00,24.9,0.0,87.1,19.0,5.3
2025-01-14 08:00:00,25.1,0.0,86.1,14.0,5.4
2025-01-14 09:00:00,25.9,0.0,82.6,18.0,8.39999
2025-01-14 10:00:00,26.0,0.0,84.2,20.0,7.0
2025-01-14 11:00:00,27.6,0.0,77.4,40.0,7.4
2025-01-14 12:00:00,25.9,0.6,84.9,59.0,4.8
2025-01-14 13:00:00,26.1,0.2,83.4,37.0,9.2
2025-01-14 14:00:00,25.9,0.4,87.7,46.0,7.1
2025-01-14 15:00:00,26.1,0.0,86.0,43.0,7.4
2025-01-14 16:00:00,27.8,0.0,80.1,35.0,6.9
2025-01-14 17:00:00,25.7,0.0,90.3,19.0,9.60001
2025-01-14 18:00:00,26.4,0.0,85.4,49.0,6.1
2025-01-14 19:00:00,26.5,0.0,83.0,50.0,6.8
2025-01-14 20:00:00,26.4,0.0,85.2,11.0,4.0
2025-01-14 21:00:00,26.2,0.0,85.0,26.0,6.1
2025-01-14 22:00:00,25.6,0.0,86.5,20.0,6.7
2025-01-14 23:00:00,25.2,0.0,88.1,15.0,5.7
2025-01-15 00:00:00,25.4,0.0,88.1,11.0,4.5
2025-01-15 01:00:00,25.5,0.0,86.5,16.0,5.7
2025-01-15 02:00:00,25.3,0.0,87.5,9.0,4.8
2025-01-15 03:00:00,25.4,0.0,85.5,27.0,6.0
2025-01-15 04:00:00,25.2,0.0,86.4,350.0,4.0
2025-01-15 05:00:00,25.3,0.0,82.8,28.0,6.0
2025-01-15 06:00:00,25.1,0.0,83.9,357.0,3.7
2025-01-15 07:00:00,24.9,0.0,86.1,4.0,3.7
2025-01-15 08:00:00,25.2,0.0,83.8,344.0,4.4
2025-01-15 09:00:00,25.7,0.0,80.6,350.0,4.9
2025-01-15 10:00:00,26.3,0.0,78.2,13.0,4.0
2025-01-15 11:00:00,27.0,0.0,74.7,348.0,4.0
2025-01-15 12:00:00,27.3,0.0,73.7,24.0,5.9
2025-01-15 13:00:00,28.6,0.0,71.7,357.0,3.4
2025-01-15 14:00:00,28.5,0.0,71.4,2.0,4.0
2025-01-15 15:00:00,28.0,0.0,75.5,359.0,3.8
2025-01-15 16:00:00,26.0,0.0,84.4,309.0,4.0
2025-01-15 17:00:00,25.6,0.0,90.4,24.0,3.9
2025-01-15 18:00:00,25.8,0.0,88.3,344.0,2.9
2025-01-15 19:00:00,25.7,0.0,86.5,349.0,3.8
2025-01-15 20:00:00,25.8,0.0,88.4,339.0,4.0
2025-01-15 21:00:00,26.0,0.0,85.1,354.0,3.0
2025-01-15 22:00:00,26.2,0.0,86.3,28.0,4.5
2025-01-15 23:00:00,26.0,0.0,87.8,18.0,3.5
2025-01-16 00:00:00,26.2,0.0,87.0,25.0,4.4
2025-01-16 01:00:00,26.2,0.0,86.8,11.0,3.6
2025-01-16 02:00:00,26.2,0.0,86.8,20.0,5.7
2025-01-16 03:00:00,25.6,0.0,89.3,49.0,6.0
2025-01-16 04:00:00,25.5,0.0,89.6,35.0,5.3
2025-01-16 05:00:00,25.4,0.0,87.4,22.0,6.9
2025-01-16 06:00:00,25.3,0.0,88.3,13.0,4.3
2025-01-16 07:00:00,25.3,0.0,89.0,13.0,4.2
2025-01-16 08:00:00,25.7,0.0,87.6,23.0,6.8
2025-01-16 09:00:00,26.6,0.0,84.8,32.0,7.6
2025-01-16 10:00:00,27.9,0.0,78.9,55.0,8.8
2025-01-16 11:00:00,28.6,0.0,74.7,43.0,10.2
2025-01-16 12:00:00,29.5,0.0,69.4,37.0,9.5
2025-01-16 13:00:00,29.6,0.0,65.3,58.0,11.4
2025-01-16 14:00:00,30.0,0.0,65.2,41.0,9.10001
2025-01-16 15:00:00,28.6,0.0,73.4,57.0,7.6
2025-01-16 16:00:00,28.7,0.0,69.5,57.0,12.6
2025-01-16 17:00:00,28.5,0.0,75.7,56.0,9.10001
2025-01-16 18:00:00,28.3,0.0,73.2,54.0,8.89999
2025-01-16 19:00:00,27.7,0.0,75.9,59.0,9.39999
2025-01-16 20:00:00,27.2,0.0,79.9,59.0,10.7
2025-01-16 21:00:00,26.9,0.0,78.9,52.0,8.89999
2025-01-16 22:00:00,26.8,0.0,80.0,53.0,8.10001
2025-01-16 23:00:00,26.8,0.0,80.8,52.0,7.6
2025-01-17 00:00:00,26.3,0.0,84.6,54.0,7.4
2025-01-17 01:00:00,26.1,0.0,84.7,50.0,6.8
2025-01-17 02:00:00,26.5,0.0,80.8,35.0,8.8
2025-01-17 03:00:00,26.4,0.0,82.4,50.0,8.0
2025-01-17 04:00:00,26.3,0.0,81.2,30.0,7.3
2025-01-17 05:00:00,26.2,0.0,81.2,49.0,8.2
2025-01-17 06:00:00,26.2,0.0,81.1,54.0,7.9
2025-01-17 07:00:00,26.1,0.0,82.0,44.0,7.3
2025-01-17 08:00:00,26.1,0.0,81.3,32.0,6.9
2025-01-17 09:00:00,26.9,0.0,79.5,48.0,8.0
2025-01-17 10:00:00,27.3,0.0,77.6,51.0,9.89999
2025-01-17 11:00:00,28.3,0.0,69.6,63.0,12.3
2025-01-17 12:00:00,28.9,0.0,69.4,43.0,11.1
2025-01-17 13:00:00,29.0,0.0,70.4,65.0,12.5
2025-01-17 14:00:00,27.7,0.0,73.0,51.0,11.2
2025-01-17 15:00:00,27.2,0.0,78.2,51.0,11.3
2025-01-17 16:00:00,27.5,0.2,77.6,53.0,9.5
2025-01-17 17:00:00,25.4,1.6,89.9,28.0,10.2
2025-01-17 18:00:00,26.9,0.0,80.7,37.0,9.2
2025-01-17 19:00:00,26.8,0.0,80.9,49.0,8.7
2025-01-17 20:00:00,26.6,0.0,81.3,45.0,7.1
2025-01-17 21:00:00,25.6,0.0,86.5,61.0,7.6
2025-01-17 22:00:00,26.0,0.0,84.0,38.0,7.6
2025-01-17 23:00:00,25.9,0.0,84.8,34.0,8.3
2025-01-18 00:00:00,25.8,0.0,85.9,15.0,7.7
2025-01-18 01:00:00,25.9,0.0,85.1,22.0,6.9
2025-01-18 02:00:00,25.9,0.0,85.3,33.0,7.9
2025-01-18 03:00:00,25.8,0.0,84.8,20.0,6.4
2025-01-18 04:00:00,25.7,0.0,85.0,14.0,7.0
2025-01-18 05:00:00,25.6,0.0,84.9,37.0,8.60001
2025-01-18 06:00:00,25.6,0.0,84.9,31.0,8.60001
2025-01-18 07:00:00,25.8,0.0,84.3,30.0,7.4
2025-01-18 08:00:00,25.8,0.0,85.7,23.0,6.5
2025-01-18 09:00:00,26.5,0.0,83.2,22.0,5.9
2025-01-18 10:00:00,27.7,0.0,76.9,46.0,9.39999
2025-01-18 11:00:00,27.8,0.0,75.4,33.0,10.1
2025-01-18 12:00:00,26.0,1.2,86.4,19.0,12.1
2025-01-18 13:00:00,27.6,0.0,77.4,41.0,10.2
2025-01-18 14:00:00,28.0,0.0,77.8,20.0,7.3
2025-01-18 15:00:00,28.9,0.0,69.7,48.0,9.60001
2025-01-18 16:00:00,28.7,0.0,71.5,55.0,10.4
2025-01-18 17:00:00,27.9,0.0,74.1,64.0,10.2
2025-01-18 18:00:00,27.0,0.0,76.7,57.0,9.8
2025-01-18 19:00:00,26.7,0.0,77.3,45.0,10.9
2025-01-18 20:00:00,26.7,0.0,78.8,36.0,7.5
2025-01-18 21:00:00,26.6,0.0,80.9,31.0,7.5
2025-01-18 22:00:00,26.5,0.0,81.8,33.0,7.7
2025-01-18 23:00:00,26.2,0.0,83.0,17.0,7.6
2025-01-19 00:00:00,25.9,0.0,84.4,349.0,4.9
2025-01-19 01:00:00,26.0,0.0,84.1,19.0,5.2
2025-01-19 02:00:00,25.6,0.0,86.5,14.0,4.6
2025-01-19 03:00:00,25.0,0.0,91.1,18.0,6.8
2025-01-19 04:00:00,25.1,0.0,91.0,330.0,5.2
2025-01-19 05:00:00,24.9,0.2,91.3,347.0,6.8
2025-01-19 06:00:00,25.0,0.0,91.5,353.0,4.8
2025-01-19 07:00:00,25.0,0.0,90.4,18.0,5.3
2025-01-19 08:00:00,24.7,0.4,92.3,342.0,7.9
2025-01-19 09:00:00,24.9,0.0,91.6,8.0,7.3
2025-01-19 10:00:00,25.3,0.0,90.2,7.0,3.9
2025-01-19 11:00:00,25.1,0.4,91.5,47.0,7.1
2025-01-19 12:00:00,25.8,0.0,89.6,14.0,4.0
2025-01-19 13:00:00,27.1,0.0,80.6,33.0,7.3
2025-01-19 14:00:00,27.6,0.0,79.5,51.0,8.8
2025-01-19 15:00:00,26.8,0.0,80.7,55.0,7.1
2025-01-19 16:00:00,26.8,0.0,82.4,50.0,8.7
2025-01-19 17:00:00,27.4,0.0,79.2,47.0,7.7
2025-01-19 18:00:00,27.2,0.0,76.6,49.0,8.0
2025-01-19 19:00:00,26.8,0.0,78.7,51.0,8.3
2025-01-19 20:00:00,26.7,0.0,78.4,45.0,8.39999
2025-01-19 21:00:00,26.5,0.0,80.0,46.0,7.6
2025-01-19 22:00:00,26.4,0.0,80.0,32.0,7.0
2025-01-19 23:00:00,26.1,0.0,81.0,15.0,4.8
2025-01-20 00:00:00,26.0,0.0,80.3,14.0,5.5
2025-01-20 01:00:00,25.8,0.0,81.8,27.0,5.1
2025-01-20 02:00:00,25.8,0.0,81.5,28.0,5.7
2025-01-20 03:00:00,25.5,0.0,83.3,28.0,5.3
2025-01-20 04:00:00,25.6,0.0,81.9,23.0,6.9
2025-01-20 05:00:00,25.6,0.0,81.9,33.0,6.0
2025-01-20 06:00:00,25.5,0.0,82.4,21.0,6.3
2025-01-20 07:00:00,25.6,0.0,82.1,38.0,7.8
2025-01-20 08:00:00,25.8,0.0,80.2,29.0,8.2
2025-01-20 09:00:00,26.5,0.0,77.5,35.0,8.5
2025-01-20 10:00:00,27.2,0.0,74.4,35.0,8.7
2025-01-20 11:00:00,27.9,0.0,70.3,29.0,9.3
2025-01-20 12:00:00,28.6,0.0,69.6,45.0,8.5
2025-01-20 13:00:00,29.1,0.0,65.1,54.0,9.89999
2025-01-20 14:00:00,28.8,0.0,68.1,54.0,10.7
2025-01-20 15:00:00,28.7,0.0,66.8,37.0,10.4
2025-01-20 16:00:00,28.4,0.0,67.4,48.0,9.3
2025-01-20 17:00:00,28.2,0.0,69.4,37.0,9.2
2025-01-20 18:00:00,28.0,0.0,70.6,44.0,8.3
2025-01-20 19:00:00,28.1,0.0,69.3,56.0,8.60001
2025-01-20 20:00:00,27.4,0.0,71.1,32.0,6.5
2025-01-20 21:00:00,27.0,0.0,73.2,29.0,6.9
2025-01-20 22:00:00,26.7,0.0,76.1,43.0,6.9
2025-01-20 23:00:00,26.6,0.0,76.0,29.0,7.8
2025-01-21 00:00:00,26.5,0.0,78.3,32.0,7.7
2025-01-21 01:00:00,26.4,0.0,79.3,31.0,7.6
2025-01-21 02:00:00,26.2,0.0,80.4,34.0,7.4
2025-01-21 03:00:00,26.0,0.0,81.2,30.0,7.1
2025-01-21 04:00:00,26.1,0.0,80.3,30.0,6.1
2025-01-21 05:00:00,26.1,0.0,78.1,48.0,7.5
2025-01-21 06:00:00,26.0,0.0,79.6,45.0,7.0
2025-01-21 07:00:00,26.0,0.0,78.4,16.0,5.9
2025-01-21 08:00:00,26.2,0.0,77.7,22.0,6.0
2025-01-21 09:00:00,26.5,0.0,78.0,33.0,6.3
2025-01-21 10:00:00,26.8,0.0,76.4,24.0,6.5
2025-01-21 11:00:00,26.6,0.0,73.0,25.0,10.0
2025-01-21 12:00:00,26.2,0.0,76.2,44.0,10.2
2025-01-21 13:00:00,25.9,0.0,80.5,56.0,7.6
2025-01-21 14:00:00,26.4,0.0,80.0,44.0,7.1
2025-01-21 15:00:00,26.0,0.2,77.0,62.0,9.60001
2025-01-21 16:00:00,26.2,0.0,79.3,48.0,7.5
2025-01-21 17:00:00,26.6,0.0,77.2,43.0,8.5
2025-01-21 18:00:00,25.7,0.0,82.0,62.0,9.10001
2025-01-21 19:00:00,25.5,0.0,83.0,26.0,6.3
2025-01-21 20:00:00,25.6,0.0,80.0,25.0,6.4
2025-01-21 21:00:00,25.8,0.0,76.7,56.0,6.8
2025-01-21 22:00:00,25.6,0.0,80.3,54.0,6.5
2025-01-21 23:00:00,25.7,0.0,81.2,51.0,7.2
2025-01-22 00:00:00,25.5,0.0,84.2,47.0,6.4
2025-01-22 01:00:00,25.3,0.0,85.5,51.0,6.2
2025-01-22 02:00:00,25.6,0.0,83.6,41.0,5.9
2025-01-22 03:00:00,25.6,0.0,82.7,44.0,5.5
2025-01-22 04:00:00,25.6,0.0,82.5,20.0,5.9
2025-01-22 05:00:00,25.7,0.0,82.8,22.0,6.1
2025-01-22 06:00:00,25.6,0.0,83.3,41.0,6.3
2025-01-22 07:00:00,25.8,0.0,82.2,33.0,6.4
2025-01-22 08:00:00,25.6,0.0,84.1,47.0,5.7
2025-01-22 09:00:00,26.2,0.0,81.4,50.0,6.8
2025-01-22 10:00:00,26.6,0.0,80.0,53.0,7.7
2025-01-22 11:00:00,26.9,0.0,76.8,57.0,8.39999
2025-01-22 12:00:00,27.6,0.0,73.8,49.0,8.39999
2025-01-22 13:00:00,27.9,0.0,70.9,52.0,7.6
2025-01-22 14:00:00,27.5,0.0,72.5,57.0,7.6
2025-01-22 15:00:00,27.1,0.0,79.3,53.0,6.6
2025-01-22 16:00:00,27.3,0.0,78.1,58.0,8.5
2025-01-22 17:00:00,27.0,0.0,74.7,55.0,8.39999
2025-01-22 18:00:00,26.8,0.0,78.8,48.0,7.5
2025-01-22 19:00:00,26.7,0.0,78.8,46.0,7.3
2025-01-22 20:00:00,26.7,0.0,76.3,25.0,5.2
2025-01-22 21:00:00,26.4,0.0,79.6,42.0,5.2
2025-01-22 22:00:00,26.3,0.0,79.9,24.0,5.1
2025-01-22 23:00:00,26.3,0.0,79.1,21.0,4.7
2025-01-23 00:00:00,26.1,0.0,81.5,23.0,5.7
2025-01-23 01:00:00,25.9,0.0,82.8,19.0,5.6
2025-01-23 02:00:00,25.8,0.0,82.9,22.0,5.0
2025-01-23 03:00:00,25.6,0.0,84.5,51.0,5.9
2025-01-23 04:00:00,25.4,0.0,85.7,46.0,5.5
2025-01-23 05:00:00,25.1,0.0,87.2,52.0,5.8
2025-01-23 06:00:00,24.9,0.0,89.0,47.0,6.0
2025-01-23 07:00:00,24.9,0.0,89.4,51.0,5.9
2025-01-23 08:00:00,25.2,0.0,88.1,48.0,5.9
2025-01-23 09:00:00,25.7,0.0,85.9,51.0,6.5
2025-01-23 10:00:00,26.3,0.0,83.4,56.0,6.9
2025-01-23 11:00:00,26.8,0.0,81.2,36.0,6.7
2025-01-23 12:00:00,26.9,0.0,82.4,35.0,6.7
2025-01-23 13:00:00,26.8,0.0,82.0,38.0,5.9
2025-01-23 14:00:00,26.9,0.0,81.7,37.0,6.5
2025-01-23 15:00:00,26.9,0.0,84.3,32.0,4.0
2025-01-23 16:00:00,27.7,0.0,77.7,36.0,6.1
2025-01-23 17:00:00,27.5,0.0,78.5,50.0,7.8
2025-01-23 18:00:00,27.4,0.0,76.6,6.0,6.5
2025-01-23 19:00:00,27.1,0.0,76.4,19.0,5.7
2025-01-23 20:00:00,26.9,0.0,77.0,47.0,5.4
2025-01-23 21:00:00,26.8,0.0,78.5,35.0,5.3
2025-01-23 22:00:00,26.6,0.0,80.5,8.0,3.5
2025-01-23 23:00:00,26.5,0.0,81.8,27.0,4.6
2025-01-24 00:00:00,26.3,0.0,82.1,28.0,5.4
2025-01-24 01:00:00,26.2,0.0,82.8,12.0,4.5
2025-01-24 02:00:00,26.2,0.0,82.7,31.0,5.6
2025-01-24 03:00:00,26.0,0.0,83.5,353.0,4.3
2025-01-24 04:00:00,25.9,0.0,84.0,19.0,4.7
2025-01-24 05:00:00,25.8,0.0,84.3,18.0,5.1
2025-01-24 06:00:00,25.9,0.0,84.2,19.0,4.8
2025-01-24 07:00:00,25.9,0.0,83.0,26.0,5.7
2025-01-24 08:00:00,26.0,0.0,84.0,18.0,5.1
2025-01-24 09:00:00,26.3,0.0,82.8,45.0,5.3
2025-01-24 10:00:00,25.5,0.0,87.5,43.0,6.2
2025-01-24 11:00:00,25.4,0.2,90.7,32.0,4.8
2025-01-24 12:00:00,25.3,0.0,90.2,62.0,5.9
2025-01-24 13:00:00,25.5,0.2,90.5,44.0,5.6
2025-01-24 14:00:00,25.9,0.0,89.0,35.0,6.1
2025-01-24 15:00:00,26.2,0.0,88.7,17.0,4.2
2025-01-24 16:00:00,27.0,0.0,87.2,21.0,4.4
2025-01-24 17:00:00,26.3,0.0,87.0,34.0,5.2
2025-01-24 18:00:00,26.5,0.0,87.8,8.0,5.0
2025-01-24 19:00:00,26.8,0.0,81.3,17.0,6.2
2025-01-24 20:00:00,26.2,0.0,84.1,10.0,4.8
2025-01-24 21:00:00,26.1,0.0,83.4,22.0,5.6
2025-01-24 22:00:00,26.1,0.0,84.2,9.0,4.6
2025-01-24 23:00:00,26.2,0.0,84.2,33.0,6.1
2025-01-25 00:00:00,26.2,0.0,84.3,27.0,4.3
2025-01-25 01:00:00,26.2,0.0,85.1,6.0,4.7
2025-01-25 02:00:00,26.0,0.0,86.0,22.0,5.1
2025-01-25 03:00:00,25.8,0.0,87.0,21.0,4.8
2025-01-25 04:00:00,25.7,0.0,87.5,11.0,3.7
2025-01-25 05:00:00,25.7,0.0,87.4,24.0,4.8
2025-01-25 06:00:00,25.5,0.0,88.3,357.0,3.0
2025-01-25 07:00:00,25.4,0.0,88.7,353.0,3.5
2025-01-25 08:00:00,25.6,0.0,87.2,348.0,3.6
2025-01-25 09:00:00,26.4,0.0,82.4,17.0,5.1
2025-01-25 10:00:00,27.5,0.0,78.9,7.0,4.2
2025-01-25 11:00:00,28.1,0.0,74.0,23.0,6.8
2025-01-25 12:00:00,28.7,0.0,71.8,18.0,5.9
2025-01-25 13:00:00,30.6,0.0,61.9,22.0,6.4
2025-01-25 14:00:00,30.0,0.0,65.1,31.0,5.6
2025-01-25 15:00:00,29.5,0.0,70.4,18.0,5.3
2025-01-25 16:00:00,29.6,0.0,66.2,50.0,7.2
2025-01-25 17:00:00,30.1,0.0,66.7,47.0,7.1
2025-01-25 18:00:00,29.3,0.0,68.4,52.0,7.5
2025-01-25 19:00:00,28.4,0.0,71.9,51.0,8.0
2025-01-25 20:00:00,27.7,0.0,75.4,56.0,6.6
2025-01-25 21:00:00,27.2,0.0,78.3,43.0,6.4
2025-01-25 22:00:00,26.9,0.0,81.8,37.0,4.7
2025-01-25 23:00:00,26.9,0.0,81.9,16.0,3.8
2025-01-26 00:00:00,26.7,0.0,82.4,18.0,4.6
2025-01-26 01:00:00,26.7,0.0,81.5,30.0,4.5
2025-01-26 02:00:00,26.6,0.0,81.7,14.0,4.2
2025-01-26 03:00:00,26.6,0.0,80.2,42.0,4.3
2025-01-26 04:00:00,26.5,0.0,81.4,18.0,3.7
2025-01-26 05:00:00,26.4,0.0,82.8,34.0,4.7
2025-01-26 06:00:00,26.2,0.0,83.3,35.0,4.1
2025-01-26 07:00:00,25.9,0.0,84.8,40.0,4.7
2025-01-26 08:00:00,26.5,0.0,81.7,359.0,3.1
2025-01-26 09:00:00,27.6,0.0,77.0,355.0,2.9
2025-01-26 10:00:00,27.7,0.0,73.5,14.0,4.0
2025-01-26 11:00:00,28.1,0.0,71.7,18.0,5.7
2025-01-26 12:00:00,29.1,0.0,69.5,31.0,7.0
2025-01-26 13:00:00,29.9,0.0,68.1,35.0,7.2
2025-01-26 14:00:00,29.9,0.0,69.2,31.0,6.2
2025-01-26 15:00:00,29.3,0.0,70.7,56.0,5.4
2025-01-26 16:00:00,29.7,0.0,66.4,55.0,7.1
2025-01-26 17:00:00,29.3,0.0,68.6,54.0,7.5
2025-01-26 18:00:00,27.6,0.0,76.6,336.0,6.0
2025-01-26 19:00:00,28.1,0.0,74.9,359.0,3.0
2025-01-26 20:00:00,27.7,0.0,77.5,51.0,6.5
2025-01-26 21:00:00,27.2,0.0,78.8,54.0,8.60001
2025-01-26 22:00:00,27.1,0.0,80.0,49.0,6.2
2025-01-26 23:00:00,27.3,0.0,78.1,38.0,6.1
2025-01-27 00:00:00,26.9,0.0,80.5,28.0,6.7
2025-01-27 01:00:00,26.9,0.0,80.7,29.0,5.9
2025-01-27 02:00:00,26.8,0.0,81.7,39.0,6.3
2025-01-27 03:00:00,26.4,0.0,83.5,53.0,6.9
2025-01-27 04:00:00,25.9,0.0,86.1,56.0,7.1
2025-01-27 05:00:00,25.3,0.0,87.1,53.0,7.8
2025-01-27 06:00:00,25.2,0.2,88.5,52.0,6.4
2025-01-27 07:00:00,25.0,0.0,89.6,50.0,5.2
2025-01-27 08:00:00,25.7,0.0,88.2,51.0,5.2
2025-01-27 09:00:00,26.7,0.0,84.9,48.0,6.1
2025-01-27 10:00:00,27.2,0.0,81.5,54.0,8.3
2025-01-27 11:00:00,28.5,0.0,74.3,50.0,9.2
2025-01-27 12:00:00,28.2,0.0,73.0,58.0,9.39999
2025-01-27 13:00:00,26.0,0.2,87.4,62.0,8.10001
2025-01-27 14:00:00,24.9,0.0,87.5,63.0,6.4
2025-01-27 15:00:00,25.0,0.0,90.0,62.0,6.0
2025-01-27 16:00:00,25.1,0.2,89.9,53.0,7.2
2025-01-27 17:00:00,24.7,0.0,87.2,32.0,8.10001
2025-01-27 18:00:00,24.4,0.2,85.8,34.0,5.0
2025-01-27 19:00:00,24.2,0.0,87.0,69.0,4.5
2025-01-27 20:00:00,24.8,0.0,87.0,38.0,4.9
2025-01-27 21:00:00,25.0,0.0,87.3,36.0,4.7
2025-01-27 22:00:00,25.5,0.0,85.4,37.0,6.1
2025-01-27 23:00:00,25.2,0.0,86.4,50.0,7.1
2025-01-28 00:00:00,25.3,0.0,84.9,51.0,7.7
2025-01-28 01:00:00,25.5,0.0,83.7,47.0,6.8
2025-01-28 02:00:00,25.5,0.0,83.7,50.0,6.6
2025-01-28 03:00:00,25.6,0.0,83.0,47.0,6.1
2025-01-28 04:00:00,25.4,0.0,83.4,46.0,6.1
2025-01-28 05:00:00,25.4,0.0,83.3,50.0,5.8
2025-01-28 06:00:00,25.4,0.0,82.9,52.0,6.1
2025-01-28 07:00:00,25.6,0.0,81.8,50.0,6.7
2025-01-28 08:00:00,25.8,0.0,81.1,55.0,7.2
2025-01-28 09:00:00,26.0,0.0,76.6,57.0,9.10001
2025-01-28 10:00:00,27.1,0.0,73.8,55.0,10.8
2025-01-28 11:00:00,27.7,0.0,71.7,52.0,10.5
2025-01-28 12:00:00,28.0,0.0,68.7,54.0,11.4
2025-01-28 13:00:00,28.1,0.0,66.0,66.0,11.8
2025-01-28 14:00:00,28.5,0.0,65.1,65.0,12.3
2025-01-28 15:00:00,28.4,0.0,62.5,63.0,13.2
2025-01-28 16:00:00,26.9,0.0,74.1,52.0,9.5
2025-01-28 17:00:00,27.7,0.0,63.9,52.0,12.3
2025-01-28 18:00:00,27.5,0.0,65.6,60.0,11.7
2025-01-28 19:00:00,26.8,0.0,71.4,52.0,9.3
2025-01-28 20:00:00,26.6,0.0,69.7,56.0,8.0
2025-01-28 21:00:00,26.5,0.0,73.1,49.0,7.7
2025-01-28 22:00:00,26.0,0.0,77.6,55.0,7.9
2025-01-28 23:00:00,26.2,0.0,76.4,32.0,7.1
2025-01-29 00:00:00,25.9,0.0,77.2,56.0,7.1
2025-01-29 01:00:00,25.5,0.0,79.4,39.0,6.5
2025-01-29 02:00:00,25.8,0.0,77.6,31.0,5.7
2025-01-29 03:00:00,25.5,0.0,77.7,29.0,7.9
2025-01-29 04:00:00,25.6,0.0,76.0,48.0,8.60001
2025-01-29 05:00:00,25.5,0.0,76.1,50.0,7.3
2025-01-29 06:00:00,25.6,0.0,75.2,52.0,6.9
2025-01-29 07:00:00,25.6,0.0,76.8,54.0,7.3
2025-01-29 08:00:00,25.9,0.0,76.0,50.0,7.7
2025-01-29 09:00:00,26.2,0.0,75.1,53.0,7.8
2025-01-29 10:00:00,26.8,0.0,72.3,57.0,9.0
2025-01-29 11:00:00,27.0,0.0,70.8,58.0,11.4
2025-01-29 12:00:00,27.8,0.0,64.9,65.0,14.5
2025-01-29 13:00:00,28.3,0.0,62.9,59.0,12.5
2025-01-29 14:00:00,28.3,0.0,63.0,44.0,10.4
2025-01-29 15:00:00,28.1,0.0,62.9,45.0,11.1
2025-01-29 16:00:00,27.1,0.0,69.3,58.0,9.8
2025-01-29 17:00:00,27.1,0.0,67.2,53.0,9.8
2025-01-29 18:00:00,27.1,0.0,65.4,50.0,10.2
2025-01-29 19:00:00,26.7,0.0,69.6,55.0,11.1
2025-01-29 20:00:00,26.4,0.0,70.4,36.0,10.1
2025-01-29 21:00:00,25.9,0.0,72.7,41.0,9.10001
2025-01-29 22:00:00,25.9,0.0,72.6,33.0,7.5
2025-01-29 23:00:00,25.9,0.0,72.0,24.0,7.4
2025-01-30 00:00:00,25.8,0.0,72.4,35.0,6.5
2025-01-30 01:00:00,25.8,0.0,72.8,38.0,7.1
2025-01-30 02:00:00,25.6,0.0,73.8,46.0,7.2
2025-01-30 03:00:00,25.5,0.0,73.6,28.0,8.10001
2025-01-30 04:00:00,25.3,0.0,74.2,28.0,6.7
2025-01-30 05:00:00,25.3,0.0,74.5,29.0,8.0
2025-01-30 06:00:00,25.2,0.0,75.2,24.0,5.9
2025-01-30 07:00:00,25.2,0.0,74.2,32.0,7.3
2025-01-30 08:00:00,25.2,0.0,74.6,27.0,7.0
2025-01-30 09:00:00,25.8,0.0,72.3,36.0,7.9
2025-01-30 10:00:00,26.6,0.0,68.3,25.0,8.5
2025-01-30 11:00:00,27.1,0.0,65.3,44.0,9.7
2025-01-30 12:00:00,28.7,0.0,59.4,33.0,9.89999
2025-01-30 13:00:00,29.3,0.0,54.5,61.0,12.3
2025-01-30 14:00:00,30.2,0.0,52.3,30.0,10.4
2025-01-30 15:00:00,29.6,0.0,53.2,31.0,10.9
2025-01-30 16:00:00,29.3,0.0,56.8,56.0,10.2
2025-01-30 17:00:00,29.2,0.0,54.0,50.0,11.7
2025-01-30 18:00:00,29.0,0.0,54.4,57.0,8.89999
2025-01-30 19:00:00,28.2,0.0,57.9,52.0,9.10001
2025-01-30 20:00:00,27.5,0.0,60.9,52.0,8.5
2025-01-30 21:00:00,26.9,0.0,66.8,56.0,7.8
2025-01-30 22:00:00,26.9,0.0,65.1,19.0,6.2
2025-01-30 23:00:00,26.6,0.0,66.9,48.0,8.39999
2025-01-31 00:00:00,26.1,0.0,70.9,43.0,7.2
2025-01-31 01:00:00,25.9,0.0,71.6,28.0,7.4
2025-01-31 02:00:00,25.6,0.0,73.7,31.0,8.10001
2025-01-31 03:00:00,25.4,0.0,73.5,31.0,6.0
2025-01-31 04:00:00,25.3,0.0,72.9,43.0,7.6
2025-01-31 05:00:00,25.0,0.0,73.7,27.0,6.5
2025-01-31 06:00:00,24.8,0.0,74.6,30.0,6.6
2025-01-31 07:00:00,24.8,0.0,75.0,16.0,5.4
2025-01-31 08:00:00,25.1,0.0,73.7,31.0,7.7
2025-01-31 09:00:00,26.0,0.0,70.3,45.0,7.8
2025-01-31 10:00:00,27.5,0.0,63.9,52.0,10.6
2025-01-31 11:00:00,28.0,0.0,62.7,16.0,10.0
2025-01-31 12:00:00,29.0,0.0,61.0,29.0,10.0
2025-01-31 13:00:00,29.1,0.0,59.7,42.0,10.4
2025-01-31 14:00:00,30.7,0.0,55.8,14.0,7.0
2025-01-31 15:00:00,29.9,0.0,57.2,19.0,7.6
2025-01-31 16:00:00,30.1,0.0,56.2,20.0,8.2
2025-01-31 17:00:00,27.8,0.0,70.3,39.0,6.5
2025-01-31 18:00:00,28.2,0.0,64.4,43.0,8.39999
2025-01-31 19:00:00,27.6,0.0,66.8,46.0,8.39999
2025-01-31 20:00:00,27.3,0.0,56.4,36.0,8.7
2025-01-31 21:00:00,26.8,0.0,62.9,58.0,8.10001
2025-01-31 22:00:00,26.5,0.0,68.0,48.0,7.8
2025-01-31 23:00:00,26.4,0.0,69.2,34.0,8.60001
2025-02-01 00:00:00,26.2,0.0,71.3,33.0,7.3
2025-02-01 01:00:00,26.1,0.0,71.4,47.0,7.7
2025-02-01 02:00:00,26.0,0.0,72.4,33.0,7.6
2025-02-01 03:00:00,25.9,0.0,72.0,30.0,7.2
2025-02-01 04:00:00,25.8,0.0,71.9,29.0,5.7
2025-02-01 05:00:00,25.7,0.0,72.8,24.0,6.0
2025-02-01 06:00:00,25.7,0.0,73.6,13.0,4.8
2025-02-01 07:00:00,25.7,0.0,72.6,19.0,3.9
2025-02-01 08:00:00,25.9,0.0,72.2,27.0,5.5
2025-02-01 09:00:00,26.3,0.0,72.5,22.0,5.1
2025-02-01 10:00:00,27.4,0.0,67.7,37.0,8.0
2025-02-01 11:00:00,28.2,0.0,62.4,21.0,8.8
2025-02-01 12:00:00,28.8,0.0,61.8,27.0,8.10001
2025-02-01 13:00:00,29.4,0.0,60.8,54.0,8.10001
2025-02-01 14:00:00,30.8,0.0,55.5,28.0,6.9
2025-02-01 15:00:00,29.9,0.0,60.8,53.0,9.2
2025-02-01 16:00:00,29.0,0.0,66.7,52.0,8.10001
2025-02-01 17:00:00,28.5,0.0,65.3,55.0,9.39999
2025-02-01 18:00:00,26.5,0.0,67.7,58.0,5.6
2025-02-01 19:00:00,27.2,0.0,70.0,48.0,6.2
2025-02-01 20:00:00,26.9,0.0,71.0,54.0,6.9
2025-02-01 21:00:00,26.8,0.0,71.4,61.0,8.10001
2025-02-01 22:00:00,26.6,0.0,72.3,55.0,7.5
2025-02-01 23:00:00,26.3,0.0,73.6,54.0,6.8
2025-02-02 00:00:00,26.5,0.0,72.7,46.0,6.7
2025-02-02 01:00:00,26.4,0.0,73.6,41.0,6.5
2025-02-02 02:00:00,26.1,0.0,75.0,52.0,6.3
2025-02-02 03:00:00,26.1,0.0,75.2,19.0,6.3
2025-02-02 04:00:00,25.8,0.0,75.4,26.0,6.2
2025-02-02 05:00:00,25.6,0.0,76.2,31.0,6.7
2025-02-02 06:00:00,25.8,0.0,75.8,35.0,7.7
2025-02-02 07:00:00,25.7,0.0,77.8,34.0,5.9
2025-02-02 08:00:00,25.7,0.0,78.4,35.0,6.6
2025-02-02 09:00:00,26.1,0.0,78.1,37.0,6.9
2025-02-02 10:00:00,27.2,0.0,73.1,42.0,8.8
2025-02-02 11:00:00,28.3,0.0,67.4,20.0,6.5
2025-02-02 12:00:00,29.1,0.0,60.7,29.0,7.5
2025-02-02 13:00:00,29.7,0.0,60.0,35.0,8.10001
2025-02-02 14:00:00,31.4,0.0,54.5,20.0,8.10001
2025-02-02 15:00:00,32.5,0.0,50.2,22.0,7.0
2025-02-02 16:00:00,33.0,0.0,50.8,346.0,4.3
2025-02-02 17:00:00,30.8,0.0,60.4,252.0,4.9
2025-02-02 18:00:00,26.2,0.0,83.0,49.0,3.7
2025-02-02 19:00:00,25.9,0.4,84.6,359.0,6.3
2025-02-02 20:00:00,27.0,0.0,78.7,50.0,4.6
2025-02-02 21:00:00,27.0,0.0,73.3,52.0,5.8
2025-02-02 22:00:00,26.6,0.0,78.1,54.0,6.9
2025-02-02 23:00:00,26.5,0.0,79.6,56.0,6.9
2025-02-03 00:00:00,26.3,0.0,80.2,44.0,5.9
2025-02-03 01:00:00,26.3,0.0,79.9,48.0,6.9
2025-02-03 02:00:00,26.3,0.0,79.4,42.0,7.7
2025-02-03 03:00:00,26.2,0.0,79.3,50.0,8.0
2025-02-03 04:00:00,25.9,0.0,80.3,30.0,6.7
2025-02-03 05:00:00,26.0,0.0,77.8,54.0,6.8
2025-02-03 06:00:00,25.7,0.0,78.9,50.0,7.5
2025-02-03 07:00:00,25.9,0.0,76.4,43.0,7.1
2025-02-03 08:00:00,26.0,0.0,77.6,44.0,7.7
2025-02-03 09:00:00,26.4,0.0,76.0,51.0,8.7
2025-02-03 10:00:00,27.5,0.0,71.5,49.0,8.60001
2025-02-03 11:00:00,28.6,0.0,64.4,52.0,8.39999
2025-02-03 12:00:00,29.7,0.0,56.6,42.0,8.7
2025-02-03 13:00:00,30.3,0.0,58.3,41.0,9.0
2025-02-03 14:00:00,30.6,0.0,56.5,47.0,8.10001
2025-02-03 15:00:00,31.5,0.0,53.2,15.0,6.9
2025-02-03 16:00:00,31.5,0.0,54.5,33.0,8.2
2025-02-03 17:00:00,30.9,0.0,54.3,59.0,8.7
2025-02-03 18:00:00,30.4,0.0,54.3,33.0,7.1
2025-02-03 19:00:00,29.5,0.0,55.6,58.0,9.10001
2025-02-03 20:00:00,28.3,0.0,61.3,60.0,8.89999
2025-02-03 21:00:00,27.3,0.0,66.5,63.0,9.0
2025-02-03 22:00:00,26.9,0.0,69.0,56.0,7.1
2025-02-03 23:00:00,26.8,0.0,70.2,49.0,7.0
2025-02-04 00:00:00,26.1,0.0,74.7,58.0,6.5
2025-02-04 01:00:00,25.9,0.0,78.0,56.0,7.5
2025-02-04 02:00:00,26.1,0.0,77.7,51.0,6.7
2025-02-04 03:00:00,26.0,0.0,77.9,38.0,6.4
2025-02-04 04:00:00,26.0,0.0,77.6,24.0,7.0
2025-02-04 05:00:00,25.9,0.0,78.0,29.0,5.8
2025-02-04 06:00:00,25.8,0.0,78.2,37.0,5.7
2025-02-04 07:00:00,25.7,0.0,76.7,23.0,6.1
2025-02-04 08:00:00,26.1,0.0,76.1,24.0,7.4
2025-02-04 09:00:00,26.5,0.0,73.8,29.0,7.5
2025-02-04 10:00:00,27.5,0.0,69.8,48.0,7.5
2025-02-04 11:00:00,28.9,0.0,65.4,46.0,9.2
2025-02-04 12:00:00,29.6,0.0,62.9,49.0,10.0
2025-02-04 13:00:00,30.5,0.0,61.3,52.0,8.10001
2025-02-04 14:00:00,30.4,0.0,61.0,44.0,7.9
2025-02-04 15:00:00,31.5,0.0,56.5,50.0,8.7
2025-02-04 16:00:00,24.6,1.2,84.9,343.0,12.5
2025-02-04 17:00:00,27.5,0.0,77.6,47.0,6.5
2025-02-04 18:00:00,28.9,0.0,68.8,49.0,8.5
2025-02-04 19:00:00,27.2,0.0,74.0,54.0,9.60001
2025-02-04 20:00:00,26.3,0.0,80.3,62.0,9.60001
2025-02-04 21:00:00,26.3,0.0,79.9,55.0,6.7
2025-02-04 22:00:00,26.5,0.0,79.9,46.0,7.1
2025-02-04 23:00:00,26.3,0.0,80.1,61.0,7.7
2025-02-05 00:00:00,26.1,0.0,82.6,53.0,8.0
2025-02-05 01:00:00,24.7,0.0,87.1,52.0,8.10001
2025-02-05 02:00:00,24.9,0.0,88.7,42.0,7.1
2025-02-05 03:00:00,25.1,0.0,88.3,39.0,6.4
2025-02-05 04:00:00,24.6,0.0,87.1,27.0,7.8
2025-02-05 05:00:00,24.1,0.2,88.5,66.0,6.7
2025-02-05 06:00:00,23.9,0.2,90.7,65.0,6.3
2025-02-05 07:00:00,24.2,0.0,89.0,8.0,6.4
2025-02-05 08:00:00,24.4,0.0,89.2,55.0,6.8
2025-02-05 09:00:00,24.6,0.0,87.7,20.0,7.2
2025-02-05 10:00:00,24.1,0.2,90.9,27.0,8.39999
2025-02-05 11:00:00,24.2,0.0,90.5,43.0,8.60001
2025-02-05 12:00:00,24.8,0.0,86.2,10.0,8.39999
2025-02-05 13:00:00,25.6,0.0,81.0,27.0,10.3
2025-02-05 14:00:00,25.8,0.0,80.1,25.0,9.39999
2025-02-05 15:00:00,26.3,0.0,76.7,24.0,7.3
2025-02-05 16:00:00,26.6,0.0,75.7,27.0,7.1
2025-02-05 17:00:00,27.0,0.0,73.4,42.0,8.39999
2025-02-05 18:00:00,27.2,0.0,71.0,32.0,6.7
2025-02-05 19:00:00,26.7,0.0,72.3,30.0,8.39999
2025-02-05 20:00:00,26.3,0.0,75.7,38.0,8.2
2025-02-05 21:00:00,26.1,0.0,75.3,30.0,7.1
2025-02-05 22:00:00,26.0,0.0,76.3,34.0,8.89999
2025-02-05 23:00:00,25.7,0.0,77.7,54.0,9.5
2025-02-06 00:00:00,25.7,0.0,74.8,44.0,7.5
2025-02-06 01:00:00,25.8,0.0,73.7,26.0,6.3
2025-02-06 02:00:00,25.4,0.0,75.7,37.0,6.4
2025-02-06 03:00:00,25.1,0.0,76.7,13.0,3.4
2025-02-06 04:00:00,25.2,0.0,76.1,25.0,3.9
2025-02-06 05:00:00,25.2,0.0,76.4,19.0,4.1
2025-02-06 06:00:00,25.4,0.0,75.5,41.0,6.3
2025-02-06 07:00:00,25.5,0.0,74.9,26.0,6.6
2025-02-06 08:00:00,25.6,0.0,76.0,43.0,7.1
2025-02-06 09:00:00,26.0,0.0,75.3,48.0,6.6
2025-02-06 10:00:00,26.8,0.0,72.9,47.0,10.3
2025-02-06 11:00:00,28.5,0.0,64.5,53.0,10.6
2025-02-06 12:00:00,28.9,0.0,61.2,62.0,12.4
2025-02-06 13:00:00,29.3,0.0,59.0,51.0,12.4
2025-02-06 14:00:00,29.7,0.0,58.1,50.0,10.3
2025-02-06 15:00:00,29.9,0.0,56.9,48.0,9.39999
2025-02-06 16:00:00,29.8,0.0,56.7,50.0,8.60001
2025-02-06 17:00:00,29.2,0.0,59.7,53.0,9.8
2025-02-06 18:00:00,28.3,0.0,64.7,58.0,8.89999
2025-02-06 19:00:00,27.6,0.0,67.1,57.0,10.8
2025-02-06 20:00:00,26.7,0.0,71.5,59.0,9.3
2025-02-06 21:00:00,26.4,0.0,72.1,58.0,7.3
2025-02-06 22:00:00,26.5,0.0,70.7,44.0,7.7
2025-02-06 23:00:00,26.2,0.0,72.8,51.0,6.7
2025-02-07 00:00:00,25.8,0.0,76.3,53.0,6.8
2025-02-07 01:00:00,25.4,0.0,78.8,54.0,7.0
2025-02-07 02:00:00,25.4,0.0,79.4,54.0,6.3
2025-02-07 03:00:00,25.3,0.0,80.1,53.0,6.7
2025-02-07 04:00:00,24.9,0.0,82.6,56.0,6.3
2025-02-07 05:00:00,25.1,0.0,82.2,49.0,5.9
2025-02-07 06:00:00,25.3,0.0,80.3,26.0,7.0
2025-02-07 07:00:00,25.4,0.0,80.0,26.0,6.2
2025-02-07 08:00:00,25.7,0.0,78.9,34.0,7.4
2025-02-07 09:00:00,26.3,0.0,77.3,59.0,8.89999
2025-02-07 10:00:00,27.5,0.0,72.3,53.0,9.3
2025-02-07 11:00:00,28.2,0.0,67.2,65.0,10.4
2025-02-07 12:00:00,29.8,0.0,63.5,45.0,8.2
2025-02-07 13:00:00,29.6,0.0,59.9,57.0,10.7
2025-02-07 14:00:00,30.5,0.0,56.4,47.0,9.5
2025-02-07 15:00:00,30.6,0.0,55.5,46.0,9.7
2025-02-07 16:00:00,30.2,0.0,60.2,48.0,9.5
2025-02-07 17:00:00,29.8,0.0,61.8,51.0,10.7
2025-02-07 18:00:00,29.2,0.0,64.5,51.0,10.1
2025-02-07 19:00:00,28.3,0.0,67.8,52.0,9.89999
2025-02-07 20:00:00,27.4,0.0,72.7,58.0,9.5
2025-02-07 21:00:00,26.7,0.0,75.4,55.0,7.9
2025-02-07 22:00:00,26.3,0.0,76.6,62.0,8.2
2025-02-07 23:00:00,26.3,0.0,76.9,49.0,6.8
2025-02-08 00:00:00,26.1,0.0,78.2,54.0,7.3
2025-02-08 01:00:00,26.1,0.0,78.8,57.0,7.4
2025-02-08 02:00:00,25.8,0.0,80.3,55.0,7.7
2025-02-08 03:00:00,25.7,0.0,80.5,59.0,8.10001
2025-02-08 04:00:00,25.4,0.0,82.1,56.0,7.1
2025-02-08 05:00:00,25.7,0.0,80.3,48.0,7.6
2025-02-08 06:00:00,25.7,0.0,79.8,29.0,7.2
2025-02-08 07:00:00,25.6,0.0,80.1,36.0,6.9
2025-02-08 08:00:00,25.7,0.0,80.0,35.0,6.4
2025-02-08 09:00:00,26.5,0.0,76.1,36.0,8.2
2025-02-08 10:00:00,27.8,0.0,69.8,55.0,10.1
2025-02-08 11:00:00,28.8,0.0,63.5,45.0,10.0
2025-02-08 12:00:00,29.7,0.0,60.1,43.0,9.10001
2025-02-08 13:00:00,30.0,0.0,56.6,54.0,9.89999
2025-02-08 14:00:00,30.4,0.0,57.3,40.0,7.1
2025-02-08 15:00:00,30.6,0.0,56.7,42.0,8.3
2025-02-08 16:00:00,29.7,0.0,61.6,52.0,10.9
2025-02-08 17:00:00,29.8,0.0,61.9,52.0,11.3
2025-02-08 18:00:00,28.4,0.0,67.6,59.0,11.8
2025-02-08 19:00:00,27.7,0.0,72.0,62.0,10.5
2025-02-08 20:00:00,27.1,0.0,71.1,51.0,9.8
2025-02-08 21:00:00,26.9,0.0,72.2,41.0,9.39999
2025-02-08 22:00:00,26.7,0.0,72.9,46.0,7.5
2025-02-08 23:00:00,26.6,0.0,73.9,48.0,7.1
2025-02-09 00:00:00,26.6,0.0,74.7,45.0,8.39999
2025-02-09 01:00:00,26.4,0.0,76.2,45.0,8.0
2025-02-09 02:00:00,26.3,0.0,76.9,34.0,8.7
2025-02-09 03:00:00,26.1,0.0,78.0,40.0,8.3
2025-02-09 04:00:00,25.6,0.0,81.5,59.0,8.0
2025-02-09 05:00:00,25.6,0.0,80.6,57.0,8.89999
2025-02-09 06:00:00,25.4,0.0,82.1,55.0,7.3
2025-02-09 07:00:00,25.5,0.0,80.7,52.0,7.0
2025-02-09 08:00:00,25.7,0.0,79.4,48.0,7.6
2025-02-09 09:00:00,26.2,0.0,77.7,49.0,8.3
2025-02-09 10:00:00,27.2,0.0,73.6,50.0,8.8
2025-02-09 11:00:00,28.7,0.0,65.1,59.0,9.2
2025-02-09 12:00:00,29.5,0.0,62.0,57.0,10.8
2025-02-09 13:00:00,29.3,0.0,61.4,62.0,11.7
2025-02-09 14:00:00,30.7,0.0,58.0,47.0,9.2
2025-02-09 15:00:00,29.4,0.0,61.2,60.0,11.5
2025-02-09 16:00:00,29.5,0.0,62.1,45.0,9.89999
2025-02-09 17:00:00,26.5,0.0,78.8,54.0,11.7
2025-02-09 18:00:00,25.3,0.0,81.5,59.0,10.1
2025-02-09 19:00:00,26.1,0.0,77.8,38.0,9.0
2025-02-09 20:00:00,26.2,0.0,77.7,54.0,8.39999
2025-02-09 21:00:00,26.1,0.0,76.0,63.0,9.10001
2025-02-09 22:00:00,26.0,0.0,75.0,55.0,8.5
2025-02-09 23:00:00,26.0,0.0,74.1,57.0,8.8
2025-02-10 00:00:00,25.9,0.0,73.6,57.0,8.3
2025-02-10 01:00:00,25.8,0.0,74.4,57.0,7.4
2025-02-10 02:00:00,25.8,0.0,75.5,55.0,8.3
2025-02-10 03:00:00,25.6,0.0,76.1,58.0,7.9
2025-02-10 04:00:00,25.4,0.0,76.5,40.0,7.4
2025-02-10 05:00:00,25.3,0.0,76.6,39.0,7.6
2025-02-10 06:00:00,25.2,0.0,76.9,36.0,7.4
2025-02-10 07:00:00,25.3,0.0,77.3,39.0,7.1
2025-02-10 08:00:00,25.4,0.0,77.2,17.0,6.6
2025-02-10 09:00:00,26.1,0.0,74.3,24.0,7.8
2025-02-10 10:00:00,27.2,0.0,71.9,66.0,10.0
2025-02-10 11:00:00,28.3,0.0,65.6,52.0,9.3
2025-02-10 12:00:00,28.8,0.0,62.7,37.0,10.3
2025-02-10 13:00:00,29.9,0.0,58.0,59.0,10.5
2025-02-10 14:00:00,29.9,0.0,59.9,55.0,10.4
2025-02-10 15:00:00,29.9,0.0,59.6,68.0,12.1
2025-02-10 16:00:00,29.7,0.0,59.9,45.0,11.0
2025-02-10 17:00:00,28.8,0.0,65.7,52.0,10.3
2025-02-10 18:00:00,28.3,0.0,63.6,49.0,9.60001
2025-02-10 19:00:00,27.7,0.0,63.3,57.0,10.7
2025-02-10 20:00:00,27.2,0.0,67.4,65.0,10.3
2025-02-10 21:00:00,27.0,0.0,70.2,55.0,9.3
2025-02-10 22:00:00,26.5,0.0,72.8,36.0,8.60001
2025-02-10 23:00:00,26.4,0.0,73.2,43.0,9.2
2025-02-11 00:00:00,26.3,0.0,73.6,54.0,8.3
2025-02-11 01:00:00,26.2,0.0,74.2,56.0,8.2
2025-02-11 02:00:00,25.8,0.0,76.2,58.0,7.9
2025-02-11 03:00:00,25.8,0.0,75.8,53.0,7.3
2025-02-11 04:00:00,25.6,0.0,76.6,58.0,8.0
2025-02-11 05:00:00,25.6,0.0,75.1,57.0,8.60001
2025-02-11 06:00:00,25.8,0.0,74.1,49.0,8.7
2025-02-11 07:00:00,25.7,0.0,74.6,26.0,9.0
2025-02-11 08:00:00,25.8,0.0,74.7,37.0,7.7
2025-02-11 09:00:00,26.5,0.0,71.6,39.0,8.2
2025-02-11 10:00:00,27.5,0.0,67.3,40.0,10.0
2025-02-11 11:00:00,28.3,0.0,65.5,59.0,9.8
2025-02-11 12:00:00,29.4,0.0,61.2,50.0,9.39999
2025-02-11 13:00:00,29.7,0.0,59.5,65.0,10.5
2025-02-11 14:00:00,30.0,0.0,58.6,40.0,9.7
2025-02-11 15:00:00,30.2,0.0,58.1,49.0,8.7
2025-02-11 16:00:00,29.7,0.0,62.3,51.0,8.5
2025-02-11 17:00:00,29.5,0.0,62.5,51.0,8.10001
2025-02-11 18:00:00,28.7,0.0,65.5,52.0,7.9
2025-02-11 19:00:00,28.1,0.0,68.1,55.0,6.1
2025-02-11 20:00:00,27.4,0.0,70.0,51.0,8.2
2025-02-11 21:00:00,27.0,0.0,72.0,56.0,8.3
2025-02-11 22:00:00,27.0,0.0,73.1,48.0,5.7
2025-02-11 23:00:00,26.6,0.0,75.5,40.0,7.3
2025-02-12 00:00:00,26.4,0.0,76.7,52.0,7.0
2025-02-12 01:00:00,25.9,0.0,79.2,55.0,7.7
2025-02-12 02:00:00,25.6,0.0,80.0,59.0,8.7
2025-02-12 03:00:00,25.6,0.0,79.3,48.0,8.10001
2025-02-12 04:00:00,25.5,0.0,81.1,57.0,7.7
2025-02-12 05:00:00,25.3,0.0,81.0,57.0,6.7
2025-02-12 06:00:00,25.3,0.0,80.6,53.0,6.8
2025-02-12 07:00:00,25.2,0.0,81.3,55.0,6.1
2025-02-12 08:00:00,25.6,0.0,80.3,51.0,6.1
2025-02-12 09:00:00,26.3,0.0,78.6,58.0,8.5
2025-02-12 10:00:00,26.8,0.0,75.0,66.0,8.89999
2025-02-12 11:00:00,28.7,0.0,67.3,48.0,6.3
2025-02-12 12:00:00,29.4,0.0,64.8,43.0,7.2
2025-02-12 13:00:00,30.1,0.0,61.1,37.0,5.1
2025-02-12 14:00:00,30.4,0.0,60.5,12.0,5.7
2025-02-12 15:00:00,31.2,0.0,55.7,47.0,6.7
2025-02-12 16:00:00,30.7,0.0,54.6,40.0,6.3
2025-02-12 17:00:00,30.5,0.0,57.4,54.0,6.2
2025-02-12 18:00:00,30.0,0.0,58.2,54.0,5.9
2025-02-12 19:00:00,28.6,0.0,63.6,53.0,9.0
2025-02-12 20:00:00,27.6,0.0,71.2,60.0,8.8
2025-02-12 21:00:00,27.0,0.0,74.3,55.0,8.2
2025-02-12 22:00:00,26.7,0.0,76.7,55.0,7.5
2025-02-12 23:00:00,26.5,0.0,78.7,50.0,5.6
2025-02-13 00:00:00,26.1,0.0,81.1,50.0,6.2
2025-02-13 01:00:00,26.1,0.0,80.9,49.0,5.8
2025-02-13 02:00:00,25.8,0.0,82.4,49.0,6.4
2025-02-13 03:00:00,25.7,0.0,82.8,53.0,6.9
2025-02-13 04:00:00,25.6,0.0,83.5,51.0,6.5
2025-02-13 05:00:00,25.5,0.0,83.7,53.0,6.6
2025-02-13 06:00:00,25.6,0.0,83.7,52.0,6.8
2025-02-13 07:00:00,25.5,0.0,84.0,46.0,5.2
2025-02-13 08:00:00,25.7,0.0,83.4,47.0,6.6
2025-02-13 09:00:00,26.5,0.0,79.2,50.0,8.3
2025-02-13 10:00:00,27.1,0.0,76.6,54.0,9.7
2025-02-13 11:00:00,28.3,0.0,71.3,36.0,8.3
2025-02-13 12:00:00,28.6,0.0,68.8,61.0,8.10001
2025-02-13 13:00:00,30.7,0.0,61.7,50.0,5.0
2025-02-13 14:00:00,31.0,0.0,60.2,29.0,5.4
2025-02-13 15:00:00,32.2,0.0,54.3,35.0,5.7
2025-02-13 16:00:00,32.5,0.0,56.4,14.0,4.4
2025-02-13 17:00:00,29.9,0.0,63.4,58.0,8.10001
2025-02-13 18:00:00,29.2,0.0,65.9,54.0,8.0
2025-02-13 19:00:00,28.5,0.0,70.9,46.0,5.4
2025-02-13 20:00:00,27.6,0.0,74.7,59.0,9.0
2025-02-13 21:00:00,26.8,0.0,79.7,59.0,8.60001
2025-02-13 22:00:00,26.7,0.0,80.0,54.0,7.3
2025-02-13 23:00:00,26.5,0.0,80.7,56.0,8.3
2025-02-14 00:00:00,26.4,0.0,82.2,55.0,7.5
2025-02-14 01:00:00,26.2,0.0,81.8,46.0,7.5
2025-02-14 02:00:00,26.0,0.0,82.4,52.0,7.4
2025-02-14 03:00:00,25.9,0.0,82.6,48.0,6.8
2025-02-14 04:00:00,25.9,0.0,82.0,52.0,6.6
2025-02-14 05:00:00,25.6,0.0,83.9,47.0,6.5
2025-02-14 06:00:00,25.7,0.0,83.8,52.0,6.5
2025-02-14 07:00:00,25.5,0.0,84.8,54.0,6.6
2025-02-14 08:00:00,25.8,0.0,83.6,58.0,7.1
2025-02-14 09:00:00,26.8,0.0,77.6,43.0,8.10001
2025-02-14 10:00:00,28.1,0.0,73.5,38.0,7.4
2025-02-14 11:00:00,29.0,0.0,66.6,29.0,9.8
2025-02-14 12:00:00,30.0,0.0,62.0,50.0,7.5
2025-02-14 13:00:00,31.1,0.0,58.1,48.0,7.3
2025-02-14 14:00:00,32.0,0.0,57.1,53.0,6.1
2025-02-14 15:00:00,31.4,0.0,56.9,54.0,8.8
2025-02-14 16:00:00,31.2,0.0,54.7,44.0,6.5
2025-02-14 17:00:00,30.4,0.0,59.6,56.0,9.89999
2025-02-14 18:00:00,29.4,0.0,66.1,43.0,9.39999
2025-02-14 19:00:00,28.2,0.0,72.9,61.0,9.5
2025-02-14 20:00:00,27.6,0.0,74.9,63.0,8.3
2025-02-14 21:00:00,27.3,0.0,77.9,59.0,7.5
2025-02-14 22:00:00,27.0,0.0,78.7,54.0,8.2
2025-02-14 23:00:00,26.8,0.0,79.0,49.0,8.10001
2025-02-15 00:00:00,26.6,0.0,79.4,48.0,7.5
2025-02-15 01:00:00,26.5,0.0,79.8,57.0,7.5
2025-02-15 02:00:00,26.3,0.0,80.9,57.0,6.6
2025-02-15 03:00:00,26.2,0.0,82.4,46.0,6.9
2025-02-15 04:00:00,26.1,0.0,82.7,42.0,5.9
2025-02-15 05:00:00,26.1,0.0,83.1,43.0,5.6
2025-02-15 06:00:00,26.1,0.0,83.3,46.0,6.5
2025-02-15 07:00:00,25.9,0.0,84.2,48.0,5.7
2025-02-15 08:00:00,26.1,0.0,84.2,55.0,6.6
2025-02-15 09:00:00,26.9,0.0,77.8,52.0,7.9
2025-02-15 10:00:00,28.1,0.0,71.1,49.0,9.10001
2025-02-15 11:00:00,28.8,0.0,67.2,63.0,9.5
2025-02-15 12:00:00,29.9,0.0,65.4,53.0,7.3
2025-02-15 13:00:00,31.0,0.0,60.1,12.0,6.9
2025-02-15 14:00:00,31.1,0.0,62.4,46.0,5.7
2025-02-15 15:00:00,31.1,0.0,63.6,56.0,8.10001
2025-02-15 16:00:00,27.7,1.2,82.8,294.0,5.8
2025-02-15 17:00:00,24.7,1.0,94.5,,
2025-02-15 18:00:00,26.1,0.0,92.4,,
2025-02-15 19:00:00,27.0,0.0,85.6,,
2025-02-15 20:00:00,26.6,0.0,84.5,,
2025-02-15 21:00:00,26.7,0.0,81.8,50.0,7.6
2025-02-15 22:00:00,26.6,0.0,82.5,40.0,5.3
2025-02-15 23:00:00,26.6,0.0,81.7,47.0,6.7
2025-02-16 00:00:00,26.4,0.0,82.4,55.0,6.5
2025-02-16 01:00:00,26.3,0.0,82.9,50.0,5.8
2025-02-16 02:00:00,26.3,0.0,81.4,50.0,6.6
2025-02-16 03:00:00,26.1,0.0,82.8,52.0,6.9
2025-02-16 04:00:00,25.8,0.0,84.5,54.0,7.4
2025-02-16 05:00:00,25.7,0.0,84.9,54.0,6.4
2025-02-16 06:00:00,26.1,0.0,82.9,30.0,6.7
2025-02-16 07:00:00,25.9,0.0,82.4,23.0,5.7
2025-02-16 08:00:00,26.0,0.0,80.5,20.0,6.4
2025-02-16 09:00:00,26.7,0.0,77.4,29.0,7.6
2025-02-16 10:00:00,27.7,0.0,71.6,31.0,8.3
2025-02-16 11:00:00,29.0,0.0,65.4,51.0,7.2
2025-02-16 12:00:00,30.1,0.0,59.9,9.0,5.0
2025-02-16 13:00:00,31.0,0.0,57.3,42.0,5.1
2025-02-16 14:00:00,31.1,0.0,56.7,56.0,6.5
2025-02-16 15:00:00,32.1,0.0,54.9,19.0,4.8
2025-02-16 16:00:00,31.3,0.0,60.4,294.0,3.7
2025-02-16 17:00:00,30.7,0.0,60.3,31.0,4.5
2025-02-16 18:00:00,29.5,0.0,64.8,45.0,5.1
2025-02-16 19:00:00,28.3,0.0,69.5,55.0,7.7
2025-02-16 20:00:00,27.7,0.0,72.4,48.0,6.1
2025-02-16 21:00:00,27.4,0.0,74.4,49.0,4.6
2025-02-16 22:00:00,27.3,0.0,75.0,47.0,5.5
2025-02-16 23:00:00,27.1,0.0,76.3,52.0,5.3
2025-02-17 00:00:00,27.0,0.0,77.5,50.0,4.6
2025-02-17 01:00:00,26.8,0.0,78.8,43.0,4.1
2025-02-17 02:00:00,26.6,0.0,79.8,51.0,6.1
2025-02-17 03:00:00,26.6,0.0,80.0,49.0,5.7
2025-02-17 04:00:00,26.4,0.0,82.3,49.0,5.9
2025-02-17 05:00:00,26.9,0.0,73.9,356.0,3.8
2025-02-17 06:00:00,26.9,0.0,74.9,26.0,4.4
2025-02-17 07:00:00,26.9,0.0,75.6,11.0,3.3
2025-02-17 08:00:00,27.1,0.0,75.7,349.0,3.7
2025-02-17 09:00:00,27.9,0.0,72.7,359.0,5.4
2025-02-17 10:00:00,28.9,0.0,68.1,20.0,7.2
2025-02-17 11:00:00,29.8,0.0,63.5,11.0,7.5
2025-02-17 12:00:00,30.9,0.0,60.2,29.0,8.3
2025-02-17 13:00:00,31.7,0.0,56.6,8.0,5.1
2025-02-17 14:00:00,30.9,0.0,62.1,276.0,4.2
2025-02-17 15:00:00,31.3,0.0,62.8,286.0,5.8
2025-02-17 16:00:00,25.4,2.4,92.5,36.0,6.9
2025-02-17 17:00:00,25.4,0.0,94.2,306.0,5.0
2025-02-17 18:00:00,26.6,0.0,89.2,321.0,3.6
2025-02-17 19:00:00,27.1,0.0,85.0,336.0,3.1
2025-02-17 20:00:00,25.9,0.0,79.9,15.0,6.7
2025-02-17 21:00:00,25.4,0.0,82.2,2.0,3.4
2025-02-17 22:00:00,26.0,0.0,82.5,319.0,3.2
2025-02-17 23:00:00,26.7,0.0,81.5,20.0,5.5
2025-02-18 00:00:00,26.6,0.0,80.9,23.0,6.0
2025-02-18 01:00:00,26.4,0.0,79.9,13.0,6.3
2025-02-18 02:00:00,26.3,0.0,80.4,23.0,7.2
2025-02-18 03:00:00,26.3,0.0,81.1,28.0,5.4
2025-02-18 04:00:00,26.2,0.0,81.6,40.0,8.10001
2025-02-18 05:00:00,26.1,0.0,81.8,16.0,6.4
2025-02-18 06:00:00,26.1,0.0,81.7,33.0,8.2
2025-02-18 07:00:00,25.8,0.0,82.3,52.0,8.0
2025-02-18 08:00:00,25.9,0.0,82.6,54.0,7.0
2025-02-18 09:00:00,26.6,0.0,81.9,23.0,6.1
2025-02-18 10:00:00,27.2,0.0,78.2,29.0,8.39999
2025-02-18 11:00:00,27.4,0.0,76.8,56.0,7.9
2025-02-18 12:00:00,28.0,0.0,75.9,46.0,8.3
2025-02-18 13:00:00,27.5,0.0,75.6,66.0,10.6
2025-02-18 14:00:00,28.6,0.0,73.5,61.0,8.8
2025-02-18 15:00:00,28.6,0.0,71.4,53.0,9.8
2025-02-18 16:00:00,28.2,0.0,72.1,344.0,4.9
2025-02-18 17:00:00,28.3,0.0,70.2,153.0,7.9
2025-02-18 18:00:00,28.2,0.0,70.9,153.0,7.3
2025-02-18 19:00:00,27.5,0.0,76.6,156.0,5.8
2025-02-18 20:00:00,27.0,0.0,76.7,147.0,6.5
2025-02-18 21:00:00,26.4,0.0,81.6,154.0,5.2
2025-02-18 22:00:00,26.0,0.0,80.2,154.0,5.4
2025-02-18 23:00:00,26.2,0.0,82.0,151.0,4.2
2025-02-19 00:00:00,26.1,0.0,83.0,150.0,4.5
2025-02-19 01:00:00,26.2,0.0,82.0,143.0,4.1
2025-02-19 02:00:00,26.1,0.0,82.2,146.0,4.3
2025-02-19 03:00:00,26.0,0.0,82.7,142.0,4.7
2025-02-19 04:00:00,26.0,0.0,83.2,146.0,5.7
2025-02-19 05:00:00,26.3,0.0,80.5,141.0,4.3
2025-02-19 06:00:00,26.3,0.0,80.5,99.0,4.4
2025-02-19 07:00:00,26.2,0.0,81.1,122.0,4.0
2025-02-19 08:00:00,26.3,0.0,81.0,141.0,4.0
2025-02-19 09:00:00,26.7,0.0,79.5,152.0,4.5
2025-02-19 10:00:00,27.3,0.0,77.8,123.0,5.7
2025-02-19 11:00:00,27.9,0.0,72.1,144.0,6.6
2025-02-19 12:00:00,29.3,0.0,66.2,164.0,6.9
2025-02-19 13:00:00,29.6,0.0,61.5,155.0,6.2
2025-02-19 14:00:00,29.6,0.0,62.5,131.0,6.8
2025-02-19 15:00:00,29.6,0.0,61.2,137.0,6.9
2025-02-19 16:00:00,29.7,0.0,61.7,139.0,5.2
2025-02-19 17:00:00,29.3,0.0,63.7,157.0,5.8
2025-02-19 18:00:00,28.9,0.0,66.2,159.0,6.5
2025-02-19 19:00:00,28.4,0.0,66.3,137.0,5.7
2025-02-19 20:00:00,27.6,0.0,73.6,155.0,6.5
2025-02-19 21:00:00,27.6,0.0,73.4,143.0,5.5
2025-02-19 22:00:00,27.3,0.0,76.2,130.0,4.2
2025-02-19 23:00:00,27.0,0.0,78.2,154.0,5.7
2025-02-20 00:00:00,26.7,0.0,80.4,149.0,6.3
2025-02-20 01:00:00,26.7,0.0,80.3,137.0,4.4
2025-02-20 02:00:00,26.5,0.0,81.7,158.0,4.4
2025-02-20 03:00:00,26.3,0.0,82.9,153.0,5.4
2025-02-20 04:00:00,26.2,0.0,83.3,143.0,3.7
2025-02-20 05:00:00,26.1,0.0,83.7,156.0,3.5
2025-02-20 06:00:00,26.0,0.0,83.9,153.0,4.0
2025-02-20 07:00:00,26.3,0.0,82.6,118.0,3.4
2025-02-20 08:00:00,26.7,0.0,80.8,106.0,4.2
2025-02-20 09:00:00,27.2,0.0,78.7,135.0,5.6
2025-02-20 10:00:00,28.0,0.0,72.8,155.0,7.8
2025-02-20 11:00:00,29.1,0.0,67.0,152.0,6.4
2025-02-20 12:00:00,29.9,0.0,62.2,146.0,5.2
2025-02-20 13:00:00,30.8,0.0,59.4,119.0,5.8
2025-02-20 14:00:00,30.3,0.0,60.4,151.0,7.0
2025-02-20 15:00:00,31.0,0.0,58.4,128.0,7.6
2025-02-20 16:00:00,30.4,0.0,57.0,139.0,7.8
2025-02-20 17:00:00,30.7,0.0,56.6,141.0,6.1
2025-02-20 18:00:00,30.1,0.0,58.9,146.0,7.6
2025-02-20 19:00:00,28.8,0.0,64.7,141.0,7.4
2025-02-20 20:00:00,27.8,0.0,71.5,150.0,7.9
2025-02-20 21:00:00,27.3,0.0,76.3,152.0,6.5
2025-02-20 22:00:00,27.0,0.0,78.9,149.0,6.0
2025-02-20 23:00:00,26.8,0.0,79.2,146.0,5.5
2025-02-21 00:00:00,26.6,0.0,80.0,151.0,5.6
2025-02-21 01:00:00,26.6,0.0,79.7,139.0,4.3
2025-02-21 02:00:00,26.4,0.0,80.5,155.0,4.5
2025-02-21 03:00:00,26.5,0.0,79.9,114.0,4.8
2025-02-21 04:00:00,26.4,0.0,79.8,137.0,4.3
2025-02-21 05:00:00,26.1,0.0,80.8,150.0,4.6
2025-02-21 06:00:00,25.9,0.0,81.7,145.0,3.8
2025-02-21 07:00:00,25.8,0.0,83.0,137.0,3.4
2025-02-21 08:00:00,26.1,0.0,81.2,151.0,3.5
2025-02-21 09:00:00,27.1,0.0,77.3,133.0,4.9
2025-02-21 10:00:00,28.3,0.0,70.0,115.0,5.2
2025-02-21 11:00:00,29.9,0.0,63.8,139.0,5.3
2025-02-21 12:00:00,29.5,0.0,61.8,141.0,5.7
2025-02-21 13:00:00,31.0,0.0,58.4,135.0,5.2
2025-02-21 14:00:00,30.9,0.0,59.2,117.0,7.7
2025-02-21 15:00:00,30.4,0.0,59.0,111.0,8.3
2025-02-21 16:00:00,30.8,,60.4,156.0,9.89999
2025-02-21 17:00:00,29.8,0.0,64.4,156.0,8.60001
2025-02-21 18:00:00,29.5,0.0,65.1,149.0,8.60001
2025-02-21 19:00:00,28.5,0.0,70.8,152.0,7.8
2025-02-21 20:00:00,27.8,0.0,74.0,154.0,6.6
2025-02-21 21:00:00,27.3,0.0,77.5,156.0,6.8
2025-02-21 22:00:00,27.2,0.0,79.2,150.0,5.5
2025-02-21 23:00:00,27.2,0.0,79.1,155.0,6.3
2025-02-22 00:00:00,27.3,0.0,77.7,142.0,4.6
2025-02-22 01:00:00,26.9,0.0,80.1,160.0,5.4
2025-02-22 02:00:00,26.7,0.0,81.3,139.0,4.8
2025-02-22 03:00:00,26.7,0.0,80.7,151.0,4.7
2025-02-22 04:00:00,26.7,0.0,80.1,150.0,4.9
2025-02-22 05:00:00,26.4,0.0,81.7,143.0,4.9
2025-02-22 06:00:00,26.1,0.0,83.0,155.0,5.7
2025-02-22 07:00:00,26.0,0.0,83.5,146.0,4.0
2025-02-22 08:00:00,26.4,0.0,81.7,148.0,4.7
2025-02-22 09:00:00,27.2,0.0,77.4,115.0,5.4
2025-02-22 10:00:00,28.7,0.0,70.2,105.0,6.1
2025-02-22 11:00:00,29.4,0.0,64.5,96.0,5.5
2025-02-22 12:00:00,29.6,0.0,63.9,120.0,6.1
2025-02-22 13:00:00,30.7,0.0,60.5,54.0,3.3
2025-02-22 14:00:00,27.3,0.2,80.5,49.0,7.6
2025-02-22 15:00:00,27.7,0.0,74.6,204.0,4.8
2025-02-22 16:00:00,29.1,0.0,68.2,218.0,3.6
2025-02-22 17:00:00,28.1,0.0,73.0,124.0,3.6
2025-02-22 18:00:00,28.5,0.0,68.3,146.0,5.2
2025-02-22 19:00:00,28.3,0.0,68.0,147.0,7.2
2025-02-22 20:00:00,27.6,0.0,72.0,127.0,4.2
2025-02-22 21:00:00,27.4,0.0,75.5,143.0,4.6
2025-02-22 22:00:00,27.2,0.0,76.6,142.0,5.2
2025-02-22 23:00:00,26.8,0.0,79.6,149.0,4.3
2025-02-23 00:00:00,26.8,0.0,79.9,148.0,5.2
2025-02-23 01:00:00,26.8,0.0,80.3,151.0,4.8
2025-02-23 02:00:00,26.6,0.0,81.7,152.0,5.4
2025-02-23 03:00:00,26.6,0.0,81.8,143.0,4.1
2025-02-23 04:00:00,26.6,0.0,81.4,143.0,5.2
2025-02-23 05:00:00,26.6,0.0,81.5,124.0,5.0
2025-02-23 06:00:00,26.6,0.0,81.6,90.0,5.0
2025-02-23 07:00:00,26.6,0.0,81.7,87.0,3.7
2025-02-23 08:00:00,26.8,0.0,80.5,82.0,4.8
2025-02-23 09:00:00,27.3,0.0,77.7,82.0,3.9
2025-02-23 10:00:00,28.3,0.0,72.9,113.0,5.1
2025-02-23 11:00:00,29.4,0.0,67.1,111.0,4.2
2025-02-23 12:00:00,31.1,0.0,61.0,114.0,4.4
2025-02-23 13:00:00,26.9,0.2,82.1,149.0,5.1
2025-02-23 14:00:00,29.2,0.0,68.9,92.0,3.0
2025-02-23 15:00:00,29.8,0.0,66.6,34.0,3.4
2025-02-23 16:00:00,27.7,0.0,76.2,342.0,4.4
2025-02-23 17:00:00,25.3,0.2,86.2,90.0,5.1
2025-02-23 18:00:00,25.7,0.0,86.9,33.0,3.4
2025-02-23 19:00:00,26.1,0.0,85.4,152.0,3.6
2025-02-23 20:00:00,26.3,0.0,84.5,342.0,3.0
2025-02-23 21:00:00,26.4,0.0,83.3,129.0,2.9
2025-02-23 22:00:00,26.3,0.0,84.9,88.0,3.2
2025-02-23 23:00:00,26.6,0.0,83.9,100.0,3.0
2025-02-24 00:00:00,26.5,0.0,85.1,119.0,3.4
2025-02-24 01:00:00,26.5,0.0,85.3,136.0,3.6
2025-02-24 02:00:00,26.5,0.0,85.4,97.0,3.0
2025-02-24 03:00:00,26.3,0.0,85.5,139.0,3.4
2025-02-24 04:00:00,26.1,0.0,86.1,112.0,3.3
2025-02-24 05:00:00,25.9,0.0,86.8,142.0,3.7
2025-02-24 06:00:00,25.8,0.0,87.5,149.0,3.2
2025-02-24 07:00:00,25.7,0.0,87.3,158.0,3.4
2025-02-24 08:00:00,25.9,0.0,86.9,141.0,3.3
2025-02-24 09:00:00,27.0,0.0,82.1,115.0,4.3
2025-02-24 10:00:00,28.2,0.0,74.5,125.0,4.8
2025-02-24 11:00:00,29.6,0.0,68.0,145.0,5.0
2025-02-24 12:00:00,29.9,0.0,64.5,144.0,7.2
2025-02-24 13:00:00,30.7,0.0,62.1,133.0,6.4
2025-02-24 14:00:00,30.7,0.0,58.0,159.0,5.2
2025-02-24 15:00:00,31.3,0.0,56.4,145.0,4.5
2025-02-24 16:00:00,31.0,0.0,57.3,154.0,9.0
2025-02-24 17:00:00,30.5,0.0,57.9,158.0,5.7
2025-02-24 18:00:00,29.6,0.0,64.0,160.0,6.2
2025-02-24 19:00:00,28.1,0.0,72.9,158.0,8.5
2025-02-24 20:00:00,27.6,0.0,75.1,138.0,5.4
2025-02-24 21:00:00,27.1,0.0,78.9,150.0,5.7
2025-02-24 22:00:00,27.0,0.0,79.8,137.0,4.7
2025-02-24 23:00:00,27.0,0.0,80.5,155.0,5.0
2025-02-25 00:00:00,27.2,0.0,79.8,134.0,4.2
2025-02-25 01:00:00,27.1,0.0,80.6,139.0,4.1
2025-02-25 02:00:00,25.3,0.0,85.1,126.0,4.9
2025-02-25 03:00:00,25.8,0.0,81.7,146.0,3.6
2025-02-25 04:00:00,26.0,0.0,80.9,80.0,3.5
2025-02-25 05:00:00,26.0,0.0,83.7,142.0,3.7
2025-02-25 06:00:00,25.9,0.0,84.3,147.0,4.7
2025-02-25 07:00:00,26.0,0.0,83.0,146.0,3.9
2025-02-25 08:00:00,26.4,0.0,81.5,122.0,3.5
2025-02-25 09:00:00,27.4,0.0,78.9,153.0,6.9
2025-02-25 10:00:00,27.6,0.0,76.0,180.0,4.0
2025-02-25 11:00:00,28.9,0.0,71.3,135.0,5.7
2025-02-25 12:00:00,29.7,0.0,68.3,151.0,5.3
2025-02-25 13:00:00,30.1,0.0,67.6,165.0,6.5
2025-02-25 14:00:00,30.1,0.0,62.1,154.0,6.9
2025-02-25 15:00:00,30.1,0.0,62.2,171.0,6.4
2025-02-25 16:00:00,30.0,0.0,62.5,154.0,7.3
2025-02-25 17:00:00,30.3,0.0,61.5,161.0,5.4
2025-02-25 18:00:00,28.8,0.0,68.8,151.0,8.7
2025-02-25 19:00:00,28.2,0.0,71.8,155.0,7.1
2025-02-25 20:00:00,27.7,0.0,74.7,133.0,3.8
2025-02-25 21:00:00,27.5,0.0,75.2,131.0,5.1
2025-02-25 22:00:00,27.1,0.0,78.0,146.0,5.4
2025-02-25 23:00:00,27.1,0.0,79.2,142.0,4.6
2025-02-26 00:00:00,27.1,0.0,80.0,145.0,4.7
2025-02-26 01:00:00,26.9,0.0,81.3,142.0,5.0
2025-02-26 02:00:00,26.8,0.0,83.5,150.0,5.1
2025-02-26 03:00:00,27.1,0.0,80.6,165.0,3.8
2025-02-26 04:00:00,26.6,0.0,83.8,129.0,4.2
2025-02-26 05:00:00,26.5,0.0,83.8,124.0,4.0
2025-02-26 06:00:00,26.5,0.0,83.1,129.0,4.3
2025-02-26 07:00:00,26.4,0.0,83.5,134.0,4.1
2025-02-26 08:00:00,26.7,0.0,81.6,151.0,4.9
2025-02-26 09:00:00,27.3,0.0,78.5,135.0,4.8
2025-02-26 10:00:00,27.9,0.0,75.4,152.0,8.10001
2025-02-26 11:00:00,29.0,0.0,70.9,143.0,6.2
2025-02-26 12:00:00,29.3,0.0,69.2,154.0,8.0
2025-02-26 13:00:00,29.3,0.0,67.6,150.0,10.4
2025-02-26 14:00:00,29.4,0.0,68.8,180.0,5.9
2025-02-26 15:00:00,29.7,0.0,65.5,156.0,11.0
2025-02-26 16:00:00,29.0,0.0,71.2,149.0,6.8
2025-02-26 17:00:00,29.6,0.0,68.2,158.0,6.1
2025-02-26 18:00:00,29.2,0.0,68.6,155.0,6.3
2025-02-26 19:00:00,28.4,0.0,73.5,149.0,6.7
2025-02-26 20:00:00,27.1,0.0,80.1,130.0,5.8
2025-02-26 21:00:00,26.5,0.0,82.1,141.0,7.2
2025-02-26 22:00:00,26.5,0.0,82.3,142.0,5.1
2025-02-26 23:00:00,26.7,0.0,82.2,147.0,6.4
2025-02-27 00:00:00,26.7,0.0,80.9,140.0,4.6
2025-02-27 01:00:00,26.7,0.0,80.3,152.0,5.8
2025-02-27 02:00:00,26.5,0.0,81.8,148.0,5.7
2025-02-27 03:00:00,26.6,0.0,81.4,140.0,5.6
2025-02-27 04:00:00,26.6,0.0,81.0,144.0,5.7
2025-02-27 05:00:00,26.5,0.0,81.1,148.0,6.3
2025-02-27 06:00:00,26.5,0.0,82.1,141.0,4.7
2025-02-27 07:00:00,26.4,0.0,82.7,144.0,6.1
2025-02-27 08:00:00,26.6,0.0,80.8,139.0,5.8
2025-02-27 09:00:00,27.5,0.0,75.3,139.0,6.8
2025-02-27 10:00:00,28.1,0.0,75.4,124.0,5.4
2025-02-27 11:00:00,30.0,0.0,64.5,162.0,6.5
2025-02-27 12:00:00,29.6,0.0,65.2,142.0,8.60001
2025-02-27 13:00:00,30.9,0.0,59.0,143.0,8.3
2025-02-27 14:00:00,30.2,0.0,65.1,133.0,7.6
2025-02-27 15:00:00,30.9,0.0,60.6,151.0,7.4
2025-02-27 16:00:00,30.3,0.0,62.9,192.0,6.6
2025-02-27 17:00:00,29.5,0.0,66.3,148.0,7.8
2025-02-27 18:00:00,30.0,0.0,64.2,140.0,7.0
2025-02-27 19:00:00,28.6,0.0,68.0,157.0,5.8
2025-02-27 20:00:00,27.9,0.0,72.1,135.0,5.0
2025-02-27 21:00:00,27.6,0.0,75.4,136.0,4.6
2025-02-27 22:00:00,27.3,0.0,78.0,141.0,4.7
2025-02-27 23:00:00,27.3,0.0,78.1,144.0,4.6
2025-02-28 00:00:00,27.2,0.0,79.1,137.0,4.9
2025-02-28 01:00:00,27.1,0.0,80.1,148.0,4.8
2025-02-28 02:00:00,27.0,0.0,80.1,149.0,4.9
2025-02-28 03:00:00,27.0,0.0,79.9,135.0,4.6
2025-02-28 04:00:00,26.9,0.0,80.0,145.0,4.3
2025-02-28 05:00:00,26.7,0.0,81.4,141.0,4.4
2025-02-28 06:00:00,26.4,0.0,82.9,147.0,4.0
2025-02-28 07:00:00,26.4,0.0,83.3,136.0,3.9
2025-02-28 08:00:00,26.7,0.0,82.2,126.0,4.0
2025-02-28 09:00:00,27.5,0.0,80.0,160.0,3.8
2025-02-28 10:00:00,28.1,0.0,76.2,150.0,6.5
2025-02-28 11:00:00,28.9,0.0,72.2,148.0,6.6
2025-02-28 12:00:00,29.8,0.0,66.1,154.0,6.7
2025-02-28 13:00:00,30.6,0.0,64.6,145.0,6.4
2025-02-28 14:00:00,30.9,0.0,60.2,162.0,6.4
2025-02-28 15:00:00,31.1,0.0,61.0,139.0,8.2
2025-02-28 16:00:00,30.4,0.0,63.8,151.0,9.8
2025-02-28 17:00:00,29.7,0.0,67.3,147.0,8.60001
2025-02-28 18:00:00,29.3,0.0,68.5,161.0,6.7
2025-02-28 19:00:00,28.6,0.0,71.2,139.0,7.6
2025-02-28 20:00:00,28.0,0.0,74.8,136.0,6.2
2025-02-28 21:00:00,27.6,0.0,77.0,161.0,6.7
2025-02-28 22:00:00,27.4,0.0,78.9,149.0,5.4
2025-02-28 23:00:00,27.4,0.0,78.6,140.0,4.3
2025-03-01 00:00:00,27.1,0.0,80.7,137.0,4.5
2025-03-01 01:00:00,27.2,0.0,81.2,99.0,4.0
2025-03-01 02:00:00,27.0,0.0,81.3,155.0,6.5
2025-03-01 03:00:00,26.9,0.0,82.0,139.0,4.5
2025-03-01 04:00:00,26.8,0.0,82.4,139.0,4.5
2025-03-01 05:00:00,26.7,0.0,81.9,145.0,4.8
2025-03-01 06:00:00,26.7,0.0,81.7,131.0,4.0
2025-03-01 07:00:00,26.5,0.0,82.7,140.0,3.9
2025-03-01 08:00:00,26.7,0.0,82.4,154.0,4.8
2025-03-01 09:00:00,27.0,0.0,80.7,145.0,5.2
2025-03-01 10:00:00,28.8,0.0,71.5,106.0,5.7
2025-03-01 11:00:00,29.9,0.0,65.0,144.0,5.5
2025-03-01 12:00:00,30.4,0.0,64.0,149.0,4.5
2025-03-01 13:00:00,30.6,0.0,63.8,147.0,4.7
2025-03-01 14:00:00,31.4,0.0,59.4,181.0,5.8
2025-03-01 15:00:00,30.8,0.0,61.2,150.0,6.9
2025-03-01 16:00:00,31.1,0.0,60.8,124.0,6.7
2025-03-01 17:00:00,30.8,0.0,60.1,145.0,6.9
2025-03-01 18:00:00,30.0,0.0,63.6,130.0,7.2
2025-03-01 19:00:00,28.9,0.0,67.0,146.0,7.8
2025-03-01 20:00:00,27.9,0.0,72.8,145.0,7.7
2025-03-01 21:00:00,27.4,0.0,76.9,151.0,6.7
2025-03-01 22:00:00,27.3,0.0,77.6,161.0,7.3
2025-03-01 23:00:00,27.1,0.0,78.0,134.0,5.0
2025-03-02 00:00:00,26.9,0.0,79.7,141.0,3.9
2025-03-02 01:00:00,26.7,0.0,80.3,138.0,4.2
2025-03-02 02:00:00,26.5,0.0,81.5,137.0,4.9
2025-03-02 03:00:00,26.3,0.0,81.9,142.0,5.0
2025-03-02 04:00:00,26.2,0.0,82.4,132.0,4.5
2025-03-02 05:00:00,26.1,0.0,82.5,142.0,3.7
2025-03-02 06:00:00,25.8,0.0,83.8,142.0,5.1
2025-03-02 07:00:00,25.9,0.0,83.3,150.0,4.9
2025-03-02 08:00:00,25.8,0.0,83.6,148.0,6.6
2025-03-02 09:00:00,27.0,0.0,78.3,134.0,6.2
2025-03-02 10:00:00,28.6,0.0,69.6,127.0,6.2
2025-03-02 11:00:00,29.1,0.0,64.9,143.0,6.6
2025-03-02 12:00:00,29.7,0.0,63.1,137.0,5.4
2025-03-02 13:00:00,30.7,0.0,59.5,135.0,5.7
2025-03-02 14:00:00,31.8,0.0,54.8,171.0,5.8
2025-03-02 15:00:00,32.2,0.0,57.2,131.0,6.0
2025-03-02 16:00:00,30.8,0.0,58.7,144.0,10.1
2025-03-02 17:00:00,29.9,0.0,62.0,149.0,8.3
2025-03-02 18:00:00,29.4,0.0,64.5,153.0,9.7
2025-03-02 19:00:00,28.3,0.0,70.3,154.0,9.7
2025-03-02 20:00:00,27.6,0.0,71.8,136.0,5.6
2025-03-02 21:00:00,27.5,0.0,72.1,133.0,6.2
2025-03-02 22:00:00,27.1,0.0,75.7,146.0,5.0
2025-03-02 23:00:00,26.7,0.0,78.5,144.0,5.3
2025-03-03 00:00:00,26.7,0.0,78.8,134.0,3.9
2025-03-03 01:00:00,26.5,0.0,80.0,130.0,4.5
2025-03-03 02:00:00,26.3,0.0,80.7,134.0,4.7
2025-03-03 03:00:00,26.2,0.0,80.4,151.0,5.3
2025-03-03 04:00:00,26.1,0.0,81.9,147.0,4.8
2025-03-03 05:00:00,25.8,0.0,83.1,153.0,4.9
2025-03-03 06:00:00,25.8,0.0,82.2,143.0,4.4
2025-03-03 07:00:00,25.8,0.0,82.1,156.0,4.1
2025-03-03 08:00:00,26.0,0.0,81.2,146.0,3.9
2025-03-03 09:00:00,27.0,0.0,75.6,132.0,4.8
2025-03-03 10:00:00,28.2,0.0,70.0,154.0,6.9
2025-03-03 11:00:00,30.2,0.0,62.0,80.0,4.7
2025-03-03 12:00:00,30.2,0.0,59.8,143.0,5.2
2025-03-03 13:00:00,31.4,0.0,54.4,64.0,3.8
2025-03-03 14:00:00,30.8,0.0,62.9,328.0,7.0
2025-03-03 15:00:00,32.1,0.0,56.8,320.0,6.6
2025-03-03 16:00:00,30.8,0.0,61.9,340.0,5.1
2025-03-03 17:00:00,30.5,0.0,62.9,333.0,5.5
2025-03-03 18:00:00,30.4,0.0,61.5,133.0,4.5
2025-03-03 19:00:00,29.3,0.0,65.1,144.0,6.2
2025-03-03 20:00:00,28.3,0.0,67.8,120.0,4.6
2025-03-03 21:00:00,27.6,0.0,73.7,145.0,5.6
2025-03-03 22:00:00,27.2,0.0,75.0,139.0,5.5
2025-03-03 23:00:00,27.0,0.0,75.6,145.0,5.6
2025-03-04 00:00:00,26.9,0.0,76.2,155.0,5.0
2025-03-04 01:00:00,26.5,0.0,78.8,154.0,4.9
2025-03-04 02:00:00,26.4,0.0,79.4,158.0,4.7
2025-03-04 03:00:00,26.3,0.0,80.3,139.0,4.2
2025-03-04 04:00:00,26.7,0.0,78.7,97.0,4.6
2025-03-04 05:00:00,26.5,0.0,79.3,112.0,4.4
2025-03-04 06:00:00,25.9,0.0,81.7,141.0,3.8
2025-03-04 07:00:00,25.9,0.0,82.4,143.0,4.5
2025-03-04 08:00:00,26.5,0.0,79.8,163.0,3.3
2025-03-04 09:00:00,27.6,0.0,72.7,145.0,5.3
2025-03-04 10:00:00,28.4,0.0,71.8,118.0,5.1
2025-03-04 11:00:00,29.7,0.0,68.5,139.0,4.8
2025-03-04 12:00:00,30.6,0.0,64.7,94.0,4.7
2025-03-04 13:00:00,31.8,0.0,60.9,130.0,5.3
2025-03-04 14:00:00,32.4,0.0,56.9,82.0,3.9
2025-03-04 15:00:00,32.4,0.0,56.4,122.0,5.4
2025-03-04 16:00:00,32.4,0.0,58.6,133.0,4.0
2025-03-04 17:00:00,31.0,0.0,62.8,172.0,4.6
2025-03-04 18:00:00,30.3,0.0,65.7,120.0,4.8
2025-03-04 19:00:00,26.4,0.0,73.3,12.0,4.8
2025-03-04 20:00:00,27.2,0.0,71.0,100.0,3.5
2025-03-04 21:00:00,27.7,0.0,70.6,121.0,3.6
2025-03-04 22:00:00,27.8,0.0,76.4,132.0,3.8
2025-03-04 23:00:00,27.6,0.0,78.8,145.0,4.7
2025-03-05 00:00:00,27.5,0.0,78.9,139.0,3.8
2025-03-05 01:00:00,27.6,0.0,78.0,93.0,3.4
2025-03-05 02:00:00,27.2,0.0,80.6,139.0,4.1
2025-03-05 03:00:00,27.1,0.0,81.2,116.0,3.4
2025-03-05 04:00:00,27.1,0.0,80.2,142.0,3.3
2025-03-05 05:00:00,27.0,0.0,80.8,131.0,3.3
2025-03-05 06:00:00,27.0,0.0,81.1,124.0,3.8
2025-03-05 07:00:00,27.0,0.0,81.0,69.0,4.8
2025-03-05 08:00:00,27.2,0.0,79.6,108.0,4.9
2025-03-05 09:00:00,28.1,0.0,75.0,59.0,3.6
2025-03-05 10:00:00,29.0,0.0,70.0,57.0,4.4
2025-03-05 11:00:00,29.1,0.0,70.2,357.0,5.1
2025-03-05 12:00:00,29.9,0.0,68.5,16.0,3.6
2025-03-05 13:00:00,29.4,0.0,71.1,328.0,5.2
2025-03-05 14:00:00,29.3,0.0,71.5,325.0,5.5
2025-03-05 15:00:00,29.2,0.0,73.0,320.0,5.9
2025-03-05 16:00:00,28.3,0.0,76.2,107.0,3.7
2025-03-05 17:00:00,26.3,0.0,83.5,152.0,6.1
2025-03-05 18:00:00,26.7,0.0,82.6,153.0,7.0
2025-03-05 19:00:00,26.2,0.0,84.9,69.0,5.6
2025-03-05 20:00:00,26.3,0.0,86.1,85.0,3.3
2025-03-05 21:00:00,26.3,0.0,86.0,133.0,3.1
2025-03-05 22:00:00,26.7,0.0,80.5,177.0,3.0
2025-03-05 23:00:00,27.1,0.0,78.7,68.0,3.2
2025-03-06 00:00:00,27.1,0.0,80.7,108.0,3.2
2025-03-06 01:00:00,26.9,0.0,83.5,108.0,3.1
2025-03-06 02:00:00,26.8,0.0,84.0,118.0,3.5
2025-03-06 03:00:00,26.7,0.0,85.0,53.0,4.1
2025-03-06 04:00:00,27.0,0.0,81.8,34.0,3.5
2025-03-06 05:00:00,27.0,0.0,83.1,146.0,2.8
2025-03-06 06:00:00,27.2,0.0,81.4,30.0,3.1
2025-03-06 07:00:00,27.2,0.0,82.5,355.0,3.7
2025-03-06 08:00:00,25.2,1.2,87.9,356.0,7.5
2025-03-06 09:00:00,25.4,0.0,85.0,334.0,6.2
2025-03-06 10:00:00,25.5,0.0,85.0,4.0,5.3
2025-03-06 11:00:00,26.4,0.0,81.2,32.0,4.6
2025-03-06 12:00:00,27.0,0.0,77.4,359.0,5.0
2025-03-06 13:00:00,27.0,0.0,79.0,344.0,5.0
2025-03-06 14:00:00,27.8,0.0,76.5,35.0,5.2
2025-03-06 15:00:00,28.3,0.0,69.8,18.0,5.0
2025-03-06 16:00:00,28.4,0.0,68.0,16.0,5.3
2025-03-06 17:00:00,28.0,0.0,68.7,339.0,7.2
2025-03-06 18:00:00,27.8,0.0,70.2,6.0,4.3
2025-03-06 19:00:00,27.5,0.0,71.3,8.0,4.6
2025-03-06 20:00:00,27.3,0.0,73.2,354.0,4.7
2025-03-06 21:00:00,27.4,0.0,72.3,359.0,4.0
2025-03-06 22:00:00,27.2,0.0,73.8,14.0,3.8
2025-03-06 23:00:00,27.1,0.0,75.9,18.0,3.9
2025-03-07 00:00:00,27.0,0.0,76.6,1.0,3.3
2025-03-07 01:00:00,26.9,0.0,78.0,2.0,3.8
2025-03-07 02:00:00,26.8,0.0,78.6,10.0,3.5
2025-03-07 03:00:00,26.8,0.0,78.7,9.0,3.6
2025-03-07 04:00:00,26.8,0.0,78.8,28.0,3.2
2025-03-07 05:00:00,26.6,0.0,80.3,11.0,3.3
2025-03-07 06:00:00,26.4,0.0,81.3,19.0,3.5
2025-03-07 07:00:00,26.5,0.0,81.4,27.0,3.4
2025-03-07 08:00:00,26.5,0.0,82.6,121.0,3.2
2025-03-07 09:00:00,27.3,0.0,80.0,129.0,3.1
2025-03-07 10:00:00,28.6,0.0,72.3,145.0,3.5
2025-03-07 11:00:00,30.5,0.0,62.1,110.0,3.5
2025-03-07 12:00:00,31.8,0.0,56.1,51.0,3.8
2025-03-07 13:00:00,32.3,0.0,56.3,326.0,6.3
2025-03-07 14:00:00,31.8,0.0,54.5,353.0,5.9
2025-03-07 15:00:00,32.8,0.0,48.9,317.0,8.60001
2025-03-07 16:00:00,31.2,0.0,54.0,324.0,6.7
2025-03-07 17:00:00,30.7,0.0,61.4,358.0,3.8
2025-03-07 18:00:00,28.9,0.0,74.0,149.0,5.0
2025-03-07 19:00:00,28.5,0.0,74.0,153.0,5.2
2025-03-07 20:00:00,28.0,0.0,79.8,120.0,3.8
2025-03-07 21:00:00,27.7,0.0,80.7,108.0,4.1
2025-03-07 22:00:00,27.7,0.0,80.6,129.0,3.5
2025-03-07 23:00:00,27.7,0.0,80.6,139.0,3.7
2025-03-08 00:00:00,27.9,0.0,79.9,121.0,3.6
2025-03-08 01:00:00,27.6,0.0,81.1,133.0,3.6
2025-03-08 02:00:00,27.3,0.0,83.6,122.0,3.5
2025-03-08 03:00:00,27.1,0.0,83.9,129.0,3.5
2025-03-08 04:00:00,26.8,0.0,85.6,137.0,3.7
2025-03-08 05:00:00,26.7,0.0,86.1,150.0,3.8
2025-03-08 06:00:00,26.7,0.0,86.0,136.0,3.9
2025-03-08 07:00:00,26.9,0.0,85.7,114.0,3.5
2025-03-08 08:00:00,27.0,0.0,84.4,117.0,3.7
2025-03-08 09:00:00,27.8,0.0,80.1,145.0,6.1
2025-03-08 10:00:00,28.8,0.0,74.3,115.0,7.3
2025-03-08 11:00:00,29.9,0.0,69.1,93.0,5.5
2025-03-08 12:00:00,30.6,0.0,65.9,111.0,5.4
2025-03-08 13:00:00,30.5,0.0,65.4,130.0,4.5
2025-03-08 14:00:00,31.1,0.0,64.2,157.0,4.9
2025-03-08 15:00:00,26.5,7.0,86.4,41.0,7.6
2025-03-08 16:00:00,26.2,0.0,92.4,117.0,5.3
2025-03-08 17:00:00,28.3,0.0,74.6,126.0,6.1
2025-03-08 18:00:00,25.3,1.6,89.9,111.0,7.8
2025-03-08 19:00:00,25.6,0.0,88.0,145.0,4.6
2025-03-08 20:00:00,26.2,0.0,87.2,127.0,3.8
2025-03-08 21:00:00,26.6,0.0,85.9,119.0,3.9
2025-03-08 22:00:00,26.8,0.0,83.8,133.0,4.0
2025-03-08 23:00:00,26.6,0.0,84.8,142.0,4.0
2025-03-09 00:00:00,26.7,0.0,85.1,134.0,4.1
2025-03-09 01:00:00,26.7,0.0,84.8,130.0,3.9
2025-03-09 02:00:00,26.7,0.0,85.0,121.0,3.8
2025-03-09 03:00:00,26.8,0.0,84.2,143.0,4.1
2025-03-09 04:00:00,26.7,0.0,85.4,136.0,3.7
2025-03-09 05:00:00,26.9,0.0,84.5,120.0,3.2
2025-03-09 06:00:00,27.0,0.0,84.3,150.0,5.0
2025-03-09 07:00:00,26.9,0.0,83.1,153.0,3.7
2025-03-09 08:00:00,26.9,0.0,83.7,69.0,3.4
2025-03-09 09:00:00,27.2,0.0,81.1,132.0,3.8
2025-03-09 10:00:00,27.5,0.0,79.7,61.0,3.2
2025-03-09 11:00:00,27.9,0.0,79.3,3.0,4.1
2025-03-09 12:00:00,24.5,0.0,92.4,124.0,6.6
2025-03-09 13:00:00,25.5,0.0,89.0,86.0,5.5
2025-03-09 14:00:00,25.2,0.2,82.0,79.0,4.6
2025-03-09 15:00:00,25.1,0.0,85.2,108.0,4.4
2025-03-09 16:00:00,25.2,0.0,86.2,145.0,3.9
2025-03-09 17:00:00,26.5,0.0,79.9,87.0,3.5
2025-03-09 18:00:00,26.9,0.0,76.6,85.0,3.3
2025-03-09 19:00:00,26.9,0.0,79.6,123.0,2.7
2025-03-09 20:00:00,26.7,0.0,82.0,335.0,3.9
2025-03-09 21:00:00,27.0,0.0,83.0,42.0,2.7
2025-03-09 22:00:00,26.9,0.0,84.6,50.0,2.6
2025-03-09 23:00:00,26.8,0.0,85.1,88.0,2.9
2025-03-10 00:00:00,26.9,0.0,83.8,67.0,3.7
2025-03-10 01:00:00,26.9,0.0,83.3,96.0,4.0
2025-03-10 02:00:00,26.9,0.0,82.7,102.0,4.2
2025-03-10 03:00:00,26.8,0.0,83.4,89.0,4.0
2025-03-10 04:00:00,26.4,0.0,84.9,147.0,4.0
2025-03-10 05:00:00,26.2,0.0,86.4,150.0,3.3
2025-03-10 06:00:00,26.5,0.0,84.6,140.0,3.9
2025-03-10 07:00:00,26.4,0.0,85.3,146.0,4.1
2025-03-10 08:00:00,26.6,0.0,84.8,132.0,3.5
2025-03-10 09:00:00,27.5,0.0,81.7,144.0,5.0
2025-03-10 10:00:00,28.4,0.0,77.6,144.0,5.6
2025-03-10 11:00:00,29.9,0.0,70.4,112.0,4.8
2025-03-10 12:00:00,30.1,0.0,67.9,156.0,6.0
2025-03-10 13:00:00,31.1,0.0,64.5,141.0,5.3
2025-03-10 14:00:00,31.4,0.0,62.2,155.0,6.5
2025-03-10 15:00:00,28.3,0.2,75.5,143.0,8.7
2025-03-10 16:00:00,29.7,0.0,68.8,146.0,5.1
2025-03-10 17:00:00,30.3,0.0,65.0,153.0,8.10001
2025-03-10 18:00:00,29.7,0.0,68.7,143.0,8.2
2025-03-10 19:00:00,28.9,0.0,71.9,133.0,6.0
2025-03-10 20:00:00,28.3,0.0,76.4,141.0,6.0
2025-03-10 21:00:00,27.7,0.0,76.6,146.0,6.7
2025-03-10 22:00:00,27.4,0.0,79.2,151.0,4.9
2025-03-10 23:00:00,27.5,0.0,81.6,117.0,3.5
2025-03-11 00:00:00,27.5,0.0,82.7,124.0,3.5
2025-03-11 01:00:00,27.0,0.0,84.3,103.0,3.9
2025-03-11 02:00:00,25.6,5.6,90.3,105.0,7.0
2025-03-11 03:00:00,26.1,0.0,91.4,96.0,2.7
2025-03-11 04:00:00,26.5,0.0,88.5,56.0,4.3
2025-03-11 05:00:00,26.6,0.0,87.2,62.0,4.4
2025-03-11 06:00:00,26.8,0.0,86.0,75.0,3.5
2025-03-11 07:00:00,26.2,0.0,88.1,127.0,3.8
2025-03-11 08:00:00,26.5,0.0,86.6,113.0,4.1
2025-03-11 09:00:00,27.5,0.0,82.7,154.0,7.0
2025-03-11 10:00:00,29.0,0.0,72.2,155.0,6.6
2025-03-11 11:00:00,29.8,0.0,70.6,99.0,4.8
2025-03-11 12:00:00,29.4,0.0,70.2,134.0,6.6
2025-03-11 13:00:00,30.4,0.0,63.6,144.0,6.0
2025-03-11 14:00:00,30.9,0.0,59.7,143.0,6.3
2025-03-11 15:00:00,31.3,0.0,56.0,129.0,5.1
2025-03-11 16:00:00,31.6,0.0,56.7,140.0,6.3
2025-03-11 17:00:00,31.5,0.0,58.5,114.0,5.4
2025-03-11 18:00:00,30.5,0.0,64.0,146.0,7.0
2025-03-11 19:00:00,29.4,0.0,62.7,140.0,6.8
2025-03-11 20:00:00,28.4,0.0,71.0,130.0,5.6
2025-03-11 21:00:00,28.0,0.0,75.8,137.0,6.0
2025-03-11 22:00:00,27.6,0.0,77.1,152.0,7.1
2025-03-11 23:00:00,27.7,0.0,77.9,137.0,5.3
2025-03-12 00:00:00,27.7,0.0,78.0,135.0,5.0
2025-03-12 01:00:00,27.6,0.0,78.8,153.0,4.4
2025-03-12 02:00:00,27.4,0.0,79.5,154.0,5.5
2025-03-12 03:00:00,27.2,0.0,80.2,154.0,4.5
2025-03-12 04:00:00,27.4,0.0,79.3,65.0,4.1
2025-03-12 05:00:00,27.4,0.0,79.8,78.0,4.0
2025-03-12 06:00:00,27.4,0.0,78.6,77.0,4.7
2025-03-12 07:00:00,27.3,0.0,78.6,72.0,4.0
2025-03-12 08:00:00,27.5,0.0,77.8,79.0,3.9
2025-03-12 09:00:00,28.3,0.0,74.3,60.0,4.3
2025-03-12 10:00:00,29.9,0.0,68.3,27.0,4.2
2025-03-12 11:00:00,30.3,0.0,64.5,137.0,5.5
2025-03-12 12:00:00,28.2,0.0,78.7,79.0,5.8
2025-03-12 13:00:00,32.0,0.0,58.0,340.0,3.5
2025-03-12 14:00:00,29.2,0.0,70.7,128.0,6.1
2025-03-12 15:00:00,29.6,0.0,64.2,75.0,3.9
2025-03-12 16:00:00,26.5,0.2,83.2,128.0,6.1
2025-03-12 17:00:00,26.3,0.0,81.1,96.0,6.3
2025-03-12 18:00:00,27.7,0.0,78.0,93.0,4.5
2025-03-12 19:00:00,27.6,0.0,76.8,98.0,5.1
2025-03-12 20:00:00,27.6,0.0,78.6,105.0,2.8
2025-03-12 21:00:00,27.4,0.0,81.2,126.0,2.8
2025-03-12 22:00:00,27.2,0.0,83.8,145.0,3.8
2025-03-12 23:00:00,27.1,0.0,84.5,109.0,3.7
2025-03-13 00:00:00,27.4,0.0,82.1,121.0,3.5
2025-03-13 01:00:00,27.4,0.0,82.8,8.0,3.1
2025-03-13 02:00:00,27.4,0.0,82.4,32.0,3.4
2025-03-13 03:00:00,27.2,0.0,82.7,58.0,4.0
2025-03-13 04:00:00,27.1,0.0,82.5,44.0,3.5
2025-03-13 05:00:00,26.7,0.0,84.2,35.0,3.3
2025-03-13 06:00:00,27.0,0.0,82.3,128.0,2.9
2025-03-13 07:00:00,27.0,0.0,83.2,42.0,2.8
2025-03-13 08:00:00,26.9,0.0,83.6,138.0,3.4
2025-03-13 09:00:00,26.5,0.0,86.8,123.0,4.4
2025-03-13 10:00:00,26.6,0.0,83.9,168.0,6.3
2025-03-13 11:00:00,27.0,0.0,79.9,139.0,4.1
2025-03-13 12:00:00,29.5,0.0,66.2,143.0,4.7
2025-03-13 13:00:00,30.1,0.0,65.6,94.0,3.7
2025-03-13 14:00:00,29.4,0.0,69.6,319.0,5.4
2025-03-13 15:00:00,29.7,0.0,67.8,357.0,4.1
2025-03-13 16:00:00,31.0,0.0,67.5,8.0,4.0
2025-03-13 17:00:00,30.8,0.0,65.4,117.0,5.6
2025-03-13 18:00:00,30.8,0.0,65.2,128.0,5.0
2025-03-13 19:00:00,29.9,0.0,67.5,123.0,4.5
2025-03-13 20:00:00,28.8,0.0,74.0,147.0,5.5
2025-03-13 21:00:00,28.2,0.0,78.2,69.0,3.6
2025-03-13 22:00:00,28.0,0.0,79.0,88.0,3.1
2025-03-13 23:00:00,27.7,0.0,79.8,115.0,3.7
2025-03-14 00:00:00,27.5,0.0,80.6,123.0,3.7
2025-03-14 01:00:00,27.2,0.0,80.8,120.0,3.4
2025-03-14 02:00:00,27.2,0.0,79.0,144.0,3.8
2025-03-14 03:00:00,27.1,0.0,79.7,147.0,4.4
2025-03-14 04:00:00,26.8,0.0,80.9,147.0,4.4
2025-03-14 05:00:00,26.6,0.0,81.4,147.0,4.7
2025-03-14 06:00:00,26.5,0.0,82.6,139.0,4.0
2025-03-14 07:00:00,26.5,0.0,82.7,137.0,4.2
2025-03-14 08:00:00,27.0,0.0,79.2,143.0,3.9
2025-03-14 09:00:00,28.1,0.0,76.6,132.0,5.1
2025-03-14 10:00:00,29.3,0.0,69.7,153.0,7.4
2025-03-14 11:00:00,30.1,0.0,64.5,123.0,5.3
2025-03-14 12:00:00,30.7,0.0,61.1,162.0,4.9
2025-03-14 13:00:00,32.0,0.0,57.7,127.0,6.2
2025-03-14 14:00:00,32.3,0.0,55.0,186.0,5.4
2025-03-14 15:00:00,31.7,0.0,58.3,153.0,7.4
2025-03-14 16:00:00,32.0,0.0,56.1,152.0,7.1
2025-03-14 17:00:00,30.7,0.0,61.2,157.0,5.4
2025-03-14 18:00:00,30.2,0.0,64.9,152.0,4.8
2025-03-14 19:00:00,29.5,0.0,66.3,151.0,7.2
2025-03-14 20:00:00,28.7,0.0,72.0,152.0,6.0
2025-03-14 21:00:00,28.7,0.0,72.7,116.0,5.6
2025-03-14 22:00:00,28.4,0.0,73.4,152.0,6.1
2025-03-14 23:00:00,28.2,0.0,75.2,167.0,3.6
2025-03-15 00:00:00,27.9,0.0,76.4,131.0,3.9
2025-03-15 01:00:00,28.1,0.0,76.2,145.0,4.0
2025-03-15 02:00:00,28.0,0.0,75.7,67.0,4.7
2025-03-15 03:00:00,28.0,0.0,76.8,111.0,3.2
2025-03-15 04:00:00,26.7,0.2,84.2,119.0,3.6
2025-03-15 05:00:00,26.6,0.0,84.5,84.0,3.9
2025-03-15 06:00:00,26.7,0.0,85.4,77.0,3.5
2025-03-15 07:00:00,26.9,0.0,85.4,15.0,3.1
2025-03-15 08:00:00,27.1,0.0,85.9,108.0,3.4
2025-03-15 09:00:00,27.7,0.0,83.1,146.0,4.5
2025-03-15 10:00:00,28.8,0.0,76.1,134.0,5.1
2025-03-15 11:00:00,29.9,0.0,71.0,158.0,5.8
2025-03-15 12:00:00,30.5,0.0,65.2,152.0,6.4
2025-03-15 13:00:00,31.6,0.0,58.4,158.0,5.5
2025-03-15 14:00:00,31.8,0.0,59.2,165.0,5.0
2025-03-15 15:00:00,32.6,0.0,62.2,357.0,4.7
2025-03-15 16:00:00,31.6,0.0,59.3,139.0,7.5
2025-03-15 17:00:00,31.2,0.0,61.0,151.0,7.1
2025-03-15 18:00:00,30.0,0.0,68.5,137.0,5.4
2025-03-15 19:00:00,29.8,0.0,69.2,94.0,4.5
2025-03-15 20:00:00,28.8,0.0,74.7,132.0,4.5
2025-03-15 21:00:00,28.3,0.0,77.4,120.0,3.2
2025-03-15 22:00:00,28.2,0.0,78.0,131.0,4.2
2025-03-15 23:00:00,27.9,0.0,79.2,126.0,3.3
2025-03-16 00:00:00,27.9,0.0,79.1,137.0,3.7
2025-03-16 01:00:00,27.7,0.0,80.8,125.0,3.5
2025-03-16 02:00:00,27.4,0.0,83.2,137.0,4.1
2025-03-16 03:00:00,27.4,0.0,82.8,127.0,3.4
2025-03-16 04:00:00,27.4,0.0,82.3,145.0,3.8
2025-03-16 05:00:00,27.4,0.0,81.4,93.0,3.1
2025-03-16 06:00:00,27.2,0.0,82.3,125.0,3.7
2025-03-16 07:00:00,27.2,0.0,81.4,134.0,3.4
2025-03-16 08:00:00,27.5,0.0,79.7,146.0,3.1
2025-03-16 09:00:00,28.2,0.0,77.0,135.0,3.9
2025-03-16 10:00:00,28.4,0.0,77.3,119.0,4.4
2025-03-16 11:00:00,29.2,0.0,70.7,142.0,4.7
2025-03-16 12:00:00,29.7,0.0,69.2,131.0,3.8
2025-03-16 13:00:00,30.8,0.0,63.9,158.0,4.3
2025-03-16 14:00:00,32.4,0.0,58.5,18.0,3.6
2025-03-16 15:00:00,29.2,0.0,71.0,146.0,7.1
2025-03-16 16:00:00,29.6,0.0,66.5,143.0,6.1
2025-03-16 17:00:00,29.8,0.0,69.0,122.0,5.2
2025-03-16 18:00:00,29.3,0.0,62.6,101.0,4.0
2025-03-16 19:00:00,28.8,0.0,71.3,114.0,3.9
2025-03-16 20:00:00,28.3,0.0,75.1,117.0,4.1
2025-03-16 21:00:00,27.9,0.0,78.8,140.0,5.8
2025-03-16 22:00:00,27.8,0.0,78.8,153.0,5.5
2025-03-16 23:00:00,27.5,0.0,80.1,145.0,5.1
2025-03-17 00:00:00,27.1,0.0,81.4,142.0,4.5
2025-03-17 01:00:00,27.0,0.0,81.7,144.0,4.6
2025-03-17 02:00:00,27.3,0.0,79.5,150.0,4.9
2025-03-17 03:00:00,27.4,0.0,78.6,106.0,4.2
2025-03-17 04:00:00,27.4,0.0,78.2,137.0,5.5
2025-03-17 05:00:00,27.2,0.0,78.3,142.0,5.2
2025-03-17 06:00:00,27.0,0.0,79.5,89.0,4.8
2025-03-17 07:00:00,27.0,0.0,78.3,150.0,5.9
2025-03-17 08:00:00,27.4,0.0,76.6,109.0,4.1
2025-03-17 09:00:00,28.3,0.0,71.9,89.0,5.4
2025-03-17 10:00:00,29.3,0.0,67.2,124.0,5.9
2025-03-17 11:00:00,29.5,0.0,65.6,67.0,5.2
2025-03-17 12:00:00,30.5,0.0,59.8,78.0,4.6
2025-03-17 13:00:00,31.5,0.0,55.0,54.0,4.4
2025-03-17 14:00:00,29.0,0.0,73.7,342.0,3.7
2025-03-17 15:00:00,31.3,0.0,61.9,326.0,5.1
2025-03-17 16:00:00,30.9,0.0,61.7,346.0,4.3
2025-03-17 17:00:00,31.1,0.0,53.4,146.0,6.0
2025-03-17 18:00:00,29.4,0.0,64.1,132.0,6.6
2025-03-17 19:00:00,28.8,0.0,67.6,86.0,4.6
2025-03-17 20:00:00,28.5,0.0,71.4,145.0,6.3
2025-03-17 21:00:00,28.2,0.0,73.2,147.0,6.5
2025-03-17 22:00:00,28.2,0.0,73.5,109.0,6.6
2025-03-17 23:00:00,28.0,0.0,74.6,113.0,5.0
2025-03-18 00:00:00,28.1,0.0,74.1,114.0,4.4
2025-03-18 01:00:00,28.1,0.0,72.7,97.0,5.2
2025-03-18 02:00:00,27.7,0.0,73.8,84.0,5.6
2025-03-18 03:00:00,27.4,0.0,75.1,97.0,5.2
2025-03-18 04:00:00,27.3,0.0,74.8,95.0,5.5
2025-03-18 05:00:00,27.5,0.0,72.8,129.0,4.9
2025-03-18 06:00:00,27.5,0.0,72.1,93.0,4.8
2025-03-18 07:00:00,27.3,0.0,72.8,73.0,4.7
2025-03-18 08:00:00,27.4,0.0,73.0,71.0,4.8
2025-03-18 09:00:00,28.2,0.0,71.2,78.0,4.4
2025-03-18 10:00:00,28.9,0.0,65.8,125.0,6.0
2025-03-18 11:00:00,29.9,0.0,62.6,92.0,5.2
2025-03-18 12:00:00,30.6,0.0,60.7,127.0,6.7
2025-03-18 13:00:00,30.0,0.0,67.1,144.0,7.7
2025-03-18 14:00:00,31.2,0.0,58.6,115.0,7.8
2025-03-18 15:00:00,31.8,0.0,52.0,143.0,10.2
2025-03-18 16:00:00,31.7,0.0,51.1,136.0,9.5
2025-03-18 17:00:00,31.2,0.0,51.8,148.0,9.39999
2025-03-18 18:00:00,30.6,0.0,56.8,120.0,8.0
2025-03-18 19:00:00,29.6,0.0,61.9,153.0,8.89999
2025-03-18 20:00:00,28.7,0.0,68.5,123.0,6.0
2025-03-18 21:00:00,28.5,0.0,69.7,130.0,7.6
2025-03-18 22:00:00,28.3,0.0,70.5,129.0,4.9
2025-03-18 23:00:00,28.0,0.0,72.0,99.0,6.1
2025-03-19 00:00:00,28.1,0.0,71.4,107.0,4.6
2025-03-19 01:00:00,27.9,0.0,72.5,102.0,4.2
2025-03-19 02:00:00,27.8,0.0,72.6,112.0,5.8
2025-03-19 03:00:00,27.5,0.0,73.8,99.0,5.0
2025-03-19 04:00:00,27.5,0.0,73.4,107.0,5.9
2025-03-19 05:00:00,27.4,0.0,73.6,99.0,5.2
2025-03-19 06:00:00,27.2,0.0,75.0,108.0,5.9
2025-03-19 07:00:00,27.2,0.0,75.1,84.0,4.5
2025-03-19 08:00:00,27.3,0.0,74.9,87.0,5.6
2025-03-19 09:00:00,26.8,0.0,77.8,64.0,4.2
2025-03-19 10:00:00,25.9,0.2,85.3,65.0,4.5
2025-03-19 11:00:00,25.7,0.4,87.4,83.0,4.7
2025-03-19 12:00:00,24.5,0.4,92.3,85.0,4.4
2025-03-19 13:00:00,24.9,0.0,90.4,50.0,4.6
2025-03-19 14:00:00,24.6,0.8,90.2,80.0,4.7
2025-03-19 15:00:00,24.3,0.8,92.2,355.0,5.0
2025-03-19 16:00:00,24.7,0.0,91.7,15.0,6.2
2025-03-19 17:00:00,24.6,0.6,91.2,28.0,5.5
2025-03-19 18:00:00,24.4,0.0,89.0,72.0,5.5
2025-03-19 19:00:00,24.6,0.0,89.8,74.0,6.0
2025-03-19 20:00:00,24.3,0.2,91.9,3.0,5.3
2025-03-19 21:00:00,23.9,0.2,91.5,337.0,4.7
2025-03-19 22:00:00,23.9,0.0,91.6,33.0,4.2
2025-03-19 23:00:00,24.0,0.2,91.0,357.0,5.7
2025-03-20 00:00:00,24.0,0.2,91.3,343.0,6.1
2025-03-20 01:00:00,24.3,0.2,91.3,329.0,7.5
2025-03-20 02:00:00,24.3,0.6,92.5,12.0,8.10001
2025-03-20 03:00:00,24.2,1.8,92.6,38.0,7.1
2025-03-20 04:00:00,24.1,0.8,93.3,335.0,6.6
2025-03-20 05:00:00,24.0,0.4,93.4,25.0,8.5
2025-03-20 06:00:00,23.9,0.4,93.3,334.0,7.4
2025-03-20 07:00:00,23.5,1.4,92.0,353.0,7.1
2025-03-20 08:00:00,23.1,0.4,93.7,19.0,5.2
2025-03-20 09:00:00,23.4,1.4,93.5,328.0,6.2
2025-03-20 10:00:00,23.1,1.8,94.1,60.0,4.7
2025-03-20 11:00:00,22.9,1.8,94.7,64.0,4.8
2025-03-20 12:00:00,23.1,0.2,94.8,350.0,5.3
2025-03-20 13:00:00,23.4,0.2,94.1,51.0,6.9
2025-03-20 14:00:00,23.3,0.2,93.8,306.0,5.4
2025-03-20 15:00:00,23.3,1.2,94.0,83.0,5.7
2025-03-20 16:00:00,23.9,0.0,90.0,95.0,6.3
2025-03-20 17:00:00,24.2,0.0,89.2,70.0,7.4
2025-03-20 18:00:00,24.0,0.0,90.1,71.0,7.4
2025-03-20 19:00:00,24.3,0.2,87.6,85.0,4.6
2025-03-20 20:00:00,24.5,0.2,87.4,106.0,3.8
2025-03-20 21:00:00,24.6,0.0,87.0,84.0,4.3
2025-03-20 22:00:00,24.6,0.0,83.3,89.0,3.4
2025-03-20 23:00:00,25.0,0.0,79.6,104.0,5.2
2025-03-21 00:00:00,25.1,0.0,80.0,100.0,5.7
2025-03-21 01:00:00,25.3,0.0,80.3,97.0,3.7
2025-03-21 02:00:00,25.1,0.0,82.5,70.0,3.4
2025-03-21 03:00:00,25.0,0.0,82.5,134.0,4.8
2025-03-21 04:00:00,24.7,0.0,84.3,77.0,3.2
2025-03-21 05:00:00,24.8,0.0,84.8,52.0,3.6
2025-03-21 06:00:00,24.3,0.0,88.7,110.0,5.8
2025-03-21 07:00:00,24.4,0.0,87.5,76.0,3.4
2025-03-21 08:00:00,24.7,0.0,86.6,46.0,4.0
2025-03-21 09:00:00,25.4,0.0,84.3,68.0,4.1
2025-03-21 10:00:00,26.8,0.0,78.3,90.0,5.4
2025-03-21 11:00:00,28.2,0.0,74.0,146.0,6.6
2025-03-21 12:00:00,27.7,0.0,77.3,130.0,8.10001
2025-03-21 13:00:00,29.1,0.0,70.2,137.0,7.7
2025-03-21 14:00:00,28.0,0.0,74.8,146.0,8.10001
2025-03-21 15:00:00,29.3,0.0,72.6,151.0,7.5
2025-03-21 16:00:00,27.4,0.0,78.9,143.0,8.60001
2025-03-21 17:00:00,28.1,0.0,77.9,139.0,5.2
2025-03-21 18:00:00,28.0,0.0,73.7,148.0,6.3
2025-03-21 19:00:00,27.7,0.0,74.8,123.0,6.2
2025-03-21 20:00:00,27.3,0.0,77.3,101.0,5.5
2025-03-21 21:00:00,27.4,0.0,77.1,97.0,3.6
2025-03-21 22:00:00,26.7,0.4,82.9,83.0,3.4
2025-03-21 23:00:00,26.3,0.2,85.8,113.0,3.8
2025-03-22 00:00:00,26.5,0.0,83.5,131.0,4.9
2025-03-22 01:00:00,26.5,0.0,84.3,147.0,4.2
2025-03-22 02:00:00,26.3,0.0,83.3,116.0,5.1
2025-03-22 03:00:00,26.4,0.0,84.0,78.0,4.2
2025-03-22 04:00:00,26.2,0.0,85.3,116.0,4.2
2025-03-22 05:00:00,25.8,0.2,86.6,73.0,4.6
2025-03-22 06:00:00,25.7,0.0,87.0,52.0,4.2
2025-03-22 07:00:00,25.9,0.0,87.7,60.0,4.0
2025-03-22 08:00:00,26.1,0.0,86.8,55.0,4.2
2025-03-22 09:00:00,26.9,0.0,83.1,124.0,5.0
2025-03-22 10:00:00,27.3,0.0,83.0,116.0,4.1
2025-03-22 11:00:00,29.0,0.0,71.2,129.0,6.7
2025-03-22 12:00:00,29.6,0.0,67.7,150.0,7.3
2025-03-22 13:00:00,29.8,0.0,65.6,148.0,6.4
2025-03-22 14:00:00,30.2,0.0,64.7,136.0,7.1
2025-03-22 15:00:00,29.9,0.0,66.5,140.0,10.4
2025-03-22 16:00:00,30.4,0.0,64.2,142.0,5.2
2025-03-22 17:00:00,29.6,0.0,66.2,149.0,8.0
2025-03-22 18:00:00,29.4,0.0,68.7,144.0,6.1
2025-03-22 19:00:00,28.6,0.0,72.4,139.0,7.1
2025-03-22 20:00:00,27.8,0.0,77.9,131.0,5.7
2025-03-22 21:00:00,27.2,0.0,81.8,141.0,5.5
2025-03-22 22:00:00,27.3,0.0,82.3,147.0,4.8
2025-03-22 23:00:00,25.9,0.0,88.3,72.0,4.5
2025-03-23 00:00:00,25.2,2.4,91.8,67.0,4.4
2025-03-23 01:00:00,24.6,0.2,93.6,142.0,7.1
2025-03-23 02:00:00,24.1,0.2,90.9,104.0,3.9
2025-03-23 03:00:00,23.9,0.4,90.1,139.0,6.0
2025-03-23 04:00:00,23.4,0.2,91.3,151.0,8.39999
2025-03-23 05:00:00,23.7,0.0,89.9,142.0,6.0
2025-03-23 06:00:00,23.3,0.2,88.8,225.0,2.5
2025-03-23 07:00:00,23.4,0.0,89.4,137.0,4.5
2025-03-23 08:00:00,23.7,0.0,88.5,149.0,5.2
2025-03-23 09:00:00,24.2,0.0,87.9,2.0,4.0
2025-03-23 10:00:00,25.2,0.0,83.9,1.0,4.0
2025-03-23 11:00:00,28.7,0.0,74.1,359.0,3.8
2025-03-23 12:00:00,28.3,0.0,73.2,146.0,6.8
2025-03-23 13:00:00,29.1,0.0,70.0,152.0,6.2
2025-03-23 14:00:00,29.7,0.0,67.1,153.0,5.6
2025-03-23 15:00:00,30.5,0.0,63.4,135.0,5.5
2025-03-23 16:00:00,30.2,0.0,66.0,151.0,5.3
2025-03-23 17:00:00,29.7,0.0,68.2,177.0,4.6
2025-03-23 18:00:00,29.0,0.0,72.0,150.0,6.7
2025-03-23 19:00:00,28.2,0.0,76.8,122.0,4.9
2025-03-23 20:00:00,28.0,0.0,78.9,152.0,5.3
2025-03-23 21:00:00,27.7,0.0,80.4,123.0,4.1
2025-03-23 22:00:00,27.6,0.0,81.0,147.0,4.2
2025-03-23 23:00:00,27.7,0.0,80.4,72.0,4.2
2025-03-24 00:00:00,25.4,5.4,90.7,322.0,6.5
2025-03-24 01:00:00,23.9,0.4,94.1,95.0,4.3
2025-03-24 02:00:00,24.6,0.0,93.3,109.0,4.3
2025-03-24 03:00:00,24.9,0.0,90.9,154.0,7.4
2025-03-24 04:00:00,24.3,0.0,85.8,146.0,5.7
2025-03-24 05:00:00,24.5,0.0,87.3,68.0,3.8
2025-03-24 06:00:00,24.6,0.2,89.6,59.0,4.1
2025-03-24 07:00:00,25.6,0.0,89.8,123.0,5.2
2025-03-24 08:00:00,25.9,0.0,89.5,75.0,3.6
2025-03-24 09:00:00,26.9,0.0,85.3,63.0,4.4
2025-03-24 10:00:00,27.9,0.0,80.5,135.0,6.0
2025-03-24 11:00:00,28.4,0.0,75.5,138.0,6.6
2025-03-24 12:00:00,30.2,0.0,67.0,130.0,5.5
2025-03-24 13:00:00,30.2,0.0,68.0,104.0,5.0
2025-03-24 14:00:00,30.3,0.0,63.8,122.0,5.1
2025-03-24 15:00:00,27.0,0.0,80.5,225.0,2.9
2025-03-24 16:00:00,28.3,0.0,77.3,39.0,2.8
2025-03-24 17:00:00,29.0,0.0,74.9,82.0,3.4
2025-03-24 18:00:00,29.6,0.0,69.7,130.0,4.8
2025-03-24 19:00:00,28.8,0.0,71.9,135.0,4.8
2025-03-24 20:00:00,28.1,0.0,77.6,127.0,3.8
2025-03-24 21:00:00,27.6,0.0,78.8,127.0,3.2
2025-03-24 22:00:00,27.2,0.0,81.5,140.0,4.0
2025-03-24 23:00:00,26.9,0.0,83.1,115.0,3.7
2025-03-25 00:00:00,26.8,0.0,84.3,131.0,3.3
2025-03-25 01:00:00,26.6,0.0,85.0,145.0,4.3
2025-03-25 02:00:00,26.6,0.0,83.8,141.0,4.0
2025-03-25 03:00:00,26.4,0.0,84.1,141.0,4.2
2025-03-25 04:00:00,26.1,0.0,85.8,111.0,3.7
2025-03-25 05:00:00,26.1,0.0,84.8,153.0,3.5
2025-03-25 06:00:00,25.9,0.0,86.0,113.0,3.7
2025-03-25 07:00:00,25.9,0.0,85.8,136.0,4.1
2025-03-25 08:00:00,26.2,0.0,83.6,111.0,4.1
2025-03-25 09:00:00,27.2,0.0,79.5,119.0,3.8
2025-03-25 10:00:00,27.8,0.0,76.0,136.0,5.2
2025-03-25 11:00:00,28.7,0.0,69.2,105.0,5.7
2025-03-25 12:00:00,29.8,0.0,63.5,107.0,5.3
2025-03-25 13:00:00,31.3,0.0,58.2,98.0,4.7
2025-03-25 14:00:00,31.9,0.0,56.1,42.0,3.6
2025-03-25 15:00:00,30.2,0.0,64.8,330.0,5.3
2025-03-25 16:00:00,29.8,0.0,70.8,315.0,6.1
2025-03-25 17:00:00,30.2,0.0,67.0,67.0,3.4
2025-03-25 18:00:00,27.0,0.0,84.1,154.0,7.7
2025-03-25 19:00:00,26.6,0.0,88.0,159.0,6.1
2025-03-25 20:00:00,26.6,0.0,86.9,93.0,3.2
2025-03-25 21:00:00,26.8,0.0,85.7,123.0,3.8
2025-03-25 22:00:00,26.7,0.0,86.2,94.0,3.5
2025-03-25 23:00:00,26.7,0.0,84.7,129.0,3.9
2025-03-26 00:00:00,26.5,0.0,84.2,134.0,3.9
2025-03-26 01:00:00,26.4,0.0,84.2,137.0,4.2
2025-03-26 02:00:00,26.3,0.0,84.8,144.0,3.8
2025-03-26 03:00:00,26.1,0.0,86.0,129.0,3.6
2025-03-26 04:00:00,26.2,0.0,85.2,119.0,3.4
2025-03-26 05:00:00,26.0,0.0,85.6,107.0,3.2
2025-03-26 06:00:00,25.9,0.0,86.3,35.0,3.3
2025-03-26 07:00:00,25.9,0.0,86.1,114.0,3.5
2025-03-26 08:00:00,26.2,0.0,84.8,108.0,3.4
2025-03-26 09:00:00,27.4,0.0,78.3,157.0,5.6
2025-03-26 10:00:00,28.5,0.0,75.8,128.0,6.6
2025-03-26 11:00:00,29.7,0.0,69.7,113.0,5.0
2025-03-26 12:00:00,30.1,0.0,66.0,123.0,4.9
2025-03-26 13:00:00,30.8,0.0,62.4,119.0,4.7
2025-03-26 14:00:00,30.8,0.0,62.4,94.0,4.7
2025-03-26 15:00:00,32.5,0.0,56.1,10.0,5.1
2025-03-26 16:00:00,31.3,0.0,63.9,332.0,6.3
2025-03-26 17:00:00,30.3,0.0,68.9,324.0,7.0
2025-03-26 18:00:00,30.2,0.0,66.9,349.0,5.2
2025-03-26 19:00:00,27.9,0.0,79.1,180.0,4.2
2025-03-26 20:00:00,27.3,0.0,82.9,100.0,3.8
2025-03-26 21:00:00,27.4,0.0,80.9,124.0,3.9
2025-03-26 22:00:00,27.3,0.0,80.0,78.0,3.6
2025-03-26 23:00:00,27.3,0.0,80.3,136.0,4.1
2025-03-27 00:00:00,27.2,0.0,80.8,124.0,3.8
2025-03-27 01:00:00,26.9,0.0,82.8,126.0,3.6
2025-03-27 02:00:00,26.6,0.0,85.1,116.0,3.8
2025-03-27 03:00:00,26.5,0.0,84.8,120.0,3.6
2025-03-27 04:00:00,26.3,0.0,85.8,99.0,3.6
2025-03-27 05:00:00,26.4,0.0,84.8,85.0,3.3
2025-03-27 06:00:00,26.5,0.0,83.9,108.0,3.4
2025-03-27 07:00:00,26.9,0.0,81.1,99.0,3.4
2025-03-27 08:00:00,26.9,0.0,81.1,132.0,4.1
2025-03-27 09:00:00,27.9,0.0,76.8,106.0,4.4
2025-03-27 10:00:00,29.0,0.0,71.7,133.0,4.4
2025-03-27 11:00:00,30.3,0.0,68.0,70.0,4.1
2025-03-27 12:00:00,31.1,0.0,63.6,87.0,4.5
2025-03-27 13:00:00,29.7,0.0,70.7,318.0,6.5
2025-03-27 14:00:00,27.3,3.2,84.4,318.0,7.0
2025-03-27 15:00:00,28.7,0.0,81.4,29.0,3.2
2025-03-27 16:00:00,30.3,0.0,69.7,82.0,3.5
2025-03-27 17:00:00,29.4,0.0,74.7,81.0,3.7
2025-03-27 18:00:00,29.9,0.0,73.1,121.0,3.5
2025-03-27 19:00:00,29.3,0.0,75.2,118.0,3.5
2025-03-27 20:00:00,28.8,0.0,74.3,66.0,4.8
2025-03-27 21:00:00,28.4,0.0,76.5,43.0,4.2
2025-03-27 22:00:00,28.3,0.0,77.3,48.0,3.6
2025-03-27 23:00:00,28.0,0.0,79.5,28.0,3.8
2025-03-28 00:00:00,28.0,0.0,80.2,34.0,3.8
2025-03-28 01:00:00,28.1,0.0,78.9,45.0,3.3
2025-03-28 02:00:00,27.7,0.0,81.3,15.0,3.3
2025-03-28 03:00:00,27.7,0.0,81.6,30.0,3.3
2025-03-28 04:00:00,27.5,0.0,79.8,346.0,3.8
2025-03-28 05:00:00,27.5,0.0,79.0,86.0,4.2
2025-03-28 06:00:00,27.2,0.0,83.0,26.0,3.7
2025-03-28 07:00:00,25.6,0.0,82.3,15.0,4.5
2025-03-28 08:00:00,26.6,0.0,80.5,13.0,3.5
2025-03-28 09:00:00,28.1,0.0,72.4,11.0,4.9
2025-03-28 10:00:00,29.4,0.0,70.3,359.0,5.1
2025-03-28 11:00:00,30.3,0.0,67.1,4.0,6.1
2025-03-28 12:00:00,31.8,0.0,63.5,2.0,5.6
2025-03-28 13:00:00,31.4,0.0,60.5,2.0,7.0
2025-03-28 14:00:00,32.3,0.0,59.1,15.0,6.3
2025-03-28 15:00:00,26.2,0.6,81.1,62.0,7.8
2025-03-28 16:00:00,29.0,0.0,72.3,7.0,4.9
2025-03-28 17:00:00,30.6,0.0,68.2,33.0,6.1
2025-03-28 18:00:00,30.3,0.0,64.2,47.0,4.8
2025-03-28 19:00:00,29.9,0.0,66.8,42.0,5.0
2025-03-28 20:00:00,28.6,0.0,76.9,88.0,3.8
2025-03-28 21:00:00,27.8,0.0,80.6,317.0,3.2
2025-03-28 22:00:00,28.1,0.0,80.0,184.0,2.8
2025-03-28 23:00:00,28.2,0.0,77.8,7.0,3.2
2025-03-29 00:00:00,27.3,0.0,84.6,145.0,4.7
2025-03-29 01:00:00,26.8,0.0,86.1,263.0,3.2
2025-03-29 02:00:00,26.9,0.0,83.2,100.0,2.7
2025-03-29 03:00:00,27.3,0.0,81.2,59.0,3.0
2025-03-29 04:00:00,27.3,0.0,82.1,64.0,3.6
2025-03-29 05:00:00,27.2,0.0,82.1,1.0,3.3
2025-03-29 06:00:00,27.4,0.0,81.4,3.0,3.1
2025-03-29 07:00:00,27.1,0.0,82.1,112.0,3.0
2025-03-29 08:00:00,27.1,0.0,82.2,129.0,3.2
2025-03-29 09:00:00,28.8,0.0,74.9,184.0,3.2
2025-03-29 10:00:00,29.6,0.0,70.1,44.0,3.3
2025-03-29 11:00:00,31.3,0.0,62.9,8.0,3.3
2025-03-29 12:00:00,31.0,0.0,66.8,1.0,4.1
2025-03-29 13:00:00,31.5,0.0,65.7,317.0,7.4
2025-03-29 14:00:00,30.4,0.0,68.2,40.0,3.8
2025-03-29 15:00:00,29.4,0.0,73.8,336.0,4.5
2025-03-29 16:00:00,31.5,0.0,64.6,333.0,6.0
2025-03-29 17:00:00,31.2,0.0,65.6,11.0,3.9
2025-03-29 18:00:00,25.0,0.2,76.9,16.0,4.0
2025-03-29 19:00:00,25.4,0.0,82.5,54.0,3.7
2025-03-29 20:00:00,26.5,0.0,83.3,66.0,4.2
2025-03-29 21:00:00,27.0,0.0,83.4,334.0,3.7
2025-03-29 22:00:00,26.7,0.0,85.3,95.0,3.5
2025-03-29 23:00:00,26.8,0.0,78.5,110.0,3.0
2025-03-30 00:00:00,26.7,0.0,79.8,101.0,3.1
2025-03-30 01:00:00,26.7,0.0,83.0,107.0,2.8
2025-03-30 02:00:00,26.6,0.0,85.9,129.0,3.6
2025-03-30 03:00:00,26.6,0.0,86.9,116.0,3.3
2025-03-30 04:00:00,26.5,0.0,87.2,136.0,3.6
2025-03-30 05:00:00,26.5,0.0,87.2,90.0,3.5
2025-03-30 06:00:00,26.4,0.0,87.5,125.0,3.6
2025-03-30 07:00:00,26.4,0.0,86.7,111.0,3.6
2025-03-30 08:00:00,27.1,0.0,84.3,21.0,3.0
2025-03-30 09:00:00,28.2,0.0,79.9,132.0,3.8
2025-03-30 10:00:00,29.2,0.0,74.3,156.0,4.8
2025-03-30 11:00:00,30.1,0.0,71.0,146.0,5.5
2025-03-30 12:00:00,31.1,0.0,62.5,91.0,4.4
2025-03-30 13:00:00,32.3,0.0,58.7,44.0,3.7
2025-03-30 14:00:00,30.9,0.0,68.3,314.0,7.6
2025-03-30 15:00:00,28.3,0.0,80.5,103.0,4.0
2025-03-30 16:00:00,28.2,0.0,78.1,85.0,5.0
2025-03-30 17:00:00,27.5,0.2,83.1,92.0,2.9
2025-03-30 18:00:00,27.3,0.0,78.9,123.0,3.8
2025-03-30 19:00:00,26.3,0.0,77.3,139.0,3.3
2025-03-30 20:00:00,26.0,0.0,81.0,149.0,2.9
2025-03-30 21:00:00,26.5,0.0,77.4,62.0,3.3
2025-03-30 22:00:00,26.4,0.0,72.7,63.0,4.5
2025-03-30 23:00:00,26.6,0.0,74.9,66.0,3.6
2025-03-31 00:00:00,26.7,0.0,75.9,60.0,4.2
2025-03-31 01:00:00,26.7,0.0,78.5,63.0,3.6
2025-03-31 02:00:00,26.8,0.0,80.8,64.0,3.4
2025-03-31 03:00:00,27.0,0.0,82.8,74.0,3.6
2025-03-31 04:00:00,26.7,0.0,82.9,79.0,3.8
2025-03-31 05:00:00,26.7,0.0,82.7,72.0,4.4
2025-03-31 06:00:00,26.6,0.0,83.0,67.0,4.0
2025-03-31 07:00:00,26.8,0.0,82.2,47.0,3.9
2025-03-31 08:00:00,26.2,0.0,79.7,333.0,6.7
2025-03-31 09:00:00,26.5,0.0,79.5,346.0,4.6
2025-03-31 10:00:00,28.2,0.0,74.0,354.0,2.9
2025-03-31 11:00:00,30.0,0.0,68.3,104.0,4.6
2025-03-31 12:00:00,31.6,0.0,62.6,359.0,3.6
2025-03-31 13:00:00,30.1,0.0,69.3,329.0,5.9
2025-03-31 14:00:00,29.3,0.0,71.7,320.0,7.3
2025-03-31 15:00:00,28.1,0.0,75.2,118.0,3.2
2025-03-31 16:00:00,28.0,0.0,77.3,132.0,4.8
2025-03-31 17:00:00,27.5,0.0,79.5,129.0,3.6
2025-03-31 18:00:00,28.4,0.0,74.5,73.0,4.4
2025-03-31 19:00:00,27.5,0.0,77.5,105.0,3.4
2025-03-31 20:00:00,27.0,0.0,77.3,97.0,2.9
2025-03-31 21:00:00,26.3,0.0,81.9,133.0,3.9
2025-03-31 22:00:00,26.2,0.0,81.4,141.0,3.4
2025-03-31 23:00:00,26.9,0.0,76.3,84.0,5.2
2025-04-01 00:00:00,26.9,0.0,77.5,112.0,4.7
2025-04-01 01:00:00,27.0,0.0,78.1,110.0,3.9
2025-04-01 02:00:00,26.9,0.0,79.1,149.0,3.8
2025-04-01 03:00:00,26.7,0.0,80.6,90.0,3.6
2025-04-01 04:00:00,26.6,0.0,81.0,64.0,4.1
2025-04-01 05:00:00,26.6,0.0,80.8,77.0,3.8
2025-04-01 06:00:00,26.4,0.0,82.0,65.0,3.7
2025-04-01 07:00:00,26.4,0.0,81.6,56.0,3.8
2025-04-01 08:00:00,26.9,0.0,78.6,76.0,3.9
2025-04-01 09:00:00,27.7,0.0,74.8,21.0,4.8
2025-04-01 10:00:00,29.0,0.0,68.8,51.0,4.5
2025-04-01 11:00:00,30.2,0.0,63.2,92.0,4.9
2025-04-01 12:00:00,31.6,0.0,56.6,81.0,4.9
2025-04-01 13:00:00,32.5,0.0,55.9,25.0,4.2
2025-04-01 14:00:00,31.2,0.0,62.8,322.0,7.1
2025-04-01 15:00:00,30.4,0.0,66.5,311.0,7.8
2025-04-01 16:00:00,30.8,0.0,61.3,308.0,8.60001
2025-04-01 17:00:00,30.7,0.0,62.2,321.0,6.0
2025-04-01 18:00:00,30.4,0.0,63.0,313.0,6.5
2025-04-01 19:00:00,30.2,0.0,61.0,318.0,5.3
2025-04-01 20:00:00,29.3,0.0,72.0,80.0,2.9
2025-04-01 21:00:00,28.8,0.0,72.8,128.0,3.7
2025-04-01 22:00:00,28.5,0.0,78.4,125.0,3.9
2025-04-01 23:00:00,28.4,0.0,78.5,136.0,3.9
2025-04-02 00:00:00,28.4,0.0,78.3,140.0,4.0
2025-04-02 01:00:00,28.0,0.0,80.2,148.0,4.5
2025-04-02 02:00:00,28.0,0.0,80.1,141.0,4.0
2025-04-02 03:00:00,27.6,0.0,81.8,142.0,4.4
2025-04-02 04:00:00,27.3,0.0,83.1,134.0,4.0
2025-04-02 05:00:00,27.1,0.0,84.3,126.0,3.6
2025-04-02 06:00:00,27.3,0.0,81.2,77.0,3.9
2025-04-02 07:00:00,27.4,0.0,81.1,49.0,4.0
2025-04-02 08:00:00,24.1,0.0,84.8,37.0,5.8
2025-04-02 09:00:00,25.2,0.0,80.7,31.0,5.4
2025-04-02 10:00:00,26.5,0.0,74.1,33.0,5.1
2025-04-02 11:00:00,28.3,0.0,70.0,348.0,4.4
2025-04-02 12:00:00,29.9,0.0,60.2,17.0,4.4
2025-04-02 13:00:00,32.7,0.0,51.8,2.0,4.1
2025-04-02 14:00:00,32.6,0.0,52.8,27.0,5.4
2025-04-02 15:00:00,32.4,0.0,54.9,87.0,3.9
2025-04-02 16:00:00,30.9,0.0,62.9,324.0,5.7
2025-04-02 17:00:00,30.1,0.0,65.6,307.0,7.9
2025-04-02 18:00:00,29.2,0.0,71.0,51.0,3.7
2025-04-02 19:00:00,27.2,0.0,86.9,118.0,4.0
2025-04-02 20:00:00,27.2,0.0,83.5,13.0,3.2
2025-04-02 21:00:00,27.6,0.0,82.6,99.0,3.1
2025-04-02 22:00:00,27.7,0.0,80.8,129.0,3.5
2025-04-02 23:00:00,27.1,0.0,83.3,135.0,3.7
2025-04-03 00:00:00,26.9,0.0,81.9,64.0,3.2
2025-04-03 01:00:00,27.4,0.0,81.0,55.0,3.6
2025-04-03 02:00:00,27.4,0.0,82.5,66.0,4.5
2025-04-03 03:00:00,26.0,0.0,79.9,143.0,5.9
2025-04-03 04:00:00,26.0,0.0,73.5,95.0,4.2
2025-04-03 05:00:00,25.3,0.0,79.5,148.0,3.7
2025-04-03 06:00:00,25.3,0.0,83.1,110.0,3.7
2025-04-03 07:00:00,25.1,0.0,84.8,150.0,4.3
2025-04-03 08:00:00,25.8,0.0,83.0,77.0,3.3
2025-04-03 09:00:00,27.4,0.0,72.3,120.0,3.8
2025-04-03 10:00:00,28.8,0.0,64.8,121.0,4.1
2025-04-03 11:00:00,30.3,0.0,58.3,163.0,4.3
2025-04-03 12:00:00,31.0,0.0,54.0,153.0,4.9
2025-04-03 13:00:00,31.4,0.0,54.5,137.0,4.8
2025-04-03 14:00:00,31.6,0.0,54.5,163.0,4.7
2025-04-03 15:00:00,31.6,0.0,55.3,145.0,4.4
2025-04-03 16:00:00,31.8,0.0,54.4,147.0,6.2
2025-04-03 17:00:00,30.9,0.0,58.2,157.0,5.4
2025-04-03 18:00:00,30.3,0.0,56.9,32.0,4.0
2025-04-03 19:00:00,29.2,0.0,67.2,148.0,4.8
2025-04-03 20:00:00,26.8,0.6,83.8,53.0,4.4
2025-04-03 21:00:00,27.6,0.0,80.5,122.0,4.0
2025-04-03 22:00:00,27.8,0.0,78.5,138.0,4.0
2025-04-03 23:00:00,27.8,0.0,77.6,135.0,3.8
2025-04-04 00:00:00,27.9,0.0,77.6,134.0,3.1
2025-04-04 01:00:00,27.7,0.0,79.2,145.0,3.4
2025-04-04 02:00:00,27.4,0.0,80.2,127.0,3.0
2025-04-04 03:00:00,27.4,0.0,80.5,97.0,3.2
2025-04-04 04:00:00,27.3,0.0,81.5,50.0,4.2
2025-04-04 05:00:00,27.2,0.0,79.8,51.0,4.0
2025-04-04 06:00:00,27.0,0.0,81.4,22.0,3.1
2025-04-04 07:00:00,27.1,0.0,80.7,143.0,2.8
2025-04-04 08:00:00,27.6,0.0,78.9,146.0,3.1
2025-04-04 09:00:00,28.7,0.0,73.8,132.0,4.4
2025-04-04 10:00:00,29.6,0.0,70.3,122.0,3.6
2025-04-04 11:00:00,30.0,0.0,69.0,48.0,3.1
2025-04-04 12:00:00,28.2,0.0,79.2,325.0,4.3
2025-04-04 13:00:00,26.8,0.0,81.2,95.0,4.1
2025-04-04 14:00:00,28.4,0.0,75.0,78.0,5.4
2025-04-04 15:00:00,26.5,0.0,81.7,109.0,7.7
2025-04-04 16:00:00,25.9,0.0,82.4,202.0,2.9
2025-04-04 17:00:00,26.2,0.2,85.7,122.0,4.8
2025-04-04 18:00:00,26.4,0.0,86.7,125.0,5.0
2025-04-04 19:00:00,26.7,0.0,85.1,102.0,3.5
2025-04-04 20:00:00,26.9,0.0,84.8,67.0,3.2
2025-04-04 21:00:00,27.0,0.0,82.4,141.0,3.8
2025-04-04 22:00:00,27.1,0.0,81.3,121.0,3.0
2025-04-04 23:00:00,27.1,0.0,81.9,128.0,3.0
2025-04-05 00:00:00,27.5,0.0,79.3,71.0,3.6
2025-04-05 01:00:00,27.2,0.0,80.8,61.0,3.8
2025-04-05 02:00:00,26.7,0.0,83.2,37.0,2.8
2025-04-05 03:00:00,26.8,0.0,81.9,46.0,3.7
2025-04-05 04:00:00,26.8,0.0,82.4,30.0,4.3
2025-04-05 05:00:00,26.6,0.0,83.1,11.0,3.6
2025-04-05 06:00:00,26.4,0.0,82.4,84.0,4.5
2025-04-05 07:00:00,26.2,0.0,81.9,78.0,4.0
2025-04-05 08:00:00,25.8,0.0,82.7,26.0,4.1
2025-04-05 09:00:00,26.1,0.0,77.7,336.0,5.7
2025-04-05 10:00:00,28.7,0.0,69.4,26.0,3.1
2025-04-05 11:00:00,30.1,0.0,63.1,138.0,5.3
2025-04-05 12:00:00,30.0,0.0,65.9,102.0,4.6
2025-04-05 13:00:00,31.0,0.0,56.5,117.0,5.2
2025-04-05 14:00:00,31.5,0.0,56.7,144.0,5.5
2025-04-05 15:00:00,31.7,0.0,59.0,117.0,5.1
2025-04-05 16:00:00,31.6,0.0,56.9,76.0,5.2
2025-04-05 17:00:00,30.2,0.0,69.7,310.0,7.6
2025-04-05 18:00:00,30.5,0.0,68.7,312.0,7.5
2025-04-05 19:00:00,24.5,0.0,93.6,34.0,4.8
2025-04-05 20:00:00,25.6,0.4,91.1,33.0,4.1
2025-04-05 21:00:00,25.7,0.0,91.0,17.0,3.3
2025-04-05 22:00:00,26.1,0.0,88.3,137.0,2.8
2025-04-05 23:00:00,26.4,0.0,87.4,2.0,3.6
2025-04-06 00:00:00,27.0,0.0,84.7,25.0,3.4
2025-04-06 01:00:00,27.2,0.0,84.5,68.0,3.4
2025-04-06 02:00:00,27.2,0.0,83.9,27.0,3.2
2025-04-06 03:00:00,27.0,0.0,85.3,85.0,3.0
2025-04-06 04:00:00,27.1,0.0,83.9,10.0,3.0
2025-04-06 05:00:00,26.9,0.0,84.7,68.0,3.2
2025-04-06 06:00:00,26.8,0.0,84.3,55.0,3.1
2025-04-06 07:00:00,26.8,0.0,84.7,46.0,2.8
2025-04-06 08:00:00,27.2,0.0,82.9,43.0,3.5
2025-04-06 09:00:00,28.3,0.0,75.4,68.0,4.7
2025-04-06 10:00:00,29.5,0.0,68.4,90.0,4.8
2025-04-06 11:00:00,30.6,0.0,64.4,116.0,5.1
2025-04-06 12:00:00,28.5,0.0,80.3,65.0,6.4
2025-04-06 13:00:00,30.7,0.0,65.4,167.0,5.5
2025-04-06 14:00:00,31.7,0.0,59.6,128.0,5.5
2025-04-06 15:00:00,32.0,0.0,59.2,150.0,7.1
2025-04-06 16:00:00,32.1,0.0,59.6,137.0,7.4
2025-04-06 17:00:00,31.5,0.0,59.3,134.0,5.7
2025-04-06 18:00:00,30.9,0.0,60.8,142.0,5.1
2025-04-06 19:00:00,29.8,0.0,66.0,124.0,4.0
2025-04-06 20:00:00,28.9,0.0,71.1,131.0,4.7
2025-04-06 21:00:00,28.6,0.0,74.8,138.0,4.5
2025-04-06 22:00:00,28.3,0.0,75.8,142.0,4.7
2025-04-06 23:00:00,27.4,0.0,80.9,141.0,3.6
2025-04-07 00:00:00,27.4,0.0,76.3,129.0,3.4
2025-04-07 01:00:00,26.7,0.0,80.4,149.0,5.8
2025-04-07 02:00:00,26.1,0.0,83.6,63.0,3.7
2025-04-07 03:00:00,26.4,0.0,82.3,102.0,3.5
2025-04-07 04:00:00,26.6,0.0,80.4,32.0,3.4
2025-04-07 05:00:00,26.8,0.0,79.4,40.0,3.5
2025-04-07 06:00:00,26.7,0.0,81.1,49.0,3.6
2025-04-07 07:00:00,26.8,0.0,81.4,70.0,3.8
2025-04-07 08:00:00,26.8,0.0,80.8,88.0,4.0
2025-04-07 09:00:00,26.9,0.0,80.9,49.0,4.0
2025-04-07 10:00:00,27.2,0.0,80.1,62.0,3.8
2025-04-07 11:00:00,27.6,0.0,77.6,66.0,3.4
2025-04-07 12:00:00,24.0,1.2,91.8,124.0,4.3
2025-04-07 13:00:00,25.0,0.0,90.6,117.0,4.1
2025-04-07 14:00:00,25.9,0.0,85.2,157.0,3.3
2025-04-07 15:00:00,27.4,0.0,77.9,76.0,4.8
2025-04-07 16:00:00,28.5,0.0,70.9,147.0,5.1
2025-04-07 17:00:00,29.6,0.0,67.6,129.0,4.2
2025-04-07 18:00:00,28.8,0.0,70.2,154.0,5.7
2025-04-07 19:00:00,28.5,0.0,72.3,120.0,3.8
2025-04-07 20:00:00,28.0,0.0,74.7,142.0,3.9
2025-04-07 21:00:00,27.6,0.0,77.1,115.0,3.3
2025-04-07 22:00:00,27.4,0.0,78.7,130.0,3.7
2025-04-07 23:00:00,27.3,0.0,80.0,100.0,3.4
2025-04-08 00:00:00,27.2,0.0,80.3,153.0,4.1
2025-04-08 01:00:00,27.1,0.0,81.4,139.0,3.5
2025-04-08 02:00:00,26.9,0.0,82.2,44.0,4.3
2025-04-08 03:00:00,26.6,0.0,84.3,117.0,3.1
2025-04-08 04:00:00,26.6,0.0,84.2,47.0,3.2
2025-04-08 05:00:00,26.5,0.0,84.4,16.0,3.9
2025-04-08 06:00:00,26.6,0.0,84.0,23.0,4.0
2025-04-08 07:00:00,26.6,0.0,83.6,38.0,3.3
2025-04-08 08:00:00,27.0,0.0,81.7,25.0,2.9
2025-04-08 09:00:00,26.8,0.0,85.0,100.0,3.7
2025-04-08 10:00:00,27.0,0.0,86.0,120.0,3.4
2025-04-08 11:00:00,27.6,0.0,81.6,141.0,3.4
2025-04-08 12:00:00,28.5,0.0,79.4,91.0,3.5
2025-04-08 13:00:00,28.4,0.0,77.4,135.0,5.2
2025-04-08 14:00:00,28.7,0.0,72.7,138.0,5.1
2025-04-08 15:00:00,29.1,0.0,72.2,96.0,4.3
2025-04-08 16:00:00,29.0,0.0,69.4,125.0,4.9
2025-04-08 17:00:00,28.9,0.0,73.3,129.0,3.9
2025-04-08 18:00:00,28.7,0.0,73.0,129.0,4.3
2025-04-08 19:00:00,28.2,0.0,76.1,120.0,4.1
2025-04-08 20:00:00,27.9,0.0,78.7,107.0,3.4
2025-04-08 21:00:00,27.4,0.0,77.9,121.0,4.0
2025-04-08 22:00:00,27.3,0.0,77.6,81.0,3.5
2025-04-08 23:00:00,27.4,0.0,78.6,47.0,3.2
2025-04-09 00:00:00,27.5,0.0,79.1,99.0,2.8
2025-04-09 01:00:00,27.4,0.0,80.1,124.0,3.2
2025-04-09 02:00:00,27.2,0.0,81.7,120.0,3.0
2025-04-09 03:00:00,27.1,0.0,81.9,101.0,2.8
2025-04-09 04:00:00,26.7,0.0,83.6,132.0,3.0
2025-04-09 05:00:00,26.7,0.0,83.6,131.0,3.4
2025-04-09 06:00:00,26.5,0.0,85.4,136.0,3.4
2025-04-09 07:00:00,26.5,0.0,85.7,138.0,3.4
2025-04-09 08:00:00,27.1,0.0,83.4,131.0,3.2
2025-04-09 09:00:00,28.8,0.0,75.4,111.0,4.9
2025-04-09 10:00:00,29.4,0.0,71.3,104.0,5.5
2025-04-09 11:00:00,31.2,0.0,59.7,108.0,4.3
2025-04-09 12:00:00,31.9,0.0,60.4,92.0,3.7
2025-04-09 13:00:00,32.8,0.0,54.0,76.0,3.8
2025-04-09 14:00:00,25.2,6.8,92.2,63.0,6.3
2025-04-09 15:00:00,25.5,0.0,93.5,107.0,3.5
2025-04-09 16:00:00,28.5,0.0,77.6,137.0,4.7
2025-04-09 17:00:00,29.5,0.0,74.1,131.0,4.5
2025-04-09 18:00:00,29.3,0.0,71.6,35.0,3.1
2025-04-09 19:00:00,26.2,0.4,88.8,133.0,6.1
2025-04-09 20:00:00,26.0,0.0,85.8,120.0,4.3
2025-04-09 21:00:00,26.3,0.0,84.4,34.0,3.5
2025-04-09 22:00:00,26.3,0.0,86.1,41.0,3.9
2025-04-09 23:00:00,26.8,0.0,84.7,19.0,4.0
2025-04-10 00:00:00,26.9,0.0,85.5,15.0,4.0
2025-04-10 01:00:00,26.7,0.0,86.5,25.0,3.9
2025-04-10 02:00:00,26.7,0.0,85.3,350.0,3.7
2025-04-10 03:00:00,26.5,0.0,86.0,7.0,3.9
2025-04-10 04:00:00,26.5,0.0,86.1,16.0,3.6
2025-04-10 05:00:00,26.3,0.0,87.0,4.0,3.6
2025-04-10 06:00:00,26.2,0.0,87.8,9.0,4.0
2025-04-10 07:00:00,26.4,0.0,86.0,346.0,3.8
2025-04-10 08:00:00,27.2,0.0,83.6,349.0,4.0
2025-04-10 09:00:00,28.6,0.0,77.0,6.0,4.2
2025-04-10 10:00:00,29.5,0.0,71.1,351.0,4.5
2025-04-10 11:00:00,30.9,0.0,64.1,358.0,5.9
2025-04-10 12:00:00,30.7,0.0,62.7,340.0,5.8
2025-04-10 13:00:00,32.4,0.0,54.1,314.0,7.7
2025-04-10 14:00:00,32.5,0.0,52.8,344.0,6.9
2025-04-10 15:00:00,32.5,0.0,52.6,321.0,8.3
2025-04-10 16:00:00,33.3,0.0,53.3,321.0,7.8
2025-04-10 17:00:00,31.8,0.0,58.4,318.0,7.3
2025-04-10 18:00:00,30.4,0.0,69.0,322.0,6.3
2025-04-10 19:00:00,30.1,0.0,69.9,65.0,3.5
2025-04-10 20:00:00,27.2,0.0,81.1,150.0,4.8
2025-04-10 21:00:00,27.1,0.0,79.8,43.0,3.0
2025-04-10 22:00:00,27.6,0.0,76.3,43.0,2.8
2025-04-10 23:00:00,27.7,0.0,74.1,122.0,2.9
2025-04-11 00:00:00,27.4,0.0,76.7,266.0,3.1
2025-04-11 01:00:00,27.9,0.0,73.7,45.0,2.9
2025-04-11 02:00:00,27.8,0.0,76.1,52.0,3.1
2025-04-11 03:00:00,27.7,0.0,79.6,80.0,3.0
2025-04-11 04:00:00,27.6,0.0,82.6,64.0,3.0
2025-04-11 05:00:00,27.5,0.0,82.9,50.0,3.2
2025-04-11 06:00:00,27.7,0.0,82.6,29.0,3.4
2025-04-11 07:00:00,27.1,0.0,78.7,12.0,5.8
2025-04-11 08:00:00,26.1,0.4,86.6,321.0,7.4
2025-04-11 09:00:00,26.5,0.0,83.7,344.0,4.7
2025-04-11 10:00:00,26.5,0.0,82.4,334.0,7.8
2025-04-11 11:00:00,27.3,0.0,80.8,11.0,4.2
2025-04-11 12:00:00,28.7,0.0,72.8,354.0,6.2
2025-04-11 13:00:00,29.7,0.0,68.2,13.0,5.9
2025-04-11 14:00:00,30.7,0.0,63.8,28.0,5.8
2025-04-11 15:00:00,30.8,0.0,61.5,352.0,8.89999
2025-04-11 16:00:00,31.2,0.0,60.4,357.0,7.5
2025-04-11 17:00:00,30.8,0.0,61.6,3.0,6.1
2025-04-11 18:00:00,30.4,0.0,60.8,357.0,7.5
2025-04-11 19:00:00,29.6,0.0,63.7,16.0,5.1
2025-04-11 20:00:00,28.5,0.0,70.6,10.0,5.6
2025-04-11 21:00:00,28.3,0.0,72.8,8.0,4.9
2025-04-11 22:00:00,28.2,0.0,73.4,7.0,4.7
2025-04-11 23:00:00,28.3,0.0,74.3,6.0,4.1
2025-04-12 00:00:00,28.5,0.0,74.5,357.0,4.0
2025-04-12 01:00:00,28.4,0.0,76.1,6.0,4.7
2025-04-12 02:00:00,28.2,0.0,77.0,357.0,3.6
2025-04-12 03:00:00,27.9,0.0,77.7,14.0,3.8
2025-04-12 04:00:00,27.8,0.0,77.7,358.0,3.9
2025-04-12 05:00:00,27.8,0.0,77.6,13.0,4.0
2025-04-12 06:00:00,27.6,0.0,79.4,3.0,3.4
2025-04-12 07:00:00,27.6,0.0,77.4,357.0,3.9
2025-04-12 08:00:00,28.1,0.0,76.4,354.0,3.6
2025-04-12 09:00:00,29.4,0.0,72.1,5.0,5.2
2025-04-12 10:00:00,31.1,0.0,61.7,26.0,5.1
2025-04-12 11:00:00,31.8,0.0,59.4,18.0,6.3
2025-04-12 12:00:00,32.6,0.0,53.0,27.0,6.2
2025-04-12 13:00:00,32.9,0.0,52.8,39.0,5.1
2025-04-12 14:00:00,33.7,0.0,49.8,5.0,6.2
2025-04-12 15:00:00,34.7,0.0,45.9,357.0,6.0
2025-04-12 16:00:00,34.6,0.0,51.5,11.0,5.9
2025-04-12 17:00:00,29.4,0.0,76.4,110.0,6.2
2025-04-12 18:00:00,29.3,0.0,73.7,99.0,3.8
2025-04-12 19:00:00,29.4,0.0,70.0,48.0,3.0
2025-04-12 20:00:00,28.3,0.0,73.1,1.0,3.5
2025-04-12 21:00:00,29.0,0.0,71.7,30.0,3.5
2025-04-12 22:00:00,29.2,0.0,72.3,24.0,3.5
2025-04-12 23:00:00,29.1,0.0,74.1,42.0,4.1
2025-04-13 00:00:00,27.3,0.0,79.3,352.0,5.2
2025-04-13 01:00:00,26.7,0.0,81.2,342.0,6.6
2025-04-13 02:00:00,25.8,0.0,88.0,329.0,7.0
2025-04-13 03:00:00,25.9,0.0,88.4,9.0,3.5
2025-04-13 04:00:00,26.0,0.0,86.4,12.0,3.6
2025-04-13 05:00:00,26.2,0.0,85.3,353.0,3.8
2025-04-13 06:00:00,26.5,0.0,81.5,359.0,3.3
2025-04-13 07:00:00,26.9,0.0,80.1,50.0,2.7
2025-04-13 08:00:00,27.2,0.0,79.5,24.0,3.7
2025-04-13 09:00:00,28.6,0.0,72.9,355.0,4.1
2025-04-13 10:00:00,30.6,0.0,64.8,359.0,4.1
2025-04-13 11:00:00,31.3,0.0,59.5,13.0,4.4
2025-04-13 12:00:00,30.5,0.0,67.6,313.0,7.4
2025-04-13 13:00:00,27.8,0.0,85.3,322.0,6.7
2025-04-13 14:00:00,25.8,5.2,91.9,39.0,6.9
2025-04-13 15:00:00,23.9,1.6,94.8,337.0,7.8
2025-04-13 16:00:00,24.8,0.0,95.0,328.0,5.2
2025-04-13 17:00:00,26.0,0.0,88.6,11.0,3.8
2025-04-13 18:00:00,26.8,0.0,83.2,16.0,4.4
2025-04-13 19:00:00,26.7,0.0,83.4,4.0,4.1
2025-04-13 20:00:00,26.7,0.0,82.4,3.0,3.5
2025-04-13 21:00:00,26.9,0.0,82.0,24.0,3.5
2025-04-13 22:00:00,26.9,0.0,82.2,34.0,4.3
2025-04-13 23:00:00,26.9,0.0,82.2,343.0,4.8
2025-04-14 00:00:00,26.9,0.0,82.4,23.0,3.6
2025-04-14 01:00:00,26.9,0.0,81.2,27.0,3.4
2025-04-14 02:00:00,26.8,0.0,81.5,14.0,3.4
2025-04-14 03:00:00,26.8,0.0,81.0,17.0,3.5
2025-04-14 04:00:00,26.7,0.0,81.5,356.0,3.1
2025-04-14 05:00:00,26.4,0.0,84.7,5.0,3.3
2025-04-14 06:00:00,26.4,0.0,85.7,56.0,3.3
2025-04-14 07:00:00,26.3,0.0,87.1,24.0,3.9
2025-04-14 08:00:00,26.8,0.0,85.7,33.0,3.8
2025-04-14 09:00:00,28.4,0.0,79.6,34.0,3.7
2025-04-14 10:00:00,29.9,0.0,68.0,29.0,5.2
2025-04-14 11:00:00,30.8,0.0,60.8,85.0,4.3
2025-04-14 12:00:00,31.7,0.0,57.5,95.0,5.3
2025-04-14 13:00:00,32.4,0.0,55.2,80.0,5.0
2025-04-14 14:00:00,32.8,0.0,51.9,138.0,4.8
2025-04-14 15:00:00,32.2,0.0,56.6,101.0,4.0
2025-04-14 16:00:00,31.6,0.0,60.0,132.0,4.7
2025-04-14 17:00:00,30.9,0.0,67.1,161.0,4.1
2025-04-14 18:00:00,30.2,0.0,67.1,161.0,7.3
2025-04-14 19:00:00,29.3,0.0,71.7,143.0,7.8
2025-04-14 20:00:00,28.9,0.0,74.9,131.0,4.7
2025-04-14 21:00:00,28.3,0.0,79.2,141.0,5.4
2025-04-14 22:00:00,28.3,0.0,74.2,129.0,3.8
2025-04-14 23:00:00,28.2,0.0,76.5,144.0,4.0
2025-04-15 00:00:00,27.9,0.0,78.7,126.0,3.9
2025-04-15 01:00:00,27.7,0.0,82.1,143.0,4.2
2025-04-15 02:00:00,27.5,0.0,83.9,120.0,3.4
2025-04-15 03:00:00,27.5,0.0,83.2,117.0,3.1
2025-04-15 04:00:00,27.5,0.0,82.4,127.0,3.4
2025-04-15 05:00:00,27.4,0.0,82.9,335.0,3.9
2025-04-15 06:00:00,27.8,0.0,79.7,10.0,3.5
2025-04-15 07:00:00,27.9,0.0,78.6,67.0,2.6
2025-04-15 08:00:00,28.2,0.0,77.3,42.0,3.0
2025-04-15 09:00:00,28.7,0.0,75.7,54.0,3.5
2025-04-15 10:00:00,29.6,0.0,71.8,48.0,3.9
2025-04-15 11:00:00,30.4,0.0,65.5,53.0,3.8
2025-04-15 12:00:00,29.9,0.0,71.6,313.0,6.9
2025-04-15 13:00:00,29.9,0.0,75.9,354.0,3.4
2025-04-15 14:00:00,32.6,0.0,55.4,66.0,4.2
2025-04-15 15:00:00,31.3,0.0,66.0,322.0,6.9
2025-04-15 16:00:00,31.7,0.0,64.4,326.0,6.6
2025-04-15 17:00:00,25.8,1.4,90.5,75.0,6.2
2025-04-15 18:00:00,27.1,0.0,87.7,15.0,4.1
2025-04-15 19:00:00,24.9,4.8,93.4,62.0,6.7
2025-04-15 20:00:00,25.0,0.0,95.3,27.0,5.0
2025-04-15 21:00:00,26.1,0.0,92.8,345.0,3.3
2025-04-15 22:00:00,26.7,0.0,89.3,13.0,3.7
2025-04-15 23:00:00,26.7,0.0,89.7,5.0,4.0
2025-04-16 00:00:00,26.7,0.0,89.6,18.0,3.3
2025-04-16 01:00:00,26.7,0.0,90.0,26.0,3.9
2025-04-16 02:00:00,26.7,0.0,88.9,26.0,4.0
2025-04-16 03:00:00,27.0,0.0,87.9,351.0,3.9
2025-04-16 04:00:00,27.1,0.0,86.8,27.0,4.0
2025-04-16 05:00:00,27.3,0.0,86.4,52.0,3.6
2025-04-16 06:00:00,27.2,0.0,86.8,66.0,3.8
2025-04-16 07:00:00,27.1,0.0,87.9,31.0,4.7
2025-04-16 08:00:00,26.8,0.0,87.2,62.0,4.1
2025-04-16 09:00:00,28.3,0.0,78.7,8.0,3.2
2025-04-16 10:00:00,29.3,0.0,73.0,84.0,3.3
2025-04-16 11:00:00,31.4,0.0,62.3,36.0,3.8
2025-04-16 12:00:00,32.3,0.0,57.2,54.0,4.5
2025-04-16 13:00:00,32.1,0.0,61.6,348.0,5.3
2025-04-16 14:00:00,31.8,0.0,65.6,324.0,5.9
2025-04-16 15:00:00,31.5,0.0,68.6,316.0,7.4
2025-04-16 16:00:00,31.9,0.0,65.6,330.0,8.6
2025-04-16 17:00:00,31.0,0.0,68.3,313.0,7.2
2025-04-16 18:00:00,28.7,0.0,75.7,127.0,4.2
2025-04-16 19:00:00,28.4,0.0,74.1,150.0,4.8
2025-04-16 20:00:00,27.6,0.0,76.5,142.0,4.3
2025-04-16 21:00:00,27.5,0.0,77.9,130.0,3.7
2025-04-16 22:00:00,27.6,0.0,76.1,68.0,4.5
2025-04-16 23:00:00,26.9,0.0,80.0,143.0,5.2
2025-04-17 00:00:00,26.7,0.0,79.0,132.0,3.4
2025-04-17 01:00:00,27.1,0.0,78.0,74.0,3.8
2025-04-17 02:00:00,27.1,0.0,76.6,38.0,4.3
2025-04-17 03:00:00,27.0,0.0,74.8,10.0,5.2
2025-04-17 04:00:00,24.4,0.0,84.6,355.0,7.0
2025-04-17 05:00:00,24.6,0.2,85.6,32.0,3.9
2025-04-17 06:00:00,24.4,0.2,88.2,82.0,5.3
2025-04-17 07:00:00,24.5,0.2,87.4,88.0,4.1
2025-04-17 08:00:00,24.7,0.2,84.0,154.0,2.3
2025-04-17 09:00:00,25.2,0.0,82.2,133.0,2.9
2025-04-17 10:00:00,26.1,0.0,76.9,142.0,3.9
2025-04-17 11:00:00,29.6,0.0,57.5,30.0,3.6
2025-04-17 12:00:00,30.4,0.0,57.0,46.0,5.4
2025-04-17 13:00:00,31.5,0.0,56.3,24.0,4.6
2025-04-17 14:00:00,30.8,0.0,59.2,345.0,6.5
2025-04-17 15:00:00,32.7,0.0,57.1,352.0,6.6
2025-04-17 16:00:00,32.9,0.0,55.1,353.0,5.7
2025-04-17 17:00:00,33.5,0.0,49.9,18.0,5.9
2025-04-17 18:00:00,33.3,0.0,52.3,3.0,5.1
2025-04-17 19:00:00,31.7,0.0,55.5,357.0,5.7
2025-04-17 20:00:00,29.0,0.0,75.1,138.0,5.2
2025-04-17 21:00:00,28.4,0.0,73.8,106.0,3.7
2025-04-17 22:00:00,28.0,0.0,72.7,141.0,4.3
2025-04-17 23:00:00,27.9,0.0,74.4,112.0,3.2
2025-04-18 00:00:00,27.7,0.0,76.3,104.0,3.1
2025-04-18 01:00:00,27.8,0.0,75.8,114.0,2.9
2025-04-18 02:00:00,27.7,0.0,76.2,101.0,3.0
2025-04-18 03:00:00,27.5,0.0,77.5,129.0,3.2
2025-04-18 04:00:00,27.3,0.0,79.1,141.0,3.6
2025-04-18 05:00:00,27.1,0.0,81.4,130.0,3.4
2025-04-18 06:00:00,26.9,0.0,83.0,104.0,2.7
2025-04-18 07:00:00,26.9,0.0,83.4,99.0,2.7
2025-04-18 08:00:00,27.5,0.0,81.5,97.0,3.0
2025-04-18 09:00:00,29.4,0.0,74.2,165.0,3.2
2025-04-18 10:00:00,29.9,0.0,70.9,90.0,3.3
2025-04-18 11:00:00,31.3,0.0,65.0,54.0,3.9
2025-04-18 12:00:00,32.3,0.0,57.3,2.0,5.7
2025-04-18 13:00:00,31.4,0.0,66.9,318.0,6.9
2025-04-18 14:00:00,30.8,0.0,68.7,319.0,6.1
2025-04-18 15:00:00,31.9,0.0,64.3,319.0,7.3
2025-04-18 16:00:00,31.8,0.0,63.2,319.0,6.4
2025-04-18 17:00:00,30.2,0.0,72.9,333.0,5.7
2025-04-18 18:00:00,29.1,0.0,73.8,76.0,3.2
2025-04-18 19:00:00,26.8,0.0,90.1,86.0,4.1
2025-04-18 20:00:00,27.4,0.0,88.3,46.0,4.3
2025-04-18 21:00:00,27.3,0.0,86.9,22.0,3.7
2025-04-18 22:00:00,28.2,0.0,82.0,42.0,3.3
2025-04-18 23:00:00,28.1,0.0,82.2,131.0,3.1
2025-04-19 00:00:00,28.1,0.0,82.0,53.0,3.0
2025-04-19 01:00:00,27.9,0.0,83.1,142.0,3.5
2025-04-19 02:00:00,27.9,0.0,83.8,94.0,3.1
2025-04-19 03:00:00,27.5,0.0,85.3,120.0,3.1
2025-04-19 04:00:00,27.8,0.0,83.8,68.0,2.8
2025-04-19 05:00:00,27.8,0.0,84.1,90.0,3.1
2025-04-19 06:00:00,27.6,0.0,85.0,110.0,3.2
2025-04-19 07:00:00,27.4,0.0,86.8,137.0,3.6
2025-04-19 08:00:00,27.7,0.0,85.3,60.0,3.3
2025-04-19 09:00:00,29.2,0.0,79.3,121.0,5.7
2025-04-19 10:00:00,30.3,0.0,71.9,131.0,4.6
2025-04-19 11:00:00,30.9,0.0,68.8,148.0,4.9
2025-04-19 12:00:00,32.0,0.0,65.2,107.0,3.9
2025-04-19 13:00:00,32.5,0.0,59.3,112.0,5.6
2025-04-19 14:00:00,24.3,0.0,93.5,63.0,4.4
2025-04-19 15:00:00,28.1,0.0,75.8,351.0,5.0
2025-04-19 16:00:00,29.3,0.0,72.3,102.0,3.2
2025-04-19 17:00:00,29.8,0.0,72.1,35.0,3.4
2025-04-19 18:00:00,28.8,0.0,78.4,328.0,4.5
2025-04-19 19:00:00,26.5,0.0,85.2,356.0,4.5
2025-04-19 20:00:00,26.9,0.0,82.3,78.0,2.5
2025-04-19 21:00:00,27.2,0.0,83.1,4.0,3.4
2025-04-19 22:00:00,27.1,0.0,82.7,26.0,4.4
2025-04-19 23:00:00,27.0,0.0,83.5,,3.4
2025-04-20 00:00:00,26.8,0.0,84.1,13.0,3.8
2025-04-20 01:00:00,27.0,0.0,83.6,42.0,3.7
2025-04-20 02:00:00,26.7,0.0,85.8,18.0,3.7
2025-04-20 03:00:00,26.6,0.0,85.6,20.0,3.6
2025-04-20 04:00:00,26.7,0.0,84.6,358.0,3.3
2025-04-20 05:00:00,26.8,0.0,83.5,5.0,3.3
2025-04-20 06:00:00,26.7,0.0,84.7,23.0,4.1
2025-04-20 07:00:00,26.7,0.0,84.5,42.0,3.5
2025-04-20 08:00:00,27.6,0.0,82.1,16.0,3.2
2025-04-20 09:00:00,29.3,0.0,73.7,15.0,4.1
2025-04-20 10:00:00,29.8,0.0,66.8,357.0,5.1
2025-04-20 11:00:00,31.5,0.0,59.4,31.0,3.6
2025-04-20 12:00:00,33.2,0.0,51.6,359.0,4.4
2025-04-20 13:00:00,32.5,0.0,53.0,29.0,3.9
2025-04-20 14:00:00,31.1,0.0,66.5,329.0,7.5
2025-04-20 15:00:00,32.3,0.0,63.5,317.0,6.8
2025-04-20 16:00:00,30.5,0.0,67.2,320.0,6.8
2025-04-20 17:00:00,24.2,0.2,93.9,100.0,6.0
2025-04-20 18:00:00,24.6,0.0,94.2,329.0,6.5
2025-04-20 19:00:00,25.6,0.0,85.5,346.0,3.7
2025-04-20 20:00:00,26.5,0.0,80.2,54.0,3.4
2025-04-20 21:00:00,27.3,0.0,79.1,26.0,3.7
2025-04-20 22:00:00,27.0,0.0,81.8,102.0,3.1
2025-04-20 23:00:00,27.1,0.0,82.4,30.0,3.2
2025-04-21 00:00:00,27.1,0.0,78.3,38.0,3.7
2025-04-21 01:00:00,27.0,0.0,78.6,46.0,3.2
2025-04-21 02:00:00,26.9,0.0,78.7,35.0,4.1
2025-04-21 03:00:00,27.0,0.0,79.1,55.0,3.3
2025-04-21 04:00:00,26.9,0.0,76.5,20.0,3.6
2025-04-21 05:00:00,27.1,0.0,76.3,10.0,3.1
2025-04-21 06:00:00,27.0,0.0,77.2,13.0,3.4
2025-04-21 07:00:00,26.9,0.0,76.2,26.0,3.1
2025-04-21 08:00:00,27.3,0.0,76.5,23.0,3.6
2025-04-21 09:00:00,29.7,0.0,70.4,50.0,3.5
2025-04-21 10:00:00,30.4,0.0,69.5,75.0,4.0
2025-04-21 11:00:00,31.1,0.0,64.4,134.0,3.9
2025-04-21 12:00:00,31.9,0.0,59.0,36.0,3.9
2025-04-21 13:00:00,31.6,0.0,63.1,325.0,7.4
2025-04-21 14:00:00,32.0,0.0,58.2,77.0,4.3
2025-04-21 15:00:00,30.9,0.0,69.4,324.0,6.4
2025-04-21 16:00:00,26.5,0.0,74.8,41.0,5.9
2025-04-21 17:00:00,25.2,0.0,84.6,69.0,5.3
2025-04-21 18:00:00,25.7,0.0,83.1,323.0,6.6
2025-04-21 19:00:00,26.4,0.0,84.3,7.0,3.4
2025-04-21 20:00:00,27.0,0.0,77.2,340.0,4.2
2025-04-21 21:00:00,27.1,0.0,78.5,344.0,4.0
2025-04-21 22:00:00,27.1,0.0,81.9,356.0,3.5
2025-04-21 23:00:00,27.2,0.0,81.9,18.0,3.4
2025-04-22 00:00:00,27.1,0.0,77.9,59.0,3.8
2025-04-22 01:00:00,26.6,0.0,82.9,79.0,3.8
2025-04-22 02:00:00,26.8,0.0,81.4,54.0,3.5
2025-04-22 03:00:00,26.6,0.0,83.6,9.0,3.3
2025-04-22 04:00:00,26.5,0.0,83.6,356.0,3.5
2025-04-22 05:00:00,26.4,0.0,83.4,11.0,3.7
2025-04-22 06:00:00,26.4,0.0,83.5,32.0,4.2
2025-04-22 07:00:00,26.7,0.0,83.4,23.0,3.4
2025-04-22 08:00:00,27.5,0.0,78.6,58.0,2.9
2025-04-22 09:00:00,27.8,0.0,77.2,100.0,3.6
2025-04-22 10:00:00,29.4,0.0,71.5,43.0,3.1
2025-04-22 11:00:00,30.9,0.0,67.3,8.0,4.3
2025-04-22 12:00:00,31.3,0.0,64.6,319.0,6.7
2025-04-22 13:00:00,31.7,0.0,60.8,336.0,5.0
2025-04-22 14:00:00,31.6,0.0,60.2,344.0,4.8
2025-04-22 15:00:00,32.2,0.0,60.7,324.0,6.1
2025-04-22 16:00:00,31.9,0.0,59.8,326.0,6.0
2025-04-22 17:00:00,31.4,0.0,58.1,335.0,5.7
2025-04-22 18:00:00,30.2,0.0,67.5,332.0,5.2
2025-04-22 19:00:00,29.8,0.0,69.2,328.0,4.7
2025-04-22 20:00:00,29.6,0.0,72.7,354.0,3.8
2025-04-22 21:00:00,29.3,0.0,74.7,48.0,3.0
2025-04-22 22:00:00,29.3,0.0,71.9,352.0,3.6
2025-04-22 23:00:00,29.1,0.0,71.6,328.0,4.4
2025-04-23 00:00:00,29.0,0.0,71.4,9.0,3.0
2025-04-23 01:00:00,28.9,0.0,75.2,45.0,2.9
2025-04-23 02:00:00,28.9,0.0,75.0,91.0,2.9
2025-04-23 03:00:00,28.5,0.0,76.8,337.0,3.8
2025-04-23 04:00:00,28.2,0.0,80.6,42.0,3.4
2025-04-23 05:00:00,28.0,0.0,80.1,347.0,3.6
2025-04-23 06:00:00,28.3,0.0,79.2,6.0,3.2
2025-04-23 07:00:00,26.9,0.0,80.9,355.0,3.6
2025-04-23 08:00:00,27.1,0.0,81.0,31.0,3.6
2025-04-23 09:00:00,28.0,0.0,76.9,10.0,4.2
2025-04-23 10:00:00,30.1,0.0,70.7,330.0,5.6
2025-04-23 11:00:00,28.8,0.0,76.6,325.0,7.0
2025-04-23 12:00:00,27.6,0.0,76.9,333.0,6.8
2025-04-23 13:00:00,28.1,0.0,74.6,338.0,4.8
2025-04-23 14:00:00,28.7,0.0,74.7,337.0,5.5
2025-04-23 15:00:00,29.0,0.0,74.1,324.0,5.9
2025-04-23 16:00:00,29.5,0.0,70.7,321.0,6.5
2025-04-23 17:00:00,29.6,0.0,69.9,336.0,5.0
2025-04-23 18:00:00,28.7,0.0,72.9,318.0,6.0
2025-04-23 19:00:00,28.4,0.0,73.4,340.0,4.3
2025-04-23 20:00:00,28.2,0.0,71.7,328.0,4.4
2025-04-23 21:00:00,28.2,0.0,74.0,331.0,4.0
2025-04-23 22:00:00,28.1,0.0,76.4,337.0,3.9
2025-04-23 23:00:00,28.2,0.0,75.4,83.0,2.7
2025-04-24 00:00:00,28.2,0.0,75.3,9.0,3.1
2025-04-24 01:00:00,27.7,0.0,80.9,82.0,3.3
2025-04-24 02:00:00,27.6,0.0,81.8,45.0,3.6
2025-04-24 03:00:00,27.4,0.0,79.4,79.0,3.5
2025-04-24 04:00:00,27.1,0.0,82.5,114.0,2.9
2025-04-24 05:00:00,27.1,0.0,81.8,29.0,3.5
2025-04-24 06:00:00,27.1,0.0,82.6,21.0,3.7
2025-04-24 07:00:00,27.2,0.0,82.1,28.0,4.3
2025-04-24 08:00:00,27.8,0.0,79.7,39.0,3.4
2025-04-24 09:00:00,29.7,0.0,71.4,66.0,3.5
2025-04-24 10:00:00,29.9,0.0,68.1,22.0,3.2
2025-04-24 11:00:00,29.9,0.0,67.6,82.0,3.8
2025-04-24 12:00:00,30.3,0.0,67.7,25.0,4.1
2025-04-24 13:00:00,30.4,0.0,65.7,342.0,4.4
2025-04-24 14:00:00,30.6,0.0,67.5,52.0,3.0
2025-04-24 15:00:00,31.9,0.0,59.2,3.0,6.6
2025-04-24 16:00:00,32.6,0.0,54.9,8.0,6.4
2025-04-24 17:00:00,31.1,0.0,57.5,330.0,6.5
2025-04-24 18:00:00,30.5,0.0,60.0,327.0,5.5
2025-04-24 19:00:00,29.9,0.0,66.0,327.0,4.6
2025-04-24 20:00:00,28.9,0.0,72.6,103.0,3.7
2025-04-24 21:00:00,28.1,0.0,78.2,136.0,3.3
2025-04-24 22:00:00,27.6,0.0,76.6,121.0,3.5
2025-04-24 23:00:00,27.3,0.0,79.8,144.0,3.6
2025-04-25 00:00:00,27.4,0.0,80.5,107.0,2.9
2025-04-25 01:00:00,27.5,0.0,81.5,79.0,2.6
2025-04-25 02:00:00,27.2,0.0,83.6,132.0,3.1
2025-04-25 03:00:00,27.2,0.0,84.4,90.0,2.9
2025-04-25 04:00:00,27.1,0.0,83.7,134.0,2.8
2025-04-25 05:00:00,27.3,0.0,82.3,111.0,2.6
2025-04-25 06:00:00,27.4,0.0,82.0,53.0,2.9
2025-04-25 07:00:00,27.5,0.0,81.5,15.0,2.9
2025-04-25 08:00:00,28.3,0.0,78.7,67.0,2.7
2025-04-25 09:00:00,29.6,0.0,74.5,100.0,3.5
2025-04-25 10:00:00,30.6,0.0,70.5,348.0,4.6
2025-04-25 11:00:00,31.1,0.0,68.2,336.0,5.0
2025-04-25 12:00:00,31.1,0.0,67.0,86.0,3.4
2025-04-25 13:00:00,30.6,0.0,70.2,355.0,4.1
2025-04-25 14:00:00,32.4,0.0,58.7,331.0,5.6
2025-04-25 15:00:00,32.7,0.0,55.6,344.0,5.2
2025-04-25 16:00:00,33.3,0.0,59.0,322.0,6.2
2025-04-25 17:00:00,31.3,0.0,65.9,344.0,4.4
2025-04-25 18:00:00,28.7,0.0,81.6,12.0,3.1
2025-04-25 19:00:00,27.3,0.0,78.6,40.0,3.2
2025-04-25 20:00:00,28.1,0.0,80.5,33.0,3.4
2025-04-25 21:00:00,28.3,0.0,79.5,131.0,2.9
2025-04-25 22:00:00,28.2,0.0,81.1,116.0,3.2
2025-04-25 23:00:00,28.2,0.0,81.7,98.0,3.1
2025-04-26 00:00:00,28.7,0.0,77.9,78.0,3.1
2025-04-26 01:00:00,28.7,0.0,77.5,40.0,3.4
2025-04-26 02:00:00,28.4,0.0,79.8,114.0,3.3
2025-04-26 03:00:00,28.5,0.0,78.7,79.0,3.0
2025-04-26 04:00:00,28.0,0.0,81.6,124.0,3.3
2025-04-26 05:00:00,27.4,0.0,85.9,119.0,3.1
2025-04-26 06:00:00,27.1,0.0,85.4,127.0,3.4
2025-04-26 07:00:00,26.5,0.0,83.5,156.0,3.7
2025-04-26 08:00:00,27.6,0.0,75.5,150.0,3.0
2025-04-26 09:00:00,29.0,0.0,74.9,148.0,3.0
2025-04-26 10:00:00,30.4,0.0,69.3,144.0,4.3
2025-04-26 11:00:00,31.6,0.0,66.9,341.0,5.2
2025-04-26 12:00:00,32.1,0.0,60.8,345.0,5.6
2025-04-26 13:00:00,31.5,0.0,65.5,313.0,8.1
2025-04-26 14:00:00,30.1,0.0,68.2,313.0,8.6
2025-04-26 15:00:00,30.2,0.0,65.8,321.0,5.8
2025-04-26 16:00:00,30.2,0.0,64.6,60.0,3.2
2025-04-26 17:00:00,27.8,0.0,76.6,58.0,4.3
2025-04-26 18:00:00,27.5,0.0,78.1,64.0,3.3
2025-04-26 19:00:00,27.4,0.0,80.1,27.0,3.9
2025-04-26 20:00:00,27.9,0.0,77.5,26.0,2.9
2025-04-26 21:00:00,27.9,0.0,78.2,72.0,3.2
2025-04-26 22:00:00,27.8,0.0,80.0,106.0,2.8
2025-04-26 23:00:00,27.7,0.0,81.0,131.0,2.9
